[0.148s] colcon DEBUG Command line arguments: ['/opt/mm/root/envs/ros/bin/colcon', 'build']
[0.148s] colcon DEBUG Parsed command line arguments: Namespace(log_base=None, log_level=None, verb_name='build', build_base='build', install_base='install', merge_install=False, symlink_install=False, test_result_base=None, continue_on_error=False, executor='parallel', parallel_workers=4, event_handlers=None, ignore_user_meta=False, metas=['./colcon.meta'], base_paths=['.'], packages_ignore=None, packages_ignore_regex=None, paths=None, packages_up_to=None, packages_up_to_regex=None, packages_above=None, packages_above_and_dependencies=None, packages_above_depth=None, packages_select_by_dep=None, packages_skip_by_dep=None, packages_skip_up_to=None, packages_select_build_failed=False, packages_skip_build_finished=False, packages_select_test_failures=False, packages_skip_test_passed=False, packages_select=None, packages_skip=None, packages_select_regex=None, packages_skip_regex=None, packages_start=None, packages_end=None, cmake_args=None, cmake_target=None, cmake_target_skip_unavailable=False, cmake_clean_cache=False, cmake_clean_first=False, cmake_force_configure=False, ament_cmake_args=None, catkin_cmake_args=None, catkin_skip_building_tests=False, verb_parser=<colcon_defaults.argument_parser.defaults.DefaultArgumentsDecorator object at 0x7efebb723530>, verb_extension=<colcon_core.verb.build.BuildVerb object at 0x7efebb723290>, main=<bound method BuildVerb.main of <colcon_core.verb.build.BuildVerb object at 0x7efebb723290>>)
[0.187s] colcon.colcon_core.package_discovery Level 1 discover_packages(colcon_meta) check parameters
[0.187s] colcon.colcon_core.package_discovery Level 1 discover_packages(recursive) check parameters
[0.187s] colcon.colcon_core.package_discovery Level 1 discover_packages(ignore) check parameters
[0.187s] colcon.colcon_core.package_discovery Level 1 discover_packages(path) check parameters
[0.187s] colcon.colcon_core.package_discovery Level 1 discover_packages(colcon_meta) discover
[0.187s] colcon.colcon_core.package_discovery Level 1 discover_packages(recursive) discover
[0.187s] colcon.colcon_core.package_discovery INFO Crawling recursively for packages in '/home/user/ros2lab/ros2lab-course'
[0.187s] colcon.colcon_core.package_identification Level 1 _identify(.) by extensions ['ignore', 'ignore_ament_install']
[0.187s] colcon.colcon_core.package_identification Level 1 _identify(.) by extension 'ignore'
[0.187s] colcon.colcon_core.package_identification Level 1 _identify(.) by extension 'ignore_ament_install'
[0.188s] colcon.colcon_core.package_identification Level 1 _identify(.) by extensions ['colcon_pkg']
[0.188s] colcon.colcon_core.package_identification Level 1 _identify(.) by extension 'colcon_pkg'
[0.188s] colcon.colcon_core.package_identification Level 1 _identify(.) by extensions ['colcon_meta']
[0.188s] colcon.colcon_core.package_identification Level 1 _identify(.) by extension 'colcon_meta'
[0.188s] colcon.colcon_core.package_identification Level 1 _identify(.) by extensions ['ros']
[0.188s] colcon.colcon_core.package_identification Level 1 _identify(.) by extension 'ros'
[0.219s] colcon.colcon_core.package_identification Level 1 _identify(.) by extensions ['cmake', 'python']
[0.219s] colcon.colcon_core.package_identification Level 1 _identify(.) by extension 'cmake'
[0.219s] colcon.colcon_core.package_identification Level 1 _identify(.) by extension 'python'
[0.219s] colcon.colcon_core.package_identification Level 1 _identify(.) by extensions ['python_setup_py']
[0.219s] colcon.colcon_core.package_identification Level 1 _identify(.) by extension 'python_setup_py'
[0.219s] colcon.colcon_core.package_identification Level 1 _identify(build) by extensions ['ignore', 'ignore_ament_install']
[0.219s] colcon.colcon_core.package_identification Level 1 _identify(build) by extension 'ignore'
[0.219s] colcon.colcon_core.package_identification Level 1 _identify(build) ignored
[0.219s] colcon.colcon_core.package_identification Level 1 _identify(content) by extensions ['ignore', 'ignore_ament_install']
[0.219s] colcon.colcon_core.package_identification Level 1 _identify(content) by extension 'ignore'
[0.219s] colcon.colcon_core.package_identification Level 1 _identify(content) by extension 'ignore_ament_install'
[0.219s] colcon.colcon_core.package_identification Level 1 _identify(content) by extensions ['colcon_pkg']
[0.219s] colcon.colcon_core.package_identification Level 1 _identify(content) by extension 'colcon_pkg'
[0.220s] colcon.colcon_core.package_identification Level 1 _identify(content) by extensions ['colcon_meta']
[0.220s] colcon.colcon_core.package_identification Level 1 _identify(content) by extension 'colcon_meta'
[0.220s] colcon.colcon_core.package_identification Level 1 _identify(content) by extensions ['ros']
[0.220s] colcon.colcon_core.package_identification Level 1 _identify(content) by extension 'ros'
[0.220s] colcon.colcon_core.package_identification Level 1 _identify(content) by extensions ['cmake', 'python']
[0.220s] colcon.colcon_core.package_identification Level 1 _identify(content) by extension 'cmake'
[0.220s] colcon.colcon_core.package_identification Level 1 _identify(content) by extension 'python'
[0.220s] colcon.colcon_core.package_identification Level 1 _identify(content) by extensions ['python_setup_py']
[0.220s] colcon.colcon_core.package_identification Level 1 _identify(content) by extension 'python_setup_py'
[0.220s] colcon.colcon_core.package_identification Level 1 _identify(functions) by extensions ['ignore', 'ignore_ament_install']
[0.220s] colcon.colcon_core.package_identification Level 1 _identify(functions) by extension 'ignore'
[0.220s] colcon.colcon_core.package_identification Level 1 _identify(functions) by extension 'ignore_ament_install'
[0.220s] colcon.colcon_core.package_identification Level 1 _identify(functions) by extensions ['colcon_pkg']
[0.220s] colcon.colcon_core.package_identification Level 1 _identify(functions) by extension 'colcon_pkg'
[0.220s] colcon.colcon_core.package_identification Level 1 _identify(functions) by extensions ['colcon_meta']
[0.220s] colcon.colcon_core.package_identification Level 1 _identify(functions) by extension 'colcon_meta'
[0.220s] colcon.colcon_core.package_identification Level 1 _identify(functions) by extensions ['ros']
[0.220s] colcon.colcon_core.package_identification Level 1 _identify(functions) by extension 'ros'
[0.221s] colcon.colcon_core.package_identification Level 1 _identify(functions) by extensions ['cmake', 'python']
[0.221s] colcon.colcon_core.package_identification Level 1 _identify(functions) by extension 'cmake'
[0.221s] colcon.colcon_core.package_identification Level 1 _identify(functions) by extension 'python'
[0.221s] colcon.colcon_core.package_identification Level 1 _identify(functions) by extensions ['python_setup_py']
[0.221s] colcon.colcon_core.package_identification Level 1 _identify(functions) by extension 'python_setup_py'
[0.221s] colcon.colcon_core.package_identification Level 1 _identify(install) by extensions ['ignore', 'ignore_ament_install']
[0.221s] colcon.colcon_core.package_identification Level 1 _identify(install) by extension 'ignore'
[0.222s] colcon.colcon_core.package_identification Level 1 _identify(install) ignored
[0.222s] colcon.colcon_core.package_identification Level 1 _identify(log) by extensions ['ignore', 'ignore_ament_install']
[0.222s] colcon.colcon_core.package_identification Level 1 _identify(log) by extension 'ignore'
[0.222s] colcon.colcon_core.package_identification Level 1 _identify(log) ignored
[0.222s] colcon.colcon_core.package_identification Level 1 _identify(public) by extensions ['ignore', 'ignore_ament_install']
[0.222s] colcon.colcon_core.package_identification Level 1 _identify(public) by extension 'ignore'
[0.222s] colcon.colcon_core.package_identification Level 1 _identify(public) by extension 'ignore_ament_install'
[0.222s] colcon.colcon_core.package_identification Level 1 _identify(public) by extensions ['colcon_pkg']
[0.222s] colcon.colcon_core.package_identification Level 1 _identify(public) by extension 'colcon_pkg'
[0.222s] colcon.colcon_core.package_identification Level 1 _identify(public) by extensions ['colcon_meta']
[0.222s] colcon.colcon_core.package_identification Level 1 _identify(public) by extension 'colcon_meta'
[0.222s] colcon.colcon_core.package_identification Level 1 _identify(public) by extensions ['ros']
[0.222s] colcon.colcon_core.package_identification Level 1 _identify(public) by extension 'ros'
[0.222s] colcon.colcon_core.package_identification Level 1 _identify(public) by extensions ['cmake', 'python']
[0.222s] colcon.colcon_core.package_identification Level 1 _identify(public) by extension 'cmake'
[0.222s] colcon.colcon_core.package_identification Level 1 _identify(public) by extension 'python'
[0.222s] colcon.colcon_core.package_identification Level 1 _identify(public) by extensions ['python_setup_py']
[0.222s] colcon.colcon_core.package_identification Level 1 _identify(public) by extension 'python_setup_py'
[0.223s] colcon.colcon_core.package_identification Level 1 _identify(public/css) by extensions ['ignore', 'ignore_ament_install']
[0.223s] colcon.colcon_core.package_identification Level 1 _identify(public/css) by extension 'ignore'
[0.223s] colcon.colcon_core.package_identification Level 1 _identify(public/css) by extension 'ignore_ament_install'
[0.223s] colcon.colcon_core.package_identification Level 1 _identify(public/css) by extensions ['colcon_pkg']
[0.223s] colcon.colcon_core.package_identification Level 1 _identify(public/css) by extension 'colcon_pkg'
[0.223s] colcon.colcon_core.package_identification Level 1 _identify(public/css) by extensions ['colcon_meta']
[0.223s] colcon.colcon_core.package_identification Level 1 _identify(public/css) by extension 'colcon_meta'
[0.223s] colcon.colcon_core.package_identification Level 1 _identify(public/css) by extensions ['ros']
[0.223s] colcon.colcon_core.package_identification Level 1 _identify(public/css) by extension 'ros'
[0.223s] colcon.colcon_core.package_identification Level 1 _identify(public/css) by extensions ['cmake', 'python']
[0.223s] colcon.colcon_core.package_identification Level 1 _identify(public/css) by extension 'cmake'
[0.223s] colcon.colcon_core.package_identification Level 1 _identify(public/css) by extension 'python'
[0.223s] colcon.colcon_core.package_identification Level 1 _identify(public/css) by extensions ['python_setup_py']
[0.223s] colcon.colcon_core.package_identification Level 1 _identify(public/css) by extension 'python_setup_py'
[0.223s] colcon.colcon_core.package_identification Level 1 _identify(public/fonts) by extensions ['ignore', 'ignore_ament_install']
[0.223s] colcon.colcon_core.package_identification Level 1 _identify(public/fonts) by extension 'ignore'
[0.223s] colcon.colcon_core.package_identification Level 1 _identify(public/fonts) by extension 'ignore_ament_install'
[0.223s] colcon.colcon_core.package_identification Level 1 _identify(public/fonts) by extensions ['colcon_pkg']
[0.223s] colcon.colcon_core.package_identification Level 1 _identify(public/fonts) by extension 'colcon_pkg'
[0.224s] colcon.colcon_core.package_identification Level 1 _identify(public/fonts) by extensions ['colcon_meta']
[0.224s] colcon.colcon_core.package_identification Level 1 _identify(public/fonts) by extension 'colcon_meta'
[0.224s] colcon.colcon_core.package_identification Level 1 _identify(public/fonts) by extensions ['ros']
[0.224s] colcon.colcon_core.package_identification Level 1 _identify(public/fonts) by extension 'ros'
[0.224s] colcon.colcon_core.package_identification Level 1 _identify(public/fonts) by extensions ['cmake', 'python']
[0.224s] colcon.colcon_core.package_identification Level 1 _identify(public/fonts) by extension 'cmake'
[0.224s] colcon.colcon_core.package_identification Level 1 _identify(public/fonts) by extension 'python'
[0.224s] colcon.colcon_core.package_identification Level 1 _identify(public/fonts) by extensions ['python_setup_py']
[0.224s] colcon.colcon_core.package_identification Level 1 _identify(public/fonts) by extension 'python_setup_py'
[0.224s] colcon.colcon_core.package_identification Level 1 _identify(public/img) by extensions ['ignore', 'ignore_ament_install']
[0.224s] colcon.colcon_core.package_identification Level 1 _identify(public/img) by extension 'ignore'
[0.224s] colcon.colcon_core.package_identification Level 1 _identify(public/img) by extension 'ignore_ament_install'
[0.224s] colcon.colcon_core.package_identification Level 1 _identify(public/img) by extensions ['colcon_pkg']
[0.224s] colcon.colcon_core.package_identification Level 1 _identify(public/img) by extension 'colcon_pkg'
[0.224s] colcon.colcon_core.package_identification Level 1 _identify(public/img) by extensions ['colcon_meta']
[0.224s] colcon.colcon_core.package_identification Level 1 _identify(public/img) by extension 'colcon_meta'
[0.224s] colcon.colcon_core.package_identification Level 1 _identify(public/img) by extensions ['ros']
[0.224s] colcon.colcon_core.package_identification Level 1 _identify(public/img) by extension 'ros'
[0.224s] colcon.colcon_core.package_identification Level 1 _identify(public/img) by extensions ['cmake', 'python']
[0.225s] colcon.colcon_core.package_identification Level 1 _identify(public/img) by extension 'cmake'
[0.225s] colcon.colcon_core.package_identification Level 1 _identify(public/img) by extension 'python'
[0.225s] colcon.colcon_core.package_identification Level 1 _identify(public/img) by extensions ['python_setup_py']
[0.225s] colcon.colcon_core.package_identification Level 1 _identify(public/img) by extension 'python_setup_py'
[0.225s] colcon.colcon_core.package_identification Level 1 _identify(public/img/rviz) by extensions ['ignore', 'ignore_ament_install']
[0.225s] colcon.colcon_core.package_identification Level 1 _identify(public/img/rviz) by extension 'ignore'
[0.225s] colcon.colcon_core.package_identification Level 1 _identify(public/img/rviz) by extension 'ignore_ament_install'
[0.225s] colcon.colcon_core.package_identification Level 1 _identify(public/img/rviz) by extensions ['colcon_pkg']
[0.225s] colcon.colcon_core.package_identification Level 1 _identify(public/img/rviz) by extension 'colcon_pkg'
[0.225s] colcon.colcon_core.package_identification Level 1 _identify(public/img/rviz) by extensions ['colcon_meta']
[0.225s] colcon.colcon_core.package_identification Level 1 _identify(public/img/rviz) by extension 'colcon_meta'
[0.225s] colcon.colcon_core.package_identification Level 1 _identify(public/img/rviz) by extensions ['ros']
[0.225s] colcon.colcon_core.package_identification Level 1 _identify(public/img/rviz) by extension 'ros'
[0.225s] colcon.colcon_core.package_identification Level 1 _identify(public/img/rviz) by extensions ['cmake', 'python']
[0.225s] colcon.colcon_core.package_identification Level 1 _identify(public/img/rviz) by extension 'cmake'
[0.225s] colcon.colcon_core.package_identification Level 1 _identify(public/img/rviz) by extension 'python'
[0.225s] colcon.colcon_core.package_identification Level 1 _identify(public/img/rviz) by extensions ['python_setup_py']
[0.225s] colcon.colcon_core.package_identification Level 1 _identify(public/img/rviz) by extension 'python_setup_py'
[0.226s] colcon.colcon_core.package_identification Level 1 _identify(public/img/rviz/qt) by extensions ['ignore', 'ignore_ament_install']
[0.226s] colcon.colcon_core.package_identification Level 1 _identify(public/img/rviz/qt) by extension 'ignore'
[0.226s] colcon.colcon_core.package_identification Level 1 _identify(public/img/rviz/qt) by extension 'ignore_ament_install'
[0.226s] colcon.colcon_core.package_identification Level 1 _identify(public/img/rviz/qt) by extensions ['colcon_pkg']
[0.226s] colcon.colcon_core.package_identification Level 1 _identify(public/img/rviz/qt) by extension 'colcon_pkg'
[0.226s] colcon.colcon_core.package_identification Level 1 _identify(public/img/rviz/qt) by extensions ['colcon_meta']
[0.226s] colcon.colcon_core.package_identification Level 1 _identify(public/img/rviz/qt) by extension 'colcon_meta'
[0.226s] colcon.colcon_core.package_identification Level 1 _identify(public/img/rviz/qt) by extensions ['ros']
[0.226s] colcon.colcon_core.package_identification Level 1 _identify(public/img/rviz/qt) by extension 'ros'
[0.226s] colcon.colcon_core.package_identification Level 1 _identify(public/img/rviz/qt) by extensions ['cmake', 'python']
[0.226s] colcon.colcon_core.package_identification Level 1 _identify(public/img/rviz/qt) by extension 'cmake'
[0.226s] colcon.colcon_core.package_identification Level 1 _identify(public/img/rviz/qt) by extension 'python'
[0.226s] colcon.colcon_core.package_identification Level 1 _identify(public/img/rviz/qt) by extensions ['python_setup_py']
[0.226s] colcon.colcon_core.package_identification Level 1 _identify(public/img/rviz/qt) by extension 'python_setup_py'
[0.226s] colcon.colcon_core.package_identification Level 1 _identify(public/js) by extensions ['ignore', 'ignore_ament_install']
[0.226s] colcon.colcon_core.package_identification Level 1 _identify(public/js) by extension 'ignore'
[0.226s] colcon.colcon_core.package_identification Level 1 _identify(public/js) by extension 'ignore_ament_install'
[0.227s] colcon.colcon_core.package_identification Level 1 _identify(public/js) by extensions ['colcon_pkg']
[0.227s] colcon.colcon_core.package_identification Level 1 _identify(public/js) by extension 'colcon_pkg'
[0.227s] colcon.colcon_core.package_identification Level 1 _identify(public/js) by extensions ['colcon_meta']
[0.227s] colcon.colcon_core.package_identification Level 1 _identify(public/js) by extension 'colcon_meta'
[0.227s] colcon.colcon_core.package_identification Level 1 _identify(public/js) by extensions ['ros']
[0.227s] colcon.colcon_core.package_identification Level 1 _identify(public/js) by extension 'ros'
[0.227s] colcon.colcon_core.package_identification Level 1 _identify(public/js) by extensions ['cmake', 'python']
[0.227s] colcon.colcon_core.package_identification Level 1 _identify(public/js) by extension 'cmake'
[0.227s] colcon.colcon_core.package_identification Level 1 _identify(public/js) by extension 'python'
[0.227s] colcon.colcon_core.package_identification Level 1 _identify(public/js) by extensions ['python_setup_py']
[0.227s] colcon.colcon_core.package_identification Level 1 _identify(public/js) by extension 'python_setup_py'
[0.227s] colcon.colcon_core.package_identification Level 1 _identify(public/robots) by extensions ['ignore', 'ignore_ament_install']
[0.227s] colcon.colcon_core.package_identification Level 1 _identify(public/robots) by extension 'ignore'
[0.227s] colcon.colcon_core.package_identification Level 1 _identify(public/robots) by extension 'ignore_ament_install'
[0.227s] colcon.colcon_core.package_identification Level 1 _identify(public/robots) by extensions ['colcon_pkg']
[0.228s] colcon.colcon_core.package_identification Level 1 _identify(public/robots) by extension 'colcon_pkg'
[0.228s] colcon.colcon_core.package_identification Level 1 _identify(public/robots) by extensions ['colcon_meta']
[0.228s] colcon.colcon_core.package_identification Level 1 _identify(public/robots) by extension 'colcon_meta'
[0.228s] colcon.colcon_core.package_identification Level 1 _identify(public/robots) by extensions ['ros']
[0.228s] colcon.colcon_core.package_identification Level 1 _identify(public/robots) by extension 'ros'
[0.228s] colcon.colcon_core.package_identification Level 1 _identify(public/robots) by extensions ['cmake', 'python']
[0.228s] colcon.colcon_core.package_identification Level 1 _identify(public/robots) by extension 'cmake'
[0.228s] colcon.colcon_core.package_identification Level 1 _identify(public/robots) by extension 'python'
[0.228s] colcon.colcon_core.package_identification Level 1 _identify(public/robots) by extensions ['python_setup_py']
[0.228s] colcon.colcon_core.package_identification Level 1 _identify(public/robots) by extension 'python_setup_py'
[0.228s] colcon.colcon_core.package_identification Level 1 _identify(public/robots/abb_irb120_support) by extensions ['ignore', 'ignore_ament_install']
[0.228s] colcon.colcon_core.package_identification Level 1 _identify(public/robots/abb_irb120_support) by extension 'ignore'
[0.228s] colcon.colcon_core.package_identification Level 1 _identify(public/robots/abb_irb120_support) by extension 'ignore_ament_install'
[0.228s] colcon.colcon_core.package_identification Level 1 _identify(public/robots/abb_irb120_support) by extensions ['colcon_pkg']
[0.228s] colcon.colcon_core.package_identification Level 1 _identify(public/robots/abb_irb120_support) by extension 'colcon_pkg'
[0.229s] colcon.colcon_core.package_identification Level 1 _identify(public/robots/abb_irb120_support) by extensions ['colcon_meta']
[0.229s] colcon.colcon_core.package_identification Level 1 _identify(public/robots/abb_irb120_support) by extension 'colcon_meta'
[0.229s] colcon.colcon_core.package_identification Level 1 _identify(public/robots/abb_irb120_support) by extensions ['ros']
[0.229s] colcon.colcon_core.package_identification Level 1 _identify(public/robots/abb_irb120_support) by extension 'ros'
[0.229s] colcon.colcon_core.package_identification Level 1 _identify(public/robots/abb_irb120_support) by extensions ['cmake', 'python']
[0.229s] colcon.colcon_core.package_identification Level 1 _identify(public/robots/abb_irb120_support) by extension 'cmake'
[0.229s] colcon.colcon_core.package_identification Level 1 _identify(public/robots/abb_irb120_support) by extension 'python'
[0.229s] colcon.colcon_core.package_identification Level 1 _identify(public/robots/abb_irb120_support) by extensions ['python_setup_py']
[0.229s] colcon.colcon_core.package_identification Level 1 _identify(public/robots/abb_irb120_support) by extension 'python_setup_py'
[0.229s] colcon.colcon_core.package_identification Level 1 _identify(public/robots/abb_irb120_support/meshes) by extensions ['ignore', 'ignore_ament_install']
[0.229s] colcon.colcon_core.package_identification Level 1 _identify(public/robots/abb_irb120_support/meshes) by extension 'ignore'
[0.229s] colcon.colcon_core.package_identification Level 1 _identify(public/robots/abb_irb120_support/meshes) by extension 'ignore_ament_install'
[0.229s] colcon.colcon_core.package_identification Level 1 _identify(public/robots/abb_irb120_support/meshes) by extensions ['colcon_pkg']
[0.229s] colcon.colcon_core.package_identification Level 1 _identify(public/robots/abb_irb120_support/meshes) by extension 'colcon_pkg'
[0.229s] colcon.colcon_core.package_identification Level 1 _identify(public/robots/abb_irb120_support/meshes) by extensions ['colcon_meta']
[0.230s] colcon.colcon_core.package_identification Level 1 _identify(public/robots/abb_irb120_support/meshes) by extension 'colcon_meta'
[0.230s] colcon.colcon_core.package_identification Level 1 _identify(public/robots/abb_irb120_support/meshes) by extensions ['ros']
[0.230s] colcon.colcon_core.package_identification Level 1 _identify(public/robots/abb_irb120_support/meshes) by extension 'ros'
[0.230s] colcon.colcon_core.package_identification Level 1 _identify(public/robots/abb_irb120_support/meshes) by extensions ['cmake', 'python']
[0.230s] colcon.colcon_core.package_identification Level 1 _identify(public/robots/abb_irb120_support/meshes) by extension 'cmake'
[0.230s] colcon.colcon_core.package_identification Level 1 _identify(public/robots/abb_irb120_support/meshes) by extension 'python'
[0.230s] colcon.colcon_core.package_identification Level 1 _identify(public/robots/abb_irb120_support/meshes) by extensions ['python_setup_py']
[0.230s] colcon.colcon_core.package_identification Level 1 _identify(public/robots/abb_irb120_support/meshes) by extension 'python_setup_py'
[0.230s] colcon.colcon_core.package_identification Level 1 _identify(public/robots/abb_irb120_support/meshes/irb120_3_58) by extensions ['ignore', 'ignore_ament_install']
[0.230s] colcon.colcon_core.package_identification Level 1 _identify(public/robots/abb_irb120_support/meshes/irb120_3_58) by extension 'ignore'
[0.230s] colcon.colcon_core.package_identification Level 1 _identify(public/robots/abb_irb120_support/meshes/irb120_3_58) by extension 'ignore_ament_install'
[0.230s] colcon.colcon_core.package_identification Level 1 _identify(public/robots/abb_irb120_support/meshes/irb120_3_58) by extensions ['colcon_pkg']
[0.230s] colcon.colcon_core.package_identification Level 1 _identify(public/robots/abb_irb120_support/meshes/irb120_3_58) by extension 'colcon_pkg'
[0.230s] colcon.colcon_core.package_identification Level 1 _identify(public/robots/abb_irb120_support/meshes/irb120_3_58) by extensions ['colcon_meta']
[0.230s] colcon.colcon_core.package_identification Level 1 _identify(public/robots/abb_irb120_support/meshes/irb120_3_58) by extension 'colcon_meta'
[0.230s] colcon.colcon_core.package_identification Level 1 _identify(public/robots/abb_irb120_support/meshes/irb120_3_58) by extensions ['ros']
[0.230s] colcon.colcon_core.package_identification Level 1 _identify(public/robots/abb_irb120_support/meshes/irb120_3_58) by extension 'ros'
[0.230s] colcon.colcon_core.package_identification Level 1 _identify(public/robots/abb_irb120_support/meshes/irb120_3_58) by extensions ['cmake', 'python']
[0.231s] colcon.colcon_core.package_identification Level 1 _identify(public/robots/abb_irb120_support/meshes/irb120_3_58) by extension 'cmake'
[0.231s] colcon.colcon_core.package_identification Level 1 _identify(public/robots/abb_irb120_support/meshes/irb120_3_58) by extension 'python'
[0.231s] colcon.colcon_core.package_identification Level 1 _identify(public/robots/abb_irb120_support/meshes/irb120_3_58) by extensions ['python_setup_py']
[0.231s] colcon.colcon_core.package_identification Level 1 _identify(public/robots/abb_irb120_support/meshes/irb120_3_58) by extension 'python_setup_py'
[0.231s] colcon.colcon_core.package_identification Level 1 _identify(public/robots/abb_irb120_support/meshes/irb120_3_58/collision) by extensions ['ignore', 'ignore_ament_install']
[0.231s] colcon.colcon_core.package_identification Level 1 _identify(public/robots/abb_irb120_support/meshes/irb120_3_58/collision) by extension 'ignore'
[0.231s] colcon.colcon_core.package_identification Level 1 _identify(public/robots/abb_irb120_support/meshes/irb120_3_58/collision) by extension 'ignore_ament_install'
[0.231s] colcon.colcon_core.package_identification Level 1 _identify(public/robots/abb_irb120_support/meshes/irb120_3_58/collision) by extensions ['colcon_pkg']
[0.231s] colcon.colcon_core.package_identification Level 1 _identify(public/robots/abb_irb120_support/meshes/irb120_3_58/collision) by extension 'colcon_pkg'
[0.231s] colcon.colcon_core.package_identification Level 1 _identify(public/robots/abb_irb120_support/meshes/irb120_3_58/collision) by extensions ['colcon_meta']
[0.231s] colcon.colcon_core.package_identification Level 1 _identify(public/robots/abb_irb120_support/meshes/irb120_3_58/collision) by extension 'colcon_meta'
[0.231s] colcon.colcon_core.package_identification Level 1 _identify(public/robots/abb_irb120_support/meshes/irb120_3_58/collision) by extensions ['ros']
[0.231s] colcon.colcon_core.package_identification Level 1 _identify(public/robots/abb_irb120_support/meshes/irb120_3_58/collision) by extension 'ros'
[0.231s] colcon.colcon_core.package_identification Level 1 _identify(public/robots/abb_irb120_support/meshes/irb120_3_58/collision) by extensions ['cmake', 'python']
[0.231s] colcon.colcon_core.package_identification Level 1 _identify(public/robots/abb_irb120_support/meshes/irb120_3_58/collision) by extension 'cmake'
[0.231s] colcon.colcon_core.package_identification Level 1 _identify(public/robots/abb_irb120_support/meshes/irb120_3_58/collision) by extension 'python'
[0.231s] colcon.colcon_core.package_identification Level 1 _identify(public/robots/abb_irb120_support/meshes/irb120_3_58/collision) by extensions ['python_setup_py']
[0.232s] colcon.colcon_core.package_identification Level 1 _identify(public/robots/abb_irb120_support/meshes/irb120_3_58/collision) by extension 'python_setup_py'
[0.232s] colcon.colcon_core.package_identification Level 1 _identify(public/robots/abb_irb120_support/meshes/irb120_3_58/visual) by extensions ['ignore', 'ignore_ament_install']
[0.232s] colcon.colcon_core.package_identification Level 1 _identify(public/robots/abb_irb120_support/meshes/irb120_3_58/visual) by extension 'ignore'
[0.232s] colcon.colcon_core.package_identification Level 1 _identify(public/robots/abb_irb120_support/meshes/irb120_3_58/visual) by extension 'ignore_ament_install'
[0.232s] colcon.colcon_core.package_identification Level 1 _identify(public/robots/abb_irb120_support/meshes/irb120_3_58/visual) by extensions ['colcon_pkg']
[0.232s] colcon.colcon_core.package_identification Level 1 _identify(public/robots/abb_irb120_support/meshes/irb120_3_58/visual) by extension 'colcon_pkg'
[0.232s] colcon.colcon_core.package_identification Level 1 _identify(public/robots/abb_irb120_support/meshes/irb120_3_58/visual) by extensions ['colcon_meta']
[0.232s] colcon.colcon_core.package_identification Level 1 _identify(public/robots/abb_irb120_support/meshes/irb120_3_58/visual) by extension 'colcon_meta'
[0.232s] colcon.colcon_core.package_identification Level 1 _identify(public/robots/abb_irb120_support/meshes/irb120_3_58/visual) by extensions ['ros']
[0.232s] colcon.colcon_core.package_identification Level 1 _identify(public/robots/abb_irb120_support/meshes/irb120_3_58/visual) by extension 'ros'
[0.232s] colcon.colcon_core.package_identification Level 1 _identify(public/robots/abb_irb120_support/meshes/irb120_3_58/visual) by extensions ['cmake', 'python']
[0.232s] colcon.colcon_core.package_identification Level 1 _identify(public/robots/abb_irb120_support/meshes/irb120_3_58/visual) by extension 'cmake'
[0.232s] colcon.colcon_core.package_identification Level 1 _identify(public/robots/abb_irb120_support/meshes/irb120_3_58/visual) by extension 'python'
[0.232s] colcon.colcon_core.package_identification Level 1 _identify(public/robots/abb_irb120_support/meshes/irb120_3_58/visual) by extensions ['python_setup_py']
[0.232s] colcon.colcon_core.package_identification Level 1 _identify(public/robots/abb_irb120_support/meshes/irb120_3_58/visual) by extension 'python_setup_py'
[0.232s] colcon.colcon_core.package_identification Level 1 _identify(public/robots/abb_irb120_support/urdf) by extensions ['ignore', 'ignore_ament_install']
[0.232s] colcon.colcon_core.package_identification Level 1 _identify(public/robots/abb_irb120_support/urdf) by extension 'ignore'
[0.233s] colcon.colcon_core.package_identification Level 1 _identify(public/robots/abb_irb120_support/urdf) by extension 'ignore_ament_install'
[0.233s] colcon.colcon_core.package_identification Level 1 _identify(public/robots/abb_irb120_support/urdf) by extensions ['colcon_pkg']
[0.233s] colcon.colcon_core.package_identification Level 1 _identify(public/robots/abb_irb120_support/urdf) by extension 'colcon_pkg'
[0.233s] colcon.colcon_core.package_identification Level 1 _identify(public/robots/abb_irb120_support/urdf) by extensions ['colcon_meta']
[0.233s] colcon.colcon_core.package_identification Level 1 _identify(public/robots/abb_irb120_support/urdf) by extension 'colcon_meta'
[0.233s] colcon.colcon_core.package_identification Level 1 _identify(public/robots/abb_irb120_support/urdf) by extensions ['ros']
[0.233s] colcon.colcon_core.package_identification Level 1 _identify(public/robots/abb_irb120_support/urdf) by extension 'ros'
[0.233s] colcon.colcon_core.package_identification Level 1 _identify(public/robots/abb_irb120_support/urdf) by extensions ['cmake', 'python']
[0.233s] colcon.colcon_core.package_identification Level 1 _identify(public/robots/abb_irb120_support/urdf) by extension 'cmake'
[0.233s] colcon.colcon_core.package_identification Level 1 _identify(public/robots/abb_irb120_support/urdf) by extension 'python'
[0.233s] colcon.colcon_core.package_identification Level 1 _identify(public/robots/abb_irb120_support/urdf) by extensions ['python_setup_py']
[0.233s] colcon.colcon_core.package_identification Level 1 _identify(public/robots/abb_irb120_support/urdf) by extension 'python_setup_py'
[0.233s] colcon.colcon_core.package_identification Level 1 _identify(public/robots/cra_description) by extensions ['ignore', 'ignore_ament_install']
[0.233s] colcon.colcon_core.package_identification Level 1 _identify(public/robots/cra_description) by extension 'ignore'
[0.233s] colcon.colcon_core.package_identification Level 1 _identify(public/robots/cra_description) by extension 'ignore_ament_install'
[0.233s] colcon.colcon_core.package_identification Level 1 _identify(public/robots/cra_description) by extensions ['colcon_pkg']
[0.233s] colcon.colcon_core.package_identification Level 1 _identify(public/robots/cra_description) by extension 'colcon_pkg'
[0.234s] colcon.colcon_core.package_identification Level 1 _identify(public/robots/cra_description) by extensions ['colcon_meta']
[0.234s] colcon.colcon_core.package_identification Level 1 _identify(public/robots/cra_description) by extension 'colcon_meta'
[0.234s] colcon.colcon_core.package_identification Level 1 _identify(public/robots/cra_description) by extensions ['ros']
[0.234s] colcon.colcon_core.package_identification Level 1 _identify(public/robots/cra_description) by extension 'ros'
[0.234s] colcon.colcon_core.package_identification Level 1 _identify(public/robots/cra_description) by extensions ['cmake', 'python']
[0.234s] colcon.colcon_core.package_identification Level 1 _identify(public/robots/cra_description) by extension 'cmake'
[0.234s] colcon.colcon_core.package_identification Level 1 _identify(public/robots/cra_description) by extension 'python'
[0.234s] colcon.colcon_core.package_identification Level 1 _identify(public/robots/cra_description) by extensions ['python_setup_py']
[0.234s] colcon.colcon_core.package_identification Level 1 _identify(public/robots/cra_description) by extension 'python_setup_py'
[0.234s] colcon.colcon_core.package_identification Level 1 _identify(public/robots/cra_description/meshes) by extensions ['ignore', 'ignore_ament_install']
[0.234s] colcon.colcon_core.package_identification Level 1 _identify(public/robots/cra_description/meshes) by extension 'ignore'
[0.234s] colcon.colcon_core.package_identification Level 1 _identify(public/robots/cra_description/meshes) by extension 'ignore_ament_install'
[0.234s] colcon.colcon_core.package_identification Level 1 _identify(public/robots/cra_description/meshes) by extensions ['colcon_pkg']
[0.234s] colcon.colcon_core.package_identification Level 1 _identify(public/robots/cra_description/meshes) by extension 'colcon_pkg'
[0.234s] colcon.colcon_core.package_identification Level 1 _identify(public/robots/cra_description/meshes) by extensions ['colcon_meta']
[0.234s] colcon.colcon_core.package_identification Level 1 _identify(public/robots/cra_description/meshes) by extension 'colcon_meta'
[0.234s] colcon.colcon_core.package_identification Level 1 _identify(public/robots/cra_description/meshes) by extensions ['ros']
[0.234s] colcon.colcon_core.package_identification Level 1 _identify(public/robots/cra_description/meshes) by extension 'ros'
[0.234s] colcon.colcon_core.package_identification Level 1 _identify(public/robots/cra_description/meshes) by extensions ['cmake', 'python']
[0.235s] colcon.colcon_core.package_identification Level 1 _identify(public/robots/cra_description/meshes) by extension 'cmake'
[0.235s] colcon.colcon_core.package_identification Level 1 _identify(public/robots/cra_description/meshes) by extension 'python'
[0.235s] colcon.colcon_core.package_identification Level 1 _identify(public/robots/cra_description/meshes) by extensions ['python_setup_py']
[0.235s] colcon.colcon_core.package_identification Level 1 _identify(public/robots/cra_description/meshes) by extension 'python_setup_py'
[0.235s] colcon.colcon_core.package_identification Level 1 _identify(public/robots/cra_description/urdf) by extensions ['ignore', 'ignore_ament_install']
[0.235s] colcon.colcon_core.package_identification Level 1 _identify(public/robots/cra_description/urdf) by extension 'ignore'
[0.235s] colcon.colcon_core.package_identification Level 1 _identify(public/robots/cra_description/urdf) by extension 'ignore_ament_install'
[0.235s] colcon.colcon_core.package_identification Level 1 _identify(public/robots/cra_description/urdf) by extensions ['colcon_pkg']
[0.235s] colcon.colcon_core.package_identification Level 1 _identify(public/robots/cra_description/urdf) by extension 'colcon_pkg'
[0.235s] colcon.colcon_core.package_identification Level 1 _identify(public/robots/cra_description/urdf) by extensions ['colcon_meta']
[0.235s] colcon.colcon_core.package_identification Level 1 _identify(public/robots/cra_description/urdf) by extension 'colcon_meta'
[0.235s] colcon.colcon_core.package_identification Level 1 _identify(public/robots/cra_description/urdf) by extensions ['ros']
[0.235s] colcon.colcon_core.package_identification Level 1 _identify(public/robots/cra_description/urdf) by extension 'ros'
[0.235s] colcon.colcon_core.package_identification Level 1 _identify(public/robots/cra_description/urdf) by extensions ['cmake', 'python']
[0.235s] colcon.colcon_core.package_identification Level 1 _identify(public/robots/cra_description/urdf) by extension 'cmake'
[0.235s] colcon.colcon_core.package_identification Level 1 _identify(public/robots/cra_description/urdf) by extension 'python'
[0.235s] colcon.colcon_core.package_identification Level 1 _identify(public/robots/cra_description/urdf) by extensions ['python_setup_py']
[0.235s] colcon.colcon_core.package_identification Level 1 _identify(public/robots/cra_description/urdf) by extension 'python_setup_py'
[0.236s] colcon.colcon_core.package_identification Level 1 _identify(public/robots/crazyflie_description) by extensions ['ignore', 'ignore_ament_install']
[0.236s] colcon.colcon_core.package_identification Level 1 _identify(public/robots/crazyflie_description) by extension 'ignore'
[0.236s] colcon.colcon_core.package_identification Level 1 _identify(public/robots/crazyflie_description) by extension 'ignore_ament_install'
[0.236s] colcon.colcon_core.package_identification Level 1 _identify(public/robots/crazyflie_description) by extensions ['colcon_pkg']
[0.236s] colcon.colcon_core.package_identification Level 1 _identify(public/robots/crazyflie_description) by extension 'colcon_pkg'
[0.236s] colcon.colcon_core.package_identification Level 1 _identify(public/robots/crazyflie_description) by extensions ['colcon_meta']
[0.236s] colcon.colcon_core.package_identification Level 1 _identify(public/robots/crazyflie_description) by extension 'colcon_meta'
[0.236s] colcon.colcon_core.package_identification Level 1 _identify(public/robots/crazyflie_description) by extensions ['ros']
[0.236s] colcon.colcon_core.package_identification Level 1 _identify(public/robots/crazyflie_description) by extension 'ros'
[0.236s] colcon.colcon_core.package_identification Level 1 _identify(public/robots/crazyflie_description) by extensions ['cmake', 'python']
[0.236s] colcon.colcon_core.package_identification Level 1 _identify(public/robots/crazyflie_description) by extension 'cmake'
[0.236s] colcon.colcon_core.package_identification Level 1 _identify(public/robots/crazyflie_description) by extension 'python'
[0.236s] colcon.colcon_core.package_identification Level 1 _identify(public/robots/crazyflie_description) by extensions ['python_setup_py']
[0.236s] colcon.colcon_core.package_identification Level 1 _identify(public/robots/crazyflie_description) by extension 'python_setup_py'
[0.236s] colcon.colcon_core.package_identification Level 1 _identify(public/robots/crazyflie_description/meshes) by extensions ['ignore', 'ignore_ament_install']
[0.236s] colcon.colcon_core.package_identification Level 1 _identify(public/robots/crazyflie_description/meshes) by extension 'ignore'
[0.236s] colcon.colcon_core.package_identification Level 1 _identify(public/robots/crazyflie_description/meshes) by extension 'ignore_ament_install'
[0.236s] colcon.colcon_core.package_identification Level 1 _identify(public/robots/crazyflie_description/meshes) by extensions ['colcon_pkg']
[0.237s] colcon.colcon_core.package_identification Level 1 _identify(public/robots/crazyflie_description/meshes) by extension 'colcon_pkg'
[0.237s] colcon.colcon_core.package_identification Level 1 _identify(public/robots/crazyflie_description/meshes) by extensions ['colcon_meta']
[0.237s] colcon.colcon_core.package_identification Level 1 _identify(public/robots/crazyflie_description/meshes) by extension 'colcon_meta'
[0.237s] colcon.colcon_core.package_identification Level 1 _identify(public/robots/crazyflie_description/meshes) by extensions ['ros']
[0.237s] colcon.colcon_core.package_identification Level 1 _identify(public/robots/crazyflie_description/meshes) by extension 'ros'
[0.237s] colcon.colcon_core.package_identification Level 1 _identify(public/robots/crazyflie_description/meshes) by extensions ['cmake', 'python']
[0.237s] colcon.colcon_core.package_identification Level 1 _identify(public/robots/crazyflie_description/meshes) by extension 'cmake'
[0.237s] colcon.colcon_core.package_identification Level 1 _identify(public/robots/crazyflie_description/meshes) by extension 'python'
[0.237s] colcon.colcon_core.package_identification Level 1 _identify(public/robots/crazyflie_description/meshes) by extensions ['python_setup_py']
[0.237s] colcon.colcon_core.package_identification Level 1 _identify(public/robots/crazyflie_description/meshes) by extension 'python_setup_py'
[0.237s] colcon.colcon_core.package_identification Level 1 _identify(public/robots/crazyflie_description/meshes/urdf) by extensions ['ignore', 'ignore_ament_install']
[0.237s] colcon.colcon_core.package_identification Level 1 _identify(public/robots/crazyflie_description/meshes/urdf) by extension 'ignore'
[0.237s] colcon.colcon_core.package_identification Level 1 _identify(public/robots/crazyflie_description/meshes/urdf) by extension 'ignore_ament_install'
[0.237s] colcon.colcon_core.package_identification Level 1 _identify(public/robots/crazyflie_description/meshes/urdf) by extensions ['colcon_pkg']
[0.237s] colcon.colcon_core.package_identification Level 1 _identify(public/robots/crazyflie_description/meshes/urdf) by extension 'colcon_pkg'
[0.237s] colcon.colcon_core.package_identification Level 1 _identify(public/robots/crazyflie_description/meshes/urdf) by extensions ['colcon_meta']
[0.237s] colcon.colcon_core.package_identification Level 1 _identify(public/robots/crazyflie_description/meshes/urdf) by extension 'colcon_meta'
[0.237s] colcon.colcon_core.package_identification Level 1 _identify(public/robots/crazyflie_description/meshes/urdf) by extensions ['ros']
[0.237s] colcon.colcon_core.package_identification Level 1 _identify(public/robots/crazyflie_description/meshes/urdf) by extension 'ros'
[0.238s] colcon.colcon_core.package_identification Level 1 _identify(public/robots/crazyflie_description/meshes/urdf) by extensions ['cmake', 'python']
[0.238s] colcon.colcon_core.package_identification Level 1 _identify(public/robots/crazyflie_description/meshes/urdf) by extension 'cmake'
[0.238s] colcon.colcon_core.package_identification Level 1 _identify(public/robots/crazyflie_description/meshes/urdf) by extension 'python'
[0.238s] colcon.colcon_core.package_identification Level 1 _identify(public/robots/crazyflie_description/meshes/urdf) by extensions ['python_setup_py']
[0.238s] colcon.colcon_core.package_identification Level 1 _identify(public/robots/crazyflie_description/meshes/urdf) by extension 'python_setup_py'
[0.238s] colcon.colcon_core.package_identification Level 1 _identify(public/robots/crazyflie_description/urdf) by extensions ['ignore', 'ignore_ament_install']
[0.238s] colcon.colcon_core.package_identification Level 1 _identify(public/robots/crazyflie_description/urdf) by extension 'ignore'
[0.238s] colcon.colcon_core.package_identification Level 1 _identify(public/robots/crazyflie_description/urdf) by extension 'ignore_ament_install'
[0.238s] colcon.colcon_core.package_identification Level 1 _identify(public/robots/crazyflie_description/urdf) by extensions ['colcon_pkg']
[0.238s] colcon.colcon_core.package_identification Level 1 _identify(public/robots/crazyflie_description/urdf) by extension 'colcon_pkg'
[0.238s] colcon.colcon_core.package_identification Level 1 _identify(public/robots/crazyflie_description/urdf) by extensions ['colcon_meta']
[0.238s] colcon.colcon_core.package_identification Level 1 _identify(public/robots/crazyflie_description/urdf) by extension 'colcon_meta'
[0.238s] colcon.colcon_core.package_identification Level 1 _identify(public/robots/crazyflie_description/urdf) by extensions ['ros']
[0.238s] colcon.colcon_core.package_identification Level 1 _identify(public/robots/crazyflie_description/urdf) by extension 'ros'
[0.238s] colcon.colcon_core.package_identification Level 1 _identify(public/robots/crazyflie_description/urdf) by extensions ['cmake', 'python']
[0.238s] colcon.colcon_core.package_identification Level 1 _identify(public/robots/crazyflie_description/urdf) by extension 'cmake'
[0.238s] colcon.colcon_core.package_identification Level 1 _identify(public/robots/crazyflie_description/urdf) by extension 'python'
[0.238s] colcon.colcon_core.package_identification Level 1 _identify(public/robots/crazyflie_description/urdf) by extensions ['python_setup_py']
[0.238s] colcon.colcon_core.package_identification Level 1 _identify(public/robots/crazyflie_description/urdf) by extension 'python_setup_py'
[0.238s] colcon.colcon_core.package_identification Level 1 _identify(public/robots/dobot_description) by extensions ['ignore', 'ignore_ament_install']
[0.239s] colcon.colcon_core.package_identification Level 1 _identify(public/robots/dobot_description) by extension 'ignore'
[0.239s] colcon.colcon_core.package_identification Level 1 _identify(public/robots/dobot_description) by extension 'ignore_ament_install'
[0.239s] colcon.colcon_core.package_identification Level 1 _identify(public/robots/dobot_description) by extensions ['colcon_pkg']
[0.239s] colcon.colcon_core.package_identification Level 1 _identify(public/robots/dobot_description) by extension 'colcon_pkg'
[0.239s] colcon.colcon_core.package_identification Level 1 _identify(public/robots/dobot_description) by extensions ['colcon_meta']
[0.239s] colcon.colcon_core.package_identification Level 1 _identify(public/robots/dobot_description) by extension 'colcon_meta'
[0.239s] colcon.colcon_core.package_identification Level 1 _identify(public/robots/dobot_description) by extensions ['ros']
[0.239s] colcon.colcon_core.package_identification Level 1 _identify(public/robots/dobot_description) by extension 'ros'
[0.239s] colcon.colcon_core.package_identification Level 1 _identify(public/robots/dobot_description) by extensions ['cmake', 'python']
[0.239s] colcon.colcon_core.package_identification Level 1 _identify(public/robots/dobot_description) by extension 'cmake'
[0.239s] colcon.colcon_core.package_identification Level 1 _identify(public/robots/dobot_description) by extension 'python'
[0.239s] colcon.colcon_core.package_identification Level 1 _identify(public/robots/dobot_description) by extensions ['python_setup_py']
[0.239s] colcon.colcon_core.package_identification Level 1 _identify(public/robots/dobot_description) by extension 'python_setup_py'
[0.239s] colcon.colcon_core.package_identification Level 1 _identify(public/robots/dobot_description/meshes) by extensions ['ignore', 'ignore_ament_install']
[0.239s] colcon.colcon_core.package_identification Level 1 _identify(public/robots/dobot_description/meshes) by extension 'ignore'
[0.239s] colcon.colcon_core.package_identification Level 1 _identify(public/robots/dobot_description/meshes) by extension 'ignore_ament_install'
[0.239s] colcon.colcon_core.package_identification Level 1 _identify(public/robots/dobot_description/meshes) by extensions ['colcon_pkg']
[0.239s] colcon.colcon_core.package_identification Level 1 _identify(public/robots/dobot_description/meshes) by extension 'colcon_pkg'
[0.239s] colcon.colcon_core.package_identification Level 1 _identify(public/robots/dobot_description/meshes) by extensions ['colcon_meta']
[0.240s] colcon.colcon_core.package_identification Level 1 _identify(public/robots/dobot_description/meshes) by extension 'colcon_meta'
[0.240s] colcon.colcon_core.package_identification Level 1 _identify(public/robots/dobot_description/meshes) by extensions ['ros']
[0.240s] colcon.colcon_core.package_identification Level 1 _identify(public/robots/dobot_description/meshes) by extension 'ros'
[0.240s] colcon.colcon_core.package_identification Level 1 _identify(public/robots/dobot_description/meshes) by extensions ['cmake', 'python']
[0.240s] colcon.colcon_core.package_identification Level 1 _identify(public/robots/dobot_description/meshes) by extension 'cmake'
[0.240s] colcon.colcon_core.package_identification Level 1 _identify(public/robots/dobot_description/meshes) by extension 'python'
[0.240s] colcon.colcon_core.package_identification Level 1 _identify(public/robots/dobot_description/meshes) by extensions ['python_setup_py']
[0.240s] colcon.colcon_core.package_identification Level 1 _identify(public/robots/dobot_description/meshes) by extension 'python_setup_py'
[0.240s] colcon.colcon_core.package_identification Level 1 _identify(public/robots/dobot_description/meshes/dae) by extensions ['ignore', 'ignore_ament_install']
[0.240s] colcon.colcon_core.package_identification Level 1 _identify(public/robots/dobot_description/meshes/dae) by extension 'ignore'
[0.240s] colcon.colcon_core.package_identification Level 1 _identify(public/robots/dobot_description/meshes/dae) by extension 'ignore_ament_install'
[0.240s] colcon.colcon_core.package_identification Level 1 _identify(public/robots/dobot_description/meshes/dae) by extensions ['colcon_pkg']
[0.240s] colcon.colcon_core.package_identification Level 1 _identify(public/robots/dobot_description/meshes/dae) by extension 'colcon_pkg'
[0.240s] colcon.colcon_core.package_identification Level 1 _identify(public/robots/dobot_description/meshes/dae) by extensions ['colcon_meta']
[0.240s] colcon.colcon_core.package_identification Level 1 _identify(public/robots/dobot_description/meshes/dae) by extension 'colcon_meta'
[0.240s] colcon.colcon_core.package_identification Level 1 _identify(public/robots/dobot_description/meshes/dae) by extensions ['ros']
[0.240s] colcon.colcon_core.package_identification Level 1 _identify(public/robots/dobot_description/meshes/dae) by extension 'ros'
[0.240s] colcon.colcon_core.package_identification Level 1 _identify(public/robots/dobot_description/meshes/dae) by extensions ['cmake', 'python']
[0.240s] colcon.colcon_core.package_identification Level 1 _identify(public/robots/dobot_description/meshes/dae) by extension 'cmake'
[0.240s] colcon.colcon_core.package_identification Level 1 _identify(public/robots/dobot_description/meshes/dae) by extension 'python'
[0.241s] colcon.colcon_core.package_identification Level 1 _identify(public/robots/dobot_description/meshes/dae) by extensions ['python_setup_py']
[0.241s] colcon.colcon_core.package_identification Level 1 _identify(public/robots/dobot_description/meshes/dae) by extension 'python_setup_py'
[0.241s] colcon.colcon_core.package_identification Level 1 _identify(public/robots/dobot_description/urdf) by extensions ['ignore', 'ignore_ament_install']
[0.241s] colcon.colcon_core.package_identification Level 1 _identify(public/robots/dobot_description/urdf) by extension 'ignore'
[0.241s] colcon.colcon_core.package_identification Level 1 _identify(public/robots/dobot_description/urdf) by extension 'ignore_ament_install'
[0.241s] colcon.colcon_core.package_identification Level 1 _identify(public/robots/dobot_description/urdf) by extensions ['colcon_pkg']
[0.241s] colcon.colcon_core.package_identification Level 1 _identify(public/robots/dobot_description/urdf) by extension 'colcon_pkg'
[0.241s] colcon.colcon_core.package_identification Level 1 _identify(public/robots/dobot_description/urdf) by extensions ['colcon_meta']
[0.241s] colcon.colcon_core.package_identification Level 1 _identify(public/robots/dobot_description/urdf) by extension 'colcon_meta'
[0.241s] colcon.colcon_core.package_identification Level 1 _identify(public/robots/dobot_description/urdf) by extensions ['ros']
[0.241s] colcon.colcon_core.package_identification Level 1 _identify(public/robots/dobot_description/urdf) by extension 'ros'
[0.241s] colcon.colcon_core.package_identification Level 1 _identify(public/robots/dobot_description/urdf) by extensions ['cmake', 'python']
[0.241s] colcon.colcon_core.package_identification Level 1 _identify(public/robots/dobot_description/urdf) by extension 'cmake'
[0.241s] colcon.colcon_core.package_identification Level 1 _identify(public/robots/dobot_description/urdf) by extension 'python'
[0.241s] colcon.colcon_core.package_identification Level 1 _identify(public/robots/dobot_description/urdf) by extensions ['python_setup_py']
[0.241s] colcon.colcon_core.package_identification Level 1 _identify(public/robots/dobot_description/urdf) by extension 'python_setup_py'
[0.241s] colcon.colcon_core.package_identification Level 1 _identify(public/robots/fanuc_lrmate200id_support) by extensions ['ignore', 'ignore_ament_install']
[0.242s] colcon.colcon_core.package_identification Level 1 _identify(public/robots/fanuc_lrmate200id_support) by extension 'ignore'
[0.242s] colcon.colcon_core.package_identification Level 1 _identify(public/robots/fanuc_lrmate200id_support) by extension 'ignore_ament_install'
[0.242s] colcon.colcon_core.package_identification Level 1 _identify(public/robots/fanuc_lrmate200id_support) by extensions ['colcon_pkg']
[0.242s] colcon.colcon_core.package_identification Level 1 _identify(public/robots/fanuc_lrmate200id_support) by extension 'colcon_pkg'
[0.242s] colcon.colcon_core.package_identification Level 1 _identify(public/robots/fanuc_lrmate200id_support) by extensions ['colcon_meta']
[0.242s] colcon.colcon_core.package_identification Level 1 _identify(public/robots/fanuc_lrmate200id_support) by extension 'colcon_meta'
[0.242s] colcon.colcon_core.package_identification Level 1 _identify(public/robots/fanuc_lrmate200id_support) by extensions ['ros']
[0.242s] colcon.colcon_core.package_identification Level 1 _identify(public/robots/fanuc_lrmate200id_support) by extension 'ros'
[0.242s] colcon.colcon_core.package_identification Level 1 _identify(public/robots/fanuc_lrmate200id_support) by extensions ['cmake', 'python']
[0.242s] colcon.colcon_core.package_identification Level 1 _identify(public/robots/fanuc_lrmate200id_support) by extension 'cmake'
[0.242s] colcon.colcon_core.package_identification Level 1 _identify(public/robots/fanuc_lrmate200id_support) by extension 'python'
[0.242s] colcon.colcon_core.package_identification Level 1 _identify(public/robots/fanuc_lrmate200id_support) by extensions ['python_setup_py']
[0.242s] colcon.colcon_core.package_identification Level 1 _identify(public/robots/fanuc_lrmate200id_support) by extension 'python_setup_py'
[0.242s] colcon.colcon_core.package_identification Level 1 _identify(public/robots/fanuc_lrmate200id_support/meshes) by extensions ['ignore', 'ignore_ament_install']
[0.242s] colcon.colcon_core.package_identification Level 1 _identify(public/robots/fanuc_lrmate200id_support/meshes) by extension 'ignore'
[0.242s] colcon.colcon_core.package_identification Level 1 _identify(public/robots/fanuc_lrmate200id_support/meshes) by extension 'ignore_ament_install'
[0.242s] colcon.colcon_core.package_identification Level 1 _identify(public/robots/fanuc_lrmate200id_support/meshes) by extensions ['colcon_pkg']
[0.242s] colcon.colcon_core.package_identification Level 1 _identify(public/robots/fanuc_lrmate200id_support/meshes) by extension 'colcon_pkg'
[0.242s] colcon.colcon_core.package_identification Level 1 _identify(public/robots/fanuc_lrmate200id_support/meshes) by extensions ['colcon_meta']
[0.242s] colcon.colcon_core.package_identification Level 1 _identify(public/robots/fanuc_lrmate200id_support/meshes) by extension 'colcon_meta'
[0.243s] colcon.colcon_core.package_identification Level 1 _identify(public/robots/fanuc_lrmate200id_support/meshes) by extensions ['ros']
[0.243s] colcon.colcon_core.package_identification Level 1 _identify(public/robots/fanuc_lrmate200id_support/meshes) by extension 'ros'
[0.243s] colcon.colcon_core.package_identification Level 1 _identify(public/robots/fanuc_lrmate200id_support/meshes) by extensions ['cmake', 'python']
[0.243s] colcon.colcon_core.package_identification Level 1 _identify(public/robots/fanuc_lrmate200id_support/meshes) by extension 'cmake'
[0.243s] colcon.colcon_core.package_identification Level 1 _identify(public/robots/fanuc_lrmate200id_support/meshes) by extension 'python'
[0.243s] colcon.colcon_core.package_identification Level 1 _identify(public/robots/fanuc_lrmate200id_support/meshes) by extensions ['python_setup_py']
[0.243s] colcon.colcon_core.package_identification Level 1 _identify(public/robots/fanuc_lrmate200id_support/meshes) by extension 'python_setup_py'
[0.243s] colcon.colcon_core.package_identification Level 1 _identify(public/robots/fanuc_lrmate200id_support/meshes/lrmate200id) by extensions ['ignore', 'ignore_ament_install']
[0.243s] colcon.colcon_core.package_identification Level 1 _identify(public/robots/fanuc_lrmate200id_support/meshes/lrmate200id) by extension 'ignore'
[0.243s] colcon.colcon_core.package_identification Level 1 _identify(public/robots/fanuc_lrmate200id_support/meshes/lrmate200id) by extension 'ignore_ament_install'
[0.243s] colcon.colcon_core.package_identification Level 1 _identify(public/robots/fanuc_lrmate200id_support/meshes/lrmate200id) by extensions ['colcon_pkg']
[0.243s] colcon.colcon_core.package_identification Level 1 _identify(public/robots/fanuc_lrmate200id_support/meshes/lrmate200id) by extension 'colcon_pkg'
[0.243s] colcon.colcon_core.package_identification Level 1 _identify(public/robots/fanuc_lrmate200id_support/meshes/lrmate200id) by extensions ['colcon_meta']
[0.244s] colcon.colcon_core.package_identification Level 1 _identify(public/robots/fanuc_lrmate200id_support/meshes/lrmate200id) by extension 'colcon_meta'
[0.244s] colcon.colcon_core.package_identification Level 1 _identify(public/robots/fanuc_lrmate200id_support/meshes/lrmate200id) by extensions ['ros']
[0.244s] colcon.colcon_core.package_identification Level 1 _identify(public/robots/fanuc_lrmate200id_support/meshes/lrmate200id) by extension 'ros'
[0.244s] colcon.colcon_core.package_identification Level 1 _identify(public/robots/fanuc_lrmate200id_support/meshes/lrmate200id) by extensions ['cmake', 'python']
[0.244s] colcon.colcon_core.package_identification Level 1 _identify(public/robots/fanuc_lrmate200id_support/meshes/lrmate200id) by extension 'cmake'
[0.244s] colcon.colcon_core.package_identification Level 1 _identify(public/robots/fanuc_lrmate200id_support/meshes/lrmate200id) by extension 'python'
[0.244s] colcon.colcon_core.package_identification Level 1 _identify(public/robots/fanuc_lrmate200id_support/meshes/lrmate200id) by extensions ['python_setup_py']
[0.244s] colcon.colcon_core.package_identification Level 1 _identify(public/robots/fanuc_lrmate200id_support/meshes/lrmate200id) by extension 'python_setup_py'
[0.244s] colcon.colcon_core.package_identification Level 1 _identify(public/robots/fanuc_lrmate200id_support/meshes/lrmate200id/collision) by extensions ['ignore', 'ignore_ament_install']
[0.244s] colcon.colcon_core.package_identification Level 1 _identify(public/robots/fanuc_lrmate200id_support/meshes/lrmate200id/collision) by extension 'ignore'
[0.244s] colcon.colcon_core.package_identification Level 1 _identify(public/robots/fanuc_lrmate200id_support/meshes/lrmate200id/collision) by extension 'ignore_ament_install'
[0.244s] colcon.colcon_core.package_identification Level 1 _identify(public/robots/fanuc_lrmate200id_support/meshes/lrmate200id/collision) by extensions ['colcon_pkg']
[0.244s] colcon.colcon_core.package_identification Level 1 _identify(public/robots/fanuc_lrmate200id_support/meshes/lrmate200id/collision) by extension 'colcon_pkg'
[0.244s] colcon.colcon_core.package_identification Level 1 _identify(public/robots/fanuc_lrmate200id_support/meshes/lrmate200id/collision) by extensions ['colcon_meta']
[0.244s] colcon.colcon_core.package_identification Level 1 _identify(public/robots/fanuc_lrmate200id_support/meshes/lrmate200id/collision) by extension 'colcon_meta'
[0.244s] colcon.colcon_core.package_identification Level 1 _identify(public/robots/fanuc_lrmate200id_support/meshes/lrmate200id/collision) by extensions ['ros']
[0.244s] colcon.colcon_core.package_identification Level 1 _identify(public/robots/fanuc_lrmate200id_support/meshes/lrmate200id/collision) by extension 'ros'
[0.244s] colcon.colcon_core.package_identification Level 1 _identify(public/robots/fanuc_lrmate200id_support/meshes/lrmate200id/collision) by extensions ['cmake', 'python']
[0.245s] colcon.colcon_core.package_identification Level 1 _identify(public/robots/fanuc_lrmate200id_support/meshes/lrmate200id/collision) by extension 'cmake'
[0.245s] colcon.colcon_core.package_identification Level 1 _identify(public/robots/fanuc_lrmate200id_support/meshes/lrmate200id/collision) by extension 'python'
[0.245s] colcon.colcon_core.package_identification Level 1 _identify(public/robots/fanuc_lrmate200id_support/meshes/lrmate200id/collision) by extensions ['python_setup_py']
[0.245s] colcon.colcon_core.package_identification Level 1 _identify(public/robots/fanuc_lrmate200id_support/meshes/lrmate200id/collision) by extension 'python_setup_py'
[0.245s] colcon.colcon_core.package_identification Level 1 _identify(public/robots/fanuc_lrmate200id_support/meshes/lrmate200id/visual) by extensions ['ignore', 'ignore_ament_install']
[0.245s] colcon.colcon_core.package_identification Level 1 _identify(public/robots/fanuc_lrmate200id_support/meshes/lrmate200id/visual) by extension 'ignore'
[0.245s] colcon.colcon_core.package_identification Level 1 _identify(public/robots/fanuc_lrmate200id_support/meshes/lrmate200id/visual) by extension 'ignore_ament_install'
[0.245s] colcon.colcon_core.package_identification Level 1 _identify(public/robots/fanuc_lrmate200id_support/meshes/lrmate200id/visual) by extensions ['colcon_pkg']
[0.245s] colcon.colcon_core.package_identification Level 1 _identify(public/robots/fanuc_lrmate200id_support/meshes/lrmate200id/visual) by extension 'colcon_pkg'
[0.245s] colcon.colcon_core.package_identification Level 1 _identify(public/robots/fanuc_lrmate200id_support/meshes/lrmate200id/visual) by extensions ['colcon_meta']
[0.245s] colcon.colcon_core.package_identification Level 1 _identify(public/robots/fanuc_lrmate200id_support/meshes/lrmate200id/visual) by extension 'colcon_meta'
[0.245s] colcon.colcon_core.package_identification Level 1 _identify(public/robots/fanuc_lrmate200id_support/meshes/lrmate200id/visual) by extensions ['ros']
[0.245s] colcon.colcon_core.package_identification Level 1 _identify(public/robots/fanuc_lrmate200id_support/meshes/lrmate200id/visual) by extension 'ros'
[0.245s] colcon.colcon_core.package_identification Level 1 _identify(public/robots/fanuc_lrmate200id_support/meshes/lrmate200id/visual) by extensions ['cmake', 'python']
[0.245s] colcon.colcon_core.package_identification Level 1 _identify(public/robots/fanuc_lrmate200id_support/meshes/lrmate200id/visual) by extension 'cmake'
[0.245s] colcon.colcon_core.package_identification Level 1 _identify(public/robots/fanuc_lrmate200id_support/meshes/lrmate200id/visual) by extension 'python'
[0.245s] colcon.colcon_core.package_identification Level 1 _identify(public/robots/fanuc_lrmate200id_support/meshes/lrmate200id/visual) by extensions ['python_setup_py']
[0.245s] colcon.colcon_core.package_identification Level 1 _identify(public/robots/fanuc_lrmate200id_support/meshes/lrmate200id/visual) by extension 'python_setup_py'
[0.246s] colcon.colcon_core.package_identification Level 1 _identify(public/robots/fanuc_lrmate200id_support/urdf) by extensions ['ignore', 'ignore_ament_install']
[0.246s] colcon.colcon_core.package_identification Level 1 _identify(public/robots/fanuc_lrmate200id_support/urdf) by extension 'ignore'
[0.246s] colcon.colcon_core.package_identification Level 1 _identify(public/robots/fanuc_lrmate200id_support/urdf) by extension 'ignore_ament_install'
[0.246s] colcon.colcon_core.package_identification Level 1 _identify(public/robots/fanuc_lrmate200id_support/urdf) by extensions ['colcon_pkg']
[0.246s] colcon.colcon_core.package_identification Level 1 _identify(public/robots/fanuc_lrmate200id_support/urdf) by extension 'colcon_pkg'
[0.246s] colcon.colcon_core.package_identification Level 1 _identify(public/robots/fanuc_lrmate200id_support/urdf) by extensions ['colcon_meta']
[0.246s] colcon.colcon_core.package_identification Level 1 _identify(public/robots/fanuc_lrmate200id_support/urdf) by extension 'colcon_meta'
[0.246s] colcon.colcon_core.package_identification Level 1 _identify(public/robots/fanuc_lrmate200id_support/urdf) by extensions ['ros']
[0.246s] colcon.colcon_core.package_identification Level 1 _identify(public/robots/fanuc_lrmate200id_support/urdf) by extension 'ros'
[0.246s] colcon.colcon_core.package_identification Level 1 _identify(public/robots/fanuc_lrmate200id_support/urdf) by extensions ['cmake', 'python']
[0.246s] colcon.colcon_core.package_identification Level 1 _identify(public/robots/fanuc_lrmate200id_support/urdf) by extension 'cmake'
[0.246s] colcon.colcon_core.package_identification Level 1 _identify(public/robots/fanuc_lrmate200id_support/urdf) by extension 'python'
[0.246s] colcon.colcon_core.package_identification Level 1 _identify(public/robots/fanuc_lrmate200id_support/urdf) by extensions ['python_setup_py']
[0.246s] colcon.colcon_core.package_identification Level 1 _identify(public/robots/fanuc_lrmate200id_support/urdf) by extension 'python_setup_py'
[0.246s] colcon.colcon_core.package_identification Level 1 _identify(public/robots/franka_description) by extensions ['ignore', 'ignore_ament_install']
[0.246s] colcon.colcon_core.package_identification Level 1 _identify(public/robots/franka_description) by extension 'ignore'
[0.246s] colcon.colcon_core.package_identification Level 1 _identify(public/robots/franka_description) by extension 'ignore_ament_install'
[0.247s] colcon.colcon_core.package_identification Level 1 _identify(public/robots/franka_description) by extensions ['colcon_pkg']
[0.247s] colcon.colcon_core.package_identification Level 1 _identify(public/robots/franka_description) by extension 'colcon_pkg'
[0.247s] colcon.colcon_core.package_identification Level 1 _identify(public/robots/franka_description) by extensions ['colcon_meta']
[0.247s] colcon.colcon_core.package_identification Level 1 _identify(public/robots/franka_description) by extension 'colcon_meta'
[0.247s] colcon.colcon_core.package_identification Level 1 _identify(public/robots/franka_description) by extensions ['ros']
[0.247s] colcon.colcon_core.package_identification Level 1 _identify(public/robots/franka_description) by extension 'ros'
[0.247s] colcon.colcon_core.package_identification Level 1 _identify(public/robots/franka_description) by extensions ['cmake', 'python']
[0.247s] colcon.colcon_core.package_identification Level 1 _identify(public/robots/franka_description) by extension 'cmake'
[0.247s] colcon.colcon_core.package_identification Level 1 _identify(public/robots/franka_description) by extension 'python'
[0.247s] colcon.colcon_core.package_identification Level 1 _identify(public/robots/franka_description) by extensions ['python_setup_py']
[0.247s] colcon.colcon_core.package_identification Level 1 _identify(public/robots/franka_description) by extension 'python_setup_py'
[0.247s] colcon.colcon_core.package_identification Level 1 _identify(public/robots/franka_description/meshes) by extensions ['ignore', 'ignore_ament_install']
[0.247s] colcon.colcon_core.package_identification Level 1 _identify(public/robots/franka_description/meshes) by extension 'ignore'
[0.247s] colcon.colcon_core.package_identification Level 1 _identify(public/robots/franka_description/meshes) by extension 'ignore_ament_install'
[0.247s] colcon.colcon_core.package_identification Level 1 _identify(public/robots/franka_description/meshes) by extensions ['colcon_pkg']
[0.247s] colcon.colcon_core.package_identification Level 1 _identify(public/robots/franka_description/meshes) by extension 'colcon_pkg'
[0.247s] colcon.colcon_core.package_identification Level 1 _identify(public/robots/franka_description/meshes) by extensions ['colcon_meta']
[0.247s] colcon.colcon_core.package_identification Level 1 _identify(public/robots/franka_description/meshes) by extension 'colcon_meta'
[0.247s] colcon.colcon_core.package_identification Level 1 _identify(public/robots/franka_description/meshes) by extensions ['ros']
[0.247s] colcon.colcon_core.package_identification Level 1 _identify(public/robots/franka_description/meshes) by extension 'ros'
[0.248s] colcon.colcon_core.package_identification Level 1 _identify(public/robots/franka_description/meshes) by extensions ['cmake', 'python']
[0.248s] colcon.colcon_core.package_identification Level 1 _identify(public/robots/franka_description/meshes) by extension 'cmake'
[0.248s] colcon.colcon_core.package_identification Level 1 _identify(public/robots/franka_description/meshes) by extension 'python'
[0.248s] colcon.colcon_core.package_identification Level 1 _identify(public/robots/franka_description/meshes) by extensions ['python_setup_py']
[0.248s] colcon.colcon_core.package_identification Level 1 _identify(public/robots/franka_description/meshes) by extension 'python_setup_py'
[0.248s] colcon.colcon_core.package_identification Level 1 _identify(public/robots/franka_description/meshes/robot_ee) by extensions ['ignore', 'ignore_ament_install']
[0.248s] colcon.colcon_core.package_identification Level 1 _identify(public/robots/franka_description/meshes/robot_ee) by extension 'ignore'
[0.248s] colcon.colcon_core.package_identification Level 1 _identify(public/robots/franka_description/meshes/robot_ee) by extension 'ignore_ament_install'
[0.248s] colcon.colcon_core.package_identification Level 1 _identify(public/robots/franka_description/meshes/robot_ee) by extensions ['colcon_pkg']
[0.248s] colcon.colcon_core.package_identification Level 1 _identify(public/robots/franka_description/meshes/robot_ee) by extension 'colcon_pkg'
[0.248s] colcon.colcon_core.package_identification Level 1 _identify(public/robots/franka_description/meshes/robot_ee) by extensions ['colcon_meta']
[0.248s] colcon.colcon_core.package_identification Level 1 _identify(public/robots/franka_description/meshes/robot_ee) by extension 'colcon_meta'
[0.248s] colcon.colcon_core.package_identification Level 1 _identify(public/robots/franka_description/meshes/robot_ee) by extensions ['ros']
[0.248s] colcon.colcon_core.package_identification Level 1 _identify(public/robots/franka_description/meshes/robot_ee) by extension 'ros'
[0.248s] colcon.colcon_core.package_identification Level 1 _identify(public/robots/franka_description/meshes/robot_ee) by extensions ['cmake', 'python']
[0.248s] colcon.colcon_core.package_identification Level 1 _identify(public/robots/franka_description/meshes/robot_ee) by extension 'cmake'
[0.249s] colcon.colcon_core.package_identification Level 1 _identify(public/robots/franka_description/meshes/robot_ee) by extension 'python'
[0.249s] colcon.colcon_core.package_identification Level 1 _identify(public/robots/franka_description/meshes/robot_ee) by extensions ['python_setup_py']
[0.249s] colcon.colcon_core.package_identification Level 1 _identify(public/robots/franka_description/meshes/robot_ee) by extension 'python_setup_py'
[0.249s] colcon.colcon_core.package_identification Level 1 _identify(public/robots/franka_description/meshes/robot_ee/franka_hand_white) by extensions ['ignore', 'ignore_ament_install']
[0.249s] colcon.colcon_core.package_identification Level 1 _identify(public/robots/franka_description/meshes/robot_ee/franka_hand_white) by extension 'ignore'
[0.249s] colcon.colcon_core.package_identification Level 1 _identify(public/robots/franka_description/meshes/robot_ee/franka_hand_white) by extension 'ignore_ament_install'
[0.249s] colcon.colcon_core.package_identification Level 1 _identify(public/robots/franka_description/meshes/robot_ee/franka_hand_white) by extensions ['colcon_pkg']
[0.249s] colcon.colcon_core.package_identification Level 1 _identify(public/robots/franka_description/meshes/robot_ee/franka_hand_white) by extension 'colcon_pkg'
[0.249s] colcon.colcon_core.package_identification Level 1 _identify(public/robots/franka_description/meshes/robot_ee/franka_hand_white) by extensions ['colcon_meta']
[0.249s] colcon.colcon_core.package_identification Level 1 _identify(public/robots/franka_description/meshes/robot_ee/franka_hand_white) by extension 'colcon_meta'
[0.249s] colcon.colcon_core.package_identification Level 1 _identify(public/robots/franka_description/meshes/robot_ee/franka_hand_white) by extensions ['ros']
[0.249s] colcon.colcon_core.package_identification Level 1 _identify(public/robots/franka_description/meshes/robot_ee/franka_hand_white) by extension 'ros'
[0.249s] colcon.colcon_core.package_identification Level 1 _identify(public/robots/franka_description/meshes/robot_ee/franka_hand_white) by extensions ['cmake', 'python']
[0.249s] colcon.colcon_core.package_identification Level 1 _identify(public/robots/franka_description/meshes/robot_ee/franka_hand_white) by extension 'cmake'
[0.249s] colcon.colcon_core.package_identification Level 1 _identify(public/robots/franka_description/meshes/robot_ee/franka_hand_white) by extension 'python'
[0.249s] colcon.colcon_core.package_identification Level 1 _identify(public/robots/franka_description/meshes/robot_ee/franka_hand_white) by extensions ['python_setup_py']
[0.249s] colcon.colcon_core.package_identification Level 1 _identify(public/robots/franka_description/meshes/robot_ee/franka_hand_white) by extension 'python_setup_py'
[0.249s] colcon.colcon_core.package_identification Level 1 _identify(public/robots/franka_description/meshes/robot_ee/franka_hand_white/collision) by extensions ['ignore', 'ignore_ament_install']
[0.249s] colcon.colcon_core.package_identification Level 1 _identify(public/robots/franka_description/meshes/robot_ee/franka_hand_white/collision) by extension 'ignore'
[0.249s] colcon.colcon_core.package_identification Level 1 _identify(public/robots/franka_description/meshes/robot_ee/franka_hand_white/collision) by extension 'ignore_ament_install'
[0.249s] colcon.colcon_core.package_identification Level 1 _identify(public/robots/franka_description/meshes/robot_ee/franka_hand_white/collision) by extensions ['colcon_pkg']
[0.249s] colcon.colcon_core.package_identification Level 1 _identify(public/robots/franka_description/meshes/robot_ee/franka_hand_white/collision) by extension 'colcon_pkg'
[0.249s] colcon.colcon_core.package_identification Level 1 _identify(public/robots/franka_description/meshes/robot_ee/franka_hand_white/collision) by extensions ['colcon_meta']
[0.250s] colcon.colcon_core.package_identification Level 1 _identify(public/robots/franka_description/meshes/robot_ee/franka_hand_white/collision) by extension 'colcon_meta'
[0.250s] colcon.colcon_core.package_identification Level 1 _identify(public/robots/franka_description/meshes/robot_ee/franka_hand_white/collision) by extensions ['ros']
[0.250s] colcon.colcon_core.package_identification Level 1 _identify(public/robots/franka_description/meshes/robot_ee/franka_hand_white/collision) by extension 'ros'
[0.250s] colcon.colcon_core.package_identification Level 1 _identify(public/robots/franka_description/meshes/robot_ee/franka_hand_white/collision) by extensions ['cmake', 'python']
[0.250s] colcon.colcon_core.package_identification Level 1 _identify(public/robots/franka_description/meshes/robot_ee/franka_hand_white/collision) by extension 'cmake'
[0.250s] colcon.colcon_core.package_identification Level 1 _identify(public/robots/franka_description/meshes/robot_ee/franka_hand_white/collision) by extension 'python'
[0.250s] colcon.colcon_core.package_identification Level 1 _identify(public/robots/franka_description/meshes/robot_ee/franka_hand_white/collision) by extensions ['python_setup_py']
[0.250s] colcon.colcon_core.package_identification Level 1 _identify(public/robots/franka_description/meshes/robot_ee/franka_hand_white/collision) by extension 'python_setup_py'
[0.250s] colcon.colcon_core.package_identification Level 1 _identify(public/robots/franka_description/meshes/robot_ee/franka_hand_white/visual) by extensions ['ignore', 'ignore_ament_install']
[0.250s] colcon.colcon_core.package_identification Level 1 _identify(public/robots/franka_description/meshes/robot_ee/franka_hand_white/visual) by extension 'ignore'
[0.250s] colcon.colcon_core.package_identification Level 1 _identify(public/robots/franka_description/meshes/robot_ee/franka_hand_white/visual) by extension 'ignore_ament_install'
[0.250s] colcon.colcon_core.package_identification Level 1 _identify(public/robots/franka_description/meshes/robot_ee/franka_hand_white/visual) by extensions ['colcon_pkg']
[0.250s] colcon.colcon_core.package_identification Level 1 _identify(public/robots/franka_description/meshes/robot_ee/franka_hand_white/visual) by extension 'colcon_pkg'
[0.250s] colcon.colcon_core.package_identification Level 1 _identify(public/robots/franka_description/meshes/robot_ee/franka_hand_white/visual) by extensions ['colcon_meta']
[0.250s] colcon.colcon_core.package_identification Level 1 _identify(public/robots/franka_description/meshes/robot_ee/franka_hand_white/visual) by extension 'colcon_meta'
[0.250s] colcon.colcon_core.package_identification Level 1 _identify(public/robots/franka_description/meshes/robot_ee/franka_hand_white/visual) by extensions ['ros']
[0.250s] colcon.colcon_core.package_identification Level 1 _identify(public/robots/franka_description/meshes/robot_ee/franka_hand_white/visual) by extension 'ros'
[0.251s] colcon.colcon_core.package_identification Level 1 _identify(public/robots/franka_description/meshes/robot_ee/franka_hand_white/visual) by extensions ['cmake', 'python']
[0.251s] colcon.colcon_core.package_identification Level 1 _identify(public/robots/franka_description/meshes/robot_ee/franka_hand_white/visual) by extension 'cmake'
[0.251s] colcon.colcon_core.package_identification Level 1 _identify(public/robots/franka_description/meshes/robot_ee/franka_hand_white/visual) by extension 'python'
[0.251s] colcon.colcon_core.package_identification Level 1 _identify(public/robots/franka_description/meshes/robot_ee/franka_hand_white/visual) by extensions ['python_setup_py']
[0.251s] colcon.colcon_core.package_identification Level 1 _identify(public/robots/franka_description/meshes/robot_ee/franka_hand_white/visual) by extension 'python_setup_py'
[0.251s] colcon.colcon_core.package_identification Level 1 _identify(public/robots/franka_description/meshes/robots) by extensions ['ignore', 'ignore_ament_install']
[0.251s] colcon.colcon_core.package_identification Level 1 _identify(public/robots/franka_description/meshes/robots) by extension 'ignore'
[0.251s] colcon.colcon_core.package_identification Level 1 _identify(public/robots/franka_description/meshes/robots) by extension 'ignore_ament_install'
[0.251s] colcon.colcon_core.package_identification Level 1 _identify(public/robots/franka_description/meshes/robots) by extensions ['colcon_pkg']
[0.251s] colcon.colcon_core.package_identification Level 1 _identify(public/robots/franka_description/meshes/robots) by extension 'colcon_pkg'
[0.251s] colcon.colcon_core.package_identification Level 1 _identify(public/robots/franka_description/meshes/robots) by extensions ['colcon_meta']
[0.251s] colcon.colcon_core.package_identification Level 1 _identify(public/robots/franka_description/meshes/robots) by extension 'colcon_meta'
[0.251s] colcon.colcon_core.package_identification Level 1 _identify(public/robots/franka_description/meshes/robots) by extensions ['ros']
[0.251s] colcon.colcon_core.package_identification Level 1 _identify(public/robots/franka_description/meshes/robots) by extension 'ros'
[0.251s] colcon.colcon_core.package_identification Level 1 _identify(public/robots/franka_description/meshes/robots) by extensions ['cmake', 'python']
[0.251s] colcon.colcon_core.package_identification Level 1 _identify(public/robots/franka_description/meshes/robots) by extension 'cmake'
[0.251s] colcon.colcon_core.package_identification Level 1 _identify(public/robots/franka_description/meshes/robots) by extension 'python'
[0.251s] colcon.colcon_core.package_identification Level 1 _identify(public/robots/franka_description/meshes/robots) by extensions ['python_setup_py']
[0.252s] colcon.colcon_core.package_identification Level 1 _identify(public/robots/franka_description/meshes/robots) by extension 'python_setup_py'
[0.252s] colcon.colcon_core.package_identification Level 1 _identify(public/robots/franka_description/meshes/robots/fr3) by extensions ['ignore', 'ignore_ament_install']
[0.252s] colcon.colcon_core.package_identification Level 1 _identify(public/robots/franka_description/meshes/robots/fr3) by extension 'ignore'
[0.252s] colcon.colcon_core.package_identification Level 1 _identify(public/robots/franka_description/meshes/robots/fr3) by extension 'ignore_ament_install'
[0.252s] colcon.colcon_core.package_identification Level 1 _identify(public/robots/franka_description/meshes/robots/fr3) by extensions ['colcon_pkg']
[0.252s] colcon.colcon_core.package_identification Level 1 _identify(public/robots/franka_description/meshes/robots/fr3) by extension 'colcon_pkg'
[0.252s] colcon.colcon_core.package_identification Level 1 _identify(public/robots/franka_description/meshes/robots/fr3) by extensions ['colcon_meta']
[0.252s] colcon.colcon_core.package_identification Level 1 _identify(public/robots/franka_description/meshes/robots/fr3) by extension 'colcon_meta'
[0.252s] colcon.colcon_core.package_identification Level 1 _identify(public/robots/franka_description/meshes/robots/fr3) by extensions ['ros']
[0.252s] colcon.colcon_core.package_identification Level 1 _identify(public/robots/franka_description/meshes/robots/fr3) by extension 'ros'
[0.252s] colcon.colcon_core.package_identification Level 1 _identify(public/robots/franka_description/meshes/robots/fr3) by extensions ['cmake', 'python']
[0.252s] colcon.colcon_core.package_identification Level 1 _identify(public/robots/franka_description/meshes/robots/fr3) by extension 'cmake'
[0.252s] colcon.colcon_core.package_identification Level 1 _identify(public/robots/franka_description/meshes/robots/fr3) by extension 'python'
[0.252s] colcon.colcon_core.package_identification Level 1 _identify(public/robots/franka_description/meshes/robots/fr3) by extensions ['python_setup_py']
[0.253s] colcon.colcon_core.package_identification Level 1 _identify(public/robots/franka_description/meshes/robots/fr3) by extension 'python_setup_py'
[0.253s] colcon.colcon_core.package_identification Level 1 _identify(public/robots/franka_description/meshes/robots/fr3/collision) by extensions ['ignore', 'ignore_ament_install']
[0.253s] colcon.colcon_core.package_identification Level 1 _identify(public/robots/franka_description/meshes/robots/fr3/collision) by extension 'ignore'
[0.253s] colcon.colcon_core.package_identification Level 1 _identify(public/robots/franka_description/meshes/robots/fr3/collision) by extension 'ignore_ament_install'
[0.253s] colcon.colcon_core.package_identification Level 1 _identify(public/robots/franka_description/meshes/robots/fr3/collision) by extensions ['colcon_pkg']
[0.253s] colcon.colcon_core.package_identification Level 1 _identify(public/robots/franka_description/meshes/robots/fr3/collision) by extension 'colcon_pkg'
[0.253s] colcon.colcon_core.package_identification Level 1 _identify(public/robots/franka_description/meshes/robots/fr3/collision) by extensions ['colcon_meta']
[0.253s] colcon.colcon_core.package_identification Level 1 _identify(public/robots/franka_description/meshes/robots/fr3/collision) by extension 'colcon_meta'
[0.253s] colcon.colcon_core.package_identification Level 1 _identify(public/robots/franka_description/meshes/robots/fr3/collision) by extensions ['ros']
[0.253s] colcon.colcon_core.package_identification Level 1 _identify(public/robots/franka_description/meshes/robots/fr3/collision) by extension 'ros'
[0.253s] colcon.colcon_core.package_identification Level 1 _identify(public/robots/franka_description/meshes/robots/fr3/collision) by extensions ['cmake', 'python']
[0.253s] colcon.colcon_core.package_identification Level 1 _identify(public/robots/franka_description/meshes/robots/fr3/collision) by extension 'cmake'
[0.253s] colcon.colcon_core.package_identification Level 1 _identify(public/robots/franka_description/meshes/robots/fr3/collision) by extension 'python'
[0.253s] colcon.colcon_core.package_identification Level 1 _identify(public/robots/franka_description/meshes/robots/fr3/collision) by extensions ['python_setup_py']
[0.253s] colcon.colcon_core.package_identification Level 1 _identify(public/robots/franka_description/meshes/robots/fr3/collision) by extension 'python_setup_py'
[0.253s] colcon.colcon_core.package_identification Level 1 _identify(public/robots/franka_description/meshes/robots/fr3/visual) by extensions ['ignore', 'ignore_ament_install']
[0.253s] colcon.colcon_core.package_identification Level 1 _identify(public/robots/franka_description/meshes/robots/fr3/visual) by extension 'ignore'
[0.253s] colcon.colcon_core.package_identification Level 1 _identify(public/robots/franka_description/meshes/robots/fr3/visual) by extension 'ignore_ament_install'
[0.254s] colcon.colcon_core.package_identification Level 1 _identify(public/robots/franka_description/meshes/robots/fr3/visual) by extensions ['colcon_pkg']
[0.254s] colcon.colcon_core.package_identification Level 1 _identify(public/robots/franka_description/meshes/robots/fr3/visual) by extension 'colcon_pkg'
[0.254s] colcon.colcon_core.package_identification Level 1 _identify(public/robots/franka_description/meshes/robots/fr3/visual) by extensions ['colcon_meta']
[0.254s] colcon.colcon_core.package_identification Level 1 _identify(public/robots/franka_description/meshes/robots/fr3/visual) by extension 'colcon_meta'
[0.254s] colcon.colcon_core.package_identification Level 1 _identify(public/robots/franka_description/meshes/robots/fr3/visual) by extensions ['ros']
[0.254s] colcon.colcon_core.package_identification Level 1 _identify(public/robots/franka_description/meshes/robots/fr3/visual) by extension 'ros'
[0.254s] colcon.colcon_core.package_identification Level 1 _identify(public/robots/franka_description/meshes/robots/fr3/visual) by extensions ['cmake', 'python']
[0.254s] colcon.colcon_core.package_identification Level 1 _identify(public/robots/franka_description/meshes/robots/fr3/visual) by extension 'cmake'
[0.254s] colcon.colcon_core.package_identification Level 1 _identify(public/robots/franka_description/meshes/robots/fr3/visual) by extension 'python'
[0.254s] colcon.colcon_core.package_identification Level 1 _identify(public/robots/franka_description/meshes/robots/fr3/visual) by extensions ['python_setup_py']
[0.254s] colcon.colcon_core.package_identification Level 1 _identify(public/robots/franka_description/meshes/robots/fr3/visual) by extension 'python_setup_py'
[0.254s] colcon.colcon_core.package_identification Level 1 _identify(public/robots/franka_description/urdf) by extensions ['ignore', 'ignore_ament_install']
[0.254s] colcon.colcon_core.package_identification Level 1 _identify(public/robots/franka_description/urdf) by extension 'ignore'
[0.254s] colcon.colcon_core.package_identification Level 1 _identify(public/robots/franka_description/urdf) by extension 'ignore_ament_install'
[0.254s] colcon.colcon_core.package_identification Level 1 _identify(public/robots/franka_description/urdf) by extensions ['colcon_pkg']
[0.254s] colcon.colcon_core.package_identification Level 1 _identify(public/robots/franka_description/urdf) by extension 'colcon_pkg'
[0.254s] colcon.colcon_core.package_identification Level 1 _identify(public/robots/franka_description/urdf) by extensions ['colcon_meta']
[0.254s] colcon.colcon_core.package_identification Level 1 _identify(public/robots/franka_description/urdf) by extension 'colcon_meta'
[0.254s] colcon.colcon_core.package_identification Level 1 _identify(public/robots/franka_description/urdf) by extensions ['ros']
[0.255s] colcon.colcon_core.package_identification Level 1 _identify(public/robots/franka_description/urdf) by extension 'ros'
[0.255s] colcon.colcon_core.package_identification Level 1 _identify(public/robots/franka_description/urdf) by extensions ['cmake', 'python']
[0.255s] colcon.colcon_core.package_identification Level 1 _identify(public/robots/franka_description/urdf) by extension 'cmake'
[0.255s] colcon.colcon_core.package_identification Level 1 _identify(public/robots/franka_description/urdf) by extension 'python'
[0.255s] colcon.colcon_core.package_identification Level 1 _identify(public/robots/franka_description/urdf) by extensions ['python_setup_py']
[0.255s] colcon.colcon_core.package_identification Level 1 _identify(public/robots/franka_description/urdf) by extension 'python_setup_py'
[0.255s] colcon.colcon_core.package_identification Level 1 _identify(public/robots/g1_description) by extensions ['ignore', 'ignore_ament_install']
[0.255s] colcon.colcon_core.package_identification Level 1 _identify(public/robots/g1_description) by extension 'ignore'
[0.255s] colcon.colcon_core.package_identification Level 1 _identify(public/robots/g1_description) by extension 'ignore_ament_install'
[0.255s] colcon.colcon_core.package_identification Level 1 _identify(public/robots/g1_description) by extensions ['colcon_pkg']
[0.255s] colcon.colcon_core.package_identification Level 1 _identify(public/robots/g1_description) by extension 'colcon_pkg'
[0.255s] colcon.colcon_core.package_identification Level 1 _identify(public/robots/g1_description) by extensions ['colcon_meta']
[0.255s] colcon.colcon_core.package_identification Level 1 _identify(public/robots/g1_description) by extension 'colcon_meta'
[0.255s] colcon.colcon_core.package_identification Level 1 _identify(public/robots/g1_description) by extensions ['ros']
[0.255s] colcon.colcon_core.package_identification Level 1 _identify(public/robots/g1_description) by extension 'ros'
[0.255s] colcon.colcon_core.package_identification Level 1 _identify(public/robots/g1_description) by extensions ['cmake', 'python']
[0.255s] colcon.colcon_core.package_identification Level 1 _identify(public/robots/g1_description) by extension 'cmake'
[0.255s] colcon.colcon_core.package_identification Level 1 _identify(public/robots/g1_description) by extension 'python'
[0.256s] colcon.colcon_core.package_identification Level 1 _identify(public/robots/g1_description) by extensions ['python_setup_py']
[0.256s] colcon.colcon_core.package_identification Level 1 _identify(public/robots/g1_description) by extension 'python_setup_py'
[0.256s] colcon.colcon_core.package_identification Level 1 _identify(public/robots/g1_description/meshes) by extensions ['ignore', 'ignore_ament_install']
[0.256s] colcon.colcon_core.package_identification Level 1 _identify(public/robots/g1_description/meshes) by extension 'ignore'
[0.256s] colcon.colcon_core.package_identification Level 1 _identify(public/robots/g1_description/meshes) by extension 'ignore_ament_install'
[0.256s] colcon.colcon_core.package_identification Level 1 _identify(public/robots/g1_description/meshes) by extensions ['colcon_pkg']
[0.256s] colcon.colcon_core.package_identification Level 1 _identify(public/robots/g1_description/meshes) by extension 'colcon_pkg'
[0.256s] colcon.colcon_core.package_identification Level 1 _identify(public/robots/g1_description/meshes) by extensions ['colcon_meta']
[0.256s] colcon.colcon_core.package_identification Level 1 _identify(public/robots/g1_description/meshes) by extension 'colcon_meta'
[0.256s] colcon.colcon_core.package_identification Level 1 _identify(public/robots/g1_description/meshes) by extensions ['ros']
[0.256s] colcon.colcon_core.package_identification Level 1 _identify(public/robots/g1_description/meshes) by extension 'ros'
[0.256s] colcon.colcon_core.package_identification Level 1 _identify(public/robots/g1_description/meshes) by extensions ['cmake', 'python']
[0.256s] colcon.colcon_core.package_identification Level 1 _identify(public/robots/g1_description/meshes) by extension 'cmake'
[0.256s] colcon.colcon_core.package_identification Level 1 _identify(public/robots/g1_description/meshes) by extension 'python'
[0.256s] colcon.colcon_core.package_identification Level 1 _identify(public/robots/g1_description/meshes) by extensions ['python_setup_py']
[0.256s] colcon.colcon_core.package_identification Level 1 _identify(public/robots/g1_description/meshes) by extension 'python_setup_py'
[0.256s] colcon.colcon_core.package_identification Level 1 _identify(public/robots/g1_description/urdf) by extensions ['ignore', 'ignore_ament_install']
[0.256s] colcon.colcon_core.package_identification Level 1 _identify(public/robots/g1_description/urdf) by extension 'ignore'
[0.256s] colcon.colcon_core.package_identification Level 1 _identify(public/robots/g1_description/urdf) by extension 'ignore_ament_install'
[0.256s] colcon.colcon_core.package_identification Level 1 _identify(public/robots/g1_description/urdf) by extensions ['colcon_pkg']
[0.256s] colcon.colcon_core.package_identification Level 1 _identify(public/robots/g1_description/urdf) by extension 'colcon_pkg'
[0.257s] colcon.colcon_core.package_identification Level 1 _identify(public/robots/g1_description/urdf) by extensions ['colcon_meta']
[0.257s] colcon.colcon_core.package_identification Level 1 _identify(public/robots/g1_description/urdf) by extension 'colcon_meta'
[0.257s] colcon.colcon_core.package_identification Level 1 _identify(public/robots/g1_description/urdf) by extensions ['ros']
[0.257s] colcon.colcon_core.package_identification Level 1 _identify(public/robots/g1_description/urdf) by extension 'ros'
[0.257s] colcon.colcon_core.package_identification Level 1 _identify(public/robots/g1_description/urdf) by extensions ['cmake', 'python']
[0.257s] colcon.colcon_core.package_identification Level 1 _identify(public/robots/g1_description/urdf) by extension 'cmake'
[0.257s] colcon.colcon_core.package_identification Level 1 _identify(public/robots/g1_description/urdf) by extension 'python'
[0.257s] colcon.colcon_core.package_identification Level 1 _identify(public/robots/g1_description/urdf) by extensions ['python_setup_py']
[0.257s] colcon.colcon_core.package_identification Level 1 _identify(public/robots/g1_description/urdf) by extension 'python_setup_py'
[0.257s] colcon.colcon_core.package_identification Level 1 _identify(public/robots/go2_description) by extensions ['ignore', 'ignore_ament_install']
[0.257s] colcon.colcon_core.package_identification Level 1 _identify(public/robots/go2_description) by extension 'ignore'
[0.257s] colcon.colcon_core.package_identification Level 1 _identify(public/robots/go2_description) by extension 'ignore_ament_install'
[0.257s] colcon.colcon_core.package_identification Level 1 _identify(public/robots/go2_description) by extensions ['colcon_pkg']
[0.257s] colcon.colcon_core.package_identification Level 1 _identify(public/robots/go2_description) by extension 'colcon_pkg'
[0.257s] colcon.colcon_core.package_identification Level 1 _identify(public/robots/go2_description) by extensions ['colcon_meta']
[0.257s] colcon.colcon_core.package_identification Level 1 _identify(public/robots/go2_description) by extension 'colcon_meta'
[0.258s] colcon.colcon_core.package_identification Level 1 _identify(public/robots/go2_description) by extensions ['ros']
[0.258s] colcon.colcon_core.package_identification Level 1 _identify(public/robots/go2_description) by extension 'ros'
[0.258s] colcon.colcon_core.package_identification Level 1 _identify(public/robots/go2_description) by extensions ['cmake', 'python']
[0.258s] colcon.colcon_core.package_identification Level 1 _identify(public/robots/go2_description) by extension 'cmake'
[0.258s] colcon.colcon_core.package_identification Level 1 _identify(public/robots/go2_description) by extension 'python'
[0.258s] colcon.colcon_core.package_identification Level 1 _identify(public/robots/go2_description) by extensions ['python_setup_py']
[0.258s] colcon.colcon_core.package_identification Level 1 _identify(public/robots/go2_description) by extension 'python_setup_py'
[0.258s] colcon.colcon_core.package_identification Level 1 _identify(public/robots/go2_description/meshes) by extensions ['ignore', 'ignore_ament_install']
[0.258s] colcon.colcon_core.package_identification Level 1 _identify(public/robots/go2_description/meshes) by extension 'ignore'
[0.258s] colcon.colcon_core.package_identification Level 1 _identify(public/robots/go2_description/meshes) by extension 'ignore_ament_install'
[0.258s] colcon.colcon_core.package_identification Level 1 _identify(public/robots/go2_description/meshes) by extensions ['colcon_pkg']
[0.258s] colcon.colcon_core.package_identification Level 1 _identify(public/robots/go2_description/meshes) by extension 'colcon_pkg'
[0.258s] colcon.colcon_core.package_identification Level 1 _identify(public/robots/go2_description/meshes) by extensions ['colcon_meta']
[0.258s] colcon.colcon_core.package_identification Level 1 _identify(public/robots/go2_description/meshes) by extension 'colcon_meta'
[0.258s] colcon.colcon_core.package_identification Level 1 _identify(public/robots/go2_description/meshes) by extensions ['ros']
[0.258s] colcon.colcon_core.package_identification Level 1 _identify(public/robots/go2_description/meshes) by extension 'ros'
[0.259s] colcon.colcon_core.package_identification Level 1 _identify(public/robots/go2_description/meshes) by extensions ['cmake', 'python']
[0.259s] colcon.colcon_core.package_identification Level 1 _identify(public/robots/go2_description/meshes) by extension 'cmake'
[0.259s] colcon.colcon_core.package_identification Level 1 _identify(public/robots/go2_description/meshes) by extension 'python'
[0.259s] colcon.colcon_core.package_identification Level 1 _identify(public/robots/go2_description/meshes) by extensions ['python_setup_py']
[0.259s] colcon.colcon_core.package_identification Level 1 _identify(public/robots/go2_description/meshes) by extension 'python_setup_py'
[0.259s] colcon.colcon_core.package_identification Level 1 _identify(public/robots/go2_description/urdf) by extensions ['ignore', 'ignore_ament_install']
[0.259s] colcon.colcon_core.package_identification Level 1 _identify(public/robots/go2_description/urdf) by extension 'ignore'
[0.259s] colcon.colcon_core.package_identification Level 1 _identify(public/robots/go2_description/urdf) by extension 'ignore_ament_install'
[0.259s] colcon.colcon_core.package_identification Level 1 _identify(public/robots/go2_description/urdf) by extensions ['colcon_pkg']
[0.259s] colcon.colcon_core.package_identification Level 1 _identify(public/robots/go2_description/urdf) by extension 'colcon_pkg'
[0.259s] colcon.colcon_core.package_identification Level 1 _identify(public/robots/go2_description/urdf) by extensions ['colcon_meta']
[0.259s] colcon.colcon_core.package_identification Level 1 _identify(public/robots/go2_description/urdf) by extension 'colcon_meta'
[0.259s] colcon.colcon_core.package_identification Level 1 _identify(public/robots/go2_description/urdf) by extensions ['ros']
[0.259s] colcon.colcon_core.package_identification Level 1 _identify(public/robots/go2_description/urdf) by extension 'ros'
[0.260s] colcon.colcon_core.package_identification Level 1 _identify(public/robots/go2_description/urdf) by extensions ['cmake', 'python']
[0.260s] colcon.colcon_core.package_identification Level 1 _identify(public/robots/go2_description/urdf) by extension 'cmake'
[0.260s] colcon.colcon_core.package_identification Level 1 _identify(public/robots/go2_description/urdf) by extension 'python'
[0.260s] colcon.colcon_core.package_identification Level 1 _identify(public/robots/go2_description/urdf) by extensions ['python_setup_py']
[0.260s] colcon.colcon_core.package_identification Level 1 _identify(public/robots/go2_description/urdf) by extension 'python_setup_py'
[0.260s] colcon.colcon_core.package_identification Level 1 _identify(public/robots/h1_description) by extensions ['ignore', 'ignore_ament_install']
[0.260s] colcon.colcon_core.package_identification Level 1 _identify(public/robots/h1_description) by extension 'ignore'
[0.260s] colcon.colcon_core.package_identification Level 1 _identify(public/robots/h1_description) by extension 'ignore_ament_install'
[0.260s] colcon.colcon_core.package_identification Level 1 _identify(public/robots/h1_description) by extensions ['colcon_pkg']
[0.260s] colcon.colcon_core.package_identification Level 1 _identify(public/robots/h1_description) by extension 'colcon_pkg'
[0.260s] colcon.colcon_core.package_identification Level 1 _identify(public/robots/h1_description) by extensions ['colcon_meta']
[0.260s] colcon.colcon_core.package_identification Level 1 _identify(public/robots/h1_description) by extension 'colcon_meta'
[0.260s] colcon.colcon_core.package_identification Level 1 _identify(public/robots/h1_description) by extensions ['ros']
[0.260s] colcon.colcon_core.package_identification Level 1 _identify(public/robots/h1_description) by extension 'ros'
[0.260s] colcon.colcon_core.package_identification Level 1 _identify(public/robots/h1_description) by extensions ['cmake', 'python']
[0.260s] colcon.colcon_core.package_identification Level 1 _identify(public/robots/h1_description) by extension 'cmake'
[0.260s] colcon.colcon_core.package_identification Level 1 _identify(public/robots/h1_description) by extension 'python'
[0.260s] colcon.colcon_core.package_identification Level 1 _identify(public/robots/h1_description) by extensions ['python_setup_py']
[0.260s] colcon.colcon_core.package_identification Level 1 _identify(public/robots/h1_description) by extension 'python_setup_py'
[0.261s] colcon.colcon_core.package_identification Level 1 _identify(public/robots/h1_description/meshes) by extensions ['ignore', 'ignore_ament_install']
[0.261s] colcon.colcon_core.package_identification Level 1 _identify(public/robots/h1_description/meshes) by extension 'ignore'
[0.261s] colcon.colcon_core.package_identification Level 1 _identify(public/robots/h1_description/meshes) by extension 'ignore_ament_install'
[0.261s] colcon.colcon_core.package_identification Level 1 _identify(public/robots/h1_description/meshes) by extensions ['colcon_pkg']
[0.261s] colcon.colcon_core.package_identification Level 1 _identify(public/robots/h1_description/meshes) by extension 'colcon_pkg'
[0.261s] colcon.colcon_core.package_identification Level 1 _identify(public/robots/h1_description/meshes) by extensions ['colcon_meta']
[0.261s] colcon.colcon_core.package_identification Level 1 _identify(public/robots/h1_description/meshes) by extension 'colcon_meta'
[0.261s] colcon.colcon_core.package_identification Level 1 _identify(public/robots/h1_description/meshes) by extensions ['ros']
[0.261s] colcon.colcon_core.package_identification Level 1 _identify(public/robots/h1_description/meshes) by extension 'ros'
[0.261s] colcon.colcon_core.package_identification Level 1 _identify(public/robots/h1_description/meshes) by extensions ['cmake', 'python']
[0.261s] colcon.colcon_core.package_identification Level 1 _identify(public/robots/h1_description/meshes) by extension 'cmake'
[0.261s] colcon.colcon_core.package_identification Level 1 _identify(public/robots/h1_description/meshes) by extension 'python'
[0.261s] colcon.colcon_core.package_identification Level 1 _identify(public/robots/h1_description/meshes) by extensions ['python_setup_py']
[0.261s] colcon.colcon_core.package_identification Level 1 _identify(public/robots/h1_description/meshes) by extension 'python_setup_py'
[0.261s] colcon.colcon_core.package_identification Level 1 _identify(public/robots/h1_description/urdf) by extensions ['ignore', 'ignore_ament_install']
[0.261s] colcon.colcon_core.package_identification Level 1 _identify(public/robots/h1_description/urdf) by extension 'ignore'
[0.261s] colcon.colcon_core.package_identification Level 1 _identify(public/robots/h1_description/urdf) by extension 'ignore_ament_install'
[0.262s] colcon.colcon_core.package_identification Level 1 _identify(public/robots/h1_description/urdf) by extensions ['colcon_pkg']
[0.262s] colcon.colcon_core.package_identification Level 1 _identify(public/robots/h1_description/urdf) by extension 'colcon_pkg'
[0.262s] colcon.colcon_core.package_identification Level 1 _identify(public/robots/h1_description/urdf) by extensions ['colcon_meta']
[0.262s] colcon.colcon_core.package_identification Level 1 _identify(public/robots/h1_description/urdf) by extension 'colcon_meta'
[0.262s] colcon.colcon_core.package_identification Level 1 _identify(public/robots/h1_description/urdf) by extensions ['ros']
[0.262s] colcon.colcon_core.package_identification Level 1 _identify(public/robots/h1_description/urdf) by extension 'ros'
[0.262s] colcon.colcon_core.package_identification Level 1 _identify(public/robots/h1_description/urdf) by extensions ['cmake', 'python']
[0.262s] colcon.colcon_core.package_identification Level 1 _identify(public/robots/h1_description/urdf) by extension 'cmake'
[0.262s] colcon.colcon_core.package_identification Level 1 _identify(public/robots/h1_description/urdf) by extension 'python'
[0.262s] colcon.colcon_core.package_identification Level 1 _identify(public/robots/h1_description/urdf) by extensions ['python_setup_py']
[0.262s] colcon.colcon_core.package_identification Level 1 _identify(public/robots/h1_description/urdf) by extension 'python_setup_py'
[0.262s] colcon.colcon_core.package_identification Level 1 _identify(public/robots/interbotix_xsarm_descriptions) by extensions ['ignore', 'ignore_ament_install']
[0.262s] colcon.colcon_core.package_identification Level 1 _identify(public/robots/interbotix_xsarm_descriptions) by extension 'ignore'
[0.262s] colcon.colcon_core.package_identification Level 1 _identify(public/robots/interbotix_xsarm_descriptions) by extension 'ignore_ament_install'
[0.262s] colcon.colcon_core.package_identification Level 1 _identify(public/robots/interbotix_xsarm_descriptions) by extensions ['colcon_pkg']
[0.262s] colcon.colcon_core.package_identification Level 1 _identify(public/robots/interbotix_xsarm_descriptions) by extension 'colcon_pkg'
[0.262s] colcon.colcon_core.package_identification Level 1 _identify(public/robots/interbotix_xsarm_descriptions) by extensions ['colcon_meta']
[0.263s] colcon.colcon_core.package_identification Level 1 _identify(public/robots/interbotix_xsarm_descriptions) by extension 'colcon_meta'
[0.263s] colcon.colcon_core.package_identification Level 1 _identify(public/robots/interbotix_xsarm_descriptions) by extensions ['ros']
[0.263s] colcon.colcon_core.package_identification Level 1 _identify(public/robots/interbotix_xsarm_descriptions) by extension 'ros'
[0.263s] colcon.colcon_core.package_identification Level 1 _identify(public/robots/interbotix_xsarm_descriptions) by extensions ['cmake', 'python']
[0.263s] colcon.colcon_core.package_identification Level 1 _identify(public/robots/interbotix_xsarm_descriptions) by extension 'cmake'
[0.263s] colcon.colcon_core.package_identification Level 1 _identify(public/robots/interbotix_xsarm_descriptions) by extension 'python'
[0.263s] colcon.colcon_core.package_identification Level 1 _identify(public/robots/interbotix_xsarm_descriptions) by extensions ['python_setup_py']
[0.263s] colcon.colcon_core.package_identification Level 1 _identify(public/robots/interbotix_xsarm_descriptions) by extension 'python_setup_py'
[0.263s] colcon.colcon_core.package_identification Level 1 _identify(public/robots/interbotix_xsarm_descriptions/meshes) by extensions ['ignore', 'ignore_ament_install']
[0.263s] colcon.colcon_core.package_identification Level 1 _identify(public/robots/interbotix_xsarm_descriptions/meshes) by extension 'ignore'
[0.263s] colcon.colcon_core.package_identification Level 1 _identify(public/robots/interbotix_xsarm_descriptions/meshes) by extension 'ignore_ament_install'
[0.263s] colcon.colcon_core.package_identification Level 1 _identify(public/robots/interbotix_xsarm_descriptions/meshes) by extensions ['colcon_pkg']
[0.263s] colcon.colcon_core.package_identification Level 1 _identify(public/robots/interbotix_xsarm_descriptions/meshes) by extension 'colcon_pkg'
[0.263s] colcon.colcon_core.package_identification Level 1 _identify(public/robots/interbotix_xsarm_descriptions/meshes) by extensions ['colcon_meta']
[0.263s] colcon.colcon_core.package_identification Level 1 _identify(public/robots/interbotix_xsarm_descriptions/meshes) by extension 'colcon_meta'
[0.263s] colcon.colcon_core.package_identification Level 1 _identify(public/robots/interbotix_xsarm_descriptions/meshes) by extensions ['ros']
[0.263s] colcon.colcon_core.package_identification Level 1 _identify(public/robots/interbotix_xsarm_descriptions/meshes) by extension 'ros'
[0.264s] colcon.colcon_core.package_identification Level 1 _identify(public/robots/interbotix_xsarm_descriptions/meshes) by extensions ['cmake', 'python']
[0.264s] colcon.colcon_core.package_identification Level 1 _identify(public/robots/interbotix_xsarm_descriptions/meshes) by extension 'cmake'
[0.264s] colcon.colcon_core.package_identification Level 1 _identify(public/robots/interbotix_xsarm_descriptions/meshes) by extension 'python'
[0.264s] colcon.colcon_core.package_identification Level 1 _identify(public/robots/interbotix_xsarm_descriptions/meshes) by extensions ['python_setup_py']
[0.264s] colcon.colcon_core.package_identification Level 1 _identify(public/robots/interbotix_xsarm_descriptions/meshes) by extension 'python_setup_py'
[0.264s] colcon.colcon_core.package_identification Level 1 _identify(public/robots/interbotix_xsarm_descriptions/meshes/wx250s_meshes) by extensions ['ignore', 'ignore_ament_install']
[0.264s] colcon.colcon_core.package_identification Level 1 _identify(public/robots/interbotix_xsarm_descriptions/meshes/wx250s_meshes) by extension 'ignore'
[0.264s] colcon.colcon_core.package_identification Level 1 _identify(public/robots/interbotix_xsarm_descriptions/meshes/wx250s_meshes) by extension 'ignore_ament_install'
[0.264s] colcon.colcon_core.package_identification Level 1 _identify(public/robots/interbotix_xsarm_descriptions/meshes/wx250s_meshes) by extensions ['colcon_pkg']
[0.264s] colcon.colcon_core.package_identification Level 1 _identify(public/robots/interbotix_xsarm_descriptions/meshes/wx250s_meshes) by extension 'colcon_pkg'
[0.264s] colcon.colcon_core.package_identification Level 1 _identify(public/robots/interbotix_xsarm_descriptions/meshes/wx250s_meshes) by extensions ['colcon_meta']
[0.264s] colcon.colcon_core.package_identification Level 1 _identify(public/robots/interbotix_xsarm_descriptions/meshes/wx250s_meshes) by extension 'colcon_meta'
[0.264s] colcon.colcon_core.package_identification Level 1 _identify(public/robots/interbotix_xsarm_descriptions/meshes/wx250s_meshes) by extensions ['ros']
[0.264s] colcon.colcon_core.package_identification Level 1 _identify(public/robots/interbotix_xsarm_descriptions/meshes/wx250s_meshes) by extension 'ros'
[0.264s] colcon.colcon_core.package_identification Level 1 _identify(public/robots/interbotix_xsarm_descriptions/meshes/wx250s_meshes) by extensions ['cmake', 'python']
[0.264s] colcon.colcon_core.package_identification Level 1 _identify(public/robots/interbotix_xsarm_descriptions/meshes/wx250s_meshes) by extension 'cmake'
[0.264s] colcon.colcon_core.package_identification Level 1 _identify(public/robots/interbotix_xsarm_descriptions/meshes/wx250s_meshes) by extension 'python'
[0.264s] colcon.colcon_core.package_identification Level 1 _identify(public/robots/interbotix_xsarm_descriptions/meshes/wx250s_meshes) by extensions ['python_setup_py']
[0.264s] colcon.colcon_core.package_identification Level 1 _identify(public/robots/interbotix_xsarm_descriptions/meshes/wx250s_meshes) by extension 'python_setup_py'
[0.264s] colcon.colcon_core.package_identification Level 1 _identify(public/robots/interbotix_xsarm_descriptions/urdf) by extensions ['ignore', 'ignore_ament_install']
[0.265s] colcon.colcon_core.package_identification Level 1 _identify(public/robots/interbotix_xsarm_descriptions/urdf) by extension 'ignore'
[0.265s] colcon.colcon_core.package_identification Level 1 _identify(public/robots/interbotix_xsarm_descriptions/urdf) by extension 'ignore_ament_install'
[0.265s] colcon.colcon_core.package_identification Level 1 _identify(public/robots/interbotix_xsarm_descriptions/urdf) by extensions ['colcon_pkg']
[0.265s] colcon.colcon_core.package_identification Level 1 _identify(public/robots/interbotix_xsarm_descriptions/urdf) by extension 'colcon_pkg'
[0.265s] colcon.colcon_core.package_identification Level 1 _identify(public/robots/interbotix_xsarm_descriptions/urdf) by extensions ['colcon_meta']
[0.265s] colcon.colcon_core.package_identification Level 1 _identify(public/robots/interbotix_xsarm_descriptions/urdf) by extension 'colcon_meta'
[0.265s] colcon.colcon_core.package_identification Level 1 _identify(public/robots/interbotix_xsarm_descriptions/urdf) by extensions ['ros']
[0.265s] colcon.colcon_core.package_identification Level 1 _identify(public/robots/interbotix_xsarm_descriptions/urdf) by extension 'ros'
[0.265s] colcon.colcon_core.package_identification Level 1 _identify(public/robots/interbotix_xsarm_descriptions/urdf) by extensions ['cmake', 'python']
[0.265s] colcon.colcon_core.package_identification Level 1 _identify(public/robots/interbotix_xsarm_descriptions/urdf) by extension 'cmake'
[0.265s] colcon.colcon_core.package_identification Level 1 _identify(public/robots/interbotix_xsarm_descriptions/urdf) by extension 'python'
[0.265s] colcon.colcon_core.package_identification Level 1 _identify(public/robots/interbotix_xsarm_descriptions/urdf) by extensions ['python_setup_py']
[0.265s] colcon.colcon_core.package_identification Level 1 _identify(public/robots/interbotix_xsarm_descriptions/urdf) by extension 'python_setup_py'
[0.265s] colcon.colcon_core.package_identification Level 1 _identify(public/robots/kortex_description) by extensions ['ignore', 'ignore_ament_install']
[0.265s] colcon.colcon_core.package_identification Level 1 _identify(public/robots/kortex_description) by extension 'ignore'
[0.265s] colcon.colcon_core.package_identification Level 1 _identify(public/robots/kortex_description) by extension 'ignore_ament_install'
[0.265s] colcon.colcon_core.package_identification Level 1 _identify(public/robots/kortex_description) by extensions ['colcon_pkg']
[0.265s] colcon.colcon_core.package_identification Level 1 _identify(public/robots/kortex_description) by extension 'colcon_pkg'
[0.265s] colcon.colcon_core.package_identification Level 1 _identify(public/robots/kortex_description) by extensions ['colcon_meta']
[0.266s] colcon.colcon_core.package_identification Level 1 _identify(public/robots/kortex_description) by extension 'colcon_meta'
[0.266s] colcon.colcon_core.package_identification Level 1 _identify(public/robots/kortex_description) by extensions ['ros']
[0.266s] colcon.colcon_core.package_identification Level 1 _identify(public/robots/kortex_description) by extension 'ros'
[0.266s] colcon.colcon_core.package_identification Level 1 _identify(public/robots/kortex_description) by extensions ['cmake', 'python']
[0.266s] colcon.colcon_core.package_identification Level 1 _identify(public/robots/kortex_description) by extension 'cmake'
[0.266s] colcon.colcon_core.package_identification Level 1 _identify(public/robots/kortex_description) by extension 'python'
[0.266s] colcon.colcon_core.package_identification Level 1 _identify(public/robots/kortex_description) by extensions ['python_setup_py']
[0.266s] colcon.colcon_core.package_identification Level 1 _identify(public/robots/kortex_description) by extension 'python_setup_py'
[0.266s] colcon.colcon_core.package_identification Level 1 _identify(public/robots/kortex_description/meshes) by extensions ['ignore', 'ignore_ament_install']
[0.266s] colcon.colcon_core.package_identification Level 1 _identify(public/robots/kortex_description/meshes) by extension 'ignore'
[0.266s] colcon.colcon_core.package_identification Level 1 _identify(public/robots/kortex_description/meshes) by extension 'ignore_ament_install'
[0.266s] colcon.colcon_core.package_identification Level 1 _identify(public/robots/kortex_description/meshes) by extensions ['colcon_pkg']
[0.266s] colcon.colcon_core.package_identification Level 1 _identify(public/robots/kortex_description/meshes) by extension 'colcon_pkg'
[0.266s] colcon.colcon_core.package_identification Level 1 _identify(public/robots/kortex_description/meshes) by extensions ['colcon_meta']
[0.266s] colcon.colcon_core.package_identification Level 1 _identify(public/robots/kortex_description/meshes) by extension 'colcon_meta'
[0.266s] colcon.colcon_core.package_identification Level 1 _identify(public/robots/kortex_description/meshes) by extensions ['ros']
[0.266s] colcon.colcon_core.package_identification Level 1 _identify(public/robots/kortex_description/meshes) by extension 'ros'
[0.266s] colcon.colcon_core.package_identification Level 1 _identify(public/robots/kortex_description/meshes) by extensions ['cmake', 'python']
[0.266s] colcon.colcon_core.package_identification Level 1 _identify(public/robots/kortex_description/meshes) by extension 'cmake'
[0.267s] colcon.colcon_core.package_identification Level 1 _identify(public/robots/kortex_description/meshes) by extension 'python'
[0.267s] colcon.colcon_core.package_identification Level 1 _identify(public/robots/kortex_description/meshes) by extensions ['python_setup_py']
[0.267s] colcon.colcon_core.package_identification Level 1 _identify(public/robots/kortex_description/meshes) by extension 'python_setup_py'
[0.267s] colcon.colcon_core.package_identification Level 1 _identify(public/robots/kortex_description/meshes/arms) by extensions ['ignore', 'ignore_ament_install']
[0.267s] colcon.colcon_core.package_identification Level 1 _identify(public/robots/kortex_description/meshes/arms) by extension 'ignore'
[0.267s] colcon.colcon_core.package_identification Level 1 _identify(public/robots/kortex_description/meshes/arms) by extension 'ignore_ament_install'
[0.267s] colcon.colcon_core.package_identification Level 1 _identify(public/robots/kortex_description/meshes/arms) by extensions ['colcon_pkg']
[0.267s] colcon.colcon_core.package_identification Level 1 _identify(public/robots/kortex_description/meshes/arms) by extension 'colcon_pkg'
[0.267s] colcon.colcon_core.package_identification Level 1 _identify(public/robots/kortex_description/meshes/arms) by extensions ['colcon_meta']
[0.267s] colcon.colcon_core.package_identification Level 1 _identify(public/robots/kortex_description/meshes/arms) by extension 'colcon_meta'
[0.267s] colcon.colcon_core.package_identification Level 1 _identify(public/robots/kortex_description/meshes/arms) by extensions ['ros']
[0.267s] colcon.colcon_core.package_identification Level 1 _identify(public/robots/kortex_description/meshes/arms) by extension 'ros'
[0.267s] colcon.colcon_core.package_identification Level 1 _identify(public/robots/kortex_description/meshes/arms) by extensions ['cmake', 'python']
[0.267s] colcon.colcon_core.package_identification Level 1 _identify(public/robots/kortex_description/meshes/arms) by extension 'cmake'
[0.267s] colcon.colcon_core.package_identification Level 1 _identify(public/robots/kortex_description/meshes/arms) by extension 'python'
[0.267s] colcon.colcon_core.package_identification Level 1 _identify(public/robots/kortex_description/meshes/arms) by extensions ['python_setup_py']
[0.267s] colcon.colcon_core.package_identification Level 1 _identify(public/robots/kortex_description/meshes/arms) by extension 'python_setup_py'
[0.267s] colcon.colcon_core.package_identification Level 1 _identify(public/robots/kortex_description/meshes/arms/gen3) by extensions ['ignore', 'ignore_ament_install']
[0.268s] colcon.colcon_core.package_identification Level 1 _identify(public/robots/kortex_description/meshes/arms/gen3) by extension 'ignore'
[0.268s] colcon.colcon_core.package_identification Level 1 _identify(public/robots/kortex_description/meshes/arms/gen3) by extension 'ignore_ament_install'
[0.268s] colcon.colcon_core.package_identification Level 1 _identify(public/robots/kortex_description/meshes/arms/gen3) by extensions ['colcon_pkg']
[0.268s] colcon.colcon_core.package_identification Level 1 _identify(public/robots/kortex_description/meshes/arms/gen3) by extension 'colcon_pkg'
[0.268s] colcon.colcon_core.package_identification Level 1 _identify(public/robots/kortex_description/meshes/arms/gen3) by extensions ['colcon_meta']
[0.268s] colcon.colcon_core.package_identification Level 1 _identify(public/robots/kortex_description/meshes/arms/gen3) by extension 'colcon_meta'
[0.268s] colcon.colcon_core.package_identification Level 1 _identify(public/robots/kortex_description/meshes/arms/gen3) by extensions ['ros']
[0.268s] colcon.colcon_core.package_identification Level 1 _identify(public/robots/kortex_description/meshes/arms/gen3) by extension 'ros'
[0.268s] colcon.colcon_core.package_identification Level 1 _identify(public/robots/kortex_description/meshes/arms/gen3) by extensions ['cmake', 'python']
[0.268s] colcon.colcon_core.package_identification Level 1 _identify(public/robots/kortex_description/meshes/arms/gen3) by extension 'cmake'
[0.268s] colcon.colcon_core.package_identification Level 1 _identify(public/robots/kortex_description/meshes/arms/gen3) by extension 'python'
[0.268s] colcon.colcon_core.package_identification Level 1 _identify(public/robots/kortex_description/meshes/arms/gen3) by extensions ['python_setup_py']
[0.268s] colcon.colcon_core.package_identification Level 1 _identify(public/robots/kortex_description/meshes/arms/gen3) by extension 'python_setup_py'
[0.268s] colcon.colcon_core.package_identification Level 1 _identify(public/robots/kortex_description/meshes/arms/gen3/7dof) by extensions ['ignore', 'ignore_ament_install']
[0.268s] colcon.colcon_core.package_identification Level 1 _identify(public/robots/kortex_description/meshes/arms/gen3/7dof) by extension 'ignore'
[0.268s] colcon.colcon_core.package_identification Level 1 _identify(public/robots/kortex_description/meshes/arms/gen3/7dof) by extension 'ignore_ament_install'
[0.268s] colcon.colcon_core.package_identification Level 1 _identify(public/robots/kortex_description/meshes/arms/gen3/7dof) by extensions ['colcon_pkg']
[0.268s] colcon.colcon_core.package_identification Level 1 _identify(public/robots/kortex_description/meshes/arms/gen3/7dof) by extension 'colcon_pkg'
[0.269s] colcon.colcon_core.package_identification Level 1 _identify(public/robots/kortex_description/meshes/arms/gen3/7dof) by extensions ['colcon_meta']
[0.269s] colcon.colcon_core.package_identification Level 1 _identify(public/robots/kortex_description/meshes/arms/gen3/7dof) by extension 'colcon_meta'
[0.269s] colcon.colcon_core.package_identification Level 1 _identify(public/robots/kortex_description/meshes/arms/gen3/7dof) by extensions ['ros']
[0.269s] colcon.colcon_core.package_identification Level 1 _identify(public/robots/kortex_description/meshes/arms/gen3/7dof) by extension 'ros'
[0.269s] colcon.colcon_core.package_identification Level 1 _identify(public/robots/kortex_description/meshes/arms/gen3/7dof) by extensions ['cmake', 'python']
[0.269s] colcon.colcon_core.package_identification Level 1 _identify(public/robots/kortex_description/meshes/arms/gen3/7dof) by extension 'cmake'
[0.269s] colcon.colcon_core.package_identification Level 1 _identify(public/robots/kortex_description/meshes/arms/gen3/7dof) by extension 'python'
[0.269s] colcon.colcon_core.package_identification Level 1 _identify(public/robots/kortex_description/meshes/arms/gen3/7dof) by extensions ['python_setup_py']
[0.269s] colcon.colcon_core.package_identification Level 1 _identify(public/robots/kortex_description/meshes/arms/gen3/7dof) by extension 'python_setup_py'
[0.269s] colcon.colcon_core.package_identification Level 1 _identify(public/robots/kortex_description/meshes/arms/gen3/7dof/meshes) by extensions ['ignore', 'ignore_ament_install']
[0.269s] colcon.colcon_core.package_identification Level 1 _identify(public/robots/kortex_description/meshes/arms/gen3/7dof/meshes) by extension 'ignore'
[0.269s] colcon.colcon_core.package_identification Level 1 _identify(public/robots/kortex_description/meshes/arms/gen3/7dof/meshes) by extension 'ignore_ament_install'
[0.269s] colcon.colcon_core.package_identification Level 1 _identify(public/robots/kortex_description/meshes/arms/gen3/7dof/meshes) by extensions ['colcon_pkg']
[0.269s] colcon.colcon_core.package_identification Level 1 _identify(public/robots/kortex_description/meshes/arms/gen3/7dof/meshes) by extension 'colcon_pkg'
[0.269s] colcon.colcon_core.package_identification Level 1 _identify(public/robots/kortex_description/meshes/arms/gen3/7dof/meshes) by extensions ['colcon_meta']
[0.269s] colcon.colcon_core.package_identification Level 1 _identify(public/robots/kortex_description/meshes/arms/gen3/7dof/meshes) by extension 'colcon_meta'
[0.269s] colcon.colcon_core.package_identification Level 1 _identify(public/robots/kortex_description/meshes/arms/gen3/7dof/meshes) by extensions ['ros']
[0.269s] colcon.colcon_core.package_identification Level 1 _identify(public/robots/kortex_description/meshes/arms/gen3/7dof/meshes) by extension 'ros'
[0.270s] colcon.colcon_core.package_identification Level 1 _identify(public/robots/kortex_description/meshes/arms/gen3/7dof/meshes) by extensions ['cmake', 'python']
[0.270s] colcon.colcon_core.package_identification Level 1 _identify(public/robots/kortex_description/meshes/arms/gen3/7dof/meshes) by extension 'cmake'
[0.270s] colcon.colcon_core.package_identification Level 1 _identify(public/robots/kortex_description/meshes/arms/gen3/7dof/meshes) by extension 'python'
[0.270s] colcon.colcon_core.package_identification Level 1 _identify(public/robots/kortex_description/meshes/arms/gen3/7dof/meshes) by extensions ['python_setup_py']
[0.270s] colcon.colcon_core.package_identification Level 1 _identify(public/robots/kortex_description/meshes/arms/gen3/7dof/meshes) by extension 'python_setup_py'
[0.270s] colcon.colcon_core.package_identification Level 1 _identify(public/robots/kortex_description/urdf) by extensions ['ignore', 'ignore_ament_install']
[0.270s] colcon.colcon_core.package_identification Level 1 _identify(public/robots/kortex_description/urdf) by extension 'ignore'
[0.270s] colcon.colcon_core.package_identification Level 1 _identify(public/robots/kortex_description/urdf) by extension 'ignore_ament_install'
[0.270s] colcon.colcon_core.package_identification Level 1 _identify(public/robots/kortex_description/urdf) by extensions ['colcon_pkg']
[0.270s] colcon.colcon_core.package_identification Level 1 _identify(public/robots/kortex_description/urdf) by extension 'colcon_pkg'
[0.270s] colcon.colcon_core.package_identification Level 1 _identify(public/robots/kortex_description/urdf) by extensions ['colcon_meta']
[0.270s] colcon.colcon_core.package_identification Level 1 _identify(public/robots/kortex_description/urdf) by extension 'colcon_meta'
[0.270s] colcon.colcon_core.package_identification Level 1 _identify(public/robots/kortex_description/urdf) by extensions ['ros']
[0.270s] colcon.colcon_core.package_identification Level 1 _identify(public/robots/kortex_description/urdf) by extension 'ros'
[0.270s] colcon.colcon_core.package_identification Level 1 _identify(public/robots/kortex_description/urdf) by extensions ['cmake', 'python']
[0.270s] colcon.colcon_core.package_identification Level 1 _identify(public/robots/kortex_description/urdf) by extension 'cmake'
[0.270s] colcon.colcon_core.package_identification Level 1 _identify(public/robots/kortex_description/urdf) by extension 'python'
[0.270s] colcon.colcon_core.package_identification Level 1 _identify(public/robots/kortex_description/urdf) by extensions ['python_setup_py']
[0.271s] colcon.colcon_core.package_identification Level 1 _identify(public/robots/kortex_description/urdf) by extension 'python_setup_py'
[0.271s] colcon.colcon_core.package_identification Level 1 _identify(public/robots/kuka_kr6_support) by extensions ['ignore', 'ignore_ament_install']
[0.271s] colcon.colcon_core.package_identification Level 1 _identify(public/robots/kuka_kr6_support) by extension 'ignore'
[0.271s] colcon.colcon_core.package_identification Level 1 _identify(public/robots/kuka_kr6_support) by extension 'ignore_ament_install'
[0.271s] colcon.colcon_core.package_identification Level 1 _identify(public/robots/kuka_kr6_support) by extensions ['colcon_pkg']
[0.271s] colcon.colcon_core.package_identification Level 1 _identify(public/robots/kuka_kr6_support) by extension 'colcon_pkg'
[0.271s] colcon.colcon_core.package_identification Level 1 _identify(public/robots/kuka_kr6_support) by extensions ['colcon_meta']
[0.271s] colcon.colcon_core.package_identification Level 1 _identify(public/robots/kuka_kr6_support) by extension 'colcon_meta'
[0.271s] colcon.colcon_core.package_identification Level 1 _identify(public/robots/kuka_kr6_support) by extensions ['ros']
[0.271s] colcon.colcon_core.package_identification Level 1 _identify(public/robots/kuka_kr6_support) by extension 'ros'
[0.271s] colcon.colcon_core.package_identification Level 1 _identify(public/robots/kuka_kr6_support) by extensions ['cmake', 'python']
[0.271s] colcon.colcon_core.package_identification Level 1 _identify(public/robots/kuka_kr6_support) by extension 'cmake'
[0.271s] colcon.colcon_core.package_identification Level 1 _identify(public/robots/kuka_kr6_support) by extension 'python'
[0.271s] colcon.colcon_core.package_identification Level 1 _identify(public/robots/kuka_kr6_support) by extensions ['python_setup_py']
[0.271s] colcon.colcon_core.package_identification Level 1 _identify(public/robots/kuka_kr6_support) by extension 'python_setup_py'
[0.271s] colcon.colcon_core.package_identification Level 1 _identify(public/robots/kuka_kr6_support/meshes) by extensions ['ignore', 'ignore_ament_install']
[0.271s] colcon.colcon_core.package_identification Level 1 _identify(public/robots/kuka_kr6_support/meshes) by extension 'ignore'
[0.271s] colcon.colcon_core.package_identification Level 1 _identify(public/robots/kuka_kr6_support/meshes) by extension 'ignore_ament_install'
[0.272s] colcon.colcon_core.package_identification Level 1 _identify(public/robots/kuka_kr6_support/meshes) by extensions ['colcon_pkg']
[0.272s] colcon.colcon_core.package_identification Level 1 _identify(public/robots/kuka_kr6_support/meshes) by extension 'colcon_pkg'
[0.272s] colcon.colcon_core.package_identification Level 1 _identify(public/robots/kuka_kr6_support/meshes) by extensions ['colcon_meta']
[0.272s] colcon.colcon_core.package_identification Level 1 _identify(public/robots/kuka_kr6_support/meshes) by extension 'colcon_meta'
[0.272s] colcon.colcon_core.package_identification Level 1 _identify(public/robots/kuka_kr6_support/meshes) by extensions ['ros']
[0.272s] colcon.colcon_core.package_identification Level 1 _identify(public/robots/kuka_kr6_support/meshes) by extension 'ros'
[0.272s] colcon.colcon_core.package_identification Level 1 _identify(public/robots/kuka_kr6_support/meshes) by extensions ['cmake', 'python']
[0.272s] colcon.colcon_core.package_identification Level 1 _identify(public/robots/kuka_kr6_support/meshes) by extension 'cmake'
[0.272s] colcon.colcon_core.package_identification Level 1 _identify(public/robots/kuka_kr6_support/meshes) by extension 'python'
[0.272s] colcon.colcon_core.package_identification Level 1 _identify(public/robots/kuka_kr6_support/meshes) by extensions ['python_setup_py']
[0.272s] colcon.colcon_core.package_identification Level 1 _identify(public/robots/kuka_kr6_support/meshes) by extension 'python_setup_py'
[0.272s] colcon.colcon_core.package_identification Level 1 _identify(public/robots/kuka_kr6_support/meshes/kr6_agilus) by extensions ['ignore', 'ignore_ament_install']
[0.272s] colcon.colcon_core.package_identification Level 1 _identify(public/robots/kuka_kr6_support/meshes/kr6_agilus) by extension 'ignore'
[0.272s] colcon.colcon_core.package_identification Level 1 _identify(public/robots/kuka_kr6_support/meshes/kr6_agilus) by extension 'ignore_ament_install'
[0.272s] colcon.colcon_core.package_identification Level 1 _identify(public/robots/kuka_kr6_support/meshes/kr6_agilus) by extensions ['colcon_pkg']
[0.272s] colcon.colcon_core.package_identification Level 1 _identify(public/robots/kuka_kr6_support/meshes/kr6_agilus) by extension 'colcon_pkg'
[0.272s] colcon.colcon_core.package_identification Level 1 _identify(public/robots/kuka_kr6_support/meshes/kr6_agilus) by extensions ['colcon_meta']
[0.272s] colcon.colcon_core.package_identification Level 1 _identify(public/robots/kuka_kr6_support/meshes/kr6_agilus) by extension 'colcon_meta'
[0.273s] colcon.colcon_core.package_identification Level 1 _identify(public/robots/kuka_kr6_support/meshes/kr6_agilus) by extensions ['ros']
[0.273s] colcon.colcon_core.package_identification Level 1 _identify(public/robots/kuka_kr6_support/meshes/kr6_agilus) by extension 'ros'
[0.273s] colcon.colcon_core.package_identification Level 1 _identify(public/robots/kuka_kr6_support/meshes/kr6_agilus) by extensions ['cmake', 'python']
[0.273s] colcon.colcon_core.package_identification Level 1 _identify(public/robots/kuka_kr6_support/meshes/kr6_agilus) by extension 'cmake'
[0.273s] colcon.colcon_core.package_identification Level 1 _identify(public/robots/kuka_kr6_support/meshes/kr6_agilus) by extension 'python'
[0.273s] colcon.colcon_core.package_identification Level 1 _identify(public/robots/kuka_kr6_support/meshes/kr6_agilus) by extensions ['python_setup_py']
[0.273s] colcon.colcon_core.package_identification Level 1 _identify(public/robots/kuka_kr6_support/meshes/kr6_agilus) by extension 'python_setup_py'
[0.273s] colcon.colcon_core.package_identification Level 1 _identify(public/robots/kuka_kr6_support/meshes/kr6_agilus/collision) by extensions ['ignore', 'ignore_ament_install']
[0.273s] colcon.colcon_core.package_identification Level 1 _identify(public/robots/kuka_kr6_support/meshes/kr6_agilus/collision) by extension 'ignore'
[0.273s] colcon.colcon_core.package_identification Level 1 _identify(public/robots/kuka_kr6_support/meshes/kr6_agilus/collision) by extension 'ignore_ament_install'
[0.273s] colcon.colcon_core.package_identification Level 1 _identify(public/robots/kuka_kr6_support/meshes/kr6_agilus/collision) by extensions ['colcon_pkg']
[0.273s] colcon.colcon_core.package_identification Level 1 _identify(public/robots/kuka_kr6_support/meshes/kr6_agilus/collision) by extension 'colcon_pkg'
[0.273s] colcon.colcon_core.package_identification Level 1 _identify(public/robots/kuka_kr6_support/meshes/kr6_agilus/collision) by extensions ['colcon_meta']
[0.273s] colcon.colcon_core.package_identification Level 1 _identify(public/robots/kuka_kr6_support/meshes/kr6_agilus/collision) by extension 'colcon_meta'
[0.273s] colcon.colcon_core.package_identification Level 1 _identify(public/robots/kuka_kr6_support/meshes/kr6_agilus/collision) by extensions ['ros']
[0.273s] colcon.colcon_core.package_identification Level 1 _identify(public/robots/kuka_kr6_support/meshes/kr6_agilus/collision) by extension 'ros'
[0.273s] colcon.colcon_core.package_identification Level 1 _identify(public/robots/kuka_kr6_support/meshes/kr6_agilus/collision) by extensions ['cmake', 'python']
[0.274s] colcon.colcon_core.package_identification Level 1 _identify(public/robots/kuka_kr6_support/meshes/kr6_agilus/collision) by extension 'cmake'
[0.274s] colcon.colcon_core.package_identification Level 1 _identify(public/robots/kuka_kr6_support/meshes/kr6_agilus/collision) by extension 'python'
[0.274s] colcon.colcon_core.package_identification Level 1 _identify(public/robots/kuka_kr6_support/meshes/kr6_agilus/collision) by extensions ['python_setup_py']
[0.274s] colcon.colcon_core.package_identification Level 1 _identify(public/robots/kuka_kr6_support/meshes/kr6_agilus/collision) by extension 'python_setup_py'
[0.274s] colcon.colcon_core.package_identification Level 1 _identify(public/robots/kuka_kr6_support/meshes/kr6_agilus/visual) by extensions ['ignore', 'ignore_ament_install']
[0.274s] colcon.colcon_core.package_identification Level 1 _identify(public/robots/kuka_kr6_support/meshes/kr6_agilus/visual) by extension 'ignore'
[0.274s] colcon.colcon_core.package_identification Level 1 _identify(public/robots/kuka_kr6_support/meshes/kr6_agilus/visual) by extension 'ignore_ament_install'
[0.274s] colcon.colcon_core.package_identification Level 1 _identify(public/robots/kuka_kr6_support/meshes/kr6_agilus/visual) by extensions ['colcon_pkg']
[0.274s] colcon.colcon_core.package_identification Level 1 _identify(public/robots/kuka_kr6_support/meshes/kr6_agilus/visual) by extension 'colcon_pkg'
[0.274s] colcon.colcon_core.package_identification Level 1 _identify(public/robots/kuka_kr6_support/meshes/kr6_agilus/visual) by extensions ['colcon_meta']
[0.274s] colcon.colcon_core.package_identification Level 1 _identify(public/robots/kuka_kr6_support/meshes/kr6_agilus/visual) by extension 'colcon_meta'
[0.274s] colcon.colcon_core.package_identification Level 1 _identify(public/robots/kuka_kr6_support/meshes/kr6_agilus/visual) by extensions ['ros']
[0.274s] colcon.colcon_core.package_identification Level 1 _identify(public/robots/kuka_kr6_support/meshes/kr6_agilus/visual) by extension 'ros'
[0.274s] colcon.colcon_core.package_identification Level 1 _identify(public/robots/kuka_kr6_support/meshes/kr6_agilus/visual) by extensions ['cmake', 'python']
[0.274s] colcon.colcon_core.package_identification Level 1 _identify(public/robots/kuka_kr6_support/meshes/kr6_agilus/visual) by extension 'cmake'
[0.274s] colcon.colcon_core.package_identification Level 1 _identify(public/robots/kuka_kr6_support/meshes/kr6_agilus/visual) by extension 'python'
[0.274s] colcon.colcon_core.package_identification Level 1 _identify(public/robots/kuka_kr6_support/meshes/kr6_agilus/visual) by extensions ['python_setup_py']
[0.274s] colcon.colcon_core.package_identification Level 1 _identify(public/robots/kuka_kr6_support/meshes/kr6_agilus/visual) by extension 'python_setup_py'
[0.275s] colcon.colcon_core.package_identification Level 1 _identify(public/robots/kuka_kr6_support/meshes/kr6r900sixx) by extensions ['ignore', 'ignore_ament_install']
[0.275s] colcon.colcon_core.package_identification Level 1 _identify(public/robots/kuka_kr6_support/meshes/kr6r900sixx) by extension 'ignore'
[0.275s] colcon.colcon_core.package_identification Level 1 _identify(public/robots/kuka_kr6_support/meshes/kr6r900sixx) by extension 'ignore_ament_install'
[0.275s] colcon.colcon_core.package_identification Level 1 _identify(public/robots/kuka_kr6_support/meshes/kr6r900sixx) by extensions ['colcon_pkg']
[0.275s] colcon.colcon_core.package_identification Level 1 _identify(public/robots/kuka_kr6_support/meshes/kr6r900sixx) by extension 'colcon_pkg'
[0.275s] colcon.colcon_core.package_identification Level 1 _identify(public/robots/kuka_kr6_support/meshes/kr6r900sixx) by extensions ['colcon_meta']
[0.275s] colcon.colcon_core.package_identification Level 1 _identify(public/robots/kuka_kr6_support/meshes/kr6r900sixx) by extension 'colcon_meta'
[0.275s] colcon.colcon_core.package_identification Level 1 _identify(public/robots/kuka_kr6_support/meshes/kr6r900sixx) by extensions ['ros']
[0.275s] colcon.colcon_core.package_identification Level 1 _identify(public/robots/kuka_kr6_support/meshes/kr6r900sixx) by extension 'ros'
[0.275s] colcon.colcon_core.package_identification Level 1 _identify(public/robots/kuka_kr6_support/meshes/kr6r900sixx) by extensions ['cmake', 'python']
[0.275s] colcon.colcon_core.package_identification Level 1 _identify(public/robots/kuka_kr6_support/meshes/kr6r900sixx) by extension 'cmake'
[0.275s] colcon.colcon_core.package_identification Level 1 _identify(public/robots/kuka_kr6_support/meshes/kr6r900sixx) by extension 'python'
[0.275s] colcon.colcon_core.package_identification Level 1 _identify(public/robots/kuka_kr6_support/meshes/kr6r900sixx) by extensions ['python_setup_py']
[0.275s] colcon.colcon_core.package_identification Level 1 _identify(public/robots/kuka_kr6_support/meshes/kr6r900sixx) by extension 'python_setup_py'
[0.275s] colcon.colcon_core.package_identification Level 1 _identify(public/robots/kuka_kr6_support/meshes/kr6r900sixx/collision) by extensions ['ignore', 'ignore_ament_install']
[0.275s] colcon.colcon_core.package_identification Level 1 _identify(public/robots/kuka_kr6_support/meshes/kr6r900sixx/collision) by extension 'ignore'
[0.276s] colcon.colcon_core.package_identification Level 1 _identify(public/robots/kuka_kr6_support/meshes/kr6r900sixx/collision) by extension 'ignore_ament_install'
[0.276s] colcon.colcon_core.package_identification Level 1 _identify(public/robots/kuka_kr6_support/meshes/kr6r900sixx/collision) by extensions ['colcon_pkg']
[0.276s] colcon.colcon_core.package_identification Level 1 _identify(public/robots/kuka_kr6_support/meshes/kr6r900sixx/collision) by extension 'colcon_pkg'
[0.276s] colcon.colcon_core.package_identification Level 1 _identify(public/robots/kuka_kr6_support/meshes/kr6r900sixx/collision) by extensions ['colcon_meta']
[0.276s] colcon.colcon_core.package_identification Level 1 _identify(public/robots/kuka_kr6_support/meshes/kr6r900sixx/collision) by extension 'colcon_meta'
[0.276s] colcon.colcon_core.package_identification Level 1 _identify(public/robots/kuka_kr6_support/meshes/kr6r900sixx/collision) by extensions ['ros']
[0.276s] colcon.colcon_core.package_identification Level 1 _identify(public/robots/kuka_kr6_support/meshes/kr6r900sixx/collision) by extension 'ros'
[0.276s] colcon.colcon_core.package_identification Level 1 _identify(public/robots/kuka_kr6_support/meshes/kr6r900sixx/collision) by extensions ['cmake', 'python']
[0.276s] colcon.colcon_core.package_identification Level 1 _identify(public/robots/kuka_kr6_support/meshes/kr6r900sixx/collision) by extension 'cmake'
[0.276s] colcon.colcon_core.package_identification Level 1 _identify(public/robots/kuka_kr6_support/meshes/kr6r900sixx/collision) by extension 'python'
[0.276s] colcon.colcon_core.package_identification Level 1 _identify(public/robots/kuka_kr6_support/meshes/kr6r900sixx/collision) by extensions ['python_setup_py']
[0.276s] colcon.colcon_core.package_identification Level 1 _identify(public/robots/kuka_kr6_support/meshes/kr6r900sixx/collision) by extension 'python_setup_py'
[0.276s] colcon.colcon_core.package_identification Level 1 _identify(public/robots/kuka_kr6_support/meshes/kr6r900sixx/visual) by extensions ['ignore', 'ignore_ament_install']
[0.276s] colcon.colcon_core.package_identification Level 1 _identify(public/robots/kuka_kr6_support/meshes/kr6r900sixx/visual) by extension 'ignore'
[0.276s] colcon.colcon_core.package_identification Level 1 _identify(public/robots/kuka_kr6_support/meshes/kr6r900sixx/visual) by extension 'ignore_ament_install'
[0.276s] colcon.colcon_core.package_identification Level 1 _identify(public/robots/kuka_kr6_support/meshes/kr6r900sixx/visual) by extensions ['colcon_pkg']
[0.276s] colcon.colcon_core.package_identification Level 1 _identify(public/robots/kuka_kr6_support/meshes/kr6r900sixx/visual) by extension 'colcon_pkg'
[0.277s] colcon.colcon_core.package_identification Level 1 _identify(public/robots/kuka_kr6_support/meshes/kr6r900sixx/visual) by extensions ['colcon_meta']
[0.277s] colcon.colcon_core.package_identification Level 1 _identify(public/robots/kuka_kr6_support/meshes/kr6r900sixx/visual) by extension 'colcon_meta'
[0.277s] colcon.colcon_core.package_identification Level 1 _identify(public/robots/kuka_kr6_support/meshes/kr6r900sixx/visual) by extensions ['ros']
[0.277s] colcon.colcon_core.package_identification Level 1 _identify(public/robots/kuka_kr6_support/meshes/kr6r900sixx/visual) by extension 'ros'
[0.277s] colcon.colcon_core.package_identification Level 1 _identify(public/robots/kuka_kr6_support/meshes/kr6r900sixx/visual) by extensions ['cmake', 'python']
[0.277s] colcon.colcon_core.package_identification Level 1 _identify(public/robots/kuka_kr6_support/meshes/kr6r900sixx/visual) by extension 'cmake'
[0.277s] colcon.colcon_core.package_identification Level 1 _identify(public/robots/kuka_kr6_support/meshes/kr6r900sixx/visual) by extension 'python'
[0.277s] colcon.colcon_core.package_identification Level 1 _identify(public/robots/kuka_kr6_support/meshes/kr6r900sixx/visual) by extensions ['python_setup_py']
[0.277s] colcon.colcon_core.package_identification Level 1 _identify(public/robots/kuka_kr6_support/meshes/kr6r900sixx/visual) by extension 'python_setup_py'
[0.277s] colcon.colcon_core.package_identification Level 1 _identify(public/robots/kuka_kr6_support/urdf) by extensions ['ignore', 'ignore_ament_install']
[0.277s] colcon.colcon_core.package_identification Level 1 _identify(public/robots/kuka_kr6_support/urdf) by extension 'ignore'
[0.277s] colcon.colcon_core.package_identification Level 1 _identify(public/robots/kuka_kr6_support/urdf) by extension 'ignore_ament_install'
[0.277s] colcon.colcon_core.package_identification Level 1 _identify(public/robots/kuka_kr6_support/urdf) by extensions ['colcon_pkg']
[0.277s] colcon.colcon_core.package_identification Level 1 _identify(public/robots/kuka_kr6_support/urdf) by extension 'colcon_pkg'
[0.277s] colcon.colcon_core.package_identification Level 1 _identify(public/robots/kuka_kr6_support/urdf) by extensions ['colcon_meta']
[0.277s] colcon.colcon_core.package_identification Level 1 _identify(public/robots/kuka_kr6_support/urdf) by extension 'colcon_meta'
[0.278s] colcon.colcon_core.package_identification Level 1 _identify(public/robots/kuka_kr6_support/urdf) by extensions ['ros']
[0.278s] colcon.colcon_core.package_identification Level 1 _identify(public/robots/kuka_kr6_support/urdf) by extension 'ros'
[0.278s] colcon.colcon_core.package_identification Level 1 _identify(public/robots/kuka_kr6_support/urdf) by extensions ['cmake', 'python']
[0.278s] colcon.colcon_core.package_identification Level 1 _identify(public/robots/kuka_kr6_support/urdf) by extension 'cmake'
[0.278s] colcon.colcon_core.package_identification Level 1 _identify(public/robots/kuka_kr6_support/urdf) by extension 'python'
[0.278s] colcon.colcon_core.package_identification Level 1 _identify(public/robots/kuka_kr6_support/urdf) by extensions ['python_setup_py']
[0.278s] colcon.colcon_core.package_identification Level 1 _identify(public/robots/kuka_kr6_support/urdf) by extension 'python_setup_py'
[0.278s] colcon.colcon_core.package_identification Level 1 _identify(public/robots/moveit) by extensions ['ignore', 'ignore_ament_install']
[0.278s] colcon.colcon_core.package_identification Level 1 _identify(public/robots/moveit) by extension 'ignore'
[0.278s] colcon.colcon_core.package_identification Level 1 _identify(public/robots/moveit) by extension 'ignore_ament_install'
[0.278s] colcon.colcon_core.package_identification Level 1 _identify(public/robots/moveit) by extensions ['colcon_pkg']
[0.278s] colcon.colcon_core.package_identification Level 1 _identify(public/robots/moveit) by extension 'colcon_pkg'
[0.278s] colcon.colcon_core.package_identification Level 1 _identify(public/robots/moveit) by extensions ['colcon_meta']
[0.278s] colcon.colcon_core.package_identification Level 1 _identify(public/robots/moveit) by extension 'colcon_meta'
[0.278s] colcon.colcon_core.package_identification Level 1 _identify(public/robots/moveit) by extensions ['ros']
[0.278s] colcon.colcon_core.package_identification Level 1 _identify(public/robots/moveit) by extension 'ros'
[0.278s] colcon.colcon_core.package_identification Level 1 _identify(public/robots/moveit) by extensions ['cmake', 'python']
[0.278s] colcon.colcon_core.package_identification Level 1 _identify(public/robots/moveit) by extension 'cmake'
[0.279s] colcon.colcon_core.package_identification Level 1 _identify(public/robots/moveit) by extension 'python'
[0.279s] colcon.colcon_core.package_identification Level 1 _identify(public/robots/moveit) by extensions ['python_setup_py']
[0.279s] colcon.colcon_core.package_identification Level 1 _identify(public/robots/moveit) by extension 'python_setup_py'
[0.279s] colcon.colcon_core.package_identification Level 1 _identify(public/robots/scout_description) by extensions ['ignore', 'ignore_ament_install']
[0.279s] colcon.colcon_core.package_identification Level 1 _identify(public/robots/scout_description) by extension 'ignore'
[0.279s] colcon.colcon_core.package_identification Level 1 _identify(public/robots/scout_description) by extension 'ignore_ament_install'
[0.279s] colcon.colcon_core.package_identification Level 1 _identify(public/robots/scout_description) by extensions ['colcon_pkg']
[0.279s] colcon.colcon_core.package_identification Level 1 _identify(public/robots/scout_description) by extension 'colcon_pkg'
[0.279s] colcon.colcon_core.package_identification Level 1 _identify(public/robots/scout_description) by extensions ['colcon_meta']
[0.279s] colcon.colcon_core.package_identification Level 1 _identify(public/robots/scout_description) by extension 'colcon_meta'
[0.279s] colcon.colcon_core.package_identification Level 1 _identify(public/robots/scout_description) by extensions ['ros']
[0.279s] colcon.colcon_core.package_identification Level 1 _identify(public/robots/scout_description) by extension 'ros'
[0.279s] colcon.colcon_core.package_identification Level 1 _identify(public/robots/scout_description) by extensions ['cmake', 'python']
[0.279s] colcon.colcon_core.package_identification Level 1 _identify(public/robots/scout_description) by extension 'cmake'
[0.279s] colcon.colcon_core.package_identification Level 1 _identify(public/robots/scout_description) by extension 'python'
[0.279s] colcon.colcon_core.package_identification Level 1 _identify(public/robots/scout_description) by extensions ['python_setup_py']
[0.280s] colcon.colcon_core.package_identification Level 1 _identify(public/robots/scout_description) by extension 'python_setup_py'
[0.280s] colcon.colcon_core.package_identification Level 1 _identify(public/robots/scout_description/meshes) by extensions ['ignore', 'ignore_ament_install']
[0.280s] colcon.colcon_core.package_identification Level 1 _identify(public/robots/scout_description/meshes) by extension 'ignore'
[0.280s] colcon.colcon_core.package_identification Level 1 _identify(public/robots/scout_description/meshes) by extension 'ignore_ament_install'
[0.280s] colcon.colcon_core.package_identification Level 1 _identify(public/robots/scout_description/meshes) by extensions ['colcon_pkg']
[0.280s] colcon.colcon_core.package_identification Level 1 _identify(public/robots/scout_description/meshes) by extension 'colcon_pkg'
[0.280s] colcon.colcon_core.package_identification Level 1 _identify(public/robots/scout_description/meshes) by extensions ['colcon_meta']
[0.280s] colcon.colcon_core.package_identification Level 1 _identify(public/robots/scout_description/meshes) by extension 'colcon_meta'
[0.280s] colcon.colcon_core.package_identification Level 1 _identify(public/robots/scout_description/meshes) by extensions ['ros']
[0.280s] colcon.colcon_core.package_identification Level 1 _identify(public/robots/scout_description/meshes) by extension 'ros'
[0.280s] colcon.colcon_core.package_identification Level 1 _identify(public/robots/scout_description/meshes) by extensions ['cmake', 'python']
[0.280s] colcon.colcon_core.package_identification Level 1 _identify(public/robots/scout_description/meshes) by extension 'cmake'
[0.280s] colcon.colcon_core.package_identification Level 1 _identify(public/robots/scout_description/meshes) by extension 'python'
[0.280s] colcon.colcon_core.package_identification Level 1 _identify(public/robots/scout_description/meshes) by extensions ['python_setup_py']
[0.280s] colcon.colcon_core.package_identification Level 1 _identify(public/robots/scout_description/meshes) by extension 'python_setup_py'
[0.280s] colcon.colcon_core.package_identification Level 1 _identify(public/robots/scout_description/urdf) by extensions ['ignore', 'ignore_ament_install']
[0.280s] colcon.colcon_core.package_identification Level 1 _identify(public/robots/scout_description/urdf) by extension 'ignore'
[0.281s] colcon.colcon_core.package_identification Level 1 _identify(public/robots/scout_description/urdf) by extension 'ignore_ament_install'
[0.281s] colcon.colcon_core.package_identification Level 1 _identify(public/robots/scout_description/urdf) by extensions ['colcon_pkg']
[0.281s] colcon.colcon_core.package_identification Level 1 _identify(public/robots/scout_description/urdf) by extension 'colcon_pkg'
[0.281s] colcon.colcon_core.package_identification Level 1 _identify(public/robots/scout_description/urdf) by extensions ['colcon_meta']
[0.281s] colcon.colcon_core.package_identification Level 1 _identify(public/robots/scout_description/urdf) by extension 'colcon_meta'
[0.281s] colcon.colcon_core.package_identification Level 1 _identify(public/robots/scout_description/urdf) by extensions ['ros']
[0.281s] colcon.colcon_core.package_identification Level 1 _identify(public/robots/scout_description/urdf) by extension 'ros'
[0.281s] colcon.colcon_core.package_identification Level 1 _identify(public/robots/scout_description/urdf) by extensions ['cmake', 'python']
[0.281s] colcon.colcon_core.package_identification Level 1 _identify(public/robots/scout_description/urdf) by extension 'cmake'
[0.281s] colcon.colcon_core.package_identification Level 1 _identify(public/robots/scout_description/urdf) by extension 'python'
[0.281s] colcon.colcon_core.package_identification Level 1 _identify(public/robots/scout_description/urdf) by extensions ['python_setup_py']
[0.281s] colcon.colcon_core.package_identification Level 1 _identify(public/robots/scout_description/urdf) by extension 'python_setup_py'
[0.281s] colcon.colcon_core.package_identification Level 1 _identify(public/robots/so101_description) by extensions ['ignore', 'ignore_ament_install']
[0.281s] colcon.colcon_core.package_identification Level 1 _identify(public/robots/so101_description) by extension 'ignore'
[0.281s] colcon.colcon_core.package_identification Level 1 _identify(public/robots/so101_description) by extension 'ignore_ament_install'
[0.281s] colcon.colcon_core.package_identification Level 1 _identify(public/robots/so101_description) by extensions ['colcon_pkg']
[0.282s] colcon.colcon_core.package_identification Level 1 _identify(public/robots/so101_description) by extension 'colcon_pkg'
[0.282s] colcon.colcon_core.package_identification Level 1 _identify(public/robots/so101_description) by extensions ['colcon_meta']
[0.282s] colcon.colcon_core.package_identification Level 1 _identify(public/robots/so101_description) by extension 'colcon_meta'
[0.282s] colcon.colcon_core.package_identification Level 1 _identify(public/robots/so101_description) by extensions ['ros']
[0.282s] colcon.colcon_core.package_identification Level 1 _identify(public/robots/so101_description) by extension 'ros'
[0.282s] colcon.colcon_core.package_identification Level 1 _identify(public/robots/so101_description) by extensions ['cmake', 'python']
[0.282s] colcon.colcon_core.package_identification Level 1 _identify(public/robots/so101_description) by extension 'cmake'
[0.282s] colcon.colcon_core.package_identification Level 1 _identify(public/robots/so101_description) by extension 'python'
[0.282s] colcon.colcon_core.package_identification Level 1 _identify(public/robots/so101_description) by extensions ['python_setup_py']
[0.282s] colcon.colcon_core.package_identification Level 1 _identify(public/robots/so101_description) by extension 'python_setup_py'
[0.282s] colcon.colcon_core.package_identification Level 1 _identify(public/robots/so101_description/meshes) by extensions ['ignore', 'ignore_ament_install']
[0.282s] colcon.colcon_core.package_identification Level 1 _identify(public/robots/so101_description/meshes) by extension 'ignore'
[0.282s] colcon.colcon_core.package_identification Level 1 _identify(public/robots/so101_description/meshes) by extension 'ignore_ament_install'
[0.282s] colcon.colcon_core.package_identification Level 1 _identify(public/robots/so101_description/meshes) by extensions ['colcon_pkg']
[0.282s] colcon.colcon_core.package_identification Level 1 _identify(public/robots/so101_description/meshes) by extension 'colcon_pkg'
[0.282s] colcon.colcon_core.package_identification Level 1 _identify(public/robots/so101_description/meshes) by extensions ['colcon_meta']
[0.282s] colcon.colcon_core.package_identification Level 1 _identify(public/robots/so101_description/meshes) by extension 'colcon_meta'
[0.282s] colcon.colcon_core.package_identification Level 1 _identify(public/robots/so101_description/meshes) by extensions ['ros']
[0.282s] colcon.colcon_core.package_identification Level 1 _identify(public/robots/so101_description/meshes) by extension 'ros'
[0.283s] colcon.colcon_core.package_identification Level 1 _identify(public/robots/so101_description/meshes) by extensions ['cmake', 'python']
[0.283s] colcon.colcon_core.package_identification Level 1 _identify(public/robots/so101_description/meshes) by extension 'cmake'
[0.283s] colcon.colcon_core.package_identification Level 1 _identify(public/robots/so101_description/meshes) by extension 'python'
[0.283s] colcon.colcon_core.package_identification Level 1 _identify(public/robots/so101_description/meshes) by extensions ['python_setup_py']
[0.283s] colcon.colcon_core.package_identification Level 1 _identify(public/robots/so101_description/meshes) by extension 'python_setup_py'
[0.283s] colcon.colcon_core.package_identification Level 1 _identify(public/robots/so101_description/urdf) by extensions ['ignore', 'ignore_ament_install']
[0.283s] colcon.colcon_core.package_identification Level 1 _identify(public/robots/so101_description/urdf) by extension 'ignore'
[0.283s] colcon.colcon_core.package_identification Level 1 _identify(public/robots/so101_description/urdf) by extension 'ignore_ament_install'
[0.283s] colcon.colcon_core.package_identification Level 1 _identify(public/robots/so101_description/urdf) by extensions ['colcon_pkg']
[0.283s] colcon.colcon_core.package_identification Level 1 _identify(public/robots/so101_description/urdf) by extension 'colcon_pkg'
[0.283s] colcon.colcon_core.package_identification Level 1 _identify(public/robots/so101_description/urdf) by extensions ['colcon_meta']
[0.283s] colcon.colcon_core.package_identification Level 1 _identify(public/robots/so101_description/urdf) by extension 'colcon_meta'
[0.283s] colcon.colcon_core.package_identification Level 1 _identify(public/robots/so101_description/urdf) by extensions ['ros']
[0.283s] colcon.colcon_core.package_identification Level 1 _identify(public/robots/so101_description/urdf) by extension 'ros'
[0.283s] colcon.colcon_core.package_identification Level 1 _identify(public/robots/so101_description/urdf) by extensions ['cmake', 'python']
[0.283s] colcon.colcon_core.package_identification Level 1 _identify(public/robots/so101_description/urdf) by extension 'cmake'
[0.283s] colcon.colcon_core.package_identification Level 1 _identify(public/robots/so101_description/urdf) by extension 'python'
[0.283s] colcon.colcon_core.package_identification Level 1 _identify(public/robots/so101_description/urdf) by extensions ['python_setup_py']
[0.283s] colcon.colcon_core.package_identification Level 1 _identify(public/robots/so101_description/urdf) by extension 'python_setup_py'
[0.283s] colcon.colcon_core.package_identification Level 1 _identify(public/robots/spot_description) by extensions ['ignore', 'ignore_ament_install']
[0.283s] colcon.colcon_core.package_identification Level 1 _identify(public/robots/spot_description) by extension 'ignore'
[0.284s] colcon.colcon_core.package_identification Level 1 _identify(public/robots/spot_description) by extension 'ignore_ament_install'
[0.284s] colcon.colcon_core.package_identification Level 1 _identify(public/robots/spot_description) by extensions ['colcon_pkg']
[0.284s] colcon.colcon_core.package_identification Level 1 _identify(public/robots/spot_description) by extension 'colcon_pkg'
[0.284s] colcon.colcon_core.package_identification Level 1 _identify(public/robots/spot_description) by extensions ['colcon_meta']
[0.284s] colcon.colcon_core.package_identification Level 1 _identify(public/robots/spot_description) by extension 'colcon_meta'
[0.284s] colcon.colcon_core.package_identification Level 1 _identify(public/robots/spot_description) by extensions ['ros']
[0.284s] colcon.colcon_core.package_identification Level 1 _identify(public/robots/spot_description) by extension 'ros'
[0.284s] colcon.colcon_core.package_identification Level 1 _identify(public/robots/spot_description) by extensions ['cmake', 'python']
[0.284s] colcon.colcon_core.package_identification Level 1 _identify(public/robots/spot_description) by extension 'cmake'
[0.284s] colcon.colcon_core.package_identification Level 1 _identify(public/robots/spot_description) by extension 'python'
[0.284s] colcon.colcon_core.package_identification Level 1 _identify(public/robots/spot_description) by extensions ['python_setup_py']
[0.284s] colcon.colcon_core.package_identification Level 1 _identify(public/robots/spot_description) by extension 'python_setup_py'
[0.284s] colcon.colcon_core.package_identification Level 1 _identify(public/robots/spot_description/meshes) by extensions ['ignore', 'ignore_ament_install']
[0.284s] colcon.colcon_core.package_identification Level 1 _identify(public/robots/spot_description/meshes) by extension 'ignore'
[0.284s] colcon.colcon_core.package_identification Level 1 _identify(public/robots/spot_description/meshes) by extension 'ignore_ament_install'
[0.284s] colcon.colcon_core.package_identification Level 1 _identify(public/robots/spot_description/meshes) by extensions ['colcon_pkg']
[0.284s] colcon.colcon_core.package_identification Level 1 _identify(public/robots/spot_description/meshes) by extension 'colcon_pkg'
[0.284s] colcon.colcon_core.package_identification Level 1 _identify(public/robots/spot_description/meshes) by extensions ['colcon_meta']
[0.284s] colcon.colcon_core.package_identification Level 1 _identify(public/robots/spot_description/meshes) by extension 'colcon_meta'
[0.284s] colcon.colcon_core.package_identification Level 1 _identify(public/robots/spot_description/meshes) by extensions ['ros']
[0.284s] colcon.colcon_core.package_identification Level 1 _identify(public/robots/spot_description/meshes) by extension 'ros'
[0.284s] colcon.colcon_core.package_identification Level 1 _identify(public/robots/spot_description/meshes) by extensions ['cmake', 'python']
[0.284s] colcon.colcon_core.package_identification Level 1 _identify(public/robots/spot_description/meshes) by extension 'cmake'
[0.284s] colcon.colcon_core.package_identification Level 1 _identify(public/robots/spot_description/meshes) by extension 'python'
[0.284s] colcon.colcon_core.package_identification Level 1 _identify(public/robots/spot_description/meshes) by extensions ['python_setup_py']
[0.284s] colcon.colcon_core.package_identification Level 1 _identify(public/robots/spot_description/meshes) by extension 'python_setup_py'
[0.284s] colcon.colcon_core.package_identification Level 1 _identify(public/robots/spot_description/meshes/base) by extensions ['ignore', 'ignore_ament_install']
[0.285s] colcon.colcon_core.package_identification Level 1 _identify(public/robots/spot_description/meshes/base) by extension 'ignore'
[0.285s] colcon.colcon_core.package_identification Level 1 _identify(public/robots/spot_description/meshes/base) by extension 'ignore_ament_install'
[0.285s] colcon.colcon_core.package_identification Level 1 _identify(public/robots/spot_description/meshes/base) by extensions ['colcon_pkg']
[0.285s] colcon.colcon_core.package_identification Level 1 _identify(public/robots/spot_description/meshes/base) by extension 'colcon_pkg'
[0.285s] colcon.colcon_core.package_identification Level 1 _identify(public/robots/spot_description/meshes/base) by extensions ['colcon_meta']
[0.285s] colcon.colcon_core.package_identification Level 1 _identify(public/robots/spot_description/meshes/base) by extension 'colcon_meta'
[0.285s] colcon.colcon_core.package_identification Level 1 _identify(public/robots/spot_description/meshes/base) by extensions ['ros']
[0.285s] colcon.colcon_core.package_identification Level 1 _identify(public/robots/spot_description/meshes/base) by extension 'ros'
[0.285s] colcon.colcon_core.package_identification Level 1 _identify(public/robots/spot_description/meshes/base) by extensions ['cmake', 'python']
[0.285s] colcon.colcon_core.package_identification Level 1 _identify(public/robots/spot_description/meshes/base) by extension 'cmake'
[0.285s] colcon.colcon_core.package_identification Level 1 _identify(public/robots/spot_description/meshes/base) by extension 'python'
[0.285s] colcon.colcon_core.package_identification Level 1 _identify(public/robots/spot_description/meshes/base) by extensions ['python_setup_py']
[0.285s] colcon.colcon_core.package_identification Level 1 _identify(public/robots/spot_description/meshes/base) by extension 'python_setup_py'
[0.285s] colcon.colcon_core.package_identification Level 1 _identify(public/robots/spot_description/meshes/base/collision) by extensions ['ignore', 'ignore_ament_install']
[0.285s] colcon.colcon_core.package_identification Level 1 _identify(public/robots/spot_description/meshes/base/collision) by extension 'ignore'
[0.285s] colcon.colcon_core.package_identification Level 1 _identify(public/robots/spot_description/meshes/base/collision) by extension 'ignore_ament_install'
[0.285s] colcon.colcon_core.package_identification Level 1 _identify(public/robots/spot_description/meshes/base/collision) by extensions ['colcon_pkg']
[0.285s] colcon.colcon_core.package_identification Level 1 _identify(public/robots/spot_description/meshes/base/collision) by extension 'colcon_pkg'
[0.285s] colcon.colcon_core.package_identification Level 1 _identify(public/robots/spot_description/meshes/base/collision) by extensions ['colcon_meta']
[0.285s] colcon.colcon_core.package_identification Level 1 _identify(public/robots/spot_description/meshes/base/collision) by extension 'colcon_meta'
[0.285s] colcon.colcon_core.package_identification Level 1 _identify(public/robots/spot_description/meshes/base/collision) by extensions ['ros']
[0.285s] colcon.colcon_core.package_identification Level 1 _identify(public/robots/spot_description/meshes/base/collision) by extension 'ros'
[0.286s] colcon.colcon_core.package_identification Level 1 _identify(public/robots/spot_description/meshes/base/collision) by extensions ['cmake', 'python']
[0.286s] colcon.colcon_core.package_identification Level 1 _identify(public/robots/spot_description/meshes/base/collision) by extension 'cmake'
[0.286s] colcon.colcon_core.package_identification Level 1 _identify(public/robots/spot_description/meshes/base/collision) by extension 'python'
[0.286s] colcon.colcon_core.package_identification Level 1 _identify(public/robots/spot_description/meshes/base/collision) by extensions ['python_setup_py']
[0.286s] colcon.colcon_core.package_identification Level 1 _identify(public/robots/spot_description/meshes/base/collision) by extension 'python_setup_py'
[0.286s] colcon.colcon_core.package_identification Level 1 _identify(public/robots/spot_description/meshes/base/visual) by extensions ['ignore', 'ignore_ament_install']
[0.286s] colcon.colcon_core.package_identification Level 1 _identify(public/robots/spot_description/meshes/base/visual) by extension 'ignore'
[0.286s] colcon.colcon_core.package_identification Level 1 _identify(public/robots/spot_description/meshes/base/visual) by extension 'ignore_ament_install'
[0.286s] colcon.colcon_core.package_identification Level 1 _identify(public/robots/spot_description/meshes/base/visual) by extensions ['colcon_pkg']
[0.286s] colcon.colcon_core.package_identification Level 1 _identify(public/robots/spot_description/meshes/base/visual) by extension 'colcon_pkg'
[0.286s] colcon.colcon_core.package_identification Level 1 _identify(public/robots/spot_description/meshes/base/visual) by extensions ['colcon_meta']
[0.286s] colcon.colcon_core.package_identification Level 1 _identify(public/robots/spot_description/meshes/base/visual) by extension 'colcon_meta'
[0.286s] colcon.colcon_core.package_identification Level 1 _identify(public/robots/spot_description/meshes/base/visual) by extensions ['ros']
[0.286s] colcon.colcon_core.package_identification Level 1 _identify(public/robots/spot_description/meshes/base/visual) by extension 'ros'
[0.286s] colcon.colcon_core.package_identification Level 1 _identify(public/robots/spot_description/meshes/base/visual) by extensions ['cmake', 'python']
[0.286s] colcon.colcon_core.package_identification Level 1 _identify(public/robots/spot_description/meshes/base/visual) by extension 'cmake'
[0.286s] colcon.colcon_core.package_identification Level 1 _identify(public/robots/spot_description/meshes/base/visual) by extension 'python'
[0.287s] colcon.colcon_core.package_identification Level 1 _identify(public/robots/spot_description/meshes/base/visual) by extensions ['python_setup_py']
[0.287s] colcon.colcon_core.package_identification Level 1 _identify(public/robots/spot_description/meshes/base/visual) by extension 'python_setup_py'
[0.287s] colcon.colcon_core.package_identification Level 1 _identify(public/robots/spot_description/urdf) by extensions ['ignore', 'ignore_ament_install']
[0.287s] colcon.colcon_core.package_identification Level 1 _identify(public/robots/spot_description/urdf) by extension 'ignore'
[0.287s] colcon.colcon_core.package_identification Level 1 _identify(public/robots/spot_description/urdf) by extension 'ignore_ament_install'
[0.287s] colcon.colcon_core.package_identification Level 1 _identify(public/robots/spot_description/urdf) by extensions ['colcon_pkg']
[0.287s] colcon.colcon_core.package_identification Level 1 _identify(public/robots/spot_description/urdf) by extension 'colcon_pkg'
[0.287s] colcon.colcon_core.package_identification Level 1 _identify(public/robots/spot_description/urdf) by extensions ['colcon_meta']
[0.287s] colcon.colcon_core.package_identification Level 1 _identify(public/robots/spot_description/urdf) by extension 'colcon_meta'
[0.287s] colcon.colcon_core.package_identification Level 1 _identify(public/robots/spot_description/urdf) by extensions ['ros']
[0.287s] colcon.colcon_core.package_identification Level 1 _identify(public/robots/spot_description/urdf) by extension 'ros'
[0.287s] colcon.colcon_core.package_identification Level 1 _identify(public/robots/spot_description/urdf) by extensions ['cmake', 'python']
[0.287s] colcon.colcon_core.package_identification Level 1 _identify(public/robots/spot_description/urdf) by extension 'cmake'
[0.287s] colcon.colcon_core.package_identification Level 1 _identify(public/robots/spot_description/urdf) by extension 'python'
[0.287s] colcon.colcon_core.package_identification Level 1 _identify(public/robots/spot_description/urdf) by extensions ['python_setup_py']
[0.287s] colcon.colcon_core.package_identification Level 1 _identify(public/robots/spot_description/urdf) by extension 'python_setup_py'
[0.288s] colcon.colcon_core.package_identification Level 1 _identify(public/robots/turtlebot3_description) by extensions ['ignore', 'ignore_ament_install']
[0.288s] colcon.colcon_core.package_identification Level 1 _identify(public/robots/turtlebot3_description) by extension 'ignore'
[0.288s] colcon.colcon_core.package_identification Level 1 _identify(public/robots/turtlebot3_description) by extension 'ignore_ament_install'
[0.288s] colcon.colcon_core.package_identification Level 1 _identify(public/robots/turtlebot3_description) by extensions ['colcon_pkg']
[0.288s] colcon.colcon_core.package_identification Level 1 _identify(public/robots/turtlebot3_description) by extension 'colcon_pkg'
[0.288s] colcon.colcon_core.package_identification Level 1 _identify(public/robots/turtlebot3_description) by extensions ['colcon_meta']
[0.288s] colcon.colcon_core.package_identification Level 1 _identify(public/robots/turtlebot3_description) by extension 'colcon_meta'
[0.288s] colcon.colcon_core.package_identification Level 1 _identify(public/robots/turtlebot3_description) by extensions ['ros']
[0.288s] colcon.colcon_core.package_identification Level 1 _identify(public/robots/turtlebot3_description) by extension 'ros'
[0.288s] colcon.colcon_core.package_identification Level 1 _identify(public/robots/turtlebot3_description) by extensions ['cmake', 'python']
[0.288s] colcon.colcon_core.package_identification Level 1 _identify(public/robots/turtlebot3_description) by extension 'cmake'
[0.288s] colcon.colcon_core.package_identification Level 1 _identify(public/robots/turtlebot3_description) by extension 'python'
[0.288s] colcon.colcon_core.package_identification Level 1 _identify(public/robots/turtlebot3_description) by extensions ['python_setup_py']
[0.288s] colcon.colcon_core.package_identification Level 1 _identify(public/robots/turtlebot3_description) by extension 'python_setup_py'
[0.288s] colcon.colcon_core.package_identification Level 1 _identify(public/robots/turtlebot3_description/meshes) by extensions ['ignore', 'ignore_ament_install']
[0.288s] colcon.colcon_core.package_identification Level 1 _identify(public/robots/turtlebot3_description/meshes) by extension 'ignore'
[0.288s] colcon.colcon_core.package_identification Level 1 _identify(public/robots/turtlebot3_description/meshes) by extension 'ignore_ament_install'
[0.289s] colcon.colcon_core.package_identification Level 1 _identify(public/robots/turtlebot3_description/meshes) by extensions ['colcon_pkg']
[0.289s] colcon.colcon_core.package_identification Level 1 _identify(public/robots/turtlebot3_description/meshes) by extension 'colcon_pkg'
[0.289s] colcon.colcon_core.package_identification Level 1 _identify(public/robots/turtlebot3_description/meshes) by extensions ['colcon_meta']
[0.289s] colcon.colcon_core.package_identification Level 1 _identify(public/robots/turtlebot3_description/meshes) by extension 'colcon_meta'
[0.289s] colcon.colcon_core.package_identification Level 1 _identify(public/robots/turtlebot3_description/meshes) by extensions ['ros']
[0.289s] colcon.colcon_core.package_identification Level 1 _identify(public/robots/turtlebot3_description/meshes) by extension 'ros'
[0.289s] colcon.colcon_core.package_identification Level 1 _identify(public/robots/turtlebot3_description/meshes) by extensions ['cmake', 'python']
[0.289s] colcon.colcon_core.package_identification Level 1 _identify(public/robots/turtlebot3_description/meshes) by extension 'cmake'
[0.289s] colcon.colcon_core.package_identification Level 1 _identify(public/robots/turtlebot3_description/meshes) by extension 'python'
[0.289s] colcon.colcon_core.package_identification Level 1 _identify(public/robots/turtlebot3_description/meshes) by extensions ['python_setup_py']
[0.289s] colcon.colcon_core.package_identification Level 1 _identify(public/robots/turtlebot3_description/meshes) by extension 'python_setup_py'
[0.289s] colcon.colcon_core.package_identification Level 1 _identify(public/robots/turtlebot3_description/meshes/bases) by extensions ['ignore', 'ignore_ament_install']
[0.289s] colcon.colcon_core.package_identification Level 1 _identify(public/robots/turtlebot3_description/meshes/bases) by extension 'ignore'
[0.289s] colcon.colcon_core.package_identification Level 1 _identify(public/robots/turtlebot3_description/meshes/bases) by extension 'ignore_ament_install'
[0.289s] colcon.colcon_core.package_identification Level 1 _identify(public/robots/turtlebot3_description/meshes/bases) by extensions ['colcon_pkg']
[0.289s] colcon.colcon_core.package_identification Level 1 _identify(public/robots/turtlebot3_description/meshes/bases) by extension 'colcon_pkg'
[0.289s] colcon.colcon_core.package_identification Level 1 _identify(public/robots/turtlebot3_description/meshes/bases) by extensions ['colcon_meta']
[0.289s] colcon.colcon_core.package_identification Level 1 _identify(public/robots/turtlebot3_description/meshes/bases) by extension 'colcon_meta'
[0.289s] colcon.colcon_core.package_identification Level 1 _identify(public/robots/turtlebot3_description/meshes/bases) by extensions ['ros']
[0.289s] colcon.colcon_core.package_identification Level 1 _identify(public/robots/turtlebot3_description/meshes/bases) by extension 'ros'
[0.290s] colcon.colcon_core.package_identification Level 1 _identify(public/robots/turtlebot3_description/meshes/bases) by extensions ['cmake', 'python']
[0.290s] colcon.colcon_core.package_identification Level 1 _identify(public/robots/turtlebot3_description/meshes/bases) by extension 'cmake'
[0.290s] colcon.colcon_core.package_identification Level 1 _identify(public/robots/turtlebot3_description/meshes/bases) by extension 'python'
[0.290s] colcon.colcon_core.package_identification Level 1 _identify(public/robots/turtlebot3_description/meshes/bases) by extensions ['python_setup_py']
[0.290s] colcon.colcon_core.package_identification Level 1 _identify(public/robots/turtlebot3_description/meshes/bases) by extension 'python_setup_py'
[0.290s] colcon.colcon_core.package_identification Level 1 _identify(public/robots/turtlebot3_description/meshes/sensors) by extensions ['ignore', 'ignore_ament_install']
[0.290s] colcon.colcon_core.package_identification Level 1 _identify(public/robots/turtlebot3_description/meshes/sensors) by extension 'ignore'
[0.290s] colcon.colcon_core.package_identification Level 1 _identify(public/robots/turtlebot3_description/meshes/sensors) by extension 'ignore_ament_install'
[0.290s] colcon.colcon_core.package_identification Level 1 _identify(public/robots/turtlebot3_description/meshes/sensors) by extensions ['colcon_pkg']
[0.290s] colcon.colcon_core.package_identification Level 1 _identify(public/robots/turtlebot3_description/meshes/sensors) by extension 'colcon_pkg'
[0.290s] colcon.colcon_core.package_identification Level 1 _identify(public/robots/turtlebot3_description/meshes/sensors) by extensions ['colcon_meta']
[0.290s] colcon.colcon_core.package_identification Level 1 _identify(public/robots/turtlebot3_description/meshes/sensors) by extension 'colcon_meta'
[0.290s] colcon.colcon_core.package_identification Level 1 _identify(public/robots/turtlebot3_description/meshes/sensors) by extensions ['ros']
[0.290s] colcon.colcon_core.package_identification Level 1 _identify(public/robots/turtlebot3_description/meshes/sensors) by extension 'ros'
[0.290s] colcon.colcon_core.package_identification Level 1 _identify(public/robots/turtlebot3_description/meshes/sensors) by extensions ['cmake', 'python']
[0.290s] colcon.colcon_core.package_identification Level 1 _identify(public/robots/turtlebot3_description/meshes/sensors) by extension 'cmake'
[0.290s] colcon.colcon_core.package_identification Level 1 _identify(public/robots/turtlebot3_description/meshes/sensors) by extension 'python'
[0.290s] colcon.colcon_core.package_identification Level 1 _identify(public/robots/turtlebot3_description/meshes/sensors) by extensions ['python_setup_py']
[0.290s] colcon.colcon_core.package_identification Level 1 _identify(public/robots/turtlebot3_description/meshes/sensors) by extension 'python_setup_py'
[0.290s] colcon.colcon_core.package_identification Level 1 _identify(public/robots/turtlebot3_description/meshes/wheels) by extensions ['ignore', 'ignore_ament_install']
[0.291s] colcon.colcon_core.package_identification Level 1 _identify(public/robots/turtlebot3_description/meshes/wheels) by extension 'ignore'
[0.291s] colcon.colcon_core.package_identification Level 1 _identify(public/robots/turtlebot3_description/meshes/wheels) by extension 'ignore_ament_install'
[0.291s] colcon.colcon_core.package_identification Level 1 _identify(public/robots/turtlebot3_description/meshes/wheels) by extensions ['colcon_pkg']
[0.291s] colcon.colcon_core.package_identification Level 1 _identify(public/robots/turtlebot3_description/meshes/wheels) by extension 'colcon_pkg'
[0.291s] colcon.colcon_core.package_identification Level 1 _identify(public/robots/turtlebot3_description/meshes/wheels) by extensions ['colcon_meta']
[0.291s] colcon.colcon_core.package_identification Level 1 _identify(public/robots/turtlebot3_description/meshes/wheels) by extension 'colcon_meta'
[0.291s] colcon.colcon_core.package_identification Level 1 _identify(public/robots/turtlebot3_description/meshes/wheels) by extensions ['ros']
[0.291s] colcon.colcon_core.package_identification Level 1 _identify(public/robots/turtlebot3_description/meshes/wheels) by extension 'ros'
[0.291s] colcon.colcon_core.package_identification Level 1 _identify(public/robots/turtlebot3_description/meshes/wheels) by extensions ['cmake', 'python']
[0.291s] colcon.colcon_core.package_identification Level 1 _identify(public/robots/turtlebot3_description/meshes/wheels) by extension 'cmake'
[0.291s] colcon.colcon_core.package_identification Level 1 _identify(public/robots/turtlebot3_description/meshes/wheels) by extension 'python'
[0.291s] colcon.colcon_core.package_identification Level 1 _identify(public/robots/turtlebot3_description/meshes/wheels) by extensions ['python_setup_py']
[0.291s] colcon.colcon_core.package_identification Level 1 _identify(public/robots/turtlebot3_description/meshes/wheels) by extension 'python_setup_py'
[0.291s] colcon.colcon_core.package_identification Level 1 _identify(public/robots/turtlebot3_description/urdf) by extensions ['ignore', 'ignore_ament_install']
[0.291s] colcon.colcon_core.package_identification Level 1 _identify(public/robots/turtlebot3_description/urdf) by extension 'ignore'
[0.291s] colcon.colcon_core.package_identification Level 1 _identify(public/robots/turtlebot3_description/urdf) by extension 'ignore_ament_install'
[0.291s] colcon.colcon_core.package_identification Level 1 _identify(public/robots/turtlebot3_description/urdf) by extensions ['colcon_pkg']
[0.291s] colcon.colcon_core.package_identification Level 1 _identify(public/robots/turtlebot3_description/urdf) by extension 'colcon_pkg'
[0.292s] colcon.colcon_core.package_identification Level 1 _identify(public/robots/turtlebot3_description/urdf) by extensions ['colcon_meta']
[0.292s] colcon.colcon_core.package_identification Level 1 _identify(public/robots/turtlebot3_description/urdf) by extension 'colcon_meta'
[0.292s] colcon.colcon_core.package_identification Level 1 _identify(public/robots/turtlebot3_description/urdf) by extensions ['ros']
[0.292s] colcon.colcon_core.package_identification Level 1 _identify(public/robots/turtlebot3_description/urdf) by extension 'ros'
[0.292s] colcon.colcon_core.package_identification Level 1 _identify(public/robots/turtlebot3_description/urdf) by extensions ['cmake', 'python']
[0.292s] colcon.colcon_core.package_identification Level 1 _identify(public/robots/turtlebot3_description/urdf) by extension 'cmake'
[0.292s] colcon.colcon_core.package_identification Level 1 _identify(public/robots/turtlebot3_description/urdf) by extension 'python'
[0.292s] colcon.colcon_core.package_identification Level 1 _identify(public/robots/turtlebot3_description/urdf) by extensions ['python_setup_py']
[0.292s] colcon.colcon_core.package_identification Level 1 _identify(public/robots/turtlebot3_description/urdf) by extension 'python_setup_py'
[0.292s] colcon.colcon_core.package_identification Level 1 _identify(public/robots/ur_description) by extensions ['ignore', 'ignore_ament_install']
[0.292s] colcon.colcon_core.package_identification Level 1 _identify(public/robots/ur_description) by extension 'ignore'
[0.292s] colcon.colcon_core.package_identification Level 1 _identify(public/robots/ur_description) by extension 'ignore_ament_install'
[0.292s] colcon.colcon_core.package_identification Level 1 _identify(public/robots/ur_description) by extensions ['colcon_pkg']
[0.292s] colcon.colcon_core.package_identification Level 1 _identify(public/robots/ur_description) by extension 'colcon_pkg'
[0.292s] colcon.colcon_core.package_identification Level 1 _identify(public/robots/ur_description) by extensions ['colcon_meta']
[0.292s] colcon.colcon_core.package_identification Level 1 _identify(public/robots/ur_description) by extension 'colcon_meta'
[0.292s] colcon.colcon_core.package_identification Level 1 _identify(public/robots/ur_description) by extensions ['ros']
[0.292s] colcon.colcon_core.package_identification Level 1 _identify(public/robots/ur_description) by extension 'ros'
[0.292s] colcon.colcon_core.package_identification Level 1 _identify(public/robots/ur_description) by extensions ['cmake', 'python']
[0.293s] colcon.colcon_core.package_identification Level 1 _identify(public/robots/ur_description) by extension 'cmake'
[0.293s] colcon.colcon_core.package_identification Level 1 _identify(public/robots/ur_description) by extension 'python'
[0.293s] colcon.colcon_core.package_identification Level 1 _identify(public/robots/ur_description) by extensions ['python_setup_py']
[0.293s] colcon.colcon_core.package_identification Level 1 _identify(public/robots/ur_description) by extension 'python_setup_py'
[0.293s] colcon.colcon_core.package_identification Level 1 _identify(public/robots/ur_description/meshes) by extensions ['ignore', 'ignore_ament_install']
[0.293s] colcon.colcon_core.package_identification Level 1 _identify(public/robots/ur_description/meshes) by extension 'ignore'
[0.293s] colcon.colcon_core.package_identification Level 1 _identify(public/robots/ur_description/meshes) by extension 'ignore_ament_install'
[0.293s] colcon.colcon_core.package_identification Level 1 _identify(public/robots/ur_description/meshes) by extensions ['colcon_pkg']
[0.293s] colcon.colcon_core.package_identification Level 1 _identify(public/robots/ur_description/meshes) by extension 'colcon_pkg'
[0.293s] colcon.colcon_core.package_identification Level 1 _identify(public/robots/ur_description/meshes) by extensions ['colcon_meta']
[0.293s] colcon.colcon_core.package_identification Level 1 _identify(public/robots/ur_description/meshes) by extension 'colcon_meta'
[0.293s] colcon.colcon_core.package_identification Level 1 _identify(public/robots/ur_description/meshes) by extensions ['ros']
[0.293s] colcon.colcon_core.package_identification Level 1 _identify(public/robots/ur_description/meshes) by extension 'ros'
[0.293s] colcon.colcon_core.package_identification Level 1 _identify(public/robots/ur_description/meshes) by extensions ['cmake', 'python']
[0.293s] colcon.colcon_core.package_identification Level 1 _identify(public/robots/ur_description/meshes) by extension 'cmake'
[0.293s] colcon.colcon_core.package_identification Level 1 _identify(public/robots/ur_description/meshes) by extension 'python'
[0.293s] colcon.colcon_core.package_identification Level 1 _identify(public/robots/ur_description/meshes) by extensions ['python_setup_py']
[0.293s] colcon.colcon_core.package_identification Level 1 _identify(public/robots/ur_description/meshes) by extension 'python_setup_py'
[0.293s] colcon.colcon_core.package_identification Level 1 _identify(public/robots/ur_description/meshes/ur5e) by extensions ['ignore', 'ignore_ament_install']
[0.294s] colcon.colcon_core.package_identification Level 1 _identify(public/robots/ur_description/meshes/ur5e) by extension 'ignore'
[0.294s] colcon.colcon_core.package_identification Level 1 _identify(public/robots/ur_description/meshes/ur5e) by extension 'ignore_ament_install'
[0.294s] colcon.colcon_core.package_identification Level 1 _identify(public/robots/ur_description/meshes/ur5e) by extensions ['colcon_pkg']
[0.294s] colcon.colcon_core.package_identification Level 1 _identify(public/robots/ur_description/meshes/ur5e) by extension 'colcon_pkg'
[0.294s] colcon.colcon_core.package_identification Level 1 _identify(public/robots/ur_description/meshes/ur5e) by extensions ['colcon_meta']
[0.294s] colcon.colcon_core.package_identification Level 1 _identify(public/robots/ur_description/meshes/ur5e) by extension 'colcon_meta'
[0.294s] colcon.colcon_core.package_identification Level 1 _identify(public/robots/ur_description/meshes/ur5e) by extensions ['ros']
[0.294s] colcon.colcon_core.package_identification Level 1 _identify(public/robots/ur_description/meshes/ur5e) by extension 'ros'
[0.294s] colcon.colcon_core.package_identification Level 1 _identify(public/robots/ur_description/meshes/ur5e) by extensions ['cmake', 'python']
[0.294s] colcon.colcon_core.package_identification Level 1 _identify(public/robots/ur_description/meshes/ur5e) by extension 'cmake'
[0.294s] colcon.colcon_core.package_identification Level 1 _identify(public/robots/ur_description/meshes/ur5e) by extension 'python'
[0.294s] colcon.colcon_core.package_identification Level 1 _identify(public/robots/ur_description/meshes/ur5e) by extensions ['python_setup_py']
[0.294s] colcon.colcon_core.package_identification Level 1 _identify(public/robots/ur_description/meshes/ur5e) by extension 'python_setup_py'
[0.294s] colcon.colcon_core.package_identification Level 1 _identify(public/robots/ur_description/meshes/ur5e/collision) by extensions ['ignore', 'ignore_ament_install']
[0.294s] colcon.colcon_core.package_identification Level 1 _identify(public/robots/ur_description/meshes/ur5e/collision) by extension 'ignore'
[0.294s] colcon.colcon_core.package_identification Level 1 _identify(public/robots/ur_description/meshes/ur5e/collision) by extension 'ignore_ament_install'
[0.294s] colcon.colcon_core.package_identification Level 1 _identify(public/robots/ur_description/meshes/ur5e/collision) by extensions ['colcon_pkg']
[0.294s] colcon.colcon_core.package_identification Level 1 _identify(public/robots/ur_description/meshes/ur5e/collision) by extension 'colcon_pkg'
[0.295s] colcon.colcon_core.package_identification Level 1 _identify(public/robots/ur_description/meshes/ur5e/collision) by extensions ['colcon_meta']
[0.295s] colcon.colcon_core.package_identification Level 1 _identify(public/robots/ur_description/meshes/ur5e/collision) by extension 'colcon_meta'
[0.295s] colcon.colcon_core.package_identification Level 1 _identify(public/robots/ur_description/meshes/ur5e/collision) by extensions ['ros']
[0.295s] colcon.colcon_core.package_identification Level 1 _identify(public/robots/ur_description/meshes/ur5e/collision) by extension 'ros'
[0.295s] colcon.colcon_core.package_identification Level 1 _identify(public/robots/ur_description/meshes/ur5e/collision) by extensions ['cmake', 'python']
[0.295s] colcon.colcon_core.package_identification Level 1 _identify(public/robots/ur_description/meshes/ur5e/collision) by extension 'cmake'
[0.295s] colcon.colcon_core.package_identification Level 1 _identify(public/robots/ur_description/meshes/ur5e/collision) by extension 'python'
[0.295s] colcon.colcon_core.package_identification Level 1 _identify(public/robots/ur_description/meshes/ur5e/collision) by extensions ['python_setup_py']
[0.295s] colcon.colcon_core.package_identification Level 1 _identify(public/robots/ur_description/meshes/ur5e/collision) by extension 'python_setup_py'
[0.295s] colcon.colcon_core.package_identification Level 1 _identify(public/robots/ur_description/meshes/ur5e/visual) by extensions ['ignore', 'ignore_ament_install']
[0.295s] colcon.colcon_core.package_identification Level 1 _identify(public/robots/ur_description/meshes/ur5e/visual) by extension 'ignore'
[0.295s] colcon.colcon_core.package_identification Level 1 _identify(public/robots/ur_description/meshes/ur5e/visual) by extension 'ignore_ament_install'
[0.295s] colcon.colcon_core.package_identification Level 1 _identify(public/robots/ur_description/meshes/ur5e/visual) by extensions ['colcon_pkg']
[0.295s] colcon.colcon_core.package_identification Level 1 _identify(public/robots/ur_description/meshes/ur5e/visual) by extension 'colcon_pkg'
[0.295s] colcon.colcon_core.package_identification Level 1 _identify(public/robots/ur_description/meshes/ur5e/visual) by extensions ['colcon_meta']
[0.295s] colcon.colcon_core.package_identification Level 1 _identify(public/robots/ur_description/meshes/ur5e/visual) by extension 'colcon_meta'
[0.295s] colcon.colcon_core.package_identification Level 1 _identify(public/robots/ur_description/meshes/ur5e/visual) by extensions ['ros']
[0.295s] colcon.colcon_core.package_identification Level 1 _identify(public/robots/ur_description/meshes/ur5e/visual) by extension 'ros'
[0.296s] colcon.colcon_core.package_identification Level 1 _identify(public/robots/ur_description/meshes/ur5e/visual) by extensions ['cmake', 'python']
[0.296s] colcon.colcon_core.package_identification Level 1 _identify(public/robots/ur_description/meshes/ur5e/visual) by extension 'cmake'
[0.296s] colcon.colcon_core.package_identification Level 1 _identify(public/robots/ur_description/meshes/ur5e/visual) by extension 'python'
[0.296s] colcon.colcon_core.package_identification Level 1 _identify(public/robots/ur_description/meshes/ur5e/visual) by extensions ['python_setup_py']
[0.296s] colcon.colcon_core.package_identification Level 1 _identify(public/robots/ur_description/meshes/ur5e/visual) by extension 'python_setup_py'
[0.296s] colcon.colcon_core.package_identification Level 1 _identify(public/robots/ur_description/urdf) by extensions ['ignore', 'ignore_ament_install']
[0.296s] colcon.colcon_core.package_identification Level 1 _identify(public/robots/ur_description/urdf) by extension 'ignore'
[0.296s] colcon.colcon_core.package_identification Level 1 _identify(public/robots/ur_description/urdf) by extension 'ignore_ament_install'
[0.296s] colcon.colcon_core.package_identification Level 1 _identify(public/robots/ur_description/urdf) by extensions ['colcon_pkg']
[0.296s] colcon.colcon_core.package_identification Level 1 _identify(public/robots/ur_description/urdf) by extension 'colcon_pkg'
[0.296s] colcon.colcon_core.package_identification Level 1 _identify(public/robots/ur_description/urdf) by extensions ['colcon_meta']
[0.296s] colcon.colcon_core.package_identification Level 1 _identify(public/robots/ur_description/urdf) by extension 'colcon_meta'
[0.296s] colcon.colcon_core.package_identification Level 1 _identify(public/robots/ur_description/urdf) by extensions ['ros']
[0.296s] colcon.colcon_core.package_identification Level 1 _identify(public/robots/ur_description/urdf) by extension 'ros'
[0.296s] colcon.colcon_core.package_identification Level 1 _identify(public/robots/ur_description/urdf) by extensions ['cmake', 'python']
[0.296s] colcon.colcon_core.package_identification Level 1 _identify(public/robots/ur_description/urdf) by extension 'cmake'
[0.296s] colcon.colcon_core.package_identification Level 1 _identify(public/robots/ur_description/urdf) by extension 'python'
[0.296s] colcon.colcon_core.package_identification Level 1 _identify(public/robots/ur_description/urdf) by extensions ['python_setup_py']
[0.296s] colcon.colcon_core.package_identification Level 1 _identify(public/robots/ur_description/urdf) by extension 'python_setup_py'
[0.297s] colcon.colcon_core.package_identification Level 1 _identify(public/robots/xarm_description) by extensions ['ignore', 'ignore_ament_install']
[0.297s] colcon.colcon_core.package_identification Level 1 _identify(public/robots/xarm_description) by extension 'ignore'
[0.297s] colcon.colcon_core.package_identification Level 1 _identify(public/robots/xarm_description) by extension 'ignore_ament_install'
[0.297s] colcon.colcon_core.package_identification Level 1 _identify(public/robots/xarm_description) by extensions ['colcon_pkg']
[0.297s] colcon.colcon_core.package_identification Level 1 _identify(public/robots/xarm_description) by extension 'colcon_pkg'
[0.297s] colcon.colcon_core.package_identification Level 1 _identify(public/robots/xarm_description) by extensions ['colcon_meta']
[0.297s] colcon.colcon_core.package_identification Level 1 _identify(public/robots/xarm_description) by extension 'colcon_meta'
[0.297s] colcon.colcon_core.package_identification Level 1 _identify(public/robots/xarm_description) by extensions ['ros']
[0.297s] colcon.colcon_core.package_identification Level 1 _identify(public/robots/xarm_description) by extension 'ros'
[0.297s] colcon.colcon_core.package_identification Level 1 _identify(public/robots/xarm_description) by extensions ['cmake', 'python']
[0.297s] colcon.colcon_core.package_identification Level 1 _identify(public/robots/xarm_description) by extension 'cmake'
[0.297s] colcon.colcon_core.package_identification Level 1 _identify(public/robots/xarm_description) by extension 'python'
[0.297s] colcon.colcon_core.package_identification Level 1 _identify(public/robots/xarm_description) by extensions ['python_setup_py']
[0.297s] colcon.colcon_core.package_identification Level 1 _identify(public/robots/xarm_description) by extension 'python_setup_py'
[0.297s] colcon.colcon_core.package_identification Level 1 _identify(public/robots/xarm_description/meshes) by extensions ['ignore', 'ignore_ament_install']
[0.297s] colcon.colcon_core.package_identification Level 1 _identify(public/robots/xarm_description/meshes) by extension 'ignore'
[0.297s] colcon.colcon_core.package_identification Level 1 _identify(public/robots/xarm_description/meshes) by extension 'ignore_ament_install'
[0.298s] colcon.colcon_core.package_identification Level 1 _identify(public/robots/xarm_description/meshes) by extensions ['colcon_pkg']
[0.298s] colcon.colcon_core.package_identification Level 1 _identify(public/robots/xarm_description/meshes) by extension 'colcon_pkg'
[0.298s] colcon.colcon_core.package_identification Level 1 _identify(public/robots/xarm_description/meshes) by extensions ['colcon_meta']
[0.298s] colcon.colcon_core.package_identification Level 1 _identify(public/robots/xarm_description/meshes) by extension 'colcon_meta'
[0.298s] colcon.colcon_core.package_identification Level 1 _identify(public/robots/xarm_description/meshes) by extensions ['ros']
[0.298s] colcon.colcon_core.package_identification Level 1 _identify(public/robots/xarm_description/meshes) by extension 'ros'
[0.298s] colcon.colcon_core.package_identification Level 1 _identify(public/robots/xarm_description/meshes) by extensions ['cmake', 'python']
[0.298s] colcon.colcon_core.package_identification Level 1 _identify(public/robots/xarm_description/meshes) by extension 'cmake'
[0.298s] colcon.colcon_core.package_identification Level 1 _identify(public/robots/xarm_description/meshes) by extension 'python'
[0.298s] colcon.colcon_core.package_identification Level 1 _identify(public/robots/xarm_description/meshes) by extensions ['python_setup_py']
[0.298s] colcon.colcon_core.package_identification Level 1 _identify(public/robots/xarm_description/meshes) by extension 'python_setup_py'
[0.298s] colcon.colcon_core.package_identification Level 1 _identify(public/robots/xarm_description/meshes/end_tool) by extensions ['ignore', 'ignore_ament_install']
[0.298s] colcon.colcon_core.package_identification Level 1 _identify(public/robots/xarm_description/meshes/end_tool) by extension 'ignore'
[0.298s] colcon.colcon_core.package_identification Level 1 _identify(public/robots/xarm_description/meshes/end_tool) by extension 'ignore_ament_install'
[0.298s] colcon.colcon_core.package_identification Level 1 _identify(public/robots/xarm_description/meshes/end_tool) by extensions ['colcon_pkg']
[0.298s] colcon.colcon_core.package_identification Level 1 _identify(public/robots/xarm_description/meshes/end_tool) by extension 'colcon_pkg'
[0.298s] colcon.colcon_core.package_identification Level 1 _identify(public/robots/xarm_description/meshes/end_tool) by extensions ['colcon_meta']
[0.298s] colcon.colcon_core.package_identification Level 1 _identify(public/robots/xarm_description/meshes/end_tool) by extension 'colcon_meta'
[0.298s] colcon.colcon_core.package_identification Level 1 _identify(public/robots/xarm_description/meshes/end_tool) by extensions ['ros']
[0.299s] colcon.colcon_core.package_identification Level 1 _identify(public/robots/xarm_description/meshes/end_tool) by extension 'ros'
[0.299s] colcon.colcon_core.package_identification Level 1 _identify(public/robots/xarm_description/meshes/end_tool) by extensions ['cmake', 'python']
[0.299s] colcon.colcon_core.package_identification Level 1 _identify(public/robots/xarm_description/meshes/end_tool) by extension 'cmake'
[0.299s] colcon.colcon_core.package_identification Level 1 _identify(public/robots/xarm_description/meshes/end_tool) by extension 'python'
[0.299s] colcon.colcon_core.package_identification Level 1 _identify(public/robots/xarm_description/meshes/end_tool) by extensions ['python_setup_py']
[0.299s] colcon.colcon_core.package_identification Level 1 _identify(public/robots/xarm_description/meshes/end_tool) by extension 'python_setup_py'
[0.299s] colcon.colcon_core.package_identification Level 1 _identify(public/robots/xarm_description/meshes/end_tool/collision) by extensions ['ignore', 'ignore_ament_install']
[0.299s] colcon.colcon_core.package_identification Level 1 _identify(public/robots/xarm_description/meshes/end_tool/collision) by extension 'ignore'
[0.299s] colcon.colcon_core.package_identification Level 1 _identify(public/robots/xarm_description/meshes/end_tool/collision) by extension 'ignore_ament_install'
[0.299s] colcon.colcon_core.package_identification Level 1 _identify(public/robots/xarm_description/meshes/end_tool/collision) by extensions ['colcon_pkg']
[0.299s] colcon.colcon_core.package_identification Level 1 _identify(public/robots/xarm_description/meshes/end_tool/collision) by extension 'colcon_pkg'
[0.299s] colcon.colcon_core.package_identification Level 1 _identify(public/robots/xarm_description/meshes/end_tool/collision) by extensions ['colcon_meta']
[0.299s] colcon.colcon_core.package_identification Level 1 _identify(public/robots/xarm_description/meshes/end_tool/collision) by extension 'colcon_meta'
[0.299s] colcon.colcon_core.package_identification Level 1 _identify(public/robots/xarm_description/meshes/end_tool/collision) by extensions ['ros']
[0.299s] colcon.colcon_core.package_identification Level 1 _identify(public/robots/xarm_description/meshes/end_tool/collision) by extension 'ros'
[0.299s] colcon.colcon_core.package_identification Level 1 _identify(public/robots/xarm_description/meshes/end_tool/collision) by extensions ['cmake', 'python']
[0.299s] colcon.colcon_core.package_identification Level 1 _identify(public/robots/xarm_description/meshes/end_tool/collision) by extension 'cmake'
[0.299s] colcon.colcon_core.package_identification Level 1 _identify(public/robots/xarm_description/meshes/end_tool/collision) by extension 'python'
[0.300s] colcon.colcon_core.package_identification Level 1 _identify(public/robots/xarm_description/meshes/end_tool/collision) by extensions ['python_setup_py']
[0.300s] colcon.colcon_core.package_identification Level 1 _identify(public/robots/xarm_description/meshes/end_tool/collision) by extension 'python_setup_py'
[0.300s] colcon.colcon_core.package_identification Level 1 _identify(public/robots/xarm_description/meshes/lite6) by extensions ['ignore', 'ignore_ament_install']
[0.300s] colcon.colcon_core.package_identification Level 1 _identify(public/robots/xarm_description/meshes/lite6) by extension 'ignore'
[0.300s] colcon.colcon_core.package_identification Level 1 _identify(public/robots/xarm_description/meshes/lite6) by extension 'ignore_ament_install'
[0.300s] colcon.colcon_core.package_identification Level 1 _identify(public/robots/xarm_description/meshes/lite6) by extensions ['colcon_pkg']
[0.300s] colcon.colcon_core.package_identification Level 1 _identify(public/robots/xarm_description/meshes/lite6) by extension 'colcon_pkg'
[0.300s] colcon.colcon_core.package_identification Level 1 _identify(public/robots/xarm_description/meshes/lite6) by extensions ['colcon_meta']
[0.300s] colcon.colcon_core.package_identification Level 1 _identify(public/robots/xarm_description/meshes/lite6) by extension 'colcon_meta'
[0.300s] colcon.colcon_core.package_identification Level 1 _identify(public/robots/xarm_description/meshes/lite6) by extensions ['ros']
[0.300s] colcon.colcon_core.package_identification Level 1 _identify(public/robots/xarm_description/meshes/lite6) by extension 'ros'
[0.300s] colcon.colcon_core.package_identification Level 1 _identify(public/robots/xarm_description/meshes/lite6) by extensions ['cmake', 'python']
[0.300s] colcon.colcon_core.package_identification Level 1 _identify(public/robots/xarm_description/meshes/lite6) by extension 'cmake'
[0.300s] colcon.colcon_core.package_identification Level 1 _identify(public/robots/xarm_description/meshes/lite6) by extension 'python'
[0.300s] colcon.colcon_core.package_identification Level 1 _identify(public/robots/xarm_description/meshes/lite6) by extensions ['python_setup_py']
[0.300s] colcon.colcon_core.package_identification Level 1 _identify(public/robots/xarm_description/meshes/lite6) by extension 'python_setup_py'
[0.301s] colcon.colcon_core.package_identification Level 1 _identify(public/robots/xarm_description/meshes/lite6/collision) by extensions ['ignore', 'ignore_ament_install']
[0.301s] colcon.colcon_core.package_identification Level 1 _identify(public/robots/xarm_description/meshes/lite6/collision) by extension 'ignore'
[0.301s] colcon.colcon_core.package_identification Level 1 _identify(public/robots/xarm_description/meshes/lite6/collision) by extension 'ignore_ament_install'
[0.301s] colcon.colcon_core.package_identification Level 1 _identify(public/robots/xarm_description/meshes/lite6/collision) by extensions ['colcon_pkg']
[0.301s] colcon.colcon_core.package_identification Level 1 _identify(public/robots/xarm_description/meshes/lite6/collision) by extension 'colcon_pkg'
[0.301s] colcon.colcon_core.package_identification Level 1 _identify(public/robots/xarm_description/meshes/lite6/collision) by extensions ['colcon_meta']
[0.301s] colcon.colcon_core.package_identification Level 1 _identify(public/robots/xarm_description/meshes/lite6/collision) by extension 'colcon_meta'
[0.301s] colcon.colcon_core.package_identification Level 1 _identify(public/robots/xarm_description/meshes/lite6/collision) by extensions ['ros']
[0.301s] colcon.colcon_core.package_identification Level 1 _identify(public/robots/xarm_description/meshes/lite6/collision) by extension 'ros'
[0.301s] colcon.colcon_core.package_identification Level 1 _identify(public/robots/xarm_description/meshes/lite6/collision) by extensions ['cmake', 'python']
[0.301s] colcon.colcon_core.package_identification Level 1 _identify(public/robots/xarm_description/meshes/lite6/collision) by extension 'cmake'
[0.301s] colcon.colcon_core.package_identification Level 1 _identify(public/robots/xarm_description/meshes/lite6/collision) by extension 'python'
[0.301s] colcon.colcon_core.package_identification Level 1 _identify(public/robots/xarm_description/meshes/lite6/collision) by extensions ['python_setup_py']
[0.301s] colcon.colcon_core.package_identification Level 1 _identify(public/robots/xarm_description/meshes/lite6/collision) by extension 'python_setup_py'
[0.301s] colcon.colcon_core.package_identification Level 1 _identify(public/robots/xarm_description/meshes/lite6/visual) by extensions ['ignore', 'ignore_ament_install']
[0.301s] colcon.colcon_core.package_identification Level 1 _identify(public/robots/xarm_description/meshes/lite6/visual) by extension 'ignore'
[0.301s] colcon.colcon_core.package_identification Level 1 _identify(public/robots/xarm_description/meshes/lite6/visual) by extension 'ignore_ament_install'
[0.302s] colcon.colcon_core.package_identification Level 1 _identify(public/robots/xarm_description/meshes/lite6/visual) by extensions ['colcon_pkg']
[0.302s] colcon.colcon_core.package_identification Level 1 _identify(public/robots/xarm_description/meshes/lite6/visual) by extension 'colcon_pkg'
[0.302s] colcon.colcon_core.package_identification Level 1 _identify(public/robots/xarm_description/meshes/lite6/visual) by extensions ['colcon_meta']
[0.302s] colcon.colcon_core.package_identification Level 1 _identify(public/robots/xarm_description/meshes/lite6/visual) by extension 'colcon_meta'
[0.302s] colcon.colcon_core.package_identification Level 1 _identify(public/robots/xarm_description/meshes/lite6/visual) by extensions ['ros']
[0.302s] colcon.colcon_core.package_identification Level 1 _identify(public/robots/xarm_description/meshes/lite6/visual) by extension 'ros'
[0.302s] colcon.colcon_core.package_identification Level 1 _identify(public/robots/xarm_description/meshes/lite6/visual) by extensions ['cmake', 'python']
[0.302s] colcon.colcon_core.package_identification Level 1 _identify(public/robots/xarm_description/meshes/lite6/visual) by extension 'cmake'
[0.302s] colcon.colcon_core.package_identification Level 1 _identify(public/robots/xarm_description/meshes/lite6/visual) by extension 'python'
[0.302s] colcon.colcon_core.package_identification Level 1 _identify(public/robots/xarm_description/meshes/lite6/visual) by extensions ['python_setup_py']
[0.302s] colcon.colcon_core.package_identification Level 1 _identify(public/robots/xarm_description/meshes/lite6/visual) by extension 'python_setup_py'
[0.302s] colcon.colcon_core.package_identification Level 1 _identify(public/robots/xarm_description/meshes/xarm6) by extensions ['ignore', 'ignore_ament_install']
[0.302s] colcon.colcon_core.package_identification Level 1 _identify(public/robots/xarm_description/meshes/xarm6) by extension 'ignore'
[0.302s] colcon.colcon_core.package_identification Level 1 _identify(public/robots/xarm_description/meshes/xarm6) by extension 'ignore_ament_install'
[0.302s] colcon.colcon_core.package_identification Level 1 _identify(public/robots/xarm_description/meshes/xarm6) by extensions ['colcon_pkg']
[0.302s] colcon.colcon_core.package_identification Level 1 _identify(public/robots/xarm_description/meshes/xarm6) by extension 'colcon_pkg'
[0.302s] colcon.colcon_core.package_identification Level 1 _identify(public/robots/xarm_description/meshes/xarm6) by extensions ['colcon_meta']
[0.302s] colcon.colcon_core.package_identification Level 1 _identify(public/robots/xarm_description/meshes/xarm6) by extension 'colcon_meta'
[0.303s] colcon.colcon_core.package_identification Level 1 _identify(public/robots/xarm_description/meshes/xarm6) by extensions ['ros']
[0.303s] colcon.colcon_core.package_identification Level 1 _identify(public/robots/xarm_description/meshes/xarm6) by extension 'ros'
[0.303s] colcon.colcon_core.package_identification Level 1 _identify(public/robots/xarm_description/meshes/xarm6) by extensions ['cmake', 'python']
[0.303s] colcon.colcon_core.package_identification Level 1 _identify(public/robots/xarm_description/meshes/xarm6) by extension 'cmake'
[0.303s] colcon.colcon_core.package_identification Level 1 _identify(public/robots/xarm_description/meshes/xarm6) by extension 'python'
[0.303s] colcon.colcon_core.package_identification Level 1 _identify(public/robots/xarm_description/meshes/xarm6) by extensions ['python_setup_py']
[0.303s] colcon.colcon_core.package_identification Level 1 _identify(public/robots/xarm_description/meshes/xarm6) by extension 'python_setup_py'
[0.303s] colcon.colcon_core.package_identification Level 1 _identify(public/robots/xarm_description/meshes/xarm6/visual) by extensions ['ignore', 'ignore_ament_install']
[0.303s] colcon.colcon_core.package_identification Level 1 _identify(public/robots/xarm_description/meshes/xarm6/visual) by extension 'ignore'
[0.303s] colcon.colcon_core.package_identification Level 1 _identify(public/robots/xarm_description/meshes/xarm6/visual) by extension 'ignore_ament_install'
[0.303s] colcon.colcon_core.package_identification Level 1 _identify(public/robots/xarm_description/meshes/xarm6/visual) by extensions ['colcon_pkg']
[0.303s] colcon.colcon_core.package_identification Level 1 _identify(public/robots/xarm_description/meshes/xarm6/visual) by extension 'colcon_pkg'
[0.303s] colcon.colcon_core.package_identification Level 1 _identify(public/robots/xarm_description/meshes/xarm6/visual) by extensions ['colcon_meta']
[0.303s] colcon.colcon_core.package_identification Level 1 _identify(public/robots/xarm_description/meshes/xarm6/visual) by extension 'colcon_meta'
[0.304s] colcon.colcon_core.package_identification Level 1 _identify(public/robots/xarm_description/meshes/xarm6/visual) by extensions ['ros']
[0.304s] colcon.colcon_core.package_identification Level 1 _identify(public/robots/xarm_description/meshes/xarm6/visual) by extension 'ros'
[0.304s] colcon.colcon_core.package_identification Level 1 _identify(public/robots/xarm_description/meshes/xarm6/visual) by extensions ['cmake', 'python']
[0.304s] colcon.colcon_core.package_identification Level 1 _identify(public/robots/xarm_description/meshes/xarm6/visual) by extension 'cmake'
[0.304s] colcon.colcon_core.package_identification Level 1 _identify(public/robots/xarm_description/meshes/xarm6/visual) by extension 'python'
[0.304s] colcon.colcon_core.package_identification Level 1 _identify(public/robots/xarm_description/meshes/xarm6/visual) by extensions ['python_setup_py']
[0.304s] colcon.colcon_core.package_identification Level 1 _identify(public/robots/xarm_description/meshes/xarm6/visual) by extension 'python_setup_py'
[0.304s] colcon.colcon_core.package_identification Level 1 _identify(public/robots/xarm_description/urdf) by extensions ['ignore', 'ignore_ament_install']
[0.304s] colcon.colcon_core.package_identification Level 1 _identify(public/robots/xarm_description/urdf) by extension 'ignore'
[0.304s] colcon.colcon_core.package_identification Level 1 _identify(public/robots/xarm_description/urdf) by extension 'ignore_ament_install'
[0.304s] colcon.colcon_core.package_identification Level 1 _identify(public/robots/xarm_description/urdf) by extensions ['colcon_pkg']
[0.304s] colcon.colcon_core.package_identification Level 1 _identify(public/robots/xarm_description/urdf) by extension 'colcon_pkg'
[0.304s] colcon.colcon_core.package_identification Level 1 _identify(public/robots/xarm_description/urdf) by extensions ['colcon_meta']
[0.304s] colcon.colcon_core.package_identification Level 1 _identify(public/robots/xarm_description/urdf) by extension 'colcon_meta'
[0.304s] colcon.colcon_core.package_identification Level 1 _identify(public/robots/xarm_description/urdf) by extensions ['ros']
[0.304s] colcon.colcon_core.package_identification Level 1 _identify(public/robots/xarm_description/urdf) by extension 'ros'
[0.304s] colcon.colcon_core.package_identification Level 1 _identify(public/robots/xarm_description/urdf) by extensions ['cmake', 'python']
[0.304s] colcon.colcon_core.package_identification Level 1 _identify(public/robots/xarm_description/urdf) by extension 'cmake'
[0.305s] colcon.colcon_core.package_identification Level 1 _identify(public/robots/xarm_description/urdf) by extension 'python'
[0.305s] colcon.colcon_core.package_identification Level 1 _identify(public/robots/xarm_description/urdf) by extensions ['python_setup_py']
[0.305s] colcon.colcon_core.package_identification Level 1 _identify(public/robots/xarm_description/urdf) by extension 'python_setup_py'
[0.305s] colcon.colcon_core.package_identification Level 1 _identify(public/vendor) by extensions ['ignore', 'ignore_ament_install']
[0.305s] colcon.colcon_core.package_identification Level 1 _identify(public/vendor) by extension 'ignore'
[0.305s] colcon.colcon_core.package_identification Level 1 _identify(public/vendor) by extension 'ignore_ament_install'
[0.305s] colcon.colcon_core.package_identification Level 1 _identify(public/vendor) by extensions ['colcon_pkg']
[0.305s] colcon.colcon_core.package_identification Level 1 _identify(public/vendor) by extension 'colcon_pkg'
[0.305s] colcon.colcon_core.package_identification Level 1 _identify(public/vendor) by extensions ['colcon_meta']
[0.305s] colcon.colcon_core.package_identification Level 1 _identify(public/vendor) by extension 'colcon_meta'
[0.305s] colcon.colcon_core.package_identification Level 1 _identify(public/vendor) by extensions ['ros']
[0.305s] colcon.colcon_core.package_identification Level 1 _identify(public/vendor) by extension 'ros'
[0.305s] colcon.colcon_core.package_identification Level 1 _identify(public/vendor) by extensions ['cmake', 'python']
[0.305s] colcon.colcon_core.package_identification Level 1 _identify(public/vendor) by extension 'cmake'
[0.305s] colcon.colcon_core.package_identification Level 1 _identify(public/vendor) by extension 'python'
[0.305s] colcon.colcon_core.package_identification Level 1 _identify(public/vendor) by extensions ['python_setup_py']
[0.305s] colcon.colcon_core.package_identification Level 1 _identify(public/vendor) by extension 'python_setup_py'
[0.305s] colcon.colcon_core.package_identification Level 1 _identify(public/vendor/codemirror) by extensions ['ignore', 'ignore_ament_install']
[0.306s] colcon.colcon_core.package_identification Level 1 _identify(public/vendor/codemirror) by extension 'ignore'
[0.306s] colcon.colcon_core.package_identification Level 1 _identify(public/vendor/codemirror) by extension 'ignore_ament_install'
[0.306s] colcon.colcon_core.package_identification Level 1 _identify(public/vendor/codemirror) by extensions ['colcon_pkg']
[0.306s] colcon.colcon_core.package_identification Level 1 _identify(public/vendor/codemirror) by extension 'colcon_pkg'
[0.306s] colcon.colcon_core.package_identification Level 1 _identify(public/vendor/codemirror) by extensions ['colcon_meta']
[0.306s] colcon.colcon_core.package_identification Level 1 _identify(public/vendor/codemirror) by extension 'colcon_meta'
[0.306s] colcon.colcon_core.package_identification Level 1 _identify(public/vendor/codemirror) by extensions ['ros']
[0.306s] colcon.colcon_core.package_identification Level 1 _identify(public/vendor/codemirror) by extension 'ros'
[0.306s] colcon.colcon_core.package_identification Level 1 _identify(public/vendor/codemirror) by extensions ['cmake', 'python']
[0.306s] colcon.colcon_core.package_identification Level 1 _identify(public/vendor/codemirror) by extension 'cmake'
[0.306s] colcon.colcon_core.package_identification Level 1 _identify(public/vendor/codemirror) by extension 'python'
[0.306s] colcon.colcon_core.package_identification Level 1 _identify(public/vendor/codemirror) by extensions ['python_setup_py']
[0.306s] colcon.colcon_core.package_identification Level 1 _identify(public/vendor/codemirror) by extension 'python_setup_py'
[0.306s] colcon.colcon_core.package_identification Level 1 _identify(public/vendor/three) by extensions ['ignore', 'ignore_ament_install']
[0.306s] colcon.colcon_core.package_identification Level 1 _identify(public/vendor/three) by extension 'ignore'
[0.306s] colcon.colcon_core.package_identification Level 1 _identify(public/vendor/three) by extension 'ignore_ament_install'
[0.306s] colcon.colcon_core.package_identification Level 1 _identify(public/vendor/three) by extensions ['colcon_pkg']
[0.306s] colcon.colcon_core.package_identification Level 1 _identify(public/vendor/three) by extension 'colcon_pkg'
[0.306s] colcon.colcon_core.package_identification Level 1 _identify(public/vendor/three) by extensions ['colcon_meta']
[0.306s] colcon.colcon_core.package_identification Level 1 _identify(public/vendor/three) by extension 'colcon_meta'
[0.307s] colcon.colcon_core.package_identification Level 1 _identify(public/vendor/three) by extensions ['ros']
[0.307s] colcon.colcon_core.package_identification Level 1 _identify(public/vendor/three) by extension 'ros'
[0.307s] colcon.colcon_core.package_identification Level 1 _identify(public/vendor/three) by extensions ['cmake', 'python']
[0.307s] colcon.colcon_core.package_identification Level 1 _identify(public/vendor/three) by extension 'cmake'
[0.307s] colcon.colcon_core.package_identification Level 1 _identify(public/vendor/three) by extension 'python'
[0.307s] colcon.colcon_core.package_identification Level 1 _identify(public/vendor/three) by extensions ['python_setup_py']
[0.307s] colcon.colcon_core.package_identification Level 1 _identify(public/vendor/three) by extension 'python_setup_py'
[0.307s] colcon.colcon_core.package_identification Level 1 _identify(public/vendor/three/loaders) by extensions ['ignore', 'ignore_ament_install']
[0.307s] colcon.colcon_core.package_identification Level 1 _identify(public/vendor/three/loaders) by extension 'ignore'
[0.307s] colcon.colcon_core.package_identification Level 1 _identify(public/vendor/three/loaders) by extension 'ignore_ament_install'
[0.307s] colcon.colcon_core.package_identification Level 1 _identify(public/vendor/three/loaders) by extensions ['colcon_pkg']
[0.307s] colcon.colcon_core.package_identification Level 1 _identify(public/vendor/three/loaders) by extension 'colcon_pkg'
[0.307s] colcon.colcon_core.package_identification Level 1 _identify(public/vendor/three/loaders) by extensions ['colcon_meta']
[0.307s] colcon.colcon_core.package_identification Level 1 _identify(public/vendor/three/loaders) by extension 'colcon_meta'
[0.307s] colcon.colcon_core.package_identification Level 1 _identify(public/vendor/three/loaders) by extensions ['ros']
[0.307s] colcon.colcon_core.package_identification Level 1 _identify(public/vendor/three/loaders) by extension 'ros'
[0.307s] colcon.colcon_core.package_identification Level 1 _identify(public/vendor/three/loaders) by extensions ['cmake', 'python']
[0.307s] colcon.colcon_core.package_identification Level 1 _identify(public/vendor/three/loaders) by extension 'cmake'
[0.308s] colcon.colcon_core.package_identification Level 1 _identify(public/vendor/three/loaders) by extension 'python'
[0.308s] colcon.colcon_core.package_identification Level 1 _identify(public/vendor/three/loaders) by extensions ['python_setup_py']
[0.308s] colcon.colcon_core.package_identification Level 1 _identify(public/vendor/three/loaders) by extension 'python_setup_py'
[0.308s] colcon.colcon_core.package_identification Level 1 _identify(tools) by extensions ['ignore', 'ignore_ament_install']
[0.308s] colcon.colcon_core.package_identification Level 1 _identify(tools) by extension 'ignore'
[0.308s] colcon.colcon_core.package_identification Level 1 _identify(tools) by extension 'ignore_ament_install'
[0.308s] colcon.colcon_core.package_identification Level 1 _identify(tools) by extensions ['colcon_pkg']
[0.308s] colcon.colcon_core.package_identification Level 1 _identify(tools) by extension 'colcon_pkg'
[0.308s] colcon.colcon_core.package_identification Level 1 _identify(tools) by extensions ['colcon_meta']
[0.308s] colcon.colcon_core.package_identification Level 1 _identify(tools) by extension 'colcon_meta'
[0.308s] colcon.colcon_core.package_identification Level 1 _identify(tools) by extensions ['ros']
[0.308s] colcon.colcon_core.package_identification Level 1 _identify(tools) by extension 'ros'
[0.308s] colcon.colcon_core.package_identification Level 1 _identify(tools) by extensions ['cmake', 'python']
[0.308s] colcon.colcon_core.package_identification Level 1 _identify(tools) by extension 'cmake'
[0.308s] colcon.colcon_core.package_identification Level 1 _identify(tools) by extension 'python'
[0.308s] colcon.colcon_core.package_identification Level 1 _identify(tools) by extensions ['python_setup_py']
[0.308s] colcon.colcon_core.package_identification Level 1 _identify(tools) by extension 'python_setup_py'
[0.308s] colcon.colcon_core.package_discovery Level 1 discover_packages(recursive) using defaults
[0.308s] colcon.colcon_core.package_discovery Level 1 discover_packages(ignore) discover
[0.308s] colcon.colcon_core.package_discovery Level 1 discover_packages(ignore) using defaults
[0.309s] colcon.colcon_core.package_discovery Level 1 discover_packages(path) discover
[0.309s] colcon.colcon_core.package_discovery Level 1 discover_packages(path) using defaults
[0.322s] colcon.colcon_core.executor INFO Executing jobs using 'parallel' executor
[0.323s] colcon.colcon_parallel_executor.executor.parallel DEBUG run_until_complete
[0.323s] colcon.colcon_parallel_executor.executor.parallel DEBUG closing loop
[0.323s] colcon.colcon_parallel_executor.executor.parallel DEBUG loop closed
[0.323s] colcon.colcon_parallel_executor.executor.parallel DEBUG run_until_complete finished with '0'
[0.323s] colcon.colcon_core.event_reactor DEBUG joining thread
[0.324s] colcon.colcon_core.event_reactor DEBUG joined thread
[0.325s] colcon.colcon_core.plugin_system INFO Skipping extension 'colcon_core.shell.bat': Not used on non-Windows systems
[0.326s] colcon.colcon_core.shell INFO Creating prefix script '/home/user/ros2lab/ros2lab-course/install/local_setup.ps1'
[0.327s] colcon.colcon_core.shell INFO Creating prefix util module '/home/user/ros2lab/ros2lab-course/install/_local_setup_util_ps1.py'
[0.329s] colcon.colcon_core.shell INFO Creating prefix chain script '/home/user/ros2lab/ros2lab-course/install/setup.ps1'
[0.330s] colcon.colcon_core.shell INFO Creating prefix script '/home/user/ros2lab/ros2lab-course/install/local_setup.sh'
[0.331s] colcon.colcon_core.shell INFO Creating prefix util module '/home/user/ros2lab/ros2lab-course/install/_local_setup_util_sh.py'
[0.332s] colcon.colcon_core.shell INFO Creating prefix chain script '/home/user/ros2lab/ros2lab-course/install/setup.sh'
[0.333s] colcon.colcon_core.shell INFO Creating prefix script '/home/user/ros2lab/ros2lab-course/install/local_setup.bash'
[0.334s] colcon.colcon_core.shell INFO Creating prefix chain script '/home/user/ros2lab/ros2lab-course/install/setup.bash'
[0.335s] colcon.colcon_core.shell INFO Creating prefix script '/home/user/ros2lab/ros2lab-course/install/local_setup.zsh'
[0.335s] colcon.colcon_core.shell INFO Creating prefix chain script '/home/user/ros2lab/ros2lab-course/install/setup.zsh'
