<COLLADA xmlns="http://www.collada.org/2005/11/COLLADASchema" xmlns:xsi="http://www.w3.org/2001/XMLSchema-instance" version="1.4.1">
  <asset><contributor>
      <author>Blender User</author>
      <authoring_tool>Blender 2.79.0 commit date:2017-09-11, commit time:10:43, hash:5bd8ac9abfa</authoring_tool>
    </contributor>
    <created>2017-11-10T20:15:03</created><modified>2017-11-10T20:15:03</modified><unit name="meter" meter="1.0"/><up_axis>Z_UP</up_axis></asset><library_cameras>
    <camera id="Camera-camera" name="Camera-camera"><optics><technique_common><perspective><xfov>49.13434</xfov><aspect_ratio>1.777778</aspect_ratio><znear>0.1</znear><zfar>100.0</zfar></perspective></technique_common></optics></camera></library_cameras>
  <library_lights>
    <light id="Lamp-light" name="Lamp-light">
      <technique_common>
        <point>
          <color sid="color">1.0 1.0 1.0</color>
          <constant_attenuation>1.0</constant_attenuation>
          <linear_attenuation>0.0</linear_attenuation>
          <quadratic_attenuation>0.00111109</quadratic_attenuation>
        </point>
      </technique_common>
      <extra>
        <technique profile="blender">
          <type sid="type" type="int">0</type>
          <flag sid="flag" type="int">0</flag>
          <mode sid="mode" type="int">8192</mode>
          <gamma sid="blender_gamma" type="float">1</gamma>
          <red sid="red" type="float">1</red>
          <green sid="green" type="float">1</green>
          <blue sid="blue" type="float">1</blue>
          <shadow_r sid="blender_shadow_r" type="float">0</shadow_r>
          <shadow_g sid="blender_shadow_g" type="float">0</shadow_g>
          <shadow_b sid="blender_shadow_b" type="float">0</shadow_b>
          <energy sid="blender_energy" type="float">1</energy>
          <dist sid="blender_dist" type="float">29.99998</dist>
          <spotsize sid="spotsize" type="float">75</spotsize>
          <spotblend sid="spotblend" type="float">0.15</spotblend>
          <halo_intensity sid="blnder_halo_intensity" type="float">1</halo_intensity>
          <att1 sid="att1" type="float">0</att1>
          <att2 sid="att2" type="float">1</att2>
          <falloff_type sid="falloff_type" type="int">2</falloff_type>
          <clipsta sid="clipsta" type="float">1.000799</clipsta>
          <clipend sid="clipend" type="float">30.002</clipend>
          <bias sid="bias" type="float">1</bias>
          <soft sid="soft" type="float">3</soft>
          <compressthresh sid="compressthresh" type="float">0.04999995</compressthresh>
          <bufsize sid="bufsize" type="int">2880</bufsize>
          <samp sid="samp" type="int">3</samp>
          <buffers sid="buffers" type="int">1</buffers>
          <filtertype sid="filtertype" type="int">0</filtertype>
          <bufflag sid="bufflag" type="int">0</bufflag>
          <buftype sid="buftype" type="int">2</buftype>
          <ray_samp sid="ray_samp" type="int">1</ray_samp>
          <ray_sampy sid="ray_sampy" type="int">1</ray_sampy>
          <ray_sampz sid="ray_sampz" type="int">1</ray_sampz>
          <ray_samp_type sid="ray_samp_type" type="int">0</ray_samp_type>
          <area_shape sid="area_shape" type="int">1</area_shape>
          <area_size sid="area_size" type="float">0.1</area_size>
          <area_sizey sid="area_sizey" type="float">0.1</area_sizey>
          <area_sizez sid="area_sizez" type="float">1</area_sizez>
          <adapt_thresh sid="adapt_thresh" type="float">0.000999987</adapt_thresh>
          <ray_samp_method sid="ray_samp_method" type="int">1</ray_samp_method>
          <shadhalostep sid="shadhalostep" type="int">0</shadhalostep>
          <sun_effect_type sid="sun_effect_type" type="int">0</sun_effect_type>
          <skyblendtype sid="skyblendtype" type="int">1</skyblendtype>
          <horizon_brightness sid="horizon_brightness" type="float">1</horizon_brightness>
          <spread sid="spread" type="float">1</spread>
          <sun_brightness sid="sun_brightness" type="float">1</sun_brightness>
          <sun_size sid="sun_size" type="float">1</sun_size>
          <backscattered_light sid="backscattered_light" type="float">1</backscattered_light>
          <sun_intensity sid="sun_intensity" type="float">1</sun_intensity>
          <atm_turbidity sid="atm_turbidity" type="float">2</atm_turbidity>
          <atm_extinction_factor sid="atm_extinction_factor" type="float">1</atm_extinction_factor>
          <atm_distance_factor sid="atm_distance_factor" type="float">1</atm_distance_factor>
          <skyblendfac sid="skyblendfac" type="float">1</skyblendfac>
          <sky_exposure sid="sky_exposure" type="float">1</sky_exposure>
          <sky_colorspace sid="sky_colorspace" type="int">0</sky_colorspace>
        </technique>
      </extra>
    </light>
  </library_lights>
  <library_effects>
    <effect id="link_01_part_001_mtl-effect" name="link_01_part_001_mtl-effect">
      <profile_COMMON>
        <technique sid="common">
          <phong>
            <emission><color>0.0 0.0 0.0 1.0</color></emission><ambient><color>0.0 0.0 0.0 1.0</color></ambient><diffuse><color>0.117647 0.117647 0.117647 1.0</color></diffuse><specular><color>0.0625 0.0625 0.0625 1.0</color></specular><shininess><float>50.0</float></shininess><transparency><float>1.0</float></transparency><index_of_refraction><float>1.0</float></index_of_refraction></phong>
        </technique>
      <extra><technique profile="GOOGLEEARTH"><double_sided>0</double_sided></technique></extra></profile_COMMON>
    </effect>
  </library_effects>
  <library_materials>
    <material id="link_01_part_001_mtl-material" name="link_01_part_001_mtl">
      <instance_effect url="#link_01_part_001_mtl-effect"/>
    </material>
  </library_materials>
  <library_geometries>
    <geometry id="base_link-mesh" name="base_link">
      <mesh>
        <source id="base_link-mesh-slim-nrm"><float_array count="13470" id="base_link-mesh-slim-nrm-array">-0.7542 0.6435 -0.1308 -0.7131 0.6972 0.0731 -0.7627 0.1486 0.6295 -0.8386 -0.5447 -0 -0.8465 0.4529 0.2799 -0.7743 0.6035 -0.1901 -0.7566 -0.6399 -0.1342 -0.7204 -0.672 0.1719 -0.7228 -0.5981 0.3462 -0.7133 -0.6875 0.136 -0.7528 -0.1239 0.6464 -0.7818 0.1949 0.5923 -0.7849 0.2001 -0.5864 -0.8386 -0.2724 0.4717 -0.8386 0.2724 0.4717 -0.9491 -0.0275 0.3138 -0.9046 -0.3015 0.3014 -0.7132 -0.6942 0.0971 -0.7615 -0.5059 -0.4052 -0.7642 0.5107 0.3939 -0.7678 0.5077 -0.3909 -0.7806 -0.1937 -0.5942 -0.9496 -0.0145 0.3132 -0.9045 0.3015 0.3015 -0.9492 -0.0041 0.3145 -0.7139 -0.6974 -0.0636 -0.9045 -0.3015 -0.3015 -0.7171 -0.028 -0.6964 -0.8386 -0 -0.5447 -0.714 -0.6931 -0.0989 -0.7146 -0.6873 -0.1303 -0.8465 -0.4529 -0.2799 -0.715 -0.6809 -0.1587 -0.7152 -0.6741 -0.1846 -0.7158 -0.6667 -0.2077 -0.8386 -0.2724 -0.4717 -0.7645 -0.4961 0.4116 -0.7749 -0.1888 0.6032 -0.8386 0.5447 -0 -0.7577 -0.6392 0.1314 -0.8386 -0.4717 0.2724 -0.9496 0.0061 0.3135 -0.714 0.6991 -0.0385 -0.7158 -0.6597 -0.229 -0.7171 -0.0128 -0.6968 -0.7627 -0.1486 -0.6295 -0.9497 0.0149 0.3129 -0.7577 0.1313 0.6392 -0.8386 -0 0.5447 -0.8386 0.2724 -0.4717 -0.7577 0.1402 -0.6374 -0.7556 -0.6403 -0.1383 -0.7568 0.3999 0.5171 -0.7535 0.6464 0.1201 -0.7141 0.6963 -0.0721 -0.743 0.581 0.3323 -0.8386 -0.4717 -0.2724 -0.8465 0.4529 -0.2799 -0.7145 0.6919 -0.1036 -0.7497 0.6515 0.1163 -0.8386 0.4718 0.2723 -0.7168 0.0038 -0.6973 -0.7627 0.1486 -0.6295 -0.7147 0.6865 -0.1336 -0.8386 -0 -0.5447 -0.7149 0.6803 -0.1615 -0.7548 -0.5242 -0.3943 -0.7452 -0.3391 -0.5742 -0.7593 -0.513 0.4003 -0.7688 0.4111 -0.4899 -0.7796 0.5972 -0.1886 -0.7153 0.6734 -0.1869 -0.745 -0.3346 0.5771 -0.7527 -0.1274 -0.646 -0.7163 0.0237 -0.6974 -0.7157 0.6661 -0.21 -0.7498 -0.1159 0.6515 -0.7161 0.6588 -0.2306 -0.7569 -0.6382 0.1409 -0.7164 0.6519 -0.2485 -0.7168 0.6455 -0.2636 -0.8386 0.4718 -0.2723 -0.6648 0.2394 -0.7076 -0.6642 0.5816 -0.4697 -0.9045 0.3015 -0.3015 -0.7686 -0.3919 0.5056 -0.9491 0.0276 0.3138 -0.7857 -0.5869 0.1957 -0.754 -0.1313 0.6436 -0.7527 0.646 -0.1275 -0.7164 -0.6522 -0.2479 -0.8386 -0.4717 0.2724 -0.717 -0.6454 -0.2633 -0.7563 0.1343 -0.6403 -0.7551 0.1381 0.6409 -0.7498 -0.6515 -0.1159 -0.7543 0.3945 0.5248 -0.7554 0.3926 -0.5246 -0.745 -0.577 -0.3346 -0.8386 -0 0.5447 -0.7599 -0.3986 -0.5135 -0.7579 -0.1365 -0.6379 -0.758 0.1374 0.6376 -0.7573 -0.6381 -0.1389 -0.7452 0.5742 -0.3391 -0.7697 0.4102 0.4892 -0.7659 -0.5003 -0.4037 -0.7457 0.5751 0.3364 -0.6642 -0.5816 -0.4697 -0.8386 -0.4717 -0.2724 -0.723 0.5962 0.3491 -0.754 0.6451 0.124 -0.78 0.5984 0.183 -0.6648 -0.2397 -0.7075 -0.8386 0.4717 0.2724 -0.8465 -0.4529 0.2799 -0.7021 0.6875 0.1854 -0.7627 -0.1486 0.6295 -0.7635 -0.3962 0.5101 -0.7817 -0.5924 0.195 -0.7856 -0.1942 -0.5874 -0.7135 0.6847 0.1487 -0.7133 0.6919 0.1115 -0.7569 0.1409 -0.6382 -0.7654 0.4109 -0.4953 -0.8386 0.4717 -0.2724 -0.943 0.1635 0.2899 -0.8233 0.1432 0.5492 -0.4995 -0.2859 0.8178 -0.7013 -0.042 0.7116 -0.6994 -0.0315 0.714 -0.6992 0.0146 0.7148 -0.7001 0.009 0.714 -0.6982 0.0506 0.7141 -0.4993 0.2792 0.8202 -0.8233 -0.1434 0.5492 -0.9429 -0.162 0.291 0.9607 0.2775 0.0065 0.8481 -0.3997 0.3479 0.6901 -0.4768 0.5446 -0.6726 -0.447 0.5898 -0.4035 0.5808 0.7069 -0.6726 0.447 0.5897 -0.4032 -0.5811 0.707 0.3327 -0.7375 0.5878 -0.7334 -0.3477 0.5842 0.7453 0.2895 0.6006 -0.2904 0.7527 0.5909 0.487 -0.6426 0.5915 0.9586 -0.2297 0.1685 0.2676 -0.551 0.7904 -0.0315 -0.6805 0.7321 0.4596 -0.5437 0.7023 0.4831 -0.5331 0.6946 0.5233 -0.4923 0.6956 0.5041 -0.4977 0.7058 0.5482 -0.4448 0.7083 0.5572 -0.4524 0.6963 0.4045 -0.5798 0.7073 0.4333 -0.5769 0.6924 0.5858 -0.3864 0.7125 0.5842 -0.4136 0.6984 0.3435 -0.6159 0.709 0.3588 -0.6326 0.6864 0.6162 -0.3229 0.7184 0.4323 -0.4785 0.7643 0.279 -0.6457 0.7108 0.6382 -0.2554 0.7263 0.2114 -0.6689 0.7127 0.2722 -0.6695 0.6912 0.2005 -0.6937 0.6918 0.4984 -0.6246 0.6013 0.1412 -0.9818 0.1273 0.1388 -0.6726 0.7269 0.1212 -0.7151 0.6885 0.0521 -0.6866 0.7252 0.2675 0.5511 0.7904 -0.0451 0.6998 0.713 0.0261 0.7028 0.7109 0.1205 0.7149 0.6888 0.4322 0.4783 0.7645 0.4985 0.6246 0.6012 0.1425 0.9816 0.1268 0.5762 0.2436 0.7802 0.49 0.6426 0.5891 0.5843 0.4152 0.6973 0.9587 0.2305 0.1666 0.5696 0.3405 0.7481 0.5525 0.4178 0.7213 0.5575 0.4526 0.696 0.5108 0.4754 0.7163 0.5241 0.4929 0.6945 0.463 0.5276 0.7123 0.4838 0.534 0.6934 0.4101 0.5736 0.7091 0.4368 0.5745 0.6922 0.3528 0.6132 0.7068 0.3842 0.6114 0.6918 0.2918 0.6459 0.7055 0.3283 0.6433 0.6917 0.2323 0.6719 0.7032 0.268 0.6715 0.6908 0.1667 0.6867 0.7075 0.2006 0.6954 0.6901 0.0969 0.6985 0.709 -0.2784 -0.5437 0.7918 -0.9648 -0.2017 0.1688 -0.5198 -0.626 0.5814 0.024 -0.7003 0.7135 -0.1287 -0.7122 0.6901 -0.0473 -0.7001 0.7124 -0.1182 -0.6927 0.7115 -0.2026 -0.6945 0.6904 -0.1881 -0.678 0.7106 -0.2689 -0.6711 0.6909 -0.256 -0.6562 0.7098 -0.3294 -0.6428 0.6916 -0.3215 -0.6277 0.709 -0.385 -0.6107 0.6919 -0.3837 -0.5927 0.7082 -0.437 -0.5743 0.6923 -0.4422 -0.5513 0.7075 -0.4838 -0.534 0.6934 -0.4962 -0.5101 0.7025 -0.5242 -0.4928 0.6945 -0.5394 -0.4612 0.7045 -0.5575 -0.4525 0.696 -0.5818 -0.4059 0.7048 -0.5843 -0.4152 0.6973 -0.6182 -0.345 0.7062 -0.6198 -0.2222 0.7526 -0.4322 -0.4783 0.7645 -0.5268 -0.6183 0.5833 -0.1408 -0.9818 0.1277 -0.2787 0.5436 0.7917 0.0342 0.6862 0.7266 -0.5211 0.634 0.5714 -0.9648 0.2017 0.1688 -0.1303 0.7128 0.6891 -0.0674 0.7041 0.7069 -0.1369 0.6975 0.7034 -0.2028 0.6932 0.6917 -0.2013 0.6794 0.7056 -0.2686 0.6699 0.6922 -0.4325 0.4778 0.7646 -0.4986 0.6245 0.6012 -0.6371 0.2539 0.7278 -0.6134 0.3203 0.7219 -0.329 0.6418 0.6927 -0.2677 0.6557 0.706 -0.5831 0.4144 0.6988 -0.5816 0.3833 0.7175 -0.3847 0.6097 0.693 -0.3311 0.6252 0.7068 -0.5572 0.4514 0.697 -0.5427 0.4422 0.7141 -0.4974 0.4963 0.7115 -0.4366 0.5735 0.6932 -0.3909 0.5882 0.7079 -0.1408 0.9818 0.1274 -0.483 0.5333 0.6945 -0.4466 0.5451 0.7095 -0.523 0.492 0.696 0.4617 -0.6796 0.57 0.6708 0.4434 0.5945 0.5741 0.4128 0.7071 0.3648 0.2292 0.9025 0.6728 -0.1471 0.7251 -0.2082 0.334 0.9193 0.6631 -0.1855 0.7252 -0.683 0.1548 0.7138 -0.4427 0.6749 0.5904 0.7194 0.3698 0.588 -0.6737 0.1921 0.7136 -0.3536 0.7299 0.585 -0.2495 -0.2248 -0.9419 -0.2278 -0.2441 -0.9426 0.4312 0.5213 -0.7364 0.5473 0.3976 -0.7364 0.288 0.6121 -0.7364 0.629 0.249 -0.7364 0.288 -0.6121 -0.7364 0.4312 -0.5213 -0.7364 0.027 0.6895 -0.7238 0.1268 -0.6645 -0.7364 -0.4066 -0.4916 -0.7701 -0.5992 -0.2373 -0.7646 0.1268 0.6645 -0.7364 -0.6553 0.1682 -0.7364 -0.6765 0 -0.7364 0.6883 0.0527 -0.7235 -0.5928 0.3259 -0.7364 -0.4932 0.4631 -0.7364 -0.3625 0.5712 -0.7364 -0.2079 -0.2634 -0.942 -0.1895 -0.2776 -0.9418 0.5571 0.3204 -0.7662 0.6712 0.0848 -0.7364 0.3471 0.5462 -0.7623 -0.27 0.5785 -0.7697 -0.0425 -0.6752 -0.7364 0.1289 0.7011 -0.7013 -0.209 -0.6434 -0.7364 -0.3625 -0.5712 -0.7364 -0.6552 -0.1682 -0.7364 -0.5928 -0.3259 -0.7364 0.6973 0.1372 -0.7035 0.051 0.6406 -0.7661 0.6405 0.0126 -0.7678 0.6487 0.2788 -0.7082 -0.2629 -0.2077 -0.9422 -0.0425 0.6752 -0.7364 -0.5225 0.3791 -0.7638 0.6712 -0.0848 -0.7364 -0.4932 -0.4631 -0.7364 0.5845 0.388 -0.7126 -0.6526 0.0935 -0.7519 -0.3597 0.68 -0.6389 0.4073 0.5718 -0.7121 -0.209 0.6434 -0.7364 0.5068 0.4872 -0.7111 0.629 -0.249 -0.7364 -0.6333 0.0796 -0.7698 0.3521 -0.5456 -0.7605 0.558 -0.3064 -0.7712 0.1181 -0.6554 -0.746 -0.1348 -0.6363 -0.7595 0.5473 -0.3976 -0.7364 0.0935 -0.6526 -0.7519 -0.2776 -0.1895 -0.9418 0.6878 -0.3487 -0.6367 0.5354 0.3952 -0.7464 -0.027 -0.6895 -0.7238 0.6287 0.1572 -0.7616 -0.5928 -0.3259 -0.7364 -0.4932 -0.4631 -0.7364 0.2278 0.2441 -0.9426 -0.3625 -0.5712 -0.7364 0.3401 0.5568 -0.7578 0.0507 0.6404 -0.7664 -0.4932 0.4631 -0.7364 -0.6553 -0.1682 -0.7364 -0.209 -0.6434 -0.7364 0.2495 0.2248 -0.9419 -0.5928 0.3259 -0.7364 0.6164 -0.1583 -0.7714 -0.2919 -0.6415 -0.7095 -0.4068 -0.5721 -0.7122 0.4312 0.5212 -0.7365 0.1868 -0.6149 -0.7662 -0.5092 -0.4847 -0.7112 0.5473 0.3976 -0.7365 -0.5994 -0.3703 -0.7097 -0.6579 -0.2461 -0.7118 -0.0425 -0.6752 -0.7364 -0.27 0.5774 -0.7705 0.2079 0.2634 -0.942 -0.1332 -0.7017 -0.6999 0.288 0.6121 -0.7365 -0.1225 -0.6346 -0.763 0.629 0.249 -0.7364 -0.7017 -0.1072 -0.7044 0.2629 0.2077 -0.9422 0.1268 -0.6645 -0.7364 -0.681 0.358 -0.6388 -0.6553 0.1682 -0.7364 -0.4076 -0.4926 -0.7689 0.1268 0.6645 -0.7365 0.6712 0.0848 -0.7364 0.1895 0.2776 -0.9418 -0.6003 -0.2373 -0.7638 -0.0425 0.6752 -0.7364 0.4582 -0.4477 -0.7678 0.2776 0.1895 -0.9418 0.6712 -0.0848 -0.7364 -0.6332 0.0804 -0.7698 0.3597 -0.68 -0.6389 -0.209 0.6434 -0.7364 0.6526 -0.0935 -0.7519 -0.6765 0 -0.7364 0.629 -0.249 -0.7364 -0.0935 0.6526 -0.752 -0.3625 0.5712 -0.7364 0.5473 -0.3976 -0.7364 0.4312 -0.5213 -0.7364 -0.5214 0.3788 -0.7646 0.288 -0.6121 -0.7364 -0.7444 -0.2048 -0.6355 0.782 -0.2148 -0.5851 0.7043 -0.0244 -0.7095 -0.7462 0.2088 -0.6322 -0.6924 0.0329 -0.7208 0.7032 0.0289 -0.7104 0.7819 0.215 -0.5851 -0.5962 0.272 0.7554 0.8012 0.1658 0.575 0.7523 0.0238 0.6584 -0.6108 0.2392 0.7548 -0.005 0.4104 0.9119 -0.6415 0.3899 0.6606 -0.3295 0.7907 0.5159 -0.6073 0.6173 0.5001 -0.206 0.9781 0.0295 -0.225 0.9726 -0.0582 0.7533 0.6502 -0.0989 -0.2179 0.9748 -0.0469 -0.2167 0.9725 0.085 -0.224 0.9696 0.0988 -0.2125 0.9768 -0.0257 -0.2074 0.9782 0.01 -0.2071 0.9783 -0.0101 0.752 0.6469 -0.1264 -0.2107 0.9754 0.0642 -0.4399 0.8586 0.2633 0.7529 0.5498 0.3619 0.8031 0.3979 0.4435 -0.3769 0.9011 0.2144 -0.3559 0.9101 0.2124 0.7535 0.5638 0.3382 -0.3385 0.9164 0.2138 -0.2387 0.9682 -0.0751 -0.3256 0.9233 0.2037 0.7542 0.5788 0.3102 -0.3059 0.9339 0.1848 0.7564 0.592 0.2782 0.7527 0.6408 -0.1513 -0.2052 0.9775 0.0493 -0.2809 0.9446 0.1699 0.7547 0.6084 0.2455 -0.2643 0.9515 0.1574 0.755 0.6213 0.2098 -0.2587 0.9611 -0.0968 -0.2458 0.9597 0.1365 0.7546 0.6331 0.1726 0.7525 0.635 -0.1747 -0.2334 0.9643 0.1249 0.7533 0.6437 0.135 -0.2712 0.9562 -0.1104 0.7522 0.6291 -0.196 0.7539 0.6498 0.0971 -0.2901 0.9484 -0.1283 0.7544 0.6536 0.061 0.7544 0.6559 0.0266 0.7519 0.6231 -0.2153 -0.3172 0.937 -0.1464 0.7542 0.6566 -0.0068 0.7516 0.6171 -0.233 0.7513 0.6112 -0.249 0.7539 0.6558 -0.039 -0.3732 0.9094 -0.1834 0.7537 0.6535 -0.0698 -0.0352 0.8672 0.4966 0.8044 0.4678 -0.3661 -0.3413 0.9398 -0.0147 -0.7463 0.5373 -0.393 -0.341 0.9252 -0.1665 -0.2847 0.8561 0.4313 -0.2289 -0.9721 -0.0519 -0.2138 -0.9743 0.0702 0.7534 -0.6446 -0.1299 -0.2201 -0.9751 0.0253 -0.2188 -0.9719 0.0866 -0.2692 -0.9567 -0.1109 -0.2223 -0.9742 -0.0386 0.7564 -0.6505 -0.0684 -0.3013 -0.9359 0.1825 0.7518 -0.5977 0.2786 0.7542 -0.6085 0.2468 -0.2712 -0.9491 0.1602 -0.2369 -0.9637 0.1234 -0.216 -0.9762 -0.018 0.7541 -0.6559 -0.034 -0.2135 -0.9757 0.0496 -0.2261 -0.9676 0.1127 0.7544 -0.64 0.1456 0.7548 -0.6307 0.1803 0.7541 -0.6568 0.0003 -0.2525 -0.9628 -0.0961 -0.3414 -0.9398 -0.0155 0.8045 -0.4679 -0.3659 -0.7462 -0.5373 -0.3932 -0.036 -0.8691 0.4933 0.7516 -0.6123 -0.2451 -0.2926 -0.8534 0.4313 -0.3621 -0.9149 -0.1786 -0.2135 -0.9769 -0.0011 -0.3126 -0.9304 0.1915 0.7538 -0.5813 0.3064 -0.3341 -0.9279 -0.1654 0.7528 -0.6191 -0.2237 -0.3185 -0.9359 -0.1507 0.7533 -0.6256 -0.2027 -0.2973 -0.9446 -0.1389 -0.2833 -0.9504 -0.1286 0.7529 -0.6328 -0.1809 0.7547 -0.6551 0.0364 0.7527 -0.6395 -0.1567 -0.2617 -0.9537 0.1484 0.7545 -0.6205 0.214 -0.3444 -0.9159 0.206 0.7538 -0.5661 0.3337 -0.242 -0.9676 -0.0712 0.7563 -0.6499 0.0753 -0.3717 -0.9038 0.2121 0.7535 -0.5506 0.3592 -0.4399 -0.8666 0.2355 0.8035 -0.3981 0.4427 0.7508 -0.6527 -0.1015 0.7572 -0.6437 0.1111 -0.6474 -0.3741 0.664 0.8012 -0.1657 0.575 -0.6079 -0.6136 0.5039 -0.6657 -0.3356 0.6665 0.7508 -0.0266 0.66 0.7032 0.0133 -0.7109 -0.6976 0.0108 -0.7165 0.7035 -0.004 -0.7107 -0.6928 -0.0096 -0.7211 -0.6973 -0.0297 -0.7161 -0.6793 -0.2957 0.6716 -0.689 -0.2578 0.6773 -0.0858 -0.372 0.9243 -0.7044 -0.1874 0.6846 -0.6386 -0.1133 0.7611 0.751 -0.0117 0.6602 -0.6461 -0.0572 0.7611 -0.6557 -0.0135 0.7549 0.75 0.0046 0.6614 -0.6445 0.0318 0.764 -0.6521 0.0749 0.7544 -0.6396 0.1143 0.7601 -0.0807 0.368 0.9263 -0.4004 0.6865 0.607 -0.6201 0.194 0.7602 -0.4776 -0.6874 0.5472 -0.5135 0.7218 0.4641 -0.4474 0.7709 0.4533 -0.4744 0.7548 0.453 -0.4611 -0.7624 0.454 -0.5117 -0.7235 0.4634 -0.1026 -0.9947 -0.0017 -0.1556 -0.9839 0.0877 -0.0578 -0.7487 0.6604 -0.2385 -0.7667 0.5961 -0.0225 -0.9997 -0 -0.2712 -0.9297 0.2492 -0.0344 -0.9994 0.0013 -0.057 -0.6956 0.7162 -0.0902 -0.9959 -0.0014 -0.6963 -0.063 0.715 -0.9963 -0.0857 0.0005 -0.9993 -0.0364 -0.0012 -0.8722 -0.3242 0.3662 -0.7531 -0.3344 0.5666 -0.4944 -0.5002 0.7109 -0.5801 -0.3953 0.7123 -0.6454 -0.2847 0.7088 -0.9149 -0.4037 -0.0007 -0.975 -0.222 0.0034 -0.6856 -0.1636 0.7093 -0.5795 -0.815 -0.0007 -0.3855 -0.5857 0.713 -0.8257 -0.5641 0.0029 -0.7161 -0.698 -0.001 -0.2724 -0.649 0.7104 -0.4178 -0.9085 -0.0016 -0.2374 -0.9714 -0.0005 -0.1504 -0.6888 0.7092 1 0.0054 -0.0035 0.7269 0.0002 0.6867 0.8607 0.3491 0.3705 0.6927 0.0981 0.7145 0.997 0.0776 -0.0006 0.9794 0.2017 -0.0018 0.9999 -0.0147 -0.0022 0.7449 -0.0229 0.6667 0.7468 0.0946 0.6583 0.7446 0.3493 0.5688 0.7502 -0.0498 0.6594 0.9995 -0.0316 -0.0009 0.7489 -0.0739 0.6585 0.9985 0.0554 -0.0007 0.999 -0.0451 -0.001 0.7489 0.0686 0.6592 0.7475 -0.0946 0.6575 0.7447 -0.3497 0.5685 0.9978 -0.0656 -0.0007 0.9994 0.0355 -0.0031 0.86 -0.349 0.3724 0.7462 0.0306 0.665 0.9918 -0.1281 -0.0003 0.6952 -0.1431 0.7044 0.9998 0.02 0.0022 0.027 -0.6899 0.7234 0.1563 -0.9877 -0.0017 0.0668 -0.696 0.7149 0.0359 -0.9994 -0.0007 0.2857 -0.9194 0.2703 0.2387 -0.7669 0.5957 0.0589 -0.749 0.6599 0.0226 -0.9997 -0 0.1008 -0.9949 -0.0006 0.1569 -0.9833 0.0924 0.6437 -0.2823 0.7113 0.6712 -0.7412 -0.0012 0.5337 -0.8457 0.0008 0.3619 -0.9322 -0.0048 0.1888 -0.6837 0.7049 0.3476 -0.618 0.7051 0.9568 -0.2909 -0.0007 0.5811 -0.3905 0.714 0.4906 -0.509 0.7073 0.785 -0.6195 -0.002 0.8783 -0.4781 -0.0015 0.1009 0.9949 -0.0007 0.1572 0.9837 0.0879 0.0538 0.75 0.6592 0.2372 0.7663 0.5971 0.0226 0.9997 -0 0.2857 0.9194 0.2704 0.0345 0.9994 0.0004 0.0253 0.689 0.7243 0.1041 0.7022 0.7043 0.0872 0.9962 -0.0024 0.6746 0.2196 0.7048 0.6015 0.3755 0.7051 0.711 0.7031 -0.002 0.821 0.5709 0.0008 0.4859 0.5135 0.7072 0.9155 0.4023 -0.004 0.2471 0.969 -0.0016 0.2491 0.6588 0.7099 0.3633 0.5985 0.714 0.5842 0.8116 -0.0022 0.4374 0.8993 -0.0017 -0.7531 0.3344 0.5666 -0.9994 0.0358 -0.0003 -0.8794 0.3243 0.3487 -0.7035 0.1187 0.7007 -0.9961 0.0881 -0.0026 -0.027 0.6895 0.7238 -0.0836 0.9965 0.0002 -0.1292 0.7006 0.7018 -0.0347 0.9994 0 -0.2858 0.9193 0.2704 -0.2377 0.7668 0.5963 -0.0521 0.7472 0.6626 -0.0226 0.9997 0 -0.101 0.9949 -0.0011 -0.3956 0.9184 -0.0034 -0.5015 0.4918 0.7118 -0.3992 0.5765 0.713 -0.8152 0.5791 -0.0009 -0.5848 0.3866 0.7131 -0.6524 0.2706 0.708 -0.2198 0.9755 0.0011 -0.559 0.8291 0.0015 -0.2852 0.6458 0.7083 -0.6971 0.717 -0.0012 -0.9096 0.4155 0.0005 -0.9711 0.2389 0.0003 0.1942 0.7298 0.6555 -0.1565 -0.9877 -0.0036 0.8075 -0.5872 -0.0563 0.7623 -0.6448 -0.0563 0.7634 -0.6457 -0.0188 -0.2188 0.9742 0.0548 -0.1584 0.9859 0.0536 -0.2843 0.9571 0.0558 0.713 -0.6989 -0.0563 0.714 -0.6999 -0.0188 -0.1073 0.9923 0.0611 -0.0856 -0.9963 -0.0059 -0.1153 -0.9923 0.0463 -0.0564 0.9966 0.0593 -0.8128 -0.5252 -0.2519 0.0253 -0.998 0.0579 -0.0885 0.9942 0.0613 -0.1946 0.9788 0.0634 -0.15 0.9869 0.0602 -0.7428 -0.623 -0.245 -0.7685 -0.5923 -0.242 0.8047 -0.5852 -0.1002 0.8483 -0.5265 -0.0563 0.8454 -0.5246 -0.1002 0.144 0.9878 0.0598 0.076 0.9952 0.0618 0.0044 0.9981 0.0615 0.0735 0.9955 0.0592 0.218 -0.9741 0.0594 0.1363 -0.9887 0.0623 0.6609 -0.7503 -0.0188 0.6041 -0.7967 -0.0188 0.6609 -0.7504 0.0125 0.6042 -0.7968 0.0125 -0.3283 0.9427 0.0593 -0.0065 -0.9987 0.0515 0.9604 -0.1832 -0.2101 0.9501 -0.2104 -0.2305 0.1071 0.9928 0.0535 0.9441 -0.2542 -0.21 0.1768 -0.9825 0.059 -0.2483 0.9668 0.0611 0.9072 -0.393 -0.15 0.8816 -0.4613 -0.1002 0.913 -0.3955 -0.1002 -0.2828 0.9573 0.0604 0.049 -0.9988 -0.0026 0.1041 -0.9946 -0.0056 0.1129 -0.9924 0.0481 0.013 0.9986 0.0511 -0.0225 0.9981 0.0569 0.0456 0.9974 0.0566 -0.3833 0.922 0.0544 -0.4455 0.8935 0.0556 0.9236 -0.321 -0.2094 0.9549 -0.2562 -0.15 -0.4875 0.8716 0.0515 0.9336 -0.3255 -0.15 0.1559 -0.9878 -0.0036 -0.2172 0.9742 0.0607 0.0038 0.9707 -0.2402 0.0504 0.9692 -0.2409 0.0084 0.971 -0.2391 0.0812 0.9689 -0.2337 0.0694 0.976 -0.2066 0.5442 -0.8389 0.0125 0.4813 -0.8765 0.0125 0.5439 -0.8383 0.0376 -0.0407 0.9699 -0.2401 0.481 -0.8759 0.0377 -0.3978 0.9155 0.0604 -0.3403 0.9387 0.0549 -0.3298 0.9421 0.0604 -0.3725 0.9259 0.0625 -0.0106 0.9805 -0.1961 -0.4655 0.8828 0.0622 -0.5142 0.8553 0.0634 0.8086 -0.588 -0.0188 0.8846 -0.4629 -0.0563 -0.0903 0.9665 -0.2403 -0.0569 0.9743 -0.2182 -0.4244 0.9032 0.0647 0.7141 -0.6999 0.0125 -0.0778 0.9952 0.0601 -0.1206 0.9913 0.0534 -0.1732 0.9833 0.0564 0.9713 -0.1126 -0.2094 -0.427 0.9021 0.0623 -0.1569 0.9834 0.0911 0.9395 -0.3275 -0.1002 -0.2086 0.7194 0.6625 -0.109 0.9694 -0.2198 -0.5256 0.8492 0.0508 -0.5653 0.8227 0.0596 -0.0591 0.997 0.0502 -0.0209 0.9856 -0.1677 -0.4816 0.8739 0.0658 -0.5035 0.8618 0.0616 -0.4435 0.894 0.0639 -0.069 0.9832 -0.1689 0.3448 -0.9381 0.0343 0.3519 -0.9342 0.0585 0.4164 -0.9075 0.0555 -0.0437 0.9979 0.0486 0.4155 -0.9088 0.0377 0.9711 -0.1856 -0.15 -0.1122 0.9925 0.0492 -0.3867 0.9202 0.0613 -0.6029 0.7953 0.0632 -0.4129 0.909 0.0574 0.6038 -0.7963 0.0374 0.8495 -0.5272 -0.0188 -0.5456 0.8361 0.057 -0.1576 0.9653 -0.2083 -0.3411 0.9381 0.0595 -0.1171 0.9782 -0.1713 0.9161 -0.3969 -0.0563 0.7635 -0.6457 0.0125 -0.447 0.8924 0.0612 -0.4768 0.8769 0.0605 -0.3276 0.675 0.6611 0.9769 -0.0414 -0.2095 -0.2769 0.6946 0.664 -0.2234 -0.9739 0.0397 -0.2285 -0.9735 0.0122 -0.2957 -0.9551 0.0162 -0.3524 -0.9354 0.027 -0.2937 -0.9552 0.036 0.961 -0.2578 -0.1002 -0.3449 -0.9376 0.0439 -0.2812 -0.9584 0.0483 -0.4097 -0.9103 0.0587 -0.4543 -0.8888 0.0608 -0.4278 -0.9019 0.059 -0.2153 -0.975 0.0544 -0.358 -0.932 0.0566 -0.3266 -0.9432 0.0601 -0.2889 -0.9552 0.064 -0.3624 -0.93 0.0622 0.4796 -0.8757 0.0563 -0.6147 -0.7865 0.0594 -0.5465 -0.8352 0.061 -0.5622 -0.8248 0.0604 -0.4961 -0.8661 0.0623 -0.5993 -0.7982 0.0609 -0.2234 -0.973 0.0589 0.9821 -0.1139 -0.15 -0.4527 -0.8893 0.0649 -0.4103 -0.9096 0.0649 0.6605 -0.7499 0.0374 -0.367 -0.9283 0.0603 -0.3264 -0.9432 0.0627 -0.4885 -0.8706 0.0592 0.8859 -0.4636 -0.0188 -0.185 -0.9811 0.0565 -0.1465 -0.9874 0.0597 0.9428 -0.3287 -0.0563 -0.4505 0.8744 -0.1801 -0.4656 0.8728 -0.1466 -0.3967 0.9027 -0.1664 -0.4438 0.8879 -0.121 -0.5482 0.802 -0.2374 -0.5546 0.8056 -0.2086 0.8087 -0.5881 0.0125 -0.4181 -0.621 0.663 -0.6219 -0.781 0.0575 -0.3757 -0.649 0.6616 -0.5003 0.8552 -0.1356 -0.2924 -0.9543 0.0617 -0.2263 -0.9721 0.0612 -0.5064 0.841 -0.1906 -0.5267 0.8362 -0.1527 0.9689 0.0646 -0.2387 0.9772 0.0301 -0.2101 -0.2226 -0.9728 0.0635 -0.1824 -0.9808 0.0695 -0.6168 0.7503 -0.2381 -0.6143 0.758 -0.219 0.9773 -0.1868 -0.1002 -0.2665 -0.9621 0.0576 -0.3288 -0.9426 0.0588 -0.1543 -0.9862 0.0609 -0.1971 -0.7316 0.6527 -0.2403 -0.7096 0.6624 0.5491 -0.8341 0.0528 -0.2867 -0.6912 0.6634 0.3535 -0.9335 0.0603 0.2972 -0.9529 0.0601 0.422 -0.9046 0.0602 0.9878 -0.0417 -0.15 -0.566 0.8082 -0.1627 0.3715 -0.9265 0.059 0.282 -0.6885 0.6682 0.2581 -0.7017 0.664 -0.6432 0.7282 -0.2367 -0.6466 0.7272 -0.2305 0.2132 -0.7244 0.6556 0.7137 -0.6995 0.0374 -0.1285 0.9835 -0.1277 -0.083 0.9892 -0.1212 -0.1051 0.992 -0.0694 -0.2158 0.9725 -0.0874 -0.163 0.9839 -0.0734 -0.2153 0.9749 -0.0558 -0.4062 0.9091 -0.0923 -0.4619 0.8822 -0.0912 0.9174 -0.3974 -0.0188 -0.3611 0.924 -0.1258 -0.3411 0.9356 -0.0918 -0.5987 0.7826 -0.1709 0.079 0.996 0.041 0.1529 0.9876 0.0369 0.2199 0.975 0.0314 0.1124 0.9926 0.0467 0.1772 0.9829 0.0507 0.9643 -0.2587 -0.0563 -0.5465 0.8356 -0.0555 -0.57 0.818 -0.0779 -0.5029 0.8619 -0.064 -0.6348 0.7522 -0.1766 -0.4426 0.8943 -0.0652 -0.5127 0.8525 -0.1014 -0.5778 -0.4768 0.6624 0.0761 0.9957 0.0519 0.1523 0.9868 0.0542 0.8496 -0.5273 0.0125 -0.6933 0.6874 -0.2164 0.2184 0.9741 0.0587 0.2872 0.9561 0.0574 0.263 0.9629 0.0604 -0.6743 0.6992 -0.2376 0.9724 0.1024 -0.2098 -0.6631 0.7245 -0.188 0.0254 0.998 0.0578 0.0135 0.9991 0.0393 0.9567 0.1619 -0.2419 -0.0018 0.999 0.0457 0.9883 -0.1147 -0.1002 -0.0375 0.9979 0.0522 0.079 0.995 0.0612 0.6052 -0.7942 0.0544 0.2977 0.9527 0.0611 0.2194 0.9738 0.0598 0.2601 0.9637 0.0604 0.0366 0.9975 0.0607 -0.0148 0.9982 0.0589 0.9882 0.0308 -0.15 -0.5977 0.7908 -0.1317 0.099 0.9932 0.0615 0.1651 0.9844 0.0603 0.763 -0.6453 0.0374 0.2592 0.964 0.0586 0.3203 0.9456 0.0571 0.3559 0.9324 0.0627 -0.7287 0.6459 -0.2277 -0.722 0.6525 -0.2299 -0.6733 0.7187 -0.1736 0.9441 -0.3291 -0.0188 0.9807 -0.1874 -0.0563 0.1793 0.982 0.0598 0.2376 0.7093 0.6637 0.886 -0.4636 0.0125 0.2834 0.694 0.6619 -0.166 0.9843 0.06 0.9626 0.1731 -0.2086 -0.1536 0.9881 -0.0025 0.9427 0.2265 -0.2451 0.9941 -0.042 -0.1002 -0.5269 0.8479 0.0579 -0.359 0.6596 0.6604 -0.1524 -0.9876 0.0381 0.6628 -0.7471 0.0503 -0.29 -0.9551 0.0603 -0.4372 -0.8975 0.0581 0.9833 0.1031 -0.15 0.8082 -0.5877 0.0374 0.9657 -0.2591 -0.0188 -0.1529 -0.9865 0.0588 -0.3321 -0.6722 0.6618 -0.4773 -0.8768 0.0584 0.9918 -0.1151 -0.0563 -0.0716 -0.9959 0.055 -0.0877 -0.9943 0.0614 0.9175 -0.3975 0.0125 -0.3979 -0.9156 0.0581 0.9473 0.2429 -0.2087 0.9289 0.277 -0.2457 0.9945 0.031 -0.1002 0.715 -0.6976 0.045 -0.0799 -0.9949 0.0623 0.9731 0.1748 -0.15 0.4434 -0.8945 0.0566 0.8491 -0.5269 0.0374 0.3288 -0.6737 0.6618 0.4225 -0.9045 0.0577 0.3658 -0.6539 0.6623 0.2953 0.9546 0.0387 0.241 0.9694 0.047 0.9821 -0.1877 -0.0188 0.357 0.9323 0.0581 0.428 0.902 0.0565 0.3992 0.9149 0.0601 0.9975 -0.0421 -0.0563 0.9442 -0.3292 0.0125 0.233 0.9711 0.0521 0.3107 0.9486 0.0598 0.9173 0.3201 -0.2371 0.9267 0.3119 -0.2095 0.9895 0.1037 -0.1002 0.4041 0.9126 0.0628 0.1543 0.988 -0.0036 -0.7585 0.6058 -0.2401 0.2261 0.9722 0.0617 0.0846 0.9964 0.0002 0.1106 0.9927 0.0473 0.768 -0.64 0.0226 0.2933 0.9541 0.0612 0.034 0.9994 -0.0006 0.9577 0.2456 -0.15 -0.8023 0.5464 -0.2401 -0.7855 0.5736 -0.2323 0.3839 0.9216 0.0576 0.8854 -0.4633 0.0374 0.9932 -0.1152 -0.0188 -0.5761 0.8152 0.0599 -0.3965 0.636 0.662 -0.4363 0.6075 0.6637 0.9979 0.0311 -0.0563 -0.0766 -0.9962 0.0405 -0.0853 0.9963 -0.0055 0.9658 -0.2591 0.0125 -0.128 -0.9906 0.0486 0.9017 0.3782 -0.2097 0.8773 0.4164 -0.2387 0.9793 0.1759 -0.1002 0.8022 -0.5953 0.0452 0.0578 -0.9967 0.0574 -0.0133 -0.9982 0.0577 -0.0694 -0.9957 0.0619 0.9371 0.3151 -0.15 -0.1388 -0.9882 0.0644 0.917 -0.3972 0.0374 -0.5083 0.8587 0.0655 -0.5395 0.8396 0.0628 0.9989 -0.0422 -0.0188 -0.0117 -0.998 0.0622 0.993 0.1041 -0.0563 0.9821 -0.1877 0.0125 0.0563 -0.9966 0.06 0.8712 0.4439 -0.2095 0.4909 -0.869 0.0626 0.8445 0.4774 -0.2429 0.5476 -0.8346 0.0602 0.9638 0.2472 -0.1002 0.4984 -0.865 0.0572 -0.5843 0.8091 0.0631 0.4958 0.8665 0.0578 0.5282 0.8471 0.0589 0.3642 0.9305 0.0383 0.8484 -0.5265 0.0546 0.9115 0.3829 -0.15 -0.6254 0.7778 0.063 0.3096 0.9496 0.0501 0.4448 0.8937 0.0595 0.9436 -0.329 0.0374 -0.6059 0.7934 0.0587 0.9993 0.0311 -0.0188 0.5573 0.8282 0.0598 0.4895 0.8699 0.0602 0.5283 0.8465 0.0659 0.9827 0.1765 -0.0563 -0.6415 0.765 0.057 0.3611 0.9305 0.0612 0.432 0.8996 0.0636 0.9933 -0.1152 0.0125 -0.4765 0.5765 0.6638 0.4419 0.8952 0.0581 0.8145 0.5273 -0.2418 0.8365 0.5063 -0.2096 -0.6839 0.7272 0.0599 0.9431 0.3171 -0.1002 -0.5209 0.5357 0.6646 0.4505 0.8908 0.0598 -0.7152 0.6964 0.0593 0.8847 -0.4629 0.0545 0.3251 0.6756 0.6617 0.3678 0.653 0.662 -0.003 -0.9993 0.0381 -0.0511 -0.9977 0.0454 -0.563 0.4945 0.6622 -0.4826 -0.8758 -0.0012 -0.4322 -0.9017 -0.0145 -0.3679 -0.9297 -0.0197 0.0945 -0.9936 0.0621 0.881 0.4487 -0.15 -0.3686 -0.9296 0.0081 -0.4314 -0.9021 0.007 0.9652 -0.259 0.0374 0.1358 -0.9891 0.0572 0.0035 -0.9982 0.0604 -0.4864 -0.8736 0.0135 -0.4256 -0.9047 0.021 0.0706 -0.9956 0.0614 -0.4822 -0.8755 0.0321 0.9944 0.1042 -0.0188 -0.4095 -0.9118 0.0311 -0.4336 -0.9003 0.038 -0.3624 -0.9313 0.0354 -0.4656 -0.8831 0.0575 -0.4993 -0.8652 0.0455 -0.537 -0.8422 0.0484 -0.497 -0.866 0.0545 0.1764 -0.9824 0.0617 -0.4179 -0.9073 0.0473 0.9671 0.2481 -0.0563 0.0936 -0.9937 0.0615 0.999 -0.0422 0.0125 -0.5601 -0.8267 0.0543 -0.595 -0.8012 0.0637 -0.5405 -0.8394 0.0575 -0.4276 -0.9025 0.0521 0.797 0.5661 -0.2103 0.7629 0.6025 -0.2346 0.7871 0.5698 -0.2363 0.9173 0.3854 -0.1002 0.1802 -0.9815 0.0653 -0.6737 -0.7366 0.0598 0.6088 -0.7911 0.0597 -0.7146 -0.6971 0.0588 -0.5618 -0.8249 0.0624 -0.5084 -0.8589 0.0624 0.9163 -0.3969 0.0545 0.565 -0.823 0.0582 0.4096 -0.627 0.6626 0.4524 -0.5935 0.6657 -0.6601 -0.7489 0.0581 0.614 0.7872 0.0572 0.8458 0.512 -0.15 -0.7319 -0.6789 0.0579 -0.5375 -0.5194 0.6643 -0.6808 -0.7303 0.0563 -0.4943 -0.5615 0.6635 0.4291 0.9025 0.0375 0.9815 -0.1876 0.0374 0.3782 0.9243 0.0521 -0.2023 -0.9776 0.0576 0.9841 0.1768 -0.0188 -0.1124 -0.9919 0.0587 0.9463 0.3182 -0.0563 -0.1463 -0.9879 0.052 0.4947 0.8669 0.0606 -0.0344 -0.9977 0.0583 0.9994 0.0311 0.0125 0.5555 0.8295 0.0588 -0.0776 -0.9956 0.0521 0.6197 0.7825 0.0604 0.7532 0.6233 -0.2103 0.7377 0.6319 -0.2376 0.8866 0.4515 -0.1002 0.0896 -0.9943 0.0575 0.508 0.8593 0.0602 -0.0711 -0.9962 0.0508 0.3869 0.6373 0.6665 0.9429 -0.3287 0.0544 0.0745 -0.9965 0.0388 0.0111 -0.9987 0.0493 -0.0181 -0.9998 -0.0021 0.1128 -0.9924 0.049 0.806 0.5726 -0.15 0.2867 -0.9559 0.0637 0.2097 -0.9759 0.0599 0.1416 -0.988 0.0616 0.9926 -0.1152 0.0374 0.0662 -0.9965 0.0506 0.2824 -0.9574 0.0608 0.156 -0.9864 0.0527 0.9685 0.2484 -0.0188 0.2316 -0.9711 0.0571 0.3187 -0.946 0.0588 0.9205 0.3867 -0.0563 0.9945 0.1042 0.0125 0.2234 -0.9725 0.0658 -0.6769 -0.6935 -0.2467 -0.7062 -0.665 -0.2432 -0.7135 -0.6685 -0.2098 0.2786 -0.9586 0.0594 0.0249 0.9887 -0.1477 0.3206 -0.945 0.0649 -0.662 -0.7199 -0.2084 0.7057 0.6766 -0.2101 0.0774 0.9854 -0.1513 -0.6405 -0.7282 -0.2439 0.0744 0.992 -0.1022 0.6915 0.6859 -0.2267 0.7194 0.6563 -0.2274 -0.6081 -0.7657 -0.2093 0.8512 0.5153 -0.1002 0.6678 -0.7415 0.0649 -0.2158 0.9478 -0.2349 -0.2097 0.9481 -0.239 -0.5601 -0.7934 -0.2382 -0.2494 0.94 -0.2329 -0.6672 -0.7291 -0.1523 0.6277 -0.7764 0.0561 -0.5503 -0.8081 -0.2099 0.8047 -0.5904 0.0619 0.6102 -0.7902 0.0576 -0.5117 -0.8258 -0.2372 0.4982 -0.5571 0.6644 -0.6152 -0.7738 -0.1507 0.9644 -0.2588 0.0544 -0.1839 0.9712 -0.1512 -0.489 -0.8466 -0.21 -0.4723 -0.8552 -0.2136 0.6721 0.7365 0.076 0.7152 0.6964 0.0602 -0.2976 0.9272 -0.2274 -0.2754 0.936 -0.2193 -0.5563 -0.8173 -0.15 -0.0294 0.992 -0.1228 0.0733 0.9958 -0.0542 0.0027 0.9975 -0.0709 0.7619 0.6301 -0.15 0.9984 -0.0421 0.0374 -0.3792 -0.8943 -0.2376 -0.4263 -0.88 -0.2096 0.497 0.8668 0.0405 -0.2804 0.9536 -0.1093 -0.2233 0.961 -0.1632 -0.6193 -0.7787 -0.1004 -0.0426 0.9957 -0.0817 0.9477 0.3187 -0.0188 -0.4949 -0.8559 -0.15 0.6341 0.7708 0.0616 -0.3601 -0.9091 -0.2096 0.8897 0.4531 -0.0563 -0.334 0.915 -0.2263 -0.3425 0.9156 -0.2106 0.4521 0.8906 0.0494 -0.5602 -0.8222 -0.1008 -0.3608 0.9006 -0.2422 -0.3809 0.8932 -0.2389 0.9842 0.1768 0.0125 -0.4309 -0.8898 -0.15 -0.2789 0.946 -0.1655 -0.2388 -0.9414 -0.2382 -0.2934 -0.9328 -0.2093 -0.0383 0.9981 -0.0492 0.6135 0.7532 -0.2374 0.6545 0.7265 -0.2096 0.703 0.7086 0.0612 0.6679 0.7419 0.0597 -0.4981 -0.8613 -0.1002 -0.4025 0.8866 -0.2277 -0.4243 0.8741 -0.2365 0.8111 0.5762 -0.1002 0.5949 0.8014 0.0624 -0.3646 -0.919 -0.15 -0.471 0.8487 -0.2406 -0.4435 0.8664 -0.2296 -0.5599 -0.8264 -0.0597 0.8476 -0.5276 0.0572 0.7216 0.6897 0.0599 0.5663 0.8217 0.0636 -0.4066 0.8914 -0.2003 0.6501 -0.375 0.6609 0.6263 -0.408 0.6643 -0.1877 -0.9532 -0.2372 -0.224 -0.9517 -0.2101 0.9808 -0.1874 0.0544 -0.4336 -0.8955 -0.1002 -0.456 0.8618 -0.2221 -0.2963 -0.9433 -0.15 -0.5014 -0.8632 -0.0583 -0.0882 0.9947 -0.0531 0.7137 0.6842 -0.15 0.5777 0.8143 0.0569 -0.3361 0.9286 -0.1575 0.9988 0.0311 0.0375 0.4293 0.6133 0.663 0.5586 0.8274 0.0576 0.463 0.5871 0.664 -0.1425 -0.9659 -0.2161 -0.153 -0.9657 -0.2098 -0.4974 0.8351 -0.2349 -0.5008 0.8352 -0.2275 -0.5271 0.8157 -0.2382 -0.3669 -0.9249 -0.1002 0.1387 -0.9898 0.033 0.0186 0.9995 -0.0257 -0.0337 0.9993 -0.0178 0.0795 -0.9955 0.0516 -0.2264 -0.9624 -0.15 0.9218 0.3872 -0.0188 0.2132 -0.9753 0.0583 -0.2728 0.9596 -0.0695 0.8541 0.517 -0.0563 -0.4352 -0.8986 -0.0561 0.0747 0.997 -0.02 0.0742 0.9972 0.013 0.0007 1 -0.0011 0.9686 0.2484 0.0125 0.3509 -0.9346 0.0589 0.5992 0.7726 -0.2099 -0.0465 -0.9705 -0.2366 -0.0829 -0.9743 -0.2096 -0.0839 0.9963 -0.0204 -0.1357 0.9908 0.0026 -0.1479 0.9886 -0.0278 -0.2646 0.9635 -0.0404 0.5589 0.7947 -0.2367 -0.2982 -0.9492 -0.1002 -0.1553 -0.9764 -0.15 0.7667 0.6341 -0.1002 0.6661 -0.3413 0.6632 -0.502 -0.8646 -0.021 -0.2061 0.9782 -0.0242 -0.3682 -0.9281 -0.0563 0.9919 -0.1151 0.0544 -0.0108 -0.9776 -0.2102 0.7172 -0.6934 0.07 -0.256 0.9666 -0.0163 0.0383 -0.9705 -0.238 -0.01 -0.9716 -0.2365 -0.2278 -0.9685 -0.1002 -0.3181 0.9458 -0.0659 0.6617 0.7347 -0.15 0.9939 0.1042 0.0374 0.6756 -0.7351 0.0569 -0.3727 0.9272 -0.0374 -0.3741 0.9244 -0.0743 -0.0833 -0.9852 -0.15 0.769 0.6366 0.0573 0.8134 0.5791 0.0553 0.7973 0.6005 0.0604 0.8909 0.4537 -0.0188 -0.3076 0.951 -0.0319 -0.5498 0.8248 -0.1316 0.8139 0.5782 -0.0563 0.7435 0.6659 0.0615 -0.2992 -0.9525 -0.0563 0.0607 -0.9758 -0.2102 0.9478 0.3187 0.0125 0.0011 0.9996 0.0268 0.0963 -0.9664 -0.2382 0.5607 0.8271 0.0375 0.541 0.8144 -0.2099 -0.1563 -0.9826 -0.1002 0.5186 0.8538 0.0458 0.5278 0.8159 -0.2363 0.8145 0.5774 0.0568 0.7735 0.6317 0.0523 0.7963 0.6016 0.0633 0.7182 0.6885 -0.1002 0.6795 0.731 0.0617 0.7267 0.6841 0.062 -0.0109 -0.9886 -0.15 0.6867 -0.295 0.6643 0.9976 -0.0435 0.0545 -0.2286 -0.9719 -0.0563 -0.6478 0.7475 -0.1471 0.7386 0.6712 0.0621 0.6061 0.7811 -0.15 -0.2026 0.9793 0.0026 0.1508 -0.9591 -0.2394 0.1325 -0.9687 -0.2097 0.9836 0.1767 0.0374 -0.2698 0.9629 -0.0027 0.6271 0.7768 0.0578 -0.0839 -0.9914 -0.1002 0.8553 0.5178 -0.0188 0.2093 -0.9771 0.039 -0.3585 0.9335 -0.0068 -0.3099 0.9507 -0.0115 0.0615 -0.9868 -0.15 0.7694 0.6363 -0.0563 0.1638 -0.9854 0.0454 0.1447 -0.9881 0.0522 -0.2477 0.9687 0.0139 -0.2997 -0.9539 -0.0187 0.9219 0.3873 0.0125 -0.1568 -0.986 -0.0563 -0.5772 0.8101 -0.1027 0.4804 0.8516 -0.2097 0.6659 0.7393 -0.1002 -0.6485 0.7519 -0.1186 0.1986 -0.9523 -0.2318 0.2025 -0.9565 -0.21 0.4409 -0.8955 0.0617 0.3958 -0.9162 0.0624 -0.011 -0.9949 -0.1002 0.7059 -0.2448 0.6647 0.3634 -0.9295 0.0634 0.7186 -0.1931 0.6681 -0.299 0.9542 0.0051 0.5314 -0.845 0.0605 0.998 0.031 0.055 0.1336 -0.9796 -0.15 -0.2289 -0.9733 -0.0188 0.5472 0.8234 -0.15 0.4802 -0.8752 0.0595 0.968 0.2483 0.0374 -0.1996 0.9795 0.0268 -0.0841 -0.9949 -0.0563 0.8151 0.579 -0.0188 -0.3448 0.9385 0.0167 0.53 -0.8457 0.0629 0.2982 -0.9252 -0.2347 0.2723 -0.9389 -0.2104 0.2524 -0.9407 -0.2267 0.7207 0.6909 -0.0563 0.7657 -0.6365 0.0928 0.891 0.4538 0.0125 -0.4263 0.9042 -0.0277 0.0619 -0.993 -0.1002 0.7307 -0.6803 0.0581 0.5361 -0.5225 0.663 0.5697 -0.4874 0.6617 0.4158 0.8849 -0.2099 0.205 -0.9672 -0.15 0.8537 0.5176 0.0571 0.8919 0.4493 0.0519 0.8797 0.4717 0.0595 0.3945 0.8873 -0.2389 0.4445 0.8645 -0.2347 -0.4705 0.8819 -0.0282 0.6099 0.7861 -0.1002 -0.157 -0.9874 -0.0188 -0.1351 0.9903 0.0312 0.8265 0.5598 0.0598 0.7355 -0.1399 0.6629 -0.011 -0.9984 -0.0563 0.9929 0.1056 0.0545 0.8923 0.447 0.0628 0.8541 0.5167 0.0597 0.8788 0.473 0.0628 0.6133 0.7892 0.0319 -0.5188 0.8543 -0.0324 0.342 -0.912 -0.2264 0.3403 -0.9165 -0.2102 0.4854 0.8613 -0.15 0.9472 0.3185 0.0374 -0.2457 0.9687 0.0356 0.7731 0.6313 0.062 0.1345 -0.9858 -0.1002 0.8196 0.5693 0.0642 -0.4063 0.9137 -0.0023 0.7705 0.6372 -0.0188 0.2753 -0.9496 -0.15 0.5707 0.8195 0.0512 -0.4458 0.8951 0.0002 0.6682 0.7419 -0.0563 0.6816 0.7293 0.0597 0.8554 0.5178 0.0125 -0.0843 -0.9963 -0.0188 0.0621 -0.9965 -0.0563 0.5029 0.5535 0.6639 -0.2763 0.9608 0.0235 0.5407 0.5144 0.6656 0.3505 0.9129 -0.2091 0.2827 -0.9587 0.0298 0.5507 0.8287 -0.1002 -0.4932 0.8699 -0.0096 0.2421 -0.9691 0.0471 0.4219 -0.8751 -0.2371 0.4066 -0.8891 -0.2102 0.9818 0.1841 0.0467 0.4937 -0.8675 0.0611 0.2063 -0.9733 -0.1002 0.5613 -0.8253 0.0622 -0.3948 0.9186 0.0197 0.5997 -0.7985 0.0527 -0.3495 0.9363 0.0335 -0.2995 0.9533 0.0377 0.421 0.8946 -0.15 0.9214 0.3868 0.0377 0.3441 -0.9269 -0.15 0.6466 -0.7605 0.0596 -0.0111 -0.9998 -0.0188 0.565 -0.8223 0.0678 0.6784 -0.7322 0.0614 0.7217 0.6919 -0.0188 0.612 0.7888 -0.0563 0.1349 -0.9893 -0.0563 0.5995 -0.7972 0.0704 0.8152 0.5791 0.0125 -0.4808 0.8767 0.0146 -0.1567 -0.9876 0.0132 0.6478 -0.7592 0.0627 -0.1348 0.9899 0.0428 -0.2055 0.9777 0.0437 0.2585 0.9365 -0.2371 0.3055 0.9212 -0.2411 0.283 0.9359 -0.2097 0.5013 -0.8351 -0.2263 0.4703 -0.857 -0.2105 0.4524 -0.8628 -0.2254 0.4885 0.8668 -0.1002 -0.4361 0.8995 0.0264 0.2771 -0.9556 -0.1002 0.7341 -0.0817 0.6741 0.6016 -0.4368 0.6688 0.7843 -0.6175 0.0592 -0.1049 0.9929 0.0568 0.7648 -0.0334 0.6435 0.969 0.2452 0.0294 0.9217 0.3842 0.0528 0.9496 0.3115 0.0343 0.9228 0.3807 0.0592 0.4111 -0.8992 -0.15 -0.2626 0.9634 0.0538 0.8922 0.4472 0.0624 0.3544 0.923 -0.15 0.9383 0.3402 0.0619 0.981 0.1816 0.0683 0.9659 0.2443 0.0851 0.8903 0.4537 0.0378 0.9472 0.3106 0.0799 0.0622 -0.9979 -0.0188 0.8557 0.514 0.0606 0.6691 0.7429 -0.0188 0.9229 0.3798 0.0633 0.5526 0.8315 -0.0563 0.207 -0.9767 -0.0563 0.634 0.7722 0.0425 -0.0842 -0.9964 0.0128 0.7177 0.6956 0.0328 0.6756 0.7371 0.0131 -0.3569 0.933 0.047 -0.288 0.9563 0.0497 0.6359 0.7698 0.0547 0.7706 0.6372 0.0125 0.5752 -0.7828 -0.2375 0.5428 -0.8065 -0.2344 0.5323 -0.82 -0.2104 0.1789 0.9549 -0.237 0.2135 0.9541 -0.2102 0.2255 0.9451 -0.2366 0.4237 0.9002 -0.1002 0.3463 -0.9327 -0.1002 -0.3985 0.9165 0.0352 0.7225 0.0183 0.6912 0.5802 0.4657 0.6682 0.75 0.6587 0.0603 0.6099 0.4284 0.6667 0.7236 0.6879 0.0568 0.4759 -0.8666 -0.15 0.2858 0.9465 -0.15 0.8549 0.5175 0.0374 -0.0166 0.9981 0.0594 0.1351 -0.9906 -0.0188 -0.4817 0.8756 0.035 0.6129 0.7899 -0.0188 0.278 -0.9589 -0.0563 0.4902 0.8698 -0.0563 -0.0115 -0.9998 0.0131 0.6149 -0.752 -0.2376 0.5905 -0.7792 -0.2099 0.7218 0.692 0.0125 -0.4537 0.8901 0.0436 0.1427 0.9672 -0.2102 0.4137 -0.9049 -0.1002 0.1983 0.9784 0.0582 0.3566 0.9289 -0.1002 0.7544 0.0708 0.6526 -0.3213 0.9455 0.0527 0.5381 -0.8294 -0.15 0.2157 0.9649 -0.15 0.0246 0.9983 0.052 0.8147 0.5787 0.0374 -0.4212 0.9057 0.0479 0.5534 0.8327 -0.0188 0.2073 -0.9781 -0.0188 -0.4983 0.8657 0.048 0.3475 -0.936 -0.0563 0.4252 0.9034 -0.0563 0.6692 0.743 0.0125 0.0625 -0.998 0.0132 0.1563 0.9864 0.0508 0.6542 -0.721 -0.2285 0.6463 -0.7335 -0.2105 0.2876 0.9525 -0.1002 0.4789 -0.8721 -0.1002 0.1445 0.9781 -0.15 0.5974 -0.7878 -0.15 0.7701 0.6369 0.0373 0.4909 0.871 -0.0188 0.3579 0.9321 -0.0563 0.6133 0.7898 0.013 0.2784 -0.9603 -0.0188 0.4152 -0.908 -0.0563 0.2171 0.971 -0.1002 0.135 -0.9908 0.0127 0.7281 0.128 0.6734 0.7313 0.1774 0.6585 0.6981 -0.6845 -0.2101 0.0796 0.9956 0.0491 0.6914 -0.6829 -0.2358 0.5415 -0.8347 -0.1002 0.4258 0.9046 -0.0188 0.2886 0.9558 -0.0563 0.5531 0.833 0.0131 0.6535 -0.7419 -0.15 0.1454 0.9843 -0.1002 0.348 -0.9373 -0.0188 0.7158 0.2213 0.6623 -0.0167 0.9999 0.0011 0.4806 -0.8752 -0.0563 0.2075 -0.9782 0.0127 0.3584 0.9334 -0.0188 0.7464 -0.6313 -0.2105 0.2178 0.9744 -0.0563 0.7746 -0.5886 -0.2313 0.7516 -0.6171 -0.2328 0.6012 -0.7928 -0.1002 0.4912 0.871 0.013 0.6926 0.2776 0.6658 0.7061 -0.6921 -0.15 -0.6264 0.7772 0.0598 0.289 0.9571 -0.0188 0.4157 -0.9093 -0.0188 0.1459 0.9877 -0.0563 -0.6503 0.7572 0.0614 0.5434 -0.8376 -0.0563 0.4259 0.9047 0.0134 -0.6691 0.7405 0.0632 0.6731 0.3292 0.6622 0.2785 -0.9604 0.0125 0.791 -0.5747 -0.2099 0.8181 -0.5248 -0.2352 0.6576 -0.7466 -0.1002 0.2181 0.9757 -0.0188 0.3584 0.9335 0.0135 0.7549 -0.6385 -0.15 0.6486 0.3751 0.6623 0.4812 -0.8764 -0.0188 0.1461 0.9891 -0.0188 0.2887 0.9573 0.013 0.6033 -0.7955 -0.0563 0.3481 -0.9374 0.0125 0.8305 -0.5159 -0.2101 -0.4542 -0.5946 0.6634 0.839 -0.492 -0.2325 0.7106 -0.6965 -0.1002 0.2185 0.9757 0.013 0.7996 -0.5815 -0.15 0.1458 0.9892 0.0131 0.5441 -0.8388 -0.0188 0.6599 -0.7492 -0.0563 0.4158 -0.9094 0.0125 0.0192 0.9941 -0.1064 0.8871 -0.3959 -0.2373 0.8582 -0.4543 -0.2388 0.8667 -0.4527 -0.2093 -0.223 0.9554 -0.1934 0.7597 -0.6425 -0.1002 0.016 0.9988 -0.0469 0.8401 -0.5213 -0.15 -0.1445 0.9884 -0.0468 -0.0328 0.9994 0.0073 0.0153 0.9998 0.0137 -0.0772 0.997 -0.0011 -0.068 0.9976 0.0147 -0.032 0.9993 0.0214 0.9048 -0.3567 -0.2326 0.8969 -0.3893 -0.2098 -0.0319 0.999 0.032 -0.0755 0.9968 0.0262 0.876 -0.4584 -0.15 -0.1337 0.9908 0.0194 -0.0684 0.9969 0.0377 -0.7034 -0.6918 -0.163 -0.0328 0.9985 0.0441 -0.6225 0.7762 -0.1001 -0.078 0.996 0.0446 -0.6158 -0.7853 0.0639 -0.6571 -0.7511 0.0633 0.9428 -0.2406 -0.2309 0.9315 -0.2769 -0.2358 -0.8273 -0.5147 -0.2249 0.9478 0.1981 -0.25 -0.1915 0.9577 -0.2148 0.9565 0.2143 -0.1978 -0.8282 -0.5375 -0.1589 -0.6364 -0.4177 0.6484 0.5445 -0.8137 -0.2034 -0.8451 -0.4995 -0.1907 -0.8148 -0.5445 -0.1991 -0.8471 -0.4824 -0.2229 0.5521 -0.8193 -0.1549 0.5786 -0.7899 -0.2033 0.6018 -0.7829 -0.1579 -0.2347 0.9531 -0.1912 0.4634 -0.6033 0.6491 0.4219 -0.6317 0.6504 -0.2364 0.9588 -0.1577 -0.2795 0.9388 -0.2014 -0.2839 0.9464 -0.1542 -0.192 0.7367 0.6483 0.9623 0.1722 -0.2105 0.9548 0.2525 -0.157 0.9436 0.2639 -0.2 0.7409 0.1658 0.6508 0.4805 -0.8528 -0.2043 -0.1639 0.9639 -0.2096 0.5134 -0.8415 -0.1679 0.3781 -0.6613 0.6479 -0.1198 0.971 -0.2068 0.9687 0.1917 -0.158 0.9689 0.1381 -0.2055 -0.1819 0.9706 -0.1574 -0.8739 -0.4432 -0.1998 -0.1365 0.7476 0.6499 0.4164 -0.8861 -0.2036 0.3848 -0.8925 -0.2355 -0.8572 -0.4906 -0.1566 -0.6642 -0.3676 0.6509 0.4669 -0.8689 -0.1644 0.9668 0.1137 -0.229 -0.0726 0.9751 -0.2094 0.75 0.1171 0.6509 -0.88 -0.4477 -0.1588 0.3259 -0.6858 0.6508 -0.1189 0.9803 -0.1576 -0.0905 0.7537 0.651 -0.6925 -0.3165 0.6483 0.3718 -0.9055 -0.2045 -0.8984 -0.3921 -0.1979 -0.0269 0.9791 -0.2017 0.4342 -0.887 -0.1573 -0.044 0.7592 0.6494 0.9777 0.1375 -0.1588 -0.9061 -0.3924 -0.158 0.3904 -0.9071 -0.1574 0.2795 -0.7061 0.6506 -0.0612 0.9853 -0.1592 -0.9213 -0.3383 -0.192 0.9757 0.0806 -0.2038 0.3008 -0.9316 -0.2042 -0.7138 -0.2608 0.65 0.3451 -0.9233 -0.1683 0.0193 0.9794 -0.2009 -0.926 -0.3435 -0.1564 0.7562 0.0687 0.6507 -0.9398 -0.299 -0.1656 -0.734 -0.2043 0.6478 -0.9369 -0.2217 -0.2703 0.2373 -0.7215 0.6505 0.9829 0.0904 -0.1602 -0.9548 -0.2506 -0.1599 0.973 0.0411 -0.227 0.0005 0.9876 -0.1567 0.0135 0.7606 0.6491 -0.9671 -0.1988 -0.1587 -0.7444 -0.1505 0.6506 -0.5233 -0.8472 -0.0918 -0.2083 -0.3707 0.9051 0.3038 -0.9399 -0.1559 0.1279 0.9633 -0.2359 0.9873 0.0476 -0.1514 0.9897 -0.0013 -0.1432 0.0666 0.9788 -0.1935 0.986 -0.0454 -0.1605 0.7587 -0.0389 0.6503 0.7536 -0.0779 0.6527 0.9802 -0.1517 -0.1274 0.9819 -0.1033 -0.1586 0.9728 -0.165 -0.1627 0.9679 -0.208 -0.141 0.2282 -0.9523 -0.2028 0.956 -0.2498 -0.1538 0.9471 -0.2833 -0.1505 0.7223 -0.2265 0.6534 0.9336 -0.3208 -0.1597 0.2608 -0.9506 -0.1685 0.1243 0.9714 -0.2024 0.7555 0.0194 0.6548 0.9745 0.0072 -0.2245 0.1937 -0.7345 0.6504 0.9819 0.0162 -0.1885 0.0635 0.9856 -0.1567 0.7342 -0.1808 0.6544 0.0689 0.7562 0.6507 0.7414 -0.1285 0.6587 0.1749 -0.9625 -0.2073 0.2137 -0.964 -0.1583 0.9726 -0.0431 -0.2285 0.1643 0.9651 -0.2039 0.1464 -0.7449 0.6509 0.1257 -0.9696 -0.21 0.1249 0.9793 -0.1592 0.1163 0.7502 0.6509 0.2023 0.9569 -0.2084 0.979 -0.0496 -0.1977 -0.3335 0.9374 -0.1008 -0.8993 0.3824 -0.2121 -0.1247 0.4117 0.9028 0.1556 -0.975 -0.1588 0.1003 -0.7525 0.6509 0.2446 0.9483 -0.2023 0.077 -0.9746 -0.2101 0.185 0.9698 -0.1589 0.1623 0.7416 0.6509 -0.9066 0.3913 -0.1578 0.9682 -0.1024 -0.2285 -0.8822 0.427 -0.1985 0.0509 -0.9784 -0.2006 -0.6874 0.3225 0.6507 0.2856 0.9354 -0.2084 0.0947 -0.9826 -0.1596 0.0539 -0.7573 0.6509 0.014 -0.9775 -0.2106 0.9738 -0.1116 -0.1981 0.2452 0.9563 -0.1591 0.2076 0.7303 0.6509 -0.8654 0.4617 -0.1948 -0.8886 0.4304 -0.1584 0.3332 0.9194 -0.209 -0.8497 0.4773 -0.2242 0.9607 -0.1629 -0.2248 -0.0289 -0.979 -0.2017 0.0338 -0.9867 -0.1591 0.0072 -0.7592 0.6509 0.3029 0.9396 -0.1595 0.2521 0.7161 0.6509 0.3756 0.9024 -0.2112 -0.87 0.4673 -0.1575 -0.666 0.3637 0.6513 0.9671 -0.1671 -0.192 -0.8407 0.5033 -0.1999 -0.0704 -0.9757 -0.2076 -0.0273 -0.9869 -0.1592 -0.0395 -0.7582 0.6508 0.4162 0.8865 -0.2021 -0.8235 0.5138 -0.2404 0.362 0.9185 -0.1591 0.2957 0.6992 0.6509 -0.109 -0.9716 -0.2102 0.9568 -0.2134 -0.1977 -0.0879 -0.9833 -0.1591 -0.0861 -0.7543 0.6509 0.453 0.8681 -0.2031 -0.8481 0.5055 -0.1586 -0.6426 0.4031 0.6516 0.4177 0.8945 -0.1591 0.3381 0.6797 0.6509 -0.8136 0.5462 -0.1995 -0.1809 -0.9624 -0.2028 0.9451 -0.2585 -0.2 0.4815 0.8519 -0.206 0.5018 0.8381 -0.2141 -0.824 0.5442 -0.1578 -0.1483 -0.9761 -0.1586 -0.1323 -0.7476 0.6508 -0.2245 -0.9515 -0.2104 0.4719 0.8673 -0.1584 0.3793 0.6577 0.6509 0.5467 0.8125 -0.2026 0.9301 -0.3007 -0.2107 -0.2721 -0.9398 -0.2067 -0.6162 0.4432 0.651 -0.7808 0.5925 -0.1984 -0.2104 -0.9646 -0.1589 -0.1781 -0.738 0.6508 0.9181 -0.3166 -0.2384 0.5245 0.8365 -0.1589 0.419 0.6331 0.6508 0.5836 0.7848 -0.2087 0.9195 -0.3357 -0.2043 -0.7974 0.5825 -0.1579 -0.3085 -0.9278 -0.2101 -0.7507 0.6276 -0.2062 0.6067 0.7689 -0.2017 -0.2686 -0.95 -0.1594 -0.2231 -0.7257 0.6508 0.5766 0.8015 -0.1582 0.4572 0.6061 0.6508 0.6342 0.7435 -0.2123 -0.3405 -0.9163 -0.2109 0.6583 0.7143 -0.2375 -0.7699 0.6187 -0.1565 -0.588 0.4805 0.6507 -0.3658 -0.9084 -0.2025 0.903 -0.3786 -0.2031 0.6676 0.7166 -0.202 0.7086 -0.2725 0.6509 -0.3269 -0.9316 -0.159 -0.2674 -0.7106 0.6508 0.6247 0.7645 -0.159 -0.3993 -0.8922 -0.2111 0.4936 0.5768 0.6508 -0.4323 -0.8699 -0.2375 -0.738 0.6532 -0.1693 0.8656 -0.4212 -0.2709 -0.438 -0.8761 -0.2016 0.9181 -0.3634 -0.1581 -0.6996 0.6845 -0.2047 -0.3844 -0.9094 -0.159 -0.3106 -0.6928 0.6508 0.6707 0.7245 -0.1591 0.8799 -0.4278 -0.2068 0.5282 0.5454 0.6508 -0.559 0.5138 0.6508 0.7119 0.6756 -0.1917 0.9002 -0.4058 -0.1581 0.6902 -0.317 0.6505 0.7504 0.6293 -0.2021 -0.4399 -0.8839 -0.1591 -0.3526 -0.6724 0.6508 0.7139 0.6822 -0.1581 0.5607 0.5119 0.6508 -0.7074 0.6889 -0.1581 -0.5045 -0.8395 -0.2019 -0.5298 -0.8212 -0.2122 -0.6593 0.7247 -0.2002 0.8583 -0.471 -0.2039 0.7848 0.5855 -0.2031 -0.4931 -0.8553 -0.1592 -0.3933 -0.6494 0.6508 0.7551 0.636 -0.159 -0.5253 0.5479 0.6511 0.5911 0.4764 0.6509 -0.5569 -0.8056 -0.2019 0.8752 -0.4571 -0.1581 0.6647 -0.3716 0.6482 -0.5798 -0.7863 -0.2136 0.8361 -0.5109 -0.1997 -0.6081 -0.7576 -0.237 -0.5457 -0.8229 -0.1584 0.8061 0.5474 -0.2249 -0.6657 0.729 -0.1594 -0.4325 -0.624 0.6508 -0.6269 0.7523 -0.2025 -0.6068 -0.7686 -0.2025 -0.5986 0.7723 -0.2127 0.7907 0.5911 -0.1594 0.6188 0.4388 0.6515 0.8315 0.508 -0.2248 0.8442 -0.513 -0.1553 -0.6351 -0.7469 -0.197 -0.4906 0.5792 0.651 0.8037 -0.5564 -0.2108 -0.5954 -0.7876 -0.1585 -0.6426 -0.7317 -0.2274 -0.47 -0.5962 0.6509 0.8201 0.539 -0.1919 -0.5804 0.7793 -0.2362 -0.672 -0.6994 -0.2435 0.6292 -0.4239 0.6515 -0.5778 0.7906 -0.2028 -0.6191 0.7689 -0.1596 0.8166 0.5553 -0.1571 -0.6664 -0.7183 -0.1998 0.8109 -0.563 -0.1596 0.6449 0.4002 0.6511 0.8536 0.4696 -0.2254 -0.6421 -0.7501 -0.1582 0.7695 -0.6076 -0.1969 -0.5499 0.81 -0.2037 -0.5053 -0.5663 0.6512 -0.4541 0.6083 0.651 0.8519 0.4877 -0.1906 0.8431 0.5142 -0.1575 0.861 0.44 -0.2552 -0.6919 -0.6932 -0.2021 0.6023 -0.4606 0.652 0.7229 -0.6496 -0.2353 -0.5714 0.8052 -0.1589 0.8726 0.4447 -0.2018 -0.7061 -0.671 -0.2262 0.7383 -0.6428 -0.2042 0.7751 -0.6117 -0.1584 -0.5129 0.8353 -0.1981 -0.6829 -0.7132 -0.158 -0.7318 -0.6398 -0.2347 0.6671 0.362 0.6511 -0.4156 0.6352 0.651 0.8871 0.4134 -0.2052 -0.5393 -0.5335 0.6515 0.872 0.4635 -0.1572 0.7073 -0.6766 -0.2048 0.5774 -0.4927 0.651 -0.7243 -0.6614 -0.1948 -0.4751 0.8564 -0.2021 0.9024 0.3682 -0.2239 -0.5208 0.8389 -0.1584 0.6847 0.3254 0.6521 0.7363 -0.6577 -0.1589 -0.717 -0.6792 -0.1568 0.8947 0.4182 -0.1569 -0.7582 -0.6186 -0.2063 -0.376 0.66 0.6504 0.6746 -0.7092 -0.2046 -0.5702 -0.5005 0.6515 0.9092 0.3712 -0.1887 -0.4646 0.8702 -0.1644 0.5461 -0.5277 0.6506 -0.7535 -0.638 -0.159 -0.3269 0.6876 0.6483 0.9149 0.3733 -0.1537 0.7037 0.2842 0.6512 0.9222 0.3306 -0.2004 -0.7778 -0.5967 -0.1978 -0.4218 0.8898 -0.1742 0.9333 0.2958 -0.2038 0.6943 -0.7023 -0.1572 0.9316 0.27 -0.2434 -0.3642 0.909 -0.2027 -0.3827 0.9096 -0.1617 -0.797 -0.5654 -0.2123 0.6308 -0.7489 -0.203 0.6488 -0.743 -0.1646 -0.6015 -0.464 0.6504 0.5064 -0.5684 0.6485 -0.262 0.7165 0.6466 0.6041 -0.7679 -0.2131 0.9357 0.3168 -0.1551 0.7278 0.2247 0.6479 -0.3241 0.9304 -0.1711 -0.7946 -0.5864 -0.1575 0.9457 0.2343 -0.2254 0.1702 0.111 0.9791 0.3958 0.7206 0.5692 0.233 0.7129 0.6614 0.2919 0.6959 0.6562 0.544 -0.5979 0.5887 0.5916 -0.4773 0.6498 0.5653 -0.5137 0.6454 0.5351 -0.5449 0.6456 0.5003 -0.577 0.6456 0.4573 -0.6091 0.648 0.4118 -0.641 0.6478 0.3627 -0.6669 0.6509 0.3129 -0.6904 0.6523 0.3439 0.6751 0.6526 0.3924 0.651 0.6498 0.4353 0.6249 0.6481 0.4768 0.5939 0.648 0.5142 0.5636 0.6466 0.5472 0.5322 0.646 0.574 0.5033 0.6459 0.5958 0.4769 0.6462 0.5444 0.5983 0.588 0.2644 -0.7071 0.6558 0.2176 -0.7238 0.6548 0.172 -0.108 0.9792 0.3945 -0.7209 0.5697 -0.4089 -0.7142 0.568 -0.2386 -0.7141 0.6581 -0.2927 -0.6959 0.6558 -0.344 -0.6753 0.6524 -0.5434 -0.5981 0.5891 -0.5961 -0.4768 0.646 -0.3932 -0.6499 0.6503 -0.4364 -0.6246 0.6477 -0.4766 -0.594 0.6481 -0.5147 -0.5634 0.6463 -0.547 -0.5321 0.6463 -0.5741 -0.5033 0.6458 -0.4687 0.6019 0.6466 -0.4235 0.6325 0.6486 -0.3752 0.6613 0.6495 -0.3261 0.6846 0.6519 -0.4094 0.7139 0.5681 -0.595 0.4741 0.649 -0.5448 0.5972 0.5887 -0.5702 0.5062 0.647 -0.2767 0.7036 0.6545 -0.2329 0.7202 0.6535 -0.5416 0.5377 0.6461 -0.5079 0.5689 0.6468 0.232 0.26 -0.9373 0.2572 0.2393 -0.9362 0.2752 0.2142 -0.9372 0.213 0.2755 -0.9374 0.2888 0.1936 -0.9376 0.1936 0.2888 -0.9376 -0.9468 0.2078 -0.2459 0.0782 0.185 -0.9796 -0.0134 -0.6904 -0.7233 0.2074 -0.9462 -0.2482 0.185 0.0782 -0.9796 -0.6907 -0.0083 -0.7231 -0.0672 -0.6642 -0.7445 -0.1082 -0.6868 -0.7187 -0.0644 -0.6925 -0.7186 -0.0261 -0.693 -0.7205 0.0136 -0.6952 -0.7187 -0.6906 0.0026 -0.7232 0.0782 -0.185 -0.9796 -0.6899 0.0125 -0.7238 -0.946 -0.2127 -0.2448 -0.2132 -0.9461 -0.2438 0.0132 -0.6906 -0.7231 -0.185 0.0782 -0.9796 0.0678 -0.6644 -0.7443 0.0636 -0.6923 -0.7188 0.1081 -0.6867 -0.7188 -0.1936 0.2888 -0.9376 0.2888 -0.1936 -0.9376 -0.2142 0.2752 -0.9372 0.2755 -0.213 -0.9374 0.26 -0.232 -0.9373 -0.2393 0.2572 -0.9362 -0.26 0.232 -0.9373 0.2393 -0.2572 -0.9362 -0.2755 0.213 -0.9374 0.2142 -0.2752 -0.9372 -0.2888 0.1936 -0.9376 0.1936 -0.2888 -0.9376 0.9494 0.1829 -0.2553 -0.0782 0.185 -0.9796 0.6899 -0.0329 -0.7232 0.185 -0.0782 -0.9796 0.2132 0.9461 -0.244 -0.0132 0.6905 -0.7232 0.6906 -0.0183 -0.723 -0.0676 0.6643 -0.7444 -0.1083 0.6868 -0.7188 -0.0625 0.6931 -0.7181 0.692 -0.0031 -0.7219 -0.0143 0.6959 -0.718 0.1082 0.6867 -0.7188 0.0677 0.6644 -0.7443 -0.185 -0.0782 -0.9796 0.0643 0.6925 -0.7186 0.0247 0.6931 -0.7204 0.0132 0.6906 -0.7231 -0.0782 -0.185 -0.9796 0.6919 0.0149 -0.7219 -0.2888 -0.1936 -0.9376 -0.1936 -0.2888 -0.9376 -0.213 -0.2755 -0.9374 -0.2752 -0.2142 -0.9372 -0.2572 -0.2393 -0.9362 -0.232 -0.26 -0.9373 0.6908 0.0316 -0.7223 -0.2074 0.9463 -0.2482 0.95 -0.1803 -0.255 0.3577 0.6825 -0.6374 -0.119 0.7023 -0.7019 0.6891 -0.053 -0.7227 0.6953 -0.1568 -0.7014 0.6878 0.3487 -0.6367 -0.3574 -0.6827 -0.6373 0.1066 -0.7026 -0.7036 -0.6826 -0.3577 -0.6373 -0.702 0.1275 -0.7006 0.291 0.6429 -0.7085 0.3616 -0.6012 -0.7126 0.2506 -0.6596 -0.7086 0.63 -0.3187 -0.7082 0.4628 -0.5289 -0.7113 0.5526 -0.4328 -0.7123 -0.2725 0.651 -0.7085 -0.3866 0.5845 -0.7134 -0.4869 0.5058 -0.7121 -0.5726 0.4064 -0.712 -0.6431 0.2895 -0.709 -0.0935 -0.6526 -0.7519 0.2776 -0.1895 -0.9418 0.2634 -0.2079 -0.942 0.2441 -0.2278 -0.9426 0.2248 -0.2495 -0.9419 0.2077 -0.2629 -0.9422 0.1895 -0.2776 -0.9418 0.6526 0.0935 -0.7519 0.0935 0.6526 -0.7519 -0.2776 0.1895 -0.9418 -0.2634 0.2079 -0.942 -0.2441 0.2278 -0.9426 -0.2248 0.2495 -0.9419 -0.2077 0.2629 -0.9422 -0.1895 0.2776 -0.9418 -0.6526 -0.0935 -0.7519 0.5092 -0.8064 0.3007 0.6708 -0.444 0.5941 -0.4427 -0.6749 0.5904 0.6646 0.6815 0.3063 0.3751 0.2583 0.8903 0.6784 0.4247 0.5995 0.7436 -0.5821 0.3289 0.9442 -0.0032 0.3293 0.6742 -0.1966 0.7119 0.6863 -0.1495 0.7118 0.5741 -0.4128 0.7071 0.4617 0.6796 0.57 -0.7593 0.559 0.3331 -0.9429 0.0366 0.3311 0.288 -0.6121 -0.7364 0.4312 -0.5213 -0.7364 -0.5928 0.3259 -0.7365 0.5473 0.3976 -0.7364 0.4312 0.5213 -0.7364 -0.6553 0.1682 -0.7364 -0.6765 -0 -0.7364 -0.0425 -0.6752 -0.7364 0.1268 -0.6645 -0.7364 0.288 0.6121 -0.7364 0.629 0.249 -0.7364 -0.209 -0.6434 -0.7364 -0.6553 -0.1682 -0.7364 -0.5928 -0.3259 -0.7364 -0.4932 -0.4631 -0.7364 0.1268 0.6645 -0.7364 -0.3625 -0.5712 -0.7364 0.6712 0.0848 -0.7364 -0.0425 0.6752 -0.7364 0.6712 -0.0848 -0.7364 -0.209 0.6434 -0.7364 0.629 -0.249 -0.7364 -0.3625 0.5712 -0.7365 0.5473 -0.3976 -0.7364 -0.4931 0.4631 -0.7365 0.288 -0.6121 -0.7365 -0.0425 -0.6752 -0.7364 0.1268 -0.6645 -0.7364 -0.6553 0.1682 -0.7364 -0.6765 -0 -0.7364 0.4312 0.5213 -0.7364 0.5473 0.3976 -0.7364 -0.6553 -0.1682 -0.7364 0.288 0.6121 -0.7364 -0.5928 -0.3259 -0.7364 -0.4932 -0.4631 -0.7364 -0.3625 -0.5712 -0.7364 -0.209 -0.6434 -0.7364 0.629 0.249 -0.7364 0.1268 0.6645 -0.7364 0.6712 0.0848 -0.7364 -0.0425 0.6752 -0.7364 0.6712 -0.0848 -0.7364 -0.209 0.6434 -0.7364 0.629 -0.249 -0.7364 -0.3625 0.5712 -0.7364 0.5473 -0.3976 -0.7364 -0.4932 0.4631 -0.7364 0.4312 -0.5212 -0.7364 -0.5928 0.3259 -0.7364 -0.3625 -0.5712 0.7364 -0.2091 -0.6434 0.7364 -0.6553 0.1682 0.7364 -0.6765 -0 0.7364 -0.4932 -0.4631 0.7364 -0.6553 -0.1682 0.7364 -0.5929 -0.3259 0.7364 -0.5928 0.3259 0.7364 -0.4932 0.4631 0.7364 -0.209 0.6434 0.7364 -0.3625 0.5712 0.7364 0.1268 0.6645 0.7364 -0.0425 0.6752 0.7364 0.2879 0.6121 0.7365 0.4313 0.5211 0.7365 0.5472 0.3976 0.7365 0.629 0.249 0.7364 0.6712 0.0848 0.7364 0.6712 -0.0848 0.7364 0.5473 -0.3976 0.7364 0.629 -0.249 0.7364 0.4312 -0.5213 0.7364 0.288 -0.6121 0.7364 0.1268 -0.6645 0.7364 -0.0425 -0.6752 0.7364 -0.0412 -0.6606 0.7496 -0.2971 -0.5765 0.7612 -0.6436 0.0945 0.7595 -0.5214 -0.3923 0.7578 -0.5161 0.375 0.7701 -0.6427 -0.1646 0.7483 -0.2888 0.5828 0.7595 -0.0486 0.6642 0.746 0.2051 0.6164 0.7603 0.4647 0.4356 0.7709 0.6239 0.149 0.7672 0.6259 -0.1607 0.7632 0.4768 -0.4304 0.7664 0.224 -0.6066 0.7628 -0.3625 -0.5712 0.7364 -0.209 -0.6434 0.7364 -0.6552 0.1682 0.7365 -0.6765 -0 0.7365 -0.4932 -0.4631 0.7364 -0.6553 -0.1682 0.7364 -0.5928 -0.3259 0.7364 -0.5928 0.3259 0.7365 -0.4932 0.463 0.7365 -0.209 0.6434 0.7364 -0.3623 0.5711 0.7366 0.1268 0.6645 0.7364 -0.0425 0.6752 0.7364 0.288 0.6121 0.7364 0.4312 0.5213 0.7364 0.5473 0.3976 0.7364 0.629 0.249 0.7364 0.6712 0.0848 0.7364 0.6712 -0.0848 0.7364 0.5473 -0.3977 0.7364 0.629 -0.249 0.7364 0.4312 -0.5213 0.7364 0.2881 -0.6121 0.7364 0.1268 -0.6645 0.7364 -0.0425 -0.6752 0.7364 -0.3625 -0.5712 0.7364 -0.2091 -0.6434 0.7364 -0.493 -0.4631 0.7365 -0.6553 0.1682 0.7364 -0.6765 0 0.7364 -0.5927 -0.3257 0.7366 -0.6553 -0.1682 0.7364 -0.5928 0.3259 0.7364 -0.4932 0.4631 0.7364 -0.3625 0.5712 0.7364 -0.2091 0.6434 0.7364 -0.0425 0.6752 0.7364 0.1268 0.6646 0.7364 0.2881 0.6122 0.7364 0.4312 0.5213 0.7364 0.5473 0.3977 0.7364 0.629 0.2491 0.7364 0.6712 0.0848 0.7364 0.6712 -0.0848 0.7364 0.629 -0.249 0.7364 0.5473 -0.3976 0.7364 0.4312 -0.5213 0.7364 0.2881 -0.6121 0.7364 0.1268 -0.6645 0.7364 -0.0425 -0.6752 0.7364 -0.1179 -0.6264 0.7705 -0.4108 -0.4966 0.7646 -0.6469 0.0684 0.7595 -0.5932 -0.2349 0.7701 -0.5799 0.3205 0.749 -0.3951 0.5142 0.7612 -0.1212 0.6362 0.762 0.1779 0.6235 0.7613 0.4221 0.5097 0.7497 0.5785 0.2888 0.7628 0.6422 -0.0127 0.7665 0.5761 -0.3039 0.7588 0.4297 -0.5088 0.746 0.196 -0.6191 0.7605 -0.3625 -0.5712 0.7364 -0.209 -0.6434 0.7364 -0.6553 0.1683 0.7364 -0.6765 -0 0.7364 -0.4932 -0.4631 0.7364 -0.6553 -0.1682 0.7364 -0.5928 -0.3259 0.7364 -0.5929 0.3259 0.7364 -0.4932 0.4631 0.7364 -0.2091 0.6434 0.7364 -0.3625 0.5712 0.7364 0.1268 0.6646 0.7364 -0.0425 0.6752 0.7364 0.288 0.6122 0.7364 0.4312 0.5213 0.7364 0.5474 0.3977 0.7363 0.629 0.2491 0.7364 0.6712 0.0848 0.7364 0.6712 -0.0848 0.7364 0.5472 -0.3977 0.7365 0.629 -0.2489 0.7365 0.4313 -0.5211 0.7365 0.2878 -0.6122 0.7365 0.1268 -0.6646 0.7363 -0.0424 -0.6753 0.7364 -0.6973 -0.1624 0.6981 -0.6833 -0.1392 0.7168 0.7146 -0.0114 0.6994 0.6981 0.0003 0.716 0.7147 0.052 0.6975 -0.671 -0.1979 0.7146 0.6974 0.0566 0.7145 -0.6795 -0.2198 0.7 0.6918 0.1014 0.7149 -0.6519 -0.2513 0.7155 0.7061 0.12 0.6979 -0.6616 -0.2691 0.6999 0.6794 0.1596 0.7162 -0.6311 -0.3021 0.7145 -0.6414 -0.3144 0.6998 0.691 0.1796 0.7002 -0.6093 -0.3444 0.7142 -0.6148 -0.3668 0.6982 0.6658 0.2151 0.7145 0.6777 0.2251 0.7001 -0.5764 -0.3933 0.7163 0.6496 0.2604 0.7143 0.6611 0.2698 0.7001 -0.5804 -0.4159 0.7001 0.6308 0.3032 0.7143 -0.542 -0.4413 0.7152 0.6416 0.3134 0.7001 -0.5524 -0.4518 0.7005 0.6091 0.3446 0.7143 0.6192 0.3555 0.7001 -0.522 -0.4882 0.6994 -0.5114 -0.4783 0.7139 0.5848 0.3845 0.7143 -0.4765 -0.5113 0.7152 0.5935 0.3973 0.6999 -0.4877 -0.521 0.7005 0.5591 0.4216 0.7139 0.5602 0.4453 0.6985 -0.4547 -0.5502 0.7004 -0.431 -0.5491 0.716 0.5273 0.4606 0.714 -0.414 -0.5814 0.7004 0.521 0.4878 0.7004 0.487 0.5003 0.7159 -0.3862 -0.584 0.714 -0.3667 -0.6145 0.6985 0.4846 0.5239 0.7005 0.4454 0.5395 0.7145 -0.3434 -0.6103 0.7139 0.4501 0.5543 0.7001 0.4058 0.5695 0.7148 -0.3133 -0.6424 0.6994 -0.3012 -0.631 0.7149 0.4108 0.5848 0.6995 0.3581 0.5984 0.7167 -0.2588 -0.6686 0.6972 -0.2464 -0.6517 0.7174 0.3622 0.618 0.6977 0.3086 0.6275 0.7149 -0.1913 -0.6911 0.6969 -0.2006 -0.6704 0.7144 0.311 0.6433 0.6996 -0.1501 -0.683 0.7149 0.2645 0.648 0.7143 0.2656 0.6628 0.7001 -0.12 -0.7052 0.6988 0.2206 0.6642 0.7143 -0.1006 -0.6927 0.7142 0.2208 0.6791 0.7001 0.1757 0.6774 0.7143 -0.0627 -0.7115 0.6999 -0.0467 -0.6968 0.7158 0.1737 0.6928 0.6999 0.1318 0.6878 0.7139 -0.0041 -0.7157 0.6984 0.1167 0.706 0.6985 0.0113 -0.6998 0.7143 0.0833 0.6955 0.7137 0.0474 -0.7111 0.7015 0.0593 -0.6979 0.7138 0.0571 0.7116 0.7002 0.0367 0.6991 0.714 0.0976 -0.7086 0.6989 0.1169 -0.6878 0.7164 -0.0036 0.7161 0.698 -0.0115 0.7001 0.714 0.1529 -0.6969 0.7007 -0.0554 0.6972 0.7147 0.1741 -0.6783 0.7138 -0.0615 0.7121 0.6994 0.1995 -0.685 0.7007 -0.1024 0.6924 0.7142 0.2202 -0.6649 0.7137 -0.1213 0.7055 0.6982 0.2569 -0.6683 0.6981 -0.1596 0.6794 0.7162 0.2669 -0.6465 0.7147 -0.1796 0.691 0.7002 0.323 -0.6405 0.6967 0.3063 -0.629 0.7145 -0.2151 0.6658 0.7145 -0.2251 0.6777 0.7001 0.3575 -0.5984 0.717 -0.2604 0.6496 0.7143 0.3884 -0.6022 0.6975 -0.2698 0.6611 0.7001 -0.3032 0.6308 0.7143 0.4124 -0.5631 0.7161 -0.3134 0.6416 0.7001 0.4451 -0.5606 0.6982 -0.3446 0.6091 0.7143 0.4598 -0.5277 0.7143 -0.3555 0.6192 0.7001 0.4877 -0.5212 0.7003 -0.3845 0.5848 0.7143 0.5025 -0.4829 0.7171 -0.3973 0.5935 0.6999 0.523 -0.4851 0.7008 -0.4216 0.5591 0.7139 -0.4453 0.5602 0.6985 0.5501 -0.456 0.6996 0.5479 -0.432 0.7164 -0.4606 0.5273 0.714 0.5814 -0.414 0.7004 -0.4878 0.521 0.7004 -0.5003 0.487 0.7159 0.5844 -0.3851 0.7142 0.615 -0.3664 0.6982 -0.5239 0.4846 0.7005 0.6128 -0.3345 0.716 -0.5395 0.4454 0.7145 -0.5543 0.4501 0.7001 0.6481 -0.3049 0.6978 0.6396 -0.2822 0.7151 -0.5695 0.4058 0.7148 -0.5848 0.4108 0.6995 -0.5984 0.3581 0.7167 0.6697 -0.2487 0.6998 0.6603 -0.2258 0.7163 -0.618 0.3622 0.6977 0.6854 -0.1996 0.7003 -0.6275 0.3086 0.7149 0.6792 -0.1625 0.7157 -0.6433 0.311 0.6996 0.6978 -0.1524 0.6999 -0.648 0.2645 0.7143 0.6909 -0.1058 0.7151 -0.6628 0.2656 0.7001 0.7056 -0.1072 0.7005 -0.6642 0.2206 0.7143 -0.6791 0.2208 0.7001 0.7115 -0.0615 0.7 0.6974 -0.0553 0.7146 -0.6774 0.1757 0.7143 -0.6928 0.1737 0.6999 -0.6878 0.1318 0.7139 -0.706 0.1167 0.6985 -0.6955 0.0833 0.7137 -0.711 0.059 0.7007 -0.6997 0.0368 0.7135 -0.7128 0.0121 0.7013 -0.6997 -0.0132 0.7144 -0.7131 -0.0356 0.7002 -0.6938 -0.0732 0.7164 -0.71 -0.0952 0.6977 0.7084 0.0765 0.7016 0.7123 0.0341 0.701 0.7135 -0.0148 0.7005 0.7122 -0.0551 0.6998 0.7162 -0.001 -0.6979 0.9614 -0.275 0.0072 0.8506 0.3952 0.3469 0.6901 0.4768 0.5446 -0.3628 0.6304 0.6862 -0.0003 0.7213 0.6926 -0.4293 0.5888 0.6849 -0.0541 0.7252 0.6864 -0.1396 0.7143 0.6858 -0.4913 0.5406 0.6829 -0.5483 0.4865 0.6802 -0.219 0.6923 0.6876 -0.6 0.4269 0.6766 -0.2926 0.665 0.6871 -0.6461 0.3626 0.6716 -0.6867 0.2941 0.6648 -0.7223 0.2221 0.655 -0.6149 -0.3951 0.6825 -0.6603 -0.3243 0.6773 0.0598 -0.7277 0.6832 -0.3815 -0.6202 0.6854 -0.0932 -0.7231 0.6845 -0.4454 -0.5762 0.6853 -0.5665 -0.4592 0.6843 -0.5111 -0.522 0.6828 -0.1688 -0.7088 0.6849 -0.0165 -0.7294 0.6839 -0.2426 -0.6868 0.6852 -0.6733 -0.2877 0.6811 -0.3137 -0.6572 0.6854 0.3859 0.6172 0.6857 0.6231 0.4031 0.6703 0.4531 0.5723 0.6835 0.1534 0.7106 0.6866 0.075 0.7239 0.6858 0.5719 0.4649 0.6759 -0.0037 0.7288 0.6847 -0.0816 0.7255 0.6833 0.5152 0.5214 0.6802 0.7421 0.2299 0.6296 0.2366 0.6889 0.6851 0.7112 0.3413 0.6146 0.3142 0.6554 0.6868 0.3372 -0.6459 0.6849 -0.0847 -0.7357 0.672 0.0166 -0.7444 0.6675 0.4055 -0.6048 0.6854 0.1057 -0.7353 0.6695 0.4759 -0.5538 0.6832 0.5379 -0.4928 0.684 0.1909 -0.7047 0.6834 0.5925 -0.4308 0.6807 0.6411 -0.3648 0.6752 0.2657 -0.6792 0.6842 0.6838 -0.2952 0.6673 0.7212 -0.2226 0.6559 0.4374 0.633 0.6387 -0.1344 0.7702 0.6235 -0.134 -0.7702 0.6236 0.4374 -0.633 0.6387 0.7345 -0.2228 -0.641 0.7 -0 -0.7142 0.7345 0.2228 -0.641 0.7024 0.0149 0.7116 0.7357 -0.2203 0.6405 0.7024 -0.0149 0.7116 0.7357 0.2203 0.6405 -0.6799 -0.3886 0.6219 -0.7123 -0.0327 0.7011 -0.7144 0.0116 0.6996 -0.6856 0.3813 0.6202 -0.6262 0.28 0.7276 0.6816 -0.0005 0.7317 -0.0007 0.687 0.7267 -0.5617 0.3941 0.7274 0.1302 0.6747 0.7266 -0.4764 -0.4956 0.7262 -0.5621 -0.3959 0.7262 0.1315 -0.6741 0.7268 -0.3732 -0.5772 0.7263 0.2575 -0.6366 0.7269 0.3739 -0.5758 0.7271 0.6693 0.1531 0.7271 0.4766 -0.4939 0.7273 -0.6273 -0.2817 0.7261 -0.4766 0.4939 0.7272 0.6273 0.2817 0.7261 -0.2564 -0.6376 0.7264 0.5617 -0.3941 0.7274 -0.6693 -0.1531 0.7271 -0.3739 0.5758 0.7271 -0.1302 -0.6747 0.7266 0.5621 0.3959 0.7262 0.4764 0.4956 0.7262 0.3732 0.5772 0.7263 0.0007 -0.687 0.7267 0.2564 0.6376 0.7264 0.6263 -0.28 0.7276 -0.6816 0.0005 0.7317 -0.2575 0.6366 0.7269 -0.6677 0.1525 0.7286 -0.1315 0.6741 0.7268 0.6677 -0.1525 0.7286 0.6913 -0.0253 -0.7221 0.6354 -0.2504 -0.7305 -0.2387 -0.6165 0.7503 0.6915 -0.7185 -0.0753 0.69 -0.7224 -0.0443 0.6863 -0.6602 0.3053 -0.7132 -0.6986 0.0573 -0.3228 -0.5951 0.736 0.6891 -0.7246 -0.0109 -0.713 -0.7008 -0.0241 -0.3608 -0.5905 0.7219 0.6893 -0.6398 0.3399 0.6885 -0.7248 0.0259 -0.3916 -0.5818 0.7129 -0.7133 -0.7006 0.0173 0.6915 -0.6683 -0.2744 0.6901 -0.6213 0.3712 -0.432 -0.5709 0.6982 0.6905 -0.6763 -0.2567 0.6891 -0.7218 0.0648 0.6927 -0.6815 -0.2362 -0.4637 -0.5634 0.6838 0.6908 -0.6043 0.3971 -0.492 -0.5577 0.6685 0.6906 -0.7157 0.1043 -0.2856 -0.6049 0.7433 -0.4834 -0.6771 0.5549 0.6917 -0.6894 -0.215 0.6905 -0.6975 -0.1915 -0.5191 -0.5528 0.6519 -0.5505 -0.5451 0.6324 -0.5212 -0.4854 0.702 0.6447 -0.5116 0.568 0.6348 -0.5983 -0.4889 0.6887 -0.7104 0.1449 0.6898 -0.705 -0.1651 0.6882 -0.7008 0.1877 0.6893 -0.7114 -0.1369 0.6875 -0.6883 0.2314 0.6869 -0.7188 -0.1075 0.6892 -0.6728 0.2691 -0.4461 -0.5534 0.7034 -0.5547 -0.1998 0.8077 0.6919 -0.0297 0.7214 -0.6006 -0.0402 0.7985 0.646 -0.2091 0.7341 0.6909 0.0254 0.7225 0.6459 0.2088 0.7343 -0.5545 0.1996 0.8079 -0.5993 0.0408 0.7995 0.691 0.6892 -0.218 -0.4876 0.6721 0.5572 0.6886 0.7206 0.0812 0.6885 0.7241 0.0411 0.6911 0.6819 -0.2395 0.6886 0.7251 0.0009 -0.7134 0.6999 0.034 0.6915 0.6744 -0.259 0.6888 0.7239 -0.0378 -0.7138 0.7004 -0.0033 0.6446 0.5119 0.5679 0.6906 0.6055 0.3955 -0.5506 0.5447 0.6325 -0.5201 0.4844 0.7035 -0.5204 0.5519 0.6516 0.6901 0.6231 0.3681 -0.4913 0.5584 0.6685 -0.4597 0.5648 0.6854 0.6895 0.6406 0.3379 -0.4184 0.5751 0.703 -0.3641 0.5943 0.7171 0.6922 0.6674 -0.2747 0.6892 0.7207 -0.0742 0.6917 0.6554 0.3033 0.6348 0.5984 -0.4888 -0.3067 0.6042 0.7354 0.6894 0.6715 0.2716 -0.2597 0.609 0.7494 -0.2234 0.6126 0.7582 -0.4443 0.5527 0.7051 0.6893 0.7163 -0.1084 0.689 0.6842 0.239 0.6877 0.6976 0.2011 0.6888 0.7113 -0.1402 0.6864 0.7095 0.1596 0.69 0.7039 -0.1683 0.6869 0.7167 0.1204 0.6905 0.6966 -0.1946 0.6923 0.0294 -0.721 0.6355 0.2508 -0.7303 0.692 -0.0041 -0.7219 0.6923 0.0134 -0.7215 -0.6013 0.0241 0.7986 -0.6012 0.0105 0.799 0.6923 0.0036 0.7216 -0.5998 -0.0064 0.8001 0.6924 -0.0137 0.7214 -0.6002 -0.0243 0.7995 -0.6733 0.0102 0.7393 -0.6248 0.0225 0.7805 -0.5991 0.0157 0.8005 -0.5722 -0.0881 0.8154 -0.9043 -0.0408 0.4249 -0.6618 -0.0741 0.746 -0.4753 -0.0984 0.8743 -0.5829 -0.31 0.7511 -0.7249 0.022 0.6885 -0.7868 0.0143 0.617 -0.8016 0.0234 0.5974 -0.5918 -0.0752 0.8026 -0.7856 -0.053 0.6165 -0.854 -0.036 0.5191 -0.8011 -0.0395 0.5972 -0.8377 -0.0499 0.5439 -0.5154 -0.0884 0.8524 -0.4458 -0.0951 0.89 -0.738 -0.0655 0.6716 -0.8489 -0.0284 0.5277 -0.8939 -0.027 0.4475 -0.7999 0.025 0.5996 -0.7465 0.0276 0.6648 -0.9096 -0.0358 0.4139 -0.9369 -0.0189 0.3492 -0.8489 0.0284 0.5277 -0.8021 0.0286 0.5965 -0.5352 -0.0757 0.8413 -0.4656 -0.0729 0.882 -0.785 0.0398 0.6182 -0.8985 0.0216 0.4384 -0.8939 0.0267 0.4474 -0.6857 0.0365 0.727 -0.6752 0.0321 0.7369 -0.7249 0.0374 0.6879 -0.8984 -0.0216 0.4386 -0.8555 -0.02 0.5175 -0.5993 0.0375 0.7997 -0.4095 -0.1126 0.9053 -0.6327 0.0454 0.7731 -0.5274 -0.066 0.847 -0.5994 -0.0529 0.7987 -0.5193 -0.0549 0.8528 -0.4381 -0.0685 0.8963 -0.8472 -0.0196 0.531 -0.8931 -0.0137 0.4496 -0.4529 -0.0535 0.8899 -0.5951 -0.0873 0.7989 -0.7397 0.0467 0.6714 -0.8011 0.0395 0.5972 -0.5371 -0.0453 0.8423 -0.6752 0.0499 0.736 -0.5994 0.0529 0.7987 -0.8509 -0.0086 0.5253 -0.8981 -0.0065 0.4397 -0.935 -0.0162 0.3543 -0.5217 -0.0335 0.8525 -0.7856 0.0531 0.6165 -0.7226 0.0585 0.6887 -0.5993 -0.0375 0.7997 -0.8377 0.0499 0.5439 -0.3624 -0.1048 0.9261 -0.3633 -0.089 0.9274 -0.4388 -0.0858 0.8945 -0.8014 0.0562 0.5954 -0.7408 0.0662 0.6684 -0.4561 -0.0268 0.8895 -0.6123 0.0677 0.7877 -0.5381 0.0773 0.8393 -0.5269 0.0656 0.8474 -0.6751 0.062 0.7351 -0.5956 -0.0715 0.8001 -0.5483 -0.0195 0.836 -0.8488 -0.0018 0.5287 -0.8941 0.0013 0.4478 -0.8504 0.0065 0.5261 -0.5201 -0.0139 0.854 -0.4361 -0.0185 0.8997 -0.5995 -0.0056 0.8003 -0.8988 0.0099 0.4383 -0.8924 0.0133 0.451 -0.6761 0.0753 0.733 -0.6001 0.0817 0.7957 -0.383 -0.0786 0.9204 -0.5391 -0.0056 0.8423 -0.4551 -0.0028 0.8905 -0.6312 0.0831 0.7711 -0.9362 -0.0074 0.3513 -0.8471 0.0195 0.531 -0.8555 0.02 0.5174 -0.3603 -0.0726 0.93 -0.5297 0.0072 0.8482 -0.4452 0.005 0.8954 -0.5171 0.0159 0.8558 -0.5928 -0.0555 0.8034 -0.3641 -0.0596 0.9294 -0.4561 0.0268 0.8895 -0.4367 0.019 0.8994 -0.5475 0.0178 0.8366 -0.8537 0.0366 0.5194 -0.5217 0.0335 0.8525 -0.938 -0.0041 0.3467 -0.9387 0.0118 0.3445 -0.5371 0.0453 0.8423 -0.4529 0.0535 0.8899 -0.5966 -0.0365 0.8017 -0.382 -0.0487 0.9229 -0.5193 0.0549 0.8528 -0.8551 0.0492 0.5162 -0.3662 -0.0371 0.9298 -0.4385 0.0689 0.8961 -0.4555 0.0782 0.8868 -0.4411 -0.0418 0.8965 -0.5094 0.0785 0.8569 -0.5986 -0.0213 0.8008 -0.5283 0.0941 0.8438 -0.4629 0.1037 0.8803 -0.4383 0.0909 0.8942 -0.5466 0.0918 0.8323 -0.9351 0.0162 0.354 -0.3809 -0.0231 0.9243 -0.3769 0.1017 0.9207 -0.8012 -0.0567 0.5958 -0.3657 -0.0143 0.9306 -0.5971 -0.0023 0.8022 -0.6755 -0.0625 0.7347 -0.9368 0.0186 0.3494 -0.8548 -0.0491 0.5167 -0.9052 0.0343 0.4236 -0.7226 -0.0586 0.6887 -0.6119 -0.0683 0.788 -0.3816 0.0027 0.9243 -0.7397 -0.0467 0.6714 -0.3654 0.0113 0.9308 -0.5969 0.0162 0.8022 -0.583 0.3116 0.7504 -0.6752 -0.0499 0.736 -0.3813 0.0241 0.9242 -0.785 -0.0398 0.6182 -0.9095 0.0365 0.4141 -0.3666 0.0367 0.9297 -0.5964 0.0366 0.8019 -0.4411 0.0418 0.8965 -0.7999 -0.025 0.5996 -0.8021 -0.0286 0.5964 -0.7465 -0.0276 0.6648 -0.382 0.0487 0.9229 -0.6327 -0.0454 0.7731 -0.3641 0.0596 0.9294 -0.5928 0.0555 0.8034 -0.8016 -0.0233 0.5975 -0.3603 0.0728 0.93 -0.6752 -0.0321 0.7369 -0.5951 0.075 0.8002 -0.7998 -0.0077 0.6002 -0.7868 -0.0144 0.617 -0.383 0.0743 0.9207 -0.7412 -0.0148 0.6711 -0.3644 0.092 0.9267 -0.6246 -0.024 0.7806 -0.5981 0.0913 0.7962 -0.8021 -0.0057 0.5972 -0.8842 -0.0424 0.4652 -0.6107 -0.0176 0.7917 -0.6725 -0.0085 0.7401 -0.7991 0.0077 0.6011 -0.7821 0.0014 0.6232 -0.7403 0.014 0.6721 -0.624 0.0026 0.7814 -0.9214 -0.0147 0.3885 -0.9337 -0.0092 0.3579 -0.9217 -0.0105 0.3878 -0.9211 0.0128 0.3891 -0.9214 0.0148 0.3884 -0.7249 -0.0374 0.6879 -0.8839 0.0366 0.4662 -0.7252 -0.0213 0.6882 -0.6857 -0.0364 0.727 -0.6855 -0.0158 0.7279 -0.7244 -0.0026 0.6893 -0.711 0.0068 0.7031 -0.61 0.6862 -0.3962 -0.61 -0 -0.7924 -0.61 -0.6862 -0.3962 -0.61 -0.6862 0.3962 -0.61 -0 0.7924 -0.61 0.6862 0.3962 -0.7338 -0.2799 0.619 -0.7356 -0.1191 0.6669 -0.7387 0.0626 0.6712 -0.7332 -0.6505 -0.198 -0.7332 -0.6789 -0.0375 -0.7332 -0.5847 -0.3472 -0.7301 0.2303 0.6433 -0.7333 -0.6683 0.1251 -0.7344 0.3683 0.5702 -0.7332 -0.4853 -0.4764 -0.7336 -0.6189 0.2807 -0.7331 -0.358 -0.5782 -0.7341 -0.5335 0.42 -0.7343 0.6649 -0.1369 -0.7343 0.6783 0.0252 -0.7333 0.6148 -0.2903 -0.7328 0.5272 -0.4303 -0.7331 0.4099 -0.5427 -0.7344 -0.4194 0.5337 -0.7331 -0.2102 -0.6468 -0.7331 -0.0502 -0.6783 -0.7353 0.4913 0.4669 -0.7344 0.5898 0.3358 -0.7344 0.6528 0.1859 -0.7331 0.1126 -0.6707 -0.7331 0.269 -0.6247 -0.3846 0.4725 0.793 -0.3707 0.6754 0.6375 -0.3923 0.8138 0.4287 -0.374 0.895 0.2432 -0.3828 0.9238 0.0046 -0.3758 0.9004 -0.2191 -0.3735 0.7997 -0.4701 -0.3824 0.6246 -0.6809 -0.3666 0.448 -0.8154 -0.3948 0.2282 -0.89 -0.3683 0.0201 -0.9295 -0.3945 -0.2133 -0.8938 -0.3706 -0.4119 -0.8324 -0.3941 -0.6058 -0.6912 -0.3736 -0.7497 -0.5462 -0.3937 -0.8585 -0.3287 -0.377 -0.9161 -0.1362 -0.3843 -0.9172 0.1052 -0.3773 -0.8677 0.3237 -0.3792 -0.734 0.5634 -0.3653 -0.5525 0.7492 -0.3939 -0.3363 0.8554 -0.3663 -0.1258 0.922 -0.3887 0.1553 0.9082 -0.9134 0.3045 -0.2702 -0.7365 0.5121 -0.442 -0.7381 0.5985 -0.3114 -0.908 0.1876 -0.3745 -0.904 0.163 0.3953 -0.7366 0.3382 0.5858 -0.7366 0.1819 0.6514 -0.7366 0.4732 0.4832 -0.7366 -0.6669 -0.1128 -0.9086 -0.4169 -0.0262 -0.7366 -0.6179 -0.2751 -0.9082 -0.3566 -0.2189 -0.7365 -0.674 0.0567 -0.9156 -0.381 0.1281 -0.9154 0.3635 -0.1729 -0.9079 0.3266 0.2629 -0.7366 0.5785 0.3504 -0.7366 -0.5301 -0.4201 -0.9157 0.394 -0.0789 -0.7381 0.6624 -0.1277 -0.7366 0.6475 0.1955 -0.7364 -0.6389 0.2225 -0.9146 -0.336 0.2249 -0.9085 0.4106 0.0777 -0.7366 0.6758 0.0283 -0.7366 -0.4089 -0.5387 -0.9081 -0.2093 -0.3627 -0.7379 -0.5577 0.38 -0.9074 -0.2349 0.3484 -0.7366 -0.2621 -0.6235 -0.7471 -0.3793 0.5458 -0.7366 -0.0988 -0.6691 -0.908 -0.0111 -0.4187 -0.7366 0.0707 -0.6727 -0.738 -0.1618 0.6551 -0.9069 -0.0401 0.4195 -0.7366 0.2358 -0.6339 -0.7366 0.0142 0.6762 -0.7366 0.386 -0.5554 -0.7441 0.6538 -0.1373 0.756 0.5578 -0.3425 0.7522 0.6556 -0.0657 -0.7411 0.6014 -0.2983 -0.7579 0.638 0.1362 0.7468 0.6329 0.2043 -0.7639 0.2337 0.6015 0.7639 0.2663 0.5878 0.7622 0.5134 0.3942 0.7602 -0.0399 0.6485 -0.7639 0.4946 0.4145 -0.7604 -0.0795 0.6446 0.7457 -0.3 0.595 -0.7519 -0.3675 0.5473 0.7492 -0.5024 0.4317 -0.739 -0.5577 0.378 0.7389 -0.6327 0.2317 -0.7389 -0.6398 0.2114 0.739 -0.6718 0.0502 -0.751 -0.6595 -0.0333 0.7509 -0.6329 -0.1888 -0.7546 -0.5707 -0.3239 0.7412 -0.5222 -0.4218 -0.7418 -0.41 -0.5307 0.7492 -0.3325 -0.5729 -0.7492 -0.1767 -0.6384 0.7415 -0.0936 -0.6644 -0.7376 0.0524 -0.6732 0.7476 0.1517 -0.6466 -0.7376 0.2524 -0.6263 0.742 0.3802 -0.5522 -0.7495 0.4418 -0.493 -0.68 0.4185 -0.6021 -0.68 0.2556 -0.6873 -0.68 -0.6925 0.2411 -0.68 0.0766 -0.7292 -0.68 0.3666 0.635 -0.68 0.513 0.5239 -0.68 -0.6107 0.4058 -0.6794 0.5611 -0.4729 -0.68 -0.1071 -0.7254 -0.68 0.1972 0.7062 -0.68 -0.2841 -0.676 -0.6717 0.6996 -0.2436 -0.6773 -0.5026 0.5373 -0.68 0.0154 0.7331 -0.6773 -0.3284 0.6584 -0.68 -0.4433 -0.5841 -0.68 -0.1674 0.7139 -0.68 -0.5746 -0.4555 -0.6794 0.7335 0.0221 -0.68 -0.6699 -0.2982 -0.68 0.702 0.2119 -0.68 -0.723 -0.1223 -0.68 0.6272 0.3798 -0.68 -0.7307 0.0614 0.68 0.513 0.5239 0.68 0.6272 0.3798 0.68 -0.6925 0.2411 0.68 -0.7307 0.0614 0.68 0.2556 -0.6873 0.68 0.4185 -0.6021 0.68 0.3666 0.635 0.68 0.0766 -0.7292 0.68 -0.6107 0.4058 0.68 0.5551 -0.4791 0.68 0.1972 0.7062 0.68 -0.1071 -0.7254 0.68 -0.4906 0.5449 0.68 0.0154 0.7331 0.68 -0.2841 -0.676 0.68 -0.3397 0.6498 0.68 -0.1674 0.7139 0.68 0.6568 -0.326 0.68 -0.4433 -0.5841 0.68 0.7172 -0.1525 0.68 -0.5746 -0.4555 0.68 0.7326 0.0307 0.68 -0.6699 -0.2982 0.68 0.702 0.2119 0.68 -0.723 -0.1223 -0.68 0.7326 0.0307 -0.68 0.3666 0.635 -0.68 0.1972 0.7062 -0.68 0.702 0.2119 -0.68 0.6272 0.3798 -0.68 0.0154 0.7331 -0.68 0.513 0.5239 -0.68 -0.1674 0.7139 -0.68 -0.3397 0.6498 -0.68 -0.4906 0.5449 -0.68 -0.6107 0.4058 -0.68 -0.6925 0.2411 -0.68 -0.7307 0.0614 -0.68 -0.723 -0.1223 -0.68 -0.6699 -0.2982 -0.68 -0.5746 -0.4555 -0.68 -0.4433 -0.5841 -0.68 -0.2841 -0.676 -0.68 -0.1071 -0.7254 -0.68 0.0766 -0.7292 -0.68 0.2556 -0.6873 -0.68 0.4185 -0.6021 -0.68 0.5551 -0.4791 -0.68 0.6568 -0.326 -0.68 0.7172 -0.1525 -0.7525 0.3692 -0.5454 -0.7463 0.555 -0.3675 -0.7467 0.256 0.6139 -0.7599 -0.0139 0.6499 -0.7595 -0.5954 -0.2621 -0.758 0.6424 -0.113 -0.7612 0.4528 0.4643 -0.7461 -0.6653 -0.0278 -0.763 0.6134 0.204 -0.7504 -0.6245 0.2166 -0.7646 -0.3914 -0.5121 -0.746 -0.5032 0.4361 -0.7548 -0.1059 -0.6473 -0.7616 -0.3019 0.5734 -0.7428 0.1455 -0.6536 -0.6572 -0.6256 0.4203 -0.662 -0.7472 0.0596 -0.6648 -0.312 -0.6788 -0.672 -0.7089 -0.2141 -0.6728 -0.0144 -0.7397 -0.6673 -0.5773 -0.4706 -0.6646 0.2831 -0.6915 -0.6667 0.5578 -0.4943 -0.6755 0.6935 -0.2504 -0.6677 0.7441 0.0218 -0.6715 0.6778 0.2994 -0.6598 0.5269 0.5358 -0.6621 0.2319 0.7127 -0.6715 -0.0753 0.7372 -0.6592 -0.3489 0.6661 -0.6429 0.7261 -0.2438 -0.8152 -0.5243 0.2461 -0.6419 -0.2472 0.7258 -0.8104 0.239 -0.535 -0.6543 -0.5983 0.4625 -0.7889 0.1996 0.5812 -0.6457 -0.2304 -0.728 -0.653 -0.5816 -0.4851 -0.8159 0.5209 0.2508 -0.6622 -0.7321 -0.1597 -0.7902 -0.2043 -0.5778 -0.6617 0.7321 0.1615 -0.817 -0.5202 -0.2489 -0.6461 0.2262 0.729 -0.6651 -0.7318 0.149 -0.7903 -0.2045 0.5775 -0.6657 0.1445 -0.7321 -0.7958 0.5671 -0.2124 -0.6529 0.5787 0.4886 -0.6541 0.4626 -0.5984 -0.7541 0.6442 0.1281 -0.7544 0.6434 -0.13 -0.7804 -0.1853 0.5971 -0.7584 -0.6369 0.1389 -0.7547 -0.6429 -0.1309 -0.6057 0.6768 -0.4183 -0.6589 0.1728 -0.7321 -0.6057 0.6768 0.4183 -0.6589 0.1728 0.7321 -0.6589 -0.1728 0.7321 -0.6057 -0.6768 0.4183 -0.6057 -0.6768 -0.4183 -0.6589 -0.1728 -0.7321 -0.7716 -0.4871 0.4091 -0.7861 0.1989 -0.5852 -0.768 0.5066 -0.3918 -0.7697 0.5063 0.3888 -0.7866 0.1991 0.5844 -0.7697 -0.5038 -0.3921 -0.7861 -0.1968 -0.5859 -0.6358 -0.2724 -0.7221 -0.6365 0.2714 -0.7219 -0.6256 -0.7125 -0.3177 -0.6362 -0.7217 0.2728 -0.6285 -0.3146 0.7114 -0.6284 0.3207 0.7087 -0.6369 0.7234 0.2666 -0.628 0.7095 -0.3197 -0.61 0.6862 -0.3962 -0.61 -0 -0.7924 -0.61 -0.6862 -0.3962 -0.61 -0.6862 0.3962 -0.61 -0 0.7924 -0.61 0.6862 0.3962 -0.7331 0.4099 -0.5427 -0.7331 0.269 -0.6247 -0.7338 -0.2799 0.619 -0.7355 -0.1191 0.6669 -0.7387 0.0626 0.6712 -0.7332 -0.6505 -0.198 -0.7332 -0.6789 -0.0375 -0.7332 -0.5847 -0.3472 -0.7301 0.2303 0.6433 -0.7344 0.3683 0.5702 -0.7333 -0.6683 0.1251 -0.7332 -0.4853 -0.4764 -0.7336 -0.6189 0.2807 -0.7331 -0.358 -0.5782 -0.7341 -0.5335 0.42 -0.7343 0.6649 -0.1369 -0.7343 0.6783 0.0252 -0.7333 0.6148 -0.2903 -0.7328 0.5272 -0.4303 -0.7344 -0.4194 0.5337 -0.7353 0.4913 0.4669 -0.7331 -0.2102 -0.6468 -0.7331 -0.0502 -0.6783 -0.7344 0.5898 0.3358 -0.7344 0.6528 0.1859 -0.7331 0.1126 -0.6707 -0.3846 0.4725 0.793 -0.3707 0.6754 0.6375 -0.3923 0.8138 0.4287 -0.374 0.895 0.2432 -0.3828 0.9238 0.0046 -0.3758 0.9004 -0.2191 -0.3735 0.7997 -0.4701 -0.3824 0.6246 -0.6809 -0.3666 0.448 -0.8154 -0.3948 0.2282 -0.89 -0.3683 0.0201 -0.9295 -0.3945 -0.2133 -0.8938 -0.3707 -0.4119 -0.8324 -0.3941 -0.6058 -0.6912 -0.3736 -0.7497 -0.5462 -0.3937 -0.8585 -0.3287 -0.377 -0.9161 -0.1362 -0.3843 -0.9172 0.1052 -0.3773 -0.8677 0.3238 -0.3792 -0.734 0.5634 -0.3653 -0.5525 0.7492 -0.3939 -0.3363 0.8554 -0.3663 -0.1258 0.922 -0.3887 0.1553 0.9082 -0.9134 0.3045 -0.2702 -0.908 0.1876 -0.3746 -0.7395 0.5229 -0.4238 -0.904 0.163 0.3953 -0.7366 0.3382 0.5858 -0.7366 0.1819 0.6514 -0.7366 0.4732 0.4832 -0.7366 -0.6669 -0.1128 -0.9086 -0.4169 -0.0262 -0.9154 0.3636 -0.1729 -0.747 0.6278 -0.2187 -0.7366 -0.6179 -0.2751 -0.9082 -0.3566 -0.2189 -0.9079 0.3265 0.2629 -0.7366 0.5785 0.3504 -0.738 -0.6717 0.0645 -0.9156 -0.381 0.1281 -0.9157 0.394 -0.0789 -0.7366 -0.5301 -0.4201 -0.7382 0.6419 0.2072 -0.9085 0.4106 0.0777 -0.7396 0.673 0.0074 -0.747 -0.5955 0.2955 -0.9146 -0.336 0.2249 -0.7366 -0.4089 -0.5387 -0.9081 -0.2093 -0.3627 -0.9074 -0.2349 0.3484 -0.7366 -0.2621 -0.6235 -0.738 -0.4574 0.4961 -0.7366 -0.0988 -0.6691 -0.908 -0.0111 -0.4187 -0.7365 -0.3134 0.5994 -0.7366 0.0707 -0.6727 -0.7366 -0.1545 0.6585 -0.9069 -0.0401 0.4195 -0.7366 0.2358 -0.6339 -0.7366 0.0142 0.6762 -0.7382 0.3743 -0.5611 -0.7579 0.6467 0.086 0.7452 0.6668 0.01 0.7544 0.604 0.2572 0.7586 0.6217 -0.195 -0.7604 0.6094 -0.2246 -0.7423 0.3387 0.5782 0.7512 0.251 0.6106 -0.755 0.5255 0.3923 0.7416 0.466 0.4826 -0.7569 0.0767 0.649 0.7572 -0.0509 0.6512 -0.7579 -0.2432 0.6053 0.7416 -0.3095 0.5951 0.7398 -0.44 0.509 -0.7504 -0.4944 0.4388 0.7376 -0.5723 0.3584 -0.7415 -0.6321 0.2249 0.7492 -0.6476 0.1392 -0.7492 -0.6617 -0.0292 0.7415 -0.6608 -0.1163 -0.742 -0.6137 -0.27 0.7512 -0.5619 -0.3464 -0.7536 -0.4549 -0.4744 0.7554 -0.335 -0.5632 -0.7443 -0.2436 -0.6218 0.7607 -0.0263 -0.6486 -0.7586 0.0067 -0.6516 0.7579 0.2773 -0.5905 -0.7468 0.2199 -0.6277 -0.7522 0.4487 -0.4825 0.7461 0.5094 -0.4288 -0.6773 -0.6993 0.2287 -0.6773 -0.6049 0.4187 -0.6717 0.4957 -0.5506 -0.6794 0.2639 -0.6847 -0.68 0.3666 0.635 -0.68 0.1972 0.7062 -0.68 0.0766 -0.7292 -0.68 -0.1071 -0.7254 -0.68 -0.4906 0.5449 -0.68 0.0154 0.7331 -0.68 -0.3397 0.6498 -0.68 -0.2841 -0.676 -0.68 -0.1674 0.7139 -0.6766 0.6491 -0.3476 -0.68 -0.4433 -0.5841 -0.6766 0.7246 -0.1308 -0.68 -0.5746 -0.4555 -0.6717 0.7305 0.1236 -0.68 -0.6699 -0.2982 -0.68 -0.723 -0.1223 -0.6794 0.6321 0.3727 -0.68 -0.7307 0.0614 -0.68 0.513 0.5239 0.68 0.3666 0.635 0.68 0.513 0.5239 0.68 -0.6107 0.4058 0.68 -0.6925 0.2411 0.68 0.2556 -0.6873 0.68 0.4185 -0.6021 0.68 0.1972 0.7062 0.68 0.0766 -0.7292 0.68 -0.4906 0.5449 0.68 0.5551 -0.4791 0.68 0.0154 0.7331 0.68 -0.1071 -0.7254 0.68 -0.3397 0.6498 0.68 0.6568 -0.326 0.68 -0.1674 0.7139 0.68 -0.2841 -0.676 0.68 -0.4433 -0.5841 0.68 0.7172 -0.1525 0.68 -0.5746 -0.4555 0.68 0.7326 0.0307 0.68 -0.6699 -0.2982 0.68 0.702 0.2119 0.68 -0.723 -0.1223 0.68 0.6272 0.3798 0.68 -0.7307 0.0614 -0.68 0.7172 -0.1525 -0.68 0.7326 0.0307 -0.68 0.702 0.2119 -0.68 0.3666 0.635 -0.68 0.1972 0.7062 -0.68 0.6272 0.3798 -0.68 0.0154 0.7331 -0.68 0.513 0.5239 -0.68 -0.1674 0.7139 -0.68 -0.3397 0.6498 -0.68 -0.4906 0.5449 -0.68 -0.6107 0.4058 -0.68 -0.6925 0.2411 -0.68 -0.7307 0.0614 -0.68 -0.723 -0.1223 -0.68 -0.6699 -0.2982 -0.68 -0.5746 -0.4555 -0.68 -0.4433 -0.5841 -0.68 -0.2841 -0.676 -0.68 -0.1071 -0.7254 -0.68 0.0766 -0.7292 -0.68 0.2556 -0.6873 -0.68 0.4185 -0.6021 -0.68 0.5551 -0.4791 -0.68 0.6568 -0.326 -0.7462 0.4404 -0.4992 -0.7554 0.5825 -0.3001 -0.7642 0.1608 0.6247 -0.7654 0.4396 0.47 -0.768 -0.6319 -0.1047 -0.7555 -0.5217 -0.3963 -0.7473 0.662 -0.0577 -0.7627 -0.6114 0.2109 -0.7599 0.6139 0.2139 -0.7461 -0.333 -0.5766 -0.7627 -0.4451 0.4692 -0.7612 -0.096 -0.6413 -0.7617 -0.1603 0.6278 -0.7612 0.2018 -0.6163 -0.656 -0.7172 0.235 -0.6621 -0.4276 -0.6155 -0.6628 -0.7407 -0.1099 -0.6576 -0.093 -0.7476 -0.6717 -0.6341 -0.383 -0.6617 0.2601 -0.7033 -0.672 0.501 -0.5453 -0.6623 0.6822 -0.3097 -0.6661 0.7457 0.0179 -0.672 0.6766 0.3011 -0.6598 0.5269 0.5358 -0.6606 0.2304 0.7146 -0.674 -0.0658 0.7358 -0.6677 -0.3366 0.664 -0.671 -0.5611 0.4847 -0.6656 0.1432 -0.7324 -0.6611 0.4387 -0.6087 -0.6671 0.7338 -0.1288 -0.6738 0.6307 -0.385 -0.8386 0.4717 -0.2724 -0.8386 0 -0.5447 -0.6663 -0.1494 -0.7306 -0.6662 0.7306 0.1493 -0.8386 0.4717 0.2724 -0.6727 -0.6335 -0.3823 -0.661 -0.4399 -0.6079 -0.6626 0.608 0.4373 -0.6682 -0.7303 -0.1417 -0.673 0.3749 0.6375 -0.6688 0.1302 0.7319 -0.8386 -0.4717 -0.2724 -0.8386 -0 0.5447 -0.6683 -0.1417 0.7303 -0.8386 -0.4717 0.2724 -0.6656 -0.7324 0.1432 -0.6611 -0.6087 0.4387 -0.6727 -0.3823 0.6335 -0.61 -0.6862 -0.3962 -0.7358 -0.3022 -0.6061 -0.61 0 -0.7924 -0.7359 -0.447 -0.5086 -0.7361 -0.5619 -0.3774 -0.7366 -0.6395 -0.2202 -0.7344 0.4931 -0.4663 -0.61 0.6862 -0.3962 -0.7344 0.3641 -0.5728 -0.7345 0.5921 -0.3316 -0.7379 -0.6734 -0.0445 -0.7347 0.212 -0.6444 -0.7345 0.6552 -0.1768 -0.7366 0.0403 -0.6751 -0.7345 0.6785 -0.0114 -0.7358 -0.1368 -0.6632 -0.61 0.6862 0.3962 -0.7346 0.6607 0.1548 -0.61 -0 0.7924 -0.7349 -0.256 0.6279 -0.735 -0.4017 0.5463 -0.7349 -0.0948 0.6715 -0.7348 0.0722 0.6744 -0.7347 0.2348 0.6364 -0.7347 0.3832 0.5598 -0.61 -0.6862 0.3962 -0.7357 -0.6646 0.1305 -0.7346 0.6028 0.3115 -0.7352 -0.6125 0.2903 -0.7351 -0.523 0.4314 -0.7346 0.5084 0.4493 -0.6841 -0.0442 -0.728 -0.6829 0.1254 -0.7197 -0.6824 0.2935 -0.6694 -0.6824 0.4458 -0.5793 -0.6823 0.572 -0.4552 -0.6823 0.6647 -0.3043 -0.6823 0.7184 -0.1355 -0.6822 0.73 0.0413 -0.6822 0.6986 0.2157 -0.6821 0.6263 0.3775 -0.6821 0.5171 0.5171 -0.682 0.3775 0.6264 -0.682 0.2157 0.6989 -0.6819 0.0412 0.7303 -0.6818 -0.1356 0.7188 -0.6818 -0.3046 0.6651 -0.6817 -0.4556 0.5724 -0.6816 -0.5799 0.4462 -0.6815 -0.6702 0.2937 -0.6817 -0.7209 0.1252 -0.6829 -0.7292 -0.044 -0.6816 -0.7003 -0.2124 -0.6816 -0.628 -0.3756 -0.6817 -0.5174 -0.5172 -0.6819 -0.3757 -0.6276 -0.6824 -0.2126 -0.6994 -0.7295 0.4052 -0.5511 -0.7295 0.2555 -0.6344 -0.6768 0.4053 -0.6146 -0.6772 0.2329 -0.6979 -0.7297 0.004 0.6838 -0.6775 -0.0551 0.7335 -0.7345 -0.1624 0.6589 -0.7296 0.5292 -0.4332 -0.6762 0.5505 -0.4895 -0.6697 -0.2842 0.6861 -0.7325 -0.337 0.5915 -0.7298 0.6199 -0.2883 -0.6756 0.6587 -0.3312 -0.7295 -0.4709 0.496 -0.6763 -0.4793 0.5594 -0.7303 0.6715 -0.1254 -0.6747 0.7228 -0.1495 -0.6759 -0.6098 0.4139 -0.7297 -0.5791 0.3636 -0.7294 0.6827 0.0424 -0.6721 0.7389 0.0477 -0.7302 0.6508 0.2082 -0.6751 -0.6969 0.2422 -0.7302 -0.6508 0.2082 -0.6751 0.6969 0.2422 -0.7297 0.5791 0.3636 -0.6721 -0.7389 0.0477 -0.7294 -0.6827 0.0424 -0.6759 0.6098 0.4139 -0.7303 -0.6715 -0.1254 -0.7295 0.4709 0.496 -0.6747 -0.7228 -0.1495 -0.6765 0.482 0.5568 -0.7298 -0.6199 -0.2883 -0.7295 0.333 0.5974 -0.6756 -0.6587 -0.3312 -0.677 0.3218 0.6619 -0.7296 -0.5292 -0.4332 -0.7296 0.174 0.6614 -0.6762 -0.5505 -0.4895 -0.6774 0.1401 0.7221 -0.7295 -0.4052 -0.5511 -0.6765 -0.4023 -0.6169 -0.7329 -0.2596 -0.6289 -0.6697 -0.1921 -0.7174 -0.7342 -0.0778 -0.6744 -0.6773 0.0409 -0.7345 -0.7296 0.0897 -0.678 -0.7608 0.5981 0.252 -0.7607 -0.4136 -0.5003 -0.7625 -0.5094 0.3989 -0.7611 0.3938 0.5154 -0.7638 -0.6003 -0.2371 -0.7615 0.0859 0.6425 -0.7602 0.5208 -0.3884 -0.7574 0.2672 -0.5957 -0.7632 -0.6395 0.0929 -0.7605 0.6446 -0.0784 -0.7619 -0.2442 0.5998 -0.7403 0.0109 -0.6722 -0.7417 -0.1879 -0.6439 -0.6594 -0.6729 -0.3352 -0.6685 0.0998 -0.737 -0.6632 -0.4382 -0.6068 -0.6627 0.4308 -0.6125 -0.6752 -0.1814 -0.715 -0.6622 0.6736 -0.3282 -0.662 0.7484 0.0402 -0.6618 0.6348 0.3988 -0.6615 0.3612 0.6572 -0.6612 -0.0037 0.7502 -0.6608 -0.3679 0.6541 -0.6604 -0.6396 0.3933 -0.66 -0.7506 0.0333 -0.61 0.7924 0 -0.61 0.3962 -0.6862 -0.61 -0.3962 -0.6862 -0.61 -0.7924 -0 -0.61 -0.3962 0.6862 -0.61 0.3962 0.6862 -0.7433 0.5563 -0.3715 -0.7458 -0.5977 0.2942 -0.7355 -0.4892 0.4687 -0.733 -0.4762 -0.4858 -0.7349 -0.3523 0.5795 -0.7407 -0.1739 0.6489 -0.735 -0.5794 -0.3523 -0.7336 -0.3439 -0.5861 -0.7446 -0.6476 -0.1622 -0.7346 -0.1949 -0.6499 -0.7305 -0.0037 0.6829 -0.7343 -0.0342 -0.678 -0.7481 -0.6597 0.0708 -0.7433 0.5875 0.3199 -0.7356 0.6636 0.1363 -0.7335 0.6789 -0.0344 -0.7364 0.6461 -0.2006 -0.7335 0.1291 -0.6674 -0.7331 0.2857 -0.6171 -0.7417 0.1577 0.652 -0.7371 0.3386 0.5848 -0.7374 0.476 0.4792 -0.7355 0.4291 -0.5243 -0.3732 -0.0307 0.9272 -0.3898 0.1704 0.905 -0.3852 0.4501 0.8056 -0.373 0.6487 0.6634 -0.3828 0.7973 0.4666 -0.3787 0.8865 0.266 -0.3794 0.9235 0.057 -0.3799 0.9182 -0.1122 -0.3826 0.8763 -0.2928 -0.3647 0.7962 -0.4829 -0.3947 0.6416 -0.6577 -0.3681 0.4802 -0.7962 -0.3973 0.2677 -0.8778 -0.382 0.1179 -0.9166 -0.373 -0.0801 -0.9244 -0.3905 -0.2795 -0.8771 -0.3866 -0.5429 -0.7455 -0.3772 -0.7223 -0.5797 -0.385 -0.8476 -0.3652 -0.3763 -0.9145 -0.1484 -0.377 -0.9175 0.1267 -0.3638 -0.8523 0.3759 -0.3948 -0.7165 0.5752 -0.3676 -0.5724 0.7329 -0.3973 -0.3722 0.8388 -0.382 -0.2275 0.8957 -0.9159 0.3935 -0.0799 -0.908 0.3497 -0.2306 -0.7381 0.665 -0.1137 -0.9089 -0.0512 0.4138 -0.7366 0.1682 0.6551 -0.7366 -0 0.6764 -0.7366 -0.5212 -0.4311 -0.9083 -0.3478 -0.2325 -0.9159 0.4004 0.0268 -0.7364 0.6752 0.0425 -0.7366 -0.3975 -0.5472 -0.9069 -0.199 -0.3714 -0.9069 0.1514 0.3932 -0.7366 0.3258 0.5927 -0.7365 -0.6121 -0.2879 -0.9157 -0.3939 -0.0798 -0.9157 0.3806 0.1287 -0.7365 0.6434 0.209 -0.7366 -0.249 -0.6289 -0.7366 0.463 0.493 -0.9082 0.3164 0.2739 -0.7366 0.5711 0.3624 -0.7379 -0.6644 -0.1186 -0.7366 -0.0848 -0.671 -0.9089 -0.0005 -0.417 -0.7471 -0.653 0.1245 -0.9145 -0.4037 0.0264 -0.7366 0.0848 -0.671 -0.9075 -0.3775 0.1843 -0.7366 0.249 -0.6289 -0.908 0.1998 -0.3682 -0.738 -0.5739 0.3548 -0.7366 0.3975 -0.5472 -0.7366 -0.463 0.4931 -0.908 -0.2438 0.3406 -0.7366 0.5212 -0.4311 -0.7366 -0.3258 0.5927 -0.7382 0.6047 -0.2988 -0.7366 -0.1682 0.6551 -0.7457 0.5573 0.3653 0.7519 0.5919 0.2902 0.7604 0.3912 0.5185 -0.7519 0.6494 0.1132 -0.7495 -0.0845 0.6566 0.7579 0.1093 0.6432 0.742 -0.1696 0.6486 -0.7586 0.3663 0.5389 -0.7415 -0.3193 0.5901 0.7492 -0.3881 0.5367 -0.7468 0.1776 0.6409 -0.7492 -0.5113 0.4211 0.7415 -0.5689 0.3557 -0.7376 -0.6364 0.2259 0.7476 -0.6524 0.1245 -0.7376 -0.6748 0.0242 0.7376 -0.6665 -0.1086 -0.7476 -0.6317 -0.2052 0.7376 -0.603 -0.3039 -0.7376 -0.5317 -0.4162 0.7476 -0.4547 -0.4842 -0.7379 -0.3808 -0.5573 0.7398 -0.258 -0.6214 -0.7528 -0.1471 -0.6416 0.7536 -0.0069 -0.6572 -0.7512 0.1591 -0.6407 0.742 0.2495 -0.6223 -0.7376 0.382 -0.5568 0.7504 0.4591 -0.4756 -0.7417 0.5314 -0.4092 0.7567 0.6146 -0.223 -0.7567 0.6283 -0.1809 0.7457 0.6656 0.0321 -0.68 -0.7203 -0.1374 -0.6773 -0.735 0.0322 -0.68 -0 0.7333 -0.6717 0.7046 -0.2289 -0.6794 0.5709 -0.461 -0.68 0.431 -0.5932 -0.68 0.2699 -0.6818 -0.68 -0.1824 0.7102 -0.6773 -0.6952 0.2406 -0.68 0.0919 -0.7275 -0.68 -0.3532 0.6426 -0.68 -0.6191 0.3929 -0.68 -0.5019 0.5345 -0.6794 0.7328 0.0374 -0.68 -0.0919 -0.7275 -0.68 0.6974 0.2266 -0.68 -0.2699 -0.6818 -0.68 0.6191 0.3929 -0.68 -0.431 -0.5932 -0.68 0.5019 0.5345 -0.68 -0.565 -0.4674 -0.68 0.3532 0.6426 -0.68 -0.6635 -0.3122 -0.68 0.1824 0.7102 0.68 -0 0.7333 0.68 0.1824 0.7102 0.68 -0.7318 0.046 0.68 -0.7203 -0.1374 0.68 -0.1824 0.7102 0.68 0.565 -0.4674 0.68 0.6635 -0.3122 0.68 0.431 -0.5932 0.68 -0.6974 0.2266 0.68 0.7203 -0.1374 0.68 -0.3532 0.6426 0.68 -0.6191 0.3929 0.68 0.2699 -0.6818 0.68 -0.5019 0.5345 0.68 0.0919 -0.7275 0.68 0.7318 0.046 0.68 -0.0919 -0.7275 0.68 0.6974 0.2266 0.68 -0.2699 -0.6818 0.68 0.6191 0.3929 0.68 -0.431 -0.5932 0.68 0.5019 0.5345 0.68 -0.565 -0.4674 0.68 0.3532 0.6426 0.68 -0.6635 -0.3122 -0.68 0.6191 0.3929 -0.68 0.5019 0.5345 -0.68 -0 0.7333 -0.68 -0.1824 0.7102 -0.68 0.3532 0.6426 -0.68 -0.3532 0.6426 -0.68 0.1824 0.7102 -0.68 -0.5019 0.5345 -0.68 -0.6191 0.3929 -0.68 -0.6974 0.2266 -0.68 -0.7318 0.046 -0.68 -0.7203 -0.1374 -0.68 -0.6635 -0.3122 -0.68 -0.565 -0.4674 -0.68 -0.431 -0.5932 -0.68 -0.2699 -0.6818 -0.68 -0.0919 -0.7275 -0.68 0.0919 -0.7275 -0.68 0.2699 -0.6818 -0.68 0.431 -0.5932 -0.68 0.565 -0.4674 -0.68 0.6635 -0.3122 -0.68 0.7203 -0.1374 -0.68 0.7318 0.046 -0.68 0.6974 0.2266 -0.76 0.5774 -0.2983 -0.7654 -0.1743 0.6195 -0.7654 0.1457 0.6269 -0.7573 -0.4015 -0.515 -0.7473 0.6631 -0.0438 -0.7543 -0.5904 -0.2872 -0.7599 0.6092 0.2267 -0.7654 0.4297 0.4791 -0.7457 -0.1663 -0.6451 -0.7451 -0.6656 -0.043 -0.7543 0.0908 -0.6502 -0.755 -0.62 0.2136 -0.7611 0.3724 -0.5312 -0.7636 -0.4503 0.4627 -0.6732 -0.703 -0.2292 -0.6688 -0.7421 0.0456 -0.6732 0.0008 -0.7395 -0.6645 -0.5593 -0.4956 -0.6677 0.2826 -0.6887 -0.6667 -0.2834 -0.6893 -0.674 0.514 -0.5306 -0.6623 0.6886 -0.2954 -0.6661 0.7451 0.0335 -0.672 0.6701 0.3152 -0.6598 0.5155 0.5467 -0.6576 0.204 0.7252 -0.6576 -0.1706 0.7338 -0.6606 -0.4919 0.5672 -0.6722 -0.6681 0.3191 -0.6523 -0.7233 0.2265 -0.7313 -0.6716 0.119 -0.7294 -0.6835 -0.03 -0.6695 0.1358 -0.7303 -0.6656 -0.1437 -0.7323 -0.7328 -0.0427 -0.6792 -0.737 0.1323 -0.6628 -0.7329 0.3025 -0.6094 -0.7388 0.4489 -0.5027 -0.6689 -0.7318 -0.1306 -0.6622 -0.4367 -0.609 -0.6727 -0.6375 -0.3757 -0.7328 -0.5328 0.4233 -0.7361 -0.6186 0.2749 -0.7322 -0.5314 -0.4261 -0.7388 -0.3984 -0.5436 -0.6648 0.7297 0.1596 -0.7401 0.6581 0.1386 -0.7307 -0.6104 -0.3057 -0.7315 0.6074 0.3097 -0.7296 0.5275 0.4353 -0.7389 -0.2217 -0.6363 -0.7296 0.4254 0.5354 -0.6523 0.2264 0.7233 -0.7294 0.0299 0.6835 -0.6628 -0.1506 0.7335 -0.6622 0.6089 -0.4367 -0.6728 0.3771 -0.6365 -0.7298 -0.662 -0.1709 -0.7296 0.3048 0.6122 -0.7296 0.1708 0.6622 -0.6595 -0.4799 0.5785 -0.6602 0.578 0.4796 -0.6656 0.7323 -0.1437 -0.733 0.6793 -0.0354 -0.7395 0.5763 -0.3479 -0.7377 -0.4028 0.5418 -0.7325 -0.2553 0.6311 -0.7325 0.6543 -0.1878 -0.7299 -0.1147 0.6739 -0.732 -0.5043 -0.4582 -0.6806 -0.4807 -0.5528 -0.6881 -0.585 -0.4293 -0.7325 -0.3871 -0.56 -0.7345 -0.5945 -0.3272 -0.68 -0.6686 -0.301 -0.6835 -0.3245 -0.6539 -0.7327 -0.2552 -0.6309 -0.68 -0.1435 -0.719 -0.733 -0.6549 -0.1837 -0.7315 -0.1088 -0.6731 -0.6833 -0.7198 -0.1224 -0.7319 -0.6806 -0.0315 -0.6792 -0.7306 0.0698 -0.7309 0.0402 -0.6813 -0.6837 0.0458 -0.7284 -0.7318 -0.6707 0.1208 -0.6786 0.2417 -0.6936 -0.6828 -0.6846 0.2552 -0.733 0.1819 -0.6554 -0.7316 -0.6273 0.2668 -0.7341 0.3267 -0.5953 -0.6861 -0.6074 0.4004 -0.6786 0.4342 -0.5924 -0.7319 -0.5517 0.4 -0.741 0.4698 -0.4798 -0.6875 -0.5132 0.5138 -0.7315 -0.4538 0.5089 -0.685 0.5669 -0.4575 -0.6846 -0.3951 0.6125 -0.7368 0.5885 -0.3328 -0.7343 -0.3278 0.5944 -0.6859 0.6521 -0.323 -0.6834 -0.2503 0.6858 -0.7354 -0.1753 0.6546 -0.7336 0.6543 -0.1836 -0.685 0.7055 -0.182 -0.7437 0.6685 0.0055 -0.6794 -0.0689 0.7305 -0.7415 0.0084 0.6709 -0.6842 0.7287 -0.0303 -0.6854 0.7186 0.1172 -0.685 0.1156 0.7193 -0.7412 0.6353 0.2169 -0.7347 0.1889 0.6515 -0.6877 0.6777 0.2605 -0.6862 0.267 0.6766 -0.7325 0.3346 0.5928 -0.6865 0.6131 0.3911 -0.7359 0.5555 0.387 -0.6862 0.4018 0.6063 -0.7315 0.455 0.5078 -0.6862 0.5191 0.5095 -0.6758 -0.0092 0.737 -0.6817 -0.203 0.7029 -0.6843 -0.3536 0.6377 -0.6802 -0.4942 0.5414 -0.6766 -0.6276 0.3852 -0.6827 -0.7025 0.2008 -0.6823 -0.7306 0.0263 -0.6751 -0.7157 -0.1791 -0.6753 -0.6249 -0.3917 -0.6739 -0.4671 -0.5724 -0.6732 -0.2533 -0.6947 -0.6731 -0.006 -0.7395 -0.6798 0.2082 -0.7032 -0.6781 0.3914 -0.6221 -0.6809 0.5422 -0.4923 -0.6825 0.6422 -0.3489 -0.6749 0.7189 -0.1664 -0.6738 0.735 0.0761 -0.682 0.6757 0.2798 -0.6843 0.5942 0.4227 -0.6818 0.4869 0.5459 -0.683 0.3478 0.6423 -0.6812 0.1885 0.7074 -0.7342 0.0454 -0.6774 -0.6766 0.1622 -0.7182 -0.7322 0.2156 -0.646 -0.7337 0.3582 -0.5774 -0.682 0.367 -0.6327 -0.6825 0.5108 -0.5227 -0.7337 0.4859 -0.4749 -0.6825 0.6211 -0.3853 -0.7337 0.5855 -0.3448 -0.6825 0.6952 -0.2254 -0.7337 0.651 -0.1947 -0.6809 0.7309 -0.0463 -0.7361 0.6764 -0.0264 -0.6731 0.7195 0.1711 -0.7456 0.6426 0.1766 -0.6725 0.6201 0.4041 -0.745 0.5459 0.3834 -0.6788 0.4602 0.5722 -0.7381 0.4093 0.5364 -0.7438 0.223 0.6301 -0.6746 0.2732 0.6857 -0.6799 0.0612 0.7307 -0.7425 -0.0028 0.6699 -0.6752 -0.1735 0.717 -0.7367 -0.216 0.6408 -0.6728 -0.4118 0.6146 -0.7456 -0.393 0.5382 -0.671 -0.6025 0.4321 -0.7475 -0.5534 0.3674 -0.6725 -0.7136 0.1962 -0.745 -0.649 0.1544 -0.7357 -0.676 -0.0428 -0.6805 -0.7322 -0.0286 -0.7337 -0.6463 -0.2096 -0.6825 -0.7002 -0.2094 -0.7347 -0.5742 -0.3614 -0.6825 -0.6298 -0.3709 -0.741 -0.4394 -0.5078 -0.6828 -0.5231 -0.5101 -0.6752 -0.3456 -0.6517 -0.736 -0.2672 -0.622 -0.6748 -0.1026 -0.7309 -0.7328 -0.1216 -0.6694 -0.7364 0.3259 0.5928 -0.7364 -0.5712 0.3625 -0.7364 -0.6434 0.2091 -0.7364 0.5712 0.3625 -0.7364 0.3977 -0.5473 -0.7364 0.249 -0.629 -0.7364 0.4631 0.4931 -0.7364 -0.4631 0.4931 -0.7364 0.5213 -0.4312 -0.7364 -0.3259 0.5928 -0.7364 0.6121 -0.288 -0.7364 -0.5213 -0.4312 -0.7364 -0.3977 -0.5473 -0.7364 -0.1682 0.6553 -0.7364 -0.6121 -0.288 -0.7364 0.6645 -0.1268 -0.7364 -0.249 -0.629 -0.7364 0.6752 0.0425 -0.7364 -0.6645 -0.1268 -0.7364 0 0.6765 -0.7364 -0.0848 -0.6712 -0.7364 -0.6752 0.0425 -0.7364 0.0848 -0.6712 -0.7364 0.1682 0.6553 -0.7364 0.6434 0.2091 -0.68 0.7318 0.046 -0.68 0.6974 0.2266 -0.68 0.6191 0.3929 -0.68 -0 0.7333 -0.68 -0.1823 0.7102 -0.68 0.502 0.5345 -0.6799 0.3533 0.6426 -0.6799 -0.3533 0.6426 -0.68 0.1823 0.7102 -0.68 -0.502 0.5345 -0.68 -0.6191 0.3929 -0.68 -0.6974 0.2266 -0.68 -0.7318 0.046 -0.68 -0.7203 -0.1374 -0.68 -0.6635 -0.3122 -0.68 -0.565 -0.4674 -0.6799 -0.431 -0.5932 -0.6799 -0.2699 -0.6818 -0.68 -0.0919 -0.7275 -0.6799 0.0919 -0.7275 -0.6799 0.2699 -0.6818 -0.6799 0.431 -0.5932 -0.68 0.565 -0.4674 -0.68 0.6635 -0.3122 -0.68 0.7203 -0.1374 -0.7485 0.145 0.6471 -0.7524 -0.0924 0.6522 -0.7634 0.5437 -0.3487 -0.7636 -0.6453 -0.0222 -0.7634 0.3055 -0.5692 -0.7639 -0.575 0.2932 -0.7649 -0.3601 0.5341 -0.7635 0.6446 -0.0402 -0.7633 -0.0098 -0.6459 -0.7636 0.5826 0.2784 -0.7634 -0.3225 -0.5597 -0.7609 0.3843 0.5227 -0.7635 -0.5536 -0.3327 -0.6569 0.463 -0.5951 -0.6566 0.6975 -0.2871 -0.6571 0.1067 -0.7462 -0.6563 0.7483 0.0967 -0.6573 -0.2778 -0.7005 -0.6576 -0.5889 -0.4699 -0.6576 -0.7445 -0.1148 -0.656 0.602 0.4552 -0.6576 -0.7029 0.271 -0.6537 -0.104 0.7496 -0.6647 0.2922 0.6876 -0.6571 -0.4731 0.5868 -0.7371 -0.4514 -0.5029 -0.5774 -0.5774 -0.5774 -0.7371 -0.5662 -0.3689 -0.7384 -0.3019 -0.603 -0.5774 -0.5774 0.5774 -0.7343 -0.4484 0.5097 -0.7381 -0.5616 0.374 -0.7348 -0.6412 0.2212 -0.7317 -0.6779 0.0717 -0.7301 -0.6799 -0.0685 -0.737 -0.3009 0.6052 -0.7355 -0.6425 -0.2151 -0.745 -0.1091 -0.6581 -0.7441 -0.1069 0.6595 -0.5774 0.5774 -0.5774 -0.7425 0.0999 -0.6623 -0.7386 0.2872 -0.6099 -0.7371 0.4396 -0.5132 -0.5774 0.5774 0.5774 -0.7304 0.6795 0.0694 -0.7395 0.6336 0.2273 -0.7474 0.5211 0.4121 -0.7375 0.3823 0.5567 -0.7345 0.2275 0.6393 -0.7318 0.072 0.6778 -0.7371 0.5575 -0.3819 -0.7319 0.6775 -0.0725 -0.7363 0.6374 -0.2271 -0.673 0.121 -0.7297 -0.7511 -0.1254 0.6482 -0.7539 -0.6438 0.1314 -0.6855 0.7244 -0.073 -0.6809 0.6945 -0.2325 -0.7555 -0.5245 -0.3925 -0.6729 0.6789 0.2937 -0.7564 -0.6401 -0.1343 -0.7605 -0.5258 0.381 -0.6819 0.7263 0.086 -0.6784 0.329 -0.6569 -0.7457 -0.3446 0.5703 -0.6795 0.6147 -0.4005 -0.6852 -0.7246 0.074 -0.7539 0.6438 -0.1314 -0.7564 0.6401 0.1343 -0.6795 0.4901 -0.5459 -0.6839 -0.7254 -0.0777 -0.6802 -0.6905 -0.246 -0.6795 -0.6052 -0.4147 -0.755 0.5252 0.3925 -0.6734 -0.5868 0.4496 -0.7605 0.5258 -0.381 -0.6776 -0.4151 0.6071 -0.6775 -0.6926 0.2475 -0.7473 0.3392 -0.5714 -0.6832 -0.239 0.69 -0.6795 -0.4773 -0.5572 -0.7451 0.3365 0.5758 -0.6783 -0.3131 -0.6648 -0.7497 0.1164 -0.6514 -0.6844 -0.0759 0.7251 -0.7497 0.1164 0.6514 -0.6748 -0.1101 -0.7297 -0.672 0.1265 0.7297 -0.7526 -0.1273 -0.646 -0.6702 0.3771 0.6393 -0.7452 -0.3393 -0.574 -0.6773 0.5516 0.4868 -0.6625 -0.7323 0.1573 -0.6694 -0.7304 -0.1358 -0.6656 -0.1438 -0.7323 -0.6621 -0.4368 -0.6089 -0.6728 -0.6364 -0.3773 -0.6681 0.1413 -0.7305 -0.6625 0.7323 -0.1573 -0.6612 0.593 -0.4596 -0.674 0.3754 -0.6363 -0.6694 0.7304 0.1358 -0.6647 0.1597 0.7298 -0.6644 0.4578 0.5907 -0.6749 0.6392 0.3686 -0.6689 -0.1307 0.7318 -0.6612 -0.593 0.4596 -0.6728 -0.3709 0.6401 -0.9045 -0.3015 0.3015 -0.9045 -0.3015 -0.3015 -0.9045 0.3015 0.3015 -0.9045 0.3015 -0.3015 -0.5774 -0.5774 -0.5774 -0.5774 0.5774 -0.5774 -0.5774 0.5774 0.5774 -0.5774 -0.5774 0.5774 -0.6471 -0.2383 0.7242 -0.6672 0.1402 0.7316 -0.6424 0.727 -0.2424 -0.6484 0.7213 0.2437 -0.6654 0.1436 -0.7325 -0.667 -0.143 -0.7312 -0.6498 -0.7266 -0.2231 -0.6673 -0.7315 0.1404 -0.7303 -0.6806 0.0591 -0.7299 -0.6535 0.2003 -0.7315 -0.5976 0.3281 -0.7363 0.0072 0.6766 -0.73 0.3667 -0.5767 -0.7291 0.2448 -0.6391 -0.7286 0.1093 -0.6762 -0.7288 -0.0286 -0.6841 -0.6572 -0.4756 -0.5847 -0.738 -0.4908 0.4631 -0.73 0.4753 -0.4911 -0.7368 -0.4356 -0.517 -0.7326 -0.555 -0.3941 -0.6604 -0.5931 0.4606 -0.7302 -0.2996 -0.614 -0.7307 -0.6313 -0.2598 -0.6548 0.4616 -0.5984 -0.7288 -0.1657 -0.6644 -0.7343 -0.6709 -0.1037 -0.7316 0.1764 0.6585 -0.7358 0.3332 0.5896 -0.7383 0.4815 0.4724 -0.7333 0.5918 0.3348 -0.7321 0.653 0.1938 -0.73 0.5644 -0.3854 -0.7363 0.6758 0.0343 -0.7396 -0.3312 0.586 -0.6608 0.4587 0.5941 -0.73 0.6305 -0.2639 -0.7319 0.6697 -0.126 -0.7326 -0.1643 0.6605 -0.6795 0.0713 0.7302 -0.6843 -0.1172 0.7197 -0.6808 -0.2939 0.6709 -0.6772 -0.4794 0.5582 -0.6789 -0.6231 0.3883 -0.6774 -0.7101 0.1919 -0.6778 -0.7346 -0.031 -0.6841 -0.6943 -0.2238 -0.6815 -0.6208 -0.3876 -0.6855 -0.5109 -0.5188 -0.6871 -0.3894 -0.6134 -0.6869 -0.2585 -0.6792 -0.6869 -0.1165 -0.7173 -0.6857 0.0353 -0.727 -0.6803 0.2122 -0.7016 -0.6843 0.375 -0.6253 -0.6857 0.4968 -0.5321 -0.6857 0.5937 -0.4212 -0.6857 0.6663 -0.2931 -0.6838 0.7148 -0.1467 -0.6771 0.7349 0.0373 -0.6839 0.6964 0.2176 -0.6866 0.6353 0.3535 -0.6852 0.5532 0.4739 -0.6853 0.4362 0.5832 -0.6793 0.2758 0.68 -0.7353 -0.4418 0.5139 -0.7332 -0.5505 0.3993 -0.7407 -0.2852 0.6083 -0.7328 -0.6262 0.2664 -0.7338 -0.6697 0.114 -0.7325 -0.1187 0.6703 -0.7324 -0.6794 -0.044 -0.7343 0.0401 0.6776 -0.7328 0.1921 0.6528 -0.7313 -0.6554 -0.1888 -0.7305 0.3305 0.5976 -0.7326 -0.5986 -0.324 -0.7326 0.4498 0.5109 -0.7329 -0.5118 -0.4483 -0.7327 0.5505 0.4002 -0.7332 -0.3983 -0.5512 -0.7369 -0.2526 -0.6271 -0.7321 0.6268 0.2667 -0.7414 -0.0681 -0.6676 -0.7322 0.6703 0.1208 -0.7322 0.6803 -0.0314 -0.7341 0.115 -0.6692 -0.7323 0.6562 -0.1821 -0.7322 0.2669 -0.6266 -0.7329 0.5984 -0.3239 -0.7321 0.3995 -0.5518 -0.7327 0.5126 -0.4476 -0.6851 0.0402 -0.7273 -0.684 0.1959 -0.7027 -0.6822 0.3524 -0.6406 -0.6747 0.52 -0.5237 -0.6743 0.6579 -0.3354 -0.6818 0.7186 -0.1371 -0.6838 0.7289 0.0337 -0.6822 0.7029 0.201 -0.6747 0.6263 0.3904 -0.6725 0.4687 0.5727 -0.671 0.2445 0.7 -0.6725 -0.0085 0.7401 -0.6731 -0.2541 0.6945 -0.6744 -0.4632 0.575 -0.6799 -0.602 0.4186 -0.6764 -0.697 0.238 -0.6747 -0.738 0.0135 -0.6798 -0.7067 -0.1962 -0.6828 -0.6363 -0.3589 -0.6831 -0.5397 -0.492 -0.6833 -0.4173 -0.5992 -0.6842 -0.2783 -0.6741 -0.6825 -0.1232 -0.7204 -0.7373 0.4059 -0.5401 -0.7357 0.5324 -0.4187 -0.7462 0.2217 -0.6277 -0.7349 0.6229 -0.2683 -0.7395 0.6684 -0.08 -0.7466 0 -0.6653 -0.7366 0.6665 0.1147 -0.7462 -0.2217 -0.6277 -0.7449 0.5913 0.3091 -0.7359 -0.4045 -0.5429 -0.7467 0.4474 0.4922 -0.7327 -0.5316 -0.4249 -0.7329 -0.6173 -0.2858 -0.7335 0.285 0.617 -0.7332 -0.6675 -0.1295 -0.7351 0.1196 0.6674 -0.7348 -0.0473 0.6766 -0.7344 -0.6778 0.0358 -0.7352 -0.6496 0.1937 -0.7345 -0.2088 0.6457 -0.7345 -0.3573 0.5769 -0.7345 -0.5845 0.3448 -0.7345 -0.485 0.4747 -0.6803 -0.0293 0.7324 -0.6818 -0.2101 0.7007 -0.6818 -0.3717 0.6301 -0.6818 -0.5117 0.5228 -0.6818 -0.622 0.3852 -0.68 -0.6996 0.2194 -0.6747 -0.738 0.0114 -0.6815 -0.7031 -0.2028 -0.682 -0.6268 -0.3767 -0.6742 -0.4918 -0.551 -0.6706 -0.2711 -0.6905 -0.668 0 -0.7442 -0.6718 0.2645 -0.6919 -0.6788 0.4584 -0.5737 -0.6756 0.6105 -0.4134 -0.6732 0.7165 -0.1827 -0.6819 0.7302 0.0438 -0.6848 0.6956 0.2172 -0.6803 0.6249 0.3829 -0.6821 0.5153 0.5189 -0.6835 0.3719 0.6281 -0.6758 0.1844 0.7137 -0.6625 -0.1577 0.7322 -0.6658 0.1491 0.731 -0.6624 0.7325 -0.1572 -0.644 0.7238 0.2477 -0.6462 0.2225 -0.73 -0.6466 -0.2315 -0.7268 -0.6649 -0.7326 -0.1456 -0.6474 -0.7268 0.2295 -0.7381 0.2725 -0.6172 -0.7334 0.4213 -0.5334 -0.735 0.1043 -0.67 -0.7369 -0.0732 0.672 -0.732 -0.6813 -0.0008 -0.6517 -0.5915 -0.4748 -0.7287 -0.6708 0.1379 -0.7301 -0.6298 0.2651 -0.7331 -0.5552 0.3928 -0.7307 -0.4735 -0.4917 -0.7399 -0.5704 -0.3566 -0.7309 -0.3613 -0.579 -0.7397 -0.428 0.5193 -0.6544 -0.4846 0.5805 -0.7368 0.539 -0.4083 -0.7307 -0.2275 -0.6437 -0.7419 -0.6476 -0.1737 -0.6544 0.5794 -0.4858 -0.7353 -0.0673 -0.6743 -0.733 0.1003 0.6728 -0.7299 0.2401 0.64 -0.7289 0.3656 0.5789 -0.7375 0.4892 0.4656 -0.7406 0.6014 0.2997 -0.7322 0.6671 0.1373 -0.7408 -0.2587 0.6199 -0.6555 0.4607 0.5984 -0.7308 0.6279 -0.2676 -0.7299 0.6836 -0.0055 -0.7287 0.6709 -0.1379 -0.6787 0.072 0.7309 -0.6832 -0.1195 0.7204 -0.6782 -0.2985 0.6715 -0.6826 -0.451 0.575 -0.6811 -0.5791 0.4481 -0.6843 -0.6658 0.2972 -0.6842 -0.7144 0.1468 -0.6838 -0.7296 -0.0114 -0.6786 -0.7096 -0.1896 -0.677 -0.6314 -0.378 -0.6814 -0.5055 -0.5293 -0.6813 -0.3565 -0.6394 -0.6852 -0.1931 -0.7023 -0.6849 -0.0365 -0.7277 -0.685 0.115 -0.7194 -0.679 0.2823 -0.6777 -0.6837 0.4369 -0.5845 -0.6837 0.5562 -0.4724 -0.6811 0.6577 -0.3218 -0.6832 0.7143 -0.1516 -0.6854 0.7281 0.0057 -0.685 0.7122 0.1534 -0.6873 0.6686 0.2839 -0.6856 0.597 0.4166 -0.6779 0.474 0.562 -0.6771 0.2819 0.6798 -0.7468 -0.4713 0.4692 -0.7432 -0.6035 0.2889 -0.7439 -0.2893 0.6024 -0.7344 -0.6694 0.112 -0.7455 -0.0796 0.6618 -0.7346 -0.6766 -0.0501 -0.7353 0.1132 0.6682 -0.7393 -0.6357 -0.2222 -0.733 0.2662 0.626 -0.7358 -0.5564 -0.386 -0.7311 0.3938 0.5572 -0.741 -0.4241 -0.5205 -0.7321 0.5047 0.4575 -0.7346 0.5942 0.3274 -0.7361 -0.2661 -0.6224 -0.7332 0.6549 0.1833 -0.731 -0.1145 -0.6727 -0.7322 0.6804 0.0317 -0.7363 0.0463 -0.6751 -0.7324 0.67 -0.1214 -0.7424 0.2287 -0.6297 -0.7346 0.6221 -0.2708 -0.7394 0.5264 -0.4197 -0.7369 0.396 -0.5479 -0.6749 -0.0017 -0.7379 -0.6723 0.235 -0.702 -0.6737 0.4482 -0.5876 -0.6798 0.594 -0.4301 -0.681 0.6816 -0.2676 -0.6745 0.7353 -0.0667 -0.6732 0.7188 0.1737 -0.6743 0.6247 0.3937 -0.673 0.465 0.5752 -0.681 0.2804 0.6765 -0.6813 0.1093 0.7238 -0.6771 -0.0824 0.7313 -0.6797 -0.2745 0.6802 -0.6732 -0.4665 0.5738 -0.6734 -0.6299 0.387 -0.6764 -0.7168 0.1692 -0.6814 -0.7314 -0.0289 -0.6822 -0.703 -0.201 -0.683 -0.6361 -0.359 -0.6752 -0.521 -0.5222 -0.6822 -0.3545 -0.6395 -0.6837 -0.1962 -0.7029 -0.7345 0.4128 -0.5387 -0.7348 0.53 -0.4233 -0.7343 0.2726 -0.6217 -0.7351 0.6171 -0.2807 -0.7329 0.1227 -0.6692 -0.7313 0.6708 -0.1233 -0.7351 -0.0381 -0.6769 -0.7329 0.6794 0.0349 -0.7422 -0.2302 -0.6294 -0.7347 0.6489 0.1978 -0.7396 0.5728 0.3533 -0.7385 -0.4097 -0.5354 -0.7451 0.4351 0.5055 -0.7439 -0.5448 -0.3872 -0.7367 0.2786 0.6162 -0.7369 -0.6409 -0.2148 -0.7352 0.1091 0.669 -0.7345 -0.6769 -0.0483 -0.7415 -0.0902 0.6648 -0.7345 -0.6688 0.1151 -0.7353 -0.2813 0.6167 -0.7345 -0.6218 0.2719 -0.7345 -0.4242 0.5297 -0.7345 -0.5387 0.4128 -0.6736 0.012 0.739 -0.6743 -0.2471 0.6959 -0.6803 -0.4402 0.586 -0.6818 -0.571 0.4573 -0.6818 -0.6638 0.3074 -0.6818 -0.7181 0.1396 -0.6818 -0.7307 -0.0363 -0.68 -0.7004 -0.2168 -0.674 -0.6138 -0.4112 -0.6797 -0.4646 -0.5676 -0.6814 -0.3038 -0.6659 -0.6755 -0.0965 -0.731 -0.6787 0.1256 -0.7236 -0.6815 0.3066 -0.6645 -0.6818 0.4574 -0.571 -0.6803 0.5861 -0.4401 -0.6756 0.6926 -0.2529 -0.6801 0.7323 -0.0348 -0.6748 0.7139 0.187 -0.6794 0.628 0.3796 -0.6723 0.4931 0.5522 -0.6718 0.2752 0.6878 -0.5022 -0.4407 0.7441 -0.5349 -0.4889 0.6891 -0.43 -0.5835 0.689 -0.6196 -0.3757 0.6891 -0.3608 -0.5753 0.7341 -0.6199 -0.2497 0.7439 -0.3086 -0.6559 0.6889 -0.6807 -0.2483 0.6892 -0.2242 -0.644 0.7315 -0.1756 -0.7034 0.6888 -0.7171 -0.1105 0.6881 -0.6707 -0.0417 0.7406 -0.0758 -0.6748 0.7341 -0.0358 -0.7242 0.6887 -0.7259 0.0386 0.6867 0.0766 -0.6772 0.7318 0.1054 -0.7175 0.6885 -0.6575 0.1512 0.7381 -0.7035 0.1809 0.6873 0.2257 -0.6395 0.7349 0.2426 -0.6836 0.6884 -0.5793 0.3352 0.743 -0.6543 0.3146 0.6877 0.3707 -0.6236 0.6882 -0.5806 0.4356 0.6879 0.3651 -0.5745 0.7326 0.4848 -0.5399 0.6881 -0.4435 0.5018 0.7427 0.4837 -0.4829 0.7299 -0.4848 0.5399 0.6881 0.5806 -0.4356 0.6879 0.5743 -0.3674 0.7316 -0.3707 0.6236 0.6882 -0.2936 0.6116 0.7347 0.6543 -0.3146 0.6877 0.6406 -0.2288 0.733 -0.2426 0.6836 0.6884 0.7035 -0.1809 0.6873 -0.1451 0.6649 0.7327 0.6738 -0.0763 0.735 -0.1054 0.7175 0.6885 0.0133 0.6779 0.735 0.7259 -0.0386 0.6867 0.6723 0.0885 0.735 0.0358 0.7242 0.6887 0.1977 0.6394 0.743 0.7171 0.1105 0.6881 0.6177 0.2647 0.7405 0.1756 0.7034 0.6888 0.6807 0.2483 0.6892 0.3086 0.6559 0.6889 0.6196 0.3757 0.6891 0.3837 0.5515 0.7407 0.5254 0.4281 0.7353 0.43 0.5835 0.689 0.5349 0.4889 0.6891 -0.7309 0.0012 0.6824 -0.7108 0.1629 0.6843 0.427 -0.6018 0.6749 0.5776 -0.4507 0.6806 0.3828 0.6251 0.6803 0.1958 0.7108 0.6756 -0.7091 -0.2009 0.6759 -0.0015 0.7317 0.6816 0.2481 -0.6878 0.6821 0.5193 0.512 0.6842 0.0822 -0.7267 0.682 -0.6081 -0.4186 0.6745 -0.1698 0.7101 0.6833 0.6165 0.387 0.6857 -0.0814 -0.7249 0.6841 -0.4381 -0.5933 0.6753 -0.3244 0.6547 0.6828 0.6903 0.2397 0.6827 -0.249 -0.6894 0.6803 0.7262 0.0765 0.6832 -0.4591 0.5674 0.6836 0.7253 -0.0876 0.6828 -0.6589 0.3156 0.6828 -0.5697 0.4533 0.6855 0.684 -0.273 0.6765</float_array><technique_common><accessor count="4490" source="#base_link-mesh-slim-nrm-array" stride="3"><param type="float" name="X"/><param type="float" name="Y"/><param type="float" name="Z"/></accessor></technique_common></source><source id="base_link-mesh-slim-pos"><float_array count="13470" id="base_link-mesh-slim-pos-array">-194 65.94349 125.6163 -193.9999 92.47085 138.4447 -194 2.15131 63.51099 -194 22.18504 70 -194 14.15131 57.51099 -194 25.41071 89.22434 -194 43.97846 85.58943 -194.0044 -89.63624 154.1387 -194.0018 -88.07492 159.6107 -194.0006 -90.99085 148.1737 -194 45.55077 105.9727 -194 64.57942 105.9458 -194 64.65503 124.0883 -194 27.09252 78.5 -194 36.90748 78.5 -194 -57.81936 162.9871 -194 -67.97599 157.6896 -194.0001 -92.00708 142.1633 -194 44.34736 84.78353 -194 65.56906 105.1956 -194 65.60514 124.8184 -194 45.30423 84.06818 -194 -31.41391 164.7045 -194 -11.97599 157.6896 -194 -8.69826 165.4214 -193.9999 -92.53284 113.2634 -194 -67.97599 82.68962 -194 -28.19754 10.15986 -194 -32.13489 35.05081 -193.9984 -91.59248 105.2665 -193.9999 -90.17884 96.8096 -194 -13.84869 32.51099 -193.9999 -88.41787 88.51456 -193.9998 -86.04238 79.15875 -193.9989 -83.1211 69.21875 -194 27.09252 61.5 -194 1.538365 151.5803 -194 2.724226 152.4107 -194 41.81496 70 -194 1.03141 150.4758 -194 23.53129 50.04737 -194 13.88133 165.3013 -194.0002 92.91603 118.5363 -193.9995 -79.52344 58.29687 -194 -13.55388 9.730398 -194 -1.84869 26.51099 -194 31.41302 164.7046 -194 23.97574 152.4686 -194 32.03129 54.95485 -194 36.90748 61.5 -194 64.35932 84.04373 -194 1.045903 129.478 -194 25.08019 151.9617 -194 65.91877 104.355 -194 92.35523 111.4981 -194 25.66506 151.25 -194 23.53129 40.23242 -194 14.15131 32.51099 -194.0001 91.39064 103.9297 -194 25.97128 150.4349 -194 40.53129 50.04737 -194 3.173349 9.606283 -194 2.15131 26.51099 -194.0012 90.04077 96.10337 -194 32.03129 35.32494 -193.9999 88.14759 87.36264 -194 1.507047 128.4706 -194 2.25 127.8349 -194 2.038383 111.5803 -194 65.20591 84.4377 -194 65.87031 85.38648 -193.9998 85.76502 78.13588 -194 2.75 112.1651 -194 2.978122 127.5459 -194 24.22417 9.998113 -193.9999 82.79216 68.13566 -194 3.565076 112.4713 -193.9999 79.18103 57.31021 -194 1.545905 110.522 -193.9995 75.03662 45.99878 -193.9957 70.38487 34.24708 -194 40.53129 40.23242 -194 50.6867 11.2954 -194 64.86081 21.13953 -194 -11.97599 82.68962 -194 44.7891 145.6342 -194 57.81935 162.9872 -194 44.03903 144.6446 -194 45.58726 145.9726 -194 25.9541 129.478 -193.9999 -75.16104 46.34112 -194 -40.63489 49.77325 -194 -70.32089 34.10389 -194 23.97574 127.5314 -194 23.5219 112.4541 -194 1.52872 89.56497 -194 24.52927 111.9931 -194 25.02931 128.0069 -194 1.834936 88.75 -194 -32.13489 54.68073 -194 2.419802 88.03835 -194 3.524173 87.53141 -194 64.35835 145.9819 -194 44.01456 125.5895 -194 25.66506 128.75 -194 65.24207 145.5763 -194 44.38336 124.7837 -194 25.16506 111.25 -194 -64.86193 21.1421 -194 -40.63489 39.95829 -193.9987 88.07389 159.6145 -194 25.46858 110.4759 -194 65.92519 144.5854 -194 -50.68393 11.29525 -194 -23.63489 49.77325 -194 -13.84869 57.51099 -193.9954 89.21115 155.7555 -194 -1.84869 63.51099 -194 44.75316 105.6343 -194 44.00291 104.6445 -194 45.34018 124.0682 -193.9999 90.55947 150.2551 -194.0018 91.69785 144.2427 -194 23.52196 87.5459 -194 24.58021 88.03836 -194 -23.63489 39.95829 -137.2056 -16.33566 223 -134.1048 -15.50482 223 -137.3629 -13.24494 223 -137.9609 -8.40384 223 -137.8635 -6.62928 223 -137.9916 2.60303 223 -138.1694 2.083825 223 -137.8109 10.22498 223 -137.4012 13.21576 223 -134.1048 15.50482 223 -137.2056 16.33566 223 -114.6978 8.370553 223 -114.5412 10.26275 223 -116.4206 10.76635 223 -137.0799 16.30374 227.9996 -134.1048 15.50482 228 -137.0799 -16.30374 227.9995 -134.1048 -15.50482 228 -109.013 39.66115 228 -122.2147 44.33628 228 -108.3268 41.48862 228 -120.863 47.87616 228 101.7674 -73.11569 20.79065 102.363 -64.35885 20.9435 97.3743 -69.41608 20.85523 96.8851 -72.51473 20.80155 70.51173 -81.59975 20.64256 70.83087 -80.65705 20.65901 67.7167 -83.7948 20.60424 67.71437 -84.27562 20.59585 65.20774 -87.22566 20.54436 64.47126 -87.62015 20.53747 73.57003 -79.22653 20.68398 73.8986 -78.04431 20.70462 63.01858 -90.41841 20.48863 61.24496 -92.00495 20.46093 76.85668 -77.18126 20.71968 78.50527 -74.89321 20.75964 61.17024 -93.81986 20.42926 57.96062 -97.06698 20.37258 80.33663 -75.48574 20.74928 59.6824 -97.39377 20.36687 83.97281 -74.15798 20.77245 83.35345 -72.56124 20.80033 87.05053 -71.26423 20.82296 58.57094 -101.102 20.30214 50.59003 -101.3202 20.29834 87.72647 -73.21215 20.78896 92.46373 -69.98436 20.84534 91.55764 -72.65834 20.79863 97.37427 69.41608 20.85523 97.92897 72.61457 20.7994 94.05934 72.51181 20.80119 92.56036 69.97333 20.84548 57.96069 97.06687 20.37258 58.57094 101.102 20.30214 50.59003 101.3202 20.29834 60.01763 96.40057 20.38495 101.7674 73.11569 20.79065 61.24503 92.00485 20.46094 102.363 64.35885 20.9435 62.32662 91.59619 20.46807 64.39804 88.32585 20.52515 64.47133 87.62007 20.53747 66.79553 85.28649 20.57821 67.71676 83.79474 20.60424 69.49357 82.51052 20.62666 70.83092 80.65699 20.65901 72.4634 80.02749 20.67 73.89866 78.04428 20.70462 75.67334 77.86388 20.70777 76.94036 75.89585 20.74212 79.08922 76.04272 20.73956 80.0881 74.07483 20.77391 82.67461 74.58341 20.76503 83.35356 72.56119 20.80033 86.39133 73.50151 20.78391 87.05083 71.26419 20.82297 90.19976 72.8085 20.79601 -96.09027 -69.53068 20.85322 -100.8892 -64.3974 20.94283 -100.6041 -72.92111 20.79404 -96.75186 -72.54094 20.80068 -92.07497 -70.06272 20.84393 -92.88093 -72.55992 20.80035 -89.0326 -72.97785 20.79305 -86.95645 -71.29267 20.82247 -85.24784 -73.79026 20.77887 -83.29412 -72.58364 20.79994 -81.56697 -74.98854 20.75796 -80.0445 -74.095 20.77355 -78.02923 -76.55986 20.73053 -76.89057 -75.92795 20.74156 -74.67231 -78.48754 20.69688 -73.89038 -78.05094 20.7045 -71.53199 -80.75103 20.65737 -70.82734 -80.65953 20.65897 -68.64171 -83.32624 20.61242 -67.7126 -83.79908 20.60417 -66.03231 -86.18568 20.56251 -64.46113 -87.63315 20.53725 -63.73155 -89.29893 20.50817 -61.24026 -92.01213 20.46081 -61.76401 -92.63282 20.44997 -59.7888 -97.01869 20.37409 -57.96069 -97.06687 20.37258 -58.57094 -101.102 20.30214 -50.59003 -101.3202 20.29834 -96.0903 69.53068 20.85322 -96.37254 72.49738 20.80179 -100.6041 72.92111 20.79404 -100.8892 64.3974 20.94283 -91.89034 70.09082 20.84347 -91.55764 72.65834 20.79863 -87.72647 73.21215 20.78896 -86.9562 71.29268 20.82247 -83.97281 74.15798 20.77245 -83.29409 72.58365 20.79994 -57.96062 97.06698 20.37258 -58.57094 101.102 20.30214 -59.6824 97.39377 20.36687 -61.17024 93.81986 20.42926 -80.04448 74.095 20.77355 -80.33663 75.48574 20.74928 -61.24019 92.01221 20.46081 -63.01858 90.41841 20.48863 -76.89057 75.92794 20.74156 -76.85668 77.18126 20.71968 -64.46107 87.63323 20.53724 -65.20774 87.22566 20.54436 -67.71437 84.27562 20.59585 -73.89032 78.05099 20.7045 -73.57003 79.22653 20.68398 -50.59003 101.3202 20.29834 -70.8273 80.65958 20.65897 -70.51173 81.59975 20.64256 -67.71253 83.79915 20.60417 -114.5412 10.26275 228 -113.6659 17.80991 228 -116.4206 10.76635 228 -114.5856 18.05959 228 -113.3343 24.72522 228 -128.1759 21.70111 228 -111.6956 31.30633 228 -126.7896 28.71246 228 -135.9356 23.78033 228 -109.6752 37.78043 228 -125.02 35.63703 228 -122.8726 42.45388 228 78.56663 71.17905 3e-06 72.31223 77.54907 9e-06 83.4683 82.73632 0 82.52455 83.74132 0 84.63235 81.99759 0 81.86037 84.94945 0 84.63235 91.95069 0 83.4683 91.21196 0 74.87683 100.5813 -2e-06 85.94355 92.37672 0 72.64461 96.17436 0 73.51511 94.94914 0 85.94355 81.57157 0 92.30134 85.60634 0 92.47414 86.97414 0 101.6519 75.37357 -0 91.79383 84.3245 0 90.98346 83.20912 0 89.92118 82.33033 0 65.51308 83.3501 2e-06 59.52646 87.72588 2e-06 68.09957 92.32472 0 81.5175 86.2848 0 69.0986 91.29528 0 72.00342 91.09808 0 87.31948 92.46328 0 92.30506 99.74998 5.8e-05 88.67373 92.20495 0 89.92118 91.61795 0 92.30134 88.34193 0 91.79383 89.62378 0 100.228 91.82666 0.000279 70.45545 90.82968 0 67.69303 93.77136 0 99.52185 94.04328 0.000914 83.3501 65.51307 3e-06 87.31948 81.485 0 73.15132 92.0685 0 81.5175 87.66347 0 90.98346 90.73915 0 98.8049 95.34091 -0.000626 54.59403 90.85974 0 60.71923 101.0538 0 96.21401 98.05757 0 88.67373 81.74333 0 97.57894 96.88446 -8e-06 81.86037 88.99882 0 73.71939 93.46002 0 69.15267 96.42639 0 68.05809 95.29941 0 70.15113 96.78654 0 71.27786 96.79981 0 82.52455 90.20697 0 90.85974 54.59403 0 87.72587 59.52646 3e-06 102.5844 61.6389 0 -73.14032 -95.60303 0 -74.66587 -100.589 -2e-06 -73.62164 -94.65699 0 -82.15445 -84.3245 0 -82.96482 -83.20912 0 -72.31223 -77.54907 9e-06 -84.02709 -82.33033 0 -72.328 -96.38405 0 -70.97106 -96.84968 0 -82.96482 -90.73915 0 -81.64693 -85.60634 0 -85.27455 -81.74333 0 -78.56663 -71.17905 4e-06 -82.15445 -89.62378 0 -73.64808 -93.08616 0 -94.19377 -98.99533 0.0009 -95.75727 -98.08382 0.000656 -90.47998 -91.21196 0 -71.58156 -90.94613 0 -97.12084 -96.91217 7.6e-05 -91.42373 -90.20697 0 -98.53392 -95.08895 0.003093 -99.2573 -93.58858 0.000183 -86.62879 -81.485 0 -69.42312 -96.58128 0 -65.51308 -83.3501 2e-06 -91.95325 -99.76002 0.000368 -89.31592 -91.95069 0 -70.14868 -90.87955 0 -92.08792 -88.99882 0 -99.84219 -91.45938 4.4e-05 -83.3501 -65.51307 3e-06 -88.00473 -81.57157 0 -101.0899 -60.74244 1e-06 -81.64693 -88.34193 0 -68.78191 -91.50501 0 -88.00473 -92.37672 0 -92.43077 -87.66347 0 -59.52646 -87.72588 2e-06 -67.91141 -92.73033 0 -86.62879 -92.46328 0 -72.86814 -91.72233 0 -87.72587 -59.52646 3e-06 -92.43077 -86.2848 0 -67.70718 -94.21944 0 -60.71923 -101.0538 0 -85.27455 -92.20495 0 -54.59403 -90.85974 0 -81.47414 -86.97414 0 -92.08792 -84.94945 0 -90.85974 -54.59403 0 -84.02709 -91.61795 0 -91.42373 -83.74132 0 -90.47998 -82.73632 0 -68.27529 -95.61093 0 -89.31592 -81.99759 0 -101.94 -45.95672 8.972284 -140 -51.507 9.950806 -140 -24.84509 8.621175 -101.9387 45.99565 9.001983 -102.2404 26.09523 8.023137 -140 29.06655 8.804089 -140 51.50714 9.950787 -123.7821 41.94174 208.5565 -140 51.54559 210.0472 -139.9999 25.09175 211.3721 -125.4998 36.36209 209.0601 -121.2299 48.85161 207.8805 -95.55811 44.21342 204.967 -98.5914 37.40229 205.6971 -93.33153 48.46054 204.4703 -51.87959 83.61379 129.9768 -55.86029 82.18558 102.9395 -140 92.71708 103.4499 -54.47175 82.81423 108.3939 -53.36139 82.52975 142.9893 -54.56745 81.78273 147.7557 -53.37845 83.26659 113.5163 -51.98407 83.69313 124.769 -52.47309 83.58583 119.3056 -140 91.35754 95.64991 -52.63531 83.00462 138.9672 -79.64356 64.4043 193.3711 -140 72.40219 194.7518 -140 68.16634 200.9226 -77.12361 66.36921 189.8758 -74.61728 68.2807 186.3021 -140 76.27613 188.6121 -72.56379 69.8199 183.2813 -58.00166 81.13532 95.8331 -69.85181 71.77953 179.1866 -140 80.11711 181.8673 -65.98206 74.48311 172.945 -140 83.41775 175.3083 -140 89.5595 87.34204 -52.14891 83.35312 135.0019 -62.66267 76.6994 167.0901 -140 86.23146 168.867 -60.30429 78.2317 162.4439 -140 88.59756 162.4855 -60.67265 79.71537 88.03236 -58.22182 79.55095 157.8886 -140 90.54629 156.1057 -140 87.278 78.44139 -56.19044 80.79618 152.7582 -140 92.09819 149.6722 -63.9132 77.80632 79.23174 -140 84.45772 68.84678 -140 93.26513 143.1302 -67.24127 75.68212 70.68133 -140 93.98944 137.1049 -140.0001 94.40259 130.9082 -140 81.03084 58.4372 -71.46697 72.65222 59.92313 -140 94.497 124.4863 -140 76.91333 47.06467 -140 71.70002 33.8089 -140 94.26033 117.8092 -80.31108 64.98619 36.75085 -140 93.67481 110.815 -90.39777 62.23825 26.94882 -140 65.79622 19.81426 -100.7242 62.80699 25.05449 -101.1354 60.13554 18.77909 -75.91992 69.05525 48.49799 -83.46066 61.80906 28.1141 -55.48047 -82.35939 104.375 -52.75376 -82.92351 139.74 -140 -91.10704 94.38428 -51.82371 -83.65483 129.2457 -53.75106 -82.29128 144.6413 -63.75815 -77.92034 79.6788 -53.93655 -83.04091 110.7705 -140.0025 -93.66649 110.6912 -64.63728 -75.39826 170.6205 -140 -83.58668 174.9474 -140 -86.16952 169.0202 -61.62641 -77.38485 165.0785 -56.85114 -80.38304 154.5454 -52.93428 -83.43142 116.0561 -139.9993 -94.33758 119.142 -52.15978 -83.3365 135.2294 -55.09389 -81.46267 149.5033 -140 -91.69079 151.535 -140 -90.19655 157.3572 -140 -94.50421 125.9316 -60.15896 -80.00629 89.50807 -100.7241 -62.80596 25.05465 -140 -65.79621 19.81425 -101.1356 -60.13441 18.77645 -90.47343 -62.24232 26.93584 -139.9995 -72.86381 36.60309 -83.37453 -61.81381 28.11961 -79.14476 -66.1104 39.90764 -52.30068 -83.63608 120.8671 -68.16326 -72.98963 176.4868 -140 -80.57678 181.0032 -75.02497 -69.81774 50.85356 -140 -79.33412 53.62918 -71.71932 -72.4652 59.30061 -140 -83.27407 65.12674 -68.86373 -74.55187 66.54987 -66.79856 -75.96973 71.81587 -140 -86.50296 75.68164 -139.9993 -94.33926 132.3779 -140 -89.10111 85.43927 -59.02565 -79.04057 159.7205 -140 -88.36344 163.1711 -72.25489 -70.04187 182.8251 -140 -77.08996 187.2458 -57.47295 -81.40818 97.55213 -140.0011 -93.68261 140.0328 -76.32504 -66.99288 188.7457 -140 -72.85232 194.0657 -79.6438 -64.40065 193.374 -140 -68.16213 200.9289 -139.9959 -92.64942 103.0078 -140.0039 -92.86328 145.6484 -96.70222 -41.81805 205.2336 -140 -51.54608 210.0471 -93.38426 -48.40201 204.5019 -98.78544 -36.94453 205.747 -140 -26.92833 211.2843 -140 13.5486 8.34305 -102.3592 7.697348 7.595703 -140 -3.182463 8.219138 -102.3612 -7.071289 7.589123 -102.2702 -21.85044 7.893312 -100.32 -32.84749 206.1419 -101.8173 -28.20337 206.5321 -136.4093 -24.52472 210.9207 -103.7118 -20.76114 207.0284 -137.4744 -17.71833 211.2617 -140 -11.96587 211.6921 -138.2992 -8.943711 211.5285 -138.5787 -1.69526 211.6184 -140 4.704065 211.7792 -138.5045 4.830276 211.5946 -138.1209 11.36579 211.4712 -137.422 17.94525 211.2464 -136.4093 24.52472 210.9207 -128.6775 22.48485 210.039 -127.482 28.6693 209.667 -104.5566 -16.12251 207.2502 -90.73377 51.97102 202.104 -82.06536 61.92171 195.152 -85.13462 58.61985 197.4937 -83.60391 -60.31763 196.2976 -90.6757 -52.04246 202.0529 -21.61884 -102.3794 9.975789 -21.99234 -101.4322 28.13575 -39.02674 -101.2246 27.21712 -50.78573 -101.0027 26.26028 -44.73047 -101.9997 10 -58.53331 -101.1277 19.99976 -67.82511 -101.3496 10 -90.12458 -99.96476 20.00001 -90.91107 -100.4327 10.00008 -99.94567 -90.29924 20 -100.4291 -90.96189 10.02648 -101.2695 -70.5386 9.991243 -100.6455 -72.9274 20 -100.6828 -64.4207 24.86045 -97.02203 -97.02338 20.00006 -98.21627 -95.57852 19.99773 -99.09014 -94.02003 19.99196 -99.58103 -94.54144 9.961268 -100.2183 -92.58368 10.04887 -99.64912 -92.3507 19.99967 -96.23437 -98.60961 10.02751 -95.37358 -98.34465 19.99863 -98.73226 -96.04703 10.06461 -97.59747 -97.44269 10.01422 -93.87844 -99.14857 19.99618 -94.66063 -99.52459 10.02633 -92.80685 -100.1656 10.01547 -92.09456 -99.71176 19.99768 105.0075 5.20901 10.04523 104.0731 0.921863 28.08786 101.8296 73.12799 20 100.3531 90.82537 19.99998 102.0949 76.5196 9.990437 100.6669 92.51112 9.994126 104.9137 -14.8603 10.01543 103.9942 -13.04815 27.9493 102.7696 53.38617 25.69355 102.1704 64.37644 24.58563 103.7221 -27.66431 27.44854 104.5461 -30.48761 10 103.2928 -41.27527 26.65097 103.4907 55.33982 9.999641 103.9992 -45.22895 9.986994 103.4083 38.28381 26.8729 102.7854 -53.13333 25.71343 102.1704 -64.37623 24.58565 102.8612 -65.75679 10.03993 104.4047 35.18373 10.00783 101.8371 -73.12975 20 103.939 17.4774 27.84646 100.9094 -90.84293 9.963209 100.1682 -92.11743 19.99912 104.8043 20.32682 10 74.6826 -100.5878 20 92.45583 -100.3199 10.00897 90.85948 -99.91047 19.99999 68.11235 -101.3398 10 58.56705 -101.118 20 50.78696 -101.0029 26.25561 39.78122 -101.2118 27.15967 44.87413 -101.9965 10 21.71532 -102.373 10.1018 22.09111 -101.4288 28.14093 99.5334 -94.02104 20.00115 97.61442 -97.83004 10.03393 96.20859 -98.89956 10.07587 94.52877 -99.75357 9.921582 93.11589 -99.55753 19.98755 95.30488 -98.66784 19.99615 100.4497 -93.36215 10.03477 98.80187 -95.33776 19.99973 97.3648 -97.1186 20.00006 98.7301 -96.62444 10.02039 99.63722 -95.26812 10.04921 21.70005 102.3751 10.10478 21.99271 101.4323 28.13536 35.71607 101.2696 27.42203 50.76795 101.0091 26.27977 44.87413 101.9965 10 58.56705 101.118 20 68.11235 101.3398 10 69.33309 100.7735 20 91.77613 99.86277 20.00026 91.34151 100.4131 9.999939 99.89343 93.08375 19.98762 98.90679 95.22631 19.99623 97.98973 97.46782 10.02229 99.08723 96.15121 10.07851 97.2574 97.22179 19.9999 100.0402 94.46672 9.959146 93.32155 100.1411 10.04369 94.05255 99.24951 19.99995 95.42157 98.56923 19.99984 96.70184 98.56047 10.02513 95.3194 99.39678 10.05006 -100.6829 64.42044 24.86046 -101.3056 69.41573 9.997072 -100.6457 72.8963 19.99965 -99.8542 91.5512 20.00025 -100.4311 90.92205 9.999306 -75.1625 100.5711 20 -90.94738 100.4308 10.03046 -91.92427 99.76037 20.00239 -67.82511 101.3496 10 -58.56705 101.118 20 -50.78653 101.0027 26.26031 -35.43775 101.2823 27.46725 -44.73047 101.9997 10 -21.68362 102.375 10.04292 -94.45035 99.62255 9.926234 -97.04856 96.99359 20.00029 -95.62151 98.1874 19.99886 -98.60692 96.2377 10.02495 -98.34465 95.37615 19.99796 -99.13439 93.92157 19.99696 -92.56227 100.2216 10.0379 -95.99606 98.76847 10.05548 -94.12068 99.04478 19.99529 -97.4385 97.60248 10.01528 -99.53941 94.63065 10.03777 -100.1645 92.81354 10.01429 26.6129 100.3395 28.11826 -16.47983 -103.3613 10.14174 79.93882 -58.1295 163.5715 75.46598 -63.82901 163.5715 75.09545 -63.51562 150.0909 -22.26166 97.75613 86.64942 -16.18348 98.45403 95.23539 -28.61963 95.91626 89.55376 70.58763 -69.18556 163.5715 70.24105 -68.84587 150.0909 -11.20167 100.227 76.84356 -9.034321 -104.268 9.99704 -11.95105 -103.7184 15.89327 -5.199074 100.9904 72.2488 -87.86338 -57.1524 203.0416 2.840165 -102.9616 42.15015 -9.677227 101.5992 57.72312 -19.61959 99.36462 70.03799 -14.87247 100.9959 57.16506 -79.94073 -67.34005 201.9773 -83.27163 -63.88752 203.6149 80.66194 -58.65533 175.2097 83.98217 -52.11766 163.5715 84.74185 -52.58911 175.2097 14.77683 101.5107 49.04705 7.8555 102.7242 41.80778 0.653831 103.0341 41.56571 7.728967 102.1358 51.55505 22.53014 -100.2043 47.20135 13.80682 -101.8873 45.16891 65.00925 -73.80622 150.0909 59.42815 -78.36998 150.0909 64.99253 -73.78723 134.3004 59.41287 -78.34983 134.3004 -32.85934 94.98031 82.68093 -0.681448 -103.9533 25.40012 100.6553 -19.23555 193.6165 102.5933 -22.99222 204.3725 10.8949 103.0506 31.26249 98.97581 -26.55707 193.6165 17.92039 -101.5756 39.67851 -25.37767 97.35344 81.10399 92.67263 -40.144 185.3178 88.36645 -46.24032 175.2097 91.51625 -39.64308 175.2097 -28.54965 96.98184 72.97501 5.263771 -104.5293 10.08743 10.87379 -104.0764 10 12.00412 -103.6642 16.93453 1.954788 103.7623 28.50295 -2.630058 103.3713 35.14493 4.983045 103.3275 34.68042 -37.95892 92.32186 94.52341 -44.9807 89.27811 91.88385 96.76454 -33.73589 193.6165 97.54355 -26.17276 185.3178 -48.77582 87.13407 94.02361 95.36429 -33.2477 185.3178 16.34721 -103.3811 10.1468 -22.06645 99.70924 56.51585 0.585291 104.992 203.7546 5.458876 105.0369 204.4832 0.694031 103.3371 197.432 8.624787 104.7468 204.1949 7.506623 102.2015 193.6165 53.51398 -82.49145 134.3004 47.32755 -86.18984 134.3004 53.78746 -82.91301 115.4013 -4.521038 104.8688 203.6944 47.56941 -86.63031 115.4013 -40.36103 92.14411 80.99239 -34.09244 94.02782 90.9577 -33.88959 95.79196 64.67214 -37.63196 94.25351 66.63967 -1.120352 102.4953 193.6529 -47.08988 89.34462 74.76865 -51.94649 86.12658 81.30854 79.54634 -57.84409 150.0909 87.57426 -45.82579 163.5715 -9.726672 104.3119 202.883 -6.288127 102.5803 195.0322 -42.96427 91.42333 74.29706 70.22299 -68.82817 134.3004 -8.405772 102.5352 44.33688 -12.63886 102.8046 32.15381 -18.55507 101.8311 33.43926 101.7939 -11.81068 193.6165 -42.92977 92.06969 65.18044 -22.31927 101.3985 28.11698 94.17431 -32.83283 175.2097 -28.87955 99.72595 28.11625 -11.89586 102.0246 194.7976 -51.74033 85.3347 94.9065 -56.72932 82.91083 83.45434 -6.048113 103.5246 29.77886 -1.773784 101.3647 187.7452 -49.19933 89.3179 59.08169 -51.33342 87.78808 63.2876 -45.85791 91.14067 58.0152 -7.462153 101.3345 188.9955 34.40133 -92.651 115.4013 35.65463 -93.51523 90.06775 41.49057 -91.09698 89.32273 -4.814909 104.1733 18.34331 41.09578 -89.88212 115.4013 99.1987 -18.9572 185.3178 -12.2002 103.624 17.22479 -39.38849 94.04217 59.25391 -61.01703 80.73374 71.48471 -42.79737 93.60037 43.63884 59.71649 -78.75023 115.4013 83.56983 -51.86177 150.0909 -55.27225 85.14286 66.26557 -16.32037 101.0891 193.2355 -35.3612 96.91773 39.50224 -11.09944 100.9764 188.9429 90.69583 -39.28769 163.5715 75.07614 -63.49929 134.3004 -45.41139 92.0503 48.07924 -49.16223 90.3834 44.2607 -45.95115 93.07495 28.11847 102.3856 -4.322347 193.6165 -38.09803 96.5809 28.11819 -21.86152 -96.47858 112.8661 -22.51423 -95.71675 134.3004 -28.856 -94.02009 132.1628 -34.30704 -92.28983 127.3684 -29.12785 -94.39912 116.1456 96.32638 -25.84617 175.2097 -34.12478 -93.15431 106.6085 -27.39027 -95.67079 100.2517 -41.29038 -91.44916 85.34387 -45.85254 -89.34922 83.86687 -43.38903 -91.32043 72.74805 -21.743 -97.38932 95.05764 -36.13875 -93.04893 94.25185 -32.75141 -94.98481 83.13464 -29.36136 -97.16518 66.30458 -36.92419 -94.29125 70.09238 48.08441 -87.80342 89.26004 -63.35973 -80.78998 47.65006 -56.36071 -86.11708 43.56386 -57.91428 -84.18356 55.46619 -50.81765 -89.14893 48.54809 -61.81076 -82.57315 39.66525 -22.75109 -98.20719 77.5242 100.3208 -11.63977 185.3178 -45.94219 -90.92805 60.56705 -41.9279 -92.82144 60.98224 65.32467 -74.16432 115.4013 -37.89654 -95.12689 52.07307 -33.03866 -96.38215 60.32356 -49.25115 -88.34486 72.20549 87.14429 -45.60079 150.0909 -18.50629 -98.72297 83.65989 -14.59982 -98.89867 91.94232 93.33007 -32.53849 163.5715 -46.70699 90.36802 189.6398 -47.38608 88.83448 183.1809 -40.89141 92.83452 188.1094 -45.19915 89.60697 180.6372 -59.45993 86.33144 203.1477 -58.2279 84.12715 192.7304 79.52588 -57.82922 134.3004 -58.05318 -86.06356 28.11861 -64.25591 -81.10454 34.16918 -51.93309 -89.88247 28.11718 -50.75316 86.94537 183.0276 -29.79762 -97.93685 52.61643 -23.45788 -99.72856 51.21268 -52.51056 87.45387 191.1047 -53.83438 85.57117 185.8662 104.5324 6.875775 202.88 102.4271 3.189208 193.6165 -22.88053 -98.8729 66.68666 -18.78632 -100.1663 59.92208 -66.96634 80.79427 203.5976 -64.6593 79.77948 194.574 97.96088 -18.72064 175.2097 -27.45441 -99.27854 42.08511 -33.7779 -97.2396 43.21277 -15.78164 -101.3421 49.33661 -26.98729 -100.2389 28.11824 -33.69414 -98.18811 28.11801 55.16786 -83.58753 88.88597 -39.56973 -95.97254 28.11648 36.43432 -95.89569 49.08745 30.679 -98.18692 44.45287 43.31957 -93.08598 47.62753 100.904 -4.259799 185.3178 -58.76957 82.62825 187.8899 38.42497 -95.71968 39.67851 39.17307 -96.12329 28.11826 36.15589 -97.30813 28.11729 -69.44787 78.8298 204.0453 -67.93793 77.2811 195.5658 29.71555 -99.46624 28.11826 70.58187 -69.17991 115.4013 -12.1283 99.59421 180.5447 -8.688684 99.79331 179.4002 -10.05268 98.54683 167.1685 -21.87758 97.03347 172.397 -16.17209 97.79524 168.2668 -21.76312 96.42645 163.6199 -40.74151 90.65092 171.4643 -45.95351 88.21485 172.3663 90.25052 -39.09479 150.0909 -36.56766 93.42213 180.5492 -34.55761 93.58061 175.2494 -61.61377 80.79887 189.1023 7.372347 98.65255 112.8374 15.05941 97.7826 112.5908 21.56341 96.4504 115.4013 9.758909 98.84439 104.0611 17.72954 97.74267 103.7992 95.46284 -25.61447 163.5715 -54.48529 82.66638 166.342 -57.00732 81.31729 170.3191 -49.92751 85.52904 166.9622 -65.54376 77.79165 189.7206 -44.13492 88.64376 166.5905 -50.95449 85.70607 174.9626 -80.11559 -66.01255 28.11762 7.120906 99.39799 97.49401 15.36546 98.52983 96.25023 83.54833 -51.84843 134.3004 -73.0986 72.14258 194.6669 21.73283 97.63239 90.73379 28.90087 95.70523 91.69689 26.56576 96.97983 81.79624 -72.84327 75.58752 203.6544 101.9183 10.68363 193.6165 -69.1856 75.24786 192.3126 2.855682 99.94593 91.43091 1.380893 98.82429 115.5437 103.0924 17.35335 202.0212 0.194878 99.28707 104.8458 99.06903 -11.49452 175.2097 -3.415244 99.61243 97.17926 7.926309 100.4038 79.2537 60.40668 -79.66041 91.69689 30.85099 97.54476 53.78438 22.31387 99.96378 51.58798 26.97065 98.28742 59.78165 3.370196 101.1873 70.47271 -1.389282 101.2123 70.89758 100.9449 3.143058 185.3178 -60.26856 80.4019 181.7048 10.05015 100.7992 69.75127 16.60223 99.64985 74.08856 75.4598 -63.82379 115.4013 26.703 99.46757 42.35951 32.94771 97.50846 43.474 36.45022 95.66875 52.42183 -76.66159 68.70156 195.7599 -78.03893 70.58494 204.6591 -69.02059 74.40811 188.4008 92.87184 -32.37873 150.0909 97.08268 -18.55282 163.5715 17.98894 100.5674 55.8651 33.15509 98.37152 28.11811 87.12188 -45.58906 134.3004 39.16473 96.1404 28.11589 -15.89364 99.30867 81.41204 100.8619 18.12064 193.6165 -16.18938 103.4067 10.21977 101.6077 24.38306 201.859 99.64487 -4.206645 175.2097 -54.27282 87.71171 39.86833 -49.4455 91.26834 28.11772 -15.32122 -97.74783 112.6777 66.07968 -75.02149 91.69689 -29.10029 -95.73211 90.30137 -44.94904 -92.48625 45.15012 100.4435 10.52903 185.3178 79.93229 -58.12475 115.4013 94.99414 -25.48871 150.0909 -15.09752 -99.63145 78.20419 -45.97203 -93.07954 28.11585 -49.31117 -90.59339 39.67704 98.1809 -11.39148 163.5715 -7.487989 -99.5059 95.06305 -8.971111 -100.2285 80.60712 90.22731 -39.08474 134.3004 -41.02974 -94.57259 40.8836 99.26361 25.4603 193.6165 99.85192 30.36154 201.3929 99.68532 3.103838 175.2097 71.39763 -69.97948 91.69689 -7.999127 -102.2132 50.08514 99.40238 17.85842 185.3178 45.84089 -92.39778 39.67851 83.97531 -52.1134 115.4013 45.20046 -93.44418 28.11762 43.6187 -93.8263 34.22255 50.92718 -90.4622 28.11734 29.3095 94.47422 113.1283 24.19082 96.21258 106.6275 96.60602 -18.46173 150.0909 35.65547 93.46961 90.46952 42.99617 90.17678 93.11508 40.15888 92.14251 82.45041 98.75158 -4.168932 163.5715 92.84796 -32.37041 134.3004 23.19277 96.93334 97.32172 31.1657 95.5407 82.9001 99.11871 34.24468 203.2759 97.13191 32.66315 193.6165 99.19015 10.39764 175.2097 41.86199 93.1581 56.41725 16.33043 103.3835 10.14231 -82.10721 65.40666 203.6517 22.82289 98.54956 71.78881 8.997853 104.2739 10.07179 11.91251 103.6455 17.58224 76.33195 -64.56147 91.69689 29.66384 96.76158 71.10317 3.630424 104.5799 10 97.82717 25.09186 185.3178 -86.74578 59.13204 203.7482 -85.03542 62.09871 204.9847 39.49471 95.18567 41.27943 87.56711 -45.82204 115.4013 97.69886 -11.33555 150.0909 -59.31661 83.89103 46.52915 -54.86876 88.11708 28.11876 -60.5531 84.32356 28.11574 98.79166 3.076013 163.5715 -7.445423 -98.69816 111.5905 -9.032578 104.2694 10.01937 94.96971 -25.48215 134.3004 -12.61657 -98.63805 101.69 94.47832 39.6905 193.6165 94.59844 45.03062 202.899 98.16202 17.63558 175.2097 80.85614 -58.79655 91.69689 5.77238 -99.88208 90.359 -1.237571 -100.0729 89.72212 -7.442965 -101.2142 66.85525 95.72634 32.19048 185.3178 -14.3632 -100.888 60.19255 90.68841 -39.28448 115.4013 -52.09144 88.05812 53.44791 -55.58682 86.02724 51.84131 98.26673 -4.148464 150.0909 -1.285712 -102.3152 53.28748 98.30093 10.30443 163.5715 96.58119 -18.45698 134.3004 6.007227 -102.1991 52.55764 91.3171 46.50459 193.6165 50.65065 -89.39541 46.3652 90.95851 51.42638 201.837 56.39701 -85.68679 49.13829 96.60646 24.77876 175.2097 51.58532 -89.49642 37.20548 -59.93703 82.53386 58.85336 49.35211 86.9054 92.25668 53.23476 85.19136 83.42692 36.24297 92.04061 112.9683 84.94587 -52.71572 91.69689 93.11114 39.11614 185.3178 -64.27998 79.82521 50.70722 31.18235 94.50234 100.2608 44.63752 90.06658 82.36814 93.32244 -32.53583 115.4013 -62.37313 81.85782 43.59216 98.30661 3.06091 150.0909 57.33893 85.08565 48.78231 49.9634 89.27235 53.64439 54.01183 86.44268 59.65666 97.28202 17.47748 163.5715 -66.17906 78.91655 42.59284 36.54298 94.50833 69.06952 44.14751 91.44673 65.65166 97.67372 -11.33263 134.3004 -66.02999 80.09297 28.11924 45.25211 92.18218 47.32648 87.60841 57.00598 201.9474 87.66522 53.0688 193.6165 -70.52983 75.16005 41.21574 94.53184 31.78881 175.2097 -72.49756 74.32903 28.11655 46.84331 91.89363 39.67851 -73.54855 72.50804 37.43352 88.5792 -46.35165 91.69689 45.11696 93.49019 28.118 51.00606 90.41282 28.1196 -0.343143 -98.92825 112.7882 -4.945134 -99.25308 103.0096 -77.91836 68.58899 28.11831 -47.12626 -86.24404 143.3008 -42.24069 -88.77239 148.1312 -36.26714 -91.42348 150.0909 8.873525 -99.96981 84.96733 89.99566 45.83163 185.3178 -36.25782 -91.39997 134.3004 -42.37954 -88.69756 135.9896 95.45504 -25.61238 115.4013 13.44281 -99.11054 90.7688 0.44604 -101.0947 72.7892 -48.13095 -85.73628 134.8097 -42.21162 -88.90798 128.8873 7.125804 -100.9213 71.64779 -48.13949 -86.14884 119.6829 97.81829 10.25384 150.0909 -40.14136 -90.01189 123.5707 -42.70405 -89.08671 116.4942 -35.83794 -92.04174 117.1194 -47.47215 -87.25483 103.8984 -50.17666 -85.50286 108.1979 -53.82052 -84.05738 94.63405 -49.89535 -86.59469 92.10501 18.14016 -98.85226 82.62735 -41.22961 -90.23903 106.5389 95.74041 24.55663 163.5715 8.833935 -101.6817 57.56201 98.24147 -4.147398 134.3004 -56.53299 -82.59143 89.66027 -59.69488 -81.63795 72.11833 -54.93908 -84.71052 74.97271 -42.55653 -90.15792 96.76141 83.54232 59.34788 193.6165 82.30628 64.97418 203.246 84.96915 61.70476 203.8611 91.94928 38.62804 175.2097 18.57695 -100.2108 59.83255 -69.14911 -75.78215 49.00682 62.59577 -81.33107 48.30607 -73.79393 -72.07377 39.55914 -57.84023 -83.47106 65.66808 -51.41841 -87.86181 61.87438 91.73657 -39.73852 91.69689 58.38306 -85.03031 39.67851 56.61114 -87.01234 28.1172 63.01828 -82.51391 28.11765 -68.32927 -77.26789 39.63872 61.19587 79.21809 89.32166 86.39663 52.30086 185.3178 -75.87547 -70.37891 33.66005 -74.67659 -72.12509 28.1199 -70.58477 -75.66706 33.83995 -68.50548 -77.98318 28.11929 42.26101 89.44257 113.0467 97.07476 -18.5513 115.4013 37.39554 92.3628 97.71723 -20.80567 -101.2253 36.37395 96.80438 17.39167 150.0909 -11.20738 -102.485 40.58118 93.68438 31.50383 163.5715 -15.44048 -102.6617 27.80686 49.6776 88.1301 71.63054 -4.218873 -103.125 38.5753 98.28134 3.060123 134.3004 56.36369 83.54586 78.0084 -7.787346 -103.2092 33.53326 63.65014 80.56331 47.61057 78.97052 65.30809 193.6165 79.6432 68.04517 202.852 88.87268 45.25973 175.2097 9.191838 -102.8165 38.46342 52.18653 88.70339 43.64002 -7.36679 -103.9027 21.02189 53.78721 88.77585 28.11883 94.40104 -32.91188 91.69689 7.292491 -98.71232 111.676 1.407742 -99.5185 99.9763 -1.801754 -104.6397 10.05708 10.71863 -103.1457 29.77886 82.33338 58.48907 185.3178 27.84014 -96.01914 91.69689 21.25217 -98.91581 71.63862 14.18556 -100.3082 69.40487 98.17288 -11.39055 115.4013 6.658593 -103.8864 22.56649 28.39101 -96.97909 73.47197 16.55535 -102.4494 28.39084 95.27034 24.43606 150.0909 24.00315 -100.5168 36.2654 32.36045 -95.09744 83.4913 91.12498 38.28175 163.5715 97.79314 10.2512 134.3004 22.8873 -99.15818 62.33982 -72.91557 -74.66925 201.3918 -76.05995 -71.75047 202.1389 -74.75457 -70.09452 193.6165 28.2086 -98.35594 53.34504 2.988739 100.8158 184.5837 32.82935 -96.49143 59.75424 -69.41918 -75.38214 193.6165 73.97441 70.91738 193.6165 7.397996 100.7225 185.3178 -69.00202 -78.56932 202.1631 7.305683 99.46569 175.2097 75.05718 73.77688 204.7922 77.43774 71.2414 204.7028 -63.71079 -80.2647 193.6165 85.31855 51.64824 175.2097 68.67405 -76.34084 47.52379 -23.79025 102.536 204.8366 -21.86728 101.2333 198.3423 -60.34892 -85.5871 202.7247 -26.76793 101.7706 204.7314 -68.41463 -74.29129 185.3178 64.92195 -80.1491 39.67851 -57.66009 -84.71601 193.6165 82.85908 -60.25304 51.21268 63.08128 -82.01628 34.22885 -55.04244 -89.13577 202.8658 69.50881 -77.10717 28.11694 -62.78885 -79.10321 185.3178 96.55829 -25.9084 91.69689 -19.3952 99.05256 184.9851 -51.29957 -88.71213 193.6165 -51.10914 -92.50526 206.6839 66.81906 74.36929 91.46404 72.0142 69.36621 91.41731 -32.20262 100.1722 204.6791 -29.25872 98.37671 194.3685 -56.8257 -83.4901 185.3178 -3.127366 100.1873 179.8674 7.240189 98.574 163.5715 -0.468823 99.13042 168.163 77.82775 64.36302 185.3178 98.74351 -4.168592 115.4013 -40.6421 -96.49239 202.6406 -44.66341 -92.23159 193.6165 49.36448 85.79483 111.5014 -28.00052 95.96614 177.6779 -22.20954 98.68033 186.3185 -62.00535 -78.11614 175.2097 -4.343394 99.20788 170.4205 93.22441 31.34915 150.0909 -50.55722 -87.42839 185.3178 63.96759 78.38652 71.61437 -37.78728 -95.2555 193.6165 88.07595 44.85399 163.5715 -36.09826 98.86196 204.7893 -35.8066 95.97177 193.4341 45.06972 88.6417 101.691 -56.11662 -82.44831 175.2097 -39.04114 97.39613 203.5494 -39.85293 95.2442 197.0455 96.77949 17.3872 134.3004 -44.0171 -90.89693 185.3178 -28.69578 97.33805 188.4165 -25.7643 -101.5429 202.8581 -30.70811 -97.76758 193.6165 -3.837562 98.67318 162.0097 65.98585 81.34761 202.8075 68.58084 76.14562 193.6165 71.84984 72.19173 60.81196 68.2845 76.11745 54.38494 -49.92636 -86.33745 175.2097 -43.4462 95.86303 204.7474 -45.283 92.78411 197.05 81.30601 57.75923 175.2097 60.0747 81.40992 71.59472 -37.24047 -93.87707 185.3178 -51.06105 91.73005 203.7702 -48.15347 93.58261 204.7656 -55.61354 -81.70916 163.5715 87.05014 -54.02157 51.21268 74.25984 70.7301 49.50381 57.75515 83.97622 59.9626 -42.89459 92.96431 193.1629 90.03093 -51.65762 28.11885 87.48741 -55.84164 28.1182 -20.05744 -102.8189 202.8763 -23.46395 -99.75435 193.6165 98.19673 -18.76572 91.69689 -43.46784 -89.76271 175.2097 -48.25715 90.97359 195.8878 -30.26374 -96.35282 185.3178 -49.47878 -85.56346 163.5715 -8.769845 98.42402 163.1687 72.90396 69.89115 185.3178 59.79039 84.04668 39.67851 -34.63647 95.07754 186.6602 98.78359 3.075762 115.4013 59.32359 85.17986 28.11735 57.82431 85.80384 34.22379 64.51716 81.32972 28.11715 -15.43146 -104.5386 206.5887 -16.09371 -101.2051 193.6165 -53.93992 90.24102 204.3455 -52.8262 88.509 196.3287 -56.8193 88.41929 204.2051 -36.77577 -92.70566 175.2097 13.5424 -97.92088 114.9103 1.570088 98.36562 151.4745 -3.115245 98.28341 148.9099 7.987405 -99.33155 97.59909 -23.12441 -98.31083 185.3178 90.67757 38.09379 150.0909 21.69787 -97.72825 89.4669 -27.16297 95.21673 166.4713 84.55369 51.18522 163.5715 -43.07817 -88.958 163.5715 7.204641 98.09002 150.0909 7.202788 98.0648 134.3004 0.232828 98.27944 141.9289 95.24584 24.42978 134.3004 35.77764 -94.21285 78.0627 62.81878 80.96474 193.6165 -4.686505 -104.725 203.1775 -8.637001 -102.1121 193.6165 -7.903145 98.0246 150.4002 -13.13804 97.39646 138.9175 -14.46278 97.37467 153.956 -26.18488 95.05084 158.5752 59.93412 86.01353 203.1984 -29.88611 -95.1505 175.2097 -15.86082 -99.74063 185.3178 76.8566 63.55989 175.2097 92.28068 -47.5963 28.11651 -49.23585 -85.14335 150.0909 -20.62853 96.22555 152.7634 -36.44609 -91.87458 163.5715 99.30754 -11.5222 91.69689 -1.133883 -102.4705 193.6165 73.77939 -71.28326 49.13013 -24.85875 95.12622 147.9729 3.972702 -104.6602 202.7712 -1.369036 -104.8424 203.2522 -22.83586 -97.08409 175.2097 -31.66379 93.77135 165.9697 67.58843 75.04373 185.3178 98.2929 10.30359 115.4013 69.91043 -76.04807 37.19066 -36.5112 91.48986 156.1619 -36.35659 92.2621 168.6517 -8.512019 -100.6345 185.3178 77.05657 63.78445 90.54157 81.50177 57.89829 91.69689 80.3075 60.42877 82.61942 87.64351 44.63376 150.0909 -29.75873 93.88086 155.4139 -55.78234 83.53804 181.5014 80.57712 57.24143 163.5715 74.24727 67.53026 84.94314 -29.61818 -94.2975 163.5715 6.375327 -102.2783 193.6165 93.20043 31.34109 134.3004 0.336518 98.51815 124.9433 10.32197 -104.2567 202.8875 55.37979 81.97561 112.7873 56.71919 85.34883 193.6165 -15.66291 -98.49604 175.2097 51.75799 84.83358 103.0099 57.20679 87.8761 203.2712 83.79656 58.86087 52.15138 78.89551 65.3452 51.28349 81.54992 61.13191 59.81842 71.99423 69.01903 175.2097 68.80696 74.07015 72.75253 73.60537 69.41456 71.62748 -1.117475 -100.9877 185.3178 95.43099 -40.909 28.11445 99.88478 -4.216772 91.69689 -22.63114 -96.21376 163.5715 -65.83975 76.2943 183.736 75.37726 68.81643 57.54457 61.90974 79.79312 185.3178 -19.88004 96.2423 140.4539 16.41827 -103.1535 201.7014 13.85028 -101.5365 193.6165 97.27407 17.47606 115.4013 -27.70512 94.29628 142.8651 65.00658 80.2793 37.20808 -8.405802 -99.37876 175.2097 84.13854 50.93391 150.0909 20.83823 -96.65812 114.0177 -34.4577 92.05065 145.0178 -30.6821 93.41269 147.5348 6.283071 -100.7982 185.3178 76.16761 62.99008 163.5715 16.40062 -97.88682 105.605 13.88719 -98.71575 97.15006 -23.87921 95.3685 135.3784 -29.47276 -93.83451 150.0909 90.65425 38.084 134.3004 -15.52249 -97.61305 163.5715 -58.19876 80.95782 174.9309 50.31484 89.27433 193.6165 66.74504 74.10733 175.2097 -65.4899 75.86392 179.7014 21.38073 -103.0491 204.7861 21.25082 -100.2491 193.6165 44.33323 -90.94288 71.63455 39.86527 -92.98815 71.63505 -1.103531 -99.72753 175.2097 98.10397 -33.99893 28.11266 37.02977 -94.95171 60.01026 100.2816 -26.91062 28.11441 -29.72898 93.68608 138.0297 52.66493 -85.66004 81.7278 99.96345 3.114011 91.43219 13.64986 -100.0672 185.3178 -22.52002 -95.74137 150.0909 55.89842 84.11376 185.3178 49.03877 -89.72864 54.436 95.73259 24.55462 115.4013 -19.3347 96.60472 124.9921 -8.330448 -98.48786 163.5715 80.18151 56.96039 150.0909 -33.40834 92.5116 131.7151 53.3288 -86.73738 61.35246 32.21141 -99.99738 204.0831 28.53717 -98.42316 193.6165 27.15604 -101.6857 204.7845 71.34883 68.40029 163.5715 78.47098 -65.89041 50.95538 87.62098 44.62229 134.3004 -42.64866 88.71451 154.2772 6.204669 -99.54045 175.2097 75.56156 -70.20816 39.67851 74.28955 -72.5055 28.11686 78.82826 -67.54106 28.11834 43.64015 92.72014 193.6165 20.9433 -98.79846 185.3178 85.47229 52.01913 90.1804 89.42911 44.86105 90.58309 87.95542 48.66545 82.25091 42.91509 95.68769 203.3272 47.7167 93.4593 203.5584 -46.70863 86.67443 154.7606 61.13722 78.79743 175.2097 -15.44628 -97.13378 150.0909 -13.44515 97.74645 119.9494 83.10324 56.46352 83.32985 101.9975 -19.45633 28.11639 -1.093638 -98.83348 163.5715 99.42895 10.42268 91.69689 91.53256 45.76502 53.37863 87.4381 53.19835 52.90728 89.12458 49.29663 60.84914 60.58419 78.08467 115.4013 -50.25763 84.66431 154.6794 37.06693 -98.50735 204.812 35.67019 -96.06834 193.6165 49.58675 87.98246 185.3178 93.67673 31.50125 115.4013 -23.58538 95.87526 118.0114 78.3843 64.17994 69.38959 13.47953 -98.81851 175.2097 83.45049 57.84453 65.79065 -40.68061 89.46054 142.4779 75.79364 62.68082 150.0909 28.12422 -96.9989 185.3178 57.17606 81.54347 98.65202 -43.76147 87.97763 141.4156 66.14669 73.44297 163.5715 70.26635 75.2116 43.44327 84.11692 50.92082 134.3004 -8.289546 -98.00431 150.0909 6.149046 -98.64808 163.5715 69.58088 77.03552 28.11723 -27.73821 94.46001 127.9469 75.20623 71.58118 28.1188 36.73098 95.66777 193.6165 27.52205 -94.92205 115.4013 55.20091 83.06417 175.2097 -47.62519 85.97583 144.8992 23.35035 -96.59663 103.3083 45.8333 -94.31372 203.2944 42.61156 -93.19734 193.6165 98.39836 17.67804 91.69689 50.02706 -87.85163 72.76602 20.68197 -97.56563 175.2097 55.76019 -84.42066 71.6342 -39.79311 89.9785 130.1908 61.1232 -79.83902 81.81866 -33.761 92.79525 117.5804 -29.91064 94.21348 114.8729 43.00865 91.37841 185.3178 91.11753 38.27862 115.4013 35.15402 -94.67815 185.3178 64.44336 -77.06491 83.44232 -1.088268 -98.34823 150.0909 57.5091 -84.44469 55.92325 67.08108 -75.73756 71.63409 70.99851 68.06446 150.0909 60.58914 78.09104 163.5715 13.35869 -97.93264 163.5715 61.91373 -80.83098 61.38092 80.16088 56.94574 134.3004 -46.11693 86.85089 132.8849 -15.44231 -97.10881 134.3004 65.35324 -78.19302 60.04717 -13.12337 98.10826 111.6183 -20.27848 96.98994 109.1053 27.72875 101.0816 203.1234 32.41005 99.66024 203.0031 29.62446 98.10137 193.6165 54.08959 -90.29384 204.8147 49.32397 -89.82558 193.6165 48.89963 -93.20318 204.8165 48.968 86.88459 175.2097 -42.84963 88.67533 125.7446 27.77328 -95.78852 175.2097 103.1602 -11.7591 28.11384 83.51754 -61.69642 28.11641 80.19789 -64.86167 39.67851 -10.67204 99.24559 94.43809 103.7379 -4.355437 28.1152 96.83905 24.83842 91.69689 92.17066 38.72104 91.69689 94.75942 31.86534 91.69689 92.72241 38.90732 81.70204 41.99493 -91.8487 185.3178 -25.71451 96.23875 98.39468 90.19745 45.83097 71.6333 36.19946 94.28338 185.3178 94.21759 36.86599 71.63379 100.8358 18.11596 51.21268 99.23793 25.45371 51.21268 88.06877 44.85033 115.4013 97.10678 32.6547 51.21268 6.118855 -98.16373 150.0909 86.56259 52.2367 72.66564 65.82192 73.08238 150.0909 93.87933 39.45191 61.27783 54.70605 82.31951 163.5715 20.49656 -96.69098 163.5715 62.13194 77.17269 109.4585 -8.287413 -97.97911 134.3004 71.343 68.3947 115.4013 66.14128 73.43698 115.4013 -35.29636 92.7677 105.4113 -28.81296 95.06905 103.8533 62.49341 77.62168 97.59915 75.77414 62.6647 134.3004 61.85401 -84.51753 202.7814 58.43835 -87.17132 203.5758 55.77135 -85.97119 193.6165 19.4508 102.8834 202.6576 22.35875 100.0079 193.6165 24.5923 101.9145 203.2081 42.47198 90.23817 175.2097 34.71536 -93.49674 175.2097 -40.179 90.20873 117.475 103.7925 1.573455 28.11829 80.5661 65.46245 28.11616 76.70721 68.95462 39.67851 85.12944 59.46109 28.1156 75.16857 71.11692 34.04047 48.61021 -88.52573 185.3178 29.19577 96.68177 185.3178 84.54679 51.18104 115.4013 -1.813035 102.4607 50.85934 13.2931 -97.45179 150.0909 -46.48941 87.05082 119.3133 60.29166 77.70762 150.0909 27.5243 -94.9298 163.5715 48.52901 86.10569 163.5715 -1.087988 -98.32295 134.3004 66.49379 -80.89431 202.694 61.91908 -81.65486 193.6165 70.98027 68.04695 134.3004 -44.98999 88.34384 107.8826 14.97291 101.377 193.6165 41.47091 -90.70259 175.2097 20.38004 101.3069 36.39987 35.74776 93.10691 175.2097 103.3015 10.53848 28.11441 -32.19615 94.31432 97.64383 54.9643 -84.72711 185.3178 22.0352 98.56068 185.3178 2.048676 102.2435 54.22098 80.57054 57.23676 115.4013 -42.38214 89.88215 103.0624 54.43745 81.91534 150.0909 20.39592 -96.21624 150.0909 -48.7179 86.4849 105.3007 34.40414 -92.65856 163.5715 42.09123 89.4292 163.5715 65.805 73.06359 134.3004 6.117282 -98.13849 134.3004 16.52221 102.5177 27.22805 70.69553 -77.89849 204.5565 67.73411 -76.89979 193.6165 28.83146 95.47536 175.2097 48.00364 -87.42109 175.2097 14.75624 99.91001 185.3178 61.02306 -80.47325 185.3178 76.16138 62.98494 115.4013 48.29074 85.68292 150.0909 35.42728 92.27221 163.5715 60.27616 77.68764 134.3004 27.38916 -94.46371 150.0909 41.09914 -89.88946 163.5715 21.76024 97.33082 175.2097 13.28968 -97.42675 134.3004 102.2439 17.92243 28.11669 100.925 24.28042 28.119 73.18521 -71.73155 193.6165 8.332054 103.7991 21.39028 74.73055 -73.64353 203.5103 54.27844 -83.66987 175.2097 41.88457 88.99012 150.0909 28.57299 94.61944 163.5715 54.42345 81.89428 134.3004 66.75395 -75.78699 185.3178 14.57211 98.66333 175.2097 34.23522 -92.20362 150.0909 99.16236 30.68565 28.11867 -1.833117 104.6397 10.08563 47.5733 -86.63739 163.5715 20.39068 -96.1915 134.3004 35.25334 91.81917 150.0909 78.24306 -66.17787 193.6165 21.56517 96.45827 163.5715 83.44528 -63.94492 204.3371 81.43341 -66.44208 204.2125 60.2616 -79.4691 175.2097 48.27832 85.66089 134.3004 96.43315 38.4622 28.11892 72.12615 -70.69353 185.3178 -63.63585 79.28099 63.93222 28.4327 94.15487 150.0909 40.89735 -89.44812 150.0909 14.44148 97.77882 163.5715 -66.40435 77.26634 60.39943 53.79185 -82.91979 163.5715 41.8738 88.96724 134.3004 -68.67829 75.66284 55.46867 93.16123 45.78679 28.11876 27.38212 -94.43943 134.3004 82.88053 -60.26863 193.6165 88.58199 -56.16458 203.3654 65.92098 -74.84131 175.2097 21.45929 95.98468 150.0909 35.24428 91.79557 134.3004 77.11083 -65.22023 185.3178 90.0322 51.66287 28.11813 47.33972 -86.212 150.0909 14.37057 97.29875 150.0909 28.42539 94.13066 134.3004 59.72137 -78.75666 163.5715 34.22642 -92.17992 134.3004 87.07265 -54.03555 193.6165 -63.22178 -82.32879 28.11749 90.54937 -53.35868 204.2214 71.22615 -69.8114 175.2097 21.45377 95.95999 134.3004 81.68117 -59.39649 185.3178 14.36688 97.27373 134.3004 53.52774 -82.51268 150.0909 65.33001 -74.17037 163.5715 40.88683 -89.42512 134.3004 1.911772 99.77579 175.8062 95.9897 -42.13831 203.151 92.46437 -49.33554 203.0165 90.79695 -47.51214 193.6165 -22.72972 99.60315 192.157 76.14862 -64.40641 175.2097 1.292396 98.79041 162.7301 85.81264 -53.25362 185.3178 -13.75733 97.75714 161.2741 -3.253442 98.23981 137.7653 1.498399 98.32969 134.1133 -7.867943 97.97169 141.4019 -6.636097 98.11538 133.5306 -3.102777 98.35849 129.6351 97.74249 -38.67203 204.2758 94.03337 -40.73345 193.6165 -3.110785 98.61235 120.1821 -7.666518 98.2256 125.0143 89.48303 -46.82461 185.3178 -13.40018 97.46424 131.439 -6.708093 98.58496 115.8907 -72.23731 -70.89636 186.7363 -3.336979 98.93962 111.3137 -62.50738 77.69609 175.0784 -7.856956 98.91648 106.3359 -62.26863 -80.37149 63.8722 -67.43006 -76.71887 56.2108 101.7755 -26.22232 204.2099 100.8652 -29.43469 204.1033 -89.55492 -55.74191 205.828 102.6793 21.80217 203.6852 -20.51221 103.7489 207.0163 103.4201 23.1735 208.0622 -89.57833 -57.98758 212.0347 -89.79162 -58.94515 217 58.96345 -88.0056 207.8147 -91.28446 -54.13544 208.7748 -88.15144 -58.72012 207.7904 -91.57483 -52.42132 205.9467 59.57723 -88.54487 212.1269 62.91518 -85.18952 207.732 64.91877 -84.66165 211.9301 -25.52008 103.0197 208.8552 65.21617 -85.3237 217 59.85459 -89.15626 217 -25.95495 103.4992 212.0287 -30.12074 101.5456 207.8064 -30.4104 102.2672 212.0308 -27.04203 103.9494 217 104.0998 18.61038 206.9657 103.1723 27.24273 212.0305 102.0161 28.44838 207.7394 104.855 23.19369 217 52.06912 -92.23516 207.8014 -18.11913 104.2708 207.3436 55.22755 -91.07983 210.9289 53.21118 -93.30226 217 -12.95731 105.0526 207.3678 104.6593 20.81298 212.0311 104.7591 15.09573 207.3777 -19.55679 104.8965 212.0285 -94.31468 -48.27896 207.9282 -19.10914 105.6745 217 44.81523 -95.98635 207.816 41.48971 -96.34188 203.4111 -92.56026 -53.09325 212.0676 -93.9998 -51.92673 217 50.79067 -93.74024 211.4189 104.6614 12.38142 205.4252 -7.649053 105.4652 206.9443 106.084 16.69553 217 -95.01226 -48.54743 211.9902 45.78512 -97.13912 217 -12.91615 105.9379 212.1276 -12.87813 106.6094 217 -97.69536 -44.64295 217 40.35337 -97.91566 207.7381 -97.25377 -42.14826 208.1066 -2.913636 105.8921 207.8133 46.69173 -95.93358 212.0308 -6.313385 107.2074 217 105.6434 15.02666 212.0614 -97.89099 -42.5092 212.1054 42.18691 -98.01174 212.0288 39.73091 -99.76858 217 -6.438724 106.4922 211.9304 -99.75362 -36.25577 208.8923 105.5658 8.635513 207.6902 32.56866 -100.7992 207.8013 -100.857 -36.88772 217 37.41406 -99.75453 211.0559 1.920104 105.8894 207.7476 -100.1729 -36.73925 212.0008 107.013 9.167324 216.999 -101.4748 -32.51864 211.1391 -103.4696 -28.83871 217 -102.7217 -25.19838 207.0791 33.52508 -102.0215 217 106.3225 9.267519 212.1291 -103.0996 -27.49582 212.0227 105.4184 4.231042 205.9059 0.173652 106.7225 212.1279 1.924486 107.3851 217 -104.5739 -21.21157 212.028 -105.3528 -20.80958 217 -105.4663 -16.19174 212.0781 -106.1483 -16.19651 217 32.89579 -101.5084 212.031 13.5149 103.9879 203.2616 106.778 5.071424 213.242 106.9903 0.329159 213.8238 6.976368 105.8691 208.6629 106.6038 -4.798553 212.0711 107.2714 -5.229203 216.998 106.7886 -11.22394 217 105.8475 -16.87655 215.2879 106.0942 -11.30113 211.9651 105.1842 -17.91945 211.9962 104.5464 -22.83358 213.9699 24.67288 -103.0035 207.8003 103.3541 -27.16225 213.0356 102.462 -30.52471 213.3197 102.592 -31.74353 216.9998 100.9161 -34.62802 211.9463 27.97749 -102.8012 211.057 13.46821 105.0734 207.8162 107.3556 2.869005 216.9999 105.4673 1.363362 205.7476 27.1925 -103.889 217 106.1333 2.040646 208.9306 6.903141 106.4818 212.0289 104.2761 -25.68784 217.0002 9.871018 106.9341 217 105.9008 -17.74698 216.9995 19.04534 -104.0899 207.2449 23.32056 -104.1265 212.0329 105.2542 -4.759333 205.2667 18.31738 104.3052 207.7185 20.75527 -105.364 217 13.53185 -104.9214 207.1383 13.48938 105.8496 212.0309 16.42277 106.1255 217 21.5654 103.5857 207.2563 105.8501 -5.417615 208.0887 -99.60436 37.71741 210.8097 -97.30223 41.64677 207.3936 -100.4944 37.93248 217 16.82083 -105.3722 212.0348 14.2405 -106.4406 217 26.3774 102.5888 207.7791 8.396735 -105.431 207.0538 20.02681 104.8097 212.0317 22.91672 104.9151 217 -97.9959 42.17358 211.9071 104.8171 -11.12672 205.4517 -95.36679 46.15067 207.9533 5.14667 -105.7926 207.8012 -97.20542 45.64802 217 31.10943 101.0862 207.0545 10.25505 -106.2126 212.0359 7.670015 -107.1148 217 1.759208 -105.7295 206.9522 105.3158 -11.87026 208.0577 26.48575 103.3667 212.0327 29.32294 103.308 217 -93.5271 49.9864 208.4039 -96.08735 46.37337 212.0308 36.02952 99.48279 207.1716 -92.01439 51.60881 205.8911 103.9498 -17.8434 205.7419 -3.06442 -105.889 207.8175 3.647969 -106.6442 212.0365 1.06918 -107.3838 217 32.84537 101.5254 212.0342 35.61457 101.3114 217 40.60019 97.6323 206.922 -93.96108 50.57072 212.027 -94.21216 51.53833 217 104.5696 -18.06895 208.7684 -90.90485 54.34424 207.7485 -7.854756 -105.5317 207.3343 -2.967289 -106.6655 212.0381 -5.534763 -107.2465 217 44.92798 95.93461 207.8205 -89.13375 55.72802 204.2276 39.07482 99.29467 212.0359 41.77595 98.93014 217 -11.85832 -105.1126 207.0979 103.4109 -23.12036 208.04 -9.574516 -106.2766 212.0392 -12.11725 -106.7034 217 49.27187 93.74716 207.7474 -91.60836 54.69856 212.0311 -90.93191 57.13053 217 45.15517 96.68155 212.0372 47.77886 96.17485 217 -88.03645 59.00947 208.0586 -19.41362 -104.135 207.7966 102.1597 -27.97096 207.7582 52.16006 92.16952 207.7386 54.32509 90.69135 206.7921 -89.04405 58.80514 212.0369 -16.14414 -105.4788 212.0402 -18.65285 -105.7569 217 -24.28971 -102.9163 206.9505 51.06195 93.69646 212.0383 53.60142 93.05548 217 59.22246 87.83226 207.8162 100.5113 -32.77865 206.8399 -29.3311 -101.7098 207.42 -87.24784 62.61249 217 -84.36563 64.16634 208.1259 -22.65112 -104.2756 212.0419 -25.11988 -104.4101 217 99.07586 -34.44895 203.4012 56.77272 90.35063 212.0393 59.22155 89.5838 217 63.05814 84.98559 207.3294 99.54468 -36.02397 207.531 -86.14199 62.95863 212.0379 -33.80819 -100.2597 207.2468 -81.36386 67.73744 207.5667 65.84254 82.96872 207.8143 -29.07475 -102.67 212.0419 -31.49291 -102.6678 217 62.26482 86.65746 212.0407 64.61677 85.77373 217 68.37298 80.66313 206.9441 -36.61117 -99.25812 207.1728 71.28967 76.89445 203.2557 -83.205 66.81219 212.0384 -83.23281 67.85871 217 -39.81003 -98.13786 207.7383 97.72848 -40.84674 207.7676 72.10073 77.60562 207.8006 100.2461 -38.51266 217 -35.3851 -100.6695 212.0422 -37.7479 -100.5365 217 67.51743 82.63084 212.0417 -42.8711 -96.68634 207.0533 69.76799 81.63883 217 -46.83046 -93.83074 203.2946 -79.75037 70.61273 210.9038 94.35406 -46.18783 203.9829 -47.38505 -94.74072 207.8006 99.20833 -39.26011 212.0211 -75.79869 73.95131 207.6469 -41.55687 -98.28291 212.0433 -43.85755 -98.02556 217 72.51068 78.28589 212.0424 95.08228 -46.3717 207.1015 74.65608 77.19425 217 -78.90378 72.84704 217 77.00546 73.06386 208.959 97.35643 -43.68176 212.0224 97.68563 -44.60934 217 81.1521 68.0893 207.8165 -47.57022 -95.5175 212.044 -49.80233 -95.14324 217 77.2247 73.63995 212.043 79.26132 72.4578 217 -76.66841 74.22174 212.0388 -54.56271 -90.78245 207.8019 -57.30561 -88.89459 207.0533 -71.21207 78.43693 207.8658 92.84523 -50.87504 207.5698 84.99143 63.15115 207.591 -53.4001 -92.38484 212.0444 -55.55945 -91.90026 217 81.64111 68.71127 212.0435 -74.27683 77.55931 217 83.56723 67.4464 217 -60.09014 -87.22206 207.8013 94.48046 -49.59659 212.0235 93.80973 -52.32171 217.0001 -62.77303 -85.09384 206.9443 90.58599 -54.96515 207.9553 -65.82607 -81.70502 203.5114 -59.02367 -88.89743 212.0449 87.35787 59.10617 205.7783 -71.96327 78.7883 212.0208 -61.10502 -88.31021 217 -67.52222 81.54611 207.5804 -65.42365 -83.27958 207.7362 -64.7698 83.53263 206.7562 85.65754 63.62689 212.0187 87.57062 62.16027 217 89.99129 55.0315 205.7668 91.37389 -55.13907 212.1287 -68.75541 -80.68307 208.1808 -69.3708 81.97669 217 86.93653 -60.14989 206.7776 -64.41986 -85.06841 212.0453 -69.65245 -79.21079 205.796 -66.41967 -84.38571 217 88.7367 58.22166 208.8238 -62.43694 84.38188 203.7199 -72.81125 -75.65504 203.7606 88.8721 -60.26224 217 -62.29573 85.59575 207.5431 -66.96695 83.07679 212.0225 88.28063 59.92317 212.037 -72.32077 -77.38496 207.7903 87.69313 -60.79458 212.0125 91.22622 56.65943 217 92.44036 50.78879 205.7736 -69.42263 -81.03633 212.0482 83.04982 -65.86351 208.1334 -59.68073 87.45301 207.6004 -71.4904 -80.13515 217 -64.20145 86.08514 217 92.17021 52.6099 208.8073 90.9857 55.75527 212.04 93.49042 47.76139 203.7445 -74.6182 -75.15978 207.7463 85.00734 -65.60138 217 78.13949 -70.03881 203.5671 -61.71649 87.04829 212.0239 94.36147 48.1096 207.7884 -76.65105 -72.4793 205.8564 79.77626 -69.59215 207.5419 83.68067 -66.20833 212.0568 -55.51625 90.25981 207.9953 -73.96171 -76.91994 212.0381 -79.23355 -69.29882 204.8369 94.53633 50.94503 217 -58.76533 89.88421 217 95.80165 45.11623 207.6678 -76.28083 -75.58939 217 94.25095 50.03797 212.0396 76.46661 -73.22207 207.532 81.74061 -69.64782 217 -78.25212 -71.56687 208.3647 -51.35754 92.59721 207.6411 97.71287 39.84128 205.9567 -56.39329 90.58518 212.0309 96.78902 46.49381 217 79.57297 -71.09155 212.0317 -77.42943 -73.41004 212.0397 96.55265 45.40344 212.017 -82.01437 -66.87059 207.2846 -53.268 93.24275 217 73.06671 -76.62111 207.5916 -80.78304 -70.7575 217 98.26927 40.17212 209.0061 -50.05494 94.14078 211.4445 77.30875 -74.53652 217 -81.25053 -69.17558 211.9824 -46.36814 96.88521 217 98.7622 40.4771 212.2171 99.45926 40.46781 217 99.97803 35.12924 208.04 -84.19519 -64.29687 207.8879 -45.61619 96.26087 210.9174 100.8559 32.25202 207.619 75.03211 -75.86852 212.0309 100.8126 29.42304 203.8459 -39.35074 98.33653 207.8022 -41.41771 98.23651 211.4171 -86.14573 -61.29193 206.8318 68.09275 -81.12698 207.7945 70.24097 -80.18608 211.3238 -84.9796 -65.65812 217 71.58177 -80.07086 217 -36.87722 100.8888 217 65.34691 -83.13363 206.9444 101.1917 33.92157 212.1155 102.6794 31.54257 217 -35.03087 100.5979 210.8941 -85.83296 -63.39959 212.0336 102.4593 25.12528 205.8635 93.7476 61.62745 26.44231 97.17922 69.43172 24.87563 91.78848 70.10937 25.74621 86.85112 71.32412 26.3955 58.14347 -96.76918 26.2972 61.73146 -91.25269 26.85758 65.99756 -85.74788 27.25096 69.09619 -82.34243 27.39337 72.19672 -79.43693 27.42313 75.30405 -76.99916 27.35183 78.63265 -74.86977 27.17641 82.11193 -73.09429 26.9014 85.41268 -71.78786 26.564 83.21945 72.61645 26.79616 80.01171 74.11505 27.07776 76.92361 75.90658 27.27801 73.94326 78.00967 27.39493 70.93852 80.55786 27.4237 67.89669 83.59976 27.35228 64.73983 87.28128 27.15743 61.6369 91.44078 26.83164 58.14367 96.76928 26.2958 89.01347 -70.7313 26.12881 92.86138 -69.95135 25.57185 94.86766 -59.17568 26.53276 97.17919 -69.43172 24.87563 -95.88599 -69.55152 25.0926 -91.46517 -70.17555 25.78393 -86.77593 -71.34706 26.41084 -83.16024 -72.63883 26.80234 -58.14272 -96.76978 26.30417 -61.63188 -91.44834 26.83093 -79.96801 -74.13552 27.08149 -76.87182 -75.94033 27.28065 -73.9346 -78.01659 27.39511 -70.93528 -80.56 27.42386 -67.89273 -83.60386 27.35214 -64.72957 -87.29425 27.15656 -74.53746 77.55789 27.37829 -77.81684 75.34663 27.22858 -81.23799 73.49572 26.9794 -84.44347 72.13465 26.67049 -95.88595 69.55152 25.09261 -61.36261 91.77755 26.80851 -58.14152 96.77022 26.30447 -65.24684 86.62567 27.20194 -87.9668 71.00415 26.26233 -91.71533 70.15078 25.74247 -68.32306 83.12405 27.37223 -71.43498 80.09989 27.42663 -67.47107 -75.48979 4.000004 -74.09628 -69.05099 4.000025 -80.06558 -61.97242 4.000007 -61.97242 -80.06558 4.000004 -84.24113 -56.16524 4.000003 -56.16524 -84.24113 4.000007 -101.3022 -60.4593 3.99997 -86.95333 -51.83856 4 -40.8717 -101.7791 4.000026 -60.44202 -101.2719 4 -51.83856 -86.95333 4 -102.0734 -22.462 4 -21.5953 -102.0689 4 -16.56201 -103.0201 3.999999 -9.368608 -103.9214 3.999999 -3.624698 -104.2655 4 1.812075 -104.333 3.999999 -102.1852 7.559813 3.999999 -86.95333 51.83856 4 -101.8443 37.66592 4.000011 -101.2719 60.44202 4 60.44202 -101.2719 4 40.88005 -101.7789 4.000025 51.83856 -86.95333 4 21.5953 -102.0689 4 9.368608 -103.9214 3.999999 16.56201 -103.0201 3.999999 56.16524 -84.24113 4.000003 -84.24113 56.16524 4.000004 61.97242 -80.06558 4.000004 -80.06558 61.97242 4.000004 -75.48979 67.47107 4.000003 69.05099 -74.09629 4.000016 75.48978 -67.47106 4.000006 -69.05099 74.09628 4.000025 80.06558 -61.97242 4.000007 -61.97242 80.06558 4.000002 84.24113 -56.16524 4.000005 -56.16524 84.24113 4.000005 102.8112 -61.36691 4 86.95333 -51.83856 4 103.6087 -46.88027 4 -51.83856 86.95333 4 -60.44202 101.2719 4 -40.8717 101.7791 4.000026 104.3585 -26.44861 4 -21.5953 102.0689 4 -16.56201 103.0201 3.999999 -9.368608 103.9214 3.999999 104.7002 -5.107976 4 -1.812075 104.333 3.999999 16.56201 103.0201 3.999999 21.5953 102.0689 4 51.83856 86.95333 4 9.368608 103.9214 3.999999 3.624698 104.2655 4 40.88005 101.7789 4.000025 86.95333 51.83856 4 104.4945 21.69524 4 84.24113 56.16524 4.000002 56.16524 84.24113 4.000006 61.97242 80.06558 4.000004 80.06558 61.97242 4.000007 74.09629 69.05099 4.00002 67.47106 75.48978 4.000008 103.6087 46.88027 4 60.44202 101.2719 4 102.8112 61.36691 4 -60.74863 101.0998 2e-06 -91.69839 99.80276 0.00012 101.6515 -75.37922 -0 100.1745 -92.1061 3e-05 102.5844 -61.6389 0 60.74961 -101.1013 5e-06 91.96085 -99.80985 0.000136 -101.1016 60.75021 -2e-06 -99.77137 91.85038 0.000242 94.6539 98.97161 0.001556 95.42092 -98.5721 0.001038 94.10057 -99.22748 0.000387 99.23905 -94.5925 0.000931 97.02188 -97.41711 0.000114 98.25605 -96.10739 0.000366 -93.96976 99.1098 0.000964 -95.37465 98.34207 0.000275 -96.91327 97.11978 -0.000214 -98.08412 95.75748 0.000946 -98.99729 94.18728 0.001114 -90.85974 54.59403 0 -87.72587 59.52646 3e-06 -83.3501 65.51307 3e-06 -77.54907 72.31223 1e-05 -71.17905 78.56663 4e-06 -65.51307 83.3501 3e-06 -59.52646 87.72587 3e-06 -54.59403 90.85974 0 90.85974 -54.59403 0 87.72587 -59.52646 3e-06 83.3501 -65.51307 3e-06 77.54907 -72.31223 1e-05 71.17905 -78.56663 3e-06 65.51307 -83.3501 3e-06 59.52646 -87.72587 3e-06 54.59403 -90.85974 0 -113.5538 -18.1808 217 -113.6663 -17.80674 228 -135.9356 -23.78033 228 -107.8765 41.68958 217.0001 -113.6002 18.18839 217.0001 -114.1518 18.34105 217 -108.9438 39.63658 226 -109.6115 37.7582 226 -111.0682 32.1765 217 -113.0369 24.40431 217 -116.4206 -10.76635 228 -114.5412 -10.26275 228 -122.9401 42.47798 226 -122.2729 44.35667 226 84.63235 -81.99759 0 83.4683 -82.73632 0 91.79383 -89.62378 0 82.52455 -90.20697 0 83.4683 -91.21196 0 92.30134 -88.34193 0 92.47414 -86.97414 0 87.31948 -81.485 0 85.94355 -81.57157 0 84.63235 -91.95069 0 81.86037 -88.99882 0 88.67373 -81.74333 0 92.30134 -85.60634 0 91.79383 -84.3245 0 90.98346 -83.20912 0 85.94355 -92.37672 0 89.92118 -82.33033 0 81.5175 -87.66347 0 87.31948 -92.46328 0 81.5175 -86.2848 0 88.67373 -92.20495 0 81.86037 -84.94945 0 89.92118 -91.61795 0 82.52455 -83.74132 0 90.98346 -90.73915 0 -89.31592 91.95069 0 -86.62879 92.46328 0 -88.00473 92.37672 0 -81.64693 85.60634 0 -81.47414 86.97414 0 -90.47998 82.73632 0 -91.42373 83.74132 0 -81.64693 88.34193 0 -89.31592 81.99759 0 -82.15445 89.62378 0 -82.96482 90.73915 0 -84.02709 91.61795 0 -85.27455 92.20495 0 -92.08792 84.94945 0 -88.00473 81.57157 0 -92.43077 86.2848 0 -86.62879 81.485 0 -92.43077 87.66347 0 -85.27455 81.74333 0 -92.08792 88.99882 0 -84.02709 82.33033 0 -91.42373 90.20697 0 -82.96482 83.20912 0 -90.47998 91.21196 0 -82.15445 84.3245 0 -84.02709 -82.33033 20 -85.27455 -81.74333 20 -81.64693 -88.34193 20 -81.47414 -86.97414 20 -82.96482 -83.20912 20 -81.64693 -85.60634 20 -82.15445 -84.3245 20 -82.15445 -89.62378 20 -82.96482 -90.73915 20 -85.27455 -92.20495 20 -84.02709 -91.61795 20 -88.00473 -92.37672 20 -86.62879 -92.46328 20 -89.31592 -91.95069 20 -90.47998 -91.21196 20 -91.42373 -90.20697 20 -92.08792 -88.99882 20 -92.43077 -87.66347 20 -92.43077 -86.2848 20 -91.42373 -83.74132 20 -92.08792 -84.94945 20 -90.47998 -82.73632 20 -89.31592 -81.99759 20 -88.00473 -81.57157 20 -86.62879 -81.485 20 -70.5249 -90.84559 20 -69.36543 -91.13601 20 -67.72355 -94.21737 20 -68.27529 -92.06843 20 -68.26194 -95.62064 20 -67.80752 -93.09362 20 -69.43015 -96.56634 20 -70.5249 -96.83377 20 -71.58161 -96.73321 20 -72.922 -95.9139 20 -73.65563 -94.5246 20 -73.6321 -93.09027 20 -72.9617 -91.82196 20 -71.71156 -90.98837 20 89.92118 -82.33033 20 88.67373 -81.74333 20 92.30134 -88.34193 20 92.47414 -86.97414 20 90.98346 -83.20912 20 92.30134 -85.60634 20 91.79383 -84.3245 20 91.79383 -89.62378 20 90.98346 -90.73915 20 88.67373 -92.20495 20 89.92118 -91.61795 20 85.94355 -92.37672 20 87.31948 -92.46328 20 84.63235 -91.95069 20 83.4683 -91.21196 20 82.52455 -90.20697 20 81.86037 -88.99882 20 81.5175 -87.66347 20 81.5175 -86.2848 20 82.52455 -83.74132 20 81.86037 -84.94945 20 83.4683 -82.73632 20 84.63235 -81.99759 20 85.94355 -81.57157 20 87.31948 -81.485 20 89.92118 91.61795 20 88.67373 92.20495 20 90.98346 90.73915 20 92.30134 85.60634 20 92.47414 86.97414 20 91.79383 89.62378 20 92.30134 88.34193 20 91.79383 84.3245 20 90.98346 83.20912 20 89.92118 82.33033 20 88.67373 81.74333 20 87.31948 81.485 20 85.94355 81.57157 20 84.63235 81.99759 20 83.4683 82.73632 20 82.52455 83.74132 20 81.86037 84.94945 20 81.5175 86.2848 20 81.5175 87.66347 20 81.86037 88.99882 20 82.52455 90.20697 20 83.4683 91.21196 20 84.63235 91.95069 20 85.94355 92.37672 20 87.31948 92.46328 20 71.28096 96.81603 20 72.6341 96.16165 20 73.70301 93.46209 20 73.53045 94.9552 20 73.3422 92.39441 20 72.58573 91.46894 20 71.27787 90.87955 20 69.84496 90.94614 20 68.80101 91.52813 20 68.03372 92.4445 20 67.69303 93.90804 20 68.07255 95.29147 20 68.80101 96.15122 20 69.71491 96.69096 20 -84.02709 91.61795 20 -85.27455 92.20495 20 -81.64693 85.60634 20 -81.47414 86.97414 20 -82.96482 90.73915 20 -81.64693 88.34193 20 -82.15445 89.62378 20 -82.15445 84.3245 20 -82.96482 83.20912 20 -85.27455 81.74333 20 -84.02709 82.33033 20 -88.00473 81.57157 20 -86.62879 81.485 20 -89.31592 81.99759 20 -90.47998 82.73632 20 -91.42373 83.74132 20 -92.08792 84.94945 20 -92.43077 86.2848 20 -92.43077 87.66347 20 -91.42373 90.20697 20 -92.08792 88.99882 20 -90.47998 91.21196 20 -89.31592 91.95069 20 -88.00473 92.37672 20 -86.62879 92.46328 20 -87.66612 -20.50484 224 -88.15242 -18.30155 217 90.00359 -1.50402 224 90.02512 0 217 89.80521 6.388985 224 -86.32907 -25.48253 217 89.71923 7.247543 217 -85.59509 -27.84865 224 89.0349 13.2233 217 -84.00971 -32.3557 217 88.71469 15.34604 224 -83.449 -33.75163 224 87.66612 20.50484 217 -81.11949 -39.00892 217 -80.88796 -39.48677 224 87.13218 22.58426 224 -78.33287 -44.33992 217 -77.27123 -46.20556 224 85.59509 27.84865 217 85.42929 28.35317 224 -74.43878 -50.64251 217 83.54385 33.5036 217 83.34474 33.99589 224 -73.19321 -52.39103 224 81.11949 39.00892 217 -69.70256 -56.96018 217 80.88796 39.48677 224 -69.6959 -56.95471 224 78.33287 44.33992 217 78.0699 44.8013 224 -65.74224 -61.48874 224 -65.73593 -61.48287 217 75.19665 49.47254 217 -61.48874 -65.74224 217 74.90344 49.91534 224 -61.48287 -65.73593 224 71.72398 54.38509 217 70.42337 56.09228 224 -57.16255 -69.53063 224 -55.50172 -70.88974 217 67.93147 59.05406 217 -52.39103 -73.19321 224 65.55716 61.6792 224 62.85976 64.45499 217 -49.47254 -75.19665 217 -46.20556 -77.27123 224 61.29135 65.91992 224 57.16255 69.53063 217 -44.33992 -78.33287 217 56.75139 69.86664 224 52.39102 73.19322 217 -39.48677 -80.88796 224 -39.00891 -81.11949 217 51.95824 73.50107 224 46.20557 77.27122 217 -32.70907 -83.88034 224 -32.00682 -84.15081 217 45.55802 77.65476 224 39.48668 80.888 217 -23.78853 -86.84091 224 -25.22664 -86.40009 217 39.00886 81.11952 224 -19.40097 -87.90058 217 33.99594 83.34471 217 33.5036 83.54385 224 -14.97386 -88.7711 224 28.35317 85.42929 217 -13.22343 -89.03488 217 27.84865 85.59509 224 22.58426 87.13218 217 -7.776528 -89.67492 224 -6.013074 -89.82408 217 22.06987 87.2639 224 16.71414 88.44606 217 -0.376241 -90.0314 224 14.60387 88.83988 224 1.50402 -90.00359 217 10.7689 89.36498 217 6.011337 -89.79902 224 7.511868 -89.69353 217 7.247297 89.71925 224 4.77577 89.88469 217 12.37262 -89.178 224 14.97637 -88.78598 217 -0.376241 90.0314 224 -1.238438 90.00296 217 19.39912 -87.89216 224 -7.24755 89.71923 217 22.58426 -87.13218 217 -7.776661 89.67491 224 24.97272 -86.47792 224 -13.2233 89.0349 217 28.35317 -85.42929 217 -15.34604 88.71469 224 32.00682 -84.15081 224 -20.50484 87.66612 217 33.99589 -83.34474 217 -22.58426 87.13218 224 40.60892 -80.36264 224 39.48677 -80.88796 217 -27.84865 85.59509 217 -28.35317 85.42929 224 46.20556 -77.27123 217 -33.5036 83.54385 217 48.76128 -75.68444 224 -33.99589 83.34474 224 -39.00892 81.11949 217 53.40127 -72.47638 217 -39.48677 80.88796 224 56.09228 -70.42337 224 -44.33992 78.33287 217 59.05406 -67.93147 217 -44.8013 78.0699 224 61.6792 -65.55716 224 -49.47254 75.19665 217 64.72286 -62.59543 217 -49.91534 74.90344 224 65.73593 -61.48287 224 -54.38509 71.72398 217 -56.09228 70.42337 224 69.53063 -57.16255 224 70.88974 -55.50172 217 -59.05406 67.93147 217 73.19321 -52.39103 224 -61.6792 65.55716 224 -64.45499 62.85976 217 75.19665 -49.47254 217 77.27123 -46.20556 224 -65.91992 61.29135 224 78.94757 -43.26433 217 -69.53063 57.16255 217 -69.86664 56.75139 224 81.50827 -38.23871 224 82.27452 -36.52139 217 -73.19322 52.39102 217 -73.50107 51.95824 224 -77.27122 46.20557 217 84.53023 -30.94428 224 85.17333 -29.17702 217 -77.65476 45.55802 224 86.40009 -25.22664 224 -80.888 39.48668 217 87.57274 -20.86954 217 -81.11952 39.00886 224 87.90058 -19.40097 224 -83.34471 33.99594 217 89.00012 -13.48666 217 -83.54385 33.5036 224 88.9916 -13.48534 224 -85.42929 28.35317 217 -85.59509 27.84865 224 89.67492 -7.776528 224 89.71924 -7.247364 217 -87.13218 22.58426 217 -87.2639 22.06987 224 -88.44606 16.71414 217 -88.83988 14.60387 224 -89.36498 10.7689 217 -89.71925 7.247297 224 -89.88469 4.77577 217 -89.99497 1.50386 224 -90.00359 -1.50402 217 -89.9113 -4.245398 224 -89.54156 -9.386507 217 -89.27828 -11.62695 224 -114.3302 -12.50666 216.9999 -114.8786 -5.471731 216.9999 -115 1.824211 217 -114.6774 8.797436 217.0001 -115.0439 -7.6e-05 223 -114.6978 -8.370553 223 -114.5412 -10.26275 223 -116.4206 -10.76635 223 -76.57068 77.32234 20.0007 -95.70558 72.49338 20.00026 -73.2321 79.44511 20.00066 -91.83615 72.61733 20.00065 -87.77226 73.18131 20.00072 -70.13505 81.90816 20.00051 -67.31422 84.68426 20.00069 -83.82251 74.18684 20.00078 -64.8009 87.74295 20.00049 -80.11412 75.56303 20.00062 -62.62336 91.05042 20.00051 -60.80634 94.56954 20.00037 -59.36986 98.26237 20.0002 -63.61507 -89.44515 20.00085 -61.62511 -92.86496 20.00103 -97.68833 -72.58328 20.00003 -75.01409 -78.2512 20.0006 -89.78077 -72.85079 20.0002 -71.78112 -80.53251 20.0006 -65.9536 -86.2546 20.00095 -68.68874 -83.24988 20.00091 -85.89398 -73.60746 20.00025 -93.72686 -72.50798 20.0001 -82.10956 -74.7693 20.00039 -60.04195 -96.39116 20.0004 -78.46968 -76.32295 20.00041 75.38919 78.0168 20.00074 63.84073 89.1102 20.00001 72.07358 80.30426 20.00044 86.77525 73.39636 20.00049 90.74803 72.72616 20.00042 66.26561 85.88197 20.00019 94.77339 72.48589 20.00021 98.8044 72.67945 20.00011 69.02062 82.93576 20.00045 59.39936 98.15656 20.00092 82.75274 74.53311 20.00089 61.29099 93.49835 19.99984 78.9291 76.09892 20.00071 77.28047 -76.93258 20.00044 98.74369 -72.66836 20.00051 94.72166 -72.48619 20.00022 73.83655 -79.02262 20.00072 89.69524 -72.84549 19.99987 70.52587 -81.55861 20.00108 67.54384 -84.43244 20.001 84.74736 -73.91399 20.00013 64.96214 -87.52289 20.0009 62.72526 -90.87448 20.00095 80.93107 -75.22295 20.00034 60.85974 -94.44901 20.00071 59.38753 -98.20644 20.00036 -116.4206 10.76635 248 -134.1048 15.50482 248 -134.1048 -15.50482 248 -116.4206 -10.76635 248 -113.7792 -7.092589 223 -114.0148 0 223 -113.7792 7.092589 223 -113.9755 -2.365555 248 -113.7792 -7.092589 248 -113.9755 2.365555 248 -113.7792 7.092589 248 -137.3629 -13.24494 248 -137.8513 -6.628517 248 -138.0042 1.822547 248 -137.4236 13.19863 248 -136.5049 4.710211 248 -114.4737 0 248 -126 11.51327 248 -135.4171 6.622813 248 -123.8073 11.30251 248 -133.9846 -8.29419 248 -135.4172 -6.622771 248 -123.8073 -11.30251 248 -132.2601 -9.662445 248 -121.6947 -10.67792 248 -119.7399 -9.662447 248 -114.7911 2.626116 248 -118.0154 -8.294229 248 -136.5049 -4.710211 248 -133.9847 8.294137 248 -115.4951 4.710161 248 -130.3053 -10.67793 248 -116.5828 -6.622747 248 -137.2089 -2.625988 248 -132.2601 9.662465 248 -128.1927 -11.30252 248 -116.5828 6.622766 248 -118.0154 8.294199 248 -119.7399 9.662446 248 -126 -11.51327 248 -121.6947 10.67792 248 -115.4951 -4.710134 248 -137.5263 0 248 -130.3053 10.67793 248 -137.2089 2.625988 248 -128.1927 11.30252 248 -114.7911 -2.626116 248 -140 -25.38194 8.142325 -140 -51.95133 9.473375 -181.3437 -84.43753 170.7362 -139.9999 -94.22563 111.1997 -140 -94.74756 117.5645 -140.0036 -84.32888 174.5475 -193.9999 -92.72781 135.6577 -172.0222 -82.45901 175.8895 -140 -94.99214 123.6913 -193.9997 -93.05333 121.2814 -168.4415 -81.32115 178.4971 -140 -80.72354 181.7938 -140 -94.93012 130.2967 -165.281 -80.02905 181.2198 -193.9998 -93.08431 128.9571 -140.0001 -71.29549 31.47864 -140 -76.90489 188.5368 -162.2523 -78.46077 184.3151 -140.0013 -77.08567 46.0965 -139.9996 -94.53366 136.6623 -139.9978 -81.38449 57.9209 -159.9989 -77.02364 186.9728 -140 -72.87895 194.9373 -157.8436 -75.3478 189.9048 -139.9993 -93.81145 142.8406 -175.6703 -83.37931 173.6217 -191.4941 -86.9943 163.1673 -139.9988 -84.89453 68.5625 -140 -87.79263 78.41324 -155.7063 -73.29329 193.304 -153.6215 -70.75808 197.2487 -152.0077 -68.24665 200.9495 -140 -68.45899 201.3739 -140 -66.11734 19.29872 -140.0007 -92.68815 149.2973 -140.0006 -90.18579 87.79701 -139.9997 -91.18964 155.6584 -139.9999 -91.99655 96.27996 -140.0001 -89.10053 162.6013 -140.0002 -93.27207 103.74 -140 -86.80287 168.7844 -187.9824 -85.22217 168.2246 -149.2646 -51.57263 210.2225 -140 -29.0735 211.6967 -149.305 -36.61285 211.0051 -140 -51.74534 210.5374 -140 24.96886 211.8748 -140 51.74634 210.5373 -149.2646 51.57241 210.2225 -149.305 36.61285 211.0051 -140 84.54767 67.4332 -191.1958 86.8534 163.5962 -140 94.24832 139.4816 -140 94.81123 132.8723 -140 80.90721 56.53423 -140 95.00723 125.9863 -193.9998 92.98348 131.7137 -140.0001 76.21179 43.7992 -140 94.82083 118.8245 -194 93.12013 125.2424 -140 68.45777 201.3756 -140 73.16981 194.4942 -153.6995 70.85668 197.099 -152.0033 68.24658 200.9497 -155.6171 73.19213 193.4627 -140 77.42992 187.654 -157.8235 75.33015 189.9347 -160.0951 77.08502 186.8583 -140 80.93455 181.3966 -163.147 78.96443 183.3457 -167.2427 80.89228 179.4405 -140 71.36425 31.66088 -139.9999 94.23194 111.3145 -139.9967 84.31029 174.5891 -140 66.11621 19.29618 -173.4484 82.86841 174.927 -140.0001 86.60939 169.2656 -179.0753 84.04527 171.8327 -183.7856 84.7559 169.7553 -187.9819 85.22248 168.2256 -140.0001 93.23353 103.4842 -140 88.6983 163.7339 -140 90.56506 157.9337 -140.0017 91.76047 95.09207 -140.0029 92.28396 151.1852 -140.0001 89.92552 86.68875 -140.0021 93.42449 145.3726 -140 87.40113 76.98555 -140 29.10552 8.303892 -140 51.95416 9.473526 -140 -3.173349 7.717971 -140 13.55388 7.842086 -149.3021 22.57587 211.5998 -149.3006 8.538887 211.9125 -140 3.173349 212.282 -149.3005 -6.505029 211.9344 -140 -13.55388 212.1579 -149.302 -21.55894 211.632 -164.4983 11.04574 186.5288 -167.1557 20.80749 184.0174 -168.3693 12.04458 183.2918 -169.9972 -74.05165 178.1952 -152.6829 -64.57512 199.7876 -165.1213 -69.31509 182.5363 -175.6975 -76.75468 174.3998 -150.5617 -60.26973 205.3923 -161.8814 21.78395 188.8126 -159.1277 17.93281 192.0979 -157.9493 22.9347 193.458 -168.891 -67.27761 179.6952 -158.9143 -57.57762 190.1954 -155.4642 -52.25259 195.612 -158.1161 -47.44321 192.0118 -156.3546 -58.85264 193.6634 -173.0283 -68.9275 176.7618 -176.9922 -71.28842 174.3148 -161.2218 -66.9387 186.631 -155.6912 -37.76314 196.1793 -153.5026 -41.84523 199.8204 -158.1741 29.31991 192.9489 -160.9579 29.17389 189.5538 -152.505 -57.09732 200.8168 -150.8555 -42.05471 205.9091 -155.6912 37.76341 196.1793 -157.9494 35.69405 192.9183 -171.8265 -60.43946 178.3245 -176.1584 -57.62773 176.0512 -159.1279 40.57173 191.1403 -153.1266 32.17083 201.0962 -153.5026 41.84528 199.8204 -163.7356 24.20119 186.8875 -164.4149 31.05656 185.977 -161.8819 36.42983 188.1929 -153.1293 -32.20947 201.089 -155.2879 -29.4987 197.231 -168.3908 31.16123 182.6715 -181.2746 -78.81301 171.4816 -166.7567 38.53146 183.5758 -172.3974 -52.87018 178.5966 -168.3639 -45.58807 181.8801 -172.9967 -45.28494 178.774 -178.0375 -51.25726 175.6145 -155.7905 -22.31834 196.6719 -153.5064 -22.88216 200.6998 -176.8536 -39.96163 176.9574 -187.9788 -72.37023 169.7575 -161.1768 48.07138 188.2661 -158.1161 47.44332 192.0118 -171.7355 -35.96401 180.1162 -164.4191 46.42925 185.1163 -168.3638 45.58776 181.8802 -155.5896 -12.2612 197.2596 -153.0805 -10.74199 201.8552 -150.9912 -29.91251 206.168 -172.9992 -26.41112 179.7688 -158.9143 57.57768 190.1954 -162.2661 58.22999 186.3025 -168.3908 -31.1614 182.6715 -156.3546 58.85264 193.6634 -183.4589 -73.63066 171.1957 -183.2104 -63.94543 172.277 -178.1295 -64.62058 174.4194 -158.1331 66.42579 190.4507 -161.1802 67.25835 186.6482 -176.7834 -21.1338 177.8453 -167.4485 57.86253 181.6573 -171.8265 60.43946 178.3245 -172.3974 52.87018 178.5966 -164.3211 58.07481 184.3064 -187.9818 -59.73686 170.9843 -171.2003 -19.13465 181.1485 -155.6959 -1.708128 197.1948 -153.4948 2.031654 201.0821 -155.5677 12.26291 197.2908 -173.0167 -11.84259 180.1669 -178.1017 -12.13737 177.4127 -168.3883 -7.306746 183.3454 -153.1715 14.1615 201.6014 -153.5096 23.02586 200.6888 -164.3248 69.11315 183.2856 -168.3007 69.81188 179.8695 -181.7038 -58.04049 173.4159 -171.7433 -2.254219 181.0574 -176.7708 -2.249738 178.1777 -166.5705 75.34357 180.66 -150.9883 -12.53884 206.7022 -155.7906 22.39276 196.6692 -155.2879 29.4987 197.231 -183.6433 -51.42873 173.1741 -172.3974 4.796652 180.6361 -177.5003 4.776673 177.8012 -173.0168 11.84283 180.1668 -187.9732 -46.94855 172.0253 -183.5057 -43.71072 173.7773 -176.7834 21.13363 177.8453 -178.1016 12.13767 177.4127 -171.2003 19.13465 181.1485 -155.4642 52.25314 195.6119 -172.9992 26.41102 179.7688 -150.8223 -0.191294 207.2321 -150.8125 17.91158 207.037 -171.7355 35.96342 180.1162 -176.8537 39.96142 176.9574 -187.9878 -31.77987 172.8996 -181.7038 -36.81783 174.9089 -172.9968 45.28457 178.7739 -155.4847 65.21086 194.4838 -183.2606 -27.13082 174.7437 -178.0375 51.25715 175.6145 -176.7299 59.83548 175.5588 -178.0758 -31.01013 176.8243 -173.5636 66.97529 176.6408 -187.9818 -17.08829 173.4214 -172.1278 71.17247 177.0912 -176.1206 77.36991 174.1047 -178.1564 69.45809 173.9304 -171.5078 76.284 176.9316 -150.9874 30.06481 206.1704 -181.7038 -18.41575 175.6615 -182.2995 74.69198 171.532 -158.1369 -66.44554 190.4443 -183.3392 -8.597611 175.2064 -187.9753 -2.546702 173.6528 -164.3211 -58.07482 184.3064 -150.8555 42.05497 205.9091 -155.4783 -65.37318 194.4796 -152.7246 54.32732 200.5749 -162.2661 -58.22999 186.3025 -167.4486 -57.86252 181.6573 -181.7038 0 175.9124 -161.1768 -48.0716 188.2661 -183.3392 8.598106 175.2065 -187.9855 14.45952 173.4972 -150.5617 60.26973 205.3923 -164.419 -46.42942 185.1164 -181.7038 18.41575 175.6615 -159.1279 -40.57173 191.1403 -152.4363 62.46694 200.4945 -183.2607 27.1308 174.7436 -187.9878 31.77992 172.8996 -178.0757 31.01014 176.8243 -158.1745 -29.32178 192.9484 -157.9493 -35.69338 192.9184 -160.9579 -29.17389 189.5538 -181.7038 36.81783 174.9089 -166.7567 -38.53146 183.5758 -183.5057 43.71124 173.7773 -187.9732 46.9486 172.0253 -157.949 -22.90741 193.4594 -183.6434 51.42876 173.1741 -164.4149 -31.05669 185.977 -187.9801 61.62571 170.8325 -158.1604 -10.12916 193.5075 -159.1277 -17.91449 192.0984 -181.7038 58.04049 173.4159 -161.192 -11.00549 189.8337 -183.1849 64.24797 172.2555 -167.1563 -20.80931 184.0169 -187.9818 76.7386 169.253 -157.9502 -3.486814 193.8272 -153.5135 -59.37072 198.5385 -167.8264 -14.42017 183.6633 -164.5304 -8.282135 186.531 -158.1329 9.770011 193.5408 -159.1277 1.509183 192.3286 -161.2209 11.14438 189.7968 -167.1447 1.601052 184.3387 -151.5711 -38.58538 204.2487 -151.0676 -20.38652 206.1897 -151.569 -2.148104 205.3069 -151.5698 20.70779 205.0042 -151.5711 38.58538 204.2487 -161.8818 -36.42999 188.1929 -153.5135 59.37072 198.5385 -161.8815 -21.76988 188.8129 -163.7356 -24.20119 186.8875 -163.3662 -15.61489 187.4909 -161.8826 -2.422168 189.1514 -162.507 2.87233 188.4735 -198 -23.63489 39.95829 -198 -32.13489 35.05081 -198 -40.63489 39.95829 -198 -40.63489 49.77325 -198 -32.13489 54.68073 -198 -23.63489 49.77325 -198 -35.0235 51.25562 -198 -33.41967 51.75954 -198 -31.44856 51.85536 -198 -38.84315 42.82347 -198 -39.13648 44.47863 -198 -38.16433 41.28569 -198 -29.74075 51.44362 -198 -39.02749 46.156 -198 -28.36313 50.77772 -198 -37.13915 39.95375 -198 -38.52241 47.75933 -198 -35.82658 38.9041 -198 -37.65027 49.19638 -198 -25.26738 43.45082 -198 -25.12799 45.12546 -198 -25.80122 41.85742 -198 -26.69885 40.43682 -198 -27.90878 39.27051 -198 -36.46121 50.38454 -198 -34.30176 38.19688 -198 -32.65258 37.87285 -198 -27.0417 49.6846 -198 -26.04138 48.33445 -198 -25.39105 46.78513 -198 -30.97371 37.95058 -198 -29.36158 38.42555 -204.9045 -28.56439 50.92766 -204.9017 -26.94462 49.58015 -204.9024 -25.96679 48.20018 -204.9031 -25.34771 46.62577 -204.9038 -25.12375 44.94844 -204.9045 -25.30826 43.26589 -204.8964 -26.07552 41.29558 -204.8964 -27.41099 39.68331 -204.8972 -28.78657 38.70445 -204.8979 -30.35674 38.08262 -204.8986 -32.03051 37.85421 -204.8994 -33.71082 38.03285 -204.9002 -35.30009 38.6085 -204.9009 -36.70581 39.54804 -204.9017 -37.84602 40.79711 -204.9025 -38.65417 42.28326 -204.9032 -39.08298 43.92026 -204.9039 -39.1071 45.6127 -204.9046 -38.72482 47.26203 -204.8965 -37.73756 49.11779 -204.8964 -36.21672 50.56814 -204.8972 -34.73531 51.37852 -204.898 -33.10284 51.81134 -204.8984 -30.99343 51.8035 -205.7 -27.44152 40.81456 -205.7 -28.72841 41.92538 -205.7 -28.10419 42.86491 -205.7006 -29.30544 39.29877 -205.7006 -29.70612 50.61996 -205.7 -29.88489 48.76288 -205.7 -30.92475 49.2 -205.7 -28.9864 48.0809 -205.7 -36.57187 44.11531 -205.7006 -38.37078 44.53263 -205.7 -36.24584 43.03546 -205.7006 -37.45812 41.59931 -205.7 -36.61911 45.24232 -205.7 -37.99002 46.90475 -205.7 -26.58148 42.10903 -205.7006 -27.25728 48.76666 -205.7 -28.28575 47.19689 -205.7 -35.66151 42.07061 -205.7 -26.07037 43.57672 -205.7 -27.73323 43.93017 -205.7 -27.82695 46.16641 -205.7 -36.38458 46.34567 -205.7 -37.299 48.2968 -205.7006 -25.98817 45.9694 -205.7 -27.63884 45.05421 -205.7 -34.85558 41.28139 -205.7006 -35.25775 39.45676 -205.7 -35.88303 47.35603 -205.7005 -35.63263 50.0389 -205.7 -33.87871 40.71739 -205.7 -34.71469 48.57754 -205.7 -32.79226 40.41405 -205.7006 -32.30215 38.62248 -205.7 -31.66451 40.39042 -205.7 -33.16247 49.24688 -205.7006 -32.7425 51.08153 -205.7 -30.56632 40.648 -205.7 -32.04064 49.36479 -205.7 -29.56668 41.1706 -206.7 -28.2223 44.03413 -208.2 -28.73029 42.71318 -208.2 -28.131 44.52956 -206.7 -28.55204 43.08723 -206.7 -28.17949 45.6272 -208.2 -28.30561 46.0219 -206.7 -30.65837 48.61341 -208.2 -30.49037 48.54279 -208.2 -28.92235 47.2957 -208.2 -32.46521 48.88022 -206.7 -29.03555 47.43852 -206.7 -32.64646 48.86117 -208.2 -33.98807 48.41059 -206.7 -34.42798 48.16516 -208.2 -35.1765 47.49118 -206.7 -35.46657 47.07934 -208.2 -35.91239 46.18124 -206.7 -35.91239 46.18124 -208.2 -36.12086 45.20048 -206.7 -36.14935 44.69754 -208.2 -35.98138 43.70443 -206.7 -35.62663 42.85762 -208.2 -35.26966 42.38118 -206.7 -34.55328 41.67965 -208.2 -34.14389 41.3861 -206.7 -33.21539 40.99579 -208.2 -32.71922 40.90868 -206.7 -31.71677 40.88768 -208.2 -31.21736 40.95394 -206.7 -30.7406 41.11664 -208.2 -29.85203 41.58118 -206.7 -29.44634 41.87982 -206.7 -29.56668 41.1706 -206.7 -30.56632 40.648 -206.7 -36.38458 46.34567 -206.7 -31.66451 40.39042 -206.7 -29.88489 48.76288 -206.7 -28.9864 48.0809 -206.7 -35.88303 47.35603 -206.7 -28.72841 41.92538 -206.7 -32.79226 40.41405 -206.7 -30.92475 49.2 -206.7 -33.87871 40.71739 -206.7 -27.86609 43.37921 -206.7 -35.14598 48.20993 -206.7 -32.04064 49.36479 -206.7 -34.21972 48.85369 -206.7 -34.85558 41.28139 -206.7 -33.16247 49.24688 -206.7 -35.66151 42.07061 -206.7 -27.63884 45.05421 -206.7 -36.24584 43.03546 -206.7 -27.82695 46.16641 -206.7 -36.57187 44.11531 -206.7 -28.28575 47.19689 -206.7 -36.61911 45.24232 -208.2 -28.00687 49.08116 -208.2 -27.08824 47.92213 -208.2 -37.70671 46.80609 -208.2 -38.01419 45.35947 -208.2 -30.07831 39.33581 -208.2 -28.76768 40.02099 -208.2 -29.18489 49.97532 -208.2 -31.51817 38.99809 -208.2 -37.04912 48.13078 -208.2 -27.66862 41.01059 -208.2 -30.54826 50.54843 -208.2 -32.99678 39.02907 -208.2 -36.08276 49.25033 -208.2 -32.01133 50.76448 -208.2 -34.42123 39.42678 -208.2 -34.86833 50.09437 -208.2 -33.48216 50.60989 -208.2 -26.85019 42.24242 -208.2 -35.70202 40.16625 -208.2 -26.36382 43.63909 -208.2 -36.75868 41.201 -208.2 -26.24006 45.11284 -208.2 -37.52481 42.46603 -208.2 -26.4867 46.57106 -208.2 -37.95226 43.88183 -209.2 -26.24006 45.11284 -209.2 -29.18489 49.97532 -209.2 -30.54826 50.54843 -209.2 -26.4867 46.57106 -209.2 -27.08824 47.92213 -209.2 -32.01133 50.76448 -209.2 -28.00687 49.08116 -209.2 -33.48216 50.60989 -209.2 -34.86833 50.09437 -209.2 -36.08276 49.25033 -209.2 -37.04912 48.13078 -209.2 -37.70671 46.80609 -209.2 -38.01419 45.35947 -209.2 -37.95226 43.88183 -209.2 -37.52481 42.46603 -209.2 -36.75868 41.201 -209.2 -35.70202 40.16625 -209.2 -34.42123 39.42678 -209.2 -32.99678 39.02907 -209.2 -31.51817 38.99809 -209.2 -30.07831 39.33581 -209.2 -28.76768 40.02099 -209.2 -27.66862 41.01059 -209.2 -26.85019 42.24242 -209.2 -26.36382 43.63909 -209.2 -33.80248 47.38483 -209.2 -34.63365 46.52595 -209.2 -33.29743 42.10018 -209.2 -32.12975 41.84476 -209.2 -29.34796 46.03176 -209.2 -35.10335 45.42687 -209.2 -34.19921 42.66007 -209.2 -29.13752 44.9914 -209.2 -35.00648 43.92739 -209.2 -29.28903 43.87472 -209.2 -30.30295 47.27925 -209.2 -29.8639 42.90551 -209.2 -31.69464 47.84693 -209.2 -30.67505 42.22089 -209.2 -32.81994 47.78651 -205.7 -29.61114 43.189 -205.7 -29.11952 44.68117 -205.7 -30.9015 47.62354 -205.7 -29.26293 45.73287 -205.7 -32.07206 47.86511 -205.7 -29.77325 46.73761 -205.7 -33.2517 47.67278 -205.7 -34.41608 46.83486 -205.7 -34.96802 45.85237 -205.7 -35.15535 44.80758 -205.7 -34.87553 43.64556 -205.7 -34.29686 42.7557 -205.7 -33.01294 41.97518 -205.7 -31.8213 41.8822 -205.7 -30.79617 42.15757 -219 12.19013 34.27343 -219 11.19266 34.46598 -219 -10.6258 57.02964 -219 -10.35783 56.06067 -219 -11.57594 56.29965 -219 -10.23789 33.93731 -219 -10.56924 32.98241 -219 -11.51803 33.64685 -219 -10.87509 34.44579 -219 -11.92356 34.53032 -219 10.56158 56.07527 -219 12.21459 55.52854 -219 11.1777 55.57618 -219 10.82975 57.05832 -219 -11.91433 55.50177 -219 10.56158 33.9467 -219 10.59933 32.93395 -219 -10.91811 55.42976 -219 11.82065 56.37512 -219 11.43997 33.28372 -196.65 12.22834 55.459 -196.65 12.21695 34.5202 -196.65 -10.52713 57.05832 -196.65 -11.92356 55.49164 -196.65 -11.91433 34.5202 -196.65 14.15131 32.51099 -196.65 2.15131 26.51099 -196.65 14.15131 57.51099 -196.65 2.15131 63.51099 -196.65 -1.84869 63.51099 -196.65 -13.84869 57.51099 -196.65 -13.84869 32.51099 -196.65 -1.84869 26.51099 -196.65 -11.51803 56.37512 -196.65 10.9284 32.99232 -196.65 11.87857 33.72232 -196.65 11.87856 56.29965 -196.65 10.92841 57.02964 -196.65 -11.57595 33.72232 -196.65 -10.58624 32.97216 -214 10.57008 56.0804 -214 -10.28723 56.07032 -214 11.201 55.52012 -214 11.21064 34.57243 -214 10.66044 33.9613 -214 -10.37872 33.9751 -214 -10.9181 34.5922 -214 -10.88459 55.54102 -198 40.53129 40.23242 -198 32.03129 35.32494 -198 23.53129 40.23242 -198 23.53129 50.04737 -198 32.03129 54.95485 -198 40.53129 50.04737 -198 36.2573 39.54455 -198 34.80455 38.69966 -198 29.1428 51.5298 -198 30.74653 52.03366 -198 32.71761 52.1295 -198 25.32304 43.09761 -198 25.0297 44.75272 -198 26.00181 41.55989 -198 34.42543 51.71775 -198 35.80306 51.05183 -198 25.1387 46.43015 -198 27.02702 40.22789 -198 25.64375 48.03339 -198 28.3397 39.17817 -198 26.51588 49.47044 -198 38.89882 43.72499 -198 39.03819 45.39967 -198 38.36499 42.13158 -198 37.46734 40.71094 -198 27.70501 50.65869 -198 37.12453 49.95869 -198 29.86434 38.47103 -198 31.5136 38.14698 -198 38.1248 48.60857 -198 38.77515 47.05919 -198 33.19247 38.2247 -204.9045 35.60182 51.20177 -204.9017 37.22152 49.85434 -204.9024 38.19943 48.47425 -204.9031 38.81848 46.89986 -204.9038 39.04243 45.22251 -204.9045 38.85794 43.54005 -204.8964 38.09066 41.5697 -204.8964 36.75518 39.95743 -204.8972 35.37965 38.9786 -204.8979 33.80945 38.35674 -204.8986 32.13555 38.12834 -204.8994 30.45534 38.30698 -204.9002 28.8661 38.88262 -204.9009 27.46037 39.82218 -204.9017 26.32012 41.0713 -204.9025 25.51199 42.55742 -204.9032 25.0832 44.1944 -204.9039 25.05909 45.88685 -204.9046 25.44139 47.53623 -204.8965 26.42867 49.39197 -204.8964 27.94951 50.84231 -204.8972 29.43082 51.65263 -204.898 31.06346 52.08547 -204.8984 33.17271 52.07764 -205.7 36.72466 41.08869 -205.7006 34.86076 39.5729 -205.7 35.43777 42.1995 -205.7006 34.46005 50.89408 -205.7 34.28129 49.03701 -205.7 33.24143 49.47413 -205.7 35.17978 48.35503 -205.7 27.59431 44.38944 -205.7006 25.7954 44.80675 -205.7 37.58471 42.38316 -205.7 36.3001 43.65335 -205.7 27.92034 43.30958 -205.7006 26.70805 41.87345 -205.7006 36.90885 49.04084 -205.7 35.88043 47.47102 -205.7 27.54708 45.51645 -205.7 26.17616 47.17887 -205.7 38.09581 43.85084 -205.7 28.50468 42.34473 -205.7 36.33923 46.44054 -205.7006 38.17803 46.2435 -205.7 36.52735 45.32834 -205.7 27.98247 47.14975 -205.7 26.86718 48.57093 -205.7 29.3106 41.55551 -205.7006 28.90839 39.73091 -205.7005 28.53359 50.31304 -205.7 30.28748 40.99151 -205.7 29.02021 48.48405 -205.7 31.37392 40.68817 -205.7006 31.86404 38.89661 -205.7 29.94646 49.12781 -205.7 32.50167 40.66455 -205.7 31.00372 49.521 -205.7006 31.42368 51.35565 -205.7 33.59987 40.92213 -205.7 32.12553 49.63891 -205.7 34.59951 41.44472 -206.7 36.0171 45.72159 -208.2 36.02779 45.3074 -208.2 35.74719 46.69458 -208.2 35.86424 43.9016 -206.7 35.80431 43.72949 -206.7 34.03129 48.604 -208.2 33.58835 48.84392 -206.7 35.24382 47.56985 -208.2 34.82995 47.99779 -206.7 32.52939 49.137 -208.2 31.70101 49.15436 -206.7 30.54219 48.88256 -208.2 30.17811 48.68471 -208.2 29.35477 48.11248 -206.7 28.98971 47.76535 -208.2 28.69961 47.35346 -206.7 28.25379 46.45536 -208.2 28.10112 45.97531 -206.7 28.01684 44.97161 -208.2 28.08731 44.47282 -206.7 28.37711 43.51295 -208.2 28.59444 43.0585 -206.7 29.27886 42.19898 -208.2 29.93893 41.69795 -206.7 30.48123 41.45244 -208.2 31.85588 41.1157 -206.7 32.03808 41.11188 -208.2 33.81623 41.52895 -206.7 33.42558 41.39077 -206.7 34.71987 42.15396 -208.2 35.05928 42.52621 -206.7 27.7816 46.6198 -206.7 28.28315 47.63016 -206.7 35.05591 41.78068 -206.7 33.59987 40.92213 -206.7 34.28129 49.03701 -206.7 33.24143 49.47413 -206.7 32.50167 40.66455 -206.7 31.37392 40.68817 -206.7 29.02021 48.48405 -206.7 32.12553 49.63891 -206.7 29.94646 49.12781 -206.7 30.28748 40.99151 -206.7 31.00372 49.521 -206.7 36.062 43.13904 -206.7 29.3106 41.55551 -206.7 36.43296 44.20429 -206.7 28.50468 42.34473 -206.7 36.48823 45.89371 -206.7 27.92034 43.30958 -206.7 27.59431 44.38944 -206.7 35.88043 47.47102 -206.7 27.54708 45.51645 -206.7 35.17978 48.35503 -208.2 34.9813 50.24945 -208.2 36.15931 49.35528 -208.2 27.11706 48.40491 -208.2 26.45948 47.08021 -208.2 34.08787 39.60993 -208.2 35.3985 40.29512 -208.2 33.61792 50.82255 -208.2 32.64801 39.27222 -208.2 28.08342 49.52445 -208.2 36.49757 41.28472 -208.2 32.15485 51.0386 -208.2 31.16941 39.30319 -208.2 29.29785 50.3685 -208.2 37.31599 42.51655 -208.2 30.68403 50.88401 -208.2 29.74495 39.7009 -208.2 28.46416 40.44037 -208.2 37.80236 43.91322 -208.2 27.4075 41.47512 -208.2 37.92612 45.38696 -208.2 26.64138 42.74015 -208.2 37.67948 46.84518 -208.2 26.21392 44.15596 -208.2 37.07794 48.19626 -208.2 26.15199 45.6336 -209.2 37.80236 43.91322 -209.2 37.92612 45.38696 -209.2 37.67948 46.84518 -209.2 34.9813 50.24945 -209.2 33.61792 50.82255 -209.2 37.07794 48.19626 -209.2 32.15485 51.0386 -209.2 36.15931 49.35528 -209.2 30.68403 50.88401 -209.2 29.29785 50.3685 -209.2 28.08342 49.52445 -209.2 27.11706 48.40491 -209.2 26.45948 47.08021 -209.2 26.15199 45.6336 -209.2 26.21392 44.15596 -209.2 26.64138 42.74015 -209.2 27.4075 41.47512 -209.2 28.46416 40.44037 -209.2 29.74495 39.7009 -209.2 31.16941 39.30319 -209.2 32.64801 39.27222 -209.2 34.08787 39.60993 -209.2 35.3985 40.29512 -209.2 36.49757 41.28472 -209.2 37.31599 42.51655 -209.2 30.0239 47.36933 -209.2 29.35642 46.54403 -209.2 31.28492 42.21253 -209.2 29.96694 42.93423 -209.2 35.01885 45.64521 -209.2 34.39297 47.01169 -209.2 29.04182 45.39093 -209.2 34.87718 44.14889 -209.2 29.15971 44.20153 -209.2 33.53129 47.73797 -209.2 34.10303 42.94116 -209.2 32.54009 48.11776 -209.2 32.78751 42.21506 -209.2 31.04256 47.99453 -205.7 34.89276 44.14345 -205.7 33.80288 47.58693 -205.7 35.00258 45.64246 -205.7 32.40487 48.13772 -205.7 34.59739 46.69398 -205.7 30.91446 47.94689 -205.7 30.0239 47.36933 -205.7 29.29565 46.4216 -205.7 29.02046 45.01371 -205.7 29.29066 43.91969 -205.7 29.86929 43.02986 -205.7 31.15327 42.24929 -205.7 32.34488 42.15633 -205.7 33.36997 42.43167 -205.7 34.30228 43.17963 -196.5 23.43504 87.52872 -196.5 24.48587 87.96597 -196.5 25.46859 89.52418 -196.5 25.16506 88.75 -196.5 22.5 94.80385 -196.5 13.5 89.6077 -196.5 3.511515 87.54296 -196.5 25.45704 110.4886 -196.5 22.5 105.1962 -196.5 1.834936 88.75 -196.5 2.514145 87.96596 -196.5 25.03401 111.4859 -196.5 1.5459 89.47805 -196.5 24.25 112.1651 -196.5 23.43493 112.4713 -196.5 4.5 94.80385 -196.5 13.5 110.3923 -196.5 3.478109 112.4541 -196.5 4.5 105.1962 -196.5 1.528724 110.4351 -196.5 1.965985 111.4859 -196.5 2.75 112.1651 -199 4.5 94.80385 -199 10.36964 93.72335 -199 13.5 89.6077 -199 8.870466 94.7307 -199 7.678603 96.08737 -199 6.872388 97.70484 -199 18.59554 95.18201 -199 22.5 94.80385 -199 17.26278 94.08252 -199 19.61885 96.57374 -199 6.496688 99.54635 -199 15.70149 93.34223 -199 20.27079 98.17305 -199 13.92727 92.99587 -199 20.51206 99.88288 -199 12.07882 93.13197 -199 22.5 105.1962 -199 20.32824 101.5997 -199 13.5 110.3923 -199 10.85344 106.4943 -199 9.346508 105.6504 -199 12.5207 106.9443 -199 14.24688 106.9732 -199 15.92772 106.5795 -199 17.46172 105.787 -199 4.5 105.1962 -199 6.621747 101.3641 -199 19.73062 103.2193 -199 7.163993 103.0048 -199 8.0913 104.4635 -199 18.75559 104.6436 -209 13.08013 93.00459 -209 14.69065 93.08992 -209 16.31596 93.57816 -209 17.77692 94.443 -209 18.98738 95.63383 -209 19.87638 97.08134 -209 20.39125 98.70034 -209 20.50164 100.3961 -209 20.20083 102.0687 -209 19.50631 103.6202 -209 18.45896 104.9589 -209 17.12011 106.0064 -209 15.56859 106.7009 -209 13.89649 107.0016 -209 12.20055 106.8913 -209 10.58116 106.3763 -209 9.133869 105.4874 -209 7.942939 104.2769 -209 7.078214 102.8161 -209 6.589914 101.1906 -209 6.504583 99.5801 -209 6.787311 97.97013 -209 7.482267 96.39817 -209 8.540751 95.04074 -209 9.898204 93.98225 -209 11.47016 93.2873 -209 9.973289 104.8541 -209 11.29125 105.5787 -208.0002 10.17086 105.0088 -208.0001 11.57354 105.6966 -209 13.5 94 -208 13.89074 94.00032 -209 14.99214 94.1885 -209 8.876921 103.8246 -208.0003 8.99289 103.983 -207.9999 15.81185 94.43175 -209 16.39052 94.74216 -209 8.07104 102.5547 -208.0004 8.119484 102.6899 -209 17.60728 95.62619 -208.0003 17.45167 95.46582 -209 7.606277 101.1243 -208.0005 7.608123 101.2159 -208.0004 18.48588 96.63503 -209 18.56597 96.78504 -209 7.51184 99.62326 -208.0006 7.491866 99.61143 -209 7.793661 98.1459 -208.0005 19.18421 98.03047 -209 19.20634 98.1459 -208.0005 7.815804 98.03045 -209 8.434035 96.78504 -208.0006 19.50814 99.61143 -209 19.48816 99.62326 -208.0004 8.514106 96.63504 -209 19.39373 101.1243 -209 9.39272 95.62619 -208.0005 19.39188 101.216 -208.0003 9.548324 95.46583 -209 18.92896 102.5547 -209 10.60948 94.74216 -208.0004 18.88052 102.6899 -208.0002 10.84932 94.60182 -209 18.12308 103.8246 -209 12.00786 94.1885 -208.0003 18.00711 103.983 -208.0001 12.33012 94.10176 -209 17.02671 104.8541 -208.0002 16.82912 105.0088 -209 15.70875 105.5787 -207.9999 15.06343 105.8229 -209 14.252 105.9527 -208 13.10667 105.9999 -209 12.748 105.9527 -208 17.21132 101.5766 -208 10.98922 96.84666 -208 10.31818 102.4773 -208 15.93859 103.2118 -208 9.75327 98.51162 -208 14.0223 103.9988 -208 16.73769 97.59835 -208 15.11467 96.30717 -208 9.508383 100.57 -208 17.50374 99.52486 -208 11.96808 103.7304 -208 13.5 96 -208 12.46472 96.1363 -210 9.882761 98.22215 -210 14.00166 96.01291 -210.0001 11.19896 96.69183 -210.0001 15.80104 96.69183 -210 12.50524 96.12567 -210 17.11725 98.22216 -210 17.52618 100.2005 -210 16.92306 102.13 -210 15.45838 103.5244 -210 13.5 104.0321 -210 11.54162 103.5244 -210 10.07694 102.13 -210 9.473826 100.2005 -198 41.81496 70 -198 36.90748 61.5 -198 27.09252 61.5 -198 22.18504 70 -198 27.09252 78.5 -198 36.90748 78.5 -198 37.84764 66.09339 -198 25.72415 73.17337 -198 26.9893 74.90463 -198 27.0955 64.98918 -198 28.30856 75.96118 -198 30.21349 76.80184 -198 26.03881 66.30858 -198 28.43717 63.96107 -198 25.19816 68.21356 -198 29.98586 63.28393 -198 32 77 -198 31.65166 62.99707 -198 25.00668 70.74159 -198 38.1766 73.36247 -198 38.88281 71.33769 -198 39.00293 69.65167 -198 38.71607 67.98585 -198 33.33767 63.11719 -198 34.94597 63.63732 -198 33.57921 76.85294 -198 35.56293 76.03887 -198 36.90449 75.01083 -198 36.38312 64.52728 -204.9023 31.63003 77.002 -204.9014 33.31829 76.88677 -204.907 35.34295 76.18708 -204.9032 37.00106 74.9144 -204.9039 38.03326 73.5722 -204.9046 38.71378 72.02109 -204.9015 39.00192 70.36688 -204.9 38.94896 69.15625 -204.8968 38.67858 67.86331 -204.8975 37.97352 66.32773 -204.8982 36.92125 65.00507 -204.899 35.5827 63.97244 -204.8998 34.03547 63.29006 -204.9 32.84376 63.05104 -204.9019 31.52238 63.0045 -204.9009 29.86063 63.32253 -204.9069 27.93321 64.26274 -204.9035 26.44212 65.72552 -204.9042 25.57946 67.18276 -204.9049 25.09128 68.80472 -204.8973 25.02833 70.92404 -204.8971 25.62748 72.92572 -204.8979 26.51246 74.36524 -204.8986 27.71667 75.55165 -204.8994 29.17024 76.41557 -204.9 30.32479 76.7966 -205.7 38.09018 68.83824 -205.7006 37.2339 66.59359 -205.7 36.42029 69.15679 -205.7006 31.22627 76.19766 -205.7 33.11911 74.35863 -205.7 32 74.5 -205.7 28.53269 67.13159 -205.7006 26.7661 66.5936 -205.7 38.18777 70.3893 -205.7 36.49112 70.28256 -205.7 29.35497 66.35942 -205.7006 29.02323 64.50952 -205.7006 34.27362 75.8171 -205.7 34.16789 73.94338 -205.7 27.92828 68.08399 -205.7 25.90982 68.83824 -205.7 37.89655 71.91591 -205.7 36.27975 71.39058 -205.7 30.34344 65.81601 -205.7 35.08046 73.28036 -205.7006 36.77142 74.02912 -205.7 35.79948 72.41123 -205.7 27.57971 69.15679 -205.7 31.436 65.53549 -205.7006 32 63.75423 -205.7 27.55983 70.84701 -205.7 25.81224 70.3893 -205.7 32.564 65.53549 -205.7006 26.38439 72.73115 -205.7 33.65656 65.81601 -205.7006 34.97677 64.50952 -205.7 28.20053 72.41123 -205.7 34.64503 66.35942 -205.7 28.91954 73.28036 -205.7006 28.36587 75.07917 -205.7 35.46731 67.13159 -205.7 29.83211 73.94338 -205.7 36.07172 68.08399 -205.7 30.8809 74.35863 -206.7 35.37731 72.14331 -208.2 35.63556 71.71082 -208.2 34.4407 73.20438 -206.7 35.94683 70.75284 -206.7 31.49642 73.98631 -208.2 32.59512 73.98382 -208.2 31.00524 73.87434 -206.7 34.29326 73.3115 -206.7 30.07299 73.50524 -208.2 29.63832 73.25066 -206.7 32.99476 73.87434 -206.7 28.9041 72.56118 -208.2 28.62269 72.14331 -206.7 28.19577 71.23607 -208.2 28.05318 70.7529 -206.7 28.00789 70.25116 -208.2 28.07085 69.25048 -206.7 28.17867 68.75837 -208.2 28.38069 68.29689 -206.7 28.91795 67.4503 -208.2 29.24949 67.07102 -206.7 29.64886 66.76393 -208.2 30.5275 66.28089 -206.7 31.08679 66.07687 -208.2 31.90889 65.97301 -206.7 32.99924 66.10825 -208.2 33.4725 66.28089 -206.7 34.35114 66.76393 -208.2 34.75051 67.07102 -206.7 35.08205 67.4503 -208.2 35.80174 68.66894 -206.7 35.85805 68.84226 -208.2 35.99211 70.25116 -206.7 27.57971 69.15679 -206.7 27.50888 70.28256 -206.7 32 74.5 -206.7 36.299 68.60317 -206.7 35.46731 67.13159 -206.7 34.64503 66.35942 -206.7 33.65656 65.81601 -206.7 30.8809 74.35863 -206.7 27.72025 71.39058 -206.7 32.564 65.53549 -206.7 29.83211 73.94338 -206.7 28.20053 72.41123 -206.7 28.91954 73.28036 -206.7 36.49112 70.28256 -206.7 31.436 65.53549 -206.7 36.27975 71.39058 -206.7 30.34344 65.81601 -206.7 35.79948 72.41123 -206.7 29.35497 66.35942 -206.7 35.08046 73.28036 -206.7 28.53269 67.13159 -206.7 34.16789 73.94338 -206.7 27.92828 68.08399 -206.7 33.11911 74.35863 -208.2 32 75.9 -208.2 33.46727 75.71464 -208.2 26.11164 70.37046 -208.2 26.20451 68.89445 -208.2 30.53273 75.71464 -208.2 36.54603 66.2392 -208.2 37.33848 67.4879 -208.2 35.46793 65.2268 -208.2 26.38877 71.82321 -208.2 37.79549 68.89445 -208.2 29.15765 75.17021 -208.2 27.01847 73.16138 -208.2 34.17193 64.51432 -208.2 27.96117 74.30092 -208.2 32.73947 64.14653 -208.2 37.88836 70.37046 -208.2 31.26054 64.14653 -208.2 37.61123 71.82321 -208.2 29.82807 64.51432 -208.2 36.98153 73.16138 -208.2 28.53207 65.2268 -208.2 36.03883 74.30092 -208.2 27.45397 66.2392 -208.2 34.84235 75.17021 -208.2 26.66152 67.4879 -209.2 36.98153 73.16138 -209.2 36.03883 74.30092 -209.2 32 75.9 -209.2 30.53273 75.71464 -209.2 34.84235 75.17021 -209.2 29.15765 75.17021 -209.2 33.46727 75.71464 -209.2 27.96117 74.30092 -209.2 27.01847 73.16138 -209.2 26.38877 71.82321 -209.2 26.11164 70.37046 -209.2 26.20451 68.89445 -209.2 26.66152 67.4879 -209.2 27.45397 66.2392 -209.2 28.53207 65.2268 -209.2 29.82807 64.51432 -209.2 31.26054 64.14653 -209.2 32.73947 64.14653 -209.2 34.17193 64.51432 -209.2 35.46793 65.2268 -209.2 36.54603 66.2392 -209.2 37.33848 67.4879 -209.2 37.79549 68.89445 -209.2 37.88836 70.37046 -209.2 37.61123 71.82321 -209.2 29.2963 71.34779 -209.2 32.81731 67.09165 -209.2 31.31507 67.05766 -209.2 33.83055 72.40326 -209.2 29.00592 70.18837 -209.2 34.72668 71.2831 -209.2 29.1487 69.00172 -209.2 29.9823 67.75159 -209.2 32.74607 72.90575 -209.2 34.99408 70.18837 -209.2 31.62232 72.98973 -209.2 34.866 69.0688 -209.2 30.28002 72.4836 -209.2 34.11733 67.84514 -205.7 34.85317 70.92705 -205.7 35.00754 69.81078 -205.7 32 73 -205.7 34.28356 71.97786 -205.7 30.82463 72.78299 -205.7 33.10934 72.80187 -205.7 29.94636 72.18692 -205.7 29.2381 71.22412 -205.7 28.99246 69.81079 -205.7 29.28552 68.72267 -205.7 29.88266 67.84515 -205.7 31.18269 67.09165 -205.7 32.68492 67.05766 -205.7 34.01769 67.75157 -205.7 34.71448 68.72267 -197 1.089293 150.7756 -197 4.119481 141.5751 -197 3.99699 139.5903 -197 23.98838 127.543 -197 3.065095 127.5287 -197 12.91359 130.5062 -197 15.35879 130.6497 -197 17.73888 131.4849 -197 19.78494 132.8319 -197 1.028723 129.5649 -197 2.014151 127.9659 -197 1.334936 128.75 -197 6.0528 145.9172 -197 4.797719 143.8746 -197 6.052396 134.0832 -197 7.795266 132.362 -197 25.9541 150.5219 -197 22.83302 141.9839 -197 4.985205 135.7605 -197 21.93462 144.3968 -197 20.83617 146.0543 -197 10.4348 130.973 -197 19.41713 147.4474 -197 24.27577 152.4107 -197 13.90899 149.503 -197 3.024267 152.4686 -197 25.53399 128.514 -197 24.75 127.8349 -197 4.289835 137.6234 -197 17.73891 148.5151 -197 15.87598 149.2103 -197 1.919831 151.9617 -197 25.46163 151.5803 -197 25.97128 129.5649 -197 22.99378 139.4142 -197 21.6925 135.125 -197 7.795277 147.638 -197 10.00853 148.8479 -197 22.6645 137.453 -197 11.92433 149.3804 -205 7.579996 134.6021 -205 7.215076 132.8318 -205 5.814339 134.416 -205 8.928933 133.4206 -205 6.484122 136.1223 -205 4.842629 136.0085 -205 9.261117 131.4849 -205 10.50794 132.5682 -205 11.64121 130.6497 -205 5.779954 137.859 -205 12.23706 132.0888 -205 4.119481 138.4249 -205 5.497098 139.6304 -205 4.006735 140.8719 -205 13.94923 132.0051 -205 14.08641 130.5062 -205 5.615502 141.4205 -205 16.56521 130.973 -205 4.615369 143.4104 -205 15.64173 132.2802 -205 6.129323 143.1395 -205 17.30512 132.9499 -205 5.570887 145.2539 -205 19.20473 132.362 -205 7.012336 144.7004 -205 19.09875 134.2407 -205 6.77719 146.7232 -205 8.163524 145.9701 -205 20.94758 134.0832 -205 8.316298 147.981 -205 20.51588 136.1223 -205 9.621787 147.0155 -205 22.0148 135.7605 -205 10.17318 148.9111 -205 11.35798 147.7198 -205 21.19457 137.7834 -205 22.71015 137.6234 -205 21.54014 140 -205 12.62835 149.4933 -205 13.61316 148.0313 -205 23.00301 139.5903 -205 22.88053 141.5751 -205 15.07572 149.3804 -205 21.07464 142.6505 -205 15.79501 147.6757 -205 22.3763 143.4071 -205 16.99147 148.8479 -205 17.44544 146.9725 -205 21.52519 145.106 -205 20.03789 144.6384 -205 18.75476 147.9286 -205 18.83651 145.97 -205 20.2878 146.6634 -216 13.38684 148.0313 -216 11.20498 147.6757 -216 9.625899 147.0079 -216 8.157833 145.9766 -216 6.639365 144.1769 -216 5.779954 142.141 -216 5.497098 140.3696 -216 5.695214 138.1027 -216 6.704855 135.7307 -216 8.40384 133.7916 -216 10.74026 132.4569 -216 13.5 131.9598 -216 15.79477 132.3242 -216 17.76952 133.205 -216 19.47685 134.6581 -216 20.50831 136.1265 -216 21.30478 138.1027 -216 21.48958 140.9003 -216 20.87069 143.1394 -216 20.03084 144.6333 -216 18.8422 145.9766 -216 17.30611 147.0496 -216 15.64202 147.7198 -216 13.00118 146.9938 -214 11.9212 146.853 -216 11.34252 146.6714 -216 9.808621 145.9612 -214 9.937154 146.0389 -214 8.595365 145.0107 -216 8.489171 144.9045 -214 7.538755 143.6914 -216 7.461066 143.5629 -214 6.828559 142.1574 -216 6.783877 142.014 -214 6.506134 140.4982 -216 6.497066 140.3483 -214 6.647027 138.421 -216 6.698116 138.2137 -214 7.65234 136.0933 -216 7.773636 135.9176 -214 9.11695 134.5272 -216 9.23518 134.4346 -216 11.10627 133.3874 -214 10.90662 133.4631 -214 13.00125 133.0061 -216 13.60685 132.9683 -214 15.07879 133.147 -216 15.65746 133.3286 -214 17.40657 134.1523 -216 17.58229 134.2736 -214 19.22634 135.9176 -216 19.34764 136.0933 -214 20.30187 138.2137 -216 20.35296 138.421 -216 20.49387 140.4982 -214 20.50293 140.3483 -216 20.17142 142.1574 -214 20.21611 142.014 -216 19.46122 143.6914 -214 19.53892 143.5629 -216 18.08307 145.3341 -214 18.51085 144.9045 -214 16.86236 146.1766 -216 16.30912 146.4243 -214 14.4537 146.9676 -216 14.68966 146.91 -214 16.14965 144.8197 -214 8.856199 142.947 -214 8.269189 141.6996 -214 18.1438 142.947 -214 16.73282 135.5504 -214 15.52468 134.8862 -214 17.26501 144.0093 -214 9.734992 144.0093 -214 17.73782 136.4942 -214 10.85035 144.8197 -214 18.47655 137.6582 -214 9.26218 136.4942 -214 10.26718 135.5504 -214 12.13221 145.3272 -214 8.523451 137.6582 -214 18.90258 138.9694 -214 11.47531 134.8862 -214 18.98915 140.3453 -214 8.09742 138.9694 -214 13.5 145.5 -214 12.81067 134.5434 -214 8.010853 140.3453 -214 14.18933 134.5434 -214 14.86779 145.3272 -214 18.73081 141.6996 -215 18.98915 140.3453 -215 18.73081 141.6996 -215 18.1438 142.947 -215 13.5 145.5 -215 12.13221 145.3272 -215 17.26501 144.0093 -215 16.14965 144.8197 -215 10.85035 144.8197 -215 14.86779 145.3272 -215 9.734992 144.0093 -215 8.856199 142.947 -215 8.269189 141.6996 -215 8.010853 140.3453 -215 8.09742 138.9694 -215 8.523451 137.6582 -215 9.26218 136.4942 -215 10.26718 135.5504 -215 11.47531 134.8862 -215 12.81067 134.5434 -215 14.18933 134.5434 -215 15.52468 134.8862 -215 16.73282 135.5504 -215 17.73782 136.4942 -215 18.47655 137.6582 -215 18.90258 138.9694 -215 12.62959 136.61 -215.0001 13.93866 136.5113 -215 10.50485 141.8638 -215 17.0229 140.1754 -215 11.78638 143.0838 -215 16.66511 138.4444 -215.0001 15.51329 137.1052 -215 9.977099 140.1754 -215 13.49999 143.528 -215 10.33489 138.4444 -215 15.21362 143.0838 -215.0001 11.48669 137.1053 -215 16.49516 141.8638 -214 11.36616 142.8103 -214 10.25257 141.3795 -214 13.04314 143.499 -214 9.996731 139.5842 -214 14.84051 143.2641 -214 16.28404 142.1677 -214 16.99267 140.4987 -214 10.66706 137.8985 -214 16.7784 138.6977 -214 13.95626 136.4926 -214 12.08703 136.7688 -214 15.69688 137.2408 -197 -62.66126 89.47054 -197 -67.97599 82.68962 -197 -63.85243 90.86106 -197 -61.15074 88.43571 -197 -67.97599 157.6896 -197 -62.59747 150.959 -197 -63.81238 149.589 -197 -64.61287 147.9427 -197 -64.95414 146.3559 -197 -64.94599 94.00328 -197 -61.15145 151.9431 -197 -64.64311 92.51239 -197 -59.16334 87.76 -197 -59.09041 152.6369 -197 -11.97599 82.68962 -197 -20.96221 87.73519 -197 -18.94732 88.36367 -197 -17.41314 89.36318 -197 -11.97599 157.6896 -197 -15.006 146.3761 -197 -15.32934 147.946 -197 -16.4637 150.0657 -197 -18.08234 151.5175 -197 -19.64529 152.3046 -197 -21.2436 152.6576 -197 -16.19003 90.72566 -197 -14.99784 94.02319 -197 -15.36125 92.35813 -207 -20.78864 87.76 -207 -21.1408 90.76306 -207 -18.04472 93.90803 -207 -15.006 94.00313 -207 -15.3089 92.51238 -207 -18.78713 148.1364 -207 -15.51887 148.4898 -207 -18.02625 146.451 -207 -18.72151 92.31226 -207 -14.99785 146.3561 -207 -18.80124 88.43571 -207 -19.97599 91.2255 -207 -16.09953 90.8611 -207 -64.94599 146.376 -207 -61.90726 146.4712 -207 -61.92573 93.92827 -207 -17.29068 89.47058 -207 -64.95414 94.02333 -207 -64.59075 92.35814 -207 -63.76193 90.72563 -207 -61.16481 92.24274 -207 -63.55291 149.9691 -207 -61.23052 148.0669 -207 -61.87545 151.526 -207 -64.62266 147.946 -207 -59.97599 149.1537 -207 -60.22809 152.3268 -207 -62.5388 89.36315 -207 -59.97599 91.2255 -207 -61.00466 88.36367 -207 -58.672 149.6437 -207 -58.70838 152.6576 -207 -58.67211 90.73558 -207 -58.98977 87.73519 -207 -20.86157 152.6369 -207 -21.14087 149.6162 -207 -18.35681 151.7259 -207 -19.97599 149.1537 -207 -16.70678 150.3113 -202 -18.02625 93.92828 -202 -18.04472 146.4712 -202 -21.27997 149.6437 -202 -19.5987 148.9441 -202 -18.51189 147.6896 -202 -58.8111 149.6162 -202 -61.92573 146.451 -202 -61.1147 148.2178 -202 -59.97599 149.1537 -202 -61.90726 93.90803 -202 -58.81118 90.76306 -202 -60.50428 91.55094 -202 -61.44009 92.68962 -202 -21.27986 90.73558 -202 -18.83733 92.16132 -202 -19.97599 91.2255 -202 -58.97599 133.6896 -202 -58.97599 106.6896 -202 -20.97599 133.6896 -202 -20.97599 106.6896 -213 -58.97599 106.6896 -213 -20.97599 106.6896 -213 -20.97599 133.6896 -213 -58.97599 133.6896 -197 45.30408 105.9458 -197 64.33271 105.9727 -197 65.88057 85.36947 -197 65.86039 104.6841 -197 64.28978 84.02999 -197 45.55094 84.04138 -197 43.99439 85.42861 -197 43.9761 104.3978 -197 44.97275 95.93055 -197 45.36272 97.91834 -197 46.14469 99.7867 -197 55.0693 105.039 -197 60.31358 86.55852 -197 58.50292 85.65011 -197 56.54649 85.12478 -197 54.52431 85.00405 -197 44.71097 84.40316 -197 47.58271 101.8262 -197 61.90431 87.81285 -197 48.50405 87.31206 -197 46.72054 89.28499 -197 44.31446 105.1956 -197 50.61353 85.97926 -197 45.70638 91.14157 -197 65.13045 84.37979 -197 52.51934 85.29282 -197 45.03182 93.4889 -197 57.53807 104.6762 -197 59.80683 103.773 -197 62.12498 102.0111 -197 63.69974 99.86775 -197 64.52081 97.91825 -197 63.20997 89.36167 -197 64.95439 95.51488 -197 50.06917 103.7865 -197 65.13031 105.6344 -197 64.17711 91.1416 -197 64.76617 93.0797 -197 52.51926 104.7212 -205 55.82976 105.0004 -205 53.33705 104.8892 -205 50.98787 104.22 -205 48.40105 102.6254 -205 46.43368 100.3102 -205 45.26199 97.64494 -205 44.91367 94.49838 -205 45.4165 91.92427 -205 46.43364 89.70387 -205 47.97915 87.81286 -205 49.56983 86.55856 -205 51.38048 85.65013 -205 53.33698 85.12478 -205 55.35916 85.00405 -205 57.82322 85.39696 -205 60.16116 86.46352 -205 61.77413 87.68911 -205 63.10736 89.21424 -205 64.10627 90.97652 -205 64.73001 92.90375 -205 64.96981 95.51568 -205 64.46703 98.08964 -205 63.69203 99.86344 -205 62.54193 101.5314 -205 60.99907 102.9783 -205 58.78093 104.2762 -205 49.66302 101.0335 -205 48.45427 99.70764 -205 51.55932 102.2922 -205 47.571 98.14634 -205 47.03886 96.3498 -205 53.60087 102.9014 -205 46.94777 94.47831 -205 55.39132 103.0105 -205 57.23637 102.6828 -205 47.2472 92.7903 -205 58.81473 102.0156 -205 47.89177 91.20159 -205 60.22042 101.0336 -205 48.9153 89.72826 -205 61.4292 99.70764 -205 50.24099 88.51964 -205 51.87418 87.60104 -205 62.31248 98.14631 -205 54.15494 87.01356 -205 62.82624 96.42749 -205 62.94464 94.63742 -205 56.3621 87.12249 -205 62.66174 92.86583 -205 58.08093 87.63623 -205 61.9917 91.20161 -205 59.64256 88.5197 -205 60.96815 89.72824 -221 55.39077 87.01214 -221 57.08301 87.28704 -221 58.7471 87.95705 -221 60.54066 89.24797 -221 62.12858 91.42041 -221 62.82623 93.58653 -221 62.94464 95.37664 -221 62.66174 97.1482 -221 61.80228 99.18401 -221 60.03785 101.2154 -221 57.59771 102.5958 -221 54.82857 103.0383 -221 52.18196 102.5501 -221 49.84564 101.2154 -221 48.36212 99.57775 -221 47.36708 97.65751 -221 46.91044 95.12017 -221 47.23888 92.78791 -221 47.96879 91.06223 -221 49.02143 89.6095 -221 50.37084 88.42751 -221 51.8775 87.60903 -221 53.59901 87.10414 -221 50.6769 100.5724 -221 49.41862 99.33422 -221 52.54802 101.6196 -221 48.51741 97.81604 -221 47.96763 95.85386 -221 54.94173 102.0324 -221 48.03185 93.81709 -221 57.33546 101.6196 -221 48.66582 91.83378 -221 59.2066 100.5724 -221 50.27285 89.737 -221 60.41445 99.39015 -221 61.30443 97.95298 -221 52.06588 88.61675 -221 61.82455 96.34469 -221 53.67697 88.10559 -221 55.43999 88.01315 -221 61.94467 94.65864 -221 61.65782 92.99288 -221 57.09933 88.33563 -221 58.63322 89.04587 -221 60.98067 91.4442 -221 59.95254 90.1025 -215 55.29005 88.00408 -215 56.95597 88.29096 -215 58.50467 88.96816 -215 59.84635 89.9963 -215 60.90298 91.31567 -215 61.61314 92.8495 -215 61.97346 94.90026 -215 61.65781 97.0212 -215 60.98068 98.56982 -215 59.68456 100.1995 -215 57.53514 101.5439 -215 54.94173 102.0477 -215 52.34834 101.5439 -215 50.55867 100.4798 -215 49.16001 98.99787 -215 48.10562 96.69197 -215 47.94787 94.50868 -215 48.25144 92.92228 -215 48.93722 91.37726 -215 50.03711 89.99632 -215 51.31637 89.01013 -215 53.15519 88.20519 -197 45.59735 145.9819 -197 64.36844 145.9726 -197 65.95273 125.6264 -197 65.8965 144.6841 -197 64.55641 124.0597 -197 45.3572 124.0784 -197 44.00081 125.6591 -197 44.04929 144.6276 -197 59.05152 125.8385 -197 61.17722 127.1456 -197 56.49446 125.106 -197 53.96356 144.9811 -197 44.96658 135.0968 -197 44.37388 124.7764 -197 45.17505 137.0215 -197 45.74251 138.8725 -197 46.75653 140.7288 -197 48.08293 127.7535 -197 46.53172 129.5922 -197 49.68001 126.5063 -197 48.53954 142.7014 -197 44.71364 145.5763 -197 62.98894 128.9672 -197 51.58514 125.5877 -197 45.25743 132.4902 -197 65.54724 124.7429 -197 53.96353 125.0329 -197 56.49458 144.908 -197 58.53899 144.3639 -197 60.27089 143.5003 -197 62.16081 142.0114 -197 63.99258 139.4291 -197 64.80228 136.9343 -197 51.13866 144.2761 -197 65.16661 145.6342 -197 64.21318 131.1414 -197 64.98912 134.9172 -197 64.78067 132.9926 -205 55.86591 145.0004 -205 53.37311 144.8892 -205 50.90417 144.1755 -205 48.77845 142.8684 -205 47.05003 141.1438 -205 45.81334 139.0375 -205 45.16641 137.0233 -205 44.96658 134.9172 -205 45.27238 132.494 -205 46.3968 129.8087 -205 48.07683 127.7471 -205 50.11275 126.241 -205 52.3815 125.3378 -205 54.47031 125.0034 -205 56.49309 125.1147 -205 58.81708 125.7379 -205 61.03518 127.0357 -205 62.57788 128.4825 -205 63.97878 130.5917 -205 64.78932 132.9908 -205 64.98912 135.0968 -205 64.76613 137.1102 -205 64.17436 138.9537 -205 63.24618 140.6521 -205 61.51876 142.6252 -205 58.81704 144.2761 -205 49.29237 140.692 -205 47.69282 138.3897 -205 51.49604 142.2373 -205 47.06666 136.2705 -205 54.07799 142.9966 -205 46.98387 134.4783 -205 56.39789 142.8916 -205 47.4032 132.3565 -205 58.11628 142.3781 -205 48.39806 130.4365 -205 59.61107 141.5379 -205 49.88169 128.7986 -205 60.89825 140.4044 -205 61.99392 138.8842 -205 51.91019 127.601 -205 62.69791 137.148 -205 53.63705 127.1126 -205 62.98074 135.3766 -205 55.42747 127.0035 -205 62.86233 133.5864 -205 57.73759 127.4639 -205 62.34856 131.8676 -205 61.25204 130.0035 -205 59.67877 128.5197 -221 54.86466 126.9757 -221 57.5241 127.3892 -221 59.89716 128.6576 -221 61.51578 130.3687 -221 62.40949 132.0148 -221 62.97129 134.2201 -221 62.78263 136.9043 -221 61.77283 139.2765 -221 59.99045 141.2933 -221 57.96916 142.439 -221 56.24091 142.9182 -221 54.07965 142.9815 -221 51.98653 142.439 -221 49.96525 141.2933 -221 48.11726 139.1839 -221 47.15402 136.7926 -221 46.97494 134.6373 -221 47.27494 132.7881 -221 47.96952 131.1336 -221 49.29289 129.3215 -221 51.17282 127.9568 -221 52.76063 127.3126 -221 50.71282 140.5723 -221 49.50506 139.39 -221 52.16865 141.4312 -221 48.57977 137.887 -221 53.71388 141.8996 -221 48.08507 136.2702 -221 55.32548 142.0099 -221 47.9749 134.6586 -221 57.37123 141.6197 -221 48.26176 132.9929 -221 48.97333 131.3772 -221 59.24287 140.5723 -221 50.39485 129.6728 -221 60.70443 139.0889 -221 52.16877 128.5827 -221 61.64929 137.1643 -221 53.78817 128.097 -221 61.9717 135.5053 -221 55.93153 128.0394 -221 61.88775 133.8171 -221 57.92392 128.6444 -221 61.40211 132.1978 -221 59.36088 129.5342 -221 60.54325 130.7421 -215 54.87098 127.9753 -215 57.37157 128.3944 -215 59.24266 129.4416 -215 60.45064 130.6239 -215 61.34046 132.0609 -215 61.86068 133.6694 -215 61.98077 135.3554 -215 61.69398 137.0209 -215 60.82575 138.9132 -215 59.36108 140.4797 -215 57.92407 141.3695 -215 55.93144 141.9746 -215 53.71239 141.9083 -215 52.03169 141.3696 -215 50.59461 140.4797 -215 49.41243 139.2717 -215 48.36526 137.4008 -215 47.97491 135.3553 -215 48.17597 133.2207 -215 48.98085 131.3817 -215 50.23503 129.8144 -215 52.3845 128.4701 -131.9931 -5.359701 250.8 -134.4942 -7.771842 250.8 -132.8248 -9.272488 250.8 -135.8412 -5.975055 250.8 -130.192 -6.827203 250.8 -133.4622 -2.97156 250.8 -130.8962 -10.42052 250.8 -136.8138 -3.950491 250.8 -128.6416 -7.559188 250.8 -128.7817 -11.17243 250.8 -137.3749 -1.775114 250.8 -134.0122 -0.452772 250.8 -126.8944 -7.966089 250.8 -126.5616 -11.49984 250.8 -137.5038 0.559913 250.8 -125.1002 -7.956764 250.8 -124.3205 -11.39037 250.8 -133.8158 1.780754 250.8 -137.1475 2.876844 250.8 -123.3493 -7.565204 250.8 -122.1429 -10.84818 250.8 -132.9759 3.98141 250.8 -136.3768 4.986948 250.8 -120.1115 -9.893624 250.8 -135.2116 6.906461 250.8 -121.6679 -6.73911 250.8 -118.3039 -8.563002 250.8 -131.2693 6.062123 250.8 -120.3358 -5.660026 250.8 -133.696 8.563105 250.8 -116.7885 -6.906501 250.8 -119.2575 -4.326828 250.8 -131.888 9.893903 250.8 -129.4067 7.251012 250.8 -115.6232 -4.986869 250.8 -118.4637 -2.717731 250.8 -129.8571 10.84819 250.8 -114.8525 -2.876872 250.8 -127.708 7.827259 250.8 -118.0339 -0.894211 250.8 -127.6795 11.39037 250.8 -125.9235 8.011069 250.8 -114.4962 -0.559935 250.8 -118.0487 0.979165 250.8 -125.4384 11.49984 250.8 -123.6711 7.687026 250.8 -114.6251 1.774913 250.8 -118.6244 3.180455 250.8 -123.2183 11.17243 250.8 -115.1862 3.950475 250.8 -121.104 10.42061 250.8 -116.1589 5.975174 250.8 -121.3588 6.546769 250.8 -119.7885 5.059582 250.8 -119.1756 9.272813 250.8 -117.5057 7.771807 250.8 -134.0111 0.076729 260.8 -133.8074 1.778805 260.8 -121.3448 -6.555334 260.8 -119.6851 -4.929944 260.8 -121.7379 6.789179 260.8 -123.8886 7.74958 260.8 -133.7479 -2.117673 260.8 -126.0828 8.011007 260.8 -123.3522 -7.557023 260.8 -120.2812 5.610586 260.8 -125.0992 -7.965373 260.8 -132.614 -4.557481 260.8 -127.8632 7.791766 260.8 -119.2216 4.262931 260.8 -126.8934 -7.957482 260.8 -130.7371 -6.486482 260.8 -129.5502 7.181856 260.8 -118.4346 2.650073 260.8 -128.6445 -7.56736 260.8 -118.0308 0.820911 260.8 -131.0592 6.211938 260.8 -118.0425 -0.893177 260.8 -133.2235 3.475411 260.8 -132.2626 4.989868 260.8 -118.5356 -2.965921 260.8</float_array><technique_common><accessor count="4490" source="#base_link-mesh-slim-pos-array" stride="3"><param type="float" name="X"/><param type="float" name="Y"/><param type="float" name="Z"/></accessor></technique_common></source><vertices id="base_link-mesh-slim-pos-vertices">
          <input semantic="POSITION" source="#base_link-mesh-slim-pos"/>
        </vertices>
        <triangles count="9000" material="link_01_part_001_mtl-material"><input offset="0" semantic="VERTEX" source="#base_link-mesh-slim-pos-vertices"/><input offset="1" semantic="NORMAL" source="#base_link-mesh-slim-nrm"/><p>0 0 112 112 1 1 2 2 3 3 4 4 5 5 119 119 6 6 7 7 8 8 9 9 10 10 120 120 11 11 120 120 12 12 11 11 13 13 5 5 14 14 5 5 6 6 14 14 8 8 15 15 16 16 9 9 8 8 16 16 17 17 9 9 16 16 2606 2606 17 17 16 16 2606 2606 16 16 2614 2614 14 14 6 6 18 18 2614 2614 16 16 2609 2609 11 11 12 12 19 19 12 12 20 20 19 19 14 14 18 18 21 21 22 22 24 24 23 23 0 0 1 1 2656 2656 25 25 2609 2609 26 26 29 29 25 25 26 26 30 30 29 29 26 26 28 28 31 31 27 27 32 32 30 30 26 26 33 33 32 32 26 26 34 34 33 33 26 26 4 4 3 3 35 35 2609 2609 16 16 26 26 0 0 2656 2656 2659 2659 23 23 24 24 36 36 36 36 24 24 37 37 14 14 21 21 38 38 23 23 36 36 39 39 4 4 35 35 40 40 24 24 41 41 37 37 0 0 2659 2659 42 42 20 20 0 0 42 42 34 34 26 26 43 43 27 27 31 31 44 44 31 31 45 45 44 44 41 41 46 46 47 47 40 40 35 35 48 48 37 37 41 41 47 47 35 35 49 49 48 48 38 38 21 21 50 50 23 23 39 39 51 51 47 47 46 46 52 52 53 53 19 19 54 54 19 19 20 20 54 54 20 20 42 42 54 54 52 52 46 46 55 55 4 4 40 40 56 56 57 57 4 4 56 56 53 53 54 54 58 58 55 55 46 46 59 59 49 49 38 38 60 60 48 48 49 49 60 60 44 44 45 45 61 61 45 45 62 62 61 61 53 53 58 58 63 63 57 57 56 56 64 64 70 70 53 53 65 65 53 53 63 63 65 65 66 66 67 67 68 68 69 69 70 70 71 71 68 68 67 67 72 72 70 70 65 65 71 71 67 67 73 73 72 72 62 62 57 57 74 74 61 61 62 62 74 74 57 57 64 64 74 74 50 50 69 69 75 75 69 69 71 71 75 75 72 72 73 73 76 76 50 50 75 75 77 77 66 66 68 68 78 78 38 38 50 50 77 77 51 51 66 66 78 78 60 60 38 38 79 79 38 38 77 77 79 79 60 60 79 79 80 80 81 81 60 60 80 80 74 74 64 64 82 82 64 64 81 81 82 82 82 82 81 81 83 83 81 81 80 80 83 83 15 15 23 23 16 16 22 22 23 23 15 15 51 51 84 84 23 23 78 78 84 84 51 51 59 59 46 46 85 85 46 46 86 86 85 85 59 59 85 85 87 87 85 85 86 86 88 88 89 89 59 59 87 87 90 90 43 43 91 91 92 92 90 90 91 91 43 43 26 26 91 91 73 73 93 93 94 94 76 76 73 73 94 94 84 84 78 78 95 95 94 94 93 93 96 96 93 93 97 97 96 96 84 84 95 95 98 98 91 91 26 26 99 99 26 26 84 84 99 99 84 84 98 98 100 100 84 84 100 100 101 101 88 88 86 86 102 102 89 89 87 87 103 103 104 104 89 89 103 103 97 97 104 104 103 103 102 102 86 86 105 105 97 97 103 103 106 106 107 107 96 96 106 106 96 96 97 97 106 106 108 108 92 92 109 109 92 92 91 91 109 109 86 86 110 110 105 105 111 111 107 107 106 106 105 105 110 110 112 112 108 108 109 109 113 113 114 114 99 99 115 115 99 99 84 84 115 115 84 84 101 101 117 117 115 115 84 84 117 117 109 109 28 28 113 113 117 117 101 101 2 2 111 111 106 106 118 118 111 111 118 118 119 119 106 106 120 120 118 118 118 118 120 120 10 10 5 5 111 111 119 119 112 112 110 110 121 121 110 110 116 116 121 121 112 112 121 121 122 122 123 123 124 124 13 13 124 124 5 5 13 13 123 123 13 13 3 3 2 2 101 101 3 3 101 101 123 123 3 3 113 113 28 28 27 27 114 114 115 115 31 31 28 28 125 125 31 31 125 125 114 114 31 31 112 112 122 122 1 1 126 126 127 127 128 128 126 126 128 128 129 129 129 129 130 130 131 131 129 129 131 131 132 132 132 132 131 131 133 133 133 133 131 131 134 134 134 134 135 135 136 136 133 133 134 134 136 136 129 129 128 128 130 130 137 137 138 138 139 139 136 136 135 135 140 140 135 135 141 141 140 140 127 127 126 126 142 142 127 127 142 142 143 143 144 144 146 146 145 145 145 145 146 146 147 147 148 148 149 149 150 150 148 148 150 150 151 151 152 152 153 153 154 154 152 152 154 154 155 155 156 156 154 154 157 157 156 156 155 155 154 154 158 158 159 159 153 153 158 158 153 153 152 152 160 160 157 157 161 161 160 160 156 156 157 157 162 162 163 163 159 159 162 162 159 159 158 158 164 164 160 160 161 161 165 165 164 164 161 161 166 166 163 163 162 162 167 167 164 164 165 165 168 168 169 169 163 163 168 168 163 163 166 166 170 170 169 169 168 168 171 171 165 165 172 172 171 171 167 167 165 165 173 173 170 170 168 168 174 174 170 170 173 173 175 175 174 174 173 173 151 151 150 150 174 174 151 151 174 174 175 175 176 176 177 177 178 178 176 176 178 178 179 179 180 180 181 181 182 182 183 183 181 181 180 180 184 184 177 177 176 176 185 185 183 183 180 180 186 186 184 184 176 176 187 187 183 183 185 185 188 188 187 187 185 185 189 189 188 188 185 185 190 190 188 188 189 189 191 191 190 190 189 189 192 192 190 190 191 191 193 193 192 192 191 191 194 194 192 192 193 193 195 195 194 194 193 193 196 196 194 194 195 195 197 197 196 196 195 195 198 198 196 196 197 197 199 199 198 198 197 197 200 200 198 198 199 199 201 201 200 200 199 199 202 202 200 200 201 201 203 203 202 202 201 201 204 204 202 202 203 203 179 179 204 204 203 203 178 178 204 204 179 179 205 205 206 206 207 207 208 208 205 205 207 207 209 209 205 205 208 208 210 210 209 209 208 208 211 211 209 209 210 210 212 212 209 209 211 211 213 213 212 212 211 211 214 214 212 212 213 213 215 215 214 214 213 213 216 216 214 214 215 215 217 217 216 216 215 215 218 218 216 216 217 217 219 219 218 218 217 217 220 220 218 218 219 219 221 221 220 220 219 219 222 222 220 220 221 221 223 223 222 222 221 221 224 224 222 222 223 223 225 225 224 224 223 223 226 226 224 224 225 225 227 227 226 226 225 225 228 228 226 226 227 227 229 229 228 228 227 227 230 230 228 228 229 229 231 231 228 228 230 230 232 232 231 231 230 230 233 233 231 231 232 232 234 234 235 235 236 236 237 237 234 234 236 236 238 238 239 239 235 235 238 238 235 235 234 234 240 240 239 239 238 238 241 241 240 240 238 238 242 242 240 240 241 241 243 243 242 242 241 241 244 244 245 245 246 246 247 247 244 244 246 246 248 248 249 249 242 242 248 248 242 242 243 243 250 250 247 247 251 251 250 250 244 244 247 247 252 252 253 253 249 249 252 252 249 249 248 248 254 254 251 251 255 255 254 254 250 250 251 251 256 256 254 254 255 255 257 257 258 258 253 253 257 257 253 253 252 252 259 259 245 245 244 244 260 260 256 256 261 261 260 260 261 261 258 258 260 260 258 258 257 257 262 262 254 254 256 256 262 262 256 256 260 260 263 263 264 264 265 265 265 265 264 264 266 266 266 266 267 267 268 268 141 141 265 265 268 268 265 265 266 266 268 268 267 267 269 269 270 270 268 268 267 267 270 270 141 141 268 268 140 140 140 140 268 268 271 271 269 269 272 272 273 273 270 270 269 269 273 273 273 273 272 272 274 274 275 275 276 276 277 277 277 277 276 276 278 278 275 275 277 277 279 279 281 281 282 282 283 283 284 284 281 281 283 283 286 286 285 285 283 283 278 278 276 276 280 280 282 282 286 286 283 283 275 275 279 279 287 287 288 288 289 289 290 290 291 291 288 288 290 290 292 292 291 291 290 290 293 293 292 292 290 290 294 294 295 295 296 296 280 280 276 276 297 297 298 298 294 294 296 296 300 300 284 284 301 301 276 276 299 299 297 297 302 302 300 300 301 301 303 303 302 302 301 301 284 284 283 283 301 301 304 304 305 305 306 306 289 289 304 304 306 306 290 290 289 289 306 306 294 294 298 298 307 307 296 296 295 295 308 308 306 306 305 305 309 309 310 310 275 275 311 311 275 275 287 287 311 311 303 303 301 301 2109 2109 276 276 294 294 307 307 299 299 312 312 313 313 297 297 299 299 313 313 305 305 314 314 315 315 295 295 316 316 317 317 309 309 305 305 315 315 314 314 303 303 318 318 303 303 2109 2109 318 318 310 310 311 311 319 319 295 295 317 317 308 308 314 314 318 318 320 320 313 313 312 312 321 321 315 315 314 314 320 320 276 276 307 307 299 299 312 312 322 322 321 321 323 323 317 317 283 283 308 308 317 317 324 324 325 325 323 323 283 283 326 326 325 325 283 283 285 285 326 326 283 283 328 328 329 329 330 330 321 321 322 322 327 327 319 319 293 293 290 290 330 330 329 329 290 290 329 329 310 310 290 290 310 310 319 319 290 290 324 324 317 317 323 323 322 322 286 286 282 282 327 327 322 322 282 282 331 331 332 332 333 333 334 334 335 335 336 336 335 335 337 337 336 336 332 332 338 338 339 339 332 332 340 340 333 333 341 341 334 334 336 336 337 337 342 342 343 343 340 340 344 344 345 345 336 336 337 337 343 343 333 333 340 340 345 345 346 346 347 347 348 348 347 347 350 350 348 348 349 349 341 341 336 336 350 350 352 352 351 351 352 352 353 353 351 351 342 342 354 354 343 343 332 332 339 339 355 355 348 348 350 350 351 351 349 349 336 336 356 356 359 359 349 349 356 356 357 357 346 346 358 358 346 346 348 348 358 358 351 351 353 353 360 360 353 353 361 361 360 360 343 343 354 354 362 362 354 354 363 363 362 362 363 363 364 364 362 362 344 344 365 365 345 345 366 366 359 359 356 356 357 357 358 358 367 367 360 360 361 361 368 368 366 366 356 356 369 369 370 370 366 366 369 369 357 357 367 367 371 371 345 345 365 365 372 372 332 332 357 357 371 371 362 362 364 364 373 373 361 361 364 364 374 374 375 375 370 370 369 369 368 368 361 361 374 374 376 376 375 375 369 369 332 332 371 371 377 377 376 376 369 369 378 378 365 365 379 379 372 372 374 374 364 364 380 380 373 373 364 364 381 381 332 332 377 377 382 382 380 380 364 364 383 383 379 379 341 341 349 349 372 372 379 379 349 349 332 332 382 382 340 340 383 383 364 364 384 384 385 385 375 375 376 376 355 355 385 385 376 376 384 384 364 364 386 386 332 332 355 355 376 376 386 386 364 364 363 363 338 338 332 332 331 331 387 387 388 388 389 389 390 390 391 391 392 392 390 390 392 392 393 393 394 394 395 395 396 396 394 394 396 396 397 397 398 398 395 395 394 394 399 399 398 398 400 400 401 401 398 398 399 399 401 401 395 395 398 398 403 403 404 404 405 405 403 403 411 411 404 404 413 413 414 414 415 415 416 416 414 414 413 413 417 417 418 418 414 414 417 417 414 414 416 416 419 419 418 418 417 417 420 420 411 411 403 403 410 410 445 445 409 409 421 421 422 422 418 418 421 421 418 418 419 419 423 423 424 424 422 422 423 423 422 422 421 421 420 420 425 425 411 411 427 427 428 428 424 424 427 427 424 424 423 423 429 429 428 428 427 427 429 429 430 430 428 428 431 431 425 425 420 420 432 432 430 430 429 429 432 432 433 433 430 430 431 431 434 434 425 425 435 435 433 433 432 432 435 435 436 436 433 433 407 407 436 436 435 435 437 437 434 434 431 431 437 437 438 438 434 434 406 406 436 436 407 407 406 406 439 439 436 436 440 440 438 438 437 437 412 412 441 441 439 439 412 412 439 439 406 406 426 426 441 441 412 412 426 426 442 442 441 441 440 440 443 443 438 438 444 444 443 443 440 440 402 402 445 445 442 442 444 444 446 446 443 443 409 409 445 445 402 402 455 455 446 446 444 444 455 455 447 447 446 446 410 410 448 448 445 445 449 449 447 447 455 455 402 402 442 442 426 426 408 408 450 450 448 448 408 408 448 448 410 410 451 451 447 447 449 449 451 451 452 452 447 447 453 453 452 452 451 451 453 453 454 454 452 452 456 456 451 451 449 449 405 405 404 404 450 450 405 405 450 450 408 408 463 463 507 507 457 457 463 463 464 464 507 507 465 465 466 466 467 467 465 465 467 467 468 468 470 470 471 471 464 464 473 473 474 474 461 461 472 472 495 495 460 460 473 473 475 475 474 474 458 458 502 502 472 472 470 470 464 464 463 463 478 478 479 479 480 480 481 481 479 479 478 478 481 481 482 482 479 479 483 483 482 482 481 481 484 484 482 482 483 483 486 486 487 487 466 466 486 486 466 466 465 465 488 488 489 489 482 482 476 476 471 471 485 485 469 469 475 475 473 473 490 490 489 489 488 488 490 490 491 491 489 489 492 492 491 491 490 490 461 461 508 508 458 458 493 493 494 494 491 491 485 485 471 471 470 470 493 493 491 491 492 492 488 488 482 482 484 484 462 462 494 494 493 493 495 495 476 476 460 460 462 462 496 496 494 494 497 497 498 498 475 475 499 499 500 500 487 487 499 499 487 487 486 486 497 497 475 475 469 469 501 501 459 459 477 477 477 477 496 496 462 462 472 472 502 502 495 495 477 477 459 459 496 496 503 503 504 504 500 500 503 503 500 500 499 499 460 460 476 476 485 485 503 503 505 505 506 506 503 503 506 506 504 504 501 501 507 507 459 459 468 468 467 467 498 498 468 468 498 498 497 497 457 457 507 507 501 501 508 508 502 502 458 458 461 461 474 474 508 508 509 509 510 510 511 511 512 512 513 513 510 510 512 512 510 510 509 509 514 514 391 391 515 515 514 514 392 392 391 391 516 516 515 515 517 517 516 516 514 514 515 515 389 389 517 517 518 518 389 389 516 516 517 517 389 389 518 518 387 387 513 513 519 519 520 520 513 513 512 512 519 519 521 521 520 520 522 522 521 521 513 513 520 520 523 523 513 513 521 521 524 524 513 513 523 523 525 525 524 524 523 523 526 526 524 524 525 525 527 527 526 526 528 528 529 529 527 527 528 528 396 396 529 529 530 530 396 396 527 527 529 529 531 531 532 532 533 533 396 396 533 533 397 397 396 396 531 531 533 533 527 527 524 524 526 526 534 534 521 521 522 522 530 530 531 531 396 396 388 388 387 387 480 480 479 479 388 388 480 480 393 393 454 454 390 390 393 393 452 452 454 454 415 415 401 401 535 535 415 415 395 395 401 401 415 415 536 536 413 413 415 415 537 537 536 536 415 415 535 535 537 537 506 506 538 538 539 539 506 506 505 505 538 538 506 506 539 539 511 511 510 510 506 506 511 511 542 542 540 540 541 541 233 233 542 542 543 543 544 544 540 540 542 542 544 544 542 542 233 233 545 545 233 233 232 232 545 545 544 544 233 233 546 546 544 544 545 545 547 547 546 546 545 545 548 548 546 546 547 547 551 551 549 549 552 552 551 551 550 550 549 549 206 206 552 552 207 207 206 206 553 553 478 478 480 480 206 206 478 478 551 551 552 552 206 206 551 551 206 206 480 480 387 387 551 551 480 480 560 560 561 561 554 554 556 556 559 559 558 558 555 555 556 556 557 557 562 562 555 555 557 557 565 565 564 564 561 561 563 563 554 554 562 562 566 566 567 567 564 564 566 566 564 564 565 565 566 566 548 548 567 567 560 560 554 554 563 563 559 559 549 549 550 550 565 565 561 561 560 560 554 554 555 555 562 562 567 567 548 548 547 547 557 557 556 556 558 558 558 558 559 559 550 550 568 568 589 589 569 569 572 572 573 573 571 571 574 574 568 568 569 569 574 574 569 569 575 575 572 572 571 571 570 570 186 186 570 570 184 184 576 576 186 186 577 577 574 574 575 575 578 578 572 572 570 570 186 186 579 579 574 574 578 578 579 579 578 578 580 580 581 581 186 186 576 576 581 581 572 572 186 186 582 582 579 579 580 580 581 581 576 576 583 583 582 582 580 580 584 584 149 149 584 584 585 585 586 586 582 582 584 584 586 586 584 584 149 149 587 587 581 581 583 583 588 588 149 149 148 148 586 586 149 149 588 588 587 587 583 583 589 589 590 590 586 586 588 588 590 590 588 588 591 591 592 592 587 587 589 589 568 568 592 592 589 589 593 593 594 594 595 595 596 596 593 593 597 597 596 596 594 594 593 593 172 172 597 597 171 171 172 172 598 598 599 599 600 600 596 596 597 597 600 600 172 172 599 599 600 600 597 597 172 172 601 601 599 599 602 602 601 601 600 600 599 599 606 606 608 608 607 607 609 609 591 591 603 603 609 609 590 590 591 591 605 605 611 611 608 608 609 609 603 603 613 613 604 604 611 611 605 605 606 606 607 607 594 594 612 612 610 610 611 611 612 612 611 611 604 604 613 613 610 610 612 612 613 613 603 603 610 610 594 594 607 607 595 595 605 605 608 608 606 606 616 616 614 614 615 615 618 618 616 616 617 617 618 618 614 614 616 616 618 618 617 617 182 182 619 619 182 182 181 181 619 619 618 618 182 182 620 620 619 619 621 621 620 620 618 618 619 619 622 622 620 620 621 621 623 623 620 620 622 622 626 626 628 628 627 627 629 629 625 625 624 624 630 630 622 622 631 631 633 633 628 628 626 626 627 627 628 628 625 625 630 630 631 631 634 634 629 629 624 624 573 573 630 630 623 623 622 622 633 633 632 632 628 628 634 634 632 632 633 633 634 634 631 631 632 632 573 573 624 624 571 571 627 627 625 625 629 629 237 237 454 454 453 453 237 237 453 453 635 635 636 636 390 390 454 454 636 636 454 454 237 237 637 637 237 237 236 236 637 637 636 636 237 237 636 636 637 637 638 638 639 639 636 636 638 638 640 640 641 641 642 642 643 643 640 640 644 644 643 643 641 641 640 640 259 259 644 644 245 245 259 259 645 645 646 646 647 647 643 643 644 644 647 647 259 259 646 646 647 647 644 644 259 259 648 648 646 646 749 749 648 648 647 647 646 646 652 652 653 653 650 650 649 649 657 657 642 642 649 649 642 642 655 655 656 656 657 657 649 649 659 659 654 654 653 653 658 658 650 650 651 651 658 658 651 651 656 656 656 656 651 651 657 657 638 638 654 654 659 659 660 660 639 639 638 638 652 652 650 650 658 658 659 659 653 653 652 652 660 660 638 638 659 659 655 655 642 642 641 641 663 663 664 664 665 665 669 669 670 670 665 665 662 662 672 672 673 673 1110 1110 662 662 673 673 1970 1970 675 675 538 538 675 675 539 539 538 538 671 671 674 674 677 677 671 671 677 677 679 679 680 680 681 681 538 538 678 678 924 924 679 679 681 681 1970 1970 538 538 682 682 663 663 683 683 924 924 671 671 679 679 684 684 682 682 683 683 687 687 688 688 686 686 688 688 685 685 686 686 691 691 692 692 693 693 692 692 694 694 693 693 695 695 668 668 702 702 676 676 696 696 1134 1134 668 668 666 666 702 702 1780 1780 698 698 697 697 685 685 699 699 686 686 698 698 700 700 697 697 703 703 704 704 705 705 695 695 702 702 706 706 707 707 708 708 709 709 710 710 711 711 712 712 711 711 687 687 712 712 687 687 686 686 712 712 686 686 699 699 712 712 708 708 719 719 709 709 700 700 715 715 716 716 697 697 700 700 716 716 715 715 718 718 716 716 678 678 720 720 702 702 721 721 722 722 723 723 722 722 724 724 723 723 724 724 725 725 723 723 726 726 727 727 728 728 694 694 726 726 728 728 729 729 721 721 723 723 727 727 730 730 728 728 714 714 713 713 731 731 732 732 695 695 731 731 713 713 732 732 731 731 734 734 695 695 733 733 695 695 706 706 733 733 723 723 725 725 735 735 736 736 737 737 714 714 737 737 717 717 714 714 736 736 714 714 731 731 663 663 665 665 738 738 705 705 704 704 739 739 695 695 734 734 731 731 704 704 684 684 739 739 684 684 683 683 739 739 678 678 679 679 720 720 740 740 729 729 741 741 729 729 723 723 741 741 736 736 731 731 742 742 670 670 691 691 743 743 741 741 723 723 735 735 691 691 693 693 743 743 679 679 744 744 745 745 746 746 679 679 745 745 731 731 734 734 742 742 1780 1780 697 697 747 747 742 742 734 734 748 748 679 679 746 746 720 720 1765 1765 1780 1780 747 747 703 703 705 705 750 750 746 746 749 749 720 720 749 749 751 751 720 720 1668 1668 740 740 752 752 718 718 703 703 750 750 751 751 706 706 720 720 740 740 741 741 752 752 753 753 717 717 754 754 420 420 753 753 754 754 717 717 737 737 754 754 736 736 742 742 748 748 744 744 755 755 745 745 431 431 420 420 754 754 757 757 758 758 748 748 759 759 757 757 748 748 741 741 735 735 760 760 735 735 756 756 760 760 761 761 762 762 763 763 755 755 764 764 745 745 765 765 761 761 763 763 747 747 697 697 766 766 697 697 716 716 766 766 767 767 926 926 745 745 764 764 767 767 745 745 759 759 748 748 768 768 748 748 734 734 768 768 437 437 431 431 754 754 769 769 437 437 754 754 733 733 706 706 775 775 770 770 768 768 775 775 768 768 733 733 775 775 694 694 728 728 771 771 683 683 663 663 772 772 752 752 741 741 760 760 663 663 738 738 772 772 737 737 736 736 758 758 736 736 748 748 758 758 1665 1665 1668 1668 774 774 1668 1668 752 752 774 774 774 774 752 752 776 776 752 752 760 760 776 776 705 705 739 739 777 777 706 706 751 751 775 775 665 665 670 670 778 778 670 670 743 743 778 778 780 780 779 779 770 770 1765 1765 747 747 782 782 783 783 781 781 770 770 775 775 783 783 770 770 784 784 785 785 786 786 1738 1738 1747 1747 782 782 786 786 787 787 788 788 1747 1747 1765 1765 782 782 784 784 786 786 788 788 787 787 1068 1068 788 788 716 716 718 718 789 789 718 718 750 750 789 789 788 788 790 790 791 791 766 766 716 716 789 789 793 793 794 794 792 792 933 933 795 795 791 791 796 796 933 933 791 791 790 790 796 796 791 791 798 798 797 797 799 799 797 797 796 796 799 799 796 796 792 792 799 799 792 792 794 794 799 799 730 730 765 765 800 800 803 803 801 801 802 802 765 765 763 763 800 800 804 804 803 803 802 802 801 801 805 805 802 802 795 795 933 933 806 806 747 747 766 766 807 807 782 782 747 747 807 807 693 693 694 694 810 810 811 811 812 812 799 799 694 694 771 771 810 810 813 813 808 808 809 809 811 811 799 799 809 809 799 799 794 794 809 809 794 794 813 813 809 809 739 739 683 683 814 814 777 777 739 739 814 814 683 683 772 772 814 814 795 795 806 806 815 815 816 816 795 795 815 815 750 750 705 705 817 817 705 705 777 777 817 817 818 818 820 820 819 819 820 820 821 821 819 819 1907 1907 822 822 823 823 665 665 778 778 824 824 802 802 805 805 825 825 738 738 665 665 824 824 805 805 826 826 825 825 819 819 821 821 828 828 818 818 819 819 828 828 833 833 1738 1738 834 834 1738 1738 782 782 834 834 829 829 830 830 835 835 818 818 828 828 832 832 831 831 818 818 832 832 837 837 1907 1907 838 838 766 766 789 789 839 839 1907 1907 823 823 838 838 840 840 829 829 841 841 829 829 811 811 841 841 835 835 830 830 836 836 830 830 842 842 836 836 843 843 840 840 844 844 840 840 841 841 844 844 730 730 800 800 845 845 728 728 730 730 845 845 834 834 782 782 850 850 782 782 807 807 850 850 831 831 832 832 851 851 847 847 848 848 852 852 823 823 831 831 851 851 855 855 837 837 856 856 693 693 810 810 858 858 852 852 848 848 854 854 837 837 838 838 856 856 848 848 857 857 854 854 743 743 693 693 858 858 859 859 860 860 863 863 860 860 861 861 863 863 862 862 859 859 863 863 864 864 862 862 863 863 777 777 814 814 867 867 821 821 868 868 865 865 866 866 821 821 865 865 823 823 851 851 870 870 868 868 869 869 865 865 838 838 823 823 870 870 874 874 871 871 872 872 874 874 872 872 875 875 789 789 750 750 876 876 750 750 817 817 876 876 877 877 878 878 879 879 838 838 870 870 880 880 866 866 881 881 879 879 882 882 866 866 879 879 878 878 882 882 879 879 484 484 483 483 883 883 884 884 874 874 885 885 839 839 789 789 876 876 874 874 875 875 885 885 772 772 738 738 886 886 738 738 824 824 886 886 891 891 855 855 887 887 888 888 889 889 890 890 855 855 856 856 887 887 833 833 834 834 892 892 838 838 880 880 893 893 856 856 838 838 893 893 895 895 871 871 884 884 896 896 1679 1679 892 892 894 894 897 897 884 884 871 871 874 874 884 884 1679 1679 833 833 892 892 897 897 895 895 884 884 887 887 856 856 893 893 766 766 839 839 898 898 828 828 821 821 882 882 807 807 766 766 898 898 884 884 900 900 894 894 916 916 891 891 887 887 771 771 728 728 901 901 728 728 845 845 901 901 902 902 903 903 904 904 900 900 905 905 894 894 905 905 906 906 894 894 892 892 834 834 907 907 906 906 899 899 894 894 417 417 416 416 887 887 870 870 851 851 908 908 834 834 850 850 907 907 824 824 778 778 911 911 778 778 743 743 911 911 743 743 858 858 911 911 912 912 902 902 913 913 902 902 914 914 913 913 905 905 900 900 909 909 536 536 972 972 915 915 887 887 416 416 915 915 916 916 887 887 915 915 413 413 536 536 915 915 416 416 413 413 915 915 972 972 916 916 915 915 887 887 893 893 917 917 417 417 887 887 917 917 419 419 417 417 917 917 777 777 867 867 918 918 817 817 777 777 918 918 688 688 905 905 909 909 910 910 685 685 909 909 685 685 688 688 909 909 839 839 876 876 919 919 903 903 685 685 920 920 661 661 912 912 921 921 912 912 913 913 921 921 814 814 772 772 922 922 667 667 1464 1464 924 924 1464 1464 671 671 924 924 666 666 667 667 924 924 678 678 702 702 924 924 772 772 886 886 922 922 896 896 892 892 925 925 702 702 666 666 924 924 702 702 720 720 706 706 648 648 749 749 746 746 926 926 648 648 746 746 927 927 896 896 925 925 745 745 926 926 746 746 907 907 850 850 928 928 737 737 758 758 773 773 754 754 737 737 773 773 807 807 898 898 928 928 769 769 754 754 773 773 850 850 807 807 928 928 770 770 781 781 930 930 780 780 770 770 930 930 788 788 791 791 784 784 784 784 791 791 795 795 771 771 901 901 932 932 810 810 771 771 932 932 797 797 798 798 933 933 925 925 892 892 935 935 892 892 907 907 935 935 824 824 911 911 936 936 933 933 798 798 806 806 876 876 817 817 937 937 817 817 918 918 937 937 799 799 812 812 798 798 919 919 876 876 937 937 804 804 802 802 940 940 898 898 839 839 941 941 839 839 919 919 941 941 942 942 816 816 943 943 812 812 829 829 798 798 814 814 922 922 944 944 938 938 806 806 835 835 867 867 814 814 944 944 806 806 798 798 835 835 939 939 940 940 827 827 802 802 825 825 827 827 940 940 802 802 827 827 841 841 811 811 945 945 811 811 934 934 945 945 927 927 925 925 946 946 829 829 835 835 798 798 947 947 927 927 946 946 907 907 928 928 948 948 940 940 939 939 945 945 945 945 939 939 846 846 844 844 841 841 846 846 841 841 945 945 846 846 810 810 932 932 949 949 842 842 950 950 1001 1001 836 836 842 842 1001 1001 1001 1001 950 950 999 999 858 858 810 810 949 949 847 847 852 852 849 849 925 925 935 935 951 951 849 849 852 852 952 952 886 886 824 824 953 953 853 853 954 954 955 955 854 854 853 853 955 955 852 852 854 854 955 955 952 952 852 852 955 955 824 824 936 936 953 953 954 954 956 956 955 955 873 873 957 957 958 958 875 875 872 872 958 958 919 919 937 937 959 959 872 872 873 873 958 958 960 960 961 961 962 962 898 898 941 941 963 963 948 948 928 928 963 963 928 928 898 898 963 963 918 918 867 867 964 964 867 867 944 944 964 964 875 875 958 958 965 965 885 885 875 875 965 965 890 890 889 889 966 966 889 889 960 960 966 966 889 889 888 888 965 965 888 888 885 885 965 965 1945 1945 967 967 968 968 967 967 947 947 968 968 947 947 946 946 968 968 907 907 948 948 969 969 935 935 907 907 969 969 885 885 888 888 910 910 909 909 885 885 910 910 910 910 888 888 973 973 971 971 974 974 975 975 911 911 858 858 976 976 890 890 977 977 973 973 858 858 949 949 976 976 888 888 890 890 973 973 974 974 978 978 975 975 972 972 536 536 537 537 904 904 903 903 973 973 968 968 946 946 979 979 946 946 925 925 979 979 980 980 981 981 537 537 977 977 904 904 973 973 981 981 972 972 537 537 913 913 914 914 982 982 914 914 970 970 982 982 1795 1795 980 980 537 537 925 925 951 951 979 979 922 922 886 886 983 983 886 886 953 953 983 983 944 944 922 922 983 983 712 712 978 978 710 710 973 973 903 903 920 920 941 941 919 919 984 984 910 910 973 973 920 920 685 685 910 910 920 920 923 923 921 921 982 982 921 921 913 913 982 982 919 919 959 959 984 984 780 780 930 930 929 929 986 986 987 987 929 929 948 948 963 963 988 988 930 930 986 986 929 929 987 987 985 985 929 929 1795 1795 537 537 535 535 918 918 964 964 991 991 937 937 918 918 991 991 784 784 795 795 931 931 931 931 795 795 992 992 992 992 795 795 816 816 1945 1945 968 968 993 993 990 990 926 926 767 767 994 994 1945 1945 993 993 816 816 815 815 938 938 951 951 935 935 995 995 935 935 969 969 995 995 940 940 945 945 934 934 804 804 940 940 934 934 943 943 816 816 938 938 815 815 806 806 938 938 911 911 976 976 996 996 936 936 911 911 996 996 942 942 943 943 998 998 943 943 999 999 998 998 968 968 979 979 1000 1000 993 993 968 968 1000 1000 938 938 835 835 1001 1001 944 944 983 983 1002 1002 835 835 836 836 1001 1001 943 943 938 938 1001 1001 999 999 943 943 1001 1001 759 759 770 770 779 779 757 757 759 759 779 779 757 757 779 779 1003 1003 757 757 1003 1003 1004 1004 988 988 963 963 1005 1005 963 963 941 941 1005 1005 941 941 984 984 1005 1005 969 969 948 948 1007 1007 1003 1003 779 779 780 780 948 948 988 988 1007 1007 937 937 991 991 1008 1008 959 959 937 937 1008 1008 994 994 993 993 1010 1010 999 999 950 950 1006 1006 1003 1003 780 780 1004 1004 1361 1361 849 849 1011 1011 1012 1012 994 994 1010 1010 1013 1013 1361 1361 1011 1011 951 951 995 995 1014 1014 849 849 952 952 1011 1011 1011 1011 952 952 1015 1015 979 979 951 951 1014 1014 1004 1004 780 780 929 929 955 955 956 956 1015 1015 952 952 955 955 1015 1015 1016 1016 1004 1004 985 985 1017 1017 1410 1410 1018 1018 936 936 996 996 1020 1020 1004 1004 929 929 985 985 953 953 936 936 1020 1020 1010 1010 993 993 1021 1021 1016 1016 985 985 1022 1022 993 993 1000 1000 1021 1021 958 958 957 957 1023 1023 962 962 961 961 1024 1024 944 944 1002 1002 1025 1025 964 964 944 944 1025 1025 985 985 1026 1026 1022 1022 960 960 889 889 1023 1023 889 889 965 965 1023 1023 965 965 958 958 1023 1023 988 988 1005 1005 1027 1027 1028 1028 1029 1029 1030 1030 969 969 1007 1007 1031 1031 977 977 890 890 966 966 985 985 987 987 1026 1026 995 995 969 969 1031 1031 977 977 966 966 1033 1033 960 960 962 962 1033 1033 1022 1022 1026 1026 1032 1032 962 962 1034 1034 1033 1033 966 966 960 960 1033 1033 959 959 1008 1008 1035 1035 984 984 959 959 1035 1035 987 987 1036 1036 1032 1032 1026 1026 987 987 1032 1032 970 970 914 914 1033 1033 982 982 970 970 1037 1037 1038 1038 1012 1012 1039 1039 1012 1012 1010 1010 1039 1039 977 977 1033 1033 902 902 1033 1033 914 914 902 902 1000 1000 979 979 1041 1041 904 904 977 977 902 902 979 979 1014 1014 1041 1041 1036 1036 1042 1042 1040 1040 1032 1032 1036 1036 1040 1040 982 982 1037 1037 1043 1043 455 455 1040 1040 1044 1044 953 953 1020 1020 1045 1045 982 982 1043 1043 1046 1046 923 923 982 982 1046 1046 983 983 953 953 1045 1045 931 931 992 992 989 989 989 989 992 992 1049 1049 1040 1040 1042 1042 1044 1044 1049 1049 992 992 942 942 1044 1044 1042 1042 1050 1050 456 456 449 449 1050 1050 992 992 816 816 942 942 1010 1010 1021 1021 1055 1055 1056 1056 1053 1053 1052 1052 1039 1039 1010 1010 1055 1055 991 991 964 964 1058 1058 1052 1052 1051 1051 1057 1057 1059 1059 997 997 1054 1054 964 964 1025 1025 1058 1058 1051 1051 1061 1061 1057 1057 1008 1008 991 991 1058 1058 1056 1056 1052 1052 1057 1057 997 997 998 998 1060 1060 1057 1057 1061 1061 1062 1062 1063 1063 997 997 1060 1060 998 998 999 999 1060 1060 1056 1056 1057 1057 1062 1062 1061 1061 1064 1064 1062 1062 1007 1007 988 988 1065 1065 1062 1062 1064 1064 1066 1066 1009 1009 1063 1063 1060 1060 988 988 1027 1027 1065 1065 999 999 1006 1006 1060 1060 1006 1006 1009 1009 1060 1060 1066 1066 1064 1064 1067 1067 457 457 1071 1071 1070 1070 1072 1072 1069 1069 1070 1070 1071 1071 1072 1072 1070 1070 463 463 457 457 1070 1070 1255 1255 1059 1059 1073 1073 1068 1068 1067 1067 1074 1074 995 995 1031 1031 1075 1075 1014 1014 995 995 1075 1075 1067 1067 1070 1070 1074 1074 1070 1070 1069 1069 1074 1074 1005 1005 984 984 1077 1077 1027 1027 1005 1005 1077 1077 1078 1078 462 462 1079 1079 1080 1080 1078 1078 1079 1079 1074 1074 1069 1069 1081 1081 1069 1069 1072 1072 1081 1081 984 984 1035 1035 1077 1077 1038 1038 1039 1039 1082 1082 1078 1078 1080 1080 1072 1072 1009 1009 690 690 1076 1076 1083 1083 1084 1084 1082 1082 1084 1084 1038 1038 1082 1082 1000 1000 1041 1041 1085 1085 1021 1021 1000 1000 1085 1085 1081 1081 1072 1072 793 793 690 690 689 689 1086 1086 488 488 1089 1089 1087 1087 1011 1011 1015 1015 1013 1013 1090 1090 803 803 1091 1091 1002 1002 983 983 1092 1092 983 983 1045 1045 1092 1092 1013 1013 1015 1015 1093 1093 1015 1015 956 956 1094 1094 1093 1093 1015 1015 1094 1094 1087 1087 1089 1089 1096 1096 1082 1082 1039 1039 1098 1098 1039 1039 1055 1055 1098 1098 1099 1099 1100 1100 1101 1101 1100 1100 1102 1102 1101 1101 1089 1089 1099 1099 1101 1101 1096 1096 1089 1089 1101 1101 1023 1023 957 957 1019 1019 1008 1008 1058 1058 1104 1104 804 804 934 934 1091 1091 803 803 804 804 1091 1091 961 961 960 960 1105 1105 960 960 1023 1023 1105 1105 1023 1023 1019 1019 1105 1105 1091 1091 934 934 808 808 842 842 830 830 1106 1106 1031 1031 1007 1007 1107 1107 1007 1007 1065 1065 1107 1107 1034 1034 962 962 1024 1024 1014 1014 1075 1075 1109 1109 842 842 1106 1106 1110 1110 1108 1108 842 842 1110 1110 1024 1024 1017 1017 1111 1111 1034 1034 1024 1024 1111 1111 1017 1017 1018 1018 1111 1111 950 950 1108 1108 1115 1115 1041 1041 1014 1014 1109 1109 1006 1006 950 950 1112 1112 1027 1027 1077 1077 1113 1113 950 950 1115 1115 1112 1112 1106 1106 541 541 1110 1110 1030 1030 1029 1029 1111 1111 1116 1116 1028 1028 1224 1224 1028 1028 1030 1030 1224 1224 970 970 1033 1033 1034 1034 1083 1083 1082 1082 1117 1117 1111 1111 1029 1029 1034 1034 1108 1108 1110 1110 1115 1115 541 541 662 662 1110 1110 1029 1029 1037 1037 1034 1034 1118 1118 1083 1083 1117 1117 1037 1037 970 970 1034 1034 1055 1055 1021 1021 1119 1119 1115 1115 696 696 1112 1112 1021 1021 1085 1085 1119 1119 696 696 676 676 1112 1112 1029 1029 1028 1028 1121 1121 690 690 1009 1009 1120 1120 1037 1037 1029 1029 1121 1121 1043 1043 1037 1037 1121 1121 696 696 1115 1115 1122 1122 1115 1115 1110 1110 1122 1122 1110 1110 673 673 1122 1122 1098 1098 1055 1055 1119 1119 1046 1046 1043 1043 1047 1047 1002 1002 1092 1092 1124 1124 1043 1043 1121 1121 1047 1047 1025 1025 1002 1002 1124 1124 989 989 1049 1049 1048 1048 1048 1048 1049 1049 1126 1126 672 672 1127 1127 1122 1122 998 998 997 997 1126 1126 673 673 672 672 1122 1122 942 942 998 998 1126 1126 1049 1049 942 942 1126 1126 1134 1134 1128 1128 1120 1120 1082 1082 1098 1098 1129 1129 676 676 1134 1134 1120 1120 997 997 1063 1063 1054 1054 690 690 701 701 689 689 1117 1117 1082 1082 1129 1129 1131 1131 1073 1073 1132 1132 1073 1073 1059 1059 1132 1132 1054 1054 1063 1063 1132 1132 1059 1059 1054 1054 1132 1132 1008 1008 1104 1104 1133 1133 1130 1130 1255 1255 1135 1135 1035 1035 1008 1008 1133 1133 690 690 1120 1120 1136 1136 1075 1075 1031 1031 1137 1137 690 690 1086 1086 1132 1132 1120 1120 1128 1128 1136 1136 1063 1063 1009 1009 1076 1076 701 701 690 690 1136 1136 1031 1031 1107 1107 1137 1137 1132 1132 1063 1063 1076 1076 690 690 1132 1132 1076 1076 689 689 701 701 1138 1138 762 762 1130 1130 1139 1139 1041 1041 1109 1109 1140 1140 1130 1130 1135 1135 1139 1139 707 707 709 709 1134 1134 1085 1085 1041 1041 1140 1140 1065 1065 1027 1027 1141 1141 1027 1027 1113 1113 1141 1141 1136 1136 602 602 1138 1138 680 680 538 538 505 505 701 701 1136 1136 1138 1138 601 601 602 602 1136 1136 709 709 719 719 1136 1136 1128 1128 1134 1134 1136 1136 1134 1134 709 709 1136 1136 719 719 601 601 1136 1136 1143 1143 1144 1144 1145 1145 1086 1086 689 689 1142 1142 1144 1144 680 680 1145 1145 602 602 857 857 1138 1138 689 689 1146 1146 1142 1142 680 680 505 505 1145 1145 505 505 503 503 1145 1145 756 756 735 735 1147 1147 735 735 725 725 1147 1147 1143 1143 1145 1145 1149 1149 1118 1118 1117 1117 1150 1150 725 725 1151 1151 1147 1147 1888 1888 1152 1152 1149 1149 1151 1151 1153 1153 1147 1147 1146 1146 847 847 1148 1148 1152 1152 1143 1143 1149 1149 1840 1840 1154 1154 1150 1150 1154 1154 1155 1155 1150 1150 1155 1155 1118 1118 1150 1150 1888 1888 1149 1149 1156 1156 1098 1098 1119 1119 1157 1157 1013 1013 1093 1093 1088 1088 1161 1161 1888 1888 1156 1156 1665 1665 774 774 1160 1160 1162 1162 1159 1159 1160 1160 499 499 486 486 1163 1163 1088 1088 1093 1093 1164 1164 1156 1156 1149 1149 1163 1163 1161 1161 1156 1156 1165 1165 1020 1020 996 996 1166 1166 1093 1093 1094 1094 1167 1167 1094 1094 1095 1095 1167 1167 1164 1164 1093 1093 1167 1167 1168 1168 1161 1161 1165 1165 776 776 760 760 859 859 1095 1095 1169 1169 1167 1167 1163 1163 486 486 1170 1170 1025 1025 1124 1124 1171 1171 760 760 860 860 859 859 1156 1156 1163 1163 1170 1170 774 774 776 776 1172 1172 1168 1168 1165 1165 1173 1173 1172 1172 776 776 859 859 1852 1852 1174 1174 1173 1173 1174 1174 1168 1168 1173 1173 1058 1058 1025 1025 1171 1171 1177 1177 1162 1162 1178 1178 1162 1162 1160 1160 1178 1178 1156 1156 1170 1170 1179 1179 1165 1165 1156 1156 1179 1179 1173 1173 1165 1165 1179 1179 1153 1153 1181 1181 1182 1182 1117 1117 1129 1129 1183 1183 1035 1035 1133 1133 1184 1184 1077 1077 1035 1035 1184 1184 1113 1113 1077 1077 1184 1184 1185 1185 1852 1852 1186 1186 1188 1188 1189 1189 1172 1172 1852 1852 1173 1173 1186 1186 1170 1170 486 486 1190 1190 465 465 468 468 1190 1190 486 486 465 465 1190 1190 860 860 1180 1180 1191 1191 1109 1109 1075 1075 1192 1192 1173 1173 1179 1179 1193 1193 1075 1075 1137 1137 1192 1192 1194 1194 1097 1097 1175 1175 1105 1105 1019 1019 1103 1103 1839 1839 1185 1185 1195 1195 1119 1119 1085 1085 1196 1196 1197 1197 1177 1177 1198 1198 1157 1157 1119 1119 1196 1196 1185 1185 1186 1186 1195 1195 1105 1105 1103 1103 1199 1199 1170 1170 1190 1190 1200 1200 1177 1177 1178 1178 1198 1198 1085 1085 1140 1140 1196 1196 1193 1193 1179 1179 1200 1200 1179 1179 1170 1170 1200 1200 1201 1201 1197 1197 1202 1202 1190 1190 468 468 1200 1200 1197 1197 1198 1198 1202 1202 1107 1107 1065 1065 1203 1203 1173 1173 1193 1193 1204 1204 1065 1065 1141 1141 1203 1203 1214 1214 1201 1201 1202 1202 1186 1186 1173 1173 1204 1204 1018 1018 1410 1410 1114 1114 1189 1189 1188 1188 1205 1205 1111 1111 1018 1018 1114 1114 1206 1206 1820 1820 1207 1207 1410 1410 1097 1097 1114 1114 1820 1820 1831 1831 1207 1207 1831 1831 1839 1839 1207 1207 1191 1191 1182 1182 1208 1208 1839 1839 1195 1195 1207 1207 1209 1209 1840 1840 1210 1210 1193 1193 1200 1200 1213 1213 1840 1840 1150 1150 1210 1210 1129 1129 1098 1098 1216 1216 1105 1105 1199 1199 961 961 1214 1214 1202 1202 1215 1215 1017 1017 1024 1024 961 961 1194 1194 1116 1116 1217 1217 1195 1195 1186 1186 1218 1218 1219 1219 1220 1220 1215 1215 1220 1220 1214 1214 1215 1215 1098 1098 1157 1157 1216 1216 1097 1097 1194 1194 1217 1217 1207 1207 1195 1195 1218 1218 1114 1114 1097 1097 1217 1217 1186 1186 1204 1204 1218 1218 1116 1116 1194 1194 1212 1212 1213 1213 1200 1200 1221 1221 1020 1020 1166 1166 1222 1222 1200 1200 468 468 1221 1221 497 497 469 469 1221 1221 468 468 497 497 1221 1221 1045 1045 1020 1020 1222 1222 1211 1211 1223 1223 1212 1212 1217 1217 1116 1116 1224 1224 820 820 818 818 1225 1225 1111 1111 1114 1114 1224 1224 1030 1030 1111 1111 1224 1224 1227 1227 1226 1226 1222 1222 1228 1228 1206 1206 1229 1229 1215 1215 1202 1202 1225 1225 1104 1104 1058 1058 1230 1230 1114 1114 1217 1217 1224 1224 1058 1058 1171 1171 1230 1230 1206 1206 1207 1207 1229 1229 1193 1193 1213 1213 1231 1231 1204 1204 1193 1193 1231 1231 1225 1225 818 818 1232 1232 1215 1215 1225 1225 1232 1232 818 818 831 831 1232 1232 1219 1219 1215 1215 1232 1232 1207 1207 1218 1218 1233 1233 1221 1221 469 469 1234 1234 1213 1213 1221 1221 1234 1234 1150 1150 1117 1117 1236 1236 1121 1121 1028 1028 1237 1237 1205 1205 1188 1188 1238 1238 1117 1117 1183 1183 1236 1236 1210 1210 1150 1150 1236 1236 1113 1113 1184 1184 1239 1239 1188 1188 1172 1172 862 862 1172 1172 859 859 862 862 1242 1242 1240 1240 1241 1241 1798 1798 1243 1243 1244 1244 1245 1245 1219 1219 1246 1246 1243 1243 1228 1228 1244 1244 1121 1121 1237 1237 1241 1241 1228 1228 1229 1229 1244 1244 1240 1240 1123 1123 1241 1241 1219 1219 1232 1232 1246 1246 1123 1123 1047 1047 1241 1241 1232 1232 831 831 1246 1246 1047 1047 1121 1121 1241 1241 822 822 1247 1247 1246 1246 1247 1247 1245 1245 1246 1246 823 823 822 822 1246 1246 1204 1204 1231 1231 1248 1248 1048 1048 1126 1126 1125 1125 1233 1233 1218 1218 1248 1248 831 831 823 823 1246 1246 1218 1218 1204 1204 1248 1248 1208 1208 1250 1250 1251 1251 1125 1125 1126 1126 1252 1252 997 997 1059 1059 1252 1252 1244 1244 1229 1229 1253 1253 1126 1126 997 997 1252 1252 1140 1140 1109 1109 1254 1254 821 821 820 820 868 868 1109 1109 1192 1192 1254 1254 1238 1238 1188 1188 868 868 1207 1207 1233 1233 1253 1253 1073 1073 1131 1131 1255 1255 1229 1229 1207 1207 1253 1253 1256 1256 862 862 864 864 1157 1157 1196 1196 1257 1257 1213 1213 1234 1234 1258 1258 868 868 1188 1188 869 869 1231 1231 1213 1213 1258 1258 1255 1255 1131 1131 1135 1135 1132 1132 1086 1086 1142 1142 1259 1259 1260 1260 1261 1261 1131 1131 1132 1132 1142 1142 1137 1137 1107 1107 1262 1262 1107 1107 1203 1203 1262 1262 1209 1209 1210 1210 1264 1264 1265 1265 1791 1791 1266 1266 1791 1791 1798 1798 1266 1266 1798 1798 1244 1244 1266 1266 1268 1268 1269 1269 1267 1267 1270 1270 1256 1256 864 864 1271 1271 1828 1828 1264 1264 1146 1146 1148 1148 1135 1135 1828 1828 1209 1209 1264 1264 1131 1131 1142 1142 1135 1135 1233 1233 1248 1248 1272 1272 1142 1142 1146 1146 1135 1135 1244 1244 1253 1253 1273 1273 1129 1129 1216 1216 1274 1274 1183 1183 1129 1129 1274 1274 1222 1222 1226 1226 1275 1275 1092 1092 1045 1045 1275 1275 1045 1045 1222 1222 1275 1275 1234 1234 469 469 1276 1276 864 864 1269 1269 1277 1277 473 473 461 461 1276 1276 469 469 473 473 1276 1276 1248 1248 1231 1231 1278 1278 1133 1133 1104 1104 1279 1279 1270 1270 864 864 1277 1277 1272 1272 1248 1248 1278 1278 1231 1231 1258 1258 1278 1278 1148 1148 847 847 1353 1353 1265 1265 1266 1266 1280 1280 847 847 849 849 1353 1353 1104 1104 1230 1230 1279 1279 1282 1282 1270 1270 1277 1277 1283 1283 1284 1284 1280 1280 1284 1284 1265 1265 1280 1280 1273 1273 1253 1253 1285 1285 1088 1088 1164 1164 1158 1158 1256 1256 1270 1270 1286 1286 1210 1210 1236 1236 1287 1287 1264 1264 1210 1210 1287 1287 1269 1269 1268 1268 1277 1277 1141 1141 1113 1113 1288 1288 1158 1158 1164 1164 1289 1289 1233 1233 1272 1272 1285 1285 1253 1253 1233 1233 1285 1285 1290 1290 1291 1291 1286 1286 1167 1167 1169 1169 1289 1289 1280 1280 1266 1266 1292 1292 1164 1164 1167 1167 1289 1289 1293 1293 1294 1294 1295 1295 869 869 1291 1291 865 865 1113 1113 1239 1239 1288 1288 1257 1257 1196 1196 1296 1296 1266 1266 1244 1244 1292 1292 1244 1244 1273 1273 1292 1292 1286 1286 1270 1270 1297 1297 908 908 851 851 1298 1298 1234 1234 1276 1276 1052 1052 1196 1196 1140 1140 1296 1296 1258 1258 1234 1234 1052 1052 832 832 828 828 1298 1298 851 851 832 832 1298 1298 1140 1140 1254 1254 1296 1296 1216 1216 1157 1157 1299 1299 1176 1176 1293 1293 1300 1300 1157 1157 1257 1257 1299 1299 1272 1272 1278 1278 1301 1301 1283 1283 1280 1280 1302 1302 1290 1290 1286 1286 1297 1297 1137 1137 1262 1262 1303 1303 1192 1192 1137 1137 1303 1303 1260 1260 871 871 1304 1304 1199 1199 1103 1103 1187 1187 1305 1305 1283 1283 1302 1302 1271 1271 1264 1264 1307 1307 1273 1273 1285 1285 1308 1308 1277 1277 1268 1268 1324 1324 1199 1199 1187 1187 1309 1309 1270 1270 1282 1282 1297 1297 1811 1811 1310 1310 1307 1307 1311 1311 1312 1312 1313 1313 1310 1310 1271 1271 1307 1307 1236 1236 1183 1183 1314 1314 1175 1175 1176 1176 1315 1315 1176 1176 1316 1316 1315 1315 1194 1194 1175 1175 1315 1315 917 917 893 893 880 880 1183 1183 1274 1274 1314 1314 1302 1302 1280 1280 1317 1317 1280 1280 1292 1292 1317 1317 1278 1278 1258 1258 1053 1053 1124 1124 1092 1092 1318 1318 1258 1258 1052 1052 1053 1053 1282 1282 1277 1277 1324 1324 1092 1092 1275 1275 1318 1318 828 828 882 882 1298 1298 1199 1199 1309 1309 1017 1017 1291 1291 1290 1290 881 881 1301 1301 1278 1278 1053 1053 961 961 1199 1199 1017 1017 865 865 1291 1291 881 881 1133 1133 1279 1279 1319 1319 1239 1239 1184 1184 1319 1319 1212 1212 1194 1194 1315 1315 1184 1184 1133 1133 1319 1319 1316 1316 1211 1211 1315 1315 1211 1211 1212 1212 1315 1315 1272 1272 1301 1301 1320 1320 917 917 880 880 1321 1321 1308 1308 1285 1285 1320 1320 880 880 870 870 1321 1321 1285 1285 1272 1272 1320 1320 870 870 908 908 1321 1321 1223 1223 1211 1211 1322 1322 472 472 460 460 1061 1061 1312 1312 1223 1223 1322 1322 1307 1307 1264 1264 1323 1323 1264 1264 1287 1287 1323 1323 1325 1325 1305 1305 1326 1326 1305 1305 1302 1302 1326 1326 1141 1141 1288 1288 1327 1327 1237 1237 1028 1028 1116 1116 1237 1237 1116 1116 1329 1329 1242 1242 1241 1241 1329 1329 1292 1292 1273 1273 1330 1330 1203 1203 1141 1141 1327 1327 1257 1257 1296 1296 1331 1331 1273 1273 1308 1308 1330 1330 1241 1241 1237 1237 1329 1329 1333 1333 1290 1290 1334 1334 1290 1290 1297 1297 1334 1334 1297 1297 1282 1282 1334 1334 1282 1282 1328 1328 1334 1334 1302 1302 1317 1317 1335 1335 1274 1274 1216 1216 1336 1336 1249 1249 1125 1125 1337 1337 1125 1125 1252 1252 1338 1338 1337 1337 1125 1125 1338 1338 1216 1216 1299 1299 1336 1336 1301 1301 1053 1053 1340 1340 1254 1254 1192 1192 1341 1341 1059 1059 1255 1255 1338 1338 1308 1308 1320 1320 1342 1342 1252 1252 1059 1059 1338 1338 762 762 1139 1139 1263 1263 419 419 917 917 1321 1321 421 421 419 419 1321 1321 1298 1298 882 882 1343 1343 1192 1192 1303 1303 1341 1341 908 908 1298 1298 1343 1343 1139 1139 1135 1135 1263 1263 763 763 762 762 1263 1263 1385 1385 1811 1811 1344 1344 1811 1811 1307 1307 1344 1344 1282 1282 1324 1324 1328 1328 1324 1324 1339 1339 1328 1328 1287 1287 1236 1236 1345 1345 1236 1236 1314 1314 1345 1345 1321 1321 908 908 1346 1346 1370 1370 1347 1347 1348 1348 1347 1347 1325 1325 1348 1348 421 421 1321 1321 1346 1346 1325 1325 1326 1326 1348 1348 763 763 1349 1349 800 800 763 763 1263 1263 1350 1350 1349 1349 763 763 1350 1350 849 849 1349 1349 1350 1350 1292 1292 1330 1330 1351 1351 1171 1171 1124 1124 1352 1352 1124 1124 1318 1318 1352 1352 1343 1343 882 882 878 878 1335 1335 1317 1317 1351 1351 1317 1317 1292 1292 1351 1351 849 849 1350 1350 1353 1353 1350 1350 1263 1263 1353 1353 1135 1135 1148 1148 1353 1353 1263 1263 1135 1135 1353 1353 1328 1328 1339 1339 1355 1355 1333 1333 1334 1334 1355 1355 1334 1334 1328 1328 1355 1355 1239 1239 1319 1319 1357 1357 845 845 800 800 1356 1356 1348 1348 1326 1326 1358 1358 1302 1302 1335 1335 1358 1358 1326 1326 1302 1302 1358 1358 1320 1320 1301 1301 1359 1359 423 423 421 421 1346 1346 432 432 429 429 877 877 1301 1301 1340 1340 1359 1359 1344 1344 1307 1307 1360 1360 1342 1342 1320 1320 1359 1359 1307 1307 1323 1323 1360 1360 1262 1262 1203 1203 1362 1362 1203 1203 1327 1327 1362 1362 1349 1349 849 849 1361 1361 1308 1308 1342 1342 1364 1364 1330 1330 1308 1308 1364 1364 1339 1339 1324 1324 1363 1363 1299 1299 1257 1257 1365 1365 1257 1257 1331 1331 1365 1365 1366 1366 1333 1333 1355 1355 877 877 429 429 878 878 429 429 427 427 878 878 1368 1368 1370 1370 1369 1369 1314 1314 1274 1274 1371 1371 1361 1361 1013 1013 1367 1367 1370 1370 1348 1348 1369 1369 1274 1274 1336 1336 1371 1371 1339 1339 1418 1418 1355 1355 1158 1158 1289 1289 1281 1281 1296 1296 1254 1254 1373 1373 1331 1331 1296 1296 1373 1373 1290 1290 1333 1333 1374 1374 1335 1335 1351 1351 1375 1375 1254 1254 1341 1341 1373 1373 1281 1281 1289 1289 1376 1376 1385 1385 1344 1344 1379 1379 1289 1289 1169 1169 1377 1377 1376 1376 1289 1289 1377 1377 1348 1348 1358 1358 1380 1380 1381 1381 1382 1382 1383 1383 1786 1786 1384 1384 1379 1379 1384 1384 1385 1385 1379 1379 1323 1323 1287 1287 1387 1387 1287 1287 1345 1345 1387 1387 1342 1342 1359 1359 1388 1388 1171 1171 1352 1352 1354 1354 1294 1294 1381 1381 1390 1390 1295 1295 1294 1294 1390 1390 1230 1230 1171 1171 1354 1354 1375 1375 1351 1351 1392 1392 1288 1288 1239 1239 1393 1393 1351 1351 1330 1330 1392 1392 1239 1239 1357 1357 1393 1393 1330 1330 1364 1364 1392 1392 1340 1340 1053 1053 786 786 1053 1053 1056 1056 786 786 1394 1394 1395 1395 1396 1396 1309 1309 1187 1187 1306 1306 432 432 877 877 1398 1398 879 879 1386 1386 1398 1398 1675 1675 1399 1399 1400 1400 435 435 432 432 1398 1398 1399 1399 1368 1368 1400 1400 1368 1368 1369 1369 1400 1400 877 877 879 879 1398 1398 1379 1379 1344 1344 1401 1401 1344 1344 1360 1360 1401 1401 1303 1303 1262 1262 1402 1402 1316 1316 1176 1176 1300 1300 1316 1316 1300 1300 1404 1404 1293 1293 1295 1295 1404 1404 1335 1335 1375 1375 1405 1405 1295 1295 1406 1406 1404 1404 1374 1374 1333 1333 1407 1407 1300 1300 1293 1293 1404 1404 1358 1358 1335 1335 1405 1405 1380 1380 1358 1358 1405 1405 1262 1262 1362 1362 1402 1402 1336 1336 1299 1299 1408 1408 1366 1366 1355 1355 1418 1418 1400 1400 1369 1369 1409 1409 1309 1309 1306 1306 1410 1410 1369 1369 1348 1348 1409 1409 1348 1348 1380 1380 1409 1409 407 407 435 435 1398 1398 1313 1313 1312 1312 1404 1404 1299 1299 1365 1365 1408 1408 1017 1017 1309 1309 1410 1410 1386 1386 1374 1374 1411 1411 1314 1314 1371 1371 1412 1412 1211 1211 1316 1316 1322 1322 1339 1339 1363 1363 1418 1418 1404 1404 1312 1312 1322 1322 1363 1363 1403 1403 1418 1418 1316 1316 1404 1404 1322 1322 1345 1345 1314 1314 1412 1412 1374 1374 1407 1407 1411 1411 1212 1212 1223 1223 1413 1413 1331 1331 1373 1373 1414 1414 1116 1116 1212 1212 1413 1413 1364 1364 1342 1342 1415 1415 1342 1342 1388 1388 1415 1415 1329 1329 1116 1116 1413 1413 1333 1333 1366 1366 1407 1407 1375 1375 1392 1392 1416 1416 1778 1778 1786 1786 1420 1420 1329 1329 1413 1413 1417 1417 1242 1242 1329 1329 1417 1417 1786 1786 1379 1379 1420 1420 1401 1401 1360 1360 1422 1422 1359 1359 1340 1340 785 785 1249 1249 1337 1337 1332 1332 1360 1360 1323 1323 1422 1422 1340 1340 786 786 785 785 1398 1398 1386 1386 1423 1423 1323 1323 1387 1387 1422 1422 406 406 407 407 1423 1423 1421 1421 1332 1332 1424 1424 1386 1386 1411 1411 1423 1423 1279 1279 1230 1230 1391 1391 762 762 761 761 1424 1424 407 407 1398 1398 1423 1423 1230 1230 1354 1354 1391 1391 761 761 1421 1421 1424 1424 1332 1332 1337 1337 1424 1424 1130 1130 762 762 1424 1424 1425 1425 1675 1675 1426 1426 1337 1337 1338 1338 1424 1424 1675 1675 1400 1400 1426 1426 1338 1338 1255 1255 1424 1424 1403 1403 1363 1363 1451 1451 1255 1255 1130 1130 1424 1424 1327 1327 1288 1288 1427 1427 412 412 406 406 1423 1423 1380 1380 1405 1405 1429 1429 1356 1356 800 800 1428 1428 1430 1430 1356 1356 1428 1428 800 800 1349 1349 1428 1428 1407 1407 1366 1366 1431 1431 1288 1288 1393 1393 1427 1427 901 901 845 845 1432 1432 1433 1433 1366 1366 1434 1434 1366 1366 1418 1418 1434 1434 501 501 477 477 1078 1078 1420 1420 1379 1379 1435 1435 1349 1349 1361 1361 1428 1428 1367 1367 1430 1430 1428 1428 1361 1361 1367 1367 1428 1428 1379 1379 1401 1401 1435 1435 1303 1303 1402 1402 1436 1436 1407 1407 1431 1431 1411 1411 1426 1426 1400 1400 1437 1437 845 845 1356 1356 1432 1432 1356 1356 1430 1430 1432 1432 1341 1341 1303 1303 1436 1436 932 932 901 901 1438 1438 1400 1400 1409 1409 1437 1437 901 901 1432 1432 1438 1438 949 949 932 932 1438 1438 1364 1364 1415 1415 1439 1439 1367 1367 1013 1013 1440 1440 1281 1281 1372 1372 1441 1441 1371 1371 1336 1336 1442 1442 976 976 949 949 1441 1441 1336 1336 1408 1408 1442 1442 1416 1416 1392 1392 1439 1439 996 996 976 976 1441 1441 1392 1392 1364 1364 1439 1439 1372 1372 1166 1166 1441 1441 1387 1387 1345 1345 1443 1443 1432 1432 1430 1430 1441 1441 949 949 1438 1438 1441 1441 1166 1166 996 996 1441 1441 1438 1438 1432 1432 1441 1441 1345 1345 1412 1412 1443 1443 1375 1375 1416 1416 1444 1444 1430 1430 1367 1367 1445 1445 1429 1429 1405 1405 1444 1444 1441 1441 1430 1430 1445 1445 1405 1405 1375 1375 1444 1444 1367 1367 1440 1440 1445 1445 1331 1331 1414 1414 1446 1446 412 412 1423 1423 1447 1447 1013 1013 1088 1088 1440 1440 1365 1365 1331 1331 1446 1446 1440 1440 1088 1088 1445 1445 426 426 412 412 1447 1447 1359 1359 785 785 1448 1448 1441 1441 1445 1445 1449 1449 1423 1423 1411 1411 1447 1447 1388 1388 1359 1359 1448 1448 1445 1445 1088 1088 1449 1449 1088 1088 1158 1158 1449 1449 1281 1281 1441 1441 1449 1449 1452 1452 1453 1453 1454 1454 1453 1453 1778 1778 1454 1454 1455 1455 1457 1457 1456 1456 1158 1158 1281 1281 1449 1449 1457 1457 1425 1425 1456 1456 1425 1425 1426 1426 1456 1456 1778 1778 1420 1420 1454 1454 1401 1401 1422 1422 1458 1458 1380 1380 1429 1429 1460 1460 1281 1281 1376 1376 1372 1372 1411 1411 1431 1431 1459 1459 1409 1409 1380 1380 1460 1460 1279 1279 1391 1391 1461 1461 1227 1227 1222 1222 1463 1463 1222 1222 1166 1166 1463 1463 1166 1166 1372 1372 1463 1463 1372 1372 1376 1376 1463 1463 1462 1462 1227 1227 1463 1463 1463 1463 1376 1376 1378 1378 1462 1462 1463 1463 1378 1378 1319 1319 1279 1279 1461 1461 1376 1376 1377 1377 1378 1378 1327 1327 1427 1427 1466 1466 1467 1467 1468 1468 1469 1469 1467 1467 1469 1469 1382 1382 402 402 426 426 1447 1447 1411 1411 1459 1459 1447 1447 1383 1383 1382 1382 1469 1469 1362 1362 1327 1327 1466 1466 1426 1426 1437 1437 1470 1470 1468 1468 1466 1466 1469 1469 1456 1456 1426 1426 1470 1470 1472 1472 1383 1383 1469 1469 1420 1420 1435 1435 1473 1473 1469 1469 1466 1466 1474 1474 1475 1475 1476 1476 1474 1474 1466 1466 1427 1427 1474 1474 1366 1366 1433 1433 1431 1431 1427 1427 1475 1475 1474 1474 1373 1373 1341 1341 1477 1477 1472 1472 1469 1469 1474 1474 1414 1414 1373 1373 1477 1477 1474 1474 1476 1476 1482 1482 1341 1341 1436 1436 1477 1477 1472 1472 1474 1474 1482 1482 1476 1476 1478 1478 1482 1482 1396 1396 1472 1472 1482 1482 1416 1416 1439 1439 1479 1479 1406 1406 1295 1295 1390 1390 1381 1381 1383 1383 1480 1480 1390 1390 1381 1381 1480 1480 1406 1406 1390 1390 1480 1480 1371 1371 1442 1442 1481 1481 1383 1383 1472 1472 1480 1480 1412 1412 1371 1371 1481 1481 1458 1458 1422 1422 1483 1483 1429 1429 1444 1444 1484 1484 1410 1410 1306 1306 1485 1485 1415 1415 1388 1388 1486 1486 1306 1306 1397 1397 1485 1485 1387 1387 1443 1443 1483 1483 1487 1487 1176 1176 1485 1485 1422 1422 1387 1387 1483 1483 1397 1397 1488 1488 1485 1485 1488 1488 1487 1487 1485 1485 1396 1396 1395 1395 1480 1480 1472 1472 1396 1396 1480 1480 1418 1418 1403 1403 1434 1434 1388 1388 1448 1448 1486 1486 1396 1396 1482 1482 1394 1394 1451 1451 1471 1471 1490 1490 1410 1410 1485 1485 1491 1491 1434 1434 1403 1403 1490 1490 1365 1365 1446 1446 1492 1492 1175 1175 1097 1097 1491 1491 1403 1403 1451 1451 1490 1490 1097 1097 1410 1410 1491 1491 1408 1408 1365 1365 1492 1492 1493 1493 1494 1494 1495 1495 1494 1494 1455 1455 1495 1495 1176 1176 1175 1175 1491 1491 1455 1455 1456 1456 1495 1495 1485 1485 1176 1176 1491 1491 1480 1480 1395 1395 1406 1406 1313 1313 1404 1404 1406 1406 409 409 402 402 1447 1447 1496 1496 1498 1498 1497 1497 1498 1498 1452 1452 1497 1497 1452 1452 1454 1454 1497 1497 1401 1401 1458 1458 1499 1499 1395 1395 1311 1311 1406 1406 1435 1435 1401 1401 1499 1499 1311 1311 1313 1313 1406 1406 1437 1437 1409 1409 1500 1500 1470 1470 1437 1437 1500 1500 1409 1409 1460 1460 1500 1500 1319 1319 1461 1461 1465 1465 1357 1357 1319 1319 1465 1465 1459 1459 1431 1431 1501 1501 1402 1402 1362 1362 1468 1468 1505 1505 1503 1503 1504 1504 1312 1312 1311 1311 1504 1504 1431 1431 1433 1433 1501 1501 1362 1362 1466 1466 1468 1468 1311 1311 1505 1505 1504 1504 1413 1413 1223 1223 1504 1504 1223 1223 1312 1312 1504 1504 1504 1504 1503 1503 1506 1506 1456 1456 1470 1470 1507 1507 1503 1503 1419 1419 1506 1506 1419 1419 1417 1417 1506 1506 1454 1454 1420 1420 1508 1508 1417 1417 1413 1413 1506 1506 1489 1489 1434 1434 1490 1490 1413 1413 1504 1504 1506 1506 1420 1420 1473 1473 1508 1508 1448 1448 785 785 784 784 1497 1497 1454 1454 1508 1508 1414 1414 1477 1477 1509 1509 1510 1510 677 677 906 906 905 905 1510 1510 906 906 1444 1444 1416 1416 1511 1511 1416 1416 1479 1479 1511 1511 1484 1484 1444 1444 1511 1511 1447 1447 1459 1459 1512 1512 409 409 1447 1447 1512 1512 410 410 409 409 1512 1512 1443 1443 1412 1412 1513 1513 1412 1412 1481 1481 1513 1513 906 906 677 677 674 674 1429 1429 1484 1484 1514 1514 1460 1460 1429 1429 1514 1514 1458 1458 1483 1483 1515 1515 1439 1439 1415 1415 1516 1516 1489 1489 1490 1490 1526 1526 1415 1415 1486 1486 1516 1516 1517 1517 1493 1493 1518 1518 1408 1408 1492 1492 1519 1519 1442 1442 1408 1408 1519 1519 1459 1459 1501 1501 1520 1520 1493 1493 1495 1495 1518 1518 1719 1719 1496 1496 1521 1521 1496 1496 1497 1497 1521 1521 1470 1470 1500 1500 1522 1522 685 685 903 903 1523 1523 1473 1473 1435 1435 1524 1524 1435 1435 1499 1499 1524 1524 408 408 410 410 1512 1512 1459 1459 1520 1520 1512 1512 1502 1502 1525 1525 1357 1357 490 490 488 488 1087 1087 1465 1465 1502 1502 1357 1357 1436 1436 1402 1402 1467 1467 713 713 1489 1489 1526 1526 1495 1495 1456 1456 1527 1527 1402 1402 1468 1468 1467 1467 1518 1518 1495 1495 1527 1527 1521 1521 1497 1497 1528 1528 1490 1490 1471 1471 1526 1526 1497 1497 1508 1508 1528 1528 1471 1471 668 668 1526 1526 1510 1510 905 905 1529 1529 1456 1456 1507 1507 1527 1527 1448 1448 784 784 931 931 1414 1414 1509 1509 1530 1530 1520 1520 1501 1501 1531 1531 1446 1446 1414 1414 1530 1530 1515 1515 1483 1483 1532 1532 1484 1484 1511 1511 1533 1533 1443 1443 1513 1513 1532 1532 1512 1512 1520 1520 1534 1534 408 408 1512 1512 1534 1534 405 405 408 408 1534 1534 1460 1460 1514 1514 1535 1535 1483 1483 1443 1443 1532 1532 1458 1458 1515 1515 1536 1536 713 713 1526 1526 732 732 1522 1522 1500 1500 1535 1535 1500 1500 1460 1460 1535 1535 1499 1499 1458 1458 1536 1536 1489 1489 713 713 1531 1531 1442 1442 1519 1519 1537 1537 1526 1526 668 668 732 732 1479 1479 1439 1439 1538 1538 1481 1481 1442 1442 1537 1537 685 685 1523 1523 1539 1539 1439 1439 1516 1516 1538 1538 1719 1719 1521 1521 725 725 1540 1540 1517 1517 1541 1541 1529 1529 688 688 1510 1510 1517 1517 1518 1518 1541 1541 724 724 1719 1719 725 725 1508 1508 1473 1473 1542 1542 1523 1523 615 615 1539 1539 1473 1473 1524 1524 1542 1542 1470 1470 1522 1522 1543 1543 1427 1427 1393 1393 1525 1525 1507 1507 1470 1470 1543 1543 685 685 1539 1539 699 699 1393 1393 1357 1357 1525 1525 732 732 668 668 695 695 1436 1436 1467 1467 1382 1382 1510 1510 688 688 687 687 1509 1509 1477 1477 1382 1382 1477 1477 1436 1436 1382 1382 725 725 1521 1521 1544 1544 1531 1531 713 713 714 714 1521 1521 1528 1528 1544 1544 615 615 614 614 1539 1539 614 614 971 971 1539 1539 1541 1541 1518 1518 1545 1545 1518 1518 1527 1527 1545 1545 1446 1446 1530 1530 1546 1546 971 971 975 975 1539 1539 1531 1531 714 714 717 717 1520 1520 1531 1531 717 717 403 403 405 405 1534 1534 1520 1520 717 717 1534 1534 1492 1492 1446 1446 1546 1546 1515 1515 1532 1532 1547 1547 1448 1448 931 931 989 989 1486 1486 1448 1448 989 989 1499 1499 1536 1536 1548 1548 1524 1524 1499 1499 1548 1548 1481 1481 1537 1537 1549 1549 1514 1514 1484 1484 1550 1550 1484 1484 1533 1533 1550 1550 677 677 1510 1510 744 744 679 679 677 677 744 744 1513 1513 1481 1481 1549 1549 1522 1522 1535 1535 1551 1551 1510 1510 687 687 744 744 1508 1508 1542 1542 1552 1552 1528 1528 1508 1508 1552 1552 1534 1534 717 717 753 753 420 420 403 403 753 753 1427 1427 1525 1525 1475 1475 403 403 1534 1534 753 753 1479 1479 1538 1538 1553 1553 1554 1554 1555 1555 1475 1475 1511 1511 1479 1479 1553 1553 1540 1540 1541 1541 1556 1556 744 744 687 687 711 711 1525 1525 1554 1554 1475 1475 710 710 755 755 711 711 1509 1509 1382 1382 1381 1381 755 755 744 744 711 711 978 978 712 712 1557 1557 712 712 699 699 1557 1557 975 975 978 978 1557 1557 699 699 1539 1539 1557 1557 1539 1539 975 975 1557 1557 1927 1927 1558 1558 1556 1556 1558 1558 1540 1540 1556 1556 1527 1527 1507 1507 1559 1559 1507 1507 1543 1543 1559 1559 1545 1545 1527 1527 1559 1559 725 725 1544 1544 1151 1151 1492 1492 1546 1546 1487 1487 1519 1519 1492 1492 1487 1487 1536 1536 1515 1515 1560 1560 1515 1515 1547 1547 1560 1560 1524 1524 1548 1548 1561 1561 1542 1542 1524 1524 1561 1561 755 755 710 710 764 764 1547 1547 1532 1532 1562 1562 1541 1541 1545 1545 1563 1563 1532 1532 1513 1513 1562 1562 1538 1538 1516 1516 1048 1048 1513 1513 1549 1549 1562 1562 1544 1544 1528 1528 1564 1564 1528 1528 1552 1552 1564 1564 1486 1486 989 989 1048 1048 1516 1516 1486 1486 1048 1048 1151 1151 1544 1544 1564 1564 1514 1514 1550 1550 1565 1565 1475 1475 1555 1555 1476 1476 1535 1535 1514 1514 1565 1565 1555 1555 1566 1566 1476 1476 1530 1530 1509 1509 1294 1294 1551 1551 1535 1535 1565 1565 770 770 759 759 768 768 1509 1509 1381 1381 1294 1294 734 734 733 733 768 768 710 710 978 978 764 764 990 990 767 767 764 764 1567 1567 990 990 764 764 978 978 1567 1567 764 764 1543 1543 1522 1522 1568 1568 1522 1522 1551 1551 1568 1568 1533 1533 1511 1511 1569 1569 1511 1511 1553 1553 1569 1569 1519 1519 1487 1487 1488 1488 1537 1537 1519 1519 1488 1488 1536 1536 1560 1560 1570 1570 1548 1548 1536 1536 1570 1570 1927 1927 1556 1556 1571 1571 1552 1552 1542 1542 1572 1572 1542 1542 1561 1561 1572 1572 1573 1573 1574 1574 1571 1571 1574 1574 1927 1927 1571 1571 1545 1545 1559 1559 1575 1575 1016 1016 773 773 758 758 1547 1547 1562 1562 1576 1576 757 757 1004 1004 758 758 1004 1004 1016 1016 758 758 1151 1151 1564 1564 1153 1153 440 440 437 437 769 769 1566 1566 1577 1577 1478 1478 1476 1476 1566 1566 1478 1478 751 751 783 783 775 775 1556 1556 1541 1541 1578 1578 1571 1571 1556 1556 1578 1578 1546 1546 1530 1530 1293 1293 1541 1541 1563 1563 1578 1578 1530 1530 1294 1294 1293 1293 773 773 1016 1016 769 769 1537 1537 1488 1488 1397 1397 1538 1538 1048 1048 1125 1125 1549 1549 1537 1537 1397 1397 440 440 769 769 1579 1579 1548 1548 1570 1570 1580 1580 1561 1561 1548 1548 1580 1580 1551 1551 1565 1565 1581 1581 769 769 1016 1016 1579 1579 1153 1153 1564 1564 1582 1582 1564 1564 1552 1552 1582 1582 440 440 1579 1579 1583 1583 1559 1559 1543 1543 1584 1584 1552 1552 1572 1572 1582 1582 1543 1543 1568 1568 1584 1584 444 444 440 440 1583 1583 1575 1575 1559 1559 1584 1584 1560 1560 1547 1547 1585 1585 1547 1547 1576 1576 1585 1585 1016 1016 1022 1022 1583 1583 1478 1478 1577 1577 1482 1482 1579 1579 1016 1016 1583 1583 444 444 1583 1583 1586 1586 1577 1577 1587 1587 1482 1482 1487 1487 1546 1546 1176 1176 1533 1533 1569 1569 1588 1588 1583 1583 1022 1022 1586 1586 1550 1550 1533 1533 1588 1588 1022 1022 1032 1032 1586 1586 1573 1573 1571 1571 1589 1589 444 444 1586 1586 1040 1040 1586 1586 1032 1032 1040 1040 455 455 444 444 1040 1040 455 455 1044 1044 1050 1050 449 449 455 455 1050 1050 786 786 1056 1056 787 787 1546 1546 1293 1293 1176 1176 1056 1056 1062 1062 787 787 1549 1549 1397 1397 1306 1306 1590 1590 1902 1902 1589 1589 1902 1902 1573 1573 1589 1589 1062 1062 1066 1066 787 787 1545 1545 1575 1575 1591 1591 1563 1563 1545 1545 1591 1591 1576 1576 1562 1562 1306 1306 1562 1562 1549 1549 1306 1306 787 787 1066 1066 1068 1068 1066 1066 1067 1067 1068 1068 1068 1068 1074 1074 790 790 1561 1561 1580 1580 1592 1592 1572 1572 1561 1561 1592 1592 1153 1153 1582 1582 1181 1181 788 788 1068 1068 790 790 1560 1560 1585 1585 1593 1593 1074 1074 1081 1081 796 796 790 790 1074 1074 796 796 1570 1570 1560 1560 1593 1593 1482 1482 1587 1587 1394 1394 796 796 1081 1081 792 792 1589 1589 1571 1571 1594 1594 1571 1571 1578 1578 1594 1594 1081 1081 793 793 792 792 1587 1587 1595 1595 1394 1394 1072 1072 1080 1080 813 813 794 794 793 793 813 813 793 793 1072 1072 813 813 1080 1080 1090 1090 813 813 1090 1090 1091 1091 813 813 1569 1569 1553 1553 1249 1249 1538 1538 1125 1125 1249 1249 1576 1576 1306 1306 1187 1187 1553 1553 1538 1538 1249 1249 1551 1551 1581 1581 1596 1596 1572 1572 1592 1592 1597 1597 1568 1568 1551 1551 1596 1596 1582 1582 1572 1572 1597 1597 1091 1091 808 808 813 813 1181 1181 1582 1582 1597 1597 1580 1580 1570 1570 1598 1598 1570 1570 1593 1593 1598 1598 1575 1575 1584 1584 1599 1599 933 933 796 796 797 797 1394 1394 1595 1595 1395 1395 1087 1087 1096 1096 801 801 1595 1595 1505 1505 1395 1395 1550 1550 1588 1588 1600 1600 801 801 1096 1096 805 805 1565 1565 1550 1550 1600 1600 1590 1590 1589 1589 1601 1601 1101 1101 1102 1102 826 826 1096 1096 1101 1101 826 826 1102 1102 1602 1602 826 826 805 805 1096 1096 826 826 1576 1576 1187 1187 1103 1103 1603 1603 1590 1590 1601 1601 1563 1563 1591 1591 1604 1604 1585 1585 1576 1576 1103 1103 1602 1602 825 825 826 826 1181 1181 1597 1597 1259 1259 1578 1578 1563 1563 1604 1604 1580 1580 1598 1598 1605 1605 1592 1592 1580 1580 1605 1605 808 808 934 934 809 809 934 934 811 811 809 809 1395 1395 1505 1505 1311 1311 811 811 829 829 812 812 830 830 829 829 840 840 1106 1106 830 830 840 840 541 541 1106 1106 843 843 1589 1589 1594 1594 1606 1606 1585 1585 1103 1103 1019 1019 1106 1106 840 840 843 843 1593 1593 1585 1585 1019 1019 1597 1597 1592 1592 1607 1607 1009 1009 1006 1006 676 676 1569 1569 1249 1249 1332 1332 1259 1259 1597 1597 1607 1607 1006 1006 1112 1112 676 676 1592 1592 1605 1605 1607 1607 1120 1120 1009 1009 676 676 1568 1568 1596 1596 1608 1608 1584 1584 1568 1568 1608 1608 1599 1599 1584 1584 1608 1608 1122 1122 1127 1127 696 696 1127 1127 707 707 696 696 707 707 1134 1134 696 696 1591 1591 1575 1575 1609 1609 1575 1575 1599 1599 1609 1609 847 847 1146 1146 848 848 1146 1146 689 689 848 848 689 689 1138 1138 848 848 1598 1598 1593 1593 957 957 1593 1593 1019 1019 957 957 848 848 1138 1138 857 857 1581 1581 1565 1565 1610 1610 1565 1565 1600 1600 1610 1610 1259 1259 1607 1607 1260 1260 756 756 1147 1147 1180 1180 860 860 760 760 1180 1180 760 760 756 756 1180 1180 1182 1182 1191 1191 1611 1611 1191 1191 1180 1180 1611 1611 1180 1180 1147 1147 1611 1611 1147 1147 1153 1153 1611 1611 1153 1153 1182 1182 1611 1611 1612 1612 1613 1613 1614 1614 1603 1603 1601 1601 1614 1614 1160 1160 774 774 1615 1615 1613 1613 1603 1603 1614 1614 1178 1178 1160 1160 1615 1615 1594 1594 1578 1578 1616 1616 1578 1578 1604 1604 1616 1616 1205 1205 1178 1178 1615 1615 1189 1189 1205 1205 1615 1615 774 774 1172 1172 1615 1615 1172 1172 1189 1189 1615 1615 1182 1182 1181 1181 1617 1617 1208 1208 1182 1182 1617 1617 1606 1606 1594 1594 1616 1616 1605 1605 1598 1598 873 873 1598 1598 957 957 873 873 1181 1181 1259 1259 1617 1617 1250 1250 1208 1208 1617 1617 1259 1259 1250 1250 1617 1617 1178 1178 1205 1205 1198 1198 1225 1225 1202 1202 1198 1198 820 820 1225 1225 1198 1198 1601 1601 1589 1589 1618 1618 1589 1589 1606 1606 1618 1618 1191 1191 1208 1208 1235 1235 1198 1198 1205 1205 1238 1238 820 820 1198 1198 1238 1238 1614 1614 1601 1601 1618 1618 860 860 1191 1191 861 861 1607 1607 1605 1605 872 872 1191 1191 1235 1235 861 861 1605 1605 873 873 872 872 1260 1260 1607 1607 872 872 868 868 820 820 1238 1238 1588 1588 1569 1569 1421 1421 1569 1569 1332 1332 1421 1421 1599 1599 1608 1608 692 692 1261 1261 1251 1251 1250 1250 1259 1259 1261 1261 1250 1250 1260 1260 872 872 871 871 864 864 863 863 1619 1619 863 863 861 861 1619 1619 861 861 1235 1235 1619 1619 1591 1591 1609 1609 669 669 1604 1604 1591 1591 669 669 862 862 1256 1256 1188 1188 1269 1269 864 864 1619 1619 1269 1269 1619 1619 1267 1267 1619 1619 1235 1235 1267 1267 1235 1235 1208 1208 1267 1267 1208 1208 1251 1251 1267 1267 1620 1620 1261 1261 1621 1621 1261 1261 1260 1260 1621 1621 869 869 1188 1188 1286 1286 1188 1188 1256 1256 1286 1286 1596 1596 1581 1581 727 727 1291 1291 869 869 1286 1286 1581 1581 1610 1610 727 727 1267 1267 1251 1251 1622 1622 1268 1268 1267 1267 1622 1622 1251 1251 1261 1261 1622 1622 1261 1261 1620 1620 1622 1622 1623 1623 1620 1620 1621 1621 1624 1624 1623 1623 1621 1621 1625 1625 1612 1612 1626 1626 1612 1612 1614 1614 1626 1626 1260 1260 1304 1304 1621 1621 1606 1606 1616 1616 682 682 1304 1304 1624 1624 1621 1621 1620 1620 1623 1623 1622 1622 865 865 881 881 866 866 882 882 821 821 866 866 1622 1622 1623 1623 1268 1268 1627 1627 1304 1304 895 895 1304 1304 871 871 895 895 1623 1623 1624 1624 1628 1628 1614 1614 1618 1618 1629 1629 1626 1626 1614 1614 1629 1629 1304 1304 1627 1627 1628 1628 1624 1624 1304 1304 1628 1628 1623 1623 1628 1628 1630 1630 1268 1268 1623 1623 1630 1630 1363 1363 1324 1324 1630 1630 1324 1324 1268 1268 1630 1630 1631 1631 1627 1627 895 895 1610 1610 1600 1600 761 761 1163 1163 1149 1149 1632 1632 1149 1149 1145 1145 1632 1632 1145 1145 503 503 1632 1632 499 499 1163 1163 1632 1632 1588 1588 1421 1421 761 761 503 503 499 499 1632 1632 1633 1633 1631 1631 895 895 1276 1276 461 461 1051 1051 1052 1052 1276 1276 1051 1051 1600 1600 1588 1588 761 761 461 461 458 458 1051 1051 897 897 1633 1633 895 895 1628 1628 1389 1389 1630 1630 1389 1389 1363 1363 1630 1630 1599 1599 692 692 691 691 1051 1051 458 458 1061 1061 458 458 472 472 1061 1061 1627 1627 1631 1631 1628 1628 1609 1609 1599 1599 691 691 1604 1604 669 669 664 664 881 881 1290 1290 1374 1374 682 682 1616 1616 664 664 1616 1616 1604 1604 664 664 1386 1386 879 879 1374 1374 879 879 881 881 1374 1374 485 485 470 470 1064 1064 460 460 485 485 1064 1064 1346 1346 908 908 1634 1634 1061 1061 460 460 1064 1064 908 908 1343 1343 1634 1634 423 423 1346 1346 1634 1634 1596 1596 727 727 726 726 878 878 427 427 1634 1634 1067 1067 1064 1064 1070 1070 1608 1608 1596 1596 726 726 427 427 423 423 1634 1634 1343 1343 878 878 1634 1634 1625 1625 1626 1626 715 715 1064 1064 470 470 1070 1070 470 470 463 463 1070 1070 1628 1628 1631 1631 1389 1389 1825 1825 1625 1625 715 715 1618 1618 1606 1606 684 684 1451 1451 1363 1363 1389 1389 501 501 1078 1078 1071 1071 1078 1078 1072 1072 1071 1071 457 457 501 501 1071 1071 1389 1389 1631 1631 1450 1450 1606 1606 682 682 684 684 1450 1450 1631 1631 1635 1635 1631 1631 1633 1633 1635 1635 897 897 899 899 1635 1635 477 477 462 462 1078 1078 1633 1633 897 897 1635 1635 899 899 897 897 894 894 493 493 492 492 1636 1636 493 493 1636 1636 1079 1079 1451 1451 1389 1389 1450 1450 462 462 493 493 1079 1079 1626 1626 1629 1629 703 703 885 885 909 909 900 900 884 884 885 885 900 900 899 899 1464 1464 1635 1635 715 715 1626 1626 703 703 1087 1087 801 801 1637 1637 492 492 490 490 1637 1637 490 490 1087 1087 1637 1637 1610 1610 761 761 765 765 669 669 1609 1609 670 670 1609 1609 691 691 670 670 492 492 1637 1637 1636 1636 1080 1080 1079 1079 1090 1090 1079 1079 1636 1636 1090 1090 801 801 803 803 1636 1636 682 682 664 664 663 663 1637 1637 801 801 1636 1636 488 488 484 484 1089 1089 692 692 1608 1608 694 694 1090 1090 1636 1636 803 803 1608 1608 726 726 694 694 484 484 883 883 1099 1099 883 883 1100 1100 1099 1099 1089 1089 484 484 1099 1099 1825 1825 715 715 700 700 1635 1635 1464 1464 667 667 1450 1450 1635 1635 667 667 1451 1451 1450 1450 667 667 1464 1464 899 899 674 674 671 671 1464 1464 674 674 698 698 1638 1638 700 700 1638 1638 1639 1639 700 700 899 899 906 906 674 674 1639 1639 1825 1825 700 700 950 950 842 842 1108 1108 1523 1523 903 903 912 912 703 703 1629 1629 704 704 903 903 902 902 912 912 1629 1629 1618 1618 704 704 1618 1618 684 684 704 704 1433 1433 1434 1434 1489 1489 1501 1501 1433 1433 1489 1489 1531 1531 1501 1501 1489 1489 541 541 540 540 662 662 1529 1529 905 905 688 688 1451 1451 667 667 666 666 1471 1471 1451 1451 666 666 715 715 703 703 718 718 668 668 1471 1471 666 666 1523 1523 912 912 661 661 615 615 1523 1523 661 661 727 727 1610 1610 730 730 1610 1610 765 765 730 730 664 664 669 669 665 665 1665 1665 1160 1160 1642 1642 1644 1644 1980 1980 1645 1645 1647 1647 1640 1640 1648 1648 1650 1650 1646 1646 1651 1651 1650 1650 1651 1651 1652 1652 1653 1653 1159 1159 1162 1162 1650 1650 1654 1654 1655 1655 1650 1650 1652 1652 1654 1654 1656 1656 1653 1653 1657 1657 1656 1656 1657 1657 1658 1658 1656 1656 1658 1658 1659 1659 1660 1660 896 896 1641 1641 1661 1661 1643 1643 1662 1662 1661 1661 1978 1978 1663 1663 1649 1649 1640 1640 1647 1647 1660 1660 1641 1641 1643 1643 1666 1666 1455 1455 1646 1646 1650 1650 1655 1655 1667 1667 1642 1642 1159 1159 1653 1653 1644 1644 1647 1647 1648 1648 1457 1457 1455 1455 1664 1664 511 511 539 539 1649 1649 1664 1664 1455 1455 1666 1666 1666 1666 1646 1646 1650 1650 1669 1669 1643 1643 1661 1661 1666 1666 1650 1650 1667 1667 1670 1670 896 896 1660 1660 1669 1669 1661 1661 1663 1663 1671 1671 1642 1642 1653 1653 1672 1672 511 511 1649 1649 1671 1671 1653 1653 1656 1656 1671 1671 1656 1656 1659 1659 1671 1671 1659 1659 1673 1673 1674 1674 1425 1425 1457 1457 1676 1676 1647 1647 1644 1644 1678 1678 1457 1457 1664 1664 1676 1676 1644 1644 1645 1645 1676 1676 1645 1645 1677 1677 1678 1678 1664 1664 1666 1666 1679 1679 896 896 1670 1670 1678 1678 1666 1666 1667 1667 1671 1671 1665 1665 1642 1642 1672 1672 1649 1649 1647 1647 1674 1674 1675 1675 1425 1425 1669 1669 1660 1660 1643 1643 1680 1680 740 740 1668 1668 1669 1669 1663 1663 1681 1681 1674 1674 1457 1457 1678 1678 1682 1682 1647 1647 1676 1676 729 729 740 740 1680 1680 1682 1682 1672 1672 1647 1647 1682 1682 1676 1676 1677 1677 1678 1678 1667 1667 1683 1683 1684 1684 1668 1668 1665 1665 1684 1684 1665 1665 1671 1671 1684 1684 1673 1673 1685 1685 1684 1684 1671 1671 1673 1673 1682 1682 1677 1677 1686 1686 1688 1688 511 511 1672 1672 1687 1687 1675 1675 1674 1674 1688 1688 509 509 511 511 1689 1689 729 729 1680 1680 1690 1690 1674 1674 1678 1678 1690 1690 1678 1678 1683 1683 1684 1684 1685 1685 1691 1691 1692 1692 1660 1660 1669 1669 1692 1692 1670 1670 1660 1660 1399 1399 1675 1675 1687 1687 1692 1692 1669 1669 1681 1681 1693 1693 1688 1688 1672 1672 1693 1693 1672 1672 1682 1682 1693 1693 1682 1682 1686 1686 833 833 1679 1679 1698 1698 1689 1689 721 721 729 729 1694 1694 1674 1674 1690 1690 1694 1694 1683 1683 1695 1695 1694 1694 1690 1690 1683 1683 512 512 509 509 1688 1688 1696 1696 1668 1668 1684 1684 1696 1696 1680 1680 1668 1668 1696 1696 1684 1684 1691 1691 1697 1697 512 512 1688 1688 1698 1698 1679 1679 1670 1670 1699 1699 1368 1368 1399 1399 1693 1693 1686 1686 1700 1700 1701 1701 1399 1399 1687 1687 1702 1702 721 721 1689 1689 1703 1703 1688 1688 1693 1693 1703 1703 1697 1697 1688 1688 1703 1703 1693 1693 1700 1700 1694 1694 1687 1687 1674 1674 1697 1697 519 519 512 512 1692 1692 1681 1681 1704 1704 1696 1696 1689 1689 1680 1680 1705 1705 519 519 1697 1697 1705 1705 1697 1697 1703 1703 1705 1705 1703 1703 1700 1700 1705 1705 1700 1700 1706 1706 1699 1699 1399 1399 1701 1701 520 520 519 519 1705 1705 722 722 721 721 1702 1702 1701 1701 1687 1687 1694 1694 1701 1701 1695 1695 1708 1708 1701 1701 1694 1694 1695 1695 1709 1709 1698 1698 1670 1670 1709 1709 1670 1670 1692 1692 1710 1710 520 520 1705 1705 1709 1709 1692 1692 1704 1704 1710 1710 1705 1705 1706 1706 1711 1711 1738 1738 833 833 522 522 520 520 1707 1707 1712 1712 1689 1689 1696 1696 1710 1710 1707 1707 520 520 1712 1712 1691 1691 1713 1713 1712 1712 1696 1696 1691 1691 1370 1370 1368 1368 1699 1699 1714 1714 1707 1707 1710 1710 1714 1714 522 522 1707 1707 1714 1714 1710 1710 1706 1706 1714 1714 1706 1706 1715 1715 1711 1711 833 833 1698 1698 1716 1716 522 522 1714 1714 1716 1716 534 534 522 522 1716 1716 1714 1714 1715 1715 1716 1716 1715 1715 1717 1717 1718 1718 1699 1699 1701 1701 1718 1718 1701 1701 1708 1708 1720 1720 1709 1709 1704 1704 1722 1722 722 722 1702 1702 1724 1724 1723 1723 1721 1721 1724 1724 1725 1725 1727 1727 1724 1724 1727 1727 1723 1723 1726 1726 1727 1727 1725 1725 1726 1726 1728 1728 1727 1727 1712 1712 1702 1702 1689 1689 1729 1729 1728 1728 1726 1726 1732 1732 1733 1733 1734 1734 1735 1735 1370 1370 1699 1699 1736 1736 1719 1719 724 724 1737 1737 1721 1721 1720 1720 1718 1718 1708 1708 1739 1739 1740 1740 1711 1711 1698 1698 1726 1726 1725 1725 1744 1744 1722 1722 724 724 722 722 1741 1741 1722 1722 1702 1702 1742 1742 1731 1731 1729 1729 1741 1741 1702 1702 1712 1712 1347 1347 1370 1370 1730 1730 1741 1741 1713 1713 1743 1743 1741 1741 1712 1712 1713 1713 1732 1732 1731 1731 1742 1742 1736 1736 724 724 1722 1722 1737 1737 1720 1720 1704 1704 1730 1730 1370 1370 1735 1735 1737 1737 1724 1724 1721 1721 1735 1735 1699 1699 1718 1718 1735 1735 1718 1718 1739 1739 1744 1744 1729 1729 1726 1726 1742 1742 1729 1729 1744 1744 1745 1745 1325 1325 1347 1347 1733 1733 1732 1732 1742 1742 1720 1720 1698 1698 1709 1709 1720 1720 1740 1740 1698 1698 1740 1740 1738 1738 1711 1711 1745 1745 1347 1347 1730 1730 1746 1746 1730 1730 1735 1735 1748 1748 1719 1719 1736 1736 1748 1748 1496 1496 1719 1719 1746 1746 1735 1735 1739 1739 1746 1746 1739 1739 1749 1749 1750 1750 1325 1325 1745 1745 1721 1721 1740 1740 1720 1720 1751 1751 1722 1722 1741 1741 1751 1751 1736 1736 1722 1722 1751 1751 1743 1743 1752 1752 1751 1751 1741 1741 1743 1743 1305 1305 1325 1325 1750 1750 1746 1746 1745 1745 1730 1730 1753 1753 1496 1496 1748 1748 1754 1754 1747 1747 1738 1738 1754 1754 1738 1738 1740 1740 1498 1498 1496 1496 1753 1753 1756 1756 399 399 400 400 1756 1756 400 400 1755 1755 1758 1758 1745 1745 1746 1746 1758 1758 1749 1749 1759 1759 1758 1758 1746 1746 1749 1749 1760 1760 1498 1498 1753 1753 1762 1762 1748 1748 1736 1736 1761 1761 1305 1305 1750 1750 1762 1762 1736 1736 1751 1751 1762 1762 1752 1752 1763 1763 1723 1723 1754 1754 1740 1740 1762 1762 1751 1751 1752 1752 1723 1723 1740 1740 1721 1721 1764 1764 1756 1756 1755 1755 1764 1764 1755 1755 1757 1757 1758 1758 1750 1750 1745 1745 1760 1760 1452 1452 1498 1498 1283 1283 1305 1305 1761 1761 1765 1765 1747 1747 1754 1754 1766 1766 399 399 1756 1756 1767 1767 1283 1283 1761 1761 1762 1762 1753 1753 1748 1748 1764 1764 1757 1757 1768 1768 1769 1769 1453 1453 1452 1452 1766 1766 1756 1756 1764 1764 1770 1770 1750 1750 1758 1758 1770 1770 1759 1759 1771 1771 1770 1770 1758 1758 1759 1759 1769 1769 1452 1452 1760 1760 1773 1773 1765 1765 1754 1754 401 401 399 399 1766 1766 1774 1774 1760 1760 1753 1753 1774 1774 1753 1753 1762 1762 1774 1774 1762 1762 1763 1763 1774 1774 1763 1763 1775 1775 1776 1776 401 401 1766 1766 1772 1772 1283 1283 1767 1767 1284 1284 1283 1283 1772 1772 1777 1777 1766 1766 1764 1764 1770 1770 1761 1761 1750 1750 1777 1777 1764 1764 1768 1768 1778 1778 1453 1453 1769 1769 1779 1779 535 535 401 401 1727 1727 1754 1754 1723 1723 1727 1727 1773 1773 1754 1754 1781 1781 1284 1284 1772 1772 1780 1780 1765 1765 1773 1773 1782 1782 1767 1767 1761 1761 1782 1782 1761 1761 1770 1770 1782 1782 1771 1771 1783 1783 1782 1782 1770 1770 1771 1771 1779 1779 401 401 1776 1776 1795 1795 535 535 1779 1779 1784 1784 1769 1769 1760 1760 1784 1784 1760 1760 1774 1774 1784 1784 1774 1774 1775 1775 1784 1784 1775 1775 1785 1785 1781 1781 1265 1265 1284 1284 1787 1787 1766 1766 1777 1777 1787 1787 1776 1776 1766 1766 1787 1787 1768 1768 1788 1788 1787 1787 1777 1777 1768 1768 1782 1782 1772 1772 1767 1767 1789 1789 1780 1780 1773 1773 1790 1790 1795 1795 1779 1779 1784 1784 1778 1778 1769 1769 1791 1791 1265 1265 1781 1781 1728 1728 1773 1773 1727 1727 1728 1728 1789 1789 1773 1773 1792 1792 1781 1781 1772 1772 1792 1792 1772 1772 1782 1782 1792 1792 1783 1783 1793 1793 1792 1792 1782 1782 1783 1783 1794 1794 1384 1384 1786 1786 1796 1796 1778 1778 1784 1784 1796 1796 1784 1784 1785 1785 1796 1796 1785 1785 1797 1797 1790 1790 1779 1779 1776 1776 1794 1794 1385 1385 1384 1384 1799 1799 698 698 1780 1780 1796 1796 1786 1786 1778 1778 1799 1799 1780 1780 1789 1789 1800 1800 1781 1781 1792 1792 1800 1800 1791 1791 1781 1781 1800 1800 1793 1793 1801 1801 1800 1800 1792 1792 1793 1793 1802 1802 1385 1385 1794 1794 1803 1803 1776 1776 1787 1787 1803 1803 1790 1790 1776 1776 1803 1803 1788 1788 1804 1804 1803 1803 1787 1787 1788 1788 1805 1805 1786 1786 1796 1796 1805 1805 1794 1794 1786 1786 1805 1805 1796 1796 1797 1797 1805 1805 1797 1797 1806 1806 1807 1807 1795 1795 1790 1790 1809 1809 698 698 1799 1799 1809 1809 1638 1638 698 698 1807 1807 980 980 1795 1795 1810 1810 1385 1385 1802 1802 1800 1800 1798 1798 1791 1791 1810 1810 1811 1811 1385 1385 1729 1729 1799 1799 1789 1789 1729 1729 1789 1789 1728 1728 1808 1808 1228 1228 1243 1243 1812 1812 1807 1807 1790 1790 1812 1812 1790 1790 1803 1803 1812 1812 1803 1803 1804 1804 1813 1813 1243 1243 1798 1798 1813 1813 1798 1798 1800 1800 1813 1813 1800 1800 1801 1801 1813 1813 1801 1801 1814 1814 1815 1815 1206 1206 1228 1228 981 981 980 980 1807 1807 1809 1809 1639 1639 1638 1638 1816 1816 1794 1794 1805 1805 1816 1816 1802 1802 1794 1794 1816 1816 1805 1805 1806 1806 1816 1816 1806 1806 1817 1817 1815 1815 1228 1228 1808 1808 1731 1731 1809 1809 1799 1799 1731 1731 1799 1799 1729 1729 1813 1813 1808 1808 1243 1243 1818 1818 1310 1310 1811 1811 1819 1819 1825 1825 1639 1639 1816 1816 1810 1810 1802 1802 1820 1820 1206 1206 1815 1815 1812 1812 1804 1804 1821 1821 1819 1819 1639 1639 1809 1809 1818 1818 1271 1271 1310 1310 1822 1822 981 981 1807 1807 1823 1823 1808 1808 1813 1813 1823 1823 1813 1813 1814 1814 1823 1823 1814 1814 1824 1824 1822 1822 972 972 981 981 1826 1826 1810 1810 1816 1816 1826 1826 1811 1811 1810 1810 1826 1826 1816 1816 1817 1817 1826 1826 1817 1817 1827 1827 1732 1732 1809 1809 1731 1731 1819 1819 1809 1809 1732 1732 1828 1828 1271 1271 1818 1818 1823 1823 1815 1815 1808 1808 1829 1829 1825 1825 1819 1819 1830 1830 1807 1807 1812 1812 1830 1830 1822 1822 1807 1807 1826 1826 1818 1818 1811 1811 1830 1830 1812 1812 1821 1821 1832 1832 972 972 1822 1822 1833 1833 1209 1209 1828 1828 1834 1834 1820 1820 1815 1815 1834 1834 1815 1815 1823 1823 1834 1834 1823 1823 1824 1824 1834 1834 1824 1824 1835 1835 1734 1734 1819 1819 1732 1732 1836 1836 1818 1818 1826 1826 1836 1836 1827 1827 1837 1837 1836 1836 1826 1826 1827 1827 1625 1625 1825 1825 1829 1829 1838 1838 1209 1209 1833 1833 1840 1840 1209 1209 1838 1838 1841 1841 1822 1822 1830 1830 1841 1841 1830 1830 1821 1821 1841 1841 1821 1821 1842 1842 1836 1836 1828 1828 1818 1818 916 916 972 972 1832 1832 1843 1843 1185 1185 1839 1839 1844 1844 1625 1625 1829 1829 1845 1845 1840 1840 1838 1838 1734 1734 1829 1829 1819 1819 1734 1734 1733 1733 1846 1846 1847 1847 1820 1820 1834 1834 1847 1847 1831 1831 1820 1820 1847 1847 1834 1834 1835 1835 1847 1847 1835 1835 1848 1848 1849 1849 1828 1828 1836 1836 1849 1849 1833 1833 1828 1828 1849 1849 1837 1837 1851 1851 1849 1849 1836 1836 1837 1837 1844 1844 1612 1612 1625 1625 1850 1850 1185 1185 1843 1843 1841 1841 1832 1832 1822 1822 1847 1847 1839 1839 1831 1831 1853 1853 916 916 1832 1832 1852 1852 1185 1185 1850 1850 1849 1849 1838 1838 1833 1833 1854 1854 1613 1613 1612 1612 1855 1855 1852 1852 1850 1850 1856 1856 1844 1844 1829 1829 1856 1856 1829 1829 1734 1734 1154 1154 1840 1840 1845 1845 1856 1856 1734 1734 1846 1846 1858 1858 1839 1839 1847 1847 1858 1858 1843 1843 1839 1839 1858 1858 1848 1848 1859 1859 1858 1858 1847 1847 1848 1848 1857 1857 916 916 1853 1853 1860 1860 1845 1845 1838 1838 1860 1860 1838 1838 1849 1849 1861 1861 1612 1612 1844 1844 1860 1860 1849 1849 1851 1851 1860 1860 1851 1851 1862 1862 1861 1861 1854 1854 1612 1612 1853 1853 1832 1832 1841 1841 1853 1853 1842 1842 1863 1863 1853 1853 1841 1841 1842 1842 1857 1857 891 891 916 916 1858 1858 1850 1850 1843 1843 1864 1864 1154 1154 1845 1845 1174 1174 1852 1852 1855 1855 1865 1865 1844 1844 1856 1856 1865 1865 1846 1846 1866 1866 1865 1865 1856 1856 1846 1846 1867 1867 1118 1118 1155 1155 1868 1868 1855 1855 1850 1850 1868 1868 1850 1850 1858 1858 1868 1868 1859 1859 1869 1869 1868 1868 1858 1858 1859 1859 1864 1864 1155 1155 1154 1154 1870 1870 1845 1845 1860 1860 1870 1870 1864 1864 1845 1845 1870 1870 1860 1860 1862 1862 1870 1870 1862 1862 1871 1871 1872 1872 1857 1857 1853 1853 1872 1872 1853 1853 1863 1863 1873 1873 1168 1168 1174 1174 1867 1867 1083 1083 1118 1118 1867 1867 1155 1155 1864 1864 1865 1865 1861 1861 1844 1844 1874 1874 1168 1168 1873 1873 1613 1613 1854 1854 1861 1861 1875 1875 891 891 1857 1857 1876 1876 1613 1613 1861 1861 1877 1877 1083 1083 1867 1867 1878 1878 1855 1855 1868 1868 1878 1878 1174 1174 1855 1855 1878 1878 1869 1869 1879 1879 1878 1878 1868 1868 1869 1869 1161 1161 1168 1168 1874 1874 1880 1880 1864 1864 1870 1870 1880 1880 1867 1867 1864 1864 1872 1872 1863 1863 1881 1881 1880 1880 1871 1871 1882 1882 1875 1875 855 855 891 891 1880 1880 1870 1870 1871 1871 1883 1883 1161 1161 1874 1874 1084 1084 1083 1083 1877 1877 1884 1884 1861 1861 1865 1865 1884 1884 1866 1866 1885 1885 1878 1878 1873 1873 1174 1174 1884 1884 1865 1865 1866 1866 1603 1603 1613 1613 1876 1876 1886 1886 1161 1161 1883 1883 1887 1887 1603 1603 1876 1876 1888 1888 1161 1161 1886 1886 1889 1889 1873 1873 1878 1878 1889 1889 1874 1874 1873 1873 1891 1891 1875 1875 1857 1857 1890 1890 1038 1038 1084 1084 1891 1891 1857 1857 1872 1872 1889 1889 1879 1879 1892 1892 1889 1889 1878 1878 1879 1879 1893 1893 837 837 855 855 1891 1891 1872 1872 1881 1881 1890 1890 1084 1084 1877 1877 1884 1884 1876 1876 1861 1861 1894 1894 1888 1888 1886 1886 1893 1893 855 855 1875 1875 1889 1889 1883 1883 1874 1874 1887 1887 1590 1590 1603 1603 1895 1895 1907 1907 837 837 1896 1896 1877 1877 1867 1867 1896 1896 1867 1867 1880 1880 1896 1896 1880 1880 1882 1882 1896 1896 1882 1882 1897 1897 1898 1898 1038 1038 1890 1890 1899 1899 1887 1887 1876 1876 1899 1899 1876 1876 1884 1884 1895 1895 837 837 1893 1893 1900 1900 1888 1888 1894 1894 1891 1891 1881 1881 1901 1901 1899 1899 1884 1884 1885 1885 1903 1903 1886 1886 1883 1883 1903 1903 1883 1883 1889 1889 1904 1904 1152 1152 1888 1888 1903 1903 1889 1889 1892 1892 1903 1903 1892 1892 1905 1905 1902 1902 1590 1590 1887 1887 1906 1906 1890 1890 1877 1877 1904 1904 1888 1888 1900 1900 1908 1908 1143 1143 1152 1152 1908 1908 1152 1152 1904 1904 1898 1898 1012 1012 1038 1038 1899 1899 1885 1885 1909 1909 1910 1910 1907 1907 1895 1895 1911 1911 1893 1893 1875 1875 1911 1911 1875 1875 1891 1891 1903 1903 1894 1894 1886 1886 1911 1911 1891 1891 1901 1901 1906 1906 1898 1898 1890 1890 1912 1912 1906 1906 1877 1877 1912 1912 1877 1877 1896 1896 1912 1912 1896 1896 1897 1897 1913 1913 1908 1908 1904 1904 1914 1914 1887 1887 1899 1899 1914 1914 1902 1902 1887 1887 1914 1914 1899 1899 1909 1909 1912 1912 1897 1897 1915 1915 1916 1916 1012 1012 1898 1898 822 822 1907 1907 1910 1910 1917 1917 1900 1900 1894 1894 1911 1911 1895 1895 1893 1893 1917 1917 1894 1894 1903 1903 1917 1917 1905 1905 1920 1920 1919 1919 822 822 1910 1910 1918 1918 1573 1573 1902 1902 1917 1917 1903 1903 1905 1905 1911 1911 1901 1901 1921 1921 1922 1922 1898 1898 1906 1906 1923 1923 1906 1906 1912 1912 1923 1923 1912 1912 1915 1915 1924 1924 1012 1012 1916 1916 1924 1924 994 994 1012 1012 1925 1925 1908 1908 1913 1913 1913 1913 1904 1904 1900 1900 1914 1914 1909 1909 1926 1926 1918 1918 1902 1902 1914 1914 1144 1144 1143 1143 1908 1908 1916 1916 1898 1898 1922 1922 1574 1574 1573 1573 1918 1918 1247 1247 822 822 1919 1919 1928 1928 1895 1895 1911 1911 1928 1928 1910 1910 1895 1895 1929 1929 1924 1924 1916 1916 1928 1928 1911 1911 1921 1921 1930 1930 1144 1144 1908 1908 1923 1923 1922 1922 1906 1906 1931 1931 1927 1927 1574 1574 1932 1932 1918 1918 1914 1914 1930 1930 1908 1908 1925 1925 1933 1933 1247 1247 1919 1919 1932 1932 1914 1914 1926 1926 1934 1934 1900 1900 1917 1917 1934 1934 1913 1913 1900 1900 1935 1935 680 680 1144 1144 1934 1934 1917 1917 1920 1920 1923 1923 1915 1915 1936 1936 1931 1931 1574 1574 1918 1918 1928 1928 1919 1919 1910 1910 1928 1928 1921 1921 1937 1937 1938 1938 994 994 1924 1924 1934 1934 1920 1920 1939 1939 1938 1938 1924 1924 1929 1929 1940 1940 1922 1922 1923 1923 1245 1245 1247 1247 1933 1933 1935 1935 1144 1144 1930 1930 1929 1929 1916 1916 1922 1922 1940 1940 1923 1923 1936 1936 1941 1941 1927 1927 1931 1931 1943 1943 1935 1935 1930 1930 1932 1932 1926 1926 1942 1942 1943 1943 1930 1930 1925 1925 1934 1934 1925 1925 1913 1913 1944 1944 1219 1219 1245 1245 1940 1940 1929 1929 1922 1922 1946 1946 1919 1919 1928 1928 1946 1946 1933 1933 1919 1919 1946 1946 1928 1928 1937 1937 1558 1558 1927 1927 1941 1941 1944 1944 1245 1245 1933 1933 1945 1945 994 994 1938 1938 1940 1940 1936 1936 1947 1947 1948 1948 1918 1918 1932 1932 1948 1948 1931 1931 1918 1918 1948 1948 1932 1932 1942 1942 1949 1949 1943 1943 1925 1925 1949 1949 1925 1925 1934 1934 1949 1949 1934 1934 1939 1939 1220 1220 1219 1219 1944 1944 1950 1950 1929 1929 1940 1940 1950 1950 1938 1938 1929 1929 1951 1951 680 680 1935 1935 1951 1951 681 681 680 680 1950 1950 1940 1940 1947 1947 1946 1946 1937 1937 1952 1952 1953 1953 1540 1540 1558 1558 1949 1949 1939 1939 1954 1954 1955 1955 1945 1945 1938 1938 1955 1955 1938 1938 1950 1950 1953 1953 1558 1558 1941 1941 1948 1948 1941 1941 1931 1931 1956 1956 1944 1944 1933 1933 1956 1956 1933 1933 1946 1946 1956 1956 1946 1946 1952 1952 1948 1948 1942 1942 1957 1957 1958 1958 1943 1943 1949 1949 1951 1951 1935 1935 1943 1943 1956 1956 1220 1220 1944 1944 1958 1958 1949 1949 1954 1954 1956 1956 1952 1952 1959 1959 1960 1960 1955 1955 1950 1950 1960 1960 1950 1950 1947 1947 1960 1960 1947 1947 1961 1961 1962 1962 967 967 1945 1945 1963 1963 681 681 1951 1951 1964 1964 1220 1220 1956 1956 1964 1964 1214 1214 1220 1220 1965 1965 967 967 1962 1962 1966 1966 1941 1941 1948 1948 1966 1966 1948 1948 1957 1957 1967 1967 947 947 967 967 1958 1958 1951 1951 1943 1943 1968 1968 1201 1201 1214 1214 1969 1969 1214 1214 1964 1964 1962 1962 1945 1945 1955 1955 1965 1965 1967 1967 967 967 1964 1964 1956 1956 1959 1959 1971 1971 1517 1517 1540 1540 1972 1972 1540 1540 1953 1953 1966 1966 1953 1953 1941 1941 1197 1197 1201 1201 1968 1968 1958 1958 1954 1954 1973 1973 1966 1966 1957 1957 1974 1974 1968 1968 1214 1214 1969 1969 1970 1970 681 681 1963 1963 1969 1969 1964 1964 1959 1959 1969 1969 1959 1959 1975 1975 1971 1971 1540 1540 1972 1972 1967 1967 927 927 947 947 1977 1977 1962 1962 1955 1955 1977 1977 1955 1955 1960 1960 1976 1976 1517 1517 1971 1971 1977 1977 1960 1960 1961 1961 1977 1977 1961 1961 1978 1978 1493 1493 1517 1517 1976 1976 1972 1972 1953 1953 1966 1966 1662 1662 1967 1967 1965 1965 1979 1979 1197 1197 1968 1968 1972 1972 1966 1966 1974 1974 1980 1980 1963 1963 1951 1951 1980 1980 1951 1951 1958 1958 1980 1980 1958 1958 1973 1973 1648 1648 675 675 1970 1970 1651 1651 1493 1493 1976 1976 1981 1981 927 927 1967 1967 1979 1979 1177 1177 1197 1197 1977 1977 1965 1965 1962 1962 1972 1972 1974 1974 1654 1654 1979 1979 1968 1968 1969 1969 1979 1979 1969 1969 1975 1975 1981 1981 1967 1967 1662 1662 1494 1494 1493 1493 1651 1651 1646 1646 1494 1494 1651 1651 1162 1162 1177 1177 1657 1657 1641 1641 927 927 1981 1981 1657 1657 1177 1177 1979 1979 1652 1652 1976 1976 1971 1971 1652 1652 1971 1971 1972 1972 1980 1980 1970 1970 1963 1963 1652 1652 1972 1972 1654 1654 1980 1980 1973 1973 1645 1645 1640 1640 675 675 1648 1648 539 539 675 675 1640 1640 1641 1641 896 896 927 927 1661 1661 1662 1662 1965 1965 1661 1661 1965 1965 1977 1977 1661 1661 1977 1977 1978 1978 1652 1652 1651 1651 1976 1976 1653 1653 1162 1162 1657 1657 1643 1643 1981 1981 1662 1662 1658 1658 1657 1657 1979 1979 1658 1658 1975 1975 1659 1659 1658 1658 1979 1979 1975 1975 1643 1643 1641 1641 1981 1981 1642 1642 1160 1160 1159 1159 1649 1649 539 539 1640 1640 1455 1455 1494 1494 1646 1646 1644 1644 1970 1970 1980 1980 1644 1644 1648 1648 1970 1970 580 580 1318 1318 1275 1275 580 580 1275 1275 584 584 583 583 1587 1587 1577 1577 576 576 1587 1587 583 583 576 576 1595 1595 1587 1587 857 857 602 602 599 599 1982 1982 576 576 577 577 1982 1982 1595 1595 576 576 1982 1982 1505 1505 1595 1595 1982 1982 577 577 1983 1983 854 854 857 857 599 599 1982 1982 1983 1983 1984 1984 1984 1984 1985 1985 1503 1503 1984 1984 1505 1505 1982 1982 1984 1984 1503 1503 1505 1505 853 853 854 854 599 599 954 954 853 853 599 599 954 954 599 599 598 598 956 956 598 598 1986 1986 956 956 954 954 598 598 956 956 1986 1986 1987 1987 1094 1094 956 956 1987 1987 1095 1095 1094 1094 1987 1987 1095 1095 1987 1987 1988 1988 1095 1095 1988 1988 1989 1989 1169 1169 1095 1095 1989 1989 1169 1169 1989 1989 1990 1990 1169 1169 1990 1990 1991 1991 1377 1377 1169 1169 1991 1991 1377 1377 1991 1991 1992 1992 1378 1378 1377 1377 1992 1992 1378 1378 1992 1992 1993 1993 1378 1378 1993 1993 1994 1994 1462 1462 1378 1378 1994 1994 1352 1352 580 580 578 578 1352 1352 1318 1318 580 580 1354 1354 1352 1352 578 578 1391 1391 1354 1354 578 578 1391 1391 578 578 575 575 1461 1461 1391 1391 575 575 1465 1465 1461 1461 575 575 569 569 1465 1465 575 575 1502 1502 1465 1465 569 569 1525 1525 1502 1502 569 569 589 589 1525 1525 569 569 1554 1554 1525 1525 589 589 1555 1555 1554 1554 589 589 1555 1555 589 589 583 583 1566 1566 1555 1555 583 583 1577 1577 1566 1566 583 583 1503 1503 1985 1985 1995 1995 1419 1419 1503 1503 1995 1995 1419 1419 1995 1995 1996 1996 1419 1419 1996 1996 1997 1997 1419 1419 1997 1997 1998 1998 1417 1417 1419 1419 1998 1998 1417 1417 1998 1998 1999 1999 1242 1242 1417 1417 1999 1999 1242 1242 1999 1999 2000 2000 1242 1242 2000 2000 2001 2001 1240 1240 2001 2001 2002 2002 1240 1240 1242 1242 2001 2001 1123 1123 2002 2002 2003 2003 1123 1123 1240 1240 2002 2002 1047 1047 2003 2003 617 617 1047 1047 1123 1123 2003 2003 1046 1046 1047 1047 617 617 923 923 617 617 616 616 923 923 1046 1046 617 617 921 921 923 923 616 616 661 661 616 616 615 615 661 661 921 921 616 616 2004 2004 1462 1462 1994 1994 2006 2006 1227 1227 1462 1462 2006 2006 1462 1462 2004 2004 2006 2006 2005 2005 2007 2007 2006 2006 2007 2007 585 585 2006 2006 2004 2004 2005 2005 2006 2006 1226 1226 1227 1227 2006 2006 585 585 584 584 2006 2006 1275 1275 1226 1226 584 584 1275 1275 2006 2006 846 846 939 939 542 542 844 844 846 846 542 542 2008 2008 478 478 553 553 843 843 542 542 541 541 843 843 844 844 542 542 883 883 483 483 481 481 481 481 2008 2008 2009 2009 481 481 478 478 2008 2008 2010 2010 481 481 2009 2009 2010 2010 2011 2011 883 883 2010 2010 883 883 481 481 2012 2012 825 825 2013 2013 1100 1100 2011 2011 2014 2014 2012 2012 827 827 825 825 1100 1100 883 883 2011 2011 2012 2012 939 939 827 827 543 543 542 542 939 939 543 543 939 939 2012 2012 1100 1100 2014 2014 2015 2015 1100 1100 2015 2015 2016 2016 1102 1102 2016 2016 2017 2017 1102 1102 1100 1100 2016 2016 1102 1102 2017 2017 2018 2018 1602 1602 1102 1102 2018 2018 1602 1602 2018 2018 2019 2019 825 825 2019 2019 2013 2013 825 825 1602 1602 2019 2019 1042 1042 2020 2020 2021 2021 783 783 751 751 646 646 1050 1050 2021 2021 2022 2022 1050 1050 1042 1042 2021 2021 1050 1050 2022 2022 2023 2023 781 781 783 783 646 646 453 453 2024 2024 635 635 456 456 1050 1050 2023 2023 751 751 749 749 646 646 645 645 781 781 646 646 2026 2026 781 781 645 645 2026 2026 986 986 930 930 2026 2026 930 930 781 781 987 987 2025 2025 2027 2027 987 987 986 986 2025 2025 2026 2026 2025 2025 986 986 2028 2028 456 456 2023 2023 2028 2028 451 451 456 456 451 451 2029 2029 2024 2024 451 451 2028 2028 2029 2029 1036 1036 987 987 2027 2027 451 451 2024 2024 453 453 1036 1036 2027 2027 2030 2030 1036 1036 2030 2030 2031 2031 1042 1042 2031 2031 2020 2020 1042 1042 1036 1036 2031 2031 2035 2035 2032 2032 2036 2036 2032 2032 2033 2033 2036 2036 2033 2033 2034 2034 2036 2036 2040 2040 2041 2041 2042 2042 2039 2039 2038 2038 2043 2043 2040 2040 2042 2042 2044 2044 2044 2044 2042 2042 2045 2045 2045 2045 2042 2042 2046 2046 2046 2046 2042 2042 2047 2047 2047 2047 2042 2042 2048 2048 2039 2039 2043 2043 2049 2049 2036 2036 2039 2039 2050 2050 2039 2039 2049 2049 2050 2050 2049 2049 2051 2051 2050 2050 2051 2051 2052 2052 2050 2050 2053 2053 2054 2054 2055 2055 2054 2054 2056 2056 2055 2055 2057 2057 2048 2048 2055 2055 2058 2058 2057 2057 2055 2055 2056 2056 2058 2058 2055 2055 2048 2048 2042 2042 2055 2055 2055 2055 2042 2042 2059 2059 2037 2037 2035 2035 2059 2059 2042 2042 2037 2037 2059 2059 2036 2036 2050 2050 2060 2060 2036 2036 2060 2060 2059 2059 2035 2035 2036 2036 2059 2059 2061 2061 2059 2059 2062 2062 2059 2059 2060 2060 2062 2062 2061 2061 2062 2062 2063 2063 2061 2061 2063 2063 2064 2064 2065 2065 2064 2064 2067 2067 2064 2064 2063 2063 2068 2068 2063 2063 2066 2066 2068 2068 2067 2067 2064 2064 2069 2069 2071 2071 2072 2072 2073 2073 2074 2074 2075 2075 2076 2076 2073 2073 2072 2072 2077 2077 2074 2074 2076 2076 2078 2078 2074 2074 2078 2078 2079 2079 2074 2074 2079 2079 2080 2080 2077 2077 2072 2072 2081 2081 2074 2074 2080 2080 2082 2082 2083 2083 2084 2084 2085 2085 2086 2086 2083 2083 2085 2085 2087 2087 2086 2086 2085 2085 2082 2082 2087 2087 2085 2085 2084 2084 2088 2088 2085 2085 2070 2070 2074 2074 2085 2085 2074 2074 2082 2082 2085 2085 2081 2081 2072 2072 2089 2089 2090 2090 2081 2081 2089 2089 2089 2089 2072 2072 2091 2091 2072 2072 2069 2069 2091 2091 2070 2070 2085 2085 2092 2092 2064 2064 2068 2068 2091 2091 2069 2069 2064 2064 2091 2091 2068 2068 2070 2070 2092 2092 2091 2091 2068 2068 2093 2093 2068 2068 2092 2092 2093 2093 2091 2091 2093 2093 2095 2095 2094 2094 2091 2091 2095 2095 2093 2093 2096 2096 2095 2095 2090 2090 2089 2089 2097 2097 2085 2085 2088 2088 2098 2098 2097 2097 2089 2089 2099 2099 540 540 2044 2044 2045 2045 662 662 540 540 2045 2045 662 662 2045 2045 2046 2046 672 672 662 662 2046 2046 672 672 2046 2046 2047 2047 1127 1127 2047 2047 2048 2048 1127 1127 672 672 2047 2047 707 707 1127 1127 2048 2048 707 707 2048 2048 2057 2057 708 708 707 707 2057 2057 719 719 2057 2057 2058 2058 719 719 708 708 2057 2057 601 601 2058 2058 2056 2056 601 601 719 719 2058 2058 614 614 2084 2084 2083 2083 971 971 614 614 2083 2083 971 971 2083 2083 2086 2086 974 974 971 971 2086 2086 974 974 2086 2086 2087 2087 978 978 2087 2087 2082 2082 978 978 974 974 2087 2087 1567 1567 978 978 2082 2082 990 990 2082 2082 2080 2080 990 990 1567 1567 2082 2082 926 926 2080 2080 2079 2079 926 926 990 990 2080 2080 648 648 2079 2079 2078 2078 648 648 926 926 2079 2079 283 283 623 623 301 301 620 620 623 623 283 283 2098 2098 283 283 317 317 2098 2098 620 620 283 283 618 618 2098 2098 2088 2088 618 618 620 620 2098 2098 614 614 2088 2088 2084 2084 614 614 618 618 2088 2088 2076 2076 648 648 2078 2078 647 647 648 648 2076 2076 2075 2075 647 647 2076 2076 643 643 2075 2075 2100 2100 643 643 647 647 2075 2075 641 641 2100 2100 2101 2101 641 641 643 643 2100 2100 306 306 572 572 290 290 573 573 572 572 306 306 590 590 2103 2103 2102 2102 586 586 590 590 2102 2102 2071 2071 2102 2102 2104 2104 2071 2071 586 586 2102 2102 2073 2073 586 586 2071 2071 582 582 586 586 2073 2073 2077 2077 582 582 2073 2073 579 579 582 582 2077 2077 574 574 579 579 2077 2077 2081 2081 574 574 2077 2077 568 568 574 574 2081 2081 568 568 2081 2081 2090 2090 592 592 568 568 2090 2090 587 587 592 592 2090 2090 587 587 2090 2090 2097 2097 581 581 587 587 2097 2097 581 581 2097 2097 2099 2099 290 290 2099 2099 330 330 572 572 2099 2099 290 290 572 572 581 581 2099 2099 2054 2054 601 601 2056 2056 600 600 601 601 2054 2054 2053 2053 600 600 2054 2054 596 596 2053 2053 2105 2105 596 596 600 600 2053 2053 594 594 2105 2105 2106 2106 594 594 596 596 2105 2105 332 332 548 548 357 357 546 546 548 548 332 332 2041 2041 332 332 376 376 2041 2041 546 546 332 332 544 544 2041 2041 2040 2040 544 544 546 546 2041 2041 540 540 2040 2040 2044 2044 540 540 544 544 2040 2040 2107 2107 639 639 2108 2108 636 636 639 639 2107 2107 636 636 2107 2107 2052 2052 390 390 2052 2052 2051 2051 390 390 636 636 2052 2052 391 391 390 390 2051 2051 2049 2049 391 391 2051 2051 515 515 391 391 2049 2049 517 517 515 515 2049 2049 2043 2043 517 517 2049 2049 518 518 517 517 2043 2043 387 387 518 518 2043 2043 2038 2038 387 387 2043 2043 551 551 2038 2038 364 364 551 551 387 387 2038 2038 361 361 551 551 364 364 550 550 551 551 361 361 320 320 633 633 626 626 627 627 629 629 309 309 315 315 627 627 309 309 629 629 573 573 306 306 630 630 301 301 623 623 318 318 633 633 320 320 2109 2109 633 633 318 318 626 626 627 627 315 315 301 301 630 630 2109 2109 309 309 629 629 306 306 2109 2109 634 634 633 633 2109 2109 630 630 634 634 320 320 626 626 315 315 2113 2113 2114 2114 604 604 605 605 606 606 2111 2111 2110 2110 605 605 2111 2111 2112 2112 612 612 2114 2114 2112 2112 613 613 612 612 609 609 2103 2103 590 590 604 604 605 605 2110 2110 2103 2103 609 609 2112 2112 609 609 613 613 2112 2112 2111 2111 606 606 2106 2106 2114 2114 612 612 604 604 2113 2113 604 604 2110 2110 2106 2106 606 606 594 594 353 353 557 557 558 558 558 558 550 550 361 361 352 352 562 562 557 557 350 350 563 563 562 562 350 350 562 562 352 352 560 560 563 563 350 350 353 353 558 558 361 361 352 352 557 557 353 353 566 566 357 357 548 548 347 347 560 560 350 350 346 346 565 565 560 560 346 346 560 560 347 347 357 357 566 566 565 565 357 357 565 565 346 346 2101 2101 655 655 641 641 2116 2116 649 649 2115 2115 2116 2116 656 656 649 649 649 649 655 655 2101 2101 2117 2117 658 658 656 656 2117 2117 656 656 2116 2116 2118 2118 658 658 2117 2117 2118 2118 652 652 658 658 659 659 652 652 2118 2118 2115 2115 649 649 2101 2101 660 660 2108 2108 639 639 2119 2119 659 659 2118 2118 2119 2119 660 660 659 659 2108 2108 660 660 2119 2119 2037 2037 2042 2042 378 378 2037 2037 378 378 369 369 2035 2035 2037 2037 369 369 2035 2035 369 369 356 356 2032 2032 2035 2035 356 356 2032 2032 356 356 336 336 2033 2033 2032 2032 336 336 2033 2033 336 336 343 343 2034 2034 2033 2033 362 362 2033 2033 343 343 362 362 2036 2036 2034 2034 373 373 2034 2034 362 362 373 373 2039 2039 2036 2036 381 381 2036 2036 373 373 381 381 376 376 378 378 2041 2041 378 378 2042 2042 2041 2041 364 364 2038 2038 381 381 381 381 2038 2038 2039 2039 2060 2060 2050 2050 2120 2120 2060 2060 2120 2120 2121 2121 2062 2062 2060 2060 2121 2121 2062 2062 2121 2121 2122 2122 2063 2063 2062 2062 2122 2122 2063 2063 2122 2122 2123 2123 2066 2066 2063 2063 2123 2123 2066 2066 2123 2123 2124 2124 2068 2068 2066 2066 2125 2125 2066 2066 2124 2124 2125 2125 2070 2070 2068 2068 2126 2126 2068 2068 2125 2125 2126 2126 2074 2074 2070 2070 2127 2127 2070 2070 2126 2126 2127 2127 2074 2074 2127 2127 2075 2075 2075 2075 2127 2127 2100 2100 2052 2052 2107 2107 2120 2120 2052 2052 2120 2120 2050 2050 2069 2069 2072 2072 2128 2128 2069 2069 2128 2128 2129 2129 2067 2067 2069 2069 2129 2129 2067 2067 2129 2129 2130 2130 2065 2065 2067 2067 2130 2130 2065 2065 2130 2130 2131 2131 2064 2064 2065 2065 2131 2131 2064 2064 2131 2131 2132 2132 2061 2061 2064 2064 2133 2133 2064 2064 2132 2132 2133 2133 2059 2059 2061 2061 2134 2134 2061 2061 2133 2133 2134 2134 2055 2055 2059 2059 2135 2135 2059 2059 2134 2134 2135 2135 2071 2071 2104 2104 2128 2128 2071 2071 2128 2128 2072 2072 2055 2055 2135 2135 2053 2053 2053 2053 2135 2135 2105 2105 2092 2092 2085 2085 316 316 2092 2092 316 316 295 295 2093 2093 2092 2092 295 295 2093 2093 295 295 294 294 2096 2096 2093 2093 294 294 2096 2096 294 294 276 276 2095 2095 2096 2096 276 276 2095 2095 276 276 275 275 2094 2094 2095 2095 310 310 2095 2095 275 275 310 310 2091 2091 2094 2094 329 329 2094 2094 310 310 329 329 2089 2089 2091 2091 328 328 2091 2091 329 329 328 328 317 317 316 316 2098 2098 316 316 2085 2085 2098 2098 330 330 2099 2099 328 328 328 328 2099 2099 2089 2089 534 534 1716 1716 2136 2136 1716 1716 1717 1717 2136 2136 534 534 2136 2136 521 521 2136 2136 2137 2137 2138 2138 521 521 2136 2136 2138 2138 400 400 398 398 2139 2139 398 398 147 147 2139 2139 400 400 2139 2139 1755 1755 1755 1755 2139 2139 1757 1757 2139 2139 147 147 146 146 2140 2140 2141 2141 264 264 2141 2141 266 266 264 264 2142 2142 2139 2139 146 146 2139 2139 2142 2142 2143 2143 2142 2142 146 146 144 144 2144 2144 2139 2139 2143 2143 2145 2145 2144 2144 269 269 2143 2143 272 272 269 269 2144 2144 2143 2143 269 269 2145 2145 269 269 267 267 2141 2141 2145 2145 266 266 2145 2145 267 267 266 266 126 126 2138 2138 142 142 521 521 2138 2138 126 126 523 523 521 521 126 126 523 523 126 126 129 129 525 525 523 523 129 129 526 526 129 129 132 132 526 526 525 525 129 129 528 528 132 132 133 133 528 528 526 526 132 132 271 271 136 136 140 140 529 529 133 133 136 136 529 529 528 528 133 133 530 530 529 529 136 136 531 531 136 136 271 271 531 531 530 530 136 136 532 532 531 531 268 268 531 531 271 271 268 268 2137 2137 2147 2147 2146 2146 142 142 2138 2138 143 143 2138 2138 2137 2137 143 143 2137 2137 2146 2146 143 143 533 533 532 532 268 268 533 533 268 268 270 270 2148 2148 273 273 274 274 533 533 270 270 273 273 147 147 2149 2149 145 145 397 397 273 273 2148 2148 397 397 533 533 273 273 394 394 397 397 2148 2148 394 394 2148 2148 2149 2149 398 398 2149 2149 147 147 398 398 394 394 2149 2149 2025 2025 244 244 250 250 2025 2025 2026 2026 244 244 2025 2025 250 250 254 254 2027 2027 254 254 262 262 2027 2027 2025 2025 254 254 2030 2030 262 262 260 260 2030 2030 2027 2027 262 262 2031 2031 260 260 257 257 2031 2031 2030 2030 260 260 2020 2020 257 257 252 252 2020 2020 2031 2031 257 257 2021 2021 252 252 248 248 2021 2021 2020 2020 252 252 2022 2022 248 248 243 243 2022 2022 2021 2021 248 248 2023 2023 243 243 241 241 2023 2023 2022 2022 243 243 2028 2028 241 241 238 238 2028 2028 2023 2023 241 241 2029 2029 2028 2028 238 238 2024 2024 238 238 234 234 2024 2024 2029 2029 238 238 185 185 180 180 2003 2003 189 189 185 185 2002 2002 185 185 2003 2003 2002 2002 191 191 189 189 2001 2001 189 189 2002 2002 2001 2001 193 193 191 191 2000 2000 191 191 2001 2001 2000 2000 195 195 193 193 1999 1999 193 193 2000 2000 1999 1999 195 195 1999 1999 1998 1998 197 197 195 195 1997 1997 195 195 1998 1998 1997 1997 199 199 197 197 1996 1996 197 197 1997 1997 1996 1996 201 201 199 199 1995 1995 199 199 1996 1996 1995 1995 203 203 201 201 1985 1985 201 201 1995 1995 1985 1985 179 179 203 203 1984 1984 203 203 1985 1985 1984 1984 176 176 179 179 1983 1983 179 179 1984 1984 1983 1983 1987 1987 165 165 161 161 1987 1987 1986 1986 165 165 1987 1987 161 161 157 157 1988 1988 157 157 154 154 1988 1988 1987 1987 157 157 1989 1989 154 154 153 153 1989 1989 1988 1988 154 154 1990 1990 153 153 159 159 1990 1990 1989 1989 153 153 1991 1991 159 159 163 163 1991 1991 1990 1990 159 159 1992 1992 1991 1991 163 163 1993 1993 163 163 169 169 1993 1993 1992 1992 163 163 1994 1994 169 169 170 170 1994 1994 1993 1993 169 169 2004 2004 170 170 174 174 2004 2004 1994 1994 170 170 2005 2005 2004 2004 174 174 2007 2007 174 174 150 150 2007 2007 2005 2005 174 174 228 228 231 231 2012 2012 226 226 228 228 2013 2013 228 228 2012 2012 2013 2013 224 224 226 226 2019 2019 226 226 2013 2013 2019 2019 222 222 224 224 2018 2018 224 224 2019 2019 2018 2018 220 220 222 222 2017 2017 222 222 2018 2018 2017 2017 220 220 2017 2017 2016 2016 218 218 220 220 2015 2015 220 220 2016 2016 2015 2015 216 216 218 218 2014 2014 218 218 2015 2015 2014 2014 214 214 216 216 2011 2011 216 216 2014 2014 2011 2011 212 212 214 214 2010 2010 214 214 2011 2011 2010 2010 209 209 212 212 2009 2009 212 212 2010 2010 2009 2009 205 205 209 209 2008 2008 209 209 2009 2009 2008 2008 635 635 234 234 237 237 635 635 2024 2024 234 234 259 259 2026 2026 645 645 259 259 244 244 2026 2026 176 176 1983 1983 577 577 186 186 176 176 577 577 2003 2003 180 180 182 182 617 617 2003 2003 182 182 585 585 150 150 149 149 585 585 2007 2007 150 150 172 172 1986 1986 598 598 172 172 165 165 1986 1986 205 205 2008 2008 553 553 206 206 205 205 553 553 2012 2012 231 231 233 233 543 543 2012 2012 233 233 2150 2150 2151 2151 2131 2131 2105 2105 2135 2135 2134 2134 2105 2105 2134 2134 2133 2133 2112 2112 2152 2152 2103 2103 2154 2154 2105 2105 2153 2153 2152 2152 2155 2155 2103 2103 2155 2155 2156 2156 2103 2103 2157 2157 2158 2158 2131 2131 2105 2105 2154 2154 2159 2159 2105 2105 2133 2133 2160 2160 2161 2161 2157 2157 2130 2130 2153 2153 2105 2105 2160 2160 2157 2157 2131 2131 2130 2130 2156 2156 2162 2162 2102 2102 2162 2162 2163 2163 2102 2102 2163 2163 2164 2164 2102 2102 2106 2106 2105 2105 2165 2165 2164 2164 2166 2166 2102 2102 2105 2105 2159 2159 2165 2165 2103 2103 2156 2156 2102 2102 2133 2133 2132 2132 2167 2167 2160 2160 2133 2133 2167 2167 2166 2166 2161 2161 2102 2102 2161 2161 2130 2130 2102 2102 2130 2130 2129 2129 2102 2102 2106 2106 2165 2165 2168 2168 2167 2167 2132 2132 2169 2169 2102 2102 2129 2129 2104 2104 2129 2129 2128 2128 2104 2104 2106 2106 2168 2168 2170 2170 2169 2169 2132 2132 2171 2171 2106 2106 2170 2170 2172 2172 2110 2110 2111 2111 2172 2172 2111 2111 2106 2106 2172 2172 2171 2171 2132 2132 2173 2173 2173 2173 2132 2132 2131 2131 2113 2113 2110 2110 2174 2174 2110 2110 2172 2172 2174 2174 2173 2173 2131 2131 2151 2151 2113 2113 2174 2174 2114 2114 2114 2114 2174 2174 2112 2112 2174 2174 2152 2152 2112 2112 2158 2158 2150 2150 2131 2131 2120 2120 2107 2107 2121 2121 2121 2121 2107 2107 2122 2122 2175 2175 2115 2115 2101 2101 2176 2176 2177 2177 2101 2101 2177 2177 2175 2175 2101 2101 2178 2178 2179 2179 2124 2124 2180 2180 2107 2107 2181 2181 2179 2179 2182 2182 2125 2125 2107 2107 2180 2180 2183 2183 2124 2124 2179 2179 2125 2125 2184 2184 2185 2185 2100 2100 2185 2185 2186 2186 2100 2100 2186 2186 2187 2187 2100 2100 2187 2187 2176 2176 2100 2100 2176 2176 2101 2101 2100 2100 2181 2181 2107 2107 2188 2188 2122 2122 2107 2107 2189 2189 2107 2107 2183 2183 2189 2189 2107 2107 2108 2108 2190 2190 2182 2182 2184 2184 2100 2100 2126 2126 2125 2125 2100 2100 2188 2188 2107 2107 2190 2190 2125 2125 2182 2182 2100 2100 2123 2123 2122 2122 2191 2191 2122 2122 2189 2189 2191 2191 2127 2127 2126 2126 2100 2100 2190 2190 2108 2108 2192 2192 2123 2123 2191 2191 2193 2193 2192 2192 2108 2108 2194 2194 2123 2123 2193 2193 2195 2195 2108 2108 2119 2119 2196 2196 2119 2119 2118 2118 2196 2196 2194 2194 2108 2108 2196 2196 2196 2196 2118 2118 2117 2117 2123 2123 2195 2195 2197 2197 2196 2196 2117 2117 2198 2198 2123 2123 2197 2197 2199 2199 2198 2198 2117 2117 2116 2116 2198 2198 2116 2116 2115 2115 2123 2123 2199 2199 2124 2124 2199 2199 2178 2178 2124 2124 2175 2175 2198 2198 2115 2115 2200 2200 2201 2201 337 337 2201 2201 342 342 337 337 2202 2202 2203 2203 379 379 2204 2204 2200 2200 335 335 2200 2200 337 337 335 335 2202 2202 379 379 365 365 2205 2205 2206 2206 334 334 2206 2206 2204 2204 334 334 2204 2204 335 335 334 334 2207 2207 2202 2202 344 344 2202 2202 365 365 344 344 2205 2205 334 334 341 341 2208 2208 2207 2207 340 340 2203 2203 2205 2205 379 379 2207 2207 344 344 340 340 2205 2205 341 341 379 379 2209 2209 2210 2210 382 382 2210 2210 2208 2208 382 382 2208 2208 340 340 382 382 2209 2209 382 382 377 377 2211 2211 2212 2212 371 371 2212 2212 2209 2209 371 371 2209 2209 377 377 371 371 2213 2213 2211 2211 367 367 2211 2211 371 371 367 367 2214 2214 2213 2213 358 358 2213 2213 367 367 358 358 2215 2215 2214 2214 348 348 2214 2214 358 358 348 348 2215 2215 348 348 351 351 2216 2216 2215 2215 360 360 2215 2215 351 351 360 360 2216 2216 360 360 368 368 2217 2217 2216 2216 368 368 2217 2217 368 368 374 374 2218 2218 2217 2217 374 374 2219 2219 2220 2220 380 380 2220 2220 2218 2218 380 380 2218 2218 374 374 380 380 2219 2219 380 380 383 383 2221 2221 2219 2219 383 383 2222 2222 2221 2221 384 384 2221 2221 383 383 384 384 2222 2222 384 384 386 386 2223 2223 2222 2222 363 363 2222 2222 386 386 363 363 2201 2201 2224 2224 354 354 2224 2224 2223 2223 354 354 2223 2223 363 363 354 354 2201 2201 354 354 342 342 2226 2226 359 359 366 366 2228 2228 2226 2226 366 366 2229 2229 2227 2227 375 375 2230 2230 2228 2228 370 370 2228 2228 366 366 370 370 2229 2229 375 375 385 385 2227 2227 2230 2230 375 375 2230 2230 370 370 375 375 2231 2231 2229 2229 355 355 2229 2229 385 385 355 355 2232 2232 2231 2231 355 355 2233 2233 2232 2232 339 339 2232 2232 355 355 339 339 2234 2234 2233 2233 338 338 2233 2233 339 339 338 338 2234 2234 338 338 331 331 2235 2235 2234 2234 333 333 2234 2234 331 331 333 333 2235 2235 333 333 345 345 2236 2236 2235 2235 345 345 2237 2237 2236 2236 345 345 2237 2237 345 345 372 372 2238 2238 2237 2237 372 372 2238 2238 372 372 349 349 2225 2225 2238 2238 349 349 2225 2225 349 349 359 359 2226 2226 2225 2225 359 359 2239 2239 2240 2240 2166 2166 2240 2240 2161 2161 2166 2166 2241 2241 2242 2242 2156 2156 2243 2243 2239 2239 2164 2164 2239 2239 2166 2166 2164 2164 2241 2241 2156 2156 2155 2155 2244 2244 2245 2245 2163 2163 2245 2245 2243 2243 2163 2163 2243 2243 2164 2164 2163 2163 2246 2246 2241 2241 2152 2152 2241 2241 2155 2155 2152 2152 2244 2244 2163 2163 2162 2162 2247 2247 2246 2246 2174 2174 2242 2242 2244 2244 2156 2156 2246 2246 2152 2152 2174 2174 2244 2244 2162 2162 2156 2156 2248 2248 2249 2249 2172 2172 2249 2249 2247 2247 2172 2172 2247 2247 2174 2174 2172 2172 2248 2248 2172 2172 2170 2170 2250 2250 2251 2251 2168 2168 2251 2251 2248 2248 2168 2168 2248 2248 2170 2170 2168 2168 2252 2252 2250 2250 2165 2165 2250 2250 2168 2168 2165 2165 2253 2253 2252 2252 2159 2159 2252 2252 2165 2165 2159 2159 2254 2254 2253 2253 2154 2154 2253 2253 2159 2159 2154 2154 2254 2254 2154 2154 2153 2153 2255 2255 2254 2254 2160 2160 2254 2254 2153 2153 2160 2160 2255 2255 2160 2160 2167 2167 2256 2256 2255 2255 2167 2167 2256 2256 2167 2167 2169 2169 2257 2257 2256 2256 2169 2169 2258 2258 2259 2259 2171 2171 2259 2259 2257 2257 2171 2171 2257 2257 2169 2169 2171 2171 2258 2258 2171 2171 2173 2173 2260 2260 2258 2258 2173 2173 2261 2261 2260 2260 2151 2151 2260 2260 2173 2173 2151 2151 2261 2261 2151 2151 2150 2150 2262 2262 2261 2261 2158 2158 2261 2261 2150 2150 2158 2158 2240 2240 2263 2263 2157 2157 2263 2263 2262 2262 2157 2157 2262 2262 2158 2158 2157 2157 2240 2240 2157 2157 2161 2161 2264 2264 2265 2265 303 303 2265 2265 302 302 303 303 2266 2266 2264 2264 314 314 2264 2264 303 303 314 314 2267 2267 2268 2268 288 288 2268 2268 289 289 288 288 2269 2269 2266 2266 305 305 2270 2270 2269 2269 305 305 2266 2266 314 314 305 305 2271 2271 2267 2267 291 291 2272 2272 2271 2271 291 291 2267 2267 288 288 291 291 2268 2268 2270 2270 304 304 2270 2270 305 305 304 304 2268 2268 304 304 289 289 2272 2272 291 291 292 292 2273 2273 2272 2272 293 293 2274 2274 2273 2273 293 293 2272 2272 292 292 293 293 2275 2275 2274 2274 319 319 2274 2274 293 293 319 319 2276 2276 2275 2275 311 311 2275 2275 319 319 311 311 2277 2277 2276 2276 287 287 2276 2276 311 311 287 287 2278 2278 2277 2277 279 279 2277 2277 287 287 279 279 2279 2279 2278 2278 277 277 2278 2278 279 279 277 277 2280 2280 2279 2279 278 278 2279 2279 277 277 278 278 2280 2280 278 278 280 280 2281 2281 2280 2280 280 280 2281 2281 280 280 297 297 2281 2281 297 297 313 313 2282 2282 2281 2281 313 313 2282 2282 313 313 321 321 2283 2283 2282 2282 321 321 2284 2284 2283 2283 321 321 2285 2285 2284 2284 327 327 2284 2284 321 321 327 327 2286 2286 2285 2285 282 282 2285 2285 327 327 282 282 2287 2287 2286 2286 281 281 2286 2286 282 282 281 281 2287 2287 281 281 284 284 2288 2288 2287 2287 300 300 2287 2287 284 284 300 300 2265 2265 2288 2288 302 302 2288 2288 300 300 302 302 2290 2290 2289 2289 285 285 2289 2289 326 326 285 285 2292 2292 2290 2290 285 285 2293 2293 2291 2291 322 322 2292 2292 285 285 286 286 2293 2293 322 322 312 312 2294 2294 2293 2293 312 312 2291 2291 2292 2292 322 322 2292 2292 286 286 322 322 2294 2294 312 312 299 299 2295 2295 2294 2294 299 299 2296 2296 2295 2295 307 307 2295 2295 299 299 307 307 2297 2297 2296 2296 298 298 2296 2296 307 307 298 298 2298 2298 2297 2297 296 296 2297 2297 298 298 296 296 2298 2298 296 296 308 308 2299 2299 2298 2298 308 308 2299 2299 308 308 324 324 2300 2300 2299 2299 324 324 2301 2301 2300 2300 324 324 2302 2302 2301 2301 323 323 2301 2301 324 324 323 323 2289 2289 2302 2302 325 325 2302 2302 323 323 325 325 2289 2289 325 325 326 326 2303 2303 2304 2304 2186 2186 2304 2304 2187 2187 2186 2186 2305 2305 2306 2306 2179 2179 2307 2307 2303 2303 2185 2185 2303 2303 2186 2186 2185 2185 2305 2305 2179 2179 2178 2178 2308 2308 2309 2309 2184 2184 2309 2309 2307 2307 2184 2184 2307 2307 2185 2185 2184 2184 2310 2310 2305 2305 2199 2199 2305 2305 2178 2178 2199 2199 2308 2308 2184 2184 2182 2182 2311 2311 2310 2310 2197 2197 2306 2306 2308 2308 2179 2179 2310 2310 2199 2199 2197 2197 2308 2308 2182 2182 2179 2179 2312 2312 2313 2313 2195 2195 2313 2313 2311 2311 2195 2195 2311 2311 2197 2197 2195 2195 2312 2312 2195 2195 2193 2193 2314 2314 2315 2315 2191 2191 2315 2315 2312 2312 2191 2191 2312 2312 2193 2193 2191 2191 2316 2316 2314 2314 2189 2189 2314 2314 2191 2191 2189 2189 2317 2317 2316 2316 2183 2183 2316 2316 2189 2189 2183 2183 2318 2318 2317 2317 2180 2180 2317 2317 2183 2183 2180 2180 2318 2318 2180 2180 2181 2181 2319 2319 2318 2318 2188 2188 2318 2318 2181 2181 2188 2188 2319 2319 2188 2188 2190 2190 2320 2320 2319 2319 2190 2190 2320 2320 2190 2190 2192 2192 2321 2321 2320 2320 2192 2192 2322 2322 2323 2323 2194 2194 2323 2323 2321 2321 2194 2194 2321 2321 2192 2192 2194 2194 2322 2322 2194 2194 2196 2196 2324 2324 2322 2322 2196 2196 2325 2325 2324 2324 2198 2198 2324 2324 2196 2196 2198 2198 2325 2325 2198 2198 2175 2175 2326 2326 2325 2325 2177 2177 2325 2325 2175 2175 2177 2177 2304 2304 2327 2327 2176 2176 2327 2327 2326 2326 2176 2176 2326 2326 2177 2177 2176 2176 2304 2304 2176 2176 2187 2187 2328 2328 2492 2492 2329 2329 2332 2332 2330 2330 2331 2331 2328 2328 2329 2329 2333 2333 2332 2332 2331 2331 2334 2334 2335 2335 2328 2328 2333 2333 2332 2332 2334 2334 2336 2336 2335 2335 2333 2333 2337 2337 2338 2338 2332 2332 2336 2336 2339 2339 2335 2335 2337 2337 2338 2338 2336 2336 2340 2340 2339 2339 2337 2337 2341 2341 2342 2342 2339 2339 2341 2341 2343 2343 2338 2338 2340 2340 2342 2342 2341 2341 2344 2344 2345 2345 2342 2342 2344 2344 2343 2343 2340 2340 2346 2346 2347 2347 2343 2343 2346 2346 2345 2345 2344 2344 2348 2348 2347 2347 2346 2346 2349 2349 2350 2350 2347 2347 2349 2349 2351 2351 2345 2345 2348 2348 2350 2350 2349 2349 2352 2352 2351 2351 2348 2348 2353 2353 2354 2354 2350 2350 2352 2352 2355 2355 2351 2351 2353 2353 2354 2354 2352 2352 2356 2356 2357 2357 2354 2354 2356 2356 2358 2358 2353 2353 2359 2359 2358 2358 2355 2355 2353 2353 2357 2357 2356 2356 2360 2360 2358 2358 2359 2359 2361 2361 2362 2362 2357 2357 2360 2360 2363 2363 2358 2358 2361 2361 2362 2362 2360 2360 2364 2364 2365 2365 2362 2362 2364 2364 2366 2366 2361 2361 2367 2367 2366 2366 2363 2363 2361 2361 2365 2365 2364 2364 2368 2368 2370 2370 2368 2368 2371 2371 2369 2369 2366 2366 2367 2367 2370 2370 2365 2365 2368 2368 2369 2369 2367 2367 2372 2372 2374 2374 2370 2370 2371 2371 2373 2373 2369 2369 2372 2372 2374 2374 2371 2371 2375 2375 2373 2373 2372 2372 2376 2376 2377 2377 2374 2374 2375 2375 2377 2377 2375 2375 2378 2378 2379 2379 2376 2376 2380 2380 2379 2379 2373 2373 2376 2376 2381 2381 2377 2377 2378 2378 2381 2381 2378 2378 2382 2382 2383 2383 2380 2380 2384 2384 2383 2383 2379 2379 2380 2380 2385 2385 2381 2381 2382 2382 2385 2385 2382 2382 2386 2386 2387 2387 2383 2383 2384 2384 2387 2387 2384 2384 2388 2388 2389 2389 2385 2385 2386 2386 2387 2387 2388 2388 2390 2390 2389 2389 2386 2386 2391 2391 2392 2392 2389 2389 2391 2391 2393 2393 2387 2387 2390 2390 2392 2392 2391 2391 2394 2394 2393 2393 2390 2390 2395 2395 2396 2396 2392 2392 2394 2394 2396 2396 2394 2394 2397 2397 2398 2398 2395 2395 2399 2399 2398 2398 2393 2393 2395 2395 2400 2400 2396 2396 2397 2397 2400 2400 2397 2397 2401 2401 2402 2402 2399 2399 2404 2404 2403 2403 2400 2400 2401 2401 2402 2402 2398 2398 2399 2399 2403 2403 2401 2401 2405 2405 2406 2406 2404 2404 2407 2407 2408 2408 2405 2405 2409 2409 2406 2406 2402 2402 2404 2404 2408 2408 2403 2403 2405 2405 2410 2410 2407 2407 2411 2411 2410 2410 2406 2406 2407 2407 2412 2412 2409 2409 2413 2413 2412 2412 2408 2408 2409 2409 2414 2414 2410 2410 2411 2411 2412 2412 2413 2413 2415 2415 2414 2414 2411 2411 2416 2416 2417 2417 2412 2412 2415 2415 2418 2418 2414 2414 2416 2416 2417 2417 2415 2415 2419 2419 2418 2418 2416 2416 2420 2420 2421 2421 2417 2417 2419 2419 2422 2422 2418 2418 2420 2420 2421 2421 2419 2419 2423 2423 2422 2422 2420 2420 2424 2424 2425 2425 2421 2421 2423 2423 2426 2426 2424 2424 2427 2427 2426 2426 2422 2422 2424 2424 2425 2425 2423 2423 2428 2428 2429 2429 2425 2425 2428 2428 2426 2426 2427 2427 2430 2430 2429 2429 2428 2428 2431 2431 2432 2432 2426 2426 2430 2430 2433 2433 2429 2429 2431 2431 2433 2433 2431 2431 2434 2434 2432 2432 2430 2430 2435 2435 2436 2436 2433 2433 2434 2434 2437 2437 2432 2432 2435 2435 2436 2436 2434 2434 2438 2438 2437 2437 2435 2435 2439 2439 2440 2440 2436 2436 2438 2438 2441 2441 2437 2437 2439 2439 2440 2440 2438 2438 2442 2442 2441 2441 2439 2439 2443 2443 2444 2444 2440 2440 2442 2442 2445 2445 2441 2441 2443 2443 2444 2444 2442 2442 2446 2446 2447 2447 2444 2444 2446 2446 2448 2448 2445 2445 2443 2443 2448 2448 2443 2443 2449 2449 2447 2447 2446 2446 2450 2450 2451 2451 2448 2448 2449 2449 2452 2452 2447 2447 2450 2450 2452 2452 2450 2450 2453 2453 2451 2451 2449 2449 2454 2454 2455 2455 2451 2451 2454 2454 2456 2456 2452 2452 2453 2453 2455 2455 2454 2454 2457 2457 2456 2456 2453 2453 2458 2458 2459 2459 2456 2456 2458 2458 2460 2460 2457 2457 2461 2461 2460 2460 2455 2455 2457 2457 2459 2459 2458 2458 2462 2462 2463 2463 2459 2459 2462 2462 2463 2463 2462 2462 2464 2464 2465 2465 2461 2461 2466 2466 2465 2465 2460 2460 2461 2461 2467 2467 2463 2463 2464 2464 2468 2468 2465 2465 2466 2466 2467 2467 2464 2464 2469 2469 2468 2468 2466 2466 2470 2470 2471 2471 2467 2467 2469 2469 2472 2472 2468 2468 2470 2470 2471 2471 2469 2469 2473 2473 2472 2472 2470 2470 2474 2474 2475 2475 2471 2471 2473 2473 2476 2476 2472 2472 2474 2474 2475 2475 2473 2473 2477 2477 2478 2478 2475 2475 2477 2477 2479 2479 2476 2476 2474 2474 2479 2479 2474 2474 2480 2480 2478 2478 2477 2477 2481 2481 2330 2330 2479 2479 2480 2480 2482 2482 2478 2478 2481 2481 2330 2330 2480 2480 2331 2331 2482 2482 2481 2481 2483 2483 2484 2484 2482 2482 2483 2483 2484 2484 2483 2483 2485 2485 2486 2486 2484 2484 2485 2485 2486 2486 2485 2485 2487 2487 2488 2488 2486 2486 2487 2487 2488 2488 2487 2487 2489 2489 2490 2490 2488 2488 2489 2489 2490 2490 2489 2489 2491 2491 2492 2492 2490 2490 2491 2491 2492 2492 2491 2491 2329 2329 2401 2401 1763 1763 1752 1752 2462 2462 2458 2458 1821 1821 2329 2329 2491 2491 1717 1717 1715 1715 2329 2329 1717 1717 1724 1724 1737 1737 2331 2331 2491 2491 2489 2489 1717 1717 1821 1821 2458 2458 1842 1842 1793 1793 1783 1783 2399 2399 2405 2405 2401 2401 1752 1752 2446 2446 1921 1921 1901 1901 1783 1783 2404 2404 2399 2399 2450 2450 2446 2446 1901 1901 2405 2405 1752 1752 1743 1743 1842 1842 2458 2458 1863 1863 2458 2458 2453 2453 1863 1863 2450 2450 1901 1901 1881 1881 2331 2331 1737 1737 2334 2334 2453 2453 2450 2450 1881 1881 1737 1737 1704 1704 2334 2334 1863 1863 2453 2453 1881 1881 2409 2409 2405 2405 1743 1743 1801 1801 1793 1793 2399 2399 1814 1814 1801 1801 2395 2395 2136 2136 1717 1717 2493 2493 1801 1801 2399 2399 2395 2395 2334 2334 1704 1704 2336 2336 1704 1704 1681 1681 2336 2336 2409 2409 1743 1743 1713 1713 2413 2413 2409 2409 1713 1713 1814 1814 2395 2395 2390 2390 1824 1824 1814 1814 2390 2390 2336 2336 1681 1681 2340 2340 2493 2493 1717 1717 2494 2494 1681 1681 1663 1663 2340 2340 1663 1663 1978 1978 2340 2340 1824 1824 2390 2390 2388 2388 1717 1717 2489 2489 2494 2494 1835 1835 1824 1824 2388 2388 2415 2415 2413 2413 1691 1691 2413 2413 1713 1713 1691 1691 2340 2340 1978 1978 2346 2346 1974 1974 1957 1957 2443 2443 1848 1848 1835 1835 2384 2384 1835 1835 2388 2388 2384 2384 2494 2494 2489 2489 2495 2495 1974 1974 2443 2443 2439 2439 2346 2346 1978 1978 2349 2349 1978 1978 1961 1961 2349 2349 1859 1859 1848 1848 2384 2384 1957 1957 1942 1942 2443 2443 1961 1961 1947 1947 2349 2349 2419 2419 2415 2415 1685 1685 1859 1859 2384 2384 2380 2380 2415 2415 1691 1691 1685 1685 2349 2349 1947 1947 2352 2352 2489 2489 2487 2487 2495 2495 1869 1869 1859 1859 2380 2380 2443 2443 1942 1942 2449 2449 1947 1947 1936 1936 2352 2352 1654 1654 1974 1974 2435 2435 1879 1879 1869 1869 2376 2376 1869 1869 2380 2380 2376 2376 2352 2352 1936 1936 2356 2356 1974 1974 2439 2439 2435 2435 2495 2495 2487 2487 2496 2496 1942 1942 1926 1926 2449 2449 1936 1936 1915 1915 2356 2356 1655 1655 1654 1654 2435 2435 1892 1892 1879 1879 2372 2372 1879 1879 2376 2376 2372 2372 2419 2419 1685 1685 1673 1673 2356 2356 1915 1915 2360 2360 1926 1926 1909 1909 2449 2449 1915 1915 1897 1897 2360 2360 1892 1892 2372 2372 2367 2367 1905 1905 1892 1892 2367 2367 2360 2360 1897 1897 2364 2364 2449 2449 1909 1909 2454 2454 2487 2487 2485 2485 2496 2496 2364 2364 1897 1897 1882 1882 1667 1667 1655 1655 2430 2430 2423 2423 2419 2419 1673 1673 1655 1655 2435 2435 2430 2430 1909 1909 1885 1885 2454 2454 1920 1920 1905 1905 2367 2367 2364 2364 1882 1882 2368 2368 2368 2368 1882 1882 1871 1871 1920 1920 2367 2367 2361 2361 2454 2454 1885 1885 2457 2457 2496 2496 2485 2485 2140 2140 2368 2368 1871 1871 2371 2371 1920 1920 2361 2361 1939 1939 2371 2371 1871 1871 1862 1862 1939 1939 2361 2361 2359 2359 2423 2423 1673 1673 1659 1659 1939 1939 2359 2359 1954 1954 2371 2371 1862 1862 1851 1851 1683 1683 1667 1667 2427 2427 2371 2371 1851 1851 2375 2375 2359 2359 2353 2353 1954 1954 1667 1667 2430 2430 2427 2427 2485 2485 2483 2483 2140 2140 1954 1954 2353 2353 1973 1973 1885 1885 1866 1866 2457 2457 2375 2375 1851 1851 1837 1837 2375 2375 1837 1837 2378 2378 2353 2353 2348 2348 1973 1973 2428 2428 2423 2423 1659 1659 2457 2457 1866 1866 2461 2461 1695 1695 1683 1683 2424 2424 1973 1973 2348 2348 1645 1645 2428 2428 1659 1659 1975 1975 1683 1683 2427 2427 2424 2424 2140 2140 2483 2483 2145 2145 2378 2378 1837 1837 1827 1827 1866 1866 1846 1846 2461 2461 2141 2141 2140 2140 2145 2145 2382 2382 2378 2378 1827 1827 2431 2431 2428 2428 1975 1975 2348 2348 2344 2344 1645 1645 2461 2461 1846 1846 2466 2466 2382 2382 1827 1827 1817 1817 1695 1695 2424 2424 2420 2420 1708 1708 1695 1695 2420 2420 2477 2477 2473 2473 1757 1757 1645 1645 2344 2344 1677 1677 2481 2481 2477 2477 1757 1757 2483 2483 2481 2481 2145 2145 2481 2481 1757 1757 2145 2145 1846 1846 1733 1733 2466 2466 2344 2344 2341 2341 1677 1677 2386 2386 2382 2382 1806 1806 2382 2382 1817 1817 1806 1806 1739 1739 1708 1708 2420 2420 1677 1677 2341 2341 1686 1686 2434 2434 2431 2431 1959 1959 2431 2431 1975 1975 1959 1959 2145 2145 1757 1757 2144 2144 1739 1739 2420 2420 2416 2416 2341 2341 2337 2337 1686 1686 2391 2391 2386 2386 1797 1797 2386 2386 1806 1806 1797 1797 2466 2466 1733 1733 2470 2470 2473 2473 2469 2469 1768 1768 1733 1733 1742 1742 2470 2470 1757 1757 2473 2473 1768 1768 1749 1749 1739 1739 2416 2416 1686 1686 2337 2337 1700 1700 2438 2438 2434 2434 1959 1959 1749 1749 2416 2416 2411 2411 2394 2394 2391 2391 1785 1785 2391 2391 1797 1797 1785 1785 1742 1742 1744 1744 2470 2470 1768 1768 2469 2469 1788 1788 1759 1759 1749 1749 2411 2411 2469 2469 2464 2464 1788 1788 2438 2438 1959 1959 1952 1952 2470 2470 1744 1744 2474 2474 2337 2337 2333 2333 1706 1706 1700 1700 2337 2337 1706 1706 2397 2397 2394 2394 1775 1775 2394 2394 1785 1785 1775 1775 1744 1744 1725 1725 2474 2474 1771 1771 1759 1759 2407 2407 2144 2144 1757 1757 2139 2139 1788 1788 2464 2464 1804 1804 1759 1759 2411 2411 2407 2407 2474 2474 1725 1725 2480 2480 2438 2438 1952 1952 1937 1937 2442 2442 2438 2438 1937 1937 2333 2333 2329 2329 1706 1706 2397 2397 1775 1775 1763 1763 2464 2464 2462 2462 1804 1804 1706 1706 2329 2329 1715 1715 2401 2401 2397 2397 1763 1763 1725 1725 1724 1724 2480 2480 1804 1804 2462 2462 1821 1821 1783 1783 1771 1771 2404 2404 1771 1771 2407 2407 2404 2404 2480 2480 1724 1724 2331 2331 2442 2442 1937 1937 1921 1921 2446 2446 2442 2442 1921 1921 2496 2496 2140 2140 138 138 2140 2140 264 264 138 138 2496 2496 138 138 137 137 138 138 264 264 263 263 2495 2495 2496 2496 2497 2497 2496 2496 137 137 2497 2497 2494 2494 2495 2495 2497 2497 2494 2494 2497 2497 2498 2498 2493 2493 2494 2494 2498 2498 2493 2493 2498 2498 2499 2499 2499 2499 2147 2147 2137 2137 2136 2136 2493 2493 2137 2137 2493 2493 2499 2499 2137 2137 2355 2355 2363 2363 2366 2366 2355 2355 2358 2358 2363 2363 2369 2369 2355 2355 2366 2366 2369 2369 2351 2351 2355 2355 2373 2373 2351 2351 2369 2369 2345 2345 2351 2351 2373 2373 2335 2335 2339 2339 2342 2342 2387 2387 2373 2373 2379 2379 2387 2387 2379 2379 2383 2383 2335 2335 2342 2342 2345 2345 2335 2335 2345 2345 2373 2373 2492 2492 2328 2328 2335 2335 2398 2398 2373 2373 2387 2387 2398 2398 2387 2387 2393 2393 2490 2490 2335 2335 2373 2373 2490 2490 2492 2492 2335 2335 2490 2490 2373 2373 2398 2398 2488 2488 2398 2398 2402 2402 2488 2488 2490 2490 2398 2398 2406 2406 2488 2488 2402 2402 2484 2484 2410 2410 2414 2414 2484 2484 2488 2488 2406 2406 2484 2484 2486 2486 2488 2488 2484 2484 2406 2406 2410 2410 2482 2482 2484 2484 2414 2414 2482 2482 2414 2414 2418 2418 2478 2478 2482 2482 2418 2418 2422 2422 2478 2478 2418 2418 2471 2471 2478 2478 2422 2422 2471 2471 2475 2475 2478 2478 2471 2471 2422 2422 2426 2426 2467 2467 2471 2471 2426 2426 2432 2432 2467 2467 2426 2426 2463 2463 2467 2467 2432 2432 2459 2459 2463 2463 2432 2432 2459 2459 2432 2432 2437 2437 2456 2456 2459 2459 2437 2437 2456 2456 2437 2437 2441 2441 2445 2445 2456 2456 2441 2441 2447 2447 2452 2452 2456 2456 2451 2451 2456 2456 2445 2445 2451 2451 2447 2447 2456 2456 2451 2451 2445 2445 2448 2448 2436 2436 2440 2440 2444 2444 2460 2460 2447 2447 2451 2451 2460 2460 2451 2451 2455 2455 2460 2460 2444 2444 2447 2447 2433 2433 2436 2436 2444 2444 2429 2429 2444 2444 2460 2460 2429 2429 2433 2433 2444 2444 2468 2468 2429 2429 2460 2460 2468 2468 2460 2460 2465 2465 2425 2425 2429 2429 2468 2468 2479 2479 2468 2468 2472 2472 2479 2479 2417 2417 2421 2421 2479 2479 2425 2425 2468 2468 2479 2479 2472 2472 2476 2476 2479 2479 2421 2421 2425 2425 2412 2412 2417 2417 2479 2479 2332 2332 2412 2412 2479 2479 2332 2332 2479 2479 2330 2330 2338 2338 2412 2412 2332 2332 2403 2403 2408 2408 2412 2412 2396 2396 2400 2400 2403 2403 2396 2396 2412 2412 2338 2338 2396 2396 2403 2403 2412 2412 2396 2396 2338 2338 2343 2343 2396 2396 2343 2343 2347 2347 2392 2392 2396 2396 2347 2347 2354 2354 2347 2347 2350 2350 2385 2385 2392 2392 2347 2347 2385 2385 2389 2389 2392 2392 2362 2362 2347 2347 2354 2354 2362 2362 2385 2385 2347 2347 2362 2362 2354 2354 2357 2357 2377 2377 2381 2381 2385 2385 2377 2377 2385 2385 2362 2362 2377 2377 2362 2362 2365 2365 2374 2374 2377 2377 2365 2365 2374 2374 2365 2365 2370 2370 2499 2499 2498 2498 2500 2500 139 139 138 138 265 265 138 138 263 263 265 265 2499 2499 2500 2500 2146 2146 2499 2499 2146 2146 2147 2147 2310 2310 2311 2311 2501 2501 651 651 650 650 2324 2324 638 638 637 637 2502 2502 2503 2503 2310 2310 2501 2501 2503 2503 2305 2305 2310 2310 657 657 651 651 2324 2324 657 657 2324 2324 2325 2325 642 642 657 657 2325 2325 2317 2317 2502 2502 2504 2504 2317 2317 638 638 2502 2502 2318 2318 638 638 2317 2317 2316 2316 2504 2504 2505 2505 642 642 2326 2326 2327 2327 642 642 2325 2325 2326 2326 2316 2316 2317 2317 2504 2504 2506 2506 2306 2306 2305 2305 2506 2506 2305 2305 2503 2503 2319 2319 638 638 2318 2318 2506 2506 2308 2308 2306 2306 2314 2314 2316 2316 2505 2505 2320 2320 638 638 2319 2319 2507 2507 2308 2308 2506 2506 640 640 2307 2307 2309 2309 640 640 2303 2303 2307 2307 2315 2315 2314 2314 2505 2505 640 640 2304 2304 2303 2303 640 640 2327 2327 2304 2304 640 640 642 642 2327 2327 2315 2315 2505 2505 2508 2508 2321 2321 638 638 2320 2320 2509 2509 2308 2308 2507 2507 2312 2312 2315 2315 2508 2508 2312 2312 2508 2508 2510 2510 640 640 2509 2509 2511 2511 640 640 2309 2309 2308 2308 640 640 2308 2308 2509 2509 2323 2323 638 638 2321 2321 2512 2512 640 640 2511 2511 2323 2323 654 654 638 638 2513 2513 640 640 2512 2512 2313 2313 2312 2312 2510 2510 644 644 640 640 2513 2513 2322 2322 654 654 2323 2323 2322 2322 653 653 654 654 650 650 653 653 2322 2322 2311 2311 2510 2510 2501 2501 2311 2311 2313 2313 2510 2510 2324 2324 650 650 2322 2322 2513 2513 2512 2512 246 246 2512 2512 247 247 246 246 644 644 2513 2513 245 245 2513 2513 246 246 245 245 2502 2502 637 637 235 235 637 637 236 236 235 235 2504 2504 2502 2502 235 235 2505 2505 2504 2504 239 239 2504 2504 235 235 239 239 2505 2505 239 239 240 240 2508 2508 2505 2505 242 242 2505 2505 240 240 242 242 2510 2510 2508 2508 249 249 2508 2508 242 242 249 249 2501 2501 2510 2510 253 253 2510 2510 249 249 253 253 2503 2503 2501 2501 258 258 2501 2501 253 253 258 258 2506 2506 2503 2503 261 261 2503 2503 258 258 261 261 2506 2506 261 261 256 256 2507 2507 2506 2506 256 256 2507 2507 256 256 255 255 2509 2509 2507 2507 255 255 2511 2511 2509 2509 251 251 2509 2509 255 255 251 251 2512 2512 2511 2511 247 247 2511 2511 251 251 247 247 2514 2514 2230 2230 2515 2515 2514 2514 2228 2228 2230 2230 2517 2517 2206 2206 2205 2205 2518 2518 2222 2222 2223 2223 2514 2514 2226 2226 2228 2228 2233 2233 547 547 545 545 2519 2519 2517 2517 2205 2205 2233 2233 2234 2234 547 547 2520 2520 2226 2226 2514 2514 2235 2235 547 547 2234 2234 2519 2519 2203 2203 2238 2238 2519 2519 2205 2205 2203 2203 2520 2520 2225 2225 2226 2226 2521 2521 2519 2519 2238 2238 2235 2235 2208 2208 547 547 2521 2521 2238 2238 2225 2225 2214 2214 554 554 561 561 2521 2521 2225 2225 2520 2520 2214 2214 561 561 564 564 2522 2522 2518 2518 2223 2223 2215 2215 554 554 2214 2214 2232 2232 2233 2233 545 545 2215 2215 559 559 556 556 2215 2215 556 556 555 555 2522 2522 2223 2223 2224 2224 2215 2215 555 555 554 554 2213 2213 2214 2214 564 564 2213 2213 564 564 567 567 2213 2213 567 567 547 547 2523 2523 549 549 2221 2221 2216 2216 559 559 2215 2215 2523 2523 2516 2516 549 549 2216 2216 549 549 559 559 2211 2211 2213 2213 547 547 2236 2236 2208 2208 2235 2235 2522 2522 2224 2224 2201 2201 2236 2236 2207 2207 2208 2208 2217 2217 549 549 2216 2216 2524 2524 2522 2522 2201 2201 2231 2231 2232 2232 545 545 2525 2525 2229 2229 545 545 2212 2212 2211 2211 547 547 2218 2218 549 549 2217 2217 2236 2236 2202 2202 2207 2207 2209 2209 2212 2212 547 547 2220 2220 549 549 2218 2218 2524 2524 2201 2201 2200 2200 2210 2210 2209 2209 547 547 2525 2525 2227 2227 2229 2229 2219 2219 549 549 2220 2220 2523 2523 2221 2221 2222 2222 2208 2208 2210 2210 547 547 2526 2526 2524 2524 2200 2200 2526 2526 2200 2200 2204 2204 2237 2237 2202 2202 2236 2236 2229 2229 2231 2231 545 545 2221 2221 549 549 2219 2219 2515 2515 2227 2227 2525 2525 2237 2237 2203 2203 2202 2202 2516 2516 552 552 549 549 2518 2518 2523 2523 2222 2222 2526 2526 2204 2204 2206 2206 2515 2515 2230 2230 2227 2227 2238 2238 2203 2203 2237 2237 2517 2517 2526 2526 2206 2206 2523 2523 210 210 208 208 2516 2516 2523 2523 208 208 552 552 2516 2516 207 207 2516 2516 208 208 207 207 2525 2525 545 545 230 230 545 545 232 232 230 230 2525 2525 230 230 2515 2515 2514 2514 2515 2515 229 229 2515 2515 230 230 229 229 2520 2520 2514 2514 227 227 2514 2514 229 229 227 227 2521 2521 2520 2520 225 225 2520 2520 227 227 225 225 2521 2521 225 225 223 223 2519 2519 2521 2521 221 221 2521 2521 223 223 221 221 2517 2517 2519 2519 219 219 2519 2519 221 221 219 219 2526 2526 2517 2517 217 217 2517 2517 219 219 217 217 2526 2526 217 217 215 215 2524 2524 2526 2526 215 215 2524 2524 215 215 213 213 2522 2522 2524 2524 213 213 2522 2522 213 213 211 211 2518 2518 2522 2522 211 211 2518 2518 211 211 210 210 2523 2523 2518 2518 210 210 2290 2290 622 622 621 621 2528 2528 2297 2297 2298 2298 2529 2529 2280 2280 2281 2281 2292 2292 622 622 2290 2290 2529 2529 2527 2527 2280 2280 2530 2530 2531 2531 2274 2274 2289 2289 2290 2290 621 621 2532 2532 2297 2297 2528 2528 2530 2530 2274 2274 2275 2275 2532 2532 2296 2296 2297 2297 2533 2533 570 570 2272 2272 2529 2529 2281 2281 2294 2294 2533 2533 2534 2534 570 570 2529 2529 2294 2294 2295 2295 2532 2532 2295 2295 2296 2296 2535 2535 2529 2529 2295 2295 2535 2535 2295 2295 2532 2532 2266 2266 625 625 628 628 2266 2266 628 628 632 632 2291 2291 2285 2285 622 622 2291 2291 2284 2284 2285 2285 2291 2291 622 622 2292 2292 2264 2264 2266 2266 632 632 2264 2264 632 632 631 631 2264 2264 631 631 622 622 2269 2269 571 571 624 624 2269 2269 624 624 625 625 2269 2269 625 625 2266 2266 2530 2530 2275 2275 2276 2276 2302 2302 2289 2289 621 621 2265 2265 2264 2264 622 622 2536 2536 621 621 619 619 2270 2270 571 571 2269 2269 2291 2291 2283 2283 2284 2284 2537 2537 2530 2530 2276 2276 2537 2537 2276 2276 2277 2277 2288 2288 2265 2265 622 622 2536 2536 2300 2300 621 621 2268 2268 570 570 571 571 2533 2533 2272 2272 2273 2273 2268 2268 571 571 2270 2270 2287 2287 2288 2288 622 622 2267 2267 570 570 2268 2268 2538 2538 2300 2300 2536 2536 2286 2286 2287 2287 622 622 2293 2293 2282 2282 2283 2283 2271 2271 570 570 2267 2267 2293 2293 2283 2283 2291 2291 2539 2539 2537 2537 2277 2277 2539 2539 2277 2277 2278 2278 2301 2301 2302 2302 621 621 2285 2285 2286 2286 622 622 2272 2272 570 570 2271 2271 2294 2294 2282 2282 2293 2293 2531 2531 2273 2273 2274 2274 2538 2538 2299 2299 2300 2300 2531 2531 2533 2533 2273 2273 2300 2300 2301 2301 621 621 2539 2539 2278 2278 2279 2279 2294 2294 2281 2281 2282 2282 2538 2538 2298 2298 2299 2299 2527 2527 2539 2539 2279 2279 2527 2527 2279 2279 2280 2280 2528 2528 2298 2298 2538 2538 2533 2533 178 178 177 177 2534 2534 2533 2533 177 177 2536 2536 619 619 181 181 2534 2534 177 177 184 184 570 570 2534 2534 184 184 2536 2536 181 181 183 183 2538 2538 2536 2536 183 183 2528 2528 2538 2538 187 187 2538 2538 183 183 187 187 2532 2532 2528 2528 188 188 2528 2528 187 187 188 188 2535 2535 2532 2532 190 190 2532 2532 188 188 190 190 2529 2529 2535 2535 192 192 2535 2535 190 190 192 192 2527 2527 2529 2529 194 194 2529 2529 192 192 194 194 2539 2539 2527 2527 196 196 2527 2527 194 194 196 196 2537 2537 2539 2539 198 198 2539 2539 196 196 198 198 2537 2537 198 198 200 200 2537 2537 200 200 202 202 2530 2530 2537 2537 202 202 2530 2530 202 202 204 204 2531 2531 2530 2530 204 204 2531 2531 204 204 178 178 2533 2533 2531 2531 178 178 2258 2258 2260 2260 2540 2540 608 608 611 611 2247 2247 588 588 2541 2541 2542 2542 608 608 2247 2247 2249 2249 2259 2259 2258 2258 2540 2540 2543 2543 2259 2259 2540 2540 2543 2543 2257 2257 2259 2259 607 607 608 608 2249 2249 2243 2243 588 588 2542 2542 2239 2239 2542 2542 2544 2544 2239 2239 2243 2243 2542 2542 2245 2245 588 588 2243 2243 595 595 607 607 2249 2249 595 595 2251 2251 2250 2250 2240 2240 2239 2239 2544 2544 595 595 2248 2248 2251 2251 595 595 2249 2249 2248 2248 2545 2545 2257 2257 2543 2543 2244 2244 588 588 2245 2245 2545 2545 2256 2256 2257 2257 2263 2263 2240 2240 2544 2544 2546 2546 2256 2256 2545 2545 2263 2263 2544 2544 2547 2547 2546 2546 2255 2255 2256 2256 2242 2242 591 591 588 588 2242 2242 588 588 2244 2244 593 593 2254 2254 2255 2255 593 593 2253 2253 2254 2254 593 593 2252 2252 2253 2253 593 593 2250 2250 2252 2252 593 593 595 595 2250 2250 2262 2262 2263 2263 2547 2547 2548 2548 2255 2255 2546 2546 2241 2241 591 591 2242 2242 593 593 2548 2548 2549 2549 593 593 2255 2255 2548 2548 2261 2261 2547 2547 2550 2550 2551 2551 593 593 2549 2549 2261 2261 2262 2262 2547 2547 2552 2552 593 593 2551 2551 2246 2246 610 610 603 603 2246 2246 603 603 591 591 2246 2246 591 591 2241 2241 597 597 593 593 2552 2552 2260 2260 2550 2550 2540 2540 2260 2260 2261 2261 2550 2550 2247 2247 610 610 2246 2246 2247 2247 611 611 610 610 2552 2552 2551 2551 167 167 2551 2551 164 164 167 167 2541 2541 588 588 148 148 597 597 2552 2552 171 171 2552 2552 167 167 171 171 2541 2541 148 148 151 151 2542 2542 2541 2541 151 151 2544 2544 2542 2542 175 175 2542 2542 151 151 175 175 2547 2547 2544 2544 173 173 2544 2544 175 175 173 173 2550 2550 2547 2547 168 168 2547 2547 173 173 168 168 2540 2540 2550 2550 166 166 2550 2550 168 168 166 166 2543 2543 2540 2540 162 162 2540 2540 166 166 162 162 2545 2545 2543 2543 158 158 2543 2543 162 162 158 158 2545 2545 158 158 152 152 2545 2545 152 152 155 155 2546 2546 2545 2545 155 155 2546 2546 155 155 156 156 2548 2548 2546 2546 156 156 2549 2549 2548 2548 160 160 2548 2548 156 156 160 160 2551 2551 2549 2549 164 164 2549 2549 160 160 164 164 2142 2142 144 144 2149 2149 2149 2149 144 144 145 145 2149 2149 2148 2148 2143 2143 2149 2149 2143 2143 2142 2142 2143 2143 2148 2148 272 272 2148 2148 274 274 272 272 2553 2553 265 265 141 141 2554 2554 2553 2553 141 141 2555 2555 143 143 2146 2146 2556 2556 2555 2555 2146 2146 2557 2557 2498 2498 2497 2497 2557 2557 2497 2497 2558 2558 2558 2558 2497 2497 2559 2559 2559 2559 2497 2497 137 137 2560 2560 2561 2561 2557 2557 2562 2562 2560 2560 2558 2558 2560 2560 2557 2557 2558 2558 2563 2563 2562 2562 2559 2559 2562 2562 2558 2558 2559 2559 130 130 128 128 2564 2564 130 130 2564 2564 2565 2565 130 130 2565 2565 2566 2566 131 131 130 130 2566 2566 131 131 2566 2566 2567 2567 134 134 131 131 2567 2567 2567 2567 2568 2568 2571 2571 2567 2567 2566 2566 2568 2568 2572 2572 2554 2554 2570 2570 2573 2573 2565 2565 2564 2564 2574 2574 2565 2565 2573 2573 2556 2556 2575 2575 2555 2555 2576 2576 2564 2564 2555 2555 2556 2556 2577 2577 2575 2575 2576 2576 2573 2573 2564 2564 2556 2556 2578 2578 2577 2577 2562 2562 2579 2579 2569 2569 2562 2562 2569 2569 2560 2560 2580 2580 2578 2578 2556 2556 2581 2581 2565 2565 2574 2574 2582 2582 2567 2567 2571 2571 2583 2583 2579 2579 2562 2562 2584 2584 2576 2576 2555 2555 2585 2585 2580 2580 2556 2556 2586 2586 2565 2565 2581 2581 2587 2587 2567 2567 2582 2582 2588 2588 2584 2584 2555 2555 2563 2563 2589 2589 2583 2583 2563 2563 2583 2583 2562 2562 2553 2553 2590 2590 2589 2589 2553 2553 2591 2591 2590 2590 2592 2592 2588 2588 2555 2555 2561 2561 2585 2585 2556 2556 2553 2553 2593 2593 2591 2591 2561 2561 2594 2594 2585 2585 2553 2553 2572 2572 2593 2593 2566 2566 2586 2586 2595 2595 2553 2553 2589 2589 2563 2563 2553 2553 2554 2554 2572 2572 2566 2566 2565 2565 2586 2586 2554 2554 2587 2587 2596 2596 2554 2554 2567 2567 2587 2587 2575 2575 2592 2592 2555 2555 2597 2597 2566 2566 2595 2595 2598 2598 2554 2554 2596 2596 2560 2560 2599 2599 2594 2594 2560 2560 2594 2594 2561 2561 2568 2568 2566 2566 2597 2597 2569 2569 2599 2599 2560 2560 2570 2570 2554 2554 2598 2598 128 128 127 127 143 143 143 143 2555 2555 2564 2564 128 128 143 143 2564 2564 2500 2500 2498 2498 2146 2146 2498 2498 2557 2557 2146 2146 2146 2146 2557 2557 2561 2561 2146 2146 2561 2561 2556 2556 135 135 134 134 141 141 141 141 134 134 2567 2567 141 141 2567 2567 2554 2554 2559 2559 137 137 265 265 137 137 139 139 265 265 265 265 2553 2553 2563 2563 2559 2559 265 265 2563 2563 2600 2600 2601 2601 113 113 2600 2600 113 113 27 27 25 25 2603 2603 2604 2604 2604 2604 2608 2608 2609 2609 17 17 2624 2624 9 9 2605 2605 2611 2611 2610 2610 2607 2607 2605 2605 2610 2610 2628 2628 2635 2635 32 32 33 33 2628 2628 32 32 2610 2610 2611 2611 2613 2613 2608 2608 2612 2612 2614 2614 9 9 2634 2634 7 7 32 32 2635 2635 30 30 2611 2611 2616 2616 2617 2617 2613 2613 2611 2611 2617 2617 92 92 2615 2615 2618 2618 2612 2612 2619 2619 2606 2606 2617 2617 2616 2616 2621 2621 2637 2637 2639 2639 29 29 30 30 2637 2637 29 29 2616 2616 2622 2622 2623 2623 2621 2621 2616 2616 2623 2623 7 7 2636 2636 8 8 2605 2605 2625 2625 2602 2602 2605 2605 2607 2607 2625 2625 2619 2619 2624 2624 17 17 2623 2623 2622 2622 2629 2629 29 29 2603 2603 25 25 2632 2632 2631 2631 2630 2630 2622 2622 2632 2632 2630 2630 2629 2629 2622 2622 2630 2630 108 108 2633 2633 2615 2615 92 92 108 108 2615 2615 2627 2627 2628 2628 33 33 2624 2624 2634 2634 9 9 25 25 2604 2604 2609 2609 2634 2634 2636 2636 7 7 2609 2609 2608 2608 2614 2614 92 92 2618 2618 90 90 2635 2635 2637 2637 30 30 90 90 2618 2618 2620 2620 2636 2636 2638 2638 8 8 8 8 2638 2638 2626 2626 90 90 2620 2620 43 43 2614 2614 2612 2612 2606 2606 43 43 2620 2620 2627 2627 2638 2638 2640 2640 2641 2641 2626 2626 2638 2638 2641 2641 43 43 2627 2627 34 34 2641 2641 2640 2640 2602 2602 2606 2606 2619 2619 17 17 29 29 2639 2639 2603 2603 2602 2602 2640 2640 2605 2605 34 34 2627 2627 33 33 2642 2642 2643 2643 2644 2644 2645 2645 2643 2643 2642 2642 2646 2646 2647 2647 2648 2648 2646 2646 2648 2648 2649 2649 58 58 54 54 2680 2680 54 54 2672 2672 2680 2680 1 1 2652 2652 2653 2653 75 75 2650 2650 2654 2654 58 58 2680 2680 63 63 2656 2656 2653 2653 2655 2655 77 77 2654 2654 2657 2657 77 77 2657 2657 79 79 63 63 2683 2683 2685 2685 65 65 63 63 2685 2685 2660 2660 2661 2661 2662 2662 2663 2663 2660 2660 2662 2662 2662 2662 2661 2661 2664 2664 2661 2661 2665 2665 2666 2666 2664 2664 2661 2661 2666 2666 2666 2666 2665 2665 2667 2667 2665 2665 2668 2668 2669 2669 2667 2667 2665 2665 2669 2669 116 116 2684 2684 121 121 2669 2669 2668 2668 2670 2670 79 79 2657 2657 2671 2671 2659 2659 2655 2655 2658 2658 2668 2668 2673 2673 2670 2670 79 79 2671 2671 80 80 2670 2670 2673 2673 2675 2675 2684 2684 2686 2686 122 122 121 121 2684 2684 122 122 75 75 71 71 2650 2650 2675 2675 2673 2673 2677 2677 2673 2673 2676 2676 2678 2678 42 42 2658 2658 2672 2672 2678 2678 2676 2676 2679 2679 2677 2677 2673 2673 2678 2678 77 77 75 75 2654 2654 2674 2674 83 83 2671 2671 2671 2671 83 83 80 80 2676 2676 2681 2681 2651 2651 2679 2679 2676 2676 2651 2651 2651 2651 2681 2681 2682 2682 1 1 2653 2653 2656 2656 2651 2651 2682 2682 110 110 110 110 2682 2682 116 116 2680 2680 2683 2683 63 63 2656 2656 2655 2655 2659 2659 116 116 2682 2682 2684 2684 2659 2659 2658 2658 42 42 65 65 2685 2685 2687 2687 65 65 2687 2687 71 71 42 42 2672 2672 54 54 2686 2686 2652 2652 1 1 122 122 2686 2686 1 1 71 71 2687 2687 2650 2650 2688 2688 74 74 82 82 2689 2689 2688 2688 82 82 2600 2600 27 27 44 44 2690 2690 44 44 61 61 2690 2690 2600 2600 44 44 2691 2691 61 61 74 74 2691 2691 2690 2690 61 61 2688 2688 2691 2691 74 74 2646 2646 2649 2649 2692 2692 2646 2646 2692 2692 2693 2693 2694 2694 2693 2693 2695 2695 2694 2694 2646 2646 2693 2693 2696 2696 2695 2695 2697 2697 2696 2696 2694 2694 2695 2695 2643 2643 2697 2697 2644 2644 2643 2643 2696 2696 2697 2697 2698 2698 2699 2699 2700 2700 2701 2701 2704 2704 2607 2607 2702 2702 2631 2631 2705 2705 2702 2702 2630 2630 2631 2631 2706 2706 2707 2707 2708 2708 2701 2701 2703 2703 2709 2709 2706 2706 2865 2865 2707 2707 2706 2706 2698 2698 2865 2865 2710 2710 2711 2711 2712 2712 2710 2710 2713 2713 2711 2711 2706 2706 2699 2699 2698 2698 2714 2714 2701 2701 2709 2709 2617 2617 2716 2716 2703 2703 2714 2714 2704 2704 2701 2701 2714 2714 2715 2715 2704 2704 2706 2706 2719 2719 2720 2720 2717 2717 2711 2711 2718 2718 2706 2706 2708 2708 2719 2719 2721 2721 2705 2705 2722 2722 2725 2725 2726 2726 2761 2761 2723 2723 2727 2727 2724 2724 2725 2725 2761 2761 2714 2714 2723 2723 2728 2728 2729 2729 2725 2725 2714 2714 2709 2709 2730 2730 2731 2731 2699 2699 2730 2730 2720 2720 2731 2731 2730 2730 2699 2699 2706 2706 2730 2730 2706 2706 2720 2720 2732 2732 2719 2719 2724 2724 2722 2722 2642 2642 2644 2644 2732 2732 2720 2720 2719 2719 2731 2731 2720 2720 2732 2732 2717 2717 2733 2733 2734 2734 2731 2731 2737 2737 2735 2735 2738 2738 2739 2739 2740 2740 2732 2732 2724 2724 2727 2727 2738 2738 2726 2726 2725 2725 2738 2738 2740 2740 2741 2741 2738 2738 2741 2741 2726 2726 2742 2742 2734 2734 2743 2743 2732 2732 2737 2737 2731 2731 2759 2759 2745 2745 2641 2641 2759 2759 2641 2641 2602 2602 2759 2759 2602 2602 2736 2736 2746 2746 2732 2732 2727 2727 2746 2746 2727 2727 2747 2747 2748 2748 2744 2744 2740 2740 2749 2749 2737 2737 2732 2732 2749 2749 2732 2732 2746 2746 2749 2749 2750 2750 2737 2737 2751 2751 2743 2743 2752 2752 2748 2748 2754 2754 2810 2810 2755 2755 2756 2756 2746 2746 2748 2748 2757 2757 2754 2754 2748 2748 2810 2810 2744 2744 2759 2759 2760 2760 2745 2745 2771 2771 2751 2751 2752 2752 2759 2759 2761 2761 2760 2760 2755 2755 2762 2762 2763 2763 2755 2755 2763 2763 2756 2756 2755 2755 2758 2758 2762 2762 2765 2765 2766 2766 2767 2767 2760 2760 2769 2769 2745 2745 2770 2770 2764 2764 2754 2754 2771 2771 2772 2772 2773 2773 2774 2774 2764 2764 2770 2770 2774 2774 2775 2775 2764 2764 2773 2773 2777 2777 2778 2778 2781 2781 2769 2769 2760 2760 2782 2782 2783 2783 2774 2774 2779 2779 2784 2784 2780 2780 2782 2782 2774 2774 2776 2776 2785 2785 2697 2697 2695 2695 2669 2669 2779 2779 2763 2763 2669 2669 2784 2784 2779 2779 2786 2786 2778 2778 2787 2787 2788 2788 2769 2769 2781 2781 2667 2667 2763 2763 2762 2762 2789 2789 2790 2790 2783 2783 2789 2789 2791 2791 2790 2790 2667 2667 2762 2762 2666 2666 2789 2789 2700 2700 2791 2791 2667 2667 2669 2669 2763 2763 2789 2789 2783 2783 2782 2782 2788 2788 2792 2792 2769 2769 2723 2723 2787 2787 2728 2728 2793 2793 2792 2792 2788 2788 2793 2793 2788 2788 2741 2741 2791 2791 2794 2794 2795 2795 2796 2796 2794 2794 2791 2791 2723 2723 2729 2729 2797 2797 2798 2798 2794 2794 2796 2796 2799 2799 2695 2695 2693 2693 2799 2799 2693 2693 2800 2800 2799 2799 2800 2800 2777 2777 2801 2801 2802 2802 2840 2840 2801 2801 2840 2840 2798 2798 2801 2801 2798 2798 2735 2735 2755 2755 2747 2747 2797 2797 2755 2755 2797 2797 2758 2758 2793 2793 2803 2803 2792 2792 2804 2804 2803 2803 2793 2793 2805 2805 2802 2802 2801 2801 2762 2762 2758 2758 2806 2806 2807 2807 2803 2803 2804 2804 2767 2767 2808 2808 2805 2805 2767 2767 2805 2805 2750 2750 2800 2800 2693 2693 2692 2692 2767 2767 2809 2809 2808 2808 2766 2766 2809 2809 2767 2767 2766 2766 2780 2780 2811 2811 2766 2766 2811 2811 2809 2809 2807 2807 2812 2812 2803 2803 2813 2813 2814 2814 2815 2815 2813 2813 2811 2811 2780 2780 2813 2813 2815 2815 2811 2811 2816 2816 2814 2814 2813 2813 2816 2816 2670 2670 2675 2675 2818 2818 2812 2812 2807 2807 2816 2816 2675 2675 2814 2814 2677 2677 2819 2819 2814 2814 2677 2677 2678 2678 2819 2819 2821 2821 2822 2822 2812 2812 2821 2821 2812 2812 2818 2818 2823 2823 2703 2703 2716 2716 2824 2824 2649 2649 2648 2648 2825 2825 2629 2629 2630 2630 2823 2823 2716 2716 2827 2827 2820 2820 2623 2623 2629 2629 2828 2828 2709 2709 2703 2703 2828 2828 2703 2703 2823 2823 2829 2829 2822 2822 2821 2821 2820 2820 2629 2629 2825 2825 2828 2828 2725 2725 2709 2709 2712 2712 2711 2711 2717 2717 2831 2831 2832 2832 2822 2822 2831 2831 2822 2822 2829 2829 2722 2722 2705 2705 2642 2642 2826 2826 2824 2824 2833 2833 2830 2830 2823 2823 2827 2827 2830 2830 2710 2710 2712 2712 2823 2823 2830 2830 2834 2834 2828 2828 2739 2739 2738 2738 2828 2828 2823 2823 2834 2834 2835 2835 2832 2832 2831 2831 2828 2828 2834 2834 2739 2739 2836 2836 2712 2712 2717 2717 2663 2663 2837 2837 2833 2833 2838 2838 2832 2832 2835 2835 2838 2838 2839 2839 2832 2832 2841 2841 2842 2842 2717 2717 2662 2662 2837 2837 2663 2663 2841 2841 2717 2717 2734 2734 2739 2739 2748 2748 2740 2740 2841 2841 2734 2734 2742 2742 2844 2844 2839 2839 2838 2838 2753 2753 2644 2644 2697 2697 2845 2845 2748 2748 2739 2739 2846 2846 2847 2847 2839 2839 2846 2846 2839 2839 2844 2844 2848 2848 2841 2841 2742 2742 2849 2849 2847 2847 2846 2846 2849 2849 2846 2846 2808 2808 2757 2757 2748 2748 2845 2845 2849 2849 2851 2851 2847 2847 2852 2852 2853 2853 2751 2751 2854 2854 2851 2851 2849 2849 2856 2856 2851 2851 2854 2854 2857 2857 2770 2770 2754 2754 2857 2857 2757 2757 2850 2850 2857 2857 2754 2754 2757 2757 2852 2852 2751 2751 2771 2771 2819 2819 2858 2858 2851 2851 2819 2819 2851 2851 2856 2856 2678 2678 2679 2679 2858 2858 2678 2678 2858 2858 2819 2819 2859 2859 2852 2852 2771 2771 2721 2721 2702 2702 2705 2705 2721 2721 2860 2860 2702 2702 2621 2621 2623 2623 2820 2820 2621 2621 2716 2716 2617 2617 2621 2621 2820 2820 2716 2716 2825 2825 2630 2630 2702 2702 2861 2861 2774 2774 2770 2770 2861 2861 2770 2770 2857 2857 2861 2861 2776 2776 2774 2774 2825 2825 2702 2702 2860 2860 2861 2861 2862 2862 2776 2776 2703 2703 2613 2613 2617 2617 2863 2863 2864 2864 2771 2771 2863 2863 2771 2771 2773 2773 2713 2713 2825 2825 2860 2860 2711 2711 2860 2860 2721 2721 2711 2711 2713 2713 2860 2860 2704 2704 2625 2625 2607 2607 2704 2704 2602 2602 2625 2625 2704 2704 2736 2736 2602 2602 2866 2866 2782 2782 2776 2776 2866 2866 2698 2698 2700 2700 2866 2866 2700 2700 2789 2789 2866 2866 2789 2789 2782 2782 2707 2707 2863 2863 2773 2773 2722 2722 2753 2753 2867 2867 2722 2722 2644 2644 2753 2753 2718 2718 2711 2711 2721 2721 2718 2718 2722 2722 2867 2867 2719 2719 2708 2708 2786 2786 2718 2718 2721 2721 2722 2722 2715 2715 2714 2714 2761 2761 2715 2715 2736 2736 2704 2704 2719 2719 2786 2786 2787 2787 2715 2715 2759 2759 2736 2736 2715 2715 2761 2761 2759 2759 2700 2700 2796 2796 2791 2791 2719 2719 2787 2787 2723 2723 2733 2733 2718 2718 2867 2867 2733 2733 2867 2867 2753 2753 2699 2699 2796 2796 2700 2700 2761 2761 2781 2781 2760 2760 2724 2724 2719 2719 2723 2723 2868 2868 2697 2697 2785 2785 2868 2868 2753 2753 2697 2697 2743 2743 2734 2734 2733 2733 2743 2743 2733 2733 2753 2753 2699 2699 2798 2798 2796 2796 2699 2699 2735 2735 2798 2798 2699 2699 2731 2731 2735 2735 2726 2726 2781 2781 2761 2761 2743 2743 2753 2753 2868 2868 2747 2747 2727 2727 2723 2723 2741 2741 2788 2788 2781 2781 2747 2747 2723 2723 2797 2797 2741 2741 2781 2781 2726 2726 2752 2752 2868 2868 2785 2785 2752 2752 2743 2743 2868 2868 2737 2737 2801 2801 2735 2735 2817 2817 2692 2692 2649 2649 2746 2746 2747 2747 2755 2755 2799 2799 2785 2785 2695 2695 2799 2799 2869 2869 2785 2785 2744 2744 2793 2793 2741 2741 2744 2744 2804 2804 2793 2793 2744 2744 2741 2741 2740 2740 2750 2750 2805 2805 2801 2801 2750 2750 2801 2801 2737 2737 2752 2752 2785 2785 2869 2869 2768 2768 2749 2749 2746 2746 2768 2768 2746 2746 2756 2756 2772 2772 2752 2752 2869 2869 2765 2765 2750 2750 2749 2749 2765 2765 2749 2749 2768 2768 2765 2765 2767 2767 2750 2750 2810 2810 2807 2807 2804 2804 2810 2810 2804 2804 2744 2744 2772 2772 2869 2869 2799 2799 2772 2772 2799 2799 2777 2777 2763 2763 2768 2768 2756 2756 2772 2772 2777 2777 2773 2773 2764 2764 2810 2810 2754 2754 2764 2764 2818 2818 2807 2807 2764 2764 2807 2807 2810 2810 2768 2768 2763 2763 2779 2779 2800 2800 2817 2817 2870 2870 2765 2765 2779 2779 2780 2780 2800 2800 2692 2692 2817 2817 2765 2765 2768 2768 2779 2779 2765 2765 2780 2780 2766 2766 2780 2780 2816 2816 2813 2813 2777 2777 2800 2800 2870 2870 2775 2775 2818 2818 2764 2764 2784 2784 2816 2816 2780 2780 2775 2775 2821 2821 2818 2818 2784 2784 2670 2670 2816 2816 2824 2824 2648 2648 2833 2833 2784 2784 2669 2669 2670 2670 2778 2778 2777 2777 2870 2870 2710 2710 2716 2716 2820 2820 2710 2710 2827 2827 2716 2716 2710 2710 2820 2820 2713 2713 2778 2778 2870 2870 2817 2817 2778 2778 2728 2728 2787 2787 2778 2778 2817 2817 2728 2728 2710 2710 2830 2830 2827 2827 2824 2824 2871 2871 2817 2817 2824 2824 2817 2817 2649 2649 2783 2783 2829 2829 2821 2821 2783 2783 2775 2775 2774 2774 2783 2783 2821 2821 2775 2775 2728 2728 2817 2817 2871 2871 2828 2828 2738 2738 2725 2725 2717 2717 2718 2718 2733 2733 2717 2717 2842 2842 2836 2836 2729 2729 2728 2728 2871 2871 2790 2790 2831 2831 2829 2829 2790 2790 2829 2829 2783 2783 2790 2790 2795 2795 2831 2831 2790 2790 2791 2791 2795 2795 2830 2830 2712 2712 2836 2836 2729 2729 2824 2824 2826 2826 2834 2834 2845 2845 2739 2739 2729 2729 2826 2826 2797 2797 2729 2729 2871 2871 2824 2824 2872 2872 2830 2830 2836 2836 2795 2795 2835 2835 2831 2831 2872 2872 2836 2836 2842 2842 2872 2872 2845 2845 2834 2834 2872 2872 2834 2834 2830 2830 2794 2794 2835 2835 2795 2795 2837 2837 2826 2826 2833 2833 2837 2837 2873 2873 2826 2826 2872 2872 2841 2841 2843 2843 2872 2872 2842 2842 2841 2841 2742 2742 2853 2853 2848 2848 2742 2742 2751 2751 2853 2853 2742 2742 2743 2743 2751 2751 2797 2797 2826 2826 2873 2873 2794 2794 2838 2838 2835 2835 2850 2850 2845 2845 2872 2872 2794 2794 2840 2840 2838 2838 2850 2850 2872 2872 2843 2843 2850 2850 2757 2757 2845 2845 2794 2794 2798 2798 2840 2840 2874 2874 2841 2841 2848 2848 2758 2758 2797 2797 2873 2873 2874 2874 2843 2843 2841 2841 2875 2875 2843 2843 2874 2874 2875 2875 2857 2857 2850 2850 2875 2875 2850 2850 2843 2843 2806 2806 2758 2758 2873 2873 2874 2874 2848 2848 2853 2853 2806 2806 2873 2873 2837 2837 2874 2874 2857 2857 2875 2875 2840 2840 2844 2844 2838 2838 2806 2806 2662 2662 2664 2664 2806 2806 2837 2837 2662 2662 2802 2802 2844 2844 2840 2840 2855 2855 2874 2874 2853 2853 2855 2855 2853 2853 2852 2852 2802 2802 2805 2805 2808 2808 2762 2762 2664 2664 2666 2666 2876 2876 2857 2857 2874 2874 2802 2802 2808 2808 2846 2846 2762 2762 2806 2806 2664 2664 2876 2876 2874 2874 2855 2855 2802 2802 2846 2846 2844 2844 2876 2876 2855 2855 2862 2862 2876 2876 2861 2861 2857 2857 2876 2876 2862 2862 2861 2861 2771 2771 2864 2864 2859 2859 2808 2808 2854 2854 2849 2849 2771 2771 2752 2752 2772 2772 2877 2877 2855 2855 2852 2852 2877 2877 2852 2852 2859 2859 2809 2809 2854 2854 2808 2808 2809 2809 2856 2856 2854 2854 2862 2862 2866 2866 2776 2776 2809 2809 2811 2811 2815 2815 2862 2862 2855 2855 2877 2877 2809 2809 2815 2815 2856 2856 2877 2877 2859 2859 2864 2864 2815 2815 2819 2819 2856 2856 2877 2877 2866 2866 2862 2862 2814 2814 2819 2819 2815 2815 2878 2878 2864 2864 2863 2863 2878 2878 2877 2877 2864 2864 2878 2878 2866 2866 2877 2877 2814 2814 2675 2675 2677 2677 2878 2878 2698 2698 2866 2866 2878 2878 2865 2865 2698 2698 2820 2820 2825 2825 2713 2713 2878 2878 2863 2863 2865 2865 2786 2786 2707 2707 2773 2773 2786 2786 2708 2708 2707 2707 2786 2786 2773 2773 2778 2778 2701 2701 2610 2610 2613 2613 2701 2701 2613 2613 2703 2703 2607 2607 2610 2610 2701 2701 2865 2865 2863 2863 2707 2707 2679 2679 2651 2651 110 110 2858 2858 110 110 86 86 2858 2858 2679 2679 110 110 2851 2851 2858 2858 86 86 2847 2847 2851 2851 86 86 2847 2847 86 86 46 46 2839 2839 2847 2847 46 46 2839 2839 46 46 41 41 2832 2832 2839 2839 41 41 2832 2832 41 41 24 24 2822 2822 2832 2832 24 24 2812 2812 2822 2822 24 24 2803 2803 2812 2812 24 24 2803 2803 24 24 22 22 2792 2792 2803 2803 22 22 2792 2792 22 22 15 15 2769 2769 2792 2792 15 15 2745 2745 2769 2769 15 15 2745 2745 15 15 8 8 2641 2641 2745 2745 8 8 2641 2641 8 8 2626 2626 2660 2660 2663 2663 2833 2833 2647 2647 2833 2833 2648 2648 2647 2647 2660 2660 2833 2833 2632 2632 2645 2645 2642 2642 2632 2632 2642 2642 2705 2705 2632 2632 2705 2705 2631 2631 2633 2633 108 108 113 113 2601 2601 2633 2633 113 113 2689 2689 82 82 83 83 2674 2674 2689 2689 83 83 422 422 2668 2668 2665 2665 418 418 422 422 2665 2665 2647 2647 395 395 2660 2660 2660 2660 395 395 415 415 479 479 2633 2633 388 388 418 418 2665 2665 2661 2661 388 388 2633 2633 2601 2601 414 414 418 418 2661 2661 2633 2633 479 479 482 482 414 414 2661 2661 2660 2660 415 415 414 414 2660 2660 2632 2632 506 506 510 510 2633 2633 482 482 2615 2615 2671 2671 447 447 452 452 2615 2615 482 482 2618 2618 388 388 2601 2601 2600 2600 388 388 2600 2600 389 389 2618 2618 482 482 489 489 2618 2618 489 489 2620 2620 2620 2620 489 489 491 491 2620 2620 491 491 2627 2627 2627 2627 491 491 494 494 2627 2627 494 494 2628 2628 2628 2628 494 494 496 496 2628 2628 496 496 2635 2635 2635 2635 496 496 459 459 2635 2635 459 459 2637 2637 2600 2600 2690 2690 516 516 389 389 2600 2600 516 516 2639 2639 2637 2637 507 507 2637 2637 459 459 507 507 2639 2639 507 507 2603 2603 2603 2603 507 507 464 464 2690 2690 2691 2691 514 514 516 516 2690 2690 514 514 2603 2603 464 464 2604 2604 2604 2604 464 464 471 471 2604 2604 471 471 2608 2608 2608 2608 471 471 476 476 514 514 2691 2691 2688 2688 514 514 2688 2688 392 392 2608 2608 476 476 2612 2612 2612 2612 476 476 495 495 2612 2612 495 495 2619 2619 2619 2619 495 495 502 502 2619 2619 502 502 2624 2624 2624 2624 502 502 508 508 2624 2624 508 508 2634 2634 2634 2634 508 508 474 474 2688 2688 2689 2689 393 393 392 392 2688 2688 393 393 2634 2634 474 474 2636 2636 2636 2636 474 474 475 475 2636 2636 475 475 2638 2638 393 393 2689 2689 452 452 2638 2638 475 475 498 498 2638 2638 498 498 2640 2640 2640 2640 498 498 467 467 2689 2689 2674 2674 452 452 2640 2640 467 467 2605 2605 2605 2605 467 467 466 466 2605 2605 466 466 487 487 2605 2605 487 487 2611 2611 452 452 2674 2674 2671 2671 2611 2611 487 487 500 500 2611 2611 500 500 2616 2616 447 447 2671 2671 2657 2657 2616 2616 500 500 504 504 2616 2616 504 504 2622 2622 447 447 2657 2657 446 446 2622 2622 504 504 506 506 2622 2622 506 506 2632 2632 446 446 2657 2657 2654 2654 446 446 2654 2654 443 443 443 443 2654 2654 2650 2650 443 443 2650 2650 438 438 2632 2632 510 510 2645 2645 438 438 2650 2650 2687 2687 438 438 2687 2687 434 434 2645 2645 510 510 2643 2643 510 510 513 513 2643 2643 434 434 2687 2687 2685 2685 434 434 2685 2685 425 425 425 425 2685 2685 2683 2683 425 425 2683 2683 411 411 411 411 2683 2683 2680 2680 404 404 411 411 2680 2680 2643 2643 513 513 2696 2696 2696 2696 513 513 524 524 404 404 2680 2680 450 450 450 450 2680 2680 2672 2672 450 450 2672 2672 448 448 448 448 2672 2672 2658 2658 2696 2696 524 524 2694 2694 2694 2694 524 524 527 527 448 448 2658 2658 445 445 445 445 2658 2658 2655 2655 445 445 2655 2655 442 442 442 442 2655 2655 2653 2653 442 442 2653 2653 441 441 527 527 396 396 2646 2646 2694 2694 527 527 2646 2646 441 441 2653 2653 2652 2652 441 441 2652 2652 439 439 439 439 2652 2652 2686 2686 439 439 2686 2686 436 436 436 436 2686 2686 2684 2684 436 436 2684 2684 433 433 433 433 2684 2684 2682 2682 433 433 2682 2682 430 430 430 430 2682 2682 2681 2681 430 430 2681 2681 428 428 428 428 2681 2681 2676 2676 428 428 2676 2676 424 424 424 424 2676 2676 2673 2673 2646 2646 396 396 395 395 2646 2646 395 395 2647 2647 424 424 2673 2673 2668 2668 422 422 424 424 2668 2668 125 125 28 28 2879 2879 28 28 2880 2880 2879 2879 28 28 109 109 2880 2880 109 109 2881 2881 2880 2880 109 109 91 91 2881 2881 91 91 2882 2882 2881 2881 91 91 99 99 2882 2882 99 99 2883 2883 2882 2882 99 99 114 114 2883 2883 114 114 2884 2884 2883 2883 114 114 125 125 2884 2884 125 125 2879 2879 2884 2884 2883 2883 2885 2885 2882 2882 2883 2883 2886 2886 2885 2885 2883 2883 2887 2887 2886 2886 2889 2889 2888 2888 2881 2881 2890 2890 2881 2881 2888 2888 2889 2889 2881 2881 2882 2882 2891 2891 2887 2887 2883 2883 2892 2892 2889 2889 2882 2882 2893 2893 2891 2891 2883 2883 2894 2894 2881 2881 2890 2890 2895 2895 2892 2892 2882 2882 2896 2896 2881 2881 2894 2894 2897 2897 2895 2895 2882 2882 2879 2879 2898 2898 2899 2899 2879 2879 2900 2900 2898 2898 2879 2879 2901 2901 2900 2900 2879 2879 2902 2902 2901 2901 2879 2879 2880 2880 2902 2902 2903 2903 2897 2897 2882 2882 2880 2880 2904 2904 2905 2905 2884 2884 2906 2906 2893 2893 2880 2880 2896 2896 2904 2904 2884 2884 2907 2907 2906 2906 2884 2884 2908 2908 2907 2907 2880 2880 2881 2881 2896 2896 2884 2884 2899 2899 2908 2908 2884 2884 2893 2893 2883 2883 2884 2884 2879 2879 2899 2899 2885 2885 2903 2903 2882 2882 2909 2909 2880 2880 2905 2905 2910 2910 2880 2880 2909 2909 2902 2902 2880 2880 2910 2910 2911 2911 2893 2893 2906 2906 2912 2912 2911 2911 2906 2906 2912 2912 2906 2906 2907 2907 2913 2913 2912 2912 2907 2907 2913 2913 2907 2907 2908 2908 2914 2914 2913 2913 2908 2908 2914 2914 2908 2908 2899 2899 2915 2915 2914 2914 2899 2899 2915 2915 2899 2899 2898 2898 2916 2916 2915 2915 2898 2898 2916 2916 2898 2898 2900 2900 2917 2917 2916 2916 2900 2900 2917 2917 2900 2900 2901 2901 2918 2918 2917 2917 2901 2901 2918 2918 2901 2901 2902 2902 2919 2919 2902 2902 2910 2910 2919 2919 2918 2918 2902 2902 2920 2920 2910 2910 2909 2909 2920 2920 2919 2919 2910 2910 2921 2921 2909 2909 2905 2905 2921 2921 2920 2920 2909 2909 2922 2922 2921 2921 2905 2905 2922 2922 2905 2905 2904 2904 2923 2923 2922 2922 2904 2904 2923 2923 2904 2904 2896 2896 2924 2924 2923 2923 2896 2896 2924 2924 2896 2896 2894 2894 2925 2925 2924 2924 2894 2894 2925 2925 2894 2894 2890 2890 2926 2926 2925 2925 2890 2890 2926 2926 2890 2890 2888 2888 2927 2927 2926 2926 2888 2888 2927 2927 2888 2888 2889 2889 2928 2928 2927 2927 2889 2889 2928 2928 2889 2889 2892 2892 2929 2929 2928 2928 2892 2892 2929 2929 2892 2892 2895 2895 2930 2930 2929 2929 2895 2895 2930 2930 2895 2895 2897 2897 2930 2930 2897 2897 2903 2903 2931 2931 2930 2930 2903 2903 2931 2931 2903 2903 2885 2885 2932 2932 2931 2931 2885 2885 2932 2932 2885 2885 2886 2886 2933 2933 2932 2932 2886 2886 2933 2933 2886 2886 2887 2887 2934 2934 2933 2933 2887 2887 2934 2934 2887 2887 2891 2891 2911 2911 2891 2891 2893 2893 2911 2911 2934 2934 2891 2891 2935 2935 2936 2936 2937 2937 2935 2935 2938 2938 2936 2936 2939 2939 2940 2940 2941 2941 2939 2939 2942 2942 2940 2940 2945 2945 2946 2946 2944 2944 2945 2945 2944 2944 2943 2943 2947 2947 2944 2944 2948 2948 2947 2947 2943 2943 2944 2944 2949 2949 2935 2935 2937 2937 2950 2950 2951 2951 2942 2942 2950 2950 2942 2942 2939 2939 2952 2952 2946 2946 2945 2945 2953 2953 2937 2937 2954 2954 2953 2953 2949 2949 2937 2937 2950 2950 2955 2955 2951 2951 2956 2956 2948 2948 2957 2957 2956 2956 2947 2947 2948 2948 2958 2958 2954 2954 2959 2959 2960 2960 2961 2961 2946 2946 2958 2958 2953 2953 2954 2954 2960 2960 2946 2946 2952 2952 2958 2958 2959 2959 2955 2955 2958 2958 2955 2955 2950 2950 2962 2962 2956 2956 2957 2957 2963 2963 2962 2962 2957 2957 2964 2964 2961 2961 2960 2960 2965 2965 2962 2962 2963 2963 2966 2966 2967 2967 2961 2961 2966 2966 2961 2961 2964 2964 2968 2968 2967 2967 2966 2966 2969 2969 2965 2965 2963 2963 2970 2970 2969 2969 2963 2963 2971 2971 2967 2967 2968 2968 2938 2938 2967 2967 2971 2971 2972 2972 2969 2969 2970 2970 2973 2973 2938 2938 2971 2971 2941 2941 2972 2972 2970 2970 2936 2936 2938 2938 2973 2973 2939 2939 2941 2941 2970 2970 2921 2921 2922 2922 2967 2967 2920 2920 2967 2967 2938 2938 2920 2920 2921 2921 2967 2967 2934 2934 2911 2911 2939 2939 2919 2919 2920 2920 2938 2938 2934 2934 2939 2939 2970 2970 2918 2918 2919 2919 2938 2938 2935 2935 2918 2918 2938 2938 2933 2933 2934 2934 2970 2970 2917 2917 2918 2918 2935 2935 2949 2949 2917 2917 2935 2935 2932 2932 2970 2970 2963 2963 2932 2932 2933 2933 2970 2970 2916 2916 2917 2917 2949 2949 2916 2916 2949 2949 2953 2953 2931 2931 2932 2932 2963 2963 2915 2915 2953 2953 2958 2958 2915 2915 2916 2916 2953 2953 2930 2930 2931 2931 2963 2963 2957 2957 2930 2930 2963 2963 2914 2914 2915 2915 2958 2958 2929 2929 2957 2957 2948 2948 2913 2913 2958 2958 2950 2950 2929 2929 2930 2930 2957 2957 2913 2913 2914 2914 2958 2958 2928 2928 2948 2948 2944 2944 2912 2912 2913 2913 2950 2950 2928 2928 2929 2929 2948 2948 2911 2911 2950 2950 2939 2939 2911 2911 2912 2912 2950 2950 2927 2927 2928 2928 2944 2944 2926 2926 2944 2944 2946 2946 2926 2926 2927 2927 2944 2944 2925 2925 2926 2926 2946 2946 2924 2924 2946 2946 2961 2961 2924 2924 2925 2925 2946 2946 2923 2923 2924 2924 2961 2961 2922 2922 2961 2961 2967 2967 2922 2922 2923 2923 2961 2961 2974 2974 2975 2975 2976 2976 2974 2974 2977 2977 2975 2975 2978 2978 2976 2976 2979 2979 2978 2978 2974 2974 2976 2976 2978 2978 2979 2979 2982 2982 2980 2980 2981 2981 2983 2983 2984 2984 2978 2978 2982 2982 2985 2985 2980 2980 2983 2983 2984 2984 2982 2982 2981 2981 2985 2985 2983 2983 2986 2986 2980 2980 2984 2984 2981 2981 2987 2987 2985 2985 2986 2986 2987 2987 2986 2986 2988 2988 2989 2989 2988 2988 2990 2990 2989 2989 2987 2987 2988 2988 2991 2991 2990 2990 2992 2992 2991 2991 2989 2989 2990 2990 2993 2993 2991 2991 2992 2992 2993 2993 2992 2992 2994 2994 2995 2995 2994 2994 2996 2996 2995 2995 2993 2993 2994 2994 2997 2997 2995 2995 2996 2996 2997 2997 2996 2996 2998 2998 2999 2999 2997 2997 2998 2998 2999 2999 2998 2998 3000 3000 3001 3001 2999 2999 3000 3000 3001 3001 3000 3000 3002 3002 3003 3003 3001 3001 3002 3002 3003 3003 3002 3002 3004 3004 3005 3005 3003 3003 3004 3004 3005 3005 3004 3004 2975 2975 2977 2977 3005 3005 2975 2975 3006 3006 3007 3007 3003 3003 2991 2991 3008 3008 2989 2989 3007 3007 3009 3009 3001 3001 2984 2984 2980 2980 3010 3010 3011 3011 2984 2984 3010 3010 3003 3003 3007 3007 3001 3001 3006 3006 3003 3003 3005 3005 2989 2989 3008 3008 3012 3012 3006 3006 3005 3005 3013 3013 3009 3009 3014 3014 2999 2999 3001 3001 3009 3009 2999 2999 2989 2989 3012 3012 2987 2987 3010 3010 2980 2980 3015 3015 3014 3014 3016 3016 2999 2999 3013 3013 3005 3005 3017 3017 2987 2987 3012 3012 3018 3018 2980 2980 2985 2985 3019 3019 3015 3015 2980 2980 3019 3019 3017 3017 3005 3005 2977 2977 2985 2985 2987 2987 3020 3020 2987 2987 3018 3018 3020 3020 3016 3016 3021 3021 2997 2997 2999 2999 3016 3016 2997 2997 3019 3019 2985 2985 3022 3022 2985 2985 3020 3020 3022 3022 3017 3017 2977 2977 2974 2974 3021 3021 3023 3023 2995 2995 2997 2997 3021 3021 2995 2995 3017 3017 2974 2974 3024 3024 3024 3024 2974 2974 2978 2978 3023 3023 3025 3025 2995 2995 3024 3024 2978 2978 3026 3026 2995 2995 3025 3025 2993 2993 2993 2993 3025 3025 3027 3027 2978 2978 2984 2984 3028 3028 3026 3026 2978 2978 3028 3028 2993 2993 3027 3027 3029 3029 2993 2993 3029 3029 2991 2991 3028 3028 2984 2984 3011 3011 2991 2991 3029 3029 3008 3008 2954 2954 2937 2937 3017 3017 2954 2954 3017 3017 3024 3024 2940 2940 3010 3010 3015 3015 2959 2959 3024 3024 3026 3026 2959 2959 2954 2954 3024 3024 2941 2941 3015 3015 3019 3019 2955 2955 3026 3026 3028 3028 2941 2941 2940 2940 3015 3015 2955 2955 2959 2959 3026 3026 2951 2951 3028 3028 3011 3011 2972 2972 3019 3019 3022 3022 2951 2951 2955 2955 3028 3028 2972 2972 2941 2941 3019 3019 2942 2942 3011 3011 3010 3010 2942 2942 2951 2951 3011 3011 2969 2969 3022 3022 3020 3020 2969 2969 2972 2972 3022 3022 2940 2940 2942 2942 3010 3010 2965 2965 3020 3020 3018 3018 2965 2965 2969 2969 3020 3020 2962 2962 3018 3018 3012 3012 2962 2962 2965 2965 3018 3018 2956 2956 3012 3012 3008 3008 2956 2956 2962 2962 3012 3012 2947 2947 3008 3008 3029 3029 2947 2947 2956 2956 3008 3008 2943 2943 3029 3029 3027 3027 2943 2943 2947 2947 3029 3029 2945 2945 3027 3027 3025 3025 2945 2945 2943 2943 3027 3027 2952 2952 3025 3025 3023 3023 2952 2952 2945 2945 3025 3025 2960 2960 3023 3023 3021 3021 2960 2960 2952 2952 3023 3023 2964 2964 2960 2960 3021 3021 2964 2964 3021 3021 3016 3016 2966 2966 2964 2964 3016 3016 2966 2966 3016 3016 3014 3014 2968 2968 2966 2966 3014 3014 2968 2968 3014 3014 3009 3009 2971 2971 2968 2968 3009 3009 2971 2971 3009 3009 3007 3007 2973 2973 2971 2971 3007 3007 2973 2973 3007 3007 3006 3006 2936 2936 2973 2973 3006 3006 2936 2936 3006 3006 3013 3013 2937 2937 3013 3013 3017 3017 2937 2937 2936 2936 3013 3013 3030 3030 2982 2982 3031 3031 3032 3032 3033 3033 2990 2990 3032 3032 2990 2990 2988 2988 3002 3002 3034 3034 3035 3035 3036 3036 2982 2982 3030 3030 3036 3036 2981 2981 2982 2982 3002 3002 3037 3037 3034 3034 3038 3038 3032 3032 2988 2988 3004 3004 3035 3035 3039 3039 3004 3004 3002 3002 3035 3035 3040 3040 2981 2981 3036 3036 3040 3040 2983 2983 2981 2981 3000 3000 3041 3041 3037 3037 3000 3000 3037 3037 3002 3002 3042 3042 3038 3038 2988 2988 2975 2975 3004 3004 3039 3039 3043 3043 2983 2983 3040 3040 2998 2998 3044 3044 3041 3041 2998 2998 3041 3041 3000 3000 3045 3045 2988 2988 2986 2986 3045 3045 3042 3042 2988 2988 3046 3046 2986 2986 2983 2983 2975 2975 3039 3039 3047 3047 3046 3046 2983 2983 3043 3043 3046 3046 3045 3045 2986 2986 2998 2998 3048 3048 3044 3044 2976 2976 3047 3047 3049 3049 2976 2976 2975 2975 3047 3047 2996 2996 3050 3050 3048 3048 2996 2996 3048 3048 2998 2998 2976 2976 3049 3049 3051 3051 2994 2994 3052 3052 3050 3050 2994 2994 3050 3050 2996 2996 2979 2979 2976 2976 3051 3051 3053 3053 2979 2979 3051 3051 3054 3054 3052 3052 2994 2994 2982 2982 2979 2979 3053 3053 2992 2992 3054 3054 2994 2994 3031 3031 2982 2982 3053 3053 3033 3033 3054 3054 2992 2992 2990 2990 3033 3033 2992 2992 3051 3051 3049 3049 3055 3055 3036 3036 3056 3056 3057 3057 3053 3053 3058 3058 3059 3059 3053 3053 3055 3055 3058 3058 3053 3053 3051 3051 3055 3055 3040 3040 3057 3057 3060 3060 3040 3040 3036 3036 3057 3057 3031 3031 3059 3059 3061 3061 3031 3031 3053 3053 3059 3059 3043 3043 3060 3060 3062 3062 3043 3043 3040 3040 3060 3060 3030 3030 3061 3061 3056 3056 3030 3030 3031 3031 3061 3061 3046 3046 3062 3062 3063 3063 3046 3046 3043 3043 3062 3062 3036 3036 3030 3030 3056 3056 3045 3045 3063 3063 3064 3064 3045 3045 3046 3046 3063 3063 3042 3042 3064 3064 3065 3065 3042 3042 3045 3045 3064 3064 3038 3038 3065 3065 3066 3066 3038 3038 3042 3042 3065 3065 3032 3032 3038 3038 3066 3066 3033 3033 3066 3066 3067 3067 3033 3033 3032 3032 3066 3066 3054 3054 3067 3067 3068 3068 3054 3054 3033 3033 3067 3067 3052 3052 3068 3068 3069 3069 3052 3052 3054 3054 3068 3068 3050 3050 3069 3069 3070 3070 3050 3050 3052 3052 3069 3069 3048 3048 3070 3070 3071 3071 3048 3048 3050 3050 3070 3070 3044 3044 3048 3048 3071 3071 3044 3044 3071 3071 3072 3072 3041 3041 3072 3072 3073 3073 3041 3041 3044 3044 3072 3072 3037 3037 3073 3073 3074 3074 3037 3037 3041 3041 3073 3073 3034 3034 3074 3074 3075 3075 3034 3034 3037 3037 3074 3074 3035 3035 3075 3075 3076 3076 3035 3035 3034 3034 3075 3075 3039 3039 3077 3077 3078 3078 3039 3039 3076 3076 3077 3077 3039 3039 3035 3035 3076 3076 3047 3047 3078 3078 3079 3079 3047 3047 3039 3039 3078 3078 3049 3049 3079 3079 3055 3055 3049 3049 3047 3047 3079 3079 3064 3064 3063 3063 3080 3080 3064 3064 3080 3080 3081 3081 3072 3072 3082 3082 3083 3083 3072 3072 3083 3083 3073 3073 3084 3084 3058 3058 3055 3055 3065 3065 3081 3081 3085 3085 3065 3065 3064 3064 3081 3081 3071 3071 3082 3082 3072 3072 3071 3071 3086 3086 3082 3082 3087 3087 3055 3055 3079 3079 3087 3087 3084 3084 3055 3055 3084 3084 3059 3059 3058 3058 3066 3066 3065 3065 3085 3085 3070 3070 3088 3088 3086 3086 3089 3089 3079 3079 3078 3078 3070 3070 3086 3086 3071 3071 3089 3089 3087 3087 3079 3079 3067 3067 3085 3085 3088 3088 3090 3090 3056 3056 3061 3061 3090 3090 3061 3061 3059 3059 3067 3067 3066 3066 3085 3085 3090 3090 3059 3059 3084 3084 3069 3069 3088 3088 3070 3070 3089 3089 3078 3078 3077 3077 3068 3068 3067 3067 3088 3088 3068 3068 3088 3088 3069 3069 3091 3091 3077 3077 3076 3076 3091 3091 3089 3089 3077 3077 3092 3092 3057 3057 3056 3056 3092 3092 3056 3056 3090 3090 3093 3093 3091 3091 3076 3076 3092 3092 3060 3060 3057 3057 3075 3075 3093 3093 3076 3076 3062 3062 3060 3060 3092 3092 3094 3094 3062 3062 3092 3092 3083 3083 3093 3093 3075 3075 3080 3080 3062 3062 3094 3094 3074 3074 3083 3083 3075 3075 3063 3063 3062 3062 3080 3080 3073 3073 3083 3083 3074 3074 3089 3089 3091 3091 3095 3095 3087 3087 3089 3089 3096 3096 3089 3089 3095 3095 3096 3096 3084 3084 3087 3087 3096 3096 3092 3092 3090 3090 3097 3097 3084 3084 3096 3096 3098 3098 3094 3094 3092 3092 3099 3099 3090 3090 3084 3084 3100 3100 3084 3084 3098 3098 3100 3100 3092 3092 3097 3097 3099 3099 3080 3080 3094 3094 3101 3101 3094 3094 3099 3099 3101 3101 3090 3090 3100 3100 3097 3097 3081 3081 3080 3080 3102 3102 3080 3080 3101 3101 3102 3102 3085 3085 3081 3081 3103 3103 3081 3081 3102 3102 3103 3103 3085 3085 3103 3103 3104 3104 3088 3088 3085 3085 3104 3104 3088 3088 3104 3104 3105 3105 3086 3086 3088 3088 3106 3106 3088 3088 3105 3105 3106 3106 3086 3086 3106 3106 3107 3107 3082 3082 3086 3086 3107 3107 3083 3083 3082 3082 3107 3107 3083 3083 3107 3107 3108 3108 3083 3083 3108 3108 3109 3109 3093 3093 3083 3083 3109 3109 3093 3093 3109 3109 3095 3095 3091 3091 3093 3093 3095 3095 3097 3097 3101 3101 3099 3099 3097 3097 3102 3102 3101 3101 3097 3097 3103 3103 3102 3102 3097 3097 3105 3105 3104 3104 3097 3097 3106 3106 3105 3105 3097 3097 3108 3108 3107 3107 3097 3097 3109 3109 3108 3108 3097 3097 3095 3095 3109 3109 3097 3097 3104 3104 3103 3103 3097 3097 3107 3107 3106 3106 3096 3096 3095 3095 3097 3097 3098 3098 3097 3097 3100 3100 3098 3098 3096 3096 3097 3097 3112 3112 3113 3113 3114 3114 3115 3115 3116 3116 3117 3117 3115 3115 3117 3117 3118 3118 3118 3118 3117 3117 3119 3119 3120 3120 3113 3113 3112 3112 3121 3121 3111 3111 3122 3122 3121 3121 3110 3110 3111 3111 3124 3124 3118 3118 3119 3119 3123 3123 3120 3120 3112 3112 3125 3125 3126 3126 3116 3116 3125 3125 3116 3116 3115 3115 3127 3127 3118 3118 3124 3124 3128 3128 3121 3121 3122 3122 3125 3125 3129 3129 3126 3126 3128 3128 3122 3122 3120 3120 3128 3128 3120 3120 3123 3123 3127 3127 3124 3124 3114 3114 3111 3111 3129 3129 3125 3125 3113 3113 3127 3127 3114 3114 3110 3110 3129 3129 3111 3111 3110 3110 3130 3130 3131 3131 3121 3121 3130 3130 3110 3110 3132 3132 3123 3123 3112 3112 3147 3147 3123 3123 3132 3132 3133 3133 3124 3124 3119 3119 3133 3133 3119 3119 3134 3134 3126 3126 3144 3144 3149 3149 3126 3126 3149 3149 3116 3116 3135 3135 57 57 3136 3136 3136 3136 57 57 62 62 4 4 57 57 3135 3135 3137 3137 4 4 3135 3135 3138 3138 2 2 3137 3137 3137 3137 2 2 4 4 117 117 2 2 3138 3138 3139 3139 117 117 3138 3138 3139 3139 3140 3140 117 117 3140 3140 115 115 117 117 115 115 3140 3140 3141 3141 115 115 3141 3141 31 31 3141 3141 3142 3142 31 31 3142 3142 45 45 31 31 45 45 3142 3142 3136 3136 45 45 3136 3136 62 62 3140 3140 3133 3133 3134 3134 3140 3140 3132 3132 3143 3143 3140 3140 3143 3143 3133 3133 3140 3140 3134 3134 3141 3141 3144 3144 3145 3145 3135 3135 3140 3140 3139 3139 3132 3132 3131 3131 3135 3135 3145 3145 3136 3136 3144 3144 3135 3135 3149 3149 3136 3136 3142 3142 3149 3149 3144 3144 3136 3136 3137 3137 3131 3131 3130 3130 3137 3137 3135 3135 3131 3131 3146 3146 3137 3137 3130 3130 3147 3147 3137 3137 3146 3146 3141 3141 3134 3134 3148 3148 3141 3141 3148 3148 3149 3149 3141 3141 3149 3149 3142 3142 3138 3138 3137 3137 3147 3147 3132 3132 3139 3139 3138 3138 3132 3132 3138 3138 3147 3147 3143 3143 3112 3112 3114 3114 3143 3143 3132 3132 3112 3112 3133 3133 3114 3114 3124 3124 3133 3133 3143 3143 3114 3114 3148 3148 3119 3119 3117 3117 3148 3148 3134 3134 3119 3119 3149 3149 3117 3117 3116 3116 3149 3149 3148 3148 3117 3117 3146 3146 3121 3121 3128 3128 3146 3146 3130 3130 3121 3121 3147 3147 3128 3128 3123 3123 3147 3147 3146 3146 3128 3128 3144 3144 3126 3126 3129 3129 3145 3145 3129 3129 3110 3110 3145 3145 3144 3144 3129 3129 3131 3131 3145 3145 3110 3110 3120 3120 3150 3150 3113 3113 3113 3113 3150 3150 3151 3151 3152 3152 3150 3150 3122 3122 3150 3150 3120 3120 3122 3122 3122 3122 3111 3111 3152 3152 3111 3111 3153 3153 3152 3152 3154 3154 3153 3153 3111 3111 3154 3154 3111 3111 3125 3125 3125 3125 3115 3115 3154 3154 3115 3115 3155 3155 3154 3154 3156 3156 3155 3155 3118 3118 3155 3155 3115 3115 3118 3118 3118 3118 3127 3127 3156 3156 3127 3127 3157 3157 3156 3156 3151 3151 3157 3157 3113 3113 3157 3157 3127 3127 3113 3113 3157 3157 3155 3155 3156 3156 3153 3153 3154 3154 3155 3155 3151 3151 3155 3155 3157 3157 3150 3150 3153 3153 3155 3155 3150 3150 3155 3155 3151 3151 3152 3152 3153 3153 3150 3150 81 81 64 64 3158 3158 64 64 3159 3159 3158 3158 64 64 56 56 3159 3159 56 56 3160 3160 3159 3159 56 56 40 40 3160 3160 40 40 3161 3161 3160 3160 40 40 48 48 3161 3161 48 48 3162 3162 3161 3161 60 60 3163 3163 48 48 48 48 3163 3163 3162 3162 60 60 81 81 3163 3163 81 81 3158 3158 3163 3163 3164 3164 3159 3159 3165 3165 3162 3162 3166 3166 3161 3161 3162 3162 3167 3167 3166 3166 3162 3162 3168 3168 3167 3167 3170 3170 3169 3169 3160 3160 3171 3171 3160 3160 3169 3169 3170 3170 3160 3160 3161 3161 3172 3172 3168 3168 3162 3162 3173 3173 3172 3172 3162 3162 3174 3174 3170 3170 3161 3161 3175 3175 3160 3160 3171 3171 3176 3176 3174 3174 3161 3161 3177 3177 3160 3160 3175 3175 3178 3178 3176 3176 3161 3161 3158 3158 3179 3179 3180 3180 3158 3158 3181 3181 3179 3179 3158 3158 3182 3182 3181 3181 3158 3158 3164 3164 3182 3182 3158 3158 3159 3159 3164 3164 3183 3183 3178 3178 3161 3161 3163 3163 3184 3184 3173 3173 3159 3159 3185 3185 3186 3186 3163 3163 3187 3187 3184 3184 3159 3159 3177 3177 3185 3185 3163 3163 3188 3188 3187 3187 3163 3163 3180 3180 3188 3188 3159 3159 3160 3160 3177 3177 3163 3163 3173 3173 3162 3162 3163 3163 3158 3158 3180 3180 3166 3166 3183 3183 3161 3161 3189 3189 3159 3159 3186 3186 3165 3165 3159 3159 3189 3189 3190 3190 3173 3173 3184 3184 3191 3191 3190 3190 3184 3184 3191 3191 3184 3184 3187 3187 3192 3192 3191 3191 3187 3187 3192 3192 3187 3187 3188 3188 3193 3193 3192 3192 3188 3188 3193 3193 3188 3188 3180 3180 3194 3194 3193 3193 3180 3180 3194 3194 3180 3180 3179 3179 3195 3195 3194 3194 3179 3179 3195 3195 3179 3179 3181 3181 3196 3196 3195 3195 3181 3181 3196 3196 3181 3181 3182 3182 3197 3197 3196 3196 3182 3182 3197 3197 3182 3182 3164 3164 3198 3198 3164 3164 3165 3165 3198 3198 3197 3197 3164 3164 3199 3199 3165 3165 3189 3189 3199 3199 3198 3198 3165 3165 3200 3200 3189 3189 3186 3186 3200 3200 3199 3199 3189 3189 3201 3201 3200 3200 3186 3186 3201 3201 3186 3186 3185 3185 3202 3202 3201 3201 3185 3185 3202 3202 3185 3185 3177 3177 3203 3203 3202 3202 3177 3177 3203 3203 3177 3177 3175 3175 3204 3204 3203 3203 3175 3175 3204 3204 3175 3175 3171 3171 3205 3205 3204 3204 3171 3171 3205 3205 3171 3171 3169 3169 3206 3206 3205 3205 3169 3169 3206 3206 3169 3169 3170 3170 3207 3207 3206 3206 3170 3170 3207 3207 3170 3170 3174 3174 3208 3208 3207 3207 3174 3174 3208 3208 3174 3174 3176 3176 3209 3209 3208 3208 3176 3176 3209 3209 3176 3176 3178 3178 3209 3209 3178 3178 3183 3183 3210 3210 3209 3209 3183 3183 3210 3210 3183 3183 3166 3166 3211 3211 3210 3210 3166 3166 3211 3211 3166 3166 3167 3167 3212 3212 3211 3211 3167 3167 3212 3212 3167 3167 3168 3168 3213 3213 3212 3212 3168 3168 3213 3213 3168 3168 3172 3172 3190 3190 3172 3172 3173 3173 3190 3190 3213 3213 3172 3172 3214 3214 3215 3215 3216 3216 3217 3217 3218 3218 3219 3219 3217 3217 3220 3220 3218 3218 3223 3223 3214 3214 3224 3224 3225 3225 3226 3226 3222 3222 3225 3225 3222 3222 3221 3221 3227 3227 3228 3228 3220 3220 3227 3227 3220 3220 3217 3217 3229 3229 3222 3222 3230 3230 3229 3229 3221 3221 3222 3222 3231 3231 3223 3223 3224 3224 3232 3232 3226 3226 3225 3225 3227 3227 3233 3233 3228 3228 3234 3234 3224 3224 3235 3235 3234 3234 3231 3231 3224 3224 3236 3236 3230 3230 3237 3237 3234 3234 3235 3235 3233 3233 3236 3236 3229 3229 3230 3230 3234 3234 3233 3233 3227 3227 3238 3238 3239 3239 3226 3226 3238 3238 3226 3226 3232 3232 3240 3240 3236 3236 3237 3237 3241 3241 3239 3239 3238 3238 3242 3242 3236 3236 3240 3240 3243 3243 3244 3244 3239 3239 3243 3243 3239 3239 3241 3241 3245 3245 3242 3242 3240 3240 3246 3246 3244 3244 3243 3243 3247 3247 3245 3245 3240 3240 3248 3248 3247 3247 3240 3240 3249 3249 3244 3244 3246 3246 3215 3215 3244 3244 3249 3249 3250 3250 3247 3247 3248 3248 3251 3251 3215 3215 3249 3249 3219 3219 3250 3250 3248 3248 3216 3216 3215 3215 3251 3251 3217 3217 3219 3219 3248 3248 3214 3214 3216 3216 3224 3224 3200 3200 3201 3201 3244 3244 3199 3199 3244 3244 3215 3215 3199 3199 3200 3200 3244 3244 3213 3213 3190 3190 3217 3217 3198 3198 3199 3199 3215 3215 3213 3213 3217 3217 3248 3248 3197 3197 3198 3198 3215 3215 3214 3214 3197 3197 3215 3215 3212 3212 3213 3213 3248 3248 3196 3196 3197 3197 3214 3214 3223 3223 3196 3196 3214 3214 3211 3211 3248 3248 3240 3240 3211 3211 3212 3212 3248 3248 3195 3195 3196 3196 3223 3223 3195 3195 3223 3223 3231 3231 3210 3210 3211 3211 3240 3240 3194 3194 3231 3231 3234 3234 3194 3194 3195 3195 3231 3231 3209 3209 3210 3210 3240 3240 3237 3237 3209 3209 3240 3240 3193 3193 3194 3194 3234 3234 3208 3208 3237 3237 3230 3230 3192 3192 3234 3234 3227 3227 3208 3208 3209 3209 3237 3237 3192 3192 3193 3193 3234 3234 3207 3207 3230 3230 3222 3222 3191 3191 3192 3192 3227 3227 3207 3207 3208 3208 3230 3230 3190 3190 3227 3227 3217 3217 3190 3190 3191 3191 3227 3227 3206 3206 3207 3207 3222 3222 3205 3205 3222 3222 3226 3226 3205 3205 3206 3206 3222 3222 3204 3204 3205 3205 3226 3226 3203 3203 3226 3226 3239 3239 3203 3203 3204 3204 3226 3226 3202 3202 3203 3203 3239 3239 3201 3201 3239 3239 3244 3244 3201 3201 3202 3202 3239 3239 3252 3252 3253 3253 3254 3254 3252 3252 3255 3255 3253 3253 3252 3252 3256 3256 3255 3255 3259 3259 3254 3254 3260 3260 3261 3261 3258 3258 3262 3262 3261 3261 3257 3257 3258 3258 3259 3259 3252 3252 3254 3254 3257 3257 3260 3260 3258 3258 3257 3257 3259 3259 3260 3260 3263 3263 3262 3262 3264 3264 3263 3263 3261 3261 3262 3262 3263 3263 3264 3264 3265 3265 3266 3266 3263 3263 3265 3265 3266 3266 3265 3265 3267 3267 3268 3268 3267 3267 3269 3269 3268 3268 3266 3266 3267 3267 3270 3270 3269 3269 3271 3271 3270 3270 3268 3268 3269 3269 3272 3272 3271 3271 3273 3273 3272 3272 3270 3270 3271 3271 3274 3274 3273 3273 3275 3275 3274 3274 3272 3272 3273 3273 3276 3276 3274 3274 3275 3275 3276 3276 3275 3275 3277 3277 3278 3278 3276 3276 3277 3277 3278 3278 3277 3277 3279 3279 3280 3280 3278 3278 3279 3279 3281 3281 3280 3280 3279 3279 3281 3281 3279 3279 3282 3282 3256 3256 3281 3281 3282 3282 3256 3256 3282 3282 3255 3255 3266 3266 3283 3283 3284 3284 3285 3285 3286 3286 3280 3280 3287 3287 3257 3257 3288 3288 3257 3257 3261 3261 3288 3288 3286 3286 3289 3289 3278 3278 3280 3280 3286 3286 3278 3278 3285 3285 3280 3280 3281 3281 3289 3289 3290 3290 3278 3278 3263 3263 3266 3266 3291 3291 3266 3266 3284 3284 3291 3291 3288 3288 3261 3261 3292 3292 3263 3263 3291 3291 3293 3293 3290 3290 3294 3294 3276 3276 3278 3278 3290 3290 3276 3276 3261 3261 3263 3263 3295 3295 3292 3292 3261 3261 3295 3295 3263 3263 3293 3293 3295 3295 3285 3285 3281 3281 3296 3296 3296 3296 3281 3281 3256 3256 3294 3294 3297 3297 3274 3274 3276 3276 3294 3294 3274 3274 3296 3296 3256 3256 3298 3298 3297 3297 3299 3299 3274 3274 3298 3298 3256 3256 3300 3300 3300 3300 3256 3256 3252 3252 3299 3299 3301 3301 3272 3272 3274 3274 3299 3299 3272 3272 3272 3272 3301 3301 3270 3270 3270 3270 3301 3301 3302 3302 3252 3252 3259 3259 3303 3303 3300 3300 3252 3252 3303 3303 3270 3270 3302 3302 3304 3304 3270 3270 3304 3304 3268 3268 3303 3303 3259 3259 3305 3305 3268 3268 3304 3304 3283 3283 3305 3305 3259 3259 3257 3257 3268 3268 3283 3283 3266 3266 3305 3305 3257 3257 3287 3287 3224 3224 3296 3296 3298 3298 3218 3218 3287 3287 3288 3288 3235 3235 3298 3298 3300 3300 3235 3235 3224 3224 3298 3298 3233 3233 3300 3300 3303 3303 3219 3219 3288 3288 3292 3292 3219 3219 3218 3218 3288 3288 3233 3233 3235 3235 3300 3300 3228 3228 3303 3303 3305 3305 3250 3250 3292 3292 3295 3295 3228 3228 3233 3233 3303 3303 3250 3250 3219 3219 3292 3292 3220 3220 3305 3305 3287 3287 3220 3220 3228 3228 3305 3305 3247 3247 3295 3295 3293 3293 3247 3247 3250 3250 3295 3295 3218 3218 3220 3220 3287 3287 3245 3245 3293 3293 3291 3291 3245 3245 3247 3247 3293 3293 3242 3242 3291 3291 3284 3284 3242 3242 3245 3245 3291 3291 3236 3236 3284 3284 3283 3283 3236 3236 3242 3242 3284 3284 3229 3229 3283 3283 3304 3304 3229 3229 3236 3236 3283 3283 3221 3221 3304 3304 3302 3302 3221 3221 3229 3229 3304 3304 3225 3225 3302 3302 3301 3301 3225 3225 3221 3221 3302 3302 3232 3232 3301 3301 3299 3299 3232 3232 3225 3225 3301 3301 3238 3238 3299 3299 3297 3297 3238 3238 3232 3232 3299 3299 3241 3241 3238 3238 3297 3297 3241 3241 3297 3297 3294 3294 3243 3243 3241 3241 3294 3294 3243 3243 3294 3294 3290 3290 3246 3246 3243 3243 3290 3290 3246 3246 3290 3290 3289 3289 3249 3249 3246 3246 3289 3289 3249 3249 3289 3289 3286 3286 3251 3251 3249 3249 3286 3286 3251 3251 3286 3286 3285 3285 3216 3216 3251 3251 3285 3285 3216 3216 3285 3285 3296 3296 3224 3224 3216 3216 3296 3296 3306 3306 3258 3258 3307 3307 3308 3308 3309 3309 3269 3269 3308 3308 3269 3269 3267 3267 3279 3279 3310 3310 3311 3311 3312 3312 3258 3258 3306 3306 3277 3277 3313 3313 3310 3310 3277 3277 3310 3310 3279 3279 3312 3312 3262 3262 3258 3258 3314 3314 3308 3308 3267 3267 3279 3279 3311 3311 3315 3315 3314 3314 3267 3267 3265 3265 3316 3316 3262 3262 3312 3312 3277 3277 3317 3317 3313 3313 3318 3318 3265 3265 3264 3264 3318 3318 3314 3314 3265 3265 3282 3282 3315 3315 3319 3319 3282 3282 3279 3279 3315 3315 3320 3320 3264 3264 3262 3262 3320 3320 3262 3262 3316 3316 3320 3320 3318 3318 3264 3264 3275 3275 3321 3321 3317 3317 3275 3275 3317 3317 3277 3277 3255 3255 3282 3282 3319 3319 3275 3275 3322 3322 3321 3321 3255 3255 3319 3319 3323 3323 3273 3273 3324 3324 3322 3322 3273 3273 3322 3322 3275 3275 3253 3253 3323 3323 3325 3325 3253 3253 3255 3255 3323 3323 3273 3273 3326 3326 3324 3324 3254 3254 3253 3253 3325 3325 3327 3327 3254 3254 3325 3325 3271 3271 3326 3326 3273 3273 3328 3328 3326 3326 3271 3271 3269 3269 3328 3328 3271 3271 3329 3329 3254 3254 3327 3327 3330 3330 3328 3328 3269 3269 3260 3260 3254 3254 3329 3329 3307 3307 3260 3260 3329 3329 3307 3307 3258 3258 3260 3260 3309 3309 3330 3330 3269 3269 3323 3323 3331 3331 3332 3332 3323 3323 3319 3319 3331 3331 3325 3325 3332 3332 3333 3333 3325 3325 3323 3323 3332 3332 3306 3306 3334 3334 3335 3335 3327 3327 3333 3333 3336 3336 3327 3327 3325 3325 3333 3333 3312 3312 3335 3335 3337 3337 3312 3312 3306 3306 3335 3335 3329 3329 3336 3336 3338 3338 3329 3329 3327 3327 3336 3336 3316 3316 3337 3337 3339 3339 3316 3316 3312 3312 3337 3337 3307 3307 3329 3329 3338 3338 3320 3320 3339 3339 3340 3340 3320 3320 3316 3316 3339 3339 3306 3306 3338 3338 3334 3334 3306 3306 3307 3307 3338 3338 3318 3318 3340 3340 3341 3341 3318 3318 3320 3320 3340 3340 3314 3314 3341 3341 3342 3342 3314 3314 3318 3318 3341 3341 3308 3308 3314 3314 3342 3342 3309 3309 3342 3342 3343 3343 3309 3309 3308 3308 3342 3342 3330 3330 3343 3343 3344 3344 3330 3330 3309 3309 3343 3343 3328 3328 3344 3344 3345 3345 3328 3328 3330 3330 3344 3344 3326 3326 3345 3345 3346 3346 3326 3326 3328 3328 3345 3345 3324 3324 3346 3346 3347 3347 3324 3324 3326 3326 3346 3346 3322 3322 3347 3347 3348 3348 3322 3322 3324 3324 3347 3347 3321 3321 3322 3322 3348 3348 3321 3321 3348 3348 3349 3349 3317 3317 3349 3349 3350 3350 3317 3317 3321 3321 3349 3349 3313 3313 3350 3350 3351 3351 3313 3313 3317 3317 3350 3350 3310 3310 3351 3351 3352 3352 3310 3310 3313 3313 3351 3351 3311 3311 3352 3352 3353 3353 3311 3311 3310 3310 3352 3352 3315 3315 3354 3354 3355 3355 3315 3315 3353 3353 3354 3354 3315 3315 3311 3311 3353 3353 3319 3319 3355 3355 3331 3331 3319 3319 3315 3315 3355 3355 3341 3341 3340 3340 3356 3356 3341 3341 3356 3356 3357 3357 3349 3349 3359 3359 3358 3358 3349 3349 3358 3358 3350 3350 3360 3360 3333 3333 3332 3332 3342 3342 3341 3341 3357 3357 3348 3348 3359 3359 3349 3349 3361 3361 3336 3336 3333 3333 3343 3343 3357 3357 3362 3362 3343 3343 3342 3342 3357 3357 3361 3361 3333 3333 3360 3360 3363 3363 3332 3332 3331 3331 3363 3363 3331 3331 3355 3355 3347 3347 3359 3359 3348 3348 3363 3363 3360 3360 3332 3332 3361 3361 3334 3334 3338 3338 3344 3344 3343 3343 3362 3362 3361 3361 3338 3338 3336 3336 3346 3346 3364 3364 3359 3359 3346 3346 3359 3359 3347 3347 3363 3363 3355 3355 3354 3354 3345 3345 3364 3364 3346 3346 3345 3345 3362 3362 3364 3364 3345 3345 3344 3344 3362 3362 3365 3365 3334 3334 3361 3361 3366 3366 3354 3354 3353 3353 3366 3366 3363 3363 3354 3354 3367 3367 3335 3335 3334 3334 3367 3367 3334 3334 3365 3365 3367 3367 3337 3337 3335 3335 3352 3352 3366 3366 3353 3353 3368 3368 3366 3366 3352 3352 3339 3339 3337 3337 3367 3367 3369 3369 3339 3339 3367 3367 3351 3351 3368 3368 3352 3352 3340 3340 3339 3339 3369 3369 3356 3356 3340 3340 3369 3369 3350 3350 3368 3368 3351 3351 3350 3350 3358 3358 3368 3368 3360 3360 3363 3363 3370 3370 3367 3367 3365 3365 3371 3371 3360 3360 3370 3370 3372 3372 3367 3367 3371 3371 3373 3373 3361 3361 3360 3360 3374 3374 3369 3369 3367 3367 3373 3373 3360 3360 3372 3372 3374 3374 3365 3365 3361 3361 3371 3371 3361 3361 3374 3374 3371 3371 3369 3369 3373 3373 3375 3375 3356 3356 3369 3369 3375 3375 3357 3357 3356 3356 3376 3376 3356 3356 3375 3375 3376 3376 3357 3357 3376 3376 3377 3377 3362 3362 3357 3357 3377 3377 3362 3362 3377 3377 3378 3378 3364 3364 3362 3362 3378 3378 3364 3364 3378 3378 3379 3379 3359 3359 3364 3364 3380 3380 3364 3364 3379 3379 3380 3380 3359 3359 3380 3380 3381 3381 3358 3358 3359 3359 3381 3381 3358 3358 3381 3381 3382 3382 3368 3368 3358 3358 3382 3382 3368 3368 3382 3382 3383 3383 3366 3366 3368 3368 3383 3383 3366 3366 3383 3383 3384 3384 3363 3363 3366 3366 3370 3370 3366 3366 3384 3384 3370 3370 3371 3371 3375 3375 3373 3373 3371 3371 3376 3376 3375 3375 3371 3371 3377 3377 3376 3376 3371 3371 3379 3379 3378 3378 3371 3371 3380 3380 3379 3379 3371 3371 3381 3381 3380 3380 3371 3371 3382 3382 3381 3381 3371 3371 3383 3383 3382 3382 3371 3371 3384 3384 3383 3383 3371 3371 3378 3378 3377 3377 3370 3370 3384 3384 3371 3371 3372 3372 3370 3370 3371 3371 3372 3372 3371 3371 3374 3374 3385 3385 3388 3388 3386 3386 3385 3385 3387 3387 3388 3388 3389 3389 3387 3387 3385 3385 3390 3390 3389 3389 3385 3385 3391 3391 3390 3390 3385 3385 3392 3392 3389 3389 3393 3393 3392 3392 3387 3387 3389 3389 3397 3397 3391 3391 3395 3395 3397 3397 3395 3395 3394 3394 3398 3398 3396 3396 3392 3392 3399 3399 3398 3398 3392 3392 3399 3399 3392 3392 3393 3393 3400 3400 3390 3390 3391 3391 3400 3400 3391 3391 3397 3397 3401 3401 3399 3399 3393 3393 3402 3402 3401 3401 3403 3403 3404 3404 3403 3403 3400 3400 3404 3404 3400 3400 3397 3397 3404 3404 3402 3402 3403 3403 3405 3405 3402 3402 3404 3404 3406 3406 3402 3402 3405 3405 3402 3402 3399 3399 3401 3401 94 94 3399 3399 76 76 3399 3399 3402 3402 76 76 5 5 3387 3387 111 111 111 111 3387 3387 3392 3392 123 123 101 101 3385 3385 101 101 3391 3391 3385 3385 78 78 3404 3404 95 95 95 95 3404 3404 3397 3397 111 111 3392 3392 3396 3396 107 107 111 111 3396 3396 96 96 3396 3396 3398 3398 96 96 107 107 3396 3396 94 94 3398 3398 3399 3399 94 94 96 96 3398 3398 123 123 3385 3385 3386 3386 124 124 123 123 3386 3386 124 124 3386 3386 3388 3388 5 5 3388 3388 3387 3387 5 5 124 124 3388 3388 72 72 3402 3402 3406 3406 72 72 76 76 3402 3402 68 68 3406 3406 3405 3405 68 68 72 72 3406 3406 78 78 3405 3405 3404 3404 78 78 68 68 3405 3405 98 98 3397 3397 3394 3394 98 98 95 95 3397 3397 100 100 3394 3394 3395 3395 100 100 98 98 3394 3394 101 101 3395 3395 3391 3391 101 101 100 100 3395 3395 3407 3407 3408 3408 3409 3409 3407 3407 3410 3410 3408 3408 3407 3407 3411 3411 3410 3410 3407 3407 3412 3412 3411 3411 3415 3415 3413 3413 3414 3414 3416 3416 3414 3414 3413 3413 3415 3415 3414 3414 3409 3409 3417 3417 3412 3412 3407 3407 3418 3418 3415 3415 3409 3409 3419 3419 3414 3414 3416 3416 3420 3420 3418 3418 3409 3409 3421 3421 3414 3414 3419 3419 3422 3422 3420 3420 3409 3409 3423 3423 3421 3421 3424 3424 3423 3423 3414 3414 3421 3421 3425 3425 3426 3426 3427 3427 3425 3425 3428 3428 3426 3426 3425 3425 3429 3429 3428 3428 3425 3425 3430 3430 3429 3429 3408 3408 3422 3422 3409 3409 3425 3425 3431 3431 3430 3430 3425 3425 3423 3423 3431 3431 3432 3432 3433 3433 3417 3417 3434 3434 3423 3423 3424 3424 3432 3432 3435 3435 3433 3433 3432 3432 3436 3436 3435 3435 3432 3432 3427 3427 3436 3436 3432 3432 3417 3417 3407 3407 3432 3432 3425 3425 3427 3427 3437 3437 3423 3423 3434 3434 3431 3431 3423 3423 3437 3437 3403 3403 3401 3401 3432 3432 3401 3401 3425 3425 3432 3432 3393 3393 3423 3423 3401 3401 3401 3401 3423 3423 3425 3425 3393 3393 3389 3389 3423 3423 3389 3389 3414 3414 3423 3423 3389 3389 3390 3390 3414 3414 3390 3390 3409 3409 3414 3414 3390 3390 3400 3400 3409 3409 3400 3400 3407 3407 3409 3409 3400 3400 3403 3403 3432 3432 3407 3407 3400 3400 3432 3432 3420 3420 3438 3438 3439 3439 3418 3418 3420 3420 3439 3439 3418 3418 3439 3439 3440 3440 3415 3415 3418 3418 3440 3440 3415 3415 3440 3440 3441 3441 3413 3413 3415 3415 3441 3441 3413 3413 3441 3441 3442 3442 3416 3416 3413 3413 3442 3442 3416 3416 3442 3442 3443 3443 3419 3419 3416 3416 3443 3443 3419 3419 3443 3443 3444 3444 3421 3421 3444 3444 3445 3445 3421 3421 3419 3419 3444 3444 3424 3424 3445 3445 3446 3446 3424 3424 3421 3421 3445 3445 3434 3434 3446 3446 3447 3447 3434 3434 3424 3424 3446 3446 3437 3437 3447 3447 3448 3448 3437 3437 3434 3434 3447 3447 3431 3431 3448 3448 3449 3449 3431 3431 3437 3437 3448 3448 3430 3430 3449 3449 3450 3450 3430 3430 3431 3431 3449 3449 3429 3429 3430 3430 3450 3450 3429 3429 3450 3450 3451 3451 3428 3428 3429 3429 3451 3451 3428 3428 3451 3451 3452 3452 3426 3426 3428 3428 3452 3452 3426 3426 3452 3452 3453 3453 3427 3427 3426 3426 3453 3453 3427 3427 3453 3453 3454 3454 3436 3436 3427 3427 3454 3454 3436 3436 3454 3454 3455 3455 3435 3435 3436 3436 3455 3455 3435 3435 3455 3455 3456 3456 3433 3433 3435 3435 3456 3456 3433 3433 3456 3456 3457 3457 3417 3417 3433 3433 3457 3457 3417 3417 3457 3457 3458 3458 3417 3417 3458 3458 3459 3459 3412 3412 3417 3417 3459 3459 3412 3412 3459 3459 3460 3460 3411 3411 3412 3412 3460 3460 3411 3411 3460 3460 3461 3461 3410 3410 3411 3411 3461 3461 3410 3410 3461 3461 3462 3462 3408 3408 3410 3410 3462 3462 3408 3408 3462 3462 3463 3463 3422 3422 3408 3408 3463 3463 3422 3422 3463 3463 3438 3438 3420 3420 3422 3422 3438 3438 3464 3464 3465 3465 3466 3466 3465 3465 3467 3467 3466 3466 3470 3470 3468 3468 3469 3469 3471 3471 3464 3464 3472 3472 3464 3464 3466 3466 3472 3472 3470 3470 3469 3469 3473 3473 3474 3474 3470 3470 3473 3473 3475 3475 3471 3471 3476 3476 3471 3471 3472 3472 3476 3476 3477 3477 3474 3474 3478 3478 3474 3474 3473 3473 3478 3478 3479 3479 3475 3475 3480 3480 3475 3475 3476 3476 3480 3480 3477 3477 3478 3478 3481 3481 3482 3482 3477 3477 3481 3481 3483 3483 3479 3479 3484 3484 3479 3479 3480 3480 3484 3484 3485 3485 3483 3483 3484 3484 3482 3482 3481 3481 3486 3486 3487 3487 3482 3482 3486 3486 3485 3485 3484 3484 3488 3488 3489 3489 3485 3485 3488 3488 3487 3487 3486 3486 3490 3490 3491 3491 3487 3487 3490 3490 3489 3489 3488 3488 3492 3492 3493 3493 3491 3491 3490 3490 3494 3494 3489 3489 3492 3492 3493 3493 3490 3490 3495 3495 3494 3494 3492 3492 3496 3496 3497 3497 3493 3493 3495 3495 3498 3498 3494 3494 3496 3496 3497 3497 3495 3495 3499 3499 3498 3498 3496 3496 3500 3500 3501 3501 3497 3497 3499 3499 3502 3502 3498 3498 3500 3500 3501 3501 3499 3499 3503 3503 3502 3502 3500 3500 3504 3504 3505 3505 3501 3501 3503 3503 3468 3468 3502 3502 3504 3504 3468 3468 3504 3504 3469 3469 3505 3505 3503 3503 3506 3506 3507 3507 3505 3505 3506 3506 3507 3507 3506 3506 3508 3508 3509 3509 3507 3507 3508 3508 3509 3509 3508 3508 3510 3510 3511 3511 3509 3509 3510 3510 3465 3465 3511 3511 3467 3467 3511 3511 3510 3510 3467 3467 3497 3497 3501 3501 3447 3447 3441 3441 3474 3474 3477 3477 3447 3447 3501 3501 3448 3448 3441 3441 3477 3477 3442 3442 3505 3505 3449 3449 3448 3448 3501 3501 3505 3505 3448 3448 3471 3471 3455 3455 3454 3454 3471 3471 3454 3454 3464 3464 3442 3442 3477 3477 3482 3482 3462 3462 3461 3461 3494 3494 3442 3442 3482 3482 3443 3443 3464 3464 3454 3454 3453 3453 3464 3464 3453 3453 3465 3465 3461 3461 3460 3460 3489 3489 3443 3443 3482 3482 3487 3487 3494 3494 3461 3461 3489 3489 3463 3463 3462 3462 3498 3498 3462 3462 3494 3494 3498 3498 3443 3443 3487 3487 3444 3444 3465 3465 3453 3453 3452 3452 3460 3460 3459 3459 3485 3485 3489 3489 3460 3460 3485 3485 3465 3465 3452 3452 3511 3511 3463 3463 3498 3498 3502 3502 3438 3438 3463 3463 3502 3502 3444 3444 3487 3487 3491 3491 3459 3459 3458 3458 3483 3483 3485 3485 3459 3459 3483 3483 3444 3444 3491 3491 3445 3445 3509 3509 3511 3511 3451 3451 3483 3483 3458 3458 3457 3457 3511 3511 3452 3452 3451 3451 3438 3438 3502 3502 3468 3468 3439 3439 3438 3438 3468 3468 3491 3491 3493 3493 3445 3445 3483 3483 3457 3457 3479 3479 3439 3439 3468 3468 3470 3470 3439 3439 3470 3470 3440 3440 3479 3479 3457 3457 3456 3456 3445 3445 3493 3493 3446 3446 3509 3509 3451 3451 3450 3450 3507 3507 3509 3509 3450 3450 3479 3479 3456 3456 3475 3475 3493 3493 3497 3497 3446 3446 3440 3440 3470 3470 3474 3474 3446 3446 3497 3497 3447 3447 3440 3440 3474 3474 3441 3441 3475 3475 3456 3456 3455 3455 3505 3505 3507 3507 3449 3449 3475 3475 3455 3455 3471 3471 3507 3507 3450 3450 3449 3449 3503 3503 3499 3499 3512 3512 3496 3496 3513 3513 3500 3500 3472 3472 3514 3514 3476 3476 3472 3472 3466 3466 3514 3514 3515 3515 3503 3503 3512 3512 3506 3506 3503 3503 3515 3515 3492 3492 3513 3513 3496 3496 3516 3516 3513 3513 3492 3492 3508 3508 3515 3515 3517 3517 3508 3508 3506 3506 3515 3515 3488 3488 3516 3516 3492 3492 3518 3518 3481 3481 3478 3478 3518 3518 3486 3486 3481 3481 3519 3519 3478 3478 3473 3473 3519 3519 3518 3518 3478 3478 3484 3484 3520 3520 3516 3516 3484 3484 3516 3516 3488 3488 3521 3521 3486 3486 3518 3518 3521 3521 3490 3490 3486 3486 3519 3519 3473 3473 3469 3469 3510 3510 3508 3508 3517 3517 3521 3521 3495 3495 3490 3490 3510 3510 3517 3517 3522 3522 3523 3523 3469 3469 3504 3504 3523 3523 3519 3519 3469 3469 3480 3480 3520 3520 3484 3484 3467 3467 3510 3510 3522 3522 3512 3512 3495 3495 3521 3521 3512 3512 3499 3499 3495 3495 3524 3524 3523 3523 3504 3504 3476 3476 3520 3520 3480 3480 3524 3524 3504 3504 3500 3500 3476 3476 3514 3514 3520 3520 3466 3466 3467 3467 3522 3522 3466 3466 3522 3522 3514 3514 3513 3513 3524 3524 3500 3500 3513 3513 3516 3516 3525 3525 3513 3513 3525 3525 3527 3527 3519 3519 3526 3526 3528 3528 3519 3519 3523 3523 3526 3526 3524 3524 3527 3527 3529 3529 3524 3524 3513 3513 3527 3527 3523 3523 3529 3529 3526 3526 3518 3518 3528 3528 3530 3530 3523 3523 3524 3524 3529 3529 3518 3518 3519 3519 3528 3528 3521 3521 3530 3530 3531 3531 3521 3521 3518 3518 3530 3530 3512 3512 3531 3531 3532 3532 3512 3512 3521 3521 3531 3531 3515 3515 3532 3532 3533 3533 3515 3515 3512 3512 3532 3532 3517 3517 3533 3533 3534 3534 3517 3517 3515 3515 3533 3533 3522 3522 3517 3517 3534 3534 3522 3522 3534 3534 3535 3535 3514 3514 3522 3522 3535 3535 3514 3514 3535 3535 3536 3536 3520 3520 3514 3514 3536 3536 3520 3520 3536 3536 3537 3537 3516 3516 3520 3520 3537 3537 3516 3516 3537 3537 3525 3525 3527 3527 3525 3525 3529 3529 3525 3525 3537 3537 3536 3536 3529 3529 3525 3525 3536 3536 3526 3526 3529 3529 3535 3535 3529 3529 3536 3536 3535 3535 3528 3528 3526 3526 3530 3530 3526 3526 3535 3535 3534 3534 3530 3530 3526 3526 3534 3534 3530 3530 3534 3534 3533 3533 3531 3531 3530 3530 3532 3532 3530 3530 3533 3533 3532 3532 38 38 49 49 3538 3538 49 49 3539 3539 3538 3538 49 49 35 35 3539 3539 35 35 3540 3540 3539 3539 35 35 3 3 3540 3540 3 3 3541 3541 3540 3540 13 13 3542 3542 3 3 3 3 3542 3542 3541 3541 13 13 14 14 3542 3542 14 14 3543 3543 3542 3542 14 14 38 38 3543 3543 38 38 3538 3538 3543 3543 3542 3542 3546 3546 3545 3545 3542 3542 3548 3548 3546 3546 3542 3542 3545 3545 3541 3541 3549 3549 3548 3548 3542 3542 3550 3550 3547 3547 3540 3540 3551 3551 3540 3540 3547 3547 3550 3550 3540 3540 3541 3541 3552 3552 3550 3550 3541 3541 3553 3553 3540 3540 3551 3551 3554 3554 3549 3549 3542 3542 3555 3555 3540 3540 3553 3553 3556 3556 3552 3552 3541 3541 3538 3538 3558 3558 3557 3557 3538 3538 3559 3559 3558 3558 3538 3538 3560 3560 3559 3559 3538 3538 3544 3544 3560 3560 3538 3538 3539 3539 3544 3544 3545 3545 3556 3556 3541 3541 3539 3539 3561 3561 3562 3562 3543 3543 3563 3563 3554 3554 3539 3539 3555 3555 3561 3561 3543 3543 3564 3564 3563 3563 3539 3539 3540 3540 3555 3555 3543 3543 3565 3565 3564 3564 3543 3543 3557 3557 3565 3565 3543 3543 3554 3554 3542 3542 3543 3543 3538 3538 3557 3557 3566 3566 3539 3539 3562 3562 3544 3544 3539 3539 3566 3566 3567 3567 3554 3554 3563 3563 3568 3568 3567 3567 3563 3563 3569 3569 3563 3563 3564 3564 3569 3569 3568 3568 3563 3563 3569 3569 3564 3564 3565 3565 3570 3570 3569 3569 3565 3565 3570 3570 3565 3565 3557 3557 3571 3571 3570 3570 3557 3557 3572 3572 3557 3557 3558 3558 3572 3572 3571 3571 3557 3557 3573 3573 3558 3558 3559 3559 3573 3573 3572 3572 3558 3558 3574 3574 3559 3559 3560 3560 3574 3574 3573 3573 3559 3559 3575 3575 3574 3574 3560 3560 3575 3575 3560 3560 3544 3544 3576 3576 3575 3575 3544 3544 3577 3577 3544 3544 3566 3566 3577 3577 3576 3576 3544 3544 3578 3578 3566 3566 3562 3562 3578 3578 3577 3577 3566 3566 3579 3579 3578 3578 3562 3562 3579 3579 3562 3562 3561 3561 3580 3580 3579 3579 3561 3561 3580 3580 3561 3561 3555 3555 3581 3581 3580 3580 3555 3555 3581 3581 3555 3555 3553 3553 3582 3582 3581 3581 3553 3553 3582 3582 3553 3553 3551 3551 3583 3583 3582 3582 3551 3551 3583 3583 3551 3551 3547 3547 3584 3584 3547 3547 3550 3550 3584 3584 3583 3583 3547 3547 3585 3585 3550 3550 3552 3552 3585 3585 3584 3584 3550 3550 3586 3586 3585 3585 3552 3552 3586 3586 3552 3552 3556 3556 3587 3587 3586 3586 3556 3556 3587 3587 3556 3556 3545 3545 3588 3588 3587 3587 3545 3545 3589 3589 3545 3545 3546 3546 3589 3589 3588 3588 3545 3545 3590 3590 3546 3546 3548 3548 3590 3590 3589 3589 3546 3546 3591 3591 3590 3590 3548 3548 3591 3591 3548 3548 3549 3549 3592 3592 3591 3591 3549 3549 3567 3567 3592 3592 3549 3549 3567 3567 3549 3549 3554 3554 3593 3593 3594 3594 3595 3595 3596 3596 3597 3597 3598 3598 3601 3601 3595 3595 3602 3602 3603 3603 3604 3604 3600 3600 3601 3601 3593 3593 3595 3595 3603 3603 3600 3600 3599 3599 3605 3605 3606 3606 3597 3597 3605 3605 3597 3597 3596 3596 3607 3607 3600 3600 3608 3608 3607 3607 3599 3599 3600 3600 3609 3609 3602 3602 3610 3610 3609 3609 3601 3601 3602 3602 3611 3611 3604 3604 3603 3603 3605 3605 3612 3612 3606 3606 3613 3613 3610 3610 3614 3614 3613 3613 3609 3609 3610 3610 3615 3615 3607 3607 3608 3608 3613 3613 3614 3614 3612 3612 3613 3613 3612 3612 3605 3605 3616 3616 3617 3617 3604 3604 3616 3616 3604 3604 3611 3611 3618 3618 3608 3608 3619 3619 3618 3618 3615 3615 3608 3608 3620 3620 3617 3617 3616 3616 3618 3618 3619 3619 3621 3621 3622 3622 3623 3623 3617 3617 3622 3622 3617 3617 3620 3620 3624 3624 3618 3618 3621 3621 3625 3625 3623 3623 3622 3622 3626 3626 3624 3624 3621 3621 3627 3627 3626 3626 3621 3621 3628 3628 3623 3623 3625 3625 3594 3594 3623 3623 3628 3628 3629 3629 3626 3626 3627 3627 3630 3630 3594 3594 3628 3628 3631 3631 3629 3629 3627 3627 3595 3595 3594 3594 3630 3630 3596 3596 3631 3631 3627 3627 3598 3598 3631 3631 3596 3596 3578 3578 3579 3579 3623 3623 3577 3577 3623 3623 3594 3594 3577 3577 3578 3578 3623 3623 3592 3592 3567 3567 3596 3596 3576 3576 3577 3577 3594 3594 3591 3591 3596 3596 3627 3627 3591 3591 3592 3592 3596 3596 3575 3575 3576 3576 3594 3594 3593 3593 3575 3575 3594 3594 3590 3590 3591 3591 3627 3627 3574 3574 3575 3575 3593 3593 3601 3601 3574 3574 3593 3593 3573 3573 3574 3574 3601 3601 3589 3589 3627 3627 3621 3621 3589 3589 3590 3590 3627 3627 3572 3572 3573 3573 3601 3601 3572 3572 3601 3601 3609 3609 3588 3588 3589 3589 3621 3621 3571 3571 3609 3609 3613 3613 3571 3571 3572 3572 3609 3609 3587 3587 3588 3588 3621 3621 3619 3619 3587 3587 3621 3621 3570 3570 3571 3571 3613 3613 3586 3586 3619 3619 3608 3608 3569 3569 3613 3613 3605 3605 3586 3586 3587 3587 3619 3619 3569 3569 3570 3570 3613 3613 3585 3585 3608 3608 3600 3600 3585 3585 3586 3586 3608 3608 3568 3568 3569 3569 3605 3605 3568 3568 3605 3605 3596 3596 3584 3584 3585 3585 3600 3600 3567 3567 3568 3568 3596 3596 3583 3583 3600 3600 3604 3604 3583 3583 3584 3584 3600 3600 3582 3582 3583 3583 3604 3604 3582 3582 3604 3604 3617 3617 3581 3581 3582 3582 3617 3617 3580 3580 3581 3581 3617 3617 3579 3579 3617 3617 3623 3623 3579 3579 3580 3580 3617 3617 3632 3632 3633 3633 3634 3634 3632 3632 3635 3635 3633 3633 3636 3636 3637 3637 3638 3638 3639 3639 3632 3632 3634 3634 3639 3639 3634 3634 3637 3637 3640 3640 3638 3638 3641 3641 3640 3640 3636 3636 3638 3638 3642 3642 3639 3639 3637 3637 3636 3636 3642 3642 3637 3637 3643 3643 3641 3641 3644 3644 3643 3643 3640 3640 3641 3641 3645 3645 3644 3644 3646 3646 3645 3645 3643 3643 3644 3644 3647 3647 3646 3646 3648 3648 3647 3647 3645 3645 3646 3646 3649 3649 3648 3648 3650 3650 3649 3649 3647 3647 3648 3648 3651 3651 3650 3650 3652 3652 3651 3651 3649 3649 3650 3650 3653 3653 3652 3652 3654 3654 3653 3653 3651 3651 3652 3652 3655 3655 3654 3654 3656 3656 3655 3655 3653 3653 3654 3654 3657 3657 3655 3655 3656 3656 3657 3657 3656 3656 3658 3658 3659 3659 3657 3657 3658 3658 3659 3659 3658 3658 3660 3660 3661 3661 3659 3659 3660 3660 3661 3661 3660 3660 3662 3662 3663 3663 3661 3661 3662 3662 3663 3663 3662 3662 3664 3664 3635 3635 3663 3663 3664 3664 3635 3635 3664 3664 3633 3633 3647 3647 3665 3665 3666 3666 3647 3647 3666 3666 3645 3645 3668 3668 3669 3669 3661 3661 3669 3669 3670 3670 3661 3661 3670 3670 3671 3671 3659 3659 3661 3661 3670 3670 3659 3659 3636 3636 3640 3640 3672 3672 3667 3667 3636 3636 3672 3672 3668 3668 3661 3661 3663 3663 3643 3643 3645 3645 3673 3673 3659 3659 3671 3671 3657 3657 3645 3645 3666 3666 3673 3673 3657 3657 3671 3671 3674 3674 3672 3672 3640 3640 3675 3675 3643 3643 3673 3673 3676 3676 3640 3640 3643 3643 3677 3677 3675 3675 3640 3640 3677 3677 3643 3643 3676 3676 3677 3677 3668 3668 3663 3663 3678 3678 3657 3657 3674 3674 3679 3679 3678 3678 3663 3663 3635 3635 3657 3657 3679 3679 3655 3655 3680 3680 3678 3678 3635 3635 3679 3679 3681 3681 3655 3655 3680 3680 3635 3635 3682 3682 3682 3682 3635 3635 3632 3632 3681 3681 3683 3683 3653 3653 3655 3655 3681 3681 3653 3653 3632 3632 3639 3639 3684 3684 3682 3682 3632 3632 3684 3684 3653 3653 3683 3683 3685 3685 3651 3651 3653 3653 3685 3685 3684 3684 3639 3639 3686 3686 3651 3651 3685 3685 3687 3687 3649 3649 3651 3651 3687 3687 3686 3686 3639 3639 3642 3642 3686 3686 3642 3642 3688 3688 3649 3649 3687 3687 3665 3665 3688 3688 3642 3642 3636 3636 3649 3649 3665 3665 3647 3647 3688 3688 3636 3636 3667 3667 3610 3610 3680 3680 3682 3682 3610 3610 3602 3602 3680 3680 3614 3614 3682 3682 3684 3684 3598 3598 3667 3667 3672 3672 3614 3614 3610 3610 3682 3682 3612 3612 3684 3684 3686 3686 3612 3612 3614 3614 3684 3684 3631 3631 3672 3672 3675 3675 3631 3631 3598 3598 3672 3672 3606 3606 3686 3686 3688 3688 3606 3606 3612 3612 3686 3686 3629 3629 3675 3675 3677 3677 3629 3629 3631 3631 3675 3675 3597 3597 3688 3688 3667 3667 3597 3597 3606 3606 3688 3688 3626 3626 3677 3677 3676 3676 3626 3626 3629 3629 3677 3677 3598 3598 3597 3597 3667 3667 3624 3624 3676 3676 3673 3673 3624 3624 3626 3626 3676 3676 3618 3618 3673 3673 3666 3666 3618 3618 3624 3624 3673 3673 3615 3615 3666 3666 3665 3665 3615 3615 3618 3618 3666 3666 3607 3607 3665 3665 3687 3687 3607 3607 3615 3615 3665 3665 3599 3599 3687 3687 3685 3685 3599 3599 3607 3607 3687 3687 3603 3603 3685 3685 3683 3683 3603 3603 3599 3599 3685 3685 3611 3611 3683 3683 3681 3681 3611 3611 3603 3603 3683 3683 3616 3616 3681 3681 3679 3679 3616 3616 3611 3611 3681 3681 3620 3620 3616 3616 3679 3679 3620 3620 3679 3679 3674 3674 3622 3622 3620 3620 3674 3674 3622 3622 3674 3674 3671 3671 3625 3625 3622 3622 3671 3671 3625 3625 3671 3671 3670 3670 3628 3628 3625 3625 3670 3670 3628 3628 3670 3670 3669 3669 3630 3630 3628 3628 3669 3669 3630 3630 3669 3669 3668 3668 3595 3595 3630 3630 3668 3668 3595 3595 3668 3668 3678 3678 3602 3602 3595 3595 3678 3678 3602 3602 3678 3678 3680 3680 3689 3689 3637 3637 3690 3690 3689 3689 3638 3638 3637 3637 3691 3691 3692 3692 3646 3646 3693 3693 3638 3638 3689 3689 3660 3660 3694 3694 3695 3695 3693 3693 3641 3641 3638 3638 3660 3660 3696 3696 3694 3694 3697 3697 3691 3691 3646 3646 3662 3662 3695 3695 3698 3698 3699 3699 3641 3641 3693 3693 3662 3662 3660 3660 3695 3695 3700 3700 3646 3646 3644 3644 3700 3700 3697 3697 3646 3646 3658 3658 3701 3701 3696 3696 3658 3658 3696 3696 3660 3660 3702 3702 3644 3644 3641 3641 3702 3702 3641 3641 3699 3699 3702 3702 3700 3700 3644 3644 3656 3656 3703 3703 3701 3701 3656 3656 3701 3701 3658 3658 3664 3664 3698 3698 3704 3704 3664 3664 3662 3662 3698 3698 3656 3656 3705 3705 3703 3703 3633 3633 3704 3704 3706 3706 3633 3633 3664 3664 3704 3704 3654 3654 3707 3707 3705 3705 3654 3654 3705 3705 3656 3656 3633 3633 3706 3706 3708 3708 3652 3652 3709 3709 3707 3707 3652 3652 3707 3707 3654 3654 3634 3634 3633 3633 3708 3708 3710 3710 3634 3634 3708 3708 3711 3711 3709 3709 3652 3652 3650 3650 3711 3711 3652 3652 3712 3712 3634 3634 3710 3710 3713 3713 3711 3711 3650 3650 3637 3637 3634 3634 3712 3712 3648 3648 3713 3713 3650 3650 3690 3690 3637 3637 3712 3712 3692 3692 3713 3713 3648 3648 3692 3692 3648 3648 3646 3646 3708 3708 3714 3714 3715 3715 3708 3708 3706 3706 3714 3714 3689 3689 3716 3716 3717 3717 3710 3710 3715 3715 3718 3718 3710 3710 3708 3708 3715 3715 3693 3693 3717 3717 3719 3719 3693 3693 3689 3689 3717 3717 3712 3712 3718 3718 3720 3720 3712 3712 3710 3710 3718 3718 3699 3699 3719 3719 3721 3721 3699 3699 3693 3693 3719 3719 3690 3690 3720 3720 3716 3716 3690 3690 3712 3712 3720 3720 3702 3702 3721 3721 3722 3722 3702 3702 3699 3699 3721 3721 3689 3689 3690 3690 3716 3716 3700 3700 3722 3722 3723 3723 3700 3700 3702 3702 3722 3722 3697 3697 3723 3723 3724 3724 3697 3697 3700 3700 3723 3723 3691 3691 3697 3697 3724 3724 3692 3692 3724 3724 3725 3725 3692 3692 3691 3691 3724 3724 3713 3713 3725 3725 3726 3726 3713 3713 3692 3692 3725 3725 3711 3711 3726 3726 3727 3727 3711 3711 3713 3713 3726 3726 3709 3709 3727 3727 3728 3728 3709 3709 3711 3711 3727 3727 3707 3707 3728 3728 3729 3729 3707 3707 3709 3709 3728 3728 3705 3705 3729 3729 3730 3730 3705 3705 3707 3707 3729 3729 3703 3703 3705 3705 3730 3730 3703 3703 3730 3730 3731 3731 3701 3701 3731 3731 3732 3732 3701 3701 3703 3703 3731 3731 3696 3696 3732 3732 3733 3733 3696 3696 3701 3701 3732 3732 3694 3694 3733 3733 3734 3734 3694 3694 3696 3696 3733 3733 3695 3695 3734 3734 3735 3735 3695 3695 3694 3694 3734 3734 3698 3698 3736 3736 3737 3737 3698 3698 3735 3735 3736 3736 3698 3698 3695 3695 3735 3735 3704 3704 3737 3737 3738 3738 3704 3704 3698 3698 3737 3737 3706 3706 3738 3738 3714 3714 3706 3706 3704 3704 3738 3738 3723 3723 3722 3722 3739 3739 3731 3731 3741 3741 3740 3740 3731 3731 3740 3740 3732 3732 3742 3742 3715 3715 3714 3714 3724 3724 3739 3739 3743 3743 3724 3724 3723 3723 3739 3739 3744 3744 3742 3742 3714 3714 3730 3730 3741 3741 3731 3731 3742 3742 3720 3720 3718 3718 3742 3742 3718 3718 3715 3715 3725 3725 3743 3743 3745 3745 3725 3725 3724 3724 3743 3743 3744 3744 3714 3714 3738 3738 3729 3729 3741 3741 3730 3730 3726 3726 3745 3745 3746 3746 3726 3726 3725 3725 3745 3745 3747 3747 3720 3720 3742 3742 3728 3728 3746 3746 3741 3741 3748 3748 3738 3738 3737 3737 3728 3728 3741 3741 3729 3729 3748 3748 3744 3744 3738 3738 3727 3727 3746 3746 3728 3728 3727 3727 3726 3726 3746 3746 3749 3749 3716 3716 3720 3720 3749 3749 3720 3720 3747 3747 3750 3750 3737 3737 3736 3736 3750 3750 3748 3748 3737 3737 3749 3749 3717 3717 3716 3716 3750 3750 3736 3736 3735 3735 3751 3751 3719 3719 3717 3717 3751 3751 3717 3717 3749 3749 3752 3752 3735 3735 3734 3734 3752 3752 3750 3750 3735 3735 3721 3721 3719 3719 3751 3751 3733 3733 3752 3752 3734 3734 3722 3722 3751 3751 3739 3739 3722 3722 3721 3721 3751 3751 3732 3732 3752 3752 3733 3733 3732 3732 3740 3740 3752 3752 3744 3744 3748 3748 3753 3753 3748 3748 3754 3754 3753 3753 3742 3742 3744 3744 3756 3756 3744 3744 3753 3753 3756 3756 3751 3751 3749 3749 3757 3757 3749 3749 3755 3755 3757 3757 3747 3747 3742 3742 3758 3758 3742 3742 3756 3756 3758 3758 3739 3739 3751 3751 3759 3759 3751 3751 3757 3757 3759 3759 3749 3749 3747 3747 3755 3755 3747 3747 3758 3758 3755 3755 3739 3739 3759 3759 3760 3760 3743 3743 3739 3739 3760 3760 3743 3743 3760 3760 3761 3761 3745 3745 3743 3743 3761 3761 3745 3745 3761 3761 3762 3762 3746 3746 3745 3745 3763 3763 3745 3745 3762 3762 3763 3763 3741 3741 3746 3746 3764 3764 3746 3746 3763 3763 3764 3764 3741 3741 3764 3764 3765 3765 3740 3740 3741 3741 3765 3765 3740 3740 3765 3765 3766 3766 3752 3752 3740 3740 3766 3766 3752 3752 3766 3766 3767 3767 3750 3750 3752 3752 3767 3767 3750 3750 3767 3767 3754 3754 3748 3748 3750 3750 3754 3754 3761 3761 3763 3763 3762 3762 3760 3760 3764 3764 3763 3763 3760 3760 3763 3763 3761 3761 3757 3757 3760 3760 3759 3759 3757 3757 3764 3764 3760 3760 3757 3757 3765 3765 3764 3764 3754 3754 3767 3767 3766 3766 3754 3754 3766 3766 3765 3765 3754 3754 3765 3765 3757 3757 3753 3753 3757 3757 3755 3755 3753 3753 3755 3755 3758 3758 3753 3753 3754 3754 3757 3757 3756 3756 3753 3753 3758 3758 3768 3768 3781 3781 3769 3769 3768 3768 3769 3769 3770 3770 3771 3771 3772 3772 3773 3773 3771 3771 3773 3773 3774 3774 3771 3771 3774 3774 3775 3775 3776 3776 3771 3771 3775 3775 3777 3777 3778 3778 3779 3779 3780 3780 3781 3781 3768 3768 3772 3772 3778 3778 3777 3777 3782 3782 3783 3783 3772 3772 3782 3782 3772 3772 3777 3777 3786 3786 3782 3782 3777 3777 3784 3784 3785 3785 3787 3787 3784 3784 3787 3787 3788 3788 3789 3789 3772 3772 3783 3783 3784 3784 3788 3788 3790 3790 3791 3791 3792 3792 3793 3793 3791 3791 3784 3784 3790 3790 3796 3796 3786 3786 3777 3777 3794 3794 3795 3795 3771 3771 3791 3791 3790 3790 3797 3797 3791 3791 3797 3797 3798 3798 3791 3791 3798 3798 3792 3792 3793 3793 3768 3768 3799 3799 3800 3800 3784 3784 3791 3791 3773 3773 3772 3772 3789 3789 3784 3784 3801 3801 3802 3802 3784 3784 3802 3802 3785 3785 3770 3770 3796 3796 3777 3777 3801 3801 3771 3771 3776 3776 3801 3801 3776 3776 3803 3803 3801 3801 3794 3794 3771 3771 3793 3793 3780 3780 3768 3768 3793 3793 3804 3804 3780 3780 3805 3805 3804 3804 3793 3793 3806 3806 3801 3801 3803 3803 3807 3807 3805 3805 3793 3793 3802 3802 3801 3801 3806 3806 3792 3792 3807 3807 3793 3793 3768 3768 3770 3770 3777 3777 89 89 3801 3801 59 59 3801 3801 3784 3784 59 59 73 73 3772 3772 93 93 93 93 3772 3772 3771 3771 51 51 39 39 3777 3777 39 39 3768 3768 3777 3777 37 37 47 47 3793 3793 47 47 3791 3791 3793 3793 93 93 3771 3771 3795 3795 97 97 93 93 3795 3795 97 97 3795 3795 3794 3794 104 104 97 97 3794 3794 89 89 3794 3794 3801 3801 89 89 104 104 3794 3794 51 51 3777 3777 3779 3779 66 66 51 51 3779 3779 66 66 3779 3779 3778 3778 67 67 66 66 3778 3778 73 73 3778 3778 3772 3772 73 73 67 67 3778 3778 55 55 3784 3784 3800 3800 55 55 59 59 3784 3784 52 52 55 55 3800 3800 52 52 3800 3800 3791 3791 47 47 52 52 3791 3791 37 37 3793 3793 3799 3799 36 36 37 37 3799 3799 36 36 3799 3799 3768 3768 39 39 36 36 3768 3768 3808 3808 3809 3809 3810 3810 3811 3811 3809 3809 3808 3808 3812 3812 3808 3808 3810 3810 3812 3812 3810 3810 3813 3813 3811 3811 3814 3814 3809 3809 3815 3815 3814 3814 3811 3811 3815 3815 3816 3816 3814 3814 3817 3817 3812 3812 3813 3813 3818 3818 3816 3816 3815 3815 3817 3817 3813 3813 3819 3819 3820 3820 3817 3817 3819 3819 3820 3820 3819 3819 3821 3821 3822 3822 3816 3816 3818 3818 3822 3822 3823 3823 3816 3816 3824 3824 3820 3820 3821 3821 3822 3822 3825 3825 3823 3823 3824 3824 3821 3821 3826 3826 3827 3827 3825 3825 3822 3822 3828 3828 3824 3824 3826 3826 3829 3829 3825 3825 3827 3827 3830 3830 3828 3828 3826 3826 3831 3831 3825 3825 3829 3829 3832 3832 3828 3828 3830 3830 3833 3833 3831 3831 3829 3829 3834 3834 3832 3832 3830 3830 3835 3835 3832 3832 3834 3834 3836 3836 3831 3831 3833 3833 3837 3837 3835 3835 3834 3834 3838 3838 3836 3836 3833 3833 3839 3839 3835 3835 3837 3837 3840 3840 3836 3836 3838 3838 3841 3841 3839 3839 3837 3837 3842 3842 3839 3839 3841 3841 3843 3843 3840 3840 3838 3838 3844 3844 3840 3840 3843 3843 3844 3844 3843 3843 3845 3845 3846 3846 3847 3847 3842 3842 3846 3846 3842 3842 3841 3841 3848 3848 3844 3844 3845 3845 3849 3849 3848 3848 3845 3845 3850 3850 3847 3847 3846 3846 3849 3849 3845 3845 3851 3851 3850 3850 3852 3852 3847 3847 3853 3853 3849 3849 3851 3851 3854 3854 3852 3852 3850 3850 3854 3854 3855 3855 3852 3852 3856 3856 3851 3851 3857 3857 3856 3856 3853 3853 3851 3851 3858 3858 3855 3855 3854 3854 3858 3858 3859 3859 3855 3855 3860 3860 3859 3859 3858 3858 3860 3860 3857 3857 3859 3859 3860 3860 3856 3856 3857 3857 3807 3807 3792 3792 3846 3846 3807 3807 3846 3846 3841 3841 3805 3805 3807 3807 3841 3841 3805 3805 3841 3841 3837 3837 3804 3804 3805 3805 3837 3837 3804 3804 3837 3837 3834 3834 3780 3780 3834 3834 3830 3830 3780 3780 3804 3804 3834 3834 3781 3781 3830 3830 3826 3826 3781 3781 3780 3780 3830 3830 3769 3769 3826 3826 3821 3821 3769 3769 3781 3781 3826 3826 3770 3770 3769 3769 3821 3821 3770 3770 3821 3821 3819 3819 3796 3796 3770 3770 3819 3819 3796 3796 3819 3819 3813 3813 3786 3786 3796 3796 3813 3813 3782 3782 3813 3813 3810 3810 3782 3782 3786 3786 3813 3813 3782 3782 3810 3810 3809 3809 3783 3783 3782 3782 3809 3809 3783 3783 3809 3809 3814 3814 3789 3789 3783 3783 3814 3814 3789 3789 3814 3814 3816 3816 3773 3773 3789 3789 3816 3816 3773 3773 3816 3816 3823 3823 3774 3774 3773 3773 3823 3823 3774 3774 3823 3823 3825 3825 3775 3775 3774 3774 3825 3825 3775 3775 3825 3825 3831 3831 3776 3776 3775 3775 3831 3831 3776 3776 3831 3831 3836 3836 3803 3803 3776 3776 3836 3836 3803 3803 3836 3836 3840 3840 3806 3806 3840 3840 3844 3844 3806 3806 3803 3803 3840 3840 3802 3802 3806 3806 3844 3844 3802 3802 3844 3844 3848 3848 3785 3785 3802 3802 3848 3848 3785 3785 3848 3848 3849 3849 3785 3785 3849 3849 3853 3853 3787 3787 3785 3785 3853 3853 3787 3787 3853 3853 3856 3856 3788 3788 3787 3787 3856 3856 3788 3788 3856 3856 3860 3860 3790 3790 3788 3788 3860 3860 3790 3790 3860 3860 3858 3858 3797 3797 3790 3790 3858 3858 3797 3797 3858 3858 3854 3854 3798 3798 3797 3797 3854 3854 3798 3798 3854 3854 3850 3850 3792 3792 3850 3850 3846 3846 3792 3792 3798 3798 3850 3850 3842 3842 3847 3847 3861 3861 3842 3842 3861 3861 3862 3862 3839 3839 3842 3842 3862 3862 3839 3839 3862 3862 3863 3863 3839 3839 3863 3863 3864 3864 3835 3835 3839 3839 3864 3864 3832 3832 3835 3835 3864 3864 3832 3832 3864 3864 3865 3865 3828 3828 3832 3832 3865 3865 3828 3828 3865 3865 3866 3866 3824 3824 3828 3828 3866 3866 3824 3824 3866 3866 3867 3867 3820 3820 3824 3824 3867 3867 3820 3820 3867 3867 3868 3868 3817 3817 3820 3820 3868 3868 3812 3812 3868 3868 3869 3869 3812 3812 3817 3817 3868 3868 3808 3808 3812 3812 3869 3869 3808 3808 3869 3869 3870 3870 3811 3811 3808 3808 3870 3870 3811 3811 3870 3870 3871 3871 3815 3815 3811 3811 3871 3871 3818 3818 3815 3815 3871 3871 3818 3818 3871 3871 3872 3872 3822 3822 3818 3818 3872 3872 3827 3827 3822 3822 3872 3872 3827 3827 3872 3872 3873 3873 3829 3829 3827 3827 3873 3873 3829 3829 3873 3873 3874 3874 3833 3833 3829 3829 3874 3874 3833 3833 3874 3874 3875 3875 3838 3838 3833 3833 3875 3875 3838 3838 3875 3875 3876 3876 3838 3838 3876 3876 3877 3877 3843 3843 3838 3838 3877 3877 3845 3845 3843 3843 3877 3877 3845 3845 3877 3877 3878 3878 3851 3851 3845 3845 3878 3878 3851 3851 3878 3878 3879 3879 3857 3857 3879 3879 3880 3880 3857 3857 3851 3851 3879 3879 3857 3857 3880 3880 3881 3881 3859 3859 3857 3857 3881 3881 3855 3855 3881 3881 3882 3882 3855 3855 3859 3859 3881 3881 3852 3852 3882 3882 3883 3883 3852 3852 3855 3855 3882 3882 3847 3847 3883 3883 3861 3861 3847 3847 3852 3852 3883 3883 3884 3884 3925 3925 3885 3885 3886 3886 3884 3884 3885 3885 3887 3887 3886 3886 3888 3888 3886 3886 3885 3885 3888 3888 3887 3887 3888 3888 3889 3889 3890 3890 3887 3887 3889 3889 3890 3890 3889 3889 3891 3891 3892 3892 3890 3890 3891 3891 3892 3892 3891 3891 3893 3893 3894 3894 3892 3892 3893 3893 3894 3894 3893 3893 3895 3895 3896 3896 3894 3894 3895 3895 3896 3896 3895 3895 3897 3897 3898 3898 3896 3896 3897 3897 3898 3898 3897 3897 3899 3899 3900 3900 3898 3898 3899 3899 3900 3900 3899 3899 3901 3901 3902 3902 3900 3900 3901 3901 3903 3903 3902 3902 3904 3904 3902 3902 3901 3901 3904 3904 3903 3903 3904 3904 3905 3905 3906 3906 3903 3903 3905 3905 3906 3906 3905 3905 3907 3907 3908 3908 3906 3906 3907 3907 3908 3908 3907 3907 3909 3909 3910 3910 3908 3908 3909 3909 3910 3910 3909 3909 3911 3911 3912 3912 3910 3910 3911 3911 3912 3912 3911 3911 3913 3913 3914 3914 3912 3912 3913 3913 3915 3915 3914 3914 3916 3916 3914 3914 3913 3913 3916 3916 3917 3917 3915 3915 3918 3918 3915 3915 3916 3916 3918 3918 3919 3919 3917 3917 3920 3920 3917 3917 3918 3918 3920 3920 3921 3921 3919 3919 3922 3922 3919 3919 3920 3920 3922 3922 3921 3921 3922 3922 3923 3923 3924 3924 3921 3921 3923 3923 3924 3924 3923 3923 3925 3925 3926 3926 3924 3924 3925 3925 3884 3884 3926 3926 3925 3925 3865 3865 3864 3864 3890 3890 3864 3864 3863 3863 3887 3887 3890 3890 3864 3864 3887 3887 3865 3865 3890 3890 3892 3892 3863 3863 3862 3862 3886 3886 3887 3887 3863 3863 3886 3886 3866 3866 3865 3865 3894 3894 3865 3865 3892 3892 3894 3894 3862 3862 3861 3861 3884 3884 3886 3886 3862 3862 3884 3884 3867 3867 3866 3866 3896 3896 3866 3866 3894 3894 3896 3896 3868 3868 3867 3867 3896 3896 3884 3884 3861 3861 3926 3926 3868 3868 3896 3896 3898 3898 3926 3926 3861 3861 3883 3883 3926 3926 3883 3883 3924 3924 3868 3868 3898 3898 3869 3869 3924 3924 3883 3883 3882 3882 3869 3869 3898 3898 3900 3900 3924 3924 3882 3882 3921 3921 3921 3921 3882 3882 3881 3881 3869 3869 3900 3900 3870 3870 3870 3870 3900 3900 3902 3902 3921 3921 3881 3881 3880 3880 3921 3921 3880 3880 3919 3919 3870 3870 3902 3902 3903 3903 3870 3870 3903 3903 3871 3871 3919 3919 3880 3880 3879 3879 3919 3919 3879 3879 3917 3917 3917 3917 3879 3879 3878 3878 3917 3917 3878 3878 3915 3915 3871 3871 3903 3903 3906 3906 3871 3871 3906 3906 3872 3872 3914 3914 3915 3915 3877 3877 3915 3915 3878 3878 3877 3877 3906 3906 3908 3908 3873 3873 3872 3872 3906 3906 3873 3873 3873 3873 3908 3908 3874 3874 3908 3908 3910 3910 3874 3874 3912 3912 3914 3914 3876 3876 3914 3914 3877 3877 3876 3876 3912 3912 3876 3876 3875 3875 3874 3874 3910 3910 3875 3875 3910 3910 3912 3912 3875 3875 3928 3928 3929 3929 3891 3891 3931 3931 3909 3909 3932 3932 3923 3923 3933 3933 3927 3927 3922 3922 3930 3930 3933 3933 3889 3889 3928 3928 3891 3891 3922 3922 3920 3920 3930 3930 3922 3922 3933 3933 3923 3923 3934 3934 3928 3928 3889 3889 3935 3935 3909 3909 3931 3931 3935 3935 3911 3911 3909 3909 3888 3888 3934 3934 3889 3889 3936 3936 3934 3934 3888 3888 3937 3937 3911 3911 3935 3935 3938 3938 3901 3901 3899 3899 3939 3939 3904 3904 3901 3901 3913 3913 3911 3911 3937 3937 3885 3885 3940 3940 3936 3936 3885 3885 3936 3936 3888 3888 3939 3939 3901 3901 3938 3938 3941 3941 3899 3899 3897 3897 3942 3942 3913 3913 3937 3937 3941 3941 3938 3938 3899 3899 3943 3943 3904 3904 3939 3939 3913 3913 3942 3942 3944 3944 3885 3885 3946 3946 3940 3940 3945 3945 3941 3941 3897 3897 3947 3947 3904 3904 3943 3943 3947 3947 3905 3905 3904 3904 3916 3916 3913 3913 3944 3944 3948 3948 3897 3897 3895 3895 3925 3925 3946 3946 3885 3885 3948 3948 3945 3945 3897 3897 3893 3893 3948 3948 3895 3895 3949 3949 3905 3905 3947 3947 3949 3949 3907 3907 3905 3905 3925 3925 3950 3950 3946 3946 3918 3918 3944 3944 3951 3951 3929 3929 3948 3948 3893 3893 3918 3918 3916 3916 3944 3944 3932 3932 3907 3907 3949 3949 3909 3909 3907 3907 3932 3932 3923 3923 3927 3927 3950 3950 3891 3891 3929 3929 3893 3893 3923 3923 3950 3950 3925 3925 3920 3920 3951 3951 3930 3930 3920 3920 3918 3918 3951 3951 3951 3951 3944 3944 3952 3952 3951 3951 3952 3952 3953 3953 3930 3930 3951 3951 3953 3953 3930 3930 3953 3953 3954 3954 3933 3933 3930 3930 3954 3954 3940 3940 3946 3946 3955 3955 3940 3940 3955 3955 3956 3956 3933 3933 3954 3954 3957 3957 3927 3927 3957 3957 3958 3958 3927 3927 3933 3933 3957 3957 3936 3936 3956 3956 3959 3959 3936 3936 3940 3940 3956 3956 3950 3950 3927 3927 3958 3958 3950 3950 3958 3958 3960 3960 3934 3934 3959 3959 3961 3961 3934 3934 3936 3936 3959 3959 3946 3946 3960 3960 3955 3955 3946 3946 3950 3950 3960 3960 3928 3928 3961 3961 3962 3962 3928 3928 3934 3934 3961 3961 3929 3929 3962 3962 3963 3963 3929 3929 3928 3928 3962 3962 3948 3948 3963 3963 3964 3964 3948 3948 3929 3929 3963 3963 3945 3945 3964 3964 3965 3965 3945 3945 3948 3948 3964 3964 3941 3941 3965 3965 3966 3966 3941 3941 3966 3966 3967 3967 3941 3941 3945 3945 3965 3965 3938 3938 3967 3967 3968 3968 3938 3938 3941 3941 3967 3967 3939 3939 3968 3968 3969 3969 3939 3939 3938 3938 3968 3968 3943 3943 3939 3939 3969 3969 3943 3943 3969 3969 3970 3970 3947 3947 3943 3943 3970 3970 3947 3947 3970 3970 3971 3971 3949 3949 3947 3947 3971 3971 3949 3949 3971 3971 3972 3972 3932 3932 3949 3949 3972 3972 3932 3932 3972 3972 3973 3973 3931 3931 3932 3932 3973 3973 3931 3931 3973 3973 3974 3974 3935 3935 3931 3931 3974 3974 3935 3935 3974 3974 3975 3975 3937 3937 3935 3935 3975 3975 3942 3942 3937 3937 3975 3975 3942 3942 3975 3975 3976 3976 3944 3944 3942 3942 3976 3976 3944 3944 3976 3976 3952 3952 3969 3969 3977 3977 3970 3970 3977 3977 3978 3978 3970 3970 3962 3962 3961 3961 3979 3979 3980 3980 3953 3953 3952 3952 3961 3961 3959 3959 3981 3981 3970 3970 3978 3978 3971 3971 3979 3979 3961 3961 3981 3981 3963 3963 3962 3962 3979 3979 3982 3982 3980 3980 3976 3976 3980 3980 3952 3952 3976 3976 3959 3959 3956 3956 3981 3981 3978 3978 3983 3983 3972 3972 3971 3971 3978 3978 3972 3972 3964 3964 3963 3963 3984 3984 3982 3982 3976 3976 3975 3975 3963 3963 3979 3979 3984 3984 3972 3972 3983 3983 3973 3973 3983 3983 3982 3982 3974 3974 3956 3956 3955 3955 3985 3985 3982 3982 3975 3975 3974 3974 3973 3973 3983 3983 3974 3974 3981 3981 3956 3956 3985 3985 3965 3965 3964 3964 3984 3984 3955 3955 3960 3960 3985 3985 3966 3966 3965 3965 3986 3986 3965 3965 3984 3984 3986 3986 3960 3960 3958 3958 3987 3987 3985 3985 3960 3960 3987 3987 3966 3966 3986 3986 3967 3967 3987 3987 3958 3958 3957 3957 3967 3967 3986 3986 3988 3988 3987 3987 3957 3957 3989 3989 3967 3967 3988 3988 3968 3968 3989 3989 3957 3957 3954 3954 3968 3968 3988 3988 3969 3969 3988 3988 3977 3977 3969 3969 3980 3980 3989 3989 3953 3953 3989 3989 3954 3954 3953 3953 3991 3991 3990 3990 3992 3992 3992 3992 3994 3994 3995 3995 3991 3991 3992 3992 3995 3995 3993 3993 3991 3991 3995 3995 3997 3997 3993 3993 3996 3996 3993 3993 3995 3995 3996 3996 3999 3999 4000 4000 3998 3998 4000 4000 3997 3997 3998 3998 3997 3997 3996 3996 3998 3998 3999 3999 3998 3998 4001 4001 3986 3986 3984 3984 3993 3993 3986 3986 3993 3993 3997 3997 3988 3988 3986 3986 3997 3997 3983 3983 3978 3978 3999 3999 3988 3988 3997 3997 4000 4000 3983 3983 3999 3999 4001 4001 3977 3977 3988 3988 4000 4000 3978 3978 3977 3977 3999 3999 3977 3977 4000 4000 3999 3999 3982 3982 3983 3983 4001 4001 3982 3982 4001 4001 3998 3998 3980 3980 3982 3982 3998 3998 3980 3980 3998 3998 3996 3996 3989 3989 3980 3980 3996 3996 3989 3989 3996 3996 3995 3995 3987 3987 3989 3989 3995 3995 3987 3987 3995 3995 3994 3994 3985 3985 3987 3987 3994 3994 3985 3985 3994 3994 3992 3992 3981 3981 3985 3985 3992 3992 3981 3981 3992 3992 3990 3990 3979 3979 3981 3981 3990 3990 3979 3979 3990 3990 3991 3991 3984 3984 3979 3979 3991 3991 3984 3984 3991 3991 3993 3993 4004 4004 4002 4002 4003 4003 4005 4005 4003 4003 4002 4002 4006 4006 4007 4007 4008 4008 4006 4006 4008 4008 4009 4009 4006 4006 4009 4009 4010 4010 4006 4006 4010 4010 4011 4011 4006 4006 4011 4011 4003 4003 4012 4012 4007 4007 4006 4006 4013 4013 4004 4004 4003 4003 4014 4014 4003 4003 4005 4005 4015 4015 4012 4012 4006 4006 4011 4011 4013 4013 4003 4003 4016 4016 4014 4014 4017 4017 4016 4016 4017 4017 4018 4018 4016 4016 4003 4003 4014 4014 4019 4019 4016 4016 4018 4018 4020 4020 4021 4021 4022 4022 4020 4020 4022 4022 4023 4023 4020 4020 4023 4023 4024 4024 4020 4020 4024 4024 4025 4025 4020 4020 4015 4015 4006 4006 4020 4020 4025 4025 4026 4026 4027 4027 4016 4016 4019 4019 4020 4020 4026 4026 4015 4015 4020 4020 4016 4016 4021 4021 4021 4021 4016 4016 4028 4028 4029 4029 4016 4016 4027 4027 4028 4028 4016 4016 4029 4029 4020 4020 4006 4006 16 16 4020 4020 16 16 23 23 26 26 4016 4016 84 84 4003 4003 4016 4016 26 26 84 84 4016 4016 4020 4020 84 84 4020 4020 23 23 4006 4006 4003 4003 26 26 16 16 4006 4006 26 26 4032 4032 4033 4033 4034 4034 4037 4037 4035 4035 4036 4036 4038 4038 4032 4032 4034 4034 4030 4030 4031 4031 4040 4040 4037 4037 4036 4036 4039 4039 4031 4031 4041 4041 4040 4040 4038 4038 4034 4034 4042 4042 4043 4043 4044 4044 4045 4045 4040 4040 4041 4041 4046 4046 4047 4047 4043 4043 4045 4045 4041 4041 4038 4038 4046 4046 4038 4038 4042 4042 4046 4046 4048 4048 4047 4047 4045 4045 4049 4049 4048 4048 4050 4050 4051 4051 4053 4053 4052 4052 4048 4048 4045 4045 4050 4050 4054 4054 4051 4051 4052 4052 4053 4053 4056 4056 4055 4055 4049 4049 4050 4050 4057 4057 4052 4052 4053 4053 4055 4055 4043 4043 4054 4054 4044 4044 4057 4057 4050 4050 4058 4058 4054 4054 4052 4052 4044 4044 4057 4057 4058 4058 4059 4059 4056 4056 4061 4061 4060 4060 4058 4058 4062 4062 4059 4059 4055 4055 4056 4056 4060 4060 4059 4059 4062 4062 4063 4063 4060 4060 4061 4061 4064 4064 4060 4060 4064 4064 4065 4065 4063 4063 4062 4062 4031 4031 4064 4064 4066 4066 4065 4065 4065 4065 4066 4066 4067 4067 4032 4032 4037 4037 4033 4033 4037 4037 4039 4039 4033 4033 4067 4067 4066 4066 4035 4035 4035 4035 4066 4066 4068 4068 4063 4063 4031 4031 4030 4030 4035 4035 4068 4068 4036 4036 4064 4064 4061 4061 4015 4015 4026 4026 4064 4064 4015 4015 4047 4047 4010 4010 4043 4043 4011 4011 4010 4010 4047 4047 4017 4017 4014 4014 4063 4063 4030 4030 4017 4017 4063 4063 4039 4039 4028 4028 4033 4033 4021 4021 4028 4028 4039 4039 4018 4018 4030 4030 4040 4040 4018 4018 4017 4017 4030 4030 4019 4019 4040 4040 4046 4046 4019 4019 4018 4018 4040 4040 4027 4027 4046 4046 4042 4042 4027 4027 4019 4019 4046 4046 4029 4029 4042 4042 4034 4034 4029 4029 4027 4027 4042 4042 4028 4028 4034 4034 4033 4033 4028 4028 4029 4029 4034 4034 4022 4022 4039 4039 4036 4036 4022 4022 4021 4021 4039 4039 4023 4023 4022 4022 4036 4036 4023 4023 4036 4036 4068 4068 4023 4023 4068 4068 4066 4066 4024 4024 4023 4023 4066 4066 4025 4025 4066 4066 4064 4064 4025 4025 4024 4024 4066 4066 4026 4026 4025 4025 4064 4064 4015 4015 4061 4061 4056 4056 4012 4012 4056 4056 4053 4053 4012 4012 4015 4015 4056 4056 4007 4007 4012 4012 4053 4053 4007 4007 4053 4053 4051 4051 4008 4008 4007 4007 4051 4051 4008 4008 4051 4051 4054 4054 4009 4009 4008 4008 4054 4054 4010 4010 4054 4054 4043 4043 4010 4010 4009 4009 4054 4054 4013 4013 4047 4047 4048 4048 4013 4013 4011 4011 4047 4047 4004 4004 4048 4048 4049 4049 4004 4004 4013 4013 4048 4048 4002 4002 4049 4049 4057 4057 4002 4002 4004 4004 4049 4049 4005 4005 4057 4057 4059 4059 4005 4005 4002 4002 4057 4057 4014 4014 4059 4059 4063 4063 4014 4014 4005 4005 4059 4059 4069 4069 4037 4037 4032 4032 4069 4069 4070 4070 4037 4037 4072 4072 4071 4071 4065 4065 4072 4072 4065 4065 4067 4067 4073 4073 4072 4072 4035 4035 4072 4072 4067 4067 4035 4035 4070 4070 4073 4073 4037 4037 4073 4073 4035 4035 4037 4037 4071 4071 4074 4074 4060 4060 4065 4065 4071 4071 4060 4060 4076 4076 4075 4075 4052 4052 4075 4075 4044 4044 4052 4052 4074 4074 4077 4077 4055 4055 4077 4077 4076 4076 4055 4055 4076 4076 4052 4052 4055 4055 4074 4074 4055 4055 4060 4060 4075 4075 4045 4045 4044 4044 4075 4075 4078 4078 4045 4045 4080 4080 4079 4079 4058 4058 4079 4079 4062 4062 4058 4058 4080 4080 4058 4058 4050 4050 4081 4081 4080 4080 4050 4050 4078 4078 4081 4081 4045 4045 4081 4081 4050 4050 4045 4045 4082 4082 4031 4031 4062 4062 4082 4082 4062 4062 4079 4079 4083 4083 4069 4069 4038 4038 4069 4069 4032 4032 4038 4038 4084 4084 4083 4083 4041 4041 4083 4083 4038 4038 4041 4041 4082 4082 4084 4084 4031 4031 4084 4084 4041 4041 4031 4031 4077 4077 4074 4074 4075 4075 4076 4076 4077 4077 4075 4075 4075 4075 4074 4074 4085 4085 4072 4072 4073 4073 4070 4070 4071 4071 4072 4072 4070 4070 4085 4085 4086 4086 4078 4078 4075 4075 4085 4085 4078 4078 4074 4074 4071 4071 4087 4087 4085 4085 4074 4074 4087 4087 4071 4071 4070 4070 4087 4087 4081 4081 4078 4078 4080 4080 4078 4078 4086 4086 4079 4079 4080 4080 4078 4078 4079 4079 4079 4079 4086 4086 4088 4088 4079 4079 4088 4088 4082 4082 4088 4088 4069 4069 4082 4082 4082 4082 4069 4069 4084 4084 4084 4084 4069 4069 4083 4083 4087 4087 4070 4070 4069 4069 4088 4088 4087 4087 4069 4069 4088 4088 4086 4086 4089 4089 4088 4088 4089 4089 4090 4090 4087 4087 4088 4088 4090 4090 4087 4087 4090 4090 4091 4091 4087 4087 4091 4091 4092 4092 4087 4087 4092 4092 4085 4085 4086 4086 4085 4085 4092 4092 4086 4086 4092 4092 4089 4089 4089 4089 4092 4092 4090 4090 4092 4092 4091 4091 4090 4090 10 10 11 11 4093 4093 11 11 4094 4094 4093 4093 70 70 4095 4095 53 53 4095 4095 4096 4096 53 53 50 50 21 21 4097 4097 21 21 4098 4098 4097 4097 6 6 119 119 4099 4099 119 119 4100 4100 4099 4099 4100 4100 4119 4119 4099 4099 4100 4100 4101 4101 4119 4119 4100 4100 4102 4102 4101 4101 4100 4100 4103 4103 4102 4102 4097 4097 4106 4106 4105 4105 4097 4097 4107 4107 4106 4106 4097 4097 4108 4108 4107 4107 4110 4110 4103 4103 4100 4100 4099 4099 4098 4098 4109 4109 4111 4111 4097 4097 4105 4105 4112 4112 4098 4098 4099 4099 4113 4113 4112 4112 4099 4099 4115 4115 4098 4098 4112 4112 4116 4116 4113 4113 4099 4099 4118 4118 4098 4098 4115 4115 4119 4119 4116 4116 4099 4099 4093 4093 4100 4100 4114 4114 4095 4095 4117 4117 4097 4097 4094 4094 4120 4120 4104 4104 4094 4094 4121 4121 4120 4120 4108 4108 4098 4098 4118 4118 4094 4094 4122 4122 4121 4121 4093 4093 4110 4110 4100 4100 4096 4096 4123 4123 4122 4122 4096 4096 4124 4124 4123 4123 4095 4095 4111 4111 4125 4125 4096 4096 4126 4126 4124 4124 4095 4095 4097 4097 4111 4111 4096 4096 4122 4122 4094 4094 4127 4127 4110 4110 4093 4093 4128 4128 4096 4096 4094 4094 4097 4097 4098 4098 4108 4108 4129 4129 4095 4095 4125 4125 4093 4093 4094 4094 4104 4104 4096 4096 4095 4095 4126 4126 4126 4126 4095 4095 4130 4130 4131 4131 4127 4127 4093 4093 4130 4130 4095 4095 4129 4129 4104 4104 4131 4131 4093 4093 18 18 4099 4099 4109 4109 18 18 6 6 4099 4099 21 21 18 18 4109 4109 21 21 4109 4109 4098 4098 50 50 4097 4097 4117 4117 69 69 50 50 4117 4117 69 69 4117 4117 4095 4095 70 70 69 69 4095 4095 19 19 53 53 4096 4096 19 19 4096 4096 4128 4128 11 11 19 19 4128 4128 11 11 4128 4128 4094 4094 118 118 10 10 4093 4093 118 118 4093 4093 4114 4114 119 119 118 118 4114 4114 119 119 4114 4114 4100 4100 4104 4104 4132 4132 4133 4133 4131 4131 4104 4104 4133 4133 4131 4131 4133 4133 4134 4134 4127 4127 4131 4131 4134 4134 4127 4127 4134 4134 4135 4135 4110 4110 4127 4127 4135 4135 4110 4110 4135 4135 4136 4136 4103 4103 4110 4110 4136 4136 4103 4103 4136 4136 4137 4137 4102 4102 4103 4103 4137 4137 4101 4101 4137 4137 4138 4138 4101 4101 4102 4102 4137 4137 4119 4119 4101 4101 4138 4138 4119 4119 4138 4138 4139 4139 4116 4116 4119 4119 4139 4139 4116 4116 4139 4139 4140 4140 4113 4113 4116 4116 4140 4140 4113 4113 4140 4140 4141 4141 4112 4112 4113 4113 4141 4141 4112 4112 4141 4141 4142 4142 4115 4115 4112 4112 4142 4142 4115 4115 4142 4142 4143 4143 4118 4118 4115 4115 4143 4143 4118 4118 4143 4143 4144 4144 4108 4108 4118 4118 4144 4144 4108 4108 4144 4144 4145 4145 4107 4107 4108 4108 4145 4145 4107 4107 4145 4145 4146 4146 4106 4106 4107 4107 4146 4146 4106 4106 4146 4146 4147 4147 4105 4105 4106 4106 4147 4147 4105 4105 4147 4147 4148 4148 4111 4111 4105 4105 4148 4148 4111 4111 4148 4148 4149 4149 4125 4125 4111 4111 4149 4149 4125 4125 4149 4149 4150 4150 4129 4129 4125 4125 4150 4150 4129 4129 4150 4150 4151 4151 4130 4130 4129 4129 4151 4151 4130 4130 4151 4151 4152 4152 4126 4126 4130 4130 4152 4152 4124 4124 4152 4152 4153 4153 4124 4124 4126 4126 4152 4152 4123 4123 4153 4153 4154 4154 4123 4123 4124 4124 4153 4153 4123 4123 4154 4154 4155 4155 4122 4122 4123 4123 4155 4155 4122 4122 4155 4155 4156 4156 4121 4121 4122 4122 4156 4156 4121 4121 4156 4156 4157 4157 4120 4120 4121 4121 4157 4157 4120 4120 4157 4157 4132 4132 4104 4104 4120 4120 4132 4132 4135 4135 4158 4158 4159 4159 4136 4136 4135 4135 4159 4159 4158 4158 4135 4135 4160 4160 4135 4135 4134 4134 4160 4160 4136 4136 4159 4159 4161 4161 4137 4137 4136 4136 4161 4161 4137 4137 4161 4161 4162 4162 4134 4134 4133 4133 4163 4163 4160 4160 4134 4134 4163 4163 4138 4138 4137 4137 4162 4162 4138 4138 4162 4162 4164 4164 4133 4133 4132 4132 4165 4165 4163 4163 4133 4133 4165 4165 4132 4132 4157 4157 4166 4166 4165 4165 4132 4132 4166 4166 4139 4139 4138 4138 4167 4167 4138 4138 4164 4164 4167 4167 4166 4166 4157 4157 4168 4168 4139 4139 4167 4167 4169 4169 4140 4140 4139 4139 4169 4169 4168 4168 4157 4157 4156 4156 4168 4168 4156 4156 4170 4170 4140 4140 4169 4169 4171 4171 4140 4140 4171 4171 4141 4141 4170 4170 4156 4156 4155 4155 4170 4170 4155 4155 4172 4172 4141 4141 4171 4171 4173 4173 4141 4141 4173 4173 4142 4142 4172 4172 4155 4155 4154 4154 4173 4173 4174 4174 4142 4142 4175 4175 4172 4172 4154 4154 4142 4142 4174 4174 4143 4143 4175 4175 4154 4154 4153 4153 4174 4174 4176 4176 4143 4143 4177 4177 4175 4175 4153 4153 4143 4143 4176 4176 4144 4144 4177 4177 4153 4153 4152 4152 4178 4178 4177 4177 4152 4152 4144 4144 4176 4176 4145 4145 4176 4176 4179 4179 4145 4145 4180 4180 4178 4178 4151 4151 4178 4178 4152 4152 4151 4151 4145 4145 4179 4179 4146 4146 4179 4179 4181 4181 4146 4146 4182 4182 4180 4180 4150 4150 4180 4180 4151 4151 4150 4150 4181 4181 4183 4183 4147 4147 4146 4146 4181 4181 4147 4147 4182 4182 4150 4150 4149 4149 4184 4184 4182 4182 4149 4149 4183 4183 4184 4184 4148 4148 4147 4147 4183 4183 4148 4148 4184 4184 4149 4149 4148 4148 4179 4179 4176 4176 4185 4185 4179 4179 4185 4185 4186 4186 4181 4181 4179 4179 4186 4186 4181 4181 4186 4186 4187 4187 4183 4183 4181 4181 4187 4187 4183 4183 4187 4187 4188 4188 4184 4184 4183 4183 4188 4188 4184 4184 4188 4188 4189 4189 4182 4182 4184 4184 4189 4189 4180 4180 4182 4182 4189 4189 4180 4180 4189 4189 4190 4190 4178 4178 4180 4180 4190 4190 4178 4178 4190 4190 4191 4191 4177 4177 4191 4191 4192 4192 4177 4177 4178 4178 4191 4191 4175 4175 4192 4192 4193 4193 4175 4175 4177 4177 4192 4192 4172 4172 4175 4175 4193 4193 4172 4172 4193 4193 4194 4194 4170 4170 4172 4172 4194 4194 4168 4168 4194 4194 4195 4195 4168 4168 4170 4170 4194 4194 4166 4166 4168 4168 4195 4195 4165 4165 4195 4195 4196 4196 4165 4165 4166 4166 4195 4195 4163 4163 4165 4165 4196 4196 4163 4163 4196 4196 4197 4197 4160 4160 4163 4163 4197 4197 4160 4160 4197 4197 4198 4198 4158 4158 4160 4160 4198 4198 4159 4159 4198 4198 4199 4199 4159 4159 4158 4158 4198 4198 4161 4161 4199 4199 4200 4200 4161 4161 4159 4159 4199 4199 4162 4162 4200 4200 4201 4201 4162 4162 4161 4161 4200 4200 4164 4164 4162 4162 4201 4201 4164 4164 4201 4201 4202 4202 4167 4167 4164 4164 4202 4202 4169 4169 4167 4167 4202 4202 4169 4169 4202 4202 4203 4203 4171 4171 4169 4169 4203 4203 4171 4171 4203 4203 4204 4204 4173 4173 4171 4171 4204 4204 4173 4173 4204 4204 4205 4205 4174 4174 4173 4173 4205 4205 4174 4174 4205 4205 4206 4206 4174 4174 4206 4206 4207 4207 4176 4176 4174 4174 4207 4207 4176 4176 4207 4207 4185 4185 4199 4199 4198 4198 4209 4209 4198 4198 4208 4208 4209 4209 4198 4198 4197 4197 4210 4210 4208 4208 4198 4198 4210 4210 4200 4200 4199 4199 4211 4211 4199 4199 4209 4209 4211 4211 4200 4200 4211 4211 4212 4212 4197 4197 4196 4196 4213 4213 4210 4210 4197 4197 4213 4213 4201 4201 4200 4200 4212 4212 4201 4201 4212 4212 4214 4214 4201 4201 4214 4214 4202 4202 4213 4213 4196 4196 4195 4195 4213 4213 4195 4195 4215 4215 4202 4202 4214 4214 4216 4216 4202 4202 4216 4216 4203 4203 4215 4215 4195 4195 4194 4194 4215 4215 4194 4194 4217 4217 4203 4203 4216 4216 4204 4204 4204 4204 4216 4216 4218 4218 4217 4217 4194 4194 4219 4219 4204 4204 4218 4218 4205 4205 4219 4219 4194 4194 4193 4193 4219 4219 4193 4193 4220 4220 4205 4205 4218 4218 4221 4221 4205 4205 4221 4221 4206 4206 4220 4220 4193 4193 4192 4192 4220 4220 4192 4192 4222 4222 4206 4206 4221 4221 4223 4223 4206 4206 4223 4223 4207 4207 4223 4223 4224 4224 4207 4207 4222 4222 4192 4192 4191 4191 4225 4225 4222 4222 4191 4191 4207 4207 4224 4224 4185 4185 4225 4225 4191 4191 4190 4190 4226 4226 4225 4225 4190 4190 4224 4224 4227 4227 4186 4186 4185 4185 4224 4224 4186 4186 4226 4226 4190 4190 4189 4189 4227 4227 4228 4228 4187 4187 4186 4186 4227 4227 4187 4187 4229 4229 4226 4226 4189 4189 4228 4228 4230 4230 4188 4188 4187 4187 4228 4228 4188 4188 4230 4230 4229 4229 4188 4188 4229 4229 4189 4189 4188 4188 4224 4224 4231 4231 4232 4232 4227 4227 4224 4224 4232 4232 4227 4227 4232 4232 4233 4233 4228 4228 4227 4227 4233 4233 4228 4228 4233 4233 4234 4234 4230 4230 4228 4228 4234 4234 4230 4230 4234 4234 4235 4235 4229 4229 4230 4230 4235 4235 4229 4229 4235 4235 4236 4236 4226 4226 4229 4229 4236 4236 4226 4226 4236 4236 4237 4237 4225 4225 4226 4226 4237 4237 4222 4222 4225 4225 4237 4237 4222 4222 4237 4237 4238 4238 4220 4220 4222 4222 4238 4238 4220 4220 4238 4238 4239 4239 4219 4219 4220 4220 4239 4239 4219 4219 4239 4239 4240 4240 4217 4217 4219 4219 4240 4240 4215 4215 4217 4217 4241 4241 4217 4217 4240 4240 4241 4241 4215 4215 4241 4241 4242 4242 4213 4213 4215 4215 4242 4242 4210 4210 4213 4213 4242 4242 4210 4210 4242 4242 4243 4243 4208 4208 4210 4210 4243 4243 4208 4208 4243 4243 4244 4244 4209 4209 4208 4208 4244 4244 4209 4209 4244 4244 4245 4245 4211 4211 4209 4209 4245 4245 4211 4211 4245 4245 4246 4246 4212 4212 4211 4211 4246 4246 4212 4212 4246 4246 4247 4247 4214 4214 4212 4212 4247 4247 4216 4216 4214 4214 4248 4248 4214 4214 4247 4247 4248 4248 4216 4216 4248 4248 4249 4249 4218 4218 4216 4216 4249 4249 4218 4218 4249 4249 4250 4250 4218 4218 4250 4250 4251 4251 4221 4221 4218 4218 4251 4251 4221 4221 4251 4251 4252 4252 4223 4223 4221 4221 4252 4252 4223 4223 4252 4252 4231 4231 4224 4224 4223 4223 4231 4231 4242 4242 4234 4234 4233 4233 4242 4242 4237 4237 4236 4236 4242 4242 4236 4236 4235 4235 4242 4242 4235 4235 4234 4234 4242 4242 4232 4232 4231 4231 4242 4242 4231 4231 4252 4252 4242 4242 4252 4252 4251 4251 4242 4242 4251 4251 4250 4250 4242 4242 4250 4250 4249 4249 4242 4242 4249 4249 4248 4248 4242 4242 4248 4248 4247 4247 4242 4242 4247 4247 4246 4246 4242 4242 4246 4246 4245 4245 4242 4242 4245 4245 4244 4244 4242 4242 4244 4244 4243 4243 4242 4242 4233 4233 4232 4232 4238 4238 4237 4237 4242 4242 4239 4239 4238 4238 4242 4242 4240 4240 4242 4242 4241 4241 4240 4240 4239 4239 4242 4242 88 88 102 102 4253 4253 102 102 4254 4254 4253 4253 0 0 4255 4255 112 112 4255 4255 4256 4256 112 112 12 12 120 120 4257 4257 120 120 4258 4258 4257 4257 103 103 87 87 4259 4259 87 87 4260 4260 4259 4259 4257 4257 4261 4261 4262 4262 4257 4257 4263 4263 4261 4261 4257 4257 4279 4279 4263 4263 4260 4260 4265 4265 4259 4259 4260 4260 4267 4267 4265 4265 4260 4260 4268 4268 4267 4267 4260 4260 4269 4269 4268 4268 4258 4258 4266 4266 4259 4259 4270 4270 4258 4258 4259 4259 4271 4271 4270 4270 4259 4259 4272 4272 4258 4258 4270 4270 4273 4273 4269 4269 4260 4260 4275 4275 4257 4257 4262 4262 4276 4276 4258 4258 4272 4272 4277 4277 4271 4271 4259 4259 4253 4253 4260 4260 4274 4274 4279 4279 4258 4258 4276 4276 4254 4254 4280 4280 4264 4264 4254 4254 4281 4281 4280 4280 4254 4254 4282 4282 4281 4281 4254 4254 4283 4283 4282 4282 4255 4255 4257 4257 4275 4275 4265 4265 4277 4277 4259 4259 4255 4255 4278 4278 4257 4257 4256 4256 4284 4284 4283 4283 4253 4253 4273 4273 4260 4260 4256 4256 4285 4285 4284 4284 4256 4256 4283 4283 4254 4254 4286 4286 4273 4273 4253 4253 4287 4287 4256 4256 4254 4254 4288 4288 4255 4255 4275 4275 4257 4257 4258 4258 4279 4279 4253 4253 4254 4254 4264 4264 4256 4256 4255 4255 4289 4289 4256 4256 4289 4289 4285 4285 4289 4289 4255 4255 4290 4290 4290 4290 4255 4255 4288 4288 4264 4264 4286 4286 4253 4253 103 103 4259 4259 4266 4266 106 106 103 103 4266 4266 120 120 4266 4266 4258 4258 120 120 106 106 4266 4266 12 12 4257 4257 4278 4278 20 20 12 12 4278 4278 20 20 4278 4278 4255 4255 0 0 20 20 4255 4255 105 105 4256 4256 4287 4287 105 105 112 112 4256 4256 102 102 4287 4287 4254 4254 102 102 105 105 4287 4287 85 85 4253 4253 4274 4274 85 85 88 88 4253 4253 87 87 4274 4274 4260 4260 87 87 85 85 4274 4274 4264 4264 4291 4291 4292 4292 4286 4286 4264 4264 4292 4292 4286 4286 4292 4292 4293 4293 4273 4273 4286 4286 4293 4293 4273 4273 4293 4293 4294 4294 4273 4273 4294 4294 4295 4295 4269 4269 4273 4273 4295 4295 4269 4269 4295 4295 4296 4296 4268 4268 4269 4269 4296 4296 4268 4268 4296 4296 4297 4297 4267 4267 4268 4268 4297 4297 4265 4265 4297 4297 4298 4298 4265 4265 4267 4267 4297 4297 4277 4277 4298 4298 4299 4299 4277 4277 4265 4265 4298 4298 4277 4277 4299 4299 4300 4300 4271 4271 4277 4277 4300 4300 4271 4271 4300 4300 4301 4301 4270 4270 4271 4271 4301 4301 4272 4272 4270 4270 4301 4301 4272 4272 4301 4301 4302 4302 4276 4276 4272 4272 4302 4302 4276 4276 4302 4302 4303 4303 4279 4279 4276 4276 4303 4303 4279 4279 4303 4303 4304 4304 4263 4263 4279 4279 4304 4304 4263 4263 4304 4304 4305 4305 4263 4263 4305 4305 4306 4306 4261 4261 4263 4263 4306 4306 4261 4261 4306 4306 4307 4307 4262 4262 4261 4261 4307 4307 4262 4262 4307 4307 4308 4308 4275 4275 4262 4262 4308 4308 4275 4275 4308 4308 4309 4309 4288 4288 4275 4275 4309 4309 4288 4288 4309 4309 4310 4310 4290 4290 4288 4288 4310 4310 4289 4289 4310 4310 4311 4311 4289 4289 4290 4290 4310 4310 4285 4285 4311 4311 4312 4312 4285 4285 4289 4289 4311 4311 4284 4284 4312 4312 4313 4313 4284 4284 4285 4285 4312 4312 4284 4284 4313 4313 4314 4314 4283 4283 4314 4314 4315 4315 4283 4283 4284 4284 4314 4314 4282 4282 4283 4283 4315 4315 4282 4282 4315 4315 4316 4316 4281 4281 4282 4282 4316 4316 4280 4280 4316 4316 4291 4291 4280 4280 4281 4281 4316 4316 4264 4264 4280 4280 4291 4291 4295 4295 4294 4294 4317 4317 4295 4295 4317 4317 4318 4318 4296 4296 4295 4295 4318 4318 4317 4317 4294 4294 4319 4319 4294 4294 4293 4293 4319 4319 4297 4297 4296 4296 4318 4318 4297 4297 4318 4318 4320 4320 4293 4293 4292 4292 4321 4321 4319 4319 4293 4293 4321 4321 4298 4298 4297 4297 4320 4320 4298 4298 4320 4320 4322 4322 4292 4292 4291 4291 4321 4321 4299 4299 4298 4298 4322 4322 4321 4321 4291 4291 4323 4323 4299 4299 4322 4322 4324 4324 4291 4291 4316 4316 4323 4323 4323 4323 4316 4316 4325 4325 4300 4300 4299 4299 4324 4324 4300 4300 4324 4324 4326 4326 4325 4325 4316 4316 4327 4327 4327 4327 4316 4316 4315 4315 4300 4300 4326 4326 4301 4301 4301 4301 4326 4326 4328 4328 4327 4327 4315 4315 4329 4329 4329 4329 4315 4315 4314 4314 4301 4301 4328 4328 4302 4302 4329 4329 4314 4314 4330 4330 4328 4328 4331 4331 4302 4302 4330 4330 4314 4314 4313 4313 4332 4332 4330 4330 4313 4313 4331 4331 4333 4333 4303 4303 4302 4302 4331 4331 4303 4303 4332 4332 4313 4313 4312 4312 4334 4334 4332 4332 4312 4312 4333 4333 4335 4335 4304 4304 4303 4303 4333 4333 4304 4304 4334 4334 4312 4312 4311 4311 4336 4336 4334 4334 4311 4311 4304 4304 4335 4335 4305 4305 4336 4336 4311 4311 4310 4310 4335 4335 4337 4337 4305 4305 4338 4338 4336 4336 4310 4310 4305 4305 4337 4337 4306 4306 4338 4338 4310 4310 4309 4309 4339 4339 4338 4338 4309 4309 4337 4337 4340 4340 4306 4306 4306 4306 4340 4340 4307 4307 4339 4339 4309 4309 4308 4308 4340 4340 4339 4339 4307 4307 4307 4307 4339 4339 4308 4308 4335 4335 4341 4341 4342 4342 4337 4337 4335 4335 4342 4342 4337 4337 4342 4342 4343 4343 4340 4340 4337 4337 4343 4343 4339 4339 4340 4340 4343 4343 4339 4339 4343 4343 4344 4344 4338 4338 4339 4339 4344 4344 4338 4338 4344 4344 4345 4345 4336 4336 4338 4338 4345 4345 4336 4336 4345 4345 4346 4346 4334 4334 4336 4336 4346 4346 4334 4334 4346 4346 4347 4347 4332 4332 4334 4334 4347 4347 4330 4330 4347 4347 4348 4348 4330 4330 4332 4332 4347 4347 4329 4329 4348 4348 4349 4349 4329 4329 4330 4330 4348 4348 4327 4327 4329 4329 4349 4349 4325 4325 4349 4349 4350 4350 4325 4325 4327 4327 4349 4349 4323 4323 4350 4350 4351 4351 4323 4323 4325 4325 4350 4350 4321 4321 4351 4351 4352 4352 4321 4321 4323 4323 4351 4351 4321 4321 4352 4352 4353 4353 4319 4319 4321 4321 4353 4353 4319 4319 4353 4353 4354 4354 4317 4317 4319 4319 4354 4354 4317 4317 4354 4354 4355 4355 4318 4318 4317 4317 4355 4355 4318 4318 4355 4355 4356 4356 4320 4320 4318 4318 4356 4356 4320 4320 4356 4356 4357 4357 4322 4322 4320 4320 4357 4357 4322 4322 4357 4357 4358 4358 4324 4324 4322 4322 4358 4358 4324 4324 4358 4358 4359 4359 4326 4326 4324 4324 4359 4359 4326 4326 4359 4359 4360 4360 4328 4328 4326 4326 4360 4360 4328 4328 4360 4360 4361 4361 4331 4331 4328 4328 4361 4361 4331 4331 4361 4361 4362 4362 4333 4333 4362 4362 4341 4341 4333 4333 4331 4331 4362 4362 4335 4335 4333 4333 4341 4341 4355 4355 4354 4354 4364 4364 4354 4354 4363 4363 4364 4364 4354 4354 4353 4353 4365 4365 4363 4363 4354 4354 4365 4365 4355 4355 4364 4364 4366 4366 4356 4356 4355 4355 4366 4366 4353 4353 4352 4352 4367 4367 4365 4365 4353 4353 4367 4367 4356 4356 4366 4366 4368 4368 4367 4367 4352 4352 4369 4369 4352 4352 4351 4351 4369 4369 4357 4357 4356 4356 4370 4370 4356 4356 4368 4368 4370 4370 4357 4357 4370 4370 4358 4358 4369 4369 4351 4351 4371 4371 4358 4358 4370 4370 4372 4372 4371 4371 4351 4351 4350 4350 4358 4358 4372 4372 4359 4359 4359 4359 4372 4372 4373 4373 4371 4371 4350 4350 4349 4349 4371 4371 4349 4349 4374 4374 4359 4359 4373 4373 4360 4360 4360 4360 4373 4373 4375 4375 4374 4374 4349 4349 4376 4376 4376 4376 4349 4349 4348 4348 4360 4360 4375 4375 4361 4361 4361 4361 4375 4375 4377 4377 4376 4376 4348 4348 4378 4378 4378 4378 4348 4348 4347 4347 4361 4361 4377 4377 4362 4362 4362 4362 4377 4377 4379 4379 4378 4378 4347 4347 4380 4380 4379 4379 4381 4381 4341 4341 4362 4362 4379 4379 4341 4341 4380 4380 4347 4347 4346 4346 4382 4382 4380 4380 4346 4346 4341 4341 4381 4381 4342 4342 4381 4381 4383 4383 4342 4342 4384 4384 4382 4382 4345 4345 4382 4382 4346 4346 4345 4345 4383 4383 4385 4385 4343 4343 4342 4342 4383 4383 4343 4343 4384 4384 4345 4345 4344 4344 4386 4386 4384 4384 4344 4344 4385 4385 4386 4386 4343 4343 4386 4386 4344 4344 4343 4343 4381 4381 4387 4387 4388 4388 4383 4383 4381 4381 4388 4388 4383 4383 4388 4388 4389 4389 4385 4385 4383 4383 4389 4389 4385 4385 4389 4389 4390 4390 4386 4386 4385 4385 4390 4390 4386 4386 4390 4390 4391 4391 4384 4384 4386 4386 4391 4391 4384 4384 4391 4391 4392 4392 4382 4382 4384 4384 4392 4392 4382 4382 4392 4392 4393 4393 4380 4380 4382 4382 4393 4393 4380 4380 4393 4393 4394 4394 4378 4378 4380 4380 4394 4394 4376 4376 4378 4378 4395 4395 4378 4378 4394 4394 4395 4395 4374 4374 4376 4376 4396 4396 4376 4376 4395 4395 4396 4396 4371 4371 4374 4374 4397 4397 4374 4374 4396 4396 4397 4397 4371 4371 4397 4397 4398 4398 4369 4369 4371 4371 4398 4398 4369 4369 4398 4398 4399 4399 4367 4367 4369 4369 4399 4399 4365 4365 4367 4367 4399 4399 4365 4365 4399 4399 4400 4400 4363 4363 4365 4365 4400 4400 4363 4363 4400 4400 4401 4401 4364 4364 4363 4363 4401 4401 4364 4364 4401 4401 4402 4402 4366 4366 4364 4364 4402 4402 4366 4366 4402 4402 4403 4403 4368 4368 4366 4366 4403 4403 4370 4370 4368 4368 4404 4404 4368 4368 4403 4403 4404 4404 4372 4372 4370 4370 4405 4405 4370 4370 4404 4404 4405 4405 4373 4373 4372 4372 4405 4405 4373 4373 4405 4405 4406 4406 4375 4375 4373 4373 4407 4407 4373 4373 4406 4406 4407 4407 4375 4375 4407 4407 4408 4408 4377 4377 4375 4375 4408 4408 4379 4379 4377 4377 4408 4408 4379 4379 4408 4408 4387 4387 4381 4381 4379 4379 4387 4387 4394 4394 4393 4393 4392 4392 4394 4394 4392 4392 4391 4391 4394 4394 4390 4390 4400 4400 4394 4394 4391 4391 4390 4390 4408 4408 4407 4407 4406 4406 4396 4396 4398 4398 4397 4397 4396 4396 4394 4394 4400 4400 4396 4396 4400 4400 4398 4398 4395 4395 4394 4394 4396 4396 4387 4387 4406 4406 4405 4405 4387 4387 4408 4408 4406 4406 4387 4387 4405 4405 4404 4404 4388 4388 4387 4387 4404 4404 4389 4389 4388 4388 4404 4404 4389 4389 4404 4404 4403 4403 4389 4389 4403 4403 4402 4402 4401 4401 4389 4389 4402 4402 4390 4390 4389 4389 4401 4401 4400 4400 4390 4390 4401 4401 4398 4398 4400 4400 4399 4399 4409 4409 4410 4410 4411 4411 4409 4409 4412 4412 4410 4410 4413 4413 4409 4409 4411 4411 4414 4414 4412 4412 4409 4409 4413 4413 4411 4411 4415 4415 4414 4414 4416 4416 4412 4412 4417 4417 4415 4415 4418 4418 4417 4417 4413 4413 4415 4415 4414 4414 4419 4419 4416 4416 4420 4420 4419 4419 4414 4414 4421 4421 4418 4418 4422 4422 4421 4421 4417 4417 4418 4418 4420 4420 4423 4423 4419 4419 4424 4424 4422 4422 4425 4425 4424 4424 4421 4421 4422 4422 4426 4426 4423 4423 4420 4420 4426 4426 4427 4427 4423 4423 4428 4428 4424 4424 4425 4425 4428 4428 4425 4425 4429 4429 4430 4430 4427 4427 4426 4426 4430 4430 4431 4431 4427 4427 4428 4428 4429 4429 4432 4432 4430 4430 4433 4433 4431 4431 4434 4434 4428 4428 4432 4432 4435 4435 4434 4434 4432 4432 4436 4436 4433 4433 4430 4430 4437 4437 4434 4434 4435 4435 4438 4438 4433 4433 4436 4436 4439 4439 4437 4437 4435 4435 4440 4440 4437 4437 4439 4439 4441 4441 4436 4436 4442 4442 4441 4441 4438 4438 4436 4436 4443 4443 4444 4444 4440 4440 4443 4443 4440 4440 4439 4439 4445 4445 4441 4441 4442 4442 4446 4446 4444 4444 4443 4443 4445 4445 4442 4442 4447 4447 4446 4446 4448 4448 4444 4444 4449 4449 4445 4445 4447 4447 4449 4449 4447 4447 4450 4450 4451 4451 4448 4448 4446 4446 4451 4451 4452 4452 4448 4448 4453 4453 4449 4449 4450 4450 4453 4453 4450 4450 4454 4454 4455 4455 4452 4452 4451 4451 4455 4455 4456 4456 4452 4452 4457 4457 4453 4453 4454 4454 4458 4458 4456 4456 4455 4455 4459 4459 4457 4457 4454 4454 4460 4460 4456 4456 4458 4458 4459 4459 4454 4454 4461 4461 4460 4460 4462 4462 4456 4456 4463 4463 4459 4459 4461 4461 4464 4464 4462 4462 4460 4460 4464 4464 4461 4461 4462 4462 4464 4464 4463 4463 4461 4461 4455 4455 2569 2569 2579 2579 4455 4455 4451 4451 2569 2569 4458 4458 2579 2579 2583 2583 4458 4458 4455 4455 2579 2579 4460 4460 2583 2583 2589 2589 4460 4460 4458 4458 2583 2583 4464 4464 2589 2589 2590 2590 4464 4464 4460 4460 2589 2589 4463 4463 2590 2590 2591 2591 4463 4463 4464 4464 2590 2590 4459 4459 2591 2591 2593 2593 4459 4459 4463 4463 2591 2591 4457 4457 2593 2593 2572 2572 4457 4457 4459 4459 2593 2593 4453 4453 2572 2572 2570 2570 4453 4453 4457 4457 2572 2572 4449 4449 4453 4453 2570 2570 4449 4449 2570 2570 2598 2598 4445 4445 4449 4449 2598 2598 4445 4445 2598 2598 2596 2596 4441 4441 4445 4445 2596 2596 4441 4441 2596 2596 2587 2587 4438 4438 4441 4441 2587 2587 4438 4438 2587 2587 2582 2582 4433 4433 4438 4438 2582 2582 4433 4433 2582 2582 2571 2571 4431 4431 4433 4433 2571 2571 4431 4431 2571 2571 2568 2568 4427 4427 4431 4431 2568 2568 4427 4427 2568 2568 2597 2597 4423 4423 4427 4427 2597 2597 4423 4423 2597 2597 2595 2595 4419 4419 2595 2595 2586 2586 4419 4419 4423 4423 2595 2595 4416 4416 2586 2586 2581 2581 4416 4416 4419 4419 2586 2586 4412 4412 2581 2581 2574 2574 4412 4412 4416 4416 2581 2581 4410 4410 2574 2574 2573 2573 4410 4410 4412 4412 2574 2574 4411 4411 4410 4410 2573 2573 4411 4411 2573 2573 2576 2576 4415 4415 4411 4411 2576 2576 4415 4415 2576 2576 2584 2584 4418 4418 4415 4415 2584 2584 4418 4418 2584 2584 2588 2588 4422 4422 4418 4418 2588 2588 4422 4422 2588 2588 2592 2592 4425 4425 4422 4422 2592 2592 4425 4425 2592 2592 2575 2575 4429 4429 4425 4425 2575 2575 4429 4429 2575 2575 2577 2577 4432 4432 4429 4429 2577 2577 4432 4432 2577 2577 2578 2578 4435 4435 4432 4432 2578 2578 4435 4435 2578 2578 2580 2580 4439 4439 4435 4435 2580 2580 4439 4439 2580 2580 2585 2585 4443 4443 4439 4439 2585 2585 4443 4443 2585 2585 2594 2594 4446 4446 4443 4443 2594 2594 4446 4446 2594 2594 2599 2599 4451 4451 4446 4446 2599 2599 4451 4451 2599 2599 2569 2569 4467 4467 4468 4468 4465 4465 4467 4467 4465 4465 4471 4471 4473 4473 4467 4467 4471 4471 4477 4477 4470 4470 4472 4472 4478 4478 4474 4474 4469 4469 4475 4475 4473 4473 4471 4471 4479 4479 4475 4475 4471 4471 4479 4479 4471 4471 4476 4476 4480 4480 4479 4479 4476 4476 4483 4483 4479 4479 4480 4480 4484 4484 4478 4478 4469 4469 4484 4484 4482 4482 4478 4478 4485 4485 4477 4477 4481 4481 4486 4486 4469 4469 4470 4470 4486 4486 4484 4484 4469 4469 4487 4487 4485 4485 4488 4488 4489 4489 4486 4486 4470 4470 4466 4466 4485 4485 4487 4487 4489 4489 4485 4485 4466 4466 4489 4489 4470 4470 4477 4477 4489 4489 4477 4477 4485 4485 4468 4468 4489 4489 4466 4466 4465 4465 4468 4468 4466 4466 4452 4452 4456 4456 4482 4482 4452 4452 4482 4482 4484 4484 4448 4448 4484 4484 4486 4486 4448 4448 4452 4452 4484 4484 4448 4448 4486 4486 4489 4489 4444 4444 4448 4448 4489 4489 4440 4440 4489 4489 4468 4468 4440 4440 4444 4444 4489 4489 4437 4437 4468 4468 4467 4467 4437 4437 4440 4440 4468 4468 4434 4434 4437 4437 4467 4467 4428 4428 4467 4467 4473 4473 4428 4428 4434 4434 4467 4467 4428 4428 4473 4473 4475 4475 4424 4424 4428 4428 4475 4475 4421 4421 4475 4475 4479 4479 4421 4421 4424 4424 4475 4475 4421 4421 4479 4479 4483 4483 4417 4417 4421 4421 4483 4483 4413 4413 4417 4417 4483 4483 4413 4413 4483 4483 4480 4480 4409 4409 4413 4413 4480 4480 4409 4409 4480 4480 4476 4476 4414 4414 4409 4409 4476 4476 4414 4414 4476 4476 4471 4471 4420 4420 4414 4414 4471 4471 4420 4420 4471 4471 4465 4465 4426 4426 4420 4420 4465 4465 4426 4426 4465 4465 4466 4466 4426 4426 4466 4466 4487 4487 4430 4430 4426 4426 4487 4487 4430 4430 4487 4487 4488 4488 4436 4436 4488 4488 4485 4485 4436 4436 4430 4430 4488 4488 4436 4436 4485 4485 4481 4481 4442 4442 4436 4436 4481 4481 4442 4442 4481 4481 4477 4477 4447 4447 4442 4442 4477 4477 4447 4447 4477 4477 4472 4472 4450 4450 4447 4447 4472 4472 4450 4450 4472 4472 4470 4470 4454 4454 4450 4450 4470 4470 4454 4454 4470 4470 4469 4469 4461 4461 4454 4454 4469 4469 4461 4461 4469 4469 4474 4474 4462 4462 4461 4461 4474 4474 4462 4462 4474 4474 4478 4478 4456 4456 4462 4462 4478 4478 4456 4456 4478 4478 4482 4482</p></triangles></mesh>
    </geometry>
  </library_geometries>
  <library_visual_scenes>
    <visual_scene id="Scene" name="Scene">
      <node id="Camera" name="Camera" type="NODE">
        <matrix sid="transform">0.6859207 -0.3240135 0.6515582 7.481132 0.7276763 0.3054208 -0.6141704 -6.50764 0 0.8953956 0.4452714 5.343665 0 0 0 1</matrix>
        <instance_camera url="#Camera-camera"/>
      </node>
      <node id="Lamp" name="Lamp" type="NODE">
        <matrix sid="transform">-0.2908646 -0.7711008 0.5663932 4.076245 0.9551712 -0.1998834 0.2183912 1.005454 -0.05518906 0.6045247 0.7946723 5.903862 0 0 0 1</matrix>
        <instance_light url="#Lamp-light"/>
      </node>
      <node id="base_link" name="base_link" type="NODE">
        <matrix sid="transform">9.99987e-4 0 0 0 0 9.99987e-4 0 0 0 0 9.99987e-4 0 0 0 0 1</matrix>
        <instance_geometry url="#base_link-mesh" name="base_link">
          <bind_material>
            <technique_common>
              <instance_material symbol="link_01_part_001_mtl-material" target="#link_01_part_001_mtl-material"/>
            </technique_common>
          </bind_material>
        </instance_geometry>
      </node>
    </visual_scene>
  </library_visual_scenes>
  <scene><instance_visual_scene url="#Scene"/></scene></COLLADA>
