<!-- ================================================================================
COLLADA Model File
Copyright (C) 2024 Franka Robotics GmbH

Licensed under the Apache License, Version 2.0 (the "License");

Unless required by applicable law or agreed to in writing, software
distributed under the License is distributed on an "AS IS" BASIS,
WITHOUT WARRANTIES OR CONDITIONS OF ANY KIND, either express or implied.
See the License for the specific language governing permissions and
limitations under the License.

================================================================================

NOTICE: This COLLADA model file is subject to the terms and conditions of the Apache License,
Version 2.0, and has been made available under that License by Franka Robotics GmbH.
This file, and the ideas, concepts, and techniques contained herein, are the property of
Franka Robotics GmbH.

The contents of this file are not endorsed by Apache Software Foundation, and are solely the
responsibility of Franka Robotics GmbH and its contributors.

================================================================================ -->
<COLLADA xmlns="http://www.collada.org/2005/11/COLLADASchema" xmlns:xsi="http://www.w3.org/2001/XMLSchema-instance" version="1.4.1">
  <asset><contributor>
      <author>Blender User</author>
      <authoring_tool>Blender 3.6.5 commit date:2023-10-16, commit time:14:30, hash:cf1e1ed46b7e</authoring_tool>
    </contributor>
    <created>2023-10-23T18:17:44</created><modified>2023-10-23T18:17:44</modified><unit name="meter" meter="1.0"/><up_axis>Z_UP</up_axis></asset><library_effects>
    <effect id="_04_05_ELBOW_URDF_color_64_64_64-effect" name="_04_05_ELBOW_URDF_color_64_64_64-effect">
      <profile_COMMON>
        <technique sid="common">
          <phong>
            <emission><color>0.0 0.0 0.0 1.0</color></emission><diffuse><color>0.03820431 0.04970653 0.0561285 1.0</color></diffuse><reflectivity><float>0.3</float></reflectivity><transparency><float>1.0</float></transparency><index_of_refraction><float>1.45</float></index_of_refraction></phong>
        </technique>
      <extra><technique profile="GOOGLEEARTH"><double_sided>0</double_sided></technique></extra></profile_COMMON>
    </effect>
    <effect id="_04_05_ELBOW_URDF_color_202_209_238-effect" name="_04_05_ELBOW_URDF_color_202_209_238-effect">
      <profile_COMMON>
        <technique sid="common">
          <phong>
            <emission><color>0.0 0.0 0.0 1.0</color></emission><diffuse><color>1.0 1.0 1.0 1.0</color></diffuse><reflectivity><float>0.015</float></reflectivity><transparency><float>1.0</float></transparency><index_of_refraction><float>1.45</float></index_of_refraction></phong>
        </technique>
      <extra><technique profile="GOOGLEEARTH"><double_sided>0</double_sided></technique></extra></profile_COMMON>
    </effect>
  </library_effects>
  <library_materials>
    <material id="_04_05_ELBOW_URDF_color_64_64_64-material" name="_04_05_ELBOW_URDF_color_64_64_64">
      <instance_effect url="#_04_05_ELBOW_URDF_color_64_64_64-effect"/>
    </material>
    <material id="_04_05_ELBOW_URDF_color_202_209_238-material" name="_04_05_ELBOW_URDF_color_202_209_238">
      <instance_effect url="#_04_05_ELBOW_URDF_color_202_209_238-effect"/>
    </material>
  </library_materials>
  <library_geometries>
    <geometry id="_04_05_ELBOW_URDF_0-mesh" name="_04_05_ELBOW_URDF_0">
      <mesh>
        <source id="_04_05_ELBOW_URDF_0-mesh-slim-nrm"><float_array count="9462" id="_04_05_ELBOW_URDF_0-mesh-slim-nrm-array">0.5698 -0.6697 0.4763 0.9608 -0.2015 0.1903 0.9374 -0.1205 0.3267 0.5181 -0.7899 0.3281 0.9155 -0.1973 0.3505 0.9613 -0.1542 0.2285 0.2811 -0.9232 -0.2621 0.9079 -0.4188 -0.0162 0.7295 -0.1851 -0.6585 0.6427 -0.3081 -0.7015 0.8552 -0.0977 -0.5091 0.7858 -0.2225 -0.5771 0.9026 -0.2049 -0.3785 0.5991 -0.4759 -0.6438 0.2082 -0.766 -0.6082 0.8231 -0.4063 -0.3967 0.8864 -0.443 -0.1346 0.9039 -0.3867 -0.1829 0.8309 -0.0584 -0.5534 0.9403 0.0605 -0.3348 0.6434 0.1993 -0.7392 0.5579 0.1177 -0.8215 0.9448 0.1631 -0.284 0.9281 0.1815 -0.3252 0.9554 0.1475 -0.2557 0.9284 0.3637 0.0761 0.9476 0.2531 -0.1948 0.9371 0.3132 -0.154 0.9937 0.08 -0.0781 0.9393 0.3423 0.0248 0.9948 0.0943 -0.0386 0.9897 0.1346 0.0488 0.9391 0.2281 0.2572 0.985 0.1327 0.1099 0.9836 0.0879 0.1575 0.9426 -0.033 0.3323 0.9666 0.0194 0.2556 0.9339 -0.1183 0.3375 0.9871 -0.064 0.1465 0.9379 -0.2323 0.2576 0.9694 -0.1338 0.2058 0.9273 0.2629 -0.2665 0.765 0.2493 0.5938 0.5955 0.7176 -0.3613 0.4839 0.7846 -0.3876 -0.1372 0.9164 -0.376 -0.1593 0.6664 -0.7284 0.0229 0.6921 -0.7214 -0.0348 0.6655 -0.7456 0.6367 -0.2907 0.7142 0.8314 -0.2184 0.511 0.8544 -0.1457 0.4987 0.846 -0.0647 0.5293 0.6858 -0.2422 0.6863 0.4437 -0.2378 0.864 0.3122 -0.2521 0.916 0.2776 -0.317 0.9069 0.2178 -0.3833 0.8976 0.3761 -0.364 0.8521 0.3448 -0.1876 0.9198 0.391 0.6078 -0.6912 0.3308 0.5776 -0.7463 0.2786 0.6333 -0.722 0.2282 0.5941 -0.7714 0.1245 0.6051 -0.7864 0.1253 0.6054 -0.786 -0.045 0.7133 -0.6994 -0.1051 0.7425 -0.6615 0.2195 0.6844 -0.6953 0.0831 0.7404 -0.667 0.6593 0.5263 -0.5369 0.3674 0.6939 -0.6193 -0.2002 0.7304 -0.6531 -0.1685 0.8262 -0.5377 -0.4533 0.7035 -0.5473 0.0014 0.8282 -0.5604 0.2685 0.7596 -0.5923 0.3927 0.7255 -0.5651 -0.1513 0.8829 -0.4446 -0.0218 0.896 -0.4435 -0.4193 0.7863 -0.4538 0.3362 0.814 -0.4737 0.301 0.7899 -0.5342 0.4214 0.7514 -0.5078 -0.2274 0.9019 -0.3672 0.1078 0.937 -0.3322 0.6093 0.7306 -0.3081 0.4472 0.8501 -0.278 0.3726 0.8319 -0.4112 -0.5284 0.8222 -0.2118 0.0378 0.9513 -0.306 -0.14 0.9469 -0.2894 0.5098 0.8451 -0.161 0.6372 0.7443 -0.1999 0.188 0.9305 -0.3142 0.3536 0.9186 -0.1768 0.6825 0.7251 -0.0916 0.5564 0.8301 -0.0378 -0.0799 0.9961 -0.0364 -0.5443 0.8362 0.067 -0.1847 0.9794 0.0812 -0.2859 0.9314 0.2253 -0.043 0.9756 0.2151 0.2833 0.9519 -0.1167 0.3059 0.9514 -0.0361 0.3334 0.9398 0.0754 0.3587 0.9119 0.1995 -0.1301 0.6228 0.7715 0.4018 0.6652 0.6293 -0.0372 0.7258 0.6869 0.3984 0.7455 0.5344 -0.1091 0.8079 0.5792 0.3899 0.8141 0.4304 -0.018 0.8834 0.4682 -0.2432 0.4931 0.8353 -0.4982 0.5508 0.6696 -0.2604 0.6925 0.6727 -0.4568 0.7262 0.5137 -0.2678 0.8435 0.4657 -0.0206 0.5159 0.8564 0.3953 0.4737 0.787 0.401 0.5742 0.7138 -0.1576 0.3934 0.9058 0.3834 0.3651 0.8484 0.3644 0.2493 0.8973 -0.0148 0.2683 0.9632 -0.2292 0.2526 0.9401 -0.1593 0.1371 0.9777 -0.1038 0.0191 0.9944 0.337 0.1275 0.9328 0.3043 0.0172 0.9524 -0.3442 0 0.9389 -0.6106 -0.0966 0.786 -0.5393 -0.051 0.8406 0.2771 -0.0634 0.9587 -0.4972 0.1293 0.858 0.4305 0.9019 -0.0346 0.4653 0.8824 0.0703 0.5913 0.8039 0.064 0.4952 0.8488 0.1852 0.6227 0.7645 0.1668 0.5177 0.8036 0.2936 0.6465 0.7166 0.2618 0.5335 0.7478 0.3951 0.6632 0.6618 0.3496 0.5434 0.6823 0.4891 0.6734 0.6008 0.4307 0.5473 0.6079 0.5752 0.6772 0.5344 0.5057 0.5454 0.5252 0.6532 0.6747 0.4625 0.5753 0.5376 0.4345 0.7226 0.6657 0.3846 0.6395 0.5226 0.3366 0.7833 0.6499 0.3 0.6983 0.4998 0.2314 0.8346 0.6266 0.2081 0.751 0.4684 0.1191 0.8754 0.5949 0.1083 0.7965 0.4309 0.016 0.9022 0.56 0.0089 0.8285 0.6804 -0.0514 0.7311 0.5097 -0.1069 0.8537 -0.4623 -0.176 0.8691 0.1009 -0.1987 0.9749 -0.2494 -0.1252 0.9603 -0.1197 -0.2738 0.9543 0.3751 -0.1236 0.9187 0.4752 -0.1757 0.8621 0.5637 -0.2246 0.7949 0.5109 -0.3301 0.7937 -0.1502 -0.377 0.9139 0.1611 -0.3256 0.9317 -0.0923 -0.3106 0.9461 0.1931 -0.2603 0.946 0.2234 -0.1947 0.9551 0.2517 -0.129 0.9592 -0.7417 -0.379 0.5533 0.2988 -0.4913 0.8181 0.2585 -0.5056 0.8232 0.4138 -0.5765 0.7046 0.3069 -0.5964 0.7417 0.2068 -0.6065 0.7677 0.2069 -0.6066 0.7676 -0.1747 -0.5139 0.8399 -0.0143 -0.6207 0.7839 -0.0216 -0.6196 0.7846 -0.2268 -0.4371 0.8703 0.5843 -0.3737 0.7203 0.0806 -0.5279 0.8455 0.0941 -0.6158 0.7823 0.7293 0.4192 -0.5407 0.8533 0.3521 -0.3846 0.7468 0.4016 -0.5301 0.5544 0.5589 -0.6166 0.6374 0.4716 -0.6093 0.5356 0.5171 -0.6676 0.7676 0.476 -0.4292 0.5501 0.5878 -0.5932 0.792 0.3911 -0.4688 0.709 0.5804 -0.4004 0.6746 0.5555 -0.4862 0.8492 0.4594 -0.2603 0.7261 0.5909 -0.3515 0.7482 0.6162 -0.2457 0.7405 0.6122 -0.2774 0.7864 0.5467 -0.2876 0.7645 0.613 -0.1996 0.8646 0.4941 -0.0908 0.4157 0.8766 -0.2426 0.8179 0.0917 0.568 0.7078 0.0553 0.7043 0.8368 0.0034 0.5475 0.4923 -0.0406 0.8695 0.7316 -0.1294 0.6693 0.8162 -0.1262 0.5638 0.6593 -0.3475 0.6668 0.5042 -0.293 0.8123 0.7946 -0.3228 0.5142 0.7615 -0.4079 0.5038 0.8035 -0.3557 0.4773 0.4748 -0.453 0.7546 -0.1559 -0.5557 0.8166 0.8387 -0.3118 0.4465 0.5049 -0.5476 0.6672 0.5942 -0.5096 0.6223 0.5954 -0.5085 0.622 0.6841 -0.4579 0.5677 0.1252 0.6055 -0.7859 -0.0024 0.6085 -0.7935 -0.0763 0.6383 -0.766 0.4231 0.7041 -0.5703 0.2615 0.7784 -0.5707 -0.1738 0.8266 -0.5354 0.4498 0.7777 -0.4392 0.3424 0.8598 -0.3789 0.5591 0.7587 -0.3345 -0.2511 0.9271 -0.2783 -0.1654 0.9479 -0.2723 0.3815 0.9017 -0.2033 -0.3591 0.9144 -0.1868 -0.5838 0.7983 -0.1479 0.5033 0.8551 -0.1244 0.514 0.8524 -0.0954 0.3756 0.9233 -0.0805 -0.3173 0.948 -0.0236 -0.2143 0.9606 -0.1772 -0.5652 0.8191 -0.0982 -0.2082 0.9779 -0.0209 0.5179 0.8552 0.0181 -0.3362 0.9396 0.0646 0.4742 0.8734 0.1111 0.3395 0.9243 0.1743 -0.3114 0.8961 0.3164 -0.5094 0.8088 0.2939 0.5595 0.795 0.2342 0.4861 0.8449 0.2231 0.377 0.8698 0.3182 -0.1478 0.9283 0.3412 0.4886 0.8049 0.3368 0.6096 0.7045 0.3634 0.3231 0.8395 0.4369 0.5878 0.6822 0.4349 0.478 0.7286 0.4906 -0.2913 0.7853 0.5463 0.4875 0.7015 0.5198 0.5614 0.6349 0.5308 0.4165 0.6717 0.6127 0.5727 0.5522 0.6059 0.1685 0.6479 0.7429 0.4802 0.5234 0.7039 0.4313 0.4314 0.7924 -0.5345 0.3436 0.7722 0.4963 0.4917 0.7155 0.3726 0.5052 0.7784 -0.1737 0.4276 0.8871 0.5696 0.3778 0.7299 -0.32 0.3862 0.8651 0.504 0.3053 0.808 0.5177 0.2763 0.8097 0.3482 0.2769 0.8956 0.5148 0.1981 0.8341 0.568 0.1672 0.8058 -0.2802 0.1435 0.9491 0.5296 0.0946 0.843 0.5691 0.051 0.8207 0.3646 0.0125 0.9311 -0.1111 0.0771 0.9908 0.5943 -0.0598 0.802 0.427 -0.0922 0.8996 -0.3813 -0.1111 0.9177 0.3 -0.1548 0.9413 -0.5522 -0.1748 0.8152 0.0369 -0.2432 0.9693 -0.305 -0.3556 0.8835 -0.029 -0.348 0.937 -0.2574 -0.2867 0.9228 -0.274 -0.2846 0.9187 0.0398 -0.413 0.9098 -0.3589 -0.4143 0.8364 0.1574 -0.4799 0.8631 -0.2434 -0.5023 0.8297 0.4276 -0.5053 0.7495 -0.0821 -0.6342 0.7688 0.7147 0.6043 -0.3521 0.5607 0.6897 -0.4582 0.7518 0.5205 -0.4048 0.5236 0.6315 -0.5718 0.4139 0.6059 -0.6794 0.4348 0.5517 -0.7118 0.5661 0.7855 -0.2501 0.611 0.7773 -0.1499 0.6384 0.7668 -0.0659 0.2774 0.9607 -0.01 0.752 0.6571 0.0514 0.7449 0.6516 0.1434 0.7538 0.6202 0.2173 0.842 0.4997 0.2034 0.809 0.5209 0.2723 0.8536 0.4177 0.3112 0.2312 0.8213 0.5215 0.8836 0.3432 0.3187 0.7351 0.411 0.5392 0.7929 0.3211 0.5179 0.6865 0.4806 0.5457 0.7487 0.1784 0.6385 0.8102 0.1169 0.5744 0.6315 -0.0907 0.77 0.6647 0 0.7471 0.6965 0.0991 0.7107 0.9393 0.0863 0.3321 0.664 -0.2106 0.7175 0.6106 -0.1579 0.776 0.6872 -0.3739 0.6229 0.7916 -0.2784 0.544 -0.2163 -0.4413 0.8709 0.6391 0.7462 -0.1864 0.9299 0.3076 0.2019 0.9336 0.3513 -0.0702 0.93 -0.1753 0.3231 0.9157 0.1783 0.3601 0.9463 0.2066 -0.2487 0.8166 0.315 -0.4836 0.7163 0.3769 -0.5873 0.6033 0.4301 -0.6715 0.6544 0.3392 -0.6758 0.1017 0.5357 -0.8382 -0.2087 0.5308 -0.8214 0.351 0.5043 -0.789 0.2242 0.5249 -0.8211 -0.0869 0.4533 -0.8871 0.57 0.4293 -0.7006 -0.0114 0.4557 -0.8901 -0.0093 0.4579 -0.8889 0.296 0.5528 -0.779 0.1892 0.5157 -0.8356 0.2263 0.4469 -0.8655 0.1093 0.4568 -0.8828 0.4787 0.473 -0.7397 0.5426 0.3781 -0.7501 0.6608 0.3414 -0.6684 0.5619 0.3783 -0.7356 0.4601 0.4067 -0.7893 0.3457 0.4299 -0.834 0.226 0.4462 -0.8659 0.7764 -0.4735 0.416 0.2389 -0.6875 0.6858 0.3689 -0.6582 0.6563 0.8245 -0.3946 0.4055 0.6183 -0.5563 0.5551 0.6686 -0.5737 0.4732 0.8019 -0.4681 0.3714 0.4971 -0.6144 0.6127 -0.1041 -0.7793 0.618 -0.0767 -0.7425 0.6654 -0.009 -0.7076 0.7065 -0.0988 -0.6969 0.7103 -0.0476 -0.773 0.6326 0.0538 -0.7711 0.6344 0.1126 -0.7033 0.7019 0.158 -0.761 0.6293 0.2697 -0.7422 0.6135 0.3772 -0.714 0.5899 0.4777 -0.6776 0.5591 0.5762 -0.6305 0.5201 0.5764 -0.6302 0.5202 -0.7543 -0.5436 -0.3682 -0.8414 -0.3807 0.3836 -0.5553 -0.6378 0.5337 -0.9011 -0.3877 0.1942 -0.7413 -0.6701 -0.037 -0.7658 -0.6061 -0.2151 -0.6087 -0.7825 -0.1308 -0.6729 -0.5971 -0.4366 -0.7407 -0.5189 -0.4268 -0.7965 -0.4349 -0.42 -0.4697 -0.7287 -0.4984 -0.7975 -0.5124 -0.3185 -0.8917 -0.4016 -0.2091 -0.4678 -0.7384 -0.4856 -0.9407 -0.3247 -0.0987 -0.8504 -0.5095 0.1311 -0.8843 -0.3805 0.2706 -0.7536 -0.2732 -0.5979 -0.6267 -0.5862 -0.5135 -0.6862 -0.5308 -0.4974 -0.6383 -0.4733 -0.6071 -0.6306 0.0476 -0.7747 -0.6607 0.0137 -0.7505 -0.6784 0.0091 -0.7346 -0.7004 -0.0417 -0.7125 -0.6474 -0.094 -0.7563 -0.0278 0.1362 -0.9903 -0.6576 0.0595 -0.7511 -0.4994 0.1731 -0.8489 -0.323 0.5215 -0.7897 -0.6186 0.3298 -0.7132 -0.6855 0.3582 -0.6339 -0.7093 0.3973 -0.5822 -0.547 0.4504 -0.7056 -0.8558 0.3183 -0.4077 -0.8665 0.2791 -0.4138 -0.869 0.2656 -0.4175 -0.432 0.4958 -0.7533 -0.878 0.2308 -0.4194 -0.8334 0.193 -0.5178 -0.8039 0.2247 -0.5507 -0.8297 0.2557 -0.4962 -0.8876 0.1219 -0.4443 -0.8479 0.2108 -0.4864 -0.9846 0.0608 -0.1637 -0.5641 0.1535 -0.8113 -0.842 0.0508 -0.537 -0.8552 -0.116 -0.5052 -0.836 -0.1062 -0.5384 -0.8529 -0.047 -0.5199 -0.7946 -0.0101 -0.607 -0.9294 -0.0837 -0.3594 -0.7441 -0.1752 -0.6447 -0.7585 -0.1777 -0.627 -0.5709 -0.2594 -0.779 -0.9123 -0.153 -0.3799 -0.8702 -0.2461 -0.4269 -0.8828 -0.2152 -0.4176 -0.8555 -0.2031 -0.4763 -0.7657 -0.3787 -0.5199 -0.8561 -0.2713 -0.4399 -0.9198 -0.2497 -0.3027 -0.8941 -0.3118 -0.3216 -0.8817 -0.307 -0.3583 -0.8623 0.4463 -0.2392 -0.6136 0.4978 -0.6129 -0.78 0.4257 -0.4587 -0.8375 0.3865 -0.3862 -0.9237 0.2795 -0.262 -0.8308 0.4778 -0.2856 -0.3841 0.7208 -0.577 -0.8579 0.4229 -0.2917 -0.8899 0.3684 -0.2691 -0.372 0.7135 -0.5937 -0.7629 0.4812 -0.4317 -0.4436 0.8264 -0.3468 -0.7587 0.5843 -0.288 -0.7607 0.5875 -0.2759 -0.6955 0.6237 -0.3567 -0.9283 0.3361 -0.1591 -0.9011 0.4093 -0.1432 -0.8666 0.4764 -0.1486 -0.7321 0.6347 -0.2473 -0.8038 0.5798 -0.133 -0.8728 0.4805 -0.0858 -0.8861 0.4589 -0.0648 -0.759 0.643 -0.102 -0.7676 0.6383 -0.059 -0.8336 0.5516 -0.0289 -0.8439 0.5363 0.0147 -0.847 0.5258 0.0781 -0.5683 0.8092 0.149 -0.8432 0.5111 0.1667 -0.8423 0.4817 0.2418 -0.8827 0.3552 0.3077 -0.8575 0.4313 0.2803 -0.5977 0.55 0.5834 -0.8504 0.3388 0.4025 -0.8326 0.2232 0.5068 -0.643 0.4456 0.6229 -0.8583 0.2741 0.4339 -0.597 0.3054 0.7419 -0.8901 0.1032 0.444 -0.8068 0.0501 0.5887 -0.5285 -0.0374 0.8481 -0.8212 -0.0977 0.5621 -0.8358 -0.0171 0.5488 -0.8179 -0.1642 0.5514 -0.8479 -0.2388 0.4733 -0.8387 -0.1798 0.5141 -0.3688 0.4068 0.8358 -0.3871 0.5522 0.7384 -0.58 0.8146 0.0084 -0.7275 0.5745 -0.3749 -0.696 0.6482 -0.3089 -0.7152 0.663 -0.221 -0.4462 0.8567 -0.2588 -0.4049 0.8405 -0.3601 -0.416 0.7785 -0.47 -0.5165 0.5151 -0.684 -0.6567 0.4824 -0.5797 -0.6891 0.4014 -0.6034 -0.8031 0.4699 -0.3663 -0.2714 0.7278 -0.6298 -0.4727 0.7189 -0.5097 -0.5861 0.5598 -0.5857 -0.6723 0.7122 -0.2022 -0.5835 0.7673 0.266 -0.4284 0.2228 0.8757 -0.5803 0.2517 0.7745 -0.6227 0.1334 0.771 -0.7807 0.0636 0.6216 -0.6204 -0.0175 0.7841 -0.52 -0.216 0.8264 -0.5768 0.6548 0.4884 -0.6221 0.3886 0.6797 -0.5446 0.0487 0.8373 -0.7072 -0.1148 0.6977 -0.3173 0.0431 0.9473 -0.7531 -0.3351 0.5661 -0.5242 0.4603 -0.7165 -0.3882 0.8666 -0.3135 -0.4971 0.7704 -0.3993 -0.433 0.8983 -0.0751 -0.4369 0.8862 -0.1543 -0.5805 0.7234 0.3739 -0.412 0.892 -0.1861 -0.5002 -0.459 0.7343 0.1353 0.5012 -0.8547 -0.2536 0.2587 -0.9321 -0.6261 0.3726 -0.685 -0.4039 0.1699 -0.8989 -0.5134 0.14 -0.8466 -0.4949 0.3242 -0.8062 -0.617 0.1103 -0.7792 -0.6218 -0.5566 -0.5509 -0.6481 -0.5823 -0.4908 -0.7201 -0.5264 -0.4522 -0.7124 -0.6068 -0.3527 -0.7394 -0.5194 -0.4285 -0.747 -0.5062 -0.431 -0.5835 -0.6277 -0.5153 -0.5828 -0.6239 -0.5206 -0.5657 -0.5946 -0.5713 -0.5724 -0.6214 -0.535 -0.7379 -0.4988 -0.4547 -0.5405 -0.6635 -0.5174 -0.8715 -0.2276 -0.4343 -0.5766 -0.2591 -0.7748 -0.5319 -0.2231 -0.8169 -0.5041 -0.1193 -0.8554 -0.5911 -0.0632 -0.8041 -0.7075 -0.1319 -0.6943 -0.6925 -0.0376 -0.7204 -0.648 -0.0482 -0.7601 -0.4945 0.0064 -0.8691 -0.5777 0.0238 -0.8159 -0.4981 0.0284 -0.8666 -0.4059 -0.0161 -0.9138 -0.7029 -0.25 -0.6659 -0.6601 -0.1958 -0.7252 -0.5946 -0.2045 -0.7776 -0.6334 -0.1235 -0.7639 -0.5627 -0.1262 -0.817 -0.6183 -0.047 -0.7846 -0.6447 0.0155 -0.7643 -0.662 -0.1223 -0.7395 -0.676 -0.1788 -0.7149 -0.5381 -0.2465 -0.806 -0.7479 -0.5158 -0.4179 -0.7302 -0.5416 -0.4166 -0.719 -0.5461 -0.4299 -0.657 -0.5966 -0.4609 -0.5769 -0.6602 -0.481 -0.5801 -0.6576 -0.4806 -0.5767 -0.6471 -0.4986 -0.2982 -0.7926 -0.5318 -0.5102 -0.573 0.6413 -0.5724 -0.6862 -0.4489 -0.5116 -0.7945 0.327 -0.5807 -0.8141 0.008 -0.55 -0.8256 0.1257 -0.6216 -0.6889 -0.373 -0.5286 -0.8176 0.2282 0.5129 -0.7693 0.381 0.4388 -0.7792 0.4476 -0.9993 0.0029 -0.0384 -0.984 -0.0339 -0.175 -0.8056 0.078 -0.5873 -0.704 0.0947 -0.7038 -0.6811 0.0612 -0.7296 -0.657 0.0992 -0.7473 -0.6693 0.0966 -0.7367 -0.5866 0.109 -0.8025 -0.6578 0.0591 -0.7509 -0.4054 0.1613 -0.8998 -0.053 0.1503 -0.9872 -0.4171 0.1732 -0.8922 -0.7334 0.1168 -0.6697 -0.9898 0.015 -0.1418 -0.9995 -0.0009 -0.0312 -0.9957 0.0103 -0.0925 -0.0508 0.1799 -0.9824 -0.6695 -0.6597 -0.3415 -0.9334 -0.0092 -0.3588 -0.9474 0.04 -0.3176 -0.9995 -0.0008 -0.031 -0.0533 0.0914 -0.9944 -0.9804 0.009 -0.1968 -0.9877 0.0553 -0.1463 -0.9953 0.049 -0.0834 -0.9476 0.023 -0.3187 -0.8878 0.0593 -0.4565 -0.9246 0.0609 -0.3761 -0.9686 0.0332 -0.2462 -0.9858 0.0464 -0.1615 -0.3252 0.2027 -0.9237 -0.6953 0.1288 -0.7071 -0.6142 0.0953 -0.7833 -0.5926 0.0709 -0.8024 -0.537 0.1406 -0.8318 0.0923 0.1639 -0.9822 -0.5584 0.0897 -0.8247 -0.4616 0.084 -0.8831 -0.3815 0.0743 -0.9214 -0.8358 -0.0237 -0.5485 -0.6885 0.1127 -0.7164 -0.8295 0.0821 -0.5524 -0.7111 0.0503 -0.7013 -0.8898 0.0793 -0.4493 -0.9276 0.1084 -0.3576 -0.5865 0.2272 -0.7774 -0.9525 0.2021 -0.2279 -0.3465 0.0941 -0.9333 -0.4093 0.0886 -0.9081 -0.8554 0.3509 -0.3809 -0.9922 0.0969 -0.0782 -0.9731 0.1588 -0.1669 -0.9973 -0.04 -0.0611 -0.9793 0.1865 -0.0783 -0.9923 0.097 -0.0767 -0.5249 0.6867 -0.5029 -0.6763 0.7226 0.1428 -0.5523 0.8181 -0.1601 -0.3517 0.9329 -0.0773 -0.804 0.5921 -0.0542 0.2483 0.8343 -0.4922 -0.0925 0.7345 -0.6722 -0.0283 0.8852 -0.4643 -0.0086 0.9982 -0.0589 -0.4002 0.9148 -0.0551 -0.349 0.9063 -0.2384 -0.0711 0.9808 -0.1816 0.2696 0.869 -0.415 0.2247 0.9516 -0.2098 0.7775 0.6272 -0.0459 0.3056 0.951 -0.0461 -0.1424 0.3643 -0.9203 -0.2592 0.5323 -0.8059 -0.2422 0.2827 -0.9281 -0.2896 0.1601 -0.9437 -0.7874 0.1385 -0.6006 -0.4065 0.2396 -0.8817 0.4127 0.9083 -0.0678 0.4859 0.8725 0.0521 0.3429 0.8807 -0.3268 0.461 0.886 -0.0507 -0.1293 0.5239 -0.8419 -0.0348 0.5759 -0.8168 -0.9878 -0.1196 0.1001 -0.9876 -0.1206 0.1001 -0.9724 -0.2134 -0.0948 -0.8815 -0.4687 0.0576 -0.8225 -0.5673 0.0402 -0.8487 -0.5263 -0.0516 -0.2289 -0.971 -0.0685 -0.3545 -0.9342 -0.0408 0.4189 -0.9058 -0.0633 0.7325 -0.6787 -0.0527 0.4159 -0.9011 -0.1227 0.357 -0.9264 -0.1198 0.1226 -0.9878 -0.0963 0.1245 -0.9875 -0.0971 0.251 -0.9618 -0.1096 0.3567 -0.9266 -0.1191 0.0985 -0.9944 -0.0384 0.1223 -0.9877 -0.0973 -0.1148 -0.9909 -0.0709 -0.1144 -0.9909 -0.071 0.6441 -0.752 -0.1402 0.1217 -0.9838 -0.1314 0.015 -0.9963 -0.085 -0.3544 -0.9343 -0.039 -0.4112 -0.9093 -0.0634 -0.3542 -0.9344 -0.038 -0.2254 -0.9727 -0.0548 -0.429 -0.9021 -0.0458 -0.4204 -0.904 -0.077 -0.5856 -0.8106 -0.0013 -0.661 -0.7503 0.0109 -0.5333 -0.839 -0.1082 -0.5185 -0.8549 -0.0144 -0.4295 -0.9026 -0.0278 -0.4798 -0.8754 -0.0583 -0.6611 -0.7503 0.0097 -0.661 -0.7504 0.0093 -0.6767 -0.7308 -0.0893 -0.9171 -0.3959 -0.0473 -0.739 -0.6732 0.0263 -0.8227 -0.5669 0.0428 -0.879 -0.4575 -0.1346 -0.9355 -0.3449 0.0764 -0.9695 -0.2428 -0.0347 -0.9655 -0.2482 -0.0786 -0.9669 -0.2398 0.0873 -0.9357 -0.3445 0.0757 -0.9923 -0.0686 0.103 -0.9915 -0.0952 -0.0889 0.3587 0.9257 -0.1202 0.3969 0.9177 -0.0184 0.1244 0.9873 -0.0988 0.0553 0.998 -0.0289 0.2286 0.9732 -0.024 -0.0123 0.9963 -0.085 -0.0135 0.9965 -0.083 -0.1264 0.9914 -0.0333 -0.9854 0.1387 0.0989 -0.9919 0.0759 0.102 -0.9989 0.0387 -0.0263 -0.9853 0.1388 0.0993 -0.6802 0.7329 0.0132 -0.752 0.6586 0.0279 -0.761 0.6476 -0.0389 -0.827 0.5606 0.0433 -0.8677 0.4958 -0.0371 -0.8274 0.56 0.0434 -0.9424 0.3327 -0.0341 -0.8775 0.4762 0.057 -0.9265 0.3695 0.0707 -0.4788 0.8777 -0.0213 -0.4794 0.8773 -0.0215 -0.4762 0.8785 -0.0387 -0.5742 0.8187 -0.0045 -0.6297 0.7759 -0.0393 -0.6798 0.7333 0.0132 -0.1246 0.9897 -0.0707 -0.2535 0.9658 -0.0546 -0.3057 0.9514 -0.0367 -0.3579 0.933 -0.0384 0.2395 0.9646 -0.1102 0.2388 0.9648 -0.1102 0.8262 0.5297 -0.1918 -0.9856 0.1662 -0.03 -0.9613 0.2624 0.0842 0.4736 -0.8741 -0.1079 0.8754 -0.4467 -0.185 0.4811 -0.8744 -0.063 0.4812 -0.8744 -0.0628 0.2957 0.1371 -0.9454 0.8531 0.5208 -0.0316 0.8437 0.5237 -0.1175 0.8017 0.558 -0.2145 0.8095 0.5342 -0.2434 0.3876 0.1307 -0.9125 0.7651 0.5452 -0.3427 0.7731 0.517 -0.3675 0.7198 0.5043 -0.4771 0.7264 0.479 -0.4928 0.6814 0.4494 -0.5777 0.6877 0.4211 -0.5914 0.6419 0.3742 -0.6693 0.6507 0.3377 -0.6802 0.5979 0.2629 -0.7572 0.4994 0.211 -0.8403 -0.4268 0.0698 -0.9016 -0.3179 0.0728 -0.9453 0.4711 0.1764 -0.8643 0.6102 -0.0227 -0.7919 0.6781 -0.1207 -0.725 0.6711 -0.1653 -0.7227 0.6717 -0.1656 -0.7221 0.7137 -0.2208 -0.6647 0.7487 -0.3007 -0.5908 0.7437 -0.3358 -0.5781 0.7841 -0.3658 -0.5013 0.7783 -0.4011 -0.4831 0.808 -0.4135 -0.4197 0.2192 0.1309 -0.9669 0.8033 -0.4386 -0.403 0.8416 -0.441 -0.3117 0.8345 -0.4745 -0.2802 0.8623 -0.4619 -0.2076 0.878 -0.4651 -0.1135 0.2381 0.1312 -0.9623 0.8818 -0.4693 -0.0464 0.2136 -0.7985 -0.5628 0.1941 -0.5689 -0.7992 0.1877 -0.2901 -0.9384 0.0793 -0.936 0.3429 -0.1866 -0.8766 0.4436 0.1227 -0.9904 -0.0642 0.1882 -0.9736 -0.1292 0.9961 -0.0874 -0.0076 0.999 -0.0453 -0.0021 0.9759 -0.2184 0.0017 0.9979 -0.0643 0.0058 0.9996 -0.0266 0.0043 0.98 -0.1954 0.0373 0.9945 -0.1007 0.029 0.9997 -0.0241 0.0105 0.9806 -0.1825 0.0712 0.9912 -0.1164 0.0624 0.9705 -0.213 0.1134 0.9135 -0.3799 0.1459 0.9352 -0.3127 0.1664 0.8437 -0.5036 0.1858 0.8896 -0.4013 0.2182 0.8499 -0.4743 0.2297 0.9093 -0.4161 0.006 0.9733 -0.2259 -0.0397 0.998 -0.0605 -0.02 -0.0905 -0.9957 0.0209 -0.2881 -0.949 -0.128 -0.2103 -0.9765 -0.0475 -0.2265 -0.9574 -0.1791 -0.2849 -0.9436 -0.1685 -0.0065 -0.9804 -0.1971 0.911 -0.4047 0.0789 0.834 -0.5517 0.0079 0.8369 -0.5372 0.1048 0.7546 -0.6561 0.0094 0.7593 -0.6387 0.1246 0.6611 -0.7502 0.011 0.6673 -0.731 0.1426 0.5542 -0.8323 0.0122 0.536 -0.8297 0.1559 0.3783 -0.9253 0.0258 0.8296 -0.4874 0.2724 0.7588 -0.5676 0.3195 0.6792 -0.6648 0.3111 0.6777 -0.6409 0.3606 0.5817 -0.7385 0.3409 0.5873 -0.7059 0.396 0.4905 -0.7685 0.4109 0.4256 -0.8135 0.3963 0.3846 -0.8048 0.4522 0.2502 -0.8669 0.4311 0.2758 -0.8381 0.4706 0.1164 -0.8884 0.444 0.1614 -0.8607 0.4829 -0.1534 -0.8948 0.4193 0.0479 -0.8705 0.4898 -0.0703 -0.8679 0.4917 -0.1588 -0.8665 0.4732 -0.2854 -0.8342 0.4718 0.613 -0.7448 0.2635 0.7664 -0.6047 0.2165 -0.4212 -0.8914 -0.1676 0.6158 -0.7852 -0.066 0.0398 -0.978 0.2046 0.2055 -0.9638 -0.1701 0.3295 -0.9314 -0.1549 0.3442 -0.9285 -0.1397 0.3392 -0.9301 -0.1412 0.5441 -0.8294 -0.1271 0.6466 -0.7541 -0.1155 0.7325 -0.673 -0.1029 0.8141 -0.5741 -0.0878 0.8776 -0.4741 -0.0714 -0.4198 -0.4094 -0.81 -0.0819 -0.3803 -0.9212 0.9957 -0.06 -0.0709 0.9997 -0.0162 -0.018 0.9813 -0.1331 -0.139 0.9881 -0.1433 -0.0549 0.9829 -0.1768 -0.0512 0.9998 -0.018 -0.0106 0.9977 -0.0604 -0.0295 0.6661 -0.6588 -0.3496 0.659 -0.6166 -0.4307 0.9986 -0.0419 -0.0309 0.9824 -0.144 -0.1192 0.8847 -0.3445 -0.314 0.9831 -0.0901 -0.1595 0.9111 -0.3946 -0.1191 0.9116 -0.3762 -0.1658 0.9818 -0.1749 -0.0746 0.9997 -0.0209 -0.0086 0.8986 -0.3409 -0.2761 0.7838 -0.4848 -0.3883 0.6747 -0.5761 -0.4614 0.6737 -0.5135 -0.5315 0.5603 -0.4068 -0.7215 0.6657 -0.3665 -0.65 0.6705 -0.4437 -0.5946 0.6507 -0.2818 -0.7051 0.5443 -0.306 -0.7811 0.7329 -0.2442 -0.635 0.7374 -0.2512 -0.627 0.7583 -0.3202 -0.5679 0.9994 -0.019 -0.0283 0.9793 -0.1196 -0.1635 0.9122 -0.245 -0.3283 0.913 -0.2834 -0.2934 0.8387 -0.3257 -0.4365 0.8401 -0.3768 -0.3901 0.7618 -0.3874 -0.5192 0.7639 -0.4483 -0.4641 0.9681 -0.0921 -0.2329 0.9968 -0.0302 -0.0741 0.911 -0.2025 -0.3592 0.8364 -0.2691 -0.4775 0.7328 -0.2484 -0.6336 0.7082 -0.2534 -0.659 0.6986 -0.2658 -0.6643 0.8769 -0.1756 -0.4474 0.0971 -0.7354 -0.6706 -0.0259 -0.7901 -0.6124 -0.3153 -0.702 -0.6386 -0.296 -0.757 -0.5825 -0.214 -0.7494 -0.6266 -0.2307 -0.5865 -0.7764 -0.3843 -0.6202 -0.6838 -0.2088 -0.6296 -0.7484 -0.3304 -0.6469 -0.6873 -0.2013 -0.6977 -0.6875 0.6349 -0.571 -0.5205 0.2184 -0.7713 -0.5978 0.0951 -0.7868 -0.6098 0.0633 -0.6933 -0.7179 0.2209 -0.6721 -0.7068 0.3391 -0.6428 -0.6869 0.4624 -0.6107 -0.6428 0.5037 -0.5594 -0.6583 0.0553 -0.5972 -0.8002 0.2188 -0.5833 -0.7822 0.571 -0.5704 -0.5904 0.5723 -0.64 -0.5126 0.4643 -0.6959 -0.5479 0.3412 -0.743 -0.5758 -0.3792 -0.4322 -0.8182 -0.2676 -0.4693 -0.8415 -0.2099 -0.5073 -0.8358 -0.2879 -0.5237 -0.8018 -0.235 -0.5639 -0.7917 0.1568 -0.4229 -0.8925 0.5042 -0.4698 -0.7246 0.0486 -0.4894 -0.8707 0.0892 -0.4884 -0.8681 0.626 -0.3374 -0.703 0.4451 -0.4399 -0.78 0.2626 -0.4741 -0.8404 0.6407 -0.2764 -0.7163 0.2081 -0.3803 -0.9012 0.3299 -0.355 -0.8747 0.3326 -0.5637 -0.756 0.4533 -0.533 -0.7144 0.5669 -0.4926 -0.6602 -0.4785 -0.8388 -0.2596 -0.5979 -0.7663 -0.2352 0.2672 -0.9346 -0.2346 -0.3932 -0.8803 -0.2654 -0.051 -0.9561 -0.2885 0.3266 -0.8857 -0.33 -0.4187 -0.8408 -0.3432 -0.4542 -0.8315 -0.32 -0.4193 -0.8408 -0.3424 -0.2704 -0.8863 -0.3759 -0.1432 -0.8891 -0.4347 0.0624 -0.8719 -0.4856 -0.3259 -0.8039 -0.4976 -0.484 -0.7421 -0.4637 -0.4769 -0.7449 -0.4666 0.1477 -0.8109 -0.5663 -0.4463 -0.7107 -0.5438 -0.4484 -0.7112 -0.5415 0.0717 -0.9549 -0.2882 0.1975 -0.9385 -0.2832 0.3231 -0.9061 -0.2733 0.8364 -0.5248 -0.1583 0.7583 -0.6241 -0.1883 0.6655 -0.7146 -0.2155 0.5604 -0.7929 -0.2392 0.445 -0.8574 -0.2586 -0.0372 -0.9121 -0.4083 -0.0287 -0.8531 -0.5209 0.0846 -0.9094 -0.4071 0.0923 -0.8498 -0.5189 0.2089 -0.8926 -0.3996 0.2159 -0.8334 -0.5088 0.3329 -0.8607 -0.3853 0.339 -0.8029 -0.4903 0.4533 -0.8136 -0.3642 0.4585 -0.7585 -0.4631 0.5669 -0.7519 -0.3366 0.571 -0.7007 -0.4278 0.6706 -0.6771 -0.3031 0.6737 -0.6308 -0.3851 0.7618 -0.5912 -0.2647 0.764 -0.5507 -0.3362 0.8387 -0.497 -0.2225 0.8401 -0.4629 -0.2826 0.9117 -0.3506 -0.2141 0.9826 -0.1586 -0.0965 -0.0922 0.2939 -0.9514 0.2736 0.2749 -0.9217 0.2961 0.2158 -0.9305 0.4617 0.2011 -0.8639 0.9967 0.0052 -0.0811 0.9997 -0.0004 -0.0263 0.9802 -0.0054 -0.1982 0.9947 -0.0103 -0.1021 0.9817 -0.0414 -0.1859 0.8338 -0.1131 -0.5404 0.7549 -0.1343 -0.6419 0.6608 -0.1537 -0.7347 0.9094 -0.0847 -0.4072 0.9981 0.0155 -0.0588 0.9994 0.0079 -0.0348 0.9931 0.0308 -0.1127 0.979 0.0314 -0.2017 0.9717 0.0631 -0.2276 0.9134 0.0586 -0.4029 0.8896 0.1216 -0.4402 0.8337 0.1528 -0.5306 0.8437 0.071 -0.5321 0.8519 0.1189 -0.51 0.7665 0.0788 -0.6374 0.6836 0.1654 -0.7109 0.6773 0.0903 -0.7302 0.5839 0.184 -0.7907 0.5758 0.1004 -0.8114 0.3624 0.104 -0.9262 -0.0416 0.1692 -0.9847 -0.0234 0.2592 -0.9655 -0.4718 0.2644 -0.8411 0.911 -0.0117 -0.4122 0.837 -0.0155 -0.547 0.7593 -0.0185 -0.6504 0.6673 -0.0211 -0.7445 0.5628 -0.0235 -0.8262 0.4678 -0.0286 -0.8834 -0.0166 -0.3424 -0.9394 0.3076 -0.1707 -0.9361 0.6224 -0.2455 -0.7432 -0.0835 -0.3927 -0.9159 0.5546 -0.1704 -0.8145 0.017 -0.0314 -0.9994 0.3812 0.2638 -0.886 0.588 0.2324 -0.7748 0.6789 0.211 -0.7033 0.7601 0.187 -0.6223 0.8317 0.1595 -0.5318 0.8375 0.5295 0.1353 0.2309 0.9366 0.2635 0.8188 0.5649 0.1021 0.2257 0.9462 0.2317 0.8273 0.5598 0.0463 0.2648 0.9609 0.0815 0.8301 0.5257 0.186 0.2975 0.8834 0.3621 0.8372 0.4183 0.3524 0.258 0.7258 0.6377 0.8376 0.4482 0.3123 0.2538 0.7462 0.6155 0.8409 0.4691 0.2699 0.3062 0.792 0.5282 0.2273 0.3878 0.8933 0.8254 0.2703 0.4957 0.222 0.4117 0.8839 0.8327 0.3031 0.4634 0.3114 0.5061 0.8043 -0.3491 -0.9132 -0.2103 -0.2102 -0.9566 -0.202 -0.5787 -0.7791 -0.2411 -0.2524 -0.9023 -0.3496 -0.2536 -0.9017 -0.3501 -0.5925 -0.7268 -0.3474 -0.1938 -0.851 -0.4881 -0.1908 -0.8503 -0.4905 -0.4978 -0.7204 -0.4829 -0.4046 -0.7156 -0.5694 -0.1948 -0.7685 -0.6095 -0.1931 -0.7665 -0.6125 -0.3976 -0.7089 -0.5825 -0.4893 -0.6366 -0.5961 -0.1947 -0.6645 -0.7215 -0.312 -0.6255 -0.7151 -0.1942 -0.4041 -0.8939 -0.4874 -0.1908 -0.8521 -0.0655 -0.2566 -0.9643 -0.19 0.6643 -0.7229 0.7208 0.4578 -0.5205 -0.5475 -0.6112 -0.5715 0.375 -0.7031 -0.6041 0.2381 -0.9519 -0.1929 -0.3804 -0.8331 -0.4015 -0.3392 -0.8784 -0.3367 0.2131 -0.9565 -0.1992 -0.3354 -0.8948 -0.2947 0.1699 -0.8975 -0.4069 0.2373 -0.8993 -0.3674 -0.4969 -0.6898 -0.5265 0.3025 -0.8679 -0.3941 -0.4906 -0.7257 -0.4824 0.2315 -0.9443 -0.2339 0.1964 -0.9183 -0.3437 -0.2488 -0.8279 -0.5026 0.3032 -0.8378 -0.4541 0.3285 -0.8123 -0.4819 -0.0883 -0.6278 -0.7733 0.3487 -0.7659 -0.5402 0.3943 -0.6397 -0.6598 -0.5633 -0.4085 -0.7182 -0.0682 -0.4002 -0.9139 -0.4548 -0.3776 -0.8066 0.4405 -0.5578 -0.7035 0.4731 -0.4942 -0.7294 -0.407 -0.5866 -0.7002 -0.5603 -0.4081 -0.7208 0.5211 -0.465 -0.7157 0.5517 -0.3964 -0.7339 -0.3441 -0.0848 -0.9351 -0.3172 0.0102 -0.9483 -0.2675 -0.0441 -0.9626 0.6039 -0.1511 -0.7826 0.5967 -0.2334 -0.7677 -0.1534 0.5247 -0.8373 0.6367 0.0699 -0.7679 0.6277 -0.0692 -0.7754 0.6538 0.1466 -0.7424 -0.1708 0.521 -0.8363 0.6815 0.2059 -0.7023 -0.1324 0.4523 -0.882 0.6948 0.2986 -0.6543 0.6883 0.3336 -0.6441 0.7267 0.4327 -0.5336 0.7157 0.3735 -0.5902 -0.0906 0.599 -0.7956 0.763 0.5635 -0.3167 0.0268 0.7883 -0.6148 0.7718 0.532 -0.3483 0.0187 0.8452 -0.5341 0.7416 0.5213 -0.4223 0.1012 0.834 -0.5424 0.7516 0.4835 -0.4487 0.131 0.8414 -0.5242 0.7797 0.5891 -0.2123 0.8051 0.5751 -0.1452 0.3015 0.9532 -0.0222 0.189 0.9809 -0.0469 0.7898 0.5612 -0.2474 0.1598 0.9539 -0.2539 0.8063 0.5915 -0.0057 0.8171 0.5746 -0.0466 -0.3402 -0.9167 -0.2099 0.4716 -0.8339 -0.2867 0.4676 -0.8452 -0.2588 -0.3377 -0.9273 -0.1615 0.5832 -0.7833 -0.2152 -0.2241 -0.9732 0.0518 0.6214 -0.7797 -0.0771 -0.3542 -0.9345 0.0357 0.6013 -0.7989 0.0115 -0.2825 -0.9384 0.1989 0.6316 -0.7504 0.195 0.6457 -0.755 0.1143 -0.6483 -0.7612 0.0146 -0.2455 -0.7708 0.5879 0.6645 -0.7012 0.2584 -0.3112 -0.8968 0.3146 0.6513 -0.6925 0.3101 -0.1287 -0.9093 0.3957 0.6848 -0.6309 0.3647 -0.057 -0.8282 0.5576 -0.173 -0.7473 0.6416 0.7297 -0.4453 0.5189 0.7074 -0.5432 0.4522 -0.0645 -0.6198 0.7821 0.7174 -0.4194 0.5564 0.719 -0.4159 0.5568 -0.0712 -0.3112 0.9477 0.7511 -0.3404 0.5656 -0.1449 -0.4495 0.8814 0.77 -0.233 0.5939 0.7591 -0.1969 0.6205 0.2677 -0.2456 0.9317 0.7879 -0.1248 0.6031 0.1257 -0.2759 0.9529 0.7784 -0.0857 0.6219 0.1699 0.1544 0.9733 0.8036 -0.023 0.5947 0.1328 -0.0517 0.9898 0.7935 0.0198 0.6083 0.2206 0.2356 0.9465 0.8167 0.0743 0.5722 0.2067 0.1583 0.9655 0.8069 0.1193 0.5785 0.2549 0.4631 0.8489 0.8269 0.1629 0.5382 0.8155 0.2102 0.5392 0.2816 0.5142 0.8101 0.8347 0.2462 0.4926 0.2126 0.3061 0.9279 0.8395 0.3199 0.4393 0.8256 0.3665 0.429 0.8304 0.4778 0.2866 0.8476 0.4183 0.3266 0.1951 0.3622 0.9115 0.3175 0.5459 0.7754 0.8341 0.379 0.4009 0.2455 0.8693 0.429 0.8386 0.4897 0.2385 0.1895 0.8764 0.4428 0.0343 -0.9777 0.2072 0.0443 -0.2659 -0.963 -0.3256 -0.273 -0.9052 0.3882 -0.1082 -0.9152 0.296 -0.2005 -0.9339 -0.5962 -0.3329 -0.7306 -0.6457 -0.4316 -0.6299 -0.5989 -0.5834 -0.5485 -0.3632 -0.5497 -0.7523 -0.3948 -0.7333 -0.5536 -0.5261 -0.7514 -0.3982 0.4334 -0.9012 0.0081 0.5235 -0.8324 0.1821 0.4777 0.043 -0.8775 0.5765 -0.7094 0.4055 0.471 -0.765 0.4392 0.5686 -0.7094 0.4164 0.7425 -0.5775 0.3392 0.6661 -0.6486 0.3683 0.9339 -0.3097 0.1785 0.9703 -0.2103 0.1199 0.9634 -0.2369 0.1253 0.9704 -0.2092 0.1205 0.9857 -0.1521 0.0727 0.9763 -0.1872 0.1086 0.9941 -0.1022 0.0366 0.9936 -0.0994 0.0536 0.9405 -0.2969 0.1652 0.8904 -0.3949 0.2265 0.883 -0.4056 0.2362 0.8341 -0.478 0.2754 0.8832 -0.4053 0.2361 0.8351 -0.477 0.2741 0.8187 -0.4955 0.2902 0.8339 -0.4798 0.2726 0.7596 -0.5665 0.3196 0.6653 -0.6487 0.3695 0.6596 -0.648 0.3809 0.7436 -0.5766 0.3386 0.7435 -0.5767 0.3385 0.3575 -0.8053 0.4729 0.4661 -0.7633 0.4474 0.4706 -0.7649 0.4399 0.5681 -0.7104 0.4154 0.2427 -0.8398 0.4856 0.1272 -0.8578 0.498 0.1176 -0.856 0.5034 0.3587 -0.8088 0.466 0.2424 -0.8399 0.4856 0.3562 -0.806 0.4727 0.2392 -0.8371 0.4921 -0.0928 -0.8582 0.5048 0.0119 -0.8616 0.5074 0.0112 -0.8646 0.5023 0.1168 -0.8561 0.5034 0.0109 -0.8641 0.5032 0.0116 -0.864 0.5034 -0.2726 -0.8289 0.4885 -0.1704 -0.8494 0.4995 -0.0997 -0.8599 0.5006 -0.2064 -0.8443 0.4945 -0.2071 -0.8442 0.4944 -0.262 -0.8331 0.4872 0.7894 -0.565 0.24 0.7888 -0.5567 0.2604 0.8826 -0.4283 0.1939 -0.193 -0.8542 0.4827 -0.2442 -0.8452 0.4755 -0.2403 -0.8376 0.4906 -0.242 -0.8372 0.4905 -0.27 -0.8307 0.4869 -0.1702 -0.852 0.4952 -0.2686 -0.8317 0.4859 0.9438 -0.2981 0.143 0.7933 -0.5438 0.274 0.9244 -0.3384 0.176 0.9269 -0.3342 0.1707 0.8826 -0.4172 0.2168 0.7735 -0.5651 0.2872 0.6962 -0.6353 0.3341 0.6093 -0.6991 0.3742 0.5146 -0.7535 0.4093 0.4122 -0.7981 0.4394 0.3063 -0.8316 0.4633 0.1972 -0.8541 0.4812 0.3854 -0.8066 0.4482 -0.0645 -0.8654 0.4969 0.3937 -0.7964 0.459 0.6427 -0.6774 0.3579 0.4153 -0.8084 0.4171 0.5456 -0.7325 0.4072 0.414 -0.7941 0.4451 0.2935 -0.835 0.4655 0.738 -0.594 0.3204 0.6318 -0.687 0.3589 0.4659 -0.779 0.4197 0.3819 -0.8117 0.442 0.818 -0.5182 0.2496 0.8915 -0.4103 0.1918 0.8374 -0.4913 0.2396 -0.078 -0.868 0.4903 -0.0683 -0.8635 0.4997 0.093 -0.8641 0.4946 0.0441 -0.8712 0.4889 0.1837 -0.8545 0.4859 0.0648 -0.8729 0.4835 0.2943 -0.8372 0.461 0.205 -0.8548 0.4768 0.1141 -0.8655 0.4876 0.0238 -0.8692 0.4939 -0.194 -0.8535 0.4837 -0.1921 -0.8545 0.4827 0.4363 -0.7931 0.425 0.5416 -0.7442 0.391 0.6315 -0.685 0.3634 0.6997 -0.63 0.337 0.7682 -0.5728 0.286 0.8277 -0.5093 0.2356 0.8428 -0.4916 0.2194 -0.371 -0.8432 0.3891 -0.6118 -0.7822 0.118 -0.3226 -0.9463 0.0228 -0.6403 -0.0295 -0.7676 -0.3238 0.2535 -0.9115 -0.5057 0.069 -0.8599 0.8229 0.5361 0.1882 0.8352 0.5317 0.14 0.8266 0.4404 0.3503 0.8423 0.4472 0.3008 0.6185 -0.3861 -0.6844 0.9999 -0.0139 -0.0034 0.5847 -0.5013 -0.6378 0.9959 -0.0688 -0.0582 0.6238 -0.1977 -0.7562 0.6101 -0.1429 -0.7794 0.5994 -0.2907 -0.7458 0.5752 -0.657 -0.4873 0.5977 -0.6822 -0.4211 0.999 -0.023 -0.0372 0.5774 -0.7279 -0.3698 0.9997 -0.009 -0.0226 0.8399 0.4942 0.2245 0.9996 -0.0084 -0.0279 0.598 -0.537 -0.5949 0.5964 -0.6323 -0.4945 0.8381 0.5112 0.1907 0.8332 0.5431 0.1046 0.5975 -0.5603 -0.5737 0.5725 -0.6227 -0.5333 0.6029 -0.7414 -0.2948 0.6116 -0.7743 -0.1626 0.9997 -0.0119 0.0197 0.5948 -0.797 -0.1047 0.6239 -0.7811 -0.0263 0.6465 -0.7479 0.1507 0.9977 0.0147 -0.0656 0.6849 -0.6196 0.3834 0.8247 0.5131 0.2377 0.5839 -0.6419 -0.497 0.5741 -0.6775 -0.4598 0.5641 -0.674 -0.4769 0.5623 -0.6405 -0.523 0.5715 -0.6074 -0.5518 0.9738 -0.1653 -0.1563 0.5884 -0.6213 -0.5174 0.8349 0.3446 0.4291 0.8269 0.3733 0.4205 0.8405 0.3917 0.3744 0.8049 0.5762 -0.1417 0.8133 0.0472 0.5799 0.7946 0.5982 -0.1039 0.8175 0.5743 -0.0428 0.6639 -0.672 0.3281 0.6593 0.0662 -0.749 0.6268 -0.0084 -0.7792 0.6402 -0.0643 -0.7655 0.8232 0.1379 0.5508 0.8129 0.184 0.5525 0.8399 0.2352 0.4892 0.8233 0.5674 0.0129 1 -0.0088 0.0001 0.8171 0.5684 0.0962 0.8278 0.5586 0.0518 0.8071 0.5905 -0.0011 0.7792 0.5906 -0.2098 0.7897 0.5627 -0.2444 0.7893 -0.0094 0.6139 0.5783 -0.4956 -0.6481 0.5755 -0.6839 -0.4483 0.5992 -0.7061 -0.3774 0.9981 -0.0245 -0.0569 0.6617 -0.7029 0.2608 0.7089 -0.5359 0.4585 0.6968 -0.5133 0.5011 0.7304 -0.4363 0.5255 0.7201 -0.4083 0.561 0.7517 -0.3313 0.5703 0.7418 -0.2979 0.6008 0.6794 0.1869 -0.7095 0.6471 0.1202 -0.7528 0.8133 0.5787 0.0594 0.8028 0.0902 0.5895 0.6087 -0.7928 0.0315 0.9998 -0.007 -0.0178 0.5803 -0.747 -0.3245 0.6051 -0.7558 -0.2503 0.9975 -0.0182 -0.0687 0.998 -0.0049 -0.0626 0.7715 -0.2238 0.5955 0.7628 -0.1855 0.6194 0.8597 0.1361 0.4923 0.7995 -0.0572 0.598 0.813 0.5766 -0.081 0.7892 0.597 -0.144 0.8034 0.5941 -0.0401 0.7828 -0.154 0.6029 0.7736 -0.1155 0.6231 0.7993 -0.0514 0.5988 0.9969 0.0219 -0.0756 0.588 -0.7858 -0.1917 0.6161 -0.7792 -0.1152 0.6001 -0.7979 -0.0567 0.6292 -0.777 0.0196 0.7452 0.4618 -0.4811 0.7124 0.4333 -0.552 0.7276 0.3587 -0.5848 0.7732 0.5318 -0.3456 0.7662 -0.2595 0.588 0.7545 -0.2273 0.6157 0.7992 0.5733 -0.1807 0.7732 0.5828 -0.2501 0.7835 0.5537 -0.282 0.7545 0.5519 -0.3551 0.7646 0.5174 -0.3843 0.6791 0.2609 -0.6861 0.6025 -0.3317 -0.726 0.5865 -0.3766 -0.7171 0.6037 -0.4243 -0.675 0.712 -0.4465 0.542 0.7116 -0.4454 0.5433 0.7443 -0.3683 0.5571 0.6397 -0.7613 0.1059 0.626 -0.7629 0.1617 0.6584 -0.717 0.2291 0.6467 -0.7085 0.2825 0.5968 -0.3302 -0.7313 0.6793 -0.6515 0.3379 0.5968 -0.3793 -0.7071 0.8478 0.3384 0.4083 0.6543 0.1668 -0.7376 0.6657 0.1129 -0.7376 0.6339 0.041 -0.7723 0.647 -0.0124 -0.7624 0.6187 -0.1025 -0.7789 0.6346 -0.2021 -0.7459 0.593 -0.2989 -0.7476 0.5764 -0.4008 -0.7121 0.5843 -0.3675 -0.7235 0.5797 -0.3337 -0.7433 0.7416 0.5239 -0.4191 0.7007 -0.5677 0.432 0.7242 -0.4707 0.504 0.7391 0.5227 -0.4249 0.7524 0.4846 -0.4461 0.6663 -0.6369 0.3878 0.7324 0.4164 -0.5388 0.6996 0.3787 -0.606 0.709 0.3311 -0.6226 0.6768 0.2795 -0.681 0.6879 0.2296 -0.6885 0.08 0.908 -0.4113 -0.2587 0.1944 -0.9462 -0.3729 -0.4423 -0.8157 -0.2897 -0.1885 -0.9384 -0.1986 0.2306 -0.9526 0.0895 0.247 -0.9649 -0.2053 0.3241 -0.9235 -0.0236 0.7372 -0.6752 -0.0019 0.7588 -0.6514 0.1304 0.9784 -0.1602 0.1129 0.9907 -0.0757 0.2978 0.949 -0.1038 0.2404 0.9595 -0.1471 0.2137 0.97 -0.1156 0.1813 0.9451 0.2719 0.2519 0.9275 0.2761 0.2796 0.8998 0.3348 -0.3241 0.9452 0.0395 0.2987 0.8954 0.3302 0.2353 0.7762 0.5849 0.2004 0.8576 0.4736 0.2979 0.6001 0.7424 0.1055 0.6522 0.7506 0.3011 0.8708 0.3887 -0.3432 -0.3338 -0.878 -0.3399 -0.3583 -0.8695 -0.3437 -0.4047 -0.8474 -0.3452 -0.487 -0.8023 -0.3131 -0.3641 -0.8771 -0.3427 -0.4433 -0.8283 -0.3542 -0.4887 -0.7974 -0.3092 -0.5823 -0.7519 -0.1969 -0.6926 -0.6939 -0.1522 -0.7255 -0.6711 0.2235 -0.8093 -0.5432 -0.4632 -0.6525 -0.5997 -0.4642 -0.652 -0.5995 -0.3433 -0.779 -0.5247 -0.5513 -0.7006 -0.453 -0.3561 -0.8613 -0.3624 -0.3633 -0.8805 -0.3044 -0.3481 -0.9341 -0.0792 -0.1358 -0.9806 0.1413 -0.4349 -0.8932 -0.1138 -0.3747 -0.9188 0.1239 -0.2404 -0.8872 0.3939 -0.8151 -0.5154 0.2644 -0.2306 -0.6138 0.755 -0.2589 -0.7308 0.6316 -0.0066 -0.7546 0.6562 -0.0104 -0.5675 0.8233 -0.0112 -0.6015 0.7988 0.012 -0.4817 0.8762 -0.0969 -0.5802 0.8087 0.1422 -0.1065 0.9841 0.1006 -0.301 0.9483 0.1518 -0.1116 0.9821 0.1964 0.2474 0.9488 0.5136 -0.7131 -0.4772 -0.7173 -0.5184 -0.4656 -0.3963 -0.7204 -0.5692 -0.7232 -0.5523 -0.4147 -0.339 -0.7688 -0.5423 0.7182 -0.6092 -0.3363 -0.3207 -0.7728 -0.5476 -0.3676 -0.8621 -0.3488 -0.3644 -0.8572 -0.3638 -0.3885 -0.9012 -0.1922 -0.1378 -0.9812 0.1349 -0.2814 -0.9591 0.0295 -0.2523 -0.9248 0.2848 -0.3619 -0.9246 0.1187 -0.0254 -0.8856 0.4637 -0.0948 -0.888 0.4499 -0.3052 -0.8337 0.4602 -0.4084 -0.8172 0.4067 -0.4454 -0.8379 0.3155 0.0034 -0.8143 0.5804 -0.2027 -0.7682 0.6073 0.0312 -0.5002 0.8654 -0.0551 -0.6606 0.7487 0.1913 -0.0537 0.9801 0.1076 -0.1427 0.9839 0.1587 0.1615 0.974 0.0615 -0.2175 0.9741 0.1496 0.5179 0.8423 0.0371 0.116 0.9926 0.1217 0.1942 0.9734 0.342 0.2238 0.9127 0.3573 0.5284 0.7701 0.1899 0.5683 0.8006 0.2747 0.6513 0.7074 -0.9988 0.0476 0.0117 -0.9782 0.2024 0.0474 -0.9987 0.0495 0.015 -0.974 0.2163 0.0667 -0.9994 0.0306 0.0168 -0.9751 0.2186 0.0359 -0.887 0.4617 -0.0051 -0.904 0.4163 0.0975 -0.6176 0.7766 0.124 -0.7898 0.5972 0.1398 -0.8269 0.5592 0.0589 -0.6527 0.7102 0.2638 -0.6812 0.7129 0.1668 -0.661 0.7038 0.2602 -0.5802 0.793 0.1856 -0.5628 0.782 0.2679 -0.8394 0.4923 0.2305 -0.7183 0.6912 0.0786 -0.9014 0.414 0.1267 -0.8559 0.465 0.2262 -0.994 0.1084 0.0129 -0.8597 0.4886 0.149 -0.8746 0.4365 0.211 0.1 0.9689 0.2264 0.4273 0.8663 0.2586 0.9871 0.1533 0.0463 -0.5831 0.7639 0.2765 0.2322 0.8974 0.3752 0.2022 0.9144 0.3508 -0.3523 0.9207 0.168 0.1211 0.9864 0.1116 -0.9652 0.2572 0.0474 0.2084 0.9754 0.0713 -0.0117 0.9736 0.2281 -0.18 0.9577 0.2245 -0.3487 0.9126 0.2136 -0.3635 0.8796 0.3069 -0.4692 0.8598 0.2013 -0.4564 0.8385 0.2976 -0.5677 0.7721 0.2855 -0.7002 0.7083 0.0901 -0.6723 0.7349 0.0891 -0.5808 0.808 0.0997 -0.4884 0.8677 0.0929 -0.3708 0.9236 0.0972 -0.5634 0.821 0.0921 -0.1626 0.986 0.0369 0.0346 0.8426 -0.5375 -0.1831 0.9345 -0.3053 0.2791 0.8108 0.5146 0.2362 0.962 -0.137 -0.1764 0.9676 0.1807 -0.9386 0.3449 0.0083 -0.7191 0.6549 0.2322 -0.9366 0.3203 0.1418 -0.5964 0.7366 0.319 -0.6653 0.6372 0.389 -0.5051 0.7118 0.4881 -0.8234 0.4806 0.3017 -0.746 0.5681 0.3474 -0.9985 0.046 0.0298 -0.9872 0.1246 0.0993 -0.3427 0.9392 -0.0215 0.2522 0.9233 0.2897 0.2591 0.9486 0.1815 -0.5095 0.7195 0.472 -0.4577 0.768 0.4481 -0.1326 0.8252 0.5491 -0.2342 0.8238 0.5162 -0.067 0.9299 0.3616 -0.5132 0.7302 0.4511 0.3739 0.7754 0.5089 0.1808 0.9789 0.0954 0.0564 0.9776 -0.203 0.2125 0.9762 -0.0437 0.1693 0.9789 -0.114 0.1781 0.9221 -0.3435 -0.621 0.658 0.426 -0.6644 0.6393 0.3872 -0.4525 0.6962 0.5572 -0.3284 0.7374 0.5902 0.1716 0.7039 0.6893 -0.9775 0.1645 0.1317 -0.9986 0.0388 0.0351 -0.9985 0.0433 0.0321 -0.9143 0.3162 0.253 -0.8399 0.4237 0.3391 -0.7626 0.505 0.4042 -0.6422 0.5323 0.5516 -0.671 0.5789 0.4633 -0.6603 0.5222 0.5397 -0.567 0.6431 0.5147 -0.5045 0.6171 0.6039 -0.9331 0.2513 0.2574 -0.9729 0.1676 0.159 -0.993 0.0943 0.0714 -0.9922 0.0893 0.0873 -0.9984 0.0379 0.0419 -0.9392 0.2462 0.2394 -0.8172 0.4042 0.4109 -0.8868 0.323 0.3306 0.2033 0.6683 0.7155 0.9831 0.136 0.1223 -0.1199 0.6919 0.7119 -0.2287 0.6754 0.7011 -0.1557 0.771 0.6175 -0.2143 0.6818 0.6994 0.1316 0.6708 0.7298 -0.9632 0.2172 0.1581 0.1284 0.7746 0.6193 0.3795 0.6842 0.6228 -0.3512 0.7589 0.5484 0.0158 0.7805 0.625 -0.7211 0.4971 0.4826 -0.5628 0.5796 0.5893 -0.8274 0.3411 0.4461 -0.9821 0.1041 0.1572 -0.7409 0.0617 0.6688 -0.8788 0.2666 0.3958 -0.8833 0.2758 0.3791 -0.6895 0.2415 0.6828 -0.2266 0.5617 0.7957 0.2213 -0.1652 0.9611 -0.09 0.5475 0.832 -0.4149 0.5864 0.6957 -0.075 0.3908 0.9174 -0.0785 0.6418 0.7628 -0.3569 0.4945 0.7925 -0.4598 0.4812 0.7463 -0.862 0.2505 0.4407 -0.9636 0.1721 0.2044 -0.9985 0.0274 0.0469 0.0905 0.7484 0.657 -0.6583 0.4095 0.6316 -0.6318 0.4222 0.6501 -0.4631 0.4634 0.7555 -0.8408 0.3193 0.4371 -0.9963 0.0458 0.0728 -0.2081 0.7968 0.5672 0.143 0.8702 0.4714 0.1009 0.6007 0.793 -0.2326 0.4963 0.8364 -0.1926 0.5154 0.835 -0.2016 0.5205 0.8297 -0.0766 0.5153 0.8536 -0.0698 0.5722 0.8171 0.3419 0.8868 0.3111 -0.949 0.314 0.0269 -0.5646 0.4489 0.6926 -0.3516 0.4478 0.8221 -0.9988 0.0215 0.0445 -0.9782 0.0905 0.1871 -0.9987 0.0196 0.0477 -0.9889 0.0482 0.1402 -0.9985 0.016 0.0515 -0.5802 0.3548 0.7331 -0.6812 0.3189 0.659 -0.7898 0.2671 0.5521 -0.9039 0.1863 0.3849 -0.8788 0.166 0.4474 -0.7572 0.218 0.6157 -0.615 0.284 0.7356 -0.8909 0.1052 0.4418 -0.8335 0.1795 0.5226 -0.8345 0.1745 0.5226 -0.8917 0.1459 0.4286 -0.3113 0.321 0.8944 -0.18 0.4283 0.8855 -0.0116 0.4355 0.9001 0.9874 0.0612 0.146 0.6381 0.2445 0.7301 -0.9644 0.125 0.2329 0.1001 0.434 0.8953 0.3866 0.3483 0.8539 -0.4693 0.3847 0.7948 -0.3488 0.4083 0.8436 -0.2928 0.3143 0.9031 -0.2883 0.3046 0.9078 -0.2639 0.3077 0.9141 -0.278 0.3309 0.9018 -0.5617 0.2007 0.8026 -0.1289 -0.0254 0.9913 -0.0758 -0.2337 0.9694 -0.9852 0.0326 0.1682 0.1199 -0.6213 0.7743 -0.7586 0.0889 0.6455 -0.7879 0.0912 0.609 -0.0368 -0.2108 0.9768 -0.7745 -0.2812 0.5666 -0.1331 0.1666 0.977 -0.2315 0.1572 0.9601 -0.3315 0.1443 0.9324 -0.6788 -0.0704 0.7309 -0.1637 0.1551 -0.9743 -0.7424 -0.1211 -0.659 -0.4644 -0.1187 -0.8776 -0.2266 -0.348 -0.9097 -0.9873 -0.0287 -0.1565 -0.6631 -0.1842 -0.7255 -0.7099 -0.2689 -0.6509 -0.7327 0.1883 -0.654 -0.4536 0.1208 -0.883 -0.9549 0.0049 -0.2968 -0.6883 -0.2362 -0.6859 -0.7652 -0.2098 -0.6087 -0.8347 -0.0946 -0.5425 -0.8927 -0.1469 -0.426 -0.9155 -0.0688 -0.3964 -0.9408 -0.1095 -0.3209 -0.9707 -0.0787 -0.227 -0.9923 -0.0427 -0.1161 -0.9984 -0.0187 -0.0541 -0.3534 0.2288 -0.9071 -0.4705 0.2294 -0.852 -0.5612 0.223 -0.7971 -0.9605 0.0367 -0.2758 -0.9067 0.07 -0.4158 -0.7656 -0.6394 -0.0702 -0.8929 -0.4476 -0.0496 -0.835 -0.5389 -0.1117 -0.9956 -0.0923 -0.0139 -0.9933 -0.1132 -0.0226 -0.9602 -0.1147 -0.2547 -0.9926 -0.0498 -0.1108 -0.9915 -0.061 -0.1152 -0.9992 -0.0205 -0.0354 -0.9922 -0.0667 -0.1053 -0.992 -0.0735 -0.1022 -0.9913 -0.0848 -0.1005 -0.9993 -0.0232 -0.0287 -0.9809 -0.1361 -0.1391 -0.9776 -0.155 -0.1424 -0.9931 -0.0919 -0.0728 -0.9932 -0.0953 -0.0664 -0.9931 -0.1016 -0.0588 -0.9999 -0.0133 -0.0061 -0.9923 -0.1095 -0.0572 -0.9919 -0.1159 -0.0514 -0.9922 -0.1175 -0.042 -0.9968 -0.0764 -0.024 -0.9917 -0.1239 -0.0336 -0.9998 -0.0214 -0.0048 -0.9595 -0.1332 -0.2481 -0.959 -0.1507 -0.2402 -0.9298 -0.2138 -0.2996 -0.9404 -0.2107 -0.2669 -0.9081 -0.1727 -0.3814 -0.8348 -0.2274 -0.5014 -0.9065 -0.1997 -0.372 -0.8317 -0.2638 -0.4886 -0.8475 -0.2865 -0.4469 -0.6155 -0.4617 -0.6387 -0.8694 -0.3063 -0.3877 -0.9252 -0.263 -0.2735 -0.8251 -0.39 -0.4088 -0.9022 -0.3178 -0.2915 -0.8244 -0.4172 -0.3826 -0.9021 -0.3369 -0.2696 -0.8241 -0.4422 -0.3539 -0.9022 -0.3541 -0.2461 -0.8244 -0.4648 -0.3231 -0.9034 -0.3692 -0.218 -0.9396 -0.3398 -0.0401 -0.908 -0.4103 -0.0845 -0.8321 -0.5343 -0.1489 -0.9065 -0.4067 -0.1134 -0.8297 -0.5264 -0.1858 -0.9052 -0.4008 -0.1415 -0.8278 -0.5153 -0.2219 -0.9049 -0.3897 -0.171 -0.8811 -0.4208 -0.2156 -0.8251 -0.4846 -0.2906 -0.9722 -0.2325 -0.0287 -0.9602 -0.2737 -0.056 -0.9595 -0.2713 -0.0756 -0.959 -0.2674 -0.0944 -0.9583 -0.2606 -0.1175 -0.9576 -0.2494 -0.1439 -0.9577 -0.2363 -0.1642 -0.9576 -0.2248 -0.1799 -0.9696 -0.1804 -0.1656 -0.9247 -0.253 -0.2845 -0.4242 -0.7273 -0.5395 0.0085 -0.7859 -0.6183 0.01 -0.8648 -0.502 -0.2433 -0.8517 -0.4642 -0.1062 -0.9205 -0.376 -0.3041 -0.923 -0.2356 -0.0565 -0.937 -0.3446 -0.5564 -0.8257 -0.0933 -0.6112 -0.7852 -0.0993 0.0235 -0.9793 -0.2012 0.0261 -0.4161 -0.909 -0.362 -0.405 -0.8396 -0.2066 -0.6367 -0.743 0.005 -0.6853 -0.7282 -0.4276 -0.6774 -0.5986 -0.5987 -0.7962 -0.0874 -0.6848 -0.7251 -0.0731 -0.3511 -0.9171 -0.1886 -0.7425 -0.6559 -0.136 -0.4883 -0.8402 -0.2359 -0.7384 -0.6495 -0.1811 -0.3729 -0.8753 -0.308 -0.7348 -0.6396 -0.2258 -0.396 -0.8441 -0.3615 -0.7318 -0.626 -0.2695 -0.4422 -0.7974 -0.4106 -0.7294 -0.6089 -0.3119 -0.3455 -0.8072 -0.4785 -0.7276 -0.5883 -0.3528 -0.5315 -0.6934 -0.4865 -0.7265 -0.5642 -0.3922 -0.3458 -0.7354 -0.5828 -0.7262 -0.5368 -0.4296 -0.532 -0.6215 -0.5751 -0.7265 -0.5064 -0.4644 -0.3434 -0.6496 -0.6783 -0.7276 -0.4735 -0.4964 -0.4414 -0.5838 -0.6814 -0.7304 -0.4454 -0.5179 -0.5959 -0.4162 -0.6868 -0.4909 -0.393 -0.7775 -0.7412 -0.3143 -0.5932 -0.3517 -0.3878 -0.852 -0.7425 -0.2763 -0.6102 -0.7066 -0.662 0.2501 -0.3824 -0.8763 0.2931 -0.5579 -0.7315 0.392 -0.9995 -0.0296 0.0142 -0.9322 -0.3501 0.0922 -0.3549 -0.8152 0.4577 -0.9052 -0.4167 0.0831 -0.3602 -0.9324 -0.0316 -0.8297 -0.5583 0.0017 -0.983 -0.1836 -0.0029 -0.6464 -0.6727 0.3601 -0.8054 -0.5213 0.2822 -0.8541 -0.4805 0.1992 -0.8709 -0.4339 0.2308 -0.9359 -0.3124 0.1628 0.1511 0.9881 0.0302 -0.8704 0.3618 -0.3339 -0.1182 0.8663 -0.4853 -0.9667 0.1147 -0.229 -0.9476 0.3129 -0.0638 -0.5493 0.8356 -0.0075 -0.585 0.8077 -0.0733 0.0317 0.9742 -0.2232 -0.0807 0.5224 -0.8489 -0.2595 0.746 -0.6133 -0.9941 0.108 -0.004 -0.9985 -0.0556 0.0019 -0.915 0.1262 -0.3833 -0.9985 -0.0551 0.0078 -0.9993 -0.0217 -0.0293 -0.9985 0.0374 0.0396 -0.9711 -0.192 -0.1418 -0.999 0.0348 0.0288 -0.9993 0.0317 0.0217 -0.9975 -0.0675 0.0208 -0.9993 0.0317 0.0173 -0.9993 0.0345 0.0154 -0.8349 0.3333 -0.438 -0.997 0.0377 -0.0678 -0.9985 -0.0278 0.0482 -0.9985 -0.0226 0.0508 -0.9984 -0.0323 0.0463 -0.9984 -0.0351 0.0442 -0.9998 0.0143 -0.0148 -0.9985 -0.0382 0.0405 -0.9981 0.0441 -0.0423 -0.9984 -0.0437 0.0357 -0.9994 0.0277 -0.0213 -0.9995 -0.0247 0.0206 -0.9998 0.0181 -0.0013 -0.9858 0.1653 -0.0308 -0.9984 -0.055 0.0125 -0.9993 0.0341 -0.0126 -0.9984 -0.054 0.016 -0.9985 -0.0518 0.0202 -0.9985 -0.0494 0.0256 -0.9904 0.1224 -0.0635 -0.9977 -0.0565 0.0387 -0.999 0.0434 0.006 -0.9989 0.0458 0.0078 -0.999 0.0423 0.0116 -0.9993 0.036 0.0131 -0.9916 -0.0267 0.1265 -0.9979 -0.0118 0.0634 -0.7377 0.2355 -0.6327 -0.9988 0.0069 -0.0491 -0.9983 0.0066 0.0573 -0.9985 -0 -0.0554 -0.9984 -0.0051 -0.0559 -0.9984 -0.0092 -0.0553 -0.9984 -0.0142 -0.0539 -0.9843 0.0725 0.1609 -0.9984 -0.0197 -0.0522 -0.9984 -0.0244 -0.0511 -0.9984 -0.0276 -0.0495 -0.9984 -0.0311 -0.0462 -0.9981 0.034 0.051 -0.9985 -0.0358 -0.0426 -0.9984 -0.0398 -0.04 -0.9993 0.0255 0.0258 -0.9984 -0.0421 -0.0374 -0.9591 0.2172 0.1818 -0.9985 -0.0444 -0.0331 -0.9985 -0.0476 -0.0282 -0.9984 -0.0507 -0.0245 -0.9952 0.0901 0.0384 -0.9984 -0.0522 -0.0213 -0.9985 -0.0531 -0.0166 -0.9983 0.0568 0.0124 -0.9985 -0.0545 -0.0109 -0.9984 -0.056 -0.0063 -0.9984 -0.0563 -0.0028 -0.9756 -0.1992 0.0919 -0.879 -0.4153 0.2345 -0.8627 -0.437 0.2544 -0.9037 -0.3843 0.1887 -0.3524 -0.8179 0.4548 -0.4727 -0.7692 0.4301 -0.5281 -0.7331 0.4285 -0.5603 -0.7201 0.4093 -0.7695 -0.636 -0.0578 -0.7501 -0.6524 -0.1084 -0.5675 -0.8116 -0.1391 -0.6784 -0.7164 -0.1629 -0.6423 -0.6717 -0.3692 -0.9252 0.2258 -0.3051 -0.3485 0.355 -0.8675 -0.8088 -0.4014 -0.4297 -0.8321 -0.0025 -0.5546 -0.4558 -0.8282 -0.3262 0.0391 -0.9529 -0.3007 -0.5822 -0.4641 -0.6676 -0.4597 -0.624 -0.632 -0.5287 -0.7119 -0.4622 -0.5755 -0.7014 -0.4206 -0.2297 -0.784 -0.5767 -0.4879 -0.5905 -0.6429 -0.3944 -0.4701 -0.7896 -0.487 -0.8621 -0.1399 -0.4101 -0.899 -0.1537 -0.5505 -0.791 -0.2668 -0.846 -0.498 -0.1903 -0.3317 -0.4587 -0.8244 -0.5143 -0.6198 -0.5927 -0.762 -0.6123 -0.2109 -0.6588 -0.7202 -0.2172 -0.6959 -0.7026 -0.1486 -0.5713 -0.7996 -0.1852 -0.444 -0.8726 -0.2034 -0.7385 -0.6335 -0.2311 -0.406 -0.8755 -0.262 -0.5018 -0.8262 -0.2561 -0.5724 -0.7856 -0.2348 -0.732 -0.6536 -0.192 -0.8636 -0.472 0.1771 -0.8036 -0.5815 -0.1268 0.2008 -0.945 0.2581 0.0737 -0.9854 -0.1537 -0.6106 -0.7795 -0.1401 -0.1026 -0.4762 0.8733 -0.3689 0.0479 0.9282 -0.2886 -0.2349 0.9282 -0.4066 -0.9051 -0.1244 -0.1853 -0.7885 0.5865 -0.6188 -0.6875 0.38 -0.4148 -0.7974 0.4382 -0.6228 -0.6995 0.3505 0.5998 -0.6892 0.4064 0.4132 -0.8036 0.4283 0.5536 -0.7365 0.3886 0.4574 -0.7869 0.4142 0.3822 -0.8215 0.423 0.2849 -0.8525 0.4382 0.5998 -0.7014 0.385 0.5222 -0.758 0.3907 -0.2404 -0.8538 0.4618 -0.1584 -0.8722 0.4627 0.3575 -0.8259 0.4359 0.2524 -0.8553 0.4524 0.1849 -0.8748 0.4479 0.1434 -0.8749 0.4625 0.082 -0.888 0.4524 0.0263 -0.8817 0.471 -0.0097 -0.8916 0.4526 -0.0815 -0.8772 0.4732 -0.0905 -0.8735 0.4784 0.1129 -0.8788 0.4636 0.235 -0.8595 0.4539 0.3308 -0.8342 0.4412 -0.0369 -0.884 0.4661 -0.2798 -0.8283 0.4854 -0.3452 0.2732 -0.8979 -0.2964 0.2728 -0.9153 -0.2483 0.2846 -0.9259 -0.2431 0.2424 -0.9392 -0.3391 0.2432 -0.9088 0.6766 0.1887 -0.7118 0.679 0.2119 -0.7029 0.6797 0.2121 -0.7022 0.9931 0.0352 -0.1121 0.9398 0.0875 -0.3304 0.9729 0.0592 -0.2234 0.9951 0.0256 -0.0957 0.9928 0.0308 -0.1157 0.8337 0.1415 -0.5338 0.8924 0.1155 -0.4361 0.938 0.1009 -0.3316 0.9729 0.0677 -0.221 0.9398 0.0877 -0.3304 0.761 0.1756 -0.6246 0.8315 0.1607 -0.5318 0.7614 0.1875 -0.6206 0.8919 0.1315 -0.4327 0.8335 0.1417 -0.5341 0.5899 0.2335 -0.773 0.4756 0.2254 -0.8503 0.5811 0.2086 -0.7867 0.675 0.1892 -0.7131 0.6751 0.1892 -0.7131 0.4891 0.2518 -0.8351 0.3825 0.2668 -0.8846 0.4874 0.2289 -0.8426 0.2711 0.278 -0.9215 0.3577 0.2296 -0.9052 0.24 0.2557 -0.9365 0.2721 0.2778 -0.9213 0.2601 0.258 -0.9305 0.1573 0.2852 -0.9455 0.0402 0.2885 -0.9566 0.1435 0.2453 -0.9588 0.0125 0.2614 -0.9652 0.04 0.2884 -0.9567 0.2555 0.253 -0.9331 -0.1967 0.2866 -0.9376 -0.1941 0.2833 -0.9392 -0.062 0.2376 -0.9694 -0.0779 0.288 -0.9545 -0.497 0.2405 -0.8338 -0.63 0.2164 -0.7458 0.9461 0.0081 -0.3237 0.9949 0.0177 -0.0989 0.9929 0.0256 -0.1161 0.9725 0.0524 -0.2271 0.9384 0.0788 -0.3364 0.9389 0.0789 -0.3351 0.9388 0.0795 -0.335 0.8916 0.105 -0.4404 0.8322 0.1288 -0.5393 0.8332 0.1288 -0.5377 0.8335 0.1291 -0.5373 0.7602 0.157 -0.6304 0.7597 0.1521 -0.6322 0.6175 0.1852 -0.7644 0.6176 0.1854 -0.7643 0.5796 0.1919 -0.7919 0.2665 0.2265 -0.9368 0.5113 0.2022 -0.8353 -0.024 0.2383 -0.9709 -0.1498 0.2308 -0.9614 0.0466 0.2466 -0.968 -0.1428 0.2456 -0.9588 0.1671 0.2419 -0.9558 0.2848 0.2344 -0.9295 0.398 0.2229 -0.8899 0.5058 0.208 -0.8372 0.6067 0.1902 -0.7718 0.606 0.1898 -0.7725 0.6959 0.1675 -0.6984 0.7795 0.1417 -0.6101 0.7797 0.1407 -0.6101 0.8492 0.1172 -0.5149 0.9066 0.0917 -0.4118 0.907 0.0899 -0.4114 0.9512 0.0635 -0.3021 0.9747 0.0449 -0.219 -0.6209 0.21 -0.7552 -0.4186 0.2331 -0.8777 -0.5627 0.2372 -0.7919 -0.2518 0.2197 -0.9425 -0.4755 0.252 -0.8429 -0.5917 0.2281 -0.7732 -0.6119 0.24 -0.7536 -0.5103 0.1813 -0.8407 -0.8322 0.1291 -0.5392 -0.6834 0.0648 -0.7272 -0.0093 0.6693 -0.7429 -0.6436 -0.4074 -0.6479 -0.7212 0.489 -0.4908 0.0581 0.9456 -0.32 -0.4119 -0.4428 -0.7964 0.0585 -0.3185 -0.9461 -0.0924 0.296 -0.9507 -0.615 -0.2357 -0.7524 -0.5022 -0.3101 -0.8072 -0.6766 -0.3777 -0.632 -0.5017 -0.4274 -0.7521 -0.4439 -0.3894 -0.807 -0.6873 -0.2714 -0.6737 -0.6135 -0.377 -0.6939 -0.6352 -0.3244 -0.7009 -0.6205 -0.194 -0.7598 -0.3831 -0.3486 -0.8554 -0.4872 -0.3264 -0.81 -0.5684 -0.3118 -0.7614 -0.5799 -0.5406 -0.6095 -0.6741 -0.4375 -0.5951 -0.3941 -0.5364 -0.7463 -0.7264 -0.2729 -0.6307 -0.4756 -0.4851 -0.7338 -0.5262 -0.5763 -0.6253 -0.5617 -0.427 -0.7086 0.0322 -0.4962 -0.8676 -0.1996 -0.918 -0.3428 -0.7285 -0.5775 -0.3685 -0.8326 -0.5312 -0.157 -0.7692 -0.3263 -0.5495 -0.6234 -0.371 -0.6883 -0.7721 0.5214 -0.3633 -0.4483 -0.8304 0.3308 -0.4001 -0.857 0.3249 -0.686 -0.6437 0.3391 -0.7589 -0.54 -0.364 -0.8625 -0.4335 -0.2611 -0.8036 -0.4408 -0.4 -0.7696 -0.5213 -0.3688 -0.7579 -0.5091 -0.408 -0.9207 -0.3817 0.0813 -0.5557 -0.8246 -0.1056 -0.6627 -0.6281 -0.4078 -0.5696 -0.7521 -0.3314 0.7682 -0.5341 0.353 0.607 -0.6536 0.452 0.4208 -0.7372 0.5286 0.5499 -0.6785 0.4871 0.7538 -0.5312 0.3868 0.7873 -0.5322 0.3112 0.7413 -0.5782 0.3409 0.5201 -0.7472 0.4137 0.64 -0.6485 0.4122 0.4726 -0.7613 0.444 0.3263 -0.7953 0.5109 -0.2662 -0.8355 0.4808 -0.6967 -0.6232 0.3553 0.1577 -0.8338 0.529 0.1944 -0.8259 0.5292 -0.4463 -0.7278 0.5207 -0.0913 -0.8424 0.5311 0.0623 -0.8421 0.5357 -0.1026 -0.8631 0.4945 -0.1425 -0.8762 0.4603 -0.3422 -0.7572 0.5563 -0.6966 -0.5849 0.4156 -0.2787 -0.7815 0.5582 0.2831 -0.7796 0.5586 -0.3379 -0.8468 0.4107 -0.2333 -0.869 0.4363 -0.1427 0.4202 -0.8961 0.5767 0.3175 -0.7527 0.8154 0.2246 -0.5336 0.7715 0.2058 -0.602 0.8677 0.1408 -0.4767 0.5461 0.2307 -0.8053 0.9122 0.1616 -0.3765 0.7998 0.1426 -0.5831 0.461 0.2201 -0.8596 0.6234 0.2136 -0.7521 0.7166 0.1881 -0.6716 0.9338 0.0783 -0.349 0.8859 0.1229 -0.4474 0.8569 0.1195 -0.5015 0.4722 0.2926 -0.8315 0.5637 0.275 -0.7789 0.3412 0.2847 -0.8958 0.6507 0.2542 -0.7155 0.9245 0.0692 -0.3749 0.8485 0.1862 -0.4953 0.8429 0.196 -0.5011 0.4441 0.3502 -0.8247 0.8537 0.1974 -0.482 -0.0778 0.3774 -0.9228 -0.1726 0.4173 -0.8922 -0.0431 0.4063 -0.9127 0.3016 0.3741 -0.877 0.3332 0.3151 -0.8886 0.1534 0.3891 -0.9083 0.1683 0.3314 -0.9284 -0.208 0.3411 -0.9167 0.0081 0.2621 -0.965 -0.18 0.2869 -0.9409 0.0236 0.3141 -0.9491 -0.3377 0.3385 -0.8783 0.1873 0.2776 -0.9423 0.4609 0.2463 -0.8526 0.3487 0.2622 -0.8998 -0.2806 0.1997 -0.9388 -0.8244 -0.0204 -0.5656 -0.5237 -0.0506 -0.8504 -0.7658 0.0861 -0.6373 -0.7764 -0.4584 -0.4325 -0.7778 -0.4646 -0.4233 -0.681 -0.5095 -0.526 -0.547 -0.425 -0.7213 -0.1595 -0.8509 0.5006 0.4901 -0.7512 0.4421 0.846 -0.4218 0.3262 0.6679 -0.4809 -0.568 0.0784 0.023 -0.9967 0.6806 -0.7279 0.0835 0.9363 -0.1963 -0.2911 0.5772 0.038 -0.8158 0.8115 -0.1221 -0.5715 0.8376 -0.4616 -0.2921 0.8175 -0.5722 -0.0658 0.9573 -0.2864 0.0392 0.6598 0.1274 -0.7405 0.9294 -0.3688 0.0115 0.9148 -0.395 0.0842 -0.363 -0.8821 -0.3002 0.0965 -0.1468 -0.9844 0.5839 -0.071 -0.8087 0.1356 -0.7539 -0.6429 -0.1513 -0.7034 -0.6945 0.0399 -0.5699 -0.8207 0.436 -0.4561 -0.7758 0.5769 -0.8162 -0.0319 -0.3657 -0.8168 -0.4461 -0.1063 -0.9943 0.004 -0.2866 -0.4466 -0.8476 0.172 -0.8764 -0.4497 0.0246 -0.9672 -0.2527 0.0972 -0.9644 -0.2459 0.5593 -0.8206 -0.1174 0.9747 -0.0867 -0.2059 0.9762 -0.0548 -0.2099 -0.1322 -0.3379 -0.9318 0.5997 -0.3101 -0.7377 0.4978 -0.2855 -0.819 0.3015 0.2954 -0.9066 0.3987 0.1469 -0.9053 0.6917 0.2447 -0.6794 0.8633 0.1933 -0.4662 0.5621 0.074 -0.8238 -0.9967 0.0023 0.0805 -0.9981 -0.0013 0.0615 -0.9983 -0.0011 0.0591 0.486 -0.7733 0.4072 0.3316 -0.808 0.487 0.5757 -0.7822 0.2383 0.093 -0.9372 0.3363 -0.97 -0.1573 -0.1854 -0.3289 -0.7315 -0.5973 0.4199 -0.8979 -0.1323 0.4619 -0.8825 -0.0882 -0.4122 0.1497 -0.8987 0.1572 -0.7429 -0.6507 0.1394 -0.5824 -0.8009 0.2168 -0.869 -0.4448 0.2728 -0.9264 -0.2595 0.3289 -0.8023 -0.4982 0.4475 -0.8858 -0.1229 -0.451 -0.877 -0.1661 -0.9186 -0.2034 -0.3388 -0.9165 -0.3703 -0.1512 -0.3231 -0.0293 -0.9459 -0.3737 0.2963 -0.879 -0.1994 -0.0189 -0.9797 -0.281 0.1139 -0.9529 0.0794 -0.5523 -0.8298 0.0156 -0.533 -0.846 0.2443 -0.7115 -0.6588 -0.0241 -0.7852 -0.6187 -0.2254 -0.0511 -0.9729 -0.421 0.3927 -0.8177 -0.4791 0.545 -0.6881 -0.3506 0.2164 -0.9112 -0.1237 -0.2085 -0.9702 -0.0606 -0.3104 -0.9487 0.0052 -0.4098 -0.9122 0.0716 -0.5045 -0.8604 0.2012 -0.6689 -0.7156 0.1376 -0.5916 -0.7944 0.2748 -0.749 -0.6029 0.3636 -0.828 -0.4269 0.4403 -0.8713 -0.2166 -0.3529 0.2467 -0.9025 -0.6103 -0.7862 0.0972 -0.7667 -0.5942 0.243 -0.9995 0.0257 0.0162 -0.9446 0.2621 0.1974 0.3136 0.7829 0.5373 -0.3175 0.6238 0.7142 -0.9668 -0.0195 0.2548 0.2367 0.4245 0.874 -0.2184 0.3763 0.9004 -0.191 0.8831 0.4285 -0.0638 0.5698 -0.8193 -0.375 -0.7213 -0.5823 -0.3617 -0.8364 -0.4118 -0.3298 -0.6504 -0.6843 -0.2878 -0.3554 -0.8893 -0.3299 -0.4589 -0.825 0.3229 -0.3522 -0.8785 -0.2165 -0.5522 -0.8051 -0.0478 -0.2418 -0.9691 -0.4278 -0.2057 -0.8802 -0.4402 -0.2064 -0.8739 -0.3757 -0.1792 -0.9092 -0.3778 -0.1232 -0.9177 -0.1319 0.3772 -0.9167 0.0227 0.453 -0.8912 -0.0382 0.6841 -0.7284 0.0848 0.8102 -0.58 -0.5824 -0.2646 -0.7687 -0.6312 -0.5832 -0.5114 -0.7295 -0.5464 -0.4115 -0.8858 -0.2267 -0.4048 -0.586 -0.4833 -0.6504 -0.3874 0.1275 -0.9131 -0.4233 -0.1718 -0.8896 -0.5044 -0.2317 -0.8318 -0.291 -0.039 -0.9559 -0.7319 0.2948 -0.6143 0.7016 -0.4642 -0.5406 0.4889 -0.6341 -0.599 -0.3915 -0.6245 -0.6758 0.1905 -0.4209 -0.8869 0.6184 -0.5188 -0.5904 -0.414 -0.7334 -0.5391 -0.1179 -0.7865 -0.6063 -0.4283 -0.7425 -0.5151 -0.3476 -0.3535 -0.8685 -0.4809 -0.6218 -0.6182 -0.5168 -0.3301 -0.7899 -0.5232 -0.4504 -0.7234 -0.5402 -0.3137 -0.7808 -0.4364 -0.4626 -0.7717 -0.7315 -0.5528 -0.3991 -0.4804 -0.0706 -0.8742 -0.6023 -0.6399 -0.4772 -0.5917 -0.6495 -0.4775 -0.52 -0.6851 -0.5102 -0.5726 -0.6009 -0.5577 -0.4915 -0.4756 -0.7296 -0.4279 -0.2858 -0.8574 -0.3159 -0.2765 -0.9076 0.0039 0.0309 -0.9995 -0.4469 -0.7027 -0.5536 -0.4429 -0.6999 -0.5604 -0.3876 -0.7582 -0.5243 -0.716 -0.5566 -0.4214 -0.6412 -0.5994 -0.4792 0.2274 -0.7978 -0.5584 -0.5494 -0.6814 -0.4836 -0.6431 -0.5976 -0.4788 -0.6376 -0.6015 -0.4813 -0.6421 -0.5982 -0.4794 -0.7483 -0.496 -0.4404 -0.4806 -0.8686 0.1209 -0.6088 -0.6006 -0.5183 -0.4759 -0.6411 -0.602 -0.4163 -0.6843 -0.5987 0.2262 -0.7198 -0.6563 -0.7163 -0.5328 -0.4506 -0.5496 -0.6207 -0.5592 -0.5198 -0.6478 -0.5569 -0.3889 -0.9127 0.1252 -0.4679 -0.8036 -0.3678 -0.6311 -0.6301 -0.4524 -0.7458 -0.5133 -0.4247 -0.7342 -0.6181 -0.2808 0.4165 -0.8586 -0.2988 -0.326 -0.8918 -0.3138 -0.3891 -0.9178 -0.0796 0.1873 -0.9395 -0.287 -0.5809 -0.6652 -0.4691 -0.5542 -0.763 -0.3327 -0.7505 -0.4056 0.5218 0.0129 -0.7282 0.6853 -0.0868 -0.6491 0.7558 -0.8417 -0.5302 -0.1022 -0.6416 -0.5966 -0.4822 -0.1677 -0.7237 0.6695 -0.2786 -0.6222 0.7316 -0.2367 -0.7877 0.5688 -0.33 -0.898 0.2909 -0.5287 -0.8208 0.2163 -0.4425 -0.895 -0.0561 -0.6101 -0.7638 -0.2106 -0.6073 -0.7509 -0.2594 -0.4836 -0.7541 0.4444 -0.4092 -0.7308 0.5463 -0.275 -0.8567 0.4364 -0.1865 0.5124 -0.8383 -0.6179 -0.3838 -0.6862 -0.3065 0.248 -0.919 -0.2703 0.1945 -0.9429 -0.3615 0.0041 -0.9324 -0.3189 0.0403 -0.9469 -0.4751 -0.1583 -0.8656 -0.4999 -0.3033 -0.8113 -0.4949 -0.4985 -0.7118 -0.5527 -0.5709 -0.6071 -0.3429 0.125 -0.931 -0.2417 0.2669 -0.9329 -0.2101 0.3341 -0.9188 -0.1945 0.4185 -0.8871 -0.1948 0.6047 -0.7723 -0.2724 0.5733 -0.7727 -0.553 0.2416 -0.7974 -0.2689 0.4051 -0.8739 -0.1822 0.9305 -0.3177 -0.1903 0.9814 0.0232 -0.2193 0.9502 0.2213 -0.1957 0.9146 0.3537 -0.1908 0.8722 0.4505 -0.1913 0.8224 0.5358 -0.1141 0.7594 0.6405 -0.224 0.5491 0.8052 -0.1757 0.3065 0.9355 -0.1841 0.203 0.9617 -0.215 -0.0471 0.9755 -0.2391 -0.423 0.874 -0.1678 -0.4753 0.8637 -0.2028 -0.5998 0.774 -0.4119 -0.3001 0.8604 -0.3564 -0.1369 0.9243 -0.349 0.6952 0.6283 -0.3079 0.9029 0.2999 -0.2757 0.9271 -0.2538 -0.2544 0.8622 -0.4381 -0.1995 0.7107 -0.6746 -0.2075 -0.2349 0.9496 -0.244 0.145 0.9589 -0.2509 0.343 0.9052 -0.2466 0.6642 0.7057 -0.2524 0.777 0.5767 -0.2909 0.8495 0.4401 -0.2822 0.9565 0.0737 -0.2139 0.9649 -0.1522 -0.2845 0.7518 -0.5949 -0.9856 0.1095 0.1291 -0.4425 0.587 0.6779 -0.3017 0.6023 0.7391 -0.3676 0.9298 -0.0174 -0.4671 0.8842 0.006 -0.5791 0.8151 -0.0145 -0.7569 0.6533 -0.0177 -0.8871 0.4615 -0.0118 -0.9823 0.1873 -0.0001 -0.9597 0.281 -0.0092 -0.6697 0.7414 0.0423 -0.7174 0.6805 0.1492 -0.8287 0.544 0.1319 -0.8611 0.5001 0.0918 -0.3258 0.9405 0.0965 -0.8011 0.5516 0.2324 -0.8472 0.4967 0.1886 -0.2157 0.9382 0.2708 -0.8591 0.469 0.2051 -0.4535 0.7026 0.5484 -0.8572 0.4271 0.2877 -0.8148 0.5047 0.2852 -0.6362 0.6961 0.3327 -0.8469 0.4024 0.3476 -0.9133 0.2958 0.2801 -0.7911 0.6093 0.0546 -0.7555 0.6531 0.051 -0.7916 0.6034 0.0965 -0.7786 0.6198 0.0982 -0.8006 0.5786 0.1559 -0.8202 0.5523 0.149 -0.7572 0.6137 0.2238 -0.8612 0.4775 0.1741 -0.7704 0.5836 0.2566 -0.8689 0.4532 0.1992 -0.7986 0.5291 0.2869 -0.8853 0.4088 0.2217 -0.7778 0.5181 0.3558 -0.873 0.4026 0.2752 -0.8262 0.4338 0.3595 -0.8339 0.4248 0.3524 -0.8322 0.398 0.3859 -0.8099 0.4198 0.4096 -0.8888 0.4573 0.0317 -0.9001 0.4303 0.0682 -0.9192 0.3801 0.1026 -0.9378 0.3262 0.119 -0.9414 0.3088 0.1357 -0.9488 0.2778 0.1507 -0.9429 0.2749 0.188 -0.9254 0.2917 0.242 -0.9143 0.2898 0.2828 -0.9725 0.2325 0.0145 -0.9752 0.2186 0.0347 -0.98 0.1922 0.0519 -0.9846 0.1644 0.06 -0.9854 0.1561 0.0686 -0.9873 0.1395 0.0757 -0.986 0.1379 0.0942 -0.9814 0.1476 0.1224 -0.9788 0.1468 0.1431 -0.9523 0.1963 0.2336 -0.4816 0.5691 0.6665 -0.5915 0.5218 0.6147 -0.9233 0.2534 0.2886 -0.9579 0.19 0.2153 -0.9078 0.2707 0.3204 -0.9003 0.4267 -0.0857 -0.9773 0.208 -0.0409 -0.9803 0.1906 -0.0526 -0.309 0.9399 -0.1453 -0.6335 0.7719 -0.0536 -0.6103 0.7888 -0.0724 -0.7246 0.6755 -0.1366 -0.6696 0.728 -0.1469 -0.4821 0.8435 -0.2367 -0.3831 0.8893 -0.2498 -0.9072 0.405 -0.1137 -0.9589 0.2732 -0.0764 -0.779 0.6147 -0.1237 -0.9213 0.3744 -0.1047 -0.6174 0.7712 -0.1553 -0.5898 0.7776 -0.218 -0.481 0.8442 -0.2366 -0.9824 0.185 -0.025 -0.8957 0.4423 -0.0471 -0.7684 0.6364 -0.0678 -0.5998 0.7957 -0.0847 -0.9833 0.019 0.1808 -0.9082 0.0539 0.4151 -0.7744 0.0815 0.6274 -0.7735 0.0061 0.6337 -0.8979 0.0043 0.4402 -0.9682 0.007 0.2501 -0.9995 -0.0033 0.0327 -0.5755 0.1053 0.811 -0.5869 0.1037 0.803 -0.5359 -0.0124 0.8442 -0.4125 0.0046 0.9109 -0.5114 0.0075 0.8593 -0.6075 0.0068 0.7943 -0.3132 0.0587 0.9479 0.2724 0.1796 0.9453 0.1794 0.223 0.9582 0.1609 0.3349 0.9284 -0.5761 0.2071 0.7907 -0.3785 0.2496 0.8913 -0.4135 0.3758 0.8293 -0.5275 0.3395 0.7788 -0.3575 0.4283 0.8299 -0.552 0.4881 0.6761 -0.4584 0.4702 0.7542 -0.3828 0.5136 0.7679 0.2794 0.4661 0.8395 -0.5752 0.4466 0.6853 -0.9865 0.0892 0.1376 -0.9081 0.2286 0.3507 -0.7744 0.3454 0.5301 -0.5784 0.3413 0.7409 -0.7748 0.2645 0.5742 -0.9085 0.1749 0.3796 -0.9862 0.0699 0.1503 -0.5783 0.2223 0.7849 -0.7748 0.1723 0.6083 -0.9084 0.1139 0.4022 -0.9871 0.0436 0.1541 -0.7741 0.5899 -0.2297 -0.9932 -0.0011 -0.1163 -0.9808 0.0217 -0.194 -0.5548 0.7751 -0.3024 -0.3848 0.8601 -0.335 -0.4481 0.8114 -0.3753 -0.3853 0.8038 -0.4532 -0.4746 0.7607 -0.4428 -0.4714 0.7334 -0.4898 -0.3852 0.7211 -0.5759 -0.4387 0.7069 -0.5548 -0.4263 0.6594 -0.6193 -0.3853 0.6198 -0.6836 -0.6011 0.5329 -0.5955 -0.5046 0.5268 -0.684 -0.3853 0.5027 -0.7739 -0.4855 0.4932 -0.7219 -0.3853 0.439 -0.8116 -0.3851 0.3726 -0.8443 -0.5026 0.3531 -0.7891 -0.4104 0.3002 -0.8611 -0.3853 0.233 -0.8929 -0.5656 0.198 -0.8006 -0.4986 0.1503 -0.8537 -0.6164 0.1008 -0.781 -0.5178 -0.0168 -0.8554 -0.2719 0.0275 -0.9619 -0.5908 0.0894 -0.8019 -0.5105 -0.0021 -0.8599 -0.4106 -0.0022 -0.9118 -0.7743 0.0702 -0.6289 -0.7735 -0.0016 -0.6338 -0.6076 -0.002 -0.7942 -0.8983 -0.0024 -0.4393 -0.9745 -0.0016 -0.2245 -0.9412 -0.0019 -0.3377 -0.908 0.0466 -0.4164 -0.9868 0.0397 -0.1571 -0.9874 0.0641 -0.1444 -0.9878 0.0838 -0.131 -0.9882 0.1031 -0.1134 -0.9868 0.1271 -0.1 -0.9895 0.1267 -0.0703 -0.9296 0.341 -0.1396 -0.5907 0.7519 -0.2929 -0.5914 0.7024 -0.3961 -0.5914 0.6301 -0.5032 -0.5914 0.5416 -0.5974 -0.5914 0.4392 -0.6762 -0.5914 0.3256 -0.7377 -0.5913 0.2036 -0.7803 -0.7749 0.5506 -0.3105 -0.7749 0.4939 -0.3944 -0.7749 0.4246 -0.4683 -0.7749 0.3443 -0.5301 -0.7749 0.2552 -0.5783 -0.7749 0.1596 -0.6116 -0.9085 0.364 -0.2052 -0.9085 0.3265 -0.2607 -0.9085 0.2807 -0.3095 -0.9085 0.2276 -0.3504 -0.9085 0.1687 -0.3823 -0.9085 0.1055 -0.4043 -0.6453 -0.5723 -0.5061 -0.8976 -0.0384 0.4391 -0.6554 -0.058 0.753 -0.6022 -0.0625 0.7959 -0.6084 -0.0691 0.7907 -0.9747 -0.0218 0.2223 -0.5891 -0.1455 0.7949 -0.3531 -0.1364 0.9256 -0.4545 -0.2257 0.8617 -0.6881 -0.2002 0.6975 -0.648 -0.2911 0.7038 -0.5896 -0.3204 0.7415 -0.2258 -0.3234 0.9189 -0.6395 -0.213 0.7387 0.0295 -0.5275 0.8491 -0.5964 -0.3954 0.6986 -0.351 -0.4311 0.8312 -0.4348 -0.5035 0.7466 -0.6572 -0.4351 0.6154 0.0789 -0.7245 0.6848 -0.5809 -0.5513 0.5988 -0.3228 -0.6142 0.7202 -0.5331 -0.5191 0.6681 -0.2175 -0.7137 0.6658 -0.6069 -0.5985 0.523 -0.703 -0.5353 0.4682 -0.257 -0.7504 0.6089 -0.6951 -0.5865 0.4158 -0.5333 -0.7096 0.4604 -0.3387 -0.8131 0.4735 -0.5847 -0.716 0.3814 -0.6524 -0.6997 0.2912 -0.6043 -0.7395 0.2965 -0.3187 -0.8523 0.4148 -0.7243 -0.6031 0.3342 -0.2614 -0.9191 0.2949 -0.6292 -0.7459 0.2184 -0.4193 -0.8926 0.1655 -0.5809 -0.8045 0.1238 -0.4931 -0.8453 0.2056 -0.2806 -0.9391 0.1985 -0.6789 -0.7326 0.0489 -0.6016 -0.798 0.0355 -0.2874 -0.9544 0.0803 -0.6328 -0.7632 0.1308 0.0225 -0.9995 -0.0221 -0.2022 -0.9788 -0.0332 -0.6747 -0.7369 -0.0411 -0.6724 -0.73 -0.122 -0.5767 -0.8031 -0.1497 -0.2522 -0.9581 -0.1354 -0.5412 -0.8371 -0.0802 -0.2717 -0.9392 -0.2102 -0.5986 -0.7671 -0.2309 -0.5958 -0.7357 -0.3223 -0.7001 -0.6585 -0.2761 -0.2534 -0.9069 -0.3365 -0.6169 -0.7568 -0.216 -0.1045 -0.8346 -0.5408 -0.5435 -0.7286 -0.4169 -0.1725 -0.8815 -0.4396 -0.3931 -0.7612 -0.5157 -0.5955 -0.6495 -0.4728 -0.6117 -0.6465 -0.456 -0.2565 -0.7386 -0.6234 -0.5522 -0.5954 -0.5836 -0.6077 -0.5354 -0.5866 -0.5749 -0.5359 -0.6183 -0.7108 -0.4157 -0.5675 -0.5925 -0.458 -0.6627 -0.3854 -0.5522 -0.7393 -0.2526 -0.5187 -0.8168 -0.6141 -0.3842 -0.6893 -0.5431 -0.349 -0.7637 -0.5627 -0.3037 -0.7688 -0.4205 -0.4025 -0.8131 -0.3676 -0.3684 -0.8539 -0.0712 -0.2087 -0.9754 -0.5819 -0.2153 -0.7842 -0.2659 -0.2949 -0.9178 -0.5912 -0.3108 -0.7442 -0.664 -0.0416 -0.7466 -0.5021 -0.0657 -0.8623 -0.6082 -0.1331 -0.7825 -0.4326 -0.1698 -0.8854 -0.5053 -0.0924 -0.858 -0.8978 -0.0817 0.4327 -0.9816 -0.032 0.1882 -0.9124 -0.1118 0.3937 -0.898 -0.147 0.4147 -0.9733 -0.0753 0.2166 -0.8978 -0.179 0.4024 -0.9746 -0.0911 0.2047 -0.8978 -0.2203 0.3813 -0.9746 -0.1121 0.194 -0.8972 -0.2525 0.3624 -0.9742 -0.1289 0.185 -0.8972 -0.2749 0.3457 -0.9742 -0.1403 0.1765 -0.8978 -0.3021 0.3204 -0.9746 -0.1537 0.163 -0.8978 -0.3341 0.2868 -0.9746 -0.17 0.1459 -0.8972 -0.3582 0.2584 -0.9779 -0.1699 0.1221 -0.8972 -0.3739 0.2352 -0.9747 -0.1906 0.1171 -0.8978 -0.3911 0.2023 -0.9746 -0.199 0.1029 -0.8978 -0.4102 0.1601 -0.9746 -0.2087 0.0814 -0.8972 -0.4235 0.1252 -0.9742 -0.2163 0.0639 -0.8972 -0.4306 0.0982 -0.9742 -0.2199 0.0502 -0.8978 -0.4361 0.0615 -0.9746 -0.2218 0.0313 -0.8978 -0.4401 0.0153 -0.9746 -0.2239 0.0078 -0.8971 -0.4412 -0.022 -0.9742 -0.2252 -0.0113 -0.8972 -0.4389 -0.0499 -0.9742 -0.2241 -0.0254 -0.8978 -0.4318 -0.0863 -0.9746 -0.2197 -0.0439 -0.8978 -0.4203 -0.1312 -0.9746 -0.2138 -0.0668 -0.8972 -0.409 -0.1668 -0.9742 -0.2088 -0.0852 -0.8972 -0.3976 -0.1923 -0.9742 -0.203 -0.0982 -0.8978 -0.3789 -0.2244 -0.9746 -0.1927 -0.1142 -0.8978 -0.3532 -0.263 -0.9746 -0.1797 -0.1338 -0.8972 -0.3307 -0.2928 -0.9742 -0.1688 -0.1495 -0.8972 -0.3115 -0.3131 -0.9742 -0.1591 -0.1598 -0.8978 -0.2833 -0.3372 -0.9746 -0.1441 -0.1715 -0.8978 -0.2462 -0.3651 -0.9746 -0.1253 -0.1857 -0.8972 -0.2152 -0.3858 -0.9742 -0.1098 -0.197 -0.8971 -0.1904 -0.3986 -0.9742 -0.0972 -0.2035 -0.8978 -0.1557 -0.4119 -0.9746 -0.0792 -0.2095 -0.8978 -0.1115 -0.426 -0.9746 -0.0567 -0.2167 -0.8974 -0.0727 -0.4352 -0.9743 -0.037 -0.222 -0.8973 -0.0398 -0.4395 -0.9743 -0.0203 -0.2242 -0.6085 -0.1472 0.7797 -0.6079 -0.213 0.7649 -0.6156 -0.2603 0.7438 -0.6086 -0.3226 0.725 -0.6087 -0.397 0.687 -0.608 -0.4541 0.6513 -0.6064 -0.4886 0.6273 -0.6086 -0.5444 0.5773 -0.6086 -0.602 0.5169 -0.608 -0.6441 0.4641 -0.6097 -0.667 0.4283 -0.6086 -0.7048 0.3646 -0.6086 -0.7392 0.2885 -0.6077 -0.7615 0.2252 -0.6078 -0.7742 0.1765 -0.6087 -0.7857 0.1107 -0.6086 -0.793 0.0275 -0.608 -0.7929 -0.0399 -0.6085 -0.7892 -0.0832 -0.6086 -0.778 -0.1556 -0.6086 -0.7574 -0.2365 -0.6088 -0.7339 -0.3013 -0.6487 -0.6823 -0.337 -0.6086 -0.6827 -0.4043 -0.6086 -0.6364 -0.4739 -0.6067 -0.5965 -0.5254 -0.572 -0.5827 -0.5772 -0.6087 -0.5103 -0.6075 -0.6086 -0.4437 -0.6578 -0.6078 -0.3869 -0.6935 -0.6078 -0.3422 -0.7166 -0.6086 -0.2805 -0.7422 -0.6086 -0.2009 -0.7676 -0.608 -0.1308 -0.7831 -0.608 -0.0715 -0.7907 -0.7733 -0.0552 0.6316 -0.7736 -0.1176 0.6227 -0.7727 -0.17 0.6115 -0.7728 -0.2084 0.5995 -0.7736 -0.2576 0.579 -0.7736 -0.3171 0.5487 -0.7728 -0.3628 0.5208 -0.7727 -0.3951 0.4968 -0.7735 -0.4348 0.4611 -0.7736 -0.4808 0.4128 -0.7727 -0.5148 0.3713 -0.7728 -0.5372 0.338 -0.7736 -0.5628 0.2912 -0.7736 -0.5904 0.2304 -0.7728 -0.6086 0.18 -0.7727 -0.6188 0.1411 -0.7735 -0.6276 0.0885 -0.7736 -0.6333 0.022 -0.7727 -0.6339 -0.0316 -0.7728 -0.6306 -0.0717 -0.7736 -0.6214 -0.1242 -0.7736 -0.6049 -0.1889 -0.7728 -0.5877 -0.2397 -0.7728 -0.5714 -0.2764 -0.7736 -0.5452 -0.3229 -0.7736 -0.5083 -0.3785 -0.7728 -0.4752 -0.4207 -0.7728 -0.4476 -0.4499 -0.7736 -0.4076 -0.4852 -0.7736 -0.3543 -0.5254 -0.7728 -0.3092 -0.5543 -0.7727 -0.2735 -0.5728 -0.7736 -0.224 -0.5928 -0.7736 -0.1605 -0.613 -0.773 -0.1045 -0.6258 -0.773 -0.0571 -0.6318 -0.9549 -0.226 -0.1926 -0.9389 -0.2663 -0.2181 -0.6249 -0.6516 -0.4299 -0.9028 -0.3363 -0.2682 -0.8388 -0.4358 -0.3264 -0.9314 -0.3616 -0.0419 -0.9235 -0.3824 0.0316 -0.9123 -0.2483 0.3256 -0.9755 -0.0339 -0.2173 -0.9751 -0.0686 -0.211 -0.8343 -0.3175 -0.4507 -0.8837 0.0629 -0.4638 -0.8842 0.1295 -0.4487 -0.8705 0.1366 -0.4729 -0.829 0.2712 0.4891 -0.8316 0.5534 -0.0475 -0.9231 0.3837 -0.0242 -0.7942 0.4239 0.4354 -0.7804 -0.054 0.6229 -0.9168 0.068 0.3934 -0.832 -0.2165 0.5108 -0.8392 0.0085 -0.5437 -0.4378 0.135 -0.8889 -0.8465 -0.2847 0.4498 -0.7912 -0.1511 0.5926 -0.8607 0.023 0.5086 -0.8058 0.1868 0.5619 -0.8509 0.3124 0.4223 -0.7647 0.6401 -0.0736 -0.918 0.3964 -0.011 -0.9229 0.382 -0.0486 -0.9163 0.3998 0.0236 -0.6886 0.6972 -0.1993 -0.5583 0.7641 -0.3232 -0.7647 0.5405 -0.3509 -0.4984 0.6652 -0.556 -0.8136 0.3804 -0.4397 -0.6737 0.4479 -0.5878 -0.5537 0.4598 -0.6943 -0.8247 0.5602 -0.078 -0.8935 0.4343 -0.1144 -0.8918 0.4155 -0.1791 -0.89 0.3876 -0.2402 -0.887 0.3524 -0.2985 -0.883 0.3099 -0.3526 -0.878 0.2601 -0.4019 -0.8745 0.2012 -0.4414 -0.6178 0.3437 -0.7072 -0.8854 0.1928 -0.423 -0.8871 0.2508 -0.3875 -0.8902 0.3007 -0.3421 -0.8926 0.344 -0.2913 -0.8948 0.3795 -0.2352 -0.8963 0.4072 -0.1755 -0.8978 0.4257 -0.1128 -0.8983 0.4351 -0.0608 -0.7595 -0.4361 -0.4827 -0.9029 -0.2918 -0.3157 -0.9009 -0.2446 -0.3586 -0.786 -0.2587 -0.5615 -0.8975 -0.1921 -0.397 -0.8713 -0.1443 -0.4691 -0.893 -0.1341 -0.4297 -0.867 -0.0774 -0.4923 -0.8878 -0.0717 -0.4547 -0.8664 -0.0053 -0.4993 -0.885 -0.0051 -0.4655 -0.8677 0.0669 -0.4926 -0.7073 0.2561 -0.6589 -0.6917 -0.0957 -0.7158 -0.6442 -0.2331 -0.7285 -0.944 -0.2242 -0.2422 -0.9934 0.1142 -0.0122 -0.9936 0.1093 -0.0268 -0.369 0.8793 -0.3011 -0.9929 0.1085 -0.0491 -0.9928 0.1013 -0.0645 -0.9888 0.1156 -0.0947 -0.9899 0.0944 -0.1055 -0.9859 0.0925 -0.1394 -0.9888 0.0632 -0.1355 -0.986 0.0799 -0.1461 -0.9884 0.0166 -0.1512 -0.9904 0.001 -0.1379 -0.5096 -0.0714 -0.8574 -0.9972 -0.0176 -0.0726 -0.9865 -0.1124 -0.1193 -0.982 -0.1054 -0.157 -0.9832 -0.0793 -0.1642 -0.9579 -0.0007 -0.2869 -0.9558 0.0401 -0.2914 -0.9544 0.0834 -0.2866 -0.954 0.125 -0.2725 -0.9542 0.1632 -0.2508 -0.9561 0.194 -0.2197 -0.9581 0.219 -0.1847 -0.9605 0.2369 -0.1463 -0.9618 0.251 -0.1097 -0.9776 -0.0782 0.1952 -0.9842 -0.0151 0.1764 -0.9796 0.0103 0.2007 -0.9716 0.078 0.2234 -0.9848 0.0362 0.1699 -0.9843 0.0857 0.1543 -0.9806 0.1208 0.1541 -0.9716 0.1951 0.1343 -0.9811 0.1383 0.1352 -0.9829 0.1637 0.0848 -0.98 0.1888 0.0629 -0.9639 0.2579 -0.0666 -0.9658 0.2577 -0.0288 -0.9783 0.2071 0.0092 -0.9759 0.2148 0.0381 -0.92 0.3789 -0.1003 -0.9181 0.3641 -0.1567 -0.9165 0.3401 -0.2105 -0.9144 0.3091 -0.2613 -0.9127 0.2701 -0.3067 -0.9111 0.2243 -0.3459 -0.9113 0.1711 -0.3744 -0.9123 0.1139 -0.3934 -0.9143 0.0547 -0.4013 -0.9179 -0.0041 -0.3968 -0.9232 -0.0596 -0.3798 -0.9301 -0.1092 -0.3507 -0.9362 -0.1528 -0.3164 -0.9405 -0.1914 -0.2807 -0.9489 -0.0715 0.3073 -0.9239 -0.0337 0.3812 -0.9258 0.0224 0.3774 -0.9274 0.0768 0.3662 -0.9282 0.1291 0.349 -0.9282 0.179 0.3261 -0.928 0.2253 0.2967 -0.9274 0.2675 0.2614 -0.8805 0.3734 0.2922 -0.9297 0.3278 0.1679 -0.9271 0.353 0.126 -0.9117 0.4015 0.0871 0.4086 -0.8823 -0.2337 0.8027 -0.4961 -0.3309 0.7706 0.5183 -0.3709 -0.9386 0.2796 0.202 -0.964 0.1523 0.218 -0.9399 0.278 0.1984 -0.9156 0.3576 0.1836 -0.8507 0.5049 0.1462 -0.8083 0.5757 0.1233 -0.7604 0.6414 0.1019 -0.706 0.7036 0.0804 -0.6488 0.7589 0.0565 -0.5845 0.8108 0.0325 -0.5163 0.8564 0.0105 -0.3698 0.9283 -0.0394 -0.2915 0.9544 -0.0644 -0.2178 0.9722 -0.0858 -0.0644 0.9898 -0.1274 0.0121 0.9891 -0.1468 0.0949 0.9813 -0.1676 0.3542 0.907 -0.2277 0.2295 0.9529 -0.1981 -0.9699 -0.0869 0.2273 0.1278 -0.976 -0.1763 -0.0314 -0.9902 -0.1358 -0.1127 -0.987 -0.1144 0.3843 -0.894 -0.2302 0.299 -0.9298 -0.2146 0.2074 -0.9583 -0.1964 -0.1927 -0.9769 -0.092 -0.2712 -0.9601 -0.0688 -0.3483 -0.9364 -0.0438 -0.4214 -0.9066 -0.0215 -0.4948 -0.869 0.0014 -0.6267 -0.7777 0.0498 -0.6849 -0.725 0.0718 -0.7387 -0.6675 0.0936 -0.8998 -0.3996 0.1749 -0.8284 -0.5435 0.1354 -0.9622 -0.1562 0.2232 -0.9481 -0.2401 0.2086 -0.927 -0.3213 0.1935 -0.6472 0.0648 -0.7595 -0.6257 -0.136 -0.7681 -0.5834 -0.302 -0.754 -0.6387 -0.3873 -0.6649 -0.6164 -0.5389 -0.5741 -0.5649 -0.6732 -0.4772 -0.6491 -0.6893 -0.3218 -0.6258 -0.7777 -0.0594 -0.629 -0.7774 0.0027 -0.5685 -0.7928 -0.2196 -0.6321 -0.7647 0.1253 -0.6355 -0.7137 0.2944 -0.6287 -0.6333 0.4513 -0.5592 -0.5457 0.6241 -0.6355 -0.4346 0.6382 -0.6603 -0.2633 0.7034 -0.6636 0.7273 -0.1751 -0.6337 0.6878 -0.3541 -0.6028 0.6116 -0.5124 -0.548 0.4124 -0.7277 -0.5804 0.2692 -0.7686 -0.5691 0.8211 -0.043 -0.5115 0.847 0.1447 -0.5558 0.7822 0.2814 -0.5081 0.7316 0.4545 -0.6323 0.5571 0.5384 -0.5942 0.1609 0.788 -0.6175 0.3998 0.6774 -0.5589 -0.0307 0.8286 -0.6663 0.2553 0.7006</float_array><technique_common><accessor count="3154" source="#_04_05_ELBOW_URDF_0-mesh-slim-nrm-array" stride="3"><param type="float" name="X"/><param type="float" name="Y"/><param type="float" name="Z"/></accessor></technique_common></source><source id="_04_05_ELBOW_URDF_0-mesh-slim-pos"><float_array count="9462" id="_04_05_ELBOW_URDF_0-mesh-slim-pos-array">-61.54129 -54.02377 11.63412 -62.56921 -45.40362 21.92609 -59.9148 -54.69883 6.778061 -54.66553 -62.83751 -11.44122 -59.8145 -55.96119 6.120329 -53.95089 -61.46518 -13.27333 -53.72165 -63.02293 -24.33232 -52.96596 -62.08873 -20.25605 -52.93544 -34.14422 -47.67052 -52.93384 -42.16273 -45.24937 -53.23766 -33.27885 -48.24855 -53.23061 -41.84983 -45.64741 -53.24588 -47.44181 -42.98728 -52.90831 -51.29014 -39.92548 -52.87855 -56.63254 -34.35305 -53.24538 -53.0098 -38.94544 -52.89232 -61.32697 -24.57843 -53.21928 -59.41698 -30.93417 -53.11899 -25.15408 -49.19957 -53.4885 -23.65494 -49.91129 -61.62681 5.155336 -51.35655 -56.66583 -10.14785 -51.73924 -54.16859 -17.42503 -49.75589 -63.00527 23.25016 -45.25755 -62.47319 13.43592 -47.88675 -62.94922 49.66363 10.41773 -62.88893 39.49506 -31.44783 -63.11993 45.67613 -22.25384 -62.78594 37.26933 -32.46614 -62.92224 50.52855 2.461999 -62.78614 47.81862 -12.04991 -62.78612 47.83255 12.30804 -62.90294 32.63156 38.68836 -62.78612 40.6175 28.6457 -62.78612 24.8081 42.46796 -62.91009 -4.888631 50.33168 -62.78613 2.823583 49.33396 -62.93312 -17.35709 47.46441 -62.78614 -17.52024 46.42659 -62.90548 -33.83919 37.7074 -62.78615 -28.781 40.48423 -61.0785 4.85923 -49.77591 -64.52678 20.93691 48.56869 -64.47588 47.41764 -23.53066 -64.53598 47.45402 -23.54265 -64.53625 48.9271 -20.28152 -64.79233 36.33052 -38.57829 -64.66327 37.16561 -37.83751 -64.66284 34.67447 -40.13438 -64.47374 -20.86094 48.65446 -64.42299 -20.84946 48.60458 -64.42307 -14.11943 50.94054 -64.42276 -7.120422 52.3535 -64.59604 -17.52984 50.02081 -64.59609 -14.11781 51.08192 -64.66117 -14.10635 51.11243 -64.6612 -17.52025 50.04915 -64.66117 -20.85405 48.75821 -64.59595 -20.86182 48.73224 -64.66094 -10.62113 51.94462 -64.53923 34.65308 -40.10519 -64.53763 33.13161 -41.38125 -64.59857 34.66839 -40.12726 -64.58421 33.13956 -41.39573 -64.59366 33.14011 -41.3968 -64.65856 33.14387 -41.40415 -64.79262 37.43819 -37.56457 -64.65557 39.50198 -35.35964 -64.59841 37.15642 -37.83207 -64.5985 39.49284 -35.38187 -64.53505 37.14279 -37.81933 -64.53472 39.47573 -35.37054 -64.72022 39.51598 -35.33653 -64.72705 43.90019 -29.72257 -64.66408 41.80086 -32.63826 -64.66435 43.90581 -29.74133 -64.59872 41.78524 -32.63598 -64.53479 41.76443 -32.62617 -64.72259 47.49784 -23.52145 -64.66437 47.51052 -23.54517 -64.66445 45.81299 -26.70454 -64.5992 45.79102 -26.70535 -64.59898 43.88695 -29.74059 -64.53511 43.86246 -29.73232 -64.72982 49.00785 -20.26921 -64.79586 50.05402 -17.52247 -64.66407 48.98966 -20.2805 -64.59879 50.2152 -16.92885 -64.59929 47.48559 -23.54755 -64.72893 51.29156 -13.47514 -64.72263 50.25397 -16.89545 -64.75849 50.26169 -16.87919 -64.59718 52.02813 -10.00353 -64.66275 51.27093 -13.48944 -64.66352 50.24537 -16.92305 -64.66175 52.06245 -9.993927 -64.66056 52.61635 -6.453064 -64.59465 52.89222 -2.896011 -64.72656 52.95211 -2.864197 -64.75109 52.83254 4.30835 -64.72451 52.85352 4.301849 -64.75507 51.7754 11.39177 -64.72233 51.79005 11.38689 -64.69374 52.6294 -6.445251 -64.69255 52.94305 -2.873848 -64.68987 52.84457 4.291626 -64.68704 51.78124 11.37656 -64.71869 33.26874 41.29034 -64.68132 38.52492 36.41621 -64.71794 38.53524 36.42396 -64.6813 43.08248 30.89085 -64.71792 43.09199 30.89937 -64.68237 46.85491 24.80025 -64.71873 46.86387 24.80957 -64.75338 27.39796 45.384 -64.74781 33.25892 41.27249 -64.75144 38.52602 36.4124 -64.74835 43.07585 30.88939 -64.75305 46.85068 24.80669 -64.71999 27.39855 45.39889 -64.68409 27.38655 45.39168 -64.68235 33.25751 41.28305 -64.72159 21.02614 48.67958 -64.68628 21.01368 48.67215 -64.68856 14.24999 51.06569 -64.72326 14.26249 51.07352 -64.75593 14.26951 51.05981 -64.72478 7.24369 52.53194 -64.72605 0.09256 53.0307 -64.69065 7.231621 52.52377 -64.69239 0.081345 53.02241 -64.7554 0.103127 53.01604 -64.75082 -7.057854 52.54089 -64.72654 -3.495979 52.91676 -64.69308 -3.506638 52.90855 -64.75192 7.249977 52.5121 -64.65921 52.92966 -2.882362 -64.65615 52.83073 4.281883 -64.59151 52.79117 4.264107 -64.65293 51.7672 11.36584 -64.58811 51.72645 11.34405 -64.64992 49.75901 18.24187 -64.58491 49.71783 18.21628 -64.64759 46.84074 24.7885 -64.58242 46.79987 24.75946 -64.64636 43.06819 30.87892 -64.5811 43.02825 30.84688 -64.64639 38.51053 36.40413 -64.58113 38.47209 36.36957 -64.64756 33.24308 41.27077 -64.58238 33.20673 41.23418 -64.6496 27.37227 45.37912 -64.58455 27.33856 45.34102 -64.65213 20.99984 48.6593 -64.58722 20.96925 48.62031 -64.65476 14.2369 51.05263 -64.58998 14.20983 51.0135 -64.65718 7.219612 52.51065 -64.59248 7.196365 52.47226 -64.65917 0.070709 53.00961 -64.59446 0.051422 52.97284 -64.65995 -3.516495 52.89607 -64.59571 -7.102638 52.50593 -64.76035 -10.59323 51.96704 -64.72717 -10.60365 51.96374 -64.72692 -7.068283 52.56013 -64.72727 -14.09049 51.13035 -64.66056 -7.087326 52.54008 -64.59601 -10.6345 51.91215 -64.53339 -14.12431 51.0415 -64.53296 -20.8643 48.69694 -64.72716 -20.84167 48.77293 -64.69423 -17.51379 50.05911 -64.72725 -17.50605 50.06557 -64.69419 -14.09903 51.12323 -64.69398 -10.61295 51.95611 -64.69361 -7.078285 52.55215 -64.47681 -30.2597 43.46962 -64.53695 -27.24365 45.43436 -64.59825 -27.24335 45.45938 -64.53408 -33.14713 41.3614 -64.55357 -33.14977 41.3707 -64.59171 -33.15 41.38086 -64.59626 -33.15002 41.38206 -64.71828 -27.22767 45.48108 -64.72549 -33.1468 41.40321 -64.72317 -33.14696 41.40315 -64.72711 -24.09744 47.25029 -64.66114 -24.10777 47.23732 -64.65948 -27.23863 45.47688 -64.67023 -33.15047 41.40179 -64.37717 33.08311 -41.29114 -64.37331 34.60215 -40.0235 -64.37613 33.08259 -41.29015 -64.42173 34.62417 -40.06033 -64.40549 33.09749 -41.31836 -64.47474 33.11867 -41.35757 -64.37052 39.33337 -35.34925 -64.32975 38.86304 -35.80971 -64.34422 33.1463 -41.19624 -64.41971 43.79752 -29.68939 -64.41932 39.42551 -35.32075 -64.33145 46.09888 -25.42246 -64.33977 43.92999 -29.34908 -64.42237 48.84362 -20.25398 -64.33254 47.9324 -22.12002 -64.42147 47.37632 -23.50949 -64.42302 50.08828 -16.90633 -64.42347 51.88584 -9.998452 -64.33452 50.76819 -14.35858 -64.42137 7.142639 52.30516 -64.30577 5.724278 52.34838 -64.42216 0.016167 52.81167 -64.3345 -2.619732 52.64326 -64.42295 -10.64401 51.76497 -64.35425 -10.79284 51.65075 -64.33385 -26.23197 45.8333 -64.3338 -18.74404 49.3336 -64.37565 -27.21235 45.32362 -64.37478 -33.09963 41.2579 -64.33646 -33.03879 41.24986 -64.47415 -27.2464 45.41229 -64.47467 -30.26194 43.47206 -64.42242 -30.24657 43.43248 -64.4755 -33.13922 41.33346 -64.47161 -33.13793 41.33081 -64.42245 -33.12174 41.29698 -64.39533 -33.11281 41.27832 -64.66293 33.14413 -41.40465 -64.69682 33.14609 -41.40849 -64.87939 33.72592 -40.93331 -64.79354 40.66578 -34.0432 -64.79431 43.56232 -30.24746 -70.2235 43.81023 -28.57689 -64.79508 46.10548 -26.20747 -64.8568 48.49892 -21.60413 -64.7955 48.44992 -21.51909 -64.79589 50.2461 -16.88242 -64.79592 50.33024 -16.6021 -64.79622 51.71778 -11.52502 -64.79629 52.04032 -9.946122 -64.7529 52.06522 -9.966042 -64.79637 52.38267 -8.270318 -64.79643 52.59905 -6.336739 -64.79652 52.91405 -3.521866 -64.75733 52.93905 -2.85379 -64.72826 52.0839 -9.978219 -64.72747 52.63842 -6.436058 -64.79649 52.92796 -2.871836 -64.79661 53.01603 1.249176 -64.79664 52.80951 4.251981 -64.79666 52.68821 6.015472 -64.79667 51.93316 10.72985 -64.79689 49.3401 19.37898 -64.74878 49.76096 18.2616 -64.79668 50.75753 15.35753 -64.79668 50.96966 14.52246 -64.68441 49.77312 18.25324 -64.72031 49.78188 18.26323 -64.79667 49.16939 19.86238 -64.79666 47.18342 24.20448 -64.79666 47.12335 24.30961 -64.79664 44.81501 28.35039 -64.79664 44.46478 28.8539 -64.79664 43.05676 30.87819 -64.79663 42.17155 32.15083 -64.79663 41.36914 33.11075 -64.79662 39.11754 35.8042 -64.79654 35.70112 39.21175 -64.79647 34.00974 40.6164 -64.7964 31.9875 42.29584 -64.79605 25.32353 46.53505 -64.74888 21.02438 48.65794 -64.79629 29.81289 43.79018 -64.79621 28.01138 45.02814 -69.2698 22.60319 47.26443 -64.79598 23.79699 47.3909 -64.79568 20.75505 48.74898 -64.7957 19.3895 49.35855 -64.79547 15.64387 50.63667 -64.79541 14.81594 50.91917 -64.79512 10.5471 51.9537 -64.79509 10.1341 52.0538 -64.79489 7.260971 52.48819 -64.79478 5.694046 52.7251 -64.79475 5.343033 52.7469 -64.79442 0.867889 53.02482 -65.99376 4.476674 52.79375 -64.79405 -3.964615 52.8842 -64.79396 -5.172272 52.73805 -64.7938 -7.039787 52.51205 -64.79367 -8.769768 52.30269 -64.79352 -10.49794 51.93232 -64.79327 -13.44817 51.30002 -64.79234 -20.66733 48.80871 -64.7928 -17.91175 49.91757 -64.79306 -15.48003 50.67071 -64.79321 -14.06327 51.10951 -64.79227 -21.66363 48.40782 -64.79262 -25.1997 46.65579 -64.79264 -25.40034 46.5564 -64.79279 -27.20317 45.46489 -64.79296 -29.48693 44.08224 -64.76878 -33.15617 41.39485 -64.53556 45.76293 -26.6987 -64.47437 43.83327 -29.7164 -64.47396 41.73897 -32.60853 -64.47404 39.45407 -35.35135 -64.47921 34.63956 -40.08499 -64.49103 33.12366 -41.36679 -64.53623 50.17724 -16.9279 -64.53528 51.98476 -10.0073 -64.53334 52.84455 -2.905144 -64.38851 52.90189 -1.265832 -64.5307 52.74039 4.2491 -64.52773 51.67382 11.32285 -64.52487 49.66469 18.1888 -64.05975 48.84367 18.65941 -64.52263 46.74757 24.72588 -64.52146 42.97808 30.80769 -64.40669 44.6916 28.17511 -64.52148 38.42521 36.32558 -64.52259 33.16411 41.18643 -64.52448 27.30086 45.29071 -64.3584 33.66865 40.60041 -64.52913 14.18302 50.96185 -64.33409 10.7886 51.38949 -64.53347 -7.11367 52.46118 -64.53269 0.035408 52.92471 -64.53117 7.175049 52.4218 -62.91443 12.96697 48.98096 -64.47441 -14.12543 50.99403 -64.53351 -10.64321 51.86946 -64.42288 -27.23165 45.36856 -64.47374 -24.10929 47.14198 -64.53295 -24.11446 47.18152 -64.79615 51.42748 -12.94603 -62.92406 42.73352 27.27124 -62.90384 49.35723 -11.28806 -63.05406 -24.66325 44.29882 -63.12456 22.02675 45.90949 -62.92575 31.34093 -39.67661 -64.3084 28.05551 -44.8109 -64.34948 28.07827 -44.85481 -64.39751 28.098 -44.89269 -64.32637 22.72735 -47.8742 -64.63919 28.14063 -44.97389 -64.70646 28.14166 -44.97651 -64.51061 28.12686 -44.94757 -64.57351 28.13567 -44.96429 -64.76597 22.80082 -48.01872 -64.77201 27.06932 -45.63766 -64.69912 22.80122 -48.01935 -64.69684 22.80123 -48.01937 -64.78193 30.68942 -43.25699 -64.77214 27.12165 -45.60325 -64.56259 22.79252 -48.00207 -64.64745 22.80152 -48.01984 -64.45157 28.11427 -44.9237 -64.32639 22.72735 -47.87421 -64.32809 22.72803 -47.87554 -64.415 22.76257 -47.94323 -64.43518 22.76732 -47.95254 -64.52576 22.78862 -47.99437 -64.56097 22.79235 -48.00174 -64.11408 -40.62161 33.61117 -64.5729 -37.97929 37.02835 -64.50988 -37.96913 37.01012 -64.34895 -37.90192 36.92335 -64.39689 -37.93058 36.95692 -64.3629 -42.22977 32.11288 -64.33069 -42.20102 32.08957 -64.45088 -37.95301 36.98605 -64.70101 -42.33102 32.19469 -64.77374 -38.5306 36.42834 -64.70641 -37.98382 37.04515 -64.77455 -37.97958 37.04283 -64.69869 -42.33111 32.19476 -64.68418 -42.33163 32.1952 -64.6388 -37.98398 37.04019 -64.62992 -42.32485 32.18977 -64.56298 -42.3165 32.1831 -64.5614 -42.316 32.18269 -64.46511 -42.28567 32.1582 -64.43643 -42.26998 32.14548 -64.43508 -42.26924 32.14488 -94.71788 -37.8536 -25.74516 -101.0685 -25.56471 27.21778 -91.03242 -35.34615 30.48853 -101.2343 -33.25907 16.58868 -96.64772 -42.2789 -5.494257 -96.39229 -40.38473 -16.67881 -87.81696 -50.78021 -12.88547 -87.59407 -42.35132 -32.40713 -87.59311 -41.63373 -33.32484 -98.77775 -29.75875 -27.96794 -101.0253 -31.25636 -20.34105 -98.09583 -35.00516 -22.36107 -101.0219 -33.0335 -17.63974 -101.0253 -31.26932 -20.32136 -101.2325 -35.13488 -12.00172 -100.9203 -36.63403 8.114617 -101.1601 -30.36501 21.4002 -95.71304 -20.89377 -38.84328 -87.60917 -39.23957 -36.06464 -87.79613 -38.43816 -36.76864 -87.58471 -34.36968 -40.7823 -89.02249 -1.011726 -48.44922 -88.81764 -4.402168 -48.82436 -88.88631 -4.406197 -48.76122 -97.09431 -4.565068 -41.20126 -88.97907 -12.33567 -48.3949 -89.16231 1.302422 -48.19317 -95.87984 3.021598 -42.08819 -89.87096 7.810531 -46.76607 -91.0163 25.12431 -39.4553 -91.07303 21.93757 -41.0924 -95.81129 21.72177 -36.281 -91.35907 29.27301 -36.46229 -91.13288 26.48396 -38.48096 -100.9633 23.36577 -29.19113 -100.9626 21.57706 -30.53673 -100.9622 20.66994 -31.11442 -100.9621 20.37126 -31.30463 -100.9615 18.56137 -32.45724 -100.9603 14.20284 -34.55221 -100.9577 14.86155 -34.3095 -100.9611 17.51712 -32.97998 -100.9797 9.936144 -36.16475 -100.9605 10.39938 -35.88483 -100.9604 10.74553 -35.79526 -100.9701 5.339297 -36.95625 -100.9642 3.747108 -37.20485 -100.9833 -7.48851 -36.61558 -100.9875 -6.451209 -36.84107 -100.9752 -3.836983 -37.16526 -100.9718 -0.617473 -37.40213 -100.9913 -10.3913 -35.94839 -97.7352 -13.57074 -39.00064 -100.9932 -11.07346 -35.71977 -100.9939 -11.30676 -35.64158 -101.0002 -13.54936 -34.88998 -101.0106 -17.88589 -32.85451 -101.0235 -17.10189 -33.27983 -101.0027 -14.54213 -34.44304 -96.10346 -26.72938 -34.98349 -101.0151 -20.71748 -31.18917 -101.0205 -23.48324 -29.16846 -101.027 -26.40334 -26.55721 -101.0213 -24.03151 -28.67823 -100.9784 32.48305 -18.4926 -91.53908 31.07116 -34.94627 -100.9663 24.98311 -27.82235 -100.9672 25.61396 -27.20104 -100.9701 27.50567 -25.33795 -100.9967 31.9659 -19.37668 -92.03322 36.35171 -29.50658 -100.975 30.4812 -21.61617 -100.9741 29.9881 -22.35186 -100.9718 28.58592 -24.03854 -100.9712 28.18118 -24.52538 -100.9817 34.34627 -14.70924 -92.86075 42.53293 -18.59738 -100.9813 34.1502 -15.1783 -92.73824 41.16269 -21.51753 -100.9805 33.75107 -16.13317 -100.9833 35.21589 -12.6288 -100.984 35.48894 -11.71822 -93.34426 43.35404 -15.47631 -100.9546 36.46821 -8.490115 -100.9865 36.48752 -8.14367 -100.9886 37.10084 -4.849149 -94.99284 43.75326 -7.521243 -100.9873 37.16382 -4.08772 -101.0164 37.35909 -1.589645 -101.0425 37.33764 0.68854 -100.9997 36.97649 5.878882 -93.92497 45.18622 8.263522 -101.0553 35.34103 12.03763 -100.9722 33.29589 17.29687 -100.9924 28.09151 24.78264 -100.9967 31.39994 20.41984 -94.41933 31.34183 32.9696 -101.0136 23.41326 29.15705 -100.8519 15.21987 34.47039 -94.37292 26.59975 37.00447 -100.998 20.16364 31.52305 -94.02207 17.58863 42.39018 -101.0807 7.956567 36.46307 -101.0045 2.512584 37.3068 -93.27012 -1.0517 46.27129 -100.8994 -6.42839 36.9894 -100.9876 -1.112107 37.37379 -100.9782 -10.9231 35.72067 -100.9726 -16.26177 33.68077 -100.9881 -12.69973 35.16754 -93.06303 19.31989 42.09348 -93.17569 27.38273 37.24951 -93.70379 46.12409 -0.536781 -92.43585 40.77681 -22.77095 -92.72279 42.68696 -18.66319 -92.99458 44.17518 -14.38358 -92.90125 44.24805 -14.40713 -92.62718 42.75717 -18.69353 -92.33797 40.84389 -22.80748 -91.20674 29.30164 -36.63349 -91.52478 32.69394 -33.6337 -91.22077 29.29401 -36.62391 -92.14086 38.45697 -26.66158 -91.83524 35.75483 -30.29597 -92.04199 38.5205 -26.70427 -91.48442 33.95597 -32.60568 -93.15157 45.30795 -9.992997 -94.15191 43.22161 14.86769 -93.16749 10.58925 45.16449 -93.80994 15.20743 43.42432 -93.75451 9.175726 45.10654 -93.47249 4.684578 45.94113 -93.23898 0.167869 46.32516 -92.64868 -12.02683 45.13085 -94.42376 36.13393 27.84045 -94.04256 23.46546 39.34237 -93.07298 2.539138 46.45941 -92.74064 -6.829138 46.1697 -91.93704 2.235569 46.89547 -91.90964 -20.11687 42.41924 -90.73158 27.84768 -38.07366 -92.55032 44.06758 -15.41666 -92.22665 41.76954 -21.33043 -92.98453 46.40317 -3.129251 -93.3089 45.66499 -7.999915 -94.29707 40.60353 20.81176 -93.0952 45.40979 -9.710338 -91.56704 -24.71999 39.94856 -90.62385 23.61588 -40.63721 -89.68376 10.85464 -46.14442 -90.75354 23.56736 -40.55384 -89.15741 4.127834 -47.82404 -89.25106 4.083359 -47.7823 -90.14639 17.75824 -43.65668 -89.26392 4.081734 -47.77374 -87.43703 -38.25786 -37.39177 -87.43609 -41.76745 -33.43285 -87.44688 -41.75994 -33.42435 -87.48463 -41.73317 -33.39603 -87.49217 -41.72841 -33.38867 -87.51881 -41.70342 -33.37182 -87.41307 -41.7792 -33.44456 -87.38397 -41.79405 -33.45935 -87.20494 -38.37285 -37.50124 -87.31743 -41.82801 -33.49317 -87.20388 -38.62916 -37.24105 -87.18173 -41.90653 -33.54426 -87.77902 -25.15905 -46.12768 -87.83906 -22.68019 -47.04284 -87.94378 -20.13767 -47.75851 -88.17106 -14.94253 -48.69857 -88.28564 -10.87054 -49.07946 -88.29687 -14.92867 -48.59508 -88.57043 -9.670952 -48.93137 -88.51025 -9.672875 -48.98416 -88.4463 -5.746729 -49.07542 -88.78438 -4.40052 -48.85238 -88.74946 -4.399155 -48.87299 -88.45712 -9.673867 -49.02662 -87.87267 -22.67345 -47.01784 -87.97857 -20.13208 -47.73336 -87.96219 -20.13487 -47.74681 -88.20877 -14.93934 -48.67306 -88.19109 -14.94091 -48.6869 -88.47605 -9.673546 -49.01241 -88.79013 -4.400803 -48.84753 -88.24082 -14.93607 -48.6459 -88.00798 -20.12633 -47.70676 -88.07628 -20.85991 -47.47517 -87.51879 -41.70389 -33.37128 -87.49212 -41.72906 -33.38794 -87.44689 -41.76051 -33.42366 -87.43624 -41.76791 -33.43207 -87.41305 -41.77972 -33.4439 -87.38396 -41.79454 -33.45874 -87.31803 -41.82813 -33.49238 -87.20986 -44.67073 -29.4554 -90.88829 -29.80623 36.56417 -87.43143 -44.66165 -29.45382 -89.44701 -45.5545 14.78186 -87.96727 -51.06253 -7.412179 -88.42421 -50.22695 0.282169 -87.43179 -46.48161 -26.48769 -88.86062 -48.1821 7.977141 -56.68982 -61.24683 -5.030952 -59.46257 -58.15143 3.550746 -83.03832 3.375397 -49.97443 -83.04904 6.598175 -49.39734 -82.98424 0.004227 -50.68798 -82.96363 0.007607 -50.7117 -82.93721 -6.686226 -51.34978 -82.9084 -6.684692 -51.37492 -82.90925 -6.684738 -51.37417 -82.93984 0.010475 -50.73172 -82.93138 -6.685921 -51.35486 -82.95759 6.629066 -49.53129 -82.91387 0.012772 -50.74753 -82.93932 6.631012 -49.53942 -82.99018 6.623093 -49.50577 -83.02042 -0.007652 -50.60358 -83.02252 -0.014816 -50.54715 -83.0265 0.865738 -50.44732 -83.03376 3.308067 -50.07029 -83.04599 6.60258 -49.41649 -83.04183 6.604843 -49.42656 -83.013 -0.003548 -50.63287 -83.02217 -0.091003 -50.55578 -83.00615 -3.343224 -50.99697 -83.00016 -4.954239 -51.10713 -82.98515 -6.691971 -51.24783 -82.98923 -6.693512 -51.21949 -83.04167 6.604927 -49.42693 -83.00088 0.000465 -50.66137 -82.96729 -6.688827 -51.3046 -82.98243 -6.690954 -51.26665 -82.98512 -6.691963 -51.24802 -82.91665 6.680385 -49.53959 -82.90438 5.005562 -49.90244 -82.88458 -0.766838 -50.86371 -82.87944 -1.956078 -50.97216 -82.89699 2.849182 -50.26153 -82.88724 0.010353 -50.73428 -82.90129 -6.684319 -51.38112 -82.88442 -6.683731 -51.38993 -82.85867 -6.685237 -51.40343 -83.0353 6.674264 -49.44507 -83.02672 6.612907 -49.46173 -83.01166 6.617409 -49.48123 -83.00245 6.686883 -49.48546 -82.96477 -6.688477 -51.3109 -82.96707 -6.688797 -51.30513 -82.95847 -6.862305 -51.36516 -82.98094 -6.722336 -51.27912 -83.44872 -7.000198 -51.186 -82.93601 -6.890549 -51.38354 -82.99735 -6.783813 -51.28274 -82.99176 -6.720978 -51.22094 -82.98805 -6.721397 -51.25033 -83.00418 -6.770737 -51.21754 -82.99291 -6.73333 -51.22159 -82.99244 -6.728355 -51.22133 -83.12907 -6.915927 -51.23566 -83.05113 -6.851045 -51.24339 -83.09356 -6.870931 -51.1802 -83.06539 -6.848778 -51.17934 -83.0344 -6.819 -51.20003 -83.37482 -6.902313 -51.14069 -83.31573 -6.936697 -51.17314 -83.28496 -6.912307 -51.14419 -83.16862 -6.889366 -51.10282 -83.11955 -6.878372 -51.14019 -83.14798 -6.89438 -51.16278 -83.20982 -6.895729 -51.10984 -83.29879 -6.887487 -51.10255 -83.2702 -6.881397 -51.06456 -83.2714 -6.875313 -51.02016 -83.22144 -6.888481 -51.06122 -83.42547 -6.963692 -51.17953 -83.34824 -7.000847 -51.21485 -83.44667 -6.982642 -51.1832 -83.44786 -6.998634 -51.18604 -82.95016 -6.751079 -51.34269 -83.15655 -7.031204 -51.30045 -83.2942 -6.865386 -51.00619 -83.30943 -6.862663 -51.03666 -83.32778 -6.867729 -51.0741 -83.34996 -6.880905 -51.10974 -83.39061 -6.951062 -51.17957 -83.40061 -6.930679 -51.16442 -83.14074 6.519859 -45.97206 -83.14154 6.527588 -45.97076 -83.05794 6.625732 -49.35107 -83.15923 6.581413 -45.95856 -83.16669 6.592476 -45.95505 -83.08342 6.689911 -49.30693 -83.16628 6.763863 -49.21996 -83.2473 6.670021 -45.92307 -83.3619 6.759544 -49.08993 -83.34256 6.76767 -49.09955 -83.44202 6.665993 -45.87248 -83.42284 6.673889 -45.87642 -83.39124 6.685852 -45.88306 -83.39243 6.685677 -45.88277 -83.39521 6.685257 -45.8821 -83.4172 6.676208 -45.87758 -83.31089 6.779816 -49.11579 -83.3557 6.691109 -45.89167 -83.31841 6.689774 -45.90165 -83.34046 6.691902 -45.89556 -83.27497 6.78511 -49.13765 -83.29363 6.783022 -49.13072 -83.34648 6.692474 -45.8939 -83.28251 6.682922 -45.91202 -83.23744 6.784142 -49.16341 -83.28894 6.685272 -45.91002 -83.29508 6.68753 -45.90809 -83.20057 6.77906 -49.19058 -83.19727 6.778751 -49.1993 -83.22573 6.657539 -45.93046 -83.21592 6.648834 -45.93426 -83.15177 6.766744 -49.28326 -83.24036 6.666336 -45.9254 -83.24525 6.669273 -45.92372 -83.13316 6.745506 -49.24988 -83.19938 6.634178 -45.94064 -83.18886 6.624855 -45.94471 -83.10148 6.74392 -49.36439 -83.10677 6.720848 -49.27809 -83.18807 6.624161 -45.94501 -83.16735 6.59346 -45.95474 -83.0933 6.714264 -49.33054 -83.15196 6.560631 -45.96338 -83.0673 6.658852 -49.33092 -83.06291 6.643326 -49.34037 -83.14203 6.532204 -45.96998 -83.14669 6.545547 -45.96688 -83.13793 6.492973 -45.97658 -83.05464 6.614153 -49.35931 -83.40361 -6.717437 -45.87512 -83.33635 -6.799347 -48.54758 -83.35181 -6.731613 -45.88671 -83.27003 -6.814613 -48.54545 -83.30527 -6.809456 -48.54649 -83.32202 -6.731903 -45.89448 -83.29873 -6.732124 -45.90056 -83.23268 -6.813278 -48.54456 -83.12393 -6.55983 -45.9706 -83.12065 -6.533127 -45.97525 -83.05622 -6.611755 -48.5463 -83.1249 -6.567665 -45.96924 -83.18157 -6.674416 -45.93935 -83.16709 -6.660873 -45.94504 -83.10514 -6.744537 -48.54347 -83.1492 -6.633942 -45.95351 -83.08242 -6.712212 -48.54388 -83.14829 -6.632561 -45.95395 -83.06771 -6.67984 -48.54451 -83.14326 -6.624985 -45.95633 -83.1284 -6.585922 -45.96574 -83.22866 -6.708923 -45.92216 -83.22274 -6.705734 -45.92416 -83.1622 -6.790527 -48.54349 -83.20473 -6.696053 -45.93024 -83.13054 -6.769302 -48.54335 -83.1968 -6.688652 -45.93335 -83.29867 -6.732124 -45.90057 -83.27064 -6.725243 -45.90887 -83.1967 -6.80526 -48.54391 -83.24925 -6.719986 -45.91522 -83.37377 -6.725609 -45.8818 -83.37137 -6.726265 -45.88234 -88.68803 -3.793716 -44.47928 -83.05908 -6.646553 -48.54531 -83.12654 -6.581039 -45.96691 -86.64042 4.850281 -45.06682 -89.10313 3.383866 -44.21309 -86.26854 5.110748 -48.44161 -86.28578 5.100952 -48.43684 -88.93199 -0.118576 -48.42658 -88.71006 -3.793327 -48.66167 -88.71008 -3.794563 -48.67052 -88.70954 -3.809875 -48.70829 -88.70923 -3.818527 -48.72962 -88.71236 -3.789932 -48.86892 -88.70845 -3.835831 -48.75541 -88.70796 -3.846672 -48.77156 -88.70658 -3.874001 -48.79837 -88.7052 -3.901718 -48.82556 -88.70434 -3.917747 -48.83703 -88.70411 -3.92205 -48.8401 -88.70159 -3.967903 -48.86331 -88.70044 -3.9888 -48.87388 -88.69879 -4.017563 -48.88257 -88.69851 -4.022507 -48.88406 -88.69699 -4.064911 -48.89043 -89.16478 3.734584 -47.87897 -89.14879 3.478523 -47.92712 -89.16303 3.712448 -47.87768 -89.16145 3.687752 -47.8749 -89.16028 3.670021 -47.86975 -89.15853 3.643341 -47.86201 -89.15758 3.62899 -47.85784 -89.1564 3.611687 -47.84976 -89.15504 3.592171 -47.83668 -89.1528 3.559975 -47.81508 -89.15175 3.545631 -47.80153 -89.15148 3.541779 -47.79789 -89.06757 2.147552 -48.15355 -89.15037 3.527153 -47.77975 -89.14939 3.514297 -47.76381 -89.1481 3.498627 -47.73344 -89.14736 3.489502 -47.71577 -89.14663 3.481987 -47.69153 -89.04949 1.84523 -48.18998 -89.14654 3.481354 -47.68662 -53.6813 -59.29878 -33.0937 -53.68871 -50.37378 -42.5729 -53.69551 -39.22089 -47.69376 -64.89795 -67.96598 -11.50081 -65.06674 -67.26944 -10.0495 -64.87558 -68.89456 -17.79498 -64.94141 -68.85871 -18.40285 -64.46282 -68.33056 -18.44167 -64.46282 -68.41744 -16.54085 -64.47396 -68.53994 -16.53996 -64.46282 -68.42843 -16.30037 -64.46282 -68.08123 -14.13215 -64.4738 -68.28168 -14.09638 -64.46282 -67.88418 -12.90162 -64.46282 -67.4104 -11.80683 -64.47354 -67.59926 -11.72987 -64.46685 -66.49573 -9.534035 -64.47613 -66.52801 -9.515038 -64.51153 -67.70475 -11.68943 -64.49512 -66.59405 -9.476174 -64.54194 -67.75614 -11.66974 -64.54067 -66.67021 -9.431351 -64.57791 -67.30841 -10.50869 -64.51373 -68.65544 -16.53814 -64.47724 -68.36868 -19.00996 -64.47599 -68.35633 -18.99449 -65.01407 -68.95562 -16.59437 -65.33427 -68.72949 -18.82916 -65.06285 -68.89421 -17.79496 -65.11898 -68.72411 -19.05592 -65.06379 -68.74031 -19.05862 -65.05144 -68.74393 -19.05924 -64.51285 -68.39405 -14.07437 -64.54566 -68.71163 -16.53726 -64.54418 -68.44875 -14.06366 -64.58564 -68.76462 -16.53642 -64.58338 -68.50039 -14.05354 -64.63315 -68.81272 -16.53566 -64.62995 -68.5474 -14.04434 -64.68718 -68.85443 -16.535 -64.68295 -68.58832 -14.03632 -64.74638 -68.88848 -16.53446 -64.54897 -66.68408 -9.423188 -64.57808 -66.71334 -9.405976 -64.62224 -67.35105 -10.48811 -64.62548 -66.76097 -9.377945 -64.67273 -67.38854 -10.47002 -64.67049 -66.78918 -9.361344 -64.72053 -66.82054 -9.342881 -64.75278 -67.43086 -10.44584 -64.78206 -66.8427 -9.329842 -64.8482 -67.46144 -10.43485 -64.82897 -66.85959 -9.319901 -64.90961 -67.47139 -10.43005 -64.90177 -66.86989 -9.313836 -64.97 -67.47447 -10.42857 -64.94495 -66.87601 -9.31025 -65.0183 -66.87155 -9.312867 -65.06219 -66.86889 -9.314431 -65.12405 -66.85528 -9.322442 -64.62515 -67.84917 -11.63409 -64.57997 -67.80475 -11.65111 -64.9265 -68.74901 -19.06007 -64.81092 -68.87805 -17.79376 -64.96305 -68.71221 -13.91994 -64.81204 -68.72532 -19.05612 -64.80413 -68.72368 -19.05586 -64.75041 -68.69777 -19.05152 -64.75038 -68.69776 -19.05152 -64.69179 -68.6695 -19.0468 -64.637 -68.62372 -19.03915 -64.59638 -68.58979 -19.03349 -64.54919 -68.52458 -19.02259 -64.52373 -68.48941 -19.01672 -69.8426 -39.32934 -57.97043 -65.06378 -33.64884 -62.89845 -64.46282 -46.75238 -54.8168 -64.46282 -51.52753 -50.53978 -64.47363 -51.6792 -50.70328 -64.46282 -66.20691 -27.31356 -64.47385 -66.69734 -26.10252 -64.46282 -60.53219 -39.2428 -64.46282 -62.94027 -35.23389 -64.47366 -62.54692 -36.22475 -64.4736 -58.77273 -42.40523 -64.46323 -58.53885 -42.55135 -64.4736 -56.59794 -45.30652 -64.46282 -53.11028 -49.12213 -64.47385 -40.07559 -59.36193 -64.51315 -66.80732 -26.13568 -64.51245 -64.24858 -32.99092 -64.4737 -64.14448 -32.94427 -64.46282 -63.92358 -32.84977 -64.51189 -56.68649 -45.3774 -64.58091 -56.77039 -45.44456 -64.62648 -56.8076 -45.47436 -64.62702 -51.86598 -50.89672 -64.68442 -40.22953 -59.63473 -64.63106 -40.20903 -59.59841 -64.62856 -46.31861 -55.61513 -64.75038 -33.63259 -62.85849 -64.69179 -33.6218 -62.83196 -64.63698 -33.6043 -62.78895 -64.63697 -33.6043 -62.78894 -64.58416 -40.18545 -59.55661 -64.46282 -46.06388 -55.2682 -64.47371 -46.15714 -55.39884 -64.51245 -46.22539 -55.49026 -64.51203 -51.7581 -50.78499 -64.54352 -46.25861 -55.53477 -64.5428 -51.79652 -50.82478 -64.58238 -46.29001 -55.57682 -64.58129 -51.83284 -50.8624 -64.47828 -33.50912 -62.55492 -64.47599 -33.50218 -62.53786 -64.51315 -40.13204 -59.46197 -64.54468 -40.15951 -59.51066 -64.59638 -33.59135 -62.75709 -64.54917 -33.56643 -62.69583 -64.54916 -33.56643 -62.69582 -64.52373 -33.55301 -62.66282 -64.921 -54.52339 -48.34882 -64.98197 -56.91137 -45.55742 -65.04117 -54.52114 -48.34676 -65.04077 -56.90743 -45.55427 -65.14727 -56.20135 -46.37588 -65.04688 -46.39342 -55.71535 -66.90245 -50.00025 -51.8262 -65.04426 -49.24419 -53.44384 -65.04235 -51.95431 -50.9882 -65.15183 -52.8974 -50.0169 -64.79601 -54.50266 -48.32992 -64.85807 -56.90201 -45.54993 -64.92065 -56.90975 -45.55613 -64.92204 -51.95662 -50.9906 -64.85932 -51.94983 -50.98357 -64.79682 -51.93726 -50.97056 -64.73618 -51.91888 -50.95151 -64.92372 -49.24662 -53.4467 -64.92601 -46.39604 -55.71885 -64.86289 -46.39045 -55.71136 -64.67906 -51.89493 -50.92671 -64.67835 -56.84013 -45.5004 -64.73529 -56.86708 -45.52197 -64.79574 -56.8878 -45.53856 -65.17309 -38.55904 -60.54474 -65.05418 -40.26879 -59.70431 -65.15892 -41.8485 -58.74446 -65.05018 -43.4021 -57.80292 -65.15467 -45.34479 -56.44371 -65.05888 -37.00096 -61.41193 -64.92892 -43.40489 -57.80722 -64.93511 -40.26412 -59.69599 -64.8695 -40.26348 -59.69492 -65.05126 -36.99795 -61.4057 -64.74291 -40.24634 -59.66453 -64.8049 -40.25906 -59.68708 -64.75039 -33.63259 -62.8585 -64.81203 -33.64312 -62.88438 -64.80413 -33.64249 -62.88284 -64.7999 -46.37982 -55.69713 -64.73875 -46.36412 -55.67609 -64.68112 -46.34355 -55.64854 -65.16184 -67.04851 -26.02413 -65.09717 -67.03867 -26.20525 -65.16313 -67.55348 -24.41081 -65.05418 -67.07373 -26.21603 -64.99472 -67.0801 -26.21796 -65.15721 -66.07345 -29.14308 -65.15354 -64.55487 -32.83819 -65.09564 -64.49221 -33.06702 -65.15329 -64.45392 -33.08383 -65.04684 -64.50493 -33.10578 -65.15264 -64.18209 -33.7453 -65.14947 -61.89834 -38.16798 -65.04232 -61.09337 -39.58415 -65.14894 -61.10905 -39.41822 -65.14888 -61.02946 -39.5443 -65.14767 -59.23497 -42.38676 -65.14736 -56.85772 -45.51277 -65.14736 -56.85635 -45.51457 -64.93245 -67.07955 -26.21779 -64.86866 -67.07127 -26.21529 -64.80491 -67.05478 -26.21032 -64.54468 -66.86085 -26.15183 -64.58416 -66.91136 -26.16707 -64.63106 -66.95731 -26.18092 -64.68442 -66.99723 -26.19296 -64.74291 -67.02999 -26.20284 -64.98773 -64.5102 -33.10814 -64.98344 -61.09782 -39.58687 -64.92599 -64.50891 -33.10757 -64.92201 -61.0962 -39.58588 -64.86286 -64.50038 -33.10374 -64.85929 -61.08786 -39.58079 -64.79988 -64.48417 -33.09648 -64.79679 -61.07242 -39.57136 -64.73873 -64.46021 -33.08574 -64.73616 -61.04983 -39.55756 -64.68109 -64.42884 -33.07168 -64.67906 -61.0204 -39.53959 -64.62854 -64.39079 -33.05463 -64.62701 -60.98483 -39.51787 -64.58238 -64.34716 -33.03509 -64.58129 -60.94411 -39.49301 -64.54351 -64.29927 -33.01362 -64.5428 -60.89949 -39.46576 -64.51203 -60.85228 -39.43693 -64.47363 -60.75534 -39.37773 -64.88887 -23.73057 -63.20864 -64.78096 -23.73992 -63.17959 -64.82581 -24.95902 -63.53524 -64.7282 -24.96668 -63.49446 -64.46282 -26.83651 -63.35972 -64.46282 -28.70321 -63.32919 -64.47379 -28.70778 -63.53753 -64.46282 -30.24832 -63.30391 -64.47396 -31.15024 -63.25388 -64.54565 -31.18523 -63.42199 -64.58563 -31.19603 -63.47387 -64.63314 -31.20583 -63.52098 -64.51372 -31.17378 -63.36696 -64.46282 -23.8834 -62.73339 -64.46282 -26.27668 -63.24099 -64.47485 -23.85228 -62.83018 -64.47353 -26.25174 -63.39046 -64.47677 -23.8473 -62.84567 -64.51152 -26.23542 -63.50226 -64.51786 -23.81318 -62.95175 -64.54176 -23.80222 -62.98584 -64.54193 -26.22746 -63.55672 -64.5779 -24.99473 -63.37395 -64.57997 -26.21994 -63.60824 -64.62223 -24.98399 -63.42007 -64.62514 -26.21307 -63.6553 -64.67272 -24.97456 -63.4606 -64.67658 -26.20705 -63.69652 -64.73303 -26.20205 -63.73075 -65.00932 -25.65928 -63.72726 -64.93873 -24.78029 -63.51566 -65.00755 -23.72912 -63.21317 -64.51284 -28.71092 -63.652 -64.54417 -28.71245 -63.70771 -64.58336 -28.71389 -63.76033 -64.62994 -28.71521 -63.80821 -64.68293 -28.71635 -63.8499 -64.74104 -28.71729 -63.88417 -64.98984 -32.89982 -63.20172 -64.74637 -31.22128 -63.59516 -64.81091 -32.44674 -63.30926 -64.9265 -33.65217 -62.90662 -64.68717 -31.21434 -63.56182 -64.95663 -28.68808 -63.98756 -64.77458 -23.74047 -63.17787 -64.67099 -23.75825 -63.12257 -64.66871 -23.7589 -63.12056 -64.58381 -23.78294 -63.04579 -64.57673 -23.78619 -63.03569 -64.39437 -63.87421 -24.39429 -70.4354 -62.00594 -22.58015 -64.46282 -64.47922 -21.16193 -70.4354 -62.00661 -22.57789 -64.46282 -64.89597 -18.20586 -70.43919 -63.00246 -16.76315 -64.46282 -62.20463 -29.70176 -70.43253 -60.31914 -28.23538 -64.46283 -53.90102 -44.2069 -70.42926 -52.54075 -42.05607 -64.46282 -56.17152 -41.20947 -70.42926 -52.54217 -42.0545 -64.46282 -57.82008 -38.72098 -70.42971 -55.94486 -37.236 -70.4354 -35.61023 -55.55641 -64.46282 -40.04296 -55.72729 -70.4354 -35.61197 -55.55569 -64.46282 -42.60247 -54.19076 -70.43253 -40.7588 -52.67214 -70.08133 -65.18231 -24.99529 -70.09036 -65.89086 -21.72441 -70.07912 -64.88284 -26.34082 -70.06668 -62.75746 -31.84564 -70.06635 -62.69276 -32.01325 -70.06998 -61.8869 -34.07956 -70.0576 -59.44419 -38.30635 -70.05754 -59.41319 -38.36013 -70.05444 -57.80701 -41.14686 -70.05444 -57.56132 -41.45396 -70.05443 -55.3077 -44.27093 -70.05443 -55.3066 -44.27231 -70.05442 -53.06687 -47.07191 -70.05442 -52.82437 -47.37502 -70.05748 -50.47976 -49.53376 -70.06092 -47.84063 -51.96368 -70.0903 -35.64586 -59.52485 -70.09925 -30.82975 -61.56634 -65.03176 -32.12514 -63.4752 -70.49922 -62.3804 -15.27184 -64.46282 -64.25499 -16.61648 -71.16872 -60.05363 -15.10332 -64.19194 -62.15821 -16.55097 -63.84712 -61.46192 -17.93611 -71.54118 -59.44055 -15.67345 -71.54638 -59.43253 -15.68515 -63.85874 -61.53719 -17.58645 -71.57516 -59.38442 -15.80199 -63.92218 -61.664 -17.24982 -63.99118 -61.78145 -17.01945 -71.36252 -59.72072 -15.33677 -64.01705 -61.82548 -16.93308 -71.33044 -59.77216 -15.29121 -63.86045 -61.54828 -17.53494 -63.89032 -61.60976 -17.35622 -71.47495 -59.54257 -15.52469 -64.01808 -61.82723 -16.93054 -64.05042 -61.88267 -16.85033 -71.25601 -59.89454 -15.18364 -64.13856 -62.05427 -16.6639 -64.19865 -62.17605 -16.5383 -70.99941 -60.37051 -14.94727 -71.00186 -60.36478 -14.9486 -70.86194 -60.69316 -14.87147 -64.27595 -62.37162 -16.3987 -64.32454 -62.54464 -16.32168 -70.84934 -60.7227 -14.86453 -70.95464 -60.4756 -14.92258 -64.3442 -62.61465 -16.29051 -64.36145 -62.6761 -16.26315 -70.72576 -61.08297 -14.8382 -70.62615 -61.44163 -14.85926 -70.69838 -61.26596 -14.81902 -64.40629 -62.94411 -16.21516 -64.38913 -62.81422 -16.22713 -70.55612 -61.78843 -14.93578 -64.44503 -63.28776 -16.20255 -64.43539 -63.16438 -16.19487 -64.45859 -63.63175 -16.27857 -70.52599 -62.03802 -15.0451 -64.46081 -63.68975 -16.29168 -70.51778 -62.10605 -15.0749 -64.46198 -63.78457 -16.32799 -64.4625 -63.95795 -16.41819 -64.46282 -64.21757 -16.58361 -64.46282 -64.05913 -16.47083 -70.50451 -62.29471 -15.1911 -64.46282 -64.70081 -17.17136 -70.47024 -62.80424 -15.79205 -64.46282 -64.62573 -17.03836 -70.47673 -62.71957 -15.65812 -64.46282 -64.49658 -16.87926 -70.48406 -62.6237 -15.50646 -64.46282 -64.35367 -16.70318 -70.48471 -62.61528 -15.49314 -64.46282 -64.82595 -17.50493 -64.46282 -64.85999 -17.59914 -70.44965 -62.99369 -16.34592 -70.44757 -62.99543 -16.42886 -64.46282 -64.71372 -17.19423 -70.45905 -62.91918 -16.07376 -64.46282 -64.8926 -17.85141 -64.46282 -64.89189 -17.77708 -71.68918 -58.35014 -21.52029 -64.4369 -59.34672 -26.76881 -64.29241 -60.20872 -23.94147 -71.68907 -58.35165 -21.51173 -64.46142 -58.71809 -28.78897 -71.55181 -56.71672 -27.39256 -64.46202 -58.69679 -28.88091 -71.52082 -56.73195 -27.46212 -64.4625 -58.70088 -29.14015 -71.35327 -56.82699 -27.82559 -64.46282 -58.7509 -29.48896 -64.46282 -58.70349 -29.30532 -71.36234 -56.8582 -28.08228 -71.17177 -56.99056 -28.15933 -64.46282 -58.811 -29.72176 -71.16136 -56.99995 -28.17848 -64.46282 -58.85843 -29.82758 -71.06095 -57.09043 -28.36311 -64.46282 -58.88562 -29.88823 -71.09873 -57.11809 -28.43273 -70.97706 -57.21495 -28.50572 -64.46282 -59.25015 -30.37812 -64.46282 -59.12646 -30.24746 -70.84832 -57.40607 -28.72463 -64.46282 -59.27926 -30.39998 -64.46282 -59.56571 -30.6151 -70.59466 -57.98824 -29.14946 -64.46282 -59.59609 -30.63792 -70.5601 -58.1098 -29.20577 -64.46282 -59.75891 -30.72186 -64.46282 -59.88901 -30.76309 -70.53392 -58.20185 -29.24841 -64.46282 -60.16969 -30.85203 -70.49298 -58.45024 -29.30481 -64.46282 -60.23184 -30.86064 -70.46445 -58.70193 -29.33044 -64.46282 -60.35297 -30.87743 -70.45829 -58.79092 -29.32993 -64.46282 -60.58665 -30.87005 -70.44435 -59.0649 -29.3049 -64.46282 -60.78126 -30.86392 -70.44287 -59.12383 -29.29237 -64.46282 -60.93836 -30.83185 -70.43718 -59.38991 -29.19817 -64.46282 -60.96242 -30.82694 -64.46282 -61.26942 -30.7077 -70.43314 -59.60159 -29.105 -64.46282 -61.35992 -30.67255 -70.43168 -59.72405 -29.01606 -64.46282 -61.51727 -30.57813 -64.46282 -61.57213 -30.53103 -64.46282 -62.04116 -30.0136 -64.46283 -61.90453 -30.23507 -70.42987 -59.96688 -28.79238 -70.55763 -59.75303 -28.991 -64.46282 -61.83971 -30.30137 -70.43011 -60.16753 -28.53101 -64.46282 -62.16807 -29.79379 -70.43086 -60.21426 -28.43989 -62.26235 -60.32633 -5.222605 -62.27002 -20.05547 -48.55082 -60.56247 -23.70816 -47.86687 -53.82932 -23.88572 -50.79461 -53.70501 -31.46104 -49.55013 -56.60581 -41.06372 -44.10359 -56.85261 -48.08912 -39.98991 -55.95639 -54.94097 -35.20537 -61.07332 -47.59806 -36.8593 -60.63302 -55.74951 -29.38636 -56.18433 -59.80377 -28.15521 -53.73726 -63.79286 -17.87891 -54.0403 -63.53296 -14.74621 -54.80789 -16.684 -51.38922 -64.66997 -62.84382 -2.635963 -64.67233 -62.8449 -2.635315 -64.67515 -64.01781 -4.644028 -64.58204 -63.94245 -4.688469 -64.62506 -62.80863 -2.65696 -64.49636 -63.82213 -4.759392 -64.49552 -63.81922 -4.761108 -64.47042 -62.59084 -2.786034 -64.47776 -63.75775 -4.797348 -64.47041 -62.59081 -2.786056 -64.46714 -63.72097 -4.819031 -64.45646 -62.50001 -2.839531 -64.46283 -63.94416 -5.244045 -64.47064 -62.59138 -2.785721 -64.50975 -62.68351 -2.7313 -64.51525 -63.85274 -4.741356 -64.51042 -62.68437 -2.730789 -64.54988 -63.90888 -4.708252 -64.51076 -62.68481 -2.73053 -64.55416 -63.91583 -4.704163 -64.54428 -62.7283 -2.704735 -64.57742 -62.7713 -2.679239 -64.62548 -62.80895 -2.656776 -64.63756 -63.99545 -4.657219 -64.62677 -63.98515 -4.663292 -64.62499 -63.98344 -4.664299 -64.78797 -64.06898 -4.613815 -64.72804 -64.04926 -4.625473 -64.72875 -62.87072 -2.619728 -64.72102 -64.04508 -4.627937 -64.84463 -62.9081 -2.596893 -64.89891 -62.91964 -2.589699 -64.90741 -64.09537 -4.598206 -64.78073 -62.89451 -2.605362 -64.78411 -62.89522 -2.604919 -64.82984 -64.08276 -4.605682 -64.85069 -64.08962 -4.601624 -65.02368 -64.09707 -4.597153 -64.96831 -64.10154 -4.594521 -64.96216 -62.92001 -2.588974 -64.94521 -64.0992 -4.595917 -64.90342 -62.91967 -2.589645 -64.90303 -62.91967 -2.589653 -65.12258 -63.40852 -3.464415 -65.06219 -64.09397 -4.598976 -65.01384 -62.92031 -2.588387 -65.01832 -62.91948 -2.588837 -65.01864 -62.91942 -2.588867 -65.1175 -62.90105 -2.598824 -64.28704 -60.02949 1.804207 -64.35387 -60.45518 1.092941 -64.39839 -61.15401 -0.24234 -64.66783 -56.93958 7.804855 -64.7227 -56.92976 7.800278 -64.74832 -57.57052 6.695084 -64.80043 -58.55138 4.995041 -64.90425 -59.92034 2.602478 -64.82733 -59.95637 2.576965 -64.90554 -59.93845 2.570862 -64.42327 -61.87637 -1.645212 -64.43524 -61.84347 -1.544266 -64.50556 -61.97448 -1.488808 -64.48091 -61.92949 -1.515427 -64.46289 -61.88392 -1.542267 -64.50981 -61.29864 -0.153435 -64.54845 -61.33434 -0.131096 -64.59218 -61.3663 -0.110619 -64.64025 -61.39374 -0.092484 -64.69178 -61.41611 -0.077057 -64.74568 -61.433 -0.064621 -64.80084 -61.44425 -0.055321 -64.85617 -61.44993 -0.049187 -64.78344 -59.96155 2.577621 -64.43149 -57.07789 7.557326 -64.42722 -56.93339 7.796341 -64.36947 -56.91942 7.787033 -64.45134 -59.16867 3.849945 -64.5084 -58.45175 5.183502 -64.52847 -59.19599 3.86882 -64.31125 -59.06508 3.771592 -64.47409 -59.89797 2.525337 -64.51451 -59.91776 2.538704 -64.55713 -59.93421 2.550278 -64.42814 -61.1777 -0.226509 -64.44951 -61.21942 -0.201652 -64.47675 -61.26003 -0.177124 -64.60485 -56.95085 7.81012 -64.6565 -58.46374 5.195999 -64.58228 -58.4626 5.192413 -64.54786 -56.94918 7.807968 -64.54515 -58.45839 5.188629 -64.48638 -56.94738 7.805679 -64.60142 -59.94709 2.559921 -64.64679 -59.95627 2.567505 -64.69264 -59.96168 2.572975 -64.73838 -59.9634 2.576324 -64.60652 -56.95055 7.809967 -64.60877 -56.95015 7.809784 -64.59616 -60.66617 1.227295 -64.55045 -60.64448 1.212296 -64.50794 -60.61884 1.195244 -64.46922 -60.58974 1.17646 -64.43476 -60.55777 1.156303 -64.40488 -60.52357 1.13517 -64.3797 -60.48781 1.113419 -69.87184 -65.50905 -10.21862 -70.26847 -66.6141 -14.37125 -70.0452 -66.6993 -14.79283 -70.36669 -27.57235 -61.7582 -70.0118 -22.7847 -61.21597 -70.06484 -26.48104 -61.92099 -64.46282 -43.2721 -53.3928 -64.46282 -43.38657 -53.06602 -64.46282 -43.10111 -53.69816 -64.46282 -43.15689 -53.62862 -64.46283 -55.36454 -36.18562 -64.46282 -54.00487 -34.59411 -64.46282 -55.21758 -36.29681 -64.45319 -57.89145 -29.45611 -64.46282 -55.84945 -35.99953 -64.46282 -55.85274 -35.99892 -64.46282 -55.52033 -36.12019 -64.46282 -47.66987 -45.6164 -64.46282 -47.65863 -45.63153 -64.46282 -44.54997 -41.801 -64.46282 -47.50743 -45.92911 -64.46282 -39.30099 -44.70237 -64.46282 -43.24554 -53.46861 -64.46282 -22.36635 -51.09346 -64.46282 -30.1098 -56.31945 -64.46282 -29.98627 -56.45241 -64.46282 -58.00005 -38.33436 -64.46282 -58.04758 -38.16107 -64.46282 -54.96033 -36.5095 -64.46282 -54.94804 -36.52378 -64.46282 -47.46578 -46.01108 -64.46282 -47.41142 -46.18693 -64.46282 -38.76425 -44.99905 -64.46282 -47.4014 -46.26319 -64.46282 -47.35573 -46.61075 -64.46282 -29.60712 -58.00094 -64.46282 -5.317726 -56.76307 -64.46282 -29.83782 -58.56834 -64.46282 -57.96893 -38.40121 -64.46282 -54.84108 -36.648 -64.46282 -54.73315 -36.80322 -64.46282 -53.20988 -39.10256 -64.46282 -51.54647 -41.31121 -64.46321 -49.62013 -43.49348 -64.43636 -52.73617 -34.61223 -64.46282 -47.76765 -45.48485 -64.46282 -42.75479 -54.0812 -64.46282 -42.87861 -53.97126 -64.46282 -42.8906 -53.96062 -64.46282 -43.3845 -52.27498 -64.46282 -49.3637 -48.44337 -64.46282 -43.39827 -52.3543 -64.46282 -43.41602 -52.45648 -64.46289 -29.76775 -58.43283 -64.46282 -56.4603 -35.96111 -64.46282 -56.20487 -35.96419 -64.46282 -56.03078 -35.96628 -64.46282 -49.54019 -48.41638 -64.46282 -49.85156 -48.31345 -64.46282 -49.94616 -48.28219 -64.46282 -58.08962 -37.73557 -64.46282 -64.18827 -13.85631 -64.46282 -43.3877 -53.05929 -64.46282 -43.4171 -52.88465 -64.46282 -43.41666 -52.70772 -64.46282 -43.29217 -52.01521 -64.46282 -43.2405 -51.86984 -64.46282 -49.1607 -48.44003 -64.46282 -30.17841 -56.26702 -64.46282 -29.93999 -56.52305 -64.46282 -29.75275 -56.80883 -64.46282 -16.52651 -52.84672 -64.46282 -29.65573 -58.17853 -64.46282 -29.94183 -58.71883 -64.46282 -30.02796 -58.80694 -64.46282 -30.2435 -59.02746 -64.46282 -30.28378 -59.05678 -64.46282 -30.38998 -59.13408 -64.46282 -30.59308 -59.23497 -64.46282 -56.64165 -35.98984 -64.46282 -56.55973 -35.97686 -64.46282 -58.05737 -38.06192 -64.46282 -49.51428 -48.42035 -64.46282 -47.35586 -46.61409 -64.46282 -28.10253 -49.37132 -64.46282 -29.74841 -56.81882 -64.46282 -29.67988 -56.97652 -64.46282 -16.17648 -52.9518 -64.46282 -10.51228 -54.01498 -64.46282 -30.7766 -59.32614 -64.46282 -30.92281 -59.37026 -64.37472 -32.46597 -59.41764 -64.46282 -30.94795 -59.37786 -64.46282 -58.0773 -37.55746 -64.46282 -58.02959 -37.36011 -64.46282 -58.08781 -37.70942 -64.46282 -48.75819 -48.40347 -64.46282 -48.80656 -48.41249 -64.46282 -48.93432 -48.43631 -64.46282 -2.425026 -55.89725 -64.46282 -29.63669 -57.15242 -64.46282 -29.57809 -57.39104 -64.46282 -29.5704 -57.49879 -64.46282 -29.56499 -57.5747 -64.46282 -57.55066 -36.48006 -64.46282 -57.50756 -36.44641 -64.46283 -57.17491 -36.1888 -64.46282 -43.15116 -51.71 -64.46282 -48.35342 -48.25494 -64.46282 -48.46886 -48.29729 -64.46282 -57.97638 -37.14004 -64.46282 -57.92517 -37.0206 -64.46282 -57.90578 -36.97537 -64.46282 -57.73882 -36.71632 -64.46282 -57.67221 -36.61296 -64.46282 -56.90149 -36.07775 -64.46282 -30.60808 -55.97677 -64.46282 -30.45994 -56.05467 -64.46282 -30.44833 -56.06077 -64.46282 -47.87792 -47.90353 -64.46282 -48.15486 -48.13075 -64.46282 -48.19713 -48.16543 -64.46282 -47.36301 -46.79496 -64.46282 -47.39908 -46.96528 -64.46282 -47.45201 -47.21519 -64.46282 -47.48915 -47.30875 -64.46282 -40.9471 -50.9866 -64.46282 -47.51975 -47.38585 -64.46282 -40.62924 -51.14094 -64.46283 -50.27559 -48.07725 -64.46282 -41.99017 -50.90866 -64.46282 -41.79093 -50.86401 -64.46282 -41.63881 -50.85602 -64.46282 -41.61266 -50.85464 -64.46282 -41.28576 -50.89236 -64.46283 -41.0992 -50.92143 -64.46282 -30.78121 -55.90713 -64.46282 -38.25746 -52.56479 -64.46282 -35.84797 -53.8194 -64.46283 -35.09462 -54.19069 -64.46282 -43.13887 -51.69478 -64.46282 -47.74406 -47.75415 -64.46282 -47.86325 -47.89149 -64.46282 -42.91409 -51.41626 -64.46282 -42.88019 -51.37426 -64.46282 -47.66243 -47.62012 -64.46282 -42.74438 -51.25407 -64.46282 -42.64022 -51.18938 -64.46282 -42.37764 -51.0263 -64.46282 -42.33232 -51.00777 -64.46282 -42.2112 -50.9582 -70.49332 -41.39189 -50.61429 -71.35076 -39.59496 -49.36134 -71.69129 -38.56138 -49.53762 -71.51721 -39.22063 -49.34611 -71.16247 -39.97888 -49.42959 -71.30174 -39.82798 -49.36182 -70.97544 -40.34482 -49.58481 -70.80019 -40.69319 -49.77084 -70.66659 -40.97964 -50.02383 -70.51422 -41.33391 -50.47201 -70.44315 -41.52034 -51.27379 -70.4472 -41.52639 -51.09823 -70.45652 -41.49689 -50.94067 -70.46186 -41.48001 -50.85049 -70.43365 -41.43889 -51.77516 -70.43615 -41.48988 -51.60387 -70.43721 -41.51147 -51.53137 -70.55319 -41.53222 -51.39448 -70.43088 -41.36199 -51.99071 -70.42965 -41.24647 -52.18893 -70.42967 -41.22982 -52.20927 -70.42979 -41.01953 -52.46622 -70.51063 -40.99152 -52.47089 -70.4298 -41.01549 -52.47116 -71.61502 -28.70718 -54.33425 -71.68909 -33.76759 -52.225 -71.68914 -33.77146 -52.22339 -71.57552 -28.42233 -54.48241 -71.6146 -28.67243 -54.34675 -71.59185 -28.47727 -54.44183 -71.54037 -28.30903 -54.56674 -71.5344 -28.2898 -54.58106 -71.47519 -28.18648 -54.69758 -71.46522 -28.16762 -54.71961 -71.43184 -28.11084 -54.78289 -71.36289 -28.04089 -54.9122 -71.33078 -28.00832 -54.97243 -71.25171 -27.92812 -55.12069 -71.16909 -27.88878 -55.28895 -71.10338 -27.82238 -55.45712 -71.00002 -27.8083 -55.63325 -70.72263 -27.84814 -56.35222 -70.74829 -27.82346 -56.26371 -70.85292 -27.80714 -55.99209 -70.86378 -27.80544 -55.96389 -70.64106 -27.92659 -56.63355 -70.66819 -28.07641 -57.14678 -70.52687 -28.26854 -57.23681 -70.52075 -28.31441 -57.29133 -70.50685 -28.41885 -57.41547 -70.49917 -28.55928 -57.5255 -70.52682 -28.70457 -57.63181 -70.48978 -28.72699 -57.6471 -70.48423 -28.8472 -57.69973 -70.4718 -29.11648 -57.81759 -70.47165 -29.11992 -57.8184 -70.45901 -29.46327 -57.87192 -70.45052 -30.0505 -57.82722 -71.5854 -45.79611 -43.83443 -71.54635 -47.79296 -41.77621 -71.5349 -49.57802 -39.68474 -71.5349 -49.5781 -39.68463 -71.54637 -51.22783 -37.48487 -71.57373 -45.72257 -43.93177 -71.55158 -45.70013 -43.97605 -71.48995 -45.58938 -44.19849 -71.44107 -45.55693 -44.32436 -71.29685 -45.50338 -44.67034 -71.06185 -45.5269 -45.21923 -71.15269 -45.49711 -44.98776 -71.03771 -45.5387 -45.2347 -70.96323 -45.59279 -45.40092 -70.81867 -45.69776 -45.72352 -70.80451 -45.71876 -45.75933 -70.72202 -45.84872 -46.00917 -70.68462 -45.89649 -46.06251 -70.67598 -45.9093 -46.08436 -70.65711 -45.93727 -46.13209 -70.62052 -46.03927 -46.24428 -70.51376 -46.41448 -46.59981 -70.51189 -46.42371 -46.60698 -70.4666 -47.03751 -46.87082 -70.54297 -47.19316 -46.89517 -70.45896 -47.2565 -46.89218 -70.45491 -47.37239 -46.90349 -70.44772 -47.61604 -46.88547 -70.44533 -47.70404 -46.87235 -70.45629 -47.75124 -46.86842 -70.44112 -47.85901 -46.84925 -70.43356 -48.24235 -46.68977 -70.44916 -48.37221 -46.59278 -70.43829 -48.57814 -46.43304 -70.70671 -62.19177 -22.62077 -70.70245 -62.1515 -22.61178 -70.70671 -62.19164 -22.62119 -70.70171 -60.4579 -28.28608 -70.70675 -60.38973 -28.55663 -70.70183 -63.15201 -16.7796 -70.69316 -63.13225 -16.63975 -70.68731 -62.10764 -22.60149 -70.68695 -63.10775 -16.77474 -70.66006 -62.06604 -22.59175 -70.67271 -63.08026 -16.76283 -70.64016 -60.35761 -28.24944 -70.64206 -62.04755 -22.58741 -70.62035 -60.34114 -28.24342 -70.62158 -62.03133 -22.58361 -70.64031 -60.35773 -28.24948 -70.65677 -60.33635 -28.34931 -70.64244 -63.04761 -16.76811 -70.68639 -60.4154 -28.27055 -70.69889 -60.39431 -28.39787 -70.70431 -63.16746 -16.74722 -70.65902 -60.37498 -28.25578 -70.67976 -60.35037 -28.39929 -70.47856 -62.00101 -22.57657 -70.52287 -61.23445 -25.42737 -70.52287 -61.23428 -25.42732 -70.54796 -60.3125 -28.23296 -70.47526 -60.30919 -28.23174 -70.47529 -60.30918 -28.23174 -70.48111 -62.57957 -19.6828 -70.48604 -62.99253 -16.76205 -70.48111 -62.57939 -19.68277 -70.48165 -62.99346 -16.76215 -70.52518 -61.99792 -22.57582 -70.55012 -62.00013 -22.57633 -70.57517 -62.00737 -22.57801 -70.57604 -60.31897 -28.23532 -70.59908 -62.01783 -22.58046 -70.59683 -60.3292 -28.23906 -70.61925 -60.34023 -28.24309 -70.64234 -63.04751 -16.7681 -70.62318 -63.03013 -16.76618 -70.62215 -63.0292 -16.76609 -70.60042 -63.01735 -16.76478 -70.58016 -63.00629 -16.76357 -70.55296 -62.99895 -16.76276 -70.54848 -63.00697 -16.62787 -70.45511 -56.13341 -35.95186 -70.54805 -56.14425 -35.95368 -70.46668 -55.93836 -37.23005 -70.43791 -56.17778 -36.59045 -70.54889 -56.16262 -36.60489 -70.69214 -56.3355 -36.27136 -70.6594 -56.11121 -37.04269 -70.69088 -56.11447 -37.15785 -70.64104 -56.09364 -37.03505 -70.63951 -55.97826 -37.25669 -70.68316 -56.02405 -37.28506 -70.65847 -55.99396 -37.26642 -70.65503 -55.98978 -37.26382 -70.73466 -56.24568 -37.51071 -70.70161 -56.06909 -37.31297 -70.56174 -56.18611 -36.34788 -70.4331 -56.09257 -36.90378 -70.4326 -56.08398 -36.93537 -70.57211 -56.00313 -37.12836 -70.58788 -55.99961 -37.15378 -70.57157 -55.94268 -37.23465 -70.57133 -55.94263 -37.23462 -70.52916 -56.04904 -37.01381 -70.54581 -55.93754 -37.23147 -70.47725 -55.93423 -37.22942 -70.46691 -56.02274 -35.63747 -70.4986 -56.0212 -35.62222 -70.44659 -56.18909 -36.21758 -70.44511 -56.18716 -36.28112 -70.46017 -56.10039 -35.79426 -70.618 -55.96229 -37.2468 -70.63922 -55.97804 -37.25655 -70.59571 -52.54797 -42.05913 -70.57111 -52.53981 -42.0526 -70.57427 -48.58173 -46.43169 -70.70234 -52.6561 -42.14567 -70.70671 -52.6887 -42.17177 -70.70671 -52.689 -42.17144 -70.68675 -52.62043 -42.11713 -70.67426 -52.60306 -42.10323 -70.65862 -52.58666 -42.09009 -70.63922 -48.61041 -46.46095 -70.64004 -52.57172 -42.07814 -70.61911 -48.59812 -46.44842 -70.61889 -52.55869 -42.06772 -70.63938 -48.6105 -46.46104 -70.68612 -48.6537 -46.50511 -70.70074 -48.68043 -46.53238 -70.70161 -48.68539 -46.53744 -70.70164 -48.68558 -46.53763 -70.70671 -48.71459 -46.56722 -70.65835 -48.62341 -46.4742 -70.6732 -48.6383 -46.4894 -70.68316 -48.6483 -46.49959 -70.45058 -48.57925 -46.42916 -70.51909 -50.61659 -44.29184 -70.52644 -48.57357 -46.424 -70.54592 -48.57708 -46.42695 -70.54546 -52.53436 -42.04824 -70.54581 -48.57706 -46.42693 -70.47725 -48.57434 -46.42415 -70.47361 -54.30417 -39.68743 -70.4728 -52.53665 -42.05008 -70.51908 -50.61672 -44.29196 -70.47361 -54.30432 -39.68754 -70.52001 -52.53308 -42.04722 -70.59541 -48.58933 -46.43944 -70.618 -48.59744 -46.44771 -70.6574 -48.52689 -46.56276 -70.70368 -48.2683 -46.8493 -70.65086 -47.50897 -46.94589 -70.67472 -48.4447 -46.65356 -70.68706 -48.45782 -46.67147 -70.65808 -48.10455 -46.82285 -70.61998 -48.41113 -46.6077 -70.5461 -46.97794 -46.85597 -70.54756 -48.39247 -46.58221 -70.58666 -48.46775 -46.54366 -70.52817 -48.07743 -46.75894 -70.57254 -40.85344 -52.60489 -70.57604 -40.7587 -52.672 -70.59691 -40.76461 -52.6812 -70.65898 -40.79091 -52.72213 -70.69938 -41.05523 -52.61538 -70.70659 -40.86162 -52.83279 -70.61946 -40.95914 -52.55128 -70.62031 -40.77144 -52.69182 -70.64016 -40.78094 -52.70661 -70.64026 -40.78099 -52.70667 -70.65558 -40.89801 -52.64578 -70.70168 -40.83852 -52.79623 -70.60706 -41.14062 -52.34007 -70.51366 -41.31394 -52.05991 -70.47085 -40.79996 -52.6338 -70.54796 -40.75498 -52.66621 -70.5732 -40.75833 -52.67141 -70.57328 -40.75834 -52.67142 -70.47528 -40.75307 -52.66322 -70.5172 -40.79117 -52.63552 -70.44521 -41.41038 -51.87122 -70.68992 -41.67963 -51.43836 -70.61925 -40.77094 -52.69105 -70.47793 -38.22258 -54.17929 -70.70671 -35.69518 -55.72657 -70.70245 -35.67678 -55.68964 -70.70671 -35.69476 -55.72674 -70.70186 -30.20148 -57.94507 -70.70671 -30.21468 -57.98355 -70.62157 -35.62298 -55.57854 -70.64205 -35.63024 -55.59354 -70.66005 -35.63852 -55.61064 -70.68731 -35.65714 -55.64909 -70.6232 -30.16164 -57.82889 -70.65754 -30.1718 -57.85853 -70.68702 -30.18702 -57.90291 -70.69408 -30.04199 -57.96215 -70.66046 -30.17321 -57.86262 -70.66056 -30.17325 -57.86277 -70.68434 -30.18468 -57.89609 -70.45991 -30.15116 -57.79835 -70.55012 -35.60903 -55.5497 -70.52518 -35.60805 -55.54766 -70.52576 -32.91161 -56.74904 -70.48604 -30.14935 -57.79308 -70.47793 -38.22248 -54.17912 -70.47855 -35.60945 -55.55052 -70.52576 -32.91168 -56.74921 -70.59908 -35.61694 -55.56607 -70.57517 -35.61227 -55.5564 -70.55296 -30.15145 -57.7992 -70.55304 -30.15146 -57.79922 -70.57753 -30.15361 -57.8055 -70.58016 -30.15385 -57.80618 -70.62129 -30.02794 -57.86947 -70.52367 -29.5903 -57.88407 -70.56587 -29.17846 -57.83437 -70.70434 -29.70828 -58.04832 -70.54002 -28.45672 -57.45732 -70.64512 -29.93578 -57.90822 -70.66226 -29.93938 -57.92668 -70.53746 -29.11339 -57.81552 -70.66232 -28.88513 -57.78147 -70.48926 -29.97712 -57.84286 -70.55741 -29.92621 -57.85929 -70.58116 -29.92776 -57.86719 -70.65993 -29.57824 -57.95522 -70.17089 -25.22661 -61.65678 -70.44762 -29.98651 -61.44713 -70.33861 -30.00566 -61.54978 -70.30215 -32.32799 -60.93392 -70.70205 -29.91634 -60.92184 -70.17601 -30.84269 -61.50307 -70.22248 -32.34425 -60.97738 -70.35581 -22.90689 -61.05749 -70.308 -25.22687 -61.64481 -70.69978 -26.87424 -61.24202 -70.44976 -32.27888 -60.80273 -70.47181 -32.27154 -60.78313 -70.5408 -29.96434 -61.32828 -70.59993 -32.20295 -60.59986 -70.61469 -29.93986 -61.19704 -70.61275 -32.19055 -60.56675 -70.67768 -32.13161 -60.396 -70.69113 -32.09132 -60.30162 -70.70671 -32.04442 -60.17633 -70.1481 -22.86496 -61.18789 -70.16334 -22.86691 -61.18181 -70.28082 -22.89131 -61.10593 -70.79304 -18.43138 -58.40593 -70.64209 -25.30373 -61.25468 -70.47181 -66.37473 -18.17797 -70.59993 -66.18088 -18.15118 -70.54047 -65.67638 -21.68139 -70.69113 -65.86552 -18.10758 -70.69756 -65.26543 -21.5962 -70.6671 -35.44344 -59.07498 -70.69756 -35.3838 -58.94339 -70.69741 -38.56252 -57.37298 -70.70656 -39.54594 -56.67229 -70.6973 -41.62855 -55.59268 -70.69719 -44.58047 -53.59996 -70.69711 -47.38855 -51.41457 -70.70667 -46.26042 -52.14535 -70.69705 -50.02594 -49.06168 -70.70671 -52.32816 -46.51963 -70.69699 -54.79442 -43.86225 -70.69701 -56.92174 -41.01175 -70.69705 -58.85359 -38.02161 -70.70671 -61.82168 -31.63786 -70.70671 -60.97961 -33.79407 -70.69719 -62.07037 -31.74009 -70.6973 -63.35738 -28.44976 -70.70671 -63.97146 -26.13312 -70.69741 -64.42633 -25.05805 -70.70671 -64.21857 -25.00468 -70.66647 -38.6314 -57.5013 -70.66591 -41.70644 -55.71689 -70.66545 -44.66708 -53.71928 -70.66509 -47.4834 -51.52829 -70.61451 -35.50189 -59.20394 -70.54045 -35.55706 -59.32567 -70.613 -38.69888 -57.62698 -70.53771 -38.76251 -57.74551 -70.6117 -41.78272 -55.83853 -70.36536 -45.88531 -53.4723 -70.53178 -47.6636 -51.74433 -70.60911 -50.22883 -49.27435 -70.53064 -50.3232 -49.37327 -70.60873 -52.71191 -46.74377 -70.52994 -52.81281 -46.83633 -70.6086 -55.02446 -44.04639 -70.52971 -55.13142 -44.13201 -70.60873 -57.16355 -41.17981 -70.52995 -57.27599 -41.25795 -70.60912 -59.10568 -38.17274 -70.61277 -66.14579 -18.14632 -70.61453 -65.54552 -21.65426 -70.53771 -64.83361 -25.17156 -70.61301 -64.70403 -25.13545 -70.53533 -63.75858 -28.59142 -70.6117 -63.63103 -28.54639 -70.53337 -62.46314 -31.90923 -70.61061 -62.33834 -31.8555 -70.5318 -60.95115 -35.12639 -70.53066 -59.22293 -38.24303 -70.67966 -65.96306 -18.12106 -70.66711 -65.40689 -21.62553 -70.66647 -64.56661 -25.09715 -70.66591 -63.49563 -28.49857 -70.66545 -62.20578 -31.7984 -70.66483 -58.98099 -38.09799 -70.66466 -57.04395 -41.09669 -70.66461 -54.91069 -43.95532 -70.66466 -52.60457 -46.64531 -70.64787 -48.30779 -50.93599 -70.17852 -57.5102 -41.41947 -70.18702 -55.30643 -44.27211 -70.18982 -59.41413 -38.35905 -70.18305 -61.17708 -35.23945 -70.19143 -62.67975 -32.005 -70.1976 -65.08695 -25.24435 -70.1995 -63.97533 -28.66587 -70.22248 -66.58018 -18.20638 -70.22249 -66.58017 -18.20638 -70.21736 -65.89173 -21.72533 -70.21771 -35.6475 -59.5267 -70.19767 -38.88903 -57.97643 -70.18299 -47.82347 -51.93951 -70.18959 -50.47835 -49.53401 -70.17855 -53.02199 -47.02938 -70.30215 -66.53422 -18.20002 -70.44979 -66.39543 -18.18083 -70.33786 -65.89714 -21.72714 -70.4471 -65.79485 -21.70594 -70.33188 -65.05146 -25.23229 -70.44281 -64.95069 -25.2042 -70.32674 -63.97236 -28.66692 -70.43913 -63.87362 -28.63205 -70.32249 -62.67179 -31.9991 -70.43607 -62.57554 -31.95764 -70.3191 -61.15365 -35.23012 -70.43364 -61.06034 -35.18231 -70.31663 -59.41829 -38.36016 -70.43186 -59.32833 -38.30622 -70.3151 -57.46316 -41.38803 -70.43077 -57.37701 -41.32815 -70.31458 -55.30939 -44.27449 -70.43039 -55.22748 -44.20891 -70.3151 -52.98078 -46.99039 -70.43076 -52.90346 -46.91948 -70.3166 -50.48043 -49.53808 -70.43184 -50.40803 -49.46219 -70.31906 -47.80933 -51.91906 -70.43361 -47.74217 -51.83854 -70.27748 -40.22387 -57.26874 -70.33187 -38.86948 -57.94476 -70.44281 -38.81999 -57.8526 -70.33782 -35.65013 -59.53101 -70.44707 -35.60701 -59.43587 -70.42565 -65.57487 -11.15332 -70.22468 -65.72168 -11.069 -70.28089 -64.63565 -8.954689 -70.70671 -65.01604 -11.65201 -70.69672 -65.62159 -12.49602 -70.15747 -64.70691 -8.912751 -70.44763 -66.52228 -15.8046 -70.2181 -66.71192 -15.79773 -70.6147 -66.26804 -15.81382 -70.69971 -66.03015 -16.09786 -70.35185 -64.59468 -8.978798 -70.51109 -64.44693 -9.065743 -70.52664 -65.45975 -11.19828 -70.51491 -64.44113 -9.069161 -70.62666 -64.2716 -9.168923 -70.45564 -62.99928 -16.70248 -70.66079 -62.56414 -15.33296 -70.57249 -62.8432 -15.8329 -70.69486 -62.35397 -15.07342 -70.69631 -63.08348 -16.18515 -70.62438 -63.0398 -16.64671 -70.62887 -63.03928 -16.41758 -70.4967 -62.97695 -16.27596 -70.53513 -62.23557 -15.14704 -70.56274 -62.56174 -15.42632 -101.2571 36.71899 -0.028152 -101.2571 34.54225 -1.206207 -101.3221 9.797013 -35.35924 -101.2571 34.22504 -4.823669 -101.3039 -20.84988 -29.62689 -101.2571 -24.94608 -23.91026 -101.2465 -29.71119 -22.00339 -101.2571 -26.16754 -22.55403 -101.2571 -28.41515 -19.6126 -101.3595 -34.75182 8.139629 -101.2571 -30.34242 -16.45721 -101.2571 -31.93291 -13.13448 -101.2571 22.92845 -28.64455 -101.2571 19.63378 -30.99532 -101.2571 17.28715 -29.92928 -101.2571 14.05156 -31.57784 -101.2571 20.3557 -27.93305 -101.2571 20.94186 -27.49632 -101.2571 24.22624 -27.39248 -101.2571 23.71195 -25.14666 -101.2571 27.86572 -23.88122 -101.2571 26.21947 -22.52004 -101.2571 28.06355 -23.60175 -101.2794 28.58687 -19.94861 -101.2571 36.4212 -4.028961 -101.2571 36.32161 -5.367172 -101.2571 33.52978 -8.388916 -101.2569 34.68455 -12.02576 -101.2571 33.34487 -9.0961 -101.2571 32.19576 -12.57182 -101.2571 30.69903 -15.88037 -101.2571 31.8295 -18.28157 -101.2571 28.86285 -19.0145 -101.2571 -34.52067 -1.754044 -101.2571 -34.14744 -5.337685 -101.2571 -33.39837 -8.851258 -101.2571 -32.26561 -12.30689 -101.2724 9.788552 -33.18124 -101.2571 10.65987 -32.87813 -101.2571 13.50626 -34.1126 -101.2571 -3.271408 34.4081 -101.2568 2.592945 36.62083 -101.2571 0.000175 34.56328 -101.2571 3.629295 34.37224 -101.2571 5.174316 34.17381 -101.2571 8.759705 33.43487 -101.2579 13.22205 34.36973 -101.2571 12.21931 32.3313 -101.2571 15.54496 30.87036 -101.2571 16.19431 30.53471 -101.2571 19.333 28.65067 -101.2571 21.7699 29.57359 -101.2571 22.23229 26.46416 -101.2571 24.88689 23.98477 -101.2571 26.2319 25.59456 -101.2571 25.38855 23.45311 -101.2559 29.51021 22.05074 -101.2571 27.72667 20.63632 -101.2571 29.73877 17.61339 -101.2571 31.42304 14.39508 -101.2571 34.18504 13.41217 -101.2571 31.72044 13.72734 -101.2571 32.99438 10.29543 -101.257 36.06632 6.872695 -101.2571 33.89245 6.776871 -101.2571 34.4165 3.18248 -101.2571 34.4761 2.453941 -70.70009 -62.37659 -6.456758 -70.47974 -57.85066 2.106049 -70.49456 -58.06397 1.689758 -70.63511 -59.64401 -1.518484 -70.00718 -56.91169 4.456795 -70.15747 -56.85789 4.425125 -70.30899 -56.77039 4.373642 -70.21088 -56.82705 4.406982 -71.72144 -59.31652 -15.3336 -71.68924 -59.26124 -16.10634 -71.67177 -59.27335 -16.10803 -71.59804 -59.41794 -15.64289 -71.41275 -59.70708 -15.29097 -70.64849 -62.27894 -15.10635 -70.62305 -61.95394 -14.96542 -70.94548 -60.72887 -14.77876 -70.73004 -61.66324 -14.79801 -71.56603 -59.43442 -15.65872 -71.62636 -59.3359 -15.88911 -70.96339 -60.47527 -14.90858 -71.17408 -60.07065 -15.06598 -71.16477 -60.06926 -15.07172 -71.39762 -59.7106 -15.30389 -71.40779 -59.66611 -15.36199 -71.184 -60.07114 -15.05801 -70.97497 -60.47779 -14.90183 -71.6543 -59.28546 -16.10973 -71.6443 -59.28962 -16.11038 -71.58494 -59.42508 -15.65089 -71.18707 -60.19958 -14.90698 -70.98632 -60.47995 -14.89423 -71.19327 -60.07146 -15.05036 -71.78478 -56.71535 -26.76067 -71.75829 -56.7432 -26.76503 -71.76584 -58.30597 -21.50929 -71.74254 -58.3244 -21.51382 -71.7167 -58.33927 -21.51753 -72.06864 -56.24316 -26.94325 -71.71768 -56.76822 -26.7738 -71.72664 -56.76438 -26.77247 -71.74246 -56.75379 -26.76875 -71.68159 -56.65339 -27.2922 -70.88778 -57.59886 -29.0446 -71.48427 -56.75286 -27.77498 -71.47669 -56.75185 -27.67239 -71.69763 -56.71721 -26.97508 -71.65635 -56.67663 -27.28471 -70.69164 -57.86119 -29.12157 -70.54065 -58.88243 -29.33136 -70.59458 -58.56802 -29.33713 -71.643 -56.69045 -27.25319 -70.91476 -57.33566 -28.67627 -70.35845 -56.50732 4.765141 -70.18436 -55.02171 7.855148 -70.31297 -55.48128 6.70442 -64.0522 -52.14298 16.30115 -64.33084 -54.44596 12.3022 -64.37542 -52.09687 16.90337 -64.3766 -52.09758 16.9037 -64.3766 -53.28339 14.6039 -64.42578 -53.29933 14.61104 -64.32884 -52.06873 16.88983 -64.32997 -53.2632 14.59471 -64.69924 -55.76587 9.939667 -64.62516 -54.48291 12.31929 -64.42827 -52.11566 16.91199 -64.48162 -52.13434 16.92056 -64.47679 -53.31069 14.61594 -64.53817 -52.14207 16.92346 -64.52879 -53.31722 14.61851 -64.59297 -52.14957 16.92627 -64.58095 -53.31887 14.61876 -64.59438 -52.14948 16.92619 -64.65028 -52.14596 16.92334 -64.47494 -54.48406 12.32092 -64.42526 -54.47555 12.31688 -64.37699 -54.46276 12.31059 -64.57565 -54.4877 12.3221 -66.62448 -57.0111 6.447769 -70.00718 -8.113923 -56.50635 -67.01122 -6.48318 -57.00102 -65.12405 -5.170509 -57.22089 -65.23052 -0.256115 -55.79483 -65.04166 0.615105 -55.61068 -64.6114 0.579651 -55.46937 -64.62138 -5.206627 -57.10856 -64.66874 -5.193214 -57.15027 -64.47486 -5.286583 -56.85992 -64.50917 0.543846 -55.32658 -64.4766 0.52224 -55.24042 -64.47445 0.517799 -55.22269 -64.47451 0.517914 -55.22317 -64.57041 0.568695 -55.4257 -64.51735 0.549278 -55.34823 -64.51155 -5.252739 -56.96516 -64.47677 -5.281624 -56.87536 -64.5096 0.544136 -55.32773 -64.58299 0.573303 -55.44406 -64.57675 -5.220497 -57.06541 -64.58381 -5.217262 -57.07547 -64.51786 -5.247505 -56.98144 -64.57155 0.569122 -55.42737 -64.67099 -5.192574 -57.15226 -64.70793 0.598198 -55.5433 -64.67499 0.593857 -55.52602 -64.65917 0.590324 -55.51193 -64.65705 0.589859 -55.51005 -64.72457 -5.183372 -57.18086 -64.77458 -5.174789 -57.20756 -64.76211 0.605308 -55.5717 -64.78099 -5.17424 -57.20927 -64.78412 0.687319 -55.56206 -64.81841 0.61039 -55.59193 -64.84167 -5.168983 -57.22562 -64.87594 0.613991 -55.60631 -64.88887 -5.164894 -57.23832 -64.90131 -5.164749 -57.2388 -64.90087 0.671524 -55.59752 -64.93266 0.61573 -55.61321 -64.96105 -5.164017 -57.24107 -64.98847 0.615936 -55.61407 -65.07247 -5.167374 -57.23061 -65.0183 -5.164093 -57.24082 -65.0108 1.077365 -55.49857 -65.00755 -5.163444 -57.24285 -65.11193 -2.764564 -56.50466 -65.10955 -2.294365 -56.36468 -64.33321 0.426378 -53.32675 -64.47471 1.162544 -55.06308 -64.47516 1.163452 -55.06671 -64.47687 1.166893 -55.08065 -64.49088 1.176018 -55.1176 -64.50965 1.18824 -55.16711 -64.51059 1.18885 -55.16961 -64.51776 1.19352 -55.18851 -64.53869 1.201042 -55.21901 -64.57111 1.212707 -55.26626 -64.57192 1.212997 -55.26745 -64.58299 0.573303 -55.44405 -64.58352 1.217171 -55.28436 -64.6579 1.233482 -55.35054 -64.65796 1.233498 -55.35058 -64.67559 1.237366 -55.36627 -64.87419 1.25695 -55.44582 -64.76183 1.248489 -55.41141 -64.98535 1.258942 -55.45402 -65.13998 1.958383 -55.27492 -64.92026 4.385262 -54.70049 -64.94386 4.385216 -54.6987 -64.83985 4.380791 -54.68757 -64.79993 4.378563 -54.68115 -64.73583 4.370987 -54.65433 -64.68799 4.365341 -54.63433 -64.63949 4.355858 -54.59852 -64.59434 4.347031 -54.56521 -64.59098 4.346374 -54.56274 -64.55831 4.336288 -54.52335 -64.52337 4.325493 -54.48122 -64.51453 4.322754 -54.47056 -64.49747 4.313835 -54.43494 -64.47493 4.302055 -54.38787 -64.46311 4.295876 -54.36317 -64.45858 4.290329 -54.34061 -70.39979 -4.648768 -55.31735 -70.18064 -4.348228 -55.40809 -70.21108 -8.143883 -56.41318 -69.97701 -4.14547 -55.39773 -70.16334 -8.133973 -56.44401 -70.34758 -8.114698 -56.30711 -70.35581 -8.173951 -56.3197 -71.31619 -8.541959 -55.63898 -70.5644 -13.50782 -57.7466 -71.02695 -40.58353 -49.62818 -70.78179 -40.90352 -49.92441 -72.21418 -37.89784 -49.2705 -70.72685 -41.29009 -50.29406 -70.56888 -41.44485 -50.72567 -71.71768 -38.55511 -49.52746 -71.69126 -38.78538 -49.41419 -71.10758 -40.15266 -49.47594 -71.50593 -39.49451 -49.29026 -71.66034 -38.97857 -49.34842 -71.74246 -38.54702 -49.51449 -71.72664 -38.55298 -49.52401 -71.71667 -33.76638 -52.21339 -71.68924 -28.69248 -54.29595 -72.18801 -34.3329 -51.40197 -71.74252 -33.7595 -52.19969 -72.72117 -25.86387 -54.01494 -71.6443 -28.70264 -54.32275 -71.6543 -28.70109 -54.31883 -71.67177 -28.69679 -54.30739 -71.41274 -27.99452 -54.90954 -71.42677 -27.97996 -54.90771 -71.5531 -28.29509 -54.56924 -71.62134 -28.2538 -54.53745 -71.5692 -28.29071 -54.56328 -71.38975 -28.02906 -54.89733 -71.58475 -28.28344 -54.55599 -71.62458 -28.48366 -54.42346 -71.2391 -27.8426 -55.25487 -71.02254 -27.71568 -55.84755 -70.83636 -27.76984 -56.42653 -71.47046 -27.94811 -54.87347 -71.59784 -28.27406 -54.55078 -70.6627 -55.96517 -35.39196 -71.75307 -55.66293 4.270069 -70.79604 -54.67147 7.776659 -70.45736 -56.95963 3.772082 -71.66027 -52.1157 -36.00145 -71.34061 -54.13912 -33.69425 -71.42326 -53.49488 -34.53906 -71.64258 -51.16763 -37.44352 -71.63145 -49.52058 -39.63872 -71.03893 -60.28937 -6.088051 -72.85709 -58.06501 -16.82864 -72.23424 -52.05098 -34.88663 -73.22327 -54.44092 -29.09393 -64.25898 -47.52688 24.43049 -64.33808 -46.08991 26.90294 -64.50288 -45.05493 28.54898 -64.43757 -45.02537 28.52759 -64.37896 -44.98873 28.50115 -64.28671 -50.70652 19.15751 -64.37536 -49.90205 20.87689 -64.37449 -51.02196 18.90186 -64.43875 -47.56969 24.77223 -64.43304 -49.93395 20.89433 -64.50474 -47.59986 24.79115 -64.49568 -49.95904 20.90782 -64.49747 -49.95679 20.90651 -64.6484 -47.62409 24.80594 -64.57675 -47.61057 24.79765 -64.77937 -44.98302 28.49808 -64.79052 -47.63239 24.81047 -64.72007 -47.63097 24.80997 -64.77884 -48.24904 23.73172 -64.72371 -52.18477 16.83794 -64.774 -43.70714 30.27396 -64.68956 -45.05281 28.54796 -64.64517 -45.08899 28.57382 -64.57286 -45.07632 28.56451 -70.09308 -54.92154 8.102385 -65.31941 -54.10165 12.72321 -64.7917 19.99049 -49.32825 -64.44516 18.31667 -50.02042 -64.38569 18.29673 -49.97531 -64.41006 13.72126 -51.73579 -64.4275 11.39806 -52.50952 -64.58773 9.096283 -53.34746 -64.36042 18.26844 -49.90999 -64.49755 6.704376 -53.8997 -64.53115 6.715385 -53.93848 -64.5472 9.087304 -53.31945 -64.50996 9.077332 -53.28787 -64.44496 6.680832 -53.81552 -64.44708 9.055039 -53.21627 -64.46877 6.692795 -53.85846 -64.5446 13.76022 -51.83902 -64.50717 13.75185 -51.81721 -64.4902 11.41992 -52.57335 -64.47204 13.74249 -51.79252 -64.31821 7.766842 -53.06516 -64.32864 14.39741 -51.38602 -64.3149 15.95713 -50.73079 -64.51229 18.33305 -50.05703 -64.17133 17.5515 -49.85011 -64.80891 18.11251 -50.20332 -64.80673 18.35084 -50.09228 -64.73527 18.35574 -50.10472 -64.5848 18.34519 -50.08366 -64.62467 13.77352 -51.87292 -64.66003 18.35277 -50.09956 -64.70855 13.78194 -51.89303 -64.79241 13.7854 -51.89934 -64.99126 7.133595 -53.98361 -64.86405 9.123726 -53.42503 -64.89657 12.38039 -52.38219 -64.89329 12.61657 -52.29245 -64.77021 9.119866 -53.41703 -64.63096 9.104104 -53.37148 -64.67625 9.110688 -53.39119 -69.98831 -2.185208 -54.969 -71.53317 -18.21989 -56.50787 -73.11961 -17.61136 -55.11567 -71.41871 -11.95721 -56.15466 -71.65835 -46.66948 -42.8333 -71.64257 -47.73945 -41.72651 -72.36415 -44.24455 -44.05892 -72.85363 -35.32334 -50.20958 -65.06219 -66.86889 -9.314438 -64.72053 -66.82054 -9.342888 -62.92774 -47.87761 21.11253 -63.80074 -51.35091 -34.30655 -62.28811 0.900222 -51.73122 -63.71055 -61.24588 -8.029461 -64.35286 -44.65576 -40.34705 -63.47657 1.104824 -51.99782 -64.08879 -13.73736 -50.98984 -64.20869 -58.25335 -27.03243 -63.99997 -61.89097 -16.25945 -64.33267 -62.31496 -7.967464 -64.44761 -63.39778 -16.22179 -64.33699 -62.75891 -13.69147 -64.25282 -60.66003 -1.785926 -60.5755 -60.44577 -20.74846 -62.15199 -10.91687 -50.62557 -63.37254 -1.683727 -52.06029 -62.67713 -55.14296 -29.3805 -61.80624 -52.16629 -32.59951 -62.91404 -47.49909 -36.64667 -63.17109 -42.58709 -39.86716 -63.62284 -61.57322 -14.15232 -60.63966 -58.30566 -25.5251 -61.57907 -61.32679 -13.61843 -61.31841 -40.03741 -41.35125 -62.56374 -58.16697 -24.87969 -62.0233 -60.3167 -19.58875 -64.0551 -61.00478 -20.5323 -63.55918 -61.22331 -17.77652 -64.42693 -36.17444 -45.0575 -64.37819 -20.12947 -50.24876 -61.7913 -31.77814 -44.7217 -63.65411 -35.71151 -43.5747 -63.71908 -27.37715 -46.87067 -62.6174 9.814134 -50.63895 -60.37007 0.380724 -51.98014 -61.89505 6.360924 -51.27544 -62.90178 12.88691 -49.71211 -63.32901 5.285688 -51.72035 -83.12483 -3.27459 -46.32059 -83.12757 2.062199 -46.41557 -83.1263 -0.082825 -46.43278 -64.21836 -57.25283 6.955626 -63.18397 -53.09862 13.71116 -63.54971 -59.11225 1.504431 -61.84864 -58.07498 3.017706 -83.05584 6.643706 -49.38316 -83.26818 6.831095 -49.27489 -83.36637 6.760216 -49.1106 -83.37107 6.760902 -49.13232 -82.98135 6.805021 -49.48923 -83.40639 6.792778 -49.21943 -83.42873 6.821228 -49.25078 -83.37975 6.786741 -49.19958 -83.33876 6.780228 -49.16195 -83.38554 6.771141 -49.17603 -83.37055 6.760834 -49.12987 -83.20881 6.78828 -49.23528 -83.05451 6.665298 -49.40139 -83.07111 6.678365 -49.35614 -83.29913 6.984077 -49.3401 -83.4775 6.895401 -49.28476 -83.50122 6.936981 -49.28548 -83.44771 6.981967 -49.29666 -83.45288 6.856079 -49.27297 -83.44255 6.841179 -49.26349 -83.42942 6.822212 -49.25141 -83.40641 6.835689 -49.25778 -88.49777 4.149109 -48.07262 -86.4419 5.318293 -48.56951 -86.427 5.270447 -48.617 -86.42237 5.255684 -48.63241 -86.4103 5.235031 -48.631 -86.39748 5.214363 -48.62665 -86.38417 5.194176 -48.61925 -86.37067 5.174995 -48.60877 -86.34441 5.14164 -48.57935 -86.3573 5.157333 -48.59537 -86.33227 5.128265 -48.56113 -86.3113 5.109283 -48.52019 -86.29563 5.100693 -48.47694 -84.24641 6.566887 -49.10016 -72.84281 -57.94883 -6.504455 -71.09819 -58.30816 -0.493827 -70.70671 -59.98358 -29.05717 -70.7024 -60.225 -28.7262 -70.61951 -60.24568 -28.45631 -70.60993 -60.00228 -28.7771 -70.67873 -58.8897 -29.52765 -70.50018 -59.47339 -29.15745 -70.56686 -59.26744 -29.25085 -70.5384 -60.24328 -28.3834 -70.5773 -55.34865 -34.86776 -71.56213 -52.86924 -35.01014 -71.55895 -52.88079 -34.99946 -71.51676 -53.03397 -34.85798 -71.29567 -53.55192 -34.61931 -71.37059 -53.39966 -34.65484 -71.41131 -53.30086 -34.69688 -71.4417 -53.22397 -34.7433 -71.17797 -53.80511 -34.54873 -71.13156 -53.9079 -34.54747 -71.04069 -54.10911 -34.54502 -70.96123 -54.28506 -34.54288 -70.80991 -54.65631 -34.59991 -70.67754 -55.01679 -34.70528 -70.67021 -55.28444 -34.80967 -70.48163 -55.86117 -35.34164 -70.48871 -55.79219 -35.24953 -71.04305 -54.11001 -34.54271 -71.56565 -53.04516 -34.80856 -71.58905 -53.03583 -34.78669 -71.03795 -54.46795 -34.39007 -71.39247 -53.46209 -34.60119 -70.86727 -54.71 -34.54765 -70.96402 -54.34081 -34.52566 -70.95591 -54.32967 -34.53354 -70.9019 -54.41865 -34.54188 -70.68724 -55.57257 -34.96725 -71.57785 -52.85697 -35.01528 -71.58123 -52.83744 -35.03791 -71.52893 -53.04675 -34.8399 -71.43336 -53.25051 -34.7283 -71.57359 -52.87704 -34.99284 -71.60243 -52.72594 -35.17995 -71.58628 -52.79999 -35.08463 -71.58878 -52.73156 -35.18319 -71.60193 -52.72614 -35.18007 -71.53907 -53.04912 -34.83152 -71.16252 -53.88277 -34.53284 -71.35972 -53.45773 -34.62524 -71.16131 -53.89266 -34.52882 -71.3682 -53.45917 -34.61986 -71.6506 -52.69485 -35.16162 -71.64391 -52.70129 -35.16547 -71.62779 -52.71171 -35.17161 -71.62749 -52.7119 -35.17173 -71.61167 -52.72212 -35.17776 -71.55264 -53.04863 -34.81847 -71.37651 -53.46039 -34.61404 -71.17163 -53.89609 -34.52298 -71.18172 -53.89935 -34.51642 -70.97658 -54.34579 -34.52019 -71.56175 -49.56752 -39.67633 -71.56225 -49.56733 -39.67618 -71.57527 -52.73713 -35.1864 -71.61572 -49.53585 -39.65098 -71.61155 -49.53863 -39.65319 -71.62298 -51.18704 -37.45689 -71.57736 -49.56142 -39.67145 -71.58773 -49.55451 -39.66592 -71.58801 -49.55433 -39.66577 -71.61141 -49.53871 -39.65327 -71.65071 -45.84727 -43.71609 -71.64391 -45.85253 -43.72163 -71.62779 -45.86081 -43.73045 -71.58878 -45.87645 -43.74729 -71.60243 -45.87206 -43.74251 -71.6231 -47.75663 -41.74245 -71.61572 -49.53585 -39.65097 -71.57736 -49.56143 -39.67145 -71.61167 -45.86909 -43.73927 -70.90491 -45.63564 -45.60622 -71.40698 -45.4546 -44.59223 -71.56545 -45.57925 -44.13608 -71.58884 -45.55584 -44.13178 -71.37393 -45.39501 -44.77003 -71.53661 -45.59402 -44.13659 -71.38415 -45.49415 -44.52837 -71.21337 -45.47707 -44.92579 -71.53802 -45.59782 -44.14374 -71.55242 -45.58967 -44.13728 -71.39212 -45.46844 -44.58839 -70.65731 -46.54242 -46.74365 -70.62744 -46.11828 -46.35481 -70.58037 -46.3728 -46.57475 -70.91505 -45.64298 -45.85423 -72.35276 -48.96174 -39.0882 -69.27511 -39.18232 35.11059 -85.92533 -30.77444 37.96988 -76.28565 -42.32663 28.884 -81.16777 -51.34212 8.007374 -72.70828 -56.84811 -0.804304 -80.10347 -55.10982 -12.42821 -72.53345 -57.18896 -22.64275 -87.2942 -49.21359 -20.73965 -89.89597 -40.75848 23.83725 -89.73305 -37.43877 29.01063 -79.58476 -47.64915 18.37401 -72.21028 27.25141 -44.1771 -87.524 -28.83865 -44.61708 -84.33141 8.618477 -48.61813 -78.28486 5.125473 -51.29522 -81.25313 -10.0597 -52.20023 -77.63842 -10.81486 -53.46553 -86.32233 -18.05256 -49.37138 -86.13876 -24.33542 -47.69005 -79.40899 -36.30526 -45.57719 -86.61274 -37.36238 -39.09452 -71.89582 -7.087078 -55.15441 -75.17841 9.297571 -51.15216 -71.95051 14.62239 -50.17437 -72.08082 21.08096 -47.50085 -75.69274 32.1344 -40.02965 -84.27355 29.96717 -39.22172 -89.69533 13.50221 -45.40899 -82.49087 20.70301 -45.14753 -73.12692 49.12916 -16.2439 -73.667 51.64891 1.18198 -78.42368 49.54015 10.97109 -73.73175 47.94179 18.95586 -73.76624 45.81071 23.61754 -73.78697 43.23168 28.04642 -66.15348 40.7349 33.90761 -78.02803 28.81154 41.9426 -71.0252 16.23243 49.45565 -73.46059 10.24042 50.62218 -77.49071 -2.625457 50.97319 -81.1105 -21.64914 45.48958 -72.53726 -24.66927 45.63344 -76.0126 -31.00702 40.89106 -91.47214 -15.24935 44.73013 -92.23285 -6.953612 46.39829 -91.52273 34.73521 31.41991 -88.42727 45.44403 15.34503 -85.76046 47.14761 -13.56978 -84.65023 44.06788 -22.34692 -75.70001 36.81393 -35.88775 -77.07211 -12.5022 49.59727 -81.25466 7.364995 49.5638 -81.53288 16.975 47.01518 -81.83222 33.8059 36.61403 -81.8481 40.39289 29.1682 -86.11683 43.43643 22.24578 -85.95618 48.82552 3.785584 -77.70618 50.20848 -8.810724 -87.37552 38.41039 -29.7952 -101.2521 -22.32214 -26.31595 -101.0404 -22.21141 -26.11452 -101.0673 -22.17712 -26.14497 -101.0675 -34.2864 0.00016 -100.9984 -34.26821 0.00016 -101.1303 -34.32042 0.00016 -101.1834 -34.36835 0.000168 -101.2236 -34.42745 0.000175 -101.2486 -34.49439 0.000183 -101.249 -34.47915 -0.368493 -101.1088 -34.28293 -1.268832 -101.0474 -33.31195 -7.381294 -101.1289 -33.13549 -8.782433 -101.1078 -33.8546 -5.290039 -100.9973 -34.04414 -3.486735 -101.0848 -32.35875 -10.98087 -101.1457 -32.04803 -12.22263 -101.0705 -32.83721 -9.784061 -101.1516 -31.72205 -13.0466 -101.0823 -26.73079 -21.40908 -101.1543 -28.22851 -19.48504 -101.164 -30.15152 -16.35354 -101.1074 -30.39452 -15.74759 -101.1408 -25.96822 -22.38159 -101.1311 -24.7433 -23.71677 -101.131 -34.2765 -1.741569 -101.1837 -34.32436 -1.744011 -101.1416 -33.91372 -5.300751 -101.1901 -33.96076 -5.308182 -101.1627 -33.18741 -8.794381 -101.2027 -33.23199 -8.806397 -101.1841 -32.08266 -12.23603 -101.2153 -32.12306 -12.25169 -101.188 -31.75612 -13.0608 -101.2176 -31.79548 -13.0772 -101.1963 -30.18334 -16.37082 -101.2224 -30.21932 -16.39036 -101.1899 -28.25888 -19.50579 -101.2186 -28.29379 -19.52966 -101.17 -26.00676 -22.41688 -101.207 -26.04127 -22.44631 -101.1578 -24.78447 -23.75658 -101.1998 -24.81825 -23.7887 -101.2237 -34.3833 -1.747025 -101.2267 -34.01739 -5.317131 -101.2325 -33.28346 -8.820275 -101.2383 -32.168 -12.26909 -101.2393 -31.83894 -13.09531 -101.2415 -30.25852 -16.41164 -101.2398 -28.33222 -19.55593 -101.2345 -26.08059 -22.47987 -101.2312 -24.85762 -23.82614 -101.2487 -34.44999 -1.750427 -101.2494 -34.0807 -5.327141 -101.2509 -33.3397 -8.835434 -101.2524 -32.21602 -12.28769 -101.2526 -31.88521 -13.1146 -101.2532 -30.29992 -16.43412 -101.2528 -28.37307 -19.58386 -101.2514 -26.12322 -22.51623 -101.2506 -24.90086 -23.86726 -101.2479 -22.3137 -26.30599 -101.0792 -22.18135 -26.14997 -101.1336 -22.20067 -26.17275 -101.1886 -22.23417 -26.21224 -101.1886 -22.2342 -26.21227 -101.229 -22.27556 -26.26103 -101.2268 -33.66706 7.210632 -101.2494 -33.72964 7.223999 -101.2479 -33.28144 9.069642 -101.0143 -33.96573 4.545265 -101.011 -34.02792 3.610855 -101.0763 -34.09723 3.61628 -101.0144 -33.43652 7.162201 -101.0841 -33.5298 7.181305 -101.0144 -33.06283 9.010071 -101.0673 -33.07773 9.01413 -101.229 -33.22457 9.054139 -101.1886 -33.16286 9.037339 -101.1904 -33.61108 7.198669 -101.1886 -33.16285 9.037339 -101.142 -33.56452 7.188721 -101.1336 -33.11286 9.023697 -101.0793 -33.08407 9.01587 -101.249 -34.30228 3.638184 -101.2253 -34.23725 3.631241 -101.1871 -34.17942 3.625053 -101.1365 -34.13189 3.619972 -101.2521 -4.141426 -34.25872 -101.229 -4.132782 -34.18723 -101.1886 -4.125107 -34.12374 -101.1886 0.000175 -34.3722 -101.226 0.000175 -34.42993 -101.2283 0.000175 -34.43638 -101.3125 1.833264 -35.05714 -101.1336 -4.118889 -34.07229 -101.0647 -4.114723 -34.03814 -101.0669 0.000175 -34.28516 -101.08 0.000175 -34.28931 -101.1332 0.000175 -34.32098 -101.1391 0.000175 -34.32448 -100.9442 -1.73314 -34.21264 -101.0145 -5.995056 -33.74 -101.0145 -6.030106 -33.73196 -101.0145 -11.8044 -32.17116 -101.0145 -9.338341 -32.97156 -101.0647 -9.342942 -32.98781 -101.0647 -14.34518 -31.14002 -100.9639 -13.61285 -31.41252 -101.0145 -14.59546 -31.00483 -101.0145 -18.99101 -28.52486 -101.0145 -17.34405 -29.55167 -101.0647 -19.00074 -28.5394 -101.0145 -17.2524 -29.6088 -101.1336 -19.01975 -28.56802 -101.2521 -19.12382 -28.72434 -101.229 -19.08391 -28.6644 -101.1886 -19.04847 -28.61116 -101.1336 -14.3598 -31.17178 -101.1886 -14.38148 -31.21885 -101.229 -14.40824 -31.27694 -101.2521 -14.43837 -31.34234 -101.1336 -9.352463 -33.02145 -101.1886 -9.366593 -33.07131 -101.229 -9.384018 -33.13284 -101.2521 -9.403641 -33.20212 -101.1886 -32.25257 11.88368 -101.2508 0.000175 34.5086 -101.2521 -3.26622 34.35351 -101.0145 -32.15528 11.84784 -101.0673 -32.16976 11.85318 -101.0145 -31.15326 14.01421 -101.0673 -29.8633 16.83977 -101.0145 -29.84985 16.8322 -101.0145 -28.43095 18.93468 -101.0673 -26.78989 21.39391 -101.0145 -26.77783 21.38426 -101.0145 -24.96906 23.31001 -101.0673 -23.02847 25.39861 -101.0145 -23.0181 25.38716 -101.0145 -20.81353 27.08507 -101.0673 -18.67564 28.75104 -101.0145 -18.66724 28.73808 -101.0145 -16.12536 30.11311 -101.0673 -13.84321 31.3651 -101.0145 -13.83697 31.351 -101.0145 -10.97768 32.34776 -101.0673 -8.655243 33.17369 -101.0145 -8.651345 33.15874 -101.0145 -5.571075 33.7034 -101.0673 -3.245003 34.13032 -101.0669 0.000175 34.28546 -100.9452 -1.6611 34.2347 -101.1336 -3.248444 34.16656 -101.1332 0.000175 34.32129 -101.08 0.000175 34.2896 -101.1886 -3.253349 34.21817 -101.1886 0.000175 34.3725 -101.1391 0.000175 34.32478 -101.226 0.000175 34.43024 -101.2492 0.000175 34.49496 -101.2283 0.000175 34.43669 -101.229 -3.259399 34.28183 -101.2521 -8.711846 33.39062 -101.2521 -13.93373 31.57022 -101.2521 -18.79778 28.93904 -101.2521 -23.17907 25.5647 -101.2521 -26.96508 21.5338 -101.2521 -30.05859 16.94989 -101.229 -32.31258 11.90579 -101.1336 -32.20394 11.86577 -101.1336 -29.89502 16.85767 -101.1336 -26.81834 21.41661 -101.1336 -23.05293 25.42557 -101.1336 -18.69548 28.78157 -101.1336 -13.8579 31.39842 -101.1336 -8.664437 33.20892 -101.1886 -29.94016 16.88312 -101.1886 -26.85884 21.44896 -101.1886 -23.08775 25.46397 -101.1886 -18.72372 28.82504 -101.1886 -13.87884 31.44583 -101.1886 -8.677514 33.25906 -101.229 -29.99587 16.91452 -101.229 -26.90881 21.48886 -101.229 -23.1307 25.51134 -101.229 -18.75856 28.87866 -101.229 -13.90466 31.50433 -101.229 -8.693665 33.32095 -101.08 25.18752 23.2674 -101.226 2.793457 -34.31644 -101.0145 2.777985 -34.11304 -101.08 2.782051 -34.17628 -101.1391 2.784904 -34.21134 -101.2492 2.798706 -34.38095 -101.08 6.355865 -33.69514 -101.0182 4.57308 -33.94882 -101.0145 7.604095 -33.41424 -101.08 9.883309 -32.83414 -101.0061 13.47935 -31.44396 -101.08 13.9403 -31.3278 -101.0145 11.32398 -32.34351 -101.0709 10.55712 -32.6165 -101.0202 18.09544 -29.1069 -101.08 17.15026 -29.69229 -101.0145 14.846 -30.88582 -101.0145 19.01465 -28.45909 -101.08 20.19452 -27.71185 -101.0168 24.17156 -24.29477 -101.08 23.5242 -24.94754 -101.0145 21.36059 -26.79675 -101.0602 20.87602 -27.1879 -101.0145 24.23021 -24.23004 -101.08 26.01186 -22.34172 -101.0145 25.96173 -22.2974 -101.0145 26.76212 -21.40405 -101.08 28.22897 -19.46526 -101.0695 28.68317 -18.77696 -101.0145 29.00527 -18.24939 -101.08 30.45595 -15.75462 -101.0145 31.61065 -13.0938 -101.08 31.94083 -12.47227 -101.0145 30.85297 -14.91448 -101.0145 30.40328 -15.72612 -101.0145 32.32524 -11.37664 -101.08 33.08084 -9.024079 -101.0145 33.57003 -6.678421 -101.08 33.95403 -4.785477 -101.08 33.26428 -8.322487 -101.0168 33.39859 -7.668526 -101.0145 34.20369 -1.193344 -101.08 34.26874 -1.196655 -101.0145 34.04615 -3.900299 -101.0145 33.89604 -4.776169 -101.0145 34.26875 -0.07531 -101.0145 34.26466 -7.6e-05 -101.08 34.20312 2.434509 -101.0145 33.57027 6.696184 -101.08 33.62408 6.723221 -101.0145 34.05864 3.78994 -101.0608 34.12358 3.247019 -101.0145 33.42667 7.550674 -101.08 32.73313 10.2139 -101.0673 31.20741 14.17347 -101.08 31.46927 13.61864 -101.0145 32.37503 11.23447 -101.0145 32.67155 10.1958 -101.0312 29.19648 17.95932 -101.08 29.5033 17.47392 -101.0145 30.90149 14.81401 -101.0145 28.45869 19.01424 -101.08 27.50712 20.47293 -101.0145 27.4558 20.43608 -101.0145 26.85611 21.2863 -101.0594 24.63503 23.84657 -101.0383 22.2835 26.00051 -101.08 22.05625 26.25459 -101.0196 19.04682 28.44834 -101.08 19.17992 28.42381 -101.0145 21.4465 26.72835 -101.0145 18.32999 28.95459 -101.08 16.06609 30.29295 -101.0145 13.09381 31.61139 -101.08 12.12255 32.07529 -101.08 15.42187 30.62593 -101.0324 15.14123 30.75155 -101.0174 7.806359 33.37005 -101.08 8.690346 33.17013 -101.0145 11.42738 32.30743 -101.0145 12.1025 32.02545 -101.0145 3.597343 34.06155 -101.08 3.600555 34.10007 -101.08 5.133347 33.90321 -101.0145 6.678101 33.56673 -101.0182 3.989684 34.03905 -101.226 6.381927 -33.83333 -101.2492 6.393929 -33.89693 -101.226 9.923844 -32.96879 -101.226 10.61884 -32.75156 -101.2492 10.6388 -32.81314 -101.226 13.99747 -31.45627 -101.2492 14.02378 -31.51541 -101.226 17.2206 -29.81407 -101.2492 17.25297 -29.87013 -101.226 20.27734 -27.82551 -101.2492 20.31546 -27.87782 -101.226 20.86125 -27.39047 -101.2492 20.90047 -27.44197 -101.226 23.62067 -25.04985 -101.2492 23.66509 -25.09695 -101.226 26.11854 -22.43335 -101.2492 26.16764 -22.47553 -101.226 28.34474 -19.54509 -101.2492 28.39803 -19.58183 -101.226 28.75173 -18.9413 -101.2492 28.80579 -18.97691 -101.226 30.58085 -15.81924 -101.2492 30.63835 -15.84898 -101.226 32.07182 -12.52342 -101.2492 32.13212 -12.54697 -101.226 33.21651 -9.061097 -101.2492 33.27895 -9.078125 -101.226 33.4007 -8.356621 -101.2492 33.46349 -8.37233 -101.226 34.09328 -4.805107 -101.2492 34.15739 -4.814133 -101.226 34.40928 -1.201553 -101.2492 34.47397 -1.203819 -101.226 34.34337 2.444496 -101.2492 34.40795 2.449089 -101.226 34.28401 3.170227 -101.2492 34.34846 3.176186 -101.226 33.76198 6.750778 -101.2492 33.82546 6.763473 -101.226 32.86738 10.25578 -101.2492 32.92916 10.27507 -101.226 31.59833 13.6745 -101.2492 31.65773 13.70021 -101.226 31.30208 14.33966 -101.2492 31.36092 14.36662 -101.226 29.62429 17.54559 -101.2492 29.67999 17.57858 -101.226 27.61994 20.55689 -101.2492 27.67186 20.59554 -101.226 25.29081 23.36282 -101.2492 25.33836 23.40675 -101.226 24.79109 23.89244 -101.2492 24.83771 23.93735 -101.226 22.14671 26.36227 -101.2492 22.18835 26.41184 -101.226 19.25858 28.54038 -101.2492 19.29479 28.59404 -101.226 16.13198 30.41718 -101.2492 16.1623 30.47437 -101.226 15.48512 30.75153 -101.2492 15.51424 30.80933 -101.226 12.17227 32.20683 -101.2492 12.19515 32.26739 -101.226 8.725991 33.30617 -101.2492 8.742386 33.36879 -101.226 5.154396 34.04225 -101.2492 5.164093 34.10626 -101.226 3.615326 34.23991 -101.2492 3.622116 34.30427 -101.1391 6.362381 -33.7297 -101.1391 9.893448 -32.86782 -101.1391 10.58632 -32.65125 -101.1391 13.9546 -31.35993 -101.1391 17.16786 -29.72276 -101.1391 20.21524 -27.74029 -101.1391 20.79736 -27.30659 -101.1391 23.54833 -24.97314 -101.1391 26.03854 -22.36464 -101.1391 28.25794 -19.48523 -101.1391 28.66367 -18.88329 -101.1391 30.48719 -15.77079 -101.1391 31.9736 -12.48507 -101.1391 33.11477 -9.033341 -101.1391 33.29841 -8.331025 -101.1391 33.98888 -4.79039 -101.1391 34.3039 -1.197876 -101.1391 34.2382 2.437004 -101.1391 34.17901 3.160515 -101.1391 33.65858 6.730118 -101.1391 32.76671 10.22438 -101.1391 31.50155 13.63261 -101.1391 31.20621 14.29575 -101.1391 29.53356 17.49185 -101.1391 27.53535 20.49393 -101.1391 25.21336 23.29126 -101.1391 24.71516 23.81926 -101.1391 22.07887 26.28154 -101.1391 19.1996 28.45297 -101.1391 16.08257 30.32402 -101.1391 15.4377 30.65735 -101.1391 12.13499 32.1082 -101.1391 8.699265 33.20416 -101.1391 5.138611 33.938 -101.1391 3.604248 34.13505 -101.1886 2.788773 -34.25889 -101.1886 6.371223 -33.77658 -101.1886 9.907204 -32.9135 -101.1886 10.60103 -32.69664 -101.1886 13.974 -31.40352 -101.1886 17.19172 -29.76408 -101.1886 20.24333 -27.77885 -101.1886 20.82627 -27.34454 -101.1886 23.58107 -25.00784 -101.1886 26.07473 -22.39573 -101.1886 28.29721 -19.51231 -101.1886 28.70352 -18.90954 -101.1886 30.52957 -15.79271 -101.1886 32.01804 -12.50243 -101.1886 33.1608 -9.045891 -101.1886 33.34469 -8.342606 -101.1886 34.03612 -4.797043 -101.1886 34.35158 -1.199547 -101.1886 34.2858 2.440399 -101.1886 34.22652 3.164909 -101.1886 33.70537 6.739456 -101.1886 32.81225 10.23859 -101.1886 31.54533 13.65157 -101.1886 31.24959 14.31561 -101.1886 29.57462 17.51618 -101.1886 27.57362 20.52242 -101.1886 25.24841 23.32364 -101.1886 24.74952 23.85237 -101.1886 22.10957 26.31809 -101.1886 19.22629 28.49252 -101.1886 16.10493 30.36618 -101.1886 15.45915 30.69997 -101.1886 12.15186 32.15283 -101.1886 8.711358 33.25032 -101.1886 5.145752 33.98515 -101.1886 3.609261 34.18249 -101.1831 -28.97675 -23.19435 -101.1185 -29.11414 -23.30431 -101.1194 -31.25535 -20.34132 -101.1115 -29.12905 -23.31626 -101.0757 -29.17739 -23.35495 -101.2128 -36.84036 -4.646377 -101.3152 -36.89382 2.4758 -101.2808 -23.2522 28.73741 -101.2284 -5.880035 -36.41928 -101.2314 -11.16382 -35.17665 -101.0668 -21.1481 -30.80061 -101.0753 4.978722 -36.87807 -101.0742 10.33974 -35.74078 -101.0249 10.37015 -35.82818 -101.1041 17.93797 32.63974 -101.0517 37.21561 -2.729629 -101.0985 37.11928 -2.720863 -101.105 26.63392 26.02371 -101.0936 -3.207741 37.11026 -101.1006 7.696365 36.44461 -101.0861 -13.83562 34.58003 -101.003 -0.479263 -37.35258 -100.9983 5.006744 -37.01255 -101.0022 -19.55872 31.83836 -101.0899 -8.614777 36.23668 -101.0973 2.268784 37.18027 -101.1029 12.9573 34.92006 -101.1048 22.52986 29.65262 -101.0146 37.12838 -4.104271 -101.0643 37.27091 -1.428414 -101.1805 36.82783 -4.067238 -101.1819 37.0292 1.382744 -101.0219 36.13282 -9.509957 -101.0177 34.34334 -14.70901 -101.0141 31.80834 -19.58816 -101.0088 28.58505 -24.04258 -101.0043 24.74083 -27.97393 -100.9725 22.0435 -30.18926 -100.999 20.36375 -31.30453 -101.0514 37.08904 -4.097885 -101.0488 36.08285 -9.49672 -101.0449 34.29556 -14.68956 -101.0414 31.76371 -19.56291 -101.0364 28.5444 -24.01201 -101.0322 24.70503 -27.93877 -101.0272 20.33345 -31.2655 -101.0254 15.51987 -33.91405 -100.9973 15.54408 -33.95603 -101.0746 15.47668 -33.83079 -101.0761 20.27829 -31.18831 -101.0804 24.63905 -27.86945 -101.0842 28.46892 -23.95209 -101.0888 31.68044 -19.51377 -101.092 34.20616 -14.65215 -101.0956 35.98914 -9.471764 -101.0981 36.993 -4.085846 -101.0723 -25.43843 -27.37476 -101.1161 -25.38276 -27.3131 -101.111 -21.10247 -30.73024 -101.0595 -16.40135 -33.55933 -101.1047 -16.36692 -33.48173 -101.049 -11.29933 -35.58768 -101.0954 -11.27698 -35.50428 -101.038 -5.954597 -36.84461 -101.0858 -5.945053 -36.7573 -101.0303 -0.483292 -37.30752 -101.079 -0.48703 -37.21802 -101.0261 4.995834 -36.96751 -100.9968 10.38785 -35.87218 -101.0115 -5.957474 -36.88864 -101.0236 -11.30891 -35.62977 -101.1888 -25.26536 -27.18753 -101.2511 36.5861 -4.043236 -101.2507 35.59366 -9.366646 -101.2504 34.80669 -11.95925 -101.2501 33.83105 -14.48692 -101.2495 31.33417 -19.29205 -101.2488 28.15904 -23.67831 -101.2482 24.37325 -27.55036 -101.2475 20.06214 -30.82999 -101.2471 15.31523 -33.44132 -101.247 10.23682 -35.32851 -101.247 4.93689 -36.45194 -101.2474 -0.466972 -36.78708 -101.2477 -3.173195 -36.65809 -101.3008 -10.01774 -35.0348 -101.2379 -25.14175 -27.05756 -101.2363 -20.90041 -30.44473 -101.2344 -16.20774 -33.1721 -101.2263 -0.471375 -36.87618 -101.2253 4.945335 -36.53998 -101.2252 10.2579 -35.41362 -101.2255 15.34841 -33.52164 -101.2263 20.10664 -30.90382 -101.228 24.42801 -27.61601 -101.2296 28.22292 -23.73453 -101.2314 31.40556 -19.33743 -101.2327 33.90839 -14.52055 -101.2992 -13.53194 34.19046 -101.2362 -3.168663 36.76512 -101.2374 2.258903 36.83459 -101.239 12.85162 34.59529 -101.2384 7.637871 36.10562 -101.2393 17.78745 32.33598 -101.2393 22.33792 29.37648 -101.2388 29.90048 21.62796 -101.2392 26.40491 25.78108 -101.2383 32.74874 17.0069 -101.2378 34.88779 12.01758 -101.2342 35.6752 -9.387757 -101.2353 36.66997 -4.051331 -101.2361 36.87047 1.373276 -101.2371 36.27144 6.768539 -101.1786 35.82855 -9.428627 -101.1759 34.05369 -14.58544 -101.1735 31.53944 -19.42493 -101.1702 28.34239 -23.84285 -101.1674 24.53003 -27.7425 -101.1643 20.189 -31.04606 -101.163 15.40912 -33.67644 -101.1625 10.29544 -35.57767 -101.163 4.958694 -36.70971 -101.1651 -0.482498 -37.04803 -101.1694 -5.915787 -36.58946 -101.1755 -11.22359 -35.34188 -101.1814 -16.29048 -33.32857 -101.1855 -21.00456 -30.5894 -101.1773 -8.575165 36.07251 -101.1798 -3.192329 36.94203 -101.1822 2.259788 37.01146 -101.1843 7.663132 36.27885 -101.1857 12.90054 34.76114 -101.1864 17.85883 32.49104 -101.1867 22.43005 29.51749 -101.1866 26.51561 25.90509 -101.1861 30.02718 21.73239 -101.1854 32.88848 17.08962 -101.1846 35.03736 12.07689 -101.1835 36.4274 6.803253 -83.26371 6.568687 -45.20283 -88.81232 3.396522 -43.5175 -88.38228 -3.686378 -43.6961 -82.9512 -6.46405 -45.29844 -82.95086 -6.462738 -45.29871 -82.95759 -6.489426 -45.29319 -82.96208 -6.507256 -45.28951 -82.97033 -6.526016 -45.28472 -82.97746 -6.536743 -45.28136 -82.99713 -6.566368 -45.2721 -83.00801 -6.57782 -45.26767 -83.01174 -6.581734 -45.26616 -83.04858 -6.608849 -45.25281 -83.05039 -6.610191 -45.25215 -83.06915 -6.619362 -45.24601 -83.09606 -6.627052 -45.23796 -83.11587 -6.632706 -45.23204 -83.13318 -6.634689 -45.22728 -83.14624 -6.634033 -45.22397 -83.18231 -6.632225 -45.21488 -83.21207 -6.623688 -45.20835 -83.19728 -6.628838 -45.21147 -82.96616 6.397995 -45.30404 -83.19263 6.59285 -45.21795 -83.17237 6.594643 -45.22295 -83.16434 6.593986 -45.22513 -83.2399 6.580078 -45.20743 -83.23822 6.580887 -45.20776 -83.21492 6.586998 -45.21297 -83.12355 6.590591 -45.2362 -83.11372 6.588028 -45.23911 -83.10375 6.585426 -45.24206 -83.0666 6.568382 -45.25408 -83.05981 6.565269 -45.25628 -83.04378 6.554169 -45.26198 -83.02646 6.537094 -45.26887 -83.0093 6.52018 -45.27568 -82.97763 6.463196 -45.29188 -82.99922 6.506279 -45.28024 -82.96939 6.424393 -45.29948 -82.97176 6.443703 -45.29614 -82.97372 6.450226 -45.29471 -100.5175 -2.020866 33.85132 -100.5176 6.265293 33.27157 -100.5176 11.98602 31.72263 -100.5176 17.30353 29.09574 -100.5176 23.39846 24.46739 -100.5175 27.64 19.64743 -100.5176 30.57954 14.52134 -100.5176 33.72838 2.892071 -100.5176 33.87038 0.001503 -100.5176 32.74528 8.81662 -100.5176 33.46643 -5.095467 -100.5176 31.33925 -12.799 -100.5177 27.46542 -19.78919 -100.5176 23.58158 -24.36987 -100.5177 18.87569 -28.10097 -100.5177 11.77564 -31.73783 -100.5185 -32.75167 8.516967 -100.5177 -29.73179 16.19575 -100.5176 -26.3424 21.35461 -100.5176 -17.3636 29.12894 -100.5176 -11.66871 31.77546 -100.5011 -33.88941 1.010868 -100.5115 -33.63211 -4.231222 -100.5754 -32.32147 -10.25176 -100.6176 -29.47242 -16.72261 -100.5461 -23.55978 -24.17714 -100.5177 -5.976851 -33.37978 -100.5177 -17.17506 -29.23945 -100.5177 1.000908 -33.88169 -100.5177 -11.77683 -31.72873</float_array><technique_common><accessor count="3154" source="#_04_05_ELBOW_URDF_0-mesh-slim-pos-array" stride="3"><param type="float" name="X"/><param type="float" name="Y"/><param type="float" name="Z"/></accessor></technique_common></source><vertices id="_04_05_ELBOW_URDF_0-mesh-slim-pos-vertices">
          <input semantic="POSITION" source="#_04_05_ELBOW_URDF_0-mesh-slim-pos"/>
        </vertices>
        <triangles count="6217" material="_04_05_ELBOW_URDF_color_64_64_64-material"><input offset="0" semantic="VERTEX" source="#_04_05_ELBOW_URDF_0-mesh-slim-pos-vertices"/><input offset="1" semantic="NORMAL" source="#_04_05_ELBOW_URDF_0-mesh-slim-nrm"/><p>0 0 1 1 2292 2292 2292 2292 1 1 39 39 5 5 2 2 3 3 2 2 4 4 3 3 1 1 0 0 2 2 0 0 4 4 2 2 3 3 1232 1232 5 5 5 5 1232 1232 7 7 1232 1232 1231 1231 7 7 1231 1231 6 6 7 7 7 7 6 6 16 16 11 11 10 10 9 9 9 9 10 10 8 8 11 11 9 9 12 12 9 9 13 13 12 12 12 12 13 13 15 15 13 13 14 14 15 15 15 15 14 14 17 17 14 14 16 16 17 17 17 17 16 16 6 6 1233 1233 22 22 19 19 22 22 18 18 19 19 19 19 18 18 10 10 18 18 8 8 10 10 41 41 21 21 20 20 41 41 22 22 21 21 21 21 22 22 1233 1233 23 23 24 24 2328 2328 28 28 24 24 341 341 341 341 24 24 23 23 341 341 26 26 28 28 27 27 30 30 26 26 30 30 28 28 26 26 338 338 30 30 27 27 338 338 29 29 30 30 25 25 31 31 29 29 29 29 31 31 30 30 25 25 337 337 31 31 337 337 33 33 31 31 337 337 32 32 33 33 32 32 34 34 33 33 340 340 34 34 32 32 330 330 34 34 340 340 34 34 330 330 36 36 35 35 36 36 330 330 37 37 38 38 35 35 35 35 38 38 36 36 37 37 339 339 38 38 38 38 339 339 40 40 39 39 40 40 339 339 39 39 1 1 40 40 2328 2328 24 24 20 20 24 24 41 41 20 20 43 43 44 44 45 45 49 49 50 50 51 51 53 53 54 54 55 55 56 56 57 57 58 58 55 55 54 54 59 59 60 60 61 61 62 62 61 61 63 63 62 62 62 62 63 63 48 48 63 63 64 64 48 48 48 48 64 64 65 65 46 46 66 66 47 47 66 66 67 67 47 47 47 47 67 67 68 68 67 67 69 69 68 68 68 68 69 69 70 70 69 69 71 71 70 70 72 72 73 73 74 74 73 73 75 75 74 74 74 74 75 75 76 76 66 66 72 72 67 67 72 72 74 74 67 67 67 67 74 74 69 69 74 74 76 76 69 69 69 69 76 76 71 71 76 76 77 77 71 71 78 78 79 79 80 80 79 79 81 81 80 80 80 80 81 81 82 82 81 81 83 83 82 82 82 82 83 83 77 77 84 84 236 236 85 85 86 86 87 87 88 88 89 89 90 90 91 91 92 92 87 87 93 93 87 87 94 94 93 93 93 93 94 94 90 90 90 90 89 89 93 93 89 89 95 95 93 93 93 93 95 95 92 92 95 95 96 96 92 92 92 92 96 96 97 97 98 98 99 99 100 100 99 99 101 101 100 100 100 100 101 101 102 102 103 103 98 98 104 104 98 98 100 100 104 104 104 104 100 100 105 105 100 100 102 102 105 105 105 105 102 102 106 106 107 107 108 108 109 109 108 108 110 110 109 109 109 109 110 110 111 111 110 110 112 112 111 111 111 111 112 112 113 113 114 114 107 107 115 115 107 107 109 109 115 115 115 115 109 109 116 116 109 109 111 111 116 116 116 116 111 111 117 117 111 111 113 113 117 117 117 117 113 113 118 118 119 119 120 120 121 121 122 122 123 123 120 120 124 124 123 123 125 125 123 123 122 122 125 125 125 125 122 122 126 126 127 127 128 128 129 129 128 128 130 130 129 129 131 131 132 132 133 133 134 134 130 130 133 133 130 130 128 128 133 133 133 133 128 128 131 131 128 128 127 127 131 131 131 131 127 127 135 135 96 96 136 136 97 97 136 136 137 137 97 97 97 97 137 137 138 138 137 137 139 139 138 138 138 138 139 139 140 140 139 139 141 141 140 140 140 140 141 141 142 142 141 141 143 143 142 142 142 142 143 143 144 144 143 143 145 145 144 144 144 144 145 145 146 146 145 145 147 147 146 146 146 146 147 147 148 148 147 147 149 149 148 148 148 148 149 149 150 150 149 149 151 151 150 150 150 150 151 151 152 152 151 151 153 153 152 152 152 152 153 153 154 154 153 153 155 155 154 154 154 154 155 155 156 156 155 155 157 157 156 156 156 156 157 157 158 158 157 157 159 159 158 158 158 158 159 159 160 160 159 159 161 161 160 160 160 160 161 161 162 162 163 163 164 164 165 165 164 164 163 163 166 166 167 167 59 59 168 168 59 59 54 54 168 168 168 168 54 54 169 169 54 54 53 53 169 169 169 169 53 53 170 170 171 171 172 172 173 173 172 172 174 174 173 173 173 173 174 174 166 166 174 174 175 175 166 166 166 166 175 175 164 164 175 175 176 176 164 164 164 164 176 176 165 165 176 176 134 134 165 165 177 177 178 178 179 179 180 180 177 177 181 181 177 177 179 179 181 181 181 181 179 179 182 182 179 179 183 183 182 182 184 184 185 185 186 186 171 171 187 187 188 188 187 187 189 189 188 188 188 188 189 189 179 179 189 189 190 190 179 179 179 179 190 190 183 183 191 191 192 192 193 193 192 192 199 199 193 193 194 194 195 195 196 196 197 197 198 198 192 192 198 198 199 199 192 192 203 203 197 197 200 200 200 200 197 197 201 201 197 197 192 192 201 201 201 201 192 192 194 194 192 192 191 191 194 194 194 194 191 191 195 195 202 202 203 203 200 200 204 204 205 205 206 206 206 206 205 205 202 202 207 207 208 208 209 209 209 209 27 27 207 207 207 207 27 27 204 204 204 204 27 27 205 205 313 313 209 209 208 208 210 210 212 212 211 211 211 211 212 212 213 213 215 215 213 213 52 52 52 52 213 213 212 212 214 214 51 51 215 215 215 215 51 51 217 217 51 51 50 50 217 217 216 216 217 217 50 50 218 218 219 219 220 220 221 221 222 222 223 223 180 180 224 224 222 222 224 224 225 225 222 222 222 222 225 225 223 223 225 225 226 226 223 223 223 223 226 226 227 227 65 65 228 228 48 48 228 228 229 229 48 48 48 48 229 229 230 230 70 70 60 60 68 68 60 60 62 62 68 68 68 68 62 62 47 47 62 62 48 48 47 47 47 47 48 48 46 46 48 48 230 230 46 46 66 66 231 231 72 72 231 231 232 232 72 72 72 72 232 232 73 73 232 232 233 233 73 73 73 73 233 233 234 234 77 77 76 76 82 82 76 76 75 75 82 82 82 82 75 75 80 80 75 75 73 73 80 80 80 80 73 73 78 78 73 73 234 234 78 78 234 234 235 235 78 78 78 78 235 235 236 236 87 87 86 86 94 94 86 86 84 84 94 94 94 94 84 84 90 90 84 84 85 85 90 90 90 90 85 85 91 91 85 85 237 237 91 91 91 91 237 237 238 238 239 239 240 240 241 241 240 240 242 242 241 241 241 241 242 242 243 243 243 243 244 244 241 241 244 244 245 245 241 241 241 241 245 245 246 246 245 245 247 247 246 246 246 246 247 247 103 103 244 244 248 248 245 245 245 245 248 248 249 249 103 103 247 247 98 98 247 247 245 245 98 98 98 98 245 245 99 99 245 245 249 249 99 99 99 99 249 249 250 250 250 250 251 251 99 99 99 99 251 251 101 101 251 251 252 252 101 101 253 253 254 254 255 255 254 254 256 256 255 255 257 257 106 106 258 258 106 106 102 102 258 258 258 258 102 102 254 254 102 102 101 101 254 254 254 254 101 101 256 256 101 101 252 252 256 256 253 253 259 259 254 254 254 254 259 259 260 260 112 112 257 257 113 113 257 257 258 258 113 113 113 113 258 258 118 118 258 258 254 254 118 118 118 118 254 254 261 261 254 254 260 260 261 261 261 261 262 262 118 118 262 262 263 263 118 118 118 118 263 263 117 117 263 263 264 264 117 117 117 117 264 264 265 265 265 265 266 266 117 117 266 266 267 267 117 117 117 117 267 267 116 116 267 267 2504 2504 116 116 2504 2504 268 268 116 116 268 268 269 269 116 116 116 116 269 269 115 115 115 115 269 269 270 270 271 271 272 272 114 114 272 272 119 119 114 114 114 114 119 119 107 107 119 119 121 121 107 107 107 107 121 121 108 108 270 270 273 273 115 115 273 273 274 274 115 115 115 115 274 274 114 114 274 274 275 275 114 114 114 114 275 275 271 271 271 271 276 276 272 272 276 276 277 277 272 272 277 277 278 278 272 272 278 278 279 279 272 272 272 272 279 279 280 280 120 120 119 119 122 122 119 119 272 272 122 122 122 122 272 272 126 126 272 272 280 280 126 126 126 126 280 280 2506 2506 129 129 124 124 127 127 124 124 125 125 127 127 127 127 125 125 135 135 125 125 126 126 135 135 135 135 126 126 281 281 126 126 2506 2506 281 281 281 281 282 282 135 135 282 282 283 283 135 135 135 135 283 283 284 284 284 284 285 285 135 135 285 285 286 286 135 135 135 135 286 286 131 131 286 286 287 287 131 131 287 287 288 288 131 131 288 288 289 289 131 131 131 131 289 289 132 132 289 289 290 290 132 132 132 132 290 290 291 291 292 292 293 293 163 163 163 163 293 293 166 166 134 134 133 133 165 165 133 133 132 132 165 165 165 165 132 132 163 163 132 132 291 291 163 163 163 163 291 291 292 292 294 294 171 171 295 295 171 171 173 173 295 295 295 295 173 173 296 296 173 173 166 166 296 296 296 296 166 166 297 297 166 166 293 293 297 297 294 294 298 298 171 171 171 171 298 298 187 187 298 298 299 299 187 187 299 299 300 300 187 187 300 300 184 184 187 187 187 187 184 184 189 189 184 184 186 186 189 189 189 189 186 186 190 190 300 300 301 301 184 184 301 301 302 302 184 184 184 184 302 302 185 185 302 302 303 303 185 185 236 236 84 84 78 78 84 84 86 86 78 78 78 78 86 86 79 79 86 86 88 88 79 79 79 79 88 88 81 81 88 88 304 304 81 81 81 81 304 304 83 83 304 304 305 305 83 83 83 83 305 305 77 77 305 305 306 306 77 77 77 77 306 306 71 71 306 306 307 307 71 71 71 71 307 307 70 70 307 307 308 308 70 70 70 70 308 308 60 60 308 308 309 309 60 60 60 60 309 309 61 61 202 202 200 200 206 206 200 200 43 43 206 206 206 206 43 43 204 204 43 43 45 45 204 204 204 204 45 45 207 207 45 45 310 310 207 207 310 310 311 311 207 207 207 207 311 311 208 208 311 311 312 312 208 208 208 208 312 312 313 313 314 314 313 313 312 312 313 313 314 314 25 25 314 314 315 315 25 25 317 317 25 25 316 316 316 316 25 25 315 315 316 316 318 318 317 317 317 317 318 318 320 320 319 319 320 320 318 318 319 319 321 321 320 320 320 320 321 321 324 324 322 322 324 324 321 321 323 323 324 324 322 322 42 42 340 340 323 323 323 323 340 340 324 324 340 340 42 42 330 330 42 42 325 325 330 330 210 210 211 211 326 326 215 215 52 52 214 214 214 214 52 52 327 327 52 52 212 212 327 327 327 327 212 212 328 328 212 212 210 210 328 328 328 328 210 210 329 329 210 210 326 326 329 329 329 329 326 326 325 325 326 326 330 330 325 325 49 49 51 51 331 331 51 51 214 214 331 331 331 331 214 214 332 332 214 214 327 327 332 332 332 332 327 327 162 162 327 327 328 328 162 162 162 162 328 328 160 160 328 328 329 329 160 160 160 160 329 329 158 158 329 329 325 325 158 158 158 158 325 325 156 156 325 325 42 42 156 156 156 156 42 42 154 154 42 42 323 323 154 154 154 154 323 323 152 152 323 323 322 322 152 152 152 152 322 322 150 150 322 322 321 321 150 150 150 150 321 321 148 148 321 321 319 319 148 148 148 148 319 319 146 146 319 319 318 318 146 146 146 146 318 318 144 144 318 318 316 316 144 144 144 144 316 316 142 142 316 316 315 315 142 142 142 142 315 315 140 140 315 315 314 314 140 140 140 140 314 314 138 138 314 314 312 312 138 138 138 138 312 312 97 97 312 312 311 311 97 97 97 97 311 311 92 92 311 311 310 310 92 92 92 92 310 310 87 87 310 310 45 45 87 87 87 87 45 45 88 88 45 45 44 44 88 88 88 88 44 44 304 304 44 44 43 43 304 304 304 304 43 43 305 305 43 43 200 200 305 305 305 305 200 200 306 306 200 200 201 201 306 306 306 306 201 201 307 307 201 201 194 194 307 307 307 307 194 194 308 308 194 194 196 196 308 308 308 308 196 196 309 309 220 220 339 339 218 218 339 339 216 216 218 218 218 218 216 216 333 333 216 216 50 50 333 333 333 333 50 50 334 334 50 50 49 49 334 334 334 334 49 49 170 170 49 49 331 331 170 170 170 170 331 331 169 169 331 331 332 332 169 169 169 169 332 332 168 168 332 332 162 162 168 168 168 168 162 162 167 167 162 162 161 161 167 167 55 55 56 56 53 53 56 56 58 58 53 53 53 53 58 58 170 170 58 58 335 335 170 170 170 170 335 335 334 334 335 335 221 221 334 334 334 334 221 221 333 333 221 221 223 223 333 333 333 333 223 223 218 218 223 223 227 227 218 218 218 218 227 227 219 219 180 180 222 222 177 177 222 222 221 221 177 177 177 177 221 221 178 178 221 221 335 335 178 178 178 178 335 335 179 179 335 335 58 58 179 179 179 179 58 58 188 188 58 58 57 57 188 188 188 188 57 57 171 171 57 57 56 56 171 171 171 171 56 56 172 172 56 56 55 55 172 172 172 172 55 55 174 174 55 55 59 59 174 174 174 174 59 59 175 175 59 59 167 167 175 175 175 175 167 167 176 176 167 167 161 161 176 176 176 176 161 161 134 134 161 161 159 159 134 134 134 134 159 159 130 130 159 159 157 157 130 130 130 130 157 157 129 129 157 157 155 155 129 129 129 129 155 155 124 124 155 155 153 153 124 124 124 124 153 153 123 123 153 153 151 151 123 123 123 123 151 151 120 120 151 151 149 149 120 120 120 120 149 149 121 121 149 149 147 147 121 121 121 121 147 147 108 108 147 147 145 145 108 108 108 108 145 145 110 110 145 145 143 143 110 110 110 110 143 143 112 112 143 143 141 141 112 112 112 112 141 141 257 257 141 141 139 139 257 257 257 257 139 139 106 106 139 139 137 137 106 106 106 106 137 137 105 105 137 137 136 136 105 105 105 105 136 136 104 104 136 136 96 96 104 104 104 104 96 96 103 103 96 96 95 95 103 103 103 103 95 95 246 246 95 95 89 89 246 246 246 246 89 89 241 241 89 89 91 91 241 241 241 241 91 91 239 239 91 91 238 238 239 239 239 239 238 238 336 336 313 313 25 25 29 29 317 317 320 320 337 337 338 338 209 209 313 313 27 27 209 209 338 338 197 197 203 203 26 26 26 26 203 203 27 27 203 203 202 202 27 27 202 202 205 205 27 27 37 37 217 217 339 339 39 39 339 339 220 220 339 339 217 217 216 216 213 213 215 215 35 35 35 35 215 215 37 37 215 215 217 217 37 37 330 330 326 326 211 211 211 211 213 213 35 35 341 341 199 199 26 26 199 199 198 198 26 26 26 26 198 198 197 197 320 320 324 324 337 337 337 337 324 324 32 32 32 32 324 324 340 340 193 193 199 199 342 342 191 191 343 343 344 344 23 23 345 345 342 342 345 345 343 343 342 342 342 342 343 343 193 193 343 343 191 191 193 193 229 229 346 346 347 347 63 63 348 348 64 64 348 348 349 349 64 64 64 64 349 349 65 65 349 349 346 346 65 65 65 65 346 346 228 228 346 346 229 229 228 228 350 350 351 351 352 352 351 351 353 353 352 352 230 230 229 229 354 354 229 229 347 347 354 354 354 354 347 347 355 355 349 349 356 356 346 346 356 356 357 357 346 346 346 346 357 357 347 347 357 357 353 353 347 347 347 347 353 353 355 355 353 353 351 351 355 355 63 63 61 61 348 348 61 61 309 309 348 348 348 348 309 309 358 358 309 309 196 196 358 358 358 358 196 196 344 344 196 196 195 195 344 344 344 344 195 195 191 191 345 345 359 359 343 343 359 359 360 360 343 343 343 343 360 360 344 344 360 360 361 361 344 344 344 344 361 361 358 358 361 361 362 362 358 358 358 358 362 362 348 348 362 362 363 363 348 348 348 348 363 363 349 349 363 363 364 364 349 349 349 349 364 364 356 356 341 341 342 342 199 199 342 342 341 341 23 23 39 39 220 220 365 365 366 366 367 367 181 181 368 368 365 365 220 220 181 181 367 367 180 180 369 369 370 370 368 368 370 370 371 371 368 368 368 368 371 371 365 365 369 369 226 226 372 372 226 226 225 225 372 372 372 372 225 225 367 367 225 225 224 224 367 367 367 367 224 224 180 180 2469 2469 373 373 374 374 373 373 375 375 374 374 374 374 375 375 376 376 375 375 185 185 376 376 376 376 185 185 303 303 373 373 377 377 375 375 377 377 378 378 375 375 375 375 378 378 379 379 220 220 219 219 368 368 368 368 219 219 369 369 219 219 227 227 369 369 369 369 227 227 226 226 181 181 182 182 366 366 182 182 183 183 366 366 366 366 183 183 379 379 183 183 190 190 379 379 379 379 190 190 375 375 190 190 186 186 375 375 375 375 186 186 185 185 378 378 380 380 379 379 380 380 381 381 379 379 379 379 381 381 366 366 381 381 382 382 366 366 366 366 382 382 367 367 382 382 383 383 367 367 367 367 383 383 372 372 383 383 384 384 372 372 372 372 384 384 369 369 384 384 385 385 369 369 369 369 385 385 370 370 583 583 387 387 388 388 389 389 2477 2477 388 388 585 585 2477 2477 389 389 589 589 401 401 587 587 401 401 390 390 587 587 390 390 586 586 587 587 586 586 390 390 392 392 390 390 391 391 392 392 391 391 2476 2476 392 392 386 386 588 588 391 391 588 588 2476 2476 391 391 588 588 386 386 393 393 393 393 386 386 394 394 396 396 395 395 397 397 400 400 398 398 391 391 391 391 398 398 397 397 398 398 399 399 397 397 397 397 399 399 396 396 390 390 2948 2948 391 391 2948 2948 400 400 391 391 2948 2948 390 390 2949 2949 585 585 401 401 589 589 389 389 401 401 585 585 388 388 402 402 389 389 388 388 387 387 402 402 395 395 386 386 397 397 397 397 386 386 391 391 390 390 401 401 2949 2949 403 403 2481 2481 445 445 445 445 2481 2481 406 406 438 438 574 574 403 403 403 403 574 574 2481 2481 438 438 411 411 574 574 407 407 408 408 409 409 409 409 410 410 407 407 407 407 410 410 412 412 410 410 414 414 412 412 413 413 428 428 414 414 428 428 539 539 414 414 415 415 416 416 417 417 417 417 418 418 419 419 420 420 418 418 421 421 418 418 417 417 421 421 421 421 417 417 422 422 417 417 423 423 422 422 424 424 423 423 417 417 417 417 419 419 415 415 425 425 426 426 416 416 416 416 426 426 417 417 426 426 427 427 417 417 417 417 427 427 424 424 539 539 428 428 416 416 416 416 428 428 425 425 429 429 430 430 428 428 428 428 413 413 431 431 431 431 413 413 432 432 413 413 436 436 432 432 414 414 410 410 413 413 410 410 436 436 413 413 433 433 434 434 410 410 434 434 435 435 410 410 410 410 435 435 436 436 433 433 410 410 437 437 410 410 438 438 437 437 437 437 438 438 439 439 439 439 438 438 440 440 440 440 438 438 441 441 442 442 443 443 403 403 403 403 443 443 438 438 443 443 444 444 438 438 438 438 444 444 441 441 442 442 403 403 446 446 403 403 445 445 446 446 446 446 445 445 447 447 395 395 448 448 445 445 448 448 449 449 445 445 445 445 449 449 447 447 404 404 394 394 405 405 394 394 386 386 405 405 386 386 395 395 405 405 395 395 445 445 405 405 405 405 445 445 406 406 411 411 438 438 410 410 455 455 450 450 464 464 418 418 420 420 451 451 420 420 452 452 451 451 451 451 452 452 456 456 452 452 453 453 456 456 453 453 454 454 456 456 464 464 456 456 455 455 455 455 456 456 457 457 457 457 456 456 458 458 458 458 456 456 459 459 459 459 456 456 460 460 460 460 456 456 454 454 468 468 462 462 461 461 461 461 462 462 463 463 462 462 464 464 463 463 463 463 464 464 465 465 465 465 464 464 450 450 461 461 466 466 468 468 466 466 467 467 468 468 467 467 469 469 468 468 469 469 470 470 472 472 470 470 471 471 472 472 471 471 473 473 472 472 472 472 473 473 498 498 473 473 474 474 498 498 474 474 475 475 498 498 475 475 476 476 498 498 498 498 476 476 477 477 477 477 476 476 513 513 476 476 478 478 513 513 478 478 479 479 513 513 520 520 481 481 480 480 520 520 480 480 482 482 480 480 483 483 482 482 487 487 485 485 484 484 484 484 485 485 486 486 486 486 485 485 483 483 485 485 482 482 483 483 516 516 487 487 488 488 488 488 487 487 484 484 492 492 490 490 489 489 490 490 516 516 489 489 489 489 516 516 488 488 491 491 490 490 492 492 493 493 519 519 491 491 491 491 519 519 490 490 494 494 519 519 495 495 495 495 519 519 493 493 2966 2966 533 533 494 494 494 494 533 533 519 519 387 387 583 583 2966 2966 583 583 533 533 2966 2966 500 500 501 501 502 502 503 503 504 504 499 499 505 505 506 506 511 511 506 506 505 505 451 451 505 505 507 507 451 451 451 451 507 507 418 418 456 456 508 508 509 509 508 508 510 510 509 509 509 509 510 510 511 511 451 451 456 456 506 506 468 468 530 530 501 501 530 530 512 512 501 501 501 501 512 512 502 502 464 464 462 462 500 500 462 462 468 468 500 500 500 500 468 468 501 501 464 464 499 499 456 456 468 468 469 469 530 530 530 530 469 469 472 472 514 514 515 515 516 516 485 485 521 521 497 497 517 517 514 514 516 516 517 517 516 516 490 490 518 518 490 490 523 523 523 523 490 490 519 519 519 519 533 533 525 525 521 521 487 487 496 496 496 496 487 487 515 515 514 514 517 517 522 522 522 522 517 517 518 518 517 517 490 490 518 518 487 487 516 516 515 515 515 515 514 514 496 496 485 485 487 487 521 521 521 521 496 496 497 497 2513 2513 524 524 522 522 523 523 2512 2512 2513 2513 525 525 2512 2512 519 519 2512 2512 523 523 519 519 523 523 2513 2513 518 518 2513 2513 522 522 518 518 522 522 524 524 514 514 511 511 526 526 505 505 510 510 2527 2527 511 511 456 456 509 509 506 506 509 509 511 511 506 506 512 512 532 532 502 502 532 532 527 527 502 502 527 527 503 503 502 502 502 502 503 503 500 500 503 503 499 499 500 500 500 500 499 499 464 464 527 527 528 528 503 503 503 503 528 528 504 504 456 456 499 499 508 508 499 499 504 504 508 508 508 508 504 504 510 510 504 504 528 528 510 510 510 510 528 528 2527 2527 529 529 530 530 498 498 531 531 513 513 479 479 530 530 529 529 532 532 472 472 498 498 530 530 530 530 532 532 512 512 479 479 481 481 531 531 482 482 2514 2514 520 520 481 481 520 520 531 531 419 419 418 418 507 507 2496 2496 535 535 539 539 535 535 414 414 539 539 415 415 419 419 536 536 419 419 507 507 536 536 536 536 507 507 534 534 507 507 505 505 534 534 534 534 505 505 526 526 538 538 535 535 537 537 537 537 535 535 2496 2496 526 526 539 539 534 534 538 538 540 540 535 535 540 540 414 414 535 535 539 539 416 416 534 534 534 534 416 416 536 536 416 416 415 415 536 536 405 405 541 541 404 404 542 542 543 543 404 404 543 543 544 544 404 404 543 543 545 545 544 544 545 545 546 546 544 544 544 544 546 546 404 404 546 546 394 394 404 404 542 542 404 404 547 547 404 404 541 541 547 547 547 547 541 541 548 548 541 541 549 549 548 548 548 548 549 549 550 550 549 549 551 551 550 550 550 550 551 551 552 552 406 406 2489 2489 541 541 541 541 2489 2489 549 549 553 553 554 554 2487 2487 2487 2487 554 554 2486 2486 554 554 555 555 2486 2486 557 557 2486 2486 556 556 556 556 2486 2486 555 555 558 558 574 574 411 411 558 558 411 411 559 559 409 409 408 408 560 560 559 559 411 411 409 409 411 411 410 410 409 409 405 405 406 406 541 541 562 562 563 563 564 564 565 565 566 566 567 567 566 566 568 568 567 567 567 567 568 568 569 569 568 568 570 570 569 569 569 569 570 570 564 564 570 570 571 571 564 564 564 564 571 571 562 562 553 553 565 565 554 554 565 565 567 567 554 554 554 554 567 567 555 555 567 567 569 569 555 555 555 555 569 569 556 556 569 569 564 564 556 556 556 556 564 564 557 557 564 564 563 563 557 557 557 557 563 563 561 561 409 409 560 560 559 559 560 560 572 572 559 559 559 559 572 572 558 558 572 572 573 573 558 558 558 558 573 573 574 574 2487 2487 2481 2481 553 553 2481 2481 574 574 553 553 553 553 574 574 565 565 574 574 573 573 565 565 565 565 573 573 566 566 573 573 572 572 566 566 566 566 572 572 568 568 572 572 560 560 568 568 568 568 560 560 570 570 560 560 408 408 570 570 570 570 408 408 571 571 546 546 575 575 394 394 575 575 546 546 576 576 546 546 545 545 576 576 576 576 545 545 577 577 545 545 543 543 577 577 577 577 543 543 578 578 543 543 542 542 578 578 578 578 542 542 579 579 542 542 547 547 579 579 579 579 547 547 580 580 547 547 548 548 580 580 580 580 548 548 581 581 548 548 550 550 581 581 581 581 550 550 552 552 581 581 552 552 582 582 588 588 393 393 584 584 394 394 575 575 393 393 575 575 576 576 393 393 393 393 576 576 584 584 576 576 577 577 584 584 584 584 582 582 588 588 583 583 388 388 2478 2478 2478 2478 388 388 2477 2477 577 577 578 578 584 584 578 578 579 579 584 584 584 584 579 579 582 582 579 579 580 580 582 582 582 582 580 580 581 581 4 4 590 590 3 3 4 4 591 591 590 590 0 0 591 591 4 4 592 592 723 723 593 593 594 594 595 595 596 596 597 597 598 598 599 599 599 599 598 598 595 595 598 598 600 600 595 595 595 595 600 600 596 596 599 599 601 601 602 602 601 601 603 603 602 602 634 634 604 604 595 595 595 595 604 604 599 599 604 604 2341 2341 599 599 599 599 2341 2341 601 601 605 605 606 606 607 607 608 608 607 607 592 592 593 593 609 609 610 610 592 592 593 593 608 608 593 593 610 610 608 608 608 608 610 610 611 611 606 606 605 605 612 612 605 605 613 613 612 612 612 612 613 613 614 614 613 613 615 615 614 614 614 614 615 615 616 616 610 610 617 617 611 611 617 617 618 618 611 611 611 611 618 618 619 619 619 619 620 620 611 611 611 611 620 620 621 621 607 607 608 608 605 605 608 608 611 611 605 605 605 605 611 611 613 613 611 611 621 621 613 613 613 613 621 621 615 615 624 624 625 625 602 602 622 622 623 623 603 603 623 623 626 626 603 603 603 603 626 626 602 602 626 626 627 627 602 602 602 602 627 627 624 624 597 597 599 599 628 628 599 599 602 602 628 628 628 628 602 602 629 629 602 602 625 625 629 629 629 629 625 625 630 630 617 617 631 631 618 618 631 631 632 632 618 618 618 618 632 632 594 594 632 632 633 633 594 594 594 594 633 633 595 595 633 633 634 634 595 595 596 596 667 667 594 594 667 667 635 635 594 594 594 594 635 635 618 618 635 635 636 636 618 618 618 618 636 636 619 619 598 598 597 597 637 637 641 641 636 636 635 635 635 635 667 667 641 641 620 620 638 638 621 621 616 616 615 615 642 642 615 615 643 643 642 642 644 644 645 645 641 641 641 641 645 645 643 643 645 645 646 646 643 643 643 643 646 646 642 642 620 620 619 619 638 638 619 619 636 636 638 638 638 638 636 636 641 641 649 649 650 650 648 648 648 648 651 651 641 641 641 641 647 647 648 648 615 615 621 621 643 643 621 621 638 638 643 643 643 643 638 638 641 641 652 652 654 654 653 653 657 657 656 656 649 649 660 660 654 654 659 659 660 660 662 662 658 658 657 657 658 658 655 655 663 663 673 673 665 665 673 673 664 664 665 665 664 664 666 666 665 665 668 668 639 639 664 664 664 664 639 639 666 666 630 630 640 640 629 629 640 640 628 628 629 629 600 600 598 598 667 667 598 598 637 637 667 667 667 667 637 637 641 641 637 637 668 668 641 641 668 668 637 637 640 640 637 637 597 597 640 640 640 640 597 597 628 628 669 669 660 660 670 670 660 660 659 659 671 671 659 659 654 654 672 672 648 648 647 647 649 649 649 649 647 647 657 657 657 657 647 647 658 658 654 654 647 647 653 653 647 647 668 668 653 653 664 664 673 673 668 668 668 668 673 673 653 653 673 673 674 674 653 653 596 596 600 600 667 667 641 641 668 668 647 647 647 647 654 654 658 658 654 654 660 660 658 658 660 660 669 669 661 661 675 675 676 676 677 677 678 678 679 679 680 680 703 703 681 681 682 682 683 683 684 684 685 685 684 684 686 686 685 685 2345 2345 687 687 684 684 687 687 688 688 684 684 688 688 689 689 684 684 689 689 690 690 684 684 684 684 690 690 686 686 2345 2345 691 691 687 687 687 687 691 691 692 692 693 693 694 694 695 695 691 691 696 696 692 692 696 696 695 695 692 692 692 692 695 695 697 697 695 695 694 694 697 697 2348 2348 698 698 699 699 698 698 700 700 699 699 695 695 2338 2338 693 693 2338 2338 699 699 693 693 693 693 699 699 701 701 699 699 700 700 701 701 2348 2348 702 702 698 698 698 698 702 702 682 682 702 702 703 703 682 682 704 704 681 681 705 705 681 681 706 706 705 705 704 704 707 707 681 681 707 707 708 708 681 681 681 681 708 708 682 682 706 706 709 709 705 705 705 705 709 709 710 710 709 709 711 711 710 710 680 680 679 679 716 716 709 709 712 712 711 711 712 712 713 713 711 711 711 711 713 713 714 714 713 713 715 715 714 714 715 715 713 713 679 679 713 713 716 716 679 679 678 678 680 680 717 717 680 680 2350 2350 717 717 717 717 2350 2350 718 718 677 677 676 676 719 719 676 676 720 720 719 719 719 719 720 720 718 718 720 720 721 721 718 718 718 718 721 721 717 717 675 675 677 677 722 722 677 677 723 723 722 722 726 726 727 727 728 728 729 729 730 730 731 731 732 732 733 733 734 734 732 732 734 734 735 735 736 736 737 737 738 738 737 737 739 739 738 738 738 738 739 739 740 740 739 739 741 741 740 740 740 740 741 741 742 742 741 741 743 743 742 742 742 742 743 743 744 744 745 745 746 746 747 747 746 746 748 748 747 747 747 747 748 748 749 749 748 748 750 750 749 749 749 749 750 750 736 736 730 730 751 751 731 731 751 751 752 752 731 731 731 731 752 752 753 753 752 752 754 754 753 753 753 753 754 754 745 745 724 724 755 755 725 725 725 725 755 755 728 728 755 755 756 756 728 728 728 728 756 756 726 726 724 724 725 725 757 757 757 757 725 725 669 669 669 669 725 725 661 661 725 725 728 728 661 661 661 661 728 728 660 660 727 727 662 662 728 728 662 662 660 660 728 728 655 655 658 658 727 727 727 727 658 658 662 662 726 726 729 729 727 727 729 729 731 731 727 727 727 727 731 731 655 655 731 731 753 753 655 655 655 655 753 753 657 657 745 745 747 747 753 753 747 747 656 656 753 753 753 753 656 656 657 657 747 747 649 649 656 656 736 736 738 738 749 749 738 738 650 650 749 749 749 749 650 650 747 747 650 650 649 649 747 747 641 641 651 651 740 740 740 740 651 651 738 738 651 651 648 648 738 738 738 738 648 648 650 650 642 642 646 646 758 758 646 646 645 645 758 758 758 758 645 645 742 742 645 645 644 644 742 742 742 742 644 644 740 740 644 644 641 641 740 740 616 616 642 642 734 734 642 642 758 758 734 734 734 734 758 758 735 735 758 758 742 742 735 735 735 735 742 742 759 759 742 742 744 744 759 759 683 683 685 685 762 762 685 685 760 760 762 762 762 762 760 760 763 763 760 760 761 761 763 763 761 761 757 757 764 764 757 757 765 765 764 764 764 764 765 765 766 766 766 766 767 767 764 764 767 767 768 768 764 764 764 764 768 768 769 769 768 768 770 770 769 769 769 769 770 770 771 771 771 771 772 772 769 769 772 772 773 773 769 769 769 769 773 773 774 774 774 774 775 775 769 769 775 775 776 776 769 769 769 769 776 776 777 777 777 777 778 778 769 769 778 778 779 779 769 769 769 769 779 779 780 780 781 781 783 783 782 782 782 782 783 783 784 784 784 784 785 785 782 782 785 785 786 786 782 782 782 782 786 786 787 787 787 787 788 788 782 782 788 788 789 789 782 782 782 782 789 789 790 790 790 790 791 791 782 782 791 791 792 792 782 782 782 782 792 792 793 793 792 792 794 794 793 793 794 794 795 795 793 793 793 793 795 795 796 796 796 796 797 797 793 793 797 797 798 798 793 793 793 793 798 798 799 799 798 798 800 800 799 799 799 799 800 800 761 761 764 764 799 799 761 761 6 6 801 801 17 17 17 17 801 801 15 15 801 801 802 802 15 15 15 15 802 802 12 12 12 12 802 802 11 11 802 802 803 803 11 11 11 11 803 803 10 10 803 803 1224 1224 10 10 808 808 809 809 810 810 811 811 812 812 813 813 814 814 815 815 816 816 815 815 1246 1246 817 817 815 815 817 817 816 816 817 817 818 818 816 816 816 816 818 818 819 819 818 818 820 820 819 819 819 819 820 820 821 821 820 820 822 822 821 821 821 821 822 822 823 823 824 824 825 825 810 810 810 810 825 825 808 808 825 825 826 826 808 808 808 808 826 826 1059 1059 828 828 829 829 827 827 807 807 806 806 827 827 828 828 830 830 829 829 830 830 831 831 829 829 829 829 831 831 832 832 827 827 829 829 807 807 829 829 832 832 807 807 809 809 811 811 810 810 811 811 813 813 810 810 810 810 813 813 824 824 813 813 833 833 824 824 824 824 833 833 834 834 833 833 835 835 834 834 834 834 835 835 836 836 835 835 837 837 836 836 836 836 837 837 838 838 837 837 839 839 838 838 838 838 839 839 840 840 839 839 841 841 840 840 840 840 841 841 842 842 841 841 865 865 842 842 822 822 843 843 823 823 843 843 844 844 823 823 823 823 844 844 845 845 844 844 846 846 845 845 845 845 846 846 847 847 846 846 848 848 847 847 847 847 848 848 850 850 848 848 849 849 850 850 849 849 851 851 850 850 850 850 851 851 852 852 851 851 853 853 852 852 852 852 853 853 854 854 853 853 855 855 854 854 854 854 855 855 856 856 855 855 857 857 856 856 856 856 857 857 805 805 857 857 858 858 805 805 858 858 859 859 805 805 805 805 859 859 860 860 805 805 804 804 856 856 856 856 804 804 854 854 854 854 804 804 852 852 852 852 804 804 850 850 850 850 804 804 847 847 847 847 804 804 845 845 804 804 861 861 845 845 845 845 861 861 823 823 861 861 862 862 823 823 823 823 862 862 821 821 807 807 863 863 806 806 863 863 864 864 806 806 806 806 864 864 827 827 864 864 842 842 827 827 827 827 842 842 865 865 863 863 866 866 864 864 866 866 867 867 864 864 864 864 867 867 842 842 867 867 868 868 842 842 842 842 868 868 840 840 868 868 869 869 840 840 869 869 870 870 840 840 840 840 870 870 838 838 870 870 871 871 838 838 838 838 871 871 836 836 871 871 872 872 836 836 836 836 872 872 834 834 872 872 873 873 834 834 834 834 873 873 824 824 873 873 874 874 824 824 824 824 874 874 825 825 812 812 814 814 813 813 814 814 816 816 813 813 813 813 816 816 833 833 816 816 819 819 833 833 833 833 819 819 835 835 819 819 821 821 835 835 835 835 821 821 837 837 821 821 862 862 837 837 837 837 862 862 839 839 862 862 861 861 839 839 839 839 861 861 841 841 861 861 804 804 841 841 841 841 804 804 865 865 875 875 1096 1096 876 876 877 877 878 878 879 879 880 880 1059 1059 881 881 882 882 883 883 884 884 885 885 887 887 886 886 886 886 887 887 888 888 1059 1059 826 826 881 881 881 881 826 826 890 890 826 826 825 825 890 890 891 891 884 884 892 892 884 884 883 883 892 892 892 892 883 883 893 893 878 878 888 888 879 879 888 888 887 887 879 879 879 879 887 887 894 894 887 887 885 885 894 894 895 895 896 896 897 897 898 898 899 899 900 900 901 901 902 902 898 898 902 902 903 903 898 898 898 898 903 903 899 899 903 903 904 904 899 899 899 899 904 904 905 905 1430 1430 906 906 889 889 906 906 907 907 889 889 889 889 907 907 908 908 907 907 909 909 908 908 908 908 909 909 910 910 909 909 911 911 910 910 910 910 911 911 912 912 911 911 913 913 912 912 912 912 913 913 900 900 914 914 915 915 916 916 900 900 899 899 912 912 899 899 905 905 912 912 912 912 905 905 910 910 905 905 917 917 910 910 910 910 917 917 908 908 917 917 916 916 908 908 908 908 916 916 889 889 916 916 915 915 889 889 889 889 915 915 1430 1430 904 904 918 918 905 905 918 918 919 919 905 905 905 905 919 919 917 917 919 919 920 920 917 917 917 917 920 920 916 916 920 920 921 921 916 916 916 916 921 921 914 914 922 922 923 923 924 924 923 923 925 925 924 924 924 924 925 925 926 926 927 927 929 929 928 928 928 928 929 929 931 931 929 929 930 930 931 931 932 932 933 933 922 922 933 933 934 934 922 922 922 922 934 934 923 923 924 924 935 935 922 922 935 935 936 936 922 922 922 922 936 936 932 932 936 936 937 937 932 932 932 932 937 937 938 938 939 939 940 940 941 941 897 897 896 896 942 942 896 896 943 943 942 942 942 942 943 943 938 938 943 943 944 944 938 938 938 938 944 944 932 932 944 944 945 945 932 932 932 932 945 945 933 933 946 946 947 947 948 948 947 947 949 949 948 948 928 928 1903 1903 927 927 1903 1903 950 950 927 927 927 927 950 950 949 949 949 949 950 950 948 948 947 947 946 946 951 951 946 946 875 875 951 951 952 952 953 953 954 954 953 953 955 955 954 954 954 954 955 955 1051 1051 956 956 957 957 958 958 1051 1051 959 959 954 954 954 954 959 959 957 957 959 959 960 960 957 957 957 957 960 960 958 958 940 940 952 952 941 941 952 952 954 954 941 941 941 941 954 954 961 961 954 954 957 957 961 961 961 961 957 957 962 962 957 957 956 956 962 962 962 962 956 956 963 963 876 876 1048 1048 955 955 955 955 1048 1048 1051 1051 875 875 876 876 951 951 876 876 955 955 951 951 951 951 955 955 947 947 955 955 953 953 947 947 947 947 953 953 949 949 953 953 952 952 949 949 949 949 952 952 927 927 952 952 940 940 927 927 927 927 940 940 929 929 940 940 939 939 929 929 929 929 939 939 930 930 926 926 931 931 924 924 931 931 930 930 924 924 924 924 930 930 935 935 930 930 939 939 935 935 935 935 939 939 936 936 939 939 941 941 936 936 936 936 941 941 937 937 941 941 961 961 937 937 937 937 961 961 938 938 961 961 962 962 938 938 938 938 962 962 942 942 962 962 963 963 942 942 942 942 963 963 897 897 964 964 965 965 966 966 828 828 966 966 830 830 966 966 965 965 830 830 830 830 965 965 831 831 965 965 832 832 831 831 965 965 967 967 832 832 967 967 968 968 832 832 832 832 968 968 807 807 968 968 863 863 807 807 969 969 970 970 971 971 970 970 972 972 971 971 971 971 972 972 973 973 974 974 975 975 976 976 975 975 977 977 976 976 976 976 977 977 978 978 979 979 980 980 925 925 980 980 981 981 925 925 925 925 981 981 926 926 968 968 982 982 863 863 982 982 983 983 863 863 863 863 983 983 866 866 983 983 984 984 866 866 866 866 984 984 867 867 825 825 874 874 890 890 890 890 874 874 985 985 874 874 873 873 985 985 985 985 873 873 986 986 873 873 872 872 986 986 986 986 872 872 987 987 872 872 871 871 987 987 987 987 871 871 988 988 871 871 870 870 988 988 988 988 870 870 989 989 870 870 869 869 989 989 989 989 869 869 984 984 869 869 868 868 984 984 984 984 868 868 867 867 972 972 974 974 973 973 974 974 976 976 973 973 973 973 976 976 990 990 976 976 991 991 990 990 990 990 991 991 992 992 991 991 993 993 992 992 992 992 993 993 994 994 993 993 995 995 994 994 994 994 995 995 996 996 995 995 997 997 996 996 996 996 997 997 998 998 997 997 999 999 998 998 998 998 999 999 1000 1000 999 999 1001 1001 1000 1000 1000 1000 1001 1001 1002 1002 1001 1001 1003 1003 1002 1002 1002 1002 1003 1003 1004 1004 1003 1003 1005 1005 1004 1004 1004 1004 1005 1005 1006 1006 1005 1005 1007 1007 1006 1006 1006 1006 1007 1007 891 891 1007 1007 1008 1008 891 891 891 891 1008 1008 884 884 1008 1008 1009 1009 884 884 884 884 1009 1009 882 882 893 893 880 880 892 892 880 880 881 881 892 892 892 892 881 881 891 891 881 881 890 890 891 891 891 891 890 890 1006 1006 890 890 985 985 1006 1006 1006 1006 985 985 1004 1004 985 985 986 986 1004 1004 1004 1004 986 986 1002 1002 986 986 987 987 1002 1002 1002 1002 987 987 1000 1000 987 987 988 988 1000 1000 1000 1000 988 988 998 998 988 988 989 989 998 998 998 998 989 989 996 996 989 989 984 984 996 996 996 996 984 984 994 994 984 984 983 983 994 994 994 994 983 983 992 992 983 983 982 982 992 992 992 992 982 982 990 990 982 982 968 968 990 990 990 990 968 968 973 973 968 968 967 967 973 973 973 973 967 967 971 971 967 967 965 965 971 971 971 971 965 965 969 969 965 965 964 964 969 969 958 958 901 901 956 956 901 901 898 898 956 956 956 956 898 898 963 963 898 898 900 900 963 963 963 963 900 900 897 897 900 900 913 913 897 897 897 897 913 913 895 895 913 913 911 911 895 895 895 895 911 911 894 894 911 911 909 909 894 894 894 894 909 909 879 879 909 909 907 907 879 879 879 879 907 907 877 877 907 907 906 906 877 877 978 978 979 979 976 976 979 979 925 925 976 976 976 976 925 925 991 991 925 925 923 923 991 991 991 991 923 923 993 993 923 923 934 934 993 993 993 993 934 934 995 995 934 934 933 933 995 995 995 995 933 933 997 997 933 933 945 945 997 997 997 997 945 945 999 999 945 945 944 944 999 999 999 999 944 944 1001 1001 944 944 943 943 1001 1001 1001 1001 943 943 1003 1003 943 943 896 896 1003 1003 1003 1003 896 896 1005 1005 896 896 895 895 1005 1005 1005 1005 895 895 1007 1007 895 895 894 894 1007 1007 1007 1007 894 894 1008 1008 894 894 885 885 1008 1008 1008 1008 885 885 1009 1009 885 885 886 886 1009 1009 1009 1009 886 886 882 882 1010 1010 1011 1011 1012 1012 1012 1012 1011 1011 1013 1013 1014 1014 1015 1015 1016 1016 1017 1017 1430 1430 1018 1018 1019 1019 919 919 1020 1020 919 919 918 918 1020 1020 1020 1020 918 918 1021 1021 1430 1430 915 915 1018 1018 915 915 914 914 1018 1018 1018 1018 914 914 1022 1022 914 914 921 921 1022 1022 1022 1022 921 921 1019 1019 921 921 920 920 1019 1019 1019 1019 920 920 919 919 1023 1023 1024 1024 1025 1025 1024 1024 1026 1026 1025 1025 1025 1025 1026 1026 1027 1027 1026 1026 1028 1028 1027 1027 1027 1027 1028 1028 1029 1029 1012 1012 1039 1039 1040 1040 1029 1029 1028 1028 1030 1030 1028 1028 1031 1031 1030 1030 1030 1030 1031 1031 1032 1032 1031 1031 1033 1033 1032 1032 1032 1032 1033 1033 1034 1034 1033 1033 1035 1035 1034 1034 1034 1034 1035 1035 1036 1036 1035 1035 1037 1037 1036 1036 1036 1036 1037 1037 1013 1013 1037 1037 1038 1038 1013 1013 1013 1013 1038 1038 1012 1012 1040 1040 1039 1039 1041 1041 1024 1024 1014 1014 1026 1026 1014 1014 1016 1016 1026 1026 1026 1026 1016 1016 1028 1028 1016 1016 1042 1042 1028 1028 1028 1028 1042 1042 1031 1031 1042 1042 1043 1043 1031 1031 1031 1031 1043 1043 1033 1033 1043 1043 1044 1044 1033 1033 1033 1033 1044 1044 1035 1035 1044 1044 1045 1045 1035 1035 1035 1035 1045 1045 1037 1037 1045 1045 1046 1046 1037 1037 1037 1037 1046 1046 1038 1038 1046 1046 1047 1047 1038 1038 876 876 1096 1096 1048 1048 1049 1049 958 958 960 960 1049 1049 960 960 1050 1050 960 960 959 959 1050 1050 1050 1050 959 959 1048 1048 959 959 1051 1051 1048 1048 1048 1048 1096 1096 1050 1050 1050 1050 1096 1096 1049 1049 918 918 904 904 1021 1021 904 904 903 903 1021 1021 1021 1021 903 903 1052 1052 903 903 902 902 1052 1052 1052 1052 902 902 1049 1049 902 902 901 901 1049 1049 1049 1049 901 901 958 958 1040 1040 1010 1010 1012 1012 1012 1012 1038 1038 1039 1039 1039 1039 1038 1038 1053 1053 1038 1038 1047 1047 1053 1053 1011 1011 1054 1054 1013 1013 1054 1054 1055 1055 1013 1013 1013 1013 1055 1055 1036 1036 1055 1055 1056 1056 1036 1036 1036 1036 1056 1056 1034 1034 1056 1056 1057 1057 1034 1034 1034 1034 1057 1057 1032 1032 1057 1057 1058 1058 1032 1032 1032 1032 1058 1058 1030 1030 1015 1015 1017 1017 1016 1016 1017 1017 1018 1018 1016 1016 1016 1016 1018 1018 1042 1042 1018 1018 1022 1022 1042 1042 1042 1042 1022 1022 1043 1043 1022 1022 1019 1019 1043 1043 1043 1043 1019 1019 1044 1044 1019 1019 1020 1020 1044 1044 1044 1044 1020 1020 1045 1045 1020 1020 1021 1021 1045 1045 1045 1045 1021 1021 1046 1046 1021 1021 1052 1052 1046 1046 1046 1046 1052 1052 1047 1047 1052 1052 1049 1049 1047 1047 1047 1047 1049 1049 1053 1053 1049 1049 1096 1096 1053 1053 1059 1059 1060 1060 1061 1061 1060 1060 1062 1062 1061 1061 1061 1061 1062 1062 1063 1063 1062 1062 1064 1064 1063 1063 1065 1065 1066 1066 1059 1059 1066 1066 1060 1060 1059 1059 1067 1067 1068 1068 1069 1069 1068 1068 1070 1070 1069 1069 1069 1069 1070 1070 1071 1071 1070 1070 1072 1072 1071 1071 1468 1468 1581 1581 1067 1067 1581 1581 1068 1068 1067 1067 1430 1430 1073 1073 1074 1074 1073 1073 1075 1075 1074 1074 1074 1074 1075 1075 1076 1076 1075 1075 1077 1077 1076 1076 1547 1547 1073 1073 1430 1430 1078 1078 828 828 1079 1079 828 828 1078 1078 966 966 966 966 1078 1078 964 964 1078 1078 1080 1080 964 964 964 964 1080 1080 969 969 969 969 1080 1080 970 970 1080 1080 1081 1081 970 970 1081 1081 1082 1082 970 970 970 970 1082 1082 972 972 1082 1082 1083 1083 972 972 972 972 1083 1083 974 974 974 974 1083 1083 975 975 975 975 1083 1083 977 977 1083 1083 1084 1084 977 977 1084 1084 1085 1085 977 977 977 977 1085 1085 978 978 1085 1085 1086 1086 978 978 978 978 1086 1086 979 979 1086 1086 1087 1087 979 979 979 979 1087 1087 980 980 1087 1087 1088 1088 980 980 980 980 1088 1088 981 981 1088 1088 1089 1089 981 981 981 981 1089 1089 926 926 1089 1089 1090 1090 926 926 926 926 1090 1090 931 931 1090 1090 1091 1091 931 931 1091 1091 1092 1092 931 931 1092 1092 1093 1093 931 931 931 931 1093 1093 928 928 1093 1093 1833 1833 928 928 1094 1094 1095 1095 1096 1096 1094 1094 1096 1096 875 875 946 946 948 948 875 875 875 875 948 948 1903 1903 948 948 950 950 1903 1903 1932 1932 1097 1097 1098 1098 1120 1120 1099 1099 1100 1100 1102 1102 1103 1103 1104 1104 1103 1103 1105 1105 1104 1104 1104 1104 1105 1105 1101 1101 1105 1105 2018 2018 1101 1101 1106 1106 1107 1107 1108 1108 1107 1107 1109 1109 1108 1108 1108 1108 1109 1109 1110 1110 1104 1104 1111 1111 1102 1102 1111 1111 1112 1112 1102 1102 1102 1102 1112 1112 1113 1113 1112 1112 1106 1106 1113 1113 1113 1113 1106 1106 2023 2023 1106 1106 1108 1108 2023 2023 1109 1109 1114 1114 1110 1110 1114 1114 1115 1115 1110 1110 1110 1110 1115 1115 1116 1116 1116 1116 1115 1115 1099 1099 1115 1115 1117 1117 1099 1099 1099 1099 1117 1117 1100 1100 1118 1118 1119 1119 1100 1100 1119 1119 1120 1120 1100 1100 1121 1121 1122 1122 1123 1123 1121 1121 1123 1123 1124 1124 1118 1118 1122 1122 1119 1119 1119 1119 1122 1122 1125 1125 1122 1122 1121 1121 1125 1125 1123 1123 1126 1126 1124 1124 1126 1126 1127 1127 1124 1124 1124 1124 1127 1127 2015 2015 1127 1127 1128 1128 2015 2015 1129 1129 1130 1130 1131 1131 1127 1127 1132 1132 1128 1128 1132 1132 1131 1131 1128 1128 1128 1128 1131 1131 1130 1130 2302 2302 1133 1133 1134 1134 1133 1133 2016 2016 1134 1134 1131 1131 1135 1135 1129 1129 1135 1135 1134 1134 1129 1129 1129 1129 1134 1134 2016 2016 2302 2302 1136 1136 1133 1133 1133 1133 1136 1136 2014 2014 2014 2014 1136 1136 1137 1137 1136 1136 1138 1138 1137 1137 1137 1137 1138 1138 1139 1139 1138 1138 1140 1140 1139 1139 1139 1139 1140 1140 1141 1141 1098 1098 1097 1097 1142 1142 1141 1141 1931 1931 1139 1139 1142 1142 1097 1097 1143 1143 1097 1097 1144 1144 1143 1143 1143 1143 1144 1144 1141 1141 1144 1144 1931 1931 1141 1141 1925 1925 1146 1146 1145 1145 1145 1145 1146 1146 1147 1147 1146 1146 1148 1148 1147 1147 1147 1147 1148 1148 1149 1149 1148 1148 1150 1150 1149 1149 1149 1149 1150 1150 1151 1151 1150 1150 1152 1152 1151 1151 1151 1151 1152 1152 1098 1098 1152 1152 1932 1932 1098 1098 1153 1153 1154 1154 1155 1155 1154 1154 1156 1156 1155 1155 1155 1155 1930 1930 1153 1153 1153 1153 1930 1930 1157 1157 1930 1930 1158 1158 1157 1157 1157 1157 1158 1158 1145 1145 1158 1158 1925 1925 1145 1145 1063 1063 1064 1064 1159 1159 1064 1064 1923 1923 1159 1159 1154 1154 1160 1160 1156 1156 1160 1160 1159 1159 1156 1156 1156 1156 1159 1159 1923 1923 2318 2318 1101 1101 2018 2018 1161 1161 2045 2045 1162 1162 1162 1162 1163 1163 1161 1161 1161 1161 1163 1163 1164 1164 1163 1163 2318 2318 1164 1164 1164 1164 2318 2318 2018 2018 1162 1162 2045 2045 1165 1165 1165 1165 2045 2045 2050 2050 2050 2050 1166 1166 1165 1165 1165 1165 1166 1166 1167 1167 1166 1166 1168 1168 1167 1167 1167 1167 1168 1168 1169 1169 1170 1170 1171 1171 1172 1172 1170 1170 1172 1172 2044 2044 1169 1169 1168 1168 1172 1172 1168 1168 2044 2044 1172 1172 1170 1170 1173 1173 1171 1171 1173 1173 1174 1174 1171 1171 1171 1171 1174 1174 1175 1175 1174 1174 1176 1176 1175 1175 1175 1175 1176 1176 1177 1177 1176 1176 1178 1178 1177 1177 1177 1177 1178 1178 1179 1179 1178 1178 1180 1180 1179 1179 1179 1179 1180 1180 1181 1181 1182 1182 1183 1183 1181 1181 1181 1181 1183 1183 1179 1179 1181 1181 2051 2051 1182 1182 2051 2051 1184 1184 1182 1182 1182 1182 1184 1184 1185 1185 1184 1184 2047 2047 1185 1185 1185 1185 2047 2047 1186 1186 2047 2047 1187 1187 1186 1186 1186 1186 1187 1187 1188 1188 1187 1187 1189 1189 1188 1188 1188 1188 1189 1189 1190 1190 1190 1190 1189 1189 1191 1191 1189 1189 1192 1192 1191 1191 1191 1191 1192 1192 1193 1193 1192 1192 1194 1194 1193 1193 1193 1193 1194 1194 1195 1195 1194 1194 2049 2049 1195 1195 2049 2049 1196 1196 1195 1195 1195 1195 1196 1196 1197 1197 1196 1196 1198 1198 1197 1197 1197 1197 1198 1198 1199 1199 1198 1198 2048 2048 1199 1199 2048 2048 1200 1200 1199 1199 1199 1199 1200 1200 1201 1201 1200 1200 1202 1202 1201 1201 1201 1201 1202 1202 1203 1203 1202 1202 2381 2381 1203 1203 2381 2381 1204 1204 1203 1203 1203 1203 1204 1204 1205 1205 1204 1204 2380 2380 1205 1205 1205 1205 2380 2380 1206 1206 2380 2380 1207 1207 1206 1206 1206 1206 1207 1207 1208 1208 1207 1207 1209 1209 1208 1208 1208 1208 1209 1209 1210 1210 1209 1209 1211 1211 1210 1210 1212 1212 1213 1213 1214 1214 1209 1209 1215 1215 1211 1211 1211 1211 1215 1215 1216 1216 1215 1215 1214 1214 1216 1216 1216 1216 1214 1214 1213 1213 1214 1214 2378 2378 1212 1212 2378 2378 1217 1217 1212 1212 1212 1212 1217 1217 1218 1218 1217 1217 1219 1219 1218 1218 1218 1218 1219 1219 1065 1065 1219 1219 1066 1066 1065 1065 2326 2326 21 21 2306 2306 1222 1222 1221 1221 1233 1233 1222 1222 1223 1223 2322 2322 1223 1223 1224 1224 2322 2322 1226 1226 2315 2315 1225 1225 1226 1226 1228 1228 2315 2315 1227 1227 2309 2309 1228 1228 1229 1229 2309 2309 1227 1227 2305 2305 2313 2313 1230 1230 1231 1231 2317 2317 2305 2305 1231 1231 2314 2314 2317 2317 591 591 2336 2336 1220 1220 1220 1220 590 590 591 591 1230 1230 801 801 6 6 802 802 801 801 1227 1227 2306 2306 21 21 1221 1221 1221 1221 21 21 1233 1233 1223 1223 1222 1222 1233 1233 2313 2313 1229 1229 1230 1230 1229 1229 1227 1227 1230 1230 1230 1230 1227 1227 801 801 802 802 1227 1227 1226 1226 1227 1227 1228 1228 1226 1226 2315 2315 2322 2322 1225 1225 2322 2322 1224 1224 1225 1225 1224 1224 803 803 1225 1225 1226 1226 1225 1225 802 802 1225 1225 803 803 802 802 1220 1220 1232 1232 590 590 590 590 1232 1232 3 3 1220 1220 2314 2314 1232 1232 2314 2314 1231 1231 1232 1232 1231 1231 2305 2305 6 6 2305 2305 1230 1230 6 6 1234 1234 1235 1235 1236 1236 1237 1237 1255 1255 1238 1238 1239 1239 1240 1240 1241 1241 1240 1240 1242 1242 1241 1241 1241 1241 1242 1242 1243 1243 1242 1242 1244 1244 1243 1243 1243 1243 1244 1244 1245 1245 1244 1244 1246 1246 1245 1245 1241 1241 1247 1247 1239 1239 1247 1247 1248 1248 1239 1239 1239 1239 1248 1248 1249 1249 1248 1248 1250 1250 1249 1249 1249 1249 1250 1250 1251 1251 1250 1250 1252 1252 1251 1251 1251 1251 1252 1252 1253 1253 1252 1252 1254 1254 1253 1253 1253 1253 1254 1254 1237 1237 1254 1254 1255 1255 1237 1237 1234 1234 1236 1236 1256 1256 1236 1236 1257 1257 1256 1256 1257 1257 1258 1258 1256 1256 1256 1256 1258 1258 1238 1238 1258 1258 1259 1259 1238 1238 1238 1238 1259 1259 1237 1237 1260 1260 1261 1261 1262 1262 1262 1262 1261 1261 1235 1235 1261 1261 1263 1263 1235 1235 1235 1235 1263 1263 1236 1236 1264 1264 1265 1265 1266 1266 1262 1262 1267 1267 1260 1260 1267 1267 1268 1268 1260 1260 1260 1260 1268 1268 1269 1269 1268 1268 1264 1264 1269 1269 1269 1269 1264 1264 1270 1270 1264 1264 1266 1266 1270 1270 1271 1271 1272 1272 1273 1273 1272 1272 1274 1274 1273 1273 1273 1273 1274 1274 1275 1275 1274 1274 1266 1266 1275 1275 1275 1275 1266 1266 1276 1276 1266 1266 1265 1265 1276 1276 1273 1273 1279 1279 1271 1271 1279 1279 1280 1280 1271 1271 1271 1271 1280 1280 1278 1278 1280 1280 1281 1281 1278 1278 1278 1278 1281 1281 1277 1277 1281 1281 1282 1282 1277 1277 1293 1293 2304 2304 1285 1285 1286 1286 1287 1287 1288 1288 1289 1289 1290 1290 1291 1291 1290 1290 1292 1292 1291 1291 1291 1291 1292 1292 1282 1282 1245 1245 1293 1293 1243 1243 1293 1293 1294 1294 1243 1243 1254 1254 1252 1252 1295 1295 1252 1252 1250 1250 1295 1295 1295 1295 1250 1250 1296 1296 1250 1250 1248 1248 1296 1296 1296 1296 1248 1248 1297 1297 1248 1248 1247 1247 1297 1297 1297 1297 1247 1247 1294 1294 1247 1247 1241 1241 1294 1294 1294 1294 1241 1241 1243 1243 1295 1295 1298 1298 1254 1254 1298 1298 1299 1299 1254 1254 1254 1254 1299 1299 1255 1255 1256 1256 1238 1238 1299 1299 1238 1238 1255 1255 1299 1299 1299 1299 1300 1300 1256 1256 1300 1300 1301 1301 1256 1256 1256 1256 1301 1301 1234 1234 1234 1234 1301 1301 1235 1235 1301 1301 1302 1302 1235 1235 1235 1235 1302 1302 1262 1262 1302 1302 1303 1303 1262 1262 1262 1262 1303 1303 1267 1267 1267 1267 1303 1303 1268 1268 1303 1303 1304 1304 1268 1268 1268 1268 1304 1304 1264 1264 1305 1305 1276 1276 1304 1304 1276 1276 1265 1265 1304 1304 1304 1304 1265 1265 1264 1264 1306 1306 1273 1273 1305 1305 1273 1273 1275 1275 1305 1305 1305 1305 1275 1275 1276 1276 1282 1282 1281 1281 1291 1291 1281 1281 1280 1280 1291 1291 1291 1291 1280 1280 1306 1306 1280 1280 1279 1279 1306 1306 1306 1306 1279 1279 1273 1273 1309 1309 1308 1308 2333 2333 1308 1308 1307 1307 2333 2333 1313 1313 1311 1311 1310 1310 1310 1310 1311 1311 1312 1312 1311 1311 1313 1313 1307 1307 1307 1307 1313 1313 2333 2333 1283 1283 1313 1313 1314 1314 1313 1313 1310 1310 1314 1314 1314 1314 1310 1310 1315 1315 1310 1310 1312 1312 1315 1315 1315 1315 1312 1312 1316 1316 1293 1293 1285 1285 1294 1294 1294 1294 1285 1285 1297 1297 1285 1285 1317 1317 1297 1297 1297 1297 1317 1317 1296 1296 1317 1317 1318 1318 1296 1296 1296 1296 1318 1318 1295 1295 1318 1318 1319 1319 1295 1295 1295 1295 1319 1319 1298 1298 1320 1320 1321 1321 1322 1322 1320 1320 1322 1322 1323 1323 1322 1322 1324 1324 1323 1323 1323 1323 1324 1324 1325 1325 1326 1326 1324 1324 1327 1327 1324 1324 1322 1322 1327 1327 1327 1327 1322 1322 1328 1328 1322 1322 1321 1321 1328 1328 1328 1328 1321 1321 1329 1329 1320 1320 1330 1330 1321 1321 1330 1330 1331 1331 1321 1321 1321 1321 1331 1331 1286 1286 1288 1288 1289 1289 1286 1286 1289 1289 1291 1291 1286 1286 1286 1286 1291 1291 1321 1321 1291 1291 1306 1306 1321 1321 1321 1321 1306 1306 1329 1329 1306 1306 1305 1305 1329 1329 1329 1329 1305 1305 1328 1328 1305 1305 1304 1304 1328 1328 1328 1328 1304 1304 1327 1327 1304 1304 1303 1303 1327 1327 1327 1327 1303 1303 1326 1326 1303 1303 1302 1302 1326 1326 1326 1326 1302 1302 1332 1332 1302 1302 1301 1301 1332 1332 1332 1332 1301 1301 1333 1333 1301 1301 1300 1300 1333 1333 1333 1333 1300 1300 1334 1334 1300 1300 1299 1299 1334 1334 1334 1334 1299 1299 1335 1335 1299 1299 1298 1298 1335 1335 1335 1335 1298 1298 1336 1336 1298 1298 1319 1319 1336 1336 1336 1336 1319 1319 1337 1337 1319 1319 1318 1318 1337 1337 1337 1337 1318 1318 1338 1338 1318 1318 1317 1317 1338 1338 1338 1338 1317 1317 1284 1284 1317 1317 1285 1285 1284 1284 1284 1284 1285 1285 1283 1283 1285 1285 2304 2304 1283 1283 1307 1307 1325 1325 1311 1311 1325 1325 1324 1324 1311 1311 1311 1311 1324 1324 1312 1312 1324 1324 1326 1326 1312 1312 1312 1312 1326 1326 1316 1316 1326 1326 1332 1332 1316 1316 1316 1316 1332 1332 1315 1315 1332 1332 1333 1333 1315 1315 1315 1315 1333 1333 1314 1314 1333 1333 1334 1334 1314 1314 1314 1314 1334 1334 1283 1283 1334 1334 1335 1335 1283 1283 1335 1335 1336 1336 1283 1283 1336 1336 1337 1337 1283 1283 1337 1337 1338 1338 1283 1283 1338 1338 1284 1284 1283 1283 805 805 860 860 1339 1339 804 804 805 805 1339 1339 1339 1339 1340 1340 804 804 804 804 1340 1340 865 865 1340 1340 1341 1341 865 865 865 865 1341 1341 827 827 1341 1341 828 828 827 827 1095 1095 1342 1342 1096 1096 1039 1039 1053 1053 1342 1342 1342 1342 1053 1053 1096 1096 1342 1342 1344 1344 1039 1039 1344 1344 1343 1343 1039 1039 1345 1345 1346 1346 877 877 1199 1199 1201 1201 882 882 1347 1347 1348 1348 906 906 1349 1349 1351 1351 1350 1350 1352 1352 1172 1172 1353 1353 1353 1353 1172 1172 1354 1354 1205 1205 1206 1206 883 883 1206 1206 1208 1208 883 883 883 883 1208 1208 893 893 1352 1352 1353 1353 1350 1350 1353 1353 1355 1355 1350 1350 1350 1350 1355 1355 1349 1349 1356 1356 1357 1357 1358 1358 1357 1357 1359 1359 1358 1358 1358 1358 1359 1359 1360 1360 906 906 1348 1348 877 877 1348 1348 1361 1361 877 877 877 877 1361 1361 1345 1345 882 882 1201 1201 883 883 1201 1201 1203 1203 883 883 883 883 1203 1203 1205 1205 1208 1208 1210 1210 893 893 1210 1210 1211 1211 893 893 893 893 1211 1211 1216 1216 1362 1362 1363 1363 1364 1364 1365 1365 1366 1366 882 882 1351 1351 1367 1367 1350 1350 1367 1367 1368 1368 1350 1350 1350 1350 1368 1368 1383 1383 1359 1359 1369 1369 1360 1360 1369 1369 1370 1370 1360 1360 1360 1360 1370 1370 1371 1371 1370 1370 1372 1372 1371 1371 1371 1371 1372 1372 1373 1373 1392 1392 1376 1376 1023 1023 1365 1365 882 882 1377 1377 1154 1154 1153 1153 809 809 1153 1153 811 811 809 809 1153 1153 1157 1157 811 811 1157 1157 1145 1145 811 811 811 811 1145 1145 812 812 1145 1145 1147 1147 812 812 1147 1147 1149 1149 812 812 812 812 1149 1149 814 814 1368 1368 1378 1378 1383 1383 1378 1378 1379 1379 1383 1383 1379 1379 1380 1380 1383 1383 1380 1380 1381 1381 1383 1383 1381 1381 1382 1382 1383 1383 1383 1383 1382 1382 1358 1358 1382 1382 1384 1384 1358 1358 1358 1358 1384 1384 1356 1356 1385 1385 1386 1386 906 906 1386 1386 1387 1387 906 906 906 906 1387 1387 1347 1347 1388 1388 1389 1389 1390 1390 1389 1389 1391 1391 1390 1390 1393 1393 1394 1394 1172 1172 1394 1394 1395 1395 1172 1172 1172 1172 1395 1395 1354 1354 1396 1396 1397 1397 878 878 1397 1397 1398 1398 878 878 878 878 1398 1398 1468 1468 1188 1188 1190 1190 1399 1399 1216 1216 1213 1213 893 893 893 893 1213 1213 1212 1212 808 808 1159 1159 809 809 1159 1159 1160 1160 809 809 809 809 1160 1160 1154 1154 1149 1149 1151 1151 814 814 1151 1151 1098 1098 814 814 814 814 1098 1098 815 815 1098 1098 1142 1142 815 815 815 815 1142 1142 1143 1143 1143 1143 1400 1400 815 815 1400 1400 1246 1246 815 815 1346 1346 1401 1401 877 877 1401 1401 1402 1402 877 877 877 877 1402 1402 1403 1403 1388 1388 1404 1404 1389 1389 1404 1404 1405 1405 1389 1389 1389 1389 1405 1405 1406 1406 1363 1363 1362 1362 1407 1407 1364 1364 1408 1408 1362 1362 1408 1408 1409 1409 1362 1362 1362 1362 1409 1409 1410 1410 1375 1375 1374 1374 1023 1023 1374 1374 1411 1411 1023 1023 1023 1023 1411 1411 1392 1392 1376 1376 1412 1412 1023 1023 1412 1412 1413 1413 1023 1023 1023 1023 1413 1413 1024 1024 1413 1413 1414 1414 1024 1024 1414 1414 1415 1415 1024 1024 1024 1024 1415 1415 1014 1014 1415 1415 1416 1416 1014 1014 1416 1416 1417 1417 1014 1014 1014 1014 1417 1417 1015 1015 1171 1171 1418 1418 1172 1172 1418 1418 1419 1419 1172 1172 1172 1172 1419 1419 1393 1393 1183 1183 1182 1182 1399 1399 1399 1399 1190 1190 1420 1420 1396 1396 878 878 1421 1421 878 878 877 877 1421 1421 1421 1421 877 877 1389 1389 877 877 1403 1403 1389 1389 1389 1389 1403 1403 1391 1391 1422 1422 1423 1423 1373 1373 1423 1423 2320 2320 1373 1373 1373 1373 2320 2320 1371 1371 1409 1409 1424 1424 1410 1410 1424 1424 1425 1425 1410 1410 1410 1410 1425 1425 1426 1426 2127 2127 1427 1427 1375 1375 1417 1417 1428 1428 1015 1015 1428 1428 1429 1429 1015 1015 1015 1015 1429 1429 1017 1017 1430 1430 1017 1017 1431 1431 1017 1017 1429 1429 1431 1431 1432 1432 1433 1433 1179 1179 1432 1432 1179 1179 1434 1434 1435 1435 1436 1436 1405 1405 1436 1436 1437 1437 1405 1405 1405 1405 1437 1437 1406 1406 1438 1438 2127 2127 1375 1375 1425 1425 1439 1439 1426 1426 1439 1439 1440 1440 1426 1426 1426 1426 1440 1440 1427 1427 1440 1440 1441 1441 1427 1427 1427 1427 1441 1441 1375 1375 1441 1441 1442 1442 1375 1375 1375 1375 1442 1442 1374 1374 1443 1443 1444 1444 1179 1179 1444 1444 1445 1445 1179 1179 1434 1434 1179 1179 1399 1399 1179 1179 1183 1183 1399 1399 1190 1190 1191 1191 1420 1420 1191 1191 1193 1193 1420 1420 1420 1420 1193 1193 1366 1366 1193 1193 1195 1195 1366 1366 1366 1366 1195 1195 882 882 1195 1195 1197 1197 882 882 882 882 1197 1197 1199 1199 1446 1446 1447 1447 1405 1405 1447 1447 1448 1448 1405 1405 1405 1405 1448 1448 1435 1435 1433 1433 1449 1449 1179 1179 1449 1449 1450 1450 1179 1179 1179 1179 1450 1450 1451 1451 1451 1451 1452 1452 1179 1179 1452 1452 1453 1453 1179 1179 1179 1179 1453 1453 1443 1443 1445 1445 1454 1454 1179 1179 1179 1179 1454 1454 1177 1177 1454 1454 1418 1418 1177 1177 1177 1177 1418 1418 1175 1175 1418 1418 1171 1171 1175 1175 1182 1182 1185 1185 1399 1399 1185 1185 1186 1186 1399 1399 1399 1399 1186 1186 1188 1188 1212 1212 1218 1218 893 893 1218 1218 1065 1065 893 893 893 893 1065 1065 880 880 1065 1065 1059 1059 880 880 1430 1430 1074 1074 906 906 1074 1074 1076 1076 906 906 906 906 1076 1076 1385 1385 1455 1455 1456 1456 1362 1362 1456 1456 1457 1457 1362 1362 1362 1362 1457 1457 1407 1407 1458 1458 1459 1459 1446 1446 1459 1459 1460 1460 1446 1446 1446 1446 1460 1460 1447 1447 1468 1468 1067 1067 886 886 1059 1059 1061 1061 808 808 1061 1061 1063 1063 808 808 808 808 1063 1063 1159 1159 1422 1422 1461 1461 1423 1423 1461 1461 1462 1462 1423 1423 1423 1423 1462 1462 1362 1362 1462 1462 1463 1463 1362 1362 1362 1362 1463 1463 1455 1455 1463 1463 1464 1464 1455 1455 1474 1474 1465 1465 1466 1466 1465 1465 1467 1467 1466 1466 878 878 1468 1468 888 888 1468 1468 886 886 888 888 1469 1469 1470 1470 1466 1466 1470 1470 1471 1471 1466 1466 1466 1466 1471 1471 1472 1472 1472 1472 1473 1473 1466 1466 1473 1473 1474 1474 1466 1466 1464 1464 1466 1466 1455 1455 1466 1466 1467 1467 1455 1455 1455 1455 1467 1467 1475 1475 1467 1467 1476 1476 1475 1475 1476 1476 1477 1477 1475 1475 1477 1477 1478 1478 1475 1475 1067 1067 1069 1069 886 886 886 886 1069 1069 882 882 1069 1069 1071 1071 882 882 882 882 1071 1071 1377 1377 1479 1479 1480 1480 1446 1446 1480 1480 1481 1481 1446 1446 1446 1446 1481 1481 1458 1458 1479 1479 1482 1482 1480 1480 1482 1482 1483 1483 1480 1480 1480 1480 1483 1483 1484 1484 1483 1483 1485 1485 1484 1484 1484 1484 1485 1485 1466 1466 1485 1485 1486 1486 1466 1466 1466 1466 1486 1486 1487 1487 1487 1487 1488 1488 1466 1466 1488 1488 1489 1489 1466 1466 1466 1466 1489 1489 1469 1469 2176 2176 1490 1490 1404 1404 1472 1472 1471 1471 1491 1491 1492 1492 1467 1467 2181 2181 1467 1467 1465 1465 2181 2181 1474 1474 1493 1493 1465 1465 1493 1493 2181 2181 1465 1465 1474 1474 1473 1473 1493 1493 1493 1493 1473 1473 2180 2180 1472 1472 1491 1491 1473 1473 1491 1491 2180 2180 1473 1473 1494 1494 1495 1495 1471 1471 1471 1471 1495 1495 1491 1491 1471 1471 1470 1470 1494 1494 1470 1470 1469 1469 1494 1494 1494 1494 1469 1469 2179 2179 1469 1469 1496 1496 2179 2179 1487 1487 1486 1486 1497 1497 1487 1487 1497 1497 1488 1488 1497 1497 2172 2172 1488 1488 1469 1469 1489 1489 1496 1496 1489 1489 1488 1488 1496 1496 1496 1496 1488 1488 2172 2172 1486 1486 2173 2173 1497 1497 1483 1483 1482 1482 1498 1498 1483 1483 1498 1498 1485 1485 1485 1485 1498 1498 1486 1486 1498 1498 2173 2173 1486 1486 1404 1404 1490 1490 1405 1405 1405 1405 1490 1490 1446 1446 1490 1490 1499 1499 1446 1446 1446 1446 1499 1499 1479 1479 1499 1499 2175 2175 1479 1479 1479 1479 2175 2175 1482 1482 1482 1482 2175 2175 1498 1498 1403 1403 1500 1500 1391 1391 1500 1500 1501 1501 1391 1391 1391 1391 1501 1501 1390 1390 1501 1501 1502 1502 1390 1390 1390 1390 1502 1502 1388 1388 1502 1502 1503 1503 1388 1388 1388 1388 1503 1503 1404 1404 1503 1503 2176 2176 1404 1404 1345 1345 1728 1728 1346 1346 1728 1728 1504 1504 1346 1346 1346 1346 1504 1504 1401 1401 1504 1504 1505 1505 1401 1401 1401 1401 1505 1505 1402 1402 1505 1505 1506 1506 1402 1402 1402 1402 1506 1506 1403 1403 1506 1506 1507 1507 1403 1403 1403 1403 1507 1507 1500 1500 1728 1728 1345 1345 1508 1508 1345 1345 1361 1361 1508 1508 1508 1508 1361 1361 1721 1721 1721 1721 1361 1361 1509 1509 1361 1361 1348 1348 1509 1509 1509 1509 1348 1348 1510 1510 1348 1348 1347 1347 1510 1510 1510 1510 1347 1347 1720 1720 1347 1347 1387 1387 1720 1720 1720 1720 1387 1387 1511 1511 1076 1076 1077 1077 1512 1512 1512 1512 1513 1513 1076 1076 1076 1076 1513 1513 1385 1385 1513 1513 1511 1511 1385 1385 1385 1385 1511 1511 1386 1386 1511 1511 1387 1387 1386 1386 1475 1475 1478 1478 1514 1514 1478 1478 1515 1515 1514 1514 1467 1467 1492 1492 1476 1476 1492 1492 1516 1516 1476 1476 1476 1476 1516 1516 1477 1477 1516 1516 1515 1515 1477 1477 1477 1477 1515 1515 1478 1478 1457 1457 1456 1456 1517 1517 1517 1517 1456 1456 1519 1519 1475 1475 1514 1514 1455 1455 1514 1514 1518 1518 1455 1455 1455 1455 1518 1518 1456 1456 1518 1518 1519 1519 1456 1456 1517 1517 1520 1520 1457 1457 1520 1520 1521 1521 1457 1457 1457 1457 1521 1521 1407 1407 1521 1521 1522 1522 1407 1407 1407 1407 1522 1522 1363 1363 1522 1522 1523 1523 1363 1363 1523 1523 1524 1524 1363 1363 1363 1363 1524 1524 1364 1364 1524 1524 1525 1525 1364 1364 1364 1364 1525 1525 1408 1408 1525 1525 1526 1526 1408 1408 1408 1408 1526 1526 1409 1409 1526 1526 1527 1527 1409 1409 1409 1409 1527 1527 1424 1424 1527 1527 1528 1528 1424 1424 1424 1424 1528 1528 1425 1425 1528 1528 1529 1529 1425 1425 1529 1529 1530 1530 1425 1425 1425 1425 1530 1530 1439 1439 1530 1530 2201 2201 1439 1439 1531 1531 1442 1442 1532 1532 1442 1442 1441 1441 1532 1532 1532 1532 1441 1441 1533 1533 1441 1441 1440 1440 1533 1533 1533 1533 1440 1440 1534 1534 1440 1440 1439 1439 1534 1534 1534 1534 1439 1439 2201 2201 1411 1411 1374 1374 1531 1531 1531 1531 1374 1374 1442 1442 1531 1531 2202 2202 1411 1411 2202 2202 1535 1535 1411 1411 1411 1411 1535 1535 1392 1392 1535 1535 1536 1536 1392 1392 1536 1536 1537 1537 1392 1392 1392 1392 1537 1537 1376 1376 1537 1537 1538 1538 1376 1376 1376 1376 1538 1538 1412 1412 1412 1412 1538 1538 1413 1413 1538 1538 1539 1539 1413 1413 1539 1539 1766 1766 1413 1413 1413 1413 1766 1766 1414 1414 1766 1766 1540 1540 1414 1414 1414 1414 1540 1540 1415 1415 1540 1540 1541 1541 1415 1415 1541 1541 1542 1542 1415 1415 1415 1415 1542 1542 1416 1416 1542 1542 1543 1543 1416 1416 1416 1416 1543 1543 1417 1417 1543 1543 1770 1770 1417 1417 1770 1770 1544 1544 1417 1417 1417 1417 1544 1544 1428 1428 1544 1544 1545 1545 1428 1428 1428 1428 1545 1545 1429 1429 1545 1545 1764 1764 1429 1429 1764 1764 1546 1546 1429 1429 1429 1429 1546 1546 1431 1431 1546 1546 1763 1763 1431 1431 1431 1431 1763 1763 1430 1430 1763 1763 1547 1547 1430 1430 1548 1548 1382 1382 1549 1549 1382 1382 1550 1550 1549 1549 1382 1382 1381 1381 1550 1550 1550 1550 1381 1381 1551 1551 1381 1381 1380 1380 1551 1551 1551 1551 1380 1380 1552 1552 1552 1552 1380 1380 2436 2436 1380 1380 1379 1379 2436 2436 1384 1384 1553 1553 1554 1554 1384 1384 1554 1554 1356 1356 1382 1382 1548 1548 1384 1384 1384 1384 1548 1548 1553 1553 1554 1554 2458 2458 1356 1356 2458 2458 1555 1555 1356 1356 1356 1356 1555 1555 1357 1357 1555 1555 1556 1556 1357 1357 1357 1357 1556 1556 1359 1359 2459 2459 1557 1557 1369 1369 1359 1359 1556 1556 1369 1369 1556 1556 2459 2459 1369 1369 1373 1373 1372 1372 1557 1557 1372 1372 1370 1370 1557 1557 1557 1557 1370 1370 1369 1369 1558 1558 1422 1422 1559 1559 1422 1422 1373 1373 1559 1559 1559 1559 1373 1373 2460 2460 1373 1373 1557 1557 2460 2460 1558 1558 1560 1560 1422 1422 1422 1422 1560 1560 1461 1461 1560 1560 1561 1561 1461 1461 1461 1461 1561 1561 1462 1462 1561 1561 2453 2453 1462 1462 2453 2453 1562 1562 1462 1462 1462 1462 1562 1562 1463 1463 1562 1562 1563 1563 1463 1463 1463 1463 1563 1563 1464 1464 1563 1563 1564 1564 1464 1464 1564 1564 1565 1565 1464 1464 1464 1464 1565 1565 1466 1466 1565 1565 1566 1566 1466 1466 1466 1466 1566 1566 1484 1484 1566 1566 1567 1567 1484 1484 1484 1484 1567 1567 1480 1480 1480 1480 1567 1567 1481 1481 1567 1567 1568 1568 1481 1481 1481 1481 1568 1568 1458 1458 1568 1568 2465 2465 1458 1458 2465 2465 2466 2466 1458 1458 1458 1458 2466 2466 1459 1459 2466 2466 1569 1569 1459 1459 1459 1459 1569 1569 1460 1460 1569 1569 1570 1570 1460 1460 1460 1460 1570 1570 1447 1447 1570 1570 1448 1448 1447 1447 1570 1570 2464 2464 1448 1448 2464 2464 1704 1704 1448 1448 1448 1448 1704 1704 1435 1435 1704 1704 1571 1571 1435 1435 1435 1435 1571 1571 1436 1436 1571 1571 1572 1572 1436 1436 1572 1572 1573 1573 1436 1436 1436 1436 1573 1573 1437 1437 1573 1573 1574 1574 1437 1437 1437 1437 1574 1574 1406 1406 1574 1574 1699 1699 1406 1406 1699 1699 1575 1575 1406 1406 1406 1406 1575 1575 1389 1389 1575 1575 1576 1576 1389 1389 1389 1389 1576 1576 1421 1421 1576 1576 1577 1577 1421 1421 1577 1577 1578 1578 1421 1421 1421 1421 1578 1578 1396 1396 1578 1578 1707 1707 1396 1396 1396 1396 1707 1707 1397 1397 1707 1707 1579 1579 1397 1397 1397 1397 1579 1579 1398 1398 1579 1579 1580 1580 1398 1398 1581 1581 1468 1468 1580 1580 1580 1580 1468 1468 1398 1398 1582 1582 1583 1583 1584 1584 1583 1583 1585 1585 1584 1584 1584 1584 1585 1585 1586 1586 1587 1587 1588 1588 1589 1589 1588 1588 1590 1590 1589 1589 1589 1589 1590 1590 1591 1591 1590 1590 1592 1592 1591 1591 1593 1593 1594 1594 1595 1595 1594 1594 1596 1596 1595 1595 1597 1597 1598 1598 1591 1591 1593 1593 1597 1597 1594 1594 1597 1597 1591 1591 1594 1594 1594 1594 1591 1591 1599 1599 1591 1591 1592 1592 1599 1599 1600 1600 1601 1601 1583 1583 1583 1583 1601 1601 1585 1585 1602 1602 1587 1587 1582 1582 1582 1582 1587 1587 1583 1583 1587 1587 1589 1589 1583 1583 1583 1583 1589 1589 1600 1600 1598 1598 1603 1603 1591 1591 1591 1591 1603 1603 1589 1589 1603 1603 1604 1604 1589 1589 1589 1589 1604 1604 1600 1600 1605 1605 1606 1606 1607 1607 1066 1066 1606 1606 1060 1060 1606 1606 1605 1605 1060 1060 1060 1060 1605 1605 1062 1062 2382 2382 1608 1608 1607 1607 1066 1066 1609 1609 1606 1606 1609 1609 1610 1610 1606 1606 1606 1606 1610 1610 1607 1607 1610 1610 2382 2382 1607 1607 1611 1611 1628 1628 1612 1612 1613 1613 1614 1614 1064 1064 1614 1614 1613 1613 1612 1612 1612 1612 1613 1613 1611 1611 1613 1613 1615 1615 1611 1611 1611 1611 1615 1615 1616 1616 1064 1064 1062 1062 1613 1613 1062 1062 1605 1605 1613 1613 1613 1613 1605 1605 1615 1615 1605 1605 1607 1607 1615 1615 1615 1615 1607 1607 1616 1616 1607 1607 1608 1608 1616 1616 1616 1616 1608 1608 1617 1617 1608 1608 1618 1618 1617 1617 1617 1617 1618 1618 1619 1619 1618 1618 1620 1620 1619 1619 1619 1619 1620 1620 1596 1596 1620 1620 1621 1621 1596 1596 1596 1596 1621 1621 1595 1595 1599 1599 1622 1622 1594 1594 1622 1622 1623 1623 1594 1594 1594 1594 1623 1623 1596 1596 1623 1623 1624 1624 1596 1596 1596 1596 1624 1624 1619 1619 1624 1624 1625 1625 1619 1619 1619 1619 1625 1625 1617 1617 1625 1625 1626 1626 1617 1617 1617 1617 1626 1626 1616 1616 1626 1626 1627 1627 1616 1616 1616 1616 1627 1627 1611 1611 1627 1627 1628 1628 1611 1611 1644 1644 1632 1632 1633 1633 1634 1634 1635 1635 1636 1636 1634 1634 1633 1633 1635 1635 1633 1633 1637 1637 1635 1635 1635 1635 1637 1637 1638 1638 1639 1639 1636 1636 1640 1640 1636 1636 1635 1635 1640 1640 1640 1640 1635 1635 1641 1641 1635 1635 1638 1638 1641 1641 1636 1636 1642 1642 1634 1634 1642 1642 1636 1636 1643 1643 1634 1634 1644 1644 1633 1633 1633 1633 1645 1645 1651 1651 1072 1072 1631 1631 1651 1651 1647 1647 1649 1649 1648 1648 1649 1649 1647 1647 1650 1650 1647 1647 1651 1651 1650 1650 1650 1650 1651 1651 1652 1652 1653 1653 1651 1651 1631 1631 1648 1648 1637 1637 1651 1651 1637 1637 1633 1633 1651 1651 1656 1656 1657 1657 1644 1644 1658 1658 1629 1629 1630 1630 1630 1630 1644 1644 1634 1634 1634 1634 2205 2205 1630 1630 2205 2205 1655 1655 1630 1630 1630 1630 1655 1655 1658 1658 1655 1655 1654 1654 1658 1658 1645 1645 1646 1646 1651 1651 1651 1651 1647 1647 1648 1648 1648 1648 1659 1659 1637 1637 1659 1659 1660 1660 1637 1637 1637 1637 1660 1660 1638 1638 1656 1656 1644 1644 1630 1630 1661 1661 1662 1662 1663 1663 1664 1664 1665 1665 1666 1666 1643 1643 1636 1636 1667 1667 1636 1636 1639 1639 1667 1667 1667 1667 1639 1639 1668 1668 1639 1639 1640 1640 1668 1668 1668 1668 1640 1640 1669 1669 1670 1670 1671 1671 1672 1672 1671 1671 1673 1673 1672 1672 1670 1670 1674 1674 1671 1671 1674 1674 1669 1669 1671 1671 1671 1671 1669 1669 1641 1641 1669 1669 1640 1640 1641 1641 1675 1675 1676 1676 1664 1664 1676 1676 1677 1677 1664 1664 1664 1664 1677 1677 1665 1665 1677 1677 1678 1678 1665 1665 1665 1665 1678 1678 1679 1679 1642 1642 1643 1643 1666 1666 1666 1666 1643 1643 1664 1664 1643 1643 1667 1667 1664 1664 1664 1664 1667 1667 1675 1675 1674 1674 1697 1697 1669 1669 1697 1697 1680 1680 1669 1669 1669 1669 1680 1680 1668 1668 1680 1680 1681 1681 1668 1668 1668 1668 1681 1681 1667 1667 1681 1681 1682 1682 1667 1667 1667 1667 1682 1682 1675 1675 1068 1068 1581 1581 1683 1683 1663 1663 1662 1662 1686 1686 1662 1662 1687 1687 1686 1686 1686 1686 1687 1687 1688 1688 1685 1685 1684 1684 1689 1689 1631 1631 1690 1690 1653 1653 1631 1631 1072 1072 1690 1690 1072 1072 1070 1070 1690 1690 1690 1690 1070 1070 1691 1691 1070 1070 1068 1068 1691 1691 1691 1691 1068 1068 1692 1692 1068 1068 1683 1683 1692 1692 1685 1685 1688 1688 1684 1684 1688 1688 1687 1687 1684 1684 1684 1684 1687 1687 1694 1694 1687 1687 1693 1693 1694 1694 1661 1661 1648 1648 1649 1649 1661 1661 1649 1649 1662 1662 1649 1649 1650 1650 1662 1662 1662 1662 1650 1650 1687 1687 1650 1650 1652 1652 1687 1687 1687 1687 1652 1652 1693 1693 1652 1652 1651 1651 1693 1693 1683 1683 1689 1689 1692 1692 1689 1689 1684 1684 1692 1692 1692 1692 1684 1684 1691 1691 1684 1684 1694 1694 1691 1691 1691 1691 1694 1694 1690 1690 1694 1694 1693 1693 1690 1690 1690 1690 1693 1693 1653 1653 1693 1693 1651 1651 1653 1653 1663 1663 1706 1706 1661 1661 1706 1706 1695 1695 1661 1661 1661 1661 1695 1695 1673 1673 1695 1695 1696 1696 1673 1673 1673 1673 1696 1696 1672 1672 1641 1641 1638 1638 1671 1671 1638 1638 1660 1660 1671 1671 1671 1671 1660 1660 1673 1673 1660 1660 1659 1659 1673 1673 1673 1673 1659 1659 1661 1661 1659 1659 1648 1648 1661 1661 1698 1698 1679 1679 1678 1678 1700 1700 1682 1682 1681 1681 1700 1700 1681 1681 1697 1697 1681 1681 1680 1680 1697 1697 1682 1682 1700 1700 1675 1675 1700 1700 1701 1701 1675 1675 1675 1675 1701 1701 1676 1676 1698 1698 1678 1678 1701 1701 1678 1678 1677 1677 1701 1701 1701 1701 1677 1677 1676 1676 1670 1670 1703 1703 1674 1674 1703 1703 1702 1702 1674 1674 1674 1674 1702 1702 1697 1697 1697 1697 1702 1702 1700 1700 1700 1700 1702 1702 1701 1701 1701 1701 1702 1702 1698 1698 1698 1698 1702 1702 1699 1699 1577 1577 1575 1575 1699 1699 1699 1699 1574 1574 1572 1572 1572 1572 1571 1571 1704 1704 1699 1699 1572 1572 2464 2464 1572 1572 1704 1704 2464 2464 1580 1580 1579 1579 1707 1707 1581 1581 1580 1580 1683 1683 1683 1683 1580 1580 1689 1689 1689 1689 1580 1580 1685 1685 1577 1577 1576 1576 1575 1575 1705 1705 1688 1688 1580 1580 1688 1688 1685 1685 1580 1580 1706 1706 1663 1663 1705 1705 1663 1663 1686 1686 1705 1705 1705 1705 1686 1686 1688 1688 1670 1670 1672 1672 1703 1703 1672 1672 1696 1696 1703 1703 1703 1703 1696 1696 1706 1706 1696 1696 1695 1695 1706 1706 1580 1580 1707 1707 1705 1705 1705 1705 1707 1707 1706 1706 1706 1706 1707 1707 1703 1703 1703 1703 1707 1707 1702 1702 1574 1574 1573 1573 1572 1572 1702 1702 1707 1707 1699 1699 1699 1699 1707 1707 1577 1577 1577 1577 1707 1707 1578 1578 1505 1505 1504 1504 1728 1728 1708 1708 1709 1709 1710 1710 1712 1712 1718 1718 1711 1711 1714 1714 1715 1715 1716 1716 1712 1712 1720 1720 1718 1718 1720 1720 1717 1717 1718 1718 1712 1712 1719 1719 1713 1713 1720 1720 1729 1729 1721 1721 1509 1509 1720 1720 1721 1721 1720 1720 1511 1511 1512 1512 1512 1512 1722 1722 1727 1727 1512 1512 1077 1077 1722 1722 1723 1723 1724 1724 1727 1727 1727 1727 1724 1724 1708 1708 1724 1724 1725 1725 1708 1708 1708 1708 1725 1725 1709 1709 1720 1720 1509 1509 1510 1510 1726 1726 1727 1727 1722 1722 1716 1716 1717 1717 1714 1714 1717 1717 1720 1720 1714 1714 1500 1500 1507 1507 1501 1501 1728 1728 1508 1508 1721 1721 1728 1728 1507 1507 1505 1505 1507 1507 1506 1506 1505 1505 1511 1511 1513 1513 1512 1512 1727 1727 1708 1708 1512 1512 1512 1512 1708 1708 1720 1720 1708 1708 1710 1710 1720 1720 1720 1720 1710 1710 1714 1714 1710 1710 1730 1730 1714 1714 1714 1714 1730 1730 1715 1715 1712 1712 1729 1729 1720 1720 1729 1729 1507 1507 1721 1721 1507 1507 1728 1728 1721 1721 1732 1732 1733 1733 1734 1734 1733 1733 1735 1735 1734 1734 1734 1734 1735 1735 1736 1736 1737 1737 1738 1738 1715 1715 1739 1739 1717 1717 1738 1738 1717 1717 1716 1716 1738 1738 1738 1738 1716 1716 1715 1715 1719 1719 1712 1712 1740 1740 1712 1712 1711 1711 1740 1740 1740 1740 1711 1711 1739 1739 1711 1711 1718 1718 1739 1739 1739 1739 1718 1718 1717 1717 1737 1737 1762 1762 1741 1741 1737 1737 1741 1741 1738 1738 1741 1741 1742 1742 1738 1738 1738 1738 1742 1742 1739 1739 1743 1743 1744 1744 1733 1733 1733 1733 1744 1744 1735 1735 1713 1713 1719 1719 1732 1732 1732 1732 1719 1719 1733 1733 1719 1719 1740 1740 1733 1733 1733 1733 1740 1740 1743 1743 1742 1742 1745 1745 1739 1739 1745 1745 1746 1746 1739 1739 1739 1739 1746 1746 1740 1740 1746 1746 1747 1747 1740 1740 1740 1740 1747 1747 1743 1743 1073 1073 1547 1547 1748 1748 1749 1749 1750 1750 1751 1751 1752 1752 1771 1771 1751 1751 1726 1726 1722 1722 1753 1753 1722 1722 1077 1077 1753 1753 1077 1077 1075 1075 1753 1753 1753 1753 1075 1075 1754 1754 1075 1075 1073 1073 1754 1754 1754 1754 1073 1073 1755 1755 1073 1073 1748 1748 1755 1755 1750 1750 1749 1749 1731 1731 1756 1756 1725 1725 1757 1757 1725 1725 1724 1724 1757 1757 1757 1757 1724 1724 1749 1749 1724 1724 1723 1723 1749 1749 1749 1749 1723 1723 1731 1731 1723 1723 1727 1727 1731 1731 1748 1748 1752 1752 1755 1755 1752 1752 1751 1751 1755 1755 1755 1755 1751 1751 1754 1754 1751 1751 1750 1750 1754 1754 1754 1754 1750 1750 1753 1753 1750 1750 1731 1731 1753 1753 1753 1753 1731 1731 1726 1726 1731 1731 1727 1727 1726 1726 1771 1771 1758 1758 1751 1751 1751 1751 1758 1758 1749 1749 1758 1758 1759 1759 1749 1749 1749 1749 1759 1759 1757 1757 1759 1759 1760 1760 1757 1757 1757 1757 1760 1760 1756 1756 1760 1760 1761 1761 1756 1756 1756 1756 1761 1761 1737 1737 1761 1761 1762 1762 1737 1737 1715 1715 1730 1730 1737 1737 1730 1730 1710 1710 1737 1737 1737 1737 1710 1710 1756 1756 1710 1710 1709 1709 1756 1756 1756 1756 1709 1709 1725 1725 1741 1741 1762 1762 1742 1742 1762 1762 1767 1767 1742 1742 1742 1742 1767 1767 1745 1745 1767 1767 1768 1768 1745 1745 1745 1745 1768 1768 1746 1746 1746 1746 1768 1768 1747 1747 1768 1768 1744 1744 1747 1747 1747 1747 1744 1744 1743 1743 1768 1768 1774 1774 1744 1744 1774 1774 1765 1765 1744 1744 1744 1744 1765 1765 1735 1735 1735 1735 1765 1765 1736 1736 1545 1545 1769 1769 1764 1764 1543 1543 1542 1542 1770 1770 1770 1770 1542 1542 1541 1541 1545 1545 1544 1544 1769 1769 1544 1544 1770 1770 1769 1769 1536 1536 1541 1541 1766 1766 1766 1766 1541 1541 1540 1540 1769 1769 1770 1770 1764 1764 1547 1547 1771 1771 1748 1748 1748 1748 1771 1771 1752 1752 1772 1772 1758 1758 1771 1771 1762 1762 1761 1761 1773 1773 1761 1761 1760 1760 1773 1773 1773 1773 1760 1760 1772 1772 1760 1760 1759 1759 1772 1772 1772 1772 1759 1759 1758 1758 1770 1770 1765 1765 1774 1774 1768 1768 1767 1767 1774 1774 1767 1767 1762 1762 1774 1774 1774 1774 1762 1762 1763 1763 1762 1762 1773 1773 1763 1763 1773 1773 1772 1772 1763 1763 1772 1772 1771 1771 1763 1763 1763 1763 1771 1771 1547 1547 1536 1536 1770 1770 1541 1541 1770 1770 1774 1774 1764 1764 1774 1774 1763 1763 1764 1764 1763 1763 1546 1546 1764 1764 1343 1343 1344 1344 1775 1775 1776 1776 1777 1777 1778 1778 1342 1342 1095 1095 1780 1780 1778 1778 1777 1777 1780 1780 1780 1780 1095 1095 1781 1781 2171 2171 1782 1782 1798 1798 1798 1798 1782 1782 1783 1783 1344 1344 1342 1342 1775 1775 1775 1775 1342 1342 1783 1783 1783 1783 1342 1342 1798 1798 1342 1342 1784 1784 1798 1798 1778 1778 1785 1785 1776 1776 1785 1785 1786 1786 1776 1776 1776 1776 1786 1786 1787 1787 1786 1786 1788 1788 1787 1787 1787 1787 1788 1788 1789 1789 1788 1788 1790 1790 1789 1789 1789 1789 1790 1790 1779 1779 1790 1790 1791 1791 1779 1779 1791 1791 1792 1792 1779 1779 1779 1779 1792 1792 1793 1793 1343 1343 1775 1775 1794 1794 1794 1794 1775 1775 1795 1795 1775 1775 1783 1783 1795 1795 1795 1795 1783 1783 1796 1796 1783 1783 1782 1782 1796 1796 1797 1797 1798 1798 1784 1784 1780 1780 1777 1777 1342 1342 1777 1777 1776 1776 1342 1342 1776 1776 1787 1787 1342 1342 1342 1342 1787 1787 1784 1784 1787 1787 1789 1789 1784 1784 1789 1789 1779 1779 1784 1784 1799 1799 1800 1800 1801 1801 1802 1802 1917 1917 1803 1803 1793 1793 1805 1805 1807 1807 1805 1805 1806 1806 1807 1807 1806 1806 1808 1808 1807 1807 1807 1807 1808 1808 1811 1811 1808 1808 1809 1809 1811 1811 1809 1809 1810 1810 1811 1811 1810 1810 1812 1812 1811 1811 1811 1811 1812 1812 1813 1813 1812 1812 1814 1814 1813 1813 1813 1813 1814 1814 1642 1642 1814 1814 1815 1815 1642 1642 1815 1815 1816 1816 1642 1642 1642 1642 1816 1816 1817 1817 1817 1817 1816 1816 1818 1818 1816 1816 1819 1819 1818 1818 1818 1818 1819 1819 1817 1817 1819 1819 1820 1820 1817 1817 1817 1817 1820 1820 1821 1821 1820 1820 1822 1822 1821 1821 1821 1821 1822 1822 1823 1823 1822 1822 1803 1803 1823 1823 1823 1823 1803 1803 1917 1917 1791 1791 1804 1804 1792 1792 1793 1793 1792 1792 1805 1805 1792 1792 1804 1804 1805 1805 1805 1805 1804 1804 1806 1806 1804 1804 1824 1824 1806 1806 1806 1806 1824 1824 1808 1808 1824 1824 1825 1825 1808 1808 1808 1808 1825 1825 1809 1809 1825 1825 1826 1826 1809 1809 1809 1809 1826 1826 1810 1810 1826 1826 1827 1827 1810 1810 1810 1810 1827 1827 1812 1812 1790 1790 1788 1788 1828 1828 1788 1788 1829 1829 1828 1828 1828 1828 1829 1829 1830 1830 1829 1829 1831 1831 1830 1830 1830 1830 1831 1831 1832 1832 1831 1831 1903 1903 1832 1832 1832 1832 1903 1903 1833 1833 1833 1833 1834 1834 1863 1863 1863 1863 1834 1834 1835 1835 1834 1834 1836 1836 1835 1835 1835 1835 1836 1836 1837 1837 1836 1836 1838 1838 1837 1837 1837 1837 1838 1838 1839 1839 1838 1838 1840 1840 1839 1839 1839 1839 1840 1840 1841 1841 1840 1840 1842 1842 1841 1841 1841 1841 1842 1842 1843 1843 1800 1800 1844 1844 1801 1801 1844 1844 1845 1845 1801 1801 1801 1801 1845 1845 1846 1846 1845 1845 1847 1847 1846 1846 1846 1846 1847 1847 1848 1848 1847 1847 1849 1849 1848 1848 1848 1848 1849 1849 1850 1850 1849 1849 1851 1851 1850 1850 1850 1850 1851 1851 1852 1852 1851 1851 1843 1843 1852 1852 1852 1852 1843 1843 1853 1853 1843 1843 1842 1842 1853 1853 1854 1854 1802 1802 1855 1855 1802 1802 1803 1803 1855 1855 1855 1855 1803 1803 1856 1856 1803 1803 1822 1822 1856 1856 1856 1856 1822 1822 1857 1857 1822 1822 1820 1820 1857 1857 1857 1857 1820 1820 1858 1858 1820 1820 1819 1819 1858 1858 1858 1858 1819 1819 1859 1859 1819 1819 1816 1816 1859 1859 1859 1859 1816 1816 1860 1860 1816 1816 1815 1815 1860 1860 1860 1860 1815 1815 1861 1861 1815 1815 1814 1814 1861 1861 1861 1861 1814 1814 1862 1862 1814 1814 1812 1812 1862 1862 1862 1862 1812 1812 1863 1863 1812 1812 1827 1827 1863 1863 1844 1844 1854 1854 1845 1845 1854 1854 1855 1855 1845 1845 1845 1845 1855 1855 1847 1847 1855 1855 1856 1856 1847 1847 1847 1847 1856 1856 1849 1849 1856 1856 1857 1857 1849 1849 1849 1849 1857 1857 1851 1851 1857 1857 1858 1858 1851 1851 1851 1851 1858 1858 1843 1843 1858 1858 1859 1859 1843 1843 1843 1843 1859 1859 1841 1841 1859 1859 1860 1860 1841 1841 1841 1841 1860 1860 1839 1839 1860 1860 1861 1861 1839 1839 1839 1839 1861 1861 1837 1837 1861 1861 1862 1862 1837 1837 1837 1837 1862 1862 1835 1835 1862 1862 1863 1863 1835 1835 1863 1863 1827 1827 1833 1833 1827 1827 1826 1826 1833 1833 1833 1833 1826 1826 1832 1832 1826 1826 1825 1825 1832 1832 1832 1832 1825 1825 1830 1830 1825 1825 1824 1824 1830 1830 1830 1830 1824 1824 1828 1828 1824 1824 1804 1804 1828 1828 1828 1828 1804 1804 1790 1790 1804 1804 1791 1791 1790 1790 1864 1864 1865 1865 1088 1088 1088 1088 1087 1087 1864 1864 1087 1087 1086 1086 1864 1864 1864 1864 1086 1086 1866 1866 1086 1086 1085 1085 1866 1866 1085 1085 1084 1084 1866 1866 1866 1866 1084 1084 1867 1867 1084 1084 1083 1083 1867 1867 1867 1867 1083 1083 1868 1868 1080 1080 1869 1869 1870 1870 1083 1083 1082 1082 1868 1868 1082 1082 1081 1081 1868 1868 1868 1868 1081 1081 1870 1870 1081 1081 1080 1080 1870 1870 1871 1871 1872 1872 1873 1873 828 828 1871 1871 1079 1079 1871 1871 1873 1873 1079 1079 1079 1079 1873 1873 1078 1078 1873 1873 1869 1869 1078 1078 1078 1078 1869 1869 1080 1080 1874 1874 1094 1094 1875 1875 1094 1094 875 875 1875 1875 1095 1095 1094 1094 1781 1781 1094 1094 1874 1874 1781 1781 1781 1781 1874 1874 1780 1780 1874 1874 1778 1778 1780 1780 1875 1875 875 875 1903 1903 1903 1903 928 928 1833 1833 1833 1833 1093 1093 1876 1876 1876 1876 1093 1093 1877 1877 1093 1093 1092 1092 1877 1877 1092 1092 1091 1091 1877 1877 1877 1877 1091 1091 1878 1878 1091 1091 1090 1090 1878 1878 1878 1878 1090 1090 1865 1865 1090 1090 1089 1089 1865 1865 1865 1865 1089 1089 1088 1088 1879 1879 1880 1880 1881 1881 1880 1880 1882 1882 1881 1881 1881 1881 1882 1882 1883 1883 1882 1882 1884 1884 1883 1883 1883 1883 1884 1884 1885 1885 1884 1884 1886 1886 1885 1885 1885 1885 1886 1886 1887 1887 1886 1886 1888 1888 1887 1887 1887 1887 1888 1888 1889 1889 1888 1888 1890 1890 1889 1889 1889 1889 1890 1890 1891 1891 1890 1890 1892 1892 1891 1891 1891 1891 1892 1892 1893 1893 1892 1892 1894 1894 1893 1893 1893 1893 1894 1894 1895 1895 1894 1894 1896 1896 1895 1895 1895 1895 1896 1896 1897 1897 1896 1896 1898 1898 1897 1897 1897 1897 1898 1898 1899 1899 1898 1898 1900 1900 1899 1899 1899 1899 1900 1900 1901 1901 1900 1900 1902 1902 1901 1901 1901 1901 1902 1902 1833 1833 1903 1903 1905 1905 1904 1904 1904 1904 1905 1905 1906 1906 1905 1905 1907 1907 1906 1906 1906 1906 1907 1907 1785 1785 1907 1907 1786 1786 1785 1785 1872 1872 1879 1879 1873 1873 1879 1879 1881 1881 1873 1873 1873 1873 1881 1881 1869 1869 1881 1881 1883 1883 1869 1869 1869 1869 1883 1883 1870 1870 1883 1883 1885 1885 1870 1870 1870 1870 1885 1885 1868 1868 1885 1885 1887 1887 1868 1868 1868 1868 1887 1887 1867 1867 1887 1887 1889 1889 1867 1867 1867 1867 1889 1889 1866 1866 1889 1889 1891 1891 1866 1866 1866 1866 1891 1891 1864 1864 1891 1891 1893 1893 1864 1864 1864 1864 1893 1893 1865 1865 1893 1893 1895 1895 1865 1865 1865 1865 1895 1895 1878 1878 1895 1895 1897 1897 1878 1878 1878 1878 1897 1897 1877 1877 1897 1897 1899 1899 1877 1877 1877 1877 1899 1899 1876 1876 1899 1899 1901 1901 1876 1876 1876 1876 1901 1901 1833 1833 1903 1903 1904 1904 1875 1875 1875 1875 1904 1904 1874 1874 1904 1904 1906 1906 1874 1874 1874 1874 1906 1906 1778 1778 1906 1906 1785 1785 1778 1778 1880 1880 1799 1799 1882 1882 1799 1799 1801 1801 1882 1882 1882 1882 1801 1801 1884 1884 1801 1801 1846 1846 1884 1884 1884 1884 1846 1846 1886 1886 1846 1846 1848 1848 1886 1886 1886 1886 1848 1848 1888 1888 1848 1848 1850 1850 1888 1888 1888 1888 1850 1850 1890 1890 1850 1850 1852 1852 1890 1890 1890 1890 1852 1852 1892 1892 1852 1852 1853 1853 1892 1892 1892 1892 1853 1853 1894 1894 1853 1853 1842 1842 1894 1894 1894 1894 1842 1842 1896 1896 1842 1842 1840 1840 1896 1896 1896 1896 1840 1840 1898 1898 1840 1840 1838 1838 1898 1898 1898 1898 1838 1838 1900 1900 1838 1838 1836 1836 1900 1900 1900 1900 1836 1836 1902 1902 1836 1836 1834 1834 1902 1902 1902 1902 1834 1834 1833 1833 1903 1903 1831 1831 1905 1905 1905 1905 1831 1831 1907 1907 1831 1831 1829 1829 1907 1907 1907 1907 1829 1829 1786 1786 1829 1829 1788 1788 1786 1786 1908 1908 1909 1909 1910 1910 1910 1910 1909 1909 1913 1913 1913 1913 1909 1909 1339 1339 1800 1800 1799 1799 1914 1914 1799 1799 1880 1880 1914 1914 1914 1914 1880 1880 1340 1340 1880 1880 1879 1879 1340 1340 1340 1340 1879 1879 1915 1915 1914 1914 1340 1340 1800 1800 1340 1340 1916 1916 1800 1800 1800 1800 1916 1916 1844 1844 1916 1916 1917 1917 1844 1844 1802 1802 1854 1854 1917 1917 1917 1917 1854 1854 1844 1844 1340 1340 1912 1912 1916 1916 1916 1916 1912 1912 1917 1917 1910 1910 1918 1918 1908 1908 1918 1918 1919 1919 1908 1908 1908 1908 1919 1919 1920 1920 1919 1919 1921 1921 1920 1920 1920 1920 1921 1921 1912 1912 1921 1921 1922 1922 1912 1912 1922 1922 2000 2000 1912 1912 828 828 1341 1341 1871 1871 1341 1341 1915 1915 1871 1871 1871 1871 1915 1915 1872 1872 1915 1915 1879 1879 1872 1872 1915 1915 1341 1341 1340 1340 1339 1339 1909 1909 1340 1340 1909 1909 1908 1908 1340 1340 1340 1340 1908 1908 1912 1912 1908 1908 1920 1920 1912 1912 1925 1925 1158 1158 1930 1930 1097 1097 1932 1932 1924 1924 1150 1150 1148 1148 1925 1925 1097 1097 1924 1924 1144 1144 1624 1624 1623 1623 1928 1928 1623 1623 1622 1622 1928 1928 1928 1928 1622 1622 1599 1599 1929 1929 1588 1588 1927 1927 1927 1927 1588 1588 1602 1602 1602 1602 1588 1588 1587 1587 1928 1928 1599 1599 1929 1929 1599 1599 1592 1592 1929 1929 1929 1929 1592 1592 1588 1588 1588 1588 1592 1592 1590 1590 1929 1929 1927 1927 1925 1925 1064 1064 1614 1614 1923 1923 1923 1923 1628 1628 1156 1156 1930 1930 1628 1628 1929 1929 1155 1155 1156 1156 1930 1930 1156 1156 1628 1628 1930 1930 1144 1144 1924 1924 1931 1931 1926 1926 2013 2013 1924 1924 1925 1925 1932 1932 1150 1150 1932 1932 1152 1152 1150 1150 1932 1932 1925 1925 1924 1924 1614 1614 1612 1612 1923 1923 1612 1612 1628 1628 1923 1923 1628 1628 1627 1627 1929 1929 1627 1627 1626 1626 1929 1929 1626 1626 1625 1625 1929 1929 1930 1930 1929 1929 1925 1925 1929 1929 1625 1625 1928 1928 1928 1928 1625 1625 1624 1624 1927 1927 1924 1924 1925 1925 1925 1925 1148 1148 1146 1146 1996 1996 1933 1933 1934 1934 1934 1934 1933 1933 1936 1936 1937 1937 1939 1939 1938 1938 1938 1938 1939 1939 1940 1940 1940 1940 1939 1939 1941 1941 1941 1941 1939 1939 1943 1943 1943 1943 1939 1939 1944 1944 1939 1939 400 400 1944 1944 1945 1945 1946 1946 1947 1947 1947 1947 1946 1946 1948 1948 1947 1947 1949 1949 1945 1945 1949 1949 1950 1950 1945 1945 1945 1945 1950 1950 1951 1951 1950 1950 1952 1952 1951 1951 1951 1951 1952 1952 1953 1953 1952 1952 1954 1954 1953 1953 1953 1953 1954 1954 1955 1955 1954 1954 1956 1956 1955 1955 1933 1933 1957 1957 1936 1936 1957 1957 1958 1958 1936 1936 1936 1936 1958 1958 1959 1959 1958 1958 1960 1960 1959 1959 1959 1959 1960 1960 1961 1961 1961 1961 1960 1960 1962 1962 1962 1962 1960 1960 1963 1963 1960 1960 1964 1964 1963 1963 1963 1963 1964 1964 1965 1965 1964 1964 1956 1956 1965 1965 2949 2949 2537 2537 2948 2948 2537 2537 1966 1966 2948 2948 1966 1966 1967 1967 2948 2948 2948 2948 1967 1967 400 400 1967 1967 1968 1968 400 400 1968 1968 1969 1969 400 400 400 400 1969 1969 1944 1944 1970 1970 1971 1971 1972 1972 1971 1971 1948 1948 1972 1972 1972 1972 1948 1948 1946 1946 3041 3041 1974 1974 1973 1973 1973 1973 1974 1974 1975 1975 1975 1975 1974 1974 1976 1976 1976 1976 1974 1974 1977 1977 1977 1977 1974 1974 1978 1978 1974 1974 1979 1979 1978 1978 1978 1978 1979 1979 1980 1980 1980 1980 1979 1979 1981 1981 1981 1981 1979 1979 1982 1982 1982 1982 1979 1979 1983 1983 1979 1979 1984 1984 1983 1983 1983 1983 1984 1984 1985 1985 1985 1985 1984 1984 1986 1986 1984 1984 1987 1987 1986 1986 1986 1986 1987 1987 1988 1988 1987 1987 1989 1989 1988 1988 1988 1988 1989 1989 1990 1990 1990 1990 1989 1989 1991 1991 1991 1991 1989 1989 1992 1992 1989 1989 1993 1993 1992 1992 1992 1992 1993 1993 1994 1994 1994 1994 1993 1993 1995 1995 1993 1993 1996 1996 1995 1995 1995 1995 1996 1996 1997 1997 1997 1997 1996 1996 1998 1998 1998 1998 1996 1996 1999 1999 1996 1996 1934 1934 1999 1999 1922 1922 2003 2003 2000 2000 1921 1921 2001 2001 2002 2002 1921 1921 2002 2002 1922 1922 2002 2002 2003 2003 1922 1922 1921 1921 1919 1919 2001 2001 1919 1919 1918 1918 2001 2001 2001 2001 1918 1918 2208 2208 1339 1339 2004 2004 1913 1913 2004 2004 2005 2005 1913 1913 1913 1913 2005 2005 1910 1910 2208 2208 1918 1918 2052 2052 2052 2052 1918 1918 2006 2006 1918 1918 1910 1910 2006 2006 2006 2006 1910 1910 2007 2007 1910 1910 2005 2005 2007 2007 2009 2009 2010 2010 2011 2011 2011 2011 2008 2008 2009 2009 2011 2011 2012 2012 2008 2008 2012 2012 2029 2029 2008 2008 2013 2013 1926 1926 2014 2014 2014 2014 1926 1926 2016 2016 1121 1121 1124 1124 2015 2015 2015 2015 1128 1128 1130 1130 1130 1130 1129 1129 2016 2016 2016 2016 1133 1133 2014 2014 2014 2014 1137 1137 1139 1139 1931 1931 1924 1924 2014 2014 2016 2016 2015 2015 1130 1130 1103 1103 1102 1102 2017 2017 1102 1102 1113 1113 2017 2017 2018 2018 1105 1105 2017 2017 2023 2023 1108 1108 1110 1110 1125 1125 2019 2019 1119 1119 2019 2019 1120 1120 1119 1119 2020 2020 1099 1099 2021 2021 1099 1099 1120 1120 2021 2021 2022 2022 2023 2023 2024 2024 2023 2023 1116 1116 2024 2024 2024 2024 1116 1116 2020 2020 2020 2020 1116 1116 1099 1099 1120 1120 2019 2019 2021 2021 2021 2021 2019 2019 2020 2020 2019 2019 2025 2025 2020 2020 2020 2020 2025 2025 2024 2024 1105 1105 1103 1103 2017 2017 2017 2017 1113 1113 2023 2023 2026 2026 2027 2027 2018 2018 1110 1110 1116 1116 2023 2023 2023 2023 2022 2022 2017 2017 2022 2022 2028 2028 2017 2017 2017 2017 2028 2028 2018 2018 1125 1125 1121 1121 2019 2019 1121 1121 2015 2015 2019 2019 2019 2019 2015 2015 2025 2025 2015 2015 2030 2030 2025 2025 2025 2025 2030 2030 2024 2024 2030 2030 2031 2031 2024 2024 2024 2024 2031 2031 2022 2022 2031 2031 2012 2012 2022 2022 2022 2022 2012 2012 2028 2028 2012 2012 2011 2011 2028 2028 2028 2028 2011 2011 2018 2018 2011 2011 2010 2010 2018 2018 2018 2018 2010 2010 2026 2026 1924 1924 2013 2013 2014 2014 2012 2012 2031 2031 2029 2029 2029 2029 2031 2031 2015 2015 2031 2031 2030 2030 2015 2015 2014 2014 1139 1139 1931 1931 2032 2032 2033 2033 2034 2034 2033 2033 2035 2035 2034 2034 2036 2036 1161 1161 1164 1164 2008 2008 2034 2034 2009 2009 2034 2034 2035 2035 2009 2009 2009 2009 2035 2035 2010 2010 2032 2032 2034 2034 2475 2475 2034 2034 2008 2008 2475 2475 2010 2010 2035 2035 2026 2026 2035 2035 2036 2036 2026 2026 2026 2026 2036 2036 2027 2027 2036 2036 1164 1164 2027 2027 2027 2027 1164 1164 2018 2018 2045 2045 1161 1161 2038 2038 1161 1161 2036 2036 2038 2038 2038 2038 2036 2036 2039 2039 2036 2036 2035 2035 2039 2039 2039 2039 2035 2035 2040 2040 2035 2035 2033 2033 2040 2040 2041 2041 2032 2032 2037 2037 1189 1189 1187 1187 2047 2047 1194 1194 1192 1192 2047 2047 1198 1198 1196 1196 2048 2048 2032 2032 2041 2041 2033 2033 2051 2051 1181 1181 1180 1180 1173 1173 1170 1170 2044 2044 2050 2050 2044 2044 1166 1166 1166 1166 2044 2044 1168 1168 2043 2043 2046 2046 2041 2041 2046 2046 2040 2040 2041 2041 2041 2041 2040 2040 2033 2033 2049 2049 2379 2379 2048 2048 2379 2379 2049 2049 2047 2047 2047 2047 2049 2049 1194 1194 1196 1196 2049 2049 2048 2048 1173 1173 2043 2043 2037 2037 2043 2043 2041 2041 2037 2037 1180 1180 1173 1173 2042 2042 2050 2050 1173 1173 2044 2044 1173 1173 1176 1176 1174 1174 2039 2039 2045 2045 2038 2038 2039 2039 2040 2040 2045 2045 2040 2040 2046 2046 2045 2045 2045 2045 2046 2046 2050 2050 2046 2046 2043 2043 2050 2050 2050 2050 2043 2043 1173 1173 1173 1173 1180 1180 1176 1176 1180 1180 1178 1178 1176 1176 2042 2042 2047 2047 2051 2051 2051 2051 2047 2047 1184 1184 1192 1192 1189 1189 2047 2047 2047 2047 2042 2042 2379 2379 1180 1180 2042 2042 2051 2051 2006 2006 2007 2007 2052 2052 2052 2052 2007 2007 2054 2054 2005 2005 2053 2053 2007 2007 2053 2053 2054 2054 2007 2007 2005 2005 2004 2004 2053 2053 2004 2004 2242 2242 2053 2053 2057 2057 2058 2058 2059 2059 2059 2059 2058 2058 2060 2060 2061 2061 2062 2062 2055 2055 2063 2063 1287 1287 1286 1286 2237 2237 2243 2243 2064 2064 2064 2064 2243 2243 2063 2063 2065 2065 2066 2066 2067 2067 2066 2066 2068 2068 2067 2067 2067 2067 2068 2068 2069 2069 2068 2068 2070 2070 2069 2069 2069 2069 2070 2070 2071 2071 2070 2070 2072 2072 2071 2071 2071 2071 2072 2072 2073 2073 1309 1309 2333 2333 2056 2056 2056 2056 2333 2333 2055 2055 2074 2074 2075 2075 2060 2060 2075 2075 2076 2076 2060 2060 2060 2060 2076 2076 2059 2059 2076 2076 2062 2062 2059 2059 2059 2059 2062 2062 2057 2057 2062 2062 2061 2061 2057 2057 2074 2074 1308 1308 2075 2075 1308 1308 1309 1309 2075 2075 2075 2075 1309 1309 2076 2076 1309 1309 2056 2056 2076 2076 2076 2076 2056 2056 2062 2062 2056 2056 2055 2055 2062 2062 1323 1323 1325 1325 2074 2074 1325 1325 1307 1307 2074 2074 2074 2074 1307 1307 1308 1308 2063 2063 1286 1286 2064 2064 1286 1286 1331 1331 2064 2064 2064 2064 1331 1331 2077 2077 1331 1331 1330 1330 2077 2077 2077 2077 1330 1330 2074 2074 1330 1330 1320 1320 2074 2074 2074 2074 1320 1320 1323 1323 2237 2237 2064 2064 2073 2073 2073 2073 2064 2064 2071 2071 2064 2064 2077 2077 2071 2071 2071 2071 2077 2077 2069 2069 2077 2077 2074 2074 2069 2069 2069 2069 2074 2074 2067 2067 2074 2074 2060 2060 2067 2067 2067 2067 2060 2060 2065 2065 2060 2060 2058 2058 2065 2065 1290 1290 1289 1289 1288 1288 1288 1288 1287 1287 1290 1290 1287 1287 2078 2078 1290 1290 1290 1290 2078 2078 1292 1292 2078 2078 2242 2242 1292 1292 2242 2242 2004 2004 1292 1292 1292 1292 2004 2004 1282 1282 2004 2004 1339 1339 1282 1282 1282 1282 1339 1339 1277 1277 1277 1277 1339 1339 860 860 2079 2079 2080 2080 1343 1343 1343 1343 2080 2080 1039 1039 1039 1039 2080 2080 2081 2081 2084 2084 2085 2085 2086 2086 1438 1438 1375 1375 2087 2087 2088 2088 2089 2089 2087 2087 2127 2127 1438 1438 2090 2090 1438 1438 2087 2087 2090 2090 2090 2090 2087 2087 2091 2091 2087 2087 2089 2089 2091 2091 2092 2092 2093 2093 2094 2094 2087 2087 2095 2095 2088 2088 2095 2095 2094 2094 2088 2088 2088 2088 2094 2094 2096 2096 2094 2094 2093 2093 2096 2096 2097 2097 2098 2098 2084 2084 2098 2098 2099 2099 2084 2084 2084 2084 2099 2099 2085 2085 2094 2094 2100 2100 2092 2092 2100 2100 2098 2098 2092 2092 2092 2092 2098 2098 2101 2101 2098 2098 2097 2097 2101 2101 2102 2102 2103 2103 2086 2086 2103 2103 2104 2104 2086 2086 2104 2104 2105 2105 2086 2086 2105 2105 2106 2106 2086 2086 2086 2086 2106 2106 2084 2084 2102 2102 2107 2107 2103 2103 2107 2107 2108 2108 2103 2103 2103 2103 2108 2108 2109 2109 2108 2108 2110 2110 2109 2109 2109 2109 2110 2110 2111 2111 2111 2111 2110 2110 2112 2112 2110 2110 2113 2113 2112 2112 2112 2112 2113 2113 2114 2114 2113 2113 2115 2115 2114 2114 2115 2115 2116 2116 2114 2114 2114 2114 2116 2116 2117 2117 2117 2117 2116 2116 2118 2118 2116 2116 2119 2119 2118 2118 2118 2118 2119 2119 2120 2120 2121 2121 2083 2083 2122 2122 2083 2083 2123 2123 2122 2122 2119 2119 2124 2124 2120 2120 2124 2124 2122 2122 2120 2120 2120 2120 2122 2122 2123 2123 2121 2121 2081 2081 2125 2125 2121 2121 2125 2125 2083 2083 2125 2125 2126 2126 2083 2083 2083 2083 2126 2126 2082 2082 2123 2123 2083 2083 2082 2082 2127 2127 2090 2090 2128 2128 2090 2090 2091 2091 2128 2128 2128 2128 2091 2091 2129 2129 2091 2091 2089 2089 2129 2129 2129 2129 2089 2089 2130 2130 2130 2130 2089 2089 2131 2131 2089 2089 2088 2088 2131 2131 2131 2131 2088 2088 2132 2132 2088 2088 2096 2096 2132 2132 2132 2132 2096 2096 2133 2133 2096 2096 2093 2093 2133 2133 2133 2133 2093 2093 2134 2134 2134 2134 2093 2093 2135 2135 2093 2093 2092 2092 2135 2135 2135 2135 2092 2092 2136 2136 2092 2092 2101 2101 2136 2136 2136 2136 2101 2101 2137 2137 2101 2101 2138 2138 2137 2137 2137 2137 2138 2138 2139 2139 2138 2138 2084 2084 2139 2139 2139 2139 2084 2084 2140 2140 2084 2084 2106 2106 2140 2140 2106 2106 2105 2105 2140 2140 2140 2140 2105 2105 2141 2141 2105 2105 2142 2142 2141 2141 2114 2114 2117 2117 2112 2112 2117 2117 2143 2143 2112 2112 2112 2112 2143 2143 2111 2111 2105 2105 2104 2104 2142 2142 2104 2104 2103 2103 2142 2142 2142 2142 2103 2103 2144 2144 2103 2103 2109 2109 2144 2144 2144 2144 2109 2109 2111 2111 2117 2117 2118 2118 2145 2145 2118 2118 2120 2120 2145 2145 2145 2145 2120 2120 2123 2123 2145 2145 2123 2123 2146 2146 2146 2146 2123 2123 2082 2082 2117 2117 2145 2145 2147 2147 2147 2147 2145 2145 2148 2148 2145 2145 2146 2146 2148 2148 2117 2117 2147 2147 2143 2143 2147 2147 2149 2149 2143 2143 2143 2143 2149 2149 2150 2150 2144 2144 2111 2111 2150 2150 2150 2150 2111 2111 2143 2143 2150 2150 2151 2151 2144 2144 2151 2151 2152 2152 2144 2144 2144 2144 2152 2152 2142 2142 2152 2152 2153 2153 2142 2142 2142 2142 2153 2153 2141 2141 2153 2153 2140 2140 2141 2141 2153 2153 2154 2154 2140 2140 2154 2154 2155 2155 2140 2140 2140 2140 2155 2155 2139 2139 2155 2155 2156 2156 2139 2139 2139 2139 2156 2156 2137 2137 2137 2137 2156 2156 2136 2136 2156 2156 2157 2157 2136 2136 2136 2136 2157 2157 2135 2135 2135 2135 2157 2157 2134 2134 2157 2157 2158 2158 2134 2134 2134 2134 2158 2158 2133 2133 2158 2158 2159 2159 2133 2133 2133 2133 2159 2159 2132 2132 2159 2159 2160 2160 2132 2132 2132 2132 2160 2160 2131 2131 2131 2131 2160 2160 2130 2130 2160 2160 2161 2161 2130 2130 2130 2130 2161 2161 2129 2129 2161 2161 2162 2162 2129 2129 2129 2129 2162 2162 2128 2128 2162 2162 2262 2262 2128 2128 2128 2128 2262 2262 2127 2127 2163 2163 2164 2164 2165 2165 2166 2166 2079 2079 2167 2167 2282 2282 2166 2166 2164 2164 2166 2166 2167 2167 2164 2164 2164 2164 2167 2167 2165 2165 2163 2163 2165 2165 2168 2168 2168 2168 2169 2169 2170 2170 2171 2171 2170 2170 2169 2169 2171 2171 1798 1798 1797 1797 2171 2171 2169 2169 1782 1782 1782 1782 2169 2169 1796 1796 2169 2169 2168 2168 1796 1796 2168 2168 2165 2165 1796 1796 1796 1796 2165 2165 1795 1795 2165 2165 2167 2167 1795 1795 1795 1795 2167 2167 1794 1794 2167 2167 2079 2079 1794 1794 1794 1794 2079 2079 1343 1343 2181 2181 2180 2180 2174 2174 1729 1729 2175 2175 2176 2176 1507 1507 1729 1729 2176 2176 2172 2172 1497 1497 2173 2173 1490 1490 2176 2176 1499 1499 2176 2176 2175 2175 1499 1499 2175 2175 2173 2173 1498 1498 1501 1501 1507 1507 1502 1502 1507 1507 2176 2176 1502 1502 1502 1502 2176 2176 1503 1503 2177 2177 1492 1492 2178 2178 1492 1492 2181 2181 2178 2178 2181 2181 1493 1493 2180 2180 2179 2179 1496 1496 2172 2172 1494 1494 2179 2179 1495 1495 2174 2174 2182 2182 2181 2181 2181 2181 2182 2182 2178 2178 2182 2182 2183 2183 2178 2178 2178 2178 2183 2183 2177 2177 1495 1495 2172 2172 2180 2180 2180 2180 1491 1491 1495 1495 2179 2179 2172 2172 1495 1495 2173 2173 2175 2175 2172 2172 1515 1515 1516 1516 2184 2184 1516 1516 1492 1492 2184 2184 2188 2188 2185 2185 2186 2186 2185 2185 2187 2187 2186 2186 2187 2187 2174 2174 2186 2186 1492 1492 2177 2177 2184 2184 2177 2177 2183 2183 2184 2184 2184 2184 2183 2183 2187 2187 2183 2183 2182 2182 2187 2187 2187 2187 2182 2182 2174 2174 1514 1514 1515 1515 2189 2189 1515 1515 2184 2184 2189 2189 2189 2189 2184 2184 2190 2190 2184 2184 2187 2187 2190 2190 2190 2190 2187 2187 2191 2191 2187 2187 2185 2185 2191 2191 1533 1533 1534 1534 2201 2201 2202 2202 1536 1536 1535 1535 1538 1538 1537 1537 1536 1536 2192 2192 2193 2193 2200 2200 1521 1521 1520 1520 2194 2194 1526 1526 1525 1525 2197 2197 2185 2185 2188 2188 2195 2195 2185 2185 2195 2195 2191 2191 1529 1529 2201 2201 1530 1530 1529 1529 1528 1528 1527 1527 1521 1521 2194 2194 1522 1522 1522 1522 2194 2194 1523 1523 1523 1523 2194 2194 2196 2196 2194 2194 1520 1520 2196 2196 1525 1525 1524 1524 2197 2197 1524 1524 1523 1523 2197 2197 1523 1523 2196 2196 2197 2197 2197 2197 2196 2196 2192 2192 2196 2196 2198 2198 2192 2192 2192 2192 2198 2198 2193 2193 1517 1517 1519 1519 2199 2199 2199 2199 1519 1519 2189 2189 1519 1519 1518 1518 2189 2189 2189 2189 1518 1518 1514 1514 1539 1539 1538 1538 1766 1766 1538 1538 1536 1536 1766 1766 2202 2202 1531 1531 2201 2201 1533 1533 2201 2201 1532 1532 1527 1527 2200 2200 1529 1529 1531 1531 1532 1532 2201 2201 2203 2203 2195 2195 2188 2188 1520 1520 1517 1517 2196 2196 1517 1517 2199 2199 2196 2196 2196 2196 2199 2199 2198 2198 2199 2199 2204 2204 2198 2198 2198 2198 2204 2204 2193 2193 2204 2204 2203 2203 2193 2193 2193 2193 2203 2203 2200 2200 2203 2203 2201 2201 2200 2200 2189 2189 2190 2190 2199 2199 2190 2190 2191 2191 2199 2199 2199 2199 2191 2191 2204 2204 2191 2191 2195 2195 2204 2204 2204 2204 2195 2195 2203 2203 2201 2201 1529 1529 2200 2200 2192 2192 2200 2200 2197 2197 2200 2200 1527 1527 2197 2197 2197 2197 1527 1527 1526 1526 1698 1698 1699 1699 1811 1811 1817 1817 1634 1634 1642 1642 1817 1817 1586 1586 2375 2375 1811 1811 2464 2464 1729 1729 1912 1912 2000 2000 1911 1911 2000 2000 1926 1926 1911 1911 1926 1926 1924 1924 1911 1911 2375 2375 2379 2379 1817 1817 1699 1699 2464 2464 1811 1811 1729 1729 1712 1712 1811 1811 1779 1779 1770 1770 1784 1784 1634 1634 1817 1817 2205 2205 1817 1817 2379 2379 2205 2205 1642 1642 1666 1666 1813 1813 1666 1666 1665 1665 1813 1813 1813 1813 1665 1665 1811 1811 1665 1665 1679 1679 1811 1811 1811 1811 1679 1679 1698 1698 1586 1586 1817 1817 1584 1584 1770 1770 1536 1536 1784 1784 1536 1536 1797 1797 1784 1784 1924 1924 1927 1927 1911 1911 1911 1911 1927 1927 1912 1912 1927 1927 1602 1602 1912 1912 1912 1912 1602 1602 1917 1917 1602 1602 1582 1582 1917 1917 1917 1917 1582 1582 1823 1823 1582 1582 1584 1584 1823 1823 1823 1823 1584 1584 1817 1817 1712 1712 1713 1713 1811 1811 1811 1811 1713 1713 1807 1807 1713 1713 1732 1732 1807 1807 1807 1807 1732 1732 1793 1793 1732 1732 1734 1734 1793 1793 1793 1793 1734 1734 1779 1779 1734 1734 1736 1736 1779 1779 1736 1736 1765 1765 1779 1779 1765 1765 1770 1770 1779 1779 2206 2206 2208 2208 2054 2054 2053 2053 2242 2242 2207 2207 2208 2208 2052 2052 2054 2054 2206 2206 2054 2054 2207 2207 2207 2207 2054 2054 2053 2053 2379 2379 2409 2409 2205 2205 2210 2210 2403 2403 2409 2409 2211 2211 2403 2403 2210 2210 2209 2209 2216 2216 2212 2212 2216 2216 2468 2468 2212 2212 2212 2212 2468 2468 2213 2213 2000 2000 2016 2016 1926 1926 2015 2015 2214 2214 2029 2029 2008 2008 2029 2029 2214 2214 2037 2037 2032 2032 2475 2475 2409 2409 2042 2042 2210 2210 2379 2379 2042 2042 2409 2409 2016 2016 2000 2000 2214 2214 2214 2214 2015 2015 2016 2016 2008 2008 2373 2373 2215 2215 2475 2475 2217 2217 2037 2037 2042 2042 1173 1173 2210 2210 2210 2210 1173 1173 2037 2037 2216 2216 2210 2210 2217 2217 2217 2217 2210 2210 2037 2037 2215 2215 2475 2475 2008 2008 2008 2008 2214 2214 2373 2373 2219 2219 2218 2218 365 365 384 384 2220 2220 2221 2221 365 365 371 371 2219 2219 2219 2219 371 371 2222 2222 371 371 370 370 2222 2222 2222 2222 370 370 2221 2221 370 370 385 385 2221 2221 2221 2221 385 385 384 384 2223 2223 2218 2218 2224 2224 2065 2065 2058 2058 2225 2225 2218 2218 2219 2219 2224 2224 2219 2219 2226 2226 2224 2224 2224 2224 2226 2226 2227 2227 2226 2226 2228 2228 2227 2227 2227 2227 2228 2228 2229 2229 2228 2228 2230 2230 2229 2229 2072 2072 2070 2070 2231 2231 2070 2070 2230 2230 2231 2231 2231 2231 2230 2230 2232 2232 2230 2230 2228 2228 2232 2232 2233 2233 2234 2234 2235 2235 2234 2234 2236 2236 2235 2235 2235 2235 2236 2236 2073 2073 2236 2236 2237 2237 2073 2073 2469 2469 2238 2238 373 373 2238 2238 2239 2239 373 373 373 373 2239 2239 377 377 378 378 2240 2240 380 380 2240 2240 2241 2241 380 380 384 384 383 383 2220 2220 383 383 382 382 2220 2220 2220 2220 382 382 2241 2241 382 382 381 381 2241 2241 2241 2241 381 381 380 380 2238 2238 2233 2233 2239 2239 2233 2233 2235 2235 2239 2239 2239 2239 2235 2235 2231 2231 2235 2235 2073 2073 2231 2231 2231 2231 2073 2073 2072 2072 2058 2058 2057 2057 2225 2225 2057 2057 2061 2061 2225 2225 2225 2225 2061 2061 2223 2223 2061 2061 2055 2055 2223 2223 2070 2070 2068 2068 2230 2230 2068 2068 2066 2066 2230 2230 2230 2230 2066 2066 2229 2229 2066 2066 2065 2065 2229 2229 2229 2229 2065 2065 2227 2227 2065 2065 2225 2225 2227 2227 2227 2227 2225 2225 2224 2224 2225 2225 2223 2223 2224 2224 2219 2219 2222 2222 2226 2226 2222 2222 2221 2221 2226 2226 2226 2226 2221 2221 2228 2228 2221 2221 2220 2220 2228 2228 2228 2228 2220 2220 2232 2232 2220 2220 2241 2241 2232 2232 2232 2232 2241 2241 2231 2231 2241 2241 2240 2240 2231 2231 2231 2231 2240 2240 2239 2239 2240 2240 378 378 2239 2239 2239 2239 378 378 377 377 2243 2243 2242 2242 2063 2063 2063 2063 2242 2242 1287 1287 2242 2242 2078 2078 1287 1287 2244 2244 350 350 352 352 2245 2245 2246 2246 2247 2247 2248 2248 2247 2247 2263 2263 2154 2154 2153 2153 2249 2249 2250 2250 359 359 345 345 2251 2251 2158 2158 2157 2157 2156 2156 2155 2155 2252 2252 2155 2155 2253 2253 2252 2252 2252 2252 2253 2253 2254 2254 2255 2255 2161 2161 2160 2160 2161 2161 2255 2255 2162 2162 2256 2256 2257 2257 2251 2251 2257 2257 2159 2159 2251 2251 2251 2251 2159 2159 2158 2158 2258 2258 2259 2259 2253 2253 2254 2254 2260 2260 2248 2248 2254 2254 2253 2253 2260 2260 2253 2253 2259 2259 2260 2260 2260 2260 2259 2259 2261 2261 2262 2262 2255 2255 2256 2256 2256 2256 2255 2255 2257 2257 2255 2255 2160 2160 2257 2257 2257 2257 2160 2160 2159 2159 2162 2162 2255 2255 2262 2262 2263 2263 2264 2264 2266 2266 2263 2263 2247 2247 2264 2264 2247 2247 2246 2246 2264 2264 2264 2264 2246 2246 2250 2250 359 359 2250 2250 360 360 2250 2250 2246 2246 360 360 360 360 2246 2246 361 361 2246 2246 2245 2245 361 361 361 361 2245 2245 362 362 2245 2245 2265 2265 362 362 362 362 2265 2265 363 363 2264 2264 2250 2250 2266 2266 2250 2250 345 345 2266 2266 2266 2266 345 345 23 23 2267 2267 2268 2268 2269 2269 2268 2268 2244 2244 2269 2269 2248 2248 2260 2260 2247 2247 2260 2260 2261 2261 2247 2247 2247 2247 2261 2261 2245 2245 2261 2261 2259 2259 2245 2245 2245 2245 2259 2259 2265 2265 2259 2259 2258 2258 2265 2265 2265 2265 2258 2258 2270 2270 2258 2258 2271 2271 2270 2270 2270 2270 2271 2271 2272 2272 2271 2271 2273 2273 2272 2272 2272 2272 2273 2273 2269 2269 2273 2273 2274 2274 2269 2269 2269 2269 2274 2274 2267 2267 2277 2277 2278 2278 2274 2274 2274 2274 2278 2278 2267 2267 2146 2146 2275 2275 2148 2148 2275 2275 2276 2276 2148 2148 2148 2148 2276 2276 2147 2147 2276 2276 2279 2279 2147 2147 2147 2147 2279 2279 2149 2149 2249 2249 2153 2153 2280 2280 2153 2153 2152 2152 2280 2280 2280 2280 2152 2152 2281 2281 2152 2152 2151 2151 2281 2281 2281 2281 2151 2151 2279 2279 2151 2151 2150 2150 2279 2279 2279 2279 2150 2150 2149 2149 2263 2263 2262 2262 2248 2248 2262 2262 2256 2256 2248 2248 2248 2248 2256 2256 2254 2254 2256 2256 2251 2251 2254 2254 2254 2254 2251 2251 2252 2252 2251 2251 2157 2157 2252 2252 2252 2252 2157 2157 2156 2156 2244 2244 352 352 2269 2269 352 352 353 353 2269 2269 2269 2269 353 353 2272 2272 353 353 357 357 2272 2272 2272 2272 357 357 2270 2270 357 357 356 356 2270 2270 2270 2270 356 356 2265 2265 356 356 364 364 2265 2265 2265 2265 364 364 363 363 2275 2275 2277 2277 2276 2276 2277 2277 2274 2274 2276 2276 2276 2276 2274 2274 2279 2279 2274 2274 2273 2273 2279 2279 2279 2279 2273 2273 2281 2281 2273 2273 2271 2271 2281 2281 2281 2281 2271 2271 2280 2280 2271 2271 2258 2258 2280 2280 2280 2280 2258 2258 2249 2249 2258 2258 2253 2253 2249 2249 2249 2249 2253 2253 2154 2154 2253 2253 2155 2155 2154 2154 2163 2163 2168 2168 2170 2170 2282 2282 2164 2164 2163 2163 2163 2163 2170 2170 2282 2282 2170 2170 2490 2490 2282 2282 2284 2284 2490 2490 2285 2285 2490 2490 2170 2170 2285 2285 2171 2171 2283 2283 2285 2285 1797 1797 2283 2283 2171 2171 2171 2171 2285 2285 2170 2170 2284 2284 2285 2285 2283 2283 2464 2464 2175 2175 1729 1729 2175 2175 2464 2464 2467 2467 2172 2172 2175 2175 2467 2467 2188 2188 2201 2201 2203 2203 1536 1536 2202 2202 1797 1797 2286 2286 2287 2287 2288 2288 2288 2288 2287 2287 2468 2468 2468 2468 2287 2287 2213 2213 2288 2288 2467 2467 2457 2457 2284 2284 2283 2283 2188 2188 2283 2283 1797 1797 2201 2201 2201 2201 1797 1797 2202 2202 2288 2288 2174 2174 2467 2467 2174 2174 2180 2180 2467 2467 2467 2467 2180 2180 2172 2172 2186 2186 2174 2174 2289 2289 2188 2188 2283 2283 2201 2201 1277 1277 860 860 1278 1278 860 860 2290 2290 1278 1278 1278 1278 2290 2290 1271 1271 2290 2290 858 858 1271 1271 1271 1271 858 858 1272 1272 858 858 857 857 1272 1272 1272 1272 857 857 1274 1274 857 857 1266 1266 1274 1274 1266 1266 857 857 1270 1270 857 857 855 855 1270 1270 1270 1270 855 855 1269 1269 855 855 853 853 1269 1269 1269 1269 853 853 1260 1260 853 853 851 851 1260 1260 1260 1260 851 851 1261 1261 1261 1261 851 851 1263 1263 851 851 2291 2291 1263 1263 1263 1263 2291 2291 1236 1236 2291 2291 848 848 1236 1236 1236 1236 848 848 1257 1257 848 848 846 846 1257 1257 1257 1257 846 846 1258 1258 1258 1258 846 846 1259 1259 846 846 844 844 1259 1259 1259 1259 844 844 1237 1237 1237 1237 844 844 1253 1253 844 844 843 843 1253 1253 1253 1253 843 843 1251 1251 1251 1251 843 843 1249 1249 843 843 822 822 1249 1249 1249 1249 822 822 1239 1239 1239 1239 822 822 1240 1240 822 822 820 820 1240 1240 1240 1240 820 820 1242 1242 820 820 818 818 1242 1242 1242 1242 818 818 1244 1244 818 818 817 817 1244 1244 1244 1244 817 817 1246 1246 330 330 211 211 35 35 25 25 317 317 337 337 338 338 313 313 29 29 2292 2292 39 39 365 365 10 10 1224 1224 19 19 1224 1224 1223 1223 19 19 19 19 1223 1223 1233 1233 2125 2125 2081 2081 2080 2080 2282 2282 2080 2080 2166 2166 2166 2166 2080 2080 2079 2079 2082 2082 2126 2126 2282 2282 2126 2126 2125 2125 2282 2282 2125 2125 2080 2080 2282 2282 2082 2082 2282 2282 2146 2146 1383 1383 1358 1358 2296 2296 2307 2307 2297 2297 2294 2294 1426 1426 2298 2298 1410 1410 2298 2298 2321 2321 1410 1410 1410 1410 2321 2321 1362 1362 2321 2321 1423 1423 1362 1362 1162 1162 1165 1165 1352 1352 1172 1172 1352 1352 1169 1169 1169 1169 1352 1352 1167 1167 1352 1352 1165 1165 1167 1167 1162 1162 1352 1352 2299 2299 2299 2299 1352 1352 1383 1383 1383 1383 1352 1352 1350 1350 2318 2318 1163 1163 2299 2299 1163 1163 1162 1162 2299 2299 1107 1107 1106 1106 2319 2319 1106 1106 1112 1112 2319 2319 2319 2319 1112 1112 1111 1111 1111 1111 1104 1104 2319 2319 1104 1104 1101 1101 2319 2319 2319 2319 1101 1101 2318 2318 1118 1118 1100 1100 2300 2300 1100 1100 1117 1117 2300 2300 1117 1117 1115 1115 2300 2300 1115 1115 1114 1114 2300 2300 2300 2300 1114 1114 1109 1109 2312 2312 1122 1122 1118 1118 2301 2301 2302 2302 2303 2303 2303 2303 2302 2302 1134 1134 1134 1134 1135 1135 2303 2303 1135 1135 1131 1131 2303 2303 2303 2303 1131 1131 1132 1132 1132 1132 1127 1127 2303 2303 1127 1127 1126 1126 2303 2303 2303 2303 1126 1126 1123 1123 1140 1140 1400 1400 1141 1141 1400 1400 1143 1143 1141 1141 1140 1140 1138 1138 1400 1400 1138 1138 1136 1136 1400 1400 1400 1400 1136 1136 2302 2302 2301 2301 2304 2304 1293 1293 1293 1293 1245 1245 2301 2301 1245 1245 1246 1246 2301 2301 2301 2301 1246 1246 2302 2302 2302 2302 1246 1246 1400 1400 2335 2335 2295 2295 1220 1220 2294 2294 2326 2326 2306 2306 2307 2307 2294 2294 2306 2306 2322 2322 1221 1221 1222 1222 2312 2312 2319 2319 2317 2317 2317 2317 2314 2314 2312 2312 2312 2312 1220 1220 2295 2295 2309 2309 1229 1229 2308 2308 1229 1229 2313 2313 2308 2308 2308 2308 2313 2313 2316 2316 2313 2313 2305 2305 2316 2316 2316 2316 2305 2305 2317 2317 2311 2311 2293 2293 2296 2296 2293 2293 2311 2311 2310 2310 2296 2296 2293 2293 1383 1383 1383 1383 2293 2293 2299 2299 2301 2301 2303 2303 2295 2295 2295 2295 2303 2303 2312 2312 2303 2303 1123 1123 2312 2312 2312 2312 1123 1123 1122 1122 2304 2304 2301 2301 2295 2295 2312 2312 1118 1118 2300 2300 2312 2312 2300 2300 2319 2319 2319 2319 2300 2300 1107 1107 2300 2300 1109 1109 1107 1107 2293 2293 2308 2308 2299 2299 2308 2308 2316 2316 2299 2299 2299 2299 2316 2316 2318 2318 2295 2295 2335 2335 2304 2304 1360 1360 1371 1371 2320 2320 1423 1423 2321 2321 2320 2320 2127 2127 2297 2297 2307 2307 2322 2322 2324 2324 1221 1221 1221 1221 2324 2324 2298 2298 2298 2298 1426 1426 1427 1427 1427 1427 2127 2127 2298 2298 2127 2127 2307 2307 2298 2298 2307 2307 2306 2306 2298 2298 2298 2298 2306 2306 1221 1221 1220 1220 2312 2312 2314 2314 2309 2309 2310 2310 1228 1228 1228 1228 2310 2310 2315 2315 2310 2310 2311 2311 2315 2315 2311 2311 2323 2323 2315 2315 2315 2315 2323 2323 2322 2322 2323 2323 2324 2324 2322 2322 2298 2298 2324 2324 2321 2321 2324 2324 2323 2323 2321 2321 2321 2321 2323 2323 2320 2320 2323 2323 2296 2296 2320 2320 1358 1358 1360 1360 2296 2296 1360 1360 2320 2320 2296 2296 2296 2296 2323 2323 2311 2311 2310 2310 2309 2309 2293 2293 2293 2293 2309 2309 2308 2308 2316 2316 2317 2317 2318 2318 2318 2318 2317 2317 2319 2319 2263 2263 2266 2266 2262 2262 20 20 2326 2326 2294 2294 20 20 2329 2329 2327 2327 2327 2327 2329 2329 2325 2325 2262 2262 2297 2297 2127 2127 2262 2262 2266 2266 2328 2328 2325 2325 2329 2329 2328 2328 2328 2328 2329 2329 2262 2262 2294 2294 2329 2329 20 20 2329 2329 2297 2297 2262 2262 2294 2294 2297 2297 2329 2329 723 723 592 592 722 722 592 592 2331 2331 722 722 734 734 733 733 2330 2330 734 734 2330 2330 616 616 592 592 607 607 2331 2331 607 607 606 606 2331 2331 2331 2331 606 606 2332 2332 606 606 612 612 2332 2332 2332 2332 612 612 2330 2330 612 612 614 614 2330 2330 2330 2330 614 614 616 616 2334 2334 2055 2055 2333 2333 0 0 2292 2292 2334 2334 2334 2334 2292 2292 2055 2055 2334 2334 2336 2336 591 591 2334 2334 591 591 0 0 365 365 2218 2218 2292 2292 2292 2292 2218 2218 2055 2055 2218 2218 2223 2223 2055 2055 2333 2333 2336 2336 2334 2334 2335 2335 1313 1313 1283 1283 2333 2333 1313 1313 2335 2335 2335 2335 1283 1283 2304 2304 2335 2335 1220 1220 2336 2336 2333 2333 2335 2335 2336 2336 775 775 774 774 674 674 674 674 774 774 653 653 765 765 757 757 669 669 669 669 670 670 765 765 765 765 670 670 766 766 670 670 767 767 766 766 670 670 660 660 767 767 660 660 671 671 767 767 767 767 671 671 768 768 671 671 770 770 768 768 671 671 659 659 770 770 659 659 672 672 770 770 770 770 672 672 771 771 771 771 672 672 772 772 672 672 654 654 772 772 654 654 652 652 772 772 772 772 652 652 773 773 773 773 652 652 774 774 652 652 653 653 774 774 673 673 663 663 776 776 775 775 674 674 776 776 674 674 673 673 776 776 665 665 778 778 663 663 778 778 777 777 663 663 663 663 777 777 776 776 639 639 668 668 2484 2484 2484 2484 780 780 639 639 780 780 779 779 639 639 639 639 779 779 666 666 779 779 778 778 666 666 666 666 778 778 665 665 684 684 683 683 2339 2339 2342 2342 2343 2343 2358 2358 2345 2345 2346 2346 2344 2344 684 684 2339 2339 2345 2345 2339 2339 2347 2347 2345 2345 2345 2345 2347 2347 2340 2340 691 691 2345 2345 696 696 699 699 2338 2338 2348 2348 695 695 696 696 2338 2338 696 696 2345 2345 2338 2338 632 632 631 631 633 633 633 633 631 631 634 634 712 712 631 631 2349 2349 716 716 713 713 712 712 2337 2337 2349 2349 609 609 609 609 2349 2349 610 610 2350 2350 680 680 716 716 631 631 617 617 2349 2349 2349 2349 617 617 610 610 2341 2341 2338 2338 2351 2351 2341 2341 634 634 2338 2338 634 634 712 712 2338 2338 622 622 603 603 2341 2341 2341 2341 603 603 601 601 2352 2352 2353 2353 2354 2354 2351 2351 2338 2338 2355 2355 2338 2338 2356 2356 2355 2355 2343 2343 2357 2357 2358 2358 2352 2352 2354 2354 2351 2351 2356 2356 2338 2338 2358 2358 2358 2358 2338 2338 2342 2342 2338 2338 2344 2344 2342 2342 2344 2344 2338 2338 2345 2345 716 716 712 712 2350 2350 712 712 2349 2349 2350 2350 2350 2350 2349 2349 2337 2337 2337 2337 609 609 593 593 718 718 2350 2350 719 719 2350 2350 2337 2337 719 719 719 719 2337 2337 677 677 677 677 2337 2337 723 723 2337 2337 593 593 723 723 706 706 681 681 2348 2348 681 681 703 703 2348 2348 2348 2348 703 703 702 702 2341 2341 604 604 634 634 634 634 631 631 712 712 2338 2338 712 712 706 706 712 712 709 709 706 706 2348 2348 2338 2338 706 706 2359 2359 2360 2360 2361 2361 2359 2359 2361 2361 781 781 781 781 2361 2361 783 783 2361 2361 2362 2362 783 783 783 783 2362 2362 784 784 2362 2362 2363 2363 784 784 784 784 2363 2363 785 785 786 786 2364 2364 787 787 2364 2364 2365 2365 787 787 787 787 2365 2365 788 788 2365 2365 2366 2366 788 788 792 792 791 791 2367 2367 791 791 790 790 2367 2367 2367 2367 790 790 2368 2368 790 790 789 789 2368 2368 794 794 2369 2369 795 795 2369 2369 2370 2370 795 795 800 800 798 798 2371 2371 798 798 797 797 2371 2371 2371 2371 797 797 2370 2370 797 797 796 796 2370 2370 2370 2370 796 796 795 795 761 761 800 800 763 763 800 800 2371 2371 763 763 763 763 2371 2371 762 762 2371 2371 2339 2339 762 762 762 762 2339 2339 683 683 2357 2357 2368 2368 2366 2366 2368 2368 789 789 2366 2366 2366 2366 789 789 788 788 2364 2364 2355 2355 2365 2365 2355 2355 2356 2356 2365 2365 2365 2365 2356 2356 2366 2366 2356 2356 2358 2358 2366 2366 2366 2366 2358 2358 2357 2357 2352 2352 2351 2351 2364 2364 2364 2364 2351 2351 2355 2355 786 786 785 785 2364 2364 785 785 2363 2363 2364 2364 2364 2364 2363 2363 2352 2352 2363 2363 2362 2362 2352 2352 2352 2352 2362 2362 2353 2353 2362 2362 2361 2361 2353 2353 2353 2353 2361 2361 2354 2354 2360 2360 2372 2372 2361 2361 2361 2361 2372 2372 2354 2354 2345 2345 2340 2340 2370 2370 2370 2370 2340 2340 2371 2371 2340 2340 2347 2347 2371 2371 2371 2371 2347 2347 2339 2339 2345 2345 2370 2370 2346 2346 2370 2370 2369 2369 2346 2346 2346 2346 2369 2369 2344 2344 2342 2342 2344 2344 2369 2369 794 794 792 792 2369 2369 792 792 2367 2367 2369 2369 2369 2369 2367 2367 2342 2342 2367 2367 2368 2368 2342 2342 2342 2342 2368 2368 2343 2343 2368 2368 2357 2357 2343 2343 2002 2002 2374 2374 2003 2003 2373 2373 2214 2214 2374 2374 2208 2208 2374 2374 2001 2001 2002 2002 2001 2001 2374 2374 2208 2208 2206 2206 2374 2374 2374 2374 2206 2206 2473 2473 2000 2000 2003 2003 2214 2214 2003 2003 2374 2374 2214 2214 2374 2374 2473 2473 2373 2373 1209 1209 1207 1207 1215 1215 2375 2375 1586 1586 2376 2376 1595 1595 2377 2377 1593 1593 2377 2377 1597 1597 1593 1593 1604 1604 1603 1603 1598 1598 1604 1604 1598 1598 2378 2378 2378 2378 2376 2376 1601 1601 1586 1586 1585 1585 2376 2376 1585 1585 1601 1601 2376 2376 2375 2375 2376 2376 2379 2379 2379 2379 2376 2376 2378 2378 2379 2379 2378 2378 1215 1215 2048 2048 2381 2381 1200 1200 1200 1200 2381 2381 1202 1202 2381 2381 2380 2380 1204 1204 2379 2379 1215 1215 2381 2381 2381 2381 1215 1215 2380 2380 1609 1609 1066 1066 1219 1219 1609 1609 1219 1219 1610 1610 1219 1219 2382 2382 1610 1610 2378 2378 1214 1214 1215 1215 1219 1219 1217 1217 2382 2382 1217 1217 2378 2378 2382 2382 1595 1595 1621 1621 2377 2377 1621 1621 1620 1620 2377 2377 2377 2377 1620 1620 2382 2382 1620 1620 1618 1618 2382 2382 1598 1598 1597 1597 2378 2378 1597 1597 2377 2377 2378 2378 2377 2377 2382 2382 2378 2378 1618 1618 1608 1608 2382 2382 2381 2381 2048 2048 2379 2379 1600 1600 1604 1604 1601 1601 1601 1601 1604 1604 2378 2378 1215 1215 1207 1207 2380 2380 1651 1651 1646 1646 1377 1377 1644 1644 1657 1657 1434 1434 2436 2436 1379 1379 2384 2384 1379 1379 1378 1378 2384 2384 2384 2384 1378 1378 2385 2385 1378 1378 1368 1368 2385 2385 1351 1351 2390 2390 1367 1367 2390 2390 2386 2386 1367 1367 1367 1367 2386 2386 1368 1368 2386 2386 2414 2414 1368 1368 1368 1368 2414 2414 2385 2385 1349 1349 2387 2387 1351 1351 2387 2387 2388 2388 1351 1351 2388 2388 2389 2389 1351 1351 2389 2389 2390 2390 1351 1351 1349 1349 1355 1355 2387 2387 2387 2387 1355 1355 2391 2391 1355 1355 2392 2392 2391 2391 1355 1355 1353 1353 2392 2392 1353 1353 1354 1354 2392 2392 2392 2392 1354 1354 2393 2393 1354 1354 2394 2394 2393 2393 2408 2408 1394 1394 2395 2395 1354 1354 1395 1395 2394 2394 1395 1395 1394 1394 2394 2394 2394 2394 1394 1394 2408 2408 1418 1418 1454 1454 2396 2396 1418 1418 2396 2396 1419 1419 2396 2396 2405 2405 1419 1419 1394 1394 1393 1393 2395 2395 1393 1393 1419 1419 2395 2395 2395 2395 1419 1419 2405 2405 1445 1445 2383 2383 1454 1454 2383 2383 2397 2397 1454 1454 1454 1454 2397 2397 2396 2396 1445 1445 1444 1444 2409 2409 1445 1445 2409 2409 2383 2383 1453 1453 1452 1452 2398 2398 1453 1453 2398 2398 1443 1443 2398 2398 2399 2399 1443 1443 1443 1443 2399 2399 1444 1444 2399 2399 2409 2409 1444 1444 1434 1434 1657 1657 1432 1432 1657 1657 1656 1656 1432 1432 1432 1432 1656 1656 1433 1433 1656 1656 1630 1630 1433 1433 1630 1630 1629 1629 1433 1433 1433 1433 1629 1629 1449 1449 1629 1629 1658 1658 1449 1449 1449 1449 1658 1658 1450 1450 1658 1658 1654 1654 1450 1450 1450 1450 1654 1654 1451 1451 1654 1654 1655 1655 1451 1451 1451 1451 1655 1655 1452 1452 1655 1655 2205 2205 1452 1452 1452 1452 2205 2205 2398 2398 1633 1633 1420 1420 1645 1645 1420 1420 1366 1366 1645 1645 1645 1645 1366 1366 1646 1646 1366 1366 1365 1365 1646 1646 1646 1646 1365 1365 1377 1377 1420 1420 1633 1633 1399 1399 1633 1633 1632 1632 1399 1399 1399 1399 1632 1632 1434 1434 1632 1632 1644 1644 1434 1434 1377 1377 1071 1071 1651 1651 1651 1651 1071 1071 1072 1072 2392 2392 2393 2393 2400 2400 2409 2409 2399 2399 2398 2398 2401 2401 2211 2211 2402 2402 2403 2403 2211 2211 2404 2404 2211 2211 2401 2401 2404 2404 2211 2211 2210 2210 2402 2402 2402 2402 2210 2210 2216 2216 2405 2405 2409 2409 2403 2403 2406 2406 2407 2407 2408 2408 2408 2408 2407 2407 2394 2394 2408 2408 2395 2395 2405 2405 2405 2405 2396 2396 2397 2397 2397 2397 2383 2383 2409 2409 2398 2398 2205 2205 2409 2409 2384 2384 2410 2410 2411 2411 2414 2414 2386 2386 2412 2412 2386 2386 2390 2390 2412 2412 2412 2412 2390 2390 2413 2413 2436 2436 2416 2416 2417 2417 2416 2416 2415 2415 2417 2417 2417 2417 2415 2415 2418 2418 2436 2436 2384 2384 2416 2416 2384 2384 2411 2411 2416 2416 2416 2416 2411 2411 2415 2415 2411 2411 2410 2410 2415 2415 2415 2415 2410 2410 2414 2414 2410 2410 2384 2384 2414 2414 2414 2414 2384 2384 2385 2385 2415 2415 2414 2414 2419 2419 2420 2420 2391 2391 2392 2392 2390 2390 2389 2389 2413 2413 2413 2413 2389 2389 2421 2421 2389 2389 2388 2388 2421 2421 2421 2421 2388 2388 2420 2420 2388 2388 2387 2387 2420 2420 2420 2420 2387 2387 2391 2391 2392 2392 2400 2400 2420 2420 2400 2400 2422 2422 2420 2420 2420 2420 2422 2422 2421 2421 2422 2422 2423 2423 2421 2421 2421 2421 2423 2423 2413 2413 2423 2423 2419 2419 2413 2413 2413 2413 2419 2419 2412 2412 2419 2419 2414 2414 2412 2412 2216 2216 2424 2424 2402 2402 2424 2424 2425 2425 2402 2402 2402 2402 2425 2425 2401 2401 2425 2425 2426 2426 2401 2401 2401 2401 2426 2426 2427 2427 2428 2428 2415 2415 2429 2429 2415 2415 2419 2419 2429 2429 2429 2429 2419 2419 2430 2430 2419 2419 2423 2423 2430 2430 2430 2430 2423 2423 2431 2431 2423 2423 2422 2422 2431 2431 2431 2431 2422 2422 2406 2406 2422 2422 2400 2400 2406 2406 2406 2406 2400 2400 2407 2407 2400 2400 2393 2393 2407 2407 2407 2407 2393 2393 2394 2394 2427 2427 2428 2428 2401 2401 2428 2428 2429 2429 2401 2401 2401 2401 2429 2429 2404 2404 2429 2429 2430 2430 2404 2404 2404 2404 2430 2430 2432 2432 2430 2430 2431 2431 2432 2432 2432 2432 2431 2431 2433 2433 2431 2431 2406 2406 2433 2433 2433 2433 2406 2406 2408 2408 2397 2397 2409 2409 2405 2405 2404 2404 2432 2432 2403 2403 2403 2403 2432 2432 2405 2405 2432 2432 2433 2433 2405 2405 2433 2433 2408 2408 2405 2405 1550 1550 2417 2417 2434 2434 2417 2417 2418 2418 2434 2434 2434 2434 2418 2418 2435 2435 1550 1550 1551 1551 2417 2417 1551 1551 2436 2436 2417 2417 2437 2437 2438 2438 2439 2439 2213 2213 2437 2437 2212 2212 2437 2437 2439 2439 2212 2212 2212 2212 2439 2439 2209 2209 2426 2426 2425 2425 2424 2424 2216 2216 2209 2209 2424 2424 2209 2209 2439 2439 2424 2424 2424 2424 2439 2439 2426 2426 2418 2418 2415 2415 2435 2435 2415 2415 2428 2428 2435 2435 2435 2435 2428 2428 2440 2440 2428 2428 2427 2427 2440 2440 2440 2440 2427 2427 2441 2441 2427 2427 2426 2426 2441 2441 2441 2441 2426 2426 2442 2442 2426 2426 2439 2439 2442 2442 2442 2442 2439 2439 2443 2443 2439 2439 2438 2438 2443 2443 2444 2444 2445 2445 2446 2446 1549 1549 1550 1550 2434 2434 1548 1548 1549 1549 2447 2447 1549 1549 2434 2434 2447 2447 2447 2447 2434 2434 2448 2448 2434 2434 2435 2435 2448 2448 2442 2442 2443 2443 2449 2449 2443 2443 2438 2438 2449 2449 2449 2449 2438 2438 2450 2450 2286 2286 2449 2449 2287 2287 2449 2449 2450 2450 2287 2287 2287 2287 2450 2450 2213 2213 2435 2435 2451 2451 2448 2448 2451 2451 2441 2441 2448 2448 2448 2448 2441 2441 2452 2452 2441 2441 2442 2442 2452 2452 2452 2452 2442 2442 2446 2446 2442 2442 2449 2449 2446 2446 2446 2446 2449 2449 2444 2444 2449 2449 2286 2286 2444 2444 2444 2444 2286 2286 2288 2288 1569 1569 2466 2466 1570 1570 2466 2466 2464 2464 1570 1570 2454 2454 2455 2455 2457 2457 2457 2457 2455 2455 2456 2456 2460 2460 1558 1558 1559 1559 2459 2459 2460 2460 1557 1557 2459 2459 1556 1556 2458 2458 2458 2458 1556 1556 1555 1555 2461 2461 2462 2462 2463 2463 2448 2448 1548 1548 2447 2447 1567 1567 1566 1566 1564 1564 1560 1560 1558 1558 1561 1561 1558 1558 2453 2453 1561 1561 1562 1562 2453 2453 1563 1563 1563 1563 2453 2453 1564 1564 2466 2466 2465 2465 2464 2464 1564 1564 2467 2467 2465 2465 2465 2465 2467 2467 2464 2464 1568 1568 1567 1567 2465 2465 1567 1567 1564 1564 2465 2465 2456 2456 2444 2444 2288 2288 2456 2456 2288 2288 2457 2457 2467 2467 2460 2460 2457 2457 2460 2460 2463 2463 2457 2457 2457 2457 2463 2463 2454 2454 2463 2463 2462 2462 2454 2454 2454 2454 2462 2462 2455 2455 2462 2462 2446 2446 2455 2455 2455 2455 2446 2446 2456 2456 2446 2446 2445 2445 2456 2456 2456 2456 2445 2445 2444 2444 1566 1566 1565 1565 1564 1564 1564 1564 2453 2453 2467 2467 2453 2453 1558 1558 2467 2467 1558 1558 2460 2460 2467 2467 2460 2460 2459 2459 2463 2463 2463 2463 2459 2459 2461 2461 2459 2459 2458 2458 2461 2461 1554 1554 1553 1553 2458 2458 2458 2458 1553 1553 2461 2461 1553 1553 1548 1548 2461 2461 1548 1548 2448 2448 2461 2461 2461 2461 2448 2448 2462 2462 2448 2448 2452 2452 2462 2462 2462 2462 2452 2452 2446 2446 1375 1375 1023 1023 2087 2087 1023 1023 1025 1025 2087 2087 2087 2087 1025 1025 2095 2095 1025 1025 1027 1027 2095 2095 2095 2095 1027 1027 2094 2094 2094 2094 1027 1027 2100 2100 1027 1027 1029 1029 2100 2100 2100 2100 1029 1029 2098 2098 1056 1056 1055 1055 2102 2102 1029 1029 1030 1030 2098 2098 1030 1030 1058 1058 2098 2098 2098 2098 1058 1058 2099 2099 1058 1058 1057 1057 2099 2099 2099 2099 1057 1057 2085 2085 1057 1057 1056 1056 2085 2085 2085 2085 1056 1056 2086 2086 1056 1056 2102 2102 2086 2086 1011 1011 2110 2110 1054 1054 2110 2110 2108 2108 1054 1054 1054 1054 2108 2108 1055 1055 2108 2108 2107 2107 1055 1055 1055 1055 2107 2107 2102 2102 2124 2124 2119 2119 1010 1010 2119 2119 2116 2116 1010 1010 2116 2116 2115 2115 1010 1010 1010 1010 2115 2115 1011 1011 2115 2115 2113 2113 1011 1011 1011 1011 2113 2113 2110 2110 2121 2121 1041 1041 2081 2081 1041 1041 1039 1039 2081 2081 1010 1010 1040 1040 2124 2124 1040 1040 1041 1041 2124 2124 2124 2124 1041 1041 2122 2122 1041 1041 2121 2121 2122 2122 2326 2326 20 20 21 21 20 20 2327 2327 2325 2325 20 20 2325 2325 2328 2328 23 23 2328 2328 2266 2266 303 303 2511 2511 376 376 2511 2511 2469 2469 376 376 376 376 2469 2469 374 374 2469 2469 2471 2471 2238 2238 2238 2238 2471 2471 2233 2233 2233 2233 2471 2471 2234 2234 2234 2234 2471 2471 2236 2236 2471 2471 2479 2479 2236 2236 2236 2236 2479 2479 2237 2237 2479 2479 2243 2243 2237 2237 2479 2479 2242 2242 2243 2243 2473 2473 2206 2206 2472 2472 2474 2474 2215 2215 2373 2373 2475 2475 2215 2215 2474 2474 552 552 2468 2468 582 582 2468 2468 2216 2216 582 582 582 582 2216 2216 588 588 2216 2216 2476 2476 588 588 2474 2474 586 586 392 392 2474 2474 392 392 2476 2476 587 587 586 586 2474 2474 2472 2472 589 589 587 587 585 585 589 589 2472 2472 2479 2479 585 585 2472 2472 2479 2479 2477 2477 585 585 2470 2470 583 583 2478 2478 2216 2216 2217 2217 2476 2476 2217 2217 2475 2475 2476 2476 2476 2476 2475 2475 2474 2474 2474 2474 2373 2373 587 587 587 587 2373 2373 2472 2472 2373 2373 2473 2473 2472 2472 2477 2477 2479 2479 2478 2478 2479 2479 2471 2471 2478 2478 2478 2478 2471 2471 2470 2470 2471 2471 2469 2469 2470 2470 2470 2470 2469 2469 2511 2511 2206 2206 2207 2207 2472 2472 2472 2472 2207 2207 2479 2479 2207 2207 2242 2242 2479 2479 2360 2360 2359 2359 537 537 537 537 2359 2359 781 781 537 537 2496 2496 2482 2482 622 622 2341 2341 2483 2483 2341 2341 2351 2351 2482 2482 2482 2482 2351 2351 2354 2354 2354 2354 2372 2372 2482 2482 2482 2482 2372 2372 537 537 2372 2372 2360 2360 537 537 625 625 624 624 2490 2490 624 624 627 627 2490 2490 627 627 626 626 2490 2490 2490 2490 626 626 2483 2483 626 626 623 623 2483 2483 2483 2483 623 623 622 622 668 668 640 640 2484 2484 2484 2484 640 640 2485 2485 640 640 630 630 2485 2485 780 780 2484 2484 561 561 2486 2486 557 557 2484 2484 2484 2484 557 557 561 561 2489 2489 406 406 2488 2488 406 406 2481 2481 2488 2488 552 552 551 551 2489 2489 551 551 549 549 2489 2489 2489 2489 2468 2468 552 552 2488 2488 2174 2174 2288 2288 2289 2289 2174 2174 2488 2488 2487 2487 2186 2186 2289 2289 2486 2486 2188 2188 2487 2487 2188 2188 2186 2186 2487 2487 2284 2284 2188 2188 2486 2486 2490 2490 2284 2284 2485 2485 2485 2485 2284 2284 2484 2484 2490 2490 2485 2485 625 625 625 625 2485 2485 630 630 2275 2275 2146 2146 2491 2491 2146 2146 2282 2282 2491 2491 2278 2278 2277 2277 2492 2492 2492 2492 2277 2277 2491 2491 2277 2277 2275 2275 2491 2491 2278 2278 2492 2492 2267 2267 2492 2492 2493 2493 2267 2267 2267 2267 2493 2493 2268 2268 355 355 351 351 2480 2480 351 351 350 350 2480 2480 2480 2480 350 350 2493 2493 350 350 2244 2244 2493 2493 2493 2493 2244 2244 2268 2268 355 355 2480 2480 354 354 2480 2480 2494 2494 354 354 354 354 2494 2494 230 230 2495 2495 2497 2497 526 526 539 539 526 526 2497 2497 2497 2497 2496 2496 539 539 2497 2497 2491 2491 2496 2496 2496 2496 2491 2491 2482 2482 2491 2491 2483 2483 2482 2482 2482 2482 2483 2483 2341 2341 2468 2468 2489 2489 2288 2288 2288 2288 2489 2489 2488 2488 2488 2488 2481 2481 2289 2289 2289 2289 2481 2481 2487 2487 2284 2284 2486 2486 2484 2484 2494 2494 2480 2480 2495 2495 2495 2495 2480 2480 2497 2497 2480 2480 2493 2493 2497 2497 2493 2493 2492 2492 2497 2497 2497 2497 2492 2492 2491 2491 2491 2491 2282 2282 2483 2483 2483 2483 2282 2282 2490 2490 46 46 2518 2518 66 66 66 66 2518 2518 231 231 232 232 231 231 233 233 233 233 231 231 2518 2518 235 235 234 234 233 233 238 238 237 237 2498 2498 237 237 85 85 2498 2498 2498 2498 85 85 235 235 85 85 236 236 235 235 238 238 2498 2498 336 336 2498 2498 2526 2526 336 336 336 336 2526 2526 239 239 242 242 240 240 2526 2526 2526 2526 240 240 239 239 248 248 244 244 2499 2499 2499 2499 244 244 2526 2526 244 244 243 243 2526 2526 2526 2526 243 243 242 242 248 248 2499 2499 249 249 249 249 2499 2499 250 250 252 252 251 251 2500 2500 2500 2500 251 251 2499 2499 251 251 250 250 2499 2499 253 253 255 255 2501 2501 2501 2501 255 255 2500 2500 255 255 256 256 2500 2500 256 256 252 252 2500 2500 261 261 260 260 2502 2502 2502 2502 260 260 2501 2501 260 260 259 259 2501 2501 2501 2501 259 259 253 253 261 261 2502 2502 262 262 2502 2502 2503 2503 262 262 262 262 2503 2503 263 263 2504 2504 265 265 2503 2503 265 265 264 264 2503 2503 2503 2503 264 264 263 263 267 267 266 266 2504 2504 2504 2504 266 266 265 265 2504 2504 2505 2505 268 268 268 268 2505 2505 269 269 270 270 269 269 2505 2505 275 275 274 274 2505 2505 274 274 273 273 2505 2505 2505 2505 273 273 270 270 271 271 275 275 276 276 276 276 275 275 277 277 2506 2506 278 278 275 275 278 278 277 277 275 275 280 280 279 279 2506 2506 2506 2506 279 279 278 278 2506 2506 2507 2507 281 281 281 281 2507 2507 282 282 2507 2507 287 287 282 282 282 282 287 287 283 283 286 286 285 285 287 287 285 285 284 284 287 287 287 287 284 284 283 283 290 290 289 289 2508 2508 289 289 288 288 2508 2508 288 288 287 287 2508 2508 290 290 2508 2508 291 291 2508 2508 2519 2519 291 291 291 291 2519 2519 292 292 296 296 297 297 2519 2519 297 297 293 293 2519 2519 293 293 292 292 2519 2519 296 296 2519 2519 295 295 2519 2519 2509 2509 295 295 295 295 2509 2509 294 294 300 300 299 299 2510 2510 299 299 298 298 2510 2510 2510 2510 298 298 2509 2509 298 298 294 294 2509 2509 2511 2511 303 303 302 302 2511 2511 302 302 2510 2510 302 302 301 301 2510 2510 2510 2510 301 301 300 300 533 533 2470 2470 525 525 2470 2470 2509 2509 525 525 583 583 2470 2470 533 533 2512 2512 525 525 2509 2509 2514 2514 482 482 497 497 482 482 485 485 497 497 2514 2514 2524 2524 520 520 531 531 520 520 2524 2524 2524 2524 2515 2515 531 531 477 477 513 513 2515 2515 2515 2515 513 513 531 531 2515 2515 2525 2525 477 477 498 498 477 477 2525 2525 2525 2525 529 529 498 498 529 529 2516 2516 532 532 527 527 532 532 2516 2516 527 527 2516 2516 528 528 2516 2516 2517 2517 528 528 2527 2527 528 528 2517 2517 2495 2495 511 511 2527 2527 511 511 2495 2495 526 526 2518 2518 46 46 2494 2494 2494 2494 46 46 230 230 2511 2511 2510 2510 2509 2509 2508 2508 287 287 2520 2520 287 287 2507 2507 2520 2520 2520 2520 2507 2507 2521 2521 2507 2507 2506 2506 2521 2521 2506 2506 275 275 2521 2521 2521 2521 275 275 2505 2505 2505 2505 2504 2504 2522 2522 2522 2522 2504 2504 2523 2523 2504 2504 2503 2503 2523 2523 2523 2523 2503 2503 2524 2524 2503 2503 2502 2502 2524 2524 2502 2502 2501 2501 2524 2524 2524 2524 2501 2501 2500 2500 2500 2500 2499 2499 2525 2525 2525 2525 2499 2499 2526 2526 2526 2526 2498 2498 2516 2516 2516 2516 2498 2498 2517 2517 2498 2498 235 235 2517 2517 235 235 233 233 2517 2517 2517 2517 233 233 2527 2527 2527 2527 233 233 2518 2518 2470 2470 2511 2511 2509 2509 2509 2509 2519 2519 2512 2512 2512 2512 2519 2519 2513 2513 2519 2519 2508 2508 2513 2513 2513 2513 2508 2508 524 524 2508 2508 2520 2520 524 524 524 524 2520 2520 514 514 2520 2520 2521 2521 514 514 514 514 2521 2521 496 496 2521 2521 2505 2505 496 496 496 496 2505 2505 497 497 2505 2505 2522 2522 497 497 497 497 2522 2522 2514 2514 2522 2522 2523 2523 2514 2514 2514 2514 2523 2523 2524 2524 2524 2524 2500 2500 2515 2515 2515 2515 2500 2500 2525 2525 2525 2525 2526 2526 529 529 529 529 2526 2526 2516 2516 2527 2527 2518 2518 2495 2495 2495 2495 2518 2518 2494 2494 782 782 538 538 781 781 538 538 537 537 781 781 782 782 793 793 538 538 793 793 799 799 538 538 538 538 799 799 540 540 799 799 764 764 540 540 540 540 764 764 563 563 764 764 769 769 563 563 769 769 780 780 563 563 563 563 780 780 561 561 571 571 408 408 407 407 414 414 540 540 412 412 540 540 563 563 412 412 412 412 563 563 407 407 563 563 562 562 407 407 407 407 562 562 571 571 2528 2528 1937 1937 1938 1938 2531 2531 2532 2532 2538 2538 2533 2533 2531 2531 2538 2538 2534 2534 2533 2533 2538 2538 2535 2535 2534 2534 2538 2538 2536 2536 2535 2535 2537 2537 2949 2949 2536 2536 2537 2537 2539 2539 2540 2540 2541 2541 2538 2538 2542 2542 2541 2541 2541 2541 2542 2542 2539 2539 2543 2543 2544 2544 2545 2545 2544 2544 2540 2540 2545 2545 2540 2540 2539 2539 2545 2545 2544 2544 2543 2543 2546 2546 2547 2547 2548 2548 2550 2550 2548 2548 2549 2549 2550 2550 2543 2543 2550 2550 2546 2546 2546 2546 2550 2550 2549 2549 2548 2548 2547 2547 2551 2551 2551 2551 2547 2547 2552 2552 2552 2552 2547 2547 2529 2529 2538 2538 2553 2553 2554 2554 2553 2553 2555 2555 2554 2554 2554 2554 2555 2555 2556 2556 2555 2555 2557 2557 2556 2556 2556 2556 2557 2557 2558 2558 2557 2557 2559 2559 2558 2558 2558 2558 2559 2559 2560 2560 2559 2559 2561 2561 2560 2560 2560 2560 2561 2561 2562 2562 2561 2561 2563 2563 2562 2562 2562 2562 2563 2563 2564 2564 2563 2563 2565 2565 2564 2564 2564 2564 2565 2565 2566 2566 2565 2565 2567 2567 2566 2566 2566 2566 2567 2567 2568 2568 2567 2567 2569 2569 2568 2568 2568 2568 2569 2569 2570 2570 2535 2535 2538 2538 2537 2537 2538 2538 2554 2554 2537 2537 2537 2537 2554 2554 2571 2571 2554 2554 2556 2556 2571 2571 2571 2571 2556 2556 2572 2572 2556 2556 2558 2558 2572 2572 2572 2572 2558 2558 2573 2573 2558 2558 2560 2560 2573 2573 2573 2573 2560 2560 2574 2574 2560 2560 2562 2562 2574 2574 2574 2574 2562 2562 2575 2575 2562 2562 2564 2564 2575 2575 2575 2575 2564 2564 2576 2576 2564 2564 2566 2566 2576 2576 2576 2576 2566 2566 2577 2577 2566 2566 2568 2568 2577 2577 2577 2577 2568 2568 2578 2578 2568 2568 2570 2570 2578 2578 2578 2578 2570 2570 2579 2579 2537 2537 2580 2580 1966 1966 2580 2580 2581 2581 1966 1966 1966 1966 2581 2581 1967 1967 2581 2581 2582 2582 1967 1967 1967 1967 2582 2582 1968 1968 2582 2582 2583 2583 1968 1968 1968 1968 2583 2583 1969 1969 2583 2583 2584 2584 1969 1969 1969 1969 2584 2584 1944 1944 2584 2584 2585 2585 1944 1944 1944 1944 2585 2585 1943 1943 2585 2585 2586 2586 1943 1943 1943 1943 2586 2586 1941 1941 2586 2586 2587 2587 1941 1941 1941 1941 2587 2587 1940 1940 2587 2587 2588 2588 1940 1940 1940 1940 2588 2588 1938 1938 2588 2588 2589 2589 1938 1938 1938 1938 2589 2589 2528 2528 2529 2529 2530 2530 2552 2552 2530 2530 2590 2590 2552 2552 2552 2552 2590 2590 2591 2591 2538 2538 2541 2541 2553 2553 2553 2553 2541 2541 2555 2555 2541 2541 2540 2540 2555 2555 2555 2555 2540 2540 2557 2557 2540 2540 2544 2544 2557 2557 2557 2557 2544 2544 2559 2559 2544 2544 2546 2546 2559 2559 2559 2559 2546 2546 2561 2561 2546 2546 2549 2549 2561 2561 2561 2561 2549 2549 2563 2563 2549 2549 2548 2548 2563 2563 2563 2563 2548 2548 2565 2565 2548 2548 2551 2551 2565 2565 2565 2565 2551 2551 2567 2567 2551 2551 2552 2552 2567 2567 2567 2567 2552 2552 2569 2569 2552 2552 2591 2591 2569 2569 2569 2569 2591 2591 2570 2570 2591 2591 2592 2592 2570 2570 2570 2570 2592 2592 2579 2579 2592 2592 2593 2593 2579 2579 2579 2579 2593 2593 2594 2594 2537 2537 2571 2571 2580 2580 2571 2571 2572 2572 2580 2580 2580 2580 2572 2572 2581 2581 2572 2572 2573 2573 2581 2581 2581 2581 2573 2573 2582 2582 2573 2573 2574 2574 2582 2582 2582 2582 2574 2574 2583 2583 2574 2574 2575 2575 2583 2583 2583 2583 2575 2575 2584 2584 2575 2575 2576 2576 2584 2584 2584 2584 2576 2576 2585 2585 2576 2576 2577 2577 2585 2585 2585 2585 2577 2577 2586 2586 2577 2577 2578 2578 2586 2586 2586 2586 2578 2578 2587 2587 2578 2578 2579 2579 2587 2587 2587 2587 2579 2579 2588 2588 2579 2579 2594 2594 2588 2588 2588 2588 2594 2594 2589 2589 2595 2595 2596 2596 2597 2597 2598 2598 2599 2599 2600 2600 2601 2601 2602 2602 2603 2603 2602 2602 2604 2604 2603 2603 2597 2597 2596 2596 1942 1942 2597 2597 2605 2605 2595 2595 2605 2605 2606 2606 2595 2595 2595 2595 2606 2606 2607 2607 2606 2606 2608 2608 2607 2607 2607 2607 2608 2608 2609 2609 2608 2608 2610 2610 2609 2609 2609 2609 2610 2610 2602 2602 2610 2610 2611 2611 2602 2602 2602 2602 2611 2611 2604 2604 2949 2949 1942 1942 2612 2612 1942 1942 2596 2596 2612 2612 2612 2612 2596 2596 2613 2613 2596 2596 2595 2595 2613 2613 2613 2613 2595 2595 2614 2614 2595 2595 2607 2607 2614 2614 2614 2614 2607 2607 2615 2615 2607 2607 2609 2609 2615 2615 2615 2615 2609 2609 2600 2600 2609 2609 2602 2602 2600 2600 2600 2600 2602 2602 2598 2598 2602 2602 2601 2601 2598 2598 2949 2949 2612 2612 2536 2536 2536 2536 2612 2612 2535 2535 2612 2612 2613 2613 2535 2535 2535 2535 2613 2613 2534 2534 2613 2613 2614 2614 2534 2534 2534 2534 2614 2614 2533 2533 2614 2614 2615 2615 2533 2533 2533 2533 2615 2615 2531 2531 2615 2615 2600 2600 2531 2531 2531 2531 2600 2600 2532 2532 2600 2600 2599 2599 2532 2532 2616 2616 2622 2622 3028 3028 2617 2617 2618 2618 2619 2619 2619 2619 2620 2620 2617 2617 2620 2620 2621 2621 2617 2617 2617 2617 2621 2621 2616 2616 2621 2621 2622 2622 2616 2616 2623 2623 2624 2624 2625 2625 2625 2625 2626 2626 2623 2623 2626 2626 2627 2627 2623 2623 2623 2623 2627 2627 2618 2618 2627 2627 2628 2628 2618 2618 2618 2618 2628 2628 2619 2619 2625 2625 2624 2624 2629 2629 2629 2629 2624 2624 2630 2630 2624 2624 2631 2631 2630 2630 2632 2632 2633 2633 2634 2634 2636 2636 2635 2635 2637 2637 2638 2638 2639 2639 2640 2640 2639 2639 2641 2641 2640 2640 2529 2529 2638 2638 2530 2530 2638 2638 2640 2640 2530 2530 2530 2530 2640 2640 2590 2590 2640 2640 2642 2642 2590 2590 2590 2590 2642 2642 2591 2591 1937 1937 2528 2528 2643 2643 2643 2643 2528 2528 2644 2644 2528 2528 2589 2589 2644 2644 2589 2589 2594 2594 2644 2644 2644 2644 2594 2594 2645 2645 2594 2594 2593 2593 2645 2645 2645 2645 2593 2593 2642 2642 2593 2593 2592 2592 2642 2642 2642 2642 2592 2592 2591 2591 2641 2641 2637 2637 2640 2640 2637 2637 2635 2635 2640 2640 2640 2640 2635 2635 2642 2642 2635 2635 2646 2646 2642 2642 2642 2642 2646 2646 2645 2645 2646 2646 2647 2647 2645 2645 2645 2645 2647 2647 2644 2644 2647 2647 2648 2648 2644 2644 2644 2644 2648 2648 2643 2643 2648 2648 2649 2649 2643 2643 2643 2643 2649 2649 1937 1937 2649 2649 3028 3028 1937 1937 2636 2636 2632 2632 2635 2635 2632 2632 2634 2634 2635 2635 2635 2635 2634 2634 2646 2646 2634 2634 2650 2650 2646 2646 2646 2646 2650 2650 2647 2647 2650 2650 2651 2651 2647 2647 2647 2647 2651 2651 2648 2648 2651 2651 2652 2652 2648 2648 2648 2648 2652 2652 2649 2649 2652 2652 2653 2653 2649 2649 2649 2649 2653 2653 3028 3028 2633 2633 2631 2631 2634 2634 2631 2631 2624 2624 2634 2634 2634 2634 2624 2624 2650 2650 2624 2624 2623 2623 2650 2650 2650 2650 2623 2623 2651 2651 2623 2623 2618 2618 2651 2651 2651 2651 2618 2618 2652 2652 2618 2618 2617 2617 2652 2652 2652 2652 2617 2617 2653 2653 2617 2617 2616 2616 2653 2653 2653 2653 2616 2616 3028 3028 2608 2608 2606 2606 2654 2654 1975 1975 2655 2655 2656 2656 2657 2657 2658 2658 2659 2659 2658 2658 2660 2660 2659 2659 2659 2659 2660 2660 2661 2661 2661 2661 2660 2660 2662 2662 2660 2660 2663 2663 2662 2662 2662 2662 2663 2663 2664 2664 2664 2664 2663 2663 2665 2665 2663 2663 2666 2666 2665 2665 2665 2665 2666 2666 2667 2667 2667 2667 2666 2666 2668 2668 2666 2666 2669 2669 2668 2668 2668 2668 2669 2669 2670 2670 2670 2670 2669 2669 2671 2671 2669 2669 2672 2672 2671 2671 2671 2671 2672 2672 2673 2673 2673 2673 2672 2672 2674 2674 2672 2672 2675 2675 2674 2674 2674 2674 2675 2675 2676 2676 2676 2676 2675 2675 2677 2677 2675 2675 2678 2678 2677 2677 2677 2677 2678 2678 2680 2680 2678 2678 2679 2679 2680 2680 2681 2681 2682 2682 2683 2683 2684 2684 2685 2685 2686 2686 2685 2685 2684 2684 2687 2687 2688 2688 2689 2689 2690 2690 1975 1975 2656 2656 1973 1973 2656 2656 2691 2691 1973 1973 1973 1973 2691 2691 3041 3041 2691 2691 2692 2692 3041 3041 2692 2692 2693 2693 3041 3041 3041 3041 2693 2693 2950 2950 2693 2693 2694 2694 2950 2950 2694 2694 2695 2695 2950 2950 2695 2695 2696 2696 2950 2950 2950 2950 2696 2696 389 389 2696 2696 1942 1942 389 389 2697 2697 2605 2605 2597 2597 2605 2605 2697 2697 2606 2606 2611 2611 2610 2610 2698 2698 2610 2610 2608 2608 2698 2698 2657 2657 2603 2603 2658 2658 2603 2603 2604 2604 2658 2658 2658 2658 2604 2604 2611 2611 2611 2611 2698 2698 2658 2658 2698 2698 2699 2699 2658 2658 2658 2658 2699 2699 2660 2660 2699 2699 2700 2700 2660 2660 2660 2660 2700 2700 2663 2663 2700 2700 2701 2701 2663 2663 2663 2663 2701 2701 2666 2666 2701 2701 2702 2702 2666 2666 2666 2666 2702 2702 2669 2669 2702 2702 2703 2703 2669 2669 2669 2669 2703 2703 2672 2672 2703 2703 2704 2704 2672 2672 2672 2672 2704 2704 2675 2675 2704 2704 2681 2681 2675 2675 2675 2675 2681 2681 2678 2678 2681 2681 2683 2683 2678 2678 2678 2678 2683 2683 2679 2679 2608 2608 2654 2654 2698 2698 2654 2654 2705 2705 2698 2698 2698 2698 2705 2705 2699 2699 2705 2705 2706 2706 2699 2699 2699 2699 2706 2706 2700 2700 2706 2706 2707 2707 2700 2700 2700 2700 2707 2707 2701 2701 2707 2707 2708 2708 2701 2701 2701 2701 2708 2708 2702 2702 2708 2708 2709 2709 2702 2702 2702 2702 2709 2709 2703 2703 2709 2709 2710 2710 2703 2703 2703 2703 2710 2710 2704 2704 2710 2710 2684 2684 2704 2704 2704 2704 2684 2684 2681 2681 2684 2684 2686 2686 2681 2681 2681 2681 2686 2686 2682 2682 2606 2606 2697 2697 2654 2654 2697 2697 2711 2711 2654 2654 2654 2654 2711 2711 2705 2705 2711 2711 2712 2712 2705 2705 2705 2705 2712 2712 2706 2706 2712 2712 2713 2713 2706 2706 2706 2706 2713 2713 2707 2707 2713 2713 2714 2714 2707 2707 2707 2707 2714 2714 2708 2708 2714 2714 2715 2715 2708 2708 2708 2708 2715 2715 2709 2709 2715 2715 2716 2716 2709 2709 2709 2709 2716 2716 2710 2710 2716 2716 2690 2690 2710 2710 2710 2710 2690 2690 2684 2684 2690 2690 2689 2689 2684 2684 2684 2684 2689 2689 2687 2687 2597 2597 1942 1942 2697 2697 1942 1942 2696 2696 2697 2697 2697 2697 2696 2696 2711 2711 2696 2696 2695 2695 2711 2711 2711 2711 2695 2695 2712 2712 2695 2695 2694 2694 2712 2712 2712 2712 2694 2694 2713 2713 2694 2694 2693 2693 2713 2713 2713 2713 2693 2693 2714 2714 2693 2693 2692 2692 2714 2714 2714 2714 2692 2692 2715 2715 2692 2692 2691 2691 2715 2715 2715 2715 2691 2691 2716 2716 2691 2691 2656 2656 2716 2716 2716 2716 2656 2656 2690 2690 2656 2656 2655 2655 2690 2690 2690 2690 2655 2655 2688 2688 2621 2621 2620 2620 2718 2718 2625 2625 2629 2629 2719 2719 2627 2627 2626 2626 2720 2720 2627 2627 2720 2720 2628 2628 2619 2619 2628 2628 2721 2721 2622 2622 2621 2621 2722 2722 2723 2723 2720 2720 2724 2724 2724 2724 2720 2720 2719 2719 2720 2720 2626 2626 2719 2719 2719 2719 2626 2626 2625 2625 2724 2724 2725 2725 2723 2723 2723 2723 2725 2725 2726 2726 2727 2727 2728 2728 2729 2729 2728 2728 2730 2730 2729 2729 2726 2726 2725 2725 2730 2730 2731 2731 2732 2732 2733 2733 2732 2732 2728 2728 2733 2733 2733 2733 2728 2728 2727 2727 2731 2731 2734 2734 2732 2732 2732 2732 2734 2734 2735 2735 2736 2736 2737 2737 2738 2738 2737 2737 2739 2739 2738 2738 2735 2735 2734 2734 2739 2739 2736 2736 2740 2740 2737 2737 2737 2737 2740 2740 2741 2741 2740 2740 2742 2742 2741 2741 2742 2742 2743 2743 2741 2741 2741 2741 2743 2743 2744 2744 2743 2743 2745 2745 2744 2744 2745 2745 2746 2746 2747 2747 2748 2748 2749 2749 2750 2750 2749 2749 2747 2747 2750 2750 2750 2750 2747 2747 2751 2751 2747 2747 2746 2746 2751 2751 2748 2748 2752 2752 2749 2749 2749 2749 2752 2752 2753 2753 2754 2754 2755 2755 2756 2756 2752 2752 2757 2757 2753 2753 2753 2753 2757 2757 2756 2756 2756 2756 2757 2757 2754 2754 2758 2758 2759 2759 2760 2760 2759 2759 2755 2755 2760 2760 2760 2760 2755 2755 2761 2761 2755 2755 2754 2754 2761 2761 2758 2758 2762 2762 2759 2759 2762 2762 2763 2763 2759 2759 2759 2759 2763 2763 2764 2764 2765 2765 2766 2766 2767 2767 2766 2766 2768 2768 2767 2767 2764 2764 2763 2763 2768 2768 2765 2765 2769 2769 2766 2766 2766 2766 2769 2769 2770 2770 2771 2771 2772 2772 2773 2773 2772 2772 2770 2770 2773 2773 2773 2773 2770 2770 2774 2774 2770 2770 2769 2769 2774 2774 2775 2775 2776 2776 2777 2777 2776 2776 2771 2771 2777 2777 2775 2775 2778 2778 2776 2776 2776 2776 2778 2778 2779 2779 2778 2778 2780 2780 2779 2779 2780 2780 2781 2781 2779 2779 2779 2779 2781 2781 2717 2717 2781 2781 2782 2782 2717 2717 2782 2782 2783 2783 2784 2784 2785 2785 2786 2786 2787 2787 2786 2786 2784 2784 2787 2787 2787 2787 2784 2784 2783 2783 2785 2785 2788 2788 2786 2786 2786 2786 2788 2788 2789 2789 2790 2790 2791 2791 2792 2792 2788 2788 2793 2793 2789 2789 2789 2789 2793 2793 2792 2792 2792 2792 2793 2793 2790 2790 2794 2794 2795 2795 2796 2796 2795 2795 2791 2791 2796 2796 2796 2796 2791 2791 2797 2797 2791 2791 2790 2790 2797 2797 2798 2798 2799 2799 2802 2802 2799 2799 2800 2800 2802 2802 2794 2794 2801 2801 2795 2795 2795 2795 2801 2801 2800 2800 2801 2801 2802 2802 2800 2800 2621 2621 2718 2718 2722 2722 2718 2718 2803 2803 2722 2722 2722 2722 2803 2803 2804 2804 2803 2803 2805 2805 2804 2804 2804 2804 2805 2805 1970 1970 2805 2805 2806 2806 1970 1970 1970 1970 2806 2806 2807 2807 2806 2806 2808 2808 2807 2807 2807 2807 2808 2808 2809 2809 2808 2808 2810 2810 2809 2809 2809 2809 2810 2810 2811 2811 2810 2810 2812 2812 2811 2811 2811 2811 2812 2812 2813 2813 2812 2812 2814 2814 2813 2813 2813 2813 2814 2814 2815 2815 2814 2814 2816 2816 2815 2815 2815 2815 2816 2816 2817 2817 2816 2816 2818 2818 2817 2817 2817 2817 2818 2818 2819 2819 2818 2818 2820 2820 2819 2819 2819 2819 2820 2820 2821 2821 2820 2820 2822 2822 2821 2821 2821 2821 2822 2822 2823 2823 2822 2822 2824 2824 2823 2823 2823 2823 2824 2824 2825 2825 2824 2824 2826 2826 2825 2825 2825 2825 2826 2826 2827 2827 2826 2826 2828 2828 2827 2827 2827 2827 2828 2828 2829 2829 2828 2828 2830 2830 2829 2829 2829 2829 2830 2830 2831 2831 2830 2830 2832 2832 2831 2831 2831 2831 2832 2832 2833 2833 2832 2832 2834 2834 2833 2833 2833 2833 2834 2834 2835 2835 2834 2834 2836 2836 2835 2835 2835 2835 2836 2836 2837 2837 2836 2836 2838 2838 2837 2837 2837 2837 2838 2838 2839 2839 2838 2838 2840 2840 2839 2839 2839 2839 2840 2840 2841 2841 2840 2840 2842 2842 2841 2841 2841 2841 2842 2842 2843 2843 2842 2842 2844 2844 2843 2843 2843 2843 2844 2844 2845 2845 2844 2844 2846 2846 2845 2845 2845 2845 2846 2846 2847 2847 2846 2846 2848 2848 2847 2847 2847 2847 2848 2848 2849 2849 2848 2848 2850 2850 2849 2849 2849 2849 2850 2850 2851 2851 2850 2850 2852 2852 2851 2851 2851 2851 2852 2852 2853 2853 2852 2852 2854 2854 2853 2853 2853 2853 2854 2854 2855 2855 2854 2854 2856 2856 2855 2855 2855 2855 2856 2856 2857 2857 2856 2856 2858 2858 2857 2857 2857 2857 2858 2858 2859 2859 2858 2858 2860 2860 2859 2859 2859 2859 2860 2860 2861 2861 2860 2860 2862 2862 2861 2861 2861 2861 2862 2862 2863 2863 2862 2862 2864 2864 2863 2863 2863 2863 2864 2864 2865 2865 2864 2864 2866 2866 2865 2865 2865 2865 2866 2866 2867 2867 2866 2866 2868 2868 2867 2867 2867 2867 2868 2868 2869 2869 2868 2868 2870 2870 2869 2869 2869 2869 2870 2870 2871 2871 2798 2798 2680 2680 2679 2679 2798 2798 2679 2679 2799 2799 2679 2679 2683 2683 2799 2799 2799 2799 2683 2683 2682 2682 2628 2628 2720 2720 2721 2721 2720 2720 2723 2723 2721 2721 2721 2721 2723 2723 2872 2872 2723 2723 2726 2726 2872 2872 2872 2872 2726 2726 2873 2873 2726 2726 2730 2730 2873 2873 2873 2873 2730 2730 2874 2874 2730 2730 2728 2728 2874 2874 2874 2874 2728 2728 2875 2875 2728 2728 2732 2732 2875 2875 2875 2875 2732 2732 2876 2876 2732 2732 2735 2735 2876 2876 2876 2876 2735 2735 2877 2877 2735 2735 2739 2739 2877 2877 2877 2877 2739 2739 2878 2878 2739 2739 2737 2737 2878 2878 2878 2878 2737 2737 2879 2879 2737 2737 2741 2741 2879 2879 2879 2879 2741 2741 2880 2880 2741 2741 2744 2744 2880 2880 2880 2880 2744 2744 2881 2881 2744 2744 2745 2745 2881 2881 2881 2881 2745 2745 2882 2882 2745 2745 2747 2747 2882 2882 2882 2882 2747 2747 2883 2883 2747 2747 2749 2749 2883 2883 2883 2883 2749 2749 2884 2884 2749 2749 2753 2753 2884 2884 2884 2884 2753 2753 2885 2885 2753 2753 2756 2756 2885 2885 2885 2885 2756 2756 2886 2886 2756 2756 2755 2755 2886 2886 2886 2886 2755 2755 2887 2887 2755 2755 2759 2759 2887 2887 2887 2887 2759 2759 2888 2888 2759 2759 2764 2764 2888 2888 2888 2888 2764 2764 2889 2889 2764 2764 2768 2768 2889 2889 2889 2889 2768 2768 2890 2890 2768 2768 2766 2766 2890 2890 2890 2890 2766 2766 2891 2891 2766 2766 2770 2770 2891 2891 2891 2891 2770 2770 2892 2892 2770 2770 2772 2772 2892 2892 2892 2892 2772 2772 2893 2893 2772 2772 2771 2771 2893 2893 2893 2893 2771 2771 2894 2894 2771 2771 2776 2776 2894 2894 2894 2894 2776 2776 2895 2895 2776 2776 2779 2779 2895 2895 2895 2895 2779 2779 2896 2896 2779 2779 2717 2717 2896 2896 2896 2896 2717 2717 2897 2897 2717 2717 2782 2782 2897 2897 2897 2897 2782 2782 2898 2898 2782 2782 2784 2784 2898 2898 2898 2898 2784 2784 2899 2899 2784 2784 2786 2786 2899 2899 2899 2899 2786 2786 2900 2900 2786 2786 2789 2789 2900 2900 2900 2900 2789 2789 2901 2901 2789 2789 2792 2792 2901 2901 2901 2901 2792 2792 2902 2902 2792 2792 2791 2791 2902 2902 2902 2902 2791 2791 2903 2903 2791 2791 2795 2795 2903 2903 2903 2903 2795 2795 2904 2904 2795 2795 2800 2800 2904 2904 2904 2904 2800 2800 2905 2905 2800 2800 2799 2799 2905 2905 2905 2905 2799 2799 2906 2906 2799 2799 2682 2682 2906 2906 2906 2906 2682 2682 2686 2686 2619 2619 2721 2721 2907 2907 2721 2721 2872 2872 2907 2907 2907 2907 2872 2872 2908 2908 2872 2872 2873 2873 2908 2908 2908 2908 2873 2873 2909 2909 2873 2873 2874 2874 2909 2909 2909 2909 2874 2874 2910 2910 2874 2874 2875 2875 2910 2910 2910 2910 2875 2875 2911 2911 2875 2875 2876 2876 2911 2911 2911 2911 2876 2876 2912 2912 2876 2876 2877 2877 2912 2912 2912 2912 2877 2877 2913 2913 2877 2877 2878 2878 2913 2913 2913 2913 2878 2878 2914 2914 2878 2878 2879 2879 2914 2914 2914 2914 2879 2879 2915 2915 2879 2879 2880 2880 2915 2915 2915 2915 2880 2880 2916 2916 2880 2880 2881 2881 2916 2916 2916 2916 2881 2881 2917 2917 2881 2881 2882 2882 2917 2917 2917 2917 2882 2882 2918 2918 2882 2882 2883 2883 2918 2918 2918 2918 2883 2883 2919 2919 2883 2883 2884 2884 2919 2919 2919 2919 2884 2884 2920 2920 2884 2884 2885 2885 2920 2920 2920 2920 2885 2885 2921 2921 2885 2885 2886 2886 2921 2921 2921 2921 2886 2886 2922 2922 2886 2886 2887 2887 2922 2922 2922 2922 2887 2887 2923 2923 2887 2887 2888 2888 2923 2923 2923 2923 2888 2888 2924 2924 2888 2888 2889 2889 2924 2924 2924 2924 2889 2889 2925 2925 2889 2889 2890 2890 2925 2925 2925 2925 2890 2890 2926 2926 2890 2890 2891 2891 2926 2926 2926 2926 2891 2891 2927 2927 2891 2891 2892 2892 2927 2927 2927 2927 2892 2892 2928 2928 2892 2892 2893 2893 2928 2928 2928 2928 2893 2893 2929 2929 2893 2893 2894 2894 2929 2929 2929 2929 2894 2894 2930 2930 2894 2894 2895 2895 2930 2930 2930 2930 2895 2895 2931 2931 2895 2895 2896 2896 2931 2931 2931 2931 2896 2896 2932 2932 2896 2896 2897 2897 2932 2932 2932 2932 2897 2897 2933 2933 2897 2897 2898 2898 2933 2933 2933 2933 2898 2898 2934 2934 2898 2898 2899 2899 2934 2934 2934 2934 2899 2899 2935 2935 2899 2899 2900 2900 2935 2935 2935 2935 2900 2900 2936 2936 2900 2900 2901 2901 2936 2936 2936 2936 2901 2901 2937 2937 2901 2901 2902 2902 2937 2937 2937 2937 2902 2902 2938 2938 2902 2902 2903 2903 2938 2938 2938 2938 2903 2903 2939 2939 2903 2903 2904 2904 2939 2939 2939 2939 2904 2904 2940 2940 2904 2904 2905 2905 2940 2940 2940 2940 2905 2905 2941 2941 2905 2905 2906 2906 2941 2941 2941 2941 2906 2906 2942 2942 2906 2906 2686 2686 2942 2942 2942 2942 2686 2686 2685 2685 2685 2685 2870 2870 2942 2942 2870 2870 2868 2868 2942 2942 2942 2942 2868 2868 2941 2941 2868 2868 2866 2866 2941 2941 2941 2941 2866 2866 2940 2940 2866 2866 2864 2864 2940 2940 2940 2940 2864 2864 2939 2939 2864 2864 2862 2862 2939 2939 2939 2939 2862 2862 2938 2938 2862 2862 2860 2860 2938 2938 2938 2938 2860 2860 2937 2937 2860 2860 2858 2858 2937 2937 2937 2937 2858 2858 2936 2936 2858 2858 2856 2856 2936 2936 2936 2936 2856 2856 2935 2935 2856 2856 2854 2854 2935 2935 2935 2935 2854 2854 2934 2934 2854 2854 2852 2852 2934 2934 2934 2934 2852 2852 2933 2933 2852 2852 2850 2850 2933 2933 2933 2933 2850 2850 2932 2932 2850 2850 2848 2848 2932 2932 2932 2932 2848 2848 2931 2931 2848 2848 2846 2846 2931 2931 2931 2931 2846 2846 2930 2930 2846 2846 2844 2844 2930 2930 2930 2930 2844 2844 2929 2929 2844 2844 2842 2842 2929 2929 2929 2929 2842 2842 2928 2928 2842 2842 2840 2840 2928 2928 2928 2928 2840 2840 2927 2927 2840 2840 2838 2838 2927 2927 2927 2927 2838 2838 2926 2926 2838 2838 2836 2836 2926 2926 2926 2926 2836 2836 2925 2925 2836 2836 2834 2834 2925 2925 2925 2925 2834 2834 2924 2924 2834 2834 2832 2832 2924 2924 2924 2924 2832 2832 2923 2923 2832 2832 2830 2830 2923 2923 2923 2923 2830 2830 2922 2922 2830 2830 2828 2828 2922 2922 2922 2922 2828 2828 2921 2921 2828 2828 2826 2826 2921 2921 2921 2921 2826 2826 2920 2920 2826 2826 2824 2824 2920 2920 2920 2920 2824 2824 2919 2919 2824 2824 2822 2822 2919 2919 2919 2919 2822 2822 2918 2918 2822 2822 2820 2820 2918 2918 2918 2918 2820 2820 2917 2917 2820 2820 2818 2818 2917 2917 2917 2917 2818 2818 2916 2916 2818 2818 2816 2816 2916 2916 2916 2916 2816 2816 2915 2915 2816 2816 2814 2814 2915 2915 2915 2915 2814 2814 2914 2914 2814 2814 2812 2812 2914 2914 2914 2914 2812 2812 2913 2913 2812 2812 2810 2810 2913 2913 2913 2913 2810 2810 2912 2912 2810 2810 2808 2808 2912 2912 2912 2912 2808 2808 2911 2911 2808 2808 2806 2806 2911 2911 2911 2911 2806 2806 2910 2910 2806 2806 2805 2805 2910 2910 2910 2910 2805 2805 2909 2909 2805 2805 2803 2803 2909 2909 2909 2909 2803 2803 2908 2908 2803 2803 2718 2718 2908 2908 2908 2908 2718 2718 2907 2907 2718 2718 2620 2620 2907 2907 2907 2907 2620 2620 2619 2619 2685 2685 2687 2687 2870 2870 2687 2687 2689 2689 2870 2870 2870 2870 2689 2689 2871 2871 2689 2689 2688 2688 2871 2871 2871 2871 2688 2688 2655 2655 2722 2722 2804 2804 2622 2622 2622 2622 2804 2804 1935 1935 2804 2804 1970 1970 1935 1935 1970 1970 2807 2807 1971 1971 2807 2807 2809 2809 1971 1971 1971 1971 2809 2809 1948 1948 2809 2809 2811 2811 1948 1948 1948 1948 2811 2811 1947 1947 2811 2811 2813 2813 1947 1947 1947 1947 2813 2813 1949 1949 2813 2813 2815 2815 1949 1949 1949 1949 2815 2815 1950 1950 2815 2815 2817 2817 1950 1950 1950 1950 2817 2817 1952 1952 2817 2817 2819 2819 1952 1952 1952 1952 2819 2819 1954 1954 2819 2819 2821 2821 1954 1954 1954 1954 2821 2821 1956 1956 2821 2821 2823 2823 1956 1956 1956 1956 2823 2823 1965 1965 2823 2823 2825 2825 1965 1965 1965 1965 2825 2825 1963 1963 2825 2825 2827 2827 1963 1963 1963 1963 2827 2827 1962 1962 2827 2827 2829 2829 1962 1962 1962 1962 2829 2829 1961 1961 2829 2829 2831 2831 1961 1961 1961 1961 2831 2831 1959 1959 2831 2831 2833 2833 1959 1959 1959 1959 2833 2833 1936 1936 2833 2833 2835 2835 1936 1936 1936 1936 2835 2835 1934 1934 2835 2835 2837 2837 1934 1934 1934 1934 2837 2837 1999 1999 2837 2837 2839 2839 1999 1999 1999 1999 2839 2839 1998 1998 2839 2839 2841 2841 1998 1998 1998 1998 2841 2841 1997 1997 2841 2841 2843 2843 1997 1997 1997 1997 2843 2843 1995 1995 2843 2843 2845 2845 1995 1995 1995 1995 2845 2845 1994 1994 2845 2845 2847 2847 1994 1994 1994 1994 2847 2847 1992 1992 2847 2847 2849 2849 1992 1992 1992 1992 2849 2849 1991 1991 2849 2849 2851 2851 1991 1991 1991 1991 2851 2851 1990 1990 2851 2851 2853 2853 1990 1990 1990 1990 2853 2853 1988 1988 2853 2853 2855 2855 1988 1988 1988 1988 2855 2855 1986 1986 2855 2855 2857 2857 1986 1986 1986 1986 2857 2857 1985 1985 2857 2857 2859 2859 1985 1985 1985 1985 2859 2859 1983 1983 2859 2859 2861 2861 1983 1983 1983 1983 2861 2861 1982 1982 2861 2861 2863 2863 1982 1982 1982 1982 2863 2863 1981 1981 2863 2863 2865 2865 1981 1981 1981 1981 2865 2865 1980 1980 2865 2865 2867 2867 1980 1980 1980 1980 2867 2867 1978 1978 2867 2867 2869 2869 1978 1978 1978 1978 2869 2869 1977 1977 2869 2869 2871 2871 1977 1977 1977 1977 2871 2871 1976 1976 2871 2871 2655 2655 1976 1976 1976 1976 2655 2655 1975 1975 2943 2943 2944 2944 2945 2945 2944 2944 2946 2946 2945 2945 2945 2945 2946 2946 396 396 2946 2946 2947 2947 396 396 396 396 2947 2947 395 395 396 396 399 399 2945 2945 399 399 398 398 2945 2945 2945 2945 398 398 400 400 400 400 1939 1939 2945 2945 2945 2945 1939 1939 2943 2943 402 402 2950 2950 389 389 2950 2950 402 402 387 387 2949 2949 401 401 1942 1942 1942 1942 401 401 389 389 2951 2951 2952 2952 3028 3028 2954 2954 2955 2955 2956 2956 484 484 486 486 2957 2957 2958 2958 2959 2959 2972 2972 432 432 2964 2964 2965 2965 2964 2964 432 432 436 436 2966 2966 2950 2950 387 387 491 491 2967 2967 493 493 2967 2967 2963 2963 493 493 493 493 2963 2963 495 495 2966 2966 494 494 2963 2963 2963 2963 494 494 495 495 489 489 2968 2968 492 492 2968 2968 2961 2961 492 492 2961 2961 491 491 492 492 484 484 2969 2969 488 488 2969 2969 2962 2962 488 488 2968 2968 489 489 2962 2962 489 489 488 488 2962 2962 2967 2967 491 491 2961 2961 483 483 2970 2970 486 486 2970 2970 2957 2957 486 486 2960 2960 480 480 481 481 2970 2970 483 483 2960 2960 483 483 480 480 2960 2960 2958 2958 473 473 2971 2971 2972 2972 475 475 474 474 2972 2972 2973 2973 2974 2974 2969 2969 484 484 2957 2957 469 469 2975 2975 470 470 2975 2975 2971 2971 470 470 470 470 2971 2971 471 471 2976 2976 461 461 463 463 463 463 465 465 450 450 2976 2976 463 463 2977 2977 463 463 450 450 2977 2977 2977 2977 450 450 455 455 469 469 467 467 2975 2975 2975 2975 467 467 2976 2976 467 467 466 466 2976 2976 2976 2976 466 466 461 461 2978 2978 459 459 460 460 454 454 453 453 460 460 453 453 2979 2979 460 460 460 460 2979 2979 2978 2978 2980 2980 420 420 421 421 453 453 452 452 2979 2979 2979 2979 452 452 420 420 421 421 422 422 2980 2980 422 422 423 423 2980 2980 2980 2980 423 423 420 420 423 423 2981 2981 420 420 420 420 2981 2981 2979 2979 2959 2959 2958 2958 2982 2982 2958 2958 2971 2971 2982 2982 2982 2982 2971 2971 2983 2983 2971 2971 2975 2975 2983 2983 2983 2983 2975 2975 2984 2984 2975 2975 2976 2976 2984 2984 2984 2984 2976 2976 2985 2985 2976 2976 2977 2977 2985 2985 2985 2985 2977 2977 2986 2986 2977 2977 2978 2978 2986 2986 2986 2986 2978 2978 2987 2987 2978 2978 2979 2979 2987 2987 2987 2987 2979 2979 2988 2988 2979 2979 2981 2981 2988 2988 2988 2988 2981 2981 2989 2989 2981 2981 2990 2990 2989 2989 2989 2989 2990 2990 2956 2956 455 455 457 457 2977 2977 2977 2977 457 457 2978 2978 457 457 458 458 2978 2978 2978 2978 458 458 459 459 2956 2956 2955 2955 2989 2989 2955 2955 2991 2991 2989 2989 2989 2989 2991 2991 2988 2988 2991 2991 2992 2992 2988 2988 2988 2988 2992 2992 2987 2987 2992 2992 2993 2993 2987 2987 2987 2987 2993 2993 2986 2986 2993 2993 2994 2994 2986 2986 2986 2986 2994 2994 2985 2985 2994 2994 2995 2995 2985 2985 2985 2985 2995 2995 2984 2984 2995 2995 2996 2996 2984 2984 2984 2984 2996 2996 2983 2983 2996 2996 2997 2997 2983 2983 2983 2983 2997 2997 2982 2982 2997 2997 2998 2998 2982 2982 2982 2982 2998 2998 2959 2959 2999 2999 3000 3000 2953 2953 3000 3000 3001 3001 2953 2953 2953 2953 3001 3001 3002 3002 3001 3001 3003 3003 3002 3002 3002 3002 3003 3003 3004 3004 3003 3003 3005 3005 3004 3004 3004 3004 3005 3005 3006 3006 3005 3005 3007 3007 3006 3006 3006 3006 3007 3007 3008 3008 3007 3007 3009 3009 3008 3008 3008 3008 3009 3009 3010 3010 3011 3011 2965 2965 3010 3010 3011 3011 431 431 2965 2965 2965 2965 431 431 432 432 3010 3010 2965 2965 3008 3008 2965 2965 2964 2964 3008 3008 3008 3008 2964 2964 3006 3006 2964 2964 3012 3012 3006 3006 3006 3006 3012 3012 3004 3004 446 446 2953 2953 442 442 2953 2953 3002 3002 442 442 442 442 3002 3002 443 443 439 439 440 440 3013 3013 440 440 441 441 3013 3013 3013 3013 441 441 444 444 433 433 437 437 439 439 434 434 433 433 3012 3012 436 436 435 435 2964 2964 2964 2964 435 435 3012 3012 435 435 434 434 3012 3012 433 433 439 439 3012 3012 439 439 3013 3013 3012 3012 3012 3012 3013 3013 3004 3004 3013 3013 444 444 3004 3004 3004 3004 444 444 3002 3002 444 444 443 443 3002 3002 426 426 425 425 2990 2990 423 423 424 424 2981 2981 424 424 427 427 2981 2981 2981 2981 427 427 2990 2990 427 427 426 426 2990 2990 430 430 429 429 3011 3011 429 429 428 428 3011 3011 3011 3011 428 428 431 431 3009 3009 2954 2954 3010 3010 2954 2954 2956 2956 3010 3010 3010 3010 2956 2956 3011 3011 2956 2956 2990 2990 3011 3011 3011 3011 2990 2990 430 430 2990 2990 425 425 430 430 430 430 425 425 428 428 2946 2946 2944 2944 3014 3014 3015 3015 3016 3016 1958 1958 3016 3016 1960 1960 1958 1958 3016 3016 3017 3017 1960 1960 3017 3017 3018 3018 1960 1960 1960 1960 3018 3018 1964 1964 1956 1956 3019 3019 1955 1955 3019 3019 3020 3020 1955 1955 1955 1955 3020 3020 1953 1953 3020 3020 3021 3021 1953 1953 1946 1946 3022 3022 3023 3023 1946 1946 1945 1945 3022 3022 3022 3022 1945 1945 3021 3021 1945 1945 1951 1951 3021 3021 3021 3021 1951 1951 1953 1953 3024 3024 1972 1972 3023 3023 1972 1972 1946 1946 3023 3023 3025 3025 1935 1935 3024 3024 1935 1935 1970 1970 3024 3024 3024 3024 1970 1970 1972 1972 2622 2622 3026 3026 3028 3028 3026 3026 3027 3027 3028 3028 3026 3026 2622 2622 3025 3025 3025 3025 2622 2622 1935 1935 1939 1939 1937 1937 3029 3029 3029 3029 1937 1937 3030 3030 3030 3030 1937 1937 3031 3031 1937 1937 3028 3028 3031 3031 3031 3031 3028 3028 2952 2952 3028 3028 3027 3027 2951 2951 2951 2951 3027 3027 3032 3032 3027 3027 3026 3026 3032 3032 3032 3032 3026 3026 3033 3033 3026 3026 3025 3025 3033 3033 3033 3033 3025 3025 3034 3034 3025 3025 3024 3024 3034 3034 3034 3034 3024 3024 3035 3035 3024 3024 3023 3023 3035 3035 3035 3035 3023 3023 3036 3036 3023 3023 3022 3022 3036 3036 3036 3036 3022 3022 3037 3037 3022 3022 3021 3021 3037 3037 3037 3037 3021 3021 3038 3038 3021 3021 3020 3020 3038 3038 3038 3038 3020 3020 3039 3039 3020 3020 3019 3019 3039 3039 3039 3039 3019 3019 3040 3040 3042 3042 3043 3043 1974 1974 3044 3044 1979 1979 3045 3045 1979 1979 1974 1974 3045 3045 3045 3045 1974 1974 3043 3043 1974 1974 3041 3041 3042 3042 3046 3046 3047 3047 1984 1984 3048 3048 1989 1989 3049 3049 1989 1989 1987 1987 3049 3049 3049 3049 1987 1987 3047 3047 1987 1987 1984 1984 3047 3047 3050 3050 3051 3051 1993 1993 1993 1993 1989 1989 3050 3050 3050 3050 1989 1989 3048 3048 1984 1984 1979 1979 3046 3046 3046 3046 1979 1979 3044 3044 1956 1956 1964 1964 3019 3019 1964 1964 3018 3018 3019 3019 3019 3019 3018 3018 3040 3040 3018 3018 3017 3017 3040 3040 3040 3040 3017 3017 3052 3052 3017 3017 3016 3016 3052 3052 3052 3052 3016 3016 3053 3053 3016 3016 3015 3015 3053 3053 3053 3053 3015 3015 3054 3054 1958 1958 1957 1957 3015 3015 1957 1957 1933 1933 3015 3015 3015 3015 1933 1933 3054 3054 1933 1933 1996 1996 3054 3054 3054 3054 1996 1996 3055 3055 3055 3055 1996 1996 3051 3051 3051 3051 1996 1996 1993 1993 446 446 447 447 2953 2953 447 447 449 449 2953 2953 2953 2953 449 449 2999 2999 449 449 448 448 2999 2999 2972 2972 2959 2959 2973 2973 2959 2959 2998 2998 2973 2973 2973 2973 2998 2998 3056 3056 2998 2998 2997 2997 3056 3056 3056 3056 2997 2997 3057 3057 2997 2997 2996 2996 3057 3057 3057 3057 2996 2996 3058 3058 2996 2996 2995 2995 3058 3058 3058 3058 2995 2995 3059 3059 2995 2995 2994 2994 3059 3059 3059 3059 2994 2994 3060 3060 2994 2994 2993 2993 3060 3060 3060 3060 2993 2993 3061 3061 2993 2993 2992 2992 3061 3061 3061 3061 2992 2992 3062 3062 2992 2992 2991 2991 3062 3062 3062 3062 2991 2991 3063 3063 2991 2991 2955 2955 3063 3063 3063 3063 2955 2955 3064 3064 2955 2955 2954 2954 3064 3064 3064 3064 2954 2954 3065 3065 2954 2954 3009 3009 3065 3065 3065 3065 3009 3009 3066 3066 3009 3009 3007 3007 3066 3066 3066 3066 3007 3007 3067 3067 3007 3007 3005 3005 3067 3067 3067 3067 3005 3005 3068 3068 3005 3005 3003 3003 3068 3068 3068 3068 3003 3003 3069 3069 3003 3003 3001 3001 3069 3069 3069 3069 3001 3001 3014 3014 3001 3001 3000 3000 3014 3014 3014 3014 3000 3000 2946 2946 3000 3000 2999 2999 2946 2946 2946 2946 2999 2999 2947 2947 2999 2999 448 448 2947 2947 2947 2947 448 448 395 395 2950 2950 2966 2966 3041 3041 2966 2966 2963 2963 3041 3041 3041 3041 2963 2963 3070 3070 2963 2963 2967 2967 3070 3070 3070 3070 2967 2967 3071 3071 2967 2967 2961 2961 3071 3071 3071 3071 2961 2961 3072 3072 2961 2961 2968 2968 3072 3072 3072 3072 2968 2968 3073 3073 2968 2968 2962 2962 3073 3073 3073 3073 2962 2962 3074 3074 2962 2962 2969 2969 3074 3074 3074 3074 2969 2969 3075 3075 2969 2969 2957 2957 3075 3075 3075 3075 2957 2957 3076 3076 2957 2957 2970 2970 3076 3076 3076 3076 2970 2970 3077 3077 2970 2970 2960 2960 3077 3077 3077 3077 2960 2960 3078 3078 2960 2960 481 481 3078 3078 3078 3078 481 481 3079 3079 481 481 479 479 3079 3079 3079 3079 479 479 3080 3080 479 479 478 478 3080 3080 3080 3080 478 478 3081 3081 478 478 476 476 3081 3081 3081 3081 476 476 2974 2974 476 476 475 475 2974 2974 2974 2974 475 475 2972 2972 2972 2972 474 474 2958 2958 2958 2958 474 474 473 473 473 473 471 471 2971 2971 2943 2943 1939 1939 3029 3029 2944 2944 2943 2943 3014 3014 2943 2943 3029 3029 3014 3014 3014 3014 3029 3029 3069 3069 3029 3029 3030 3030 3069 3069 3069 3069 3030 3030 3068 3068 3030 3030 3031 3031 3068 3068 3068 3068 3031 3031 3067 3067 3031 3031 2952 2952 3067 3067 3067 3067 2952 2952 3066 3066 2952 2952 2951 2951 3066 3066 3066 3066 2951 2951 3065 3065 2951 2951 3032 3032 3065 3065 3065 3065 3032 3032 3064 3064 3032 3032 3033 3033 3064 3064 3064 3064 3033 3033 3063 3063 3033 3033 3034 3034 3063 3063 3063 3063 3034 3034 3062 3062 3034 3034 3035 3035 3062 3062 3062 3062 3035 3035 3061 3061 3035 3035 3036 3036 3061 3061 3061 3061 3036 3036 3060 3060 3036 3036 3037 3037 3060 3060 3060 3060 3037 3037 3059 3059 3037 3037 3038 3038 3059 3059 3059 3059 3038 3038 3058 3058 3038 3038 3039 3039 3058 3058 3058 3058 3039 3039 3057 3057 3039 3039 3040 3040 3057 3057 3057 3057 3040 3040 3056 3056 3040 3040 3052 3052 3056 3056 3056 3056 3052 3052 2973 2973 3052 3052 3053 3053 2973 2973 2973 2973 3053 3053 2974 2974 3053 3053 3054 3054 2974 2974 2974 2974 3054 3054 3081 3081 3054 3054 3055 3055 3081 3081 3081 3081 3055 3055 3080 3080 3055 3055 3051 3051 3080 3080 3080 3080 3051 3051 3079 3079 3051 3051 3050 3050 3079 3079 3079 3079 3050 3050 3078 3078 3050 3050 3048 3048 3078 3078 3078 3078 3048 3048 3077 3077 3048 3048 3049 3049 3077 3077 3077 3077 3049 3049 3076 3076 3049 3049 3047 3047 3076 3076 3076 3076 3047 3047 3075 3075 3047 3047 3046 3046 3075 3075 3075 3075 3046 3046 3074 3074 3046 3046 3044 3044 3074 3074 3074 3074 3044 3044 3073 3073 3044 3044 3045 3045 3073 3073 3073 3073 3045 3045 3072 3072 3045 3045 3043 3043 3072 3072 3072 3072 3043 3043 3071 3071 3043 3043 3042 3042 3071 3071 3071 3071 3042 3042 3070 3070 3042 3042 3041 3041 3070 3070 760 760 685 685 3082 3082 761 761 760 760 3083 3083 760 760 3082 3082 3083 3083 757 757 761 761 3084 3084 3084 3084 761 761 3083 3083 732 732 3085 3085 733 733 3085 3085 3086 3086 733 733 732 732 735 735 3085 3085 735 735 759 759 3085 3085 3085 3085 759 759 3087 3087 759 759 744 744 3087 3087 3087 3087 744 744 3088 3088 744 744 3089 3089 3088 3088 744 744 743 743 3089 3089 743 743 741 741 3089 3089 3089 3089 741 741 3090 3090 741 741 739 739 3090 3090 3090 3090 739 739 3091 3091 739 739 737 737 3091 3091 3091 3091 737 737 3092 3092 737 737 736 736 3092 3092 3092 3092 736 736 3093 3093 736 736 750 750 3093 3093 750 750 748 748 3093 3093 3093 3093 748 748 3094 3094 748 748 746 746 3094 3094 3094 3094 746 746 3095 3095 746 746 745 745 3095 3095 3095 3095 745 745 3096 3096 745 745 754 754 3096 3096 3096 3096 754 754 3097 3097 754 754 752 752 3097 3097 3097 3097 752 752 3098 3098 752 752 751 751 3098 3098 3098 3098 751 751 3099 3099 751 751 730 730 3099 3099 3099 3099 730 730 3100 3100 730 730 729 729 3100 3100 3100 3100 729 729 3101 3101 755 755 724 724 3102 3102 729 729 726 726 3101 3101 726 726 756 756 3101 3101 3101 3101 756 756 3103 3103 756 756 755 755 3103 3103 3103 3103 755 755 3102 3102 757 757 3084 3084 724 724 3084 3084 3102 3102 724 724 2330 2330 733 733 3086 3086 2330 2330 3086 3086 2332 2332 2332 2332 3086 3086 2331 2331 722 722 2331 2331 3104 3104 3104 3104 2331 2331 3086 3086 3082 3082 685 685 686 686 3105 3105 692 692 3106 3106 692 692 697 697 3106 3106 3106 3106 697 697 3107 3107 3082 3082 686 686 3108 3108 686 686 690 690 3108 3108 3108 3108 690 690 3109 3109 690 690 689 689 3109 3109 3109 3109 689 689 3110 3110 689 689 688 688 3110 3110 3110 3110 688 688 3105 3105 688 688 687 687 3105 3105 3105 3105 687 687 692 692 697 697 694 694 3107 3107 694 694 693 693 3107 3107 3107 3107 693 693 3111 3111 693 693 701 701 3111 3111 3111 3111 701 701 3112 3112 701 701 700 700 3112 3112 3112 3112 700 700 3113 3113 700 700 698 698 3113 3113 3113 3113 698 698 3114 3114 698 698 682 682 3114 3114 682 682 708 708 3114 3114 708 708 707 707 3114 3114 3114 3114 707 707 3115 3115 707 707 704 704 3115 3115 3115 3115 704 704 3116 3116 704 704 705 705 3116 3116 3116 3116 705 705 3117 3117 715 715 3120 3120 714 714 3120 3120 3118 3118 714 714 714 714 3118 3118 711 711 3118 3118 3117 3117 711 711 711 711 3117 3117 710 710 3117 3117 705 705 710 710 679 679 3119 3119 715 715 3119 3119 3120 3120 715 715 676 676 3121 3121 3122 3122 679 679 678 678 3119 3119 678 678 717 717 3119 3119 3119 3119 717 717 3123 3123 717 717 721 721 3123 3123 3123 3123 721 721 3122 3122 721 721 720 720 3122 3122 3122 3122 720 720 676 676 676 676 675 675 3121 3121 675 675 722 722 3121 3121 3121 3121 722 722 3104 3104 3125 3125 3124 3124 2680 2680 2680 2680 2798 2798 3125 3125 2798 2798 2802 2802 3125 3125 2802 2802 2801 2801 3125 3125 2801 2801 2794 2794 3125 3125 3125 3125 2794 2794 3126 3126 2794 2794 2796 2796 3126 3126 2796 2796 2797 2797 3126 3126 2797 2797 2790 2790 3126 3126 3126 3126 2790 2790 3127 3127 2790 2790 2793 2793 3127 3127 2793 2793 2788 2788 3127 3127 2788 2788 2785 2785 3127 3127 3127 3127 2785 2785 3128 3128 2785 2785 2787 2787 3128 3128 2787 2787 2783 2783 3128 3128 3129 3129 3128 3128 2782 2782 3128 3128 2783 2783 2782 2782 2782 2782 2781 2781 3129 3129 2781 2781 2780 2780 3129 3129 2780 2780 2778 2778 3129 3129 2778 2778 2775 2775 3129 3129 3129 3129 2775 2775 3130 3130 2775 2775 2777 2777 3130 3130 2777 2777 2771 2771 3130 3130 2771 2771 2773 2773 3130 3130 3130 3130 2773 2773 3133 3133 2768 2768 2763 2763 3131 3131 3131 3131 2763 2763 3132 3132 2773 2773 2774 2774 3133 3133 2774 2774 2769 2769 3133 3133 2769 2769 2765 2765 3133 3133 3133 3133 2765 2765 3131 3131 2765 2765 2767 2767 3131 3131 2767 2767 2768 2768 3131 3131 2757 2757 2752 2752 3135 3135 2763 2763 2762 2762 3132 3132 2762 2762 2758 2758 3132 3132 3132 3132 2758 2758 3134 3134 2758 2758 2760 2760 3134 3134 2760 2760 2761 2761 3134 3134 2761 2761 2754 2754 3134 3134 2754 2754 2757 2757 3134 3134 3134 3134 2757 2757 3135 3135 2752 2752 2748 2748 3135 3135 2748 2748 2750 2750 3135 3135 2750 2750 2751 2751 3135 3135 3135 3135 2751 2751 3136 3136 2751 2751 2746 2746 3136 3136 2746 2746 2745 2745 3136 3136 2745 2745 2743 2743 3136 3136 2743 2743 2742 2742 3136 3136 3136 3136 2742 2742 3137 3137 2742 2742 2740 2740 3137 3137 2740 2740 2736 2736 3137 3137 3137 3137 2736 2736 3138 3138 2736 2736 2738 2738 3138 3138 3138 3138 2738 2738 2739 2739 2739 2739 2734 2734 3138 3138 2734 2734 2731 2731 3138 3138 3138 3138 2731 2731 3139 3139 2731 2731 2733 2733 3139 3139 2733 2733 2727 2727 3139 3139 2727 2727 2729 2729 3139 3139 2729 2729 2730 2730 3139 3139 3139 3139 2730 2730 3152 3152 2730 2730 2725 2725 3152 3152 2725 2725 2724 2724 3152 3152 2724 2724 2719 2719 3152 3152 2719 2719 2629 2629 3152 3152 2659 2659 3141 3141 2657 2657 3141 3141 3140 3140 2657 2657 2657 2657 3140 3140 2603 2603 3142 3142 3141 3141 2662 2662 2662 2662 3141 3141 2661 2661 2661 2661 3141 3141 2659 2659 2664 2664 2665 2665 3142 3142 2664 2664 3142 3142 2662 2662 2668 2668 3143 3143 2667 2667 3143 3143 3142 3142 2667 2667 2667 2667 3142 3142 2665 2665 2671 2671 3143 3143 2670 2670 2670 2670 3143 3143 2668 2668 2673 2673 2674 2674 3144 3144 3144 3144 3143 3143 2673 2673 2673 2673 3143 3143 2671 2671 2677 2677 3124 3124 2676 2676 3124 3124 3144 3144 2676 2676 2676 2676 3144 3144 2674 2674 2680 2680 3124 3124 2677 2677 2598 2598 2601 2601 3140 3140 3140 3140 2601 2601 2603 2603 3140 3140 3145 3145 2598 2598 2598 2598 3145 3145 2599 2599 2599 2599 3145 3145 2532 2532 2542 2542 2538 2538 3146 3146 3146 3146 2538 2538 3145 3145 3145 3145 2538 2538 2532 2532 2542 2542 3146 3146 2539 2539 3146 3146 3147 3147 2539 2539 2539 2539 3147 3147 2545 2545 3147 3147 2543 2543 2545 2545 3147 3147 2550 2550 2543 2543 3147 3147 3148 3148 2550 2550 2550 2550 3148 3148 2547 2547 3148 3148 3149 3149 2547 2547 2529 2529 2547 2547 3149 3149 2529 2529 3149 3149 2638 2638 3149 3149 3151 3151 2638 2638 2638 2638 3151 3151 2639 2639 2631 2631 3150 3150 2630 2630 2630 2630 3150 3150 2629 2629 3150 3150 3152 3152 2629 2629 2632 2632 2636 2636 3153 3153 2632 2632 3153 3153 2633 2633 2633 2633 3153 3153 2631 2631 2631 2631 3153 3153 3150 3150 2639 2639 3151 3151 2641 2641 2641 2641 3151 3151 2637 2637 3151 3151 3153 3153 2637 2637 2637 2637 3153 3153 2636 2636</p></triangles></mesh>
    </geometry>
    <geometry id="_04_05_ELBOW_URDF-mesh" name="_04_05_ELBOW_URDF">
      <mesh>
        <source id="_04_05_ELBOW_URDF-mesh-slim-nrm"><float_array count="4308" id="_04_05_ELBOW_URDF-mesh-slim-nrm-array">0.604 -0.7865 -0.129 0.6616 -0.7181 -0.2159 0.9984 0.022 0.0528 0.9984 0.0468 -0.0316 0.9982 0.0574 -0.0169 0.9983 0.0565 -0.0128 0.613 -0.7505 -0.247 0.9984 0.0262 0.0505 0.9984 0.0301 0.0479 0.9982 0.0563 -0.0214 0.9982 0.0544 -0.0255 0.9983 0.0512 -0.029 0.5594 -0.8185 -0.131 0.6975 -0.7103 -0.0951 0.9984 0.0341 0.0448 0.7124 -0.6876 -0.1404 0.9972 0.0271 0.0698 -0.6475 0.3592 0.6721 -0.7554 0.5122 -0.4087 -0.7084 0.2754 0.6499 -0.5812 -0.4074 0.7044 -0.7465 0.5904 -0.3068 -0.8315 -0.5459 -0.1029 -0.7012 -0.7064 -0.0965 -0.754 0.4233 -0.5024 -0.7305 0.6495 -0.211 -0.7863 -0.6139 -0.0697 -0.7122 0.6821 -0.1658 -0.7827 -0.6185 -0.0697 -0.7152 0.6865 -0.1314 -0.6557 0.595 -0.4648 -0.617 0.6536 -0.4384 -0.598 -0.5307 -0.6006 -0.6579 0.1806 -0.7311 -0.0543 -0.5814 -0.8118 0.052 -0.6236 -0.78 -0.7152 0.3731 0.591 -0.0257 0.3862 0.9221 0.0981 0.6282 0.7719 0.0291 0.3416 0.9394 0.0086 0.4292 0.9032 -0.0025 0.386 0.9225 0.0197 0.4275 0.9038 0.278 0.3779 0.8831 -0.0314 0.58 0.814 -0.3049 0.4736 0.8262 -0.3562 -0.3121 0.8808 -0.0661 -0.4289 0.9009 0.0111 0.4634 0.8861 0.2692 0.9463 -0.1791 0.2477 0.9461 -0.2088 0.3708 0.9004 -0.2275 0.3822 0.9052 -0.1859 0.3707 0.8916 -0.26 0.2305 0.9135 -0.3353 0.3579 0.8847 -0.2986 0.3597 0.8718 -0.3326 0.3611 0.8588 -0.3633 0.3706 0.8414 -0.3932 0.2313 0.844 -0.484 0.363 0.8285 -0.4264 0.3718 0.8073 -0.4582 0.3785 0.7871 -0.487 0.4191 0.7482 -0.5143 0.2673 0.7349 -0.6232 0.442 0.7152 -0.5414 0.6338 0.6379 -0.4375 0.4363 0.8519 -0.2898 0.1141 0.6951 -0.7098 0.1147 0.8028 -0.5851 -0.0133 0.6662 -0.7456 0.1163 0.977 -0.1789 0.0886 0.9801 -0.1776 0.0463 0.9851 -0.1659 0.2299 0.9566 -0.1791 0.1073 0.974 -0.1996 0.1669 0.9406 -0.2956 0.1039 0.8825 -0.4586 0.1221 0.9343 -0.3349 -0.0095 0.8784 -0.4778 0.0184 0.946 -0.3237 -0.009 0.7852 -0.6192 -0.0354 -0.7753 -0.6306 0.4039 -0.6979 -0.5915 0.1005 -0.8933 -0.4381 0.3034 -0.9266 -0.2222 -0.1759 -0.7629 -0.6221 -0.0344 -0.5962 -0.8021 -0.1076 -0.6217 -0.7758 -0.3526 -0.8642 -0.359 -0.6816 -0.7279 -0.0747 -0.7816 -0.6192 -0.0759 -0.7243 -0.6834 -0.0912 -0.6871 -0.7183 -0.1093 -0.6976 -0.7066 -0.1185 -0.248 -0.7395 0.6257 -0.7683 -0.2426 0.5923 -0.5246 -0.6743 0.5197 -0.2629 -0.9648 0.0071 0.3019 -0.594 0.7457 0.0174 -0.4883 0.8725 -0.3699 -0.3486 0.8612 -0.5631 -0.3157 0.7637 0.6512 -0.7588 0.0128 0.6571 -0.7403 0.1421 0.63 -0.7085 0.3179 0.598 -0.713 0.366 0.5562 -0.6817 0.4754 0.4579 -0.6493 0.6072 0.5638 -0.8093 -0.1649 0.406 -0.8934 -0.1923 0.4959 -0.849 -0.1826 0.3858 -0.9062 -0.1729 0.3636 -0.9167 -0.166 0.4037 -0.9062 -0.1262 0.5165 -0.8496 -0.1072 0.5582 -0.8224 -0.1099 0.7716 0.4833 -0.4136 0.4217 0.257 -0.8695 -0.631 0.7744 -0.0473 -0.625 0.6515 0.4301 0.3058 0.9006 0.3089 0.0965 0.622 0.777 0.0772 0.8263 -0.5579 0.094 0.9 0.4256 0.1064 0.9922 -0.0653 0.2117 0.8334 -0.5106 0.2197 0.9659 0.1374 0.3342 0.874 -0.3528 0.4224 0.4082 0.8093 0.1805 0.5227 0.8332 0.9801 0.1298 0.1501 0.9001 0.2872 0.3277 0.7791 0.4133 0.4714 0.618 0.5183 0.5912 0.4251 0.5966 0.6807 0.2438 0.6288 0.7383 0.1814 0.6056 0.7748 0.4126 0.5474 0.7281 0.6094 0.4765 0.6337 0.774 0.3805 0.5061 0.8978 0.2646 0.3519 0.9745 0.1349 0.1794 0.4017 0.4877 0.7751 0.6018 0.4253 0.676 0.7694 0.3401 0.5406 0.8957 0.2368 0.3763 0.9739 0.1208 0.1919 0.9735 0.1052 0.2029 0.8941 0.2062 0.3976 0.7658 0.296 0.5708 0.5958 0.3697 0.713 0.3932 0.4233 0.8162 0.1603 0.3801 0.911 0.3864 0.3551 0.8512 0.5911 0.3106 0.7444 0.763 0.2489 0.5966 0.8927 0.1735 0.4158 0.9732 0.0886 0.2122 0.3006 0.3511 0.8868 0.3739 0.3654 0.8525 0.583 0.3126 0.7499 0.7617 0.259 0.5939 0.8853 0.1951 0.4222 0.9707 0.0947 0.2208 0.9238 0.3145 0.2183 0.5323 0.557 0.6375 0.692 0.7096 0.1327 0.8435 0.5064 -0.1792 0.5571 0.7966 -0.2346 0.5532 0.7788 -0.2957 0.5549 0.7535 -0.3528 0.5688 0.7157 -0.4052 0.6016 0.6619 -0.4472 0.9865 0.13 -0.0996 0.8001 0.4755 -0.3657 0.9095 0.3287 -0.2543 0.8517 0.4134 -0.3221 0.7693 0.5295 -0.3576 0.8956 0.3686 -0.249 0.7497 0.576 -0.326 0.8865 0.4027 -0.2279 0.7412 0.608 -0.2847 0.8826 0.4258 -0.1994 0.7402 0.6287 -0.2387 0.8821 0.4404 -0.1672 0.7425 0.6425 -0.1893 0.8832 0.4498 -0.1325 0.562 0.8092 -0.1711 0.7455 0.6521 -0.1379 0.8846 0.4562 -0.0965 0.9967 0.0596 -0.0543 0.9739 0.188 -0.127 0.9716 0.2059 -0.1166 0.9706 0.2181 -0.1021 0.9704 0.2256 -0.0857 0.9708 0.2303 -0.0678 0.9711 0.2335 -0.0494 0.9686 0.232 -0.089 0.8878 0.4457 -0.1145 0.8202 0.5608 -0.1129 0.7501 0.6508 -0.1176 0.6952 0.7096 -0.1152 0.6792 0.7084 -0.1919 0.2901 0.9416 -0.1711 0.2628 0.7912 -0.5522 0.2182 0.6946 -0.6855 0.1838 0.3738 -0.9091 0.3836 0.785 -0.4864 0.6038 0.5115 -0.6114 0.9506 0.2101 -0.2285 0.2226 0.9174 -0.3298 0.0097 0.2109 -0.9775 0.111 0.9379 -0.3286 0.0087 0.789 -0.6143 0.0289 0.4703 -0.882 0.0484 0.6746 -0.7366 0.0577 0.8365 -0.5449 0.0561 0.9461 -0.3189 0.0216 0.1705 -0.9851 0.0512 0.4539 -0.8896 0.0784 0.6672 -0.7407 0.0979 0.8284 -0.5516 0.0328 0.181 -0.9829 0.0806 0.4596 -0.8845 0.1163 0.6608 -0.7415 0.1451 0.8226 -0.5498 0.0861 0.3534 -0.9315 0.1589 0.6524 -0.741 0.1968 0.81 -0.5525 0.0103 0.1672 0.9859 -0.2677 -0.1465 0.9523 -0.2017 0.1811 0.9625 0.507 0.702 0.5001 -0.7317 0.6778 0.072 -0.6472 0.7564 0.0949 -0.7196 0.6875 0.0977 -0.6011 0.7879 0.1338 -0.9695 0.2443 -0.02 -0.3034 0.9208 -0.2449 0.1104 0.7356 -0.6684 0.8632 0.5033 0.0388 0.7325 0.6571 -0.1781 0.5622 0.7036 -0.4347 0.2838 0.8031 -0.5239 0.9363 0.3418 0.0804 0.8841 0.4578 0.0932 0.8823 0.4613 0.0936 0.9283 0.3667 0.0608 0.8963 0.4396 0.0594 0.8953 0.4416 0.0594 0.9596 -0.1193 0.255 0.916 -0.1459 0.3738 0.592 -0.2509 0.7659 0.5103 -0.2617 0.8192 0.5074 -0.2439 0.8264 0.3505 -0.2687 0.8972 0.5042 -0.2803 0.8169 0.7445 -0.2197 0.6304 0.6763 -0.237 0.6975 0.6533 -0.2766 0.7047 0.8118 -0.1939 0.5508 0.9911 -0.0743 0.1103 0.9012 -0.2581 0.3482 0.6857 -0.5022 0.5268 0.2305 -0.4432 0.8663 0.5423 -0.744 0.3904 0.3466 -0.6139 0.7092 0.195 -0.7633 0.6159 0.8886 -0.4275 0.1664 0.1629 -0.8915 0.4227 0.0811 -0.993 0.0864 0.9983 -0.0244 0.0533 0.8823 -0.1952 0.4282 0.7394 -0.2794 0.6125 0.954 -0.2163 0.2077 0.8117 -0.4239 0.4019 0.8844 -0.3177 0.3419 0.5506 -0.3464 0.7595 0.3427 -0.3161 0.8847 0.5274 -0.62 0.5808 0.5258 -0.4616 0.7145 0.5584 -0.5645 0.6079 0.6277 -0.5643 0.5363 0.3548 -0.6923 0.6283 0.7441 -0.4547 0.4895 0.9927 -0.0862 0.0839 0.9563 -0.181 0.2295 0.9714 -0.1617 0.1737 0.9983 -0.0393 0.0429 0.3578 -0.5211 0.7749 0.5548 -0.4645 0.6903 0.3627 -0.5834 0.7267 0.3646 -0.6298 0.6859 0.354 -0.4582 0.8153 0.3595 -0.388 0.8486 0.7418 -0.3744 0.5564 0.8835 -0.2615 0.3887 0.9712 -0.133 0.1976 0.971 -0.0991 0.2174 0.9983 -0.0328 0.0487 0.1309 0.974 0.1849 0.1731 0.9459 0.2743 0.4005 0.8977 0.1837 0.5968 0.7862 0.1603 0.768 0.627 0.1305 0.896 0.4304 0.1091 0.9795 0.1934 0.0572 0.5687 0.7272 0.3844 0.6299 0.4051 0.6627 0.7883 -0.3513 0.5052 0.918 0.3004 0.2591 0.7823 -0.0472 0.6211 0.0281 0.9826 0.1834 0.0448 0.956 0.2899 -0.1736 0.9573 0.231 0.353 0.902 0.2487 0.4219 0.8449 0.329 -0.2946 0.9009 0.3186 0.3519 0.8681 0.3501 -0.3784 0.6798 -0.6282 -0.0375 0.6715 -0.7401 -0.2404 0.687 -0.6857 0.6155 0.7345 0.2858 0.7775 0.5862 0.2277 0.6546 0.1008 -0.7492 0.5837 0.2453 -0.7741 0.5056 0.3428 -0.7918 0.287 0.5501 -0.7842 0.6399 -0.3667 -0.6753 0.6934 -0.2037 -0.6912 0.8992 0.408 0.1582 0.6832 -0.16 -0.7125 0.6853 -0.0298 -0.7276 0.9747 0.2085 0.0808 0.9978 0.0622 0.0237 0.9982 0.056 0.0201 0.9745 0.2131 0.07 0.8985 0.4171 0.1369 0.7757 0.5996 0.1967 0.6127 0.751 0.2464 0.4177 0.8633 0.2833 0.4301 0.8592 0.2771 0.9984 0.0546 0.0146 0.9741 0.2186 0.0585 0.8967 0.4276 0.1144 0.7719 0.6141 0.1643 0.6062 0.7683 0.2056 0.4084 0.8818 0.236 0.9984 0.0554 0.0117 0.9739 0.222 0.0464 0.8962 0.4343 0.0907 0.7708 0.6236 0.1303 0.6044 0.7799 0.1629 0.4058 0.8946 0.1868 0.2491 0.9485 0.1959 0.2274 -0.3382 0.9132 0.1853 -0.3732 0.909 0.1094 -0.4181 0.9018 0.1478 -0.3876 0.9099 -0.1087 -0.7943 -0.5977 0.0249 -0.9834 0.1796 0.0417 -0.394 0.9182 0.0072 -0.5716 0.8205 -0.605 -0.6437 0.4686 0.0347 -0.6087 0.7926 0.0263 -0.7745 0.632 0.0103 -0.899 0.4379 -0.004 -0.9855 0.1698 0.0662 -0.5398 0.8392 0.0568 -0.7728 0.6321 0.0389 -0.8981 0.438 0.0147 -0.9839 0.178 0.1171 -0.6067 0.7862 0.0898 -0.7718 0.6295 0.062 -0.8979 0.4359 0.0385 -0.9823 0.1831 0.0897 -0.8947 0.4376 0.1289 -0.7653 0.6306 0.1609 -0.5936 0.7885 0.1658 -0.4519 0.8765 0.2282 -0.4594 0.8584 0.363 -0.4802 0.7985 -0.6344 -0.4005 0.6611 -0.6499 -0.0432 0.7588 -0.5977 0.2683 0.7555 -0.5893 0.114 0.7998 -0.6429 0.5056 0.5754 -0.6499 0.7447 0.1518 -0.688 0.6697 0.2796 0.3381 -0.1197 0.9335 0.0486 0.9414 0.3337 0.1433 0.7188 0.6803 0.2415 0.2394 0.9404 0.1167 0.1792 0.9769 0.113 0.7244 0.6801 0.0427 0.9027 0.4281 0.0652 -0.4896 0.8695 0.6084 -0.3884 -0.6921 0.6122 -0.3424 -0.7127 -0.1352 -0.3275 -0.9351 0.4784 -0.4365 -0.7619 -0.4345 0.2512 -0.8649 -0.3964 0.325 -0.8586 -0.4773 0.6356 -0.6068 -0.0856 -0.7353 -0.6723 -0.1377 -0.7781 -0.6129 0.0002 -0.6675 -0.7446 0.0129 -0.7977 -0.6029 0.2419 -0.54 -0.8062 0.3625 -0.6668 -0.6511 0.3902 -0.3461 -0.8532 -0.0568 -0.7745 -0.63 -0.0289 -0.7759 -0.6302 -0.5814 -0.6253 -0.5205 -0.8381 -0.1647 -0.5201 -0.2378 -0.4207 -0.8754 -0.9794 0.0992 -0.1759 -0.5361 0.5637 -0.6283 -0.0613 0.4761 -0.8773 -0.1141 0.6927 -0.7121 0.2516 0.2946 -0.9219 -0.144 0.6657 -0.7322 -0.1879 0.1656 -0.9681 -0.2323 0.4518 -0.8614 -0.2157 0.7816 -0.5853 0.3081 -0.2582 -0.9157 0.2473 -0.2686 -0.931 0.4048 -0.2575 -0.8774 0.612 -0.2498 -0.7504 0.3934 -0.3834 -0.8356 0.4679 -0.3206 -0.8236 -0.6928 -0.2252 0.6851 -0.7234 -0.33 0.6064 -0.7222 -0.4724 0.5052 0.2655 -0.9531 0.1454 0.1034 -0.3652 0.9251 0.1115 -0.7141 0.6911 0.2329 -0.5338 0.8129 0.22 -0.6933 0.6863 0.1462 -0.5541 0.8195 0.0506 -0.5692 0.8206 -0.7182 0.678 0.1564 -0.0033 0.9669 0.2552 -0.0018 0.9856 0.169 -0.0522 0.9789 -0.1975 0.5096 0.6948 0.5076 0.9362 0.1021 0.3363 0.9759 0.0413 0.2141 0.9087 0.2006 0.3661 0.6169 -0.3759 0.6914 0.8296 -0.0755 0.5532 -0.4374 -0.1751 0.882 0.0873 -0.5957 0.7984 0.3467 -0.6516 0.6747 -0.757 -0.646 0.098 0.0335 0.869 0.4936 -0.0689 0.9911 0.114 -0.0268 0.9923 -0.1211 0.0302 0.9903 0.1358 0.698 -0.4159 0.5829 0.7091 -0.5069 0.4901 0.7212 -0.6519 0.2342 0.0259 -0.9423 0.3337 -0.1481 -0.6917 0.7068 -0.0131 -0.9086 0.4176 -0.0194 -0.888 0.4593 -0.0658 -0.8648 0.4978 -0.9734 -0.1522 0.1712 -0.9633 -0.2641 0.0477 -0.9845 -0.1708 0.0403 -0.8248 -0.5581 0.0901 -0.2525 -0.5865 0.7696 -0.3155 -0.7742 0.5487 -0.9674 -0.1647 -0.1923 -0.9723 -0.2094 -0.1034 -0.9512 -0.2559 -0.1721 -0.8463 -0.4718 -0.2473 -0.8341 -0.4066 -0.3727 -0.8104 -0.5828 -0.0599 -0.7034 -0.7098 -0.038 -0.1637 -0.8511 0.4988 -0.1072 -0.9516 0.288 -0.7345 -0.0929 -0.6722 -0.5692 -0.0921 -0.817 -0.3039 -0.0804 -0.9493 -0.2056 -0.0954 -0.974 -0.9245 0.0079 -0.3811 -0.9635 -0.0042 -0.2678 -0.9898 -0.0073 0.1426 -0.7255 -0.1098 0.6794 -0.774 -0.201 0.6004 0.702 -0.6704 0.2405 0.0178 -0.9499 0.312 0.6857 -0.5999 0.4122 0.6915 -0.6342 0.3457 0.6948 -0.6615 0.2821 0.7193 -0.6301 0.2924 0.7203 -0.575 0.3879 0.7133 -0.3009 0.6329 -0.0851 -0.241 0.9668 -0.079 -0.0907 0.9927 0.411 -0.0249 0.9113 0.721 -0.1312 0.6804 0.008 -0.0145 0.9999 -0.1764 -0.1092 0.9782 -0.1433 -0.0744 0.9869 -0.2238 -0.069 0.9722 -0.3428 -0.11 0.9329 -0.457 -0.096 0.8843 -0.3713 -0.0521 0.927 -0.4583 -0.1996 0.8661 -0.545 -0.0998 0.8325 -0.5814 -0.1275 0.8036 -0.6712 -0.074 0.7376 -0.85 -0.0855 0.5198 -0.8322 -0.0878 0.5474 -0.9458 -0.0315 0.3231 -0.9658 -0.0781 0.2474 -0.9802 -0.033 0.1952 -0.9831 -0.041 0.1783 -0.9999 -0.0075 0.013 -0.9706 -0.0314 -0.2387 -0.9896 -0.0992 -0.104 -0.7465 0.0345 -0.6645 -0.8358 -0.0112 -0.5489 -0.6136 -0.0219 -0.7893 -0.5027 -0.0552 -0.8627 -0.4374 0.0231 -0.899 -0.2462 0.017 -0.9691 -0.3763 0.0064 -0.9265 -0.1844 -0.0562 -0.9812 -0.1574 0.0059 -0.9875 -0.1755 -0.0328 -0.9839 -0.7919 -0.1363 -0.5952 -0.7318 -0.1325 -0.6685 -0.7742 -0.1899 -0.6038 -0.803 -0.2644 -0.5341 -0.8363 -0.2665 -0.4791 -0.8422 -0.3488 -0.4112 -0.7732 -0.5284 -0.3508 -0.6795 -0.6741 -0.2896 -0.6858 -0.6982 -0.2053 -0.5455 -0.8325 -0.097 -0.5691 -0.8027 -0.1784 -0.3867 -0.9219 -0.023 -0.3426 -0.935 0.0914 -0.2684 -0.9569 0.1115 -0.1639 -0.9644 0.2077 -0.1221 -0.9441 0.3061 -0.1236 -0.9132 0.3884 -0.1463 -0.9121 0.383 -0.1321 -0.8432 0.5211 -0.1723 -0.7678 0.6172 -0.1572 -0.7756 0.6113 -0.1355 -0.8156 0.5626 -0.0948 -0.8316 0.5472 -0.098 -0.7918 0.6029 -0.0531 -0.8507 0.523 -0.0682 -0.8036 0.5912 -0.0297 -0.8283 0.5595 -0.291 -0.9222 0.2546 -0.1466 -0.953 0.2651 -0.7705 -0.5862 -0.2504 -0.8884 -0.4566 -0.0477 -0.9592 -0.0986 -0.2648 -0.9952 -0.071 0.068 -0.1513 -0.8068 0.5712 -0.1804 -0.8677 0.4632 -0.5122 -0.857 0.0562 -0.3696 -0.8873 0.2758 -0.2717 -0.8535 0.4447 -0.3584 -0.6436 0.6763 -0.3526 -0.5274 0.773 -0.1866 -0.7015 0.6879 -0.41 -0.3773 0.8304 -0.2464 -0.4666 0.8494 -0.3638 -0.2624 0.8938 -0.5277 -0.8116 0.2505 -0.4323 -0.7655 0.4765 -0.5846 -0.5826 0.5646 -0.4302 -0.6726 0.6022 -0.5312 -0.5043 0.6809 -0.5392 -0.334 0.7731 -0.4812 -0.4327 0.7624 -0.5198 -0.2399 0.8199 -0.9001 -0.3609 0.244 -0.6649 -0.2252 0.7122 -0.627 -0.4155 0.659 -0.6085 -0.6593 0.4417 -0.6779 -0.7098 0.1917 -0.752 -0.5163 0.4097 -0.6906 -0.3232 0.6471 -0.7339 -0.4318 0.5244 -0.6686 -0.731 0.1363 -0.7337 -0.6215 0.2747 -0.8348 -0.2765 0.4761 -0.1515 -0.2805 0.9478 -0.2744 -0.2742 0.9217 -0.2624 -0.1658 0.9506 -0.9076 -0.1035 -0.4068 -0.9009 -0.2595 -0.3479 -0.9022 -0.3552 -0.2446 -0.9498 -0.3068 -0.0605 -0.9012 -0.4235 0.0927 -0.8396 -0.5012 0.2093 -0.8611 -0.3649 0.354 -0.897 -0.1751 0.4058 -0.0904 -0.9095 0.4058 -0.0585 -0.95 0.3067 -0.0726 -0.8309 0.5516 -0.0977 -0.7349 0.6711 -0.04 -0.8758 0.481 -0.161 -0.5868 0.7936 -0.2181 -0.4373 0.8725 -0.1578 -0.5746 0.8031 -0.2075 -0.3481 0.9142 -0.082 -0.8741 0.4788 -0.0392 -0.9189 0.3925 0.0122 -0.9414 0.3371 0.0148 -0.9257 0.378 -0.0259 -0.861 0.508 -0.0587 -0.7967 0.6015 -0.1151 -0.6737 0.73 -0.0916 -0.4365 0.895 -0.1628 -0.8208 0.5475 -0.1226 -0.8855 0.4481 -0.0523 -0.94 0.3372 -0.0088 -0.9499 0.3124 0.0161 -0.9153 0.4024 -0.1589 -0.4242 0.8915 -0.1258 0.2169 -0.968 -0.1518 0.9274 0.3419 -0.1266 0.9363 0.3275 -0.1533 0.8706 0.4674 -0.1253 0.8861 0.4462 -0.1238 0.7419 0.659 -0.129 -0.5462 0.8277 -0.1272 -0.6469 0.7519 -0.1269 -0.4354 0.8912 -0.1243 -0.3158 0.9406 -0.1446 -0.4233 0.8944 -0.1507 -0.5367 0.8302 -0.1503 -0.2294 0.9616 -0.1244 -0.1905 0.9738 -0.146 -0.3295 0.9328 -0.1252 -0.0633 0.9901 -0.1542 -0.107 0.9822 -0.1527 0.0341 0.9877 -0.1249 0.0656 0.99 -0.1267 0.1936 0.9729 -0.1273 0.3172 0.9398 -0.153 0.1699 0.9735 -0.1261 0.4353 0.8914 -0.1526 0.308 0.9391 -0.1251 0.5481 0.827 -0.1482 0.4312 0.89 -0.1249 0.6499 0.7497 -0.1482 0.5334 0.8328 -0.1509 0.7083 0.6896 -0.1513 0.6245 0.7663 -0.1255 0.8211 0.5569 -0.1537 0.7886 0.5954 -0.1262 0.9707 0.2045 -0.1253 0.9891 0.0775 -0.1529 0.9678 0.2 -0.1245 0.9909 -0.0517 -0.1541 0.9872 0.0406 -0.1253 0.9756 -0.1805 -0.1554 0.9804 -0.1209 -0.1275 0.9438 -0.305 -0.1268 0.8971 -0.4233 -0.157 0.9494 -0.2721 -0.1263 0.8342 -0.5369 -0.1533 0.8988 -0.4106 -0.1264 0.7582 -0.6396 -0.1453 0.8386 -0.525 -0.1466 0.7731 -0.6171 -0.1245 0.5685 -0.8132 -0.1499 0.5882 -0.7947 -0.1252 0.6692 -0.7325 -0.1517 0.6834 -0.7141 -0.1513 0.4906 -0.8581 -0.1245 0.4587 -0.8798 -0.1521 0.3794 -0.9127 -0.1243 0.3405 -0.932 -0.1539 0.2577 -0.9539 -0.1252 0.0995 -0.9871 -0.1594 0.1221 -0.9796 -0.1479 0.0488 -0.9878 -0.084 0.0999 -0.9914 -0.044 0.0983 -0.9942 0.7083 0.0547 -0.7038 0.6874 0.0731 -0.7226 -0.0362 0.0543 -0.9979 -0.0412 -0.7447 0.6661 -0.1257 -0.7362 0.665 -0.0784 -0.7425 0.6653 -0.1569 -0.6703 0.7253 0.692 0.7199 -0.053 -0.1252 0.9921 0.0083 0.6904 0.7202 0.0683 0.1826 0.9516 -0.2471 0.1817 0.9519 0.2466 -0.0453 0.9975 -0.0546 -0.0451 0.9958 0.0797 -0.042 0.9777 0.2056 0.6853 0.7127 0.1498 -0.042 0.9429 0.3304 0.6853 0.6873 0.2408 -0.042 0.8922 0.4496 0.6853 0.6504 0.3277 -0.042 0.8266 0.5613 0.6853 0.6025 0.4091 -0.042 0.747 0.6635 0.6853 0.5445 0.4837 -0.042 0.6548 0.7546 0.6853 0.4773 0.55 -0.042 0.5517 0.833 0.6853 0.4021 0.6072 -0.042 0.4393 0.8974 0.6853 0.3202 0.6541 -0.042 0.3195 0.9467 0.6853 0.2329 0.6901 -0.042 0.1943 0.98 0.6853 0.1416 0.7144 -0.042 0.0658 0.9969 0.6853 0.048 0.7267 -0.042 -0.0637 0.9971 0.6853 -0.0465 0.7268 -0.042 -0.1922 0.9805 0.6853 -0.1401 0.7147 -0.042 -0.3175 0.9473 0.6853 -0.2314 0.6905 -0.042 -0.4374 0.8983 0.6853 -0.3188 0.6548 -0.042 -0.55 0.8341 0.6853 -0.4009 0.608 -0.042 -0.6533 0.756 0.6853 -0.4762 0.551 0.6863 -0.5448 0.4819 -0.042 0.2189 -0.9749 0.6853 0.1595 -0.7106 -0.042 0.3432 -0.9383 0.6853 0.2501 -0.684 -0.042 0.4617 -0.886 0.6853 0.3365 -0.6459 -0.042 0.5725 -0.8188 0.6853 0.4173 -0.5969 -0.042 0.6736 -0.7379 0.6853 0.491 -0.5379 -0.042 0.7634 -0.6445 0.6853 0.5565 -0.4698 -0.042 0.8404 -0.5403 0.6853 0.6126 -0.3938 -0.042 0.9033 -0.427 0.6853 0.6584 -0.3113 -0.042 0.9509 -0.3065 0.6853 0.6932 -0.2234 -0.042 0.9826 -0.1809 0.6853 0.7162 -0.1319 -0.0843 0.2183 -0.9722 -0.0843 0.3422 -0.9358 -0.0843 0.4605 -0.8837 -0.0843 0.5709 -0.8167 -0.0843 0.6718 -0.7359 -0.0843 0.7614 -0.6428 -0.0843 0.8382 -0.5389 -0.0843 0.9009 -0.4259 -0.0843 0.9484 -0.3057 -0.0843 0.98 -0.1804 -0.0843 0.9951 -0.0521 -0.0843 0.9935 0.0771 -0.0843 0.9751 0.205 -0.0843 0.9404 0.3295 -0.0843 0.8899 0.4484 -0.0843 0.8244 0.5598 -0.0843 0.745 0.6617 -0.0843 0.6531 0.7526 -0.0843 0.5502 0.8308 -0.0843 0.4381 0.895 -0.0843 0.3186 0.9441 -0.0843 0.1937 0.9774 -0.0843 0.0656 0.9943 -0.0843 -0.0636 0.9944 -0.0843 -0.1917 0.9778 -0.0843 -0.3166 0.9448 -0.0843 -0.4362 0.8959 -0.0843 -0.5485 0.8319 -0.0843 -0.6515 0.7539 0.5992 0.7812 0.175 0.6165 0.7469 0.249 0.6961 0.6963 0.1747 0.7168 0.6513 0.249 0.781 0.5996 0.1744 0.9561 0.1652 0.2422 0.9752 0.1285 0.1803 0.9694 0.0303 0.2438 0.9838 0.0002 0.1794 0.9637 -0.1056 0.2451 0.9756 -0.1282 0.1785 0.9391 -0.2399 0.2461 0.9506 -0.2544 0.1777 0.1788 -0.954 0.2407 0.1284 -0.9749 0.1817 0.0432 -0.9695 0.2413 0.0001 -0.9835 0.1807 -0.0919 -0.9656 0.243 -0.1282 -0.9753 0.1798 -0.2258 -0.943 0.2444 -0.2544 -0.9504 0.179 -0.3557 -0.9018 0.2456 -0.3763 -0.9092 0.1781 -0.4788 -0.8426 0.2467 -0.4918 -0.8525 0.1773 -0.6959 -0.6963 0.176 -0.6947 -0.6753 0.248 -0.7809 -0.5995 0.1755 -0.7828 -0.5705 0.2485 -0.8526 -0.4924 0.175 -0.8553 -0.4545 0.2489 -0.9096 -0.3769 0.1747 -0.9107 -0.3294 0.2492 -0.9511 -0.2549 0.1745 0.965 0.2586 0.0443 0.704 0.1886 -0.6846 0.6734 0.2789 -0.6846 0.9905 0.1304 0.0443 0.7226 0.0951 -0.6846 0.999 0 0.0443 0.7289 0 -0.6846 0.9905 -0.1304 0.0443 0.7226 -0.0951 -0.6846 0.965 -0.2586 0.0443 0.704 -0.1886 -0.6846 0.923 -0.3823 0.0443 0.6734 -0.2789 -0.6846 0.8652 -0.4995 0.0443 0.6312 -0.3644 -0.6846 0.7926 -0.6082 0.0443 0.5783 -0.4437 -0.6846 0.7064 -0.7064 0.0443 0.5154 -0.5154 -0.6846 0.6082 -0.7926 0.0443 0.4437 -0.5783 -0.6846 0.4995 -0.8652 0.0443 0.3644 -0.6312 -0.6846 0.3823 -0.923 0.0443 0.2789 -0.6734 -0.6846 0.2586 -0.965 0.0443 0.1886 -0.704 -0.6846 0.1304 -0.9905 0.0443 0.0951 -0.7226 -0.6846 -0 -0.999 0.0443 -0 -0.7289 -0.6846 -0.1304 -0.9905 0.0443 -0.0951 -0.7226 -0.6846 0.3301 0.9253 0.1866 0.2582 0.9652 0.0421 -0.9664 0.2411 0.0887 -0.9295 0.3626 0.0667 -0.0996 0.7165 -0.6904 -0.0534 0.9982 0.0281 0.2372 0.9522 -0.1923 -0.3495 0.9369 -0.0079 -0.2806 0.669 -0.6883 -0.1957 0.6999 -0.6869 -0.3646 0.6291 -0.6865 -0.4442 0.5775 -0.685 -0.615 0.788 0.0282 -0.5204 0.8537 0.0202 -0.7113 0.7025 0.0256 -0.6397 0.7684 0.0195 -0.7731 0.6342 -0.005 -0.788 0.6149 0.0326 -0.8659 0.4987 0.0389 -0.9237 0.3808 0.0432 -0.858 0.5087 0.0716 -0.8914 0.4491 0.0603 -0.9625 0.2595 0.0793 -0.9876 0.1307 0.087 -0.9919 -0.0025 0.1267 -0.9498 -0.1891 0.2492 -0.9764 -0.1281 0.1739 -0.9664 -0.0684 0.2476 0.1156 0.8315 0.5433 0.7319 0.6713 0.1171 0.7544 0.6468 0.112 0.0452 0.8656 0.4988 0.0305 0.9983 0.0499 0.7477 0.6626 0.044 -0.2347 0.9532 -0.1904 0.0995 0.7201 -0.6867 0.0338 0.9848 0.1703 -0.0047 0.7199 -0.694 0.3982 0.9134 0.085 0.3688 0.9202 0.1309 0.3834 0.9226 0.0428 0.1311 0.9903 0.0454 0.7707 0.6324 0.0782 0.7059 0.7054 0.0642 0.5091 0.8249 0.2456 -0.1886 -0.704 -0.6846 -0.2586 -0.965 0.0443 -0.2578 -0.9621 0.0886 0.1886 0.704 -0.6846 0.2789 0.6734 -0.6846 -0.5178 0.5155 -0.6828 -0.578 0.4458 -0.6835 -0.6312 0.3644 -0.6846 -0.6734 0.2789 -0.6846 -0.2789 -0.6734 -0.6846 -0.3823 -0.923 0.0443 -0.3812 -0.9202 0.0886 -0.3793 -0.9157 0.1327 -0.704 0.1886 -0.6846 -0.965 0.2584 0.0455 -0.7226 0.0951 -0.6846 -0.9904 0.1308 0.0449 -0.7289 -0 -0.6846 -0.999 -0 0.0443 -0.996 0.0005 0.0892 -0.9863 0.126 0.1069 -0.3644 -0.6312 -0.6846 -0.4995 -0.8652 0.0443 -0.498 -0.8626 0.0886 -0.4956 -0.8584 0.1327 -0.7226 -0.0951 -0.6846 -0.9905 -0.1304 0.0443 -0.9875 -0.13 0.0886 -0.9827 -0.1291 0.133 0.9157 0.3793 0.1327 0.9085 0.3763 0.182 0.9499 0.2545 0.1811 0.3644 0.6312 -0.6846 0.4995 0.8652 0.0443 0.498 0.8626 0.0886 0.4956 0.8584 0.1327 0.4909 0.853 0.1769 -0.9574 -0.2565 0.1327 -0.9621 -0.2578 0.0886 -0.965 -0.2586 0.0443 -0.704 -0.1886 -0.6846 -0.9157 -0.3793 0.1327 -0.9202 -0.3812 0.0886 -0.923 -0.3823 0.0443 -0.6734 -0.2789 -0.6846 -0.8584 -0.4956 0.1327 -0.8626 -0.498 0.0886 -0.8652 -0.4995 0.0443 -0.6312 -0.3644 -0.6846 -0.7863 -0.6034 0.1327 -0.7902 -0.6064 0.0886 -0.7926 -0.6082 0.0443 -0.5783 -0.4437 -0.6846 -0.7009 -0.7009 0.1327 -0.7043 -0.7043 0.0886 -0.7064 -0.7064 0.0443 -0.5154 -0.5154 -0.6846 -0.5927 -0.7665 0.2474 -0.599 -0.781 0.1765 -0.6034 -0.7863 0.1327 -0.6064 -0.7902 0.0886 -0.6082 -0.7926 0.0443 -0.4437 -0.5783 -0.6846 -0.13 -0.9875 0.0886 -0.2565 -0.9574 0.1327 0 -0.9961 0.0886 -0.1294 -0.9827 0.1327 0.13 -0.9875 0.0886 0 -0.9912 0.1327 0.2578 -0.9621 0.0886 0.1294 -0.9827 0.1327 0.3812 -0.9202 0.0886 0.2565 -0.9574 0.1327 0.498 -0.8626 0.0886 0.3793 -0.9157 0.1327 0.2513 -0.9512 0.1792 0.377 -0.9097 0.1743 0.307 -0.9191 0.2469 0.6064 -0.7902 0.0886 0.4956 -0.8584 0.1327 0.4924 -0.8527 0.1746 0.4401 -0.8626 0.2496 0.7043 -0.7043 0.0886 0.6034 -0.7863 0.1327 0.5995 -0.781 0.1749 0.5579 -0.7917 0.2491 0.7902 -0.6064 0.0886 0.7009 -0.7009 0.1327 0.6963 -0.696 0.1752 0.6639 -0.7052 0.2487 0.8626 -0.498 0.0886 0.7863 -0.6034 0.1327 0.7812 -0.5991 0.1757 0.7568 -0.6047 0.2483 0.9202 -0.3812 0.0886 0.8584 -0.4956 0.1327 0.8526 -0.4919 0.1763 0.8346 -0.4921 0.2477 0.9621 -0.2578 0.0886 0.9157 -0.3793 0.1327 0.9875 -0.13 0.0886 0.9574 -0.2565 0.1327 0.9094 -0.3764 0.177 0.8958 -0.3696 0.247 0.9961 -0 0.0886 0.9827 -0.1294 0.1327 0.9875 0.13 0.0886 0.9912 -0 0.1327 0.923 0.3823 0.0443 0.9621 0.2578 0.0886 0.9827 0.1294 0.1327 0.9202 0.3812 0.0886 0.9574 0.2565 0.1327 0.8083 0.5362 0.2431 0.8537 0.4888 0.1794 0.8584 0.4956 0.1327 0.8626 0.498 0.0886 0.8652 0.4995 0.0443 0.6312 0.3644 -0.6846 0.8749 0.4207 0.2398 0.9236 0.2975 0.2417 0.7863 0.6034 0.1327 0.7902 0.6064 0.0886 0.7926 0.6082 0.0443 0.5783 0.4437 -0.6846 0.7009 0.7009 0.1327 0.7043 0.7043 0.0886 0.7064 0.7064 0.0443 0.5154 0.5154 -0.6846 0.6034 0.7863 0.1327 0.6064 0.7902 0.0886 0.6082 0.7926 0.0443 0.4437 0.5783 -0.6846 0.6932 0.5221 0.4969 0.3182 0.812 0.4892 0.6921 0.5851 0.4227 0.2637 0.857 0.4428 0.6927 0.6355 0.341 0.053 0.7172 0.6949 0.1039 0.7025 0.704 0.1665 0.7169 0.677 0.2464 0.725 0.6432 0.3067 0.7491 0.5872 0.4157 0.3688 0.8314 0.4576 0.4769 0.7505 0.5225 0.1743 0.8346 0.6332 0.2053 0.7463 0.5475 0.0612 0.8346 0.6603 0.0673 0.7479 0.5456 -0.0859 0.8336 0.6521 -0.1148 0.7494 0.4983 -0.2345 0.8347 0.5939 -0.2927 0.7494 0.4143 -0.364 0.8342 0.4896 -0.446 0.7493 0.2989 -0.4637 0.8341 0.3468 -0.5652 0.7485 0.1876 -0.5202 0.8332 0.0731 -0.5481 0.8332 0.1767 -0.6416 0.7464 -0.0763 -0.5493 0.8321 -0.0095 -0.6621 0.7494 -0.195 -0.6327 0.7494 -0.3076 -0.4529 0.8368 -0.3651 -0.5526 0.7492 -0.4139 -0.3649 0.834 -0.5037 -0.4299 0.7493 -0.4974 -0.2383 0.8342 -0.6022 -0.2765 0.7489 -0.5434 -0.1109 0.8321 -0.6494 -0.1354 0.7483 0.6873 0.6266 0.3674 0.7684 0.5246 0.3667 0.8351 0.4097 0.367 0.916 0.1609 0.3674 0.9296 0.0302 0.3674 0.9245 -0.1011 0.3674 0.9011 -0.2303 0.3674 0.8596 -0.355 0.3674 0.8011 -0.4726 0.3674 0.7265 -0.5807 0.3674 0.6374 -0.6773 0.3674 0.5357 -0.7603 0.3674 0.4229 -0.8285 0.3671 0.3027 -0.8796 0.367 0.045 -0.929 0.3674 -0.0863 -0.926 0.3674 -0.216 -0.9046 0.3674 -0.3413 -0.8652 0.3674 -0.4598 -0.8085 0.3674 -0.667 -0.6481 0.3674 -0.7517 -0.5477 0.3674 -0.8214 -0.4363 0.3674 -0.8746 -0.3163 0.3674 -0.9117 -0.1855 0.3666 0.5408 0.5432 0.6422 0.5582 0.6631 0.4987 0.5953 0.7162 0.3642 -0.9206 -0.0863 0.3808 -0.7774 -0.0757 0.6244 -0.5691 -0.7356 0.3674 -0.7592 -0.1522 0.6328 -0.845 -0.1707 0.5068 -0.7286 -0.2594 0.6339 -0.8108 -0.2932 0.5066 -0.7614 -0.4045 0.5066 -0.6786 -0.3679 0.6358 -0.6266 -0.4483 0.6375 -0.6968 -0.5077 0.5066 -0.5488 -0.5426 0.6359 -0.6183 -0.6008 0.5066 -0.4767 -0.6052 0.6375 -0.5275 -0.6819 0.5066 -0.3757 -0.6742 0.6359 -0.4262 -0.7495 0.5066 -0.2052 -0.5129 0.8335 -0.2889 -0.7143 0.6374 -0.3164 -0.802 0.5066 -0.2002 -0.8386 0.5066 -0.1729 -0.7523 0.6358 -0.0782 -0.7665 0.6375 -0.0801 -0.8584 0.5066 0.044 -0.7705 0.6359 0.0417 -0.8612 0.5066 0.1386 -0.7578 0.6375 0.1626 -0.8467 0.5066 0.1764 -0.9133 0.367 0.2572 -0.7277 0.6359 0.2802 -0.8154 0.5066 0.3446 -0.6891 0.6374 0.3923 -0.7677 0.5066 0.4966 -0.7048 0.5066 0.4499 -0.6272 0.6358 0.5232 -0.5656 0.6375 0.5909 -0.6278 0.5066 0.607 -0.4766 0.6359 0.6735 -0.5383 0.5066 0.6601 -0.3972 0.6375 0.7426 -0.4381 0.5066 0.7159 -0.2884 0.6359 0.7969 -0.3291 0.5066 0.7448 -0.1973 0.6374 0.8353 -0.2135 0.5066 0.8571 -0.0937 0.5066 0.768 -0.0774 0.6358 0.7703 0.0183 0.6375 0.8617 0.028 0.5066 0.759 0.14 0.6359 0.8492 0.1491 0.5066 0.7349 0.2372 0.6353 0.8197 0.2672 0.5066 0.8841 0.2891 0.3671 0.6963 0.3375 0.6335 0.7739 0.3801 0.5066 0.7126 0.4853 0.5066 0.6288 0.4432 0.6389 0.5693 0.3416 0.7478 0.4748 0.2865 0.8322 0.64 0.5779 0.5064 -0.2678 0.1125 0.9569 0.0462 0.1008 0.9938 0.1098 0.0336 0.9934 0.0796 -0.0867 0.9931 -0.0654 -0.1012 0.9927 -0.0978 -0.0437 0.9942 0.938 0.1339 0.3196 0.2023 0.1294 0.9707 0.7222 0.1458 0.6762 0.6659 0.2785 0.6921 0.3919 0.2127 0.8951 -0.4304 -0.1069 0.8963 -0.3876 -0.2146 0.8965 -0.3178 -0.3081 0.8967 -0.206 -0.3904 0.8973 -0.0934 -0.4309 0.8975 0.0193 -0.4399 0.8978 0.1554 -0.4122 0.8978 0.2626 -0.3569 0.8965 0.3466 -0.2761 0.8965 0.4143 -0.1554 0.8968 0.4403 -0.0347 0.8972 0.4313 0.076 0.899 0.332 0.0644 0.9411 0.3311 -0.0563 0.9419 0.2954 -0.159 0.9421 0.2184 -0.2533 0.9424 0.1298 -0.3106 0.9416 0.0125 -0.3373 0.9413 -0.091 -0.3237 0.9418 -0.2011 -0.2713 0.9412 -0.2779 -0.1858 0.9425 -0.325 -0.0895 0.9415 0.227 -0.0018 0.9739 0.1811 -0.1402 0.9734 0.0485 -0.2197 0.9744 -0.0945 -0.2092 0.9733 -0.1927 -0.1255 0.9732 -0.0321 0.4646 -0.8849 -0.103 0.2873 -0.9523 -0.9904 0.0016 -0.1382 0.7184 0.2385 -0.6534 0.0122 0.9996 0.0249 -0.9892 0.0116 0.1463 -0.9899 0.0364 0.1373 -0.989 0.1136 0.0947 -0.5466 0.8371 -0.0239 -0.4442 0.8958 -0.0153 -0.2257 0.9741 -0.0109 -0.1118 0.9936 0.0158 -0.0858 0.9961 -0.0197 0.6965 0.7172 -0.0221 -0.1272 0.9774 -0.1686 -0.1445 0.9862 -0.081 -0.0672 0.9738 -0.2174 0.7182 0.6704 -0.1866 0.6958 0.711 -0.1016 0.7209 0.58 -0.3792 0.7201 0.6285 -0.294 -0.0141 0.7173 -0.6966 0.7354 0.4847 -0.4735 0.7303 0.35 -0.5867 0.7216 0.1289 -0.6802 -0.0836 0.0798 -0.9933 -0.3277 0.0852 -0.9409 -0.5729 0.0989 -0.8136 -0.7886 0.1435 -0.5979 -0.8705 0.1411 -0.4715 -0.9518 0.0952 -0.2914 -0.9908 0.0783 -0.11 -0.9967 0.0557 0.0586 -0.9903 0.1386 -0.0033 -0.9676 0.1595 -0.1958 -0.9709 0.219 -0.0968 -0.917 0.2567 -0.3054 -0.7342 0.5395 -0.4123 -0.9606 0.2774 -0.0171 -0.9765 0.2082 0.0562 -0.8588 0.4716 -0.2001 -0.9179 0.3881 -0.0825 -0.9427 0.3313 0.0391 -0.8387 0.5445 0.013 -0.9019 0.432 -0.0009 -0.8557 0.5096 -0.0902 -0.6818 0.713 -0.1639 -0.7744 0.6226 -0.1129 -0.776 0.5829 -0.2409 -0.0445 0.9221 -0.3844 -0.1481 0.943 -0.298 -0.2302 0.9634 -0.1376 -0.3268 0.9418 -0.0784 -0.0756 0.1725 -0.9821 -0.3782 0.4972 -0.7809 -0.2194 0.4946 -0.841 -0.1326 0.4101 -0.9024 -0.0384 0.3064 -0.9511 -0.2827 0.5955 -0.752 -0.1122 0.5802 -0.8067 -0.0415 0.6196 -0.7838 -0.1786 0.6851 -0.7062 -0.2471 0.7713 -0.5865 -0.3589 0.6815 -0.6378 -0.5231 0.6354 -0.568 -0.1014 0.7618 -0.6399 -0.1002 0.8686 -0.4853 -0.1741 0.8358 -0.5206 -0.3429 0.8443 -0.4118 -0.457 0.7576 -0.466 -0.4078 0.8624 -0.2999 -0.4563 0.8672 -0.1994 -0.5337 0.788 -0.3071 -0.4752 0.8745 -0.0971 -0.573 0.8065 -0.1458 -0.6716 0.7397 -0.0419 -0.0383 0.1394 -0.9895 -0.2394 0.904 -0.3543 -0.2883 0.924 -0.2514 -0.3381 0.9268 -0.1632 -0.1807 0.1504 -0.972 -0.2345 0.2854 -0.9293 -0.3961 0.1571 -0.9047 -0.3285 0.3637 -0.8717 -0.4927 0.2639 -0.8292 -0.6578 0.2419 -0.7133 -0.5285 0.394 -0.752 -0.4858 0.5571 -0.6735 -0.885 0.2261 -0.4069 -0.6472 0.4061 -0.6452 -0.6443 0.5294 -0.5519 -0.6065 0.6466 -0.4627 -0.643 0.6699 -0.3712 -0.6726 0.6823 -0.2865 -0.9253 0.3297 -0.1874 -0.8361 0.4071 -0.3677 -0.7702 0.384 -0.5093 -0.7783 0.2594 -0.5719 0.7713 0.5377 0.3405 1 -0 0.0001 0.7806 0.467 0.4155 -0.6731 0.5603 -0.4827 -0.0005 0.5436 0.8394 0.6715 0.5621 -0.4829 0.4828 0.5622 -0.6715 -0.8392 0.5438 0 0.4828 0.5622 0.6715 -0.347 0.0163 -0.9377 -0.2758 0.0778 -0.958 -0.3242 0.0792 -0.9427 -0.3998 -0.0273 -0.9162 -0.2747 0.0041 -0.9615 -0.3307 -0.062 -0.9417 -1 -0.0002 -0.0006 -0.993 -0.0817 0.0854 -0.993 -0.1018 -0.0591 -0.993 0.0364 -0.112 -0.9929 0.1184 0.0096 -0.993 0.0415 0.1103 -0.8643 -0.5026 0.0205 -0.8961 -0.4329 0.0985 -0.8426 -0.526 0.1157 -0.9005 -0.4348 0.0016 -0.9401 -0.2891 -0.1809 -0.9055 -0.4129 -0.0975 -0.9417 -0.3288 -0.0709 -0.8993 -0.3002 -0.318 -0.8633 -0.3729 -0.3402 -0.9035 -0.3646 -0.2252 -0.898 0.0326 0.4388 -0.8442 0.0936 0.5277 -0.847 0.1805 0.4999 -0.8972 0.1747 0.4055 -0.8283 0.3192 0.4605 -0.8204 0.4381 0.3675 -0.8966 0.3066 0.3195 -0.8406 0.4524 0.2978 -0.841 0.4992 0.2086 -0.8987 0.3935 0.1938 -0.8194 0.5582 0.13 -0.84 0.5422 0.0209 -0.8986 0.4357 0.0519 -0.8467 0.5291 -0.0564 -0.8432 0.5174 -0.1461 -0.8985 0.4283 -0.096 -0.8489 0.479 -0.2235 -0.8448 0.4365 -0.3094 -0.8978 0.3758 -0.2295 -0.8372 0.3834 -0.39 -0.8968 0.3074 -0.3182 -0.8373 0.331 -0.4353 -0.8445 0.2418 -0.4778 -0.8971 0.2103 -0.3887 -0.8345 0.1628 -0.5263 -0.8428 0.0609 -0.5347 -0.8971 0.0731 -0.4358 -0.8453 -0.02 -0.5339 -0.8452 -0.1137 -0.5222 -0.8971 -0.0755 -0.4353 -0.8438 -0.1949 -0.5 -0.8266 -0.3627 -0.4304 -0.8963 -0.214 -0.3883 -0.8294 -0.2823 -0.482 -0.841 -0.4938 0.2211 -0.8973 -0.3955 0.1962 -0.8478 -0.4409 0.2948 -0.8421 -0.3955 0.3667 -0.8972 -0.3109 0.3137 -0.8478 -0.3203 0.4227 -0.8416 -0.2586 0.4742 -0.8972 -0.192 0.3978 -0.8456 -0.1735 0.5048 -0.8971 -0.0743 0.4356 -0.8491 -0.0779 0.5225 -0.8473 0.0036 0.5311 -0.9422 -0.2134 -0.2583 -0.9405 -0.1147 -0.3199 -0.9423 -0.0019 -0.3349 -0.9405 0.1117 -0.3209 -0.9425 0.2097 -0.2604 -0.94 0.2906 -0.1788 -0.9412 0.3297 -0.073 -0.9395 0.3401 0.042 -0.9412 0.3024 0.1505 -0.9395 0.2386 0.246 -0.9405 0.1431 0.3083 -0.9403 0.0314 0.339 -0.9418 -0.0839 0.3256 -0.9419 -0.1839 0.281 -0.942 -0.2727 0.1956 -0.9421 -0.3271 0.0737 -0.9737 -0.0423 0.2239 -0.973 -0.1591 0.1674 -0.9743 -0.2229 0.0325 -0.9733 -0.1968 -0.1179 -0.9746 -0.0774 -0.2103 -0.9734 0.0739 -0.217 -0.9746 0.1893 -0.1199 -0.9734 0.2277 0.0265 -0.9739 0.1619 0.1589 -0.9734 0.0615 0.2207 -0.8674 -0.4886 -0.0944 -0.865 -0.4603 -0.1997 -0.8445 -0.5306 -0.0729 -0.849 -0.4451 -0.2846 -0.845 -0.5059 -0.1733 -0.8291 -0.4873 -0.274 -0.8339 -0.4185 -0.3597 -0.841 -0.5405 0.0218 -0.829 -0.5383 0.1516 -0.8133 0.5792 0.0555 -0.8237 -0.5248 0.2147 -0.8282 -0.4764 0.2951 -0.8169 -0.4244 0.3905 -0.8258 -0.3445 0.4465 -0.8165 -0.2629 0.514 -0.8275 -0.1607 0.538 -0.8271 -0.0882 0.5551 -0.824 0.0038 0.5665 -0.8178 0.1164 0.5636 -0.8282 0.2086 0.5202 -0.8199 0.2799 0.4995 -0.8273 0.3872 0.4069 -0.8127 0.496 0.3058 -0.8105 0.5514 0.1976 -0.8268 0.5608 -0.0436 -0.8181 0.5515 -0.1632 -0.8267 0.5091 -0.2394 -0.8229 0.4761 -0.3103 -0.8176 0.4248 -0.3887 -0.8175 0.3215 -0.4778 -0.8244 0.224 -0.5198 -0.8246 0.1037 -0.5561 -0.8176 -0.002 -0.5757 -0.8234 -0.1015 -0.5583 -0.8123 -0.2093 -0.5444 -0.8107 -0.3351 -0.4801</float_array><technique_common><accessor count="1436" source="#_04_05_ELBOW_URDF-mesh-slim-nrm-array" stride="3"><param type="float" name="X"/><param type="float" name="Y"/><param type="float" name="Z"/></accessor></technique_common></source><source id="_04_05_ELBOW_URDF-mesh-slim-pos"><float_array count="4308" id="_04_05_ELBOW_URDF-mesh-slim-pos-array">18.39776 -40.23143 -41.36232 18.40523 -40.028 -41.97923 18.39776 -22.15725 -53.30227 18.39776 -20.56119 -61.23537 18.39776 -28.65267 -78.43831 18.39776 -29.85188 -83.18439 18.38268 -32.13 -88.54521 18.39776 -26.56771 -51.24297 18.39776 -30.65108 -48.90515 18.39776 -27.092 -73.81349 18.39776 -25.35904 -69.71683 18.39776 -23.12071 -65.36891 18.39692 -35.14939 -66.14009 18.39786 -33.93738 -73.8981 18.39776 -34.65706 -46.14622 18.40067 -37.36799 -54.0482 18.39776 -17.74246 -54.93217 -0.599938 -13.19179 -55.88922 -0.599925 -19.2512 -63.57905 -0.600418 -22.12741 -52.96684 -0.596248 -35.56282 -45.05601 -0.599931 -22.13879 -68.16177 -0.595254 -32.24773 -62.38605 -0.599996 -31.41586 -67.94504 -0.599895 -15.72442 -59.98219 -0.599938 -24.46534 -73.92828 -0.599996 -29.84961 -79.60681 -0.599941 -25.08977 -76.49658 -0.599996 -29.84919 -79.61086 -0.599949 -26.21327 -81.11764 -0.597378 -12.76729 -57.94004 -0.599993 -27.44257 -90.93115 -0.59537 -28.6677 -91.03965 -0.5999 -27.65137 -91.0448 7.378717 -29.12357 -91.05693 16.14032 -31.14798 -90.99698 -0.590667 -30.57162 -48.59207 13.88231 -21.63434 -53.42051 7.231851 -13.4191 -56.25699 5.547348 -18.96459 -54.47128 18.07661 -23.77987 -52.21467 18.07539 -22.04226 -53.02608 16.11326 -16.41747 -55.19437 18.13785 -17.55519 -54.68312 17.32976 -33.25494 -46.85088 18.04573 -28.41424 -49.93593 11.60827 -37.29871 -43.64905 3.643443 -35.7497 -44.91156 6.932229 -25.83212 -51.52929 13.73375 -29.28305 -90.7809 13.79343 -27.83998 -81.72168 18.2003 -29.18529 -81.69618 18.20099 -29.57631 -83.24269 18.19889 -28.38175 -78.51813 13.82107 -25.90703 -74.93583 18.1984 -27.92098 -77.15326 18.19723 -26.82756 -73.91439 18.19744 -26.32098 -72.71665 18.19795 -25.10272 -69.83625 13.92883 -22.03311 -66.49026 18.19988 -24.37498 -68.42108 18.20386 -22.8765 -65.50711 18.20804 -22.11927 -64.28099 18.21788 -20.33337 -61.38922 13.9329 -17.84754 -60.62664 18.22409 -19.55649 -60.32603 18.29272 -16.90219 -56.70921 16.74547 -15.91804 -56.74889 7.942505 -16.0737 -60.41939 9.202954 -19.58531 -64.26172 3.359304 -15.5991 -60.25511 6.807558 -27.86067 -90.78394 4.231895 -27.62696 -90.77811 2.301758 -27.45182 -90.77374 12.63317 -28.9751 -90.78322 6.96707 -26.45554 -81.46276 8.194376 -28.07816 -90.85167 9.173286 -22.09488 -68.29251 9.121263 -24.92695 -74.63553 4.324108 -21.64031 -67.91336 4.41171 -24.47593 -74.27899 4.34187 -19.02213 -63.87773 16.05158 -31.17394 -90.4674 17.67256 -31.7483 -90.06425 17.27493 -31.64276 -89.74577 17.87435 -31.96792 -88.53992 11.82085 -30.02153 -90.54646 4.165606 -29.04613 -90.54347 8.286442 -29.36063 -90.54509 -0.090276 -28.74514 -90.54945 -0.092929 -28.99169 -87.5828 -0.09301 -29.96846 -79.62654 -0.09309 -30.92649 -71.82295 -0.09313 -31.40111 -67.95684 -0.093131 -31.40324 -67.94518 6.394708 -35.93415 -45.17137 -0.093579 -35.55095 -45.53932 15.38899 -38.67063 -42.83814 17.92404 -39.95218 -41.64275 18.26234 -40.27278 -40.97047 18.2115 -40.25704 -40.94651 18.16434 -40.23624 -40.948 17.52057 -39.82755 -41.37589 18.38101 -40.26812 -41.18823 18.37159 -40.27397 -41.14925 18.34126 -40.28174 -41.06775 18.33161 -40.28167 -41.05185 18.31043 -40.28152 -41.01695 18.29168 -40.27908 -40.99505 17.92294 -37.52624 -53.3067 17.92377 -39.65332 -42.87221 17.92334 -38.32368 -49.39494 17.92206 -35.26737 -64.38774 17.92197 -35.05982 -65.4059 17.92192 -34.99621 -65.88159 17.92036 -33.29503 -78.60454 17.92058 -33.53668 -76.79729 17.97733 -30.55781 -89.58972 16.43679 -30.28529 -90.87394 -0.598204 -12.43708 -57.16456 -0.599617 -12.66598 -56.30914 14.69014 -15.01338 -56.22802 12.40877 -14.72959 -55.88332 5.180735 -12.86046 -58.07106 5.38345 -12.77704 -56.79154 5.291548 -12.65382 -57.38 9.675916 -13.6534 -57.90862 9.73798 -13.43023 -57.036 13.60118 -14.66829 -57.34255 18.14829 -26.43139 -50.98055 18.15158 -30.49409 -48.65523 18.39009 -38.25104 -43.11554 18.36749 -38.20854 -43.06778 18.33111 -38.1705 -43.02502 18.28281 -38.13887 -42.98946 18.22505 -38.11525 -42.96293 18.16079 -38.10086 -42.94675 18.15582 -34.48003 -45.91108 18.22121 -34.4926 -45.92779 18.28014 -34.51379 -45.95592 18.32951 -34.54248 -45.99403 18.36675 -34.57716 -46.04011 18.3899 -34.61604 -46.09173 18.21792 -30.50486 -48.67238 18.27784 -30.52345 -48.70197 18.32813 -30.54886 -48.74243 18.36611 -30.57974 -48.79158 18.38974 -30.61443 -48.84681 18.38961 -26.5357 -51.18135 18.36561 -26.50542 -51.12307 18.32706 -26.47854 -51.07131 18.27605 -26.45649 -51.02887 18.21536 -26.44049 -50.99805 18.14568 -22.04342 -53.02887 18.21333 -22.05084 -53.04669 18.27463 -22.06411 -53.07857 18.32621 -22.08251 -53.12276 18.36521 -22.10501 -53.1768 18.38951 -22.13039 -53.23776 18.14387 -17.65123 -54.65011 18.21193 -17.65708 -54.6682 18.27365 -17.66766 -54.70093 18.32561 -17.6824 -54.74648 18.36494 -17.70047 -54.80234 18.38944 -17.72086 -54.8654 18.39888 -17.09483 -55.21061 18.28398 -17.08207 -54.98204 18.30239 -16.63614 -55.88345 18.38012 -16.79375 -56.38841 18.26447 -28.41343 -78.5088 18.2633 -26.85824 -73.90268 18.26381 -25.13256 -69.82234 18.26799 -22.90572 -65.49057 18.27781 -20.36233 -61.36966 18.39086 -17.62959 -57.3507 18.3376 -17.53865 -57.42314 18.3705 -17.58188 -57.3887 18.29368 -17.5019 -57.45241 18.32811 -20.40192 -61.34292 18.3661 -20.45003 -61.31044 18.32219 -22.94746 -65.46695 18.36334 -22.99929 -65.43763 18.31967 -25.17604 -69.80208 18.36216 -25.23055 -69.77669 18.31936 -26.90306 -73.88558 18.36201 -26.95931 -73.86412 18.32007 -28.45945 -78.49524 18.36235 -28.51704 -78.47827 18.26596 -29.60885 -83.23581 18.32097 -29.65578 -83.22588 18.36277 -29.71432 -83.21349 18.3904 -30.62326 -88.0528 18.38974 -20.50409 -61.27394 18.38903 -23.05818 -65.4043 18.38872 -25.2928 -69.74768 18.38868 -27.02359 -73.8396 18.38877 -28.58277 -78.45891 18.38888 -29.781 -83.19939 18.38893 -30.61136 -88.05435 18.36298 -30.54396 -88.06319 18.3422 -30.51435 -88.06707 18.32142 -30.48473 -88.07094 18.26671 -30.43717 -88.07717 18.23267 -30.50517 -88.72102 15.48109 -29.78805 -90.84987 15.47147 -29.81966 -90.9167 15.45725 -29.86603 -90.97332 15.57827 -29.97002 -91.03656 16.32206 -30.04805 -90.76441 17.2974 -30.39385 -90.35279 18.32003 -30.67388 -88.69657 12.62926 -28.99037 -90.85646 2.290168 -27.67874 -91.04129 6.805413 -27.87615 -90.85717 0.965296 -27.46774 -90.96469 2.293578 -27.609 -91.01447 2.296612 -27.54807 -90.97121 2.299081 -27.49972 -90.91419 2.300833 -27.46695 -90.84698 6.837741 -28.11502 -91.05541 6.786204 -28.01837 -91.02388 6.794393 -27.95753 -90.981 6.800931 -27.90912 -90.92424 8.162754 -28.29244 -91.05127 8.173909 -28.22323 -91.025 8.18369 -28.16259 -90.98218 8.191487 -28.11431 -90.92549 12.59471 -29.12957 -91.02275 12.60951 -29.07009 -90.97997 12.62127 -29.02271 -90.92337 4.471329 -35.90499 -45.3972 11.10845 -37.16495 -44.25673 13.82476 -38.21354 -43.48177 17.84356 -40.11981 -41.71377 -0.0918 -29.24509 -87.05769 -0.090679 -30.88288 -73.8217 -0.090425 -31.61603 -67.98153 -0.092036 -33.4926 -57.61036 -0.085875 -33.86585 -55.00416 -0.092511 -28.92245 -90.55935 8.286431 -29.56495 -90.56178 17.85121 -32.22714 -88.02668 17.66036 -32.05579 -89.07086 16.83794 -31.68189 -90.06235 15.70734 -31.25889 -90.54875 17.84305 -39.38861 -45.13764 17.8433 -38.51302 -49.43689 17.84378 -36.8489 -57.60786 17.84182 -35.27539 -65.35376 17.84683 -34.13029 -73.82888 17.84775 -33.72894 -76.82299 18.38746 -70.52697 -14.38434 18.37213 -70.53915 -14.33845 18.25944 -70.5725 -14.21265 18.24942 -70.5744 -14.20552 18.1749 -71.19212 -14.33351 18.19265 -70.58098 -14.18063 18.09331 -71.42964 -14.35697 18.31623 -70.56016 -14.25919 18.29963 -70.56493 -14.24121 18.22254 -71.19747 -14.37036 18.34114 -70.553 -14.28617 18.39708 -70.50686 -14.41456 18.3121 -71.18928 -14.46493 17.77284 -72.31188 -14.45944 15.46125 -73.38557 -13.96288 17.05587 -73.01725 -14.44975 16.20474 -73.29952 -14.1324 15.44894 -73.43816 -14.00963 18.15528 -71.69795 -14.62968 15.43375 -73.47783 -14.06706 15.41655 -73.50233 -14.13193 18.39776 -67.13416 -13.24931 18.36165 -67.19335 -13.11948 18.31858 -67.2184 -13.06454 18.37958 -59.38171 -7.05928 18.35739 -59.41889 -7.029755 18.36235 -61.58324 -9.380745 18.26202 -67.2383 -13.0209 18.19362 -69.40692 -13.76116 18.29015 -59.48144 -6.980072 18.26413 -59.22204 -6.695178 18.26449 -61.65673 -9.30159 18.24715 -59.50491 -6.961426 18.19917 -60.84725 -8.378853 18.32008 -61.62409 -9.336747 18.39318 -59.34207 -7.090767 18.382 -59.17726 -6.863157 18.38877 -61.53662 -9.430954 18.39776 -61.48703 -9.48436 18.19723 -64.16952 -11.25966 18.2633 -64.15109 -11.28684 18.19848 -62.32192 -9.788987 18.19891 -61.6792 -9.277382 18.19634 -65.67943 -12.10789 18.19541 -67.25183 -12.99121 18.31936 -64.12414 -11.32653 18.36201 -64.09033 -11.37633 18.38868 -64.05169 -11.43325 18.38859 -67.16469 -13.18235 18.39776 -64.01056 -11.49384 18.15119 -56.88497 -7.832695 18.12656 -56.93352 -7.571484 18.21762 -56.90497 -7.835457 18.27763 -56.93957 -7.840233 18.32801 -56.9869 -7.846771 18.36605 -57.04443 -7.854713 18.38972 -57.10909 -7.863647 18.29575 -57.07204 -7.319292 18.29811 -57.65741 -6.659247 18.33405 -59.1843 -6.746587 18.39234 -57.3704 -7.117795 18.37936 -58.60019 -6.515209 18.0842 -56.1291 -12.00587 18.08769 -55.02699 -16.20496 18.10973 -55.8788 -13.25463 18.15436 -55.66746 -14.0712 18.22406 -53.78596 -20.14394 18.13032 -54.00753 -19.52579 18.15951 -53.76587 -20.13639 18.14053 -52.08043 -24.14154 18.1817 -52.08311 -24.15691 18.14718 -52.0802 -24.14448 18.28212 -53.81915 -20.15642 18.3307 -53.86372 -20.17317 18.33292 -52.20556 -24.13485 18.29343 -52.14986 -24.15713 18.28461 -52.14062 -24.15989 18.24294 -52.10418 -24.16785 18.38923 -52.38333 -24.03528 18.38576 -52.35256 -24.05499 18.3673 -53.9174 -20.19334 18.3651 -52.2896 -24.09 18.34233 -52.22328 -24.12646 18.39005 -53.97741 -20.21591 18.39776 -54.04067 -20.23969 18.39776 -54.61277 -18.64698 18.38998 -54.54859 -18.62499 18.36707 -54.48773 -18.60413 18.3302 -54.43335 -18.5855 18.28128 -54.38827 -18.57005 18.22285 -54.35482 -18.55859 18.15794 -54.33474 -18.55171 18.39776 -55.95302 -14.14363 18.38985 -55.88668 -14.12681 18.36653 -55.82384 -14.11087 18.32904 -55.76781 -14.09666 18.27935 -55.72155 -14.08493 18.22008 -55.6875 -14.07629 18.39776 -56.34476 -12.49794 18.38981 -56.27779 -12.48303 18.36638 -56.21437 -12.46892 18.32871 -56.15786 -12.45634 18.27879 -56.11125 -12.44598 18.21928 -56.07703 -12.43836 18.15333 -56.05699 -12.4339 13.37479 -69.34043 -12.35709 12.46582 -73.33194 -13.21616 7.12944 -73.29004 -12.30232 7.701203 -73.33664 -12.41141 11.27206 -73.5373 -14.23727 7.674479 -73.50805 -12.61839 1.52462 -73.32962 -11.93686 0.184532 -73.40494 -11.95379 -0.600017 -73.47447 -12.00658 1.523556 -73.38859 -11.97229 1.522189 -73.43795 -12.02022 1.520592 -73.47507 -12.07812 1.518849 -73.49803 -12.14297 6.357075 -73.39616 -12.28998 6.35192 -73.44623 -12.3381 6.345698 -73.48379 -12.39639 6.338746 -73.50683 -12.46173 7.696635 -73.39682 -12.44662 7.690422 -73.44715 -12.49468 7.6829 -73.48492 -12.55299 12.42278 -73.50749 -13.42123 12.4365 -73.48371 -13.35598 12.44868 -73.44496 -13.298 12.45864 -73.39342 -13.25051 7.936007 -59.67641 -3.689125 13.15531 -59.54015 -4.789252 17.36449 -59.41034 -6.325482 -0.597078 -59.52145 -2.961029 -0.600616 -58.78668 -2.776072 -0.597165 -58.33573 -2.833607 -0.599996 -58.37246 -2.828094 -0.600734 -57.70247 -3.160385 -0.599817 -57.29406 -3.896838 -0.599996 -57.32416 -3.80648 15.01945 -58.92033 -5.195298 13.92751 -57.28305 -5.953076 12.96629 -57.69466 -5.007737 13.47482 -58.30322 -4.751143 5.897006 -58.54939 -3.19483 6.961924 -57.80874 -3.764378 0.011822 -57.43137 -3.540849 3.996984 -59.68044 -3.198753 18.423 -54.3866 -22.75795 18.36095 -71.14339 -16.49017 17.90724 -52.72284 -23.6086 17.9126 -54.30462 -22.61583 16.89391 -52.91538 -23.12346 14.15068 -53.41169 -21.93165 17.12282 -52.33814 -23.55888 7.88954 -73.00402 -13.77651 11.99172 -73.00301 -14.4906 15.97458 -72.9446 -15.44726 15.93813 -73.47086 -15.35112 17.24498 -72.2279 -15.94359 17.39212 -72.79198 -15.88449 17.87823 -70.97916 -16.37689 4.576024 -73.52071 -13.35483 3.831065 -73.00176 -13.37688 -0.600128 -73.49919 -13.18792 -0.599063 -63.18952 -15.71061 -0.101402 -72.99129 -13.22673 -0.090573 -67.32012 -14.65953 -0.599857 -53.90008 -19.73534 2.553521 -54.31287 -19.60289 3.550683 -53.86295 -19.86378 -0.075869 -54.34819 -19.45969 8.158694 -53.62475 -20.50511 6.450547 -54.14965 -20.09799 8.753406 -54.02377 -20.38821 12.20671 -53.26993 -21.48553 17.91761 -68.88591 -16.96302 17.9176 -68.24452 -17.1505 17.91757 -62.91693 -18.70776 18.39761 -62.78843 -18.88027 17.91764 -57.95918 -20.73129 17.91765 -62.37337 -18.86758 -0.588143 -70.28436 -10.97251 -0.599996 -66.49655 -9.544928 -0.599619 -63.02934 -7.056954 16.12478 -73.44128 -14.40408 6.512502 -69.32634 -11.12215 8.342049 -62.19 -6.743692 13.65855 -64.82687 -10.206 13.66203 -61.74864 -7.60122 9.264299 -64.8497 -9.264319 4.81907 -64.32047 -8.314024 -0.598758 -56.06772 -12.37551 12.89943 -55.97689 -13.19173 11.19743 -56.86174 -9.105385 13.01644 -53.65532 -21.69663 17.84476 -52.83902 -23.75324 17.85804 -65.26139 -18.13246 17.86343 -67.9683 -17.29445 17.87173 -55.44516 -22.18014 17.11346 -72.34403 -16.08121 17.81745 -71.05922 -16.5552 -0.090348 -73.0308 -13.4534 6.139946 -73.03589 -13.76112 15.70432 -73.01969 -15.54807 -0.089228 -60.58529 -16.75777 8.791649 -54.04905 -20.72118 6.086768 -54.28888 -20.10944 5.893349 -54.30603 -20.06571 -0.08988 -54.41708 -19.58551 -0.655947 -64.47878 -8.237965 -0.652451 -62.51044 -6.585594 -0.650322 -56.67019 3.574717 -12.36232 -57.1894 2.642725 -28.48804 -65.80271 -13.47763 -28.41451 -53.0443 15.93026 -22.6035 -50.36551 21.55209 -33.51304 -50.00046 21.22491 -46.14727 -70.7867 -39.10721 -47.05002 -66.72038 -39.00821 -47.85654 -64.24001 -44.19313 -46.20506 -66.85287 -30.55053 -28.21743 -68.03948 -15.27041 -38.04267 -67.12984 -17.65183 -49.63971 -53.34097 -46.6511 -49.02114 -57.982 -44.92591 -49.76541 -56.3944 -42.63039 -50.35045 -59.31568 -35.86904 -51.69731 -54.80731 -38.9593 -48.03755 -64.28007 -31.81254 -48.23955 -64.35179 -28.37625 -61.81995 -49.8452 15.21901 -54.37719 -58.85784 -2.13886 -51.87361 -32.99111 -48.9753 -53.26581 -24.11399 -49.26593 -54.07482 -15.8522 -49.95952 -55.37372 -13.04451 -49.9603 -48.95096 -41.52525 -52.65336 -49.02779 -45.15783 -52.39326 -48.54712 -72.14302 -53.1511 -38.20928 -79.54634 -26.78143 -39.79092 -77.2425 -28.05311 -0.650275 -52.66677 16.17041 -10.00839 -54.42325 11.10535 -0.70531 -45.82077 30.45175 -0.652064 -48.52263 25.9612 -0.650028 -50.63888 21.488 -0.651888 -58.20463 -0.191618 -0.649969 -60.15517 -3.748948 -0.649823 -67.13598 -9.893394 -4.308114 -71.80113 -11.68752 -4.478662 -77.80524 -12.66689 -0.650229 -80.38348 -12.67023 -0.650421 -74.07997 -12.12249 -0.630125 -82.31445 -12.69565 -10.97102 -76.31135 -13.37396 -9.434147 -82.62944 -13.4536 -13.3739 -84.59548 -14.24297 -20.95302 -77.82235 -16.29125 -28.38096 -79.66862 -19.66602 -23.97956 -82.50161 -17.7005 -29.73361 -76.96506 -19.98003 -32.33195 -80.61773 -22.06605 -35.00723 -80.11101 -23.94068 -36.7319 -83.84249 -25.58564 -42.1833 -84.80169 -32.37673 -41.15385 -79.27956 -30.39705 -45.11368 -80.8264 -38.48086 -45.91311 -75.8796 -40.45303 -47.51785 -77.47818 -48.55568 -48.78967 -82.49966 -55.30328 -48.70846 -62.04091 -52.41403 -48.8834 -49.72937 -52.65449 -49.1428 -55.30993 -49.2163 -48.85834 -28.88107 -52.67511 -49.21636 -34.76672 -52.24352 -49.61997 -24.37163 -51.93811 -51.42143 -20.24834 -50.78164 -49.30597 -15.51983 -52.09661 -49.68958 -6.101589 -51.86504 -49.5243 -10.90983 -51.94209 -53.23973 -5.498395 -51.09292 -55.06854 -1.074421 -51.00153 -58.61814 -3.208959 -50.35258 -51.13007 -36.38004 -49.26785 -52.93562 -33.88496 -47.72669 -52.93434 -40.41748 -45.85298 -51.28424 -46.72715 -45.96056 -52.92821 -46.06681 -43.45798 -52.91071 -50.83329 -40.31265 -52.87837 -56.66517 -34.30772 -52.87016 -59.45219 -29.64241 -50.95718 -61.65034 -28.45839 -51.00156 -62.78825 -23.65373 -52.89935 -61.4577 -23.94015 -53.03281 -62.11675 -19.16968 -50.93213 -62.92205 -18.12808 -53.44105 -61.91118 -15.49049 -54.4397 -61.03781 -11.13473 -57.51431 -58.17281 -1.263916 -55.8346 -55.96521 5.577407 -59.19543 -56.02754 4.150589 -53.14573 -49.59948 18.26828 -62.76109 -39.5696 30.196 -58.11251 -40.5835 30.23224 -53.06767 -44.61401 25.80992 -38.32814 -46.20875 26.54835 -37.83192 -42.73397 31.66295 -24.54666 -47.49675 26.4734 -25.04628 -44.43026 31.05002 -13.84537 -45.61879 30.35334 -48.16853 -63.46637 -16.06283 -48.82898 -62.01324 -11.40126 -50.69348 -60.57612 -32.12488 -47.95858 -64.0186 -35.14255 -49.94367 -47.88442 -48.79701 -48.54791 -61.52904 -48.8225 -37.22392 -65.25364 -14.71026 -40.61088 -64.57329 -14.66994 -48.41642 -64.39476 -23.31008 -44.80501 -65.39208 -19.12597 -41.91663 -65.53189 -17.08918 -35.53588 -69.40618 -19.01237 -33.14399 -70.97138 -19.06129 -33.66643 -67.11227 -16.07695 -31.38331 -73.48847 -19.63052 -25.49969 -69.41576 -15.38753 -25.84252 -74.36461 -17.5358 -45.19149 -66.08815 -22.08563 -40.97099 -68.04151 -20.91892 -39.46263 -71.14608 -23.58015 -38.67421 -69.44969 -20.94054 -37.00538 -72.34478 -22.44939 -35.42837 -75.29513 -22.97179 -34.3767 -73.34782 -21.26578 -33.23228 -76.7125 -21.93989 -45.06345 -69.89077 -33.24802 -36.58375 -77.18775 -24.64932 -37.84588 -74.00597 -24.32861 -41.81109 -69.77851 -24.74515 -43.86141 -67.66609 -24.15958 -42.41672 -71.13043 -27.71261 -38.78564 -75.62865 -26.20729 -40.56594 -73.07806 -26.72241 -46.02605 -66.38283 -26.15333 -44.21878 -68.68369 -27.63866 -41.90673 -75.28485 -30.26401 -9.387133 -70.91894 -12.01437 -21.00794 -72.37429 -15.2548 -17.18367 -74.28174 -14.57407 -50.47451 -42.84771 -48.95655 -50.81127 -51.32678 -44.19804 -49.85463 -58.4087 -39.24199 -48.11441 -63.12105 -39.59439 -46.41062 -67.0598 -33.72107 -44.5219 -69.28282 -29.9984 -43.20297 -72.19178 -30.53047 -43.27366 -75.89535 -33.33541 -40.5108 -62.81733 -11.33034 -45.58542 -60.87887 -6.873397 -31.72053 -63.43912 -11.15569 -23.36208 -64.31391 -11.09213 -27.72789 -61.88235 -8.223491 -24.15816 -66.60665 -13.30161 -21.53529 -68.71023 -13.98417 -19.14988 -65.75395 -11.66047 -15.54679 -69.69215 -12.96114 -43.73934 -52.37925 15.57942 -38.60891 -55.4191 10.03708 -30.99797 -56.47004 7.532717 -16.94824 -59.05077 -1.927013 -11.16706 -60.28395 -4.435634 -17.28248 -62.40978 -8.091935 -15.62703 -63.8876 -9.45979 -6.97006 -66.73946 -10.02267 -62.56921 -45.40361 21.92609 -53.33178 -53.84142 10.81507 -46.23446 -57.80184 2.9981 -37.41356 -59.48983 -1.827891 -27.95623 -60.76159 -5.822559 -15.35704 -67.64081 -12.00952 -47.62739 11.39593 -50.76131 -62.78612 46.49837 17.6356 -47.62739 49.09863 17.20183 -62.78611 44.06919 23.13086 -47.62739 46.45988 23.41063 -47.62739 38.89618 34.54947 -47.62739 -28.63709 43.43382 -47.62739 -34.0167 39.36296 -47.62739 -22.77593 46.77432 -47.62739 -16.53178 49.32828 -62.78614 -20.77886 45.22575 -62.78615 -26.46002 42.11234 -62.78614 -12.04255 48.2919 -47.62739 -10.00965 51.05276 -62.78614 -16.48067 46.96294 -47.62739 -3.319196 51.91879 -62.78613 -5.659868 49.41209 -62.78613 2.002741 49.73047 -47.62739 3.427065 51.91179 -47.62739 10.11569 51.03186 -47.62739 16.63423 49.29382 -62.78613 7.976374 49.08657 -47.62739 22.87306 46.72688 -62.78612 15.7476 47.17124 -47.62739 28.72727 43.37422 -62.78612 22.23224 44.51802 -47.62739 34.09841 39.29219 -62.78612 26.59963 42.0665 -62.78612 35.89437 34.47787 -62.78612 31.451 38.52204 -47.62739 43.0399 29.22577 -62.78612 39.1701 30.68925 -47.62739 50.91175 10.70378 -47.62739 51.86878 4.025749 -62.78612 48.76451 9.957551 -47.62739 51.95364 -2.719986 -62.78612 49.73034 2.005722 -47.62739 51.16485 -9.419983 -62.78612 49.40803 -5.998047 -47.62739 49.51571 -15.96157 -47.62739 47.03396 -22.23477 -62.78614 47.87759 -13.34515 -47.62739 43.7613 -28.13408 -62.78614 44.92973 -21.31742 -47.62739 39.75279 -33.56031 -62.78614 42.06653 -26.59956 -62.78615 39.17199 -30.68683 -47.62739 29.80902 -42.63801 -62.78283 29.51488 -40.07564 -47.62739 35.07581 -38.42219 -62.78616 34.14591 -36.18218 -62.77159 24.87825 -43.08281 -47.62739 24.04099 -46.13685 -62.75449 18.99101 -46.01093 -47.62739 17.86869 -48.85988 -62.49972 13.33504 -47.9605 -47.62739 4.731539 -51.80918 -61.1897 5.298524 -49.71589 -48.03225 -1.132795 -52.01821 -32.01506 4.882159 -53.45845 -16.34652 4.972414 -54.44665 -0.651425 -2.005157 -55.09266 -0.649996 5.002123 -54.77202 -14.5363 -0.012411 -54.73857 -16.34652 -40.80076 36.39314 -47.62739 -38.82432 34.63022 -32.01506 -40.06023 35.73262 -62.77869 -34.20713 36.15423 -0.649996 54.92475 -2.875542 -1.649996 54.99902 0 -0.649996 54.83506 4.255974 -4.626504 54.97113 1 -4.626504 54.97113 -1 -16.34652 54.59846 -2.858452 -16.34652 54.5093 4.230682 -16.34652 53.50355 11.24869 -0.649996 53.82328 11.3159 -16.34652 51.59812 18.07755 -0.649996 51.90647 18.18558 -16.34652 48.82505 24.6024 -0.649996 49.11683 24.74944 -16.34652 45.23094 30.71358 -0.649996 45.50125 30.89713 -16.34652 40.87629 36.30829 -0.649996 41.12057 36.52527 -16.34652 35.83428 41.29246 -0.649996 36.04843 41.53923 -16.34652 30.1897 45.58229 -0.649996 30.37011 45.85469 -16.34652 24.03747 49.10564 -0.649996 24.18112 49.39908 -16.34652 17.48104 51.80325 -0.649996 17.58551 52.11282 -16.34652 10.63066 53.62977 -0.649996 10.69419 53.95027 -16.34652 3.601526 54.5545 -0.649996 3.623049 54.88051 -16.34652 -3.488172 54.56186 -0.649996 -3.509016 54.88792 -16.34652 -10.51922 53.65173 -0.649996 -10.58207 53.97237 -16.34652 -17.37338 51.83946 -0.649996 -17.4772 52.14926 -16.34652 -23.9354 49.15547 -0.649996 -24.07843 49.44922 -16.34652 -30.09493 45.64493 -0.649996 -30.27478 45.91769 -16.34652 -35.74841 41.36684 -0.649996 -35.96204 41.61404 -0.649996 -41.04459 36.61064 -16.34652 11.97607 -53.34544 -0.649996 12.04764 -53.66424 -16.34652 18.77835 -51.34721 -0.649996 18.89057 -51.65407 -16.34652 25.26486 -48.48556 -0.649996 25.41584 -48.77531 -16.34652 31.32653 -44.80861 -0.649996 31.51374 -45.07638 -16.34652 36.86143 -40.37817 -0.649996 37.08171 -40.61948 -16.34652 41.7765 -35.26877 -0.649996 42.02616 -35.47954 -16.34652 45.98908 -29.56632 -0.649996 46.26391 -29.743 -16.34652 49.42834 -23.36669 -0.649996 49.72372 -23.50633 -16.34652 52.03643 -16.77414 -0.649996 52.34741 -16.87438 -16.34652 53.76953 -9.899529 -0.649996 54.09085 -9.958687 -32.01506 11.75871 -52.37723 -32.01506 18.43752 -50.41527 -32.01506 24.8063 -47.60554 -32.01506 30.75794 -43.99533 -32.01506 36.19239 -39.64532 -32.01506 41.01825 -34.62865 -32.01506 45.15437 -29.02969 -32.01506 48.53121 -22.94258 -32.01506 51.09197 -16.46969 -32.01506 52.79362 -9.719849 -32.01506 53.60749 -2.80658 -32.01506 53.51995 4.1539 -32.01506 52.53245 11.04452 -32.01506 50.6616 17.74944 -32.01506 47.93885 24.15587 -32.01506 44.41001 30.15613 -32.01506 40.13439 35.64929 -32.01506 35.18388 40.54301 -32.01506 29.64176 44.75497 -32.01506 23.60119 48.21437 -32.01506 17.16376 50.86302 -32.01506 10.43772 52.65639 -32.01506 3.536158 53.56433 -32.01506 -3.424864 53.57156 -32.01506 -10.32829 52.67796 -32.01506 -17.05805 50.89857 -32.01506 -23.50097 48.2633 -32.01506 -29.54871 44.81647 -32.01506 -35.09957 40.61603 29.93853 -43.48335 -57.57909 29.2372 -47.09208 -41.47834 34.7751 -47.72491 -57.57909 33.934 -51.56431 -41.47831 39.01665 -52.56147 -57.57909 45.2811 -74.6851 -41.59674 48.75868 -76.08081 -57.57909 45.91532 -81.0739 -41.54658 49.17942 -82.50001 -57.57909 45.65254 -87.51471 -41.50821 48.75868 -88.91921 -57.57909 44.48906 -93.87628 -41.48447 47.50367 -95.22858 -57.57909 8.436172 -127.688 -41.65157 6.419205 -131.2587 -57.57909 2.039906 -128.4128 -41.62655 4e-06 -131.6794 -57.57909 -4.362868 -128.2364 -41.57149 -6.419198 -131.2587 -57.57909 -10.70621 -127.1669 -41.52654 -12.72856 -130.0037 -57.57909 -16.86126 -125.2161 -41.49487 -18.82014 -127.9359 -57.57909 -22.6992 -122.4159 -41.47832 -24.5897 -125.0906 -57.57909 -34.77509 -117.2751 -57.57909 -32.93278 -114.4994 -41.47829 -39.01665 -112.4385 -57.57909 -37.11276 -109.5403 -41.47829 -42.59062 -107.0897 -57.57909 -40.55211 -104.0421 -41.4783 -45.43585 -101.3202 -57.57909 -43.18253 -98.1142 -41.47832 -47.50366 -95.22858 -57.57909 52.77367 -68.35935 -106.5264 53.12593 -68.26496 -122.95 50.81338 -61.45241 -122.95 54.16791 -75.36867 -106.5264 54.52947 -75.32107 -122.95 54.63532 -82.50001 -106.5264 55 -82.50001 -122.95 54.16791 -89.63135 -106.5264 54.52947 -89.67895 -122.95 52.77367 -96.64067 -106.5264 53.12593 -96.73506 -122.95 50.47645 -103.408 -106.5264 50.81338 -103.5476 -122.95 47.31557 -109.8177 -106.5264 47.6314 -110 -122.95 43.34511 -115.7599 -106.5264 43.63444 -115.9819 -122.95 38.63301 -121.133 -106.5264 38.89088 -121.3909 -122.95 33.25988 -125.8451 -106.5264 33.48188 -126.1344 -122.95 27.31766 -129.8156 -106.5264 27.5 -130.1314 -122.95 20.90803 -132.9765 -106.5264 21.04759 -133.3134 -122.95 14.14066 -135.2737 -106.5264 14.23505 -135.6259 -122.95 7.131343 -136.6679 -106.5264 7.178944 -137.0295 -122.95 4e-06 -137.1353 -106.5264 4e-06 -137.5 -122.95 -7.131336 -136.6679 -106.5264 -7.178936 -137.0295 -122.95 18.82015 -37.06415 -57.57909 14.14066 -29.72634 -106.5264 -50.58455 -68.18777 -80.29555 -49.32873 -62.11689 -88.24743 -7.178936 -27.97054 -122.95 -2.066074 -27.67349 -112.465 -0.999771 -27.53038 -118.9736 -18.80674 -31.24086 -101.8655 -21.04759 -31.68663 -122.95 -15.11225 -29.60759 -122.9473 -27.5 -34.86861 -122.95 -33.48187 -38.86557 -122.95 -33.05845 -38.99717 -106.4855 -27.79871 -35.43684 -106.8742 -38.12315 -43.74141 -101.0291 -34.58578 -40.55824 -101.2388 -40.492 -46.87708 -92.24551 -43.3451 -49.24013 -106.5264 -47.31557 -55.18235 -106.5264 -50.47645 -61.59197 -106.5264 -45.94354 -54.36919 -94.13631 -47.63916 -57.83702 -91.23819 -51.57216 -68.31369 -89.67893 -53.08392 -75.51138 -90.13523 -51.72214 -82.50001 -73.80873 -44.95161 -91.87478 -41.47832 -48.75867 -88.91921 -57.57909 -45.87147 -83.36186 -41.29324 11.14874 -37.47522 -43.47938 -0.649996 -31.78881 -66.80485 -0.649996 -33.79469 -55.01407 4.081848 -36.05688 -44.66173 4e-06 -27.86469 -106.5264 -0.649996 -28.14868 -101.1161 0.99458 -27.5219 -118.9745 7.178944 -27.97054 -122.95 4e-06 -27.50136 -121.95 -0.344839 -27.49249 -122.95 20.48963 -33.03366 -90.13523 19.79322 -34.71496 -73.80873 20.90803 -32.02355 -106.5264 7.131343 -28.3321 -106.5264 -0.650159 -30.21251 -78.36808 -0.65 -29.03681 -89.34151 23.93049 -43.29926 -41.50708 -14.23504 -135.6259 -122.95 -14.14066 -135.2737 -106.5264 -13.85768 -134.2176 -90.13523 14.23505 -29.37408 -122.95 21.04759 -31.68663 -122.95 -38.89087 -43.60913 -122.95 -43.63443 -49.01813 -122.95 -47.63139 -55 -122.95 -50.81337 -61.45241 -122.95 -21.04759 -133.3134 -122.95 -20.90803 -132.9765 -106.5264 -20.48963 -131.9663 -90.13523 -19.79321 -130.285 -73.80873 -53.12592 -68.26496 -122.95 -52.77366 -68.35935 -106.5264 -54.52946 -75.32107 -122.95 -54.1679 -75.36867 -106.5264 -55 -82.50001 -122.95 -54.63531 -82.50001 -106.5264 -53.54198 -82.50001 -90.13523 -51.29797 -74.50545 -75.16091 -27.5 -130.1314 -122.95 -27.31765 -129.8156 -106.5264 -26.77099 -128.8687 -90.13523 -25.86107 -127.2927 -73.80873 -54.52946 -89.67895 -122.95 -54.1679 -89.63135 -106.5264 -53.08392 -89.48864 -90.13523 -51.27965 -89.25111 -73.80873 47.78504 -62.70679 -73.80873 45.43585 -63.67986 -57.57909 47.50367 -69.77144 -57.57909 27.5 -34.86861 -122.95 27.31766 -35.18443 -106.5264 26.77099 -36.13129 -90.13523 25.86108 -37.7073 -73.80873 24.58971 -39.90938 -57.57909 -49.95975 -95.88669 -73.80873 -51.71758 -96.35769 -90.13523 -52.77366 -96.64067 -106.5264 -53.12592 -96.73506 -122.95 -47.78503 -102.2932 -73.80873 -49.46633 -102.9896 -90.13523 -50.47645 -103.408 -106.5264 -50.81337 -103.5476 -122.95 -44.79269 -108.3611 -73.80873 -46.36871 -109.271 -90.13523 -47.31557 -109.8177 -106.5264 -47.63139 -110 -122.95 -41.03394 -113.9865 -73.80873 -42.4777 -115.0943 -90.13523 -43.3451 -115.7599 -106.5264 -43.63443 -115.9819 -122.95 -36.57308 -119.0731 -73.80873 -37.85989 -120.3599 -90.13523 -38.633 -121.133 -106.5264 -38.89087 -121.3909 -122.95 -28.09717 -118.8192 -41.47806 -29.93853 -121.5167 -57.57909 -31.48645 -123.534 -73.80873 -32.59429 -124.9777 -90.13523 -33.25987 -125.8451 -106.5264 -33.48187 -126.1344 -122.95 -6.988627 -135.5839 -90.13523 -13.38667 -132.4598 -73.80873 4e-06 -136.042 -90.13523 -6.751091 -133.7797 -73.80873 6.988635 -135.5839 -90.13523 4e-06 -134.2221 -73.80873 13.85769 -134.2176 -90.13523 6.751099 -133.7797 -73.80873 20.48963 -131.9663 -90.13523 13.38668 -132.4598 -73.80873 26.77099 -128.8687 -90.13523 19.79322 -130.285 -73.80873 12.72857 -130.0037 -57.57909 18.82015 -127.9359 -57.57909 14.64784 -126.0663 -41.59991 32.59429 -124.9777 -90.13523 25.86108 -127.2927 -73.80873 24.58971 -125.0906 -57.57909 20.89476 -123.3894 -41.47824 37.8599 -120.3599 -90.13523 31.48646 -123.534 -73.80873 29.93853 -121.5167 -57.57909 26.44696 -120.0379 -41.47822 42.47771 -115.0943 -90.13523 36.57308 -119.0731 -73.80873 34.7751 -117.2751 -57.57909 31.47157 -115.9376 -41.4783 46.36872 -109.271 -90.13523 41.03395 -113.9865 -73.80873 39.01665 -112.4385 -57.57909 35.8684 -111.1704 -41.47832 49.46634 -102.9896 -90.13523 44.7927 -108.3611 -73.80873 42.59062 -107.0897 -57.57909 39.54982 -105.8313 -41.47835 51.71759 -96.35769 -90.13523 47.78504 -102.2932 -73.80873 53.08393 -89.48864 -90.13523 49.95976 -95.88669 -73.80873 45.43585 -101.3202 -57.57909 42.44237 -100.0265 -41.47832 53.54198 -82.50001 -90.13523 51.27966 -89.25111 -73.80873 53.08393 -75.51138 -90.13523 51.72215 -82.50001 -73.80873 50.47645 -61.59197 -106.5264 51.71759 -68.64233 -90.13523 51.27966 -75.74891 -73.80873 49.46634 -62.01037 -90.13523 49.95976 -69.11333 -73.80873 38.30645 -57.05524 -41.74965 42.59062 -57.9103 -57.57909 44.7927 -56.63893 -73.80873 46.36872 -55.72901 -90.13523 47.31557 -55.18235 -106.5264 47.6314 -55 -122.95 41.43253 -62.57265 -41.69362 43.75448 -68.4282 -41.62622 41.03395 -51.01355 -73.80873 42.47771 -49.90571 -90.13523 43.34511 -49.24013 -106.5264 43.63444 -49.01813 -122.95 36.57308 -45.92692 -73.80873 37.8599 -44.64011 -90.13523 38.63301 -43.867 -106.5264 38.89088 -43.60913 -122.95 31.48646 -41.46606 -73.80873 32.59429 -40.0223 -90.13523 33.25988 -39.15489 -106.5264 33.48188 -38.86557 -122.95 -0.649996 -41.45474 -39.70219 23.09593 -45.02322 -35.63619 -0.649996 -46.50833 -33.64128 19.26753 -41.17028 -40.03 -0.649996 -50.68287 -26.94452 5.355755 -53.67667 -20.33401 11.45009 -53.18217 -21.60592 16.54867 -52.33829 -23.5774 20.27701 -51.15424 -26.07381 23.30699 -48.87058 -30.17363 23.95546 -60.63723 -22.22031 24.68869 -56.05045 -24.96697 30.84294 -72.44476 -22.22619 34.49076 -71.25551 -25.13686 32.16029 -78.49792 -22.16051 36.09299 -78.52806 -25.0891 32.13752 -87.68947 -22.2423 35.69995 -88.74296 -25.01688 29.37189 -96.25202 -22.17957 32.60381 -98.48351 -25.08911 24.2706 -103.9762 -22.16032 26.85081 -106.944 -25.08906 17.36197 -110.0361 -22.24138 18.92904 -113.4053 -25.01672 10.5434 -113.1795 -22.22623 4.574614 -114.593 -22.1681 9.575849 -117.5255 -25.08911 -4.514687 -114.6584 -22.21126 -0.57522 -118.8063 -25.0891 -10.66158 -117.1377 -25.01662 -17.79341 -109.4701 -22.12291 -19.93738 -112.8477 -25.0891 -24.34688 -103.8889 -22.1599 -27.61177 -106.0813 -25.08917 -29.48864 -96.28141 -22.23954 -33.03097 -97.41372 -25.01694 -31.75645 -89.04391 -22.21242 -35.51332 -89.90641 -25.13686 32.88305 -52.52239 -36.87718 36.77843 -57.45406 -36.87718 39.94017 -62.88534 -36.87718 43.82634 -74.80555 -36.87718 44.47325 -81.0567 -36.87718 44.23301 -87.33664 -36.87718 43.11044 -93.52011 -36.87718 41.12792 -99.48374 -36.87718 38.32498 -105.1086 -36.87718 34.75756 -110.2825 -36.87718 30.49681 -114.9021 -36.87718 25.62771 -118.8755 -36.87718 20.24741 -122.1232 -36.87718 14.46321 -124.5805 -36.87718 2.150439 -126.9447 -36.87718 -4.132529 -126.8043 -36.87718 -10.33306 -125.7803 -36.87718 -16.32748 -123.8928 -36.87718 -21.9962 -121.1797 -36.87718 -31.91299 -113.5083 -36.87718 -35.96325 -108.703 -36.87718 -39.29613 -103.375 -36.87718 -41.84514 -97.63065 -36.87718 -43.55944 -91.58444 -36.87718 27.64523 -54.19755 -28.45518 26.98342 -49.82158 -32.55183 28.33173 -48.1887 -36.87718 -44.13825 -84.95281 -36.14426 -39.82407 -83.47602 -28.88446 -27.22614 -117.695 -36.87718 -38.78265 -90.58824 -28.60665 -41.48645 -91.15212 -32.55183 -37.25634 -95.9714 -28.60665 -39.85373 -96.91058 -32.55183 -37.42602 -102.3816 -32.55183 -34.98686 -101.0858 -28.60665 -32.01947 -105.8295 -28.60665 -34.25176 -107.456 -32.55183 -28.41337 -110.1079 -28.60665 -30.39425 -112.0326 -32.55183 -24.24048 -113.8355 -28.60665 -25.93045 -116.0201 -32.55183 -19.58406 -116.938 -28.60665 -20.94939 -119.3389 -32.55183 -11.90346 -112.6778 -22.22617 -14.53698 -119.3536 -28.60665 -15.55045 -121.9229 -32.55183 -9.841312 -123.7205 -32.55183 -9.199925 -121.0341 -28.60665 -3.67935 -121.9459 -28.60665 -3.935862 -124.6959 -32.55183 1.914619 -122.0708 -28.60665 2.048099 -124.8296 -32.55183 7.470396 -121.4064 -28.60665 7.991206 -124.1188 -32.55183 8.390511 -126.1984 -36.87718 12.87716 -119.9659 -28.60665 13.77491 -122.5779 -32.55183 18.02705 -117.778 -28.60665 19.28383 -120.2375 -32.55183 24.40809 -117.1443 -32.55183 22.81734 -114.8865 -28.60665 27.15249 -111.3489 -28.60665 29.04546 -113.3601 -32.55183 30.946 -107.2358 -28.60665 33.10345 -108.9603 -32.55183 34.12221 -102.6293 -28.60665 36.50109 -104.0326 -32.55183 36.61777 -97.62129 -28.60665 39.17063 -98.67549 -32.55183 38.38289 -92.31163 -28.60665 41.05881 -92.99566 -32.55183 42.12796 -87.10647 -32.55183 39.38236 -86.80625 -28.60665 39.59625 -81.21498 -28.60665 42.35676 -81.12539 -32.55183 39.02028 -75.64934 -28.60665 41.74064 -75.17173 -32.55183 37.66595 -70.22035 -28.60665 40.29189 -69.36425 -32.55183 42.3052 -68.70789 -36.87718 35.56028 -65.03631 -28.60665 38.03942 -63.8188 -32.55183 35.02814 -58.64599 -32.55183 32.74526 -60.20063 -28.60665 31.33896 -64.14852 -25.09166 27.96833 -65.8785 -22.24289 31.31815 -53.94902 -32.55183 -0.290294 -75.66617 -13.09115 2.42323 -76.02759 -13.08694 6.433894 -80.11866 -13.06579 4.852223 -87.73146 -13.06202 -4.091773 -88.34548 -13.06202 -5.477591 -82.96426 -12.93673 17.86236 -63.40225 -18.67727 11.93641 -75.34089 -14.30083 -0.64571 -69.34958 -14.20633 -0.650064 -60.3955 -16.92863 23.2556 -69.45452 -18.90134 -25.82053 -88.65569 -18.85342 -23.11316 -95.4118 -18.857 -19.19066 -100.7273 -18.81078 -12.23607 -105.9572 -18.80869 -5.577757 -108.3809 -18.857 0.999152 -108.9486 -18.81092 9.521394 -107.1838 -18.80866 15.74299 -103.7859 -18.857 20.51169 -99.22757 -18.81108 24.81855 -91.66385 -18.80859 26.37976 -84.74526 -18.857 26.10936 -78.15816 -18.8112 19.87899 -78.98305 -16.17233 19.9151 -85.80644 -16.17233 17.67601 -92.25204 -16.17233 13.41758 -97.58351 -16.17233 7.62615 -101.1919 -16.17233 0.963268 -102.6648 -16.17235 -5.809261 -101.8339 -16.17233 -11.9183 -98.79413 -16.17234 -16.66571 -93.89288 -16.17233 -19.71568 -87.52128 -16.22559 13.71812 -82.33091 -14.23226 10.77941 -90.98645 -14.23226 3.05546 -95.87459 -14.23226 -6.024959 -94.82541 -14.23226 -11.22618 -90.20891 -14.25455 -18.10025 -12.21635 -57.49652 -33.78185 -7.583496 -54.70358 -48.8311 -53.50754 -52.81838 -0.650232 -9.617806 -56.55907 -0.650244 -27.70495 -109.8714 -49.25272 -77.72214 -58.02179 -50.79962 -79.39169 -67.86052 -50.23058 -72.92213 -67.63481 -28.19326 -35.88512 -97.37241 -23.44766 -33.23615 -99.27172 -12.02156 -29.11721 -101.7349 -5.982894 -27.99529 -112.4234 -4.86526 -27.95072 -97.88111 -0.650534 -27.75068 -96.27539 -8.061921 -26.99266 -83.08862 -7.983736 -27.92194 -90.79282 -5.548828 -26.14303 -79.73098 -0.649944 -25.17335 -76.22108 -0.650012 -26.78439 -84.62745 -0.652092 -20.69903 -65.6429 -0.650346 -22.79988 -69.51088 -11.02284 -17.21238 -61.23515 -0.650002 -17.74646 -61.79236 -0.649666 -12.89282 -58.02165 -0.649415 -5.827517 -55.48822 -32.89279 -1.193325 -53.64713 -46.52443 -10.52754 -53.05656 -46.58542 -22.25808 -54.20035 -46.70844 -31.94796 -55.75179 -46.05418 -38.11357 -58.23117 -47.21601 -47.3529 -58.36483 -48.13213 -57.05251 -58.07515 -48.86847 -67.96317 -58.21109 -48.42603 -62.11296 -62.48163 -46.91635 -51.51156 -61.74415 -47.08678 -55.54443 -65.70701 -44.95215 -46.32025 -65.03822 -38.07523 -38.15668 -71.29245 -47.81717 -59.38976 -71.9147 -49.72597 -66.88075 -73.20672 -42.33786 -46.74263 -74.52142 -45.56945 -53.46458 -74.71593 -48.48603 -61.36142 -80.65052 -43.62297 -51.12461 -90.42563 -46.21068 -55.75944 -83.26985 -42.74126 -48.7554 -79.1425 -34.41842 -39.1388 -82.28994 -39.1584 -44.07938 -81.65425 -38.58426 -42.04156 -77.01922 -4.225258 -23.45246 -70.7786 -11.0303 -25.62237 -75.08179 -12.74856 -28.30432 -85.73753 -17.58666 -30.22166 -90.81491 -32.33598 -4.433131 -54.07054 -34.94905 -24.22995 -61.9257 -30.57205 -18.24246 -59.88067 -30.93303 -13.45213 -57.29349 -19.2407 -7.927158 -55.7053 -29.40199 -22.49041 -63.15316 -24.60756 -17.48826 -60.46372 -16.54374 -16.08793 -60.10927 -23.54732 -21.36888 -63.94902 -22.96716 -24.48283 -67.66576 -28.75454 -25.99785 -66.67073 -33.81023 -31.34375 -68.75109 -16.15589 -20.75476 -64.6979 -10.82144 -23.04615 -69.08761 -16.95359 -23.53324 -68.43059 -22.90718 -28.13669 -73.40352 -28.54653 -30.27175 -72.20348 -23.20523 -30.23794 -78.343 -24.14053 -31.97418 -82.82412 -28.94277 -33.41349 -78.10197 -25.415 -33.57003 -88.21628 -29.91583 -35.90237 -84.62378 -34.79504 -40.62821 -92.75254 -16.73173 -4.015935 -54.87686 -17.03062 -26.6082 -74.35129 -17.39686 -28.38193 -79.64109 -18.54962 -29.83413 -84.36906 -43.95703 -6.583864 -53.23288 -39.29309 -14.40175 -56.11972 -43.65347 -15.52569 -54.83266 -37.62999 -19.70346 -58.48619 -41.01785 -22.33879 -57.69378 -44.12272 -28.04109 -57.42509 -39.05507 -26.04334 -60.56779 -34.98648 -28.54018 -65.12883 -44.89991 -41.77279 -62.20898 -40.24304 -31.77496 -62.93061 -37.49317 -33.70971 -67.3922 -34.46948 -34.35087 -71.84526 -34.78424 -36.48169 -74.68259 -35.00321 -38.11418 -77.62375 -45.03784 -50.10857 -69.08577 -41.94958 -42.60218 -69.04291 -41.65357 -37.35519 -65.06679 -43.9633 -35.20802 -60.47271 -0.649996 -35.8451 -44.83179 -0.649996 -53.95303 -8.16623 -0.649962 -53.79334 -20.02377 1.000004 -28.50582 -118.9735 4e-06 -28.50582 -121.95 -0.999996 -28.50582 -118.9735 -4.626504 54 1 -1.649996 54 0 -4.626504 54 -1 -86.11258 0.778395 -44.85075 -83.09239 6.52255 -45.25379 -86.66328 4.627604 -44.33803 -88.56577 -0.646673 -43.73775 -82.95483 0.000178 -45.75642 -85.00365 -5.616277 -44.81886 -111.05 -5e-06 8e-06 -110.6879 -4.801063 5.278368 -110.6879 -6.17138 -3.58127 -110.6879 2.200729 -6.78735 -110.6879 7.098657 0.721377 -110.6642 2.489163 6.537378 -103.2814 -29.48463 1.359914 -104.893 -25.88091 5.577759 -101.5182 -31.68043 7.104312 -104.7346 -26.81432 0.308882 -107.6082 -16.95202 -10.74703 -105.0287 -25.66225 -5.493418 -107.5821 -19.70913 -4.291321 -104.893 -18.31917 -19.11388 -102.4616 -22.88955 -20.84197 -105.0302 -22.19849 -14.02558 -104.9327 1.731076 26.42122 -101.539 5.723592 31.90454 -101.5279 10.96951 30.52216 -104.8954 10.49456 24.40486 -101.47 18.12133 27.0717 -101.5238 24.26066 21.53636 -104.8494 18.47205 19.26014 -101.5329 27.48554 17.20189 -101.5465 29.95343 12.34953 -104.956 23.72649 11.67051 -101.5424 31.58353 7.257176 -101.5553 32.33072 1.853021 -104.9506 26.26701 3.130261 -101.5238 32.25481 -3.467204 -101.5518 31.18127 -8.768251 -104.9452 25.82707 -5.771004 -101.534 29.27301 -13.91864 -101.5449 26.61239 -18.48489 -104.9401 22.45564 -14.02338 -101.544 23.09886 -22.71594 -104.893 18.31916 -19.11388 -101.5691 19.07295 -26.14097 -101.5651 14.3443 -29.01021 -104.9328 12.81694 -23.18255 -101.5387 9.521766 -30.98455 -101.5584 4.20081 -32.10234 -104.9284 4.398028 -26.13114 -101.5468 -1.226546 -32.37086 -101.5466 -6.53107 -31.73471 -104.9244 -4.524364 -26.11772 -101.5327 -11.66193 -30.25266 -101.5797 -21.26858 -24.39216 -104.9185 -12.90048 -23.16311 -101.5537 -16.69982 -27.74745 -101.5268 -29.68088 13.08372 -104.9213 -23.85238 11.55768 -101.5383 -27.05796 17.84502 -101.5338 -23.7688 22.0551 -104.9243 -18.65579 18.81739 -101.5323 -19.73289 25.73026 -101.5324 -15.19228 28.64579 -104.9276 -11.34381 23.93829 -101.5385 -10.24997 30.75185 -104.893 -4.474325 26.09432 -101.5557 -5.052289 31.98468 -101.5351 0.360587 32.41982 -107.5776 -12.76522 -15.63945 -107.5776 -6.825913 -18.99868 -107.5776 -0.106802 -20.18741 -107.5776 6.624525 -19.06983 -107.5776 12.59904 -15.77362 -107.5776 17.13419 -10.67533 -107.5776 19.71181 -4.357463 -107.5776 20.03746 2.458171 -107.5776 18.07395 8.993049 -107.5776 14.04558 14.50049 -107.5776 8.412559 18.35135 -107.5776 1.818442 20.10563 -107.5776 -4.983428 19.56294 -107.5776 -11.21589 16.78532 -107.5776 -16.16715 12.08995 -107.6103 -19.72975 4.412774 -109.5031 -2.166375 13.49457 -109.5178 -9.370042 10.0209 -109.5178 -13.58556 1.910219 -109.5178 -11.77009 -7.048517 -109.5178 -4.729523 -12.87819 -109.5178 4.410613 -12.99087 -109.5178 11.59274 -7.336521 -109.5178 13.62852 1.574688 -109.5178 9.614228 9.786857 -109.4955 3.528686 13.15304 -103.2989 -28.97059 -5.875256 -102.5523 -28.20223 -12.47684 -100.5202 -33.46914 -5.545143 -101.7986 -27.18794 -17.06029 -100.5898 -31.95011 -11.4265 -100.6136 -29.2368 -17.03859 -100.5752 -25.94459 -21.86313 -100.5036 -33.85876 2.021194 -100.5183 -32.80924 8.563744 -100.5176 33.72839 2.892071 -100.5177 -31.28221 12.98661 -100.5177 -28.5844 18.24587 -100.5177 -24.90769 22.93243 -100.5176 -20.71179 26.85153 -100.5176 -15.47254 30.11461 -100.5176 -9.767585 32.47362 -100.5176 -5.53111 33.45299 -100.5176 0.265639 33.9094 -100.5176 6.674021 33.19674 -100.5176 11.98602 31.72263 -100.5176 17.36775 29.05736 -100.5176 23.69568 24.1761 -100.5176 28.96613 17.52649 -100.5175 31.71079 11.84396 -100.5176 33.76819 -3.113335 -100.5176 32.4879 -9.528399 -100.5176 30.62329 -14.55206 -100.5176 28.22431 -18.73597 -100.5177 25.03161 -22.7903 -100.5177 18.87569 -28.10097 -100.5177 13.64199 -31.04632 -100.5177 5.983584 -33.37923 -100.5177 -0.537767 -33.85145 -100.5177 -6.18783 -33.333 -100.5177 -11.98322 -31.66512 -100.5177 -19.31154 -27.77097</float_array><technique_common><accessor count="1436" source="#_04_05_ELBOW_URDF-mesh-slim-pos-array" stride="3"><param type="float" name="X"/><param type="float" name="Y"/><param type="float" name="Z"/></accessor></technique_common></source><vertices id="_04_05_ELBOW_URDF-mesh-slim-pos-vertices">
          <input semantic="POSITION" source="#_04_05_ELBOW_URDF-mesh-slim-pos"/>
        </vertices>
        <triangles count="2781" material="_04_05_ELBOW_URDF_color_202_209_238-material"><input offset="0" semantic="VERTEX" source="#_04_05_ELBOW_URDF-mesh-slim-pos-vertices"/><input offset="1" semantic="NORMAL" source="#_04_05_ELBOW_URDF-mesh-slim-nrm"/><p>2 2 3 3 165 165 4 4 13 13 5 5 13 13 6 6 5 5 7 7 8 8 15 15 4 4 9 9 13 13 9 9 10 10 13 13 13 13 10 10 2 2 10 10 11 11 2 2 2 2 11 11 3 3 15 15 12 12 7 7 7 7 12 12 2 2 12 12 13 13 2 2 1 1 15 15 14 14 14 14 15 15 8 8 165 165 16 16 2 2 17 17 30 30 19 19 36 36 19 19 18 18 22 22 20 20 18 18 18 18 20 20 36 36 120 120 119 119 17 17 18 18 21 21 22 22 21 21 23 23 22 22 30 30 24 24 19 19 19 19 24 24 18 18 21 21 25 25 23 23 23 23 25 25 26 26 25 25 27 27 26 26 26 26 27 27 28 28 27 27 29 29 28 28 28 28 33 33 32 32 17 17 119 119 30 30 29 29 31 31 28 28 31 31 33 33 28 28 32 32 33 33 34 34 219 219 34 34 33 33 36 36 44 44 48 48 37 37 39 39 48 48 39 39 37 37 122 122 37 37 40 40 41 41 122 122 37 37 42 42 37 37 41 41 42 42 42 42 41 41 43 43 44 44 46 46 102 102 36 36 47 47 44 44 47 47 46 46 44 44 36 36 20 20 47 47 44 44 45 45 48 48 48 48 45 45 37 37 37 37 45 45 40 40 48 48 39 39 19 19 19 19 39 39 17 17 39 39 38 38 17 17 122 122 38 38 39 39 48 48 19 19 36 36 214 214 31 31 29 29 49 49 50 50 208 208 50 50 203 203 208 208 209 209 208 208 203 203 51 51 52 52 50 50 52 52 203 203 50 50 117 117 209 209 203 203 51 51 50 50 53 53 50 50 54 54 53 53 53 53 54 54 55 55 55 55 54 54 56 56 56 56 54 54 57 57 57 57 54 54 58 58 54 54 59 59 58 58 58 58 59 59 60 60 60 60 59 59 61 61 61 61 59 59 62 62 62 62 59 59 63 63 59 59 64 64 63 63 63 63 64 64 65 65 66 66 65 65 67 67 67 67 65 65 128 128 65 65 64 64 128 128 64 64 126 126 128 128 123 123 126 126 68 68 70 70 30 30 123 123 70 70 24 24 30 30 71 71 72 72 75 75 72 72 73 73 75 75 214 214 29 29 73 73 74 74 76 76 75 75 126 126 64 64 68 68 68 68 64 64 69 69 64 64 59 59 69 69 69 69 59 59 77 77 77 77 59 59 78 78 59 59 54 54 78 78 78 78 54 54 75 75 54 54 50 50 75 75 75 75 50 50 74 74 50 50 49 49 74 74 21 21 79 79 80 80 21 21 18 18 79 79 79 79 18 18 81 81 18 18 24 24 81 81 81 81 24 24 70 70 73 73 29 29 75 75 75 75 29 29 80 80 29 29 27 27 80 80 27 27 25 25 80 80 80 80 25 25 21 21 123 123 68 68 70 70 70 70 68 68 81 81 68 68 69 69 81 81 81 81 69 69 79 79 69 69 77 77 79 79 79 79 77 77 80 80 77 77 78 78 80 80 80 80 78 78 75 75 75 75 76 76 71 71 82 82 35 35 84 84 35 35 83 83 84 84 84 84 83 83 85 85 83 83 6 6 85 85 34 34 35 35 86 86 86 86 35 35 82 82 87 87 34 34 88 88 34 34 86 86 88 88 34 34 87 87 32 32 87 87 89 89 32 32 89 89 90 90 32 32 32 32 90 90 28 28 90 90 91 91 28 28 28 28 91 91 26 26 91 91 92 92 26 26 26 26 92 92 23 23 92 92 93 93 23 23 23 23 93 93 94 94 47 47 95 95 46 46 95 95 47 47 96 96 47 47 20 20 96 96 96 96 20 20 238 238 20 20 22 22 238 238 238 238 22 22 94 94 94 94 22 22 23 23 46 46 95 95 231 231 97 97 46 46 231 231 98 98 99 99 100 100 100 100 101 101 98 98 98 98 101 101 102 102 46 46 97 97 102 102 97 97 98 98 102 102 98 98 0 0 103 103 103 103 104 104 98 98 104 104 105 105 98 98 98 98 105 105 106 106 106 106 107 107 98 98 107 107 108 108 98 98 98 98 108 108 99 99 1 1 111 111 15 15 111 111 109 109 15 15 98 98 110 110 0 0 0 0 110 110 1 1 110 110 111 111 1 1 109 109 112 112 15 15 15 15 112 112 12 12 112 112 113 113 12 12 12 12 113 113 114 114 85 85 6 6 115 115 6 6 13 13 115 115 115 115 13 13 116 116 116 116 13 13 114 114 13 13 12 12 114 114 83 83 117 117 6 6 35 35 118 118 209 209 118 118 35 35 207 207 117 117 83 83 209 209 209 209 83 83 35 35 67 67 167 167 168 168 121 121 167 167 67 67 166 166 167 167 121 121 42 42 166 166 122 122 122 122 166 166 121 121 43 43 166 166 42 42 17 17 38 38 120 120 38 38 124 124 120 120 120 120 124 124 119 119 124 124 125 125 119 119 125 125 123 123 119 119 119 119 123 123 30 30 126 126 123 123 127 127 123 123 125 125 127 127 125 125 124 124 127 127 127 127 124 124 38 38 126 126 127 127 128 128 128 128 127 127 121 121 121 121 127 127 122 122 127 127 38 38 122 122 121 121 67 67 128 128 168 168 66 66 67 67 40 40 45 45 129 129 1 1 131 131 0 0 0 0 131 131 103 103 131 131 132 132 103 103 103 103 132 132 104 104 104 104 132 132 105 105 132 132 133 133 105 105 105 105 133 133 106 106 106 106 133 133 107 107 133 133 134 134 107 107 107 107 134 134 108 108 108 108 134 134 99 99 134 134 135 135 99 99 99 99 135 135 100 100 102 102 101 101 136 136 136 136 101 101 135 135 101 101 100 100 135 135 44 44 102 102 137 137 102 102 136 136 137 137 137 137 136 136 138 138 136 136 135 135 138 138 138 138 135 135 139 139 135 135 134 134 139 139 139 139 134 134 140 140 134 134 133 133 140 140 140 140 133 133 141 141 133 133 132 132 141 141 141 141 132 132 142 142 132 132 131 131 142 142 142 142 131 131 14 14 131 131 1 1 14 14 45 45 44 44 130 130 44 44 137 137 130 130 130 130 137 137 143 143 137 137 138 138 143 143 143 143 138 138 144 144 138 138 139 139 144 144 144 144 139 139 145 145 139 139 140 140 145 145 145 145 140 140 146 146 140 140 141 141 146 146 146 146 141 141 147 147 141 141 142 142 147 147 147 147 142 142 8 8 142 142 14 14 8 8 8 8 7 7 147 147 7 7 148 148 147 147 147 147 148 148 146 146 148 148 149 149 146 146 146 146 149 149 145 145 149 149 150 150 145 145 145 145 150 150 144 144 150 150 151 151 144 144 144 144 151 151 143 143 151 151 152 152 143 143 143 143 152 152 130 130 152 152 129 129 130 130 130 130 129 129 45 45 41 41 40 40 153 153 40 40 129 129 153 153 153 153 129 129 154 154 129 129 152 152 154 154 154 154 152 152 155 155 152 152 151 151 155 155 155 155 151 151 156 156 151 151 150 150 156 156 156 156 150 150 157 157 150 150 149 149 157 157 157 157 149 149 158 158 149 149 148 148 158 158 158 158 148 148 2 2 148 148 7 7 2 2 43 43 41 41 159 159 41 41 153 153 159 159 159 159 153 153 160 160 153 153 154 154 160 160 160 160 154 154 161 161 154 154 155 155 161 161 161 161 155 155 162 162 155 155 156 156 162 162 162 162 156 156 163 163 156 156 157 157 163 163 163 163 157 157 164 164 157 157 158 158 164 164 164 164 158 158 16 16 158 158 2 2 16 16 164 164 16 16 165 165 163 163 164 164 165 165 162 162 163 163 165 165 161 161 162 162 166 166 159 159 160 160 166 166 159 159 166 166 43 43 162 162 165 165 166 166 165 165 168 168 167 167 165 165 167 167 166 166 166 166 160 160 161 161 51 51 53 53 169 169 55 55 56 56 170 170 57 57 58 58 171 171 60 60 61 61 172 172 62 62 63 63 173 173 175 175 168 168 176 176 65 65 66 66 177 177 177 177 66 66 175 175 66 66 168 168 175 175 63 63 65 65 173 173 65 65 177 177 173 173 173 173 177 177 178 178 177 177 175 175 178 178 178 178 175 175 179 179 175 175 176 176 179 179 61 61 62 62 172 172 62 62 173 173 172 172 172 172 173 173 180 180 173 173 178 178 180 180 180 180 178 178 181 181 178 178 179 179 181 181 58 58 60 60 171 171 60 60 172 172 171 171 171 171 172 172 182 182 172 172 180 180 182 182 182 182 180 180 183 183 180 180 181 181 183 183 56 56 57 57 170 170 57 57 171 171 170 170 170 170 171 171 184 184 171 171 182 182 184 184 184 184 182 182 185 185 182 182 183 183 185 185 53 53 55 55 169 169 55 55 170 170 169 169 169 169 170 170 186 186 170 170 184 184 186 186 186 186 184 184 187 187 184 184 185 185 187 187 52 52 51 51 188 188 51 51 169 169 188 188 188 188 169 169 189 189 169 169 186 186 189 189 189 189 186 186 190 190 186 186 187 187 190 190 5 5 6 6 191 191 168 168 165 165 174 174 165 165 3 3 174 174 174 174 3 3 192 192 3 3 11 11 192 192 192 192 11 11 193 193 11 11 10 10 193 193 193 193 10 10 194 194 10 10 9 9 194 194 194 194 9 9 195 195 9 9 4 4 195 195 195 195 4 4 196 196 4 4 5 5 196 196 196 196 5 5 197 197 5 5 191 191 197 197 197 197 191 191 198 198 198 198 190 190 197 197 190 190 187 187 197 197 197 197 187 187 196 196 187 187 185 185 196 196 196 196 185 185 195 195 185 185 183 183 195 195 195 195 183 183 194 194 183 183 181 181 194 194 194 194 181 181 193 193 181 181 179 179 193 193 193 193 179 179 192 192 179 179 176 176 192 192 192 192 176 176 174 174 176 176 168 168 174 174 198 198 199 199 190 190 199 199 200 200 190 190 190 190 200 200 189 189 200 200 201 201 189 189 189 189 201 201 188 188 201 201 202 202 188 188 188 188 202 202 52 52 202 202 203 203 52 52 205 205 204 204 208 208 206 206 205 205 207 207 117 117 203 203 210 210 117 117 210 210 6 6 205 205 208 208 207 207 203 203 202 202 201 201 203 203 201 201 200 200 209 209 118 118 208 208 118 118 207 207 208 208 6 6 210 210 191 191 191 191 210 210 198 198 210 210 203 203 198 198 198 198 203 203 199 199 203 203 200 200 199 199 49 49 208 208 204 204 72 72 71 71 213 213 33 33 31 31 214 214 33 33 214 214 212 212 212 212 214 214 215 215 215 215 214 214 216 216 216 216 214 214 217 217 217 217 214 214 218 218 218 218 214 214 73 73 33 33 212 212 219 219 219 219 212 212 220 220 212 212 215 215 220 220 220 220 215 215 221 221 215 215 216 216 221 221 221 221 216 216 222 222 216 216 217 217 222 222 222 222 217 217 213 213 217 217 218 218 213 213 213 213 218 218 72 72 218 218 73 73 72 72 34 34 219 219 223 223 223 223 219 219 224 224 219 219 220 220 224 224 224 224 220 220 225 225 220 220 221 221 225 225 225 225 221 221 226 226 221 221 222 222 226 226 226 226 222 222 76 76 222 222 213 213 76 76 213 213 71 71 76 76 35 35 34 34 207 207 34 34 223 223 207 207 207 207 223 223 227 227 223 223 224 224 227 227 227 227 224 224 228 228 224 224 225 225 228 228 228 228 225 225 229 229 225 225 226 226 229 229 229 229 226 226 211 211 226 226 76 76 211 211 211 211 76 76 74 74 74 74 49 49 211 211 49 49 204 204 211 211 211 211 204 204 229 229 204 204 205 205 229 229 229 229 205 205 228 228 205 205 206 206 228 228 228 228 206 206 227 227 206 206 207 207 227 227 95 95 96 96 230 230 230 230 231 231 95 95 231 231 232 232 97 97 232 232 233 233 97 97 97 97 233 233 98 98 89 89 239 239 90 90 239 239 234 234 90 90 90 90 234 234 91 91 234 234 235 235 91 91 91 91 235 235 92 92 235 235 236 236 92 92 92 92 236 236 93 93 93 93 236 236 94 94 236 236 237 237 94 94 94 94 237 237 238 238 82 82 244 244 86 86 244 244 240 240 86 86 86 86 240 240 88 88 89 89 87 87 239 239 239 239 87 87 240 240 87 87 88 88 240 240 241 241 242 242 85 85 85 85 242 242 84 84 242 242 243 243 84 84 84 84 243 243 82 82 243 243 244 244 82 82 110 110 98 98 233 233 233 233 245 245 110 110 110 110 245 245 111 111 245 245 246 246 111 111 111 111 246 246 109 109 246 246 247 247 109 109 109 109 247 247 112 112 247 247 248 248 112 112 112 112 248 248 113 113 113 113 248 248 114 114 248 248 249 249 114 114 114 114 249 249 116 116 249 249 250 250 116 116 116 116 250 250 115 115 250 250 241 241 115 115 115 115 241 241 85 85 251 251 252 252 263 263 253 253 254 254 255 255 254 254 256 256 257 257 258 258 259 259 260 260 259 259 253 253 260 260 263 263 261 261 258 258 261 261 263 263 252 252 263 263 262 262 251 251 254 254 257 257 255 255 253 253 255 255 260 260 255 255 257 257 260 260 260 260 257 257 263 263 257 257 264 264 263 263 264 264 267 267 266 266 258 258 260 260 263 263 267 267 265 265 268 268 263 263 264 264 269 269 267 267 268 268 270 270 266 266 267 267 435 435 267 267 270 270 435 435 435 435 270 270 271 271 261 261 252 252 273 273 259 259 258 258 274 274 275 275 276 276 277 277 253 253 278 278 254 254 278 278 279 279 254 254 254 254 279 279 256 256 280 280 281 281 282 282 281 281 283 283 282 282 282 282 283 283 284 284 283 283 382 382 284 284 285 285 310 310 280 280 310 310 285 285 276 276 286 286 287 287 288 288 287 287 275 275 288 288 289 289 312 312 286 286 290 290 291 291 292 292 291 291 282 282 292 292 292 292 282 282 293 293 282 282 284 284 293 293 290 290 294 294 291 291 291 291 294 294 278 278 294 294 295 295 278 278 278 278 295 295 279 279 280 280 282 282 285 285 282 282 291 291 285 285 285 285 291 291 296 296 291 291 278 278 296 296 296 296 278 278 274 274 278 278 253 253 274 274 274 274 253 253 259 259 276 276 285 285 277 277 285 285 296 296 277 277 277 277 296 296 297 297 296 296 274 274 297 297 297 297 274 274 273 273 274 274 258 258 273 273 273 273 258 258 261 261 275 275 277 277 288 288 277 277 297 297 288 288 288 288 297 297 298 298 297 297 273 273 298 298 298 298 273 273 299 299 273 273 252 252 299 299 299 299 252 252 251 251 286 286 288 288 289 289 288 288 298 298 289 289 289 289 298 298 300 300 298 298 299 299 300 300 300 300 299 299 272 272 299 299 251 251 272 272 272 272 251 251 262 262 303 303 301 301 302 302 304 304 303 303 308 308 305 305 304 304 308 308 306 306 305 305 308 308 307 307 306 306 308 308 303 303 302 302 308 308 312 312 281 281 310 310 308 308 309 309 311 311 312 312 310 310 287 287 382 382 283 283 281 281 281 281 280 280 310 310 310 310 276 276 287 287 276 276 275 275 287 287 307 307 308 308 311 311 311 311 309 309 312 312 312 312 287 287 286 286 313 313 302 302 301 301 314 314 315 315 316 316 404 404 318 318 320 320 318 318 319 319 320 320 320 320 319 319 322 322 328 328 321 321 317 317 317 317 321 321 319 319 321 321 322 322 319 319 323 323 324 324 325 325 325 325 326 326 323 323 326 326 327 327 323 323 323 323 327 327 317 317 327 327 328 328 317 317 329 329 330 330 331 331 330 330 332 332 331 331 331 331 332 332 324 324 332 332 333 333 324 324 324 324 333 333 325 325 331 331 334 334 329 329 334 334 335 335 329 329 329 329 335 335 398 398 336 336 335 335 337 337 335 335 334 334 337 337 337 337 334 334 338 338 334 334 331 331 338 338 338 338 331 331 339 339 331 331 324 324 339 339 339 339 324 324 340 340 324 324 323 323 340 340 340 340 323 323 341 341 323 323 317 317 341 341 341 341 317 317 342 342 317 317 319 319 342 342 342 342 319 319 318 318 343 343 336 336 344 344 336 336 337 337 344 344 344 344 337 337 345 345 337 337 338 338 345 345 345 345 338 338 346 346 338 338 339 339 346 346 346 346 339 339 347 347 339 339 340 340 347 347 347 347 340 340 348 348 340 340 341 341 348 348 348 348 341 341 316 316 341 341 342 342 316 316 316 316 342 342 314 314 342 342 318 318 314 314 349 349 343 343 350 350 343 343 344 344 350 350 350 350 344 344 351 351 344 344 345 345 351 351 351 351 345 345 352 352 345 345 346 346 352 352 352 352 346 346 353 353 346 346 347 347 353 353 353 353 347 347 354 354 347 347 348 348 354 354 354 354 348 348 355 355 348 348 316 316 355 355 355 355 316 316 315 315 311 311 349 349 307 307 349 349 350 350 307 307 307 307 350 350 306 306 350 350 351 351 306 306 306 306 351 351 305 305 351 351 352 352 305 305 305 305 352 352 304 304 352 352 353 353 304 304 304 304 353 353 303 303 353 353 354 354 303 303 303 303 354 354 301 301 354 354 355 355 301 301 301 301 355 355 313 313 355 355 315 315 313 313 267 267 356 356 357 357 360 360 435 435 271 271 358 358 432 432 362 362 432 432 363 363 362 362 362 362 363 363 365 365 365 365 363 363 366 366 366 366 363 363 367 367 367 367 363 363 368 368 363 363 364 364 368 368 358 358 362 362 369 369 362 362 365 365 369 369 369 369 365 365 370 370 365 365 366 366 370 370 370 370 366 366 371 371 366 366 367 367 371 371 371 371 367 367 372 372 367 367 368 368 372 372 372 372 368 368 412 412 368 368 364 364 412 412 359 359 358 358 373 373 358 358 369 369 373 373 373 373 369 369 374 374 369 369 370 370 374 374 374 374 370 370 375 375 370 370 371 371 375 375 375 375 371 371 361 361 371 371 372 372 361 361 361 361 372 372 360 360 372 372 412 412 360 360 360 360 376 376 361 361 361 361 376 376 375 375 376 376 377 377 375 375 375 375 377 377 374 374 377 377 378 378 374 374 374 374 378 378 373 373 378 378 379 379 373 373 373 373 379 379 359 359 379 379 357 357 359 359 359 359 357 357 358 358 357 357 356 356 358 358 360 360 271 271 376 376 376 376 271 271 377 377 271 271 270 270 377 377 377 377 270 270 378 378 270 270 268 268 378 378 378 378 268 268 379 379 268 268 265 265 379 379 379 379 265 265 357 357 265 265 267 267 357 357 385 385 386 386 384 384 388 388 389 389 396 396 396 396 389 389 387 387 393 393 390 390 309 309 309 309 390 390 312 312 312 312 390 390 281 281 390 390 382 382 281 281 302 302 391 391 308 308 391 391 392 392 308 308 308 308 392 392 309 309 392 392 393 393 309 309 393 393 381 381 390 390 390 390 381 381 382 382 380 380 381 381 394 394 381 381 393 393 394 394 394 394 393 393 395 395 393 393 392 392 395 395 395 395 392 392 396 396 392 392 391 391 396 396 397 397 380 380 394 394 383 383 397 397 384 384 397 397 394 394 384 384 384 384 394 394 385 385 385 385 394 394 387 387 394 394 395 395 387 387 387 387 395 395 396 396 300 300 272 272 429 429 289 289 336 336 343 343 300 300 429 429 398 398 272 272 262 262 429 429 429 429 262 262 399 399 289 289 300 300 336 336 300 300 398 398 336 336 336 336 398 398 335 335 343 343 349 349 289 289 349 349 311 311 289 289 289 289 311 311 312 312 400 400 332 332 330 330 330 330 329 329 400 400 400 400 329 329 401 401 329 329 398 398 401 401 404 404 320 320 402 402 320 320 322 322 402 402 322 322 321 321 402 402 321 321 328 328 402 402 402 402 328 328 327 327 327 327 326 326 402 402 326 326 325 325 402 402 402 402 325 325 400 400 325 325 333 333 400 400 400 400 333 333 332 332 425 425 404 404 403 403 403 403 404 404 402 402 360 360 406 406 408 408 406 406 407 407 408 408 408 408 407 407 410 410 407 407 409 409 410 410 410 410 409 409 399 399 409 409 411 411 399 399 406 406 360 360 405 405 412 412 405 405 360 360 405 405 412 412 413 413 412 412 414 414 413 413 413 413 414 414 416 416 415 415 416 416 414 414 415 415 417 417 416 416 418 418 455 455 415 415 415 415 455 455 417 417 419 419 421 421 420 420 420 420 421 421 418 418 421 421 459 459 418 418 418 418 459 459 455 455 419 419 420 420 423 423 420 420 422 422 423 423 422 422 424 424 423 423 424 424 422 422 403 403 422 422 425 425 403 403 411 411 426 426 399 399 426 426 427 427 399 399 399 399 427 427 429 429 427 427 428 428 429 429 401 401 398 398 430 430 398 398 429 429 430 430 428 428 431 431 429 429 429 429 431 431 430 430 414 414 364 364 415 415 364 364 432 432 415 415 432 432 433 433 415 415 415 415 433 433 418 418 433 433 434 434 418 418 418 418 434 434 442 442 385 385 387 387 389 389 388 388 384 384 386 386 434 434 383 383 442 442 442 442 383 383 388 388 388 388 383 383 384 384 388 388 386 386 389 389 386 386 385 385 389 389 435 435 360 360 408 408 414 414 412 412 364 364 410 410 399 399 269 269 269 269 399 399 263 263 266 266 435 435 408 408 399 399 262 262 263 263 269 269 264 264 410 410 264 264 266 266 410 410 410 410 266 266 408 408 381 381 380 380 437 437 380 380 397 397 437 437 397 397 383 383 434 434 356 356 267 267 264 264 264 264 257 257 356 356 356 356 257 257 256 256 358 358 436 436 432 432 363 363 432 432 364 364 437 437 439 439 381 381 439 439 284 284 381 381 381 381 284 284 382 382 438 438 292 292 439 439 292 292 293 293 439 439 438 438 290 290 292 292 256 256 279 279 356 356 279 279 295 295 356 356 356 356 295 295 438 438 295 295 294 294 438 438 438 438 294 294 290 290 358 358 356 356 436 436 436 436 356 356 440 440 356 356 438 438 440 440 440 440 438 438 437 437 438 438 439 439 437 437 439 439 293 293 284 284 397 397 434 434 437 437 437 437 434 434 441 441 434 434 433 433 441 441 437 437 441 441 440 440 440 440 441 441 436 436 441 441 433 433 436 436 436 436 433 433 432 432 425 425 422 422 443 443 422 422 420 420 442 442 318 318 425 425 314 314 425 425 443 443 314 314 314 314 443 443 315 315 404 404 425 425 318 318 444 444 313 313 443 443 313 313 315 315 443 443 444 444 391 391 313 313 391 391 302 302 313 313 422 422 442 442 443 443 443 443 442 442 444 444 442 442 396 396 444 444 388 388 396 396 442 442 442 442 420 420 418 418 444 444 396 396 391 391 400 400 446 446 402 402 402 402 446 446 403 403 446 446 445 445 403 403 400 400 401 401 446 446 446 446 401 401 449 449 447 447 428 428 427 427 411 411 451 451 426 426 451 451 448 448 426 426 426 426 448 448 427 427 427 427 448 448 447 447 447 447 1167 1167 428 428 428 428 1167 1167 431 431 401 401 430 430 449 449 449 449 430 430 1167 1167 430 430 431 431 1167 1167 454 454 450 450 407 407 407 407 450 450 409 409 450 450 451 451 409 409 409 409 451 451 411 411 405 405 413 413 453 453 453 453 413 413 452 452 413 413 416 416 452 452 407 407 406 406 454 454 454 454 406 406 453 453 453 453 406 406 405 405 417 417 452 452 416 416 445 445 456 456 403 403 403 403 456 456 424 424 424 424 456 456 423 423 456 456 457 457 423 423 457 457 458 458 423 423 423 423 458 458 419 419 419 419 458 458 421 421 458 458 459 459 421 421 460 460 461 461 622 622 464 464 611 611 610 610 465 465 466 466 467 467 468 468 469 469 470 470 474 474 475 475 476 476 479 479 480 480 542 542 625 625 481 481 552 552 483 483 535 535 484 484 1101 1101 490 490 491 491 497 497 621 621 498 498 622 622 461 461 621 621 461 461 498 498 621 621 460 460 624 624 499 499 501 501 502 502 503 503 504 504 502 502 1166 1166 502 502 501 501 1166 1166 501 501 506 506 1166 1166 501 501 505 505 506 506 511 511 512 512 509 509 490 490 1101 1101 514 514 607 607 517 517 1100 1100 518 518 519 519 884 884 884 884 519 519 520 520 520 520 519 519 489 489 527 527 528 528 526 526 530 530 528 528 485 485 485 485 528 528 527 527 529 529 531 531 689 689 531 531 532 532 689 689 532 532 531 531 533 533 531 531 486 486 533 533 486 486 485 485 484 484 485 485 527 527 484 484 526 526 484 484 527 527 536 536 535 535 534 534 534 534 535 535 483 483 537 537 538 538 536 536 537 537 539 539 538 538 540 540 539 539 478 478 477 477 540 540 478 478 544 544 541 541 542 542 542 542 543 543 544 544 545 545 544 544 543 543 547 547 545 545 546 546 481 481 551 551 626 626 555 555 557 557 554 554 555 555 556 556 557 557 556 556 558 558 557 557 557 557 558 558 559 559 560 560 559 559 558 558 494 494 560 560 495 495 495 495 560 560 558 558 530 530 485 485 529 529 485 485 486 486 529 529 529 529 486 486 531 531 483 483 484 484 526 526 546 546 561 561 562 562 541 541 540 540 563 563 540 540 477 477 563 563 537 537 601 601 539 539 536 536 534 534 537 537 534 534 600 600 537 537 564 564 563 563 477 477 477 477 478 478 602 602 602 602 478 478 601 601 478 478 539 539 601 601 523 523 475 475 474 474 487 487 488 488 565 565 488 488 522 522 565 565 565 565 522 522 474 474 522 522 523 523 474 474 522 522 1201 1201 523 523 523 523 1201 1201 566 566 1201 1201 521 521 566 566 470 470 469 469 603 603 566 566 470 470 523 523 523 523 470 470 475 475 470 470 603 603 475 475 475 475 603 603 476 476 567 567 608 608 568 568 608 608 562 562 568 568 568 568 562 562 561 561 546 546 545 545 543 543 542 542 480 480 543 543 480 480 569 569 543 543 543 543 569 569 546 546 569 569 570 570 546 546 546 546 570 570 561 561 570 570 571 571 561 561 561 561 571 571 568 568 572 572 473 473 581 581 581 581 473 473 579 579 473 473 571 571 579 579 579 579 571 571 570 570 584 584 573 573 572 572 572 572 573 573 574 574 573 573 472 472 574 574 584 584 575 575 573 573 573 573 575 575 472 472 464 464 472 472 576 576 576 576 577 577 598 598 577 577 511 511 509 509 579 579 580 580 581 581 580 580 582 582 581 581 582 582 583 583 584 584 583 583 585 585 584 584 586 586 471 471 604 604 604 604 471 471 479 479 479 479 471 471 480 480 511 511 585 585 512 512 512 512 585 585 513 513 585 585 583 583 513 513 513 513 583 583 587 587 583 583 582 582 587 587 587 587 582 582 588 588 582 582 580 580 588 588 580 580 579 579 589 589 579 579 578 578 589 589 589 589 578 578 590 590 590 590 591 591 589 589 591 591 593 593 589 589 592 592 490 490 587 587 490 490 514 514 587 587 587 587 514 514 513 513 593 593 491 491 592 592 491 491 490 490 592 592 587 587 588 588 592 592 588 588 580 580 592 592 592 592 580 580 593 593 580 580 589 589 593 593 595 595 606 606 591 591 591 591 606 606 596 596 596 596 607 607 516 516 516 516 607 607 515 515 607 607 1100 1100 515 515 598 598 508 508 599 599 599 599 508 508 507 507 597 597 505 505 500 500 505 505 501 501 500 500 500 500 501 501 503 503 526 526 524 524 483 483 524 524 525 525 483 483 483 483 525 525 534 534 534 534 525 525 600 600 600 600 601 601 537 537 601 601 476 476 602 602 602 602 603 603 477 477 477 477 603 603 564 564 603 603 469 469 564 564 564 564 469 469 604 604 469 469 468 468 604 604 525 525 487 487 600 600 487 487 565 565 600 600 600 600 565 565 601 601 565 565 474 474 601 601 601 601 474 474 476 476 476 476 603 603 602 602 594 594 605 605 595 595 595 595 605 605 606 606 606 606 607 607 596 596 607 607 518 518 517 517 518 518 884 884 517 517 574 574 567 567 572 572 572 572 567 567 473 473 567 567 568 568 473 473 473 473 568 568 571 571 570 570 569 569 578 578 578 578 569 569 594 594 569 569 480 480 594 594 480 480 471 471 594 594 594 594 471 471 605 605 471 471 586 586 605 605 605 605 586 586 606 606 606 606 586 586 607 607 607 607 586 586 518 518 541 541 563 563 542 542 542 542 563 563 479 479 563 563 564 564 479 479 479 479 564 564 604 604 604 604 468 468 586 586 586 586 468 468 518 518 468 468 470 470 518 518 470 470 566 566 518 518 518 518 566 566 519 519 566 566 521 521 519 519 519 519 521 521 489 489 556 556 467 467 558 558 467 467 466 466 558 558 466 466 495 495 558 558 608 608 610 610 609 609 611 611 464 464 613 613 510 510 508 508 509 509 509 509 508 508 577 577 508 508 598 598 577 577 598 598 614 614 576 576 614 614 613 613 576 576 576 576 613 613 464 464 620 620 463 463 619 619 462 462 492 492 463 463 492 492 493 493 463 463 493 493 492 492 465 465 465 465 492 492 466 466 492 492 496 496 466 466 466 466 496 496 495 495 615 615 616 616 630 630 463 463 620 620 497 497 620 620 621 621 497 497 622 622 623 623 460 460 623 623 624 624 460 460 599 599 616 616 598 598 598 598 616 616 614 614 616 616 615 615 614 614 614 614 615 615 613 613 615 615 611 611 613 613 611 611 612 612 610 610 610 610 612 612 609 609 625 625 552 552 555 555 552 552 617 617 467 467 467 467 617 617 465 465 617 617 618 618 465 465 465 465 618 618 619 619 497 497 462 462 463 463 463 463 493 493 619 619 493 493 465 465 619 619 467 467 556 556 552 552 556 556 555 555 552 552 555 555 554 554 625 625 554 554 553 553 625 625 551 551 550 550 626 626 626 626 550 550 618 618 550 550 627 627 618 618 618 618 627 627 619 619 627 627 628 628 619 619 551 551 549 549 482 482 551 551 482 482 550 550 550 550 482 482 627 627 503 503 499 499 500 500 500 500 499 499 597 597 499 499 624 624 597 597 597 597 624 624 630 630 630 630 624 624 615 615 624 624 623 623 615 615 622 622 621 621 629 629 621 621 620 620 629 629 629 629 620 620 628 628 620 620 619 619 628 628 618 618 617 617 626 626 617 617 552 552 626 626 626 626 552 552 481 481 506 506 505 505 507 507 507 507 505 505 599 599 505 505 597 597 599 599 599 599 597 597 616 616 597 597 630 630 616 616 615 615 623 623 611 611 623 623 622 622 611 611 611 611 622 622 612 612 622 622 629 629 612 612 629 629 628 628 612 612 612 612 628 628 609 609 628 628 627 627 609 609 627 627 482 482 609 609 609 609 482 482 562 562 482 482 549 549 562 562 562 562 549 549 548 548 515 515 1101 1101 516 516 1101 1101 491 491 516 516 516 516 491 491 596 596 491 491 593 593 596 596 596 596 593 593 591 591 591 591 590 590 595 595 595 595 590 590 594 594 594 594 590 590 578 578 578 578 579 579 570 570 581 581 582 582 572 572 582 582 584 584 572 572 584 584 585 585 575 575 585 585 511 511 575 575 511 511 577 577 575 575 577 577 576 576 575 575 575 575 576 576 472 472 472 472 464 464 574 574 464 464 610 610 574 574 574 574 610 610 567 567 567 567 610 610 608 608 608 608 609 609 562 562 562 562 548 548 546 546 546 546 548 548 547 547 632 632 634 634 635 635 637 637 642 642 638 638 639 639 640 640 645 645 645 645 641 641 639 639 639 639 641 641 637 637 641 641 642 642 637 637 647 647 643 643 644 644 644 644 643 643 640 640 643 643 645 645 640 640 644 644 646 646 647 647 652 652 648 648 649 649 649 649 648 648 646 646 646 646 648 648 647 647 649 649 650 650 652 652 651 651 654 654 650 650 654 654 652 652 650 650 653 653 656 656 651 651 656 656 654 654 651 651 655 655 658 658 653 653 658 658 656 656 653 653 657 657 660 660 655 655 660 660 658 658 655 655 662 662 659 659 636 636 636 636 659 659 657 657 659 659 660 660 657 657 661 661 662 662 636 636 635 635 634 634 661 661 661 661 634 634 662 662 633 633 632 632 635 635 632 632 633 633 665 665 633 633 663 663 665 665 667 667 665 665 664 664 664 664 665 665 663 663 669 669 667 667 666 666 666 666 667 667 664 664 666 666 668 668 669 669 672 672 669 669 668 668 668 668 670 670 672 672 671 671 674 674 670 670 674 674 672 672 670 670 673 673 676 676 671 671 676 676 674 674 671 671 677 677 676 676 675 675 675 675 676 676 673 673 681 681 677 677 675 675 678 678 679 679 680 680 679 679 681 681 680 680 680 680 681 681 675 675 684 684 682 682 683 683 683 683 682 682 678 678 678 678 682 682 679 679 686 686 684 684 685 685 685 685 684 684 683 683 688 688 686 686 631 631 631 631 686 686 685 685 687 687 689 689 532 532 532 532 688 688 687 687 687 687 688 688 631 631 533 533 688 688 532 532 1224 1224 689 689 687 687 1275 1275 1224 1224 690 690 1275 1275 690 690 694 694 692 692 694 694 691 691 559 559 560 560 695 695 698 698 553 553 554 554 696 696 554 554 557 557 642 642 698 698 638 638 554 554 696 696 698 698 696 696 638 638 698 698 699 699 700 700 701 701 700 700 702 702 701 701 703 703 704 704 702 702 704 704 705 705 702 702 702 702 705 705 701 701 705 705 706 706 701 701 701 701 706 706 707 707 706 706 708 708 707 707 707 707 708 708 709 709 708 708 710 710 709 709 709 709 710 710 711 711 710 710 712 712 711 711 711 711 712 712 713 713 712 712 714 714 713 713 713 713 714 714 715 715 714 714 716 716 715 715 715 715 716 716 717 717 716 716 718 718 717 717 717 717 718 718 719 719 718 718 720 720 719 719 719 719 720 720 721 721 720 720 722 722 721 721 721 721 722 722 723 723 722 722 724 724 723 723 723 723 724 724 725 725 724 724 726 726 725 725 725 725 726 726 727 727 726 726 728 728 727 727 727 727 728 728 729 729 728 728 730 730 729 729 729 729 730 730 731 731 730 730 732 732 731 731 731 731 732 732 733 733 732 732 734 734 733 733 733 733 734 734 735 735 734 734 736 736 735 735 735 735 736 736 737 737 736 736 738 738 737 737 737 737 738 738 739 739 738 738 695 695 739 739 739 739 695 695 740 740 695 695 560 560 740 740 740 740 560 560 494 494 692 692 691 691 693 693 691 691 741 741 693 693 693 693 741 741 742 742 741 741 743 743 742 742 742 742 743 743 744 744 743 743 745 745 744 744 744 744 745 745 746 746 745 745 747 747 746 746 746 746 747 747 748 748 747 747 749 749 748 748 748 748 749 749 750 750 749 749 751 751 750 750 750 750 751 751 752 752 751 751 753 753 752 752 752 752 753 753 754 754 753 753 755 755 754 754 754 754 755 755 756 756 755 755 757 757 756 756 756 756 757 757 758 758 757 757 759 759 758 758 758 758 759 759 760 760 759 759 704 704 760 760 760 760 704 704 699 699 704 704 703 703 699 699 699 699 703 703 700 700 694 694 690 690 691 691 690 690 761 761 691 691 691 691 761 761 741 741 761 761 762 762 741 741 741 741 762 762 743 743 762 762 763 763 743 743 743 743 763 763 745 745 763 763 764 764 745 745 745 745 764 764 747 747 764 764 765 765 747 747 747 747 765 765 749 749 765 765 766 766 749 749 749 749 766 766 751 751 766 766 767 767 751 751 751 751 767 767 753 753 767 767 768 768 753 753 753 753 768 768 755 755 768 768 769 769 755 755 755 755 769 769 757 757 769 769 770 770 757 757 757 757 770 770 759 759 770 770 771 771 759 759 759 759 771 771 704 704 771 771 772 772 704 704 704 704 772 772 705 705 772 772 773 773 705 705 705 705 773 773 706 706 773 773 774 774 706 706 706 706 774 774 708 708 774 774 775 775 708 708 708 708 775 775 710 710 775 775 776 776 710 710 710 710 776 776 712 712 776 776 777 777 712 712 712 712 777 777 714 714 777 777 778 778 714 714 714 714 778 778 716 716 778 778 779 779 716 716 716 716 779 779 718 718 779 779 780 780 718 718 718 718 780 780 720 720 780 780 781 781 720 720 720 720 781 781 722 722 781 781 782 782 722 722 722 722 782 782 724 724 782 782 783 783 724 724 724 724 783 783 726 726 783 783 784 784 726 726 726 726 784 784 728 728 784 784 785 785 728 728 728 728 785 785 730 730 785 785 786 786 730 730 730 730 786 786 732 732 786 786 787 787 732 732 732 732 787 787 734 734 787 787 788 788 734 734 734 734 788 788 736 736 788 788 789 789 736 736 736 736 789 789 738 738 789 789 697 697 738 738 738 738 697 697 695 695 697 697 557 557 695 695 695 695 557 557 559 559 1224 1224 687 687 690 690 687 687 631 631 690 690 690 690 631 631 761 761 631 631 685 685 761 761 761 761 685 685 762 762 685 685 683 683 762 762 762 762 683 683 763 763 683 683 678 678 763 763 763 763 678 678 764 764 678 678 680 680 764 764 764 764 680 680 765 765 680 680 675 675 765 765 765 765 675 675 766 766 675 675 673 673 766 766 766 766 673 673 767 767 673 673 671 671 767 767 767 767 671 671 768 768 671 671 670 670 768 768 768 768 670 670 769 769 670 670 668 668 769 769 769 769 668 668 770 770 668 668 666 666 770 770 770 770 666 666 771 771 666 666 664 664 771 771 771 771 664 664 772 772 664 664 663 663 772 772 772 772 663 663 773 773 663 663 633 633 773 773 773 773 633 633 774 774 633 633 635 635 774 774 774 774 635 635 775 775 635 635 661 661 775 775 775 775 661 661 776 776 661 661 636 636 776 776 776 776 636 636 777 777 636 636 657 657 777 777 777 777 657 657 778 778 657 657 655 655 778 778 778 778 655 655 779 779 655 655 653 653 779 779 779 779 653 653 780 780 653 653 651 651 780 780 780 780 651 651 781 781 651 651 650 650 781 781 781 781 650 650 782 782 650 650 649 649 782 782 782 782 649 649 783 783 649 649 646 646 783 783 783 783 646 646 784 784 646 646 644 644 784 784 784 784 644 644 785 785 644 644 640 640 785 785 785 785 640 640 786 786 640 640 639 639 786 786 786 786 639 639 787 787 639 639 637 637 787 787 787 787 637 637 788 788 637 637 638 638 788 788 788 788 638 638 789 789 638 638 696 696 789 789 789 789 696 696 697 697 696 696 557 557 697 697 824 824 825 825 826 826 827 827 828 828 825 825 829 829 830 830 828 828 831 831 832 832 830 830 833 833 834 834 832 832 835 835 836 836 834 834 837 837 838 838 836 836 839 839 840 840 838 838 841 841 842 842 840 840 843 843 844 844 842 842 845 845 846 846 844 844 847 847 848 848 846 846 849 849 850 850 848 848 851 851 852 852 850 850 853 853 854 854 852 852 855 855 856 856 854 854 246 246 245 245 857 857 1210 1210 862 862 863 863 863 863 862 862 891 891 861 861 1210 1210 863 863 1210 1210 861 861 1209 1209 861 861 866 866 1209 1209 864 864 866 866 865 865 867 867 1208 1208 865 865 865 865 1208 1208 864 864 1208 1208 867 867 870 870 867 867 868 868 870 870 871 871 872 872 869 869 873 873 871 871 874 874 877 877 1242 1242 875 875 875 875 1242 1242 874 874 874 874 1242 1242 873 873 876 876 878 878 875 875 878 878 877 877 875 875 860 860 878 878 876 876 520 520 1205 1205 881 881 882 882 884 884 883 883 233 233 232 232 1038 1038 1038 1038 232 232 885 885 230 230 888 888 231 231 888 888 885 885 231 231 885 885 232 232 231 231 886 886 887 887 237 237 237 237 887 887 238 238 887 887 1297 1297 238 238 888 888 230 230 1297 1297 230 230 96 96 1297 1297 1297 1297 96 96 238 238 1203 1203 890 890 889 889 891 891 892 892 893 893 892 892 894 894 893 893 893 893 894 894 863 863 863 863 894 894 861 861 243 243 242 242 895 895 242 242 241 241 895 895 895 895 241 241 896 896 241 241 250 250 896 896 896 896 250 250 249 249 858 858 244 244 897 897 244 244 243 243 897 897 897 897 243 243 895 895 898 898 240 240 858 858 858 858 240 240 244 244 237 237 236 236 886 886 886 886 236 236 899 899 236 236 235 235 899 899 235 235 234 234 899 899 899 899 234 234 900 900 234 234 239 239 900 900 900 900 239 239 890 890 890 890 239 239 889 889 889 889 239 239 898 898 239 239 240 240 898 898 249 249 248 248 896 896 896 896 248 248 857 857 248 248 247 247 857 857 857 857 247 247 246 246 902 902 856 856 903 903 856 856 855 855 903 903 903 903 855 855 904 904 862 862 1203 1203 891 891 1203 1203 889 889 891 891 889 889 898 898 891 891 891 891 898 898 892 892 898 898 858 858 892 892 892 892 858 858 905 905 858 858 897 897 905 905 905 905 897 897 906 906 870 870 868 868 869 869 868 868 907 907 869 869 869 869 907 907 871 871 907 907 908 908 871 871 871 871 908 908 874 874 908 908 909 909 874 874 874 874 909 909 875 875 909 909 910 910 875 875 875 875 910 910 876 876 911 911 902 902 912 912 902 902 903 903 912 912 912 912 903 903 913 913 903 903 904 904 913 913 913 913 904 904 914 914 910 910 915 915 876 876 915 915 916 916 876 876 876 876 916 916 860 860 916 916 879 879 860 860 915 915 917 917 916 916 917 917 918 918 916 916 916 916 918 918 879 879 918 918 880 880 879 879 879 879 880 880 859 859 880 880 922 922 859 859 917 917 919 919 918 918 919 919 920 920 918 918 918 918 920 920 880 880 920 920 921 921 880 880 880 880 921 921 922 922 921 921 881 881 922 922 881 881 1205 1205 922 922 923 923 911 911 924 924 911 911 912 912 924 924 924 924 912 912 925 925 912 912 913 913 925 925 925 925 913 913 926 926 913 913 914 914 926 926 926 926 914 914 814 814 919 919 927 927 920 920 927 927 928 928 920 920 920 920 928 928 921 921 928 928 929 929 921 921 921 921 929 929 881 881 929 929 930 930 881 881 881 881 930 930 520 520 930 930 883 883 520 520 883 883 884 884 520 520 931 931 932 932 933 933 934 934 906 906 935 935 906 906 897 897 935 935 935 935 897 897 936 936 897 897 895 895 936 936 936 936 895 895 937 937 895 895 896 896 937 937 937 937 896 896 938 938 896 896 857 857 938 938 938 938 857 857 901 901 857 857 245 245 901 901 901 901 245 245 233 233 822 822 882 882 823 823 882 882 883 883 823 823 823 823 883 883 939 939 883 883 930 930 939 939 939 939 930 930 940 940 930 930 929 929 940 940 940 940 929 929 941 941 929 929 928 928 941 941 941 941 928 928 942 942 928 928 927 927 942 942 820 820 822 822 821 821 822 822 823 823 821 821 821 821 823 823 943 943 823 823 939 939 943 943 943 943 939 939 944 944 939 939 940 940 944 944 944 944 940 940 945 945 940 940 941 941 945 945 945 945 941 941 946 946 941 941 942 942 946 946 818 818 820 820 819 819 820 820 821 821 819 819 819 819 821 821 947 947 821 821 943 943 947 947 947 947 943 943 948 948 943 943 944 944 948 948 948 948 944 944 949 949 944 944 945 945 949 949 949 949 945 945 950 950 945 945 946 946 950 950 816 816 818 818 817 817 818 818 819 819 817 817 817 817 819 819 951 951 819 819 947 947 951 951 951 951 947 947 952 952 947 947 948 948 952 952 952 952 948 948 953 953 948 948 949 949 953 953 953 953 949 949 954 954 949 949 950 950 954 954 959 959 816 816 815 815 816 816 817 817 815 815 815 815 817 817 955 955 817 817 951 951 955 955 955 955 951 951 956 956 951 951 952 952 956 956 956 956 952 952 957 957 952 952 953 953 957 957 957 957 953 953 958 958 953 953 954 954 958 958 959 959 815 815 960 960 960 960 815 815 961 961 815 815 955 955 961 961 961 961 955 955 962 962 955 955 956 956 962 962 962 962 956 956 963 963 956 956 957 957 963 963 963 963 957 957 964 964 957 957 958 958 964 964 964 964 923 923 963 963 923 923 924 924 963 963 963 963 924 924 962 962 924 924 925 925 962 962 962 962 925 925 961 961 925 925 926 926 961 961 961 961 926 926 960 960 926 926 814 814 960 960 960 960 814 814 959 959 814 814 813 813 959 959 854 854 853 853 855 855 853 853 965 965 855 855 855 855 965 965 904 904 965 965 966 966 904 904 904 904 966 966 914 914 966 966 812 812 914 914 914 914 812 812 814 814 812 812 811 811 814 814 814 814 811 811 813 813 852 852 851 851 853 853 851 851 967 967 853 853 853 853 967 967 965 965 967 967 968 968 965 965 965 965 968 968 966 966 968 968 810 810 966 966 966 966 810 810 812 812 810 810 809 809 812 812 812 812 809 809 811 811 850 850 849 849 851 851 849 849 969 969 851 851 851 851 969 969 967 967 969 969 970 970 967 967 967 967 970 970 968 968 970 970 808 808 968 968 968 968 808 808 810 810 808 808 807 807 810 810 810 810 807 807 809 809 848 848 847 847 849 849 847 847 971 971 849 849 849 849 971 971 969 969 971 971 972 972 969 969 969 969 972 972 970 970 972 972 806 806 970 970 970 970 806 806 808 808 806 806 805 805 808 808 808 808 805 805 807 807 846 846 845 845 847 847 845 845 973 973 847 847 847 847 973 973 971 971 973 973 974 974 971 971 971 971 974 974 972 972 974 974 804 804 972 972 972 972 804 804 806 806 804 804 803 803 806 806 806 806 803 803 805 805 844 844 843 843 845 845 843 843 975 975 845 845 845 845 975 975 973 973 975 975 976 976 973 973 973 973 976 976 974 974 976 976 977 977 974 974 974 974 977 977 804 804 977 977 979 979 804 804 804 804 979 979 803 803 842 842 841 841 843 843 841 841 980 980 843 843 843 843 980 980 975 975 980 980 981 981 975 975 975 975 981 981 976 976 981 981 978 978 976 976 976 976 978 978 977 977 978 978 979 979 977 977 840 840 839 839 841 841 839 839 984 984 841 841 841 841 984 984 980 980 984 984 985 985 980 980 980 980 985 985 981 981 985 985 982 982 981 981 981 981 982 982 978 978 982 982 983 983 978 978 978 978 983 983 979 979 838 838 837 837 839 839 837 837 988 988 839 839 839 839 988 988 984 984 988 988 989 989 984 984 984 984 989 989 985 985 989 989 986 986 985 985 985 985 986 986 982 982 986 986 987 987 982 982 982 982 987 987 983 983 836 836 835 835 837 837 835 835 992 992 837 837 837 837 992 992 988 988 992 992 993 993 988 988 988 988 993 993 989 989 993 993 990 990 989 989 989 989 990 990 986 986 990 990 991 991 986 986 986 986 991 991 987 987 834 834 833 833 835 835 833 833 996 996 835 835 835 835 996 996 992 992 996 996 997 997 992 992 992 992 997 997 993 993 997 997 994 994 993 993 993 993 994 994 990 990 994 994 995 995 990 990 990 990 995 995 991 991 832 832 831 831 833 833 831 831 1000 1000 833 833 833 833 1000 1000 996 996 1000 1000 1001 1001 996 996 996 996 1001 1001 997 997 1001 1001 998 998 997 997 997 997 998 998 994 994 998 998 999 999 994 994 994 994 999 999 995 995 830 830 829 829 831 831 829 829 1002 1002 831 831 831 831 1002 1002 1000 1000 1002 1002 1003 1003 1000 1000 1000 1000 1003 1003 1001 1001 1003 1003 1004 1004 1001 1001 1001 1001 1004 1004 998 998 1004 1004 1005 1005 998 998 998 998 1005 1005 999 999 828 828 827 827 829 829 827 827 1006 1006 829 829 829 829 1006 1006 1002 1002 1006 1006 1007 1007 1002 1002 1002 1002 1007 1007 1003 1003 1007 1007 802 802 1003 1003 1003 1003 802 802 1004 1004 802 802 801 801 1004 1004 1004 1004 801 801 1005 1005 825 825 824 824 827 827 824 824 1008 1008 827 827 827 827 1008 1008 1006 1006 1008 1008 1009 1009 1006 1006 1006 1006 1009 1009 1007 1007 1009 1009 800 800 1007 1007 1007 1007 800 800 802 802 800 800 799 799 802 802 802 802 799 799 801 801 826 826 1010 1010 824 824 1010 1010 1011 1011 824 824 824 824 1011 1011 1008 1008 1011 1011 1012 1012 1008 1008 1008 1008 1012 1012 1009 1009 1012 1012 798 798 1009 1009 1009 1009 798 798 800 800 798 798 797 797 800 800 800 800 797 797 799 799 1010 1010 1013 1013 1011 1011 1013 1013 1014 1014 1011 1011 1011 1011 1014 1014 1012 1012 1014 1014 796 796 1012 1012 1012 1012 796 796 798 798 796 796 795 795 798 798 798 798 795 795 797 797 1013 1013 931 931 1014 1014 931 931 933 933 1014 1014 1014 1014 933 933 796 796 933 933 1022 1022 796 796 796 796 1022 1022 795 795 1015 1015 932 932 1016 1016 1016 1016 932 932 1017 1017 932 932 931 931 1017 1017 1017 1017 931 931 1018 1018 931 931 1013 1013 1018 1018 1018 1018 1013 1013 1019 1019 1013 1013 1010 1010 1019 1019 1019 1019 1010 1010 1020 1020 1010 1010 826 826 1020 1020 1015 1015 1021 1021 932 932 932 932 1021 1021 933 933 1021 1021 1022 1022 933 933 793 793 1015 1015 794 794 1015 1015 1016 1016 794 794 794 794 1016 1016 1023 1023 1016 1016 1017 1017 1023 1023 1023 1023 1017 1017 1024 1024 1017 1017 1018 1018 1024 1024 1024 1024 1018 1018 1025 1025 1018 1018 1019 1019 1025 1025 1025 1025 1019 1019 1026 1026 1019 1019 1020 1020 1026 1026 791 791 793 793 792 792 793 793 794 794 792 792 792 792 794 794 1027 1027 794 794 1023 1023 1027 1027 1027 1027 1023 1023 1028 1028 1023 1023 1024 1024 1028 1028 1028 1028 1024 1024 1029 1029 1024 1024 1025 1025 1029 1029 1029 1029 1025 1025 1030 1030 1025 1025 1026 1026 1030 1030 901 901 791 791 790 790 791 791 792 792 790 790 790 790 792 792 1031 1031 792 792 1027 1027 1031 1031 1031 1031 1027 1027 1032 1032 1027 1027 1028 1028 1032 1032 1032 1032 1028 1028 1033 1033 1028 1028 1029 1029 1033 1033 1033 1033 1029 1029 1034 1034 1029 1029 1030 1030 1034 1034 901 901 790 790 938 938 938 938 790 790 937 937 790 790 1031 1031 937 937 937 937 1031 1031 936 936 1031 1031 1032 1032 936 936 936 936 1032 1032 935 935 1032 1032 1033 1033 935 935 935 935 1033 1033 934 934 1033 1033 1034 1034 934 934 865 865 866 866 894 894 866 866 861 861 894 894 907 907 868 868 894 894 868 868 867 867 894 894 894 894 867 867 865 865 910 910 909 909 894 894 909 909 908 908 894 894 894 894 908 908 907 907 919 919 917 917 894 894 917 917 915 915 894 894 894 894 915 915 910 910 946 946 942 942 894 894 942 942 927 927 894 894 894 894 927 927 919 919 958 958 954 954 894 894 954 954 950 950 894 894 894 894 950 950 946 946 911 911 923 923 894 894 923 923 964 964 894 894 894 894 964 964 958 958 854 854 856 856 894 894 856 856 902 902 894 894 894 894 902 902 911 911 848 848 850 850 894 894 850 850 852 852 894 894 894 894 852 852 854 854 842 842 844 844 894 894 844 844 846 846 894 894 894 894 846 846 848 848 836 836 838 838 894 894 838 838 840 840 894 894 894 894 840 840 842 842 830 830 832 832 894 894 832 832 834 834 894 894 894 894 834 834 836 836 826 826 825 825 894 894 825 825 828 828 894 894 894 894 828 828 830 830 1030 1030 1026 1026 894 894 1026 1026 1020 1020 894 894 894 894 1020 1020 826 826 906 906 934 934 894 894 934 934 1034 1034 894 894 894 894 1034 1034 1030 1030 892 892 905 905 894 894 894 894 905 905 906 906 885 885 1035 1035 1038 1038 1035 1035 885 885 888 888 1035 1035 888 888 1297 1297 1036 1036 1038 1038 1037 1037 1037 1037 1038 1038 1035 1035 1037 1037 1044 1044 1036 1036 1039 1039 1299 1299 1040 1040 1039 1039 1040 1040 1041 1041 1039 1039 1041 1041 1042 1042 1042 1042 1043 1043 1039 1039 1039 1039 1043 1043 1037 1037 1043 1043 1044 1044 1037 1037 1117 1117 1065 1065 1066 1066 1071 1071 512 512 514 514 999 999 1005 1005 1080 1080 995 995 999 999 1081 1081 991 991 995 995 1082 1082 987 987 991 991 1083 1083 983 983 987 987 1084 1084 979 979 983 983 1085 1085 449 449 1046 1046 446 446 1046 1046 1043 1043 446 446 1043 1043 1042 1042 446 446 446 446 1042 1042 445 445 1042 1042 1041 1041 445 445 1043 1043 1046 1046 1044 1044 1046 1046 1097 1097 1044 1044 1097 1097 1098 1098 1044 1044 1099 1099 1036 1036 1098 1098 1036 1036 1044 1044 1098 1098 901 901 233 233 1038 1038 884 884 1100 1100 517 517 512 512 513 513 514 514 979 979 1086 1086 803 803 1021 1021 1075 1075 1022 1022 1038 1038 1036 1036 901 901 1036 1036 1099 1099 901 901 901 901 1099 1099 791 791 1071 1071 514 514 1072 1072 1072 1072 514 514 1103 1103 514 514 1101 1101 1103 1103 1103 1103 1101 1101 1104 1104 1101 1101 515 515 1104 1104 1104 1104 515 515 1096 1096 515 515 1100 1100 1096 1096 1096 1096 1100 1100 882 882 1100 1100 884 884 882 882 1069 1069 1071 1071 1070 1070 1071 1071 1072 1072 1070 1070 1070 1070 1072 1072 1105 1105 1072 1072 1103 1103 1105 1105 1105 1105 1103 1103 1106 1106 1103 1103 1104 1104 1106 1106 1106 1106 1104 1104 1095 1095 1104 1104 1096 1096 1095 1095 1095 1095 1096 1096 822 822 1096 1096 882 882 822 822 822 822 820 820 1095 1095 820 820 1094 1094 1095 1095 1095 1095 1094 1094 1106 1106 1094 1094 1107 1107 1106 1106 1106 1106 1107 1107 1105 1105 1107 1107 1108 1108 1105 1105 1105 1105 1108 1108 1070 1070 1067 1067 1069 1069 1068 1068 1069 1069 1070 1070 1068 1068 1068 1068 1070 1070 1109 1109 1070 1070 1108 1108 1109 1109 1109 1109 1108 1108 1110 1110 1108 1108 1107 1107 1110 1110 1110 1110 1107 1107 1093 1093 1107 1107 1094 1094 1093 1093 1093 1093 1094 1094 818 818 1094 1094 820 820 818 818 1068 1068 1109 1109 1111 1111 1111 1111 1109 1109 1112 1112 1109 1109 1110 1110 1112 1112 1112 1112 1110 1110 1092 1092 1110 1110 1093 1093 1092 1092 1092 1092 1093 1093 816 816 1093 1093 818 818 816 816 1065 1065 1067 1067 1066 1066 1067 1067 1068 1068 1066 1066 1066 1066 1068 1068 1113 1113 1068 1068 1111 1111 1113 1113 1113 1113 1111 1111 1114 1114 1111 1111 1112 1112 1114 1114 1114 1114 1112 1112 1102 1102 1112 1112 1092 1092 1102 1102 1102 1102 1092 1092 959 959 1092 1092 816 816 959 959 1066 1066 1113 1113 1115 1115 1115 1115 1113 1113 1116 1116 1113 1113 1114 1114 1116 1116 1116 1116 1114 1114 1091 1091 1114 1114 1102 1102 1091 1091 1091 1091 1102 1102 813 813 1102 1102 959 959 813 813 1117 1117 1066 1066 1064 1064 1064 1064 1066 1066 1118 1118 1066 1066 1115 1115 1118 1118 1118 1118 1115 1115 1119 1119 1115 1115 1116 1116 1119 1119 1119 1119 1116 1116 1090 1090 1116 1116 1091 1091 1090 1090 1090 1090 1091 1091 811 811 1091 1091 813 813 811 811 811 811 809 809 1090 1090 809 809 1089 1089 1090 1090 1090 1090 1089 1089 1119 1119 1089 1089 1120 1120 1119 1119 1119 1119 1120 1120 1118 1118 1120 1120 1121 1121 1118 1118 1118 1118 1121 1121 1064 1064 1064 1064 1062 1062 1117 1117 1062 1062 1064 1064 1063 1063 1063 1063 1064 1064 1122 1122 1064 1064 1121 1121 1122 1122 1122 1122 1121 1121 1123 1123 1121 1121 1120 1120 1123 1123 1123 1123 1120 1120 1088 1088 1120 1120 1089 1089 1088 1088 1088 1088 1089 1089 807 807 1089 1089 809 809 807 807 1060 1060 1062 1062 1063 1063 1063 1063 1122 1122 1124 1124 1124 1124 1122 1122 1125 1125 1122 1122 1123 1123 1125 1125 1125 1125 1123 1123 1087 1087 1123 1123 1088 1088 1087 1087 1087 1087 1088 1088 805 805 1088 1088 807 807 805 805 1060 1060 1063 1063 1061 1061 1061 1061 1063 1063 1126 1126 1063 1063 1124 1124 1126 1126 1126 1126 1124 1124 1127 1127 1124 1124 1125 1125 1127 1127 1127 1127 1125 1125 1128 1128 1125 1125 1087 1087 1128 1128 1128 1128 1087 1087 803 803 1087 1087 805 805 803 803 1059 1059 1060 1060 1061 1061 1061 1061 1126 1126 1129 1129 1129 1129 1126 1126 1130 1130 1126 1126 1127 1127 1130 1130 1130 1130 1127 1127 1086 1086 1127 1127 1128 1128 1086 1086 1086 1086 1128 1128 803 803 1057 1057 1059 1059 1058 1058 1059 1059 1061 1061 1058 1058 1058 1058 1061 1061 1131 1131 1061 1061 1129 1129 1131 1131 1131 1131 1129 1129 1132 1132 1129 1129 1130 1130 1132 1132 1132 1132 1130 1130 1085 1085 1130 1130 1086 1086 1085 1085 1085 1085 1086 1086 979 979 983 983 1084 1084 1085 1085 1085 1085 1084 1084 1132 1132 1084 1084 1133 1133 1132 1132 1132 1132 1133 1133 1131 1131 1133 1133 1134 1134 1131 1131 1131 1131 1134 1134 1058 1058 1055 1055 1057 1057 1056 1056 1057 1057 1058 1058 1056 1056 1056 1056 1058 1058 1135 1135 1058 1058 1134 1134 1135 1135 1135 1135 1134 1134 1136 1136 1134 1134 1133 1133 1136 1136 1136 1136 1133 1133 1083 1083 1133 1133 1084 1084 1083 1083 1083 1083 1084 1084 987 987 1056 1056 1135 1135 1137 1137 1137 1137 1135 1135 1138 1138 1135 1135 1136 1136 1138 1138 1138 1138 1136 1136 1082 1082 1136 1136 1083 1083 1082 1082 1082 1082 1083 1083 991 991 1053 1053 1055 1055 1054 1054 1055 1055 1056 1056 1054 1054 1054 1054 1056 1056 1139 1139 1056 1056 1137 1137 1139 1139 1139 1139 1137 1137 1140 1140 1137 1137 1138 1138 1140 1140 1140 1140 1138 1138 1081 1081 1138 1138 1082 1082 1081 1081 1081 1081 1082 1082 995 995 1054 1054 1139 1139 1141 1141 1141 1141 1139 1139 1142 1142 1139 1139 1140 1140 1142 1142 1142 1142 1140 1140 1080 1080 1140 1140 1081 1081 1080 1080 1080 1080 1081 1081 999 999 1051 1051 1053 1053 1052 1052 1053 1053 1054 1054 1052 1052 1052 1052 1054 1054 1143 1143 1054 1054 1141 1141 1143 1143 1143 1143 1141 1141 1144 1144 1141 1141 1142 1142 1144 1144 1144 1144 1142 1142 1079 1079 1142 1142 1080 1080 1079 1079 1079 1079 1080 1080 801 801 1080 1080 1005 1005 801 801 801 801 799 799 1079 1079 799 799 1078 1078 1079 1079 1079 1079 1078 1078 1144 1144 1078 1078 1145 1145 1144 1144 1144 1144 1145 1145 1143 1143 1145 1145 1146 1146 1143 1143 1143 1143 1146 1146 1052 1052 1049 1049 1051 1051 1050 1050 1051 1051 1052 1052 1050 1050 1050 1050 1052 1052 1147 1147 1052 1052 1146 1146 1147 1147 1147 1147 1146 1146 1148 1148 1146 1146 1145 1145 1148 1148 1148 1148 1145 1145 1077 1077 1145 1145 1078 1078 1077 1077 1077 1077 1078 1078 797 797 1078 1078 799 799 797 797 1050 1050 1147 1147 1149 1149 1149 1149 1147 1147 1150 1150 1147 1147 1148 1148 1150 1150 1150 1150 1148 1148 1076 1076 1148 1148 1077 1077 1076 1076 1076 1076 1077 1077 795 795 1077 1077 797 797 795 795 1047 1047 1049 1049 1048 1048 1049 1049 1050 1050 1048 1048 1048 1048 1050 1050 1151 1151 1050 1050 1149 1149 1151 1151 1151 1151 1149 1149 1152 1152 1149 1149 1150 1150 1152 1152 1152 1152 1150 1150 1153 1153 1150 1150 1076 1076 1153 1153 1153 1153 1076 1076 1022 1022 1076 1076 795 795 1022 1022 1159 1159 1047 1047 1158 1158 1047 1047 1048 1048 1158 1158 1158 1158 1048 1048 1154 1154 1048 1048 1151 1151 1154 1154 1154 1154 1151 1151 1155 1155 1151 1151 1152 1152 1155 1155 1155 1155 1152 1152 1075 1075 1152 1152 1153 1153 1075 1075 1075 1075 1153 1153 1022 1022 1021 1021 1015 1015 1075 1075 1015 1015 1074 1074 1075 1075 1075 1075 1074 1074 1155 1155 1074 1074 1156 1156 1155 1155 1155 1155 1156 1156 1154 1154 1156 1156 1157 1157 1154 1154 1154 1154 1157 1157 1158 1158 1015 1015 793 793 1074 1074 793 793 1073 1073 1074 1074 1074 1074 1073 1073 1156 1156 1073 1073 1160 1160 1156 1156 1156 1156 1160 1160 1157 1157 1160 1160 1097 1097 1157 1157 1157 1157 1097 1097 1158 1158 1097 1097 1046 1046 1158 1158 1158 1158 1046 1046 1159 1159 1046 1046 1045 1045 1159 1159 449 449 1045 1045 1046 1046 1097 1097 1160 1160 1098 1098 1098 1098 1160 1160 1099 1099 1160 1160 1073 1073 1099 1099 1099 1099 1073 1073 791 791 1073 1073 793 793 791 791 1162 1162 1161 1161 504 504 1164 1164 1163 1163 504 504 1165 1165 1164 1164 504 504 1166 1166 1165 1165 504 504 1071 1071 509 509 512 512 1172 1172 510 510 509 509 1161 1161 502 502 504 504 1161 1161 1169 1169 502 502 1169 1169 417 417 1170 1170 417 417 455 455 1170 1170 455 455 459 459 1170 1170 1170 1170 459 459 1299 1299 1299 1299 459 459 1040 1040 459 459 458 458 1040 1040 458 458 457 457 1040 1040 1040 1040 457 457 1041 1041 457 457 456 456 1041 1041 456 456 445 445 1041 1041 1162 1162 452 452 1161 1161 1161 1161 452 452 1169 1169 452 452 417 417 1169 1169 453 453 452 452 1162 1162 453 453 1162 1162 1163 1163 1163 1163 1162 1162 504 504 1168 1168 454 454 453 453 1171 1171 451 451 450 450 1167 1167 447 447 1171 1171 447 447 448 448 1171 1171 509 509 1071 1071 1172 1172 1173 1173 1172 1172 1069 1069 1069 1069 1172 1172 1071 1071 1069 1069 1067 1067 1173 1173 1173 1173 1067 1067 1174 1174 1067 1067 1065 1065 1174 1174 1174 1174 1065 1065 1175 1175 1062 1062 1176 1176 1117 1117 1176 1176 1175 1175 1117 1117 1175 1175 1065 1065 1117 1117 1176 1176 1062 1062 1177 1177 1062 1062 1060 1060 1177 1177 1177 1177 1060 1060 1178 1178 1060 1060 1059 1059 1178 1178 1179 1179 1178 1178 1057 1057 1057 1057 1178 1178 1059 1059 1057 1057 1055 1055 1179 1179 1179 1179 1055 1055 1180 1180 1055 1055 1053 1053 1180 1180 1180 1180 1053 1053 1181 1181 1182 1182 1181 1181 1051 1051 1051 1051 1181 1181 1053 1053 1051 1051 1049 1049 1182 1182 1182 1182 1049 1049 1183 1183 1171 1171 1183 1183 1047 1047 1047 1047 1183 1183 1049 1049 1047 1047 1159 1159 1171 1171 1171 1171 448 448 451 451 1159 1159 1045 1045 1171 1171 1171 1171 1045 1045 1167 1167 1045 1045 449 449 1167 1167 450 450 1184 1184 1171 1171 1171 1171 1184 1184 1183 1183 1184 1184 1185 1185 1183 1183 1183 1183 1185 1185 1182 1182 1182 1182 1185 1185 1181 1181 1185 1185 1186 1186 1181 1181 1181 1181 1186 1186 1180 1180 1186 1186 1187 1187 1180 1180 1180 1180 1187 1187 1179 1179 1187 1187 1188 1188 1179 1179 1179 1179 1188 1188 1178 1178 1188 1188 1189 1189 1178 1178 1178 1178 1189 1189 1177 1177 1189 1189 1190 1190 1177 1177 1177 1177 1190 1190 1176 1176 1176 1176 1190 1190 1175 1175 1190 1190 1191 1191 1175 1175 1175 1175 1191 1191 1174 1174 1191 1191 1192 1192 1174 1174 1174 1174 1192 1192 1173 1173 1192 1192 1193 1193 1173 1173 1173 1173 1193 1193 1172 1172 1193 1193 508 508 1172 1172 1172 1172 508 508 510 510 454 454 1168 1168 450 450 1168 1168 1194 1194 450 450 450 450 1194 1194 1184 1184 1184 1184 1194 1194 1185 1185 1194 1194 1195 1195 1185 1185 1185 1185 1195 1195 1186 1186 1186 1186 1195 1195 1187 1187 1195 1195 1196 1196 1187 1187 1187 1187 1196 1196 1188 1188 1188 1188 1196 1196 1189 1189 1196 1196 1197 1197 1189 1189 1189 1189 1197 1197 1190 1190 1190 1190 1197 1197 1191 1191 1197 1197 1198 1198 1191 1191 1191 1191 1198 1198 1192 1192 1198 1198 507 507 1192 1192 1192 1192 507 507 1193 1193 1193 1193 507 507 508 508 453 453 1163 1163 1168 1168 1168 1168 1163 1163 1194 1194 1163 1163 1164 1164 1194 1194 1194 1194 1164 1164 1195 1195 1195 1195 1164 1164 1196 1196 1164 1164 1165 1165 1196 1196 1196 1196 1165 1165 1197 1197 1197 1197 1165 1165 1198 1198 1198 1198 1165 1165 507 507 1165 1165 1166 1166 507 507 1166 1166 506 506 507 507 1280 1280 1279 1279 1200 1200 489 489 1204 1204 520 520 1205 1205 520 520 1204 1204 860 860 879 879 1241 1241 869 869 872 872 1207 1207 1207 1207 870 870 869 869 866 866 864 864 1209 1209 1203 1203 862 862 1210 1210 1212 1212 1203 1203 1210 1210 1213 1213 1217 1217 1214 1214 1215 1215 1217 1217 1213 1213 1216 1216 1217 1217 1215 1215 1218 1218 1219 1219 1248 1248 1220 1220 1221 1221 1218 1218 1222 1222 1221 1221 1259 1259 692 692 1223 1223 694 694 1223 1223 1275 1275 694 694 1225 1225 530 530 529 529 528 528 530 530 1225 1225 528 528 1226 1226 526 526 524 524 526 526 1226 1226 524 524 1227 1227 525 525 1228 1228 525 525 1227 1227 1229 1229 488 488 487 487 1201 1201 522 522 1229 1229 522 522 488 488 1229 1229 521 521 1201 1201 1230 1230 489 489 521 521 1231 1231 1231 1231 521 521 1230 1230 1204 1204 489 489 1231 1231 1231 1231 1230 1230 1232 1232 1232 1232 1230 1230 1233 1233 1205 1205 1204 1204 1231 1231 1232 1232 1233 1233 1234 1234 1234 1234 1233 1233 1235 1235 1236 1236 1239 1239 1294 1294 1294 1294 1239 1239 1293 1293 1239 1239 1240 1240 1293 1293 1293 1293 1240 1240 1237 1237 1236 1236 1247 1247 1239 1239 1240 1240 1241 1241 1237 1237 1237 1237 1241 1241 1238 1238 1241 1241 859 859 1238 1238 1238 1238 859 859 922 922 860 860 1243 1243 878 878 878 878 1243 1243 1242 1242 860 860 1241 1241 1243 1243 1243 1243 1244 1244 1242 1242 871 871 873 873 1274 1274 1245 1245 1274 1274 1246 1246 1246 1246 1274 1274 873 873 877 877 878 878 1242 1242 1242 1242 1244 1244 873 873 873 873 1244 1244 1246 1246 1244 1244 1247 1247 1246 1246 1246 1246 1247 1247 1245 1245 1219 1219 1216 1216 1248 1248 1216 1216 1215 1215 1248 1248 1248 1248 1215 1215 1249 1249 1249 1249 1215 1215 1213 1213 1213 1213 1214 1214 1250 1250 1250 1250 1214 1214 1251 1251 1214 1214 1209 1209 1251 1251 1251 1251 1209 1209 864 864 1209 1209 1214 1214 1211 1211 1211 1211 1214 1214 1212 1212 1214 1214 1217 1217 1212 1212 1212 1212 1210 1210 1211 1211 1210 1210 1209 1209 1211 1211 1200 1200 1279 1279 1252 1252 1253 1253 1282 1282 1254 1254 1282 1282 1255 1255 1254 1254 1255 1255 1200 1200 1256 1256 1286 1286 1253 1253 1257 1257 1253 1253 1254 1254 1257 1257 1257 1257 1254 1254 1258 1258 1254 1254 1255 1255 1258 1258 1258 1258 1255 1255 1199 1199 1255 1255 1256 1256 1199 1199 1199 1199 1256 1256 1202 1202 1220 1220 1264 1264 1259 1259 1259 1259 1264 1264 1260 1260 1264 1264 1261 1261 1260 1260 1260 1260 1261 1261 1262 1262 1261 1261 1268 1268 1262 1262 1262 1262 1268 1268 1263 1263 1268 1268 1290 1290 1263 1263 1264 1264 1265 1265 1266 1266 1265 1265 1276 1276 1266 1266 1266 1266 1276 1276 1267 1267 1267 1267 1269 1269 1268 1268 1268 1268 1269 1269 1271 1271 1269 1269 1270 1270 1271 1271 1271 1271 1270 1270 1273 1273 1270 1270 1272 1272 1273 1273 1272 1272 1207 1207 1273 1273 1273 1273 1207 1207 1274 1274 1274 1274 1207 1207 872 872 1264 1264 1266 1266 1261 1261 1266 1266 1267 1267 1261 1261 1261 1261 1267 1267 1268 1268 1268 1268 1271 1271 1290 1290 1290 1290 1271 1271 1291 1291 1291 1291 1271 1271 1292 1292 1271 1271 1273 1273 1292 1292 1292 1292 1273 1273 1245 1245 1273 1273 1274 1274 1245 1245 1274 1274 872 872 871 871 1263 1263 1286 1286 1262 1262 1286 1286 1257 1257 1262 1262 1262 1262 1257 1257 1260 1260 1257 1257 1258 1258 1260 1260 1260 1260 1258 1258 1259 1259 1258 1258 1199 1199 1259 1259 1259 1259 1199 1199 1222 1222 1275 1275 1252 1252 1224 1224 1252 1252 1279 1279 1224 1224 1224 1224 1279 1279 689 689 1202 1202 1222 1222 1199 1199 1282 1282 1280 1280 1255 1255 1280 1280 1200 1200 1255 1255 1200 1200 1252 1252 1256 1256 1252 1252 1275 1275 1256 1256 1275 1275 1223 1223 1256 1256 1256 1256 1223 1223 1202 1202 1249 1249 1213 1213 1276 1276 1276 1276 1213 1213 1277 1277 1213 1213 1250 1250 1277 1277 1277 1277 1250 1250 1278 1278 1250 1250 1251 1251 1278 1278 1251 1251 864 864 1208 1208 1221 1221 1220 1220 1259 1259 1220 1220 1218 1218 1264 1264 1218 1218 1248 1248 1264 1264 1264 1264 1248 1248 1265 1265 1248 1248 1249 1249 1265 1265 1265 1265 1249 1249 1276 1276 1276 1276 1277 1277 1267 1267 1267 1267 1277 1277 1269 1269 1277 1277 1278 1278 1269 1269 1269 1269 1278 1278 1270 1270 1278 1278 1251 1251 1270 1270 1270 1270 1251 1251 1272 1272 1251 1251 1208 1208 1272 1272 1272 1272 1208 1208 1207 1207 1208 1208 870 870 1207 1207 1279 1279 529 529 689 689 1279 1279 1280 1280 1281 1281 528 528 1225 1225 1281 1281 1281 1281 1225 1225 1279 1279 1279 1279 1225 1225 529 529 1280 1280 1282 1282 1281 1281 1282 1282 1283 1283 1281 1281 1281 1281 1283 1283 1226 1226 528 528 1281 1281 1226 1226 1284 1284 1283 1283 1285 1285 524 524 1226 1226 1284 1284 1226 1226 1283 1283 1284 1284 1283 1283 1282 1282 1285 1285 525 525 1228 1228 487 487 1228 1228 1287 1287 487 487 487 487 1287 1287 1229 1229 1236 1236 1295 1295 1289 1289 1295 1295 1288 1288 1289 1289 1289 1289 1290 1290 1236 1236 1290 1290 1291 1291 1236 1236 1291 1291 1292 1292 1236 1236 1236 1236 1292 1292 1247 1247 1205 1205 1206 1206 922 922 922 922 1206 1206 1238 1238 1206 1206 1232 1232 1238 1238 1238 1238 1232 1232 1237 1237 1232 1232 1234 1234 1237 1237 1237 1237 1234 1234 1293 1293 1294 1294 1295 1295 1236 1236 1295 1295 1296 1296 1288 1288 1296 1296 1284 1284 1288 1288 1205 1205 1231 1231 1206 1206 1206 1206 1231 1231 1232 1232 1234 1234 1235 1235 1293 1293 1293 1293 1235 1235 1294 1294 1235 1235 1287 1287 1294 1294 1294 1294 1287 1287 1295 1295 1287 1287 1296 1296 1295 1295 1296 1296 1227 1227 1284 1284 1230 1230 1201 1201 1233 1233 1201 1201 1229 1229 1233 1233 1233 1233 1229 1229 1235 1235 1229 1229 1287 1287 1235 1235 1287 1287 1228 1228 1296 1296 1228 1228 1227 1227 1296 1296 1227 1227 524 524 1284 1284 1284 1284 1285 1285 1288 1288 1285 1285 1286 1286 1288 1288 1288 1288 1286 1286 1289 1289 879 879 859 859 1241 1241 1241 1241 1240 1240 1243 1243 1243 1243 1240 1240 1244 1244 1240 1240 1239 1239 1244 1244 1244 1244 1239 1239 1247 1247 1247 1247 1292 1292 1245 1245 1290 1290 1289 1289 1263 1263 1289 1289 1286 1286 1263 1263 1286 1286 1285 1285 1253 1253 1285 1285 1282 1282 1253 1253 1298 1298 1169 1169 1170 1170 1170 1170 1299 1299 1298 1298 1202 1202 1223 1223 1297 1297 1298 1298 499 499 1169 1169 499 499 503 503 1169 1169 461 461 460 460 1298 1298 1297 1297 1299 1299 1035 1035 1035 1035 1299 1299 1037 1037 1299 1299 1039 1039 1037 1037 462 462 497 497 1298 1298 1298 1298 497 497 498 498 460 460 499 499 1298 1298 492 492 462 462 1298 1298 1221 1221 1222 1222 1297 1297 1297 1297 1222 1222 1202 1202 1169 1169 503 503 502 502 1298 1298 498 498 461 461 1223 1223 692 692 1297 1297 886 886 1218 1218 887 887 1218 1218 1221 1221 887 887 887 887 1221 1221 1297 1297 1217 1217 1216 1216 899 899 899 899 1216 1216 886 886 1216 1216 1219 1219 886 886 886 886 1219 1219 1218 1218 900 900 890 890 1212 1212 1212 1212 1217 1217 900 900 900 900 1217 1217 899 899 890 890 1203 1203 1212 1212 494 494 495 495 754 754 754 754 495 495 496 496 707 707 709 709 723 723 737 737 739 739 754 754 754 754 496 496 752 752 496 496 750 750 752 752 754 754 723 723 725 725 739 739 740 740 754 754 740 740 494 494 754 754 725 725 727 727 754 754 727 727 729 729 754 754 754 754 729 729 731 731 731 731 733 733 754 754 733 733 735 735 754 754 754 754 735 735 737 737 754 754 756 756 723 723 756 756 758 758 723 723 723 723 758 758 760 760 709 709 711 711 723 723 711 711 713 713 723 723 723 723 713 713 715 715 715 715 717 717 723 723 717 717 719 719 723 723 723 723 719 719 721 721 692 692 496 496 1297 1297 496 496 492 492 1297 1297 1297 1297 492 492 1298 1298 692 692 693 693 496 496 693 693 742 742 496 496 496 496 742 742 744 744 760 760 699 699 723 723 699 699 701 701 723 723 723 723 701 701 707 707 744 744 746 746 496 496 746 746 748 748 496 496 496 496 748 748 750 750 1299 1299 1297 1297 1298 1298 1300 1300 891 891 1301 1301 891 891 893 893 1301 1301 1301 1301 893 893 1302 1302 893 893 863 863 1302 1302 1300 1300 1302 1302 891 891 891 891 1302 1302 863 863 1301 1301 1302 1302 1300 1300 1303 1303 702 702 1304 1304 702 702 700 700 1304 1304 1304 1304 700 700 1305 1305 700 700 703 703 1305 1305 1305 1305 703 703 1303 1303 703 703 702 702 1303 1303 1304 1304 1305 1305 1303 1303 1308 1308 1307 1307 1306 1306 1309 1309 1308 1308 1306 1306 1306 1306 1311 1311 1309 1309 1307 1307 1310 1310 1306 1306 1310 1310 1311 1311 1306 1306 1314 1314 1313 1313 1312 1312 1315 1315 1314 1314 1312 1312 1316 1316 1315 1315 1312 1312 1317 1317 1316 1316 1312 1312 1313 1313 1317 1317 1312 1312 1319 1319 1320 1320 1363 1363 1318 1318 1320 1320 1319 1319 1321 1321 1318 1318 1319 1319 1322 1322 1327 1327 1324 1324 1327 1327 1323 1323 1324 1324 1326 1326 1327 1327 1325 1325 1373 1373 1329 1329 1328 1328 1328 1328 1329 1329 1331 1331 1329 1329 1330 1330 1331 1331 1330 1330 1332 1332 1331 1331 1331 1331 1332 1332 1334 1334 1332 1332 1333 1333 1334 1334 1333 1333 1335 1335 1334 1334 1334 1334 1335 1335 1337 1337 1335 1335 1336 1336 1337 1337 1336 1336 1338 1338 1337 1337 1337 1337 1338 1338 1340 1340 1338 1338 1339 1339 1340 1340 1339 1339 1341 1341 1340 1340 1340 1340 1341 1341 1343 1343 1341 1341 1342 1342 1343 1343 1342 1342 1344 1344 1343 1343 1343 1343 1344 1344 1346 1346 1344 1344 1345 1345 1346 1346 1345 1345 1347 1347 1346 1346 1346 1346 1347 1347 1348 1348 1347 1347 1349 1349 1348 1348 1348 1348 1349 1349 1351 1351 1349 1349 1350 1350 1351 1351 1350 1350 1352 1352 1351 1351 1351 1351 1352 1352 1354 1354 1352 1352 1353 1353 1354 1354 1353 1353 1355 1355 1354 1354 1354 1354 1355 1355 1357 1357 1355 1355 1356 1356 1357 1357 1356 1356 1358 1358 1357 1357 1357 1357 1358 1358 1360 1360 1326 1326 1325 1325 1359 1359 1359 1359 1325 1325 1361 1361 1325 1325 1360 1360 1361 1361 1361 1361 1360 1360 1358 1358 1320 1320 1362 1362 1363 1363 1362 1362 1364 1364 1363 1363 1363 1363 1364 1364 1366 1366 1364 1364 1365 1365 1366 1366 1365 1365 1367 1367 1366 1366 1366 1366 1367 1367 1369 1369 1367 1367 1368 1368 1369 1369 1368 1368 1370 1370 1369 1369 1369 1369 1370 1370 1371 1371 1370 1370 1372 1372 1371 1371 1371 1371 1372 1372 1328 1328 1372 1372 1373 1373 1328 1328 1322 1322 1374 1374 1327 1327 1327 1327 1374 1374 1325 1325 1325 1325 1374 1374 1360 1360 1374 1374 1375 1375 1360 1360 1360 1360 1375 1375 1357 1357 1375 1375 1376 1376 1357 1357 1357 1357 1376 1376 1354 1354 1376 1376 1377 1377 1354 1354 1354 1354 1377 1377 1351 1351 1377 1377 1378 1378 1351 1351 1351 1351 1378 1378 1348 1348 1378 1378 1379 1379 1348 1348 1348 1348 1379 1379 1346 1346 1379 1379 1380 1380 1346 1346 1346 1346 1380 1380 1343 1343 1380 1380 1381 1381 1343 1343 1343 1343 1381 1381 1340 1340 1381 1381 1382 1382 1340 1340 1340 1340 1382 1382 1337 1337 1382 1382 1383 1383 1337 1337 1337 1337 1383 1383 1334 1334 1383 1383 1384 1384 1334 1334 1334 1334 1384 1384 1331 1331 1384 1384 1385 1385 1331 1331 1331 1331 1385 1385 1328 1328 1385 1385 1386 1386 1328 1328 1328 1328 1386 1386 1371 1371 1371 1371 1386 1386 1369 1369 1386 1386 1387 1387 1369 1369 1369 1369 1387 1387 1366 1366 1387 1387 1388 1388 1366 1366 1366 1366 1388 1388 1363 1363 1388 1388 1389 1389 1363 1363 1363 1363 1389 1389 1319 1319 1319 1319 1389 1389 1321 1321 1389 1389 1324 1324 1321 1321 1321 1321 1324 1324 1323 1323 1385 1385 1390 1390 1386 1386 1390 1390 1391 1391 1386 1386 1386 1386 1391 1391 1387 1387 1387 1387 1391 1391 1388 1388 1391 1391 1392 1392 1388 1388 1388 1388 1392 1392 1389 1389 1389 1389 1392 1392 1324 1324 1392 1392 1393 1393 1324 1324 1324 1324 1393 1393 1322 1322 1322 1322 1393 1393 1374 1374 1393 1393 1394 1394 1374 1374 1374 1374 1394 1394 1375 1375 1375 1375 1394 1394 1376 1376 1394 1394 1395 1395 1376 1376 1376 1376 1395 1395 1377 1377 1377 1377 1395 1395 1378 1378 1395 1395 1396 1396 1378 1378 1378 1378 1396 1396 1379 1379 1379 1379 1396 1396 1380 1380 1396 1396 1397 1397 1380 1380 1380 1380 1397 1397 1381 1381 1381 1381 1397 1397 1382 1382 1397 1397 1398 1398 1382 1382 1382 1382 1398 1398 1383 1383 1383 1383 1398 1398 1384 1384 1398 1398 1399 1399 1384 1384 1384 1384 1399 1399 1385 1385 1399 1399 1390 1390 1385 1385 1390 1390 1313 1313 1391 1391 1391 1391 1313 1313 1392 1392 1313 1313 1314 1314 1392 1392 1392 1392 1314 1314 1393 1393 1393 1393 1314 1314 1394 1394 1314 1314 1315 1315 1394 1394 1394 1394 1315 1315 1395 1395 1395 1395 1315 1315 1396 1396 1315 1315 1316 1316 1396 1396 1396 1396 1316 1316 1397 1397 1397 1397 1316 1316 1398 1398 1316 1316 1317 1317 1398 1398 1398 1398 1317 1317 1399 1399 1399 1399 1317 1317 1390 1390 1317 1317 1313 1313 1390 1390 1318 1318 1400 1400 1402 1402 1400 1400 1401 1401 1404 1404 1404 1404 1402 1402 1400 1400 1403 1403 1405 1405 1401 1401 1405 1405 1404 1404 1401 1401 1403 1403 1406 1406 1405 1405 1326 1326 1406 1406 1403 1403 1435 1435 1406 1406 1359 1359 1406 1406 1326 1326 1359 1359 1401 1401 1327 1327 1403 1403 1403 1403 1327 1327 1326 1326 1400 1400 1323 1323 1401 1401 1401 1401 1323 1323 1327 1327 1318 1318 1321 1321 1400 1400 1400 1400 1321 1321 1323 1323 1402 1402 1407 1407 1318 1318 1318 1318 1407 1407 1320 1320 1407 1407 1408 1408 1320 1320 1320 1320 1408 1408 1410 1410 1320 1320 1410 1410 1362 1362 1362 1362 1410 1410 1364 1364 1410 1410 1411 1411 1364 1364 1364 1364 1411 1411 1365 1365 1411 1411 1412 1412 1365 1365 1365 1365 1412 1412 1367 1367 1412 1412 1413 1413 1367 1367 1368 1368 1367 1367 1414 1414 1414 1414 1367 1367 1413 1413 1368 1368 1414 1414 1370 1370 1370 1370 1414 1414 1415 1415 1416 1416 1372 1372 1415 1415 1372 1372 1370 1370 1415 1415 1372 1372 1416 1416 1373 1373 1416 1416 1417 1417 1373 1373 1373 1373 1417 1417 1329 1329 1417 1417 1418 1418 1329 1329 1329 1329 1418 1418 1330 1330 1418 1418 1419 1419 1330 1330 1330 1330 1419 1419 1332 1332 1419 1419 1420 1420 1332 1332 1420 1420 1421 1421 1332 1332 1332 1332 1421 1421 1333 1333 1422 1422 1335 1335 1421 1421 1335 1335 1333 1333 1421 1421 1409 1409 1338 1338 1423 1423 1335 1335 1422 1422 1336 1336 1422 1422 1423 1423 1336 1336 1336 1336 1423 1423 1338 1338 1339 1339 1409 1409 1341 1341 1409 1409 1424 1424 1341 1341 1338 1338 1409 1409 1339 1339 1342 1342 1341 1341 1424 1424 1424 1424 1425 1425 1342 1342 1342 1342 1425 1425 1344 1344 1425 1425 1426 1426 1344 1344 1344 1344 1426 1426 1345 1345 1426 1426 1427 1427 1345 1345 1427 1427 1428 1428 1345 1345 1345 1345 1428 1428 1347 1347 1428 1428 1429 1429 1347 1347 1347 1347 1429 1429 1349 1349 1352 1352 1350 1350 1430 1430 1349 1349 1429 1429 1350 1350 1429 1429 1430 1430 1350 1350 1430 1430 1431 1431 1352 1352 1352 1352 1431 1431 1353 1353 1431 1431 1432 1432 1353 1353 1353 1353 1432 1432 1355 1355 1356 1356 1355 1355 1433 1433 1355 1355 1432 1432 1433 1433 1358 1358 1356 1356 1434 1434 1433 1433 1434 1434 1356 1356 1361 1361 1358 1358 1434 1434 1434 1434 1435 1435 1361 1361 1361 1361 1435 1435 1359 1359</p></triangles></mesh>
    </geometry>
  </library_geometries>
  <library_visual_scenes>
    <visual_scene id="Scene" name="Scene">
      <node id="_4_FP3_ELBOW_0" name="04_FP3_ELBOW_0" type="NODE">
        <matrix sid="transform">-4.37114e-11 0.001 -4.37114e-11 0 0 -4.37114e-11 -0.001 0 -0.001 -4.37114e-11 0 0 0 0 0 1</matrix>
        <instance_geometry url="#_04_05_ELBOW_URDF_0-mesh" name="04_FP3_ELBOW_0">
          <bind_material>
            <technique_common>
              <instance_material symbol="_04_05_ELBOW_URDF_color_64_64_64-material" target="#_04_05_ELBOW_URDF_color_64_64_64-material"/>
            </technique_common>
          </bind_material>
        </instance_geometry>
      </node>
      <node id="_4_FP3_ELBOW" name="04_FP3_ELBOW" type="NODE">
        <matrix sid="transform">-4.37114e-11 0.001 -4.37114e-11 0 0 -4.37114e-11 -0.001 0 -0.001 -4.37114e-11 0 0 0 0 0 1</matrix>
        <instance_geometry url="#_04_05_ELBOW_URDF-mesh" name="04_FP3_ELBOW">
          <bind_material>
            <technique_common>
              <instance_material symbol="_04_05_ELBOW_URDF_color_202_209_238-material" target="#_04_05_ELBOW_URDF_color_202_209_238-material"/>
            </technique_common>
          </bind_material>
        </instance_geometry>
      </node>
    </visual_scene>
  </library_visual_scenes>
  <scene><instance_visual_scene url="#Scene"/></scene></COLLADA>
