<COLLADA xmlns="http://www.collada.org/2005/11/COLLADASchema" version="1.4.1">
  <asset><contributor>
      <author>Blender User</author>
      <authoring_tool>Blender 2.78.0 commit date:2017-02-24, commit time:14:33, hash:e92f2352830</authoring_tool>
    </contributor>
    <created>2018-08-21T10:31:31</created><modified>2018-08-21T10:31:31</modified><unit name="meter" meter="1.0"/><up_axis>Z_UP</up_axis></asset><library_effects>
    <effect id="JointGrey-effect" name="JointGrey-effect">
      <profile_COMMON>
        <technique sid="common">
          <phong>
            <emission><color>0.0 0.0 0.0 1.0</color></emission><ambient><color>0.25 0.25 0.25 1.0</color></ambient><diffuse><color>0.2784314 0.2784314 0.2784314 1.0</color></diffuse><specular><color>0.03150501 0.03150501 0.03150501 1.0</color></specular><shininess><float>0.0</float></shininess><transparency><float>1.0</float></transparency><index_of_refraction><float>1.0</float></index_of_refraction></phong>
        </technique>
      <extra><technique profile="GOOGLEEARTH"><double_sided>0</double_sided></technique></extra></profile_COMMON>
    </effect>
    <effect id="Black-effect" name="Black-effect">
      <profile_COMMON>
        <technique sid="common">
          <phong>
            <emission><color>0.0 0.0 0.0 1.0</color></emission><ambient><color>0.25 0.25 0.25 1.0</color></ambient><diffuse><color>0.03310248 0.03310248 0.03310248 1.0</color></diffuse><specular><color>0.03150501 0.03150501 0.03150501 1.0</color></specular><shininess><float>0.0</float></shininess><transparency><float>1.0</float></transparency><index_of_refraction><float>1.0</float></index_of_refraction></phong>
        </technique>
      <extra><technique profile="GOOGLEEARTH"><double_sided>0</double_sided></technique></extra></profile_COMMON>
    </effect>
    <effect id="LinkGrey-effect" name="LinkGrey-effect">
      <profile_COMMON>
        <technique sid="common">
          <phong>
            <emission><color>0.0 0.0 0.0 1.0</color></emission><ambient><color>0.25 0.25 0.25 1.0</color></ambient><diffuse><color>0.8203922 0.8203922 0.8203922 1.0</color></diffuse><specular><color>0.5 0.5 0.5 1.0</color></specular><shininess><float>0.0</float></shininess><transparency><float>1.0</float></transparency><index_of_refraction><float>1.0</float></index_of_refraction></phong>
        </technique>
      <extra><technique profile="GOOGLEEARTH"><double_sided>0</double_sided></technique></extra></profile_COMMON>
    </effect>
    <effect id="URBlue-effect" name="URBlue-effect">
      <profile_COMMON>
        <technique sid="common">
          <phong>
            <emission><color>0.0 0.0 0.0 1.0</color></emission><ambient><color>0.25 0.25 0.25 1.0</color></ambient><diffuse><color>0.4901961 0.6784314 0.8 1.0</color></diffuse><specular><color>0.03125 0.03125 0.03125 1.0</color></specular><shininess><float>0.0</float></shininess><transparency><float>1.0</float></transparency><index_of_refraction><float>1.0</float></index_of_refraction></phong>
        </technique>
      <extra><technique profile="GOOGLEEARTH"><double_sided>0</double_sided></technique></extra></profile_COMMON>
    </effect>
  </library_effects>
  <library_materials>
    <material id="JointGrey-material" name="JointGrey">
      <instance_effect url="#JointGrey-effect"/>
    </material>
    <material id="Black-material" name="Black">
      <instance_effect url="#Black-effect"/>
    </material>
    <material id="LinkGrey-material" name="LinkGrey">
      <instance_effect url="#LinkGrey-effect"/>
    </material>
    <material id="URBlue-material" name="URBlue">
      <instance_effect url="#URBlue-effect"/>
    </material>
  </library_materials>
  <library_geometries>
    <geometry id="eSeries_UR5e_028-mesh" name="eSeries UR5e.028">
      <mesh>
        <source id="eSeries_UR5e_028-mesh-slim-nrm"><float_array count="3510" id="eSeries_UR5e_028-mesh-slim-nrm-array">-0.1045 -0.5005 0.8594 0.6637 -0.0737 0.7444 -0.4954 -0.4661 0.733 0.6221 -0.2009 0.7568 0.501 -0.0569 0.8636 -0.2692 -0.5872 0.7633 -0.0112 -0.4024 0.9154 -0.0054 -0.3921 0.9199 0.3942 -0.4494 0.8016 -0.8295 -0.2827 0.4817 -0.5481 -0.3866 0.7417 -0.078 -0.4759 0.876 -0.3865 -0.712 0.5862 -0.2691 -0.5554 0.7869 -0.2944 -0.4764 0.8285 -0.2446 -0.5001 0.8307 -0.4554 -0.4994 0.7371 -0.4445 -0.4286 0.7866 -0.4707 -0.0208 0.8821 0.4947 -0.5565 0.6676 0.507 -0.3547 0.7856 -0.5036 -0.1749 0.846 0.0012 -0.4038 0.9148 0.0081 -0.399 0.9169 0.0178 -0.4073 0.9131 0.1332 -0.5641 0.8149 0.1849 -0.5616 0.8065 0.2195 -0.5307 0.8187 0.4465 -0.4132 0.7937 0.3603 -0.6169 0.6997 0.2426 -0.5819 0.7762 0.1989 -0.6061 0.7702 0.246 -0.7021 0.6683 0.4366 -0.4571 0.7749 0.5747 -0.3873 0.7209 0.4005 0.086 0.9123 0.3493 -0.4723 0.8093 0.7781 -0.5623 0.2798 0.3089 -0.548 0.7774 0.5077 0.4864 0.7111 0.4618 0.0289 0.8865 0.2502 0.3999 0.8818 0.1137 0.3933 0.9123 0.3408 0.2511 0.906 0.4888 0.2962 0.8206 -0.5393 0.2886 0.7911 -0.6436 0.0519 0.7636 -0.1568 0.4864 0.8596 -0.6611 -0.1821 0.7279 -0.3054 0.3732 0.8761 -0.194 0.475 0.8584 -0.4139 0.301 0.8591 -0.4894 0.4875 0.7231 -0.6819 0.2482 0.688 -0.7147 0.126 0.688 0 -0.7257 0.688 -0.7257 -0 0.688 -0.7147 -0.126 0.688 -0.4665 0.5559 0.688 -0.5559 0.4665 0.688 -0.6285 0.3628 0.688 -0.126 0.7147 0.688 -0.2482 0.6819 0.688 -0.3629 0.6285 0.688 0.2482 0.6819 0.688 0.126 0.7147 0.688 0 0.7257 0.688 0.5559 0.4665 0.688 0.4665 0.5559 0.688 0.3629 0.6285 0.688 0.7147 0.126 0.688 0.6819 0.2482 0.688 0.6285 0.3629 0.688 0.6819 -0.2482 0.688 0.7147 -0.126 0.688 0.7257 -0 0.688 0.4665 -0.5559 0.688 0.5559 -0.4665 0.688 0.6285 -0.3629 0.688 0.126 -0.7147 0.688 0.2482 -0.6819 0.688 0.3628 -0.6285 0.688 -0.2482 -0.6819 0.688 -0.126 -0.7147 0.688 -0.5559 -0.4665 0.688 -0.4665 -0.5559 0.688 -0.3628 -0.6285 0.688 -0.6819 -0.2482 0.688 -0.6285 -0.3629 0.688 -0.5237 -0.685 0.5064 -0.7097 -0.33 0.6225 -0.4238 -0.3738 0.825 0.2454 -0.3051 0.9202 -0.1322 -0.4871 0.8633 -0.2159 -0.5341 0.8174 -0.0215 -0.5119 0.8588 0.0929 0.6003 0.7944 -0.5638 -0.4994 0.6578 0.1094 0.8349 0.5394 -0.2511 0.9008 0.3542 0.9297 -0.0392 0.3663 -0.1483 -0.2493 0.957 -0.3463 -0.5161 0.7834 0.2794 0.024 0.9599 0.1918 -0.0603 0.9796 -0.0901 -0.6012 0.794 -0.2822 -0.1613 -0.9457 0.1202 -0.1138 0.9862 0.0033 -0.4881 0.8728 0.2116 0.3056 0.9284 0.2849 0.2828 0.9159 0.3253 0.2132 0.9213 0.6792 0.3741 0.6314 0.7134 0.59 0.3782 0.7472 0.2879 0.599 0.6297 -0.1267 0.7664 0.8236 0.0116 0.567 0.7802 0.137 0.6103 0.7264 -0.1381 0.6732 0.6844 -0.0155 0.7289 0.7151 0.1553 0.6816 0.5966 0.1663 0.7851 0.3286 0.8838 0.3329 0.2157 0.8917 0.398 0.2751 0.8669 0.4158 0.5101 0.767 0.3893 0.3966 0.6614 0.6366 0.4218 0.7989 0.4288 0.6593 0.6507 0.3766 0.6202 0.7113 0.3308 0.5607 0.7614 0.3252 0.3448 -0.6209 0.7039 0.013 -0.3135 0.9495 0.1298 -0.5698 0.8114 0.1967 -0.5667 0.8001 -0.098 0.6769 0.7295 -0.5243 -0.7077 0.4735 0.3647 -0.4676 0.8052 -0.4325 -0.2369 0.87 0.5933 -0.4103 0.6926 -0.4426 -0.2411 0.8637 -0.3947 -0.3115 0.8644 -0.8448 -0.452 0.2865 -0.0835 0.3078 0.9478 0.0932 0.0122 0.9956 -0.0197 -0.4081 0.9127 0.0181 -0.4975 0.8673 -0.2221 0.1463 0.964 0.1708 -0.5769 0.7987 -0.296 -0.1505 0.9432 0.0985 -0.4185 0.9028 -0.2031 -0.2499 0.9467 0.41 -0.5671 0.7143 0.4075 -0.4876 0.7721 -0.6353 -0.0375 0.7713 -0.5795 -0.2246 0.7834 -0.497 -0.0883 0.8633 -0.4918 -0.0243 0.8703 -0.5525 0.287 0.7825 -0.5216 0.2167 0.8252 -0.551 0.4692 0.6901 -0.4881 0.4452 0.7507 -0.3711 0.6083 0.7016 -0.3687 0.8449 0.3876 -0.3183 0.8175 0.4799 -0.2077 0.844 0.4945 -0.2712 0.8064 0.5255 -0.5431 0.1483 0.8264 -0.4545 0.5146 0.727 -0.6867 0.0636 0.7242 -0.6247 -0.1073 0.7734 -0.5153 0.0505 0.8556 -0.6585 0.1259 0.7419 0.4733 -0.6855 0.5532 -0.46 0.5334 0.7099 -0.5179 0.5741 0.6342 -0.8518 0.403 0.3346 -0.5546 0.6972 0.4542 -0.4566 -0.0233 0.8894 0.1883 0.9632 -0.1918 0.5205 0.7599 -0.3894 0.5617 0.4441 0.6981 0.5997 0.6388 -0.482 0.116 0.761 -0.6383 0.2049 0.7456 -0.6342 0.2834 0.7 -0.6555 0.6656 0.3832 -0.6404 0.4098 0.6729 -0.6159 0.4813 0.6556 -0.5818 0.5745 0.569 -0.5884 0.6034 0.4839 -0.6339 0.8502 -0.3326 0.4082 0.5798 0.7215 0.3784 0.8682 -0.3742 0.3257 0.8497 -0.5054 0.1506 0.2385 -0.5332 0.8117 -0.491 -0.4573 0.7415 -0.3794 -0.7377 0.5585 -0.5432 0.7613 0.3541 -0.7778 -0.5184 0.3554 -0.5233 0.3753 0.765 -0.6198 0.7236 -0.3037 -0.6505 0.3918 -0.6507 -0.6244 0.4847 -0.6124 -0.5373 0.5717 -0.62 -0.4789 0.6609 -0.5779 -0.4 0.6943 -0.5983 -0.2485 0.7226 -0.6451 -0.172 0.7669 -0.6183 -0.0658 0.8049 -0.5897 -0.6336 0.646 -0.4258 0.4016 0.5369 0.7419 0.4996 0.8074 0.314 0.8116 0.1453 0.5659 -0.3502 0.9367 0.001 -0.6759 -0.1192 0.7273 -0.645 -0.2347 0.7273 -0.5944 -0.3432 0.7273 -0.5258 -0.4412 0.7273 -0.4412 -0.5258 0.7273 -0.3432 -0.5944 0.7273 -0.2348 -0.645 0.7273 -0.1192 -0.6759 0.7273 -0 -0.6864 0.7273 0.1192 -0.6759 0.7273 0.2348 -0.645 0.7273 0.3432 -0.5944 0.7273 0.4412 -0.5258 0.7273 0.5258 -0.4412 0.7273 0.5944 -0.3432 0.7273 0.645 -0.2347 0.7273 0.6759 -0.1192 0.7273 0.6864 -0 0.7273 0.6759 0.1192 0.7273 0.645 0.2347 0.7273 0.5944 0.3432 0.7273 0.5258 0.4412 0.7273 0.4412 0.5258 0.7273 0.3432 0.5944 0.7273 0.2347 0.645 0.7273 0.1192 0.6759 0.7273 0 0.6864 0.7273 -0.1192 0.6759 0.7273 -0.2347 0.645 0.7273 -0.3432 0.5944 0.7273 -0.4412 0.5258 0.7273 -0.5258 0.4412 0.7273 -0.5944 0.3432 0.7273 -0.645 0.2347 0.7273 -0.6759 0.1192 0.7273 -0.6864 -0 0.7273 0.5893 -0.406 0.6985 0.2755 -0.7658 0.5811 0.408 -0.7479 0.5235 0.7473 -0.51 0.4259 -0.5125 -0.5072 -0.6929 -0.6355 -0.1794 -0.751 -0.0712 -0.5448 -0.8355 -0.6058 -0.4434 -0.6606 -0.2742 -0.9559 -0.1053 -0.3103 -0.3803 -0.8712 -0.5686 -0.7708 -0.2873 -0.5554 -0.2781 -0.7837 -0.684 -0.1244 -0.7188 -0.709 0.0134 -0.7051 -0.69 0.1212 -0.7136 -0.418 0.5029 0.7566 -0.7844 0.5552 0.2766 -0.7201 0.3619 0.592 -0.4931 0.5911 0.6383 0.1816 0.7684 0.6137 0.5839 0.5597 0.5881 0.641 0.7438 0.1893 0.7766 0.56 0.2887 0.2307 0.9029 0.3628 0.4393 0.5443 0.7147 0.5828 -0.5715 0.5778 0.3222 -0.39 -0.8626 0.7016 0.1816 -0.689 0.5123 -0.5133 -0.6885 0.7405 0.0071 -0.672 0.6655 -0.0892 -0.741 0.6065 -0.1871 -0.7727 0.5469 -0.3181 -0.7744 0.4803 -0.371 -0.7947 0.443 -0.3839 -0.8102 0.1828 -0.526 -0.8306 0.1182 -0.4474 -0.8865 0.6067 -0.4413 -0.6611 -0.4201 -0.5611 0.7132 0.7898 -0.5114 0.3385 0.7622 0.4757 0.439 0.7704 0.5988 -0.219 0.0991 0.8318 -0.5461 0.696 0.3592 -0.6217 0.65 0.4631 -0.6025 0.5869 0.559 -0.5858 0.5103 0.6428 -0.5714 0.4285 0.7045 -0.5658 0.365 0.7402 -0.5647 0.3136 0.7679 -0.5585 0.2451 0.7994 -0.5485 0.1669 0.818 -0.5505 -0.8331 0.5165 -0.1977 -0.6961 0.3593 -0.6216 -0.65 0.4631 -0.6025 -0.5869 0.559 -0.5858 -0.5093 0.6446 -0.5702 -0.5387 0.7209 -0.436 -0.3675 0.7402 -0.5631 -0.3178 0.7654 -0.5596 -0.2656 0.7876 -0.5561 -0.2159 0.8046 -0.5532 -0.1611 0.8189 -0.5509 -0.1 0.8328 -0.5445 -0.7238 0.264 0.6375 -0.6272 -0.3628 0.6892 -0.5558 -0.4642 0.6897 -0.4647 -0.554 0.6908 -0.3612 -0.6267 0.6905 -0.248 -0.6795 0.6905 -0.1279 -0.7109 0.6916 0.0037 -0.7238 0.69 0.1229 -0.7115 0.6919 0.2508 -0.6788 0.6902 0.3607 -0.6271 0.6904 0.4691 -0.5537 0.688 0.5562 -0.4673 0.6872 0.628 -0.3635 0.6881 0.6823 -0.2476 0.6879 0.715 -0.1262 0.6877 0.9985 0.0067 0.0539 0.7146 0.1261 0.6881 0.6819 0.2482 0.688 0.6285 0.3629 0.688 0.5559 0.4665 0.688 0.4666 0.5552 0.6884 0.3625 0.6278 0.6889 0.2479 0.6811 0.6889 0.1256 0.7141 0.6887 -0 0.7253 0.6884 -0.1262 0.7145 0.6882 -0.2482 0.6819 0.688 -0.3628 0.6285 0.688 -0.4665 0.5559 0.688 -0.5559 0.4665 0.688 -0.6285 0.3629 0.688 -0.6819 0.2482 0.688 -0.7146 0.1261 0.6881 -0.9996 0.021 0.0204 -0.7138 -0.1252 0.6891 -0.6806 -0.2478 0.6895 -0.7801 -0.5196 0.3485 -0.3879 -0.8853 -0.2566 -0.9678 -0.2259 -0.1107 -0.1484 -0.5588 -0.8159 -0.736 0.1172 -0.6668 -0.7247 -0.0022 -0.6891 -0.6867 -0.1261 -0.7159 -0.6245 -0.2449 -0.7416 -0.5476 -0.3457 -0.762 -0.5229 -0.8452 -0.1105 -0.3256 -0.5072 -0.798 -0.439 -0.8238 0.3586 0.3972 -0.8289 0.394 0.9673 -0.2015 -0.154 0.4438 -0.8654 -0.2326 0.7344 0.122 -0.6677 0.7214 -0.0002 -0.6925 0.6845 -0.1267 -0.7179 0.626 -0.2395 -0.7421 0.5439 -0.3419 -0.7663 0.4602 -0.4224 -0.7809 0.3424 -0.4935 -0.7995 0.2357 -0.5356 -0.8109 0.1468 -0.5643 -0.8124 0.9996 -0.0287 0.0063 -0.3457 -0.9346 -0.0842 -0.9912 -0.1225 -0.0502 -0.994 -0.1083 0.0119 -0.9983 -0.0579 0.0029 -0.9998 -0.0173 -0.0012 -1 -0.0085 -0.0002 -0.9749 -0.2221 0.0131 -0.9999 -0.0149 0.0022 -0.998 -0.0616 -0.0113 -0.9948 -0.1018 0.0032 -0.9414 -0.3339 0.0474 -0.6878 -0.4797 0.5449 -0.8349 -0.5438 0.0852 -0.7715 -0.5606 0.3009 -0.9433 -0.3315 -0.0176 -0.66 -0.6968 0.281 -0.7904 -0.6125 -0.0135 -0.3442 -0.7648 0.5447 -0.4213 -0.8472 0.3236 -0.549 -0.8315 -0.0856 -0.6694 -0.7419 -0.0394 -0.4593 -0.8865 0.0567 -0.0888 -0.9949 0.047 -0.113 -0.9734 0.1991 -0.2733 -0.9582 -0.0842 0.0388 -0.9992 0.002 0.1144 -0.9932 -0.0222 0.2679 -0.9554 0.1244 0.2618 -0.9593 -0.1058 0.389 -0.8913 0.233 0.3601 -0.9242 0.1269 0.6371 -0.7703 0.0274 0.5687 -0.8223 0.0196 0.7127 -0.7013 0.0173 0.8031 -0.5856 0.1103 0.7968 -0.6039 -0.0197 0.7721 -0.5185 0.3675 0.8315 -0.5236 0.1856 0.9835 -0.18 -0.015 0.7043 -0.4921 0.5117 0.9313 -0.3548 0.0829 0.8027 -0.4093 -0.4338 0.9958 -0.0909 -0.014 1 -0.007 -0.0022 0.9991 -0.0413 -0.009 0.9337 0.0731 -0.3506 0.8491 -0.4389 -0.294 0.7544 -0.5504 -0.3578 0.8972 -0.4142 -0.1535 0.7339 -0.6549 -0.1804 0.8155 -0.5582 -0.1532 0.7203 -0.6887 0.0833 0.6869 -0.7114 -0.1485 0.6655 -0.7397 0.0995 0.363 -0.9297 0.0618 0.4975 -0.8592 0.1191 -0.0018 -0.9965 -0.0835 0.0514 -0.9755 -0.214 0.1315 -0.9653 -0.2255 -0.0934 -0.9921 -0.0835 -0.2137 -0.9477 -0.2369 -0.1526 -0.9669 -0.2047 -0.4785 -0.8759 0.0621 -0.3709 -0.9282 -0.03 -0.5724 -0.8186 0.0475 -0.7689 -0.6217 -0.1491 -0.7933 -0.6087 0.0112 -0.881 -0.4489 -0.1496 -0.8413 -0.5262 -0.1235 -0.5222 0.4311 0.7359 -0.9845 -0.1752 -0.0049 -0.8231 -0.4477 -0.3493 0.5127 0.3839 0.7679 0.8806 0.0671 0.4691 0.9104 -0.0724 0.4074 0.9061 -0.2072 0.3689 0.881 -0.3739 0.2898 0.8421 -0.4811 0.2435 0.8311 -0.4333 0.3485 0.6992 -0.6276 0.3425 0.3763 -0.9221 0.0907 0.3947 -0.643 0.6563 0.2326 -0.8337 0.5009 0.1665 -0.9575 -0.2355 0.0809 -0.847 0.5255 0.1332 -0.5619 0.8164 -0.0679 -0.8044 0.5903 -0.2342 -0.7906 0.5658 -0.3086 -0.8993 0.3099 -0.3854 -0.8869 0.2549 -0.4766 -0.5882 0.6533 -0.4468 -0.892 0.0682 -0.663 -0.5692 0.4863 -0.5138 -0.8578 -0.0101 -0.5662 -0.6912 0.449 -0.5937 -0.8021 -0.0648 -0.6624 -0.7438 -0.0894 -0.7381 -0.5273 0.4209 -0.672 -0.7206 -0.171 -0.7973 -0.4405 0.4126 -0.8491 -0.3997 0.3454 -0.897 -0.3749 0.2344 -0.9239 -0.2507 0.289 -0.9572 -0.2191 0.1892 -0.4231 0.4706 0.7743 -0.0101 0.9795 0.2013 -0.9997 -0.0244 0.0097 -0.0146 0.9695 0.2448 -0.0219 0.9223 0.3858 -0.9999 -0.0124 0 -0.2933 -0.8458 0.4456 0.1822 -0.8601 0.4765 0.2744 -0.9607 0.0422 0.9976 -0.0677 -0.0175 -0.3372 -0.9414 -0.0055 -0.4902 -0.8245 -0.2828 -0.1564 -0.8955 -0.4166 -0.9996 -0.0263 -0.0079 -0.9838 0.1789 -0.0122 -0.0154 0.9997 -0.0188 0.0888 -0.8321 -0.5474 -0.5701 0.3836 -0.7265 -0.8502 0.15 -0.5046 -0.9124 -0.3136 -0.2631 -0.8668 -0.4896 -0.0953 -0.8012 -0.545 -0.247 -0.6828 -0.6532 -0.3272 -0.7507 -0.5557 -0.3573 -0.6354 -0.7238 -0.2692 -0.4852 -0.6769 -0.5536 -0.2258 -0.8499 -0.4761 -0.2206 -0.9749 0.0291 -0.3658 -0.5616 -0.7422 -0.0812 -0.7481 -0.6586 -0.0435 -0.8935 -0.4469 0.0954 -0.8708 -0.4823 0.2456 -0.8552 -0.4565 0.4095 -0.8794 -0.2429 0.5232 -0.8224 -0.2236 0.6018 -0.5563 -0.573 0.5705 -0.8146 -0.1045 0.6806 -0.6555 -0.3273 0.7563 -0.6048 -0.2496 0.8096 -0.5413 -0.2272 0.8555 -0.458 -0.2417 0.8927 -0.2654 -0.3643 0.9125 -0.1172 -0.3919 0.7946 0.1787 -0.5803 0.9277 0.0474 -0.3704 0.6409 0.3893 -0.6616 0.9957 -0.0921 0.0069 0.9805 -0.0024 -0.1963 -0.593 0.4922 -0.6373 0.5317 -0.728 -0.4328 -0.3012 -0.7444 0.5959 0.3517 -0.5063 0.7874 -0.9965 0.0833 -0.0059 0.0057 -0.9977 0.067 0 0 0 -0.9997 -0.0121 0.0194 0.4846 -0.19 0.8539 0.5905 -0.1848 0.7856 0.6616 -0.1236 0.7396 0.3195 -0.6768 0.6632 0.8624 -0.082 0.4995 0.8049 -0.0912 0.5863 0.3051 -0.8088 0.5028 0.4144 -0.7998 0.4343 -0.0045 -0.8479 0.5302 0.7765 -0.5609 0.2871 -0.869 -0.1034 0.4838 -0.9281 -0.1879 0.3215 -0.1644 -0.0034 0.9864 -0.3509 -0.1114 0.9298 0.8155 -0.0002 0.5787 0.5209 0.0097 0.8536 0.6332 0.0034 0.774 0.9931 -0.1127 0.0317 -0.8777 -0.4371 0.1965 -0.9931 -0.1128 0.0332 -0.7776 -0.5249 0.3461 -0.6259 -0.6092 0.4869 -0.3959 -0.7516 0.5275 -0.0176 -0.8507 0.5254 0.6129 -0.7586 0.2211 0.5105 -0.7268 0.4595 0.9569 -0.2616 0.1262 0.9998 -0.0111 0.0173 0.7258 -0.6879 -0.0026 0.6844 -0.6883 0.2405 0.7144 -0.6884 0.125 0.2451 -0.1426 0.959 0.3354 -0.0143 0.942 0.7389 -0.1031 0.6659 0.1747 -0.0075 0.9846 0.4222 0.0081 0.9064 0.6306 -0.6889 0.3574 0.9096 -0.0628 0.4106 0.7564 0.0054 0.6541 0.0864 -0.1555 0.9841 -0.0889 -0.1635 0.9825 -0.2464 -0.1963 0.9491 -0.8028 -0.0883 0.5897 -0.9091 -0.0566 0.4127 -0.711 -0.6922 0.1237 -0.9776 -0.0538 0.2035 -0.967 -0.0047 0.2549 -0.9461 -0.0442 0.3208 -0.7376 -0.1067 0.6667 0.0008 -0.1847 0.9828 -0.5164 0.0102 0.8563 -0.4658 -0.1104 0.878 -0.5643 -0.1003 0.8195 -0.6304 0.0008 0.7763 -0.4184 0.0104 0.9082 -0.8083 0.0029 0.5887 -0.6763 -0.6919 0.2526 -0.6287 -0.6901 0.3586 -0.552 -0.6891 0.4695 -0.0902 -0.9609 0.2619 -0.1775 -0.8078 0.5621 0.0028 -0.5485 0.8361 0.1878 -0.6819 0.707 -0.5556 -0.6269 0.5462 -0.2898 -0.6347 0.7163 -0.7065 -0.5812 0.4038 -0.1456 -0.5133 0.8458 -0.4236 -0.4427 0.7903 -0.5219 -0.4172 0.744 -0.6292 -0.4242 0.6513 -0.7121 -0.3968 0.5792 -0.7821 -0.3404 0.522 -0.842 -0.2833 0.4591 -0.6546 -0.1157 0.7471 -0.8948 -0.3041 0.3268 -0.8423 -0.441 0.31 -0.979 -0.188 0.0783 -0.9947 -0.0764 0.0685 -0.9819 -0.1353 0.1324 -0.9595 -0.2387 0.1496 -0.9279 -0.3088 0.2089 -0.9933 -0.0271 0.1123 -0.9604 -0.1448 0.2379 0.0939 -0.9167 0.3885 0.6329 -0.5103 0.5822 0.5327 -0.5446 0.6478 0.891 -0.3771 0.2527 0.9309 -0.3057 0.1997 0.9826 -0.1419 0.1195 0.9947 -0.074 0.0711 0.9298 -0.191 0.3147 0.9597 -0.1848 0.2115 0.9937 -0.0264 0.1086 0.9797 -0.0589 0.1915 0.9502 -0.0732 0.3029 0.887 -0.2429 0.3927 0.8451 -0.2973 0.4444 0.4261 -0.5765 0.6972 0.7115 -0.3981 0.579 0.2648 -0.385 0.8841 0.7838 -0.3513 0.5121 0.1361 -0.4411 0.8871 0.3532 -0.2128 0.911 -0.1898 -0.463 -0.8658 -0.1438 -0.7754 -0.6149 -0.2929 -0.6962 -0.6553 -0.839 -0.4517 -0.3034 -0.6305 0.0005 -0.7762 -0.6544 -0.107 -0.7485 -0.7379 -0.098 -0.6678 -0.5155 0.011 -0.8568 -0.5736 -0.1221 -0.81 -0.1708 -0.0011 -0.9853 0.1674 -0.0013 -0.9859 -0.9997 -0.0098 -0.0244 -0.7256 -0.6881 -0.0002 0.9996 -0.015 -0.0227 0.9926 -0.1168 -0.0322 0.9749 -0.2146 -0.0589 0.9548 -0.2664 -0.1317 0.8845 -0.4158 -0.2116 0.7134 -0.5468 -0.4383 0.3781 -0.7024 -0.6031 0.0314 -0.899 -0.4368 -0.5408 -0.7412 -0.3977 -0.8493 -0.3579 -0.3882 -0.9308 -0.3049 -0.2017 -0.9488 -0.3136 -0.0384 -0.9776 -0.1956 -0.0777 0.7132 -0.6877 -0.1358 0.9742 -0.031 -0.2236 0.6786 -0.6898 -0.2523 0.9063 -0.0567 -0.4188 -0.0009 -0.1865 -0.9825 0.0853 -0.1443 -0.9858 0.2476 -0.1272 -0.9605 0.5161 0.0081 -0.8565 0.5052 -0.2394 -0.8291 0.5816 -0.1519 -0.7992 0.8048 -0.0921 -0.5864 0.6439 -0.0785 -0.7611 0.6298 -0 -0.7768 0.366 -0.0005 -0.9306 0.6283 -0.6896 -0.36 0.8706 -0.1067 -0.4803 0.5594 -0.6858 -0.4656 -0.0844 -0.1417 -0.9863 -0.2512 -0.1409 -0.9576 -0.344 -0.0978 -0.9339 -0.4811 -0.1558 -0.8627 -0.9119 -0.059 -0.4062 -0.8655 -0.0866 -0.4934 -0.8033 -0.0947 -0.588 -0.4193 0.0106 -0.9078 -0.5533 -0.6883 -0.4691 -0.826 0.0058 -0.5637 -0.6281 -0.6899 -0.36 -0.7128 -0.6898 -0.1271 -0.9937 -0.0241 -0.1095 -0.6807 -0.6887 -0.2497 -0.951 -0.0703 -0.3011 -0.0097 -0.5775 -0.8163 -0.4204 -0.3949 -0.8169 -0.3137 -0.3936 -0.8641 -0.8397 -0.2947 -0.4561 -0.6159 -0.62 -0.4861 -0.7923 -0.4547 -0.4068 -0.525 -0.5255 -0.6695 -0.4185 -0.6944 -0.5854 -0.623 -0.3814 -0.6829 -0.7755 -0.2934 -0.5591 -0.705 -0.331 -0.6272 -0.89 -0.3764 -0.2573 -0.8881 -0.244 -0.3896 -0.7157 -0.5183 -0.4682 -0.9289 -0.19 -0.3178 -0.9606 -0.1965 -0.1965 -0.9746 -0.0317 -0.2219 -0.995 -0.0717 -0.0698 -0.9819 -0.1155 -0.1503 0.9811 -0.1628 -0.1049 0.5241 -0.6521 -0.5478 0.635 -0.4957 -0.5924 0.1527 -0.7881 -0.5963 0.3013 -0.6536 -0.6943 0.9945 -0.0773 -0.0701 0.9279 -0.3154 -0.1987 0.8454 -0.4358 -0.309 0.993 -0.0264 -0.1155 0.9812 -0.1008 -0.1643 0.962 -0.1938 -0.1924 0.9527 -0.0747 -0.2945 0.9297 -0.1901 -0.3155 0.894 -0.3054 -0.3279 0.8416 -0.2872 -0.4574 0.7839 -0.3592 -0.5064 0.7045 -0.3282 -0.6293 0.1885 -0.4877 -0.8524 0.3109 -0.3743 -0.8737 0.7387 -0.1051 -0.6658 0.373 -0.241 -0.896 0.4395 -0.6224 -0.6476 -0.1261 -0.6893 0.7135 0.3623 -0.692 0.6244 0.1288 -0.6879 -0.7142 -0.4682 -0.6895 -0.5526 -0.3638 -0.6921 -0.6234 -0.2428 -0.6904 -0.6815 -0.128 -0.6895 -0.7129 0.0013 -0.6893 -0.7244 0.2387 -0.6901 -0.6833 0.3645 -0.6904 -0.6249 0.4688 -0.689 -0.5528 0.5509 -0.6891 0.4707 0.4708 -0.689 0.551 0.2429 -0.6902 0.6816 0.1268 -0.6893 0.7133 -0.0007 -0.6891 0.7247 -0.2433 -0.6908 0.6809 -0.3638 -0.6921 0.6234 -0.4682 -0.6895 0.5526 0.0001 -1 -0 -0.0014 -0.1627 -0.9867 -0.0074 -0.775 -0.6319 0.1698 0.0402 -0.9847 0.7609 0.1075 -0.64 0.2451 0.025 -0.9692 0.0053 0.1889 -0.982 -0.0136 0.7717 -0.6358 0.1892 0.0048 -0.9819 0.1496 -0.7592 -0.6334 0.1196 0.7468 -0.6542 -0.0195 0.2161 -0.9762 -0.1484 0.7577 -0.6355 -0.7672 -0.1304 -0.628 -0.0871 -0.0178 -0.996 0.7829 -0.0948 -0.6149 0.3088 -0.7397 -0.5979 0.2665 0.086 -0.96 0.7237 0.2592 -0.6395 -0.2327 0.0053 -0.9725 -0.7772 0.1091 -0.6197 0.1267 0.0639 -0.9899 0.5505 0.4428 -0.7078 0.6874 0.4172 -0.5945 -0.3121 0.6993 -0.6431 -0.2923 0.6359 -0.7143 -0.6987 -0.1895 -0.6899 -0.7464 -0.2979 -0.5951 -0.6632 -0.4468 -0.6005 -0.0441 0.1218 -0.9916 -0.6049 -0.3267 -0.7262 -0.0286 -0.2056 -0.9782 -0.1016 -0.7388 -0.6662 0.3975 -0.6562 -0.6414 0.6166 0.3529 -0.7038 0.5528 0.5508 -0.6253 0.5021 0.4966 -0.708 0.4381 0.598 -0.6712 -0.568 -0.4975 -0.6557 -0.1007 -0.1158 -0.9882 -0.5046 -0.5896 -0.6306 0.5448 -0.5924 -0.5935 0.1369 -0.0411 -0.9897 0.7152 -0.2262 -0.6613 0.3861 0.6835 -0.6195 0.3011 0.6375 -0.7092 0.6093 -0.4764 -0.6339 0.1724 -0.02 -0.9848 0.1913 0.6738 -0.7137 0.2203 0.7472 -0.6271 0.0462 0.3042 -0.9515 -0.4531 0.6545 -0.6053 -0.5188 0.5494 -0.655 -0.0645 0.0635 -0.9959 -0.6318 0.4719 -0.6149 -0.5321 0.4874 -0.6923 -0.0617 0.0164 -0.998 -0.7397 0.2598 -0.6208 -0.3647 -0.701 -0.6128 -0.6116 0.3263 -0.7207 -0.6671 0.3795 -0.641 -0.1292 -0.195 -0.9722 0.6532 -0.2506 -0.7145 0.7052 -0.3564 -0.6129 -0.0868 -0.2263 -0.9702 -0.2155 -0.7404 -0.6367 -0.0651 -0.2859 -0.956 0.9398 -0.1888 -0.2848 0.6095 -0.3349 -0.7186 0.8368 -0.5193 0.1734 0.6529 -0.671 -0.3515 0.2224 -0.6884 -0.6904 0.1809 -0.9361 -0.3017 0.0741 -0.931 -0.3575 -0.0714 -0.9356 -0.3458 -0.1644 -0.9008 -0.4018 -0.2803 -0.9117 -0.3006 -0.4041 -0.8884 -0.218 -0.4633 -0.7896 -0.4025 -0.5708 -0.7566 -0.3191 -0.505 -0.487 -0.7126 -0.6538 -0.2916 -0.6982 -0.6957 -0.0876 -0.713 -0.9959 -0.0526 -0.0734 -0.9957 0.0912 -0.0182 -0.9097 0.4106 -0.0617 -0.5933 0.399 -0.6992 -0.4403 0.5489 -0.7106 -0.3766 0.5976 -0.7079 -0.2375 0.9348 -0.2641 -0.1449 0.9056 -0.3985 -0.0361 0.9494 -0.312 0.0778 0.9029 -0.4228 0.1722 0.883 -0.4366 0.4685 0.8069 -0.3598 0.886 0.3553 -0.2981 0.9317 0.1567 -0.3276 0.2521 0.6672 -0.7009 0.1214 0.1674 -0.9784 0.4454 0.5451 -0.7103 0.8351 0.2451 -0.4924 0.8683 0.0594 -0.4924 0.9441 -0.0431 -0.3268 0.5526 -0.3927 -0.7351 0.1511 -0.1249 -0.9806 0.3053 -0.6111 -0.7303 -0.6712 0.097 -0.7349 -0.0631 0.3232 -0.9442 0.1012 -0.3737 -0.922 0.042 -0.3174 -0.9474 -0.1436 -0.2681 -0.9526 -0.6124 0.2402 -0.7532 0.4476 -0.5396 -0.7131 0.378 -0.5931 -0.7109 -0.5588 -0.4143 -0.7184 0.8053 0.358 0.4725 0.5491 0.6376 0.5403 0.3536 0.8385 0.4145 0.1605 0.7229 0.6721 0.0872 0.6778 0.73 0.0604 0.9169 0.3946 -0.0882 0.761 0.6427 -0.2449 0.8673 0.4334 -0.318 0.868 0.3814 -0.3678 0.6176 0.6952 -0.5121 0.4933 0.7031 -0.6264 0.4052 0.6659 -0.6563 0.1101 0.7464 -0.8511 0.0425 0.5233 -0.952 -0.0257 0.3049 -0.6872 -0.3426 0.6407 -0.6478 -0.2149 0.7309 -0.5756 -0.4504 0.6825 -0.34 -0.7955 0.5015 -0.2035 -0.6381 0.7425 -0.0609 -0.7499 0.6587 0.2329 -0.7155 0.6586 0.2424 -0.834 0.4958 0.3494 -0.6656 0.6595 0.4597 -0.6097 0.6457 0.5479 -0.4049 0.732 0.6815 -0.2632 0.6828 0.9425 -0.1528 -0.2972 0.6072 -0.7355 -0.3005 -0.0308 -0.9549 -0.2953 -0.5002 0.8124 -0.2996 0.8558 0.4408 -0.2707 0.8905 0.3159 -0.3273 0.9201 0.2577 -0.295 0.9431 0.138 -0.3024 0.8055 0.5042 -0.3113 0.7394 0.6005 -0.3045 0.6908 0.6718 -0.2674 0.6128 0.73 -0.3026 0.5295 0.7994 -0.2839 0.4582 0.8273 -0.3252 0.3472 0.8915 -0.2911 0.2788 0.9038 -0.3246 0.1683 0.9402 -0.2962 -0.0172 0.9542 -0.2987 0.0752 0.9622 -0.2617 -0.3301 0.9061 -0.2647 -0.1986 0.9244 -0.3258 -0.1374 0.9466 -0.2915 -0.3949 0.8612 -0.32 -0.647 0.7074 -0.2845 -0.5739 0.7752 -0.2641 -0.8347 0.4561 -0.3088 -0.7584 0.5641 -0.3264 -0.7292 0.6143 -0.3015 -0.9365 0.1821 -0.2998 -0.9031 0.2912 -0.3155 -0.8819 0.3934 -0.2596 -0.9445 0.1067 -0.3106 -0.9598 -0.0067 -0.2805 -0.94 -0.0804 -0.3315 -0.9338 -0.2051 -0.2931 -0.9168 -0.2969 -0.2672 -0.8743 -0.3713 -0.3125 -0.8151 -0.4862 -0.3151 -0.778 -0.5398 -0.3216 -0.7129 -0.638 -0.291 -0.6526 -0.6962 -0.2989 -0.5638 -0.771 -0.2963 -0.299 -0.906 -0.2995 -0.4138 -0.8566 -0.3081 -0.4972 -0.8275 -0.2608 -0.2276 -0.9233 -0.3094 -0.1152 -0.9521 -0.2834 0.0864 -0.9516 -0.2949 0.3796 -0.8763 -0.2968 0.2551 -0.9172 -0.3062 0.1653 -0.9521 -0.2573 0.5417 -0.7952 -0.2722 0.4507 -0.8657 -0.2177 0.6948 -0.6562 -0.2944 0.8578 -0.4083 -0.3122 0.7972 -0.5207 -0.3056 0.7524 -0.6041 -0.2625 0.9336 -0.2346 -0.2709 0.8777 -0.3436 -0.3339 0.9633 0.0494 -0.2638 0.9533 -0.0398 -0.2993 -0.4945 -0.0387 0.8683 -0.6672 0.3203 0.6725 -0.5494 0.4847 0.6806 -0.3685 0.6714 0.643 -0.2054 0.631 0.7481 -0.0572 0.7072 0.7047 0.207 0.64 0.7399 0.3099 0.5851 0.7494 0.4149 0.6185 0.6673 0.6811 0.3426 0.6472 0.7324 -0.039 0.6798 0.6739 -0.127 0.7278 0.6672 -0.4146 0.6189 0.0875 -0.7605 0.6435 0.0464 -0.7053 0.7074 -0.1513 -0.7193 0.678 0.3811 -0.5804 0.7196 0.7041 0.1579 0.6924 0.7417 0.2017 0.6397 -0.733 -0.3987 0.5512 0.5727 -0.5371 0.6193 0.592 0.4561 0.6645 0.555 0.4632 0.691 -0.4857 0.5897 0.6453 -0.7645 0.1932 0.615 -0.6645 -0.086 0.7423 -0.8548 -0.222 0.4691 -0.4154 -0.6274 0.6587 0.742 0.0514 0.6684 -0.6227 0.2465 0.7426 -0.618 -0.6152 0.4895 0.6269 -0.274 0.7293 0.8629 -0.2144 0.4577 -0.4203 -0.5664 0.7089 -0.5594 0.0256 -0.8285 -0.5483 0.1414 -0.8242 -0.4694 0.2051 -0.8588 -0.468 0.2983 -0.8319 -0.4038 0.3882 -0.8284 -0.3081 0.4094 -0.8588 -0.2609 0.4884 -0.8327 -0.1588 0.5373 -0.8283 -0.047 0.5584 -0.8282 0.039 0.5105 -0.859 0.1289 0.5257 -0.8408 0.2356 0.5081 -0.8284 0.3333 0.4504 -0.8283 0.3663 0.3578 -0.8589 0.4504 0.3211 -0.8331 0.5127 0.2265 -0.8282 0.5478 0.1183 -0.8282 0.5114 0.0269 -0.8589 0.5508 -0.0562 -0.8327 0.5355 -0.1685 -0.8275 0.4936 -0.2759 -0.8248 0.4015 -0.3176 -0.859 0.3764 -0.4049 -0.8333 0.24 -0.4553 -0.8574 0.2869 -0.4242 -0.8589 0.1919 -0.5408 -0.819 0.0919 -0.5036 -0.859 0.0146 -0.5528 -0.8332 -0.0971 -0.5521 -0.8281 -0.2104 -0.5255 -0.8244 -0.2632 -0.4384 -0.8594 -0.3537 -0.4246 -0.8334 -0.4375 -0.3507 -0.828 -0.5047 -0.2557 -0.8245 -0.4876 -0.1557 -0.8591 -0.5477 -0.0846 -0.8324 -0.2712 0.0792 0.9593 -0.2601 0.0393 0.9648 -0.3279 0.006 0.9447 -0.2609 -0.0378 0.9646 -0.2759 -0.0813 0.9577 -0.3977 -0.2002 0.8954 -0.2933 -0.2138 0.9318 -0.191 -0.2053 0.9599 -0.0444 -0.0849 0.9954 -0.0592 -0.1807 0.9818 -0.0168 -0.3345 0.9422 0.019 -0.3023 0.953 0.022 -0.1229 0.9922 0.1021 -0.2052 0.9734 0.3344 -0.1663 0.9276 0.2694 -0.0807 0.9596 0.1458 -0.0231 0.9891 0.2617 -0.004 0.9652 0.2746 0.0995 0.9564 0.2639 0.1395 0.9544 0.0518 0.0321 0.9981 0.1863 0.1886 0.9642 0.1319 0.197 0.9715 0.1324 0.2993 0.9449 0.0874 0.2693 0.9591 -0.0073 0.2496 0.9683 -0.0605 0.277 0.959 -0.1366 0.3097 0.941 -0.1243 0.2606 0.9574 -0.1638 0.2229 0.961 -0.0729 0.07 0.9949 -0.1908 0.1268 0.9734 -0.2276 0.1097 0.9676 -0.5863 0.3737 -0.7187 -0.6497 0.2485 -0.7184 -0.6847 0.1446 -0.7143 -0.695 0.0342 -0.7182 -0.697 -0.0723 -0.7134 -0.667 -0.1841 -0.722 -0.6381 -0.2729 -0.7199 -0.5858 -0.3699 -0.7212 -0.5256 -0.4608 -0.7152 -0.4451 -0.5355 -0.7178 -0.3268 -0.6041 -0.7268 -0.1944 -0.6617 -0.7241 -0.057 -0.6895 -0.7221 0.0891 -0.6823 -0.7256 0.2253 -0.6543 -0.7219 0.3495 -0.5936 -0.7249 0.4702 -0.5069 -0.7225 0.5566 -0.4026 -0.7267 0.6289 -0.2819 -0.7246 0.6725 -0.141 -0.7266 0.6924 -0.0046 -0.7215 0.6914 0.1109 -0.7139 0.6606 0.2129 -0.72 0.6068 0.3391 -0.7189 0.5432 0.4282 -0.7222 0.4683 0.5096 -0.7218 0.3595 0.59 -0.723 0.2681 0.6466 -0.7141 0.1929 0.6727 -0.7144 0.0859 0.6835 -0.7249 -0.0527 0.6883 -0.7235 -0.1954 0.6654 -0.7205 -0.3197 0.6136 -0.722 -0.4443 0.5311 -0.7215 -0.5219 0.4586 -0.7192 -0.9097 -0.2009 0.3634 -0.8701 -0.3906 0.3005 -0.8497 -0.5077 0.1423 -0.7266 -0.5744 0.377 -0.5204 -0.8121 0.2639 -0.3311 -0.8995 0.285 -0.2105 -0.9013 0.3786 -0.1218 -0.9301 0.3466 0.1227 -0.9205 0.371 0.234 -0.9228 0.3059 0.498 -0.7904 0.3569 0.6884 -0.6865 0.2342 0.7391 -0.5545 0.3824 0.8075 -0.4705 0.3558 0.8599 -0.3365 0.3838 0.9362 -0.2124 0.2799 0.9021 0.0515 0.4285 0.9614 -0.0902 0.26 0.8142 0.5532 0.1761 0.7004 0.658 0.2767 0.5427 0.7676 0.3411 0.4347 0.8246 0.362 0.1896 0.9344 0.3015 -0.142 0.9432 0.3003 -0.1814 0.8627 0.472 -0.3138 0.8985 0.3069 -0.6074 0.7004 0.3748 -0.7459 0.6603 0.0876 -0.0786 0.9281 0.3639 -0.9416 -0.0497 0.3331 -0.5926 -0.6627 0.4579 0.7897 0.3965 0.4682 0.2368 0.8604 0.4513 0.0567 0.4193 0.9061 0.0533 0.9099 0.4115 -0.4109 0.7954 0.4455 -0.3712 0.408 0.8341 -0.7171 0.5534 0.4236 -0.7884 0.4278 0.442 -0.8307 0.3474 0.4351 -0.8639 0.2902 0.4118 -0.9024 0.2034 0.38 -0.9002 0.0896 0.4261 -0.9136 0.0358 0.4049 -0.8995 -0.0891 0.4276 -0.854 -0.3242 0.407 -0.6805 -0.6382 0.36 -0.5489 -0.7218 0.4216 -0.2858 -0.4993 0.818 -0.3626 -0.8412 0.4012 -0.1996 -0.6151 0.7628 -0.0644 -0.3265 0.943 0.1412 -0.5702 0.8092 0.3352 -0.8651 0.3731 0.5204 -0.6875 0.5064 0.7574 -0.1859 0.6259 0.7811 -0.0458 0.6228 0.8759 0.244 0.4162 0.5836 0.6747 0.452 -0.5026 0.7734 0.3863 0.0008 -0.9306 0.3662 0.3451 -0.7742 0.5306 0.155 -0.2019 0.9671 0.2337 -0.1997 0.9516 0.9501 0.121 0.2875 0.2661 0.0562 0.9623 0.8494 0.3625 0.3835 0.578 0.4996 0.6452 0.4971 0.663 0.5597 0.3342 0.8583 0.3893 -0.3291 -0.6881 0.6466</float_array><technique_common><accessor count="1170" source="#eSeries_UR5e_028-mesh-slim-nrm-array" stride="3"><param type="float" name="X"/><param type="float" name="Y"/><param type="float" name="Z"/></accessor></technique_common></source><source id="eSeries_UR5e_028-mesh-slim-pos"><float_array count="3510" id="eSeries_UR5e_028-mesh-slim-pos-array">21.54053 422.7208 -13.34284 35.05549 404.4904 -20.71353 35.42942 404.4999 -20.67234 36.71873 398.4204 -23.15316 32.30568 410.5072 -18.34153 24.64127 420.2373 -14.41198 11.5059 427.6069 -11.45078 7.868478 428.5775 -11.06431 0.636823 429.3694 -10.73269 37.29785 397.3828 -23.35104 37.17496 397.6259 -23.41921 18.39168 424.6644 -12.58984 24.50933 420.498 -14.18233 28.38519 416.6021 -15.72884 33.50118 409.179 -18.68268 31.68893 412.3048 -17.44525 34.99267 405.935 -19.96995 36.16469 402.5897 -21.30065 -28.96799 415.3529 -16.40432 -32.53494 410.7876 -18.15657 -37.3942 395.5976 -24.23131 -35.09653 404.4994 -20.74219 -4.122466 429.1855 -10.81978 -9.686746 428.0927 -11.25798 -15.0096 426.2825 -11.98038 -18.33437 424.6035 -12.65727 -22.95789 421.5297 -13.89062 -27.05947 417.8511 -15.35771 -36.42608 400.8978 -22.13914 -27.18842 417.9711 -15.18368 -24.50269 420.5025 -14.17976 -21.58972 422.7504 -13.2852 -18.44973 424.7135 -12.49923 -36.20098 402.5868 -21.26954 -37.31459 397.4086 -23.32582 -37.5767 392.4231 -25.48133 -35.02329 405.9458 -19.9348 -32.60628 410.7587 -18.01631 -29.60594 415.2351 -16.23829 37.29799 392.2832 -25.49153 28.73088 415.6094 -16.30818 11.31532 427.318 -11.579 5.076084 428.7264 -11.01679 17.19162 424.8995 -12.5684 23.28985 420.9566 -14.12404 -24.14554 420.1727 -14.43764 -32.34408 410.3207 -18.37848 -5.645647 428.6441 -11.04968 -36.72352 398.2749 -23.19679 -14.86519 425.9869 -12.11172 -10.03564 427.6671 -11.43993 -20.52833 422.9232 -13.33687 -37.30574 392.2911 -25.50704 -35.05053 404.4998 45.89994 -36.73332 398.2196 45.89994 3.1e-05 354.4425 45.89994 -37.3 391.7425 45.89994 -36.73332 385.2655 45.89994 -23.97598 420.3159 45.89994 -28.57346 415.7185 45.89994 -32.30274 410.3925 45.89994 -6.477075 428.4758 45.89994 -12.75735 426.793 45.89994 -18.65 424.0453 45.89994 12.75735 426.793 45.89994 6.477079 428.4758 45.89994 2e-06 429.0426 45.89994 28.57346 415.7185 45.89994 23.97598 420.3159 45.89994 18.65 424.0453 45.89994 36.73333 398.2196 45.89994 35.05054 404.4998 45.89994 32.30275 410.3925 45.89994 35.05054 378.9852 45.89994 36.73333 385.2655 45.89994 37.30001 391.7425 45.89994 23.97598 363.169 45.89994 28.57346 367.7665 45.89994 32.30275 373.0925 45.89994 6.477079 355.0092 45.89994 12.75735 356.692 45.89994 18.65 359.4398 45.89994 -12.75735 356.692 45.89994 -6.477075 355.0092 45.89994 -28.57346 367.7665 45.89994 -23.97598 363.169 45.89994 -18.65 359.4398 45.89994 -35.05053 378.9852 45.89994 -32.30274 373.0925 45.89994 -37.30557 391.2287 -25.97387 -35.34474 379.8245 -30.57698 -37.01074 386.4922 -27.90941 -36.79988 384.9863 -28.50991 -23.48602 362.7127 -37.42193 -28.33626 367.4059 -35.53672 -4.705421 354.7086 -40.61009 -4.162264 354.2801 -40.51177 -0.546993 354.4389 -40.67896 -4.144985 354.1366 -40.29951 -0.667501 353.8885 -40.27832 -37.34881 386.2058 -27.72449 -35.38696 379.7459 -30.62457 -32.61077 373.4988 -33.09786 -21.44748 361.0842 -38.03547 -18.30597 359.1812 -38.80762 -12.02268 356.4262 -39.92475 -17.59879 358.8118 -38.97337 -14.98298 357.5317 -39.46701 -7.934746 355.251 -40.41216 -11.54761 356.0353 -39.97425 -15.07926 357.3718 -39.44135 -18.36807 359.0414 -38.79352 -27.16869 365.6403 -36.05794 -25.92921 364.2322 -36.25012 -30.7718 369.7508 -34.07215 -36.12502 381.0658 -29.93107 -36.25862 380.9848 -29.74102 -34.3695 375.9785 -31.63911 -37.24475 385.9819 -28.01257 -34.90792 377.7034 -31.31978 -32.37467 372.5866 -33.37896 -29.48394 368.4562 -35.02434 -11.5725 355.8 -39.80976 -7.901551 354.821 -40.19752 -9.741007 355.237 -39.86482 -18.49473 358.8156 -38.61979 -15.12102 357.1405 -39.27858 -15.12889 357.0668 -39.14185 -24.59486 363.0792 -36.92988 -21.65304 360.8005 -37.83306 -20.06411 359.7056 -38.03801 27.74951 366.8148 -35.77611 26.8327 365.7517 -36.19943 17.96295 359.0187 -38.89489 21.82516 361.4877 -37.90422 4.143048 354.1565 -40.35818 37.69572 391.2164 -25.85537 35.17783 379.0779 -30.86601 35.87105 381.1409 -30.04547 36.66175 384.7554 -28.6063 36.78881 384.8455 -28.56195 37.27493 388.058 -27.27529 37.7975 391.1224 -25.70353 4.27677 354.4429 -40.59543 0.708211 354.2887 -40.72498 12.07331 356.3882 -39.94024 8.489267 355.3793 -40.34494 14.78022 357.3389 -39.51618 23.99691 363.1647 -37.24833 29.09496 368.2965 -35.17604 30.13376 369.7596 -34.60012 31.42179 371.5453 -33.8788 31.27225 371.4114 -33.9401 32.96821 374.2687 -32.80243 34.86296 377.7361 -31.33624 37.32799 386.188 -27.79087 33.37333 374.5085 -32.62451 31.5586 371.3947 -33.86734 24.5783 363.0493 -36.90137 27.25888 365.5687 -35.90665 23.3402 362.1916 -37.46086 20.05441 359.7811 -38.19605 15.13365 357.1222 -39.25175 15.1357 357.0955 -39.19456 11.5861 355.8493 -39.85499 7.912481 354.8676 -40.24446 9.743029 355.2627 -39.91947 28.115 366.7748 -35.68167 18.45082 358.9809 -38.75847 33.54357 374.4083 -32.45668 35.62478 379.3208 -30.51212 29.61189 368.3209 -34.87411 31.72575 371.2779 -33.69914 37.3007 391.2196 -26.008 37.75372 392.2219 -24.56751 37.81547 392.2517 -24.54409 37.83396 392.3573 -25.07424 37.67698 392.2755 -25.33136 37.60116 392.4242 -25.47023 37.48846 392.2454 -24.9604 37.29883 392.2181 -24.9713 0.545935 429.0408 -10.84879 0.500002 429.0392 -10.24289 8.760004 428.0319 -10.64582 14.86546 425.9868 -11.46383 20.5284 422.9232 -12.68928 36.72353 398.2749 -22.54858 24.14554 420.1727 -13.78942 28.67116 415.6016 -15.61793 32.34409 410.3207 -17.73027 35.05509 404.4873 -20.06361 0.510603 429.5448 -9.563455 0.42693 429.2706 -9.612577 0.5079 429.3922 -10.5818 0.573381 429.5283 -10.47178 0.340873 429.5447 -9.399602 -0.426168 429.5569 -9.425543 -0.635233 429.5046 -10.5727 -0.431898 429.2583 -9.613482 -0.516663 429.4257 -10.58859 -0.575146 429.0459 -10.88412 -37.31954 392.2355 -24.96437 -36.72352 398.2749 -22.54858 -35.05508 404.4873 -20.06361 -32.34408 410.3207 -17.73027 -28.67116 415.6016 -15.61793 -24.14554 420.1727 -13.78942 -17.2584 424.8454 -11.9204 -11.31555 427.3179 -10.93138 -5.050479 428.7308 -10.3664 -0.499998 429.0392 -10.24289 -37.8257 392.1962 -24.53117 -37.7215 392.2583 -25.20339 -37.8106 392.4373 -25.23232 -37.61682 392.2423 -24.8292 -36.73332 385.2655 45.29993 -35.05053 378.9852 45.29993 -32.30274 373.0925 45.29993 -28.57346 367.7665 45.29993 -23.97598 363.169 45.29993 -18.65 359.4398 45.29993 -12.75735 356.692 45.29993 -6.477075 355.0092 45.29993 2e-06 354.4425 45.29993 6.477079 355.0092 45.29993 12.75735 356.692 45.29993 18.65 359.4398 45.29993 23.97598 363.169 45.29993 28.57346 367.7665 45.29993 32.30275 373.0925 45.29993 35.05054 378.9852 45.29993 36.73333 385.2655 45.29993 37.30001 391.7425 45.29993 36.73333 398.2196 45.29993 35.05054 404.4998 45.29993 32.30275 410.3925 45.29993 28.57346 415.7185 45.29993 23.97598 420.3159 45.29993 18.65 424.0453 45.29993 12.75735 426.793 45.29993 6.477079 428.4758 45.29993 2e-06 429.0426 45.29993 -6.477075 428.4758 45.29993 -12.75735 426.793 45.29993 -18.65 424.0453 45.29993 -23.97598 420.3159 45.29993 -28.57346 415.7185 45.29993 -32.30274 410.3925 45.29993 -35.05053 404.4998 45.29993 -36.73332 398.2196 45.29993 -37.3 391.7425 45.29993 -37.84264 391.2935 -24.47283 -37.75073 391.2733 -24.55429 -37.64406 391.2251 -25.90792 -37.80129 391.0926 -25.79288 -37.31628 391.252 -25.35777 -28.67116 367.8834 -34.70517 -3.714122 354.6279 -40.0074 -0.499998 354.4458 -40.08021 -9.028014 355.4671 -39.67267 -15.00469 357.553 -38.83551 -20.84028 360.6727 -37.58609 -24.14554 363.3122 -36.53367 -32.34408 373.1643 -32.59283 -35.05508 378.9976 -30.25949 -36.72352 385.21 -27.77452 -0.603994 354.104 -40.62959 -0.521652 353.9799 -40.35406 -0.477018 353.9654 -39.40634 -0.484636 353.8819 -39.3436 0.431402 353.8788 -39.28467 0.483528 353.9657 -39.41312 0.59717 353.8811 -39.47704 0.521838 353.9969 -40.39745 0.683136 353.9084 -40.33166 0.611421 354.1049 -40.62853 0.553047 354.446 -40.6635 14.29946 357.2525 -38.9575 36.72353 385.21 -27.77452 37.30867 391.2533 -25.35723 35.05509 378.9976 -30.25949 32.34409 373.1643 -32.59283 28.67116 367.8834 -34.70517 24.14554 363.3122 -36.53367 21.60414 361.3361 -37.32412 18.90181 359.5864 -38.02397 8.276283 355.3403 -39.72526 3.714127 354.6279 -40.0074 0.500002 354.4458 -40.08021 37.83005 391.2839 -24.54091 37.51199 391.3056 -24.70283 37.49864 392.1835 -24.67029 0.508151 429.2292 -10.16651 6.511809 428.6727 -10.38943 36.93029 398.2543 -22.55682 35.23848 404.5682 -20.03125 32.47595 410.4925 -17.66155 28.72667 415.847 -15.51973 24.10454 420.4691 -13.67088 21.50912 422.4608 -12.87427 18.75 424.2185 -12.17117 14.3633 426.4211 -11.29009 9.705717 427.9647 -10.67266 -0.499998 429.2392 -10.16288 -36.93029 398.2543 -22.55682 -35.23847 404.5682 -20.03125 -32.47595 410.4925 -17.66155 -28.72667 415.847 -15.51973 -23.82316 420.6559 -13.59615 -21.50912 422.4608 -12.87427 -18.75 424.2185 -12.17117 -15.84818 425.729 -11.56693 -12.82575 426.9809 -11.06616 -9.705713 427.9647 -10.67266 -6.511804 428.6727 -10.38943 -37.5011 392.1447 -24.64665 -32.47595 372.9925 45.29993 -28.72667 367.638 45.29993 -24.10453 363.0158 45.29993 -18.75 359.2666 45.29993 -12.82575 356.504 45.29993 -6.511804 354.8122 45.29993 2e-06 354.2425 45.29993 6.511809 354.8122 45.29993 12.82576 356.504 45.29993 18.75 359.2666 45.29993 24.10454 363.0158 45.29993 28.72667 367.638 45.29993 32.47595 372.9925 45.29993 35.23848 378.9168 45.29993 36.93029 385.2307 45.29993 37.5 391.7425 45.29993 36.93029 398.2543 45.29993 35.23848 404.5682 45.29993 32.47595 410.4925 45.29993 28.72667 415.847 45.29993 24.10454 420.4691 45.29993 18.75 424.2185 45.29993 12.82576 426.9809 45.29993 6.511809 428.6727 45.29993 2e-06 429.2424 45.29993 -6.511804 428.6727 45.29993 -12.82575 426.9809 45.29993 -18.75 424.2185 45.29993 -24.10453 420.4691 45.29993 -28.72667 415.847 45.29993 -32.47595 410.4925 45.29993 -35.23847 404.5682 45.29993 -36.93029 398.2543 45.29993 -37.5 391.7425 45.29993 -36.93029 385.2307 45.29993 -35.23847 378.9168 45.29993 -37.49475 391.2949 -24.68702 -37.49666 391.2425 -25.36155 -0.499998 354.2459 -40.16021 -6.511804 354.8122 -39.93367 -36.93029 385.2307 -27.76627 -35.23847 378.9168 -30.29185 -32.47595 372.9925 -32.66155 -28.72667 367.638 -34.80336 -24.10453 363.0158 -36.65221 -18.10535 358.999 -38.25579 -13.99489 356.9137 -39.0932 -0.470354 354.2388 -39.49228 0.445424 354.2407 -39.45851 0.500002 354.2459 -40.16021 37.49667 391.2425 -25.36155 36.93029 385.2307 -27.76627 35.23848 378.9168 -30.29185 32.47595 372.9925 -32.66155 28.72667 367.638 -34.80336 24.10454 363.0158 -36.65221 20.29152 360.1631 -37.79332 14.62405 357.1907 -38.98315 9.705717 355.5203 -39.65044 6.511809 354.8122 -39.93367 37.49163 390.9102 10.31924 -12.59426 356.4226 -36.99945 -36.88729 385.1908 -16.25654 -37.2404 387.415 -14.71432 -37.4714 390.2727 -12.37399 -37.49346 391.0413 -10.45583 -37.48622 390.6225 4.602028 -37.4941 391.0775 -9.846726 -37.48983 390.8692 10.31496 -37.47736 390.4064 11.40397 -37.34639 388.3763 13.33838 -35.72024 380.3684 -19.26228 -36.68864 383.9841 -17.01428 -32.33598 372.7543 -24.38057 -34.17894 376.3137 -21.94541 -34.83959 377.8853 -20.8204 -30.18866 369.4962 -26.69369 -28.70766 367.6383 -28.02352 -26.32637 365.0057 -29.93086 -22.17134 361.4988 -32.78147 -19.87482 359.9523 -33.98751 -23.46434 362.5017 -31.94478 -17.20151 358.3933 -35.33799 -2.497188 354.3258 -38.99693 -5.917566 354.7137 -38.61674 -8.625608 355.2455 -38.03154 0.357828 354.2572 -39.06634 4.562046 354.5204 -38.75468 11.33397 355.9937 -37.41459 8.562006 355.2251 -37.97365 17.90159 358.7989 -35.0059 14.73315 357.2579 -36.31053 23.71671 362.6939 -31.79994 20.75238 360.5122 -33.55706 26.49898 365.2124 -29.85215 31.3453 371.1634 -25.44664 29.01012 367.9847 -27.76905 35.22096 378.8688 -20.25795 33.47977 374.8603 -22.93121 36.89585 385.2041 -16.24224 36.28365 382.2691 -18.08413 35.71709 380.3815 -19.24199 36.86278 384.8505 15.66837 37.38549 388.7468 13.09528 37.49257 390.9954 -8.882592 37.47072 390.3799 -11.82579 37.04524 385.9201 -15.80404 35.87709 380.892 18.1435 34.54458 377.1423 20.5676 35.1886 378.9351 19.42674 30.58119 370.0391 25.50131 32.61274 373.2415 23.24999 26.02852 364.754 29.39282 28.38505 367.2495 27.53893 23.3408 362.39 31.24809 12.86241 356.5171 36.09099 16.45818 358.0065 34.59418 0.072623 354.2488 38.24646 3.091074 354.37 38.15156 6.49682 354.8105 37.71987 -4.260547 354.4844 37.97103 -10.58322 355.7669 36.83109 -7.090081 354.9158 37.61497 -16.61851 358.1263 34.70647 -13.23979 356.6445 35.98294 -20.21043 360.1598 33.04719 -31.23495 370.9885 24.75661 -28.98267 367.9522 27.01269 -34.94661 378.129 19.92076 -33.25595 374.4242 22.39863 -37.33581 388.3358 13.3669 -37.03548 385.8365 15.05197 -36.09759 381.6276 17.66934 37.08594 386.186 14.82319 36.31166 382.3793 17.16666 35.137 378.6419 19.53377 33.39263 374.6675 22.16558 31.37448 371.1907 24.55877 29.04215 367.8675 26.30289 28.86114 367.7918 27.073 23.10322 362.0455 30.83001 12.82543 356.4763 35.88529 11.36525 355.9549 36.32983 7.460105 354.9687 37.35297 8.72939 355.248 37.07178 2.177989 354.3198 38.05313 1.2632 354.2548 38.16527 -2.244791 354.3106 38.05601 -5.553081 354.64 37.70006 -8.637924 355.2166 37.05595 -12.61473 356.3949 35.98588 -15.31196 357.4504 35.00178 -16.39527 357.9834 34.62654 -21.27925 360.8147 32.22822 -19.95672 359.964 32.98657 -18.26363 358.9343 33.74918 -23.23632 362.2955 31.17382 -26.15695 364.859 29.20287 -24.25139 363.0982 30.44404 -28.80581 367.7166 27.04452 -26.91678 365.6023 28.5499 -29.36207 368.4172 26.49165 -31.66085 371.6421 24.21252 -33.61246 375.1086 21.8515 -35.08824 378.5049 19.62052 -37.3354 388.233 13.46299 -37.49172 390.955 9.981337 -37.49014 390.8397 10.26013 -37.49055 390.9013 10.19779 -37.48918 390.8401 10.42179 -37.49286 391.004 9.73994 -8.540669 355.2247 37.24983 4.501735 354.5146 37.94056 8.986777 355.3336 37.1493 37.46418 390.1007 11.78017 -12.63803 356.4008 -36.78504 -16.39034 357.9817 -35.42963 -4.261268 354.4865 -38.77144 -37.49113 390.844 -9.465776 -37.49411 391.0776 -9.844542 -37.4943 391.0888 -9.632279 -37.34444 388.3304 -14.19162 -37.23737 387.3178 -14.89855 -36.7114 384.0972 -16.90788 -32.75938 373.4813 -23.77486 -31.10482 370.7906 -25.68602 -28.40946 367.248 -28.1475 -23.10271 362.1698 -31.997 -25.75293 364.4548 -30.22034 -20.11535 360.0533 -33.67188 -13.50516 356.7047 -36.44719 -6.907378 354.8463 -38.19145 -8.492021 355.193 -37.93151 -10.34754 355.6528 -37.41306 -3.24052 354.3586 -38.80021 0.094735 354.2389 -39.01383 3.666977 354.4094 -38.74338 7.843261 354.9835 -37.9026 13.02314 356.5679 -36.72809 16.64984 358.0979 -35.28725 19.56726 359.695 -33.9188 20.1622 360.0944 -33.68161 23.02372 362.1129 -32.02088 26.09327 364.8015 -29.93868 28.7194 367.6035 -27.8813 30.75347 370.2636 -25.97924 32.76653 373.487 -23.75436 34.50581 377.0705 -21.38569 36.45886 382.9646 -17.60942 37.04696 385.911 -15.80606 37.24745 387.398 -14.8433 37.33745 388.2441 -14.25716 37.09545 386.249 -15.58916 37.1289 386.4798 -15.44205 16.65466 358.1408 -35.48003 -26.27212 364.9743 -29.95969 -37.27811 387.6696 -14.66076 -37.4941 391.0771 -9.853278 -37.4941 391.0774 -9.84891 -37.32783 388.1542 -14.31983 -37.48582 384.798 1.680956 16.00863 356.2166 33.40742 19.64901 357.8916 31.44651 23.06936 359.4426 28.99693 8.26543 354.7869 36.56263 31.42833 366.1532 19.87796 28.99466 363.6343 23.17932 8.243637 355.0439 36.94801 12.23794 356.2448 36.01482 -0.03759 354.0968 37.74894 26.14836 364.7456 28.80479 -31.38421 366.2792 19.91748 -33.5134 371.4222 17.21918 -6.089823 351.4516 36.62723 -11.91805 354.661 35.10938 30.38875 351.7695 21.52047 19.35233 352.5893 31.68329 23.46033 351.1461 28.89681 37.15082 386.5181 13.19692 -31.44628 371.1943 24.02965 -37.14715 386.4914 13.35655 -26.22814 364.6063 28.36034 -19.7054 359.7059 32.87204 -12.17715 356.1849 35.96047 -0.026701 354.2416 38.08742 20.0597 360.0593 32.93916 16.07538 357.734 34.53603 35.15649 378.005 17.47877 37.49385 384.326 0.945761 37.53194 345.8934 -0.382679 35.4604 345.8925 11.79032 36.96738 345.893 5.987567 7.730744 353.8668 36.3076 12.3327 353.8574 34.95455 26.4313 361.4228 25.96649 6.381577 351.5407 36.57366 15.83895 351.7501 33.59081 32.46088 345.8929 18.39354 33.49633 368.6163 16.3234 28.89075 354.4629 23.47623 3.722815 353.3514 36.93788 -3.736559 353.3264 36.92382 -7.769267 353.8322 36.27402 -28.97056 363.5333 23.18744 -33.64806 368.4659 15.98102 -36.92797 345.8929 6.077631 -36.363 375.4282 8.89229 -36.39012 351.7198 8.649551 -35.14567 371.0354 12.52414 -26.20406 361.3624 26.21055 0.030924 353.2318 37.11637 -19.09734 351.6862 31.88516 -16.02572 355.9127 33.36785 -19.6384 357.3183 31.37151 -23.51243 351.1492 28.87479 -15.82923 351.7426 33.59531 -30.16381 351.7425 21.87985 -35.15156 345.8949 12.58094 -32.4113 345.8933 18.47746 -28.80932 345.8936 23.63439 -3.149397 354.2285 37.67328 -4.6718 354.2955 37.37271 0.024971 353.6623 37.27435 4.558503 354.2006 37.26981 -16.23813 357.6892 34.24343 -8.149163 354.7701 36.54848 -23.1198 362.0153 30.76638 -4.214332 353.8624 37.02337 -12.1804 355.4299 35.18632 -16.03227 356.8447 33.64966 -19.64102 358.7358 31.79475 -23.05847 360.858 29.56613 -26.16308 363.1411 26.91323 -29.0166 365.7026 23.89915 -22.99561 359.2407 29.01062 -31.43138 369.5815 21.58316 -29.00255 367.3506 25.53102 -36.27642 382.4076 17.12481 -37.15734 383.5061 7.8825 -36.37538 379.832 11.47318 -35.17199 377.6999 16.70536 -33.4615 373.8233 19.72687 -37.15885 378.309 4.801451 -35.14398 374.5434 13.67391 3.633056 354.3167 37.67732 19.6722 359.0418 32.03731 16.03273 357.2295 33.92015 31.45835 370.6157 22.76332 33.5038 373.9723 19.73026 36.3982 380.696 12.10869 37.15736 383.2652 7.648018 33.46729 371.3756 17.3446 35.13958 376.1498 14.90947 37.16685 377.9617 4.656197 36.36308 375.3113 8.895018 35.14994 372.2261 12.67127 31.34413 368.3158 20.84457 29.00503 365.7391 23.92021 12.15617 355.7695 35.42445 23.09522 360.8586 29.52605 7.775445 354.2752 36.40721 26.28502 363.2776 26.82379 4.110965 353.7512 36.98751 11.79018 354.8969 35.20297 -4.891148 353.8649 -37.73951 -4.24228 354.2245 -38.11135 -8.196464 354.8324 -37.42373 -29.00736 367.4024 -26.39721 -23.51227 351.1337 -29.675 -23.03933 359.2834 -29.77589 -26.30387 361.4193 -26.91146 -19.11283 351.7142 -32.67481 -19.68034 357.5439 -32.14965 -6.203701 351.4289 -37.40882 6.089828 351.4517 -37.42736 -37.48501 382.2251 -1.641817 -37.52723 345.8934 -0.437858 37.47805 384.634 -2.551695 37.13714 386.4009 -14.0776 36.37906 382.5541 -17.35865 35.02574 378.4543 -20.40248 31.48812 371.2223 -24.71349 23.11478 361.7157 -31.11912 11.65488 356.0227 -37.01977 0.324397 354.1628 -38.72196 -16.39877 357.9441 -35.32497 -30.10668 369.3459 -26.55328 -33.52748 374.084 -20.58848 -35.17027 378.8435 -20.01983 -36.40406 382.724 -16.98149 36.82659 345.8941 -7.670623 36.38103 374.0545 -9.436004 35.25577 345.8927 -13.19577 33.51199 368.5118 -17.07314 -0.030859 353.2317 -37.91632 3.705376 353.3478 -37.73039 8.276002 353.8389 -36.9389 19.37328 352.4449 -32.48946 16.03425 356.3078 -34.1823 19.692 357.6881 -32.18067 29.02222 363.6277 -23.91776 23.01617 359.0104 -29.78982 23.50992 351.1557 -29.6764 13.92319 350.7135 -35.28478 32.42951 345.8929 -19.24312 31.46697 366.5383 -20.64748 29.03712 345.8951 -24.18892 -3.755401 353.3422 -37.72984 -8.08706 353.83 -36.99521 -11.93099 354.6366 -35.89763 -16.11742 356.0956 -34.14248 -33.68427 368.7183 -16.74273 -31.44369 366.2753 -20.67988 -29.00246 363.6402 -23.94968 -15.83893 351.7501 -34.39094 -28.80645 345.8936 -24.43692 -30.98373 353.6767 -21.50005 -32.40198 345.8934 -19.29052 -36.93346 345.893 -6.869162 -37.17644 377.67 -5.299156 -35.2041 345.8928 -13.31434 -35.08531 372.0007 -13.6125 -0.003378 353.6608 -38.07645 -12.19193 355.3607 -35.95242 -8.604186 354.4648 -37.02352 -28.9802 365.7594 -24.79449 -19.51646 359.4198 -33.41495 -26.22572 364.1097 -28.46474 -16.00563 357.1729 -34.66732 -12.14392 356.0398 -36.53144 -19.68114 358.5271 -32.49351 -26.19955 362.8055 -27.50675 -23.08109 360.5246 -30.16634 -31.49523 370.7289 -23.60269 -31.37734 368.3752 -21.59387 -23.0738 361.4905 -30.89133 -33.46618 371.3665 -18.14218 -35.13958 376.1444 -15.70452 -36.3584 373.7694 -9.526054 -37.15736 383.2589 -8.442135 -36.35406 378.5314 -11.16395 36.37355 381.2676 -14.09424 15.90701 357.5625 -35.19603 19.61699 359.0121 -32.83172 4.209708 354.2674 -38.17733 8.291402 354.7845 -37.33938 37.15734 383.4997 -8.676338 33.46972 374.0164 -20.75762 28.99224 367.3302 -26.3253 37.15291 378.1332 -5.60521 36.37659 377.9131 -10.76947 35.15868 376.3461 -15.83738 35.13594 372.2726 -13.52315 33.51299 371.4184 -18.01848 31.42534 369.5662 -22.38595 28.99662 365.7225 -24.75148 26.13765 363.1906 -27.77943 23.07871 360.525 -30.13785 4.700467 353.8315 -37.74936 8.617286 354.3819 -36.98798 26.28608 361.3759 -26.92614 12.026 355.0213 -35.89358 12.19723 355.8968 -36.34014 -6.511804 345.8925 36.53022 18.75 345.8925 32.07588 6.511809 345.8925 -37.33035 -24.10453 345.8925 -29.12673 -18.75 345.8925 -32.87601 -12.82575 345.8925 -35.63854 -6.511804 345.8925 -37.33035 2e-06 345.8925 -37.90007 12.82576 345.8925 -35.63854 18.75 345.8925 -32.87601 24.10454 345.8925 -29.12673 28.72667 345.8925 23.70447 24.10454 345.8925 28.3266 12.82576 345.8925 34.83841 6.511809 345.8925 36.53022 2e-06 345.8925 37.09994 -12.82575 345.8925 34.83841 -18.75 345.8925 32.07588 -24.10453 345.8925 28.3266 32.67421 345.8925 2.612748 0.049346 355.1512 45.29805 0.298515 354.1926 45.30025 35.57577 400.372 45.29953 37.08361 397.6406 45.29923 36.25466 396.2669 45.29428 1.212459 428.3134 45.29815 -0.266118 429.2929 45.30068 36.59455 392.6007 45.29951 7.936566 355.0394 45.3002 5.678544 428.8101 45.29993 -4.008068 428.0982 45.29676 -7.948097 428.4435 45.30023 -37.08181 385.8372 45.29908 -35.85387 384.4366 45.29821 37.17494 386.4399 45.29923 14.87429 357.2772 45.30015 34.43648 403.956 45.29534 35.0951 405.1044 45.29998 -36.56085 392.1829 45.29579 -37.17572 397.0527 45.30123 32.7458 408.0332 45.29684 28.40466 414.5949 45.24529 31.65886 411.9364 45.30017 -14.889 426.2025 45.30183 -15.36026 424.8338 45.24402 -35.00847 381.5851 45.24612 -35.09431 378.3762 45.3009 -31.62761 371.499 45.29753 -11.7705 426.3894 45.29875 -32.02665 374.2792 45.27046 -4.906367 355.4989 45.29682 -5.678539 354.6749 45.29993 19.83615 359.9183 45.29993 31.32812 410.3855 45.24269 27.14274 417.6719 45.30168 25.91431 417.3639 45.24756 22.95398 421.3966 45.29993 -28.45343 367.3161 45.29993 -23.89488 364.0529 45.297 -24.2688 363.0876 45.30021 24.71275 363.4654 45.30216 35.25504 381.9987 45.29736 35.78022 380.5164 45.29993 17.91412 424.7462 45.29846 15.31379 424.8139 45.2561 29.72021 368.8091 45.30238 36.29073 387.1755 45.29741 10.30435 426.7134 45.26001 11.18771 427.5738 45.30001 6.520301 427.7333 45.29716 -21.39687 422.5959 45.30098 -25.83626 418.9223 45.29993 -25.23538 418.2404 45.29864 -29.70984 414.6844 45.2993 -27.25236 415.9466 45.2441 -35.61476 400.1374 45.29809 -35.30767 404.5275 45.29951 -17.93058 358.7501 45.29959 -31.92462 409.3713 45.26588 -32.78799 409.9414 45.29993 -19.93734 361.0779 45.29694 33.9862 378.5055 45.25106 33.66814 375.119 45.29986 -12.8677 357.5279 45.29441 -11.16123 355.9004 45.30062 -9.215302 356.3841 45.29598 35.71363 384.5855 45.1974 32.18861 374.616 45.2552 30.84111 372.3507 45.15678 25.93613 366.1845 45.18162 11.53449 357.1758 45.24577 7.565137 356.1052 45.16467 3.036846 355.4526 45.18816 -3.033142 355.4322 45.21199 -6.611016 355.9309 45.21213 -10.44221 356.852 45.16901 -15.28933 358.6643 45.19374 -18.76008 360.5353 45.19564 -21.83868 362.6042 45.1864 -26.34421 366.5394 45.24893 -33.41676 377.1646 45.23429 -36.19526 387.3315 45.2604 -36.39413 390.09 45.18621 -36.24985 395.3483 45.17887 -33.72999 405.5123 45.16651 -30.14712 412.2469 45.23736 -22.66077 420.2952 45.2497 -19.3218 422.647 45.24301 -8.79799 427.0996 45.20173 -5.236162 427.7781 45.19802 -1.177664 428.1587 45.21251 2.63282 428.0669 45.21481 6.653962 427.5729 45.19222 19.02877 422.8149 45.19138 33.97189 404.9269 45.20262 35.95767 397.7155 45.21459 13.02839 425.7733 45.24711 19.92576 422.442 45.29589 23.34451 419.7455 45.24608 35.08594 401.5398 45.22207 36.37091 393.7776 45.22169 36.40734 390.4573 45.20338 29.51666 370.2926 45.27076 26.85252 366.8932 45.28994 15.37469 358.6714 45.25484 -36.06315 397.2294 45.25957 -7.7637 427.4116 45.28781 7.951776 356.0875 45.28999 3.862085 355.4247 45.2929 -16.59685 359.2103 45.29211 -34.33536 404.2439 45.27412 23.17599 363.6125 45.25636 19.76789 361.0974 45.24296 -29.4778 370.2571 45.25315 34.69657 406.0152 45.75378 23.63989 420.8663 45.78057 14.45029 426.3522 45.77141 8.021952 428.3296 45.85433 5.025474 428.8413 45.87084 1.580096 429.2362 45.73227 -5.390021 428.8119 45.86377 -9.128033 428.1393 45.75745 -14.0045 426.5569 45.72563 -20.17681 423.2963 45.85287 -26.34452 418.363 45.85132 -31.4464 412.0993 45.84236 -37.03241 397.343 45.86381 -37.37334 394.4568 45.81367 -37.51391 390.8372 45.7461 -33.6579 375.2983 45.87914 -35.36012 379.3796 45.87107 -29.04648 368.0561 45.86699 -14.42129 357.1232 45.80033 -11.4396 356.0757 45.87214 -3.108721 354.4096 45.84951 12.20922 356.3338 45.87207 9.19684 355.3678 45.77814 16.61293 358.1432 45.84848 23.38451 362.4288 45.83406 29.79491 369.0335 45.84743 35.23311 379.0282 45.86301 35.99484 386.3177 43.30055 23.44932 363.9004 43.30067 -0.775068 355.3496 43.30066 -18.86728 422.8795 43.31956 32.63911 407.8705 43.31904 34.06451 404.5731 43.30177 35.19981 401.0125 43.29993 35.96127 397.4551 43.32029 30.61379 411.4366 43.30046 28.46949 414.4346 43.31761 26.06794 417.1477 43.29993 23.23115 419.7811 43.3203 20.32007 421.9428 43.29993 17.11287 423.8695 43.30104 13.86043 425.407 43.31832 10.14815 426.697 43.2947 6.9419 427.5036 43.30734 -1.070504 428.139 43.32017 2.809189 428.0339 43.29993 -11.81928 426.1766 43.31785 -8.358802 427.1698 43.30035 -4.673698 427.8413 43.29993 -15.61489 424.6247 43.30027 -24.84097 418.3655 43.32019 -21.8478 420.8566 43.29993 -31.71732 409.6102 43.31034 -29.64129 412.8583 43.28879 -27.3412 415.772 43.29993 -35.63087 399.1331 43.27903 -34.65149 402.9009 43.31119 -33.35393 406.319 43.29993 -36.23516 395.3305 43.32011 -36.4 391.7425 43.29993 -36.20382 388.0319 43.28879 -35.62401 384.2564 43.30566 -34.67593 380.6727 43.29993 -33.39107 377.2422 43.31057 -31.64227 373.7731 43.27803 -29.57902 370.5071 43.32001 -27.3412 367.713 43.29993 -24.61244 364.9233 43.30065 -21.78298 362.5733 43.3134 -11.90537 357.3573 43.27702 -15.50226 358.8049 43.30988 -18.73846 360.5362 43.29993 -8.189292 356.263 43.31986 -4.673698 355.6438 43.29993 2.903872 355.4529 43.31448 14.12265 358.198 43.29529 10.10582 356.7701 43.30928 6.525822 355.9323 43.29993 20.32007 361.5422 43.29993 17.24186 359.6798 43.31578 26.14487 366.4079 43.31554 32.56922 375.518 43.27516 30.68136 372.1507 43.30863 28.54196 369.1523 43.29993 35.14724 382.2911 43.30186 34.05569 378.8878 43.3025 36.35174 393.6163 43.29993 36.35889 389.9893 43.30809 -37.37713 390.2382 45.89225 -33.428 408.6728 45.85383 -28.93027 415.5768 45.8533 -17.05031 425.1024 45.86662 -11.44745 427.3672 45.88633 -1.577273 429.1667 45.86791 11.46617 427.3994 45.86626 17.67187 424.7598 45.86447 21.16061 422.6476 45.86542 33.42079 408.6559 45.86648 37.43884 390.249 45.85726 36.9323 385.4737 45.86499 32.16235 372.4946 45.85204 5.339513 354.6617 45.85796 1.072712 354.278 45.85491 -6.774424 354.8737 45.85436 20.199 360.2057 45.86919 36.88367 398.4825 45.85497 35.92224 402.3845 45.86391 -32.40879 372.8485 45.81397 27.38091 366.149 45.85421 30.85686 413.0279 45.84594 27.61021 417.1023 45.86074 -23.31397 421.105 45.85254 -36.30345 401.0544 45.85492 -37.05326 386.2537 45.86504 -36.35455 382.5098 45.80191 -19.21991 359.5554 45.85909 37.35153 394.5669 45.86418 -35.09811 404.8175 45.8541 -26.5944 365.3152 45.7787 33.90121 375.8168 45.85636 36.2727 382.1941 45.7749 -23.64658 362.6734 45.85269 -36.12316 393.2948 42.80042 -35.05245 400.6051 42.79958 -33.08941 406.2034 42.79993 -30.49227 411.1407 42.79957 -26.10833 416.7552 42.80037 -21.67453 420.6257 42.79993 -16.95877 423.6598 42.80028 -10.4257 426.3626 42.80033 -3.104235 427.7654 42.80035 2.786911 427.7461 42.79993 8.269901 426.9319 42.80154 15.04085 424.6205 42.80016 21.4476 420.8505 42.80031 25.86121 416.9462 42.79993 29.47409 412.6607 42.80026 32.9959 406.5247 42.80033 35.32538 399.4482 42.80026 36.06344 393.6015 42.79993 35.94811 387.9983 42.80024 34.54189 381.0606 42.80037 31.6296 374.2286 42.79953 28.31561 369.3315 42.79993 24.53175 365.2007 42.80024 16.97148 359.8678 42.79993 20.15892 361.7818 42.79993 12.20468 357.7096 42.79951 6.474068 356.2163 42.79993 0.905788 355.6116 42.80022 -6.160938 356.1138 42.80067 -13.28927 358.1179 42.79963 -18.58985 360.7837 42.79993 -23.17042 364.0048 42.80022 -28.14749 369.0473 42.80062 -32.1793 375.2588 42.7996 -34.40092 380.7605 42.79993 -35.7091 386.1814 42.79964 34.64955 381.4695 45.88002 35.83131 386.5765 45.89141 36.13487 391.7182 45.88366 35.80039 397.1186 45.89141 34.53434 402.4006 45.87917 32.61751 407.1096 45.84562 28.78411 413.5631 45.86626 24.44364 418.4291 45.89208 18.6239 422.9921 45.89864 11.55047 426.094 45.89579 2.874676 427.7742 45.88699 -2.849249 427.8034 45.88615 -8.637057 426.9956 45.89727 -16.31284 424.1299 45.89574 -31.76836 408.9337 45.87065 -34.13296 403.6376 45.887 -35.77612 397.5876 45.89595 -36.20163 391.6365 45.89141 -34.37687 380.4335 45.89208 -31.97116 374.8283 45.88408 -29.06649 370.005 45.89727 -24.44345 365.0558 45.89208 -19.73632 361.4369 45.88415 -15.55705 359.1154 45.887 -10.80491 357.2039 45.89208 0.234008 355.5128 45.88726 8.245668 356.5232 45.88256 13.36657 358.2051 45.86604 16.44664 359.4902 45.89162 21.80306 362.8584 45.89207 26.38434 366.7784 45.89871 30.68254 372.5527 45.89208 32.82381 376.4728 45.8914 30.17746 372.3901 42.79997 33.48353 378.9669 42.80037 35.04304 384.4195 42.79993 35.79196 389.9537 42.80002 35.61026 395.4235 42.79993 34.58961 401.1765 42.80008 32.80415 406.0787 42.79993 30.27721 410.9163 42.80003 26.89053 415.3759 42.79993 23.04504 419.1858 42.80022 17.0873 423.276 42.79972 10.0411 426.145 42.79998 2.947847 427.4554 42.80007 -4.488222 427.3097 42.79994 -11.63698 425.6392 42.8004 -18.16717 422.6634 42.79948 -24.29965 418.0849 42.80005 -29.01794 412.7978 42.79995 -32.75029 406.3188 42.79977 -35.07462 399.1385 42.7998 -35.8351 391.878 42.80027 -35.37354 386.2332 42.79993 -34.11644 380.7738 42.80002 -31.24774 374.1942 42.80031 -28.07149 369.5247 42.79993 -24.29928 365.4019 42.79999 -18.57404 361.096 42.80041 -13.48686 358.5802 42.79993 -10.00558 357.3692 42.79993 -4.661247 356.2098 42.79999 2.751105 355.9817 42.79987 10.06121 357.3442 42.80007 16.74494 360.0539 42.79977 22.87145 364.1546 42.80021 26.89053 368.1091 42.79993 35.01438 399.4889 45.62771 32.53086 406.7732 45.52938 30.58721 410.4294 45.65407 28.38072 413.6188 45.57124 18.66258 422.3376 45.52671 11.65106 425.6341 45.53221 7.884559 426.7082 45.64252 4.139065 427.3305 45.55625 -3.809511 427.3888 45.61514 -9.11522 426.3926 45.52613 -18.6318 422.371 45.6221 -24.9747 417.4521 45.55773 -28.35264 413.6715 45.5879 -31.30983 409.1606 45.54225 -33.51628 404.5157 45.6465 -34.96717 399.5268 45.51195 -35.8118 390.4472 45.63601 -35.73175 394.3992 45.51949 -30.04286 372.2132 45.55883 -26.60869 367.7624 45.52748 -20.78766 362.5397 45.56678 -16.48025 359.9278 45.56874 -6.540371 356.5048 45.53166 5.345313 356.2846 45.67109 7.925193 356.7883 45.6429 11.54091 357.805 45.5711 22.95037 364.1954 45.6246 26.7012 367.8382 45.53004 2.712947 356.0029 45.65313 35.79895 393.0144 45.57745 23.92446 418.4271 45.6425 -31.84401 375.2817 45.65565 -10.14546 357.3688 45.64427 -6.195524 356.2073 45.84661 -1.096311 355.9055 45.62496 16.54178 359.9389 45.61773 25.03455 365.8269 45.82144 28.70916 370.1634 45.72824 31.33107 374.2691 45.66462 33.0336 377.803 45.65417 33.91558 380.1607 45.65258 35.05157 384.1404 45.64357 35.65208 388.0248 45.64322 35.82069 390.4738 45.65396 35.62361 395.7785 45.6538 33.87684 403.4826 45.65807 25.74621 416.6747 45.6438 22.10813 419.9822 45.68592 18.59874 422.5702 45.80851 15.14354 424.2374 45.64581 11.52032 425.8487 45.7841 6.859307 427.1925 45.87409 -9.138355 426.5815 45.80323 -12.8084 425.2207 45.65895 -21.99707 420.0377 45.64805 -35.14409 399.5579 45.79037 -35.8737 394.2346 45.74964 -34.33005 381.389 45.62407 -23.81869 364.9603 45.64365 19.69112 361.7805 45.64876 0.034406 427.58 45.62805 -15.31516 424.1652 45.67225 -22.39397 420.233 45.90016 -28.06134 414.5902 45.88663 -35.54456 386.799 45.68373 -35.39761 384.5794 45.86669 -32.9751 377.7019 45.64722 -27.52573 368.4192 45.82677 -20.96606 362.4331 45.8101 -12.7721 358.251 45.6347 16.4046 423.9538 45.86995</float_array><technique_common><accessor count="1170" source="#eSeries_UR5e_028-mesh-slim-pos-array" stride="3"><param type="float" name="X"/><param type="float" name="Y"/><param type="float" name="Z"/></accessor></technique_common></source><vertices id="eSeries_UR5e_028-mesh-slim-pos-vertices">
          <input semantic="POSITION" source="#eSeries_UR5e_028-mesh-slim-pos"/>
        </vertices>
        <triangles count="2281" material="JointGrey-material"><input offset="0" semantic="VERTEX" source="#eSeries_UR5e_028-mesh-slim-pos-vertices"/><input offset="1" semantic="NORMAL" source="#eSeries_UR5e_028-mesh-slim-nrm"/><p>2 2 1 1 3 3 2 2 4 4 1 1 9 9 178 178 176 176 13 13 12 12 5 5 43 43 5 5 11 11 43 43 11 11 6 6 40 40 13 13 5 5 4 4 2 2 14 14 15 15 13 13 40 40 15 15 40 40 4 4 0 0 11 11 5 5 0 0 5 5 12 12 15 15 4 4 14 14 10 10 2 2 3 3 178 178 9 9 10 10 10 10 9 9 17 17 10 10 17 17 2 2 2 2 17 17 16 16 2 2 16 16 14 14 22 22 200 200 197 197 20 20 35 35 52 52 30 30 29 29 27 27 27 27 29 29 18 18 24 24 32 32 25 25 25 25 32 32 31 31 26 26 25 25 31 31 26 26 31 31 30 30 26 26 30 30 27 27 20 20 28 28 34 34 21 21 19 19 36 36 37 37 19 19 38 38 28 28 21 21 33 33 33 33 21 21 36 36 36 36 19 19 37 37 34 34 28 28 33 33 20 20 34 34 213 213 20 20 213 213 35 35 29 29 38 38 18 18 18 18 38 38 19 19 40 40 5 5 44 44 8 8 181 181 42 42 41 41 6 6 7 7 41 41 7 7 42 42 42 42 7 7 8 8 41 41 43 43 6 6 10 10 3 3 39 39 10 10 39 39 178 178 44 44 5 5 43 43 26 26 27 27 45 45 45 45 27 27 18 18 46 46 18 18 19 19 48 48 20 20 52 52 21 21 28 28 48 48 48 48 28 28 20 20 47 47 200 200 22 22 19 19 21 21 46 46 22 22 23 23 47 47 47 47 23 23 50 50 50 50 23 23 49 49 49 49 23 23 24 24 49 49 24 24 25 25 49 49 25 25 51 51 25 25 26 26 51 51 51 51 26 26 45 45 53 53 54 54 55 55 55 55 54 54 56 56 55 55 56 56 57 57 58 58 59 59 55 55 55 55 59 59 60 60 55 55 60 60 53 53 61 61 62 62 55 55 55 55 62 62 63 63 55 55 63 63 58 58 64 64 65 65 55 55 55 55 65 65 66 66 55 55 66 66 61 61 67 67 68 68 55 55 55 55 68 68 69 69 55 55 69 69 64 64 70 70 71 71 55 55 55 55 71 71 72 72 55 55 72 72 67 67 73 73 74 74 55 55 55 55 74 74 75 75 55 55 75 75 70 70 76 76 77 77 55 55 55 55 77 77 78 78 55 55 78 78 73 73 79 79 80 80 55 55 55 55 80 80 81 81 55 55 81 81 76 76 82 82 83 83 55 55 84 84 85 85 55 55 55 55 85 85 86 86 55 55 86 86 82 82 57 57 87 87 55 55 55 55 87 87 88 88 55 55 88 88 84 84 90 90 91 91 92 92 253 253 254 254 118 118 95 95 266 266 97 97 98 98 266 266 96 96 98 98 99 99 266 266 118 118 254 254 100 100 89 89 253 253 91 91 92 92 101 101 90 90 109 109 108 108 105 105 109 109 105 105 107 107 107 107 105 105 106 106 96 96 266 266 95 95 96 96 95 95 108 108 110 110 109 109 107 107 110 110 107 107 104 104 104 104 107 107 106 106 111 111 110 110 104 104 111 111 104 104 103 103 103 103 104 104 106 106 106 106 93 93 103 103 112 112 121 121 114 114 112 112 114 114 113 113 114 114 120 120 117 117 121 121 120 120 114 114 119 119 115 115 116 116 119 119 116 116 117 117 115 115 118 118 116 116 116 116 118 118 100 100 120 120 119 119 117 117 101 101 119 119 102 102 102 102 119 119 120 120 102 102 120 120 94 94 94 94 120 120 121 121 94 94 121 121 112 112 94 94 112 112 93 93 108 108 109 109 122 122 108 108 122 122 123 123 123 123 122 122 124 124 124 124 98 98 123 123 123 123 98 98 96 96 123 123 96 96 108 108 111 111 103 103 125 125 111 111 125 125 110 110 110 110 125 125 126 126 126 126 125 125 127 127 127 127 125 125 130 130 93 93 112 112 128 128 93 93 128 128 129 129 129 129 128 128 113 113 129 129 113 113 130 130 92 92 118 118 101 101 101 101 118 118 115 115 101 101 115 115 119 119 103 103 93 93 129 129 103 103 129 129 125 125 125 125 129 129 130 130 91 91 253 253 118 118 91 91 118 118 92 92 109 109 110 110 126 126 109 109 126 126 122 122 122 122 126 126 127 127 122 122 127 127 124 124 128 128 112 112 113 113 140 140 139 139 138 138 138 138 139 139 137 137 155 155 142 142 136 136 135 135 275 275 274 274 147 147 133 133 145 145 149 149 150 150 131 131 150 150 151 151 152 152 140 140 155 155 141 141 141 141 155 155 136 136 141 141 136 136 173 173 153 153 154 154 137 137 137 137 154 154 138 138 155 155 140 140 138 138 156 156 154 154 153 153 156 156 153 153 151 151 151 151 153 153 152 152 170 170 155 155 138 138 170 170 138 138 154 154 157 157 156 156 151 151 157 157 151 151 149 149 149 149 151 151 150 150 143 143 146 146 144 144 158 158 159 159 160 160 158 158 160 160 161 161 168 168 161 161 160 160 168 168 162 162 161 161 166 166 163 163 164 164 164 164 163 163 162 162 164 164 165 165 166 166 135 135 166 166 165 165 135 135 165 165 143 143 275 275 135 135 143 143 164 164 162 162 147 147 147 147 162 162 168 168 160 160 159 159 167 167 131 131 132 132 149 149 149 149 132 132 167 167 149 149 167 167 157 157 154 154 156 156 169 169 154 154 169 169 170 170 144 144 275 275 143 143 148 148 160 160 167 167 167 167 171 171 157 157 157 157 171 171 172 172 132 132 148 148 167 167 156 156 157 157 172 172 156 156 172 172 169 169 160 160 148 148 134 134 160 160 134 134 168 168 168 168 134 134 133 133 168 168 133 133 147 147 146 146 143 143 165 165 146 146 165 165 145 145 145 145 165 165 164 164 145 145 164 164 147 147 171 171 167 167 159 159 141 141 173 173 139 139 139 139 140 140 141 141 178 178 39 39 177 177 177 177 176 176 178 178 177 177 174 174 176 176 176 176 174 174 175 175 39 39 180 180 179 179 181 181 182 182 42 42 42 42 182 182 292 292 42 42 292 292 183 183 42 42 183 183 41 41 41 41 183 183 184 184 41 41 184 184 43 43 43 43 184 184 185 185 43 43 185 185 44 44 186 186 180 180 39 39 185 185 187 187 44 44 44 44 187 187 188 188 44 44 188 188 40 40 40 40 188 188 189 189 40 40 189 189 4 4 4 4 189 189 190 190 4 4 190 190 1 1 1 1 190 190 186 186 1 1 186 186 3 3 3 3 186 186 39 39 191 191 192 192 194 194 192 192 193 193 194 194 194 194 193 193 8 8 181 181 8 8 193 193 197 197 198 198 196 196 197 197 199 199 198 198 200 200 199 199 197 197 52 52 201 201 202 202 52 52 202 202 48 48 48 48 202 202 203 203 48 48 203 203 21 21 21 21 203 203 204 204 21 21 204 204 46 46 46 46 204 204 205 205 46 46 205 205 18 18 18 18 205 205 206 206 18 18 206 206 45 45 45 45 206 206 51 51 51 51 206 206 308 308 51 51 308 308 207 207 51 51 207 207 49 49 49 49 207 207 208 208 49 49 208 208 50 50 50 50 208 208 47 47 47 47 208 208 209 209 47 47 209 209 200 200 200 200 209 209 210 210 213 213 211 211 212 212 212 212 211 211 214 214 52 52 35 35 212 212 212 212 35 35 213 213 56 56 215 215 57 57 57 57 215 215 216 216 57 57 216 216 87 87 87 87 216 216 217 217 87 87 217 217 88 88 88 88 217 217 218 218 88 88 218 218 84 84 84 84 218 218 219 219 84 84 219 219 85 85 85 85 219 219 220 220 85 85 220 220 86 86 86 86 220 220 221 221 86 86 221 221 82 82 82 82 221 221 222 222 82 82 222 222 83 83 83 83 222 222 223 223 83 83 223 223 55 55 55 55 223 223 224 224 55 55 224 224 79 79 79 79 224 224 225 225 79 79 225 225 80 80 80 80 225 225 226 226 80 80 226 226 81 81 81 81 226 226 227 227 81 81 227 227 76 76 76 76 227 227 228 228 76 76 228 228 77 77 77 77 228 228 229 229 77 77 229 229 78 78 78 78 229 229 230 230 78 78 230 230 73 73 73 73 230 230 231 231 73 73 231 231 74 74 74 74 231 231 232 232 74 74 232 232 75 75 75 75 232 232 233 233 75 75 233 233 70 70 70 70 233 233 234 234 70 70 234 234 71 71 71 71 234 234 235 235 71 71 235 235 72 72 72 72 235 235 236 236 72 72 236 236 67 67 67 67 236 236 237 237 67 67 237 237 68 68 68 68 237 237 238 238 68 68 238 238 69 69 69 69 238 238 239 239 69 69 239 239 64 64 64 64 239 239 240 240 64 64 240 240 65 65 65 65 240 240 241 241 65 65 241 241 66 66 66 66 241 241 242 242 66 66 242 242 61 61 61 61 242 242 243 243 61 61 243 243 62 62 62 62 243 243 244 244 62 62 244 244 63 63 63 63 244 244 245 245 63 63 245 245 58 58 58 58 245 245 246 246 58 58 246 246 59 59 59 59 246 246 247 247 59 59 247 247 60 60 60 60 247 247 248 248 60 60 248 248 53 53 53 53 248 248 249 249 53 53 249 249 54 54 54 54 249 249 250 250 54 54 250 250 56 56 56 56 250 250 215 215 211 211 251 251 252 252 251 251 253 253 252 252 253 253 251 251 254 254 97 97 257 257 95 95 257 257 97 97 258 258 108 108 95 95 259 259 259 259 95 95 257 257 108 108 259 259 105 105 105 105 259 259 260 260 105 105 260 260 106 106 361 361 106 106 260 260 261 261 262 262 93 93 261 261 93 93 361 361 361 361 93 93 106 106 256 256 94 94 262 262 262 262 94 94 93 93 263 263 102 102 256 256 256 256 102 102 94 94 264 264 101 101 102 102 264 264 102 102 263 263 255 255 89 89 265 265 89 89 91 91 265 265 265 265 91 91 264 264 264 264 91 91 90 90 264 264 90 90 101 101 99 99 269 269 267 267 267 267 269 269 268 268 266 266 267 267 97 97 267 267 266 266 99 99 270 270 271 271 268 268 268 268 269 269 270 270 270 270 272 272 271 271 273 273 271 271 272 272 273 273 272 272 274 274 273 273 275 275 276 276 144 144 276 276 275 275 274 274 275 275 273 273 145 145 133 133 277 277 278 278 139 139 173 173 278 278 173 173 279 279 280 280 137 137 278 278 278 278 137 137 139 139 152 152 153 153 281 281 281 281 153 153 137 137 281 281 137 137 280 280 282 282 131 131 150 150 282 282 150 150 152 152 282 282 152 152 281 281 148 148 132 132 283 283 283 283 132 132 131 131 283 283 131 131 282 282 284 284 134 134 283 283 283 283 134 134 148 148 285 285 133 133 284 284 284 284 133 133 134 134 277 277 133 133 285 285 145 145 277 277 146 146 146 146 277 277 286 286 287 287 144 144 286 286 286 286 144 144 146 146 287 287 288 288 276 276 287 287 276 276 144 144 136 136 142 142 289 289 136 136 289 289 290 290 174 174 289 289 175 175 291 291 174 174 179 179 179 179 174 174 177 177 177 177 39 39 179 179 179 179 180 180 186 186 294 294 179 179 186 186 294 294 186 186 295 295 295 295 186 186 190 190 295 295 190 190 296 296 296 296 190 190 189 189 296 296 189 189 297 297 297 297 189 189 188 188 297 297 188 188 298 298 298 298 188 188 187 187 298 298 187 187 299 299 299 299 187 187 185 185 299 299 185 185 300 300 300 300 185 185 301 301 301 301 185 185 184 184 301 301 184 184 302 302 302 302 184 184 183 183 302 302 183 183 293 293 293 293 183 183 292 292 193 193 192 192 292 292 193 193 292 292 182 182 182 182 181 181 193 193 192 192 191 191 195 195 192 192 195 195 198 198 198 198 195 195 196 196 199 199 200 200 210 210 303 303 198 198 199 199 303 303 199 199 210 210 201 201 214 214 304 304 202 202 201 201 304 304 202 202 304 304 203 203 203 203 304 304 305 305 203 203 305 305 204 204 204 204 305 305 306 306 204 204 306 306 205 205 205 205 306 306 307 307 205 205 307 307 206 206 206 206 307 307 308 308 308 308 309 309 207 207 207 207 309 309 310 310 207 207 310 310 311 311 207 207 311 311 208 208 208 208 311 311 312 312 208 208 312 312 313 313 208 208 313 313 209 209 209 209 313 313 314 314 209 209 314 314 303 303 209 209 303 303 210 210 201 201 52 52 212 212 201 201 212 212 214 214 214 214 211 211 315 315 217 217 316 316 218 218 218 218 316 316 317 317 218 218 317 317 219 219 219 219 317 317 318 318 219 219 318 318 220 220 220 220 318 318 319 319 220 220 319 319 221 221 221 221 319 319 320 320 221 221 320 320 222 222 222 222 320 320 321 321 222 222 321 321 223 223 223 223 321 321 322 322 223 223 322 322 224 224 224 224 322 322 323 323 224 224 323 323 225 225 225 225 323 323 324 324 225 225 324 324 226 226 226 226 324 324 325 325 226 226 325 325 227 227 227 227 325 325 326 326 227 227 326 326 228 228 228 228 326 326 327 327 228 228 327 327 229 229 229 229 327 327 328 328 229 229 328 328 230 230 230 230 328 328 329 329 230 230 329 329 231 231 231 231 329 329 330 330 231 231 330 330 232 232 232 232 330 330 331 331 232 232 331 331 233 233 233 233 331 331 332 332 233 233 332 332 234 234 234 234 332 332 333 333 234 234 333 333 235 235 235 235 333 333 334 334 235 235 334 334 236 236 236 236 334 334 335 335 236 236 335 335 237 237 237 237 335 335 336 336 237 237 336 336 238 238 238 238 336 336 337 337 238 238 337 337 239 239 239 239 337 337 338 338 239 239 338 338 240 240 240 240 338 338 339 339 240 240 339 339 241 241 241 241 339 339 340 340 241 241 340 340 242 242 242 242 340 340 341 341 242 242 341 341 243 243 243 243 341 341 342 342 243 243 342 342 244 244 244 244 342 342 343 343 244 244 343 343 245 245 245 245 343 343 344 344 245 245 344 344 246 246 246 246 344 344 345 345 246 246 345 345 247 247 247 247 345 345 346 346 247 247 346 346 248 248 248 248 346 346 347 347 248 248 347 347 249 249 249 249 347 347 348 348 249 249 348 348 250 250 250 250 348 348 349 349 250 250 349 349 215 215 215 215 349 349 350 350 215 215 350 350 216 216 216 216 350 350 351 351 216 216 351 351 217 217 217 217 351 351 316 316 315 315 211 211 252 252 315 315 252 252 352 352 253 253 89 89 255 255 352 352 252 252 353 353 353 353 252 252 253 253 353 353 253 253 255 255 258 258 354 354 257 257 257 257 354 354 355 355 353 353 255 255 356 356 356 356 255 255 265 265 356 356 265 265 357 357 357 357 265 265 264 264 357 357 264 264 358 358 358 358 264 264 263 263 358 358 263 263 359 359 359 359 263 263 256 256 359 359 256 256 360 360 360 360 256 256 262 262 360 360 262 262 261 261 362 362 361 361 260 260 362 362 260 260 259 259 355 355 259 259 257 257 268 268 363 363 267 267 267 267 363 363 354 354 258 258 97 97 267 267 258 258 267 267 354 354 363 363 268 268 364 364 364 364 268 268 271 271 364 364 271 271 365 365 365 365 271 271 273 273 288 288 273 273 276 276 365 365 273 273 288 288 279 279 366 366 367 367 278 278 279 279 367 367 278 278 367 367 280 280 280 280 367 367 368 368 280 280 368 368 281 281 281 281 368 368 369 369 281 281 369 369 282 282 282 282 369 369 370 370 282 282 370 370 283 283 283 283 370 370 371 371 283 283 371 371 284 284 284 284 371 371 372 372 284 284 372 372 285 285 285 285 372 372 277 277 277 277 372 372 373 373 277 277 373 373 286 286 286 286 373 373 374 374 286 286 374 374 375 375 286 286 375 375 287 287 287 287 375 375 365 365 287 287 365 365 288 288 279 279 173 173 136 136 136 136 290 290 366 366 136 136 366 366 279 279 174 174 291 291 289 289 289 289 291 291 290 290 378 378 379 379 352 352 352 352 379 379 380 380 380 380 315 315 352 352 315 315 380 380 381 381 382 382 486 486 383 383 486 486 384 384 349 349 381 381 383 383 315 315 315 315 383 383 486 486 315 315 486 486 349 349 384 384 385 385 349 349 349 349 385 385 386 386 356 356 352 352 353 353 387 387 388 388 356 356 378 378 352 352 356 356 378 378 356 356 388 388 358 358 389 389 357 357 357 357 389 389 390 390 357 357 390 390 391 391 357 357 391 391 356 356 356 356 391 391 387 387 392 392 358 358 393 393 393 393 358 358 359 359 392 392 389 389 358 358 359 359 394 394 393 393 395 395 360 360 396 396 396 396 360 360 261 261 360 360 395 395 397 397 360 360 397 397 359 359 359 359 397 397 394 394 377 377 398 398 362 362 362 362 398 398 361 361 361 361 398 398 261 261 261 261 398 398 396 396 355 355 400 400 401 401 355 355 401 401 259 259 259 259 401 401 362 362 362 362 401 401 377 377 363 363 400 400 355 355 363 363 355 355 354 354 400 400 363 363 399 399 399 399 363 363 402 402 402 402 363 363 364 364 402 402 364 364 403 403 375 375 405 405 403 403 365 365 375 375 364 364 364 364 375 375 403 403 373 373 404 404 374 374 374 374 404 404 405 405 374 374 405 405 375 375 372 372 406 406 373 373 406 406 407 407 373 373 373 373 407 407 404 404 371 371 408 408 372 372 408 408 409 409 372 372 372 372 409 409 406 406 408 408 371 371 410 410 410 410 371 371 370 370 411 411 412 412 369 369 369 369 412 412 370 370 370 370 412 412 410 410 368 368 413 413 414 414 368 368 414 414 369 369 369 369 414 414 411 411 415 415 416 416 367 367 367 367 416 416 417 417 367 367 417 417 368 368 368 368 417 417 413 413 367 367 366 366 290 290 290 290 415 415 367 367 331 331 330 330 418 418 418 418 419 419 331 331 419 419 490 490 331 331 331 331 490 490 376 376 331 331 376 376 420 420 291 291 420 420 421 421 415 415 290 290 422 422 422 422 290 290 527 527 527 527 290 290 421 421 291 291 421 421 290 290 423 423 418 418 330 330 427 427 424 424 329 329 329 329 424 424 425 425 329 329 425 425 330 330 330 330 425 425 423 423 426 426 328 328 429 429 429 429 328 328 327 327 328 328 426 426 427 427 328 328 427 427 329 329 428 428 429 429 327 327 326 326 430 430 327 327 327 327 430 430 428 428 324 324 431 431 325 325 325 325 431 431 432 432 325 325 432 432 561 561 325 325 561 561 326 326 326 326 561 561 430 430 323 323 489 489 324 324 324 324 489 489 431 431 434 434 435 435 323 323 323 323 435 435 489 489 322 322 433 433 323 323 323 323 433 433 434 434 321 321 438 438 436 436 321 321 436 436 322 322 322 322 436 436 433 433 440 440 437 437 320 320 320 320 437 437 438 438 320 320 438 438 321 321 319 319 439 439 440 440 319 319 440 440 320 320 472 472 441 441 318 318 318 318 441 441 319 319 319 319 441 441 439 439 472 472 318 318 473 473 473 473 318 318 317 317 442 442 443 443 316 316 316 316 443 443 317 317 317 317 443 443 473 473 444 444 445 445 351 351 351 351 445 445 316 316 316 316 445 445 442 442 386 386 446 446 349 349 349 349 446 446 447 447 349 349 447 447 350 350 447 447 448 448 350 350 350 350 448 448 351 351 351 351 448 448 444 444 214 214 315 315 304 304 348 348 315 315 349 349 315 315 348 348 304 304 304 304 348 348 347 347 304 304 347 347 305 305 305 305 347 347 346 346 305 305 346 346 306 306 306 306 346 346 345 345 306 306 345 345 307 307 307 307 345 345 344 344 307 307 344 344 308 308 343 343 342 342 312 312 312 312 311 311 343 343 343 343 311 311 310 310 343 343 310 310 344 344 344 344 310 310 309 309 344 344 309 309 308 308 198 198 341 341 340 340 341 341 198 198 314 314 341 341 314 314 342 342 342 342 314 314 313 313 342 342 313 313 312 312 314 314 198 198 303 303 292 292 192 192 293 293 339 339 192 192 340 340 340 340 192 192 198 198 293 293 192 192 339 339 293 293 339 339 302 302 302 302 339 339 338 338 302 302 338 338 301 301 301 301 338 338 337 337 301 301 337 337 300 300 331 331 420 420 291 291 331 331 291 291 332 332 300 300 337 337 299 299 299 299 337 337 336 336 299 299 336 336 298 298 298 298 336 336 335 335 298 298 335 335 297 297 297 297 335 335 334 334 297 297 334 334 296 296 296 296 334 334 333 333 296 296 333 333 295 295 295 295 333 333 332 332 295 295 332 332 294 294 294 294 332 332 291 291 294 294 291 291 179 179 449 449 418 418 450 450 450 450 418 418 423 423 452 452 451 451 424 424 424 424 451 451 423 423 423 423 451 451 450 450 454 454 455 455 546 546 459 459 458 458 460 460 488 488 620 620 459 459 433 433 463 463 462 462 436 436 464 464 463 463 466 466 467 467 559 559 470 470 469 469 471 471 469 469 470 470 472 472 469 469 472 472 474 474 473 473 476 476 474 474 473 473 474 474 472 472 475 475 476 476 473 473 442 442 477 477 475 475 475 475 477 477 476 476 442 442 478 478 477 477 444 444 479 479 445 445 445 445 479 479 478 478 444 444 480 480 479 479 480 480 444 444 448 448 480 480 448 448 613 613 613 613 448 448 447 447 446 446 386 386 481 481 481 481 386 386 447 447 482 482 486 486 483 483 485 485 384 384 483 483 446 446 481 481 447 447 478 478 442 442 445 445 487 487 438 438 437 437 436 436 438 438 487 487 434 434 433 433 488 488 434 434 488 488 435 435 435 435 488 488 489 489 428 428 455 455 429 429 453 453 426 426 455 455 455 455 426 426 429 429 452 452 427 427 453 453 453 453 427 427 426 426 452 452 424 424 427 427 423 423 425 425 424 424 454 454 453 453 455 455 546 546 455 455 428 428 546 546 428 428 456 456 456 456 428 428 430 430 456 456 430 430 561 561 440 440 487 487 437 437 441 441 472 472 470 470 559 559 465 465 466 466 465 465 487 487 466 466 468 468 466 466 439 439 465 465 464 464 487 487 467 467 466 466 468 468 470 470 468 468 439 439 470 470 439 439 441 441 443 443 442 442 475 475 443 443 475 475 473 473 468 468 470 470 471 471 468 468 471 471 467 467 457 457 460 460 458 458 457 457 432 432 431 431 457 457 431 431 489 489 460 460 457 457 489 489 460 460 489 489 459 459 459 459 489 489 488 488 488 488 461 461 620 620 488 488 433 433 461 461 461 461 433 433 462 462 463 463 433 433 436 436 464 464 436 436 487 487 466 466 487 487 440 440 466 466 440 440 439 439 419 419 418 418 449 449 482 482 484 484 384 384 484 484 482 482 483 483 484 484 483 483 384 384 482 482 384 384 485 485 482 482 485 485 385 385 486 486 482 482 384 384 384 384 482 482 385 385 564 564 420 420 376 376 495 495 383 383 494 494 495 495 494 494 496 496 497 497 498 498 379 379 664 664 387 387 391 391 501 501 662 662 500 500 502 502 531 531 504 504 503 503 504 504 531 531 491 491 506 506 492 492 492 492 506 506 661 661 509 509 506 506 491 491 508 508 507 507 509 509 514 514 659 659 405 405 516 516 515 515 517 517 517 517 518 518 516 516 521 521 412 412 411 411 411 411 522 522 521 521 415 415 524 524 417 417 525 525 526 526 527 527 528 528 525 525 422 422 422 422 527 527 526 526 422 422 526 526 528 528 526 526 529 529 528 528 528 528 526 526 525 525 422 422 525 525 415 415 417 417 416 416 415 415 656 656 523 523 417 417 417 417 523 523 413 413 522 522 414 414 523 523 523 523 414 414 413 413 522 522 411 411 414 414 530 530 406 406 409 409 407 407 406 406 530 530 514 514 404 404 407 407 402 402 493 493 399 399 493 493 400 400 399 399 395 395 396 396 397 397 397 397 531 531 394 394 393 393 394 394 531 531 501 501 500 500 389 389 500 500 391 391 390 390 500 500 390 390 389 389 499 499 378 378 387 387 387 387 378 378 388 388 497 497 532 532 498 498 498 498 532 532 378 378 498 498 378 378 499 499 383 383 381 381 533 533 533 533 381 381 494 494 533 533 494 494 534 534 534 534 494 494 383 383 534 534 383 383 533 533 533 533 383 383 495 495 383 383 495 495 496 496 496 496 494 494 382 382 496 496 382 382 383 383 521 521 520 520 412 412 412 412 520 520 410 410 410 410 520 520 519 519 410 410 519 519 408 408 408 408 519 519 518 518 408 408 518 518 517 517 511 511 403 403 512 512 507 507 493 493 510 510 510 510 493 493 511 511 508 508 509 509 491 491 508 508 491 491 401 401 507 507 508 508 401 401 507 507 401 401 493 493 400 400 493 493 401 401 396 396 492 492 505 505 396 396 505 505 503 503 393 393 531 531 502 502 393 393 502 502 501 501 501 501 502 502 662 662 501 501 389 389 392 392 501 501 392 392 393 393 503 503 531 531 397 397 503 503 397 397 396 396 492 492 396 396 398 398 492 492 398 398 377 377 407 407 530 530 514 514 403 403 405 405 513 513 409 409 408 408 517 517 409 409 517 517 530 530 530 530 517 517 515 515 530 530 515 515 514 514 403 403 513 513 512 512 661 661 505 505 492 492 491 491 492 492 377 377 491 491 377 377 401 401 511 511 493 493 402 402 511 511 402 402 403 403 514 514 405 405 404 404 535 535 532 532 497 497 535 535 497 497 532 532 532 532 497 497 379 379 532 532 379 379 378 378 494 494 536 536 382 382 538 538 539 539 635 635 419 419 449 449 554 554 478 478 479 479 555 555 486 486 382 382 483 483 447 447 386 386 556 556 386 386 385 385 556 556 613 613 447 447 556 556 480 480 616 616 479 479 479 479 616 616 617 617 477 477 478 478 555 555 474 474 476 476 557 557 469 469 474 474 602 602 467 467 471 471 558 558 558 558 471 471 469 469 560 560 462 462 463 463 544 544 457 457 458 458 561 561 432 432 562 562 452 452 624 624 451 451 451 451 624 624 563 563 554 554 449 449 450 450 554 554 376 376 490 490 554 554 490 490 419 419 629 629 567 567 564 564 564 564 567 567 565 565 631 631 566 566 630 630 630 630 566 566 629 629 629 629 566 566 567 567 539 539 538 538 552 552 568 568 569 569 639 639 569 569 537 537 639 639 571 571 568 568 576 576 552 552 553 553 539 539 539 539 553 553 570 570 537 537 552 552 538 538 569 569 568 568 571 571 569 569 572 572 537 537 537 537 572 572 552 552 570 570 575 575 542 542 542 542 575 575 551 551 542 542 551 551 541 541 541 541 551 551 573 573 541 541 573 573 574 574 574 574 573 573 631 631 631 631 573 573 566 566 570 570 553 553 575 575 568 568 638 638 576 576 577 577 603 603 578 578 536 536 652 652 618 618 618 618 652 652 581 581 618 618 581 581 582 582 582 582 581 581 583 583 582 582 583 583 584 584 586 586 577 577 549 549 578 578 550 550 549 549 577 577 578 578 549 549 587 587 588 588 589 589 587 587 591 591 588 588 588 588 591 591 550 550 579 579 547 547 592 592 584 584 593 593 580 580 580 580 593 593 594 594 580 580 594 594 547 547 547 547 594 594 592 592 584 584 583 583 593 593 592 592 595 595 579 579 579 579 595 595 585 585 585 585 595 595 590 590 596 596 545 545 560 560 596 596 560 560 463 463 464 464 465 465 597 597 464 464 597 597 596 596 601 601 597 597 465 465 467 467 600 600 559 559 597 597 601 601 603 603 597 597 603 603 598 598 469 469 602 602 558 558 474 474 557 557 602 602 558 558 602 602 606 606 558 558 606 606 600 600 559 559 600 600 604 604 559 559 604 604 601 601 598 598 603 603 577 577 598 598 577 577 586 586 550 550 604 604 588 588 588 588 604 604 605 605 588 588 605 605 606 606 579 579 585 585 609 609 579 579 609 609 547 547 589 589 588 588 606 606 589 589 606 606 610 610 610 610 606 606 607 607 610 610 607 607 608 608 477 477 555 555 612 612 608 608 607 607 557 557 608 608 557 557 612 612 485 485 483 483 385 385 385 385 483 483 556 556 480 480 613 613 616 616 483 483 382 382 536 536 483 483 536 536 556 556 556 556 536 536 614 614 556 556 614 614 613 613 613 613 614 614 615 615 613 613 615 615 616 616 555 555 617 617 611 611 555 555 611 611 612 612 589 589 610 610 590 590 589 589 590 590 587 587 616 616 615 615 619 619 616 616 619 619 617 617 617 617 619 619 548 548 617 617 548 548 611 611 612 612 611 611 609 609 612 612 609 609 608 608 614 614 536 536 618 618 614 614 618 618 615 615 615 615 618 618 582 582 615 615 582 582 619 619 611 611 548 548 547 547 611 611 547 547 609 609 608 608 609 609 585 585 608 608 585 585 610 610 619 619 582 582 584 584 619 619 584 584 548 548 548 548 584 584 580 580 548 548 580 580 547 547 610 610 585 585 590 590 564 564 376 376 554 554 625 625 554 554 450 450 625 625 450 450 563 563 563 563 450 450 451 451 624 624 452 452 623 623 623 623 452 452 453 453 623 623 453 453 454 454 543 543 458 458 459 459 560 560 461 461 462 462 544 544 458 458 543 543 620 620 543 543 459 459 599 599 543 543 620 620 620 620 545 545 599 599 543 543 599 599 540 540 543 543 540 540 544 544 637 637 546 546 456 456 621 621 456 456 561 561 621 621 561 561 622 622 622 622 561 561 562 562 622 622 562 562 634 634 545 545 620 620 461 461 545 545 461 461 560 560 563 563 624 624 628 628 563 563 628 628 625 625 554 554 625 625 626 626 554 554 626 626 564 564 623 623 632 632 624 624 624 624 632 632 627 627 624 624 627 627 628 628 574 574 631 631 627 627 574 574 627 627 632 632 542 542 541 541 633 633 623 623 454 454 633 633 623 623 633 633 632 632 628 628 627 627 631 631 628 628 631 631 625 625 625 625 631 631 630 630 625 625 630 630 626 626 626 626 630 630 629 629 626 626 629 629 564 564 454 454 546 546 633 633 633 633 546 546 637 637 456 456 621 621 635 635 456 456 635 635 637 637 599 599 636 636 540 540 540 540 636 636 634 634 633 633 637 637 570 570 633 633 570 570 542 542 634 634 639 639 537 537 601 601 578 578 603 603 634 634 636 636 639 639 605 605 604 604 600 600 605 605 600 600 606 606 612 612 557 557 476 476 612 612 476 476 477 477 638 638 568 568 636 636 639 639 636 636 568 568 638 638 598 598 576 576 576 576 598 598 586 586 467 467 558 558 600 600 599 599 598 598 638 638 599 599 638 638 636 636 622 622 634 634 537 537 622 622 537 537 621 621 621 621 537 537 538 538 621 621 538 538 635 635 637 637 635 635 539 539 637 637 539 539 570 570 432 432 457 457 562 562 562 562 457 457 544 544 562 562 544 544 634 634 634 634 544 544 540 540 597 597 545 545 596 596 596 596 463 463 464 464 576 576 586 586 571 571 479 479 617 617 555 555 602 602 557 557 607 607 602 602 607 607 606 606 601 601 604 604 550 550 601 601 550 550 578 578 541 541 574 574 632 632 541 541 632 632 633 633 598 598 599 599 545 545 598 598 545 545 597 597 559 559 601 601 465 465 420 420 564 564 653 653 651 651 536 536 494 494 536 536 651 651 652 652 653 653 564 564 565 565 654 654 527 527 421 421 655 655 524 524 415 415 655 655 415 415 654 654 654 654 415 415 525 525 654 654 525 525 527 527 656 656 417 417 655 655 655 655 417 417 524 524 523 523 656 656 723 723 523 523 723 723 522 522 723 723 657 657 522 522 657 657 521 521 522 522 658 658 516 516 518 518 718 718 515 515 516 516 660 660 511 511 512 512 660 660 510 510 511 511 702 702 505 505 661 661 643 643 502 502 504 504 391 391 500 500 663 663 499 499 387 387 665 665 379 379 498 498 499 499 494 494 381 381 380 380 666 666 725 725 565 565 565 565 725 725 653 653 667 667 666 666 728 728 728 728 666 666 668 668 728 728 668 668 669 669 725 725 666 666 667 667 673 673 674 674 675 675 671 671 672 672 650 650 672 672 737 737 679 679 672 672 679 679 650 650 674 674 673 673 679 679 668 668 680 680 669 669 669 669 680 680 681 681 681 681 680 680 682 682 681 681 682 682 676 676 692 692 687 687 688 688 685 685 684 684 649 649 683 683 670 670 649 649 684 684 683 683 649 649 645 645 644 644 646 646 647 647 644 644 648 648 648 648 644 644 645 645 685 685 690 690 686 686 686 686 690 690 648 648 648 648 690 690 647 647 689 689 691 691 692 692 693 693 687 687 692 692 695 695 694 694 652 652 693 693 696 696 697 697 644 644 691 691 646 646 646 646 691 691 689 689 689 689 692 692 688 688 641 641 698 698 640 640 640 640 698 698 683 683 700 700 640 640 684 684 699 699 700 700 685 685 699 699 685 685 686 686 701 701 643 643 703 703 711 711 703 703 503 503 711 711 503 503 702 702 702 702 503 503 505 505 641 641 640 640 642 642 642 642 640 640 700 700 642 642 700 700 699 699 704 704 699 699 686 686 704 704 686 686 648 648 660 660 698 698 641 641 705 705 642 642 699 699 705 705 699 699 704 704 706 706 704 704 648 648 706 706 648 648 645 645 646 646 689 689 707 707 646 646 707 707 708 708 706 706 708 708 702 702 706 706 702 702 704 704 662 662 502 502 643 643 662 662 643 643 709 709 701 701 710 710 709 709 701 701 709 709 643 643 703 703 643 643 504 504 703 703 504 504 503 503 506 506 509 509 705 705 506 506 705 705 661 661 661 661 705 705 704 704 661 661 704 704 702 702 507 507 641 641 642 642 708 708 706 706 645 645 708 708 645 645 646 646 687 687 712 712 710 710 710 710 712 712 663 663 710 710 663 663 709 709 709 709 663 663 500 500 709 709 500 500 662 662 693 693 697 697 687 687 687 687 697 697 712 712 712 712 697 697 713 713 712 712 713 713 663 663 663 663 713 713 664 664 663 663 664 664 391 391 694 694 695 695 714 714 714 714 695 695 716 716 716 716 695 695 715 715 716 716 715 715 379 379 716 716 379 379 665 665 665 665 379 379 499 499 380 380 379 379 494 494 494 494 379 379 715 715 494 494 715 715 651 651 651 651 715 715 695 695 651 651 695 695 652 652 387 387 664 664 665 665 665 665 664 664 713 713 665 665 713 713 716 716 716 716 713 713 697 697 716 716 697 697 714 714 714 714 697 697 696 696 714 714 696 696 694 694 655 655 654 654 717 717 655 655 717 717 656 656 507 507 510 510 641 641 720 720 660 660 512 512 719 719 718 718 516 516 719 719 516 516 658 658 519 519 658 658 518 518 689 689 688 688 701 701 689 689 701 701 707 707 708 708 707 707 711 711 708 708 711 711 702 702 660 660 641 641 510 510 405 405 659 659 513 513 724 724 519 519 520 520 513 513 720 720 512 512 421 421 420 420 653 653 421 421 653 653 654 654 654 654 653 653 722 722 654 654 722 722 717 717 656 656 717 717 727 727 656 656 727 727 723 723 657 657 723 723 730 730 657 657 730 730 724 724 722 722 653 653 725 725 722 722 725 725 726 726 727 727 726 726 728 728 727 727 728 728 729 729 669 669 729 729 728 728 667 667 728 728 726 726 667 667 726 726 725 725 681 681 676 676 731 731 717 717 722 722 726 726 717 717 726 726 727 727 723 723 727 727 729 729 723 723 729 729 730 730 724 724 730 730 731 731 724 724 731 731 732 732 520 520 521 521 657 657 520 520 657 657 724 724 519 519 724 724 732 732 519 519 732 732 658 658 658 658 732 732 733 733 658 658 733 733 719 719 720 720 513 513 721 721 734 734 721 721 735 735 720 720 721 721 734 734 677 677 736 736 678 678 736 736 677 677 733 733 736 736 733 733 732 732 732 732 731 731 676 676 732 732 676 676 736 736 675 675 677 677 673 673 673 673 677 677 678 678 734 734 735 735 672 672 718 718 719 719 674 674 674 674 719 719 675 675 735 735 737 737 672 672 734 734 671 671 698 698 698 698 671 671 670 670 698 698 670 670 683 683 719 719 733 733 675 675 675 675 733 733 677 677 737 737 674 674 679 679 731 731 730 730 681 681 681 681 730 730 729 729 681 681 729 729 669 669 736 736 676 676 682 682 736 736 682 682 678 678 513 513 659 659 738 738 513 513 738 738 721 721 721 721 738 738 737 737 721 721 737 737 735 735 734 734 698 698 720 720 720 720 698 698 660 660 734 734 672 672 671 671 670 670 671 671 650 650 509 509 507 507 642 642 509 509 642 642 705 705 703 703 711 711 707 707 703 703 707 707 701 701 710 710 701 701 688 688 710 710 688 688 687 687 685 685 700 700 684 684 684 684 640 640 683 683 674 674 737 737 738 738 674 674 738 738 718 718 718 718 738 738 659 659 718 718 659 659 514 514 718 718 514 514 515 515 693 693 692 692 691 691 691 691 644 644 742 742 742 742 644 644 647 647 742 742 647 647 743 743 685 685 744 744 690 690 690 690 744 744 743 743 690 690 743 743 647 647 649 649 745 745 744 744 649 649 744 744 685 685 745 745 649 649 746 746 746 746 649 649 670 670 746 746 670 670 741 741 741 741 670 670 650 650 679 679 747 747 741 741 679 679 741 741 650 650 673 673 748 748 679 679 679 679 748 748 747 747 748 748 673 673 749 749 749 749 673 673 678 678 678 678 682 682 749 749 575 575 750 750 551 551 551 551 750 750 573 573 553 553 751 751 750 750 553 553 750 750 575 575 751 751 553 553 740 740 740 740 553 553 552 552 569 569 752 752 572 572 572 572 752 752 740 740 572 572 740 740 552 552 571 571 753 753 752 752 571 571 752 752 569 569 753 753 571 571 754 754 754 754 571 571 586 586 754 754 586 586 739 739 739 739 586 586 549 549 739 739 549 549 550 550 739 739 550 550 755 755 755 755 550 550 591 591 755 755 591 591 756 756 756 756 591 591 587 587 756 756 587 587 757 757 757 757 587 587 590 590 590 590 595 595 757 757 595 595 592 592 594 594 581 581 593 593 583 583 758 758 745 745 746 746 758 758 746 746 741 741 758 758 741 741 747 747 758 758 747 747 748 748 758 758 748 748 749 749 758 758 749 749 682 682 758 758 682 682 680 680 758 758 680 680 668 668 758 758 668 668 666 666 758 758 666 666 565 565 758 758 565 565 567 567 758 758 567 567 566 566 758 758 566 566 573 573 758 758 573 573 750 750 758 758 750 750 751 751 758 758 751 751 740 740 758 758 740 740 752 752 758 758 752 752 753 753 758 758 753 753 754 754 758 758 754 754 739 739 758 758 739 739 755 755 758 758 755 755 756 756 758 758 756 756 757 757 758 758 757 757 595 595 758 758 595 595 594 594 758 758 594 594 593 593 758 758 593 593 581 581 758 758 581 581 652 652 758 758 652 652 694 694 758 758 694 694 696 696 758 758 696 696 693 693 758 758 693 693 691 691 758 758 691 691 742 742 758 758 742 742 743 743 758 758 743 743 744 744 758 758 744 744 745 745 761 761 762 762 763 763 763 763 762 762 766 766 331 331 766 766 762 762 866 866 767 767 867 867 769 769 770 770 765 765 769 769 765 765 764 764 770 770 769 769 865 865 840 840 771 771 777 777 777 777 771 771 349 349 771 771 840 840 772 772 760 760 759 759 867 867 760 760 867 867 767 767 766 766 331 331 805 805 805 805 331 331 773 773 762 762 761 761 776 776 863 863 774 774 829 829 775 775 776 776 761 761 768 768 808 808 765 765 765 765 808 808 764 764 864 864 777 777 778 778 778 778 777 777 349 349 775 775 779 779 776 776 776 776 779 779 781 781 780 780 793 793 781 781 782 782 787 787 783 783 784 784 785 785 772 772 772 772 785 785 771 771 785 785 784 784 839 839 767 767 866 866 774 774 774 774 866 866 829 829 865 865 787 787 770 770 770 770 787 787 782 782 788 788 786 786 785 785 788 788 785 785 839 839 790 790 789 789 760 760 760 760 789 789 759 759 774 774 863 863 791 791 791 791 863 863 871 871 781 781 779 779 792 792 781 781 792 792 780 780 793 793 780 780 794 794 793 793 794 794 857 857 793 793 857 857 795 795 795 795 857 857 856 856 786 786 872 872 796 796 870 870 799 799 871 871 802 802 856 856 803 803 783 783 809 809 782 782 791 791 871 871 799 799 870 870 862 862 799 799 799 799 862 862 804 804 804 804 862 862 861 861 800 800 805 805 773 773 802 802 803 803 807 807 807 807 803 803 855 855 807 807 855 855 806 806 806 806 808 808 807 807 807 807 808 808 768 768 845 845 809 809 846 846 846 846 809 809 783 783 809 809 845 845 810 810 810 810 845 845 811 811 786 786 788 788 872 872 795 795 856 856 802 802 810 810 811 811 812 812 812 812 811 811 813 813 812 812 813 813 844 844 869 869 814 814 815 815 815 815 814 814 778 778 778 778 814 814 864 864 872 872 838 838 796 796 796 796 838 838 798 798 798 798 838 838 797 797 868 868 816 816 819 819 801 801 800 800 773 773 817 817 818 818 812 812 817 817 812 812 844 844 797 797 819 819 798 798 798 798 819 819 816 816 804 804 861 861 821 821 821 821 861 861 826 826 821 821 826 826 820 820 821 821 820 820 801 801 801 801 820 820 800 800 818 818 817 817 815 815 815 815 817 817 869 869 816 816 868 868 822 822 816 816 822 822 823 823 823 823 822 822 824 824 823 823 824 824 790 790 790 790 824 824 789 789 803 803 856 856 852 852 827 827 826 826 861 861 828 828 862 862 870 870 829 829 866 866 830 830 847 847 865 865 848 848 830 830 866 866 867 867 830 830 867 867 831 831 834 834 822 822 835 835 835 835 868 868 836 836 843 843 869 869 817 817 852 852 856 856 857 857 853 853 775 775 858 858 854 854 763 763 859 859 833 833 824 824 834 834 834 834 824 824 822 822 841 841 840 840 777 777 841 841 777 777 842 842 851 851 808 808 806 806 792 792 779 779 853 853 860 860 805 805 825 825 825 825 805 805 800 800 825 825 800 800 820 820 832 832 789 789 833 833 835 835 822 822 868 868 868 868 819 819 836 836 836 836 819 819 837 837 837 837 819 819 797 797 837 837 797 797 838 838 842 842 777 777 864 864 865 865 769 769 848 848 848 848 769 769 849 849 850 850 808 808 851 851 853 853 779 779 775 775 861 861 862 862 828 828 867 867 759 759 831 831 831 831 759 759 832 832 832 832 759 759 789 789 833 833 789 789 824 824 784 784 772 772 840 840 864 864 814 814 869 869 813 813 811 811 845 845 783 783 787 787 847 847 847 847 787 787 865 865 769 769 764 764 849 849 849 849 764 764 850 850 850 850 764 764 808 808 775 775 761 761 858 858 858 858 761 761 854 854 854 854 761 761 763 763 763 763 766 766 859 859 859 859 766 766 860 860 860 860 766 766 805 805 331 331 762 762 989 989 762 762 978 978 989 989 978 978 762 762 979 979 979 979 762 762 776 776 979 979 776 776 873 873 781 781 970 970 776 776 776 776 970 970 873 873 970 970 781 781 982 982 793 793 983 983 781 781 781 781 983 983 982 982 983 983 793 793 874 874 874 874 793 793 795 795 802 802 969 969 795 795 795 795 969 969 874 874 802 802 875 875 968 968 802 802 968 968 969 969 875 875 802 802 807 807 875 875 807 807 967 967 967 967 807 807 876 876 876 876 807 807 768 768 876 876 768 768 877 877 765 765 878 878 768 768 768 768 878 878 877 877 878 878 765 765 966 966 770 770 879 879 765 765 765 765 879 879 966 966 879 879 770 770 880 880 782 782 881 881 770 770 770 770 881 881 880 880 809 809 882 882 964 964 809 809 964 964 782 782 782 782 964 964 881 881 882 882 809 809 984 984 984 984 809 809 810 810 984 984 810 810 883 883 812 812 963 963 810 810 810 810 963 963 883 883 963 963 812 812 884 884 884 884 812 812 818 818 884 884 818 818 962 962 815 815 962 962 818 818 962 962 815 815 990 990 990 990 815 815 985 985 778 778 985 985 815 815 985 985 778 778 885 885 885 885 778 778 886 886 349 349 887 887 778 778 778 778 887 887 886 886 887 887 349 349 771 771 887 887 771 771 986 986 986 986 771 771 987 987 785 785 987 987 771 771 785 785 888 888 889 889 785 785 889 889 987 987 888 888 785 785 980 980 980 980 785 785 786 786 980 980 786 786 890 890 796 796 890 890 786 786 798 798 991 991 796 796 796 796 991 991 890 890 798 798 994 994 991 991 994 994 798 798 988 988 988 988 798 798 816 816 988 988 816 816 891 891 823 823 891 891 816 816 891 891 823 823 892 892 892 892 823 823 976 976 976 976 823 823 790 790 760 760 893 893 790 790 790 790 893 893 976 976 760 760 975 975 893 893 975 975 760 760 974 974 974 974 760 760 767 767 974 974 767 767 895 895 774 774 894 894 767 767 767 767 894 894 895 895 774 774 896 896 894 894 791 791 977 977 896 896 791 791 896 896 774 774 977 977 791 791 897 897 897 897 791 791 799 799 897 897 799 799 981 981 804 804 981 981 799 799 804 804 898 898 981 981 821 821 973 973 804 804 804 804 973 973 898 898 973 973 821 821 992 992 992 992 821 821 899 899 899 899 821 821 801 801 899 899 801 801 993 993 773 773 972 972 993 993 773 773 993 993 801 801 972 972 773 773 971 971 989 989 971 971 331 331 331 331 971 971 773 773 904 904 853 853 905 905 905 905 853 853 906 906 906 906 853 853 858 858 906 906 858 858 907 907 908 908 909 909 780 780 908 908 780 780 792 792 908 908 792 792 904 904 904 904 792 792 853 853 780 780 909 909 794 794 794 794 909 909 910 910 794 794 910 910 857 857 857 857 910 910 911 911 857 857 911 911 852 852 852 852 911 911 912 912 852 852 912 912 913 913 852 852 913 913 803 803 803 803 913 913 914 914 803 803 914 914 855 855 855 855 914 914 915 915 855 855 915 915 806 806 806 806 915 915 851 851 851 851 915 915 916 916 917 917 849 849 918 918 918 918 849 849 850 850 918 918 850 850 916 916 916 916 850 850 851 851 919 919 847 847 920 920 920 920 847 847 921 921 921 921 847 847 848 848 921 921 848 848 917 917 917 917 848 848 849 849 903 903 846 846 922 922 922 922 846 846 783 783 922 922 783 783 919 919 919 919 783 783 847 847 923 923 813 813 845 845 923 923 845 845 924 924 924 924 845 845 903 903 903 903 845 845 846 846 925 925 817 817 844 844 925 925 844 844 926 926 926 926 844 844 813 813 926 926 813 813 927 927 927 927 813 813 923 923 928 928 869 869 929 929 929 929 869 869 843 843 929 929 843 843 930 930 930 930 843 843 925 925 925 925 843 843 817 817 931 931 842 842 928 928 928 928 842 842 864 864 928 928 864 864 869 869 842 842 931 931 841 841 841 841 931 931 932 932 841 841 932 932 933 933 841 841 933 933 840 840 840 840 933 933 934 934 840 840 934 934 784 784 784 784 934 934 935 935 784 784 935 935 839 839 839 839 935 935 936 936 839 839 936 936 937 937 839 839 937 937 788 788 788 788 937 937 872 872 872 872 937 937 938 938 872 872 938 938 838 838 838 838 938 938 939 939 838 838 939 939 940 940 838 838 940 940 837 837 837 837 940 940 941 941 942 942 835 835 943 943 943 943 835 835 944 944 944 944 835 835 836 836 944 944 836 836 941 941 941 941 836 836 837 837 945 945 833 833 834 834 945 945 834 834 942 942 942 942 834 834 835 835 902 902 831 831 832 832 902 902 832 832 946 946 946 946 832 832 945 945 945 945 832 832 833 833 831 831 902 902 947 947 948 948 829 829 949 949 949 949 829 829 830 830 949 949 830 830 950 950 950 950 830 830 947 947 947 947 830 830 831 831 948 948 863 863 829 829 901 901 828 828 870 870 901 901 870 870 951 951 951 951 870 870 871 871 951 951 871 871 952 952 952 952 871 871 948 948 948 948 871 871 863 863 828 828 901 901 953 953 954 954 827 827 955 955 955 955 827 827 956 956 956 956 827 827 861 861 956 956 861 861 953 953 953 953 861 861 828 828 957 957 820 820 958 958 958 958 820 820 954 954 954 954 820 820 826 826 954 954 826 826 827 827 900 900 860 860 825 825 900 900 825 825 957 957 957 957 825 825 820 820 858 858 854 854 907 907 907 907 854 854 959 959 959 959 854 854 859 859 959 959 859 859 960 960 960 960 859 859 860 860 860 860 900 900 960 960 885 885 886 886 961 961 888 888 980 980 890 890 974 974 895 895 894 894 983 983 874 874 969 969 986 986 987 987 889 889 988 988 891 891 892 892 979 979 873 873 970 970 890 890 991 991 994 994 899 899 993 993 972 972 968 968 875 875 967 967 877 877 878 878 966 966 879 879 880 880 965 965 961 961 886 886 887 887 965 965 880 880 881 881 965 965 881 881 964 964 961 961 887 887 986 986 995 995 931 931 996 996 931 931 928 928 996 996 928 928 929 929 996 996 996 996 929 929 997 997 929 929 930 930 997 997 997 997 930 930 925 925 997 997 925 925 998 998 998 998 925 925 926 926 998 998 926 926 999 999 926 926 927 927 999 999 999 999 927 927 923 923 999 999 923 923 1000 1000 923 923 924 924 1000 1000 1000 1000 924 924 903 903 1000 1000 903 903 1001 1001 1001 1001 903 903 922 922 1001 1001 922 922 1002 1002 922 922 919 919 1002 1002 919 919 920 920 1002 1002 1002 1002 920 920 1003 1003 920 920 921 921 1003 1003 1003 1003 921 921 917 917 1003 1003 917 917 1004 1004 916 916 1005 1005 1004 1004 916 916 1004 1004 918 918 918 918 1004 1004 917 917 916 916 915 915 1005 1005 1005 1005 915 915 1006 1006 1006 1006 915 915 914 914 914 914 913 913 1006 1006 1006 1006 913 913 1007 1007 913 913 912 912 1007 1007 1007 1007 912 912 911 911 1007 1007 911 911 1008 1008 911 911 910 910 1008 1008 1008 1008 910 910 909 909 1008 1008 909 909 1009 1009 1009 1009 909 909 908 908 1009 1009 908 908 1010 1010 908 908 904 904 1010 1010 904 904 905 905 1010 1010 1010 1010 905 905 1011 1011 905 905 906 906 1011 1011 1011 1011 906 906 907 907 1011 1011 907 907 1012 1012 907 907 959 959 1012 1012 1012 1012 959 959 960 960 1012 1012 960 960 1013 1013 1013 1013 960 960 900 900 1013 1013 900 900 1014 1014 900 900 957 957 1014 1014 957 957 958 958 1014 1014 1014 1014 958 958 1015 1015 1015 1015 958 958 954 954 953 953 1017 1017 1016 1016 954 954 955 955 1015 1015 1015 1015 955 955 1016 1016 1016 1016 955 955 956 956 1016 1016 956 956 953 953 1017 1017 953 953 901 901 952 952 1018 1018 1019 1019 1017 1017 901 901 1019 1019 1019 1019 901 901 951 951 1019 1019 951 951 952 952 1018 1018 952 952 948 948 1018 1018 948 948 1020 1020 948 948 949 949 1020 1020 1020 1020 949 949 1021 1021 949 949 950 950 1021 1021 1021 1021 950 950 947 947 1021 1021 947 947 1022 1022 1022 1022 947 947 902 902 1022 1022 902 902 1023 1023 1023 1023 902 902 946 946 1023 1023 946 946 945 945 1023 1023 945 945 1024 1024 1024 1024 945 945 942 942 941 941 1026 1026 1025 1025 942 942 943 943 1024 1024 1024 1024 943 943 1025 1025 1025 1025 943 943 944 944 1025 1025 944 944 941 941 940 940 1027 1027 1026 1026 1026 1026 941 941 940 940 940 940 939 939 1027 1027 1027 1027 939 939 938 938 1027 1027 938 938 1028 1028 1028 1028 938 938 937 937 937 937 936 936 1028 1028 1028 1028 936 936 1029 1029 936 936 935 935 1029 1029 1029 1029 935 935 934 934 1029 1029 934 934 1030 1030 1030 1030 934 934 933 933 1030 1030 933 933 995 995 995 995 933 933 932 932 995 995 932 932 931 931 1031 1031 972 972 1032 1032 1032 1032 972 972 971 971 1032 1032 971 971 1033 1033 1033 1033 971 971 989 989 1033 1033 989 989 1034 1034 1034 1034 989 989 978 978 1034 1034 978 978 1035 1035 1035 1035 978 978 979 979 1035 1035 979 979 1036 1036 1036 1036 979 979 970 970 1036 1036 970 970 1037 1037 1037 1037 970 970 982 982 1037 1037 982 982 983 983 1037 1037 983 983 1038 1038 1038 1038 983 983 1039 1039 1039 1039 983 983 969 969 1039 1039 969 969 968 968 1039 1039 968 968 1040 1040 1040 1040 968 968 967 967 1040 1040 967 967 1150 1150 1150 1150 967 967 876 876 1150 1150 876 876 1041 1041 1041 1041 876 876 877 877 1041 1041 877 877 1042 1042 1042 1042 877 877 966 966 1042 1042 966 966 1043 1043 1043 1043 966 966 879 879 1043 1043 879 879 965 965 1043 1043 965 965 1044 1044 1044 1044 965 965 964 964 1044 1044 964 964 1161 1161 1161 1161 964 964 882 882 1161 1161 882 882 984 984 1161 1161 984 984 1162 1162 1162 1162 984 984 883 883 1162 1162 883 883 963 963 1162 1162 963 963 1045 1045 1045 1045 963 963 884 884 1045 1045 884 884 962 962 1045 1045 962 962 1046 1046 1046 1046 962 962 990 990 1046 1046 990 990 1047 1047 990 990 985 985 1047 1047 1047 1047 985 985 885 885 1047 1047 885 885 1048 1048 1048 1048 885 885 961 961 1048 1048 961 961 1164 1164 1164 1164 961 961 986 986 1164 1164 986 986 1049 1049 1049 1049 986 986 889 889 1049 1049 889 889 1050 1050 1050 1050 889 889 888 888 1050 1050 888 888 1051 1051 1051 1051 888 888 890 890 1051 1051 890 890 1052 1052 1052 1052 890 890 994 994 1052 1052 994 994 1053 1053 1053 1053 994 994 988 988 1053 1053 988 988 1054 1054 1054 1054 988 988 1055 1055 1055 1055 988 988 892 892 1055 1055 892 892 1132 1132 1132 1132 892 892 976 976 1132 1132 976 976 1056 1056 1056 1056 976 976 893 893 1056 1056 893 893 975 975 1056 1056 975 975 1057 1057 1057 1057 975 975 974 974 1057 1057 974 974 1058 1058 1058 1058 974 974 894 894 1058 1058 894 894 1059 1059 1059 1059 894 894 896 896 1059 1059 896 896 1060 1060 1060 1060 896 896 977 977 1060 1060 977 977 1061 1061 1061 1061 977 977 897 897 1061 1061 897 897 981 981 1061 1061 981 981 1062 1062 1062 1062 981 981 898 898 1062 1062 898 898 973 973 1062 1062 973 973 1063 1063 1063 1063 973 973 992 992 1063 1063 992 992 1031 1031 1031 1031 992 992 899 899 1031 1031 899 899 972 972 1016 1016 1064 1064 1015 1015 1015 1015 1064 1064 1065 1065 1015 1015 1065 1065 1014 1014 1014 1014 1065 1065 1066 1066 1014 1014 1066 1066 1013 1013 1013 1013 1066 1066 1067 1067 1013 1013 1067 1067 1012 1012 1012 1012 1067 1067 1068 1068 1012 1012 1068 1068 1011 1011 1011 1011 1068 1068 1069 1069 1011 1011 1069 1069 1010 1010 1010 1010 1069 1069 1070 1070 1010 1010 1070 1070 1071 1071 1010 1010 1071 1071 1009 1009 1009 1009 1071 1071 1072 1072 1009 1009 1072 1072 1008 1008 1008 1008 1072 1072 1073 1073 1008 1008 1073 1073 1007 1007 1007 1007 1073 1073 1074 1074 1007 1007 1074 1074 1006 1006 1006 1006 1074 1074 1075 1075 1006 1006 1075 1075 1005 1005 1005 1005 1075 1075 1076 1076 1005 1005 1076 1076 1004 1004 1004 1004 1076 1076 1003 1003 1003 1003 1076 1076 1077 1077 1003 1003 1077 1077 1002 1002 1002 1002 1077 1077 1078 1078 1002 1002 1078 1078 1001 1001 1001 1001 1078 1078 1079 1079 1001 1001 1079 1079 1000 1000 1000 1000 1079 1079 1080 1080 1000 1000 1080 1080 999 999 999 999 1080 1080 1081 1081 999 999 1081 1081 998 998 998 998 1081 1081 1082 1082 998 998 1082 1082 997 997 997 997 1082 1082 996 996 996 996 1082 1082 1083 1083 996 996 1083 1083 995 995 995 995 1083 1083 1084 1084 995 995 1084 1084 1030 1030 1030 1030 1084 1084 1085 1085 1030 1030 1085 1085 1086 1086 1030 1030 1086 1086 1029 1029 1029 1029 1086 1086 1028 1028 1028 1028 1086 1086 1087 1087 1028 1028 1087 1087 1027 1027 1027 1027 1087 1087 1088 1088 1027 1027 1088 1088 1089 1089 1027 1027 1089 1089 1026 1026 1026 1026 1089 1089 1090 1090 1026 1026 1090 1090 1025 1025 1025 1025 1090 1090 1024 1024 1024 1024 1090 1090 1091 1091 1024 1024 1091 1091 1092 1092 1024 1024 1092 1092 1023 1023 1023 1023 1092 1092 1093 1093 1023 1023 1093 1093 1022 1022 1022 1022 1093 1093 1094 1094 1022 1022 1094 1094 1021 1021 1021 1021 1094 1094 1095 1095 1021 1021 1095 1095 1020 1020 1020 1020 1095 1095 1096 1096 1020 1020 1096 1096 1018 1018 1018 1018 1096 1096 1019 1019 1019 1019 1096 1096 1097 1097 1019 1019 1097 1097 1017 1017 1017 1017 1097 1097 1098 1098 1017 1017 1098 1098 1016 1016 1016 1016 1098 1098 1064 1064 1121 1121 1132 1132 1133 1133 1125 1125 1135 1135 1126 1126 1126 1126 1135 1135 1136 1136 1100 1100 1144 1144 1036 1036 1100 1100 1036 1036 1101 1101 1103 1103 1146 1146 1147 1147 1103 1103 1147 1147 1148 1148 1104 1104 1148 1148 1149 1149 1104 1104 1149 1149 1105 1105 1106 1106 1105 1105 1150 1150 1108 1108 1107 1107 1151 1151 1108 1108 1151 1151 1152 1152 1114 1114 1113 1113 1154 1154 1114 1114 1154 1154 1116 1116 1116 1116 1154 1154 1155 1155 1116 1116 1155 1155 1115 1115 1118 1118 1166 1166 1157 1157 1121 1121 1131 1131 1132 1132 1133 1133 1132 1132 1056 1056 1124 1124 1123 1123 1057 1057 1124 1124 1057 1057 1058 1058 1124 1124 1058 1058 1134 1134 1128 1128 1142 1142 1033 1033 1128 1128 1033 1033 1143 1143 1099 1099 1035 1035 1144 1144 1102 1102 1101 1101 1037 1037 1107 1107 1042 1042 1151 1151 1109 1109 1161 1161 1153 1153 1110 1110 1153 1153 1161 1161 1110 1110 1161 1161 1162 1162 1110 1110 1162 1162 1111 1111 1111 1111 1162 1162 1112 1112 1112 1112 1162 1162 1045 1045 1112 1112 1045 1045 1113 1113 1163 1163 1164 1164 1156 1156 1117 1117 1130 1130 1050 1050 1117 1117 1050 1050 1166 1166 1117 1117 1166 1166 1118 1118 1119 1119 1157 1157 1167 1167 1119 1119 1167 1167 1120 1120 1120 1120 1167 1167 1053 1053 1140 1140 1139 1139 1031 1031 1102 1102 1037 1037 1145 1145 1106 1106 1150 1150 1041 1041 1106 1106 1041 1041 1159 1159 1113 1113 1046 1046 1154 1154 1120 1120 1053 1053 1054 1054 1120 1120 1054 1054 1168 1168 1133 1133 1056 1056 1127 1127 1127 1127 1056 1056 1122 1122 1122 1122 1056 1056 1057 1057 1122 1122 1057 1057 1123 1123 1058 1058 1059 1059 1134 1134 1125 1125 1158 1158 1060 1060 1125 1125 1060 1060 1135 1135 1137 1137 1136 1136 1062 1062 1137 1137 1062 1062 1063 1063 1137 1137 1063 1063 1138 1138 1138 1138 1063 1063 1139 1139 1139 1139 1063 1063 1031 1031 1140 1140 1031 1031 1032 1032 1140 1140 1032 1032 1141 1141 1141 1141 1032 1032 1142 1142 1142 1142 1032 1032 1033 1033 1143 1143 1033 1033 1034 1034 1143 1143 1034 1034 1099 1099 1099 1099 1034 1034 1035 1035 1144 1144 1035 1035 1036 1036 1101 1101 1036 1036 1037 1037 1129 1129 1145 1145 1038 1038 1129 1129 1038 1038 1146 1146 1147 1147 1169 1169 1148 1148 1148 1148 1169 1169 1149 1149 1105 1105 1149 1149 1150 1150 1107 1107 1159 1159 1042 1042 1160 1160 1152 1152 1044 1044 1160 1160 1044 1044 1109 1109 1109 1109 1044 1044 1161 1161 1154 1154 1047 1047 1155 1155 1155 1155 1047 1047 1048 1048 1155 1155 1048 1048 1115 1115 1115 1115 1048 1048 1163 1163 1156 1156 1164 1164 1049 1049 1156 1156 1049 1049 1165 1165 1130 1130 1165 1165 1050 1050 1157 1157 1166 1166 1052 1052 1157 1157 1052 1052 1167 1167 1131 1131 1168 1168 1055 1055 1131 1131 1055 1055 1132 1132 1134 1134 1059 1059 1158 1158 1149 1149 1169 1169 1040 1040 1149 1149 1040 1040 1150 1150 1151 1151 1043 1043 1152 1152 1158 1158 1059 1059 1060 1060 1135 1135 1060 1060 1061 1061 1135 1135 1061 1061 1136 1136 1136 1136 1061 1061 1062 1062 1145 1145 1037 1037 1038 1038 1146 1146 1038 1038 1039 1039 1146 1146 1039 1039 1147 1147 1147 1147 1039 1039 1169 1169 1169 1169 1039 1039 1040 1040 1159 1159 1041 1041 1042 1042 1042 1042 1043 1043 1151 1151 1152 1152 1043 1043 1044 1044 1113 1113 1045 1045 1046 1046 1154 1154 1046 1046 1047 1047 1163 1163 1048 1048 1164 1164 1165 1165 1049 1049 1050 1050 1050 1050 1051 1051 1166 1166 1166 1166 1051 1051 1052 1052 1167 1167 1052 1052 1053 1053 1168 1168 1054 1054 1055 1055 1117 1117 1118 1118 1088 1088 1066 1066 1140 1140 1141 1141 1066 1066 1141 1141 1067 1067 1067 1067 1141 1141 1142 1142 1140 1140 1066 1066 1139 1139 1139 1139 1066 1066 1065 1065 1139 1139 1065 1065 1138 1138 1064 1064 1137 1137 1065 1065 1065 1065 1137 1137 1138 1138 1064 1064 1136 1136 1137 1137 1136 1136 1064 1064 1126 1126 1126 1126 1064 1064 1098 1098 1097 1097 1125 1125 1098 1098 1098 1098 1125 1125 1126 1126 1125 1125 1097 1097 1158 1158 1158 1158 1097 1097 1096 1096 1158 1158 1096 1096 1134 1134 1095 1095 1124 1124 1096 1096 1096 1096 1124 1124 1134 1134 1094 1094 1122 1122 1123 1123 1094 1094 1123 1123 1095 1095 1095 1095 1123 1123 1124 1124 1122 1122 1094 1094 1127 1127 1127 1127 1094 1094 1133 1133 1093 1093 1133 1133 1094 1094 1093 1093 1121 1121 1133 1133 1092 1092 1121 1121 1093 1093 1091 1091 1168 1168 1131 1131 1091 1091 1131 1131 1092 1092 1092 1092 1131 1131 1121 1121 1090 1090 1120 1120 1091 1091 1091 1091 1120 1120 1168 1168 1090 1090 1119 1119 1120 1120 1089 1089 1119 1119 1090 1090 1089 1089 1157 1157 1119 1119 1088 1088 1118 1118 1089 1089 1089 1089 1118 1118 1157 1157 1117 1117 1088 1088 1087 1087 1117 1117 1087 1087 1130 1130 1086 1086 1165 1165 1087 1087 1087 1087 1165 1165 1130 1130 1086 1086 1156 1156 1165 1165 1085 1085 1163 1163 1156 1156 1085 1085 1156 1156 1086 1086 1163 1163 1085 1085 1115 1115 1115 1115 1085 1085 1084 1084 1115 1115 1084 1084 1116 1116 1083 1083 1116 1116 1084 1084 1083 1083 1114 1114 1116 1116 1114 1114 1083 1083 1113 1113 1113 1113 1083 1083 1082 1082 1113 1113 1082 1082 1112 1112 1081 1081 1112 1112 1082 1082 1081 1081 1111 1111 1112 1112 1111 1111 1081 1081 1110 1110 1110 1110 1081 1081 1080 1080 1110 1110 1080 1080 1153 1153 1153 1153 1080 1080 1079 1079 1153 1153 1079 1079 1109 1109 1160 1160 1109 1109 1079 1079 1160 1160 1079 1079 1152 1152 1152 1152 1079 1079 1078 1078 1152 1152 1078 1078 1108 1108 1077 1077 1108 1108 1078 1078 1077 1077 1107 1107 1108 1108 1107 1107 1077 1077 1159 1159 1159 1159 1077 1077 1076 1076 1159 1159 1076 1076 1106 1106 1075 1075 1105 1105 1076 1076 1076 1076 1105 1105 1106 1106 1075 1075 1104 1104 1105 1105 1074 1074 1148 1148 1104 1104 1074 1074 1104 1104 1075 1075 1148 1148 1074 1074 1103 1103 1073 1073 1146 1146 1074 1074 1074 1074 1146 1146 1103 1103 1146 1146 1073 1073 1129 1129 1129 1129 1073 1073 1145 1145 1145 1145 1073 1073 1072 1072 1145 1145 1072 1072 1102 1102 1071 1071 1102 1102 1072 1072 1071 1071 1101 1101 1102 1102 1070 1070 1100 1100 1071 1071 1071 1071 1100 1100 1101 1101 1069 1069 1144 1144 1100 1100 1069 1069 1100 1100 1070 1070 1144 1144 1069 1069 1099 1099 1099 1099 1069 1069 1068 1068 1099 1099 1068 1068 1143 1143 1142 1142 1128 1128 1067 1067 1067 1067 1128 1128 1068 1068 1068 1068 1128 1128 1143 1143</p></triangles></mesh>
    </geometry>
    <geometry id="eSeries_UR5e_077-mesh" name="eSeries UR5e.077">
      <mesh>
        <source id="eSeries_UR5e_077-mesh-slim-nrm"><float_array count="711" id="eSeries_UR5e_077-mesh-slim-nrm-array">0.2065 -0.9784 0.0035 0.7629 -0.6465 -0.0051 0.6255 -0.7776 0.0638 0.0246 0.9939 0.1077 -0.394 -0.9191 0.0087 -0.5284 -0.8489 0.0131 -0.7005 -0.713 0.0298 -0.5396 -0.4333 0.7219 -0.8784 -0.477 0.0283 -0.9577 -0.2873 0.0128 -0.9956 -0.0911 0.0231 -0.94 0.3378 0.0485 -0.9911 0.1319 0.0177 -0.8446 0.5323 0.0569 -0.6717 0.735 0.0931 -0.4604 0.8802 0.1148 -0.2107 0.97 0.1213 0.2386 0.9675 0.084 0.4024 0.9118 0.0814 0.6279 0.7725 0.0945 0.8104 0.5801 0.0821 0.9146 0.3992 0.0642 0.9783 0.2027 0.0422 0.9982 -0.0581 0.0115 0.9521 -0.3057 0.007 0.869 -0.4948 -0.0006 0.3405 -0.9392 0.0433 0.3698 -0.6215 0.6907 -0.2077 -0.9764 0.059 0.0152 -0.9998 0.0159 0.9887 0.1497 0.001 0.9268 0.3738 0.0366 0.6769 0.7246 0.1295 0.4814 0.8241 0.2985 -0.0805 0.9142 0.3972 -0.7474 0.657 0.0991 -0.9437 0.3301 0.0221 -0.6283 -0.7776 -0.0233 -0.4313 -0.896 -0.106 -0.1988 -0.9797 -0.0268 0.2451 -0.9615 -0.1242 0.3629 -0.9316 -0.0191 0.6619 -0.7478 -0.0519 -0.9382 0.3431 0.0455 -0.9814 0.1855 -0.0502 -0.9976 -0.0518 -0.0465 -0.9694 -0.2354 -0.07 -0.0576 -0.967 -0.2482 0.227 -0.8079 -0.5439 0.42 -0.7694 -0.4813 0.6846 -0.6945 -0.2213 0.9773 -0.2006 -0.0678 0.8668 0.4867 0.1081 0.7341 0.6218 0.2729 0.3385 0.8526 0.398 0.1345 0.5732 -0.8083 0.0841 -0.0978 -0.9916 0.419 -0.2728 -0.866 0.2367 -0.2696 -0.9334 0.5896 -0.1974 -0.7832 0.8808 -0.036 -0.4721 0.7638 -0.1442 -0.6291 0.2287 -0.5346 -0.8136 0.8457 0.4382 0.3044 -0.4208 0.2592 0.8694 -0.9353 -0.0046 -0.3538 -0.6852 0.6863 -0.2439 0.0441 -0.5038 -0.8627 -0.1408 -0.5411 -0.8291 0.0457 -0.3124 -0.9488 -0.1483 -0.4089 -0.9004 0.0599 -0.2038 -0.9772 -0.1534 -0.3155 -0.9364 -0.152 -0.1971 -0.9685 -0.146 -0.0658 -0.9871 -0.5095 -0.0602 -0.8584 -0.3954 0.5969 -0.6981 -0.2625 -0.0074 -0.9649 -0.6608 -0.0484 -0.749 -0.5987 0.6253 -0.5005 -0.9793 0.0595 -0.1936 -0.8676 -0.0061 -0.4971 -0.6359 -0.0254 -0.7714 -0.935 0.3088 0.1741 -0.9763 0.1982 0.0869 -0.9549 -0.0491 -0.2929 -0.881 -0.2158 -0.421 -0.7813 -0.3363 -0.5259 -0.7857 -0.252 -0.565 -0.6495 -0.4398 -0.6203 -0.6508 -0.3345 -0.6816 -0.4939 -0.4052 -0.7693 -0.3179 -0.519 -0.7935 -0.7194 0.4829 0.4994 -0.3281 -0.3904 -0.8602 -0.5555 0.6015 0.5741 -0.1801 0.3773 0.9084 -0.8577 0.2482 0.4503 -0.7683 0.2218 0.6004 -0.6185 0.2814 0.7337 -0.932 0.1821 0.3134 -0.336 -0.0972 -0.9368 -0.3319 -0.2599 -0.9068 -0.5065 -0.1705 -0.8452 -0.6941 -0.1253 -0.7089 -0.8497 -0.0466 -0.5253 -0.9954 0.089 -0.0364 -0.9685 0.1094 0.2239 -0.9002 0.13 0.4156 -0.5664 0.6654 0.4862 -0.5022 0.0417 0.8637 -0.3279 0.1513 0.9325 -0.651 0.1093 0.7512 -0.9982 0.0591 0.0085 0.5922 0.5204 0.6152 0.5061 0.2979 0.8094 0.9196 0.2795 0.276 0.7962 0.2685 0.5422 0.7253 0.4579 0.5141 0.9264 0.3499 0.1388 0.9846 0.1747 -0.0085 0.9686 0.0084 -0.2486 0.9203 -0.1453 -0.3632 0.8872 -0.1173 -0.4463 0.8306 -0.2817 -0.4804 0.7817 -0.243 -0.5743 0.6813 -0.3848 -0.6227 0.5678 -0.4916 -0.6603 0.4008 -0.5589 -0.7259 0.4433 -0.4255 -0.789 0.616 -0.2988 -0.7289 0.2464 -0.4029 -0.8815 0.0465 -0.4016 -0.9146 0.0709 0.3103 0.948 0.3363 0.2279 0.9137 -0.0587 0.0912 0.9941 0.8145 0.1755 0.553 0.9825 0.1396 0.1231 0.5881 0.1798 0.7886 0.9948 0.0748 -0.0687 0.9145 0.1861 0.3593 0.668 0.2906 0.6851 -0.89 -0.1193 -0.4401 -0.7929 -0.1624 -0.5873 -0.6542 -0.2376 -0.7181 -0.5015 -0.2871 -0.8161 0.6018 0.6054 -0.5209 0.6664 -0.0775 -0.7415 0.8726 -0.0156 -0.4882 0.6252 -0.0222 -0.7801 0.5047 -0.0897 -0.8586 0.3083 -0.1246 -0.9431 0.3501 -0.0402 -0.9358 -0.0343 -0.0192 -0.9992 0.9622 0.1254 0.2418 -0.8551 0.4471 0.2627 0.174 0.8393 0.5152 0.9948 0.0232 -0.0987 0.5971 0.7506 0.283 0.2439 0.4375 0.8655 0.4317 0.5284 0.731 0.9042 -0.4144 -0.1034 0.8082 -0.5744 -0.1303 0.4556 -0.8832 -0.1116 0.55 -0.8088 -0.2085 0.3645 -0.8671 -0.3396 0.9536 0.2999 0.0269 0.9468 -0.2376 -0.2171 0.8493 -0.4402 -0.2914 0.582 -0.7092 -0.3978 0.7329 -0.5821 -0.3523 0.0455 -0.7712 -0.635 0.9736 -0.0477 -0.2231 0.8997 -0.2644 -0.3474 0.7828 -0.4258 -0.4539 0.6518 -0.5474 -0.5249 0.3521 -0.6995 -0.6219 0.2257 -0.6683 -0.7088 0.0443 -0.6368 -0.7698 0.5002 -0.6373 -0.5863 0.1549 -0.9288 -0.3368 0.0086 -0.8878 -0.4602 0.0566 -0.9935 -0.0984 -0.2482 -0.9535 -0.1712 -0.7427 -0.6603 -0.1112 -0.8892 -0.4476 -0.0943 -0.7968 -0.5518 -0.2463 -0.6785 -0.6725 -0.2956 -0.5826 -0.79 -0.191 -0.5094 -0.7518 -0.4187 -0.409 -0.8538 -0.322 -0.2325 -0.9036 -0.3598 -0.8933 -0.3704 -0.2547 -0.9616 -0.1928 -0.1952 -0.9879 0.15 -0.0396 -0.292 0.8512 0.436 -0.3726 0.8542 0.3626 -0.5286 0.7988 0.2873 -0.1001 0.5536 0.8267 -0.1505 -0.81 -0.5668 -0.6571 -0.623 -0.4244 -0.7879 -0.4538 -0.4163 -0.9821 -0.0147 -0.1878 -0.1417 -0.6774 -0.7219 -0.331 -0.7726 -0.5417 -0.8987 -0.2548 -0.3568 -0.649 -0.5427 -0.5331 -0.4987 -0.6438 -0.5804 -0.8612 0.5009 0.0866 -0.7516 0.6068 0.2586 -0.6243 0.7274 0.2849 -0.4115 0.5769 0.7055 -0.322 -0.6472 -0.691 -0.4962 -0.5215 -0.6942 0.9601 0.0273 -0.2784 0.3037 -0.9293 -0.21 0.6511 -0.2525 -0.7158 0.5095 -0.0241 -0.8601 0.0848 -0.949 -0.3035 0.01 -0.9732 -0.2299 -0.0263 -0.9973 -0.068 -0.1309 -0.9754 -0.1771 -0.0926 -0.991 -0.0964 -0.1325 -0.9892 -0.0628 -0.695 -0.0372 0.7181 -0.5368 -0.475 0.6973 -0.3467 0.6954 0.6295 0.1665 0.1556 0.9737 0.9973 0.065 -0.0351 -0.5939 0.6986 -0.3991 -0.2903 0.9141 -0.2831 -0.1094 0.9724 -0.2062 0.068 0.9477 -0.3119 0.1343 0.9825 -0.1289 0.5175 0.7693 -0.3747 -0.9741 0.0707 0.2148 -0.2121 -0.9681 0.1333</float_array><technique_common><accessor count="237" source="#eSeries_UR5e_077-mesh-slim-nrm-array" stride="3"><param type="float" name="X"/><param type="float" name="Y"/><param type="float" name="Z"/></accessor></technique_common></source><source id="eSeries_UR5e_077-mesh-slim-pos"><float_array count="711" id="eSeries_UR5e_077-mesh-slim-pos-array">12.89359 -56.90811 53.18764 43.76493 -38.50164 53.09899 35.91834 -45.69299 53.20402 1.964634 57.1828 53.20513 -23.46736 -53.37667 53.20192 -30.66002 -49.59723 53.1343 -40.74483 -41.66995 53.08065 -45.2209 -36.87629 53.21661 -50.50343 -28.71241 53.19593 -55.01596 -17.99979 53.10784 -57.61565 -4.024685 53.20077 -54.76921 17.77351 53.19119 -57.41989 7.310663 53.10296 -48.49036 30.84797 53.16982 -38.77236 42.28144 53.18975 -26.52338 50.79545 53.17793 -12.4847 55.84403 53.17458 13.28673 55.80667 53.17399 23.4427 52.27011 53.18133 36.09925 44.57044 53.17853 46.36321 33.90483 53.19425 53.52998 21.12382 53.19143 56.78757 10.93348 53.12866 57.79316 -3.644077 53.14909 55.22696 -17.91705 53.11059 50.05291 -29.28823 53.17803 19.86698 -54.84423 53.19305 29.34121 -50.51532 53.21449 -12.81215 -56.82004 53.17993 1.710897 -58.23323 53.18256 57.45639 8.708025 47.04009 53.89786 20.87891 49.17525 39.74424 41.73575 47.62418 25.69122 51.82996 46.76519 -2.823899 57.58371 48.90825 -42.27617 39.28655 47.07445 -54.9396 18.12467 47.44661 -36.66022 -45.65351 46.16656 -25.20713 -52.57178 40.66427 -12.37129 -57.38182 45.43276 13.94474 -56.5844 40.04392 21.39631 -54.39618 46.40422 38.20738 -44.17836 43.91431 -52.10525 26.24573 30.77415 -54.11816 19.33278 23.42734 -57.99484 -2.679658 42.14665 -56.31486 -13.53971 40.76823 -3.511017 -56.50742 30.61609 13.28809 -43.83733 6.751199 24.16201 -42.41131 11.66431 39.26298 -40.96829 32.22473 56.77985 -11.99006 41.45278 48.64852 31.81771 38.6313 40.64062 42.75794 39.5315 17.8304 54.92666 47.94968 7.904072 63.03997 -47.78598 4.652657 51.22887 -47.87895 21.29002 25.05945 -37.86749 12.04644 27.25343 -41.73687 29.33559 30.58067 -34.33547 43.09269 45.19674 -21.31984 38.51993 32.48162 -26.24456 12.43582 -11.93356 -23.66447 44.76716 42.69729 29.40613 -20.95336 59.49525 43.23009 -45.20734 52.61244 -16.82508 -45.20667 63.06957 -16.61255 2.452567 -6.660528 -28.57523 -7.785439 -11.87603 -24.74235 2.285172 23.23072 -42.02305 -7.764542 7.696558 -35.40171 2.524332 37.57159 -45.77382 -7.290985 22.54576 -41.13949 -7.264197 38.29398 -45.48474 -7.360222 53.39252 -47.57693 -24.51287 54.10935 -41.4832 -24.27297 63.05426 -41.8516 -12.15187 63.05622 -46.52752 -31.97327 54.53258 -36.06401 -36.88156 63.06561 -31.212 -46.43355 63.05671 -11.63555 -41.49599 63.06383 -24.33623 -30.68555 63.06824 -37.18341 -48.60699 38.80225 21.23212 -50.22772 38.62342 8.312845 -51.00488 13.87393 2.622404 -48.52383 0.508756 1.330789 -43.11963 -6.190258 -4.314344 -41.59996 8.760694 -14.25206 -36.07224 -12.02252 -9.164329 -34.78803 4.301978 -20.00934 -26.64502 0.68858 -24.63076 -17.39101 -11.44036 -22.30172 -37.17717 50.2311 35.62007 -17.16183 7.877958 -32.93212 -29.2845 52.40083 42.02986 -10.65614 58.88306 46.99892 -41.92642 54.15293 24.97028 -37.49352 57.12763 30.40406 -30.28805 58.31578 37.58388 -45.54368 53.39615 17.19557 -16.37645 49.88643 -45.06492 -16.62103 28.13152 -40.57434 -25.04439 39.22206 -39.22208 -34.1647 41.02843 -32.67084 -41.6794 49.62182 -24.13993 -48.65206 50.13711 0.598617 -46.86292 56.53934 11.38365 -42.99692 63.05727 20.40782 -36.59166 63.06089 30.68485 -24.03396 62.54553 41.12332 -16.38791 63.04789 44.61264 -30.78988 63.07239 36.29731 -47.88245 63.07363 1.087 30.69777 53.39269 39.96158 24.70273 59.06757 41.2818 46.30938 46.9313 20.53948 38.73676 55.31653 29.58005 37.52149 50.43064 34.45253 49.12648 36.15348 23.6473 50.97928 33.60559 12.18 50.42982 23.7943 -0.384822 50.45296 4.476044 3.99983 46.33304 19.9684 -10.6187 45.96947 -2.690333 -1.845393 41.52601 9.083778 -14.49254 37.53883 -6.363167 -11.63977 31.94876 -14.41571 -11.37986 22.93523 -18.52094 -14.70901 23.92318 -1.283489 -25.3517 32.53833 12.31845 -25.85663 12.33614 6.85076 -34.01846 2.34443 8.855332 -36.38643 5.016977 59.38071 47.69868 16.34345 63.00965 44.6206 -3.473941 63.04073 47.24976 39.02402 63.07843 27.2157 48.08867 50.8063 7.814752 28.02599 63.04234 38.29336 48.45913 50.37681 -1.909975 44.92939 55.41179 18.51623 32.33926 58.40348 35.71413 -46.57358 18.61165 -9.761519 -40.21116 25.08232 -21.84581 -33.61438 22.1225 -28.28588 -25.7386 19.69158 -33.44545 36.0571 63.0478 -32.3034 31.86559 50.17084 -35.8826 41.37699 63.0405 -24.57556 30.79067 63.06206 -37.09757 24.79087 50.08136 -41.06843 14.8075 47.84686 -45.45668 16.31245 63.04324 -45.44416 -0.504385 63.07759 -48.30618 46.3296 63.04129 11.26376 -45.44655 40.25647 30.83963 8.038154 57.20355 48.44256 57.51708 2.55843 34.84384 32.58015 48.04597 44.84387 13.87884 57.83749 46.35776 21.69695 56.10398 44.41559 52.31197 -24.78225 39.21836 47.18742 -33.42893 37.80825 27.00056 -51.64487 40.17385 32.12671 -47.49039 34.09882 21.18987 -50.14638 23.50605 53.19786 23.41107 31.55798 54.47991 -11.8917 26.06283 48.84494 -23.98624 22.86148 34.07584 -39.49604 17.80238 42.36989 -32.18621 19.90624 2.515401 -40.47906 -0.266827 54.5136 4.612803 16.92424 51.09092 -9.283328 13.03198 44.53236 -18.77536 7.543715 37.25746 -25.79757 3.834629 21.26474 -34.62384 -0.793292 12.78134 -29.55304 -9.8355 2.475185 -25.10754 -15.68624 28.2306 -31.35778 0.406166 8.531575 -53.87099 24.01591 0.787998 -50.47223 14.75943 3.932116 -58.22976 40.55179 -14.0769 -55.97079 36.62487 -42.42541 -39.41445 39.41196 -51.79914 -26.47484 40.30468 -46.0386 -32.11326 29.30806 -39.65123 -38.5055 26.25694 -34.25563 -46.1096 35.05645 -29.559 -42.34548 16.81819 -23.37642 -49.50855 24.70322 -13.88025 -52.52865 23.44757 -51.49946 -19.37688 24.54745 -55.23782 -9.444669 27.76118 -57.25342 8.538745 42.05818 -14.47579 55.93969 48.12403 -21.3621 53.59323 47.62061 -28.56579 50.4373 46.10297 -8.332525 57.53472 48.05011 -8.255435 -44.03649 5.352116 -37.96441 -33.83032 14.86412 -45.09387 -22.02682 11.5047 -55.45925 5.195639 21.24067 -8.001506 -29.59548 -11.02878 -19.22118 -41.76837 6.849955 -51.05227 -9.190083 12.68503 -37.50469 -25.64744 3.927225 -28.60264 -31.42999 0.86113 -48.84967 31.26006 40.93255 -40.99784 42.40478 39.52287 -34.93559 46.44622 43.90584 -21.65822 55.88924 44.57647 -18.42348 -28.24894 -8.875611 -27.89088 -16.47542 -13.12222 46.08769 63.07179 -13.07985 39.68502 63.0836 -27.21584 33.29539 63.08571 -34.82909 24.77619 63.06112 -41.40617 13.16379 63.08277 -46.45112 3.375374 63.08542 -48.17607 -19.51107 63.08457 -44.14088 -28.12007 63.08403 -39.17181 -33.29249 63.08248 -34.83184 -43.06221 63.08415 -21.36638 -35.56446 63.07445 31.67966 -28.12642 63.08343 38.36647 -23.99476 63.09253 41.16009 9.201349 63.04734 46.61577 47.88358 63.0814 -1.693531 -37.74071 63.09253 -29.88634 -35.59191 63.09253 -32.44717 -23.93224 63.09253 -41.85191 8.311582 63.09253 -47.53737 35.59192 63.09253 -32.44717 37.74071 63.09253 -29.88634 -46.82424 63.07206 9.529006 -37.74071 63.09253 29.08621</float_array><technique_common><accessor count="237" source="#eSeries_UR5e_077-mesh-slim-pos-array" stride="3"><param type="float" name="X"/><param type="float" name="Y"/><param type="float" name="Z"/></accessor></technique_common></source><vertices id="eSeries_UR5e_077-mesh-slim-pos-vertices">
          <input semantic="POSITION" source="#eSeries_UR5e_077-mesh-slim-pos"/>
        </vertices>
        <triangles count="407" material="JointGrey-material"><input offset="0" semantic="VERTEX" source="#eSeries_UR5e_077-mesh-slim-pos-vertices"/><input offset="1" semantic="NORMAL" source="#eSeries_UR5e_077-mesh-slim-nrm"/><p>7 7 6 6 8 8 26 26 27 27 2 2 52 52 21 21 31 31 31 31 21 21 22 22 21 21 52 52 20 20 19 19 20 20 32 32 18 18 19 19 158 158 19 19 32 32 158 158 158 158 33 33 18 18 54 54 156 156 17 17 18 18 33 33 17 17 17 17 33 33 54 54 195 195 16 16 34 34 17 17 156 156 3 3 3 3 156 156 34 34 3 3 34 34 16 16 16 16 195 195 196 196 197 197 15 15 196 196 196 196 15 15 16 16 15 15 197 197 14 14 14 14 197 197 210 210 13 13 14 14 35 35 14 14 210 210 35 35 13 13 35 35 208 208 36 36 12 12 11 11 13 13 36 36 11 11 45 45 9 9 10 10 10 10 12 12 45 45 185 185 8 8 9 9 8 8 185 185 7 7 6 6 7 7 37 37 6 6 37 37 5 5 37 37 38 38 5 5 5 5 38 38 4 4 4 4 38 38 39 39 4 4 39 39 28 28 40 40 0 0 182 182 182 182 0 0 29 29 28 28 39 39 29 29 0 0 40 40 41 41 0 0 41 41 26 26 41 41 27 27 26 26 2 2 27 27 42 42 2 2 42 42 1 1 24 24 51 51 23 23 22 22 23 23 30 30 48 48 49 49 165 165 42 42 27 27 163 163 118 118 53 53 52 52 123 123 61 61 60 60 105 105 65 65 66 66 75 75 76 76 101 101 76 76 77 77 101 101 101 101 77 77 74 74 65 65 80 80 66 66 66 66 81 81 105 105 105 105 81 81 79 79 78 78 79 79 82 82 78 78 82 82 75 75 75 75 82 82 76 76 86 86 85 85 142 142 86 86 142 142 87 87 87 87 142 142 88 88 87 87 88 88 89 89 89 89 88 88 90 90 89 89 90 90 213 213 213 213 90 90 91 91 213 213 91 91 92 92 202 202 84 84 106 106 202 202 106 106 85 85 92 92 91 91 94 94 92 92 94 94 68 68 68 68 94 94 70 70 97 97 93 93 98 98 98 98 93 93 99 99 99 99 211 211 64 64 101 101 73 73 102 102 101 101 102 102 103 103 107 107 106 106 84 84 107 107 84 84 100 100 98 98 109 109 97 97 97 97 109 109 108 108 100 100 108 108 107 107 107 107 108 108 235 235 211 211 99 99 95 95 95 95 99 99 93 93 93 93 97 97 155 155 135 135 111 111 96 96 110 110 112 112 99 99 99 99 112 112 98 98 98 98 112 112 109 109 107 107 235 235 106 106 106 106 235 235 113 113 106 106 113 113 80 80 115 115 114 114 141 141 63 63 116 116 117 117 118 118 63 63 117 117 114 114 53 53 118 118 114 114 118 118 141 141 120 120 157 157 121 121 121 121 172 172 122 122 121 121 122 122 123 123 123 123 122 122 124 124 123 123 124 124 125 125 125 125 124 124 126 126 126 126 127 127 129 129 129 129 127 127 128 128 130 130 125 125 126 126 130 130 126 126 129 129 131 131 67 67 132 132 116 116 119 119 120 120 61 61 123 123 125 125 61 61 125 125 130 130 57 57 130 130 129 129 57 57 129 129 131 131 129 129 128 128 62 62 129 129 62 62 131 131 131 131 62 62 67 67 115 115 134 134 160 160 160 160 114 114 115 115 134 134 159 159 160 160 227 227 135 135 133 133 115 115 138 138 134 134 138 138 115 115 141 141 159 159 134 134 227 227 140 140 136 136 117 117 137 137 154 154 140 140 140 140 154 154 136 136 141 141 136 136 138 138 121 121 214 214 139 139 120 120 139 139 137 137 116 116 137 137 140 140 116 116 140 140 117 117 118 118 117 117 141 141 85 85 106 106 80 80 85 85 80 80 65 65 85 85 65 65 142 142 142 142 65 65 105 105 142 142 105 105 143 143 143 143 105 105 104 104 143 143 104 104 144 144 144 144 104 104 145 145 145 145 104 104 103 103 145 145 103 103 102 102 72 72 102 102 73 73 72 72 73 73 69 69 69 69 73 73 71 71 72 72 69 69 70 70 72 72 70 70 102 102 102 102 70 70 94 94 102 102 94 94 145 145 100 100 84 84 83 83 100 100 83 83 97 97 97 97 83 83 155 155 146 146 61 61 147 147 117 117 136 136 141 141 146 146 148 148 60 60 123 123 60 60 121 121 60 60 148 148 214 214 121 121 60 60 214 214 61 61 59 59 147 147 146 146 147 147 149 149 59 59 57 57 150 150 59 59 150 150 147 147 147 147 150 150 217 217 147 147 217 217 149 149 57 57 58 58 151 151 74 74 77 77 153 153 74 74 153 153 56 56 151 151 56 56 55 55 151 151 55 55 152 152 57 57 151 151 150 150 150 150 151 151 152 152 150 150 152 152 217 217 61 61 146 146 60 60 139 139 214 214 228 228 139 139 228 228 137 137 137 137 228 228 154 154 88 88 142 142 143 143 88 88 143 143 90 90 90 90 143 143 144 144 90 90 144 144 91 91 91 91 144 144 145 145 91 91 145 145 94 94 132 132 70 70 69 69 58 58 69 69 71 71 58 58 71 71 151 151 151 151 71 71 56 56 71 71 73 73 56 56 31 31 22 22 30 30 157 157 30 30 23 23 157 157 23 23 51 51 54 54 159 159 156 156 133 133 156 156 159 159 160 160 159 159 54 54 160 160 33 33 158 158 158 158 53 53 114 114 158 158 114 114 160 160 24 24 161 161 51 51 161 161 24 24 25 25 1 1 162 162 25 25 161 161 25 25 162 162 27 27 41 41 163 163 162 162 1 1 42 42 162 162 42 42 50 50 50 50 42 42 164 164 163 163 41 41 40 40 163 163 40 40 165 165 53 53 32 32 20 20 53 53 20 20 52 52 166 166 52 52 31 31 166 166 31 31 30 30 167 167 157 157 51 51 167 167 51 51 161 161 167 167 161 161 168 168 168 168 161 161 162 162 168 168 162 162 170 170 170 170 162 162 50 50 170 170 50 50 169 169 169 169 50 50 164 164 169 169 164 164 165 165 165 165 49 49 169 169 157 157 167 167 172 172 30 30 157 157 166 166 32 32 53 53 158 158 48 48 181 181 171 171 172 172 167 167 173 173 173 173 167 167 168 168 173 173 168 168 174 174 174 174 168 168 170 170 174 174 170 170 175 175 175 175 170 170 169 169 175 175 169 169 179 179 179 179 169 169 49 49 179 179 49 49 176 176 176 176 49 49 48 48 176 176 177 177 128 128 176 176 128 128 179 179 179 179 128 128 127 127 179 179 127 127 175 175 175 175 127 127 126 126 175 175 126 126 174 174 174 174 126 126 124 124 174 174 124 124 173 173 173 173 124 124 122 122 173 173 122 122 172 172 166 166 119 119 52 52 52 52 119 119 63 63 52 52 63 63 118 118 164 164 163 163 165 165 165 165 180 180 48 48 48 48 180 180 181 181 177 177 62 62 128 128 172 172 121 121 157 157 157 157 120 120 166 166 166 166 120 120 119 119 63 63 119 119 116 116 182 182 29 29 39 39 165 165 40 40 180 180 180 180 40 40 182 182 180 180 182 182 47 47 182 182 39 39 47 47 47 47 39 39 183 183 191 191 183 183 190 190 183 183 39 39 38 38 188 188 38 38 37 37 188 188 37 37 184 184 37 37 7 7 184 184 184 184 7 7 185 185 185 185 9 9 46 46 185 185 186 186 184 184 184 184 186 186 187 187 184 184 187 187 188 188 38 38 188 188 190 190 47 47 183 183 191 191 183 183 38 38 190 190 47 47 191 191 181 181 47 47 181 181 180 180 189 189 190 190 188 188 189 189 188 188 187 187 192 192 186 186 185 185 192 192 185 185 193 193 193 193 185 185 46 46 193 193 46 46 45 45 194 194 45 45 12 12 34 34 156 156 133 133 195 195 34 34 198 198 199 199 181 181 191 191 199 199 191 191 204 204 204 204 191 191 190 190 204 204 190 190 189 189 200 200 189 189 187 187 200 200 187 187 201 201 201 201 187 187 186 186 201 201 186 186 192 192 202 202 193 193 45 45 202 202 45 45 194 194 42 42 163 163 164 164 181 181 199 199 171 171 48 48 171 171 177 177 48 48 177 177 176 176 54 54 33 33 160 160 43 43 44 44 194 194 43 43 194 194 36 36 36 36 194 194 12 12 178 178 177 177 171 171 207 207 204 204 189 189 207 207 189 189 206 206 206 206 189 189 200 200 206 206 200 200 201 201 205 205 201 201 192 192 205 205 192 192 193 193 205 205 193 193 202 202 44 44 202 202 194 194 204 204 207 207 212 212 204 204 212 212 199 199 199 199 212 212 203 203 199 199 203 203 171 171 171 171 203 203 178 178 177 177 178 178 62 62 95 95 210 210 197 197 155 155 43 43 208 208 208 208 43 43 36 36 208 208 36 36 13 13 93 93 155 155 209 209 209 209 155 155 208 208 209 209 208 208 35 35 35 35 210 210 209 209 209 209 210 210 93 93 197 197 211 211 95 95 210 210 95 95 93 93 196 196 195 195 211 211 96 96 211 211 195 195 197 197 196 196 211 211 67 67 178 178 68 68 68 68 178 178 203 203 68 68 203 203 92 92 92 92 203 203 212 212 92 92 212 212 213 213 84 84 202 202 44 44 84 84 44 44 83 83 83 83 44 44 43 43 83 83 43 43 155 155 55 55 56 56 153 153 96 96 133 133 135 135 227 227 133 133 159 159 202 202 85 85 205 205 205 205 85 85 86 86 205 205 86 86 201 201 201 201 86 86 87 87 201 201 87 87 206 206 206 206 87 87 89 89 206 206 89 89 207 207 207 207 89 89 213 213 207 207 213 213 212 212 62 62 178 178 67 67 67 67 68 68 70 70 67 67 70 70 132 132 132 132 69 69 131 131 131 131 69 69 58 58 131 131 58 58 57 57 130 130 57 57 59 59 130 130 59 59 61 61 121 121 139 139 120 120 120 120 137 137 116 116 74 74 56 56 73 73 74 74 73 73 101 101 75 75 101 101 103 103 75 75 103 103 78 78 78 78 103 103 104 104 78 78 104 104 79 79 79 79 104 104 105 105 108 108 100 100 97 97 110 110 99 99 64 64 110 110 64 64 111 111 111 111 64 64 96 96 133 133 96 96 198 198 46 46 9 9 45 45 64 64 211 211 96 96 198 198 96 96 195 195 198 198 34 34 133 133 215 215 148 148 146 146 216 216 146 146 149 149 218 218 152 152 55 55 219 219 55 55 153 153 220 220 77 77 76 76 221 221 76 76 82 82 222 222 82 82 79 79 223 223 81 81 66 66 236 236 108 108 109 109 224 224 109 109 112 112 225 225 112 112 110 110 225 225 110 110 226 226 226 226 110 110 111 111 66 66 80 80 223 223 79 79 81 81 229 229 79 79 229 229 230 230 79 79 230 230 222 222 221 221 231 231 76 76 76 76 231 231 220 220 219 219 232 232 55 55 55 55 232 232 218 218 216 216 233 233 146 146 146 146 233 233 234 234 146 146 234 234 215 215 226 226 111 111 225 225 109 109 224 224 236 236</p></triangles></mesh>
    </geometry>
    <geometry id="eSeries_UR5e_078-mesh" name="eSeries UR5e.078">
      <mesh>
        <source id="eSeries_UR5e_078-mesh-slim-nrm"><float_array count="2208" id="eSeries_UR5e_078-mesh-slim-nrm-array">-0.9372 0.2639 -0.228 0.014 0.9999 0.0045 -0.8954 0.2669 -0.3564 0.013 0.9999 0.0063 -0.8427 0.253 -0.4752 -0.7623 0.2533 -0.5956 0.011 0.9999 0.0099 -0.6744 0.2637 -0.6897 -0.0004 0.9544 -0.2985 -0.1122 0.9858 -0.1251 -0.5653 -0.2478 -0.7868 -0.176 0.9432 -0.2816 -0.4503 -0.2478 -0.8578 -0.0633 0.9858 -0.1555 -0.34 0.253 -0.9057 -0.2017 0.2529 -0.9462 -0.0276 0.987 -0.1582 -0.064 -0.26 -0.9635 0.0695 -0.2483 -0.9662 0.0462 0.9432 -0.3289 0.2065 -0.2477 -0.9466 0.0515 0.9858 -0.1598 0.3217 0.253 -0.9124 0.4537 0.253 -0.8545 0.0845 0.9857 -0.1456 0.5736 -0.2479 -0.7807 0.1118 0.9859 -0.1247 0.6656 0.2666 -0.697 0.1212 0.9858 -0.1165 0.7666 -0.2478 -0.5924 0.1421 0.9858 -0.0893 0.8329 0.2531 -0.4921 0.8969 0.2532 -0.3624 -0.014 0.9999 0.0046 0.9337 0.2668 -0.2387 -0.8645 0.2639 0.4277 0.0137 0.9999 -0.0055 -0.915 0.2669 0.3025 0.0141 0.9999 -0.0035 -0.951 0.253 0.1776 -0.9668 0.2533 0.0338 0.0148 0.9999 0.0005 -0.9591 0.2668 -0.095 0.0145 0.9999 0.0026 -0.3988 -0.2478 0.8829 -0.1559 0.9432 0.2933 -0.5178 -0.2478 0.8188 -0.103 0.9858 0.1325 -0.6144 0.253 0.7473 -0.7189 0.2533 0.6473 0.0116 0.9999 -0.0091 -0.7958 0.2667 0.5437 0.0128 0.9999 -0.0074 -0.0145 0.9999 0.0026 0.9587 0.2639 -0.1063 -0.0147 0.9999 0.0005 0.9633 0.2669 0.0287 -0.0144 0.9999 -0.0015 0.9544 0.2531 0.1583 0.9203 0.253 0.2984 0.1581 0.9857 0.0579 0.8685 -0.2478 0.4293 0.1422 0.9859 0.0884 0.802 0.2666 0.5345 0.1358 0.9858 0.0991 0.7165 -0.2478 0.6521 0.1126 0.9858 0.1245 0.6293 0.253 0.7348 0.5132 0.2529 0.8202 0.0839 0.9857 0.1459 0.3893 -0.2478 0.8871 0.0521 0.9859 0.1592 0.2715 0.2636 0.9256 0.0403 0.9858 0.1632 0.1297 -0.2478 0.9601 0.0063 0.9858 0.1677 0.0097 0.253 0.9674 -0.134 0.253 0.9581 -0.0296 0.9857 0.1657 -0.272 -0.2479 0.9298 -0.1135 0.9432 0.3121 -0.2703 0.0345 0.9622 -0.4016 0.0346 0.9152 -0.5255 0.0331 0.8501 -0.5913 0.0346 -0.8057 -0.4731 0.0348 -0.8803 -0.0766 0.0428 -0.9961 0.0617 0.0487 -0.9969 0.2032 0.0349 -0.9785 0.5836 0.0331 -0.8114 0.7847 0.0348 -0.6188 0.9004 0.0331 0.4338 0.7457 0.0348 0.6654 0.4111 0.0347 0.9109 0.1435 0.0348 0.989 -0.0062 0.5182 0.8553 -0.1197 0.5227 0.8441 -0.235 0.544 0.8055 -0.344 0.5468 0.7633 -0.6351 0.521 0.5703 -0.7079 0.5249 0.4725 -0.7692 0.5202 0.371 -0.8107 0.5246 0.2601 -0.8434 0.5181 0.1424 -0.8559 0.5163 0.0287 -0.846 0.5249 -0.0931 -0.8278 0.5202 -0.2102 -0.671 0.5226 -0.526 -0.5907 0.5204 -0.6167 -0.49 0.5464 -0.6792 -0.3526 0.6689 -0.6544 -0.2801 0.5139 -0.8108 -0.1763 0.5226 -0.8341 -0.0591 0.5527 -0.8313 0.067 0.5734 -0.8166 0.4012 0.5227 -0.7522 0.4971 0.5418 -0.6778 0.5934 0.5247 -0.6103 0.662 0.5462 -0.5133 0.7438 0.5182 -0.4223 0.791 0.5225 -0.3181 0.8277 0.5237 -0.2018 0.8526 0.5155 -0.0859 0.8105 0.5227 0.2645 0.7538 0.5418 0.3719 0.7041 0.5247 0.4784 0.6204 0.5462 0.5628 0.545 0.5181 0.6592 0.4509 0.5227 0.7236 0.3387 0.5372 0.7724 0.2319 0.5202 0.8219 -0.4486 0.5418 0.7108 -0.5545 0.5181 0.6512 -0.7068 0.6492 -0.2812 -0.7358 0.5139 -0.441 0.1769 0.5462 -0.8188 0.0048 0.0525 -0.9986 0.2983 0.5181 -0.8016 0.8508 0.5245 0.033 0.8412 0.5182 0.1546 0.1135 0.5462 0.8299 0.0537 0.6893 -0.7225 -0.0731 0.4325 -0.8986 -0.1761 0.5542 -0.8135 -0.1466 0.8934 -0.4247 -0.4896 0.5548 -0.6727 -0.582 0.5499 -0.5991 -0.6581 0.554 -0.5099 -0.3849 0.8936 -0.2309 -0.811 0.5499 -0.1999 -0.8264 0.5567 -0.0847 -0.8851 0.4642 0.0339 -0.8146 0.5614 0.146 -0.791 0.5549 0.2578 -0.7427 0.5612 0.3652 -0.6813 0.5679 0.4619 -0.6129 0.562 0.5554 -0.53 0.5613 0.6356 -0.4364 0.5613 0.7032 -0.3362 0.5566 0.7597 -0.2253 0.5619 0.796 -0.1112 0.5654 0.8173 0.0023 0.5499 0.8352 0.1166 0.5548 0.8238 0.2328 0.5502 0.8019 0.3745 0.4181 0.8276 0.4398 0.5656 0.6976 0.5339 0.5612 0.6324 0.6132 0.5661 0.5509 0.6901 0.5549 0.4646 0.7518 0.5498 0.364 0.7856 0.5654 0.2514 0.8155 0.5613 0.1412 0.8237 0.5663 0.0278 0.8809 0.4636 -0.0956 0.8069 0.5541 -0.2045 0.7706 0.554 -0.315 0.7222 0.5498 -0.4197 0.6551 0.5548 -0.5129 0.5773 0.5548 -0.5991 0.489 0.5498 -0.6772 0.3879 0.554 -0.7367 0.2834 0.5498 -0.7857 0.1699 0.5662 -0.8066 0.0683 0.2684 -0.9609 -0.0007 -0.0633 0.998 -0.1406 0.0507 0.9888 -0.2765 0.0487 0.9598 -0.4057 -0.0593 0.9121 -0.5301 0.0487 0.8465 -0.6429 0.0485 0.7644 -0.743 0.0485 0.6675 -0.8283 0.0522 0.5579 -0.8983 0.0487 0.4367 -0.949 -0.0607 0.3093 -0.9839 0.0488 0.1719 -0.9929 -0.0595 -0.1029 -0.9683 -0.0635 -0.2415 -0.7156 -0.6408 -0.278 -0.8024 0.4564 -0.3845 -0.7866 -0.0611 -0.6145 -0.6932 -0.0635 -0.7179 -0.5875 -0.0612 -0.8069 -0.37 -0.6392 -0.6742 -0.3675 0.4568 -0.8101 -0.2066 -0.0611 -0.9765 0.2072 0.051 -0.977 0.3409 -0.0632 -0.938 0.4692 -0.0615 -0.881 0.5866 -0.0635 -0.8074 0.6926 -0.0612 -0.7187 0.7859 -0.0612 -0.6153 0.8643 -0.0635 -0.4989 0.9257 -0.0615 -0.3733 0.9689 -0.0612 -0.2399 0.9981 0.051 0.0342 0.9834 0.0485 0.1746 0.9492 0.0508 0.3104 0.8972 -0.0632 0.437 0.8277 -0.061 0.5578 0.7423 0.051 0.6681 0.6411 0.0485 0.7659 0.5272 0.0504 0.8483 0.2762 -0.0634 0.959 0.1399 -0.0613 0.9883 -0.9426 -0.3325 0.0311 0.938 -0.3326 -0.0979 -0.0639 -0.3871 -0.9198 0.0643 -0.4177 -0.9063 0.3711 -0.3928 0.8415 -0.1194 -0.5025 0.8563 -0.2388 -0.5026 0.8309 -0.4574 -0.5026 0.7336 -0.5555 -0.5028 0.6623 -0.6423 -0.5027 0.5786 -0.7166 -0.5027 0.4835 -0.7772 -0.5026 0.3785 -0.8512 -0.5028 0.1506 -0.588 -0.7244 -0.3597 -0.2192 -0.7246 -0.6534 0.1802 -0.5028 -0.8454 0.8637 -0.5032 0.0299 0.8513 -0.5027 0.1499 0.822 -0.5026 0.2677 0.6431 -0.5025 0.5778 0.5558 -0.5028 0.6621 0.458 -0.5029 0.733 -0.0022 -0.7681 0.6403 -0.2608 -0.7705 0.5817 -0.6068 -0.7705 0.1954 -0.634 -0.7704 -0.0675 -0.6183 -0.7702 -0.1564 -0.5929 -0.7681 -0.242 -0.5018 -0.7703 -0.3935 -0.4438 -0.7679 -0.462 -0.3732 -0.7702 -0.5172 -0.297 -0.7704 -0.5642 -0.1308 -0.7705 -0.6238 0.2197 -0.7679 -0.6017 0.3012 -0.7702 -0.5622 0.3766 -0.7702 -0.5147 0.4462 -0.7679 -0.4596 0.5039 -0.7702 -0.391 0.5556 -0.7679 -0.3189 0.5921 -0.7703 -0.237 0.6192 -0.7705 -0.1514 0.5727 -0.7702 0.2806 0.5296 -0.7681 0.3599 0.176 -0.7679 0.6159 0.0866 -0.7702 0.6319 -0.0628 -0.8963 0.439 -0.1227 -0.8976 0.4234 -0.2359 -0.8963 0.3754 -0.2841 -0.8974 0.3375 -0.3306 -0.896 0.2963 -0.3661 -0.8974 0.2461 -0.3994 -0.8962 0.1931 -0.434 -0.8977 0.0756 -0.4679 -0.8837 0.0152 -0.3806 -0.8979 -0.2213 -0.1493 -0.8979 -0.4142 -0.0308 -0.8902 -0.4546 0.0327 -0.8899 -0.4551 0.0938 -0.8962 -0.4337 0.4628 -0.8852 -0.048 0.4438 -0.896 0.0168 0.4343 -0.8974 0.0773 0.4215 -0.8962 0.1385 0.3288 -0.8963 0.2975 0.283 -0.8974 0.3384 0.2344 -0.8961 0.377 0.1842 -0.8901 0.4169 0.0001 -0.9002 0.4354 -0.0735 -0.8378 0.541 -0.1107 -0.9161 0.3854 -0.2305 -0.8208 0.5227 -0.2876 -0.8379 0.4639 -0.2579 -0.9161 0.3071 -0.4035 -0.838 0.3674 -0.3325 -0.9161 0.2241 -0.4896 -0.8382 0.2404 -0.5424 -0.8208 0.1794 -0.3954 -0.9159 0.069 -0.5454 -0.8379 0.0217 -0.5264 -0.8487 -0.0519 -0.5557 -0.8203 -0.135 -0.4037 -0.9001 -0.1637 -0.3477 -0.9158 -0.201 -0.4525 -0.8206 -0.3491 -0.3025 -0.9002 -0.3132 -0.3372 -0.8206 -0.4614 -0.2706 -0.8206 -0.5035 -0.1366 -0.9159 -0.3774 -0.1219 -0.8205 -0.5585 -0.0412 -0.831 -0.5547 0.0359 -0.8313 -0.5547 0.1108 -0.8381 -0.5342 0.1484 -0.9004 -0.409 0.2662 -0.8203 -0.5062 0.3333 -0.8202 -0.4649 0.3024 -0.9002 -0.3132 0.4489 -0.8208 -0.3533 0.377 -0.9002 -0.2177 0.815 -0.4445 -0.3716 0.8761 -0.4473 -0.1797 0.3992 -0.9159 -0.0413 0.5449 -0.8383 0.0171 0.3949 -0.9161 0.0698 0.5199 -0.8379 0.1663 0.5157 -0.8204 0.247 0.361 -0.9002 0.2434 0.4063 -0.8381 0.364 0.2577 -0.9161 0.3073 0.2914 -0.8379 0.4616 0.2254 -0.8378 0.4973 0.1204 -0.9004 0.4181 0.0815 -0.8208 0.5654 0.0004 -0.4479 0.8941 -0.1348 -0.3069 0.9421 -0.246 -0.4479 0.8596 -0.3884 -0.3076 0.8687 -0.7409 -0.448 0.5003 -0.7088 -0.3069 0.6351 -0.8559 -0.3076 0.4158 -0.9053 -0.3074 0.293 -0.8804 -0.4479 0.1557 -0.9511 -0.3073 0.0307 -0.9307 -0.3512 -0.1024 -0.9245 -0.3069 -0.226 -0.6214 -0.4479 -0.6428 -0.7485 -0.3069 -0.5878 -0.5581 -0.3076 -0.7707 -0.4458 -0.3074 -0.8407 -0.3062 -0.4479 -0.84 -0.1954 -0.3075 -0.9313 -0.0904 -0.3127 -0.9455 0.0821 -0.3049 -0.9489 0.449 -0.3075 -0.839 0.5611 -0.3073 -0.7686 0.6207 -0.4479 -0.6434 0.7508 -0.3071 -0.5849 0.7782 -0.4451 -0.4431 0.847 -0.4548 -0.2753 0.8899 -0.4452 -0.0998 0.9042 -0.3075 0.2965 0.8544 -0.3073 0.4191 0.7415 -0.4479 0.4996 0.7063 -0.3071 0.6378 0.575 -0.4479 0.6846 0.5021 -0.3075 0.8083 0.2469 -0.448 0.8593 0.3851 -0.3072 0.8702 -0.5052 -0.3074 0.8064 -0.5744 -0.4479 0.6852 -0.8262 -0.4477 -0.3419 -0.777 -0.446 -0.4442 0.1989 -0.3075 -0.9305 0.3054 -0.4479 -0.8403 0.9511 -0.3071 0.0345 0.8806 -0.4479 0.1548 0.1311 -0.3071 0.9426 -0.0718 0.3129 -0.9471 -0.016 -0.4957 -0.8684 0.0674 0.3122 -0.9476 0.1954 0.3064 -0.9316 0.3233 0.3084 -0.8946 0.4454 0.3067 -0.8412 0.5583 0.3065 -0.771 0.6592 0.3084 -0.6858 0.7485 0.3064 -0.5881 0.8246 0.3061 -0.4758 0.8795 0.3063 -0.3642 0.9241 0.3081 -0.2259 0.9311 0.3499 -0.103 0.9514 0.3063 0.0307 0.9372 0.3084 0.163 0.9057 0.3066 0.2926 0.8562 0.3066 0.4159 0.7898 0.3084 0.5301 0.7091 0.3064 0.635 0.6131 0.3084 0.7273 0.5058 0.3067 0.8063 0.3885 0.3065 0.869 0.2643 0.3084 0.9138 0.135 0.3064 0.9423 0.0022 0.3084 0.9513 -0.131 0.3065 0.9428 -0.2601 0.3084 0.915 -0.3847 0.3065 0.8707 -0.5023 0.3064 0.8086 -0.6098 0.3084 0.7301 -0.7064 0.3066 0.638 -0.7882 0.3065 0.5337 -0.854 0.3086 0.4188 -0.9045 0.3064 0.2966 -0.9364 0.3083 0.1673 -0.9512 0.3065 0.0349 -0.9306 0.3517 -0.1016 -0.8458 0.4573 -0.275 -0.8284 0.3054 -0.4695 -0.751 0.3065 -0.5848 -0.6624 0.3084 -0.6828 -0.5617 0.3065 -0.7685 -0.4491 0.3064 -0.8393 -0.3274 0.3084 -0.8931 -0.1995 0.3067 -0.9307 -0.0033 0.839 0.5441 -0.0786 0.838 0.54 -0.1531 0.839 0.5221 -0.2257 0.8377 0.4974 -0.2927 0.8377 0.4611 -0.3522 0.8391 0.4146 -0.4073 0.838 0.3631 -0.4539 0.838 0.3029 -0.4905 0.839 0.2356 -0.5206 0.8377 0.1651 -0.5364 0.839 0.0913 -0.5453 0.8381 0.0166 -0.8564 0.4858 -0.1751 -0.7946 0.4866 -0.363 -0.4695 0.839 -0.2749 -0.4283 0.838 -0.3381 -0.3756 0.839 -0.3936 -0.3179 0.8377 -0.4441 -0.253 0.8377 -0.484 -0.183 0.839 -0.5124 -0.1108 0.838 -0.5343 -0.0345 0.8391 -0.5429 0.0412 0.839 -0.5426 0.1173 0.8377 -0.5334 0.1892 0.839 -0.5102 0.2586 0.838 -0.4805 0.3229 0.838 -0.4398 0.3803 0.839 -0.3891 0.4327 0.8377 -0.3332 0.4728 0.839 -0.2692 0.507 0.838 -0.2019 0.5285 0.8391 -0.1287 0.5456 0.8377 0.023 0.5352 0.839 0.0977 0.5181 0.838 0.1712 0.4892 0.838 0.2416 0.4492 0.8391 0.3069 0.4033 0.8377 0.3683 0.3472 0.839 0.4189 0.2868 0.838 0.4642 0.2195 0.838 0.4996 0.1468 0.8391 0.5239 0.0722 0.8377 0.5414 -0.494 0.8677 -0.0549 0.4975 0.8661 -0.0483 -0.1469 0.8389 0.5242 -0.3883 0.8313 -0.3978 0.3174 0.8389 -0.4421 0.5382 0.8407 -0.0596 0.5366 0.8389 0.0913 0.5009 0.8313 0.241 -0.6866 0.1464 -0.7121 -0.7787 0.1441 -0.6106 -0.8564 0.1466 -0.4951 -0.9064 0.2111 -0.3658 -0.9486 0.2108 -0.2361 -0.5388 0.8407 -0.0535 -0.5438 0.8389 0.0221 -0.5468 0.8314 0.0993 -0.5166 0.8389 0.1713 -0.4983 0.8314 0.2462 -0.4494 0.8389 0.3071 -0.5834 -0.5388 -0.6077 -0.9722 0.2109 -0.1018 -0.6615 -0.5422 -0.5181 -0.9764 0.2135 0.0338 -0.491 -0.5425 -0.6817 -0.4045 -0.4942 -0.7696 0.5295 0.8313 0.1689 0.4625 0.8313 0.3084 0.6349 0.1465 0.7586 0.5174 0.2138 0.8286 0.4013 0.143 0.9047 0.1167 -0.494 0.8616 -0.0028 -0.488 0.8728 -0.2436 -0.4887 0.8377 0.415 0.8313 0.3697 0.3594 0.8314 0.4239 0.2912 0.8389 0.4599 0.269 0.2135 0.9392 0.1364 0.2109 0.9679 -0.0006 0.2133 0.977 -0.1218 -0.4938 0.861 -0.3447 -0.5426 0.766 -0.4642 -0.4941 0.7351 0.2286 0.8313 0.5066 -0.1381 0.2105 0.9678 -0.5632 -0.488 0.6668 -0.6463 -0.4947 0.581 0.153 0.8389 0.5223 0.0788 0.8389 0.5385 0.0031 0.8389 0.5442 -0.2699 0.2136 0.9389 -0.4029 0.1446 0.9038 -0.5174 0.2111 0.8293 -0.7254 -0.4881 0.4854 -0.7564 -0.5426 0.3653 -0.0727 0.8389 0.5394 -0.2235 0.8313 0.5088 -0.6284 0.2133 0.748 -0.7279 0.2105 0.6526 -0.8103 0.2136 0.5458 -0.8896 0.1446 0.4334 -0.8303 -0.5384 0.1441 -0.8646 -0.4933 -0.0953 -0.2858 0.8389 0.4632 -0.3474 0.8389 0.4189 -0.4024 0.8389 0.3665 -0.9294 0.2113 0.3027 -0.9743 0.1466 0.1707 -0.8718 -0.489 0.0279 -0.8426 -0.4939 -0.2147 -0.8044 -0.4941 -0.33 -0.7289 -0.5381 -0.4233 -0.1797 -0.4948 -0.8502 -0.5288 0.8389 -0.1286 -0.5059 0.8389 -0.2009 -0.4828 0.8313 -0.2753 -0.5811 0.1444 -0.8009 -0.4595 0.211 -0.8628 -0.2959 -0.488 -0.8212 -0.0567 -0.5392 -0.8403 0.0618 -0.5416 -0.8384 -0.4398 0.8313 -0.3398 -0.3289 0.8314 -0.4479 -0.3336 0.2133 -0.9183 -0.2012 0.2108 -0.9566 -0.0684 0.1466 -0.9868 0.0693 0.1444 -0.9871 0.2905 -0.538 -0.7913 0.3956 -0.5423 -0.7413 0.5146 -0.4893 -0.7041 -0.2583 0.8389 -0.4791 -0.1891 0.8389 -0.5104 -0.1164 0.8389 -0.5317 0.206 0.1444 -0.9678 0.3391 0.1465 -0.9293 0.4665 0.1442 -0.8727 0.6069 -0.4942 -0.6224 0.6882 -0.4934 -0.5319 -0.0417 0.8313 -0.5543 0.731 -0.5381 -0.4196 0.7788 -0.5433 -0.3135 0.0358 0.8313 -0.5547 0.1126 0.8313 -0.5443 0.1873 0.8313 -0.5233 0.5745 0.2135 -0.7902 0.6788 0.2109 -0.7034 0.77 0.2111 -0.6021 0.857 0.1466 -0.4941 0.8433 -0.4949 -0.2098 0.8649 -0.4938 -0.09 0.2584 0.8313 -0.492 0.3758 0.8389 -0.3937 0.9183 0.1441 -0.3687 0.949 0.2106 -0.2348 0.859 -0.4881 0.1547 0.7989 -0.5423 0.2603 0.754 -0.5435 0.3689 0.4269 0.8389 -0.3377 0.4799 0.8313 -0.2805 0.5142 0.8314 -0.2108 0.9724 0.2105 -0.1002 0.9763 0.2134 0.0347 0.962 0.2136 0.1703 0.9407 0.1443 0.3072 0.6975 -0.5381 0.4733 0.6222 -0.5423 0.5646 0.5273 0.8389 -0.1347 0.8886 0.1441 0.4354 0.5398 -0.5383 0.6472 0.4598 -0.4891 0.7412 0.544 0.8389 0.0159 0.8196 0.1465 0.5538 0.7352 0.1444 0.6623 0.3395 -0.5456 0.7662 0.238 -0.4882 0.8397 -0.8282 -0.4942 0.2644 0.1779 -0.5423 -0.8212 0.8718 -0.4887 0.0334 -0.0626 -0.5226 -0.8503 0.0544 -0.5418 -0.8387 0.1762 -0.5226 -0.8342 0.2867 -0.518 -0.8059 0.3909 -0.5436 -0.7427 0.4996 -0.5191 -0.6935 0.5904 -0.5203 -0.617 0.674 -0.5168 -0.5279 0.7376 -0.5181 -0.433 0.7883 -0.5244 -0.3219 0.8276 -0.5207 -0.2095 0.8501 -0.5183 -0.0928 0.8561 -0.5161 0.0287 0.8462 -0.5134 0.1429 0.8122 -0.522 0.2603 0.766 -0.5257 0.3699 0.7102 -0.5201 0.4745 0.6346 -0.5225 0.5695 0.5547 -0.518 0.6512 0.4562 -0.5177 0.7238 0.3493 -0.5253 0.776 0.2398 -0.5154 0.8227 0.1206 -0.5187 0.8464 -0.1137 -0.54 0.834 -0.2322 -0.5174 0.8236 -0.3424 -0.5236 0.7801 -0.4517 -0.5187 0.7259 -0.5469 -0.5133 0.6614 -0.6324 -0.5207 0.5735 -0.7084 -0.5154 0.4823 -0.7638 -0.5235 0.3775 -0.8126 -0.5187 0.2656 -0.8413 -0.518 0.1547 -0.8549 -0.5177 0.0333 -0.8511 -0.518 -0.0852 -0.83 -0.5198 -0.2022 -0.7932 -0.5187 -0.3189 -0.7438 -0.5181 -0.4223 -0.6742 -0.5221 -0.5223 -0.5955 -0.522 -0.6107 -0.5044 -0.5235 -0.6867 -0.4028 -0.5187 -0.7542 -0.2994 -0.5133 -0.8043 -0.1775 -0.5424 -0.8211 -0.1439 -0.0329 0.989 -0.2717 -0.2663 0.9248 -0.3973 -0.2666 0.8781 -0.5127 -0.2531 0.8204 -0.6294 -0.2529 0.7348 -0.7195 -0.2667 0.6412 -0.8027 -0.2637 0.5349 -0.8688 -0.2666 0.4173 -0.9201 -0.253 0.2989 -0.9544 -0.2529 0.1584 -0.9634 -0.2666 0.0287 -0.9587 -0.2637 -0.1063 -0.9338 -0.2666 -0.2388 -0.897 -0.253 -0.3625 -0.833 -0.2528 -0.4922 -0.7567 -0.2637 -0.5982 -0.6653 -0.2666 -0.6973 -0.5618 -0.2666 -0.7831 -0.4541 -0.2531 -0.8542 -0.3218 -0.2529 -0.9124 -0.2034 -0.0346 -0.9785 -0.062 -0.2644 -0.9624 0.34 -0.2528 -0.9058 0.4735 -0.033 -0.8802 0.5708 -0.2685 -0.7759 0.673 -0.2667 -0.6899 0.8427 -0.2528 -0.4753 0.8955 -0.2667 -0.3564 0.9363 -0.2667 -0.2284 0.9599 -0.2637 -0.0954 0.9511 -0.2528 0.1776 0.9157 -0.2637 0.3034 0.8635 -0.2688 0.4268 0.7966 -0.2637 0.5439 0.6144 -0.2528 0.7474 0.5065 -0.2667 0.82 0.3876 -0.2667 0.8824 0.2606 -0.2637 0.9287 -0.0096 -0.2528 0.9675 -0.0063 -0.9858 0.1677 0.0062 -0.5133 0.8582 -0.1297 0.2481 0.96 -0.0403 -0.9858 0.1632 0.005 -0.9999 -0.0138 0.0069 -0.9999 -0.013 0.01 -0.9999 -0.0104 0.0116 -0.9999 -0.009 0.0127 -0.9999 -0.0073 0.0137 -0.9999 -0.0055 0.0143 -0.9999 -0.0015 0.0147 -0.9999 0.0005 0.0144 -0.9999 0.0026 0.014 -0.9999 0.0046 0.012 -0.9999 0.0081 0.0109 -0.9999 0.0098 0.0094 -0.9999 0.0112 0.0078 -0.9999 0.0125 -0.0515 -0.9858 -0.1598 -0.2065 0.2478 -0.9466 -0.0179 -0.9858 -0.1672 -0.0052 -0.9883 -0.1522 0.0762 -0.0255 -0.9968 0.064 0.26 -0.9635 0.0276 -0.987 -0.1582 0.2017 -0.2528 -0.9463 0.0633 -0.9858 -0.1555 0.4503 0.2478 -0.8578 0.0937 -0.9858 -0.1396 -0.0094 -0.9999 0.0112 -0.011 -0.9999 0.0099 0.7627 -0.2503 -0.5963 -0.013 -0.9999 0.0063 -0.0139 -0.9999 0.0045 -0.0144 -0.9999 0.0025 -0.0147 -0.9999 0.0005 0.9669 -0.2531 0.0338 -0.014 -0.9999 -0.0035 -0.0136 -0.9999 -0.0055 -0.0127 -0.9999 -0.0073 -0.0116 -0.9999 -0.0091 0.7189 -0.2531 0.6474 -0.0085 -0.9999 -0.0117 -0.0069 -0.9999 -0.0129 -0.005 -0.9999 -0.0138 -0.0031 -0.9999 -0.0144 0.1346 -0.253 0.958</float_array><technique_common><accessor count="736" source="#eSeries_UR5e_078-mesh-slim-nrm-array" stride="3"><param type="float" name="X"/><param type="float" name="Y"/><param type="float" name="Z"/></accessor></technique_common></source><source id="eSeries_UR5e_078-mesh-slim-pos"><float_array count="2208" id="eSeries_UR5e_078-mesh-slim-pos-array">-46.48612 63.09098 -11.97382 -45.54956 63.09253 -15.20002 -44.42297 63.09098 -18.33079 -43.04652 63.09253 -21.39526 -41.50428 63.09105 -24.32182 -37.74395 63.09099 -29.89996 -35.59191 63.09253 -32.44717 -33.28932 63.09098 -34.84905 -0.633961 63.09795 -48.28629 -30.78544 63.09253 -37.08873 -28.15118 63.09253 -39.14684 -25.37977 63.09253 -41.01618 -22.48471 63.09253 -42.68764 -19.4801 63.09253 -44.15309 -16.4175 63.09105 -45.40364 -9.951396 63.09099 -47.25964 -6.665505 63.09253 -47.82761 -3.34089 63.09253 -48.17705 3.340894 63.09253 -48.17705 6.66551 63.09253 -47.82761 9.957653 63.09253 -47.24712 13.20128 63.09253 -46.43839 16.3512 63.09105 -45.42777 22.49756 63.09099 -42.69321 25.37977 63.09253 -41.01618 28.15118 63.09253 -39.14684 30.78545 63.09253 -37.08873 33.26622 63.09098 -34.87136 35.59192 63.09253 -32.44717 37.74071 63.09253 -29.88634 39.70564 63.09253 -27.18185 41.469 63.09105 -24.38295 44.41963 63.09099 -18.33736 45.54957 63.09253 -15.20002 46.47837 63.09098 -12.00496 -43.04991 63.09098 20.61462 -44.40621 63.09253 17.54121 -45.55562 63.09098 14.41875 -46.471 63.09253 11.18646 -47.17073 63.09104 7.953247 -47.87571 63.09099 1.263044 -47.86447 63.09253 -2.071528 -47.64448 63.09098 -5.391562 -47.16603 63.09253 -8.71671 -19.4801 63.09253 43.35296 -22.48471 63.09253 41.88751 -25.37977 63.09253 40.21605 -28.15118 63.09253 38.34671 -30.76548 63.09104 36.3197 -35.60591 63.09099 31.64786 -37.74071 63.09253 29.08621 -39.70625 63.09098 26.40152 -41.47711 63.09253 23.54676 47.16604 63.09253 -8.71671 47.64113 63.09098 -5.423496 47.86448 63.09253 -2.071528 47.87661 63.09098 1.25577 47.63129 63.09253 4.606185 47.18299 63.09104 7.883754 45.55728 63.09099 14.41158 44.40622 63.09253 17.54121 43.04653 63.09253 20.59513 41.47712 63.09253 23.54676 39.72422 63.09098 26.37489 37.74071 63.09253 29.08621 35.59192 63.09253 31.64704 33.26973 63.09253 34.05174 30.81954 63.09104 36.27434 25.37814 63.09099 40.22997 22.48471 63.09253 41.88751 19.48011 63.09253 43.35296 16.38059 63.09253 44.60524 13.21991 63.09098 45.64497 9.957653 63.09253 46.44699 6.66551 63.09253 47.02748 3.340894 63.09253 47.37692 0.035288 63.09105 47.50458 -6.675662 63.09099 47.03711 -9.957649 63.09253 46.44699 -13.20128 63.09253 45.63826 -16.38059 63.09253 44.60524 -13.19501 63.12939 45.64992 -19.47552 63.12939 43.36537 -25.37695 63.12939 40.22899 -28.16423 63.12939 -39.14907 -22.49732 63.12939 -42.69167 -3.352207 63.1277 -48.18579 3.332326 63.12939 -48.18714 9.950589 63.12939 -47.25831 28.14928 63.12939 -39.15994 37.74249 63.12939 -29.89946 43.0591 63.12939 20.59098 35.60514 63.12939 31.64652 19.4924 63.12939 43.35786 6.67598 63.12939 47.03558 -0.007221 63.2676 47.46067 -6.669727 63.26881 46.99278 -13.20064 63.26881 45.6033 -19.47459 63.26882 43.31843 -35.57284 63.26882 31.61774 -39.68267 63.26882 26.35535 -43.0201 63.2676 20.57421 -45.51893 63.26913 14.38436 -47.13487 63.2676 7.903752 -47.83102 63.26882 1.261208 -47.59674 63.26881 -5.411751 -46.4373 63.2676 -11.98564 -37.70853 63.26882 -29.87264 -33.24164 63.2676 -34.83321 -28.12693 63.26914 -39.12251 -22.4641 63.26913 -42.66017 -16.36255 63.26759 -45.37691 -9.941796 63.26881 -47.21596 -3.327272 63.27955 -48.13543 3.352224 63.27959 -48.13374 22.47681 63.26881 -42.65358 28.13767 63.2676 -39.11596 33.24997 63.26914 -34.82378 37.71723 63.26914 -29.86127 41.45223 63.2676 -24.32416 44.37828 63.26881 -18.32033 46.44041 63.26882 -11.96966 47.5993 63.2676 -5.395676 45.51466 63.26881 14.39802 43.01377 63.2676 20.58719 39.67454 63.26914 26.36715 35.56316 63.26914 31.62828 30.75876 63.2676 36.26802 25.35422 63.26881 40.19218 19.45812 63.26882 43.32577 13.18527 63.26759 45.60861 -25.36844 63.2676 40.18431 -30.76981 63.2676 36.25874 -44.37276 63.26914 -18.33355 -41.44499 63.2676 -24.33669 9.95577 63.26913 -47.21284 2e-06 63.31567 -48.20006 16.37612 63.26759 -45.37197 47.83037 63.26914 1.27553 47.13236 63.2676 7.917981 6.655538 63.26913 46.99463 3.322472 63.38281 -48.00306 -3.339656 63.43664 -47.9509 -9.925589 63.41669 -47.0413 -16.3162 63.41889 -45.20616 -28.03071 63.41621 -38.97748 -33.12987 63.41888 -34.69607 -37.58385 63.41669 -29.74928 -41.29973 63.41889 -24.23568 -46.26984 63.41888 -11.92858 -47.42593 63.41495 -5.379174 -47.64497 63.43127 1.273426 -46.95867 63.41889 7.88774 -45.35127 63.4162 14.33765 -42.85514 63.41889 20.51025 -39.53087 63.41495 26.27051 -35.43133 63.41889 31.51272 -30.64513 63.41889 36.13322 -25.26244 63.41889 40.04266 -19.39084 63.41495 43.16604 -13.13629 63.41889 45.43924 -6.625223 63.4167 46.8231 0.007628 63.41889 47.28436 6.63864 63.41622 46.82139 13.15093 63.4189 45.43504 19.40707 63.44034 43.13619 25.27926 63.41669 40.0336 30.6568 63.41889 36.12342 35.43887 63.41621 31.50644 39.53451 63.4162 26.26379 42.86182 63.41889 20.49657 45.3553 63.41669 14.32472 46.96132 63.41888 7.87276 47.65686 63.41621 1.262057 47.41218 63.43128 -5.393026 46.26643 63.41669 -11.94738 44.20909 63.41669 -18.27403 41.29211 63.4189 -24.24888 37.57567 63.41621 -29.76003 33.12386 63.4162 -34.70384 28.02205 63.41889 -38.98205 22.37696 63.41669 -42.50937 16.30187 63.41889 -45.21137 9.912408 63.41621 -47.04428 3.323531 63.47328 -47.94171 -7e-05 63.539 47.24866 -6.631588 63.52247 46.78668 -13.13415 63.52247 45.40453 -19.38056 63.539 43.12918 -25.25083 63.52246 40.00987 -30.62907 63.52248 36.10236 -35.41115 63.52247 31.48438 -39.50399 63.52247 26.2458 -42.82792 63.52247 20.4886 -45.31665 63.539 14.32412 -46.92654 63.52246 7.874425 -47.38769 63.539 -5.380789 -46.23333 63.53899 -11.92741 -44.1791 63.539 -18.24967 -42.78255 63.42392 -21.5456 -37.54765 63.53901 -29.73562 -33.09954 63.53898 -34.67573 -28.00716 63.539 -38.94874 -22.36965 63.53901 -42.47143 -19.1801 63.4242 -44.09897 -9.906647 63.539 -47.00757 9.907019 63.52247 -47.00927 16.2969 63.539 -45.17519 22.3698 63.539 -42.47135 28.00728 63.539 -38.94865 33.09965 63.53899 -34.67563 37.54776 63.539 -29.73549 41.26506 63.539 -24.22435 44.17916 63.53901 -18.24952 46.23338 63.53899 -11.92726 47.62145 63.52247 1.26284 46.92657 63.52247 7.874279 45.31832 63.52246 14.32466 42.82636 63.539 20.48784 39.50254 63.539 26.24484 35.41126 63.52247 31.48427 30.6292 63.52248 36.10226 25.25097 63.52247 40.00979 13.13371 63.53899 45.40285 6.631335 63.53901 46.78496 -47.62837 63.60565 1.260524 47.39652 63.60565 -5.379003 -3.322702 63.62033 -47.9502 3.327327 63.62033 -47.94988 19.38544 63.62032 43.14601 -6.636931 63.63424 46.81125 -13.14291 63.63426 45.42812 -25.26573 63.63425 40.03013 -30.64664 63.63425 36.12036 -35.43103 63.63424 31.49977 -39.52582 63.63425 26.25827 -42.8513 63.63426 20.49789 -46.95156 63.63425 7.876929 -41.28733 63.63425 -24.2394 -16.30429 63.63425 -45.20105 9.914068 63.63425 -47.03342 47.64645 63.63425 1.265616 46.95094 63.63424 7.880485 45.34159 63.63425 14.3342 35.42863 63.63424 31.50244 30.64387 63.63425 36.12269 25.26266 63.63425 40.03205 -0.010273 63.68909 47.31464 -19.4167 63.68908 43.18531 -45.38256 63.68909 14.33482 -47.45224 63.68909 -5.397819 -46.29489 63.68909 -11.95326 -44.23645 63.68909 -18.28384 -37.59337 63.68909 -29.78428 -33.13802 63.68909 -34.73029 -28.03769 63.68909 -39.00811 -22.39163 63.68908 -42.53446 -9.910392 63.68908 -47.07423 16.32906 63.68909 -45.23371 22.40977 63.68908 -42.52482 28.05432 63.68909 -38.99603 33.15281 63.68909 -34.71602 37.60604 63.68909 -29.76807 41.32728 63.68909 -24.24853 44.24416 63.68909 -18.26479 46.29986 63.68909 -11.93334 42.88119 63.68908 20.52592 39.55154 63.68908 26.29018 13.14207 63.68908 45.46909 6.630424 63.68909 46.85172 -6.652454 63.71242 46.89361 -13.16973 63.71243 45.50752 -25.31339 63.71242 40.09907 -30.70344 63.71242 36.18198 -35.49587 63.71242 31.55288 -39.5974 63.71242 26.30185 -42.92826 63.71243 20.53108 -47.03468 63.71242 7.887643 -47.73038 63.71243 1.260986 -41.35787 63.71242 -24.28464 -16.32927 63.71243 -45.28105 -3.32582 63.71242 -48.04339 3.33721 63.71242 -48.04259 9.935285 63.71242 -47.11449 47.49824 63.71242 -5.386587 47.72998 63.71243 1.272423 47.03271 63.71242 7.898861 45.42 63.71242 14.3638 35.48823 63.71242 31.56136 30.69469 63.71242 36.18933 25.30372 63.71242 40.10512 19.42024 63.71242 43.23252 -0.000734 63.73785 47.49514 -6.658689 63.74497 47.06278 -13.2024 63.73785 45.63956 -19.48328 63.74497 43.38877 -25.3879 63.74497 40.25107 -30.78701 63.73785 36.28931 -35.60938 63.74497 31.67846 -39.70732 63.73785 26.382 -43.07197 63.74497 20.62051 -45.5783 63.74497 14.42148 -47.16769 63.73785 7.916143 -47.89805 63.74497 1.284249 -47.65564 63.74218 -5.39981 -46.50681 63.74497 -11.98352 -44.40739 63.73785 -18.34259 -41.47809 63.73785 -24.34831 -37.77468 63.74497 -29.89809 -33.27027 63.73785 -34.85351 -28.1806 63.74497 -39.1675 -22.51097 63.74497 -42.7122 -16.38043 63.73785 -45.40708 -9.976128 63.74497 -47.27795 -3.354874 63.74497 -48.21015 3.331617 63.74497 -48.21178 9.953313 63.74497 -47.28281 16.3818 63.73785 -45.40658 22.49038 63.74497 -42.72314 28.16173 63.74497 -39.18121 33.27133 63.73785 -34.85249 37.76032 63.74497 -29.91647 41.47883 63.73785 -24.34704 44.43339 63.74497 -18.36488 46.50118 63.74497 -12.00613 47.63291 63.73785 -5.405748 47.89886 63.74497 1.260954 47.16744 63.73785 7.917583 45.58552 63.74497 14.39929 43.08221 63.74497 20.59955 39.70652 63.73785 26.3832 35.62498 63.74497 31.66114 30.7859 63.73785 36.29025 25.40768 63.74497 40.23871 19.50459 63.74497 43.37928 13.20101 63.73785 45.63996 6.681777 63.74497 47.05954 0.001841 63.80527 47.5888 -6.683666 63.84003 47.12981 -13.22575 63.80527 45.7303 -19.51972 63.83986 43.44898 -39.78354 63.80527 26.4365 -35.6716 63.84003 31.71375 -43.13859 63.83985 20.64321 -45.64742 63.83985 14.43472 -47.25948 63.80526 7.934924 -47.96839 63.84003 1.271288 -47.73232 63.82954 -5.423493 -46.57087 63.84003 -12.01534 -33.33719 63.80527 -34.91908 -37.82025 63.84004 -29.95323 -28.21453 63.83986 -39.22916 -22.53598 63.83986 -42.77798 -16.41489 63.80527 -45.49422 -9.975587 63.84003 -47.34949 -3.344233 63.84687 -48.28241 3.350952 63.84671 -48.28186 22.53677 63.84003 -42.77759 28.21525 63.84003 -39.22867 33.33455 63.80527 -34.92164 37.82078 63.83987 -29.95252 41.55865 63.80527 -24.3961 45.79067 63.95302 -15.28017 47.72579 63.80527 -5.418091 45.64719 63.84003 14.43554 43.13824 63.84001 20.64401 39.78561 63.80527 26.43344 35.671 63.83985 31.71439 30.84806 63.80527 36.36035 25.43164 63.84003 40.30611 13.2293 63.80527 45.72929 19.51894 63.84003 43.44935 -25.43235 63.83986 40.30563 -30.84523 63.80527 36.36272 -44.49519 63.80527 -18.37529 -41.56049 63.80527 -24.3929 9.976436 63.83985 -47.34928 16.41143 63.80527 -45.49548 47.96834 63.83985 1.272155 47.26013 63.80527 7.931294 6.682805 63.83986 47.12991 -3.349355 75.7469 -48.27986 -1.116061 63.9684 -48.51496 3.348114 75.74679 -48.27999 9.975592 75.745 -47.34949 16.41592 75.7468 -45.50234 22.53599 75.74517 -42.77798 28.21453 75.74517 -39.22916 33.34144 75.74681 -34.92608 37.82026 75.74499 -29.95323 41.56651 75.74681 -24.39846 44.50356 75.74516 -18.37759 46.57114 75.74681 -12.01152 47.73233 75.75549 -5.423484 47.9684 75.745 1.271285 47.26766 75.74681 7.934526 45.64743 75.74517 14.4347 43.13859 75.74518 20.64322 39.79118 75.74681 26.43945 35.6716 75.745 31.71376 30.85176 75.74681 36.36767 25.43236 75.74517 40.30563 19.51972 75.74517 43.44898 13.22969 75.74681 45.73748 6.683672 75.74499 47.12981 -3.2e-05 75.74681 47.59678 -6.682796 75.74517 47.12991 -13.22975 75.74681 45.73746 -19.51893 75.745 43.44936 -25.43164 75.74499 40.30611 -30.8518 75.74681 36.36764 -35.671 75.74517 31.71438 -39.79331 75.74518 26.43741 -43.13928 75.74681 20.64034 -45.64718 75.745 14.43554 -47.26766 75.74681 7.934464 -47.96834 75.74517 1.272158 -47.73187 75.75772 -5.417075 -45.79118 75.63529 -15.27728 -41.56647 75.74681 -24.39852 -37.82077 75.74516 -29.95252 -33.34139 75.7468 -34.92612 -28.21525 75.74499 -39.22867 -22.53676 75.745 -42.7776 -16.41587 75.7468 -45.50236 -9.976432 75.74517 -47.34928 -0.014068 75.84027 47.52785 -6.684203 75.84027 47.05946 -13.22427 75.84027 45.66732 -19.50689 75.84027 43.37855 -25.40987 75.84027 40.23765 -30.81826 75.84027 36.30579 -35.62678 75.84027 31.65952 -39.74191 75.84027 26.38921 -43.08349 75.84027 20.59751 -45.58651 75.84027 14.39707 -47.20223 75.84027 7.908668 -47.89921 75.84027 1.258534 -46.50085 75.84027 -12.00854 -44.43272 75.84027 -18.36722 -41.49975 75.84027 -24.37622 -37.75904 75.84027 -29.91853 -33.28339 75.84027 -34.8863 -28.15993 75.84027 -39.18284 -22.48837 75.84027 -42.72451 -16.37908 75.84027 -45.44239 -9.951017 75.84027 -47.28356 -3.329213 75.84027 -48.21221 3.357304 75.84027 -48.21025 9.978539 75.84027 -47.27771 16.40555 75.84027 -45.43276 22.51323 75.84027 -42.71129 28.18271 75.84027 -39.1663 33.30366 75.84027 -34.86674 37.77638 75.84027 -29.89635 41.51385 75.84027 -24.35181 44.44327 75.84027 -18.34112 46.50765 75.84027 -11.98125 47.89823 75.84027 1.286661 47.19734 75.84027 7.936393 45.57781 75.84027 14.42387 43.07116 75.84027 20.62279 39.72616 75.84027 26.41256 35.60797 75.84027 31.68043 30.79668 75.84027 36.3239 25.38599 75.84027 40.25257 19.48118 75.84027 43.38999 13.1972 75.84027 45.67508 6.656341 75.84027 47.06338 -47.65324 75.84347 -5.421947 47.65601 75.84347 -5.395589 -13.14103 75.87562 45.49778 -33.17818 75.87562 -34.72946 28.04653 75.87561 -39.03544 47.47847 75.87561 -5.409568 47.02004 75.87561 7.871352 42.91864 75.87562 20.51141 -33.09939 76.02917 -34.67475 -37.54738 76.02917 -29.73465 -41.26456 76.02916 -24.22358 -44.18273 76.01295 -18.25045 -46.23704 76.01295 -11.92769 -47.48248 75.87561 -5.371369 -47.71224 75.87562 1.285274 -47.01336 75.87561 7.90915 -45.39942 75.87561 14.37128 -42.90182 75.87562 20.5459 -39.56918 75.87562 26.31283 -33.11891 76.16617 -34.70669 -47.39141 76.01293 -5.380548 -37.57566 76.16886 -29.76006 -47.62335 76.01294 1.26353 -28.01968 76.16836 -38.98532 -22.36791 76.15692 -42.50286 45.41128 75.87561 14.33478 39.59065 75.87562 26.28102 30.62788 76.02916 36.10003 25.25239 76.01294 40.01117 19.38062 76.02917 43.12826 6.618955 76.15691 46.81388 -0.009705 76.15377 47.27429 -13.15015 76.15377 45.42479 35.49206 75.87561 31.53132 30.70267 75.87561 36.1601 25.31568 75.87561 40.07728 13.1353 76.01296 45.40621 6.632483 76.01294 46.7885 0.000548 76.01294 47.25233 -6.636399 76.15739 46.81153 -19.40599 76.16838 43.15831 -25.27813 76.15692 40.0225 19.43595 75.87562 43.20662 -6.631383 76.01293 46.78866 -30.65192 76.15377 36.11437 -35.4308 76.1574 31.50032 13.17791 75.87562 45.48721 6.663416 75.87561 46.87465 0.019174 75.87561 47.34194 -13.13425 76.01296 45.4065 -19.37969 76.02917 43.12868 -25.25145 76.01294 40.01175 -39.52926 76.15377 26.25105 -42.86463 76.16837 20.49366 -6.625376 75.87562 46.87999 -19.40089 75.87561 43.22223 -30.62995 76.01294 36.10414 -35.41226 76.01294 31.48602 -39.50532 76.01295 26.24727 -42.82544 76.02917 20.48786 -46.96133 76.16616 7.872746 -47.41276 76.15692 -5.399814 -25.28314 75.87561 40.09762 -30.67328 75.87561 36.18476 -35.46638 75.87561 31.55983 -45.31995 76.01294 14.32586 -46.92395 76.02915 7.874411 -47.64564 76.15377 1.254041 -46.25552 76.15692 -11.94973 -44.19795 76.15692 -18.27486 -41.29211 76.16616 -24.2489 -9.911128 76.1574 -47.03424 -46.32851 75.87561 -11.93127 -44.2728 75.87561 -18.26675 -41.35538 75.87561 -24.25445 -28.00715 76.02917 -38.94774 -22.37193 76.01296 -42.47437 -16.29647 76.15377 -45.20262 -3.318686 76.16617 -47.96889 3.337813 76.16838 -47.96879 -37.63302 75.87561 -29.77786 -28.07756 75.87562 -39.01289 -16.2986 76.01295 -45.17848 -9.908014 76.01295 -47.01103 -3.324258 76.02917 -47.93188 3.323237 76.02916 -47.93195 16.31621 76.16616 -45.20617 22.38899 76.16886 -42.50319 28.03014 76.15377 -38.96372 -22.43046 75.87562 -42.54474 -16.34676 75.87562 -45.25631 -9.944883 75.87561 -47.09481 9.906057 76.02917 -47.00687 16.29608 76.02916 -45.17463 22.3689 76.02917 -42.47092 33.13007 76.15692 -34.68368 37.57901 76.15692 -29.73922 -3.349459 75.87561 -48.02444 41.29975 76.16616 -24.23567 44.21434 76.16886 -18.26156 3.311174 75.87561 -48.02711 9.907342 75.87561 -47.10279 16.31069 75.87562 -45.26944 28.00894 76.01296 -38.95198 33.10174 76.01294 -34.67872 37.55027 76.01295 -29.73824 41.26406 76.02916 -24.22447 46.25988 76.1574 -11.93268 47.41471 76.1574 -5.382301 22.39657 75.87562 -42.56276 33.15058 75.87562 -34.75611 44.17819 76.02917 -18.24976 46.23678 76.01296 -11.92875 46.94839 76.15377 7.888066 45.35129 76.16886 14.33766 42.85884 76.16886 20.50592 37.60941 75.87561 -29.80809 41.3362 75.87561 -24.28769 44.25843 75.87562 -18.30233 47.3913 76.01293 -5.381653 47.62339 76.01294 1.262426 46.92855 76.01294 7.874153 45.31602 76.02916 14.32347 39.52793 76.16617 26.27107 35.4297 76.16837 31.5164 46.31923 75.87562 -11.96851 42.82589 76.02917 20.48696 30.64513 76.16616 36.13323 25.25533 76.15377 40.03522 47.7136 75.87562 1.246936 39.5022 76.02917 26.2439 35.40965 76.02916 31.48224 19.39084 76.17012 43.16607 13.13151 76.15377 45.43014 -45.3473 76.15692 14.31694 9.925614 76.16838 -47.04132 47.64497 76.15377 1.273434 -3.343624 76.31597 -48.14291 3.33149 76.31752 -48.14477 9.941791 76.31629 -47.21602 16.36266 76.31752 -45.37693 22.46298 76.31751 -42.66198 28.12566 76.3152 -39.12278 33.24251 76.31596 -34.83106 37.71042 76.3175 -29.87173 41.44509 76.3175 -24.33664 44.3729 76.31597 -18.3334 46.4369 76.31597 -11.98337 47.59786 76.31751 -5.409976 47.83109 76.31628 1.261189 47.13491 76.31751 7.903847 45.52053 76.31752 14.38295 43.0184 76.3152 20.57418 39.68239 76.3175 26.35742 35.5729 76.31628 31.61777 30.7698 76.31751 36.25883 25.36616 76.31597 40.18462 19.47101 76.31597 43.31994 13.19908 76.31751 45.60471 6.669762 76.31629 46.99284 -6.653859 76.31751 46.99594 -13.1833 76.31629 45.60834 -19.45812 76.31629 43.32583 -25.35423 76.31629 40.19224 -30.75885 76.31751 36.26801 -35.56332 76.31597 31.62818 -39.67439 76.31751 26.36927 -43.01225 76.31629 20.58847 -45.5147 76.31629 14.39807 -47.13243 76.31751 7.917897 -47.83044 76.31597 1.275348 -47.59934 76.31751 -5.395776 -46.44046 76.31629 -11.96966 -44.37833 76.31628 -18.32033 -41.45222 76.3175 -24.32427 -37.7192 76.3175 -29.86049 -33.25279 76.31628 -34.82133 -28.13867 76.31628 -39.11424 -22.47686 76.31629 -42.65363 -16.37606 76.31752 -45.37205 -9.955599 76.31597 -47.21294 -6.675971 76.45564 47.03559 -13.21991 76.49404 45.64497 -19.49948 76.49404 43.35702 -25.37814 76.49404 40.22997 -30.81954 76.49398 36.27434 -35.61126 76.49404 31.64287 -39.72422 76.49404 26.37488 -43.06397 76.49404 20.58578 -45.55727 76.49404 14.41158 -47.18299 76.49398 7.883746 -47.8766 76.49404 1.255769 -47.64112 76.49404 -5.423509 -46.47836 76.49404 -12.00496 -44.41962 76.49404 -18.33736 -41.46899 76.49398 -24.38295 -37.73995 76.49404 -29.90613 -33.26622 76.49404 -34.87136 -28.145 76.49404 -39.16565 -22.49756 76.49404 -42.69321 -16.3512 76.49398 -45.42777 -9.95059 76.45564 -47.25831 -3.325673 76.49404 -48.18972 16.4175 76.49398 -45.40364 22.49732 76.45564 -42.69167 28.17098 76.49404 -39.14678 33.28933 76.49404 -34.84905 41.50428 76.49398 -24.32183 44.42298 76.49404 -18.33078 46.48613 76.49404 -11.97383 47.64448 76.49404 -5.391568 47.17074 76.49398 7.953237 45.55563 76.49404 14.41873 43.04991 76.49404 20.61463 39.70626 76.49404 26.40152 30.76548 76.49398 36.3197 25.3723 76.49404 40.23438 19.47016 76.49404 43.37007 13.18904 76.49404 45.65383 -0.03528 76.49398 47.50458 -3.34089 76.4925 47.37692 0.007132 76.31751 47.46072 -6.665505 76.4925 47.02748 -9.957649 76.4925 46.44699 -16.38059 76.4925 44.60524 -22.48471 76.4925 41.88751 -33.26972 76.4925 34.05174 -37.74071 76.4925 29.08621 -41.47711 76.4925 23.54676 -44.40621 76.4925 17.54121 -47.63128 76.4925 4.606185 -47.86447 76.4925 -2.071528 -47.16603 76.4925 -8.71671 -45.54956 76.4925 -15.20002 -39.70563 76.4925 -27.18185 -35.59191 76.4925 -32.44717 -30.78544 76.4925 -37.08873 -25.37977 76.4925 -41.01618 -13.20128 76.4925 -46.43839 -9.957649 76.4925 -47.24712 -6.665505 76.4925 -47.82761 0.633964 76.48707 -48.28629 3.352211 76.45733 -48.18579 3.340894 76.4925 -48.17705 6.66551 76.4925 -47.82761 9.951402 76.49404 -47.25964 19.48011 76.4925 -44.15309 22.48471 76.4925 -42.68764 25.37977 76.4925 -41.01618 30.78545 76.4925 -37.08873 35.59192 76.4925 -32.44717 37.74396 76.49404 -29.89996 43.04653 76.4925 -21.39526 45.54957 76.4925 -15.20002 47.16604 76.4925 -8.71671 47.86448 76.4925 -2.071528 47.87572 76.49404 1.263035 46.47101 76.4925 11.18646 44.40622 76.4925 17.54121 41.47712 76.4925 23.54676 37.74071 76.4925 29.08621 35.60592 76.49404 31.64785 28.15118 76.4925 38.34671 22.48471 76.4925 41.88751 16.38059 76.4925 44.60524 9.957653 76.4925 46.44699 6.675668 76.49404 47.03711</float_array><technique_common><accessor count="736" source="#eSeries_UR5e_078-mesh-slim-pos-array" stride="3"><param type="float" name="X"/><param type="float" name="Y"/><param type="float" name="Z"/></accessor></technique_common></source><vertices id="eSeries_UR5e_078-mesh-slim-pos-vertices">
          <input semantic="POSITION" source="#eSeries_UR5e_078-mesh-slim-pos"/>
        </vertices>
        <triangles count="1310" material="Black-material"><input offset="0" semantic="VERTEX" source="#eSeries_UR5e_078-mesh-slim-pos-vertices"/><input offset="1" semantic="NORMAL" source="#eSeries_UR5e_078-mesh-slim-nrm"/><p>81 81 79 79 78 78 82 82 44 44 80 80 79 79 81 81 80 80 83 83 46 46 45 45 44 44 82 82 45 45 46 46 83 83 47 47 84 84 10 10 9 9 85 85 12 12 11 11 10 10 84 84 11 11 12 12 85 85 13 13 86 86 8 8 17 17 86 86 17 17 16 16 87 87 18 18 8 8 88 88 20 20 19 19 18 18 87 87 19 19 20 20 88 88 21 21 89 89 25 25 24 24 90 90 29 29 28 28 29 29 90 90 30 30 91 91 61 61 60 60 92 92 65 65 64 64 65 65 92 92 66 66 93 93 70 70 69 69 70 70 93 93 71 71 94 94 74 74 73 73 74 74 94 94 75 75 77 77 76 76 95 95 77 77 95 95 96 96 80 80 81 81 82 82 82 82 81 81 97 97 82 82 97 97 98 98 50 50 49 49 51 51 51 51 49 49 99 99 51 51 99 99 100 100 36 36 35 35 37 37 37 37 35 35 101 101 37 37 101 101 102 102 38 38 37 37 39 39 39 39 37 37 102 102 39 39 102 102 103 103 40 40 39 39 103 103 40 40 103 103 104 104 43 43 42 42 0 0 0 0 42 42 105 105 0 0 105 105 106 106 6 6 5 5 7 7 7 7 5 5 107 107 7 7 107 107 108 108 11 11 84 84 85 85 85 85 84 84 109 109 85 85 109 109 110 110 13 13 85 85 14 14 14 14 85 85 110 110 14 14 110 110 111 111 15 15 14 14 111 111 15 15 111 111 112 112 8 8 86 86 87 87 87 87 86 86 113 113 87 87 113 113 114 114 24 24 23 23 89 89 89 89 23 23 115 115 89 89 115 115 116 116 28 28 27 27 90 90 90 90 27 27 117 117 90 90 117 117 118 118 30 30 90 90 31 31 31 31 90 90 118 118 31 31 118 118 119 119 32 32 31 31 119 119 32 32 119 119 120 120 53 53 34 34 54 54 54 54 34 34 121 121 54 54 121 121 122 122 60 60 59 59 91 91 91 91 59 59 123 123 91 91 123 123 124 124 64 64 63 63 92 92 92 92 63 63 125 125 92 92 125 125 126 126 66 66 92 92 67 67 67 67 92 92 126 126 67 67 126 126 127 127 68 68 67 67 127 127 68 68 127 127 128 128 71 71 93 93 72 72 72 72 93 93 129 129 72 72 129 129 130 130 96 96 97 97 81 81 96 96 81 81 77 77 77 77 81 81 78 78 45 45 82 82 83 83 83 83 82 82 98 98 83 83 98 98 131 131 47 47 83 83 48 48 48 48 83 83 131 131 48 48 131 131 132 132 132 132 99 99 49 49 132 132 49 49 48 48 100 100 101 101 35 35 100 100 35 35 51 51 51 51 35 35 52 52 104 104 105 105 42 42 104 104 42 42 40 40 40 40 42 42 41 41 1 1 0 0 2 2 2 2 0 0 106 106 2 2 106 106 133 133 3 3 2 2 4 4 4 4 2 2 133 133 4 4 133 133 134 134 134 134 107 107 5 5 134 134 5 5 4 4 108 108 109 109 84 84 108 108 84 84 7 7 7 7 84 84 9 9 112 112 113 113 86 86 112 112 86 86 15 15 15 15 86 86 16 16 19 19 87 87 88 88 88 88 87 87 114 114 88 88 114 114 135 135 113 113 136 136 114 114 21 21 88 88 22 22 22 22 88 88 135 135 22 22 135 135 137 137 137 137 115 115 23 23 137 137 23 23 22 22 116 116 117 117 27 27 116 116 27 27 89 89 89 89 27 27 26 26 89 89 26 26 25 25 120 120 121 121 34 34 120 120 34 34 32 32 32 32 34 34 33 33 55 55 54 54 56 56 56 56 54 54 122 122 56 56 122 122 138 138 57 57 56 56 58 58 58 58 56 56 138 138 58 58 138 138 139 139 139 139 123 123 59 59 139 139 59 59 58 58 124 124 125 125 63 63 124 124 63 63 91 91 91 91 63 63 62 62 91 91 62 62 61 61 128 128 129 129 93 93 128 128 93 93 68 68 68 68 93 93 69 69 73 73 72 72 94 94 94 94 72 72 130 130 94 94 130 130 140 140 75 75 94 94 76 76 76 76 94 94 140 140 76 76 140 140 95 95 141 141 136 136 142 142 142 142 136 136 113 113 142 142 113 113 143 143 143 143 113 113 112 112 143 143 112 112 144 144 144 144 112 112 111 111 144 144 111 111 204 204 204 204 111 111 110 110 204 204 110 110 145 145 145 145 110 110 109 109 145 145 109 109 146 146 146 146 109 109 108 108 146 146 108 108 147 147 147 147 108 108 107 107 147 147 107 107 148 148 148 148 107 107 134 134 148 148 134 134 199 199 199 199 134 134 133 133 199 199 133 133 149 149 149 149 133 133 106 106 149 149 106 106 150 150 150 150 106 106 105 105 150 150 105 105 104 104 150 150 104 104 151 151 151 151 104 104 152 152 152 152 104 104 103 103 152 152 103 103 153 153 153 153 103 103 102 102 153 153 102 102 154 154 154 154 102 102 101 101 154 154 101 101 155 155 155 155 101 101 100 100 155 155 100 100 99 99 155 155 99 99 156 156 156 156 99 99 157 157 157 157 99 99 132 132 157 157 132 132 158 158 158 158 132 132 131 131 158 158 131 131 159 159 159 159 131 131 98 98 159 159 98 98 97 97 159 159 97 97 160 160 160 160 97 97 161 161 161 161 97 97 96 96 161 161 96 96 162 162 162 162 96 96 95 95 162 162 95 95 163 163 163 163 95 95 140 140 163 163 140 140 164 164 164 164 140 140 130 130 164 164 130 130 165 165 165 165 130 130 129 129 165 165 129 129 166 166 166 166 129 129 128 128 166 166 128 128 167 167 167 167 128 128 127 127 167 167 127 127 168 168 168 168 127 127 126 126 168 168 126 126 169 169 169 169 126 126 125 125 169 169 125 125 170 170 170 170 125 125 124 124 170 170 124 124 171 171 171 171 124 124 123 123 171 171 123 123 172 172 172 172 123 123 139 139 172 172 139 139 173 173 173 173 139 139 138 138 173 173 138 138 174 174 174 174 138 138 122 122 174 174 122 122 175 175 175 175 122 122 121 121 175 175 121 121 176 176 176 176 121 121 120 120 176 176 120 120 177 177 177 177 120 120 119 119 177 177 119 119 178 178 178 178 119 119 118 118 178 178 118 118 179 179 179 179 118 118 117 117 179 179 117 117 180 180 180 180 117 117 116 116 180 180 116 116 181 181 181 181 116 116 115 115 181 181 115 115 182 182 182 182 115 115 137 137 182 182 137 137 183 183 183 183 137 137 135 135 183 183 135 135 141 141 141 141 135 135 114 114 141 141 114 114 136 136 142 142 184 184 141 141 141 141 184 184 183 183 163 163 185 185 162 162 162 162 185 185 186 186 162 162 186 186 161 161 161 161 186 186 187 187 161 161 187 187 160 160 160 160 187 187 188 188 160 160 188 188 159 159 159 159 188 188 189 189 159 159 189 189 158 158 158 158 189 189 190 190 158 158 190 190 157 157 157 157 190 190 191 191 157 157 191 191 156 156 156 156 191 191 192 192 156 156 192 192 155 155 155 155 192 192 193 193 155 155 193 193 154 154 154 154 193 193 194 194 154 154 194 194 153 153 153 153 194 194 195 195 153 153 195 195 152 152 152 152 195 195 151 151 151 151 196 196 150 150 150 150 196 196 197 197 150 150 197 197 149 149 149 149 197 197 198 198 149 149 198 198 199 199 148 148 199 199 200 200 148 148 200 200 147 147 147 147 200 200 201 201 147 147 201 201 146 146 146 146 201 201 202 202 146 146 202 202 145 145 145 145 202 202 203 203 145 145 203 203 204 204 144 144 204 204 205 205 144 144 205 205 143 143 143 143 205 205 142 142 184 184 206 206 183 183 183 183 206 206 207 207 183 183 207 207 182 182 182 182 207 207 208 208 182 182 208 208 181 181 181 181 208 208 209 209 181 181 209 209 180 180 180 180 209 209 210 210 180 180 210 210 179 179 179 179 210 210 211 211 179 179 211 211 178 178 178 178 211 211 212 212 178 178 212 212 177 177 177 177 212 212 213 213 177 177 213 213 176 176 176 176 213 213 214 214 176 176 214 214 175 175 175 175 214 214 174 174 174 174 215 215 173 173 173 173 215 215 216 216 173 173 216 216 172 172 172 172 216 216 217 217 172 172 217 217 171 171 171 171 217 217 218 218 171 171 218 218 170 170 170 170 218 218 219 219 170 170 219 219 169 169 169 169 219 219 220 220 169 169 220 220 168 168 168 168 220 220 221 221 168 168 221 221 167 167 167 167 221 221 222 222 167 167 222 222 166 166 166 166 222 222 165 165 165 165 223 223 164 164 164 164 223 223 224 224 164 164 224 224 163 163 163 163 224 224 185 185 195 195 225 225 151 151 151 151 225 225 196 196 214 214 226 226 174 174 174 174 226 226 215 215 205 205 227 227 142 142 142 142 227 227 228 228 142 142 228 228 184 184 184 184 228 228 206 206 222 222 229 229 165 165 165 165 229 229 223 223 185 185 230 230 186 186 186 186 230 230 231 231 186 186 231 231 187 187 187 187 231 231 188 188 188 188 232 232 189 189 189 189 232 232 233 233 189 189 233 233 190 190 190 190 233 233 234 234 190 190 234 234 191 191 191 191 234 234 235 235 191 191 235 235 192 192 192 192 235 235 236 236 192 192 236 236 193 193 193 193 236 236 194 194 194 194 237 237 195 195 195 195 237 237 225 225 198 198 238 238 199 199 199 199 238 238 200 200 203 203 239 239 204 204 204 204 239 239 205 205 228 228 240 240 206 206 206 206 240 240 207 207 226 226 241 241 215 215 215 215 241 241 242 242 215 215 242 242 216 216 216 216 242 242 243 243 216 216 243 243 217 217 217 217 243 243 218 218 219 219 244 244 220 220 220 220 244 244 245 245 220 220 245 245 221 221 221 221 245 245 246 246 221 221 246 246 222 222 222 222 246 246 229 229 224 224 247 247 185 185 185 185 247 247 230 230 231 231 248 248 188 188 188 188 248 248 232 232 236 236 249 249 194 194 194 194 249 249 237 237 225 225 250 250 196 196 196 196 250 250 251 251 196 196 251 251 197 197 197 197 251 251 252 252 197 197 252 252 198 198 198 198 252 252 238 238 238 238 253 253 200 200 200 200 253 253 254 254 200 200 254 254 201 201 201 201 254 254 255 255 201 201 255 255 202 202 202 202 255 255 256 256 202 202 256 256 203 203 203 203 256 256 239 239 239 239 257 257 205 205 205 205 257 257 227 227 240 240 258 258 207 207 207 207 258 258 259 259 207 207 259 259 208 208 208 208 259 259 260 260 208 208 260 260 209 209 209 209 260 260 261 261 209 209 261 261 210 210 210 210 261 261 262 262 210 210 262 262 211 211 211 211 262 262 263 263 211 211 263 263 212 212 212 212 263 263 264 264 212 212 264 264 213 213 213 213 264 264 265 265 213 213 265 265 214 214 214 214 265 265 226 226 243 243 266 266 218 218 218 218 266 266 267 267 218 218 267 267 219 219 219 219 267 267 244 244 229 229 268 268 223 223 223 223 268 268 269 269 223 223 269 269 224 224 224 224 269 269 247 247 247 247 270 270 230 230 230 230 270 270 271 271 230 230 271 271 231 231 231 231 271 271 248 248 248 248 272 272 232 232 232 232 272 272 273 273 232 232 273 273 233 233 233 233 273 273 274 274 233 233 274 274 234 234 234 234 274 274 275 275 234 234 275 275 235 235 235 235 275 275 276 276 235 235 276 276 236 236 236 236 276 276 249 249 249 249 277 277 237 237 237 237 277 277 278 278 237 237 278 278 225 225 225 225 278 278 250 250 252 252 279 279 238 238 238 238 279 279 253 253 256 256 280 280 239 239 239 239 280 280 257 257 257 257 281 281 227 227 227 227 281 281 282 282 227 227 282 282 228 228 228 228 282 282 283 283 228 228 283 283 240 240 240 240 283 283 258 258 265 265 284 284 226 226 226 226 284 284 285 285 226 226 285 285 241 241 241 241 285 285 286 286 241 241 286 286 242 242 242 242 286 286 287 287 242 242 287 287 243 243 243 243 287 287 266 266 267 267 288 288 244 244 244 244 288 288 289 289 244 244 289 289 245 245 245 245 289 289 290 290 245 245 290 290 246 246 246 246 290 290 291 291 246 246 291 291 229 229 229 229 291 291 268 268 269 269 292 292 247 247 247 247 292 292 293 293 247 247 293 293 270 270 270 270 293 293 294 294 270 270 294 294 271 271 271 271 294 294 295 295 271 271 295 295 248 248 248 248 295 295 296 296 248 248 296 296 272 272 272 272 296 296 297 297 272 272 297 297 273 273 273 273 297 297 298 298 273 273 298 298 274 274 274 274 298 298 299 299 274 274 299 299 275 275 275 275 299 299 300 300 275 275 300 300 276 276 276 276 300 300 301 301 276 276 301 301 249 249 249 249 301 301 302 302 249 249 302 302 277 277 277 277 302 302 303 303 277 277 303 303 278 278 278 278 303 303 304 304 278 278 304 304 250 250 250 250 304 304 305 305 250 250 305 305 251 251 251 251 305 305 306 306 251 251 306 306 252 252 252 252 306 306 307 307 252 252 307 307 279 279 279 279 307 307 308 308 279 279 308 308 253 253 253 253 308 308 309 309 253 253 309 309 254 254 254 254 309 309 310 310 254 254 310 310 255 255 255 255 310 310 311 311 255 255 311 311 256 256 256 256 311 311 312 312 256 256 312 312 280 280 280 280 312 312 313 313 280 280 313 313 257 257 257 257 313 313 314 314 257 257 314 314 281 281 281 281 314 314 315 315 281 281 315 315 282 282 282 282 315 315 316 316 282 282 316 316 283 283 283 283 316 316 317 317 283 283 317 317 258 258 258 258 317 317 318 318 258 258 318 318 259 259 259 259 318 318 319 319 259 259 319 319 260 260 260 260 319 319 320 320 260 260 320 320 261 261 261 261 320 320 321 321 261 261 321 321 262 262 262 262 321 321 322 322 262 262 322 322 263 263 263 263 322 322 323 323 263 263 323 323 264 264 264 264 323 323 324 324 264 264 324 324 265 265 265 265 324 324 325 325 265 265 325 325 284 284 284 284 325 325 326 326 284 284 326 326 285 285 285 285 326 326 327 327 285 285 327 327 286 286 286 286 327 327 328 328 286 286 328 328 287 287 287 287 328 328 329 329 287 287 329 329 266 266 266 266 329 329 330 330 266 266 330 330 267 267 267 267 330 330 331 331 267 267 331 331 288 288 288 288 331 331 332 332 288 288 332 332 289 289 289 289 332 332 333 333 289 289 333 333 290 290 290 290 333 333 334 334 290 290 334 334 291 291 291 291 334 334 335 335 291 291 335 335 268 268 268 268 335 335 336 336 268 268 336 336 269 269 269 269 336 336 292 292 293 293 292 292 337 337 293 293 337 337 338 338 295 295 294 294 339 339 295 295 339 339 340 340 299 299 298 298 341 341 341 341 298 298 342 342 301 301 300 300 343 343 301 301 343 343 344 344 302 302 301 301 345 345 345 345 301 301 344 344 303 303 302 302 345 345 303 303 345 345 346 346 305 305 304 304 347 347 305 305 347 347 348 348 309 309 308 308 349 349 349 349 308 308 350 350 311 311 310 310 351 351 311 311 351 351 352 352 312 312 311 311 353 353 353 353 311 311 352 352 313 313 312 312 353 353 313 313 353 353 354 354 315 315 314 314 355 355 315 315 355 355 356 356 319 319 318 318 357 357 319 319 357 357 358 358 321 321 320 320 359 359 321 321 359 359 360 360 322 322 321 321 361 361 361 361 321 321 360 360 323 323 322 322 361 361 323 323 361 361 362 362 325 325 324 324 363 363 363 363 324 324 362 362 329 329 328 328 364 364 329 329 364 364 365 365 331 331 330 330 366 366 331 331 366 366 367 367 332 332 331 331 368 368 368 368 331 331 367 367 333 333 332 332 368 368 333 333 368 368 369 369 335 335 334 334 370 370 370 370 334 334 371 371 338 338 339 339 293 293 293 293 339 339 294 294 296 296 295 295 340 340 296 296 340 340 372 372 297 297 296 296 373 373 373 373 296 296 372 372 373 373 342 342 298 298 373 373 298 298 297 297 341 341 343 343 300 300 341 341 300 300 299 299 346 346 347 347 303 303 303 303 347 347 304 304 306 306 305 305 374 374 374 374 305 305 348 348 307 307 306 306 374 374 307 307 374 374 375 375 375 375 350 350 308 308 375 375 308 308 307 307 349 349 351 351 310 310 349 349 310 310 309 309 354 354 355 355 314 314 354 354 314 314 313 313 316 316 315 315 356 356 316 316 356 356 376 376 355 355 382 382 356 356 317 317 316 316 377 377 377 377 316 316 376 376 377 377 357 357 318 318 377 377 318 318 317 317 358 358 359 359 319 319 319 319 359 359 320 320 362 362 324 324 323 323 326 326 325 325 363 363 326 326 363 363 378 378 327 327 326 326 379 379 379 379 326 326 378 378 379 379 364 364 328 328 379 379 328 328 327 327 365 365 366 366 329 329 329 329 366 366 330 330 369 369 371 371 334 334 369 369 334 334 333 333 336 336 335 335 370 370 336 336 370 370 380 380 292 292 336 336 337 337 337 337 336 336 380 380 355 355 381 381 382 382 356 356 382 382 383 383 356 356 383 383 376 376 376 376 383 383 384 384 376 376 384 384 377 377 377 377 384 384 385 385 377 377 385 385 357 357 357 357 385 385 386 386 357 357 386 386 358 358 358 358 386 386 387 387 358 358 387 387 359 359 359 359 387 387 388 388 359 359 388 388 360 360 360 360 388 388 389 389 360 360 389 389 361 361 361 361 389 389 390 390 361 361 390 390 362 362 362 362 390 390 391 391 362 362 391 391 392 392 362 362 392 392 393 393 362 362 393 393 363 363 363 363 393 393 378 378 378 378 393 393 394 394 378 378 394 394 379 379 379 379 394 394 395 395 379 379 395 395 364 364 364 364 395 395 396 396 364 364 396 396 365 365 365 365 396 396 397 397 365 365 397 397 366 366 366 366 397 397 398 398 366 366 398 398 367 367 367 367 398 398 399 399 367 367 399 399 368 368 368 368 399 399 400 400 368 368 400 400 369 369 369 369 400 400 401 401 369 369 401 401 371 371 371 371 401 401 402 402 371 371 402 402 370 370 370 370 402 402 403 403 370 370 403 403 380 380 380 380 403 403 404 404 380 380 404 404 337 337 337 337 404 404 405 405 337 337 405 405 338 338 338 338 405 405 406 406 338 338 406 406 339 339 339 339 406 406 407 407 339 339 407 407 340 340 340 340 407 407 408 408 340 340 408 408 372 372 372 372 408 408 409 409 372 372 409 409 373 373 373 373 409 409 410 410 373 373 410 410 342 342 342 342 410 410 411 411 342 342 411 411 341 341 341 341 411 411 412 412 341 341 412 412 343 343 343 343 412 412 413 413 343 343 413 413 344 344 344 344 413 413 414 414 344 344 414 414 345 345 345 345 414 414 415 415 345 345 415 415 346 346 346 346 415 415 416 416 346 346 416 416 347 347 347 347 416 416 417 417 347 347 417 417 418 418 347 347 418 418 348 348 348 348 418 418 374 374 374 374 418 418 375 375 375 375 418 418 419 419 375 375 419 419 350 350 350 350 419 419 420 420 350 350 420 420 349 349 349 349 420 420 421 421 349 349 421 421 351 351 351 351 421 421 422 422 351 351 422 422 352 352 352 352 422 422 423 423 352 352 423 423 353 353 353 353 423 423 424 424 353 353 424 424 354 354 354 354 424 424 425 425 354 354 425 425 355 355 355 355 425 425 381 381 383 383 382 382 381 381 405 405 426 426 406 406 406 406 426 426 427 427 406 406 427 427 407 407 407 407 427 427 428 428 407 407 428 428 408 408 408 408 428 428 429 429 408 408 429 429 409 409 409 409 429 429 430 430 409 409 430 430 410 410 410 410 430 430 431 431 410 410 431 431 411 411 411 411 431 431 432 432 411 411 432 432 412 412 412 412 432 432 433 433 412 412 433 433 413 413 413 413 433 433 434 434 413 413 434 434 414 414 414 414 434 434 435 435 414 414 435 435 415 415 415 415 435 435 436 436 415 415 436 436 416 416 416 416 436 436 437 437 416 416 437 437 417 417 418 418 417 417 438 438 418 418 438 438 439 439 418 418 439 439 419 419 419 419 439 439 440 440 419 419 440 440 420 420 420 420 440 440 441 441 420 420 441 441 421 421 421 421 441 441 442 442 421 421 442 442 422 422 422 422 442 442 443 443 422 422 443 443 423 423 423 423 443 443 444 444 423 423 444 444 424 424 424 424 444 444 445 445 424 424 445 445 425 425 425 425 445 445 446 446 425 425 446 446 381 381 381 381 446 446 447 447 381 381 447 447 383 383 383 383 447 447 448 448 383 383 448 448 384 384 384 384 448 448 449 449 384 384 449 449 385 385 385 385 449 449 450 450 385 385 450 450 386 386 386 386 450 450 451 451 386 386 451 451 387 387 387 387 451 451 452 452 387 387 452 452 388 388 388 388 452 452 453 453 388 388 453 453 389 389 389 389 453 453 454 454 389 389 454 454 390 390 390 390 454 454 455 455 390 390 455 455 391 391 391 391 455 455 456 456 391 391 456 456 392 392 392 392 456 456 457 457 392 392 457 457 393 393 394 394 393 393 458 458 394 394 458 458 395 395 395 395 458 458 459 459 395 395 459 459 396 396 396 396 459 459 460 460 396 396 460 460 397 397 397 397 460 460 461 461 397 397 461 461 398 398 398 398 461 461 462 462 398 398 462 462 399 399 399 399 462 462 463 463 399 399 463 463 400 400 400 400 463 463 464 464 400 400 464 464 401 401 401 401 464 464 465 465 401 401 465 465 402 402 402 402 465 465 466 466 402 402 466 466 403 403 403 403 466 466 467 467 403 403 467 467 404 404 404 404 467 467 468 468 404 404 468 468 405 405 405 405 468 468 426 426 417 417 437 437 469 469 417 417 469 469 438 438 393 393 457 457 470 470 393 393 470 470 458 458 427 427 426 426 517 517 428 428 427 427 523 523 429 429 428 428 471 471 430 430 429 429 524 524 436 436 435 435 485 485 437 437 436 436 484 484 469 469 437 437 483 483 439 439 438 438 541 541 441 441 440 440 543 543 442 442 441 441 549 549 443 443 442 442 472 472 445 445 444 444 558 558 446 446 445 445 559 559 447 447 446 446 560 560 449 449 448 448 569 569 451 451 450 450 571 571 452 452 451 451 578 578 453 453 452 452 473 473 455 455 454 454 585 585 456 456 455 455 586 586 457 457 456 456 587 587 458 458 470 470 474 474 460 460 459 459 475 475 461 461 460 460 494 494 462 462 461 461 476 476 464 464 463 463 502 502 465 465 464 464 503 503 466 466 465 465 504 504 468 468 467 467 515 515 481 481 480 480 541 541 481 481 541 541 482 482 487 487 486 486 434 434 487 487 434 434 433 433 488 488 477 477 478 478 489 489 481 481 482 482 489 489 482 482 483 483 533 533 487 487 433 433 533 533 433 433 432 432 490 490 488 488 478 478 490 490 478 478 479 479 491 491 489 489 483 483 491 491 483 483 484 484 532 532 533 533 432 432 532 532 432 432 431 431 544 544 492 492 493 493 539 539 490 490 479 479 539 539 479 479 538 538 538 538 479 479 480 480 538 538 480 480 481 481 535 535 491 491 484 484 535 535 484 484 485 485 531 531 532 532 431 431 531 531 431 431 430 430 458 458 474 474 598 598 502 502 495 495 600 600 502 502 600 600 496 496 505 505 498 498 602 602 505 505 602 602 499 499 460 460 475 475 494 494 504 504 503 503 497 497 504 504 497 497 498 498 507 507 506 506 500 500 507 507 500 500 508 508 461 461 494 494 476 476 511 511 504 504 498 498 511 511 498 498 505 505 512 512 507 507 508 508 512 512 508 508 501 501 462 462 476 476 495 495 515 515 511 511 505 505 515 515 505 505 506 506 518 518 512 512 501 501 518 518 501 501 519 519 519 519 501 501 509 509 519 519 509 509 510 510 464 464 502 502 503 503 517 517 516 516 507 507 517 517 507 507 512 512 520 520 519 519 510 510 520 520 510 510 513 513 468 468 515 515 516 516 531 531 524 524 520 520 531 531 520 520 525 525 427 427 517 517 523 523 533 533 532 532 526 526 533 533 526 526 527 527 428 428 523 523 471 471 487 487 533 533 527 527 487 487 527 527 528 528 491 491 535 535 536 536 491 491 536 536 530 530 429 429 471 471 524 524 486 486 487 487 528 528 486 486 528 528 534 534 489 489 491 491 530 530 489 489 530 530 537 537 436 436 485 485 484 484 543 543 542 542 479 479 543 543 479 479 478 478 545 545 544 544 493 493 545 545 493 493 546 546 439 439 541 541 542 542 558 558 550 550 545 545 558 558 545 545 551 551 561 561 554 554 604 604 561 561 604 604 555 555 441 441 543 543 549 549 560 560 559 559 552 552 560 560 552 552 553 553 563 563 562 562 556 556 563 563 556 556 557 557 442 442 549 549 472 472 566 566 560 560 553 553 566 566 553 553 554 554 443 443 472 472 550 550 569 569 566 566 554 554 569 569 554 554 561 561 572 572 563 563 557 557 572 572 557 557 564 564 445 445 558 558 559 559 571 571 570 570 562 562 571 571 562 562 563 563 574 574 573 573 565 565 574 574 565 565 575 575 575 575 565 565 567 567 575 575 567 567 568 568 449 449 569 569 570 570 585 585 579 579 574 574 585 585 574 574 575 575 588 588 581 581 577 577 588 588 577 577 605 605 451 451 571 571 578 578 587 587 586 586 580 580 587 587 580 580 581 581 590 590 589 589 582 582 590 590 582 582 591 591 591 591 582 582 583 583 591 591 583 583 584 584 452 452 578 578 473 473 594 594 587 587 581 581 594 594 581 581 588 588 595 595 591 591 584 584 595 595 584 584 592 592 453 453 473 473 579 579 474 474 594 594 588 588 474 474 588 588 589 589 599 599 595 595 592 592 599 599 592 592 593 593 455 455 585 585 586 586 475 475 598 598 590 590 475 475 590 590 591 591 496 496 600 600 596 596 496 496 596 596 597 597 599 599 600 600 495 495 599 599 495 495 476 476 594 594 474 474 470 470 594 594 470 470 457 457 499 499 500 500 506 506 499 499 506 506 505 505 496 496 497 497 503 503 496 496 503 503 502 502 598 598 475 475 459 459 598 598 459 459 458 458 506 506 507 507 516 516 506 506 516 516 515 515 495 495 502 502 463 463 495 495 463 463 462 462 465 465 503 503 504 504 523 523 517 517 512 512 523 523 512 512 518 518 525 525 520 520 513 513 525 525 513 513 514 514 466 466 504 504 511 511 471 471 523 523 518 518 471 471 518 518 519 519 526 526 525 525 514 514 526 526 514 514 521 521 522 522 603 603 528 528 522 522 528 528 521 521 521 521 528 528 527 527 521 521 527 527 526 526 519 519 520 520 524 524 519 519 524 524 471 471 511 511 515 515 467 467 511 511 467 467 466 466 529 529 536 536 535 535 529 529 535 535 603 603 603 603 535 535 534 534 603 603 534 534 528 528 525 525 526 526 532 532 525 525 532 532 531 531 516 516 517 517 426 426 516 516 426 426 468 468 430 430 524 524 531 531 485 485 486 486 534 534 485 485 534 534 535 535 481 481 489 489 537 537 481 481 537 537 538 538 488 488 492 492 477 477 477 477 492 492 544 544 480 480 479 479 542 542 480 480 542 542 541 541 486 486 485 485 435 435 486 486 435 435 434 434 437 437 484 484 483 483 549 549 543 543 478 478 549 549 478 478 477 477 551 551 545 545 546 546 551 551 546 546 540 540 469 469 483 483 482 482 472 472 549 549 477 477 472 472 477 477 544 544 552 552 551 551 540 540 552 552 540 540 553 553 553 553 540 540 547 547 553 553 547 547 548 548 548 548 604 604 554 554 548 548 554 554 553 553 544 544 545 545 550 550 544 544 550 550 472 472 482 482 541 541 438 438 482 482 438 438 469 469 555 555 556 556 562 562 555 555 562 562 561 561 551 551 552 552 559 559 551 551 559 559 558 558 542 542 543 543 440 440 542 542 440 440 439 439 564 564 565 565 573 573 564 564 573 573 572 572 561 561 562 562 570 570 561 561 570 570 569 569 550 550 558 558 444 444 550 550 444 444 443 443 446 446 559 559 560 560 578 578 571 571 563 563 578 578 563 563 572 572 580 580 575 575 568 568 580 580 568 568 576 576 447 447 560 560 566 566 473 473 578 578 572 572 473 473 572 572 573 573 576 576 577 577 581 581 576 576 581 581 580 580 573 573 574 574 579 579 573 573 579 579 473 473 566 566 569 569 448 448 566 566 448 448 447 447 605 605 582 582 589 589 605 605 589 589 588 588 575 575 580 580 586 586 575 575 586 586 585 585 570 570 571 571 450 450 570 570 450 450 449 449 593 593 596 596 600 600 593 593 600 600 599 599 589 589 590 590 598 598 589 589 598 598 474 474 579 579 585 585 454 454 579 579 454 454 453 453 456 456 586 586 587 587 494 494 475 475 591 591 494 494 591 591 595 595 457 457 587 587 594 594 476 476 494 494 595 595 476 476 595 595 599 599 497 497 496 496 597 597 497 497 597 597 498 498 498 498 597 597 601 601 498 498 601 601 602 602 547 547 606 606 548 548 548 548 606 606 607 607 548 548 607 607 604 604 604 604 607 607 608 608 604 604 608 608 555 555 555 555 608 608 609 609 555 555 609 609 556 556 556 556 609 609 610 610 556 556 610 610 611 611 556 556 611 611 557 557 557 557 611 611 564 564 564 564 611 611 612 612 564 564 612 612 565 565 565 565 612 612 613 613 565 565 613 613 567 567 567 567 613 613 614 614 567 567 614 614 568 568 568 568 614 614 615 615 568 568 615 615 576 576 576 576 615 615 616 616 576 576 616 616 577 577 577 577 616 616 617 617 577 577 617 617 618 618 577 577 618 618 605 605 605 605 618 618 582 582 582 582 618 618 619 619 582 582 619 619 583 583 583 583 619 619 620 620 583 583 620 620 621 621 583 583 621 621 584 584 584 584 621 621 592 592 592 592 621 621 622 622 592 592 622 622 593 593 593 593 622 622 623 623 593 593 623 623 596 596 596 596 623 623 624 624 596 596 624 624 597 597 597 597 624 624 625 625 597 597 625 625 601 601 601 601 625 625 626 626 601 601 626 626 602 602 602 602 626 626 627 627 602 602 627 627 499 499 499 499 627 627 628 628 499 499 628 628 500 500 500 500 628 628 690 690 500 500 690 690 508 508 508 508 690 690 629 629 508 508 629 629 630 630 508 508 630 630 501 501 501 501 630 630 509 509 509 509 630 630 631 631 509 509 631 631 510 510 510 510 631 631 632 632 510 510 632 632 513 513 513 513 632 632 633 633 513 513 633 633 514 514 514 514 633 633 634 634 514 514 634 634 521 521 521 521 634 634 635 635 521 521 635 635 522 522 522 522 635 635 636 636 522 522 636 636 603 603 603 603 636 636 637 637 603 603 637 637 529 529 529 529 637 637 638 638 529 529 638 638 536 536 536 536 638 638 639 639 536 536 639 639 530 530 530 530 639 639 640 640 530 530 640 640 537 537 537 537 640 640 641 641 537 537 641 641 538 538 538 538 641 641 642 642 538 538 642 642 539 539 539 539 642 642 643 643 539 539 643 643 490 490 490 490 643 643 644 644 490 490 644 644 645 645 490 490 645 645 488 488 488 488 645 645 492 492 492 492 645 645 646 646 492 492 646 646 493 493 493 493 646 646 647 647 493 493 647 647 546 546 546 546 647 647 648 648 546 546 648 648 540 540 540 540 648 648 649 649 540 540 649 649 547 547 547 547 649 649 606 606 630 630 629 629 650 650 630 630 650 650 651 651 632 632 631 631 652 652 632 632 652 652 653 653 633 633 632 632 653 653 633 633 653 653 654 654 635 635 634 634 655 655 635 635 655 655 656 656 637 637 636 636 657 657 637 637 657 657 658 658 638 638 637 637 658 658 638 638 658 658 659 659 640 640 639 639 660 660 640 640 660 660 661 661 642 642 641 641 662 662 642 642 662 662 663 663 643 643 642 642 663 663 643 643 663 663 664 664 645 645 644 644 665 665 645 645 665 665 666 666 647 647 646 646 667 667 647 647 667 667 668 668 648 648 647 647 668 668 648 648 668 668 669 669 606 606 649 649 670 670 606 606 670 670 671 671 610 610 609 609 672 672 610 610 672 672 673 673 612 612 611 611 674 674 612 612 674 674 675 675 615 615 614 614 676 676 615 615 676 676 677 677 617 617 616 616 678 678 617 617 678 678 679 679 620 620 619 619 680 680 620 620 680 680 681 681 622 622 621 621 682 682 622 622 682 682 683 683 625 625 624 624 684 684 625 625 684 684 685 685 627 627 626 626 686 686 627 627 686 686 687 687 689 689 650 650 688 688 688 688 650 650 629 629 688 688 629 629 690 690 689 689 691 691 650 650 650 650 691 691 692 692 650 650 692 692 651 651 693 693 652 652 651 651 651 651 652 652 631 631 651 651 631 631 630 630 652 652 694 694 653 653 695 695 655 655 654 654 654 654 655 655 634 634 654 654 634 634 633 633 655 655 696 696 656 656 697 697 657 657 656 656 656 656 657 657 636 636 656 656 636 636 635 635 657 657 698 698 658 658 699 699 660 660 659 659 659 659 660 660 639 639 659 659 639 639 638 638 660 660 700 700 661 661 701 701 662 662 661 661 661 661 662 662 641 641 661 661 641 641 640 640 662 662 702 702 663 663 703 703 665 665 664 664 664 664 665 665 644 644 664 664 644 644 643 643 665 665 704 704 666 666 705 705 667 667 666 666 666 666 667 667 646 646 666 666 646 646 645 645 667 667 706 706 668 668 707 707 670 670 669 669 669 669 670 670 649 649 669 669 649 649 648 648 707 707 708 708 670 670 670 670 708 708 709 709 670 670 709 709 671 671 710 710 711 711 671 671 671 671 711 711 607 607 671 671 607 607 606 606 711 711 710 710 712 712 711 711 712 712 713 713 608 608 607 607 711 711 608 608 711 711 714 714 714 714 711 711 713 713 714 714 672 672 609 609 714 714 609 609 608 608 672 672 715 715 673 673 673 673 715 715 716 716 673 673 716 716 717 717 717 717 674 674 673 673 673 673 674 674 611 611 673 673 611 611 610 610 674 674 718 718 675 675 613 613 612 612 675 675 613 613 675 675 720 720 720 720 675 675 719 719 720 720 676 676 614 614 720 720 614 614 613 613 676 676 721 721 677 677 722 722 678 678 677 677 677 677 678 678 616 616 677 677 616 616 615 615 678 678 723 723 679 679 618 618 617 617 679 679 618 618 679 679 725 725 725 725 679 679 724 724 725 725 680 680 619 619 725 725 619 619 618 618 680 680 726 726 681 681 727 727 682 682 681 681 681 681 682 682 621 621 681 681 621 621 620 620 682 682 728 728 683 683 623 623 622 622 683 683 623 623 683 683 730 730 730 730 683 683 729 729 730 730 684 684 624 624 730 730 624 624 623 623 684 684 731 731 685 685 732 732 686 686 685 685 685 685 686 686 626 626 685 685 626 626 625 625 686 686 733 733 687 687 628 628 627 627 687 687 628 628 687 687 735 735 735 735 687 687 734 734 690 690 628 628 735 735 690 690 735 735 688 688</p></triangles></mesh>
    </geometry>
    <geometry id="eSeries_UR5e_079-mesh" name="eSeries UR5e.079">
      <mesh>
        <source id="eSeries_UR5e_079-mesh-slim-nrm"><float_array count="327" id="eSeries_UR5e_079-mesh-slim-nrm-array">-0.0691 0.1176 0.9907 -0.3549 0.0589 0.9331 -0.4545 0.1046 0.8846 -0.7064 -0.0028 0.7078 -0.8465 0.0168 0.5321 -0.9259 0.0685 0.3715 -0.9961 -0.0094 0.0881 -0.991 0.0188 -0.1325 -0.9477 0.068 -0.3118 -0.8197 -0.003 -0.5728 -0.6748 0.0164 -0.7379 -0.5252 0.062 -0.8487 -0.2579 -0.0094 -0.9661 -0.0237 0.0223 -0.9995 0.1451 0.0844 -0.9858 0.4077 0.025 -0.9128 0.602 0.1171 -0.7898 0.7819 0.0482 -0.6216 0.9241 0.0001 -0.3822 0.9752 0.0242 -0.22 0.997 0.07 -0.0319 0.966 -0.0034 0.2585 0.8877 0.0158 0.4601 0.7836 0.0684 0.6175 0.5843 0.1087 0.8042 0.3261 0.0689 0.9428 0.2217 0.1051 0.9694 0.9432 0.3212 0.085 0.8906 0.3693 0.2654 0.8151 0.3733 0.4429 0.4161 0.3482 0.84 -0.2237 0.3335 0.9158 -0.677 0.3718 0.6352 -0.786 0.3708 0.4947 -0.9144 0.3803 -0.1387 -0.744 0.3679 -0.5578 -0.6143 0.3749 -0.6943 -0.0266 0.365 -0.9306 0.6566 0.3678 -0.6585 0.9074 0.3709 -0.1978 0.8331 0.3199 -0.4511 0.461 0.3656 -0.8086 0.2553 0.3137 -0.9146 -0.2241 0.3565 -0.907 -0.4038 0.3339 -0.8517 -0.8613 0.3228 -0.3924 -0.9312 0.36 0.0574 -0.9138 0.3205 0.2494 -0.5378 0.3236 0.7785 0.0857 0.3242 0.9421 0.666 0.3109 0.6781 -0.3362 0.5988 -0.7269 0.0448 0.659 -0.7508 0.1886 0.3556 -0.9154 0.387 0.5987 -0.7012 0.6239 0.5891 -0.5135 -0.5409 0.6013 -0.5881 -0.7471 0.5283 -0.4034 -0.796 0.6003 -0.0777 -0.2874 0.6056 0.742 -0.5391 0.6038 0.5872 0.6473 0.6254 0.4357 0.3672 0.608 0.7039 0.1532 0.6121 0.7758 0.7566 0.6101 -0.2354 0.9241 0.382 -0.007 0.759 0.609 0.2303 -0.2574 0.7051 0.6608 -0.786 0.3758 0.4909 0.0466 0.1635 0.9854 0.951 0.2311 0.2057 0.4468 0.2414 -0.8614 -0.6665 0.2508 -0.7021 -0.988 0.1384 0.0693 -0.9534 0.2428 -0.179 -0.8785 0.1574 -0.451 -0.4753 0.2447 -0.8451 -0.2596 0.1445 -0.9549 -0.0848 0.3716 -0.9245 0.6431 0.2006 -0.7391 0.8187 0.2134 -0.5331 0.9228 0.2297 -0.3093 0.6655 0.3689 0.6488 0.5502 0.2084 0.8086 0.3142 0.2438 0.9175 -0.1183 0.3795 0.9176 -0.4302 0.2031 0.8796 -0.6393 0.2278 0.7344 0.865 0.2272 0.4475 -0.8952 0.3811 0.231 -0.6062 0.6722 -0.4251 -0.7097 0.6737 -0.2058 -0.7323 0.681 0.0011 -0.7088 0.6744 0.2068 -0.6062 0.6723 0.4249 -0.4148 0.666 0.62 -0.1025 0.6629 0.7417 0.1881 0.6707 0.7175 0.4206 0.6716 0.6099 0.6072 0.6699 0.4272 0.7165 0.6713 0.1895 0.7376 0.6723 -0.0625 0.6766 0.6737 -0.2973 0.5606 0.6811 -0.471 0.4112 0.6742 -0.6134 0.1923 0.672 -0.7151 -0.0488 0.674 -0.7371 -0.2511 0.681 -0.6879 -0.4363 0.6742 -0.5959</float_array><technique_common><accessor count="109" source="#eSeries_UR5e_079-mesh-slim-nrm-array" stride="3"><param type="float" name="X"/><param type="float" name="Y"/><param type="float" name="Z"/></accessor></technique_common></source><source id="eSeries_UR5e_079-mesh-slim-pos"><float_array count="327" id="eSeries_UR5e_079-mesh-slim-pos-array">-4.758443 76.49313 47.15852 -14.75315 76.4932 45.19774 -23.22765 76.49308 41.42696 -34.21526 76.49313 32.97325 -40.61126 76.4932 25.04676 -44.6793 76.49308 16.71087 -47.66236 76.49313 3.172245 -47.46693 76.4932 -7.011094 -45.22502 76.49308 -16.01165 -38.80772 76.49313 -28.3003 -32.11231 76.4932 -35.97555 -24.60946 76.49308 -41.42931 -11.79454 76.49313 -46.718 -1.168532 76.49304 -48.32685 7.69695 76.49301 -47.62597 20.73746 76.49313 -43.46304 29.45874 76.4932 -38.20216 36.13254 76.49308 -31.7603 43.56619 76.49313 -20.05839 46.86544 76.4932 -10.42241 47.83709 76.49308 -1.197846 46.00979 76.49313 12.54454 42.34324 76.4932 22.0469 37.15814 76.49308 29.7379 26.92487 76.49313 39.09063 18.00817 76.4932 44.01301 9.092479 76.49308 46.57174 47.7114 79.51248 3.144773 45.8113 79.45733 13.11259 42.15336 79.39456 22.29068 21.05218 79.52294 42.73871 -11.77772 79.50376 46.13936 -34.65313 79.45818 32.46854 -40.50982 79.44668 25.10255 -47.38004 79.48613 -7.154866 -38.40549 79.45584 -28.79509 -31.95141 79.40857 -36.04506 -1.573596 79.42608 -48.24732 34.00837 79.53517 -34.05979 46.81236 79.46848 -10.36258 42.54375 79.40494 -22.52979 23.37069 79.49835 -42.09656 12.29228 79.43257 -46.64787 -11.32191 79.35557 -46.82367 -21.00456 79.54727 -43.37833 -43.63475 79.4908 -20.01958 -47.68539 79.35562 2.668133 -46.00829 79.52095 12.71087 -26.90381 79.45453 39.16858 4.89347 79.47089 47.19494 34.22818 79.40052 33.04301 -16.5675 87.87753 -36.58268 2.262639 87.92726 -40.08211 7.715237 90.6368 -37.57506 18.75333 87.80365 -35.56166 30.48327 88.61491 -25.41085 -26.78114 87.80978 -29.90421 -34.49685 89.02865 -18.6538 -39.57132 87.97962 -3.927915 -13.72329 88.86065 36.41741 -26.9862 87.81673 28.89229 32.36675 88.15458 22.4671 18.48088 87.80196 34.89304 7.427064 87.7487 38.76534 38.15567 87.81072 -11.83563 38.09238 90.10769 -0.570972 38.20395 87.70806 11.1913 -12.68044 339.0929 33.98432 -32.58747 90.05426 19.39379 1.094667 91.55429 37.34821 36.70566 91.5046 8.271166 17.67431 91.55003 -33.86965 -25.43015 91.52204 -28.42692 -37.72854 91.4556 2.616082 -37.20943 91.62705 -6.267942 -33.70089 92.70703 -17.54994 -17.82835 91.5937 -33.59986 -10.33909 91.53414 -36.79797 -3.684617 90.27057 -38.29302 25.22398 91.59345 -28.39724 30.7636 91.53377 -22.43026 36.03255 91.57574 -11.99759 27.32916 90.45643 26.03036 20.47459 91.60001 31.23081 12.6639 91.51184 35.2169 -5.006931 90.21129 37.42706 -15.35054 91.77415 34.09166 -25.30375 91.58641 27.78977 33.56428 91.60233 16.91872 -37.07105 89.88487 9.208856 -30.80652 339.0925 -22.00017 -36.25617 339.0924 -10.50618 -37.5 339.0925 -0.400064 -36.20814 339.0925 9.797253 -30.80651 339.0925 21.20004 -21.86618 339.0924 30.23439 -4.389908 339.0927 37.06292 9.807008 339.0925 35.92372 21.33903 339.0924 30.60308 30.70311 339.0923 21.40968 36.4275 339.0925 8.998796 37.49112 339.0925 -3.560639 34.30115 339.0924 -15.89661 28.72667 339.0925 -24.5046 21.25407 339.0925 -31.44004 9.807041 339.0925 -36.72385 -2.907684 339.0924 -37.91116 -12.82575 339.0925 -35.63854 -21.93298 339.0925 -30.96253</float_array><technique_common><accessor count="109" source="#eSeries_UR5e_079-mesh-slim-pos-array" stride="3"><param type="float" name="X"/><param type="float" name="Y"/><param type="float" name="Z"/></accessor></technique_common></source><vertices id="eSeries_UR5e_079-mesh-slim-pos-vertices">
          <input semantic="POSITION" source="#eSeries_UR5e_079-mesh-slim-pos"/>
        </vertices>
        <triangles count="189" material="LinkGrey-material"><input offset="0" semantic="VERTEX" source="#eSeries_UR5e_079-mesh-slim-pos-vertices"/><input offset="1" semantic="NORMAL" source="#eSeries_UR5e_079-mesh-slim-nrm"/><p>37 37 14 14 13 13 14 14 37 37 42 42 14 14 42 42 15 15 15 15 42 42 41 41 15 15 41 41 16 16 41 41 38 38 16 16 16 16 38 38 17 17 17 17 38 38 40 40 17 17 40 40 18 18 18 18 40 40 19 19 19 19 40 40 39 39 19 19 39 39 20 20 20 20 39 39 27 27 20 20 27 27 21 21 21 21 27 27 28 28 21 21 28 28 22 22 22 22 28 28 29 29 22 22 29 29 23 23 23 23 29 29 50 50 23 23 50 50 24 24 24 24 50 50 30 30 24 24 30 30 25 25 25 25 30 30 26 26 26 26 30 30 49 49 26 26 49 49 0 0 0 0 49 49 31 31 0 0 31 31 1 1 1 1 31 31 2 2 2 2 31 31 48 48 2 2 48 48 3 3 3 3 48 48 32 32 3 3 32 32 4 4 4 4 32 32 33 33 4 4 33 33 5 5 5 5 33 33 47 47 5 5 47 47 6 6 6 6 47 47 46 46 6 6 46 46 7 7 7 7 46 46 34 34 7 7 34 34 8 8 8 8 34 34 45 45 8 8 45 45 9 9 9 9 45 45 35 35 9 9 35 35 10 10 10 10 35 35 36 36 10 10 36 36 11 11 11 11 36 36 44 44 11 11 44 44 12 12 12 12 44 44 43 43 12 12 43 43 13 13 13 13 43 43 37 37 44 44 51 51 43 43 43 43 51 51 78 78 43 43 78 78 37 37 37 37 78 78 52 52 37 37 52 52 42 42 42 42 52 52 53 53 42 42 53 53 54 54 42 42 54 54 41 41 41 41 54 54 38 38 38 38 54 54 55 55 51 51 44 44 56 56 56 56 44 44 36 36 56 56 36 36 35 35 56 56 35 35 57 57 57 57 35 35 45 45 57 57 45 45 34 34 57 57 34 34 58 58 47 47 89 89 46 46 46 46 89 89 58 58 46 46 58 58 34 34 49 49 63 63 85 85 49 49 85 85 31 31 31 31 85 85 59 59 31 31 59 59 48 48 48 48 59 59 60 60 48 48 60 60 32 32 32 32 60 60 33 33 33 33 60 60 68 68 33 33 68 68 47 47 47 47 68 68 89 89 28 28 66 66 29 29 29 29 66 66 61 61 29 29 61 61 50 50 50 50 61 61 82 82 50 50 82 82 30 30 30 30 82 82 62 62 30 30 62 62 63 63 30 30 63 63 49 49 38 38 55 55 40 40 40 40 55 55 64 64 40 40 64 64 39 39 39 39 64 64 65 65 39 39 65 65 27 27 27 27 65 65 66 66 27 27 66 66 28 28 58 58 89 89 73 73 58 58 73 73 74 74 56 56 57 57 72 72 56 56 72 72 76 76 51 51 77 77 78 78 54 54 53 53 71 71 54 54 71 71 79 79 85 85 63 63 69 69 58 58 74 74 75 75 57 57 58 58 75 75 57 57 75 75 72 72 76 76 77 77 51 51 76 76 51 51 56 56 52 52 78 78 53 53 80 80 81 81 55 55 79 79 80 80 55 55 79 79 55 55 54 54 64 64 55 55 81 81 64 64 81 81 65 65 70 70 88 88 66 66 70 70 66 66 65 65 88 88 82 82 61 61 88 88 61 61 66 66 62 62 82 82 83 83 62 62 83 83 84 84 63 63 62 62 84 84 63 63 84 84 69 69 86 86 87 87 59 59 85 85 86 86 59 59 60 60 59 59 87 87 87 87 68 68 60 60 67 67 90 90 91 91 67 67 91 91 92 92 67 67 92 92 93 93 67 67 93 93 94 94 67 67 94 94 95 95 67 67 96 96 97 97 67 67 97 97 98 98 67 67 98 98 99 99 67 67 99 99 100 100 67 67 100 100 101 101 67 67 101 101 102 102 67 67 102 102 103 103 67 67 103 103 104 104 67 67 104 104 105 105 67 67 105 105 106 106 67 67 106 106 107 107 67 67 107 107 108 108 67 67 108 108 90 90 106 106 105 105 53 53 104 104 71 71 105 105 105 105 71 71 53 53 103 103 80 80 79 79 103 103 79 79 104 104 104 104 79 79 71 71 102 102 81 81 80 80 102 102 80 80 103 103 101 101 81 81 102 102 101 101 65 65 81 81 100 100 65 65 101 101 100 100 70 70 65 65 99 99 88 88 100 100 100 100 88 88 70 70 82 82 88 88 99 99 98 98 83 83 82 82 98 98 82 82 99 99 97 97 84 84 98 98 98 98 84 84 83 83 96 96 69 69 97 97 97 97 69 69 84 84 86 86 85 85 96 96 96 96 85 85 69 69 86 86 96 96 67 67 86 86 67 67 95 95 86 86 95 95 87 87 87 87 95 95 94 94 87 87 94 94 68 68 68 68 94 94 93 93 68 68 93 93 89 89 89 89 93 93 73 73 73 73 93 93 92 92 91 91 75 75 74 74 91 91 74 74 92 92 92 92 74 74 73 73 90 90 75 75 91 91 108 108 72 72 90 90 90 90 72 72 75 75 107 107 77 77 76 76 107 107 76 76 108 108 108 108 76 76 72 72 53 53 78 78 106 106 106 106 78 78 77 77 106 106 77 77 107 107</p></triangles></mesh>
    </geometry>
    <geometry id="eSeries_UR5e_080-mesh" name="eSeries UR5e.080">
      <mesh>
        <source id="eSeries_UR5e_080-mesh-slim-nrm"><float_array count="1884" id="eSeries_UR5e_080-mesh-slim-nrm-array">0.088 0.178 -0.9801 0.4019 0.1764 -0.8986 0.6697 0.2682 -0.6925 0.7938 0.5423 -0.2752 0.9801 0.178 0.088 0.8986 0.1764 0.4019 0.6965 0.2726 0.6638 0.2347 0.4414 0.8661 -0.088 0.178 0.9801 -0.4019 0.1764 0.8986 -0.6638 0.2726 0.6965 -0.8661 0.4414 0.2347 -0.9801 0.178 -0.088 -0.8985 0.1764 -0.4019 -0.7201 0.0706 -0.6902 -0.2629 0.5535 -0.7903 -0.1675 0.5905 0.7895 -0.7895 0.5905 -0.1675 -0.6752 0.6248 -0.392 -0.5836 -0.011 -0.812 -0.2575 0.8287 -0.4969 -0.054 0.8362 -0.5458 -0.0248 0.7159 -0.6978 0.1675 0.5905 -0.7895 0.3918 0.6248 -0.6754 0.861 0.0587 -0.5053 0.5458 0.8362 -0.054 0.6978 0.7159 -0.0248 0.7895 0.5905 0.1675 0.6754 0.6248 0.3918 0.6483 0.2879 0.7048 0.0546 0.8362 0.5457 0.0248 0.7159 0.6978 -0.3918 0.6248 0.6754 -0.7048 0.2879 0.6483 -0.5457 0.8362 0.0546 -0.6978 0.7159 0.0248 -0.7564 0.542 0.3662 -0.8027 0.5444 0.2436 -0.8348 0.5381 0.1165 -0.8044 0.5763 -0.1445 -0.8384 0.5448 -0.017 -0.7396 0.5409 -0.4005 -0.7696 0.5769 -0.2738 -0.6679 0.5409 -0.5112 -0.4828 0.5381 -0.6909 -0.5785 0.5481 -0.604 -0.2429 0.5399 -0.8059 -0.3654 0.5411 -0.7575 0.0166 0.5446 -0.8385 -0.1139 0.5399 -0.834 0.1445 0.5763 -0.8044 0.4005 0.5409 -0.7396 0.2738 0.5769 -0.7696 0.5113 0.5409 -0.6679 0.6095 0.5409 -0.5797 0.6926 0.5409 -0.4772 0.7587 0.5409 -0.363 0.8009 0.5481 -0.2412 0.8387 0.5444 0.0166 0.8356 0.537 -0.1158 0.8044 0.5763 0.1445 0.7385 0.5438 0.3987 0.7695 0.5769 0.2738 0.6708 0.5376 0.5109 0.5797 0.5409 0.6094 0.477 0.5438 0.6905 0.244 0.5442 0.8027 0.366 0.5397 0.7581 -0.015 0.5405 0.8412 0.1174 0.5403 0.8332 -0.1445 0.5763 0.8044 -0.4005 0.5409 0.7396 -0.2738 0.5769 0.7696 -0.5081 0.5453 0.6667 -0.6915 0.5397 0.4801 -0.6075 0.541 0.5816 0.3086 0.8217 0.4792 0.556 0.5955 0.5798 0.5459 0.7351 0.4021 0.1942 0.97 0.146 0.2138 0.9706 0.1106 0.5276 0.8289 0.1858 -0.2231 0.9741 -0.0368 0.234 0.9722 0.002 0.2344 0.9714 -0.0374 -0.4378 0.8969 0.0617 -0.4194 0.8986 0.129 -0.3973 0.8969 0.194 -0.3614 0.8976 0.2524 -0.4792 0.8217 0.3086 -0.5798 0.5956 0.556 -0.4021 0.7351 0.5459 -0.146 0.97 0.1942 -0.1106 0.9706 0.2138 -0.1858 0.8289 0.5276 0.0367 0.9741 -0.2232 -0.002 0.9722 0.234 0.0374 0.9714 0.2343 -0.0609 0.8978 -0.4363 -0.1283 0.8978 -0.4214 -0.1931 0.8986 -0.394 -0.2537 0.8969 -0.3621 -0.268 0.8717 -0.4102 -0.3522 0.8671 -0.3523 -0.5418 0.7383 -0.4017 -0.1901 0.9716 -0.1411 -0.2137 0.9706 -0.1107 -0.5276 0.8289 -0.1858 0.2232 0.9741 0.0367 -0.234 0.9722 -0.002 -0.2343 0.9714 0.0374 0.4363 0.8978 -0.0608 0.4194 0.8986 -0.129 0.3954 0.8977 -0.1944 0.3601 0.8977 -0.2539 0.3936 0.8741 -0.2848 0.615 0.5682 -0.5467 0.4015 0.7353 -0.546 0.1458 0.97 -0.1946 0.1106 0.9706 -0.2139 0.1858 0.8289 -0.5276 -0.0367 0.9741 0.2232 0.002 0.9722 -0.234 -0.0374 0.9714 -0.2343 0.0609 0.8978 0.4363 0.1284 0.8978 0.4214 0.1928 0.8976 0.3964 0.2523 0.8986 0.359 0.5478 0.8312 0.0955 0.2306 0.9702 -0.0742 -0.3151 0.8986 0.3053 -0.0955 0.8312 0.5478 0.0166 0.9969 0.0766 -0.3053 0.8986 -0.3151 -0.5478 0.8312 -0.0955 -0.0766 0.9969 0.0166 0.316 0.8977 -0.3071 0.0955 0.8312 -0.5478 -0.0742 0.9702 -0.2306 0.3071 0.8977 0.316 -0.2641 0.8977 0.3527 -0.3527 0.8977 -0.2641 0.2641 0.8977 -0.3527 0.3532 0.8969 0.266 0.7222 0.6599 -0.2074 -0.0681 0.9742 0.2153 -0.2063 0.8976 0.3897 0.17 0.9712 -0.1667 0.1699 0.9779 -0.1216 0.1869 0.9779 -0.094 0.7544 0.6116 0.2383 0.3864 0.2451 0.8892 -0.2153 0.9742 -0.0681 -0.3897 0.8976 -0.2063 0.1471 0.9779 0.1487 0.1384 0.9711 0.1943 0.1015 0.9771 0.187 -0.2383 0.6116 0.7544 -0.8892 0.2451 0.3864 0.0681 0.9742 -0.2153 0.2063 0.8976 -0.3897 -0.1487 0.9779 0.1471 -0.1943 0.9711 0.1384 -0.187 0.9771 0.1015 -0.7544 0.6116 -0.2383 -0.2042 0.6586 -0.7242 0.2153 0.9742 0.0681 0.3877 0.8985 0.206 -0.1466 0.9779 -0.1488 -0.1221 0.9779 -0.1699 -0.1067 0.9712 -0.2132 0.2383 0.6116 -0.7544 0.4528 0.8682 -0.203 -0.008 0.8971 0.4417 0.1468 0.9461 0.2888 -0.4396 0.8982 -0.0067 -0.2888 0.9461 0.1468 0.008 0.8973 -0.4413 0.4417 0.8971 0.008 0.6874 0.6943 -0.213 0.6507 0.6863 -0.3249 0.5918 0.6864 -0.4227 -0.218 0.6859 -0.6943 -0.3231 0.6837 -0.6543 -0.4168 0.6869 -0.5953 -0.6927 0.6894 0.212 -0.6476 0.692 0.3189 -0.5929 0.6859 0.4219 0.213 0.6927 0.689 0.324 0.6859 0.6516 0.4215 0.6876 0.5913 0.2879 0.486 -0.8252 -0.8251 0.4887 -0.2836 -0.2836 0.4888 0.825 0.8251 0.4884 0.2839 0.9191 0.2763 -0.281 0.9607 0.2769 0.0166 0.9515 0.2769 -0.1339 0.9465 0.2767 0.1662 0.7706 0.4912 0.4061 0.6676 0.277 0.6911 0.7676 0.2762 0.5783 0.5513 0.2769 0.787 0.4212 0.275 0.8643 -0.0166 0.2769 0.9607 0.1338 0.2762 0.9517 -0.1661 0.2768 0.9465 -0.4092 0.4882 0.7709 -0.5107 0.4981 0.7008 -0.7569 -0.0736 0.6494 -0.9483 0.2736 -0.1609 -0.9239 0.3794 0.049 -0.7708 0.4885 -0.4089 -0.6973 0.4882 -0.5248 -0.6069 0.4916 -0.6245 -0.281 0.2762 -0.9191 0.0166 0.2769 -0.9607 -0.1339 0.2769 -0.9515 0.1662 0.2767 -0.9465 0.3984 0.4855 -0.7781 0.5305 0.4879 -0.6932 0.6271 0.4884 -0.6068 -0.7196 0.687 0.1011 0.0257 0.9997 -0.0006 0.0253 0.9997 -0.0046 0.6486 0.7554 -0.0926 0.6261 0.7557 -0.1922 -0.1068 0.6858 -0.7199 0.0022 0.9997 0.0261 0.0242 0.9966 0.079 0.0919 0.7557 0.6484 0.2571 0.4916 0.832 0.7239 0.6819 -0.1047 -0.0234 0.9997 0.0011 -0.0817 0.9964 0.0242 -0.9414 0.287 0.1772 -0.8338 0.4906 0.2532 0.1006 0.6877 0.719 -0.0005 0.9997 -0.0257 -0.0063 0.9996 -0.0282 -0.0926 0.7555 -0.6486 -0.1922 0.7557 -0.6261 0.0824 0.9959 -0.0378 0.7824 0.4881 -0.3868 0.0076 0.9997 0.0235 0.2897 0.755 0.5883 -0.0773 0.9963 0.0384 -0.7843 0.4875 0.3837 -0.0374 0.9961 -0.0797 -0.3867 0.4881 -0.7824 0.0687 0.9965 -0.0471 0.7115 0.4924 -0.5013 0.0122 0.9997 0.0227 0.377 0.7554 0.5359 -0.0704 0.9963 0.05 -0.7186 0.5115 0.471 -0.049 0.9961 -0.074 -0.504 0.4889 -0.712 0.0818 0.9963 0.0274 0.073 0.9966 0.0387 -0.6898 0.6864 -0.2304 -0.6453 0.6864 -0.3354 0.5235 0.7557 0.3935 0.4562 0.7555 0.4703 0.02 0.9997 0.0169 0.0184 0.9996 0.0222 -0.5849 0.6863 -0.4322 -0.5019 0.6943 -0.5158 -0.0276 0.9963 0.0818 -0.0399 0.9963 0.0765 0.2304 0.6864 -0.6897 0.3354 0.6864 -0.6453 -0.5629 0.604 0.5642 -0.0497 0.9966 0.066 -0.0218 0.9996 0.0169 0.4322 0.6864 -0.5849 0.5184 0.6864 -0.51 -0.0818 0.9963 -0.0276 -0.0765 0.9963 -0.0401 0.6898 0.6864 0.2304 0.644 0.6876 0.3354 -0.0693 0.9963 -0.0514 -0.0572 0.9965 -0.0605 0.5855 0.6851 0.4335 0.51 0.6864 0.5184 0.0276 0.9963 -0.0818 0.0401 0.9963 -0.0765 -0.2304 0.6864 0.6898 -0.3354 0.6863 0.6453 0.0538 0.996 -0.0709 0.0601 0.9965 -0.0579 -0.4312 0.6932 0.5776 -0.5225 0.6836 0.5096 0.6552 0.7554 0.01 0.0255 0.9997 0.0034 -0.7243 0.6894 -0.0125 0.6449 0.7559 0.1122 0.0256 0.9996 0.0091 -0.7148 0.6878 -0.1265 -0.01 0.7554 0.6551 -0.0027 0.9996 0.0287 0.0104 0.6927 -0.7211 -0.1122 0.7559 0.6449 -0.0092 0.9996 0.0256 0.1264 0.6877 -0.7149 -0.9004 0.4321 -0.0498 -0.0287 0.9996 -0.0027 0.721 0.6928 0.0105 -0.6449 0.756 -0.1122 -0.0256 0.9996 -0.0092 0.7149 0.6877 0.1264 0.01 0.7554 -0.6552 0.0034 0.9997 -0.0255 -0.0132 0.6878 0.7258 0.1122 0.756 -0.6449 0.0091 0.9996 -0.0256 -0.1265 0.6877 0.7148 -0.5502 -0.2745 -0.7887 -0.3764 -0.4917 -0.7852 -0.1183 -0.4884 -0.8646 0.7886 -0.2762 -0.5494 0.7852 -0.4918 -0.3764 0.8355 -0.4881 -0.2524 0.8646 -0.4884 -0.1183 0.4979 -0.4884 0.7166 0.3797 -0.4884 0.7857 0.2519 -0.4876 0.8359 0.1187 -0.4881 0.8647 -0.7854 -0.4919 0.3758 -0.836 -0.4874 0.2521 -0.2353 -0.6934 0.6811 0.6809 -0.6935 0.2355 0.2378 -0.6875 -0.6861 -0.6859 -0.6876 -0.238 -0.7148 -0.6862 -0.1349 -0.7206 -0.6931 -0.0178 -0.6359 -0.6934 -0.3389 -0.5002 -0.6857 -0.5288 -0.5735 -0.6927 -0.4373 0.1349 -0.6862 -0.7148 0.0178 -0.6931 -0.7206 0.3421 -0.6876 -0.6405 0.4382 -0.6876 -0.579 0.5216 -0.6927 -0.498 0.726 -0.6874 0.0209 0.7086 -0.6926 0.1348 0.6359 -0.6934 0.3388 0.579 -0.6876 0.4381 0.5018 -0.6892 0.5227 -0.0223 -0.6925 0.7211 -0.1348 -0.6926 0.7087 -0.3422 -0.6877 0.6403 -0.4342 -0.6935 0.5749 -0.5188 -0.6934 0.5 0.0827 -0.9965 -0.0116 0.0827 -0.9963 -0.0243 -0.7249 -0.6822 0.0956 -0.6968 -0.6874 0.2047 0.0128 -0.9963 0.0847 0.0244 -0.9965 0.0798 -0.0983 -0.6879 -0.7191 -0.2079 -0.6822 -0.701 -0.8636 -0.488 0.1265 -0.0855 -0.9963 0.0112 -0.0827 -0.9963 0.0243 0.7218 -0.6857 -0.094 0.6927 -0.6914 -0.205 -0.2524 -0.4881 -0.8355 -0.0112 -0.9963 -0.0855 -0.026 -0.996 -0.0851 0.0924 -0.6863 0.7215 0.206 -0.6942 0.6897 0.074 -0.9966 -0.0358 -0.6585 -0.6848 0.3121 0.0371 -0.9963 0.0779 -0.3079 -0.695 -0.6497 -0.074 -0.9966 0.0358 0.6547 -0.6893 -0.3104 -0.037 -0.9967 -0.0728 0.3169 -0.6867 0.6542 0.5379 -0.7557 -0.3736 0.0222 -0.9996 -0.0182 -0.5923 -0.6942 0.409 0.0488 -0.9963 0.0711 -0.4114 -0.6857 -0.6005 -0.6758 -0.5968 0.4326 -0.0203 -0.9997 0.0159 0.5996 -0.6874 -0.4098 -0.373 -0.7554 -0.5388 -0.0186 -0.9996 -0.0191 0.4141 -0.688 0.596 0.0264 -0.9996 0.0044 0.0727 -0.9967 0.0371 0.6179 -0.7562 0.2154 0.7664 -0.4913 0.4138 0.9078 -0.2758 0.3159 0.071 -0.996 0.0536 0.0594 -0.9963 0.0626 0.6953 -0.4881 0.5276 0.6039 -0.4884 0.6299 -0.0097 -0.9992 0.0397 -0.0091 -0.9997 0.0239 -0.2329 -0.7085 0.6661 -0.3096 -0.7558 0.5769 -0.4537 -0.276 0.8473 -0.3199 -0.2249 0.9204 -0.048 -0.9967 0.066 -0.0189 -0.9996 0.0232 -0.5156 -0.4986 0.6969 -0.5381 -0.6483 0.5386 -0.0264 -0.9996 -0.0044 -0.0235 -0.9997 -0.0092 -0.6179 -0.756 -0.2161 -0.577 -0.7555 -0.3104 -0.9076 -0.2766 -0.3159 -0.8471 -0.2769 -0.4535 -0.0218 -0.9997 -0.0128 -0.0577 -0.9967 -0.0578 -0.5216 -0.7557 -0.3961 -0.6013 -0.4915 -0.63 -0.766 -0.276 -0.5805 0.0044 -0.9996 -0.0264 0.0165 -0.9992 -0.0361 0.2159 -0.7561 -0.6179 0.4169 -0.3188 -0.8512 0.3216 -0.2732 -0.9066 0.0218 -0.9992 -0.0334 0.016 -0.9997 -0.02 0.6227 -0.1902 -0.759 0.4735 -0.7556 -0.4527 0.6905 -0.2758 -0.6687 0.4764 -0.4448 -0.7584 0.0891 -0.996 0.0015 0.8724 -0.4884 0.0184 0.0848 -0.9963 0.0158 0.8588 -0.4885 0.1542 -0.0015 -0.996 0.0891 -0.0184 -0.4884 0.8724 -0.0158 -0.9963 0.0848 -0.1541 -0.4886 0.8588 -0.027 -0.9996 0.0024 -0.6541 -0.7563 -0.0157 -0.9615 -0.2734 -0.0294 -0.084 -0.9963 -0.0166 -0.8608 -0.4858 -0.1516 0.0023 -0.9963 -0.0862 0.0184 -0.4884 -0.8724 0.0158 -0.9963 -0.0848 0.1542 -0.4885 -0.8588 -0.8222 -0.5691 -0.0104 -0.8136 -0.5649 -0.1377 -0.3261 -0.6794 -0.6573 -0.117 -0.5655 -0.8164 0.0104 -0.5691 -0.8222 0.1377 -0.5649 -0.8136 0.3881 -0.564 -0.7289 0.6667 -0.6688 -0.3289 0.8179 -0.5631 -0.1177 0.8233 -0.5675 0.009 0.7285 -0.6742 0.1217 0.3629 -0.5621 0.7432 0.1209 -0.5646 0.8165 -0.1205 -0.6749 0.728 -0.3887 -0.5632 0.7292 -0.7419 -0.5617 0.3662 -0.8184 -0.5621 0.1191 0.8172 -0.5062 -0.2758 0.7032 -0.7068 -0.0772 0.7635 -0.6365 0.1093 0.6871 -0.6447 0.3351 0.7244 -0.6286 0.283 0.672 -0.5134 0.5336 0.2762 -0.5052 0.8176 0.3391 -0.6193 0.7082 0.0772 -0.7067 0.7032 -0.1093 -0.6365 0.7635 -0.311 -0.7015 0.6412 -0.2826 -0.6288 0.7244 -0.5339 -0.5137 0.6716 -0.8547 -0.4339 0.2851 -0.7079 -0.6194 0.3394 -0.8128 -0.5704 0.1182 -0.8103 -0.574 -0.1177 -0.9649 0.2591 0.0432 -0.6892 -0.6412 -0.3375 -0.7696 -0.5639 -0.2995 -0.6681 -0.5197 -0.5324 -0.2742 -0.5087 -0.8161 0.0094 -0.7388 -0.6739 -0.0767 -0.7013 -0.7087 0.1186 -0.5723 -0.8114 0.3133 -0.6979 -0.6441 0.2997 -0.5639 -0.7696 0.5578 -0.4448 -0.7008 0.562 -0.6171 -0.5507 -0.4769 -0.5634 -0.6746 -0.1721 -0.953 -0.2495 -0.2078 -0.953 -0.2207 -0.2391 -0.9529 -0.1865 -0.0184 -0.9998 -0.0084 -0.2859 -0.9529 -0.1007 -0.2978 -0.9529 -0.0577 0.4279 -0.9006 0.0765 0.4377 -0.8991 0.0081 0.4326 -0.8997 -0.059 0.4274 -0.8948 -0.1291 0.4004 -0.8954 -0.1946 0.6601 -0.6815 -0.3161 0.7271 -0.4608 -0.5089 0.6714 -0.5676 -0.4766 0.2483 -0.9536 -0.1702 0.2206 -0.953 -0.2079 0.1854 -0.953 -0.2398 0.1456 -0.953 -0.2658 0.1023 -0.953 -0.2853 0.0577 -0.9529 -0.2978 -0.0765 -0.9006 0.4279 -0.0081 -0.8991 0.4377 0.059 -0.8997 0.4326 0.1305 -0.8947 0.4271 0.2895 -0.7586 0.5837 0.5085 -0.4545 0.7313 0.5114 -0.6843 0.5198 0.4748 -0.5655 0.6744 0.1698 -0.9529 0.2514 0.2058 -0.9536 0.2198 0.2391 -0.9529 0.1864 0.0191 -0.9998 0.0075 0.0198 -0.9998 0.0061 0.0211 -0.9998 0.0061 -0.4451 -0.8954 -0.0104 -0.4441 -0.8938 0.0623 -0.6204 -0.76 0.1934 -0.5835 -0.7585 0.2901 -0.7313 -0.4545 0.5085 -0.5198 -0.6843 0.5114 -0.6708 -0.5716 0.4726 -0.2501 -0.9535 0.1679 -0.5321 -0.6734 0.5133 -0.447 -0.6729 0.5894 -0.1454 -0.9529 0.2662 -0.0044 -0.9998 0.02 -0.0051 -0.9998 0.0213 -0.0026 -0.9998 0.0217 -0.0596 -0.8974 -0.4371 -0.1293 -0.8962 -0.4244 -0.1912 -0.898 -0.3964 -0.3158 -0.6847 -0.6568 -0.5119 -0.4544 -0.729 -0.515 -0.6788 -0.5234 -0.576 -0.5637 -0.592 -0.6526 -0.6728 -0.3486 -0.3032 -0.9529 -0.0104 0.3614 -0.8976 -0.2522 0.4684 -0.7571 -0.4554 0.5913 -0.5678 -0.5727 0.0104 -0.9529 -0.3032 0.2538 -0.8952 0.3663 0.5725 -0.5684 0.591 0.6526 -0.6734 0.3474 0.3009 -0.9536 0.0082 0.0188 -0.9998 -0.0082 -0.3663 -0.8952 0.2538 -0.2528 -0.8954 -0.3666 -0.6579 -0.5674 -0.4951 0.3857 -0.7636 -0.5178 0.4973 -0.5641 -0.6592 -0.0078 -0.9998 -0.0156 0.3039 -0.8981 0.318 0.659 -0.5636 0.498 0.6984 -0.6736 0.242 0.0218 -0.9997 -0.0092 -0.318 -0.8981 0.3039 -0.2411 -0.6734 0.6988 -0.3098 -0.894 -0.3237 -0.7857 -0.5679 0.2453 0.0057 -0.7652 -0.6438 0.1072 -0.7682 -0.6312 0.2068 -0.7677 -0.6065 0.21 -0.8986 -0.3851 -0.0128 -0.9998 0.0161 -0.013 -0.9998 0.0158 -0.2756 -0.9525 0.1298 -0.2892 -0.9536 0.0835 -0.301 -0.9529 0.0372 -0.7809 -0.5637 -0.2692 -0.2452 -0.5617 -0.7902 0.6113 -0.7914 0.0077 0.4095 -0.9006 0.1457 0.3528 -0.8964 0.2685 -0.0828 -0.9528 -0.292 -0.0372 -0.9529 -0.301 0.2694 -0.5641 -0.7805 0.5706 -0.7635 0.3024 0.7063 -0.6732 -0.2187 -0.0077 -0.7913 0.6113 -0.1444 -0.9006 0.4099 -0.2097 -0.8988 0.3849 -0.2692 -0.8965 0.3517 0.3009 -0.9529 -0.0373 0.2427 -0.572 0.7835 -0.9112 -0.4072 -0.0621 -0.6317 -0.7679 -0.1063 -0.6067 -0.7677 -0.2064 -0.3497 -0.8987 -0.2648 0.1298 -0.9525 0.2756 0.0835 -0.9536 0.2892 0.0389 -0.9529 0.3008 -0.0061 -0.6742 0.7385 -0.5697 -0.7639 -0.3031 -0.9981 -0.0609 0.0019 -0.9567 -0.1423 -0.2537 -0.8154 -0.205 -0.5414 -0.5531 -0.273 -0.7871 -0.2261 -0.2341 -0.9455 0.2488 -0.1868 -0.9504 0.5412 -0.2033 -0.816 0.7866 -0.2749 -0.5529 0.9457 -0.233 -0.2265 0.9497 -0.1904 0.2486 0.8156 -0.2034 0.5417 0.5542 -0.2727 0.7864 0.2263 -0.233 0.9458 -0.2486 -0.1904 0.9497 -0.5416 -0.2036 0.8156 -0.7864 -0.2727 0.5542 -0.954 -0.1895 0.2324</float_array><technique_common><accessor count="628" source="#eSeries_UR5e_080-mesh-slim-nrm-array" stride="3"><param type="float" name="X"/><param type="float" name="Y"/><param type="float" name="Z"/></accessor></technique_common></source><source id="eSeries_UR5e_080-mesh-slim-pos"><float_array count="1884" id="eSeries_UR5e_080-mesh-slim-pos-array">3.180462 345.8925 -36.75288 15.42206 345.8925 -33.47275 25.80351 345.8925 -26.20358 34.57363 345.8925 -11.29155 36.35281 345.8925 2.780395 33.0727 345.8925 15.02199 25.80351 345.8925 25.40346 10.89149 345.8925 34.17357 -3.180457 345.8925 35.95276 -15.42205 345.8925 32.67263 -25.80351 345.8925 25.40346 -34.57362 345.8925 10.49142 -36.35281 345.8925 -3.580524 -33.07269 345.8925 -15.82211 -25.80351 345.8925 -26.20358 -10.89148 345.8925 -34.97369 -6.417809 345.2531 35.67007 -36.07014 345.2531 -6.81787 -32.3368 345.2229 -17.62952 -23.36741 345.2914 -28.73603 -16.01291 345.22 -33.35895 -5.010466 345.2206 -36.69822 0.711413 345.2164 -37.03782 6.417822 345.2531 -36.4702 17.22945 345.2229 -32.73687 31.69944 345.2876 -18.95188 36.29816 345.2206 -5.410528 36.63776 345.2164 0.311348 36.07015 345.2531 6.017733 32.33681 345.2229 16.82939 25.40811 345.3081 25.98583 5.01047 345.2206 35.89809 -0.711394 345.2164 36.23769 -17.22945 345.2229 31.93674 -26.38589 345.3081 25.00804 -36.29815 345.2206 4.610405 -36.63775 345.2164 -1.111471 33.336 345.2008 -16.60034 35.45772 345.1965 -11.18186 36.71058 345.2008 -5.506047 36.49145 345.1993 6.083153 37.05406 345.1965 0.302887 32.69532 345.1986 17.05364 35.02315 345.1986 11.72409 29.56243 345.1986 21.95343 21.21573 345.2008 29.99123 25.70411 345.1965 26.29817 10.79019 345.1992 35.05737 16.19585 345.1965 32.93447 -0.694873 345.1992 36.65631 5.110579 345.1992 36.30879 -6.48321 345.1993 36.09139 -17.4537 345.1986 32.29526 -12.12414 345.1986 34.62308 -22.35349 345.1986 29.16236 -26.70287 345.1986 25.30154 -30.39473 345.1986 20.80786 -33.33817 345.1986 15.79197 -35.45772 345.1965 10.38172 -37.05638 345.1993 -1.094934 -36.70885 345.1992 4.710508 -36.49145 345.1993 -6.883287 -32.69626 345.1965 -17.8486 -35.02314 345.1986 -12.52422 -29.56877 345.2008 -22.74788 -25.7016 345.1986 -27.10293 -21.21113 345.1965 -30.79061 -10.79018 345.1992 -35.8575 -16.20409 345.1993 -33.73302 0.694876 345.1993 -37.45644 -5.110574 345.1992 -37.10892 6.483223 345.1993 -36.89152 17.45372 345.1986 -33.09538 12.12414 345.1986 -35.42322 22.3535 345.1986 -29.96249 30.38768 345.1993 -21.61909 26.69824 345.1965 -26.10418 20.97307 345.2203 29.6469 25.43808 345.1866 26.00783 29.24241 345.2254 21.6752 29.39664 345.0865 21.75565 32.50064 345.0865 16.88423 34.70738 345.1295 11.59486 36.35075 345.0833 6.002337 36.80519 345.0865 0.245369 36.45302 345.0865 -5.520168 36.61029 345.1095 -5.503038 35.36125 345.1095 -11.16735 33.24153 345.1095 -16.5665 30.30329 345.1095 -21.56758 -30.04697 345.2203 20.573 -26.40789 345.1866 25.03801 -22.07526 345.2254 28.84235 -22.15571 345.0865 28.99659 -17.2843 345.0865 32.10057 -11.99491 345.1295 34.30732 -6.402412 345.0833 35.95068 -0.645428 345.0865 36.40512 5.120111 345.0865 36.05295 5.102982 345.1095 36.21022 10.76727 345.1095 34.9612 16.16643 345.1095 32.84147 21.16752 345.1095 29.90322 -20.99378 345.1866 -30.46223 -25.43807 345.1866 -26.80796 -29.2343 345.2185 -22.4932 -29.39664 345.0865 -22.55578 -32.50063 345.0865 -17.68436 -34.70737 345.1295 -12.39499 -36.35074 345.0833 -6.802469 -36.80518 345.0865 -1.045507 -36.45302 345.0865 4.720044 -36.61028 345.1095 4.702909 -35.36125 345.1095 10.36721 -33.24152 345.1095 15.76637 -30.30329 345.1095 20.76745 30.06217 345.1866 -21.39385 26.39496 345.2198 -25.81685 22.07527 345.2254 -29.64247 22.15571 345.0865 -29.79671 17.28429 345.0865 -32.9007 11.99494 345.1295 -35.10744 6.402407 345.0833 -36.75081 0.645443 345.0865 -37.20525 -5.120118 345.0865 -36.85308 -5.102975 345.1095 -37.01035 -10.76728 345.1095 -35.76132 -16.16642 345.1095 -33.64161 -21.16752 345.1095 -30.70335 36.1565 345.1295 6.017755 35.20326 345.0865 -11.15964 26.61888 345.1095 -26.04745 -6.417824 345.1295 35.75643 10.75959 345.0865 34.8032 25.64739 345.1095 26.21881 -36.15649 345.1295 -6.817891 -35.20326 345.0865 10.35952 -26.61887 345.1095 25.24732 6.417822 345.1295 -36.55655 -10.75958 345.0865 -35.60333 -25.64738 345.1095 -27.01894 22.27902 345.1095 -29.8958 29.49573 345.1095 21.87896 -22.27902 345.1095 29.09567 -29.49573 345.1095 -22.67908 35.06056 345.2256 -11.03946 12.01008 345.0833 -35.30172 17.39058 345.1095 -33.01787 26.4816 345.0865 -25.96886 30.1554 345.0865 -21.51144 33.08668 345.0865 -16.53419 34.62529 345.2573 11.56729 13.40015 345.1801 33.80514 34.90166 345.0833 11.61001 32.61781 345.1095 16.9905 25.5688 345.0865 26.08153 21.11138 345.0865 29.75534 16.1341 345.0865 32.68663 -11.96735 345.2573 34.22522 -34.2052 345.1801 13.00008 -12.01008 345.0833 34.50159 -17.39058 345.1095 32.21773 -26.48159 345.0865 25.16873 -30.1554 345.0865 20.71131 -33.08668 345.0865 15.73406 -34.62528 345.2573 -12.36742 -10.63938 345.2256 -35.46063 -34.90165 345.0833 -12.41013 -32.6178 345.1095 -17.79065 -25.56879 345.0865 -26.88166 -21.11138 345.0865 -30.55546 -16.13411 345.0865 -33.48675 11.96735 345.2573 -35.02536 32.97621 345.1866 -16.43262 0.686942 345.1095 -37.35789 16.03256 345.1866 32.57614 36.95783 345.1095 0.286879 -32.9762 345.1866 15.6325 -0.686948 345.1095 36.55775 -36.95782 345.1095 -1.087009 -35.53455 345.4291 10.40869 -33.39441 345.4262 15.85053 -30.44112 345.4262 20.87451 10.82649 345.4262 35.12536 16.23498 345.4242 32.99922 21.24565 345.4266 30.06176 35.53619 345.4266 -11.19264 33.4062 345.4291 -16.63457 30.44112 345.4262 -21.67463 -10.80875 345.4291 -35.93462 -16.2506 345.4262 -33.79448 -21.27456 345.4262 -30.84119 12.27249 345.3966 -35.81971 -35.41964 345.3966 -12.67255 -12.27249 345.3966 35.01958 35.41965 345.3966 11.87242 35.87049 345.3484 -11.32064 37.4895 345.3484 0.298441 37.13721 345.3484 -5.574818 36.91867 345.3484 6.154507 33.06992 345.4003 17.24328 26.01517 345.3484 26.60293 29.91908 345.3484 22.20081 21.47067 345.3484 30.34015 16.39381 345.3467 33.32299 -0.698502 345.3484 37.08943 5.174757 345.3484 36.73715 -6.554562 345.3484 36.5186 -17.66225 345.3966 32.66366 -22.5994 345.4003 29.50268 -28.80836 341.6255 24.58307 -36.91867 345.3484 -6.954627 -37.56547 345.1903 1.519015 -33.06372 345.3966 -18.06232 -29.89367 345.3966 -23.01717 -25.99926 345.4003 -27.39905 -10.92057 345.3484 -36.27054 0.698509 345.3484 -37.88956 -5.174735 345.3484 -37.53728 6.554565 345.3484 -37.31874 17.66226 345.3966 -33.46379 22.6171 345.3966 -30.29374 27.01505 345.3966 -26.3876 36.78701 345.4266 -5.500688 36.96211 345.4995 -5.479065 35.71251 345.4995 -11.19869 37.07654 345.4455 -5.55864 35.81309 345.4455 -11.29516 5.135804 345.4262 36.38162 5.079004 345.4995 36.56204 10.79862 345.4995 35.31244 5.158575 345.4455 36.67647 10.90824 345.4003 35.45962 -36.78149 345.4242 4.719361 -36.9621 345.4995 4.678931 -35.7125 345.4995 10.39857 -37.07654 345.4455 4.758502 -35.85969 345.4003 10.50817 -5.100625 345.4266 -37.18706 -5.078995 345.4995 -37.36216 -10.79861 345.4995 -36.11257 -5.158575 345.4455 -37.47661 -10.89508 345.4455 -36.21315 33.58355 345.4995 -16.65241 33.70494 345.3961 -16.80628 16.25236 345.4995 33.18348 16.36337 345.4455 33.26774 -33.58353 345.4995 15.85229 -33.72343 345.3966 15.96744 -16.25235 345.4995 -33.98361 -16.40622 345.3961 -34.10499 30.62765 345.4995 -21.70594 30.73377 345.4003 -21.85566 21.30587 345.4995 30.22759 21.42872 345.4455 30.29344 -30.62765 345.4995 20.9058 -30.74779 345.3966 21.04144 -21.30587 345.4995 -31.02772 -21.47684 345.3961 -31.12354 35.23929 345.4995 11.85495 32.88833 345.4995 17.21671 35.10433 345.4262 11.72243 32.77576 345.4262 17.06472 29.86473 345.4455 22.16935 25.96641 345.4455 26.56336 29.72755 345.4995 22.14469 25.83479 345.4995 26.51753 29.64014 345.4262 21.97696 25.76302 345.4291 26.35439 -12.255 345.4995 34.83924 -17.61679 345.4995 32.48826 -12.1225 345.4262 34.70426 -17.46478 345.4262 32.37569 -26.96342 345.4455 25.56635 -22.54475 345.4995 29.32749 -26.9176 345.4995 25.43472 -22.37702 345.4262 29.24007 -26.73826 345.4262 25.37462 -35.23929 345.4995 -12.65509 -32.88833 345.4995 -18.01684 -35.10432 345.4262 -12.52256 -32.77575 345.4262 -17.86485 -29.72755 345.4995 -22.94482 -25.83478 345.4995 -27.31766 -29.64014 345.4262 -22.77709 -25.77468 345.4262 -27.13833 12.25502 345.4995 -35.63936 17.61677 345.4995 -33.28841 12.12251 345.4262 -35.50439 17.46478 345.4262 -33.17582 22.54476 345.4995 -30.12762 26.9176 345.4995 -26.23484 22.39484 345.4291 -30.03122 26.74774 345.4242 -26.16138 37.42705 345.4455 0.304924 37.30158 345.4995 0.365608 37.13201 345.4266 0.316856 36.85597 345.4455 6.151126 36.72255 345.4995 6.191417 36.5627 345.4266 6.116754 -0.704974 345.4455 37.02698 -0.76567 345.4995 36.90151 -0.701043 345.4291 36.73539 -6.551204 345.4455 36.45589 -6.59149 345.4995 36.32248 -6.516831 345.4266 36.16263 -37.42705 345.4455 -1.105051 -37.30157 345.4995 -1.165728 -37.13545 345.4291 -1.101105 -36.85596 345.4455 -6.951259 -36.72254 345.4995 -6.991548 -36.56269 345.4266 -6.916877 0.704991 345.4455 -37.82711 0.765681 345.4995 -37.70164 0.716934 345.4266 -37.53208 6.551195 345.4455 -37.25603 6.591489 345.4995 -37.12261 6.516828 345.4266 -36.96276 -21.46596 339.6383 -31.14439 -16.38965 339.5847 -34.1089 -5.190742 339.5885 -37.52446 30.74632 339.6367 -21.862 33.70885 339.5847 -16.78972 35.85532 339.5885 -11.33445 37.1244 339.5885 -5.590818 21.47912 339.5885 30.32147 16.40878 339.5885 33.3033 10.93439 339.5885 35.45525 5.190755 339.5885 36.72433 -33.70884 339.5847 15.98958 -35.85532 339.5885 10.53431 12.11883 339.5585 -35.50609 -35.10602 339.5585 -12.51889 -12.11884 339.5585 34.70596 35.10603 339.5585 11.71876 36.56299 339.5589 6.112719 37.1356 339.5559 0.293264 32.77801 339.5585 17.06136 25.75196 339.5589 26.36008 29.6358 339.5559 21.98861 -6.512793 339.5589 36.16292 -0.693343 339.5559 36.73553 -17.46142 339.5585 32.37794 -22.37406 339.5585 29.24283 -26.7491 339.5559 25.3685 -37.13166 339.5589 -1.112954 -36.56298 339.5589 -6.912853 -32.77801 339.5585 -17.86149 -29.64289 339.5585 -22.77412 -25.77786 339.5585 -27.13583 0.712898 339.5589 -37.53173 6.512786 339.5589 -36.96305 17.46143 339.5585 -33.17807 22.37406 339.5585 -30.04295 26.73577 339.5585 -26.17793 36.94402 339.4855 -5.608617 35.67438 339.4855 -11.32381 36.78137 339.5609 -5.520349 35.53461 339.5589 -11.19637 5.208554 339.4855 36.54395 10.92376 339.4855 35.27431 5.139845 339.5585 36.38147 10.8111 339.5609 35.12747 -37.12439 339.5885 4.790685 -36.94401 339.4855 4.808487 -35.67437 339.4855 10.52368 -36.78603 339.5589 4.704497 -35.5346 339.5589 10.39625 -10.93438 339.5885 -36.25538 -5.208547 339.4855 -37.34408 -10.92377 339.4855 -36.07443 -5.104565 339.5589 -37.18609 -10.81613 339.5559 -35.93236 33.52632 339.4855 -16.77003 33.4082 339.5589 -16.62229 16.36997 339.4855 33.12625 16.22224 339.5589 33.00813 -33.52631 339.4855 15.9699 -33.40819 339.5589 15.82216 -16.36997 339.4855 -33.92638 -16.25439 339.5585 -33.79309 30.69077 339.5395 -21.83264 30.55273 339.4855 -21.81315 30.45086 339.5559 -21.6669 21.41309 339.4855 30.15266 21.24871 339.5589 30.05911 -30.69076 339.5395 21.03252 -30.55273 339.4855 21.01303 -30.45917 339.5589 20.84864 -21.43258 339.5395 -31.09083 -21.41309 339.4855 -30.95279 -21.27809 339.5585 -30.83922 35.282 339.4855 11.73131 32.94985 339.4855 17.10127 35.3789 339.5395 11.83153 33.07307 339.5847 17.23738 35.43531 339.6367 11.85921 29.80637 339.4855 22.0403 25.92896 339.4855 26.42676 29.92133 339.5885 22.18043 26.02059 339.5885 26.58315 -12.13138 339.4855 34.88193 -17.50133 339.4855 32.54979 -12.23498 339.5501 34.99189 -17.61548 339.5395 32.62982 -17.65165 339.6367 32.6812 -12.2569 339.652 35.03794 -22.44035 339.4855 29.40631 -26.82682 339.4855 25.5289 -22.59407 339.5847 29.50671 -26.96012 339.5395 25.56974 -35.28199 339.4855 -12.53144 -32.94984 339.4855 -17.90141 -35.37889 339.5395 -12.63166 -33.02988 339.5395 -18.01555 -35.4353 339.6367 -12.65934 -33.08126 339.6367 -18.05172 -29.80637 339.4855 -22.84043 -25.92896 339.4855 -27.22689 -29.86757 339.5395 -22.96569 -26.00408 339.5847 -27.39441 -29.91265 339.6367 -23.00944 12.13137 339.4855 -35.68206 17.50134 339.4855 -33.34992 12.2316 339.5395 -35.77896 17.62088 339.5501 -33.44231 12.25928 339.6367 -35.83537 22.44035 339.4855 -30.20644 26.82683 339.4855 -26.32902 22.57287 339.5501 -30.279 26.96011 339.5395 -26.36987 27.01039 339.6367 -26.40755 19.9643 339.7244 -32.26678 37.30398 339.4855 0.234809 37.47935 339.5885 0.280616 36.74539 339.4855 6.06262 36.91143 339.5885 6.135326 -0.634882 339.4855 36.90391 -0.680687 339.5885 37.07928 -6.462679 339.4855 36.34532 -6.535391 339.5885 36.51136 -37.30397 339.4855 -1.034948 -37.42711 339.5395 -1.100323 -37.48981 339.6372 -1.099285 -36.74538 339.4855 -6.86275 -36.91143 339.5885 -6.935441 0.634904 339.4855 -37.70404 0.680689 339.5885 -37.87941 6.462692 339.4855 -37.14545 6.535379 339.5885 -37.31149 37.05602 339.7864 0.283304 36.4929 339.7864 6.071727 16.20581 339.8226 32.90957 5.121888 339.7864 36.30663 -0.683363 339.7864 36.65594 -6.471794 339.7864 36.09283 -17.44383 339.7858 32.30116 -33.31847 339.8169 15.80344 -36.70907 339.7858 4.708876 -37.05432 339.7886 -1.088417 -36.4801 339.8197 -6.851408 -16.20739 339.7843 -33.7326 -5.12188 339.7864 -37.10676 6.451349 339.8197 -36.88018 17.44383 339.7858 -33.10129 33.33254 339.7843 -16.60745 36.7067 339.7864 -5.521949 35.04692 339.7356 -11.06491 36.28929 339.7482 -5.452571 36.07345 339.7494 6.014915 32.33475 339.7253 16.82143 34.63341 339.7502 11.55994 29.24162 339.7397 21.67011 10.66484 339.7356 34.64685 16.01343 339.7166 32.54639 5.052511 339.7482 35.88922 -6.414976 339.7494 35.67338 -17.21579 339.7452 31.94137 -11.96 339.7502 34.23334 -22.07017 339.7397 28.84155 -35.04705 339.7186 10.26029 -32.94645 339.7166 15.61336 -36.2837 339.7344 4.651478 -36.07084 339.7315 -6.812203 -36.63106 339.6675 -0.400064 -32.33475 339.7253 -17.62155 -34.62806 339.7324 -12.366 -29.23694 339.7461 -22.48129 -10.65584 339.7392 -35.45135 0.693706 339.727 -37.02833 -5.040444 339.7421 -36.68798 6.41215 339.7315 -36.47091 17.2158 339.7452 -32.7415 11.96593 339.7324 -35.02814 22.07938 339.7253 -29.63361 26.37926 339.7136 -25.81613 21.21768 339.7858 29.98855 21.11383 339.894 29.89772 25.59351 339.894 26.22177 29.44298 339.894 21.8903 32.47845 339.9036 17.00988 34.89004 339.894 11.70095 36.35351 339.894 6.093948 36.18655 339.8764 6.041761 36.74876 339.8764 0.301609 36.40609 339.8764 -5.45579 35.16698 339.8764 -11.08872 33.06194 339.8764 -16.45845 32.95138 339.7375 -16.40946 30.03618 339.7439 -21.37973 -30.38218 339.7886 20.82303 -30.29777 339.894 20.71378 -26.62183 339.894 25.19345 -22.29036 339.894 29.04292 -17.41004 339.894 32.1674 -12.10101 339.894 34.48998 -6.494023 339.894 35.95344 -6.441812 339.8764 35.78649 -0.701676 339.8764 36.34869 5.055737 339.8764 36.00602 10.68865 339.8764 34.76692 16.04546 339.8415 32.61468 20.9687 339.7371 29.63989 25.42152 339.7445 25.98328 -21.22812 339.7864 -30.78068 -21.11383 339.894 -30.69785 -25.5935 339.894 -27.0219 -29.44297 339.894 -22.69043 -32.47845 339.9036 -17.81001 -34.8021 339.9036 -12.51491 -36.26881 339.9036 -6.921513 -36.74876 339.8764 -1.101747 -36.40608 339.8764 4.655655 -35.11833 339.8415 10.28321 -33.01474 339.8415 15.64539 -30.03995 339.7371 20.56863 -26.38335 339.7445 25.02145 30.38218 339.7886 -21.62317 30.29778 339.894 -21.5139 26.69079 339.8192 -26.09205 22.34307 339.8192 -29.9511 17.41005 339.894 -32.96753 12.11483 339.9036 -35.20218 6.521448 339.9036 -36.66888 0.76743 339.9036 -37.24253 -5.055734 339.8764 -36.80614 -10.68864 339.8764 -35.56704 -16.05838 339.8764 -33.462 -16.02095 339.7444 -33.34943 -20.98727 339.7373 -30.42733 -25.41808 339.7336 -26.77993 25.71028 339.7858 26.29524 32.68243 339.8192 17.04512 36.92182 339.894 0.327085 30.14282 339.8764 -21.43276 26.44058 339.8415 -25.86232 -26.6953 339.7858 25.31021 -0.727155 339.894 36.52175 21.03271 339.8764 29.74274 -25.71462 339.7886 -27.08816 -32.68242 339.8192 -17.84526 -36.92181 339.894 -1.127213 -35.27641 339.9036 10.255 -30.14281 339.8764 20.63263 -21.0327 339.8764 -30.54287 29.56981 339.7858 21.9446 22.13188 339.8415 -29.68506 -22.34466 339.7858 29.16974 16.04232 339.9036 32.77523 25.48913 339.8764 26.0814 -29.5698 339.7858 -22.74473 -35.00908 339.8192 -12.51781 -33.17529 339.9036 15.64226 -26.48146 339.8764 25.08907 12.11775 339.8192 -35.40915 -25.48913 339.8764 -26.88153 35.45347 339.7886 -11.19582 0.691778 339.8415 -37.10091 6.424535 339.8415 -36.54084 11.99911 339.8415 -35.09087 17.30878 339.8764 -32.82489 22.27634 339.9036 -29.75515 26.59423 339.9036 -25.90895 33.22769 339.894 -16.51435 35.33943 339.894 -11.11799 36.581 339.894 -5.457719 35.02744 339.7858 11.7134 10.80101 339.7864 35.05347 36.63115 339.7458 0.297363 34.73332 339.8764 11.62326 29.31793 339.8764 21.76799 10.71793 339.894 34.93936 5.057663 339.894 36.18093 -12.11346 339.7858 34.62738 32.38663 339.8415 16.87814 -35.44557 339.8192 10.3743 -0.697418 339.7458 36.23109 -12.02333 339.8764 34.33325 -17.30879 339.8764 32.02475 -22.16805 339.8764 28.91787 -36.581 339.894 4.657589 -10.79575 339.7886 -35.85353 -36.62939 339.739 -1.090659 -36.14077 339.8415 -6.824603 -34.6908 339.8415 -12.39916 -29.31793 339.8764 -22.56811 -16.11429 339.894 -33.62776 -10.71792 339.894 -35.73949 -5.05765 339.894 -36.98107 0.665175 339.8197 -37.44025 -32.38662 339.8415 -17.67827 -36.63106 339.0925 -0.400064 -35.24825 339.0925 -9.844806 -29.89223 339.0925 -21.33083 -20.93077 339.0925 -30.29229 -9.444738 339.0925 -35.64832 9.444746 339.0925 -35.64832 20.93077 339.0925 -30.29229 29.89223 339.0925 -21.33083 35.24826 339.0925 -9.844806 35.24826 339.0925 9.044677 29.89223 339.0925 20.53071 20.93077 339.0925 29.49217 9.444746 339.0925 34.84819 -9.444738 339.0925 34.84819 -20.93077 339.0925 29.49217 -29.89223 339.0925 20.53071 -35.24825 339.0925 9.044677</float_array><technique_common><accessor count="628" source="#eSeries_UR5e_080-mesh-slim-pos-array" stride="3"><param type="float" name="X"/><param type="float" name="Y"/><param type="float" name="Z"/></accessor></technique_common></source><vertices id="eSeries_UR5e_080-mesh-slim-pos-vertices">
          <input semantic="POSITION" source="#eSeries_UR5e_080-mesh-slim-pos"/>
        </vertices>
        <triangles count="1223" material="Black-material"><input offset="0" semantic="VERTEX" source="#eSeries_UR5e_080-mesh-slim-pos-vertices"/><input offset="1" semantic="NORMAL" source="#eSeries_UR5e_080-mesh-slim-nrm"/><p>13 13 165 165 12 12 12 12 165 165 17 17 165 165 13 13 18 18 18 18 13 13 105 105 105 105 13 13 14 14 105 105 14 14 19 19 19 19 14 14 15 15 19 19 15 15 20 20 20 20 15 15 166 166 166 166 15 15 21 21 0 0 22 22 15 15 15 15 22 22 21 21 1 1 172 172 0 0 172 172 23 23 0 0 0 0 23 23 22 22 172 172 1 1 24 24 24 24 1 1 118 118 118 118 1 1 2 2 118 118 2 2 117 117 117 117 2 2 25 25 25 25 2 2 3 3 25 25 3 3 145 145 145 145 3 3 26 26 4 4 27 27 3 3 3 3 27 27 26 26 5 5 151 151 4 4 151 151 28 28 4 4 4 4 28 28 27 27 151 151 5 5 29 29 29 29 5 5 79 79 79 79 5 5 6 6 79 79 6 6 30 30 30 30 6 6 77 77 77 77 6 6 7 7 77 77 7 7 152 152 152 152 7 7 31 31 16 16 32 32 8 8 8 8 32 32 7 7 7 7 32 32 31 31 16 16 8 8 158 158 158 158 8 8 9 9 158 158 9 9 33 33 33 33 9 9 92 92 92 92 9 9 10 10 92 92 10 10 34 34 34 34 10 10 90 90 90 90 10 10 11 11 90 90 11 11 159 159 159 159 11 11 35 35 17 17 36 36 12 12 12 12 36 36 11 11 11 11 36 36 35 35 79 79 78 78 80 80 79 79 80 80 81 81 82 82 81 81 153 153 82 82 153 153 83 83 85 85 84 84 86 86 85 85 86 86 87 87 89 89 88 88 75 75 89 89 75 75 76 76 92 92 91 91 93 93 92 92 93 93 94 94 95 95 94 94 160 160 95 95 160 160 96 96 98 98 97 97 99 99 98 98 99 99 100 100 102 102 101 101 45 45 102 102 45 45 46 46 105 105 104 104 106 106 105 105 106 106 107 107 108 108 107 107 167 167 108 108 167 167 109 109 111 111 110 110 112 112 111 111 112 112 113 113 115 115 114 114 56 56 115 115 56 56 55 55 118 118 117 117 119 119 118 118 119 119 120 120 121 121 120 120 146 146 121 121 146 146 122 122 124 124 123 123 125 125 124 124 125 125 126 126 128 128 127 127 66 66 128 128 66 66 65 65 29 29 79 79 81 81 29 29 81 81 82 82 129 129 82 82 83 83 129 129 83 83 84 84 130 130 85 85 87 87 130 130 87 87 88 88 131 131 89 89 76 76 131 131 76 76 74 74 33 33 92 92 94 94 33 33 94 94 95 95 132 132 95 95 96 96 132 132 96 96 97 97 133 133 98 98 100 100 133 133 100 100 101 101 134 134 102 102 46 46 134 134 46 46 44 44 18 18 105 105 107 107 18 18 107 107 108 108 135 135 108 108 109 109 135 135 109 109 110 110 136 136 111 111 113 113 136 136 113 113 114 114 137 137 115 115 55 55 137 137 55 55 54 54 24 24 118 118 120 120 24 24 120 120 121 121 138 138 121 121 122 122 138 138 122 122 123 123 139 139 124 124 126 126 139 139 126 126 127 127 140 140 128 128 65 65 140 140 65 65 64 64 150 150 130 130 88 88 150 150 88 88 89 89 141 141 131 131 74 74 141 141 74 74 72 72 157 157 133 133 101 101 157 157 101 101 102 102 142 142 134 134 44 44 142 142 44 44 42 42 19 19 103 103 104 104 164 164 136 136 114 114 164 164 114 114 115 115 143 143 137 137 54 54 143 143 54 54 52 52 25 25 116 116 117 117 171 171 139 139 127 127 171 171 127 127 128 128 144 144 140 140 64 64 144 144 64 64 62 62 69 69 70 70 174 174 69 69 174 174 122 122 147 147 146 146 120 120 147 147 120 120 119 119 130 130 150 150 145 145 130 130 145 145 26 26 73 73 71 71 146 146 73 73 146 146 147 147 131 131 141 141 148 148 131 131 148 148 149 149 84 84 85 85 27 27 84 84 27 27 129 129 82 82 129 129 151 151 82 82 151 151 29 29 41 41 39 39 176 176 41 41 176 176 83 83 154 154 153 153 81 81 154 154 81 81 80 80 133 133 157 157 152 152 133 133 152 152 31 31 43 43 40 40 153 153 43 43 153 153 154 154 134 134 142 142 155 155 134 134 155 155 156 156 97 97 98 98 32 32 97 97 32 32 132 132 95 95 132 132 158 158 95 95 158 158 33 33 49 49 50 50 178 178 49 49 178 178 96 96 161 161 160 160 94 94 161 161 94 94 93 93 136 136 164 164 159 159 136 136 159 159 35 35 53 53 51 51 160 160 53 53 160 160 161 161 137 137 143 143 162 162 137 137 162 162 163 163 110 110 111 111 36 36 110 110 36 36 135 135 108 108 135 135 165 165 108 108 165 165 18 18 59 59 60 60 179 179 59 59 179 179 109 109 168 168 167 167 107 107 168 168 107 107 106 106 139 139 171 171 166 166 139 139 166 166 21 21 63 63 61 61 167 167 63 63 167 167 168 168 140 140 144 144 169 169 140 140 169 169 170 170 123 123 124 124 22 22 123 123 22 22 138 138 121 121 138 138 172 172 121 121 172 172 24 24 116 116 25 25 173 173 25 25 145 145 173 173 68 68 66 66 127 127 68 68 127 127 126 126 174 174 125 125 123 123 174 174 123 123 122 122 148 148 119 119 117 117 148 148 117 117 116 116 67 67 68 68 126 126 67 67 126 126 125 125 149 149 148 148 116 116 149 149 116 116 173 173 173 173 145 145 150 150 173 173 150 150 149 149 125 125 174 174 70 70 125 125 70 70 67 67 28 28 151 151 129 129 28 28 129 129 27 27 26 26 27 27 85 85 26 26 85 85 130 130 119 119 148 148 141 141 119 119 141 141 147 147 122 122 146 146 71 71 122 122 71 71 69 69 72 72 73 73 147 147 72 72 147 147 141 141 89 89 131 131 149 149 89 89 149 149 150 150 78 78 79 79 30 30 78 78 30 30 77 77 77 77 152 152 175 175 37 37 75 75 88 88 37 37 88 88 87 87 176 176 86 86 84 84 176 176 84 84 83 83 155 155 80 80 78 78 155 155 78 78 77 77 38 38 37 37 87 87 38 38 87 87 86 86 156 156 155 155 77 77 156 156 77 77 175 175 175 175 152 152 157 157 175 175 157 157 156 156 86 86 176 176 39 39 86 86 39 39 38 38 16 16 158 158 132 132 16 16 132 132 32 32 31 31 32 32 98 98 31 31 98 98 133 133 80 80 155 155 142 142 80 80 142 142 154 154 83 83 153 153 40 40 83 83 40 40 41 41 42 42 43 43 154 154 42 42 154 154 142 142 102 102 134 134 156 156 102 102 156 156 157 157 91 91 92 92 34 34 91 91 34 34 90 90 90 90 159 159 177 177 48 48 45 45 101 101 48 48 101 101 100 100 178 178 99 99 97 97 178 178 97 97 96 96 162 162 93 93 91 91 162 162 91 91 90 90 47 47 48 48 100 100 47 47 100 100 99 99 163 163 162 162 90 90 163 163 90 90 177 177 177 177 159 159 164 164 177 177 164 164 163 163 99 99 178 178 50 50 99 99 50 50 47 47 17 17 165 165 135 135 17 17 135 135 36 36 35 35 36 36 111 111 35 35 111 111 136 136 93 93 162 162 143 143 93 93 143 143 161 161 96 96 160 160 51 51 96 96 51 51 49 49 52 52 53 53 161 161 52 52 161 161 143 143 115 115 137 137 163 163 115 115 163 163 164 164 104 104 105 105 19 19 19 19 20 20 103 103 57 57 56 56 114 114 57 57 114 114 113 113 179 179 112 112 110 110 179 179 110 110 109 109 169 169 106 106 104 104 169 169 104 104 103 103 58 58 57 57 113 113 58 58 113 113 112 112 170 170 169 169 103 103 170 170 103 103 20 20 20 20 166 166 171 171 20 20 171 171 170 170 112 112 179 179 60 60 112 112 60 60 58 58 23 23 172 172 138 138 23 23 138 138 22 22 21 21 22 22 124 124 21 21 124 124 139 139 106 106 169 169 144 144 106 106 144 144 168 168 109 109 167 167 61 61 109 109 61 61 59 59 62 62 63 63 168 168 62 62 168 168 144 144 128 128 140 140 170 170 128 128 170 170 171 171 60 60 233 233 58 58 58 58 233 233 180 180 58 58 180 180 57 57 57 57 180 180 181 181 57 57 181 181 56 56 56 56 181 181 182 182 56 56 182 182 55 55 55 55 182 182 277 277 55 55 277 277 54 54 54 54 277 277 276 276 54 54 276 276 52 52 52 52 276 276 272 272 52 52 272 272 53 53 53 53 272 272 271 271 53 53 271 271 51 51 51 51 271 271 305 305 51 51 305 305 49 49 49 49 305 305 302 302 49 49 302 302 228 228 49 49 228 228 50 50 50 50 228 228 183 183 50 50 183 183 47 47 47 47 183 183 184 184 47 47 184 184 48 48 48 48 184 184 45 45 45 45 184 184 185 185 45 45 185 185 46 46 46 46 185 185 268 268 46 46 268 268 44 44 44 44 268 268 267 267 44 44 267 267 42 42 42 42 267 267 262 262 42 42 262 262 43 43 43 43 262 262 261 261 43 43 261 261 40 40 40 40 261 261 299 299 40 40 299 299 41 41 41 41 299 299 296 296 41 41 296 296 39 39 39 39 296 296 223 223 39 39 223 223 38 38 38 38 223 223 186 186 38 38 186 186 37 37 37 37 186 186 187 187 37 37 187 187 188 188 37 37 188 188 75 75 75 75 188 188 293 293 75 75 293 293 76 76 76 76 293 293 74 74 74 74 293 293 292 292 74 74 292 292 72 72 72 72 292 292 289 289 72 72 289 289 73 73 73 73 289 289 288 288 73 73 288 288 71 71 71 71 288 288 317 317 71 71 317 317 69 69 69 69 317 317 314 314 69 69 314 314 70 70 70 70 314 314 238 238 70 70 238 238 67 67 67 67 238 238 189 189 67 67 189 189 190 190 67 67 190 190 68 68 68 68 190 190 191 191 68 68 191 191 66 66 66 66 191 191 65 65 65 65 191 191 285 285 65 65 285 285 64 64 64 64 285 285 284 284 64 64 284 284 281 281 64 64 281 281 62 62 62 62 281 281 63 63 63 63 281 281 280 280 63 63 280 280 61 61 61 61 280 280 311 311 61 61 311 311 59 59 59 59 311 311 308 308 59 59 308 308 233 233 59 59 233 233 60 60 186 186 223 223 224 224 186 186 224 224 225 225 225 225 224 224 226 226 225 225 226 226 227 227 227 227 226 226 198 198 227 227 198 198 196 196 183 183 228 228 229 229 183 183 229 229 230 230 230 230 229 229 231 231 230 230 231 231 232 232 232 232 231 231 206 206 180 180 233 233 234 234 180 180 234 234 235 235 235 235 234 234 236 236 235 235 236 236 237 237 237 237 236 236 212 212 189 189 238 238 239 239 189 189 239 239 240 240 240 240 239 239 241 241 240 240 241 241 242 242 242 242 241 241 218 218 242 242 218 218 216 216 187 187 186 186 225 225 187 187 225 225 243 243 243 243 225 225 227 227 243 243 227 227 244 244 244 244 227 227 196 196 184 184 183 183 230 230 184 184 230 230 245 245 245 245 230 230 232 232 245 245 232 232 246 246 246 246 232 232 204 204 181 181 180 180 235 235 181 181 235 235 247 247 247 247 235 235 237 237 247 247 237 237 248 248 190 190 189 189 240 240 190 190 240 240 249 249 249 249 240 240 242 242 249 249 242 242 250 250 250 250 242 242 216 216 188 188 187 187 243 243 188 188 243 243 251 251 251 251 243 243 244 244 251 251 244 244 252 252 185 185 184 184 245 245 185 185 245 245 253 253 253 253 245 245 246 246 253 253 246 246 254 254 254 254 246 246 204 204 254 254 204 204 203 203 182 182 181 181 247 247 182 182 247 247 255 255 255 255 247 247 248 248 255 255 248 248 256 256 191 191 190 190 249 249 191 191 249 249 257 257 257 257 249 249 250 250 257 257 250 250 258 258 200 200 195 195 259 259 200 200 259 259 260 260 260 260 259 259 261 261 260 260 261 261 262 262 201 201 202 202 263 263 201 201 263 263 264 264 264 264 263 263 265 265 264 264 265 265 266 266 266 266 265 265 267 267 266 266 267 267 268 268 208 208 194 194 269 269 208 208 269 269 270 270 270 270 269 269 271 271 270 270 271 271 272 272 210 210 209 209 273 273 273 273 209 209 274 274 273 273 274 274 275 275 275 275 274 274 276 276 275 275 276 276 277 277 213 213 193 193 278 278 213 213 278 278 279 279 279 279 278 278 280 280 279 279 280 280 281 281 215 215 214 214 282 282 215 215 282 282 283 283 283 283 282 282 284 284 283 283 284 284 285 285 220 220 192 192 286 286 220 220 286 286 287 287 287 287 286 286 288 288 287 287 288 288 289 289 222 222 221 221 290 290 222 222 290 290 291 291 291 291 290 290 292 292 291 291 292 292 293 293 197 197 198 198 226 226 197 197 226 226 294 294 294 294 226 226 224 224 294 294 224 224 295 295 295 295 224 224 223 223 295 295 223 223 296 296 199 199 197 197 294 294 199 199 294 294 297 297 297 297 294 294 295 295 297 297 295 295 298 298 298 298 295 295 296 296 298 298 296 296 299 299 299 299 261 261 259 259 299 299 259 259 298 298 298 298 259 259 195 195 298 298 195 195 297 297 297 297 195 195 199 199 262 262 267 267 265 265 262 262 265 265 260 260 260 260 265 265 263 263 260 260 263 263 200 200 200 200 263 263 202 202 203 203 201 201 264 264 203 203 264 264 254 254 254 254 264 264 266 266 254 254 266 266 253 253 253 253 266 266 268 268 253 253 268 268 185 185 205 205 206 206 231 231 205 205 231 231 300 300 300 300 231 231 229 229 300 300 229 229 301 301 301 301 229 229 228 228 301 301 228 228 302 302 207 207 205 205 300 300 207 207 300 300 303 303 303 303 300 300 301 301 303 303 301 301 304 304 304 304 301 301 302 302 304 304 302 302 305 305 305 305 271 271 269 269 305 305 269 269 304 304 304 304 269 269 194 194 304 304 194 194 303 303 303 303 194 194 207 207 272 272 276 276 274 274 272 272 274 274 270 270 270 270 274 274 209 209 270 270 209 209 208 208 256 256 210 210 273 273 256 256 273 273 275 275 256 256 275 275 255 255 255 255 275 275 277 277 255 255 277 277 182 182 212 212 236 236 306 306 306 306 236 236 234 234 306 306 234 234 307 307 307 307 234 234 233 233 307 307 233 233 308 308 211 211 212 212 306 306 211 211 306 306 309 309 309 309 306 306 307 307 309 309 307 307 310 310 310 310 307 307 308 308 310 310 308 308 311 311 311 311 280 280 278 278 311 311 278 278 310 310 310 310 278 278 193 193 310 310 193 193 309 309 309 309 193 193 211 211 281 281 284 284 282 282 281 281 282 282 279 279 279 279 282 282 214 214 279 279 214 214 213 213 258 258 215 215 283 283 258 258 283 283 257 257 257 257 283 283 285 285 257 257 285 285 191 191 217 217 218 218 241 241 217 217 241 241 312 312 312 312 241 241 239 239 312 312 239 239 313 313 313 313 239 239 238 238 313 313 238 238 314 314 219 219 217 217 312 312 219 219 312 312 315 315 315 315 312 312 313 313 315 315 313 313 316 316 316 316 313 313 314 314 316 316 314 314 317 317 317 317 288 288 286 286 317 317 286 286 316 316 316 316 286 286 192 192 316 316 192 192 315 315 315 315 192 192 219 219 289 289 292 292 290 290 289 289 290 290 287 287 287 287 290 290 221 221 287 287 221 221 220 220 252 252 222 222 291 291 252 252 291 291 251 251 251 251 291 291 293 293 251 251 293 293 188 188 363 363 212 212 443 443 443 443 212 212 445 445 445 445 212 212 211 211 445 445 211 211 415 415 415 415 211 211 193 193 415 415 193 193 416 416 416 416 193 193 213 213 416 416 213 213 421 421 421 421 213 213 214 214 421 421 214 214 420 420 420 420 214 214 215 215 420 420 215 215 318 318 318 318 215 215 258 258 318 318 258 258 250 250 318 318 250 250 319 319 319 319 250 250 368 368 368 368 250 250 216 216 368 368 216 216 320 320 320 320 216 216 218 218 320 320 218 218 447 447 447 447 218 218 217 217 447 447 217 217 449 449 449 449 217 217 219 219 449 449 219 219 426 426 426 426 219 219 192 192 426 426 192 192 432 432 432 432 192 192 220 220 432 432 220 220 221 221 432 432 221 221 431 431 431 431 221 221 222 222 431 431 222 222 321 321 321 321 222 222 252 252 321 321 252 252 244 244 321 321 244 244 322 322 322 322 244 244 323 323 323 323 244 244 196 196 323 323 196 196 324 324 324 324 196 196 198 198 324 324 198 198 434 434 434 434 198 198 197 197 434 434 197 197 436 436 436 436 197 197 199 199 436 436 199 199 396 396 396 396 199 199 195 195 396 396 195 195 395 395 395 395 195 195 200 200 395 395 200 200 399 399 399 399 200 200 202 202 399 399 202 202 400 400 400 400 202 202 201 201 400 400 201 201 325 325 325 325 201 201 203 203 325 325 203 203 326 326 326 326 203 203 204 204 326 326 204 204 327 327 327 327 204 204 232 232 327 327 232 232 328 328 328 328 232 232 206 206 328 328 206 206 438 438 438 438 206 206 205 205 438 438 205 205 440 440 440 440 205 205 207 207 440 440 207 207 406 406 406 406 207 207 194 194 406 406 194 194 405 405 405 405 194 194 208 208 405 405 208 208 409 409 409 409 208 208 209 209 409 409 209 209 210 210 210 210 256 256 329 329 329 329 256 256 248 248 329 329 248 248 330 330 330 330 248 248 237 237 330 330 237 237 363 363 363 363 237 237 212 212 323 323 324 324 355 355 323 323 355 355 356 356 356 356 355 355 357 357 356 356 357 357 358 358 327 327 328 328 359 359 327 327 359 359 360 360 360 360 359 359 361 361 360 360 361 361 362 362 330 330 363 363 364 364 330 330 364 364 365 365 365 365 364 364 366 366 365 365 366 366 367 367 368 368 320 320 369 369 368 368 369 369 370 370 370 370 369 369 371 371 370 370 371 371 372 372 322 322 323 323 356 356 322 322 356 356 373 373 373 373 356 356 358 358 373 373 358 358 374 374 326 326 327 327 360 360 326 326 360 360 375 375 375 375 360 360 362 362 375 375 362 362 376 376 329 329 330 330 365 365 329 329 365 365 377 377 377 377 365 365 367 367 377 377 367 367 378 378 319 319 368 368 370 370 319 319 370 370 379 379 379 379 370 370 372 372 379 379 372 372 380 380 321 321 322 322 381 381 381 381 322 322 373 373 381 381 373 373 382 382 382 382 373 373 374 374 382 382 374 374 383 383 325 325 326 326 375 375 325 325 375 375 384 384 384 384 375 375 376 376 384 384 376 376 385 385 210 210 329 329 386 386 386 386 329 329 377 377 386 386 377 377 387 387 387 387 377 377 378 378 387 387 378 378 388 388 318 318 319 319 389 389 389 389 319 319 379 379 389 389 379 379 390 390 390 390 379 379 380 380 390 390 380 380 391 391 337 337 334 334 392 392 337 337 392 392 393 393 393 393 392 392 394 394 393 393 394 394 395 395 395 395 394 394 396 396 338 338 339 339 397 397 338 338 397 397 398 398 398 398 397 397 399 399 398 398 399 399 400 400 342 342 333 333 401 401 342 342 401 401 402 402 402 402 401 401 403 403 402 402 403 403 404 404 404 404 403 403 405 405 405 405 403 403 406 406 344 344 343 343 407 407 344 344 407 407 408 408 408 408 407 407 409 409 408 408 409 409 410 410 410 410 409 409 210 210 347 347 332 332 411 411 347 347 411 411 412 412 412 412 411 411 413 413 412 412 413 413 414 414 414 414 413 413 415 415 414 414 415 415 416 416 349 349 348 348 417 417 349 349 417 417 418 418 418 418 417 417 419 419 418 418 419 419 420 420 420 420 419 419 421 421 352 352 331 331 422 422 352 352 422 422 423 423 423 423 422 422 424 424 423 423 424 424 425 425 425 425 424 424 426 426 425 425 426 426 432 432 354 354 353 353 427 427 354 354 427 427 428 428 428 428 427 427 429 429 428 428 429 429 430 430 430 430 429 429 431 431 431 431 429 429 432 432 336 336 357 357 355 355 336 336 355 355 433 433 433 433 355 355 324 324 433 433 324 324 434 434 335 335 336 336 433 433 335 335 433 433 435 435 435 435 433 433 434 434 435 435 434 434 436 436 436 436 396 396 394 394 436 436 394 394 392 392 436 436 392 392 435 435 435 435 392 392 334 334 435 435 334 334 335 335 395 395 399 399 397 397 395 395 397 397 393 393 393 393 397 397 339 339 393 393 339 339 337 337 385 385 338 338 398 398 385 385 398 398 384 384 384 384 398 398 400 400 384 384 400 400 325 325 341 341 361 361 359 359 341 341 359 359 437 437 437 437 359 359 328 328 437 437 328 328 438 438 340 340 341 341 437 437 340 340 437 437 439 439 439 439 437 437 438 438 439 439 438 438 440 440 440 440 406 406 403 403 440 440 403 403 401 401 440 440 401 401 439 439 439 439 401 401 333 333 439 439 333 333 340 340 405 405 409 409 404 404 404 404 409 409 407 407 404 404 407 407 402 402 402 402 407 407 343 343 402 402 343 343 342 342 388 388 344 344 408 408 388 388 408 408 387 387 387 387 408 408 410 410 387 387 410 410 386 386 386 386 410 410 210 210 345 345 366 366 364 364 345 345 364 364 441 441 441 441 364 364 363 363 441 441 363 363 442 442 442 442 363 363 443 443 346 346 345 345 441 441 346 346 441 441 444 444 444 444 441 441 442 442 444 444 442 442 445 445 445 445 442 442 443 443 445 445 415 415 413 413 445 445 413 413 411 411 445 445 411 411 444 444 444 444 411 411 332 332 444 444 332 332 346 346 416 416 421 421 419 419 416 416 419 419 414 414 414 414 419 419 417 417 414 414 417 417 412 412 412 412 417 417 348 348 412 412 348 348 347 347 391 391 349 349 418 418 391 391 418 418 390 390 390 390 418 418 420 420 390 390 420 420 389 389 389 389 420 420 318 318 350 350 371 371 369 369 350 350 369 369 446 446 446 446 369 369 320 320 446 446 320 320 447 447 351 351 350 350 446 446 351 351 446 446 448 448 448 448 446 446 447 447 448 448 447 447 449 449 449 449 426 426 424 424 449 449 424 424 422 422 449 449 422 422 448 448 448 448 422 422 331 331 448 448 331 331 351 351 432 432 429 429 425 425 425 425 429 429 427 427 425 425 427 427 423 423 423 423 427 427 353 353 423 423 353 353 352 352 383 383 354 354 428 428 383 383 428 428 382 382 382 382 428 428 430 430 382 382 430 430 381 381 381 381 430 430 431 431 381 381 431 431 321 321 450 450 336 336 451 451 451 451 336 336 335 335 451 451 335 335 586 586 586 586 335 335 334 334 586 586 334 334 552 552 552 552 334 334 337 337 552 552 337 337 565 565 565 565 337 337 339 339 565 565 339 339 338 338 565 565 338 338 551 551 551 551 338 338 385 385 551 551 385 385 496 496 496 496 385 385 376 376 496 496 376 376 452 452 452 452 376 376 587 587 587 587 376 376 362 362 587 587 362 362 453 453 453 453 362 362 361 361 453 453 361 361 454 454 454 454 361 361 341 341 454 454 341 341 455 455 455 455 341 341 340 340 455 455 340 340 593 593 593 593 340 340 333 333 593 593 333 333 456 456 456 456 333 333 342 342 456 456 342 342 567 567 567 567 342 342 343 343 567 567 343 343 556 556 556 556 343 343 344 344 556 556 344 344 388 388 556 556 388 388 510 510 510 510 388 388 457 457 457 457 388 388 378 378 457 457 378 378 367 367 457 457 367 367 595 595 595 595 367 367 366 366 595 595 366 366 458 458 458 458 366 366 345 345 458 458 345 345 459 459 459 459 345 345 460 460 460 460 345 345 346 346 460 460 346 346 571 571 571 571 346 346 332 332 571 571 332 332 560 560 560 560 332 332 347 347 560 560 347 347 570 570 570 570 347 347 348 348 570 570 348 348 559 559 559 559 348 348 349 349 559 559 349 349 524 524 524 524 349 349 391 391 524 524 391 391 461 461 461 461 391 391 380 380 461 461 380 380 601 601 601 601 380 380 372 372 601 601 372 372 462 462 462 462 372 372 371 371 462 462 371 371 609 609 609 609 371 371 350 350 609 609 350 350 463 463 463 463 350 350 351 351 463 463 351 351 574 574 574 574 351 351 331 331 574 574 331 331 464 464 464 464 331 331 352 352 464 464 352 352 540 540 540 540 352 352 353 353 540 540 353 353 539 539 539 539 353 353 354 354 539 539 354 354 537 537 537 537 354 354 383 383 537 537 383 383 465 465 465 465 383 383 374 374 465 465 374 374 358 358 465 465 358 358 576 576 576 576 358 358 466 466 466 466 358 358 357 357 466 466 357 357 450 450 450 450 357 357 336 336 496 496 497 497 498 498 502 502 501 501 503 503 502 502 503 503 504 504 507 507 506 506 508 508 507 507 508 508 509 509 510 510 511 511 512 512 516 516 515 515 517 517 516 516 517 517 518 518 524 524 525 525 526 526 537 537 538 538 539 539 540 540 539 539 581 581 540 540 581 581 541 541 547 547 546 546 548 548 547 547 548 548 549 549 551 551 496 496 498 498 551 551 498 498 499 499 552 552 499 499 500 500 552 552 500 500 501 501 553 553 502 502 504 504 553 553 504 504 505 505 554 554 507 507 509 509 554 554 509 509 555 555 555 555 509 509 495 495 555 555 495 495 494 494 556 556 510 510 512 512 556 556 512 512 513 513 557 557 516 516 518 518 557 557 518 518 519 519 558 558 521 521 522 522 558 558 522 522 523 523 559 559 524 524 526 526 559 559 526 526 527 527 560 560 527 527 528 528 560 560 528 528 529 529 561 561 530 530 531 531 561 561 531 531 532 532 562 562 532 532 533 533 562 562 533 533 534 534 563 563 534 534 535 535 563 563 535 535 536 536 564 564 547 547 549 549 564 564 549 549 550 550 565 565 551 551 499 499 565 565 499 499 552 552 585 585 553 553 505 505 585 585 505 505 506 506 566 566 555 555 494 494 566 566 494 494 492 492 567 567 556 556 513 513 567 567 513 513 514 514 592 592 557 557 519 519 592 592 519 519 520 520 568 568 520 520 521 521 568 568 521 521 558 558 569 569 558 558 523 523 569 569 523 523 472 472 570 570 559 559 527 527 570 570 527 527 560 560 571 571 560 560 529 529 571 571 529 529 530 530 600 600 561 561 532 532 600 600 532 532 562 562 572 572 562 562 534 534 572 572 534 534 563 563 573 573 563 563 536 536 573 573 536 536 479 479 574 574 541 541 542 542 574 574 542 542 543 543 608 608 544 544 545 545 608 608 545 545 546 546 575 575 564 564 550 550 575 575 550 550 487 487 489 489 490 490 577 577 489 489 577 577 578 578 553 553 585 585 450 450 553 553 450 450 451 451 493 493 491 491 579 579 493 493 579 579 492 492 492 492 579 579 580 580 492 492 580 580 566 566 555 555 566 566 582 582 555 555 582 582 554 554 507 507 554 554 583 583 507 507 583 583 584 584 501 501 502 502 586 586 501 501 586 586 552 552 469 469 588 588 503 503 469 469 503 503 589 589 594 594 589 589 500 500 594 594 500 500 590 590 569 569 590 590 498 498 569 569 498 498 497 497 557 557 592 592 454 454 557 557 454 454 455 455 515 515 516 516 593 593 515 515 593 593 456 456 476 476 596 596 517 517 476 476 517 517 597 597 573 573 599 599 512 512 573 573 512 512 511 511 562 562 572 572 595 595 562 562 595 595 600 600 561 561 600 600 459 459 561 561 459 459 460 460 477 477 478 478 598 598 477 477 598 598 599 599 610 610 604 604 528 528 610 610 528 528 605 605 575 575 605 605 526 526 575 575 526 526 525 525 484 484 482 482 602 602 486 486 483 483 604 604 486 486 604 604 610 610 547 547 564 564 606 606 547 547 606 606 607 607 544 544 608 608 609 609 544 544 609 609 463 463 537 537 465 465 538 538 488 488 548 548 546 546 488 488 546 546 545 545 577 577 545 545 544 544 577 577 544 544 543 543 582 582 581 581 539 539 582 582 539 539 538 538 583 583 538 538 465 465 583 583 465 465 576 576 490 490 488 488 545 545 490 490 545 545 577 577 578 578 577 577 543 543 578 578 543 543 542 542 580 580 542 542 541 541 580 580 541 541 581 581 584 584 583 583 576 576 584 584 576 576 466 466 466 466 450 450 585 585 466 466 585 585 584 584 542 542 580 580 579 579 542 542 579 579 578 578 451 451 586 586 502 502 451 451 502 502 553 553 538 538 583 583 554 554 538 538 554 554 582 582 581 581 582 582 566 566 581 581 566 566 580 580 578 578 579 579 491 491 578 578 491 491 489 489 506 506 507 507 584 584 506 506 584 584 585 585 496 496 452 452 497 497 467 467 508 508 506 506 467 467 506 506 505 505 589 589 503 503 501 501 589 589 501 501 500 500 468 468 467 467 505 505 468 468 505 505 504 504 591 591 452 452 587 587 591 591 587 587 453 453 453 453 454 454 592 592 453 453 592 592 591 591 452 452 591 591 568 568 452 452 568 568 497 497 499 499 498 498 590 590 499 499 590 590 500 500 504 504 503 503 588 588 504 504 588 588 468 468 455 455 593 593 516 516 455 455 516 516 557 557 497 497 568 568 558 558 497 497 558 558 569 569 589 589 594 594 471 471 589 589 471 471 469 469 470 470 471 471 594 594 470 470 594 594 472 472 472 472 594 594 590 590 472 472 590 590 569 569 520 520 568 568 591 591 520 520 591 591 592 592 514 514 515 515 456 456 514 514 456 456 567 567 510 510 457 457 511 511 474 474 522 522 521 521 474 474 521 521 473 473 473 473 521 521 520 520 473 473 520 520 519 519 597 597 517 517 515 515 597 597 515 515 514 514 475 475 473 473 519 519 475 475 519 519 518 518 598 598 597 597 514 514 598 598 514 514 513 513 458 458 459 459 600 600 458 458 600 600 595 595 457 457 595 595 572 572 457 457 572 572 511 511 513 513 512 512 599 599 513 513 599 599 598 598 518 518 517 517 596 596 518 518 596 596 475 475 511 511 572 572 563 563 511 511 563 563 573 573 597 597 598 598 478 478 597 597 478 478 476 476 479 479 477 477 599 599 479 479 599 599 573 573 530 530 561 561 460 460 530 530 460 460 571 571 524 524 461 461 525 525 481 481 535 535 534 534 481 481 534 534 533 533 606 606 525 525 461 461 606 606 461 461 601 601 480 480 481 481 533 533 480 480 533 533 482 482 482 482 533 533 532 532 482 482 532 532 531 531 603 603 531 531 530 530 603 603 530 530 529 529 607 607 606 606 601 601 607 607 601 601 462 462 462 462 609 609 608 608 462 462 608 608 607 607 527 527 526 526 605 605 527 527 605 605 528 528 529 529 528 528 604 604 529 529 604 604 603 603 531 531 603 603 602 602 531 531 602 602 482 482 525 525 606 606 564 564 525 525 564 564 575 575 603 603 604 604 483 483 603 603 483 483 602 602 485 485 486 486 610 610 485 485 610 610 487 487 487 487 610 610 605 605 487 487 605 605 575 575 546 546 547 547 607 607 546 546 607 607 608 608 543 543 544 544 463 463 543 543 463 463 574 574 541 541 574 574 464 464 541 541 464 464 540 540 612 612 611 611 602 602 602 602 483 483 612 612 483 483 486 486 612 612 612 612 486 486 613 613 613 613 486 486 485 485 613 613 485 485 487 487 487 487 550 550 613 613 613 613 550 550 614 614 614 614 550 550 549 549 614 614 549 549 548 548 614 614 548 548 615 615 548 548 488 488 615 615 488 488 490 490 615 615 490 490 489 489 615 615 615 615 489 489 616 616 489 489 491 491 616 616 491 491 493 493 616 616 616 616 493 493 617 617 617 617 493 493 492 492 617 617 492 492 494 494 494 494 495 495 617 617 617 617 495 495 618 618 618 618 495 495 509 509 509 509 508 508 618 618 618 618 508 508 619 619 508 508 467 467 619 619 619 619 467 467 468 468 468 468 588 588 619 619 619 619 588 588 620 620 588 588 469 469 620 620 469 469 471 471 620 620 620 620 471 471 621 621 621 621 471 471 470 470 621 621 470 470 472 472 621 621 472 472 523 523 621 621 523 523 622 622 622 622 523 523 522 522 522 522 474 474 622 622 622 622 474 474 623 623 474 474 473 473 623 623 623 623 473 473 475 475 475 475 596 596 623 623 623 623 596 596 624 624 596 596 476 476 624 624 476 476 478 478 624 624 624 624 478 478 625 625 625 625 478 478 477 477 625 625 477 477 479 479 625 625 479 479 536 536 625 625 536 536 626 626 626 626 536 536 535 535 535 535 481 481 626 626 626 626 481 481 627 627 481 481 480 480 627 627 480 480 482 482 627 627 627 627 482 482 611 611 611 611 482 482 484 484 611 611 484 484 602 602</p></triangles></mesh>
    </geometry>
    <geometry id="eSeries_UR5e_081-mesh" name="eSeries UR5e.081">
      <mesh>
        <source id="eSeries_UR5e_081-mesh-slim-nrm"><float_array count="5979" id="eSeries_UR5e_081-mesh-slim-nrm-array">-0.7777 0.4133 -0.4737 0.0013 -0.0006 -1 -0.0392 0.8829 -0.4679 0.7467 0.4714 -0.4692 0.028 -0.8805 -0.4731 -0.7478 -0.4661 -0.4728 0.0046 0.0001 -1 0.7471 0.4723 -0.4677 0.0488 -0.878 -0.4762 -0.7151 -0.5169 -0.4706 -0.8577 -0.0432 -0.5124 0.767 -0.4294 -0.4768 0.0057 -0.0002 -1 0.7493 0.4618 -0.4746 0.0587 -0.8804 -0.4705 -0.7149 -0.5168 -0.4709 -0.8577 -0.0433 -0.5124 -0.0094 0.8794 -0.476 0.7792 -0.4151 -0.4695 -0.7642 0.4416 -0.4701 0.0268 -0.5124 -0.8583 -0.4385 -0.2828 -0.8531 -0.4564 0.2286 -0.8599 -0.0313 0.4951 -0.8683 0.4339 0.285 -0.8547 0.4529 -0.2279 -0.8619 0.7676 -0.4281 -0.477 -0.765 0.4438 -0.4667 -0.0283 0.8835 -0.4676 -0.4719 0.245 -0.8469 -0.0228 0.5069 -0.8617 0.445 0.2795 -0.8508 0.4497 -0.2242 -0.8646 0.0225 -0.5167 -0.8559 -0.4446 -0.2892 -0.8478 -0.2868 -0.0941 -0.9533 0.1043 0.29 -0.9513 -0.213 -0.2168 -0.9527 0.4464 0.2821 -0.8492 0.4455 -0.2241 -0.8668 0.0224 -0.5175 -0.8554 -0.4444 -0.289 -0.8479 -0.4551 0.2458 -0.8559 -0.0283 0.5121 -0.8585 -0.1119 -0.3445 -0.9321 0.2554 -0.1562 -0.9541 0.0421 0.3086 -0.9503 -0.248 -0.0884 -0.9647 0.2373 0.1666 -0.957 -0.2123 0.2724 -0.9385 0.9533 -0.1986 -0.2276 0.9486 0.1198 -0.2931 0.7936 0.5657 -0.2239 0.528 0.807 -0.2644 0.1911 0.9576 -0.2157 -0.1456 0.9576 -0.2484 -0.4674 0.863 -0.1915 -0.7251 0.6588 -0.2006 -0.8941 0.3773 -0.2414 -0.9608 0.0321 -0.2754 -0.9215 -0.306 -0.2392 -0.753 -0.5472 -0.3654 -0.6506 -0.7301 -0.2092 -0.4605 -0.8211 -0.3372 -0.1993 -0.9468 -0.2526 0.1247 -0.9481 -0.2926 0.4721 -0.8634 -0.1778 0.7854 -0.5696 -0.2423 0.3176 -0.0153 -0.9481 0.1808 -0.2958 -0.938 -0.3559 0.0809 -0.931 -0.1776 0.2553 -0.9504 0.233 0.1541 -0.9602 -0.3849 -0.511 -0.7686 0.5593 -0.4627 -0.6878 -0.6922 -0.2072 -0.6914 -0.3655 0.6863 -0.6288 0.4582 0.4872 -0.7435 0.6538 0.192 -0.7319 0.6721 -0.2004 -0.7129 0.0967 -0.6349 -0.7665 -0.1187 -0.6158 -0.7789 -0.7191 0.2072 -0.6633 -0.1179 0.6278 -0.7694 0.0429 0.6962 -0.7165 0.3923 -0.699 -0.5979 -0.5702 0.4945 -0.656 0.2871 0.7126 -0.6401 0.783 0.4046 -0.4725 0.043 0.3081 -0.9504 -0.2275 -0.0891 -0.9697 -0.0997 -0.338 -0.9359 0.2431 0.1657 -0.9557 -0.2192 0.2707 -0.9374 0.9568 -0.0361 -0.2886 0.8973 0.3576 -0.2587 0.5767 0.7792 -0.2454 0.208 0.9607 -0.1839 -0.1162 0.9778 -0.1743 -0.4629 0.8563 -0.2289 -0.7185 0.6613 -0.2155 -0.9106 0.3456 -0.2265 -0.9671 0.0148 -0.2539 -0.9466 -0.2747 -0.169 -0.8249 -0.4624 -0.3253 -0.644 -0.7347 -0.2133 -0.2102 -0.9516 -0.2244 0.1396 -0.9603 -0.2417 0.462 -0.8372 -0.2927 0.72 -0.6737 -0.1664 0.9105 -0.343 -0.2308 -0.4406 0.2186 -0.8707 0.1292 -0.413 -0.9015 -0.4714 -0.4867 -0.7355 -0.6875 -0.1352 -0.7135 -0.7057 0.1293 -0.6966 -0.1516 0.5695 -0.8079 0.6305 -0.1706 -0.7572 0.4451 -0.5033 -0.7406 -0.477 0.6107 -0.632 0.3531 0.5507 -0.7564 0.6445 0.449 -0.6189 0.6092 0.0861 -0.7884 0.2379 -0.7468 -0.621 -0.0919 -0.759 -0.6445 -0.4208 -0.8453 -0.3294 -0.7263 0.4599 -0.5108 -0.186 0.8458 -0.5 0.1662 0.7684 -0.618 0.7201 -0.5004 -0.4807 0.8635 0.3135 0.3951 0.615 0.4733 -0.6307 0.4493 0.6806 0.5788 -0.0909 0.8416 0.5325 -0.5036 0.6551 0.5632 -0.8011 0.2089 0.5609 -0.6579 -0.549 0.5155 -0.2129 -0.8131 0.5418 0.6249 -0.6704 0.4002 0.0666 0.0062 -0.9978 0.9638 -0.0519 -0.2617 0.892 0.3621 -0.2707 0.6578 0.717 -0.2305 0.4409 0.8475 -0.2957 0.1945 0.9632 -0.1853 -0.1286 0.9763 -0.174 -0.5391 0.8063 -0.2433 -0.98 0.0774 -0.1831 -0.635 -0.7384 -0.2271 -0.4249 -0.8441 -0.3269 -0.2043 -0.9522 -0.2271 0.1379 -0.9624 -0.2338 0.6294 -0.7597 -0.1636 0.9074 -0.3482 -0.2353 0.3513 0.0404 -0.9354 0.218 -0.1735 -0.9604 0.1277 -0.4204 -0.8983 -0.3993 -0.482 -0.7799 -0.1522 0.5688 -0.8083 0.3609 0.5265 -0.7698 0.4553 -0.5066 -0.7321 -0.5988 -0.1422 -0.7882 -0.491 0.217 -0.8437 -0.4841 0.5852 -0.6506 0.6404 0.4304 -0.6361 0.7627 0.0648 -0.6434 0.627 -0.2174 -0.748 0.2339 -0.7444 -0.6254 -0.0885 -0.7607 -0.643 -0.8216 0.1316 -0.5547 -0.1947 0.8498 -0.4898 0.1476 0.7602 -0.6327 0.7531 -0.5468 -0.3657 0.4358 -0.8434 -0.3141 -0.7553 -0.522 -0.3962 -0.9032 -0.2923 -0.3143 -0.8076 0.4994 -0.3135 0.8338 -0.0184 0.5517 0.6455 0.507 0.5712 -0.0868 0.8354 0.5427 -0.3683 0.7456 -0.5553 -0.6125 0.6414 0.4621 -0.8488 0.5109 -0.1361 -0.9091 0.2465 0.3358 -0.8257 0.0314 -0.5633 -0.747 -0.4882 0.4512 -0.3504 -0.7435 -0.5695 -0.0615 -0.8231 0.5646 0.6627 -0.5476 0.5108 0.1821 0.8682 -0.4616 -0.2805 0.7807 -0.5585 -0.065 0.3206 -0.945 0.3674 0.2554 -0.8943 0.3277 -0.7022 -0.6321 -0.4753 -0.7336 -0.4858 -0.7775 0.6097 -0.1544 0.9028 -0.2849 0.322 0.8279 0.0777 0.5554 0.7109 0.3139 -0.6293 0.5854 0.5916 0.5544 0.3747 0.7581 -0.5337 0.0345 0.7876 0.6153 -0.2821 0.8044 -0.5228 -0.435 0.7098 0.5541 -0.6413 0.5352 -0.5498 -0.8359 0.0526 0.5464 -0.7366 -0.3837 0.5569 -0.3473 -0.7823 0.5172 -0.0941 -0.8723 -0.4798 0.618 -0.5534 0.5584 0.8101 -0.4354 -0.3926 0.5231 0.8099 -0.2654 0.1859 0.9051 -0.3825 -0.8837 -0.2499 -0.3957 0.7194 0.2784 -0.6363 0.2378 -0.8938 -0.3803 0.4831 -0.6742 -0.5587 -0.0339 -0.5841 -0.811 -0.0065 0.2339 -0.9722 -0.3729 0.6144 -0.6953 0.3608 -0.6174 -0.699 0.2815 0.6701 -0.6869 0.4695 0.4611 -0.753 0.0421 -0.6854 -0.727 -0.2025 -0.6667 -0.7173 -0.565 -0.4691 -0.6787 0.2341 -0.6852 -0.6897 0.6468 -0.352 -0.6765 0.8125 -0.3213 -0.4864 -0.7469 -0.1319 -0.6518 -0.8586 0.4495 -0.2466 0.3941 -0.7185 -0.5731 0.2006 -0.8579 -0.473 -0.1805 -0.6156 -0.7671 0.2436 0.6402 -0.7285 -0.6793 0.2308 -0.6966 -0.5151 0.433 -0.7397 -0.3947 0.6101 -0.687 -0.0566 0.7 -0.7119 -0.5039 -0.5188 -0.6906 0.6875 0.0968 -0.7197 0.6912 -0.2342 -0.6836 0.488 -0.5688 -0.6621 0.2425 -0.5715 -0.7839 0.0319 -0.677 -0.7353 -0.7236 -0.1686 -0.6693 0.7803 -0.624 -0.0425 0.54 0.2878 -0.7909 -0.5777 0.063 -0.8138 -0.5133 -0.1938 -0.8361 -0.2716 -0.3702 -0.8884 -0.0348 -0.5958 -0.8024 0.1816 -0.5553 -0.8116 0.4026 -0.3916 -0.8274 0.5709 -0.1089 -0.8138 0.5654 0.1727 -0.8065 0.4706 0.4839 -0.7378 0.0934 0.598 -0.796 -0.1798 0.5754 -0.7979 -0.4501 0.3247 -0.8318 -0.2286 -0.6477 -0.7268 -0.5331 -0.53 -0.6595 -0.5624 -0.2592 -0.7852 -0.7558 -0.0293 -0.6541 0.2277 0.6789 -0.698 0.4653 -0.5265 -0.7116 0.1343 -0.696 -0.7054 0.8156 -0.466 -0.343 0.7242 0.1616 -0.6704 0.6534 -0.2433 -0.7168 -0.0457 0.6651 -0.7454 -0.6652 0.3333 -0.6682 -0.3599 0.5593 -0.7468 0.1732 0.3887 -0.905 -0.2493 0.6027 -0.758 0.0487 0.201 -0.9784 -0.597 0.0422 -0.8011 -0.5206 -0.2747 -0.8084 -0.3168 -0.55 -0.7727 -0.0495 -0.6653 -0.7449 0.2399 -0.6026 -0.7612 0.5137 -0.3549 -0.7811 0.6432 -0.0628 -0.7631 0.5473 0.2623 -0.7948 0.3196 0.5047 -0.8019 0.0466 0.6445 -0.7632 -0.2034 0.5864 -0.7841 -0.4715 0.3571 -0.8063 -0.1158 -0.5412 -0.8329 -0.2605 -0.8108 -0.5242 0.5803 0.6406 -0.5029 -0.2835 -0.9074 -0.3104 0.0264 -0.921 -0.3886 0.3098 -0.8972 -0.3148 0.725 -0.612 -0.3159 0.8707 -0.3164 -0.3765 0.9313 -0.0288 -0.3631 0.8934 0.2528 -0.3715 0.7925 0.4485 -0.4133 0.3423 0.233 -0.9102 0.4658 -0.0884 -0.8805 0.4668 -0.7401 -0.4841 0.5171 -0.3149 -0.7959 0.5577 0.0843 -0.8257 0.1132 -0.4894 -0.8647 0.3418 -0.3673 -0.865 -0.0398 0.1681 -0.985 0.2598 0.2402 -0.9353 -0.1377 0.3948 -0.9084 -0.0162 0.3318 -0.9432 0.4391 0.1304 -0.8889 -0.8601 0.2131 -0.4635 -0.7636 0.4766 -0.4357 -0.6246 0.7332 -0.2688 -0.3202 0.8627 -0.3915 -0.0109 0.9562 -0.2924 0.3122 0.8592 -0.4054 0.8207 0.4605 -0.3381 0.8973 0.2116 -0.3875 0.5405 0.6913 -0.4795 -0.4127 0.4995 -0.7617 0.0042 0.6314 -0.7754 0.4367 0.3201 -0.8407 0.1418 0.3934 -0.9084 -0.3987 0.168 -0.9016 -0.6769 0.1155 -0.727 -0.5648 -0.2572 -0.7841 -0.3271 -0.549 -0.7692 -0.0428 -0.6386 -0.7683 0.283 -0.5975 -0.7502 0.491 -0.3469 -0.7991 0.6023 -0.046 -0.797 0.4994 0.2765 -0.8211 0.3143 0.4965 -0.8092 0.0453 0.6389 -0.768 -0.2067 0.5849 -0.7843 -0.4751 0.3766 -0.7953 0.2735 -0.8388 -0.4708 0.2639 -0.8569 -0.4429 -0.346 0.2531 -0.9035 -0.3627 0.1002 -0.9265 -0.5712 0.6555 -0.494 -0.7699 0.5173 -0.3736 -0.9068 0.3376 -0.2524 -0.8993 0.052 -0.4343 -0.8948 -0.2646 -0.3595 -0.7426 -0.5868 -0.3228 -0.3319 -0.869 -0.3669 -0.0158 -0.9512 -0.3081 -0.0964 -0.5074 -0.8563 -0.6141 0.1796 -0.7686 0.0473 -0.5146 -0.8561 -0.5357 -0.6731 -0.5098 -0.4672 -0.077 -0.8808 -0.4476 -0.2665 -0.8536 -0.2194 -0.4014 -0.8892 0.2188 0.5287 -0.8201 -0.4777 0.4987 -0.7232 0.5753 0.0022 -0.8179 0.5234 0.4226 -0.7399 0.5279 0.0679 -0.8466 -0.467 -0.4673 -0.7507 -0.4066 -0.2653 -0.8742 0.1656 0.3904 -0.9056 -0.4618 -0.1388 -0.8761 -0.4953 0.2138 -0.842 -0.3631 0.1144 -0.9247 0.682 -0.0416 -0.7302 0.2317 0.674 -0.7014 0.6371 0.1387 -0.7582 0.63 -0.4267 -0.6488 -0.312 0.4124 -0.8559 -0.6297 -0.2769 -0.7259 -0.0661 0.7057 -0.7055 -0.7665 0.0217 -0.6419 0.477 0.2111 -0.8532 -0.0945 0.5396 -0.8366 0.0021 0.5488 -0.836 -0.0883 0.2079 -0.9742 -0.408 0.3251 -0.8531 -0.5545 -0.0116 -0.8321 -0.6593 0.0274 -0.7514 0.3837 0.3317 -0.8618 0.0402 0.4742 -0.8795 0.2294 -0.6359 -0.7369 -0.5624 0.3088 -0.767 -0.6832 0.0324 -0.7295 0.4278 -0.3186 -0.8459 0.4544 -0.2459 -0.8562 -0.5384 -0.0766 -0.8392 -0.4935 -0.4465 -0.7464 0.5353 -0.0891 -0.8399 0.4388 -0.0455 -0.8974 0.4173 0.1164 -0.9013 -0.4877 -0.1902 -0.8521 -0.3901 -0.2775 -0.878 -0.2673 -0.361 -0.8935 -0.0058 -0.5472 -0.837 -0.0627 0.602 -0.7961 -0.2281 -0.6636 -0.7125 0.4347 0.3107 -0.8453 0.6147 0.1652 -0.7712 0.1021 -0.5396 -0.8357 0.4563 -0.4809 -0.7487 -0.6245 -0.2 -0.7549 -0.0282 -0.6137 -0.7891 -0.3707 -0.5963 -0.7121 -0.1565 -0.4765 -0.8651 0.1493 -0.4068 -0.9012 0.3806 -0.2275 -0.8963 0.6741 0.106 -0.731 0.5223 -0.2855 -0.8035 0.0533 0.612 -0.7891 0.291 -0.3443 -0.8926 0.3019 -0.6349 -0.7112 -0.6704 -0.2384 -0.7027 -0.6103 0.3551 -0.7081 -0.3446 0.6087 -0.7147 0.5435 0.376 -0.7505 0.2464 0.7782 -0.5777 0.2321 0.5868 -0.7757 -0.1567 0.5593 -0.814 -0.1927 0.6443 -0.7401 0.0907 0.8775 -0.4708 -0.0339 0.6048 -0.7956 -0.1025 0.2293 -0.9679 0.0331 0.7591 -0.6501 -0.3586 0.6641 -0.6561 -0.27 0.7179 -0.6416 -0.805 0.3737 -0.4608 -0.4973 0.6654 -0.5567 -0.2906 -0.9395 -0.1812 0.8266 -0.5153 -0.2262 0.7943 -0.5864 -0.1589 0.7557 -0.3232 -0.5697 0.3856 0.0547 -0.9211 0.335 0.2297 -0.9138 0.0468 -0.9571 -0.2859 0.8672 0.4659 -0.1758 0.499 -0.8199 -0.2806 0.7283 -0.6699 -0.1442 0.9039 -0.4002 -0.1512 0.9852 -0.0989 -0.1397 0.9438 0.1509 -0.2942 -0.2818 0.8317 -0.4784 0.9409 0.1354 -0.3105 -0.0268 0.7812 -0.6237 0.1861 0.7169 -0.6719 0.7535 0.4856 -0.4432 0.9058 0.3703 -0.2059 0.6698 0.6934 -0.2656 0.5302 0.8148 -0.2346 -0.2423 0.955 -0.1711 -0.6708 0.7162 -0.1924 -0.7793 0.5751 -0.2489 -0.9011 0.368 -0.2293 0.1711 -0.9661 -0.1935 -0.2189 0.9553 -0.1989 -0.1607 0.8701 -0.466 0.0371 0.9945 -0.0979 0.1312 0.9675 -0.2162 -0.8898 0.4034 -0.2134 -0.683 0.5547 -0.4752 -0.9538 0.2737 -0.1235 -0.8566 0.5079 -0.0911 -0.6703 0.708 -0.2223 -0.7728 0.6146 -0.1581 -0.6635 0.7245 -0.1868 -0.705 0.6706 -0.231 -0.8196 0.498 -0.2832 -0.2642 -0.9431 -0.202 -0.0165 -0.9838 -0.1784 -0.9509 0.0909 -0.2959 -0.9879 -0.1169 -0.1019 -0.8981 -0.416 -0.1429 -0.7172 -0.668 -0.1984 -0.5027 -0.834 -0.2275 -0.2552 0.4276 -0.8672 -0.155 0.486 -0.8601 0.0418 0.4364 -0.8988 -0.424 0.1696 -0.8896 -0.2007 -0.2002 -0.959 0.4189 -0.1346 -0.898 0.2463 -0.3273 -0.9123 0.06 -0.4861 -0.8719 0.039 0.0952 -0.9947 -0.3433 0.3128 -0.8856 -0.4087 -0.2688 -0.8722 -0.4818 -0.0869 -0.8719 -0.4737 0.1383 -0.8697 -0.6094 -0.2811 -0.7413 -0.6447 -0.0859 -0.7596 -0.6563 0.0663 -0.7516 -0.5867 0.3232 -0.7425 -0.4161 0.4581 -0.7855 -0.1164 0.5846 -0.803 -0.0067 0.5924 -0.8056 0.1829 0.7144 -0.6755 0.4161 0.5029 -0.7577 0.3945 0.5775 -0.7148 0.5329 0.2856 -0.7965 0.598 0.1045 -0.7947 0.5754 0.0022 -0.8178 0.5151 0.0259 -0.8567 0.4359 0.1949 -0.8787 0.2588 0.3681 -0.893 0.1724 0.04 -0.9842 0.0944 0.5223 -0.8476 -0.4586 0.1312 -0.8789 -0.3213 0.3118 -0.8942 -0.1138 0.4761 -0.872 -0.0567 -0.513 -0.8565 -0.2442 -0.3589 -0.9009 -0.419 -0.2537 -0.8718 -0.4901 -0.0561 -0.8698 0.1936 -0.1993 -0.9606 0.6123 -0.0625 -0.7882 0.6702 -0.2335 -0.7044 0.5281 -0.4622 -0.7124 0.3557 -0.594 -0.7215 0.0146 -0.5944 -0.8041 0.1126 -0.5846 -0.8034 -0.1008 -0.6335 -0.7672 -0.4915 -0.4721 -0.7318 -0.2999 -0.6132 -0.7308 -0.5411 -0.2643 -0.7983 -0.6011 -0.0832 -0.7948 -0.4064 -0.0228 -0.9134 -0.3148 -0.2505 -0.9155 -0.0607 -0.5373 -0.8412 -0.1804 -0.4971 -0.8487 0.0593 -0.416 -0.9074 0.3114 -0.3422 -0.8866 0.4074 -0.1782 -0.8957 0.4105 0.1807 -0.8938 0.551 0.012 -0.8344 0.5415 0.3145 -0.7796 0.6306 0.3119 -0.7107 0.7446 0.0531 -0.6654 0.6806 -0.2039 -0.7037 0.4567 -0.3947 -0.7973 0.0758 -0.1319 -0.9884 0.293 -0.7413 -0.6038 0.2618 -0.9301 -0.2575 0.2084 -0.458 -0.8642 0.1433 0.0099 -0.9896 0.12 -0.1649 -0.979 0.1156 -0.0521 -0.9919 0.376 -0.2614 -0.889 0.4598 -0.1062 -0.8817 0.4591 0.04 -0.8875 0.3179 -0.4444 -0.8376 0.506 -0.5662 -0.6507 0.6665 -0.3164 -0.6751 0.7335 -0.0675 -0.6763 0.6657 0.1675 -0.7272 0.6801 -0.6139 -0.4008 0.8346 -0.3796 -0.3991 0.9119 -0.0877 -0.401 -0.674 0.2425 -0.6978 -0.8803 0.3431 -0.3276 -0.0935 -0.0164 -0.9955 -0.0555 -0.0544 -0.997 -0.2807 -0.8155 -0.5061 -0.1943 -0.3092 -0.9309 -0.4394 0.054 -0.8967 -0.3923 -0.1077 -0.9135 -0.4061 -0.2102 -0.8893 -0.4769 -0.439 -0.7615 -0.2634 -0.5609 -0.7849 -0.7322 0.0596 -0.6784 -0.7004 -0.1748 -0.6921 -0.6026 -0.4061 -0.687 -0.5105 -0.6772 -0.5299 -0.8836 -0.231 -0.4072 -0.7488 -0.5172 -0.4145 -0.7389 -0.4069 -0.5371 -0.6138 -0.1564 -0.7738 -0.8228 -0.5304 -0.2039 0.2911 0.8121 -0.5058 -0.3657 0.7531 -0.5469 -0.203 0.5396 -0.8171 0.1899 0.5937 -0.7819 -0.0149 0.7182 -0.6956 -0.1274 0.867 -0.4817 -0.1292 0.7507 -0.6479 -0.9095 0.1721 -0.3785 -0.3032 0.4818 -0.8222 -0.4495 0.2728 -0.8506 -0.6614 0.5177 -0.5427 0.0653 0.8262 -0.5596 -0.058 0.691 -0.7205 -0.0284 0.5056 -0.8623 -0.0176 0.5438 -0.8391 -0.0362 0.9636 -0.265 -0.0946 0.5897 -0.8021 -0.1548 0.8647 -0.4778 0.0118 0.3359 -0.9418 -0.2648 0.6855 -0.6782 -0.5914 0.6878 -0.421 -0.1002 0.6368 -0.7645 -0.4172 0.8776 -0.236 -0.3373 0.785 -0.5196 0.4823 -0.2508 -0.8393 0.3771 -0.191 -0.9063 0.1894 -0.1838 -0.9645 0.1246 -0.7971 -0.5909 0.2593 -0.5204 -0.8136 0.3781 -0.5327 -0.7571 0.2405 -0.3646 -0.8996 -0.1622 -0.9534 -0.2544 0.5862 -0.3422 -0.7343 0.827 -0.3547 -0.4362 0.6311 -0.5572 -0.5397 0.6886 -0.3463 -0.6371 0.1846 -0.7495 -0.6358 -0.0422 -0.8999 -0.434 0.0057 -0.9374 -0.3482 0.4226 -0.6379 -0.6438 0.2946 -0.8131 -0.502 0.9021 -0.401 -0.1592 0.3407 -0.6542 -0.6753 -0.0141 -0.9108 -0.4127 0.0428 -0.7105 -0.7024 0.332 -0.7972 -0.5043 0.0614 -0.368 -0.9278 0.4493 -0.3353 -0.8281 0.6701 -0.4144 -0.6158 0.9031 -0.3406 -0.2615 0.8048 -0.4349 -0.4039 0.4342 -0.2332 -0.8701 0.7064 -0.3919 -0.5895 0.8526 -0.4734 -0.2212 0.2807 0.9417 -0.1857 0.2599 0.9626 -0.0766 0.4583 0.8863 -0.0665 0.3118 0.8932 -0.324 0.8718 -0.0825 -0.4829 0.8506 0.3245 -0.4137 0.6949 0.2629 -0.6693 0.8035 -0.4845 -0.3459 0.6357 -0.071 -0.7687 0.6455 0.6321 -0.4287 0.8662 -0.2552 -0.4297 0.6065 -0.1603 -0.7787 0.7256 0.5639 -0.3943 0.733 0.6052 -0.3106 0.8864 -0.0078 -0.4629 0.856 0.1654 -0.4898 0.6854 0.3419 -0.6429 0.7433 0.2504 -0.6203 0.3647 -0.1231 -0.923 0.7445 -0.062 -0.6647 0.7192 -0.2796 -0.6361 0.7539 -0.3981 -0.5226 0.6833 0.7074 -0.1809 0.8082 0.4676 -0.358 0.5496 0.0591 -0.8334 0.7983 0.3413 -0.4963 0.5839 0.2586 -0.7695 0.2247 0.0443 -0.9734 0.3024 -0.0154 -0.953 -0.3173 0.9089 -0.2706 -0.458 0.8829 -0.1033 -0.1791 0.9819 -0.0622 -0.1167 0.9759 -0.1843 0.4464 0.5961 -0.6674 0.1339 0.5112 -0.849 0.8039 0.2664 -0.5317 0.5546 0.3848 -0.7378 -0.1022 0.8728 -0.4772 -0.0125 0.7203 -0.6936 0.6315 0.629 -0.4534 0.301 0.8236 -0.4806 0.1878 0.6358 -0.7487 0.4949 0.7304 -0.4708 0.0224 0.3998 -0.9163 0.054 0.7776 -0.6264 0.1823 0.9367 -0.2991 0.2417 0.7069 -0.6647 0.0237 0.6537 -0.7564 0.0284 0.5257 -0.8502 0.3674 0.9127 -0.1789 0.807 0.5569 -0.1966 0.3092 0.6591 -0.6855 0.037 -0.8911 -0.4523 -0.0946 -0.0927 -0.9912 -0.4401 -0.1899 -0.8777 -0.1675 -0.7558 -0.633 -0.2174 -0.2266 -0.9494 -0.1594 -0.7014 -0.6947 -0.3335 -0.445 -0.8311 -0.0962 -0.905 -0.4144 -0.2215 -0.4803 -0.8487 -0.3928 -0.6355 -0.6647 -0.0936 -0.8161 -0.5702 -0.5588 -0.3159 -0.7668 -0.4878 -0.6863 -0.5394 -0.6874 -0.3419 -0.6408 0.2881 -0.9442 -0.1597 0.2038 -0.9334 -0.2954 -0.2021 -0.8627 -0.4637 0.0664 -0.9316 -0.3574 -0.7552 -0.4011 -0.5184 -0.1385 -0.7689 -0.6243 -0.6883 -0.4352 -0.5804 -0.5541 -0.6162 -0.5597 -0.0163 -0.3706 -0.9286 -0.2533 -0.3744 -0.892 -0.4329 -0.4629 -0.7735 -0.8354 -0.3795 -0.3976 -0.9202 -0.3384 -0.1967 -0.8825 -0.4046 -0.2398 -0.7354 -0.4038 -0.5442 -0.5164 -0.2878 -0.8065 -0.276 -0.1532 -0.9489 -0.1489 0.961 -0.233 -0.2046 0.8691 -0.4502 -0.3476 0.7753 -0.5274 -0.8698 0.3368 -0.3605 -0.6551 0.2139 -0.7246 -0.8178 -0.4037 -0.4101 -0.7116 -0.465 -0.5268 -0.8927 0.1582 -0.422 -0.8883 0.1118 -0.4454 -0.8503 -0.1959 -0.4884 -0.8337 0.0929 -0.5444 -0.7327 -0.1176 -0.6703 -0.6877 -0.3487 -0.6368 -0.5913 -0.1104 -0.7989 -0.77 0.4873 -0.4119 -0.739 0.2462 -0.6271 -0.8137 0.5025 -0.2922 -0.8 0.4356 -0.4126 -0.3996 -0.2633 -0.8781 -0.5792 0.6022 -0.5494 -0.2336 -0.0048 -0.9723 -0.3159 -0.0816 -0.9453 -0.4187 0.1436 -0.8967 -0.7118 0.3766 -0.5928 -0.521 0.1798 -0.8344 -0.4819 -0.0273 -0.8758 -0.0925 0.0062 -0.9957 -0.0333 0.048 -0.9983 -0.0244 -0.0631 -0.9977 -0.0018 0.0763 -0.9971 -0.0506 0.0279 -0.9983 -0.803 -0.5396 -0.2528 -0.6796 0.23 -0.6966 -0.8355 -0.0868 -0.5426 0.3732 0.8774 -0.3015 -0.3998 0.8641 -0.3058 -0.3797 0.9071 -0.1817 -0.4652 0.883 -0.0629 0.3794 0.9194 -0.1032 0.1374 0.9879 -0.0725 -0.0945 0.9907 -0.0983 -0.3022 0.9487 -0.093 -0.0294 0.9444 -0.3274 0.2304 0.951 -0.2061 -0.0738 0.98 -0.1847 0.1854 0.9714 -0.1486 -0.5587 0.7744 -0.2968 -0.3959 0.9023 -0.1707 -0.4327 0.7603 -0.4845 -0.4856 0.8497 -0.2053 -0.3465 0.8123 -0.4691 0.3077 0.9478 -0.0841 0.9478 -0.3017 -0.1035 0.9477 -0.1791 -0.2643 0.369 0.9233 -0.1064 0.9886 0.0931 -0.1187 0.5706 -0.0833 -0.817 0.3967 -0.0527 -0.9164 0.2378 -0.014 -0.9712 0.0822 0.0017 -0.9966 0.1303 0.0488 -0.9903 0.0678 0.0524 -0.9963 0.0049 0.2859 -0.9583 0.2154 0.8225 -0.5264 0.2324 0.8905 -0.3911 0.1947 0.7387 -0.6453 0.1645 0.6411 -0.7496 0.1315 0.5257 -0.8404 0.1265 0.3892 -0.9124 0.0682 0.2247 -0.972 0.0197 0.0747 -0.997 0.7314 -0.116 -0.6721 0.8707 -0.1482 -0.4689 0.9744 -0.1937 -0.1142 0.9897 -0.0724 -0.1236 0.9933 0.0093 -0.1155 0.9699 0.2201 -0.1042 0.9364 0.3316 -0.1146 0.9006 0.4272 -0.0802 0.8468 0.5237 -0.0925 0.7919 0.5991 -0.1183 0.625 0.7712 -0.1208 0.7138 0.6916 -0.1104 0.4541 0.8846 -0.1061 0.5032 0.8544 -0.1298 0.5607 0.8235 -0.0867 0.2561 0.9605 -0.1093 0.1524 0.9828 -0.1047 0.1381 0.9587 -0.2488 0.7388 0.417 -0.5294 0.6343 0.3666 -0.6806 0.6296 0.4878 -0.6047 0.8198 0.4508 -0.3532 0.7167 0.543 -0.4376 0.8677 0.4676 -0.1688 0.7784 0.5704 -0.2624 0.2716 0.675 -0.686 0.3967 0.6915 -0.6037 0.3278 0.5735 -0.7508 0.4812 0.6348 -0.6045 0.3973 0.5283 -0.7503 0.5617 0.5648 -0.6046 0.4639 0.4711 -0.7503 0.5197 0.4089 -0.7501 0.3441 0.8345 -0.4303 0.3099 0.7655 -0.5639 0.4501 0.7789 -0.4367 0.549 0.7121 -0.4377 0.6399 0.6316 -0.4377 0.246 0.9354 -0.254 0.3734 0.8917 -0.2558 0.4871 0.8318 -0.2662 0.5931 0.76 -0.2658 0.6921 0.6718 -0.264 0.2132 0.5406 -0.8138 0.5061 0.3004 -0.8085 0.6102 0.2524 -0.7509 0.7401 0.294 -0.6049 0.839 0.3238 -0.4373 0.9042 0.3375 -0.262 0.226 0.0341 -0.9735 0.4033 0.0026 -0.9151 0.3992 0.0557 -0.9152 0.0755 0.1234 -0.9895 0.129 0.1334 -0.9826 0.2045 0.1277 -0.9705 0.3042 0.1117 -0.946 0.5384 -0.0033 -0.8427 0.1694 0.2726 -0.9471 0.2375 0.2295 -0.9439 0.3555 0.2171 -0.9091 0.4583 0.1958 -0.867 0.4813 0.133 -0.8664 0.5379 0.0718 -0.84 0.6598 0.0853 -0.7466 0.666 -0.0055 -0.746 0.7962 -0.0195 -0.6047 0.8994 -0.0326 -0.4359 0.9627 -0.0492 -0.2661 0.2361 0.4355 -0.8687 0.2938 0.3973 -0.8694 0.3395 0.3633 -0.8676 0.3883 0.3134 -0.8666 0.6375 0.172 -0.751 0.7723 0.1948 -0.6046 0.7917 0.0876 -0.6046 0.8743 0.2104 -0.4375 0.8948 0.089 -0.4375 0.9426 0.2125 -0.2575 0.9614 0.0788 -0.2635 0.6769 -0.7195 -0.1549 0.6317 -0.7238 -0.2776 0.5854 -0.7986 -0.1401 0.5406 -0.7958 -0.2729 0.4538 -0.8547 -0.2521 0.1023 -0.9841 -0.1452 -0.0106 -0.4725 -0.8813 0.0709 -0.5409 -0.8381 0.0117 -0.1196 -0.9928 0.0454 -0.0798 -0.9958 0.0251 -0.3285 -0.9442 0.0821 -0.7215 -0.6875 0.0008 -0.6184 -0.7859 0.0038 -0.7393 -0.6734 0.0005 -0.849 -0.5284 0.0964 -0.8458 -0.5247 0.1106 -0.9335 -0.3411 -0.0004 -0.947 -0.3213 -0.0029 -0.9937 -0.1122 0.2887 -0.9532 -0.0893 0.1848 -0.9788 -0.0888 0.3932 -0.9144 -0.0966 0.4805 -0.8697 -0.1126 0.7329 -0.6632 -0.1516 0.6972 -0.6217 -0.3568 0.6437 -0.5617 -0.5198 0.5782 -0.4942 -0.6492 0.5026 -0.4233 -0.7538 0.4278 -0.2637 -0.8645 0.5146 -0.7353 -0.441 0.4146 -0.7969 -0.4393 0.465 -0.6559 -0.5946 0.3595 -0.6716 -0.6479 0.4007 -0.5642 -0.7219 0.3358 -0.4688 -0.817 0.2816 -0.5144 -0.81 0.2436 -0.3275 -0.9129 0.1912 -0.3588 -0.9136 0.1342 -0.2108 -0.9683 0.5953 -0.6683 -0.4461 0.5139 -0.5697 -0.6414 0.3997 -0.4298 -0.8096 0.2825 -0.2983 -0.9117 0.1521 -0.1566 -0.9759 0.3442 -0.9121 -0.2225 0.2318 -0.9478 -0.219 0.3196 -0.8404 -0.4377 0.2187 -0.8711 -0.4397 0.1856 -0.7353 -0.6519 0.2755 -0.7112 -0.6467 0.2172 -0.5401 -0.8131 0.1401 -0.5642 -0.8136 0.1279 -0.3905 -0.9117 0.0662 -0.2064 -0.9762 -0.8045 0.5829 -0.1142 -0.1247 0.1133 -0.9857 -0.1507 0.0564 -0.987 -0.3143 -0.041 -0.9484 -0.9434 -0.1833 -0.2762 -0.8771 -0.1539 -0.455 -0.7791 -0.1295 -0.6134 -0.647 -0.0947 -0.7566 -0.486 -0.0608 -0.8719 -0.1702 0.0035 -0.9854 -0.0936 0.1841 -0.9784 -0.0369 0.1526 -0.9876 -0.0686 0.2751 -0.959 -0.1076 0.3992 -0.9105 -0.1493 0.5609 -0.8143 -0.1922 0.6966 -0.6912 -0.2171 0.8132 -0.5399 -0.2345 0.8865 -0.3989 -0.1414 0.9517 -0.2724 -0.1332 0.9831 -0.1255 -0.1964 0.9768 -0.0859 -0.3889 0.9143 -0.1132 -0.2694 0.9557 -0.1183 -0.4941 0.8601 -0.1264 -0.5689 0.8167 -0.0964 -0.7281 0.6766 -0.1097 -0.6298 0.7666 -0.1254 -0.9072 0.4082 -0.1015 -0.8664 0.4835 -0.1244 -0.9344 0.335 -0.1213 -0.9684 0.2223 -0.1133 -0.9941 0.0187 -0.1066 -0.988 0.0948 -0.1219 -0.9909 -0.0623 -0.1194 -0.9569 -0.2691 -0.1094 -0.976 -0.1776 -0.1257 -0.8518 -0.4796 -0.2109 -0.1976 0.2385 -0.9508 -0.2519 0.1768 -0.9515 -0.5642 0.331 -0.7564 -0.6911 0.3944 -0.6057 -0.6273 0.4814 -0.6122 -0.7855 0.4374 -0.4377 -0.7154 0.5384 -0.4454 -0.8486 0.4583 -0.2643 -0.7757 0.5709 -0.269 -0.5121 0.4054 -0.7572 -0.5575 0.561 -0.6119 -0.4536 0.4699 -0.7572 -0.4775 0.6305 -0.612 -0.3889 0.5258 -0.7565 -0.3922 0.6879 -0.6107 -0.3211 0.5753 -0.7523 -0.2614 0.6725 -0.6924 -0.6367 0.6294 -0.4454 -0.5461 0.7095 -0.4454 -0.4463 0.7761 -0.4455 -0.343 0.8309 -0.4382 -0.3094 0.7598 -0.5718 -0.6909 0.6718 -0.2671 -0.5903 0.7602 -0.2715 -0.4864 0.8302 -0.2722 -0.3702 0.889 -0.2693 -0.245 0.9327 -0.2646 -0.6542 -0.0122 -0.7563 -0.7906 -0.0208 -0.612 -0.8945 -0.0339 -0.4457 -0.9615 -0.0463 -0.271 -0.1656 0.364 -0.9166 -0.2871 0.3957 -0.8723 -0.3409 0.3495 -0.8727 -0.3775 0.3076 -0.8734 -0.4128 0.2454 -0.8771 -0.2986 0.1111 -0.9479 -0.4885 -0.003 -0.8726 -0.6498 0.0775 -0.7562 -0.6331 0.1653 -0.7562 -0.7861 0.0876 -0.6118 -0.7669 0.194 -0.6118 -0.8907 0.0886 -0.4458 -0.8703 0.2094 -0.4458 -0.9591 0.0806 -0.2714 -0.9388 0.214 -0.2699 -0.205 0.535 -0.8196 -0.2595 0.4619 -0.8481 -0.4479 0.1989 -0.8717 -0.4685 0.1271 -0.8743 -0.3142 0.0371 -0.9486 -0.4837 0.0721 -0.8723 -0.605 0.2493 -0.7562 -0.7334 0.2958 -0.6121 -0.834 0.3251 -0.4458 -0.8998 0.3415 -0.2717 -0.3801 0.9222 -0.0712 -0.0911 0.9873 -0.1304 0.5632 0.8236 -0.0668 -0.3187 0.9352 -0.1542 -0.0358 0.9897 -0.1388 -0.4594 0.8209 -0.3393 -0.3983 0.8882 -0.2291 -0.5943 0.7896 -0.1524 -0.6812 0.7182 -0.1416 -0.4932 0.7253 -0.4803 -0.64 0.6222 -0.4509 -0.7775 0.6232 -0.0837 -0.9381 0.3337 -0.0929 -0.8405 0.539 -0.0552 -0.9436 0.3057 -0.1272 -0.7047 -0.6665 -0.2433 -0.4292 -0.8239 -0.3701 -0.5179 -0.735 -0.4376 -0.3304 -0.9375 -0.1091 -0.106 -0.1233 -0.9867 -0.0889 -0.1758 -0.9804 -0.0387 -0.2432 -0.9692 -0.1124 -0.9816 -0.1546 -0.1095 -0.9286 -0.3546 -0.0954 -0.8389 -0.5359 -0.0826 -0.6796 -0.7289 -0.0536 -0.4836 -0.8736 -0.5578 -0.3291 -0.7619 -0.5984 -0.5399 -0.592 -0.6862 -0.6094 -0.3972 -0.7502 -0.6526 -0.106 -0.6785 -0.7251 -0.1174 -0.5998 -0.7924 -0.1107 -0.5229 -0.8446 -0.115 -0.4545 -0.8727 -0.1784 -0.4199 -0.9037 -0.0842 -0.1749 -0.2668 -0.9477 -0.2939 -0.3927 -0.8714 -0.2305 -0.4277 -0.874 -0.3832 -0.533 -0.7544 -0.3148 -0.5784 -0.7526 -0.4601 -0.6456 -0.6095 -0.384 -0.7204 -0.5775 -0.5393 -0.8017 -0.2578 -0.6247 -0.7401 -0.249 -0.2235 -0.2273 -0.9478 -0.3398 -0.3577 -0.8698 -0.4484 -0.4786 -0.7549 -0.5316 -0.5877 -0.6099 -0.6005 -0.6701 -0.4363 -0.2251 -0.9541 -0.1975 -0.3412 -0.9021 -0.2642 -0.2187 -0.8753 -0.4313 -0.3165 -0.8404 -0.44 -0.1948 -0.7695 -0.6082 -0.2832 -0.74 -0.6101 -0.1626 -0.6344 -0.7557 -0.2398 -0.6112 -0.7542 -0.1174 -0.4751 -0.8721 -0.1865 -0.4531 -0.8717 -0.1025 -0.3003 -0.9483 -0.2381 0.9533 -0.1857 -0.1049 0.9794 -0.1726 0.067 0.975 -0.212 0.2496 0.9617 -0.1133 0.4091 0.9053 -0.1144 0.0855 0.7776 -0.6229 0.2104 0.937 -0.279 -0.1997 0.8957 -0.3973 -0.1046 0.7842 -0.6117 -0.24 0.9524 -0.188 -0.0587 0.7151 -0.6966 -0.0049 0.9297 -0.3683 -0.0502 0.7657 -0.6412 0.256 0.9617 -0.0976 0.0499 0.98 -0.1928 -0.2197 0.9589 -0.1796 -0.6625 0.7425 -0.099 -0.4273 0.8522 -0.302 -0.5409 0.8225 -0.1759 -0.3737 0.9172 -0.1385 -0.8327 0.5266 -0.1711 -0.8348 0.5377 -0.1182 -0.932 0.3479 -0.1016 -0.4132 0.5908 -0.693 -0.523 0.5979 -0.6075 -0.732 0.5766 -0.3628 -0.8097 -0.546 -0.2153 -0.8623 -0.4585 -0.2149 -0.9624 -0.1842 -0.1997 -0.9803 0.0965 -0.1725 -0.9456 0.2817 -0.1626 -0.8868 0.4442 -0.1275 -0.7274 0.6206 -0.2928 -0.7205 0.6704 -0.1775 -0.1398 0.9546 -0.2632 -0.7478 -0.6338 -0.198 -0.5047 -0.8346 -0.2208 -0.4002 -0.8993 -0.1765 0.1025 -0.9598 -0.2612 -0.0033 -0.9892 -0.1464 -0.1048 -0.9591 -0.263 -0.3053 -0.9336 -0.1876 0.3008 -0.9364 -0.181 0.1954 -0.9717 -0.133 0.5384 -0.8416 0.0437 0.6216 -0.7826 0.0344 0.6903 -0.7217 0.051 0.7585 -0.6269 -0.178 0.7968 -0.592 -0.1212 0.9404 -0.272 -0.2042 0.9024 -0.3852 -0.1931 0.8546 -0.5071 -0.1119 0.9772 -0.0809 -0.1963 0.9838 0.0878 -0.1564 0.8979 0.3634 -0.2485 0.9141 0.2933 -0.2801 0.8568 0.4509 -0.2504 0.6816 0.7123 -0.1674 0.8029 0.5848 -0.1155 0.5635 0.8126 -0.1487 0.6373 0.759 -0.1333 0.4662 0.8526 -0.2362 0.218 0.9408 -0.2597 0.949 0.1967 -0.2463 0.7229 0.318 -0.6134 0.6782 0.4395 -0.5889 0.0798 0.758 -0.6474 0.1389 0.9581 -0.2507 0.395 0.5741 -0.7172 0.3599 0.6141 -0.7024 0.2379 0.6476 -0.7239 0.1004 0.6245 -0.7745 0.1311 0.8145 -0.5651 0.1949 0.778 -0.5972 0.2257 0.7578 -0.6122 0.3394 0.8005 -0.494 0.3641 0.6741 -0.6427 0.5472 0.64 -0.5394 0.5517 0.5987 -0.5806 0.6 0.5394 -0.5908 0.6428 0.488 -0.5905 0.6586 0.44 -0.6105 0.6756 0.3878 -0.6271 0.8697 0.1985 -0.4519 0.7119 0.6628 -0.232 0.8099 0.5333 -0.2443 0.3988 0.8881 -0.2285 0.3093 0.918 -0.2484 0.437 0.7785 -0.4506 0.5418 0.7606 -0.3577 0.5374 0.7001 -0.4701 0.7193 0.6015 -0.3476 0.66 0.2911 -0.6926 0.0325 0.7485 -0.6624 0.1167 0.7961 -0.5937 -0.3704 0.913 -0.1709 0.2398 0.9221 -0.3036 -0.173 0.8731 -0.4558 -0.0423 0.8886 -0.4568 -0.0839 0.7554 -0.6499 -0.1999 0.8479 -0.491 -0.1598 0.8106 -0.5634 0.0023 0.8883 -0.4593 -0.4406 0.7693 -0.4626 -0.4609 0.6972 -0.5491 -0.4491 0.7383 -0.5032 -0.3916 0.76 -0.5187 -0.3172 0.8395 -0.4412 -0.2551 0.8124 -0.5243 -0.6384 0.5659 -0.5217 -0.8399 0.4571 -0.2927 -0.6488 0.6859 -0.3296 -0.918 0.3686 -0.146 -0.7007 0.2686 -0.661 -0.4779 0.5258 -0.7037 -0.412 0.6118 -0.6752 -0.5926 0.6697 -0.4477 -0.5525 0.5931 -0.5857 -0.4814 0.5852 -0.6525 -0.5362 0.4884 -0.6885 -0.5831 0.4432 -0.6808 -0.639 0.3991 -0.6576 -0.7508 0.3646 -0.5508 -0.6824 0.3324 -0.651 -0.8049 0.2286 -0.5476 -0.8239 0.5228 -0.219 -0.7862 0.4881 -0.379 -0.8331 0.3514 -0.427 -0.6231 0.4485 -0.6408 -0.5879 0.5055 -0.6316 -0.6253 0.5707 -0.5322 -0.9226 0.2383 -0.3035 -0.878 0.1938 -0.4376 -0.8206 0.4155 -0.3924 0.3976 -0.8994 -0.1819 0.4986 -0.8474 -0.1828 0.2239 -0.8802 -0.4185 0.8719 -0.1465 -0.4673 0.8506 -0.2352 -0.4702 0.8483 -0.3648 -0.3838 0.7239 -0.5027 -0.4724 0.6618 -0.5828 -0.4716 0.5822 -0.6356 -0.507 0.324 -0.8286 -0.4566 0.4131 -0.7592 -0.5029 -0.967 0.0409 -0.2514 -0.2155 -0.7409 -0.6361 -0.5027 -0.6709 -0.5451 -0.5942 -0.6522 -0.4706 -0.6623 -0.5628 -0.4946 -0.7253 -0.5023 -0.4707 -0.776 -0.2566 -0.5761 -0.9025 -0.3501 -0.2508 -0.9628 -0.0595 -0.2637 -0.2169 -0.9406 -0.2611 -0.6689 -0.7193 -0.1876 -0.9366 -0.2769 -0.2149 -0.579 -0.8029 -0.1422 0.5008 -0.6966 -0.5137 0.8666 -0.0487 -0.4966 0.8562 0.0491 -0.5142 0.7973 0.1581 -0.5825 0.9624 -0.1796 -0.2037 0.6892 -0.6783 -0.255 0.6096 -0.7499 -0.2571 0.796 -0.4549 -0.3992 0.9699 0.0365 -0.2407 -0.0175 -0.6097 -0.7924 0.0032 -0.6941 -0.7199 0.064 -0.7642 -0.6418 0.2949 -0.6554 -0.6953 0.2326 -0.5945 -0.7697 0.1947 -0.7089 -0.6779 0.1121 -0.5483 -0.8287 0.3982 -0.4364 -0.8068 0.3676 -0.5432 -0.7549 0.3279 -0.5351 -0.7785 0.4715 -0.4798 -0.7399 0.533 -0.3606 -0.7654 0.5762 -0.3784 -0.7244 0.5525 -0.5505 -0.6258 0.6251 -0.3374 -0.7039 -0.101 -0.7646 -0.6365 -0.0024 -0.9053 -0.4247 0.1144 -0.7749 -0.6216 0.6695 -0.2645 -0.6941 0.6105 -0.274 -0.7431 0.7139 -0.0941 -0.6939 0.6547 -0.08 -0.7516 0.7187 -0.2028 -0.6651 0.6425 -0.1983 -0.7402 0.7305 -0.0218 -0.6825 0.7252 0.0746 -0.6845 0.6747 0.0464 -0.7366 0.6921 0.1694 -0.7017 -0.7046 0.2075 -0.6786 -0.7687 0.1888 -0.6111 -0.793 0.0839 -0.6035 -0.7728 0.1032 -0.6262 -0.7102 0.0646 -0.701 -0.7336 -0.109 -0.6707 -0.6374 -0.3384 -0.6922 -0.5764 -0.3966 -0.7145 -0.5143 -0.46 -0.7238 -0.4448 -0.5163 -0.7318 -0.3671 -0.5679 -0.7367 -0.2848 -0.6153 -0.7351 -0.2082 -0.7297 -0.6513 -0.8619 -0.0247 -0.5065 -0.8163 -0.0836 -0.5715 -0.781 -0.1524 -0.6056 -0.7423 -0.3482 -0.5724 -0.3185 -0.7957 -0.5152 -0.4255 -0.7574 -0.4953 0.9716 0.1549 -0.1788 -0.9793 0.1452 -0.1411 -0.9621 0.2343 -0.1394 -0.5028 0.6252 -0.5969 -0.5079 0.6931 -0.5115 -0.3403 0.7925 -0.5061 -0.1025 0.7725 -0.6267 -0.0547 0.7696 -0.6361 0.076 0.746 -0.6616 0.1597 0.7578 -0.6326 0.1982 0.7114 -0.6743 0.5643 0.5882 -0.5793 0.4144 0.6035 -0.6812 0.4477 0.5367 -0.7152 0.5145 0.4982 -0.6979 0.9491 0.2451 -0.1979 0.9229 0.3289 -0.2001 0.7401 0.6642 -0.1056 0.6632 0.7333 -0.1496 0.5879 0.7846 -0.197 0.4948 0.8353 -0.2395 0.4126 0.8777 -0.2436 0.3363 0.9116 -0.2363 0.2619 0.9383 -0.2256 -0.0149 0.988 -0.154 -0.1112 0.9652 -0.2367 -0.1958 0.9493 -0.2458 -0.3657 0.9012 -0.2325 -0.3103 0.9463 -0.0909 -0.6041 0.7768 -0.1779 -0.4862 0.8351 -0.2573 -0.6421 0.7382 -0.2067 -0.7719 0.6345 -0.0397 -0.6985 0.6981 -0.1577 -0.8199 0.5635 -0.101 -0.8931 0.4342 -0.1179 -0.8427 0.5229 -0.1284 0.7492 0.2374 -0.6184 0.4689 0.6799 -0.5638 0.6554 0.6581 -0.3707 0.7945 0.587 -0.1556 0.8429 0.5106 -0.1697 0.3897 0.7026 -0.5954 0.6384 0.5379 -0.5505 0.6996 0.4905 -0.5196 0.9705 0.1073 -0.2157 0.7588 0.3048 -0.5756 0.7133 0.3868 -0.5844 0.32 0.7147 -0.6219 0.2638 0.7301 -0.6303 0.176 0.9356 -0.306 0.0656 0.9366 -0.3442 -0.0025 0.8862 -0.4634 -0.8657 0.4863 -0.1189 -0.7819 0.2942 -0.5496 -0.8456 0.3933 -0.361 -0.7861 0.4618 -0.4109 -0.6157 0.5484 -0.5658 -0.2423 0.9159 -0.3201 -0.4137 0.8641 -0.2867 -0.9897 0.0357 -0.1389 -0.9954 -0.0941 -0.015 -0.9834 -0.1814 -0.0021 -0.9264 -0.339 0.1637 -0.9453 -0.2898 -0.1498 -0.8866 -0.449 0.1109 -0.8699 -0.4711 0.146 -0.873 -0.4801 -0.0856 -0.8402 -0.5404 -0.0449 -0.7729 -0.6109 0.1718 -0.7255 -0.6408 0.2511 -0.7746 -0.6171 -0.1385 -0.6335 -0.7233 0.2749 -0.5559 -0.7253 0.4061 -0.6626 -0.7471 -0.0534 0.8176 0.0622 -0.5724 0.8302 -0.0193 -0.5571 -0.3202 -0.9224 -0.2159 0.5953 -0.7107 0.3748 0.6548 -0.7497 -0.0959 0.7833 -0.6106 -0.1166 0.8335 -0.5522 0.0199 0.8619 -0.4794 0.1651 0.8753 -0.4739 -0.0961 0.9513 -0.3016 0.0633 0.9474 -0.2883 -0.1391 0.9701 -0.2427 -0.006 0.9937 -0.0827 -0.0754 0.9703 -0.0872 -0.2255 0.9973 -0.0239 -0.0691 0.7815 0.1735 -0.5993 0.68 -0.0425 -0.732 0.4405 -0.3098 -0.8426 0.2615 -0.4873 -0.8332 0.1572 -0.4342 -0.887 -0.9634 -0.2663 -0.0305 -0.1146 -0.961 -0.2518 0.0968 -0.9676 -0.2333 0.1917 -0.971 -0.1429 0.2724 -0.9206 -0.2799 0.3586 -0.7011 -0.6164 0.3586 -0.905 0.2287 0.4792 -0.8105 -0.3368 0.4197 -0.8546 0.3057 0.5649 -0.8192 -0.099 0.7481 -0.2457 -0.6164 -0.8254 -0.0193 -0.5642 -0.8217 -0.1098 -0.5592 -0.6817 -0.2669 -0.6812 -0.4832 -0.6263 -0.6118 0.7134 -0.494 -0.497 0.774 -0.4228 -0.4713 0.4136 -0.7273 -0.5477 0.3197 -0.8017 -0.5051 0.231 -0.8398 -0.4912 0.0949 -0.7768 -0.6226 0.0143 -0.7783 -0.6277 -0.1022 -0.7387 -0.6662 -0.2964 -0.7168 -0.6311 -0.3988 -0.6766 -0.619 -0.5557 -0.5443 -0.6284 -0.6185 -0.4625 -0.6352 -0.7709 -0.2636 -0.5798 -0.8653 -0.3007 -0.4011 -0.7805 -0.4689 -0.4135 -0.6688 -0.6776 -0.3059 -0.5896 -0.7833 -0.1971 -0.5085 -0.8407 -0.1864 -0.4194 -0.8919 -0.1692 -0.8964 0.0937 -0.4332 -0.966 -0.0967 -0.2398 0.8434 -0.2588 -0.4709 0.6696 -0.5768 -0.4679 0.6048 -0.6751 -0.4224 0.5137 -0.7116 -0.4793 0.3223 -0.9464 -0.0221 -0.6958 -0.4465 -0.5625 -0.2194 -0.945 -0.2426 -0.0052 -0.9732 -0.2299 0.8477 -0.1515 -0.5083 0.762 -0.6121 0.2115 0.9317 -0.3627 0.0196 0.9808 -0.1944 -0.0164 0.8947 0.4127 -0.171 0.613 0.7901 -0.0036 0.3399 0.9404 -0.0077 0.5307 0.8475 -0.0018 0.4314 0.902 -0.0155 0.2456 0.9693 -0.0131 -0.1962 0.9805 0.0124 -0.0636 0.998 0.0012 0.0314 0.9995 -0.0025 0.1466 0.989 -0.0178 -0.4128 0.9108 0.0046 -0.4824 0.8758 -0.015 -0.5462 0.8376 -0.0015 -0.6011 0.7952 -0.0795 -0.7773 0.629 0.0084 -0.7867 0.6035 -0.1302 -0.9507 0.3094 -0.0201 0.983 -0.0774 0.1665 0.9551 -0.2059 0.2129 0.833 -0.3583 0.4217 0.8187 -0.4191 0.3925 0.8896 -0.4252 0.1669 0.5237 -0.5172 0.6769 0.7976 -0.5801 0.1653 0.7372 -0.6433 0.2067 0.5777 -0.7421 0.34 0.5485 -0.7962 0.2553 0.4614 -0.8092 0.3638 0.3861 -0.8422 0.3762 0.1429 -0.9683 0.2049 0.2188 -0.9461 0.2387 -0.0796 -0.8543 0.5136 -0.0185 -0.9691 0.2461 -0.3577 -0.8099 0.4649 -0.6184 -0.7632 0.1875 -0.6892 -0.6951 0.2043 -0.7466 -0.636 0.1951 -0.8119 -0.5371 0.2288 -0.8299 -0.4854 0.2751 -0.8895 -0.1656 -0.4258 -0.8909 -0.3909 0.2312 -0.9625 -0.2467 0.1126 -0.9691 -0.0819 0.2328 -0.9886 0.0284 0.1479 -0.9122 -0.03 0.4086 -0.9682 0.1522 0.1985 -0.9414 0.2384 0.2387 -0.8995 0.2874 0.329 -0.8563 0.3613 0.3691 -0.8111 0.4397 0.3857 -0.7531 0.5032 0.4237 -0.7023 0.5949 0.3909 -0.6423 0.7266 0.2441 -0.5861 0.6684 0.458 -0.5251 0.7937 0.3071 -0.4673 0.8382 0.2809 -0.302 0.8425 0.446 -0.3714 0.9116 0.1762 -0.0024 0.8869 0.462 0.3123 0.8566 0.4107 0.4152 0.871 0.2626 0.734 0.6567 0.1735 0.5977 0.7576 0.2623 0.984 0.0288 0.1757 0.0941 -0.3677 0.9252 -0.9122 -0.2178 0.3469 -0.6718 -0.2763 0.6873 -0.5153 -0.3772 0.7695 0.0768 -0.9387 0.3361 0.0016 0.9054 0.4246 -0.1121 0.9263 0.3597 -0.5143 0.8431 0.1573 -0.5402 0.5528 0.6345 -0.6231 0.5113 0.5919 -0.5443 0.7459 -0.384 -0.5357 0.8118 -0.2324 -0.6398 0.3695 0.6738 -0.6697 0.6976 -0.2547 -0.7354 0.3601 0.574 -0.7219 0.6361 -0.2725 -0.7553 0.2519 0.6051 -0.7654 0.5677 -0.3031 -0.7988 0.1839 0.5728 -0.833 0.1175 0.5407 -0.8276 0.4859 -0.281 -0.8751 0.3995 -0.2732 -0.8005 -0.0124 0.5992 -0.9764 0.1305 0.1718 0.9848 -0.0211 -0.1725 0.9595 -0.0759 -0.2714 0.9269 -0.1325 -0.3511 0.3102 -0.4928 0.813 0.6653 -0.7145 0.2163 0.3615 -0.9062 0.2193 0.2926 -0.9273 0.2336 0.1604 -0.9305 0.3292 -0.6229 -0.7329 0.2736 -0.8981 -0.3658 -0.244 -0.9342 -0.2767 -0.2252 -0.9559 -0.17 -0.2396 0.9988 -0.0049 0.0483 0.9833 -0.0706 0.1676 0.9559 0.2613 -0.1339 0.9727 -0.009 0.2318 0.8801 -0.0447 0.4728 0.91 0.3715 -0.1841 0.8662 0.0407 0.4981 0.8245 0.4845 -0.2923 0.805 0.0748 0.5885 0.7774 0.27 0.5682 0.7489 0.5643 -0.3473 0.8127 0.1938 0.5495 0.7044 0.6287 -0.3296 0.6496 0.6931 -0.3126 0.7277 0.3362 0.5978 0.6812 0.4153 0.6029 0.584 0.7524 -0.3046 0.5238 0.8042 -0.2808 0.6276 0.5056 0.592 0.4816 0.641 0.5977 0.4367 0.8436 -0.3124 0.5679 0.6025 0.5608 0.374 0.8875 -0.269 0.2108 0.8651 0.4552 0.2375 0.9663 -0.099 0.3216 0.9266 -0.1947 0.3138 0.8302 0.4608 0.0764 0.9626 0.2598 0.1372 0.9753 -0.1729 -0.4174 0.8089 0.414 -0.4774 0.6451 0.5966 -0.5676 0.5778 0.5865 -0.6272 0.4843 0.61 -0.6934 0.4294 0.5786 -0.7398 0.351 0.5741 -0.7767 0.2678 0.5701 -0.8041 0.1819 0.566 -0.9242 -0.0762 0.3742 -0.9464 -0.1259 0.2975 -0.8145 -0.0807 0.5745 -0.7486 0.0335 0.6621 -0.318 0.8604 0.3982 -0.2145 0.9021 0.3743 -0.7829 -0.0341 0.6212 -0.1415 0.3738 0.9166 -0.4476 -0.1316 0.8845 -0.476 -0.0321 0.8789 -0.4716 0.0092 0.8818 -0.4616 0.1116 0.88 -0.4062 0.2104 0.8892 -0.3084 0.2138 0.9269 -0.3112 0.3544 0.8818 0.0164 0.3745 0.9271 -0.0746 0.3782 0.9227 -0.1935 0.2804 0.9402 -0.3409 -0.2566 0.9044 -0.3724 -0.2936 0.8804 -0.6311 -0.2961 0.717 -0.0426 -0.3229 0.9455 -0.2189 -0.1158 0.9688 0.0074 -0.3771 0.9262 0.1186 -0.4263 0.8968 0.6339 -0.3391 0.6951 0.2905 -0.3425 0.8935 0.1836 -0.8495 0.4945 0.2023 -0.7273 0.6558 0.3587 -0.6582 0.6619 0.3671 -0.6404 0.6746 0.4323 -0.6091 0.6649 0.5481 -0.5918 0.591 0.5956 -0.5343 0.5998 0.645 -0.4942 0.5829 0.6673 -0.4411 0.6001 0.7183 -0.3681 0.5903 0.7966 -0.2145 0.5651 -0.7162 -0.6118 0.3358 -0.4762 -0.6313 0.6121 -0.3791 -0.6955 0.6103 -0.0782 -0.5235 0.8484 0.0697 -0.1362 0.9882 0.0236 -0.1493 0.9885 0.0155 -0.5016 0.865 0.0153 -0.4521 0.8918 -0.0572 -0.3475 0.9359 0.2654 -0.4122 0.8716 -0.4675 -0.8065 0.3619 -0.0923 -0.6481 0.7559 0.0389 -0.4659 0.884 -0.3175 -0.8741 0.3677 -0.2507 -0.8892 0.3828 0.2191 -0.6364 0.7396 -0.1632 -0.9174 0.3629 -0.0017 -0.7477 0.664 0.7788 -0.2463 0.5768 0.7212 -0.1948 0.6648 0.0357 -0.3645 0.9305 0.7368 -0.0633 0.6731 0.7069 -0.1351 0.6943 0.0324 -0.3779 0.9253 0.7466 0.0481 0.6635 0.7327 0.0956 0.6738 0.0692 -0.3506 0.934 0.719 0.2147 0.661 0.6841 0.2489 0.6856 -0.123 -0.455 0.882 0.1325 -0.2972 0.9456 -0.505 -0.4947 0.7073 0.6606 0.3493 0.6645 0.5966 0.4649 0.6542 0.3043 -0.0509 0.9512 -0.3127 -0.5157 0.7977 0.5504 0.4945 0.6727 0.4571 0.5747 0.6788 0.2227 -0.0259 0.9745 -0.1331 -0.528 0.8388 -0.5519 -0.4476 0.7036 -0.8228 -0.3371 0.4576 -0.4708 -0.5223 0.711 0.172 0.0216 0.9849 0.2893 0.5578 0.7779 0.3791 0.5937 0.7098 0.3401 0.5388 0.7707 0.1782 0.6034 0.7772 0.1023 0.5674 0.8171 -0.3651 -0.3729 0.853 0.746 -0.1788 0.6415 -0.6813 0.0684 0.7288 -0.6382 0.2239 0.7366 -0.571 0.3915 0.7216 0.9103 -0.3621 0.2006 0.5052 -0.8317 0.2305 0.3365 -0.8921 0.3015 0.183 -0.9398 0.2884 0.0158 -0.9269 0.3749 -0.9644 0.2316 -0.1279 -0.9281 0.3333 -0.166 -0.894 0.4192 -0.1582 -0.8533 0.5006 -0.1461 -0.8159 0.5694 -0.1008 -0.7462 0.6503 -0.1423 -0.708 0.7042 -0.0543 -0.6234 0.7744 -0.1082 -0.4184 0.8981 0.1352 0.5098 0.8185 0.2649 0.6698 0.7037 0.237 -0.9533 -0.2629 0.1486 -0.7531 -0.4173 0.5086 -0.722 -0.4836 0.4948 -0.941 -0.203 -0.2708 -0.8973 -0.2713 -0.3482 -0.6895 -0.5462 0.4756 -0.8468 -0.3231 -0.4224 -0.6457 -0.6037 0.4676 -0.5835 -0.6531 0.4827 -0.8093 -0.4178 -0.413 -0.5412 -0.7089 0.4523 -0.7626 -0.5257 -0.377 -0.7055 -0.6733 -0.221 -0.6179 -0.777 -0.1207 -0.5002 -0.7566 0.4211 -0.4537 -0.8075 0.377 -0.5424 -0.8184 -0.1897 -0.3818 -0.8453 0.3737 -0.4511 -0.8857 -0.11 -0.3479 -0.9295 -0.1227 -0.2308 -0.8984 0.3737 -0.2604 -0.9528 -0.1563 -0.1538 -0.9139 0.3756 -0.16 -0.9406 -0.2994 -0.0565 -0.9825 0.1775 0.5486 -0.7195 0.4259 0.6855 -0.7254 -0.0626 0.7639 -0.5421 -0.3502 0.8155 -0.4449 -0.3701 0.5776 -0.6608 0.4793 0.6889 -0.5476 0.4748 0.867 -0.3657 -0.3386 0.6384 -0.6083 0.4716 0.9203 -0.3257 -0.2166 0.7322 -0.479 0.4841 0.9647 -0.1744 0.1975 0.0653 -0.9398 0.3355 0.6425 -0.3308 0.6912 0.4927 -0.5299 0.6902 0.4549 -0.5595 0.6928 0.3647 -0.5759 0.7317 0.4843 -0.6856 0.5436 0.2521 -0.6084 0.7526 0.1549 -0.6078 0.7788 -0.1041 -0.1386 0.9849 -0.0636 -0.1061 0.9923 -0.005 0.2767 0.9609 0.5339 -0.4822 0.6946 0.0959 -0.4669 0.8791 -0.1218 -0.1715 0.9776 -0.16 0.4108 0.8976 0.6086 -0.4398 0.6605 -0.1995 0.2505 0.9473 0.8847 -0.2932 0.3624 -0.397 0.4444 0.8031 -0.2769 0.0166 0.9608 -0.2855 -0.073 0.9556 -0.6191 0.2924 0.7288 -0.2357 -0.2139 0.948 -0.68 0.1402 0.7197 -0.1867 -0.2899 0.9387 -0.2034 -0.3499 0.9144 -0.7041 -0.0107 0.7101 -0.6837 -0.0862 0.7246 -0.0015 -0.3814 0.9244 -0.6786 -0.1487 0.7193 -0.8281 -0.1377 0.5434 0.1727 0.0004 0.985 0.1777 -0.1993 0.9637 0.4007 0.0151 0.9161 0.3164 -0.2856 0.9046 0.3671 -0.0713 0.9274 0.5022 0.4183 0.7568 -0.0722 0.361 0.9298 -0.3552 0.4824 0.8007 0.6108 -0.2 0.7661 0.6436 -0.1114 0.7572 0.4851 -0.1596 0.8598 0.5562 -0.0406 0.83 0.5726 0.0359 0.8191 0.6895 0.4297 0.5831 0.2094 0.2641 0.9415 0.1529 0.37 0.9164 0.087 0.3578 0.9297 -0.2074 0.8743 0.4388 0.7876 0.4628 0.4069 0.5523 0.3667 0.7487 0.4228 0.4739 0.7724 0.3726 0.5624 0.7381 -0.0986 0.9167 0.3873 0.9425 0.0638 0.328 0.9306 0.1562 0.331 0.9027 0.2234 0.3677 0.8862 0.3362 0.3187 0.8469 0.4251 0.3194 0.2118 0.8931 0.3969 0.1043 0.9146 0.3906 -0.8878 -0.2525 0.3847 -0.7644 -0.3435 0.5456 -0.741 -0.4366 0.5102 -0.6838 -0.4843 0.5458 -0.6246 -0.5532 0.5512 -0.5583 -0.5963 0.5769 -0.3738 -0.5931 0.7131 -0.4831 -0.6763 0.5561 -0.3079 -0.6973 0.6472 -0.2482 -0.734 0.6322 -0.2922 -0.8563 0.4258 -0.0754 -0.7875 0.6117 -0.1015 -0.7835 0.613 -0.1874 -0.7946 0.5775 -0.2547 -0.6153 0.746 0.2491 -0.9385 0.239 -0.0884 -0.5363 0.8394 0.3974 -0.8547 0.3341 0.0102 -0.4024 0.9154 -0.0002 -0.3041 0.9527 0.0242 -0.2761 0.9608 0.5149 -0.7647 0.3875 0.1011 -0.596 0.7966 0.1623 -0.1313 0.978 -0.017 -0.3877 0.9216 -0.0503 -0.3872 0.9206 -0.2048 -0.4047 0.8913 -0.1778 -0.7996 0.5736 -0.4648 -0.8089 0.36 -0.0569 -0.7655 0.6409 -0.0956 -0.9325 0.3483 0.1746 -0.9515 0.2533 -0.9991 -0.021 0.0373 -0.934 -0.2116 0.2881 -0.1154 -0.7172 0.6873 -0.2561 -0.7564 0.6019 -0.7969 -0.5905 -0.1274 -0.6814 -0.6915 0.2398 -0.7414 -0.6318 -0.2263 -0.8043 -0.5541 0.2148 -0.8534 -0.4808 -0.2013 -0.7458 -0.6274 0.2239 -0.898 -0.3967 -0.1901 -0.8483 -0.4806 0.2223 -0.9325 -0.2958 -0.2074 -0.8969 -0.3881 0.2121 -0.9634 -0.2394 -0.121 -0.9961 -0.057 -0.0672 -0.9574 -0.2057 0.2027 -0.9693 -0.095 -0.2268 -0.9171 -0.3209 0.2366 -0.2957 -0.9423 0.1572 -0.1605 -0.8967 0.4125 -0.4017 -0.9057 0.1357 -0.4878 -0.8611 0.1436 -0.5925 -0.7359 -0.3278 -0.5507 -0.8063 0.216 -0.6697 -0.662 -0.3364 -0.6095 -0.7494 0.2588 -0.2726 -0.8528 0.4455 -0.361 -0.8325 0.4204 -0.8896 -0.3094 0.3359 -0.831 -0.4008 0.3858 -0.7982 -0.4712 0.3753 -0.7567 -0.5394 0.3693 -0.7095 -0.6032 0.3643 -0.6555 -0.6626 0.3624 -0.6007 -0.718 0.3517 -0.5365 -0.7679 0.35 0.1475 -0.8607 0.4873 0.1226 -0.9791 0.1623 0.0417 -0.7266 0.6858 0.0629 -0.8887 0.4542 0.9229 -0.2265 0.3115 0.9971 -0.0739 -0.0164 0.9996 -0.026 0.0138 0.333 -0.8907 0.3095 0.2239 -0.8499 0.477 0.5829 -0.7462 0.3217 0.6719 -0.6736 -0.308 0.7407 -0.6299 -0.2337 0.5321 -0.7983 0.2821 0.5943 -0.7833 -0.1826 0.4732 -0.8517 0.2253 0.4983 -0.8457 -0.1912 0.413 -0.8374 -0.358 0.3563 -0.8747 0.3287 0.2359 -0.9309 0.2789 0.294 -0.8969 0.3302 0.1852 -0.9488 0.2559 0.9541 -0.2135 0.2101 0.9155 -0.3093 0.2573 0.979 -0.1974 0.0502 0.7672 -0.4489 0.4582 0.958 -0.2861 -0.0204 0.8513 -0.4727 0.2279 0.9484 -0.3046 -0.0881 0.8791 -0.4766 0.0069 0.7976 -0.5533 0.2402 0.8517 -0.5234 -0.024 0.7355 -0.6267 0.2574 0.795 -0.5921 -0.1316 0.6943 -0.6881 0.2107 0.8609 -0.3568 0.3628 0.7704 -0.5074 0.386 0.6806 -0.6332 0.3686 0.5976 -0.7148 0.3631 0.5459 -0.7688 0.3331 0.4239 -0.8249 0.374 -0.0592 0.9897 0.1307 0.0029 0.9998 -0.02 -0.2653 0.8887 0.3741 -0.1715 0.8926 0.417 -0.3681 0.8485 0.3803 -0.4597 0.8311 0.3129 -0.5539 0.7564 0.3479 -0.9752 -0.208 0.0758 -0.9534 -0.2845 0.1001 -0.9741 0.0501 0.2205 -0.965 0.1511 0.2142 -0.9445 0.2445 0.2194 -0.9171 0.3498 0.1913 -0.8759 0.4297 0.2196 -0.8293 0.5089 0.2307 -0.7721 0.5683 0.2843 -0.7024 0.6244 0.3416 -0.638 0.6901 0.3415 -0.9973 0.0588 0.0449 -0.9927 -0.0467 0.1113 0.9967 0.0523 0.0626 0.9957 0.019 0.0902 0.9848 0.0762 0.1561 0.9983 0.0582 0.0072 0.9462 0.1188 0.3011 0.9069 0.1713 0.385 0.9091 0.3288 0.2557 0.8735 0.4405 0.2075 0.7694 0.5974 0.2262 0.8235 0.517 0.2335 0.706 0.6577 0.2626 0.6287 0.7481 0.2125 0.5437 0.8073 0.2294 0.4436 0.8775 0.1822 0.3364 0.9285 0.1574 0.2392 0.9571 0.1638 0.1338 0.9794 0.1513 0.9968 0.0802 -0.007 0.0711 0.9716 0.2256 0.0862 0.9797 0.181 0.9487 -0.0158 0.3159 0.7099 0.6666 -0.2272 0.7408 0.6058 -0.2904 0.7807 0.5371 -0.3193 0.6534 0.7248 -0.2186 0.9196 0.3439 -0.1899 0.8674 0.4391 -0.2341 0.9596 0.2381 -0.15 0.9544 0.2071 0.2151 0.9327 0.3097 0.1848 0.9411 0.0578 0.3331 0.4012 0.8736 -0.2753 0.4934 0.8316 -0.2547 0.5557 0.7795 -0.2891 0.2826 0.9477 0.1481 0.1843 0.9689 0.1649 0.3759 0.9254 0.0479 -0.059 0.9982 0.004 -0.1483 0.946 0.2884 -0.9502 -0.0126 0.3115 -0.9967 0.081 -0.0064 -0.0865 0.9739 0.21 -0.5442 0.8318 -0.1095 -0.6263 0.7742 -0.0916 -0.4602 0.8804 -0.1147 -0.6975 0.711 -0.0891 -0.675 0.6529 0.3436 -0.7392 0.5761 0.3488 -0.6003 0.7201 0.348 -0.5176 0.7789 0.3542 -0.4262 0.8464 0.3193 -0.3734 0.9214 -0.1076 -0.2835 0.9545 -0.0925 -0.1938 0.9797 -0.0523 -0.3281 0.888 0.3221 -0.226 0.9184 0.3247 -0.956 0.2904 -0.0408 -0.9285 0.3713 -0.005 -0.9803 0.1948 -0.0336 -0.8789 0.4735 -0.0578 -0.8444 0.5353 0.0229 -0.7875 0.6162 0.0129 -0.9077 0.1168 0.4029 -0.9296 0.0428 0.3661 -0.8623 0.2892 0.4156 -0.8874 0.1976 0.4166 -0.7797 0.4476 0.4378 -0.8237 0.3677 0.4316 -0.9903 0.0341 0.135 -0.9378 0.1694 0.303 -0.9065 0.4217 0.0208 0.3558 -0.8744 0.3299 0.0033 -0.8485 0.5292 0.059 -0.991 0.1204 0.0601 -0.8258 0.5608 0.808 -0.5644 0.1691 -0.964 0.2525 0.0834 -0.1288 -0.4773 0.8692 -0.0709 -0.9905 0.118 -0.1882 -0.9203 0.343 -0.1885 -0.9651 0.1818 0.9113 0.3668 0.1872 0.7318 0.0425 0.6802 0.9885 -0.1055 0.1083 0.0574 0.992 0.1128 0.0955 0.994 0.0536 0.026 0.9991 0.0338 -0.0348 0.9927 0.1154 -0.9519 -0.1902 0.2403 -0.8705 -0.47 0.1458 -0.7498 -0.0586 0.659</float_array><technique_common><accessor count="1993" source="#eSeries_UR5e_081-mesh-slim-nrm-array" stride="3"><param type="float" name="X"/><param type="float" name="Y"/><param type="float" name="Z"/></accessor></technique_common></source><source id="eSeries_UR5e_081-mesh-slim-pos"><float_array count="5979" id="eSeries_UR5e_081-mesh-slim-pos-array">1.265102 422.0757 -50.90978 2e-06 422.7426 -50.1706 0.064939 421.3057 -50.91172 -1.214616 421.9682 -50.91203 -0.053645 424.1747 -50.91087 1.214292 423.5044 -50.91017 26.84679 376.2425 -50.1706 25.63627 375.4672 -50.91221 26.7728 377.6628 -50.91973 28.03474 377.0528 -50.90688 28.11114 376.3335 -50.88428 -1.245048 423.4369 -50.91324 -26.84679 376.2425 -50.1706 -28.06024 375.4799 -50.91085 -26.93426 377.6689 -50.92078 -25.65893 377.0522 -50.90674 -25.58244 376.3336 -50.88428 26.86994 374.8188 -50.91332 25.57974 376.919 -50.91465 28.1098 375.5612 -50.9134 -0.073027 424.1956 -51.59806 1.2219 423.5323 -51.59806 1.294928 422.0792 -51.59806 0.073031 421.2894 -51.59806 -1.221895 421.9527 -51.59806 -1.294924 423.4058 -51.59806 -28.09205 376.9316 -50.91291 -25.58375 375.5617 -50.91338 -26.80251 374.8053 -50.91513 28.14172 375.5792 -51.59806 26.91982 374.7894 -51.59806 25.62489 375.4527 -51.59806 25.55186 376.9058 -51.59806 26.77376 377.6956 -51.59806 28.06869 377.0323 -51.59806 -1.947528 422.1466 -51.57684 0.679174 424.6692 -51.57701 -1.354406 421.2071 -51.57979 -28.06868 375.4527 -51.59806 -28.14171 376.9058 -51.59806 -26.91981 377.6956 -51.59806 -25.62489 377.0323 -51.59806 -25.55186 375.5792 -51.59806 -26.77376 374.7894 -51.59806 26.30194 374.241 -51.58052 28.57485 375.2004 -51.58999 27.08695 378.2478 -51.58429 24.99116 375.6084 -51.59571 28.45854 377.4301 -51.58705 25.57979 377.8906 -51.57356 2.699152 422.2199 -50.79987 2.71914 423.0819 -50.87622 2.277355 424.3055 -50.81633 1.471603 425.0548 -50.86807 0.53886 425.4375 -50.80579 -0.410956 425.4588 -50.82898 -1.306882 425.1642 -50.75713 -2.045278 424.5857 -50.76774 -2.537228 423.7891 -50.83742 -2.744285 422.8472 -50.82636 -2.60542 421.8749 -50.85083 -2.173751 421.1125 -50.94503 -1.825318 420.6865 -50.80082 -1.372133 420.3958 -50.95925 -0.563091 420.054 -50.84206 0.349348 420.0316 -50.9109 1.312462 420.3232 -50.75588 2.223509 421.1002 -50.83894 2.045674 422.6973 -51.58423 1.074229 420.9207 -51.57368 -2.065826 423.241 -51.56237 -1.120169 424.4299 -51.58136 1.687591 423.8144 -51.58508 -1.385577 420.8174 -51.41522 1.940577 421.1256 -51.28554 -2.389981 422.011 -51.3156 -1.168241 425.0015 -51.257 1.654694 424.4902 -51.3816 2.332875 423.4818 -51.36617 2.384558 422.0871 -51.34602 0.462136 420.3654 -51.36959 -0.503209 420.3731 -51.37738 -2.395773 423.4619 -51.30443 -0.443783 425.1117 -51.37842 0.191089 425.1923 -51.34933 1.221314 420.5062 -51.2523 -1.913065 424.4092 -51.25973 0.911785 425.103 -51.2624 2.333455 423.9958 -51.07756 -26.59473 378.2489 -51.584 -28.7024 375.6083 -51.59571 -27.39164 374.241 -51.58052 -25.23059 377.4265 -51.5869 -28.11378 377.8906 -51.57356 29.57597 376.0893 -50.88396 29.40228 377.2876 -50.85492 28.48946 378.4695 -50.83066 27.39471 378.9402 -50.75598 26.47934 378.9728 -50.75692 25.54024 378.66 -50.80685 24.81086 378.0909 -50.79921 24.2795 377.2336 -50.79887 24.10383 376.3064 -50.83178 24.22815 375.3859 -50.72127 24.44778 374.9398 -50.91851 25.04284 374.1683 -50.80343 26.24611 373.5602 -50.82373 27.22916 373.5212 -50.8217 28.15779 373.8491 -50.9055 28.88508 374.386 -50.75594 29.41568 375.2694 -50.81268 24.82221 377.2623 -51.48991 27.50546 374.1361 -51.51846 25.11498 374.4774 -51.35754 24.4361 375.7388 -51.35305 24.42807 376.7506 -51.31398 26.26582 378.5452 -51.41077 29.15554 375.5818 -51.39471 28.50573 374.4679 -51.3612 25.29056 378.2306 -51.2475 28.19565 378.2577 -51.37941 28.95187 377.6793 -51.25703 29.20607 376.5886 -51.42018 27.62913 373.842 -51.24755 26.54117 373.7232 -51.25559 25.64056 373.8017 -50.90397 24.62023 377.6337 -51.1062 26.28304 378.8125 -51.13065 27.38238 378.7418 -51.23742 29.00328 374.6864 -51.08318 2.62858 423.5738 -49.31095 2.204326 424.3526 -49.22748 1.508613 425.0429 -49.26984 -0.333962 425.4749 -49.27934 -1.656367 424.9381 -49.26754 -2.67662 423.3775 -49.27691 -2.208213 421.1097 -49.2533 -0.630427 420.0631 -49.27779 2.013152 420.8592 -49.30322 2.316381 421.2582 -49.22226 -24.11444 376.0817 -50.87197 -24.30829 377.3018 -50.87735 -25.0196 378.3014 -50.80232 -25.6101 378.6684 -50.89854 -26.25877 378.9327 -50.76309 -27.21363 378.9728 -50.7574 -28.39885 378.531 -50.83197 -29.60029 376.5001 -50.79069 -28.64822 374.1674 -50.80884 -28.06049 373.8041 -50.90107 -27.44747 373.5602 -50.82373 -26.46442 373.5212 -50.8217 -25.12288 374.0937 -50.72067 -24.27754 375.2697 -50.81056 -24.74847 376.4134 -51.56253 -25.32722 374.9449 -51.58438 -26.19177 374.1347 -51.51807 -28.37413 374.4011 -51.40905 -27.4277 378.5452 -51.41077 -25.48087 378.2061 -51.40134 -25.19384 374.4613 -51.35943 -29.11717 375.6777 -51.43319 -28.9766 377.1254 -51.4714 -28.40301 378.2306 -51.2475 -24.73454 377.6692 -51.25655 -24.32629 376.3917 -51.27491 -24.55998 375.4497 -51.37129 -26.06445 373.842 -51.24755 -27.15241 373.7232 -51.25558 -29.4441 376.656 -51.14741 -27.41054 378.8125 -51.13066 -26.3223 378.7382 -51.24424 -24.67269 374.6346 -50.99942 -25.56922 373.8376 -50.92523 -29.03266 374.6603 -51.01047 -29.43014 375.3711 -50.92557 -29.1742 377.6717 -50.90935 29.59998 376.131 -49.2778 29.01296 377.9262 -49.26638 26.53592 378.9777 -49.28491 25.72723 378.733 -49.22238 24.84063 378.1257 -49.28574 24.56025 377.735 -49.21988 24.1577 376.8568 -49.31652 24.13623 376.475 -49.21253 24.64023 374.599 -49.28399 25.74713 373.7491 -49.22825 26.7027 373.4953 -49.26963 28.90488 374.4219 -49.2759 0.642119 425.4 -49.22845 -1.005557 425.2654 -49.22172 -2.455509 421.4876 -49.2211 0.210973 419.994 -49.23074 1.205041 420.2981 -49.22352 -1.501398 420.4676 -49.21894 -2.256133 424.2743 -49.22716 -24.2177 375.3642 -49.30995 -24.11456 376.5609 -49.27626 -24.35269 377.3578 -49.2168 -24.94693 378.2329 -49.27715 -25.7169 378.7381 -49.22502 -26.76259 378.9839 -49.25313 -27.59631 378.8613 -49.22353 -28.31731 378.5523 -49.26459 -28.82478 378.1262 -49.23434 -29.59173 376.3855 -49.27132 -29.28486 374.9817 -49.25853 -27.93127 373.7125 -49.28609 -27.14707 373.5281 -49.21872 -24.82152 374.3762 -49.28285 29.3859 375.2469 -49.21901 28.35949 378.521 -49.23762 27.47524 378.9046 -49.23836 24.22371 375.4679 -49.2366 29.40119 377.1863 -49.21722 27.49962 373.5897 -49.21778 28.41779 374.0122 -49.22165 2.743067 422.9793 -49.22382 2.661586 422.0511 -49.2314 1.369297 420.2594 -49.19705 -1.369421 425.2256 -49.19752 -0.979246 420.0966 -49.19802 -1.953652 420.7266 -49.19802 -0.134277 425.5456 -49.19804 0.979895 425.3881 -49.19802 2.310748 424.4105 -49.19814 -2.746926 422.4504 -49.22506 -2.590331 423.93 -49.19784 -24.32054 375.3386 -49.19931 -29.50223 375.675 -49.21459 -29.36167 377.3134 -49.23321 -25.54005 373.8396 -49.23718 -26.23229 373.596 -49.22257 27.82624 378.8883 -49.19801 25.86746 373.5967 -49.19801 29.53596 375.4075 -49.19672 29.06807 374.5364 -49.19807 28.2017 373.7529 -49.19777 26.98045 373.4394 -49.19804 28.79959 378.2591 -49.19801 24.05197 375.9437 -49.19808 24.15719 377.0761 -49.19706 24.89302 378.2961 -49.19896 25.86734 378.8689 -49.19804 26.71323 379.0456 -49.19804 29.58677 377.0194 -49.19824 24.96379 374.2378 -49.22464 24.31544 375.0277 -49.19803 2.812265 422.442 -49.59805 2.606893 423.9364 -49.59958 1.383667 425.2326 -49.59989 0.13459 425.5631 -49.59809 -0.989368 425.4091 -49.59872 -1.965094 424.7718 -49.59809 -2.756635 423.5254 -49.59865 -2.706936 421.9043 -49.59988 -1.958813 420.6671 -49.59694 -0.56184 419.9537 -49.59929 0.98889 420.0758 -49.5985 2.339201 421.0884 -49.59738 -25.86734 378.8883 -49.19801 -24.894 378.2592 -49.19802 -24.31537 377.4572 -49.19803 -24.0176 376.2434 -49.1985 -27.82612 373.5966 -49.19801 -28.80054 378.2961 -49.19893 -27.36521 379.0271 -49.1972 -28.75814 374.2604 -49.22654 -29.58682 375.466 -49.19787 -29.53644 377.076 -49.19711 -26.71313 373.4394 -49.19804 -24.37064 374.8727 -49.19784 -25.49183 373.7529 -49.19735 0.888041 425.6563 -49.53835 -1.256804 425.6059 -49.40846 2.183198 424.9439 -49.58348 29.65905 375.942 -49.59804 29.45362 377.4368 -49.59823 28.23038 378.7326 -49.59973 26.98138 379.0631 -49.59809 25.85774 378.9093 -49.59859 24.53315 377.9165 -49.5977 24.03454 376.5431 -49.59805 24.23993 375.0484 -49.59772 25.46295 373.7526 -49.60003 26.71226 373.4219 -49.5981 27.83555 373.5757 -49.59864 29.16051 374.5686 -49.59733 27.63369 379.6028 -49.63842 31.4274 378.1119 -49.8687 24.39854 373.5828 -49.83739 27.95021 379.7284 -49.97166 26.73058 379.8826 -49.92134 25.57962 379.6805 -49.99107 24.0295 378.5742 -49.9695 23.42394 377.5086 -49.92341 23.19535 376.2831 -49.93974 23.32732 375.3317 -49.92004 23.70109 374.4149 -49.88169 24.06607 374.3608 -49.60305 23.53697 376.9003 -49.61645 24.96362 379.331 -49.83497 23.90429 378.0657 -49.67667 23.43088 375.7426 -49.66942 26.06927 379.5485 -49.62174 24.54702 378.7618 -49.63771 -2.138999 424.9645 -49.5825 -3.605709 424.7035 -49.60849 1.134567 419.5806 -49.60015 -0.016375 425.7632 -49.58011 -3.277853 421.9267 -49.61622 3.522304 421.8988 -49.85832 3.121102 420.8641 -49.8948 2.365853 419.9471 -49.99399 1.276003 419.328 -49.89336 0.038693 419.085 -49.9742 -1.220289 419.3177 -49.88278 -3.163613 420.9165 -49.95114 -3.559971 421.9973 -49.90943 -2.257035 419.8944 -49.87057 2.209538 420.013 -49.71997 0.001669 419.2569 -49.69635 -2.830809 420.7792 -49.64146 -1.083933 419.5598 -49.61652 3.12643 421.5007 -49.60504 -24.03453 375.9419 -49.59805 -24.23998 377.4368 -49.59856 -25.46314 378.7326 -49.59912 -26.7122 379.0631 -49.59809 -27.83588 378.9093 -49.59855 -29.16032 377.9167 -49.59676 -29.65904 376.5431 -49.59804 -29.45359 375.0482 -49.5984 -28.23049 373.7525 -49.59974 -26.98132 373.4219 -49.5981 -25.85802 373.5757 -49.59832 -24.53306 374.5686 -49.59732 -27.95558 379.6989 -49.86524 -31.39614 378.1672 -49.98494 -24.15869 374.232 -49.60894 -28.48242 370.9887 -49.58765 -24.41367 373.5653 -49.84455 -23.83302 374.2078 -49.92155 -23.41091 374.9806 -50.01469 -23.23223 375.9698 -49.87929 -23.30765 377.2271 -49.94482 -24.03553 378.5801 -49.96836 -25.58047 379.6695 -49.93279 -26.81471 379.901 -49.97621 -26.19854 379.5893 -49.62892 -23.49194 375.2222 -49.70282 -27.12253 379.6581 -49.6289 -24.58755 379.0388 -49.79623 -23.51459 376.8946 -49.62163 -23.95369 378.0215 -49.62701 -25.10527 379.1553 -49.63464 -16.14178 377.6209 -56.24806 6.910986 379.7565 -56.24865 1.896139 386.0693 -56.24806 2.412457 379.9077 -56.24568 1.85964 395.1693 -56.24814 7.57955 404.2996 -56.24806 -12.45217 390.8512 -56.24818 -1.576653 399.678 -56.24663 -13.12271 392.36 -56.24834 7.407682 380.5367 -56.24807 -13.0829 396.3721 -56.248 -16.12631 402.1528 -56.24802 3.363495 379.3687 -56.24795 1.94864 380.8959 -56.24802 -15.64917 403.3885 -56.2496 -11.30173 398.8407 -56.24807 -9.216637 386.1354 -56.24758 5.608893 379.2381 -56.2484 7.555775 381.1441 -56.24817 1.320582 396.9549 -56.24815 -8.041604 400.23 -56.24806 -5.932753 400.4215 -56.24818 -9.898924 399.6611 -56.31534 -12.47001 397.6208 -56.24815 -13.40246 394.7038 -56.24745 -9.066308 385.388 -56.24809 0.410266 398.2932 -56.24766 -3.844366 400.2855 -56.24806 -14.37931 404.2263 -56.24881 -9.235623 384.6296 -56.24759 15.37213 374.915 -56.24799 -5.994897 381.472 -56.2489 -5.004993 383.0354 -56.248 -2.53454 380.3356 -56.24809 14.74138 403.5172 -56.248 11.99508 380.2658 -56.24807 -4.624006 384.5837 -56.24806 -4.762855 386.5043 -56.2387 -2.082189 378.6866 -56.24791 -1.503217 377.7194 -56.24806 -0.410884 376.5899 -56.24484 4.917129 375.2357 -56.24814 13.28977 372.7938 -56.24807 13.61303 404.2393 -56.24629 -6.085275 389.0667 -56.24806 -14.54982 372.9297 -56.24805 6.988834 375.4276 -56.24806 12.0616 404.2996 -56.24806 15.31428 402.5442 -56.25006 -5.283659 396.3448 -56.24803 -3.792316 396.0261 -56.24882 1.8805 375.5246 -56.24906 8.675116 375.9181 -56.25281 11.30898 378.1603 -56.24333 -8.795945 393.4422 -56.24989 -8.540928 395.077 -56.24555 -14.01288 372.7853 -56.24805 10.09553 376.7845 -56.24807 -7.603221 396.083 -56.24627 -2.805166 394.9416 -56.24851 15.13245 374.1286 -56.24803 14.32607 373.1619 -56.24598 -8.074095 391.6556 -56.24314 1.592591 426.3871 -48.62404 1.481465 425.5556 -49.36994 -1.050858 425.5654 -49.58553 -1.54815 425.9395 -49.11162 4.414087 426.2033 -48.54229 3.650571 425.6317 -49.23731 3.44357 424.7188 -49.58812 5.901468 423.9691 -51.558 4.748277 424.8638 -50.12408 5.222852 423.7646 -51.67631 3.97072 423.6306 -50.37042 4.172108 421.3996 -53.51974 29.9463 378.9627 -52.10225 29.57826 369.6962 -48.06176 28.80601 368.6977 -48.5022 29.29836 370.0969 -48.88211 28.56386 370.874 -49.56315 28.28813 371.0827 -49.61384 27.13334 380.1577 -54.55701 23.35946 374.4072 -54.64858 24.77767 379.6085 -54.88545 24.0085 378.927 -54.52246 23.27818 377.8295 -54.51852 22.95372 376.5564 -54.51967 22.94769 375.615 -54.88386 -1.561332 426.4752 -48.47526 -3.697137 423.0275 -50.02983 -5.939967 424.3972 -51.07596 -4.889835 425.3412 -49.67495 -4.268816 423.8453 -50.68099 -3.707888 421.9519 -51.80819 -3.050207 420.3193 -53.5995 -2.43427 419.7156 -53.93394 0.953664 418.9526 -54.2201 2.902145 420.1804 -53.43898 3.559652 421.3267 -52.61698 3.756115 422.1923 -51.59721 -27.98547 379.9493 -53.89376 -12.16405 427.0007 -34.83708 -12.00473 426.7941 -35.48837 -11.49557 427.0816 -34.61897 -11.32248 427.0333 -34.87531 -25.03474 419.279 -34.79825 -24.54128 419.6635 -35.49864 -25.15134 419.0071 -34.66139 -24.91106 419.5789 -34.54731 -24.51172 419.9963 -34.92942 -24.7429 419.7914 -34.72062 -26.13368 372.0908 -52.74957 -24.24232 373.3213 -54.34527 -23.68061 373.8634 -54.78058 -25.78768 380.0349 -54.70485 -26.98871 380.1281 -54.32947 -22.89231 375.8303 -54.93344 -22.95639 376.6063 -54.528 -23.30146 377.8799 -54.51846 -24.02129 378.9575 -54.66064 -24.7712 379.5619 -54.70966 6.814286 379.6105 -56.44802 5.909407 379.2468 -56.448 3.871888 379.184 -56.45007 7.51637 380.4993 -56.44913 7.652344 404.3724 -56.44806 -16.13911 402.5308 -56.44807 -15.37953 403.768 -56.44505 -14.19657 404.3366 -56.44815 -16.21457 377.4453 -56.44806 -9.42136 384.2472 -56.44805 -9.470637 386.7207 -56.44807 -9.014072 385.7176 -56.44791 -9.080901 384.811 -56.44793 -12.66577 391.3815 -56.44846 -13.13474 392.7912 -56.44807 -13.34373 394.8437 -56.44894 -12.56995 397.3661 -56.44334 -11.39479 398.6711 -56.44809 -8.044535 400.1552 -56.44807 -5.96199 400.3474 -56.4481 -3.107861 400.1065 -56.44918 0.213199 398.3903 -56.44762 -1.034636 399.2842 -56.44805 1.211155 397.0024 -56.44811 1.778704 395.2106 -56.44811 1.824067 386.1421 -56.44807 1.841779 381.2211 -56.44805 2.014929 380.4544 -56.44802 2.546789 379.6737 -56.44727 -14.67993 372.9037 -56.44787 -14.14089 372.7289 -56.44839 15.38551 374.5384 -56.44801 14.62512 373.2997 -56.44438 13.44332 372.7323 -56.44811 13.3804 404.3432 -56.44802 14.43572 403.8973 -56.44796 15.08724 403.1635 -56.44805 15.42183 402.3727 -56.44805 11.98882 404.3724 -56.44806 11.93737 380.3545 -56.4481 11.51655 378.7929 -56.44821 10.72851 377.5071 -56.44805 9.277846 376.2951 -56.45361 4.986533 375.3099 -56.44809 6.978361 375.5 -56.44807 2.137867 375.5384 -56.44949 -1.008761 377.229 -56.44824 0.174086 376.3334 -56.44807 -1.966841 378.6172 -56.4479 -2.465115 380.3511 -56.44813 -2.617037 394.3482 -56.44804 -2.937996 395.3476 -56.44694 -5.190428 396.4073 -56.44805 -3.919258 396.1388 -56.44788 -7.008095 396.3198 -56.44758 -7.858623 395.9876 -56.44788 -8.653505 395.074 -56.44594 -8.395733 392.0538 -56.44782 -8.851675 393.5464 -56.44805 -5.977215 388.7726 -56.44807 -5.118473 387.1885 -56.44783 -4.668499 385.5289 -56.44848 -4.928162 383.3461 -56.44394 -6.129693 381.4238 -56.44857 25.28166 381.8474 -56.43574 25.40677 380.287 -55.548 25.81224 380.069 -54.82369 25.11619 380.8907 -56.15657 21.10856 375.7699 -56.43305 23.54707 380.6859 -56.39754 21.6549 378.9108 -56.43049 22.69791 379.0609 -56.17383 21.88497 377.512 -56.23927 21.84646 375.8521 -56.17382 23.93088 380.1331 -56.07903 23.90644 379.5852 -55.70452 22.81987 378.1176 -55.71765 22.42629 376.6795 -55.71765 22.44217 375.0265 -55.85952 23.92267 379.0434 -55.0849 23.15934 377.9208 -55.09208 22.81191 376.6046 -55.09166 -22.65518 374.6127 -55.78178 -23.13881 374.7569 -55.00771 -20.92724 377.1261 -56.44389 -22.4231 380.3331 -56.44364 -25.47086 380.1697 -55.34337 -23.94465 380.8012 -56.34082 -21.73746 375.6506 -56.24176 -21.81204 377.4689 -56.27246 -22.35858 378.7369 -56.24823 -23.47119 379.5502 -55.98203 -24.78711 380.5045 -55.97693 -22.42185 375.8323 -55.71134 -22.52045 377.3131 -55.73679 -23.13096 378.7135 -55.74588 -24.33415 379.6296 -55.40299 -22.92515 377.2652 -55.0959 -23.49856 378.5393 -55.11103 -29.39742 370.0748 -48.75755 -29.04245 370.4423 -49.23791 -29.49544 369.5565 -48.01392 0.779921 426.8779 -48.58899 -1.05506 426.6534 -48.71991 -0.772416 426.1736 -49.27637 0.598664 426.3405 -49.22335 -0.003881 426.7203 -48.9599 -0.337639 427.063 -48.45197 5.028698 425.3882 -49.67492 3.801634 423.4591 -50.11766 4.144405 425.1622 -49.5985 3.705356 424.5128 -49.71692 4.37331 424.1308 -50.51262 5.63066 425.2796 -49.8841 5.57815 422.8213 -52.76678 4.557476 419.9217 -54.91873 0.214244 417.9877 -55.67192 0.058654 418.7962 -54.52653 1.638784 418.3074 -55.56443 1.008799 418.7488 -54.90266 2.953824 417.9029 -55.82082 3.016566 419.3089 -55.03409 3.428359 420.4296 -53.9878 5.262063 421.8678 -53.59488 1.958168 419.3738 -54.13218 2.337906 419.2589 -54.75576 30.47737 381.1571 -54.76543 29.2259 381.7432 -55.53771 27.10551 381.9374 -56.24268 27.2729 380.61 -55.37309 29.09429 380.8642 -55.25095 30.66466 380.2393 -54.23669 27.86139 381.4667 -55.91 27.99553 380.0258 -54.23257 31.56318 380.5466 -53.83603 33.79755 379.5188 -50.5319 32.78601 379.3755 -51.90153 32.5014 380.0859 -52.76193 30.31632 379.7982 -53.95672 29.82076 379.3946 -53.42788 31.23984 378.6627 -51.83662 31.69378 379.4999 -52.98459 31.74374 378.9498 -52.2471 33.58238 376.6897 -47.63418 32.8752 377.8292 -49.55109 31.93223 378.1584 -50.22684 32.18163 377.9072 -49.85235 32.83124 378.3599 -50.29397 31.97852 377.5647 -49.60189 32.75301 377.2051 -49.24587 33.38832 377.6095 -48.96903 34.14969 378.6556 -48.72201 33.77366 377.7963 -48.60175 31.0409 374.0221 -49.33522 31.59044 373.5615 -48.7354 31.96815 373.4335 -47.82186 1.608455 427.5631 -45.23025 1.669321 427.807 -43.07248 1.298077 427.9714 -43.15035 1.539962 427.069 -47.04866 28.60732 369.5431 -49.76718 28.28476 370.3401 -50.13659 28.47108 370.5528 -49.7239 28.04899 368.4182 -50.26832 28.88231 370.4148 -49.35228 27.85347 371.0461 -49.9994 27.90082 369.1873 -51.30775 25.63246 370.3436 -54.53205 25.80925 372.025 -53.69068 24.24872 373.2735 -54.49076 27.74672 369.7479 -51.77535 27.28532 370.4717 -52.52091 25.05728 371.9966 -54.77361 25.99518 371.2412 -54.08911 23.63663 371.4066 -55.83008 26.39632 370.1883 -53.76519 26.751 369.5634 -53.21646 27.38001 368.9359 -52.02927 26.73913 371.6853 -52.12453 27.08803 371.1345 -52.38277 24.2716 371.6709 -55.51005 23.01635 374.5692 -55.36591 23.18753 373.3936 -55.84931 21.92597 373.509 -56.40776 22.82683 372.3167 -56.17742 -1.485876 427.3111 -46.42246 -1.442079 427.8156 -44.09458 -1.670619 427.8079 -43.04864 -1.827668 427.513 -45.279 -4.53317 424.6852 -50.1462 -3.794252 425.2929 -49.4274 -3.867559 423.691 -50.09856 -4.079794 424.4241 -49.99215 -4.628155 426.0875 -48.72236 -3.872758 425.9708 -48.92791 -3.9968 421.5177 -53.13637 -1.978524 419.1074 -54.75476 -2.404527 418.827 -55.28541 -3.271586 419.9762 -54.4546 -2.350742 418.0553 -55.77853 -0.439216 418.3728 -55.3138 -0.623127 418.8467 -54.55742 -5.216563 423.2305 -52.27753 -5.622271 422.3378 -53.21504 -4.740808 420.2535 -54.72474 -1.592383 419.2027 -54.0936 -3.488441 421.1757 -52.6815 -4.150983 420.7506 -54.19994 -28.49858 380.0415 -54.38787 -25.89103 382.2056 -56.43668 -29.92091 381.5878 -55.20165 -26.92995 380.6519 -55.51286 -27.29909 381.7771 -56.16711 -29.2097 380.3839 -54.82632 -29.64099 380.9036 -55.09059 -26.96903 380.3206 -54.96497 -27.82912 381.1895 -55.78899 -31.31433 379.6877 -53.43637 -30.2627 379.5212 -53.62319 -31.3775 380.6445 -54.00974 -32.3898 379.1366 -52.01919 -32.55778 380.1527 -52.73216 -30.32453 378.7647 -51.67828 -31.97945 378.159 -50.24716 -31.48441 378.8673 -52.19818 -30.63352 378.8765 -52.36308 -33.23213 379.6418 -51.57452 -32.30785 377.9567 -49.89624 -33.30389 377.3363 -48.87021 -33.40866 378.2116 -49.57102 -31.89935 377.6277 -49.61443 -32.42368 377.499 -49.48615 -32.85797 377.572 -49.35999 -33.88654 379.2017 -50.03125 -34.13462 378.3293 -48.33485 -33.67901 377.0557 -48.02289 -31.6613 373.5264 -48.61349 -31.14559 373.7545 -49.191 -30.56127 374.1086 -49.52471 -10.85882 426.5544 -35.92177 -11.75559 426.3315 -36.16609 -15.11938 425.0327 -36.16281 -25.05495 418.5763 -35.50679 -25.08557 371.5778 -54.91204 -27.82311 368.7641 -51.15654 -27.19068 368.7607 -52.11849 -27.68959 370.146 -51.84887 -28.41427 369.7841 -50.17468 -27.66098 369.3683 -51.86028 -27.02382 370.3443 -52.98594 -26.52189 370.0454 -53.60128 -26.65097 369.3391 -53.19713 -25.35722 370.5829 -54.75631 -26.38931 371.5697 -53.27653 -25.98212 371.2424 -54.09985 -27.46588 370.9578 -51.63552 -28.19807 370.5815 -50.06945 -24.21032 370.4683 -55.35799 -27.90494 371.0887 -49.81845 -22.23885 372.8511 -56.34459 -23.15584 371.8367 -56.05265 -22.20739 374.0328 -56.24581 -23.46323 373.5274 -55.48541 -23.55993 372.5473 -55.818 -24.09855 371.5244 -55.60881 -21.49507 373.4179 -56.43744 -14.70669 409.5199 -56.44814 -10.96897 364.607 -56.4511 -1.175434 414.6963 -56.43738 -23.10193 400.3427 -56.44901 -28.5226 368.5018 -49.15958 -28.46312 370.5699 -49.73592 -28.88273 369.7946 -49.34644 0.94949 427.497 -46.91986 -0.924301 427.4892 -46.97714 -0.839821 428.0234 -45.09208 -1.008658 428.1342 -43.51228 0.814402 428.1926 -44.00915 0.273073 428.3813 -43.45798 -0.215478 428.3674 -43.69468 -0.656061 428.2672 -43.74005 -0.111988 427.6881 -47.03106 0.45409 428.0971 -45.37404 -0.126464 428.1773 -45.12662 -10.4037 427.7188 -14.82965 -22.38239 421.653 -35.05137 -14.91073 425.9539 -34.78083 -18.59617 423.8013 -35.59547 -18.77948 424.0271 -34.86449 -14.76717 425.78 -35.4776 1.88043 429.1086 -14.39283 34.62635 379.3591 -47.27715 35.51134 383.7565 -48.74544 13.76416 425.12 -43.72716 36.48318 394.0259 -46.34281 31.50583 384.5354 -54.57377 29.69574 385.041 -55.60957 28.18694 387.1261 -56.18237 26.55505 388.5157 -56.43519 25.69597 398.2282 -56.33458 20.5718 405.4019 -56.43232 0.348303 417.2033 -56.07442 8.911712 424.5803 -49.9231 9.268132 425.4974 -48.0235 8.70732 423.4112 -51.52511 8.27473 422.0411 -53.00056 7.890367 420.3722 -54.27507 9.261407 418.0807 -55.31174 8.537021 415.8614 -56.08849 7.87469 413.5518 -56.43722 33.12772 384.3232 -53.14734 34.75607 384.1051 -50.86585 35.79902 383.694 -47.10229 36.47024 388.4611 -46.8895 36.62738 391.3385 -45.90705 35.76185 399.0158 -45.69073 34.52601 403.3021 -45.6762 33.16618 406.7481 -44.7497 31.27612 410.2618 -44.46061 29.45868 412.8573 -45.12645 23.06719 419.5701 -44.6793 26.45571 416.4685 -44.70707 17.25443 423.4933 -43.59154 18.72288 422.5753 -44.58896 20.64517 421.4515 -43.58999 9.521186 426.5354 -43.78935 5.207408 427.4205 -43.68165 4.539903 427.1481 -45.90058 30.81292 407.2935 -50.67575 29.53897 406.6135 -52.54325 27.75049 410.9337 -51.46679 31.7645 407.7959 -48.51824 28.82021 411.7045 -49.3282 32.34466 408.0989 -46.08053 29.50996 412.2009 -47.05358 12.98918 421.4892 -52.10721 17.39814 420.2734 -51.13446 16.55861 418.616 -53.11825 21.2644 417.642 -51.23035 20.2256 416.1438 -53.17789 24.7267 414.5198 -51.34241 23.51797 413.2091 -53.24781 26.40777 409.8288 -53.3256 13.78225 423.6668 -48.74188 13.37405 422.7182 -50.48203 18.11413 421.4837 -48.8538 22.12307 418.7235 -48.9902 25.70423 415.4529 -49.15053 9.442466 426.1314 -46.16987 14.13808 424.5148 -46.28075 18.57574 422.2638 -46.42755 22.67672 419.42 -46.60874 26.33457 416.0544 -46.81842 12.04577 419.6266 -53.92591 27.96339 405.7929 -54.11542 30.5987 402.2714 -53.50502 32.19313 402.7331 -51.74272 33.36418 403.1536 -49.72367 34.14208 403.3578 -47.58005 27.90992 392.9705 -56.17276 30.15327 389.0673 -55.525 29.93015 393.2079 -55.49139 14.21533 411.9602 -56.32998 20.09567 407.8785 -56.24436 24.12324 403.7351 -56.11848 27.48215 398.8771 -55.89563 31.55612 389.0194 -54.75513 15.53337 413.7687 -55.81831 21.47961 408.9898 -55.81262 26.09356 404.8006 -55.34712 28.81961 401.4709 -54.89263 30.14318 397.4564 -54.94209 31.37677 393.3599 -54.69357 32.71737 393.5626 -53.69466 32.86421 389.0343 -53.79132 34.35055 388.8402 -52.20015 35.47152 388.7639 -50.37709 36.18883 388.6516 -48.44214 15.28479 416.7975 -54.68883 18.74375 414.5427 -54.72068 21.86805 411.8535 -54.75765 24.63108 408.7392 -54.79873 31.95528 397.9888 -53.59863 33.54596 398.22 -51.89235 34.27066 393.5763 -52.04563 34.72495 398.4682 -49.9374 35.43211 393.6584 -50.15634 35.4981 398.5606 -47.86231 36.18439 393.646 -48.151 24.70691 364.2642 -48.96205 23.71405 363.6717 -49.95551 21.35065 361.5179 -49.04391 20.26039 361.0359 -50.12457 17.11437 359.0395 -49.94465 3.820258 354.835 -49.46597 0.002411 358.7585 -55.47625 3.725554 358.3999 -55.15744 2.133371 361.6838 -56.41075 13.77587 365.716 -56.44399 1.840315 360.0875 -56.05588 3.79744 356.9438 -53.91083 -0.00015 357.6483 -54.74484 -0.003153 356.684 -53.85369 0.000758 355.8482 -52.76807 3.932208 356.0244 -52.70194 4.079182 355.2819 -51.15744 -0.014607 354.9754 -51.00562 -0.016895 354.6109 -49.11062 10.61907 356.1646 -48.65449 6.74316 355.2199 -48.73196 14.24462 357.4767 -48.55069 17.43475 359.0411 -49.06971 26.98843 366.5473 -48.74118 26.70722 367.0075 -50.64707 26.14413 367.4741 -52.13833 25.45119 367.921 -53.24158 24.70224 368.5663 -54.25657 24.38592 370.3144 -55.23451 19.92958 361.5051 -51.64361 16.24924 359.3198 -51.75237 19.43012 362.2414 -53.08686 15.72062 360.3528 -53.55583 18.95265 362.9622 -54.04249 18.38671 363.7721 -54.87685 15.01723 361.6999 -54.9122 17.54811 364.9848 -55.71711 14.34507 362.975 -55.73361 14.9234 365.0059 -56.2368 23.31815 364.1091 -51.51731 22.4477 364.8971 -53.34342 21.46879 366.2307 -54.8355 20.46584 367.3636 -55.69788 19.37063 368.5256 -56.23213 12.63202 357.0129 -49.98967 8.427816 355.7374 -50.07235 12.3574 357.6035 -51.83995 8.266408 356.3622 -51.90505 7.972672 357.4898 -53.69751 11.9648 358.6718 -53.60925 11.43669 360.0673 -54.94112 7.655829 358.8823 -54.96232 9.127837 360.7601 -55.78046 8.515892 362.1039 -56.25903 -29.78082 412.4474 -45.00843 -21.11653 406.7081 -56.26195 -25.79204 398.7837 -56.27563 -28.89114 385.1403 -55.91921 -35.46844 383.7856 -48.92462 -34.73765 383.9357 -50.79981 -33.68823 384.0716 -52.46066 -32.32802 384.4899 -53.94078 -30.60407 384.9101 -55.16168 -27.7958 389.493 -56.2891 -12.87489 413.8148 -56.17453 -6.197852 415.6416 -56.25322 -6.89685 416.6765 -55.96501 -7.798622 418.5557 -55.25825 -8.04227 420.9542 -53.88639 -8.766008 422.7905 -52.19906 -9.002631 424.4641 -50.07433 -9.255372 425.4499 -48.13703 -4.687471 427.0259 -46.25435 -4.549529 427.463 -44.1623 -7.312038 427.0894 -43.02864 -14.3217 424.8696 -44.02415 -9.968736 426.4085 -43.96068 -18.4939 422.7375 -44.48874 -21.28699 421.0092 -43.63579 -26.92685 415.9761 -44.6105 -23.19617 419.4558 -44.7062 -33.42016 406.1741 -44.78417 -32.2218 408.5105 -45.43879 -34.48421 403.3836 -45.79107 -35.74242 399.0359 -45.92639 -36.61665 391.827 -45.86624 -36.4703 394.1471 -46.38281 -36.50046 388.6788 -46.73255 -35.17092 380.9956 -46.68569 -35.88546 384.201 -47.1901 -31.86652 373.2234 -47.81457 -18.89049 411.3357 -55.82691 -23.78342 405.757 -55.90257 -28.67746 406.1582 -53.49124 -30.24346 406.996 -51.60254 -27.68286 410.9072 -51.55754 -31.37897 407.5942 -49.52194 -28.7742 411.6844 -49.42744 -32.11102 407.9793 -47.30909 -29.48337 412.1897 -47.15657 -26.17352 409.9717 -53.40811 -24.66165 414.4836 -51.43552 -23.26183 413.3214 -53.33228 -21.20307 417.5955 -51.32658 -19.94881 416.225 -53.26391 -17.34234 420.2188 -51.23212 -16.2667 418.6636 -53.20465 -12.72445 421.4973 -52.20374 -25.65992 415.4263 -49.25259 -22.082 418.6898 -49.09535 -18.07689 421.4444 -48.96039 -13.75039 423.6223 -48.84999 -13.34589 422.6517 -50.58642 -26.30913 416.039 -46.92464 -22.65313 419.4012 -46.71626 -18.55437 422.2416 -46.53754 -14.11961 424.4898 -46.3914 -9.427411 426.1034 -46.28342 -32.79097 388.8319 -53.85287 -34.28684 388.83 -52.28253 -35.42686 388.7583 -50.46726 -36.16836 388.7113 -48.53074 -12.95811 416.4808 -55.38313 -18.72529 414.4197 -54.78278 -21.83299 411.7375 -54.81854 -24.58165 408.632 -54.85826 -26.79711 405.1676 -54.95074 -27.33459 399.1508 -55.90989 -31.01815 389.0711 -55.09207 -32.67107 393.3442 -53.75844 -31.93932 397.7541 -53.66497 -34.20672 393.5566 -52.13101 -33.48326 398.1905 -51.98075 -35.38708 393.6463 -50.24977 -34.68057 398.449 -50.0341 -36.15486 393.7044 -48.24289 -35.45946 398.6169 -47.95734 -12.04718 419.5104 -54.00162 -15.54081 417.1777 -54.39707 -28.70956 401.4871 -54.94601 -30.03961 397.4867 -54.99379 -29.00561 391.4508 -55.94723 -30.81731 393.3359 -55.0427 -30.61482 402.0293 -53.57372 -32.13311 402.694 -51.83404 -33.32151 403.1279 -49.82336 -34.09468 403.4097 -47.67837 -1.883164 429.1061 -14.42509 -10.09822 427.7097 -14.83404 -10.50507 426.785 -34.77947 -11.79034 426.2075 -36.52234 -10.47607 426.7072 -35.32597 -18.19014 423.3692 -36.37673 -15.09585 424.8105 -36.61031 -22.07533 420.8025 -36.59616 -24.52422 418.8664 -36.42029 -21.4978 421.4008 -36.18207 -24.33742 419.1776 -36.12697 -25.33513 418.1993 -35.15422 -25.26525 418.3996 -34.73487 -25.99281 418.5493 -19.34274 -25.91083 418.7885 -19.08523 -26.34006 366.0807 -49.55698 -16.36374 359.0449 -51.06161 -19.93 361.5168 -51.6631 -12.23397 356.7097 -49.00423 -18.06967 367.9246 -56.32107 -12.1673 364.0053 -56.32628 -4.311896 360.9326 -56.24025 -4.080085 354.8896 -49.62926 -4.098825 355.34 -51.29727 -3.936363 356.012 -52.6846 -3.863111 357.3444 -54.32365 -3.547243 358.8899 -55.4465 -25.64057 369.8349 -54.33171 -25.64083 367.4522 -52.71423 -26.48562 366.9794 -50.98012 -27.57089 367.1479 -48.3294 -24.79836 364.2831 -48.5022 -22.05612 362.0117 -48.6089 -19.25008 360.1017 -48.96904 -16.77414 358.7992 -49.6635 -15.21471 357.899 -48.437 -15.84359 364.7204 -56.0299 -17.98515 364.4276 -55.36213 -14.70349 362.3826 -55.38664 -18.76763 363.2529 -54.37195 -15.32546 361.1514 -54.41891 -19.42909 362.2646 -53.11263 -15.88828 359.9127 -52.96264 -19.80355 360.6662 -49.95011 -23.27125 363.2068 -49.74582 -19.96143 368.0606 -56.02556 -20.97927 366.8493 -55.3334 -21.92048 365.7478 -54.31697 -22.71544 364.8213 -53.02415 -23.31737 364.1208 -51.53656 -8.217768 355.6673 -49.99686 -12.55136 357.0923 -50.37953 -8.270444 356.3726 -51.92409 -12.3601 357.6143 -51.85886 -8.075489 357.2007 -53.29433 -12.0636 358.4249 -53.24909 -7.819174 358.296 -54.48547 -11.67243 359.4968 -54.45734 -7.518379 359.5958 -55.4214 -11.21154 360.7692 -55.40666 -9.210903 361.5125 -56.04289 -1.018715 429.5449 -13.86141 -0.470933 429.6666 -13.75424 0.310769 429.7086 -13.63381 1.020624 429.532 -14.01394 1.492291 429.3323 -14.23991 1.024878 430.066 -12.62315 2.124331 429.1079 -13.88173 -2.156043 429.2585 -13.52205 -2.421924 429.5164 -13.02505 -2.068547 429.0666 -14.16163 -1.372614 430.2451 -12.42664 -10.15856 427.8551 -14.1921 -10.14125 428.3785 -13.374 -11.03376 427.9563 -14.67098 -11.34315 428.0591 -14.27611 -12.12948 427.9796 -14.29664 -25.37285 420.287 -17.58408 -19.27398 424.8315 -15.1492 -22.24942 422.8182 -16.32867 -15.48476 426.664 -14.93878 -26.06998 418.5013 -18.8481 -25.64612 419.8708 -18.03755 -25.79102 419.4334 -18.76576 -27.06459 419.0888 -16.89125 -26.91836 418.3573 -17.55515 -26.33508 418.3863 -18.25173 -29.40644 368.7064 -38.64908 -31.62576 371.8482 -37.3683 -36.00231 381.7837 -33.41326 -37.35222 392.7564 -28.99814 -36.44228 399.8929 -26.20473 -34.05339 407.0509 -23.43523 -30.92457 412.8159 -20.48581 -28.76324 415.5835 -19.70112 -6.172551 428.6235 -14.11932 -27.11382 366.0565 -39.73317 -18.06751 359.0272 -42.42839 -14.49621 357.3171 -43.29163 3.663481 354.5197 -44.07271 -0.082111 354.4026 -44.53556 -3.877371 354.5373 -44.06444 -11.09789 356.086 -43.754 11.01226 356.0457 -43.71092 7.141999 355.0981 -44.28053 20.45975 360.5177 -42.27468 23.47557 362.7217 -41.41712 26.31093 365.2721 -40.42142 27.21625 366.2136 -39.81878 29.24561 368.5642 -39.02994 34.92515 378.4198 -34.67759 33.34373 374.8887 -36.15942 31.41147 371.5792 -37.84995 36.83776 385.551 -31.89977 37.31639 392.6969 -29.22868 35.87234 402.2769 -24.94844 36.72174 398.9314 -26.15308 34.67981 405.7511 -23.48692 27.17115 417.3454 -19.10951 31.13112 412.3083 -21.35688 22.30507 421.68 -17.40926 24.91888 419.5561 -18.20253 19.26033 423.7913 -16.13513 9.385492 427.9597 -14.33766 37.15762 395.6922 -27.67243 37.76026 395.6355 -26.54082 37.2686 403.0777 -22.87914 5.548509 429.258 -13.03492 5.7724 428.6789 -14.13356 30.4769 414.8598 -18.63564 28.08163 417.6525 -17.5527 21.33968 423.4719 -15.22257 11.63849 428.371 -13.18859 9.205093 428.4689 -13.42598 12.74382 427.3971 -13.86171 16.02666 426.0915 -14.34031 19.29096 424.2211 -15.25483 25.1007 420.211 -16.67681 29.90264 414.8204 -19.07467 32.00255 411.9701 -20.1093 33.70778 409.0008 -21.28409 35.15388 405.7998 -22.59532 36.3723 402.5227 -23.80638 37.23657 399.16 -25.14772 37.61504 392.4863 -28.31321 29.34462 414.892 -19.82209 33.08296 409.162 -22.14465 16.64321 425.2193 -15.61356 13.17741 426.7501 -14.88143 22.12493 422.1562 -16.2812 24.80498 419.8446 -17.5251 27.49248 417.4464 -18.17703 31.58349 411.9206 -20.7749 38.2171 392.3046 -27.63438 0.553375 430.4132 -12.32948 2.208076 429.6047 -12.96148 -1.442129 429.3669 -14.05261 1.325625 429.5509 -13.54779 -1.189247 429.7476 -13.1276 -0.3481 429.9178 -12.95803 -6.46328 429.1466 -13.05485 -12.0991 428.2743 -13.41139 -11.58278 428.8962 -12.78295 -11.28819 428.2505 -13.68869 -22.6622 422.8564 -15.57262 -26.03394 420.3421 -16.34973 -25.25092 421.5884 -15.46404 -22.42969 423.5856 -14.83511 -16.12084 426.6293 -14.139 -15.66643 427.4314 -13.29924 -26.45344 419.1424 -17.38008 -26.01278 419.1987 -18.07738 -25.73678 420.0473 -17.18773 -35.44029 403.4762 -24.84364 -38.07909 392.3446 -27.73321 -33.92723 409.4993 -20.75964 -29.35246 415.9916 -18.29803 -28.99303 415.7004 -18.95266 -32.62035 413.0979 -18.93095 -31.6641 412.8977 -19.52736 -35.84441 406.2742 -21.81552 -37.05202 402.9259 -23.11782 -37.26512 399.5933 -24.84532 -38.25975 399.5279 -24.18505 -37.8848 395.8774 -26.30379 -39.02566 392.2246 -27.03233 -33.10062 409.1953 -22.07801 -34.51396 406.4956 -22.84732 -36.73674 399.6527 -25.52265 -36.25178 403.0316 -23.59798 -35.0033 406.4076 -22.26407 -33.17239 409.744 -21.16641 -37.16031 396.1671 -27.22542 -37.5943 392.5606 -28.34617 -35.77966 403.1076 -24.19682 14.30638 357.233 -43.27949 17.84933 358.9212 -42.60828 7.620482 355.0121 -43.52738 35.12793 378.2123 -34.01275 33.64167 374.8525 -35.35356 31.75792 371.8259 -36.8772 27.26201 365.7811 -38.95951 24.53004 363.1853 -39.98771 21.55854 360.8281 -40.82421 11.3306 355.9142 -43.02265 14.88016 357.1526 -42.33882 -37.29821 389.0881 -30.27687 -7.758958 354.6717 -42.92054 -18.45456 358.8222 -41.52699 -21.57925 360.9236 -40.8982 -24.57381 363.1733 -39.90815 -27.28545 365.8057 -38.94968 -31.95649 371.585 -36.36245 -33.42259 374.999 -35.95668 -36.86486 385.47 -31.71261 -7.435413 355.113 -43.90075 -24.12577 363.2332 -40.92238 -34.86049 378.2994 -34.77619 -21.02202 360.8982 -42.08031 18.31761 358.8453 -41.67073 36.30064 381.6419 -32.56286 37.12192 385.1736 -31.11019 37.81428 388.5235 -29.39083 36.04401 381.8896 -33.31799 24.53818 363.607 -40.81927 21.6017 361.2921 -41.72599 29.60793 368.732 -38.08388 37.28654 389.1673 -30.32194 -0.288166 353.0862 -42.60543 -0.011924 353.6174 -42.9685 3.323097 353.3117 -42.59894 11.32812 355.33 -42.28205 9.971826 354.458 -42.13578 7.60161 354.3883 -42.66917 4.670959 353.3536 -42.51372 18.34408 357.6988 -40.82777 15.10132 356.5918 -41.65367 14.678 355.9695 -41.50186 19.4556 358.5458 -40.65968 24.64436 362.0762 -39.2458 24.71676 362.6987 -39.39343 21.7597 360.3047 -40.22613 27.4902 365.3215 -38.37358 -3.947913 354.0798 -43.16071 -0.066386 354.208 -43.78858 3.813803 354.0659 -43.16617 29.93935 368.1037 -37.25471 28.19338 365.3003 -37.87255 33.97026 374.4456 -34.78902 33.19652 372.068 -35.29059 32.10107 371.2045 -36.08091 30.72512 368.2628 -36.70999 35.496 377.8455 -33.44562 36.84034 381.6299 -31.88932 36.19178 378.25 -32.84194 37.88596 385.4125 -30.20439 -38.65126 388.4795 -28.71854 -37.82018 388.7659 -29.30924 -38.3019 384.5683 -30.06045 -37.3912 384.9794 -30.7419 -36.7549 380.995 -32.04836 -34.59531 374.1408 -34.26553 -27.54575 365.4103 -38.36371 -24.81538 362.7348 -39.3404 -21.81308 360.3544 -40.21934 -18.62768 358.3454 -40.99638 -15.09385 356.6184 -41.6746 -11.6056 355.2611 -42.15879 -8.099797 353.6638 -42.06144 -36.3339 381.6465 -32.49872 -35.27036 378.1591 -33.72712 -33.81155 374.6843 -35.0204 -29.85272 368.6013 -37.57623 -11.44742 355.8712 -42.84751 -15.0138 357.217 -42.32758 39.13672 395.5188 -24.99433 -39.15635 395.5798 -24.81042 -38.63183 399.1722 -23.43236 -30.51749 415.9869 -17.81739 -28.15296 418.8496 -16.58816 -19.2993 425.5803 -14.03204 -7.960586 429.85 -12.40962 -4.139089 430.4388 -12.19007 5.512919 430.2173 -12.32613 11.45737 428.9373 -12.77881 15.09801 427.6051 -13.30824 32.72711 412.9654 -18.9644 30.2401 416.1126 -17.85776 33.62879 410.7353 -20.098 35.66358 406.7434 -21.62858 38.75317 398.5786 -23.78758 37.82634 402.555 -22.28018 30.34325 416.769 -16.61592 27.54366 419.8212 -15.48284 24.9782 422.0982 -14.75346 21.79339 424.4507 -13.91179 18.30205 426.5283 -13.1044 14.74441 428.1821 -12.45811 11.24304 429.3995 -11.98543 -0.309638 431.0276 -11.28084 -4.703586 430.762 -11.4417 -8.410901 430.1277 -11.71333 -15.96789 427.6622 -12.65218 -12.55245 429.0246 -11.77064 -25.4502 421.6758 -14.96725 -21.68085 424.5031 -13.90934 -27.21227 420.1305 -15.32165 -30.86626 416.0932 -17.05216 -29.23506 418.0556 -16.20742 -33.07703 412.9977 -18.2419 -36.08575 407.4005 -20.27891 -34.26455 411.06 -18.82171 38.87635 391.6446 -27.41873 27.61245 419.3303 -16.474 30.67039 416.184 -17.36557 32.7288 413.5663 -17.90786 34.78149 410.121 -19.31194 25.00186 421.6557 -15.59595 34.57555 409.8731 -20.10733 36.17382 406.4975 -21.3808 39.33844 392.2995 -26.23151 38.76824 395.9211 -25.6397 38.1395 399.4754 -24.31606 21.73111 424.0559 -14.67569 18.30832 426.0995 -13.88919 7.574938 430.2521 -11.81989 3.562897 430.8114 -11.67788 -0.101067 430.897 -11.76004 -34.98003 409.6861 -19.54771 -38.83347 395.7706 -25.64209 -37.55563 403.1055 -22.44211 -36.38278 406.3264 -21.26641 -34.57206 409.859 -20.12697 -11.72463 429.1875 -12.21085 -19.03205 426.0703 -13.40167 -39.35687 391.4147 -26.36473 -39.11111 387.6193 -28.00002 -38.6932 384.7371 -28.49704 -37.62548 380.7476 -30.21709 -36.8811 377.9667 -31.62524 -36.34383 376.8879 -31.77888 -35.22422 374.212 -33.05018 -33.85024 371.687 -33.86295 -33.05688 370.4019 -34.61663 -32.98368 370.4716 -34.31812 -31.10259 367.6362 -35.55466 -29.86524 366.1548 -36.03883 -28.4177 364.5164 -36.75755 -27.56927 363.8183 -36.97924 -25.58691 361.8477 -37.79033 38.38121 384.672 -29.93321 37.55762 381.0434 -31.31124 -11.9434 354.2676 -40.98134 28.48792 364.5889 -36.72782 25.36506 361.65 -37.85477 30.46017 366.8095 -35.81081 33.2451 370.672 -34.48002 35.25979 374.2756 -33.03582 33.84951 371.6921 -33.95376 37.80552 380.855 -30.58308 36.8155 377.8619 -31.64785 38.29673 382.9703 -29.49801 39.08176 387.2146 -28.16062 38.68177 384.7278 -29.19924 39.34044 390.7539 -26.43181 38.85026 388.2305 -28.60633 34.60101 374.5886 -34.28762 22.17903 360.0678 -39.9075 11.80952 354.8266 -41.8385 7.992468 353.8775 -42.2587 -37.82499 380.9098 -30.57079 -4.063378 352.6323 -41.64703 3.884101 352.6154 -41.65643 7.529581 353.1257 -41.29117 10.7885 353.9052 -40.92995 14.54279 355.1849 -40.40816 15.68007 355.643 -40.25786 18.04917 356.7951 -39.7717 19.17203 357.3832 -39.57724 22.09809 359.1921 -38.8607 32.94903 370.9448 -35.34763 -37.56182 381.0719 -31.30832 -36.2966 377.4518 -32.78177 -30.55591 367.8711 -36.74692 -19.04781 357.6679 -40.37413 28.34537 364.7344 -37.44701 30.86568 367.6498 -36.31375 15.61204 355.8878 -40.94159 11.91559 354.4353 -41.37302 8.145326 353.4113 -41.75305 4.070145 352.9331 -42.21124 0.068522 352.721 -42.29397 -3.99113 353.0721 -42.37084 -11.77344 354.5347 -41.58827 -15.58488 355.9705 -41.08961 -22.41229 359.8282 -39.61167 -25.5348 362.2815 -38.67705 -32.91303 370.8395 -35.37286 -34.85633 373.7705 -33.81205 -30.75462 367.3997 -36.26262 -25.50951 361.8506 -38.14302 -22.44424 359.4412 -38.94409 -19.15626 357.3873 -39.72246 -15.79007 355.7167 -40.30587 -39.01323 388.2367 -28.30832 -38.58454 384.3722 -29.45887 34.88355 373.9092 -33.87844 25.60233 362.0412 -38.39402 22.5199 359.6208 -39.24849 19.1808 357.5554 -40.11958 11.95609 354.2682 -40.90901 -28.3209 364.8115 -37.58497 -8.242346 353.2781 -41.36455 -0.070066 352.421 -41.72525 36.40175 377.4321 -32.63217 31.94653 368.9949 -34.90879 36.77822 377.7637 -31.39668 38.64005 384.3075 -28.7837 36.59501 406.1938 -20.84573 24.14358 422.8081 -13.40606 13.77818 428.6013 -11.04141 21.02241 425.0015 -12.55248 17.47903 427.0128 -11.73452 10.15572 429.7493 -10.66617 -7.624166 430.3706 -10.1165 -2.792181 430.9939 -10.07789 1.063996 431.0753 -10.07661 5.814662 430.671 -10.31581 -15.78301 427.7819 -11.43454 -19.21883 426.0793 -12.08011 -21.41806 424.7456 -12.60347 -24.35826 422.6156 -14.18731 -30.1037 417.0834 -15.67999 -32.07563 414.5104 -17.47834 -37.52687 403.6345 -20.95164 39.24646 391.3946 -23.44153 38.93282 386.8912 -25.20709 38.31505 383.263 -26.62016 37.18605 379.2286 -28.21691 36.44605 377.2513 -28.96066 34.84295 373.6911 -30.35739 32.99119 370.5274 -31.6025 30.91969 367.5976 -32.73732 26.51636 362.8309 -34.66853 24.54203 361.1354 -35.25724 22.10404 359.3966 -35.78457 19.14576 357.5522 -36.52457 6.417723 353.0413 -38.50506 9.819034 353.7639 -38.23466 -4.637275 352.8696 -38.26585 -0.38762 352.5156 -38.63247 -19.31227 357.6665 -36.40787 -25.81621 362.1958 -34.91915 -29.11065 365.4436 -33.64088 -30.99804 367.7041 -32.69356 -34.00687 372.1736 -30.99139 -35.82059 375.734 -29.59431 -36.3917 377.2136 -29.01227 -37.30322 379.5797 -28.08322 -38.47284 384.0602 -26.30437 -39.24845 391.8578 -23.19913 -39.05904 395.44 -21.80903 -38.90325 396.9084 -21.27129 -38.29456 400.2781 -19.94506 -37.16506 404.3163 -18.36512 -35.73234 407.9663 -16.9283 -33.82733 411.6433 -15.48092 -31.90904 414.596 -14.32153 -29.42828 417.7161 -13.09417 -27.21755 420.0253 -12.18932 -24.20289 422.6447 -11.1586 -22.24982 424.0122 -10.34635 -19.31439 425.9194 -9.780873 -17.92902 426.6515 -9.576519 -11.4991 429.2324 -8.291884 -14.35328 428.2704 -8.951281 0.071187 430.9288 -7.5699 11.7772 429.1503 -8.363073 15.40507 427.8375 -9.02129 28.09828 419.149 -12.5118 22.34909 423.9981 -10.51415 39.05677 395.5739 -21.76603 38.52996 389.2795 -23.59059 -39.02464 387.8764 -24.60471 -39.03337 391.5703 -22.86623 -38.55893 386.2501 -24.87954 3.347495 352.649 -38.55465 -0.004108 353.828 -38.48617 3.81502 354.0366 -38.47349 18.55395 358.7154 -36.74639 21.55281 360.5838 -35.96298 24.52505 362.8627 -35.03575 25.39293 363.6255 -34.76824 22.31109 361.1267 -35.78544 27.24893 365.4161 -33.99496 28.04734 366.2727 -33.69482 29.69523 368.2113 -32.85882 30.38356 369.1188 -32.52707 31.82653 371.1868 -31.64748 32.63719 372.5006 -31.15638 33.66333 374.3549 -30.35673 35.17122 377.6526 -29.0077 34.49274 376.0682 -29.70659 35.94642 379.7655 -28.20144 36.35503 381.0668 -27.61992 37.15496 384.3398 -26.31746 39.06574 387.97 -24.72787 38.52712 384.2884 -26.19025 37.64697 380.6795 -27.61063 34.85115 373.7237 -30.34663 28.50009 364.7829 -33.81899 15.61695 355.7619 -37.36857 12.36237 354.5061 -37.88069 7.825219 353.3314 -38.22588 -28.12921 364.4318 -33.85277 -34.88159 373.7657 -30.31939 -36.44347 377.1895 -28.97274 -37.66722 380.7314 -27.57887 -37.84811 391.1391 -24.55802 -37.89527 391.7032 -23.27101 -37.0688 383.9237 -26.50969 -37.71765 388.1412 -24.72778 -37.21857 384.6422 -26.14938 -36.07451 380.1909 -28.02264 -36.36932 381.1242 -27.58432 -34.56819 376.234 -29.63441 -35.19284 377.718 -28.97925 -31.87223 371.2702 -31.60646 -32.80116 372.7713 -31.03488 -33.6873 374.4114 -30.32143 -30.74248 369.5968 -32.32997 -28.28379 366.5378 -33.57238 -29.7357 368.2734 -32.82288 -27.3096 365.4879 -33.95749 -25.59391 363.8065 -34.6878 -22.59239 361.3318 -35.6947 -24.60149 362.9362 -34.99716 -18.44269 358.6565 -36.74183 -19.44476 359.2257 -36.55007 -21.65245 360.6603 -35.92163 -15.89183 357.3495 -37.31726 -7.746128 354.6522 -38.29972 -8.906521 354.9201 -38.30492 -12.5386 355.9885 -37.86647 -11.45257 355.6206 -37.90215 -3.047289 353.9631 -38.55603 -5.192672 354.2106 -38.59083 14.96713 356.898 -37.23638 18.3682 358.4743 -36.42127 21.5928 360.4703 -35.60903 24.56918 362.7478 -34.68153 27.3022 365.3042 -33.641 29.75254 368.0962 -32.50547 31.89398 371.0768 -31.29357 33.73687 374.2441 -30.00536 37.71743 387.7809 -24.64022 37.91226 391.7283 -23.12876 37.35715 384.525 -25.7659 35.30479 377.5511 -28.59798 11.34786 355.5624 -37.80879 7.619178 354.6085 -38.22313 36.51264 381.0426 -27.18193 7.504484 354.2134 -37.82376 33.99135 373.9714 -29.79415 32.1245 370.7858 -31.07933 29.95784 367.7901 -32.28845 27.48144 364.9851 -33.42105 21.71856 360.1308 -35.38296 18.46696 358.1286 -36.19252 14.95235 356.454 -36.8778 -0.067644 353.389 -38.10047 3.675129 353.6281 -38.03827 11.26729 355.1086 -37.40969 36.8228 380.6938 -27.05138 38.01096 386.2504 -24.82917 38.17791 391.5665 -22.80342 20.02275 358.5622 -35.88292 24.65258 362.1594 -34.46481 29.10321 366.2167 -32.81871 33.715 372.6271 -30.24584 38.84816 387.9462 -24.27904 38.69705 393.1792 -22.04147 11.67949 354.3882 -37.70592 15.48547 355.8561 -37.05882 25.32215 362.0046 -34.58604 28.13012 364.643 -33.54116 30.64699 367.5283 -32.39389 32.81535 370.4669 -31.28495 34.71026 373.7224 -29.99813 36.27957 377.132 -28.65107 37.50574 380.6411 -27.2647 38.38917 384.2321 -25.84591 39.12903 391.761 -22.8866 -32.84215 370.364 -31.48988 -30.59381 367.4175 -32.47774 -25.29423 361.9421 -34.64782 -15.63124 356.128 -36.85212 -9.823911 354.348 -37.58315 -3.921376 353.3085 -37.99836 2.430547 352.9194 -38.12149 7.978567 353.7096 -37.80704 35.78531 377.2196 -28.39143 37.69777 382.6248 -26.26362 -22.59274 359.7155 -35.6652 -10.39493 354.1622 -37.6583 11.90092 354.7122 -37.4178 -15.71393 355.8376 -37.1958 -12.01744 354.4356 -37.75514 20.84127 358.7788 -35.82436 -8.262726 353.4256 -38.16834 -0.0691 352.6749 -38.31377 -38.01009 391.6256 -22.95595 -37.94226 387.9136 -24.29599 -38.52724 390.6872 -23.00748 -36.51104 380.8579 -27.19127 -37.3729 384.334 -25.78214 -37.84293 384.3175 -25.57121 -35.30742 377.4331 -28.58068 -33.78297 374.1372 -29.91946 -36.53139 379.2711 -27.59321 -31.94876 371.0024 -31.19584 -29.80036 368.0195 -32.40703 -28.33742 365.206 -33.21531 -33.51134 372.6001 -30.26908 -36.11337 376.9749 -28.61478 -27.34587 365.2257 -33.54178 -24.62779 362.6845 -34.5746 -26.50038 363.7379 -33.84811 -32.69034 370.6621 -31.06428 -21.66348 360.4145 -35.49774 -18.44452 358.419 -36.30947 -20.52819 359.109 -35.71201 -22.39009 359.9445 -35.32781 -37.3328 380.4065 -27.25471 -38.45805 384.2628 -25.94501 -34.61406 373.7424 -29.90212 -15.1494 356.3321 -36.82847 -11.46415 355.3399 -37.46981 -15.0441 356.7677 -37.00375 -15.02043 356.9657 -37.42676 -7.721491 354.3859 -37.87592 -3.869611 353.8052 -38.13098 38.17256 395.2062 -21.25331 38.92415 395.4095 -21.39444 -34.73625 409.5393 -15.74683 -30.64617 415.9225 -13.23597 -25.36021 421.4333 -11.08164 -36.31875 402.5332 -18.89461 -21.88201 422.6945 -10.57171 -14.93223 426.6223 -8.887088 -7.57941 428.8901 -8.005885 -0.086683 429.6645 -7.646911 -38.53823 399.1951 -20.32261 -37.65303 402.8274 -18.89009 -36.42235 406.3752 -17.50365 -34.84128 409.8193 -16.14719 -32.93251 413.1047 -14.85992 -30.71207 416.1928 -13.64801 -28.1769 419.0762 -12.51548 -25.33466 421.7308 -11.47074 -15.38155 427.85 -8.999024 18.93729 426.1128 -9.686853 25.28602 421.7629 -11.43929 37.13787 399.2416 -20.26204 36.36326 402.4086 -18.93951 35.17267 405.8444 -17.54266 36.03804 403.4381 -18.56738 34.57204 407.2529 -17.01694 33.65816 409.1522 -16.19575 32.81262 410.7002 -15.60844 31.82999 412.3024 -14.91588 29.68649 415.2931 -13.69807 30.74957 413.888 -14.31532 27.24698 418.0803 -12.56367 28.30258 416.9357 -13.07715 25.62852 419.6564 -11.97091 22.55737 422.1834 -10.94059 24.54823 420.6137 -11.46707 21.59655 422.8883 -10.5546 19.48019 424.2481 -10.09853 18.38039 424.887 -9.745358 16.13383 426.0341 -9.371415 12.58727 427.4862 -8.775563 11.39382 427.891 -8.495461 9.056266 428.5377 -8.350125 7.711263 428.847 -8.113412 5.411875 429.2499 -8.057912 3.073837 429.5259 -7.831235 -27.17715 418.1447 -12.52304 -25.27524 419.9724 -11.845 -28.19251 417.0623 -13.02635 -30.7339 413.9082 -14.30772 -29.62711 415.3589 -13.66033 -33.62554 409.1996 -16.16543 -32.95251 410.4475 -15.71609 -31.77633 412.3748 -14.87146 -34.7918 406.7388 -17.22829 -35.15904 405.8659 -17.51724 -37.71515 395.2727 -21.85994 -3.906557 429.4611 -7.760115 -37.93355 395.1345 -21.42141 -33.9617 409.0223 -15.79266 -32.11848 412.2234 -14.51522 -30.02789 415.2436 -13.2561 -27.34902 418.149 -12.21428 -23.41239 421.85 -10.64647 -18.43391 425.1515 -9.279043 -14.81355 427.2536 -8.406143 -7.789212 429.4288 -7.545487 0.06933 430.5131 -7.243645 -35.47058 405.668 -17.14776 -27.46266 418.3743 -11.96569 -18.87595 425.2799 -9.198907 -7.808037 429.7953 -7.594646 -36.64382 402.197 -18.55161 -11.70933 428.6911 -7.961545 -37.27335 398.8874 -20.10772 -18.77853 425.879 -9.231501 -21.74479 423.6983 -9.867595 -26.48372 419.9066 -11.37366 -28.12486 418.8151 -12.09668 -31.51495 414.0556 -13.6909 -32.84961 412.8241 -14.45351 -35.24356 407.488 -16.30794 -38.45471 395.9108 -20.93002 -36.29154 406.1042 -17.10166 -37.50072 402.5603 -18.49974 -37.26781 401.2809 -18.78025 -38.33258 399.0335 -19.88489 -38.97626 395.3957 -21.49157 15.35677 427.1634 -8.490798 25.96386 420.2037 -11.22267 27.98325 418.5728 -11.97906 37.74761 400.3837 -19.1681 30.41383 415.7582 -13.06532 22.19655 423.85 -10.10917 -3.899005 430.377 -7.332034 -15.39305 427.5569 -8.587028 38.30233 398.9392 -19.89785 37.44276 402.5539 -18.46868 36.14417 405.9135 -17.0078 34.65695 409.4149 -15.67578 32.80972 412.6857 -14.40014 28.16946 418.896 -12.19419 11.87866 428.6643 -7.969219 8.064317 429.7433 -7.602134 4.078767 430.3615 -7.3407 -7.730113 430.176 -7.907721 30.78254 416.0283 -13.49092 25.29779 421.4777 -11.04827 18.87058 425.9088 -9.296181 15.41682 427.5997 -8.631883 -3.748546 430.7914 -7.749748 38.50815 399.1543 -20.15307 37.60939 402.8265 -18.70366 36.3794 406.3626 -17.31138 34.8807 409.6988 -16.07138 32.96663 412.9983 -14.75593 7.914805 430.1515 -7.970788 3.952475 430.7624 -7.743301 37.73482 395.485 -21.52893 37.34433 398.837 -20.02029 36.49798 402.3618 -18.59125 35.30998 405.8143 -17.19192 33.79336 409.1442 -15.84278 31.96377 412.3104 -14.56057 29.74498 415.4885 -13.19303 27.36359 418.1275 -12.2054 21.61991 423.0511 -10.18316 18.38956 425.0575 -9.366383 14.99387 426.5552 -8.991467 3.92611 429.5937 -7.550559 7.759327 428.9973 -7.791298 11.47501 428.0272 -8.182684 24.60988 420.91 -10.96609 -11.44249 427.8996 -8.393937 15.01942 426.8903 -8.550512 -18.36421 424.9228 -9.598699 -5.486942 429.6458 -7.433994 1.890618 430.0579 -7.278011 9.298006 428.9634 -7.709721 -24.39463 420.7667 -11.31677 -13.55862 427.4605 -8.349366 20.67708 424.2684 -9.593377 32.27391 412.5445 -14.28007 35.01868 407.576 -16.27063 37.3783 400.528 -19.10603 11.52449 427.7311 -11.30562 21.57968 422.7516 -13.2796 4.133666 429.1244 -10.86507 4.265713 429.3349 -10.59928 0.668185 429.5847 -10.44625 37.84617 392.3811 -25.0981 37.5832 395.6106 -24.03811 9.678746 428.089 -11.24865 16.71019 425.4969 -12.25414 29.68304 415.2424 -16.06599 28.22989 416.9638 -15.32373 27.29157 417.9851 -14.97309 32.51995 411.1138 -17.63099 31.79749 412.2928 -17.22581 30.41563 414.2792 -16.38498 33.61965 409.1563 -18.46564 34.28807 407.7839 -18.94644 35.11625 405.9013 -19.75282 35.76808 404.1338 -20.38995 36.28579 402.5517 -21.08276 37.65359 395.5419 -23.8592 37.56751 396.3512 -23.46549 37.14022 399.0774 -22.44696 36.79403 400.6474 -21.76626 11.90993 427.6789 -11.11559 8.122565 428.6924 -10.8708 15.57421 426.2418 -11.68224 19.21057 424.3552 -12.40719 21.66763 422.7873 -13.07868 22.6577 422.0582 -13.31631 24.60178 420.5207 -13.97164 25.77349 419.4674 -14.33622 15.08731 426.4248 -11.77008 18.45961 424.7508 -12.4369 37.04966 399.134 -22.63589 36.16582 402.5901 -21.30153 34.99372 405.9355 -19.97077 33.49979 409.1771 -18.68117 31.68257 412.2995 -17.43882 29.57816 415.234 -16.27117 27.18883 417.9683 -15.18317 24.50616 420.4934 -14.17834 -7.875174 428.578 -11.06449 -4.675508 429.304 -10.47093 -4.145598 429.1768 -10.814 -4.174133 429.3027 -10.67887 -37.57646 395.6588 -24.01795 -37.65318 395.5533 -23.86106 -37.8447 392.4013 -25.09703 -15.07126 426.3808 -11.8712 -11.49816 427.6123 -11.45184 -25.71471 419.5294 -14.31963 -24.57691 420.5387 -13.95788 -27.26979 418.0063 -14.97074 -22.979 421.8247 -13.40655 -21.64733 422.8009 -13.07381 -19.59986 424.1205 -12.49827 -18.49857 424.774 -12.29125 -15.13356 426.4405 -11.62019 -16.1098 426.0016 -11.76163 -11.05287 427.9592 -11.0441 -12.61362 427.4383 -11.19395 -7.940755 428.7553 -10.72837 -37.56676 396.42 -23.43425 -36.93191 400.0621 -22.0006 -37.13599 399.0968 -22.43677 -35.91369 403.7232 -20.56109 -36.29 402.5321 -21.07604 -34.55289 407.213 -19.17096 -35.11856 405.8931 -19.76038 -33.59823 409.1946 -18.4557 -32.76219 410.7046 -17.79764 -31.78418 412.3133 -17.21969 -30.6693 413.9339 -16.52152 -29.67313 415.2576 -16.05146 -28.25801 416.922 -15.33994 -36.62094 400.8678 -21.94717 -34.26359 407.5748 -19.28151 -30.65432 413.7711 -16.81907 -27.18586 417.9715 -15.18196 -24.502 420.4995 -14.1776 -20.01897 423.7295 -12.89044 0.555635 353.8665 -39.24021 -0.692012 353.872 -39.41291 8.713907 354.8973 -39.83733 5.089363 354.2238 -40.09522 12.50998 356.0066 -39.39617 16.10353 357.482 -38.80862 19.71814 359.4248 -38.03728 37.86429 391.1003 -24.67675 37.848 391.067 -25.63569 37.57309 387.1192 -27.10297 36.90783 383.3102 -28.61159 35.86576 379.6145 -30.07101 34.47343 376.1016 -31.45307 32.69759 372.6608 -32.81052 30.65088 369.5184 -34.05622 28.38301 366.6856 -35.17127 25.76862 364.0077 -36.23011 22.97272 361.6519 -37.15496 37.85696 392.3904 -24.6421 37.8721 391.235 -24.39917 -37.87382 391.3295 -24.3555 -37.85119 392.2893 -24.44673 -37.57125 387.1401 -27.09734 -37.84123 391.1096 -25.64962 -36.79521 382.8356 -28.79708 -35.77719 379.3554 -30.1739 -34.31645 375.762 -31.5861 -32.55235 372.4133 -32.91319 -28.23211 366.5168 -35.2397 -30.41848 369.2029 -34.17796 -25.80258 364.0345 -36.21649 -22.69561 361.4447 -37.23622 -19.45377 359.2628 -38.10002 -15.63652 357.26 -38.92218 -11.85958 355.7844 -39.50516 -8.176276 354.7725 -39.90148 -4.396025 354.1335 -40.14868 -37.6548 387.936 -26.88414 -0.704032 353.9183 -40.386 -4.158545 354.1405 -40.29808 -37.605 387.9425 -27.03345 -29.58896 368.1361 -34.70734 -31.82439 371.2498 -33.47728 -33.5494 374.2168 -32.30353 -27.25016 365.4714 -35.75987 -36.27462 380.9164 -29.60543 -35.09226 377.5401 -30.93866 -37.14183 384.4141 -28.24529 -36.24709 380.9448 -29.75618 -35.0794 377.5613 -31.03911 -37.08387 384.4558 -28.41631 -18.46464 358.7018 -38.4339 -21.654 360.6995 -37.64475 -24.53686 362.9259 -36.76517 -11.57757 355.7263 -39.67147 -7.904444 354.7478 -40.05816 -15.13538 357.0671 -39.14155 0.659179 353.8887 -40.2509 4.156257 354.1648 -40.35371 37.58266 387.9508 -27.08157 37.65592 387.9563 -26.85735 3.914231 354.081 -40.20257 21.62849 360.6681 -37.60305 24.5853 362.9497 -36.70448 18.47758 358.6959 -38.38327 27.2694 365.4768 -35.71118 24.58072 363.0488 -36.90215 27.24872 365.5664 -35.90463 21.63251 360.769 -37.80529 18.48274 358.7924 -38.58819 15.1357 357.0955 -39.19456 15.12537 357.0323 -39.04016 11.57032 355.6921 -39.56945 7.890139 354.7134 -39.95613 11.58233 355.7531 -39.72552 7.903728 354.7723 -40.11342 36.28958 380.94 -29.62516 35.11058 377.5733 -30.96525 37.13243 384.3716 -28.26458 33.62628 374.3343 -32.22853 31.79877 371.1947 -33.48397 29.69162 368.2454 -34.64088 36.20129 380.9962 -29.8403 37.05235 384.4354 -28.47566 33.54145 374.4077 -32.45567 35.03287 377.6521 -31.16789 29.61901 368.3378 -34.8647 31.72342 371.2774 -33.69811 37.86421 392.1999 -24.38268 37.82172 392.1602 -24.48074 37.83612 392.3565 -24.86354 0.591496 429.5422 -10.47613 0.683271 429.4107 -10.72954 0.521855 429.604 -9.356658 0.390635 429.559 -9.408895 0.526658 429.5564 -9.532608 -0.556383 429.5632 -9.621644 -0.405415 429.5579 -9.422404 -0.53033 429.5963 -9.42047 -0.61508 429.537 -10.50117 -0.684806 429.5951 -10.37573 -37.81502 392.2557 -24.55691 -37.83625 391.7464 -24.41878 -37.83731 391.206 -24.59029 -0.668126 353.8907 -40.27915 -0.347842 353.8653 -39.21194 -0.440095 353.8809 -39.29665 0.469765 353.884 -39.34714 37.81563 391.1022 -25.73526 37.81402 391.1766 -24.70137 37.8367 391.4083 -24.42263</float_array><technique_common><accessor count="1993" source="#eSeries_UR5e_081-mesh-slim-pos-array" stride="3"><param type="float" name="X"/><param type="float" name="Y"/><param type="float" name="Z"/></accessor></technique_common></source><vertices id="eSeries_UR5e_081-mesh-slim-pos-vertices">
          <input semantic="POSITION" source="#eSeries_UR5e_081-mesh-slim-pos"/>
        </vertices>
        <triangles count="3907" material="URBlue-material"><input offset="0" semantic="VERTEX" source="#eSeries_UR5e_081-mesh-slim-pos-vertices"/><input offset="1" semantic="NORMAL" source="#eSeries_UR5e_081-mesh-slim-nrm"/><p>4 4 5 5 1 1 11 11 4 4 1 1 3 3 11 11 1 1 2 2 3 3 1 1 0 0 2 2 1 1 5 5 0 0 1 1 9 9 10 10 6 6 8 8 9 9 6 6 18 18 8 8 6 6 7 7 18 18 6 6 17 17 7 7 6 6 19 19 17 17 6 6 10 10 19 19 6 6 27 27 28 28 12 12 16 16 27 27 12 12 15 15 16 16 12 12 14 14 15 15 12 12 26 26 14 14 12 12 13 13 26 26 12 12 28 28 13 13 12 12 4 4 20 20 21 21 4 4 21 21 5 5 5 5 21 21 22 22 5 5 22 22 0 0 23 23 2 2 22 22 22 22 2 2 0 0 24 24 3 3 23 23 23 23 3 3 2 2 3 3 24 24 25 25 3 3 25 25 11 11 11 11 25 25 20 20 11 11 20 20 4 4 19 19 29 29 30 30 19 19 30 30 17 17 31 31 7 7 30 30 30 30 7 7 17 17 32 32 18 18 31 31 31 31 18 18 7 7 18 18 32 32 33 33 18 18 33 33 8 8 8 8 33 33 9 9 9 9 33 33 34 34 9 9 34 34 10 10 10 10 34 34 29 29 10 10 29 29 19 19 35 35 70 70 25 25 25 25 70 70 71 71 21 21 72 72 68 68 21 21 68 68 22 22 24 24 35 35 25 25 25 25 71 71 20 20 20 20 71 71 36 36 22 22 68 68 69 69 22 22 69 69 23 23 36 36 72 72 20 20 20 20 72 72 21 21 23 23 69 69 37 37 23 23 37 37 24 24 24 24 37 37 35 35 13 13 38 38 39 39 13 13 39 39 26 26 40 40 14 14 39 39 39 39 14 14 26 26 41 41 15 15 40 40 40 40 15 15 14 14 15 15 41 41 16 16 16 16 41 41 42 42 16 16 42 42 27 27 43 43 28 28 42 42 42 42 28 28 27 27 28 28 43 43 38 38 28 28 38 38 13 13 31 31 47 47 32 32 44 44 47 47 31 31 34 34 48 48 29 29 29 29 48 48 45 45 46 46 48 48 33 33 33 33 48 48 34 34 30 30 44 44 31 31 29 29 45 45 30 30 30 30 45 45 44 44 47 47 49 49 32 32 32 32 49 49 33 33 33 33 49 49 46 46 68 68 79 79 69 69 69 69 80 80 81 81 69 69 81 81 37 37 37 37 81 81 73 73 71 71 83 83 36 36 36 36 83 83 84 84 36 36 77 77 72 72 68 68 78 78 79 79 79 79 74 74 69 69 69 69 74 74 85 85 69 69 85 85 80 80 37 37 73 73 75 75 37 37 75 75 35 35 35 35 75 75 70 70 70 70 82 82 86 86 70 70 86 86 71 71 71 71 86 86 76 76 71 71 76 76 83 83 36 36 84 84 87 87 36 36 87 87 77 77 72 72 77 77 78 78 72 72 78 78 68 68 70 70 75 75 82 82 78 78 51 51 79 79 80 80 65 65 81 81 73 73 81 81 63 63 73 73 63 63 61 61 73 73 61 61 75 75 77 77 87 87 53 53 78 78 77 77 88 88 79 79 51 51 50 50 74 74 79 79 67 67 80 80 85 85 65 65 81 81 65 65 64 64 81 81 64 64 63 63 63 63 62 62 61 61 75 75 61 61 60 60 75 75 60 60 59 59 75 75 59 59 82 82 82 82 59 59 58 58 82 82 58 58 86 86 83 83 76 76 55 55 83 83 55 55 84 84 84 84 55 55 54 54 84 84 54 54 87 87 77 77 53 53 52 52 77 77 52 52 88 88 78 78 88 88 51 51 79 79 50 50 67 67 74 74 67 67 85 85 85 85 67 67 66 66 85 85 66 66 65 65 86 86 58 58 57 57 86 86 57 57 76 76 76 76 57 57 56 56 76 76 56 56 55 55 87 87 54 54 53 53 88 88 52 52 51 51 155 155 42 42 154 154 91 91 90 90 38 38 91 91 43 43 155 155 39 39 90 90 93 93 42 42 155 155 43 43 40 40 89 89 92 92 40 40 92 92 41 41 39 39 93 93 40 40 40 40 93 93 89 89 41 41 92 92 42 42 42 42 92 92 154 154 38 38 90 90 39 39 43 43 91 91 38 38 47 47 111 111 49 49 48 48 122 122 45 45 45 45 112 112 44 44 44 44 113 113 47 47 47 47 114 114 111 111 46 46 49 49 116 116 46 46 120 120 48 48 45 45 122 122 117 117 47 47 113 113 114 114 111 111 114 114 115 115 46 46 116 116 128 128 46 46 128 128 120 120 48 48 120 120 121 121 48 48 121 121 122 122 45 45 117 117 118 118 45 45 118 118 112 112 49 49 111 111 119 119 49 49 119 119 116 116 112 112 118 118 123 123 112 112 123 123 124 124 112 112 124 124 44 44 44 44 124 124 113 113 114 114 113 113 104 104 111 111 115 115 126 126 111 111 126 126 119 119 116 116 119 119 127 127 116 116 127 127 128 128 121 121 95 95 122 122 117 117 122 122 94 94 117 117 129 129 118 118 118 118 129 129 108 108 118 118 108 108 123 123 113 113 124 124 125 125 113 113 125 125 105 105 114 114 102 102 115 115 115 115 102 102 101 101 115 115 101 101 126 126 119 119 126 126 100 100 119 119 100 100 99 99 119 119 99 99 127 127 120 120 128 128 96 96 120 120 96 96 121 121 122 122 95 95 94 94 117 117 94 94 110 110 117 117 110 110 129 129 123 123 108 108 107 107 123 123 107 107 124 124 124 124 107 107 106 106 124 124 106 106 125 125 113 113 105 105 104 104 114 114 104 104 103 103 114 114 103 103 102 102 126 126 101 101 100 100 127 127 99 99 98 98 127 127 98 98 128 128 128 128 98 98 97 97 128 128 97 97 96 96 121 121 96 96 95 95 129 129 109 109 108 108 129 129 110 110 109 109 218 218 50 50 217 217 217 217 50 50 51 51 217 217 51 51 130 130 130 130 51 51 52 52 130 130 52 52 131 131 131 131 52 52 132 132 132 132 52 52 53 53 132 132 53 53 189 189 189 189 53 53 54 54 189 189 54 54 133 133 133 133 54 54 55 55 133 133 55 55 190 190 190 190 55 55 56 56 190 190 56 56 134 134 134 134 56 56 57 57 134 134 57 57 195 195 195 195 57 57 58 58 195 195 58 58 135 135 135 135 58 58 59 59 135 135 59 59 226 226 226 226 59 59 60 60 226 226 60 60 191 191 191 191 60 60 136 136 136 136 60 60 61 61 136 136 61 61 62 62 136 136 62 62 194 194 194 194 62 62 63 63 194 194 63 63 137 137 137 137 63 63 64 64 137 137 64 64 192 192 192 192 64 64 65 65 192 192 65 65 193 193 193 193 65 65 66 66 193 193 66 66 138 138 138 138 66 66 67 67 138 138 67 67 139 139 139 139 67 67 218 218 218 218 67 67 50 50 155 155 156 156 91 91 90 90 162 162 93 93 89 89 93 93 158 158 89 89 159 159 92 92 154 154 166 166 155 155 91 91 157 157 90 90 90 90 161 161 162 162 89 89 158 158 171 171 89 89 171 171 159 159 92 92 159 159 164 164 92 92 164 164 154 154 154 154 165 165 166 166 155 155 166 166 160 160 155 155 160 160 156 156 90 90 157 157 161 161 93 93 163 163 158 158 154 154 164 164 165 165 156 156 160 160 167 167 156 156 167 167 168 168 156 156 168 168 91 91 91 91 168 168 157 157 157 157 174 174 161 161 161 161 169 169 162 162 93 93 162 162 163 163 158 158 163 163 170 170 158 158 170 170 171 171 159 159 171 171 143 143 164 164 141 141 165 165 165 165 140 140 166 166 166 166 172 172 160 160 160 160 172 172 173 173 160 160 173 173 167 167 157 157 168 168 149 149 161 161 174 174 175 175 161 161 175 175 169 169 162 162 169 169 176 176 162 162 176 176 163 163 163 163 146 146 170 170 159 159 143 143 142 142 159 159 142 142 164 164 166 166 140 140 153 153 166 166 153 153 172 172 167 167 173 173 151 151 167 167 151 151 168 168 168 168 151 151 150 150 168 168 150 150 149 149 157 157 149 149 148 148 157 157 148 148 174 174 169 169 175 175 147 147 163 163 176 176 146 146 170 170 146 146 145 145 170 170 145 145 171 171 171 171 145 145 144 144 171 171 144 144 143 143 164 164 142 142 141 141 165 165 141 141 140 140 172 172 152 152 173 173 169 169 147 147 176 176 177 177 94 94 95 95 177 177 95 95 214 214 214 214 95 95 178 178 178 178 95 95 96 96 178 178 96 96 211 211 211 211 96 96 212 212 212 212 96 96 97 97 212 212 97 97 179 179 179 179 97 97 98 98 179 179 98 98 180 180 180 180 98 98 99 99 180 180 99 99 181 181 181 181 99 99 100 100 181 181 100 100 182 182 182 182 100 100 101 101 182 182 101 101 183 183 183 183 101 101 102 102 183 183 102 102 184 184 184 184 102 102 213 213 213 213 102 102 103 103 213 213 103 103 185 185 185 185 103 103 104 104 185 185 104 104 105 105 185 185 105 105 246 246 246 246 105 105 186 186 186 186 105 105 125 125 186 186 125 125 106 106 186 186 106 106 187 187 187 187 106 106 107 107 187 187 107 107 215 215 215 215 107 107 108 108 215 215 108 108 216 216 216 216 108 108 109 109 216 216 109 109 188 188 188 188 109 109 210 210 210 210 109 109 110 110 210 210 110 110 177 177 177 177 110 110 94 94 130 130 131 131 217 217 138 138 139 139 193 193 137 137 192 192 194 194 133 133 190 190 189 189 135 135 226 226 195 195 134 134 195 195 190 190 132 132 189 189 131 131 136 136 194 194 191 191 196 196 140 140 197 197 197 197 140 140 141 141 197 197 141 141 198 198 198 198 141 141 199 199 199 199 141 141 142 142 199 199 142 142 200 200 200 200 142 142 143 143 200 200 143 143 144 144 200 200 144 144 201 201 201 201 144 144 145 145 201 201 145 145 202 202 202 202 145 145 146 146 202 202 146 146 203 203 203 203 146 146 204 204 204 204 146 146 176 176 204 204 176 176 230 230 230 230 176 176 147 147 230 230 147 147 205 205 205 205 147 147 229 229 229 229 147 147 175 175 229 229 175 175 206 206 206 206 175 175 174 174 206 206 174 174 267 267 267 267 174 174 148 148 267 267 148 148 207 207 207 207 148 148 149 149 207 207 149 149 150 150 207 207 150 150 208 208 208 208 150 150 151 151 208 208 151 151 232 232 232 232 151 151 231 231 231 231 151 151 173 173 231 231 173 173 152 152 231 231 152 152 209 209 209 209 152 152 172 172 209 209 172 172 196 196 196 196 172 172 153 153 196 196 153 153 140 140 183 183 184 184 182 182 181 181 182 182 180 180 185 185 246 246 213 213 179 179 180 180 212 212 188 188 210 210 216 216 187 187 215 215 186 186 178 178 211 211 214 214 177 177 214 214 210 210 131 131 225 225 217 217 193 193 139 139 219 219 195 195 227 227 220 220 195 195 220 220 190 190 193 193 219 219 192 192 192 192 221 221 194 194 194 194 221 221 222 222 194 194 222 222 191 191 190 190 220 220 223 223 190 190 223 223 189 189 189 189 223 223 224 224 189 189 224 224 131 131 131 131 224 224 225 225 226 226 227 227 195 195 196 196 197 197 228 228 196 196 228 228 209 209 209 209 228 228 231 231 199 199 200 200 198 198 197 197 198 198 228 228 207 207 208 208 267 267 205 205 229 229 230 230 203 203 204 204 202 202 201 201 202 202 200 200 206 206 267 267 229 229 212 212 233 233 211 211 180 180 244 244 212 212 212 212 244 244 233 233 214 214 245 245 210 210 210 210 245 245 235 235 210 210 235 235 216 216 216 216 235 235 236 236 216 216 236 236 237 237 216 216 237 237 215 215 215 215 237 237 238 238 211 211 233 233 239 239 211 211 239 239 214 214 213 213 247 247 240 240 213 213 240 240 184 184 184 184 240 240 241 241 184 184 241 241 182 182 182 182 241 241 242 242 182 182 242 242 180 180 180 180 242 242 243 243 180 180 243 243 244 244 215 215 238 238 234 234 215 215 234 234 186 186 214 214 239 239 245 245 186 186 234 234 246 246 246 246 247 247 213 213 248 248 217 217 249 249 249 249 217 217 225 225 249 249 225 225 250 250 250 250 225 225 224 224 250 250 224 224 251 251 251 251 224 224 223 223 251 251 223 223 252 252 252 252 223 223 220 220 252 252 220 220 253 253 253 253 220 220 227 227 253 253 227 227 254 254 254 254 227 227 226 226 254 254 226 226 255 255 255 255 226 226 191 191 255 255 191 191 256 256 256 256 191 191 222 222 256 256 222 222 221 221 256 256 221 221 257 257 257 257 221 221 192 192 257 257 192 192 258 258 258 258 192 192 219 219 258 258 219 219 259 259 259 259 219 219 139 139 259 259 139 139 218 218 259 259 218 218 248 248 248 248 218 218 217 217 200 200 260 260 261 261 200 200 261 261 198 198 198 198 261 261 262 262 198 198 262 262 263 263 198 198 263 263 228 228 228 228 263 263 271 271 208 208 264 264 267 267 202 202 266 266 200 200 200 200 266 266 260 260 204 204 265 265 202 202 202 202 265 265 266 266 267 267 268 268 229 229 229 229 268 268 269 269 229 229 269 269 230 230 230 230 269 269 204 204 204 204 269 269 265 265 232 232 270 270 208 208 208 208 270 270 264 264 228 228 271 271 231 231 231 231 271 271 272 272 231 231 272 272 232 232 232 232 272 272 270 270 275 275 273 273 420 420 276 276 245 245 277 277 277 277 245 245 239 239 277 277 239 239 278 278 278 278 239 239 233 233 278 278 233 233 279 279 279 279 233 233 244 244 279 279 244 244 280 280 280 280 244 244 243 243 280 280 243 243 242 242 280 280 242 242 281 281 281 281 242 242 241 241 281 281 241 241 282 282 282 282 241 241 240 240 282 282 240 240 283 283 283 283 240 240 247 247 283 283 247 247 246 246 283 283 246 246 284 284 284 284 246 246 234 234 284 284 234 234 285 285 285 285 234 234 238 238 285 285 238 238 286 286 286 286 238 238 237 237 286 286 237 237 287 287 287 287 237 237 236 236 287 287 236 236 235 235 287 287 235 235 276 276 276 276 235 235 245 245 289 289 625 625 288 288 289 289 288 288 291 291 290 290 436 436 642 642 299 299 436 436 290 290 291 291 288 288 292 292 292 292 304 304 293 293 293 293 304 304 301 301 301 301 305 305 294 294 294 294 305 305 302 302 294 294 302 302 295 295 296 296 303 303 297 297 288 288 304 304 292 292 295 295 302 302 300 300 295 295 300 300 296 296 296 296 300 300 303 303 297 297 303 303 298 298 303 303 299 299 298 298 298 298 299 299 290 290 301 301 304 304 305 305 305 305 300 300 302 302 303 303 300 300 299 299 306 306 421 421 252 252 425 425 249 249 275 275 254 254 307 307 306 306 307 307 254 254 310 310 254 254 255 255 310 310 306 306 253 253 254 254 324 324 259 259 248 248 324 324 248 248 425 425 425 425 248 248 249 249 310 310 255 255 256 256 310 310 256 256 323 323 323 323 256 256 257 257 323 323 257 257 308 308 308 308 257 257 258 258 308 308 258 258 259 259 308 308 259 259 324 324 250 250 275 275 249 249 251 251 309 309 250 250 250 250 309 309 273 273 252 252 421 421 309 309 252 252 309 309 251 251 250 250 273 273 275 275 253 253 306 306 252 252 323 323 322 322 310 310 314 314 320 320 313 313 318 318 310 310 322 322 318 318 322 322 317 317 317 317 322 322 319 319 316 316 321 321 315 315 315 315 321 321 314 314 313 313 320 320 312 312 316 316 323 323 321 321 321 321 308 308 314 314 312 312 324 324 311 311 319 319 323 323 316 316 314 314 308 308 320 320 320 320 324 324 312 312 319 319 322 322 323 323 323 323 308 308 321 321 320 320 308 308 324 324 325 325 263 263 326 326 326 326 263 263 262 262 326 326 262 262 261 261 326 326 261 261 327 327 327 327 261 261 260 260 327 327 260 260 328 328 328 328 260 260 266 266 328 328 266 266 329 329 329 329 266 266 265 265 329 329 265 265 330 330 330 330 265 265 269 269 330 330 269 269 331 331 331 331 269 269 268 268 331 331 268 268 332 332 332 332 268 268 267 267 332 332 267 267 333 333 333 333 267 267 264 264 333 333 264 264 334 334 334 334 264 264 270 270 334 334 270 270 335 335 335 335 270 270 272 272 335 335 272 272 336 336 336 336 272 272 271 271 336 336 271 271 325 325 325 325 271 271 263 263 337 337 707 707 338 338 351 351 707 707 337 337 339 339 735 735 340 340 341 341 735 735 339 339 350 350 339 339 353 353 342 342 350 350 343 343 343 343 350 350 344 344 348 348 351 351 337 337 345 345 354 354 346 346 346 346 354 354 352 352 347 347 349 349 348 348 348 348 349 349 351 351 341 341 339 339 342 342 342 342 339 339 350 350 344 344 353 353 345 345 353 353 354 354 345 345 352 352 355 355 347 347 347 347 355 355 349 349 344 344 350 350 353 353 352 352 354 354 355 355 356 356 364 364 362 362 380 380 364 364 356 356 356 356 362 362 385 385 368 368 359 359 358 358 379 379 366 366 367 367 358 358 365 365 357 357 369 369 358 358 359 359 357 357 373 373 358 358 360 360 361 361 358 358 358 358 361 361 374 374 358 358 374 374 365 365 361 361 360 360 375 375 376 376 384 384 377 377 384 384 376 376 378 378 367 367 366 366 380 380 367 367 380 380 356 356 358 358 373 373 368 368 385 385 362 362 372 372 375 375 382 382 361 361 361 361 382 382 363 363 363 363 383 383 361 361 361 361 383 383 384 384 384 384 383 383 377 377 371 371 384 384 378 378 385 385 372 372 381 381 379 379 367 367 371 371 371 371 367 367 370 370 370 370 384 384 371 371 391 391 386 386 409 409 388 388 392 392 389 389 392 392 393 393 389 389 388 388 389 389 387 387 412 412 394 394 395 395 395 395 396 396 412 412 386 386 391 391 404 404 393 393 415 415 389 389 415 415 393 393 400 400 387 387 389 389 401 401 401 401 389 389 394 394 397 397 402 402 398 398 391 391 403 403 399 399 391 391 399 399 390 390 400 400 414 414 405 405 400 400 405 405 406 406 396 396 407 407 412 412 402 402 408 408 398 398 390 390 404 404 391 391 394 394 412 412 401 401 412 412 407 407 398 398 398 398 407 407 397 397 411 411 414 414 400 400 406 406 415 415 400 400 398 398 408 408 413 413 386 386 416 416 409 409 400 400 410 410 411 411 413 413 417 417 398 398 409 409 416 416 417 417 410 410 400 400 418 418 409 409 417 417 413 413 274 274 309 309 421 421 421 421 306 306 274 274 324 324 588 588 311 311 311 311 588 588 586 586 425 425 588 588 324 324 424 424 420 420 419 419 424 424 419 419 423 423 424 424 275 275 420 420 425 425 275 275 424 424 589 589 430 430 429 429 291 291 610 610 431 431 291 291 431 431 289 289 287 287 276 276 435 435 436 436 285 285 286 286 625 625 276 276 277 277 284 284 299 299 283 283 436 436 287 287 435 435 277 277 278 278 625 625 625 625 278 278 288 288 284 284 285 285 436 436 436 436 286 286 287 287 435 435 276 276 625 625 299 299 284 284 436 436 288 288 278 278 279 279 288 288 279 279 304 304 304 304 279 279 280 280 304 304 280 280 281 281 304 304 281 281 305 305 305 305 281 281 300 300 283 283 299 299 300 300 283 283 300 300 282 282 282 282 300 300 281 281 642 642 655 655 290 290 290 290 655 655 646 646 292 292 437 437 291 291 291 291 437 437 610 610 293 293 543 543 292 292 292 292 543 543 437 437 438 438 297 297 298 298 290 290 646 646 298 298 298 298 646 646 438 438 301 301 439 439 293 293 293 293 439 439 543 543 294 294 440 440 301 301 301 301 440 440 439 439 295 295 441 441 294 294 294 294 441 441 440 440 296 296 442 442 295 295 295 295 442 442 441 441 438 438 443 443 297 297 297 297 443 443 296 296 296 296 443 443 442 442 306 306 307 307 667 667 667 667 422 422 274 274 667 667 274 274 306 306 667 667 671 671 422 422 422 422 671 671 444 444 671 671 670 670 444 444 445 445 307 307 318 318 318 318 307 307 310 310 683 683 449 449 317 317 317 317 449 449 318 318 683 683 317 317 450 450 451 451 450 450 319 319 319 319 450 450 317 317 316 316 682 682 319 319 319 319 682 682 451 451 315 315 594 594 678 678 315 315 678 678 316 316 316 316 678 678 682 682 315 315 452 452 594 594 314 314 452 452 315 315 313 313 601 601 314 314 314 314 601 601 452 452 453 453 601 601 313 313 454 454 453 453 312 312 312 312 453 453 313 313 455 455 454 454 311 311 311 311 454 454 312 312 311 311 586 586 455 455 337 337 338 338 699 699 337 337 699 699 456 456 340 340 332 332 333 333 340 340 334 334 335 335 340 340 333 333 334 334 340 340 335 335 339 339 339 339 335 335 336 336 339 339 336 336 353 353 353 353 336 336 325 325 330 330 707 707 351 351 330 330 351 351 329 329 331 331 332 332 707 707 707 707 332 332 340 340 353 353 325 325 326 326 353 353 326 326 354 354 354 354 326 326 327 327 354 354 327 327 355 355 355 355 327 327 349 349 349 349 327 327 328 328 349 349 328 328 329 329 349 349 329 329 351 351 707 707 330 330 331 331 457 457 460 460 458 458 457 457 459 459 460 460 464 464 466 466 461 461 462 462 466 466 465 465 462 462 461 461 466 466 341 341 468 468 467 467 341 341 467 467 735 735 342 342 469 469 468 468 342 342 468 468 341 341 560 560 469 469 343 343 343 343 469 469 342 342 348 348 470 470 347 347 348 348 471 471 470 470 337 337 456 456 348 348 456 456 471 471 348 348 344 344 472 472 343 343 343 343 472 472 560 560 345 345 473 473 344 344 344 344 473 473 472 472 345 345 474 474 473 473 346 346 474 474 345 345 346 346 475 475 474 474 352 352 475 475 346 346 347 347 470 470 476 476 347 347 476 476 352 352 352 352 476 476 475 475 357 357 477 477 373 373 373 373 477 477 478 478 373 373 478 478 479 479 480 480 365 365 374 374 477 477 357 357 480 480 480 480 357 357 365 365 361 361 481 481 374 374 374 374 481 481 480 480 384 384 484 484 361 361 361 361 484 484 481 481 367 367 482 482 370 370 370 370 482 482 483 483 370 370 483 483 384 384 384 384 483 483 484 484 356 356 485 485 367 367 367 367 485 485 482 482 385 385 486 486 356 356 356 356 486 486 485 485 372 372 487 487 488 488 372 372 488 488 381 381 381 381 488 488 489 489 381 381 489 489 385 385 486 486 385 385 489 489 362 362 490 490 487 487 362 362 487 487 372 372 490 490 362 362 364 364 490 490 364 364 491 491 491 491 364 364 492 492 492 492 364 364 380 380 492 492 380 380 366 366 366 366 493 493 492 492 493 493 366 366 379 379 493 493 379 379 494 494 494 494 379 379 371 371 371 371 378 378 494 494 495 495 378 378 376 376 495 495 376 376 496 496 496 496 376 376 377 377 363 363 497 497 383 383 383 383 497 497 377 377 377 377 497 497 496 496 497 497 363 363 499 499 499 499 363 363 498 498 498 498 363 363 382 382 375 375 500 500 382 382 382 382 500 500 498 498 360 360 501 501 375 375 375 375 501 501 500 500 358 358 502 502 360 360 360 360 502 502 501 501 369 369 503 503 358 358 358 358 503 503 502 502 504 504 359 359 505 505 503 503 369 369 504 504 504 504 369 369 359 359 373 373 479 479 368 368 368 368 479 479 505 505 368 368 505 505 359 359 506 506 540 540 387 387 506 506 387 387 401 401 507 507 506 506 401 401 507 507 401 401 412 412 398 398 510 510 412 412 412 412 510 510 507 507 386 386 508 508 416 416 416 416 508 508 509 509 416 416 509 509 417 417 417 417 509 509 510 510 417 417 510 510 398 398 404 404 514 514 386 386 386 386 514 514 508 508 399 399 511 511 512 512 399 399 512 512 390 390 390 390 512 512 513 513 390 390 513 513 404 404 404 404 513 513 514 514 403 403 515 515 399 399 399 399 515 515 511 511 391 391 516 516 403 403 403 403 516 516 515 515 409 409 517 517 391 391 391 391 517 517 516 516 517 517 409 409 518 518 518 518 409 409 413 413 408 408 519 519 413 413 413 413 519 519 518 518 397 397 520 520 402 402 402 402 520 520 521 521 402 402 521 521 408 408 408 408 521 521 519 519 407 407 522 522 397 397 397 397 522 522 520 520 396 396 523 523 524 524 522 522 407 407 524 524 524 524 407 407 396 396 394 394 525 525 395 395 395 395 525 525 523 523 395 395 523 523 396 396 525 525 394 394 526 526 526 526 394 394 389 389 415 415 527 527 389 389 389 389 527 527 526 526 406 406 528 528 415 415 527 527 415 415 528 528 405 405 529 529 406 406 406 406 529 529 530 530 406 406 530 530 528 528 529 529 405 405 531 531 531 531 405 405 414 414 531 531 414 414 532 532 410 410 533 533 411 411 532 532 414 414 533 533 533 533 414 414 411 411 418 418 534 534 410 410 410 410 534 534 535 535 410 410 535 535 533 533 534 534 418 418 536 536 536 536 418 418 400 400 536 536 400 400 537 537 537 537 400 400 393 393 537 537 393 393 538 538 538 538 393 393 392 392 538 538 392 392 539 539 539 539 392 392 388 388 539 539 388 388 540 540 540 540 388 388 387 387 547 547 549 549 545 545 541 541 544 544 546 546 546 546 551 551 547 547 547 547 551 551 548 548 547 547 548 548 549 549 545 545 549 549 550 550 545 545 550 550 660 660 546 546 544 544 551 551 660 660 550 550 555 555 544 544 542 542 551 551 551 551 552 552 548 548 548 548 552 552 553 553 548 548 553 553 549 549 549 549 553 553 554 554 549 549 554 554 550 550 550 550 554 554 555 555 551 551 542 542 552 552 552 552 542 542 439 439 552 552 439 439 556 556 552 552 556 556 553 553 553 553 556 556 557 557 553 553 557 557 554 554 554 554 557 557 558 558 554 554 558 558 555 555 555 555 558 558 443 443 555 555 443 443 658 658 542 542 543 543 439 439 658 658 443 443 438 438 556 556 439 439 440 440 556 556 440 440 557 557 557 557 440 440 441 441 557 557 441 441 558 558 558 558 441 441 442 442 558 558 442 442 443 443 742 742 565 565 561 561 561 561 565 565 566 566 561 561 566 566 562 562 562 562 566 566 567 567 562 562 567 567 564 564 562 562 564 564 686 686 567 567 568 568 564 564 564 564 568 568 569 569 738 738 559 559 565 565 565 565 559 559 570 570 565 565 570 570 566 566 566 566 570 570 571 571 566 566 571 571 567 567 567 567 571 571 572 572 567 567 572 572 568 568 568 568 572 572 573 573 568 568 573 573 569 569 569 569 573 573 563 563 559 559 560 560 570 570 570 570 560 560 472 472 570 570 472 472 571 571 571 571 472 472 574 574 571 571 574 574 572 572 572 572 574 574 575 575 572 572 575 575 573 573 573 573 575 575 475 475 573 573 475 475 476 476 573 573 476 476 563 563 563 563 476 476 470 470 472 472 473 473 574 574 574 574 473 473 474 474 574 574 474 474 575 575 575 575 474 474 475 475 444 444 580 580 422 422 274 274 422 422 581 581 581 581 422 422 580 580 420 420 273 273 582 582 582 582 419 419 420 420 579 579 419 419 582 582 273 273 309 309 582 582 584 584 579 579 583 583 583 583 579 579 582 582 309 309 274 274 581 581 583 583 581 581 580 580 583 583 580 580 584 584 583 583 582 582 581 581 581 581 582 582 309 309 587 587 588 588 424 424 587 587 589 589 429 429 426 426 428 428 590 590 428 428 427 427 585 585 427 427 589 589 587 587 590 590 428 428 585 585 587 587 429 429 588 588 588 588 429 429 586 586 587 587 424 424 585 585 585 585 424 424 423 423 588 588 425 425 424 424 427 427 587 587 585 585 590 590 585 585 423 423 595 595 677 677 596 596 677 677 595 595 593 593 778 778 595 595 597 597 592 592 597 597 595 595 598 598 599 599 430 430 427 427 430 430 589 589 428 428 430 430 427 427 595 595 598 598 592 592 592 592 598 598 600 600 591 591 428 428 426 426 455 455 586 586 429 429 596 596 677 677 594 594 596 596 594 594 452 452 452 452 601 601 596 596 599 599 454 454 430 430 430 430 454 454 455 455 601 601 453 453 602 602 602 602 453 453 599 599 602 602 595 595 596 596 602 602 596 596 601 601 454 454 599 599 453 453 455 455 429 429 430 430 595 595 778 778 593 593 595 595 602 602 598 598 598 598 602 602 599 599 598 598 430 430 600 600 600 600 430 430 428 428 600 600 428 428 591 591 605 605 544 544 541 541 606 606 542 542 544 544 606 606 607 607 615 615 615 615 607 607 608 608 604 604 603 603 607 607 607 607 603 603 608 608 605 605 609 609 544 544 544 544 609 609 607 607 544 544 607 607 606 606 606 606 616 616 610 610 606 606 615 615 616 616 543 543 542 542 606 606 543 543 606 606 437 437 605 605 604 604 609 609 609 609 604 604 607 607 606 606 610 610 437 437 612 612 613 613 614 614 603 603 611 611 608 608 431 431 610 610 616 616 431 431 616 616 617 617 617 617 616 616 619 619 619 619 616 616 615 615 619 619 615 615 618 618 618 618 615 615 608 608 618 618 608 608 614 614 614 614 608 608 611 611 613 613 624 624 619 619 619 619 624 624 617 617 617 617 624 624 622 622 289 289 431 431 622 622 622 622 431 431 617 617 614 614 613 613 618 618 618 618 613 613 619 619 622 622 623 623 289 289 624 624 621 621 623 623 624 624 623 623 622 622 623 623 625 625 289 289 621 621 626 626 623 623 623 623 626 626 625 625 629 629 628 628 620 620 626 626 621 621 627 627 624 624 629 629 627 627 629 629 624 624 613 613 629 629 613 613 612 612 629 629 612 612 628 628 624 624 627 627 621 621 630 630 641 641 435 435 631 631 641 641 630 630 631 631 434 434 641 641 434 434 631 631 432 432 432 432 631 631 632 632 620 620 632 632 629 629 631 631 627 627 629 629 631 631 629 629 632 632 435 435 625 625 630 630 630 630 625 625 626 626 630 630 626 626 631 631 631 631 626 626 627 627 419 419 579 579 636 636 635 635 634 634 633 633 639 639 435 435 641 641 639 639 638 638 642 642 639 639 641 641 637 637 640 640 643 643 637 637 642 642 436 436 639 639 637 637 641 641 434 434 637 637 434 434 432 432 639 639 436 436 435 435 432 432 433 433 640 640 432 432 640 640 637 637 639 639 637 637 638 638 643 643 654 654 647 647 644 644 657 657 649 649 644 644 651 651 657 657 894 894 651 651 644 644 650 650 652 652 644 644 649 649 650 650 644 644 653 653 647 647 654 654 656 656 638 638 648 648 655 655 642 642 656 656 656 656 642 642 638 638 643 643 647 647 637 637 650 650 649 649 645 645 645 645 649 649 646 646 643 643 640 640 654 654 652 652 653 653 644 644 648 648 638 638 647 647 647 647 638 638 637 637 647 647 653 653 648 648 648 648 653 653 652 652 648 648 652 652 650 650 648 648 650 650 656 656 656 656 650 650 645 645 656 656 645 645 655 655 655 655 645 645 646 646 555 555 658 658 659 659 555 555 659 659 660 660 657 657 661 661 659 659 651 651 661 661 657 657 659 659 649 649 657 657 661 661 660 660 659 659 649 649 659 659 646 646 646 646 659 659 658 658 646 646 658 658 438 438 664 664 663 663 665 665 665 665 663 663 662 662 445 445 668 668 307 307 666 666 667 667 669 669 669 669 667 667 307 307 669 669 307 307 668 668 670 670 671 671 447 447 447 447 671 671 667 667 447 447 667 667 666 666 447 447 679 679 446 446 679 679 447 447 666 666 668 668 448 448 669 669 446 446 670 670 447 447 669 669 448 448 666 666 675 675 673 673 674 674 677 677 593 593 676 676 676 676 593 593 778 778 678 678 594 594 677 677 446 446 679 679 680 680 675 675 674 674 684 684 684 684 674 674 681 681 681 681 674 674 676 676 674 674 673 673 677 677 674 674 677 677 676 676 678 678 677 677 673 673 449 449 445 445 318 318 668 668 445 445 449 449 451 451 682 682 673 673 673 673 682 682 678 678 668 668 449 449 672 672 448 448 672 672 684 684 448 448 684 684 666 666 666 666 684 684 679 679 672 672 448 448 668 668 449 449 683 683 672 672 450 450 451 451 675 675 675 675 451 451 673 673 681 681 680 680 684 684 684 684 680 680 679 679 672 672 683 683 450 450 672 672 450 450 675 675 672 672 675 675 684 684 688 688 569 569 563 563 688 688 563 563 692 692 693 693 569 569 688 688 689 689 569 569 693 693 689 689 564 564 569 569 686 686 564 564 689 689 471 471 456 456 692 692 690 690 685 685 695 695 691 691 693 693 690 690 690 690 688 688 685 685 685 685 688 688 692 692 470 470 471 471 692 692 692 692 456 456 685 685 692 692 563 563 470 470 691 691 687 687 689 689 691 691 689 689 693 693 690 690 693 693 688 688 694 694 690 690 695 695 696 696 691 691 694 694 694 694 691 691 690 690 696 696 687 687 691 691 700 700 699 699 338 338 703 703 698 698 697 697 697 697 698 698 694 694 697 697 694 694 701 701 695 695 685 685 702 702 702 702 685 685 456 456 700 700 702 702 699 699 699 699 702 702 456 456 703 703 697 697 706 706 702 702 700 700 701 701 701 701 700 700 704 704 701 701 704 704 697 697 697 697 704 704 706 706 698 698 696 696 694 694 694 694 695 695 701 701 701 701 695 695 702 702 338 338 707 707 704 704 704 704 700 700 338 338 703 703 706 706 710 710 711 711 710 710 712 712 712 712 710 710 706 706 704 704 708 708 709 709 709 709 706 706 704 704 704 704 707 707 708 708 706 706 709 709 705 705 706 706 705 705 712 712 576 576 578 578 713 713 713 713 578 578 956 956 714 714 577 577 576 576 715 715 340 340 577 577 715 715 577 577 714 714 707 707 340 340 715 715 576 576 713 713 714 714 714 714 713 713 709 709 713 713 705 705 709 709 713 713 712 712 705 705 956 956 712 712 713 713 714 714 709 709 708 708 714 714 708 708 715 715 715 715 708 708 707 707 460 460 1015 1015 1017 1017 460 460 716 716 458 458 460 460 1017 1017 716 716 458 458 716 716 717 717 461 461 719 719 463 463 463 463 719 719 1025 1025 462 462 719 719 461 461 462 462 1023 1023 719 719 724 724 723 723 725 725 723 723 726 726 725 725 725 725 726 726 728 728 725 725 728 728 722 722 721 721 725 725 722 722 726 726 731 731 727 727 727 727 1040 1040 728 728 731 731 729 729 727 727 727 727 729 729 1040 1040 467 467 468 468 730 730 730 730 468 468 739 739 730 730 739 739 731 731 730 730 731 731 726 726 723 723 724 724 732 732 732 732 724 724 733 733 729 729 734 734 1040 1040 734 734 729 729 741 741 726 726 727 727 728 728 739 739 720 720 731 731 741 741 729 729 720 720 720 720 729 729 731 731 726 726 723 723 730 730 730 730 723 723 732 732 730 730 732 732 467 467 467 467 732 732 733 733 467 467 733 733 735 735 738 738 565 565 736 736 736 736 565 565 742 742 738 738 740 740 559 559 739 739 559 559 740 740 739 739 560 560 559 559 739 739 740 740 720 720 740 740 741 741 720 720 734 734 741 741 737 737 737 737 741 741 740 740 736 736 737 737 738 738 738 738 737 737 740 740 739 739 468 468 469 469 739 739 469 469 560 560 480 480 515 515 516 516 742 742 561 561 506 506 508 508 875 875 509 509 508 508 545 545 660 660 508 508 660 660 875 875 485 485 561 561 482 482 509 509 875 875 510 510 513 513 777 777 514 514 512 512 786 786 777 777 786 786 512 512 511 511 480 480 481 481 515 515 515 515 481 481 786 786 515 515 786 786 511 511 562 562 482 482 561 561 743 743 483 483 746 746 486 486 506 506 485 485 485 485 506 506 561 561 505 505 523 523 504 504 504 504 523 523 525 525 518 518 480 480 517 517 517 517 480 480 516 516 742 742 506 506 744 744 777 777 513 513 512 512 502 502 526 526 527 527 495 495 531 531 532 532 495 495 493 493 494 494 502 502 503 503 526 526 526 526 503 503 504 504 526 526 504 504 525 525 547 547 545 545 508 508 484 484 483 483 743 743 744 744 506 506 507 507 541 541 546 546 514 514 528 528 498 498 500 500 528 528 500 500 501 501 528 528 501 501 527 527 527 527 501 501 502 502 530 530 499 499 528 528 528 528 499 499 498 498 540 540 506 506 486 486 540 540 486 486 539 539 539 539 486 486 489 489 488 488 538 538 489 489 489 489 538 538 539 539 492 492 493 493 495 495 378 378 495 495 494 494 522 522 505 505 479 479 521 521 478 478 519 519 519 519 478 478 477 477 519 519 477 477 518 518 518 518 477 477 480 480 546 546 547 547 514 514 514 514 547 547 508 508 746 746 483 483 482 482 499 499 530 530 497 497 497 497 530 530 529 529 495 495 532 532 492 492 492 492 532 532 533 533 492 492 533 533 535 535 505 505 522 522 524 524 505 505 524 524 523 523 510 510 875 875 874 874 497 497 529 529 496 496 496 496 529 529 531 531 496 496 531 531 495 495 490 490 534 534 487 487 537 537 488 488 487 487 537 537 487 487 536 536 536 536 487 487 534 534 484 484 743 743 481 481 481 481 743 743 745 745 534 534 490 490 535 535 535 535 490 490 491 491 535 535 491 491 492 492 488 488 537 537 538 538 522 522 479 479 520 520 520 520 479 479 478 478 520 520 478 478 521 521 514 514 775 775 541 541 874 874 744 744 510 510 510 510 744 744 507 507 775 775 514 514 777 777 482 482 686 686 746 746 482 482 562 562 686 686 481 481 745 745 786 786 733 733 748 748 735 735 577 577 749 749 576 576 577 577 340 340 748 748 577 577 748 748 749 749 735 735 748 748 340 340 749 749 578 578 576 576 749 749 748 748 733 733 721 721 749 749 724 724 724 724 749 749 733 733 724 724 725 725 721 721 721 721 747 747 578 578 578 578 749 749 721 721 662 662 663 663 752 752 752 752 663 663 753 753 444 444 662 662 580 580 580 580 662 662 751 751 579 579 750 750 636 636 750 750 579 579 758 758 584 584 751 751 758 758 584 584 580 580 751 751 758 758 759 759 750 750 754 754 633 633 759 759 633 633 636 636 750 750 633 633 750 750 759 759 760 760 759 759 758 758 579 579 584 584 758 758 751 751 662 662 752 752 751 751 752 752 758 758 758 758 752 752 760 760 635 635 633 633 754 754 754 754 759 759 755 755 755 755 759 759 756 756 756 756 759 759 760 760 756 756 760 760 757 757 757 757 760 760 752 752 757 757 752 752 753 753 1022 1022 1023 1023 462 462 465 465 762 762 462 462 462 462 762 762 1022 1022 718 718 1018 1018 764 764 766 766 718 718 764 764 1018 1018 1022 1022 764 764 765 765 763 763 766 766 765 765 766 766 764 764 1022 1022 762 762 764 764 764 764 762 762 765 765 766 766 457 457 458 458 766 766 458 458 717 717 766 766 717 717 718 718 763 763 457 457 766 766 635 635 767 767 634 634 634 634 767 767 1080 1080 768 768 628 628 769 769 591 591 426 426 781 781 600 600 591 591 782 782 783 783 592 592 600 600 784 784 597 597 592 592 777 777 786 786 839 839 605 605 541 541 775 775 787 787 614 614 611 611 787 787 788 788 614 614 614 614 788 788 612 612 769 769 612 612 788 788 769 769 628 628 612 612 620 620 628 628 768 768 810 810 794 794 793 793 796 796 795 795 810 810 800 800 801 801 797 797 800 800 770 770 799 799 803 803 633 633 634 634 804 804 636 636 633 633 423 423 419 419 636 636 805 805 806 806 807 807 808 808 805 805 809 809 810 810 808 808 811 811 591 591 781 781 782 782 782 782 781 781 812 812 812 812 813 813 814 814 814 814 813 813 815 815 814 814 815 815 816 816 816 816 815 815 817 817 816 816 817 817 818 818 818 818 817 817 807 807 818 818 807 807 819 819 819 819 807 807 806 806 779 779 820 820 821 821 821 821 820 820 822 822 821 821 822 822 813 813 813 813 822 822 823 823 813 813 823 823 815 815 815 815 823 823 824 824 815 815 824 824 817 817 817 817 824 824 809 809 817 817 809 809 807 807 807 807 809 809 805 805 813 813 812 812 821 821 821 821 812 812 781 781 821 821 781 781 779 779 779 779 781 781 426 426 779 779 426 426 590 590 820 820 779 779 780 780 780 780 779 779 590 590 780 780 590 590 423 423 636 636 804 804 423 423 423 423 804 804 825 825 423 423 825 825 780 780 780 780 825 825 826 826 780 780 826 826 820 820 820 820 826 826 827 827 820 820 827 827 822 822 822 822 827 827 828 828 822 822 828 828 823 823 823 823 828 828 829 829 823 823 829 829 824 824 824 824 829 829 811 811 824 824 811 811 809 809 809 809 811 811 808 808 810 810 811 811 796 796 796 796 811 811 829 829 796 796 829 829 798 798 798 798 829 829 828 828 798 798 828 828 797 797 797 797 828 828 827 827 797 797 827 827 800 800 800 800 827 827 826 826 800 800 826 826 770 770 770 770 826 826 825 825 770 770 825 825 802 802 802 802 825 825 804 804 802 802 804 804 803 803 803 803 804 804 633 633 830 830 782 782 812 812 830 830 812 812 814 814 831 831 819 819 806 806 831 831 806 806 832 832 832 832 806 806 833 833 833 833 806 806 805 805 833 833 805 805 834 834 834 834 805 805 808 808 834 834 808 808 835 835 835 835 808 808 810 810 835 835 810 810 793 793 835 835 793 793 792 792 774 774 605 605 775 775 604 604 605 605 773 773 773 773 605 605 774 774 836 836 774 774 775 775 836 836 775 775 776 776 837 837 773 773 774 774 837 837 774 774 836 836 776 776 775 775 777 777 603 603 604 604 772 772 772 772 604 604 773 773 772 772 773 773 837 837 838 838 837 837 836 836 838 838 836 836 842 842 842 842 836 836 776 776 745 745 778 778 786 786 786 786 778 778 785 785 786 786 785 785 839 839 777 777 839 839 840 840 777 777 840 840 841 841 777 777 841 841 776 776 776 776 841 841 842 842 837 837 838 838 843 843 837 837 843 843 772 772 603 603 772 772 611 611 785 785 597 597 784 784 785 785 784 784 844 844 841 841 845 845 846 846 841 841 846 846 842 842 842 842 846 846 847 847 842 842 847 847 848 848 849 849 848 848 850 850 849 849 850 850 851 851 787 787 851 851 852 852 787 787 852 852 788 788 788 788 852 852 853 853 788 788 853 853 854 854 788 788 854 854 769 769 769 769 854 854 789 789 769 769 789 789 768 768 784 784 592 592 783 783 784 784 783 783 830 830 784 784 830 830 855 855 846 846 858 858 831 831 846 846 831 831 847 847 847 847 831 831 832 832 847 847 832 832 859 859 850 850 859 859 860 860 850 850 860 860 861 861 861 861 860 860 862 862 861 861 862 862 863 863 863 863 862 862 864 864 863 863 864 864 865 865 865 865 864 864 771 771 865 865 771 771 790 790 790 790 771 771 791 791 844 844 784 784 855 855 844 844 855 855 856 856 844 844 856 856 845 845 845 845 856 856 857 857 845 845 857 857 858 858 845 845 858 858 846 846 848 848 847 847 859 859 848 848 859 859 850 850 851 851 850 850 861 861 851 851 861 861 852 852 852 852 861 861 863 863 852 852 863 863 853 853 853 853 863 863 865 865 853 853 865 865 854 854 854 854 865 865 790 790 854 854 790 790 789 789 778 778 597 597 785 785 839 839 785 785 844 844 839 839 844 844 840 840 840 840 844 844 845 845 840 840 845 845 841 841 842 842 848 848 838 838 838 838 848 848 849 849 838 838 849 849 843 843 843 843 849 849 851 851 843 843 851 851 772 772 772 772 851 851 787 787 772 772 787 787 611 611 783 783 600 600 782 782 783 783 782 782 830 830 855 855 830 830 814 814 855 855 814 814 856 856 856 856 814 814 816 816 856 856 816 816 857 857 857 857 816 816 818 818 857 857 818 818 858 858 858 858 818 818 819 819 858 858 819 819 831 831 859 859 832 832 833 833 859 859 833 833 860 860 860 860 833 833 834 834 860 860 834 834 862 862 862 862 834 834 835 835 862 862 835 835 864 864 864 864 835 835 792 792 864 864 792 792 771 771 873 873 872 872 876 876 877 877 879 879 873 873 873 873 879 879 878 878 873 873 878 878 872 872 879 879 877 877 880 880 880 880 877 877 881 881 880 880 881 881 882 882 880 880 882 882 883 883 871 871 883 883 882 882 871 871 884 884 883 883 885 885 886 886 911 911 910 910 887 887 885 885 889 889 890 890 640 640 889 889 640 640 433 433 891 891 654 654 890 890 890 890 654 654 640 640 892 892 653 653 891 891 891 891 653 653 654 654 893 893 644 644 892 892 892 892 644 644 653 653 894 894 644 644 893 893 869 869 870 870 895 895 895 895 870 870 896 896 895 895 896 896 897 897 897 897 896 896 898 898 897 897 898 898 899 899 899 899 898 898 900 900 900 900 898 898 901 901 900 900 901 901 902 902 902 902 901 901 903 903 902 902 903 903 904 904 867 867 868 868 869 869 867 867 869 869 905 905 905 905 869 869 895 895 905 905 895 895 906 906 906 906 895 895 897 897 906 906 897 897 899 899 906 906 899 899 907 907 907 907 899 899 900 900 907 907 900 900 908 908 908 908 900 900 902 902 908 908 902 902 909 909 909 909 902 902 904 904 909 909 904 904 875 875 889 889 866 866 890 890 890 890 866 866 867 867 890 890 867 867 905 905 890 890 905 905 891 891 891 891 905 905 906 906 891 891 906 906 892 892 892 892 906 906 893 893 893 893 906 906 907 907 893 893 907 907 894 894 894 894 907 907 908 908 894 894 908 908 651 651 651 651 908 908 909 909 651 651 909 909 661 661 661 661 909 909 660 660 660 660 909 909 875 875 867 867 866 866 868 868 869 869 868 868 888 888 869 869 888 888 870 870 910 910 885 885 911 911 910 910 911 911 912 912 912 912 911 911 913 913 912 912 913 913 915 915 915 915 913 913 914 914 915 915 914 914 916 916 916 916 914 914 917 917 916 916 917 917 918 918 875 875 919 919 874 874 911 911 886 886 871 871 911 911 871 871 882 882 911 911 882 882 913 913 913 913 882 882 881 881 913 913 881 881 914 914 914 914 881 881 877 877 914 914 877 877 917 917 917 917 877 877 873 873 917 917 873 873 918 918 918 918 873 873 876 876 918 918 876 876 919 919 919 919 876 876 874 874 888 888 887 887 910 910 888 888 910 910 870 870 870 870 910 910 896 896 896 896 910 910 912 912 896 896 912 912 898 898 898 898 912 912 915 915 898 898 915 915 901 901 901 901 915 915 916 916 901 901 916 916 903 903 903 903 916 916 918 918 903 903 918 918 904 904 904 904 918 918 919 919 904 904 919 919 875 875 924 924 710 710 711 711 925 925 710 710 924 924 925 925 703 703 710 710 926 926 698 698 925 925 925 925 698 698 703 703 927 927 696 696 698 698 927 927 698 698 926 926 746 746 921 921 743 743 743 743 921 921 930 930 743 743 930 930 745 745 745 745 930 930 931 931 931 931 778 778 745 745 676 676 778 778 931 931 681 681 676 676 933 933 936 936 670 670 446 446 665 665 662 662 938 938 665 665 939 939 664 664 942 942 940 940 939 939 946 946 944 944 943 943 676 676 931 931 932 932 932 932 931 931 930 930 957 957 930 930 921 921 957 957 921 921 958 958 958 958 921 921 922 922 922 922 921 921 746 746 959 959 960 960 961 961 960 960 962 962 963 963 962 962 964 964 965 965 948 948 920 920 964 964 959 959 961 961 966 966 966 966 961 961 967 967 966 966 967 967 968 968 968 968 967 967 969 969 968 968 969 969 970 970 970 970 969 969 971 971 970 970 971 971 972 972 972 972 971 971 973 973 935 935 446 446 680 680 960 960 963 963 961 961 961 961 963 963 974 974 961 961 974 974 967 967 967 967 974 974 975 975 967 967 975 975 969 969 969 969 975 975 976 976 969 969 976 976 971 971 971 971 976 976 977 977 971 971 977 977 978 978 978 978 977 977 936 936 446 446 935 935 936 936 936 936 935 935 973 973 936 936 973 973 978 978 978 978 973 973 971 971 670 670 936 936 937 937 937 937 936 936 977 977 962 962 965 965 963 963 963 963 965 965 979 979 963 963 979 979 974 974 974 974 979 979 980 980 974 974 980 980 975 975 975 975 980 980 981 981 975 975 981 981 976 976 976 976 981 981 982 982 976 976 982 982 977 977 977 977 982 982 983 983 977 977 983 983 937 937 937 937 983 983 938 938 937 937 938 938 670 670 670 670 938 938 662 662 670 670 662 662 444 444 964 964 920 920 965 965 965 965 920 920 945 945 965 965 945 945 979 979 979 979 945 945 946 946 979 979 946 946 980 980 980 980 946 946 943 943 980 980 943 943 981 981 981 981 943 943 941 941 981 981 941 941 982 982 982 982 941 941 942 942 982 982 942 942 983 983 983 983 942 942 939 939 983 983 939 939 938 938 938 938 939 939 665 665 954 954 955 955 711 711 711 711 955 955 924 924 687 687 696 696 927 927 984 984 927 927 926 926 984 984 926 926 985 985 985 985 926 926 925 925 985 985 925 925 986 986 986 986 925 925 924 924 986 986 924 924 987 987 987 987 924 924 955 955 987 987 955 955 953 953 989 989 988 988 957 957 989 989 957 957 990 990 990 990 957 957 991 991 991 991 957 957 958 958 991 991 958 958 992 992 992 992 958 958 993 993 993 993 922 922 929 929 929 929 922 922 746 746 929 929 746 746 686 686 994 994 928 928 984 984 994 994 984 984 995 995 996 996 995 995 997 997 996 996 997 997 998 998 998 998 997 997 999 999 998 998 999 999 1000 1000 1000 1000 999 999 1001 1001 1000 1000 1001 1001 1002 1002 1002 1002 1001 1001 952 952 1002 1002 952 952 950 950 680 680 681 681 934 934 972 972 1003 1003 1004 1004 972 972 1004 1004 970 970 970 970 1004 1004 989 989 970 970 989 989 968 968 968 968 989 989 990 990 968 968 990 990 966 966 966 966 990 990 991 991 966 966 991 991 959 959 959 959 991 991 992 992 959 959 992 992 1005 1005 1006 1006 1005 1005 993 993 1006 1006 993 993 1007 1007 1007 1007 923 923 994 994 1007 1007 994 994 1008 1008 1006 1006 1008 1008 996 996 1006 1006 996 996 1009 1009 959 959 1009 1009 1010 1010 959 959 1010 1010 960 960 960 960 1010 1010 1011 1011 960 960 1011 1011 962 962 962 962 1011 1011 1012 1012 962 962 1012 1012 964 964 964 964 1012 1012 949 949 964 964 949 949 948 948 948 948 949 949 947 947 934 934 681 681 933 933 934 934 933 933 1003 1003 1003 1003 933 933 988 988 1003 1003 988 988 1004 1004 1004 1004 988 988 989 989 1005 1005 992 992 993 993 1007 1007 993 993 929 929 689 689 687 687 923 923 923 923 687 687 928 928 923 923 928 928 994 994 1008 1008 994 994 995 995 1008 1008 995 995 996 996 1009 1009 996 996 998 998 1009 1009 998 998 1010 1010 1010 1010 998 998 1000 1000 1010 1010 1000 1000 1011 1011 1011 1011 1000 1000 1002 1002 1011 1011 1002 1002 1012 1012 1012 1012 1002 1002 950 950 1012 1012 950 950 949 949 933 933 676 676 932 932 933 933 932 932 988 988 988 988 932 932 930 930 988 988 930 930 957 957 993 993 958 958 922 922 928 928 687 687 927 927 928 928 927 927 984 984 995 995 984 984 985 985 995 995 985 985 997 997 997 997 985 985 986 986 997 997 986 986 999 999 999 999 986 986 987 987 999 999 987 987 1001 1001 1001 1001 987 987 953 953 1001 1001 953 953 952 952 952 952 953 953 951 951 686 686 689 689 929 929 929 929 689 689 923 923 929 929 923 923 1007 1007 1007 1007 1008 1008 1006 1006 1005 1005 1006 1006 1009 1009 1005 1005 1009 1009 959 959 1003 1003 972 972 973 973 1003 1003 973 973 934 934 934 934 973 973 935 935 934 934 935 935 680 680 1083 1083 1013 1013 664 664 664 664 1013 1013 663 663 1014 1014 1017 1017 1015 1015 1014 1014 1015 1015 761 761 716 716 1016 1016 717 717 1018 1018 718 718 1019 1019 1020 1020 1021 1021 1022 1022 1022 1022 1021 1021 1023 1023 1016 1016 1019 1019 717 717 717 717 1019 1019 718 718 1022 1022 1018 1018 1020 1020 1021 1021 1024 1024 719 719 719 719 1024 1024 1025 1025 719 719 1023 1023 1021 1021 1024 1024 1026 1026 1025 1025 1025 1025 1026 1026 1027 1027 1025 1025 1027 1027 463 463 1055 1055 1029 1029 1030 1030 742 742 744 744 1032 1032 883 883 1035 1035 1036 1036 1035 1035 883 883 884 884 1037 1037 880 880 1036 1036 1036 1036 880 880 883 883 880 880 1037 1037 879 879 879 879 1037 1037 1038 1038 879 879 1038 1038 878 878 878 878 1038 1038 872 872 872 872 1038 1038 1039 1039 1034 1034 876 876 1039 1039 1039 1039 876 876 872 872 1034 1034 744 744 874 874 1034 1034 874 874 876 876 728 728 1040 1040 1041 1041 728 728 1041 1041 722 722 722 722 1041 1041 1042 1042 722 722 1042 1042 721 721 1028 1028 747 747 1042 1042 1042 1042 747 747 721 721 1043 1043 578 578 747 747 1032 1032 744 744 1033 1033 1032 1032 1033 1033 1049 1049 1050 1050 1049 1049 1051 1051 1050 1050 1051 1051 1052 1052 1052 1052 1051 1051 1053 1053 1052 1052 1053 1053 1054 1054 1054 1054 1053 1053 1055 1055 1054 1054 1055 1055 1030 1030 1056 1056 1029 1029 1047 1047 1057 1057 1030 1030 1056 1056 1056 1056 1030 1030 1029 1029 1058 1058 1032 1032 1049 1049 1058 1058 1049 1049 1059 1059 1059 1059 1049 1049 1050 1050 1059 1059 1050 1050 1060 1060 1060 1060 1050 1050 1052 1052 1060 1060 1052 1052 1061 1061 1061 1061 1052 1052 1054 1054 1061 1061 1054 1054 1062 1062 1062 1062 1054 1054 1030 1030 736 736 742 742 1032 1032 736 736 1032 1032 737 737 737 737 1032 1032 1058 1058 737 737 1058 1058 734 734 734 734 1058 1058 1059 1059 734 734 1059 1059 1040 1040 1040 1040 1059 1059 1060 1060 1040 1040 1060 1060 1041 1041 1041 1041 1060 1060 1061 1061 1041 1041 1061 1061 1062 1062 1041 1041 1062 1062 1042 1042 1042 1042 1062 1062 1028 1028 1062 1062 1030 1030 1057 1057 1062 1062 1057 1057 1028 1028 1047 1047 1046 1046 1056 1056 1056 1056 1046 1046 1045 1045 1056 1056 1045 1045 1057 1057 1057 1057 1045 1045 1044 1044 1057 1057 1044 1044 1028 1028 1028 1028 1044 1044 1043 1043 1028 1028 1043 1043 747 747 1063 1063 1031 1031 1064 1064 1063 1063 1064 1064 1065 1065 1065 1065 1064 1064 1066 1066 1065 1065 1066 1066 1067 1067 1067 1067 1066 1066 1068 1068 1067 1067 1068 1068 1069 1069 1069 1069 1068 1068 1070 1070 1069 1069 1070 1070 1071 1071 1071 1071 1070 1070 1072 1072 1071 1071 1072 1072 1073 1073 1034 1034 1073 1073 1033 1033 1034 1034 1033 1033 744 744 1035 1035 1063 1063 1036 1036 1036 1036 1063 1063 1065 1065 1036 1036 1065 1065 1037 1037 1037 1037 1065 1065 1067 1067 1037 1037 1067 1067 1038 1038 1038 1038 1067 1067 1069 1069 1038 1038 1069 1069 1039 1039 1039 1039 1069 1069 1071 1071 1039 1039 1071 1071 1034 1034 1034 1034 1071 1071 1073 1073 1031 1031 1048 1048 1047 1047 1031 1031 1047 1047 1064 1064 1064 1064 1047 1047 1029 1029 1064 1064 1029 1029 1066 1066 1066 1066 1029 1029 1055 1055 1066 1066 1055 1055 1068 1068 1068 1068 1055 1055 1070 1070 1070 1070 1055 1055 1053 1053 1070 1070 1053 1053 1072 1072 1072 1072 1053 1053 1051 1051 1072 1072 1051 1051 1073 1073 1073 1073 1051 1051 1049 1049 1073 1073 1049 1049 1033 1033 753 753 663 663 1013 1013 757 757 753 753 1169 1169 1169 1169 753 753 1013 1013 757 757 1169 1169 1074 1074 757 757 1074 1074 756 756 756 756 1074 1074 1075 1075 756 756 1075 1075 755 755 1076 1076 755 755 1075 1075 1077 1077 1078 1078 754 754 755 755 1076 1076 1077 1077 755 755 1077 1077 754 754 754 754 1078 1078 635 635 635 635 1078 1078 767 767 761 761 1085 1085 1014 1014 460 460 1087 1087 1015 1015 1015 1015 1087 1087 761 761 460 460 459 459 1087 1087 1087 1087 459 459 1088 1088 1088 1088 459 459 1089 1089 1089 1089 459 459 457 457 465 465 1090 1090 762 762 1091 1091 763 763 765 765 1090 1090 1092 1092 762 762 762 762 1092 1092 765 765 765 765 1092 1092 1091 1091 763 763 1091 1091 1093 1093 763 763 1093 1093 457 457 457 457 1093 1093 1089 1089 1026 1026 1094 1094 1027 1027 465 465 466 466 1090 1090 1090 1090 466 466 1095 1095 466 466 464 464 1095 1095 1095 1095 464 464 1096 1096 1096 1096 464 464 461 461 461 461 463 463 1096 1096 1096 1096 463 463 1027 1027 578 578 1100 1100 956 956 1100 1100 1101 1101 956 956 956 956 1101 1101 1226 1226 956 956 1226 1226 712 712 1230 1230 954 954 711 711 1230 1230 711 711 1226 1226 1226 1226 711 711 712 712 954 954 1230 1230 1102 1102 954 954 1102 1102 955 955 955 955 1102 1102 1227 1227 955 955 1227 1227 953 953 1219 1219 951 951 953 953 953 953 1227 1227 1219 1219 1205 1205 950 950 952 952 1205 1205 952 952 1103 1103 1103 1103 952 952 1219 1219 1219 1219 952 952 951 951 1199 1199 948 948 1105 1105 1205 1205 1104 1104 950 950 950 950 1104 1104 949 949 949 949 1104 1104 1186 1186 949 949 1186 1186 947 947 947 947 1186 1186 1105 1105 947 947 1105 1105 948 948 1199 1199 920 920 948 948 1199 1199 1106 1106 920 920 920 920 1106 1106 945 945 945 945 1106 1106 1107 1107 945 945 1107 1107 1094 1094 1026 1026 1024 1024 1094 1094 1094 1094 1024 1024 945 945 945 945 1024 1024 1021 1021 945 945 1021 1021 946 946 946 946 1021 1021 1020 1020 946 946 1020 1020 944 944 944 944 1020 1020 943 943 943 943 1020 1020 1018 1018 943 943 1018 1018 941 941 941 941 1018 1018 1019 1019 941 941 1019 1019 1016 1016 941 941 1016 1016 942 942 942 942 1016 1016 940 940 940 940 1016 1016 716 716 716 716 1017 1017 940 940 1083 1083 664 664 939 939 1017 1017 1014 1014 940 940 940 940 1014 1014 1108 1108 940 940 1108 1108 939 939 939 939 1108 1108 1083 1083 578 578 1043 1043 1100 1100 1100 1100 1043 1043 1109 1109 1109 1109 1043 1043 1044 1044 1109 1109 1044 1044 1229 1229 1229 1229 1044 1044 1045 1045 1229 1229 1045 1045 1231 1231 1231 1231 1045 1045 1046 1046 1231 1231 1046 1046 1110 1110 1110 1110 1046 1046 1047 1047 1110 1110 1047 1047 1111 1111 1111 1111 1047 1047 1048 1048 871 871 1112 1112 1113 1113 871 871 1113 1113 884 884 884 884 1113 1113 1035 1035 1035 1035 1113 1113 1114 1114 1035 1035 1114 1114 1228 1228 1035 1035 1228 1228 1063 1063 1063 1063 1228 1228 1031 1031 1031 1031 1228 1228 1115 1115 1031 1031 1115 1115 1048 1048 1048 1048 1115 1115 1111 1111 885 885 1116 1116 886 886 886 886 1116 1116 1117 1117 886 886 1117 1117 871 871 871 871 1117 1117 1112 1112 1116 1116 885 885 887 887 1116 1116 887 887 1208 1208 1208 1208 887 887 888 888 1208 1208 888 888 1209 1209 1209 1209 888 888 868 868 1209 1209 868 868 1118 1118 1118 1118 868 868 1119 1119 1119 1119 868 868 866 866 1119 1119 866 866 1120 1120 1120 1120 866 866 889 889 1120 1120 889 889 1121 1121 1121 1121 889 889 433 433 1121 1121 433 433 1122 1122 1122 1122 433 433 432 432 1122 1122 432 432 1125 1125 1125 1125 432 432 632 632 1123 1123 1124 1124 620 620 620 620 1124 1124 632 632 632 632 1124 1124 1125 1125 1236 1236 1123 1123 620 620 620 620 768 768 1236 1236 1236 1236 768 768 789 789 1236 1236 789 789 1126 1126 1126 1126 789 789 790 790 1126 1126 790 790 1240 1240 1240 1240 790 790 791 791 1240 1240 791 791 1127 1127 1127 1127 791 791 771 771 793 793 1128 1128 1129 1129 793 793 1129 1129 792 792 792 792 1129 1129 1137 1137 792 792 1137 1137 771 771 771 771 1137 1137 1127 1127 794 794 1128 1128 793 793 794 794 1130 1130 1128 1128 1130 1130 794 794 810 810 1130 1130 810 810 1159 1159 1159 1159 810 810 795 795 1159 1159 795 795 1132 1132 796 796 1132 1132 795 795 798 798 1134 1134 1131 1131 798 798 1131 1131 1158 1158 798 798 1158 1158 796 796 796 796 1158 1158 1132 1132 801 801 1133 1133 1134 1134 801 801 1134 1134 797 797 797 797 1134 1134 798 798 1133 1133 801 801 800 800 1133 1133 800 800 799 799 1133 1133 799 799 1135 1135 1161 1161 1160 1160 770 770 770 770 1160 1160 799 799 799 799 1160 1160 1135 1135 1161 1161 770 770 802 802 1141 1141 1136 1136 802 802 802 802 1136 1136 1161 1161 1141 1141 802 802 803 803 803 803 634 634 1141 1141 1141 1141 634 634 1080 1080 1296 1296 1140 1140 1079 1079 1140 1140 1080 1080 1168 1168 1155 1155 1139 1139 1335 1335 1139 1139 1155 1155 1302 1302 1153 1153 1301 1301 1302 1302 1150 1150 1326 1326 1143 1143 1326 1326 1150 1150 1330 1330 1330 1330 1150 1150 1144 1144 1144 1144 1336 1336 1330 1330 1336 1336 1144 1144 1337 1337 1337 1337 1144 1144 1148 1148 1148 1148 1145 1145 1337 1337 1140 1140 1296 1296 1145 1145 1129 1129 1155 1155 1156 1156 1129 1129 1156 1156 1138 1138 1142 1142 1152 1152 1151 1151 1142 1142 1151 1151 1143 1143 1143 1143 1151 1151 1164 1164 1143 1143 1164 1164 1150 1150 1144 1144 1150 1150 1162 1162 1144 1144 1162 1162 1149 1149 1144 1144 1149 1149 1148 1148 1079 1079 1140 1140 1168 1168 1335 1335 1156 1156 1155 1155 1302 1302 1155 1155 1154 1154 1302 1302 1154 1154 1153 1153 1301 1301 1153 1153 1152 1152 1301 1301 1152 1152 1142 1142 1145 1145 1148 1148 1147 1147 1145 1145 1147 1147 1146 1146 1145 1145 1146 1146 1140 1140 1138 1138 1156 1156 1335 1335 1138 1138 1335 1335 1334 1334 1165 1165 1159 1159 1132 1132 1165 1165 1132 1132 1158 1158 1164 1164 1158 1158 1131 1131 1164 1164 1131 1131 1163 1163 1163 1163 1131 1131 1134 1134 1163 1163 1134 1134 1162 1162 1162 1162 1134 1134 1133 1133 1162 1162 1133 1133 1135 1135 1157 1157 1138 1138 1166 1166 1166 1166 1138 1138 1334 1334 1166 1166 1334 1334 1325 1325 1137 1137 1157 1157 1127 1127 1138 1138 1157 1157 1137 1137 1138 1138 1137 1137 1129 1129 1155 1155 1129 1129 1128 1128 1155 1155 1128 1128 1154 1154 1154 1154 1128 1128 1130 1130 1154 1154 1130 1130 1153 1153 1153 1153 1130 1130 1159 1159 1153 1153 1159 1159 1152 1152 1152 1152 1159 1159 1165 1165 1152 1152 1165 1165 1151 1151 1151 1151 1165 1165 1158 1158 1151 1151 1158 1158 1164 1164 1150 1150 1164 1164 1163 1163 1150 1150 1163 1163 1162 1162 1149 1149 1162 1162 1135 1135 1149 1149 1135 1135 1148 1148 1148 1148 1135 1135 1160 1160 1148 1148 1160 1160 1147 1147 1147 1147 1160 1160 1161 1161 1147 1147 1161 1161 1146 1146 1146 1146 1161 1161 1136 1136 1146 1146 1136 1136 1140 1140 1140 1140 1136 1136 1141 1141 1140 1140 1141 1141 1080 1080 1079 1079 1172 1172 1167 1167 1169 1169 1083 1083 1081 1081 1168 1168 1080 1080 1170 1170 1170 1170 1080 1080 767 767 1170 1170 1078 1078 1077 1077 1081 1081 1171 1171 1169 1169 1169 1169 1171 1171 1074 1074 1075 1075 1172 1172 1076 1076 1171 1171 1081 1081 1082 1082 1171 1171 1082 1082 1084 1084 1084 1084 1172 1172 1171 1171 1171 1171 1172 1172 1075 1075 1171 1171 1075 1075 1074 1074 1083 1083 1169 1169 1013 1013 1078 1078 1170 1170 767 767 1076 1076 1172 1172 1079 1079 1170 1170 1077 1077 1076 1076 1170 1170 1076 1076 1168 1168 1168 1168 1076 1076 1079 1079 1167 1167 1172 1172 1084 1084 1173 1173 1081 1081 1108 1108 1108 1108 1081 1081 1083 1083 1173 1173 1082 1082 1081 1081 1173 1173 1084 1084 1082 1082 1173 1173 1085 1085 1086 1086 1108 1108 1085 1085 1173 1173 1108 1108 1014 1014 1085 1085 1088 1088 1085 1085 1087 1087 1085 1085 761 761 1087 1087 1089 1089 1174 1174 1176 1176 1089 1089 1176 1176 1088 1088 1176 1176 1174 1174 1175 1175 1176 1176 1086 1086 1085 1085 1175 1175 1086 1086 1176 1176 1176 1176 1085 1085 1088 1088 1178 1178 1179 1179 1180 1180 1293 1293 1181 1181 1091 1091 1177 1177 1185 1185 1178 1178 1185 1185 1177 1177 1092 1092 1091 1091 1181 1181 1093 1093 1293 1293 1182 1182 1181 1181 1180 1180 1177 1177 1178 1178 1182 1182 1174 1174 1181 1181 1091 1091 1092 1092 1177 1177 1091 1091 1177 1177 1293 1293 1293 1293 1177 1177 1180 1180 1181 1181 1174 1174 1089 1089 1181 1181 1089 1089 1093 1093 1090 1090 1185 1185 1092 1092 1094 1094 1096 1096 1027 1027 1090 1090 1095 1095 1185 1185 1095 1095 1096 1096 1184 1184 1184 1184 1096 1096 1094 1094 1184 1184 1094 1094 1099 1099 1184 1184 1099 1099 1183 1183 1183 1183 1098 1098 1097 1097 1184 1184 1183 1183 1185 1185 1099 1099 1098 1098 1183 1183 1183 1183 1097 1097 1178 1178 1178 1178 1185 1185 1183 1183 1184 1184 1185 1185 1095 1095 1094 1094 1107 1107 1099 1099 1190 1190 1099 1099 1107 1107 1190 1190 1098 1098 1099 1099 1189 1189 1097 1097 1098 1098 1192 1192 1191 1191 1189 1189 1189 1189 1191 1191 1291 1291 1192 1192 1188 1188 1191 1191 1194 1194 1195 1195 1196 1196 1197 1197 1342 1342 1196 1196 1197 1197 1196 1196 1195 1195 1342 1342 1197 1197 1187 1187 1342 1342 1187 1187 1198 1198 1189 1189 1098 1098 1190 1190 1189 1189 1190 1190 1192 1192 1097 1097 1189 1189 1291 1291 1105 1105 1200 1200 1199 1199 1205 1205 1197 1197 1195 1195 1205 1205 1195 1195 1201 1201 1201 1201 1195 1195 1202 1202 1201 1201 1202 1202 1207 1207 1207 1207 1202 1202 1203 1203 1207 1207 1203 1203 1200 1200 1200 1200 1203 1203 1204 1204 1200 1200 1204 1204 1199 1199 1107 1107 1106 1106 1190 1190 1190 1190 1106 1106 1192 1192 1192 1192 1106 1106 1204 1204 1192 1192 1204 1204 1188 1188 1188 1188 1204 1204 1203 1203 1188 1188 1203 1203 1193 1193 1193 1193 1203 1203 1202 1202 1193 1193 1202 1202 1194 1194 1194 1194 1202 1202 1195 1195 1204 1204 1106 1106 1199 1199 1205 1205 1103 1103 1206 1206 1205 1205 1206 1206 1197 1197 1205 1205 1201 1201 1104 1104 1186 1186 1104 1104 1207 1207 1207 1207 1104 1104 1201 1201 1105 1105 1186 1186 1200 1200 1200 1200 1186 1186 1207 1207 1197 1197 1206 1206 1187 1187 1235 1235 1157 1157 1166 1166 1112 1112 1117 1117 1210 1210 1123 1123 1211 1211 1212 1212 1124 1124 1212 1212 1213 1213 1121 1121 1214 1214 1215 1215 1237 1237 1215 1215 1216 1216 1206 1206 1103 1103 1219 1219 1225 1225 1284 1284 1226 1226 1226 1226 1284 1284 1283 1283 1282 1282 1272 1272 1227 1227 1227 1227 1272 1272 1270 1270 1227 1227 1270 1270 1219 1219 1219 1219 1270 1270 1206 1206 1222 1222 1223 1223 1229 1229 1229 1229 1223 1223 1224 1224 1229 1229 1224 1224 1109 1109 1109 1109 1224 1224 1285 1285 1109 1109 1285 1285 1100 1100 1100 1100 1285 1285 1225 1225 1100 1100 1225 1225 1101 1101 1101 1101 1225 1225 1226 1226 1226 1226 1283 1283 1230 1230 1230 1230 1283 1283 1282 1282 1230 1230 1282 1282 1102 1102 1102 1102 1282 1282 1227 1227 1110 1110 1222 1222 1231 1231 1231 1231 1222 1222 1229 1229 1233 1233 1211 1211 1236 1236 1236 1236 1211 1211 1123 1123 1234 1234 1233 1233 1126 1126 1126 1126 1233 1233 1236 1236 1117 1117 1116 1116 1210 1210 1210 1210 1116 1116 1217 1217 1237 1237 1238 1238 1119 1119 1209 1209 1118 1118 1238 1238 1238 1238 1118 1118 1119 1119 1116 1116 1208 1208 1217 1217 1122 1122 1239 1239 1121 1121 1238 1238 1237 1237 1216 1216 1238 1238 1216 1216 1232 1232 1240 1240 1234 1234 1126 1126 1232 1232 1218 1218 1209 1209 1232 1232 1209 1209 1238 1238 1213 1213 1125 1125 1124 1124 1122 1122 1125 1125 1239 1239 1239 1239 1125 1125 1213 1213 1214 1214 1121 1121 1239 1239 1215 1215 1237 1237 1121 1121 1119 1119 1120 1120 1237 1237 1218 1218 1217 1217 1208 1208 1218 1218 1208 1208 1209 1209 1121 1121 1237 1237 1120 1120 1157 1157 1240 1240 1127 1127 1241 1241 1242 1242 1243 1243 1244 1244 1250 1250 1245 1245 1244 1244 1245 1245 1246 1246 1246 1246 1245 1245 1247 1247 1249 1249 1248 1248 1250 1250 1249 1249 1250 1250 1244 1244 1248 1248 1249 1249 1251 1251 1253 1253 1252 1252 1254 1254 1254 1254 1252 1252 1251 1251 1252 1252 1253 1253 1255 1255 1252 1252 1255 1255 1260 1260 1110 1110 1111 1111 1287 1287 1287 1287 1111 1111 1115 1115 1287 1287 1115 1115 1286 1286 1286 1286 1115 1115 1228 1228 1228 1228 1114 1114 1256 1256 1256 1256 1114 1114 1257 1257 1256 1256 1257 1257 1242 1242 1242 1242 1257 1257 1258 1258 1249 1249 1244 1244 1218 1218 1249 1249 1218 1218 1251 1251 1251 1251 1218 1218 1232 1232 1251 1251 1232 1232 1254 1254 1259 1259 1264 1264 1260 1260 1259 1259 1260 1260 1255 1255 1261 1261 1379 1379 1262 1262 1261 1261 1262 1262 1263 1263 1263 1263 1262 1262 1264 1264 1263 1263 1264 1264 1259 1259 1379 1379 1261 1261 1265 1265 1379 1379 1265 1265 1267 1267 1266 1266 1267 1267 1265 1265 1325 1325 1235 1235 1166 1166 1268 1268 1235 1235 1325 1325 1216 1216 1215 1215 1253 1253 1253 1253 1215 1215 1214 1214 1253 1253 1214 1214 1255 1255 1255 1255 1214 1214 1239 1239 1255 1255 1239 1239 1259 1259 1259 1259 1239 1239 1213 1213 1259 1259 1213 1213 1263 1263 1263 1263 1213 1213 1212 1212 1263 1263 1212 1212 1261 1261 1261 1261 1212 1212 1211 1211 1261 1261 1211 1211 1265 1265 1265 1265 1211 1211 1233 1233 1232 1232 1216 1216 1254 1254 1254 1254 1216 1216 1253 1253 1265 1265 1233 1233 1266 1266 1266 1266 1233 1233 1234 1234 1266 1266 1234 1234 1268 1268 1268 1268 1234 1234 1235 1235 1198 1198 1187 1187 1269 1269 1269 1269 1187 1187 1270 1270 1271 1271 1272 1272 1273 1273 1272 1272 1271 1271 1269 1269 1272 1272 1269 1269 1270 1270 1275 1275 1424 1424 1396 1396 1276 1276 1409 1409 1275 1275 1275 1275 1409 1409 1424 1424 1408 1408 1277 1277 1278 1278 1277 1277 1408 1408 1276 1276 1276 1276 1408 1408 1409 1409 1407 1407 1279 1279 1280 1280 1279 1279 1407 1407 1278 1278 1242 1242 1241 1241 1405 1405 1272 1272 1282 1282 1273 1273 1273 1273 1282 1282 1283 1283 1222 1222 1276 1276 1223 1223 1223 1223 1276 1276 1275 1275 1220 1220 1280 1280 1286 1286 1286 1286 1280 1280 1287 1287 1287 1287 1280 1280 1279 1279 1287 1287 1279 1279 1221 1221 1221 1221 1279 1279 1278 1278 1221 1221 1278 1278 1222 1222 1222 1222 1278 1278 1277 1277 1222 1222 1277 1277 1276 1276 1223 1223 1275 1275 1224 1224 1224 1224 1275 1275 1285 1285 1270 1270 1187 1187 1206 1206 1395 1395 1273 1273 1283 1283 1395 1395 1283 1283 1274 1274 1274 1274 1283 1283 1284 1284 1274 1274 1284 1284 1410 1410 1410 1410 1284 1284 1225 1225 1410 1410 1225 1225 1396 1396 1396 1396 1225 1225 1285 1285 1396 1396 1285 1285 1275 1275 1281 1281 1280 1280 1220 1220 1281 1281 1220 1220 1405 1405 1405 1405 1220 1220 1256 1256 1405 1405 1256 1256 1242 1242 1212 1212 1124 1124 1123 1123 1114 1114 1113 1113 1257 1257 1257 1257 1113 1113 1112 1112 1234 1234 1240 1240 1235 1235 1235 1235 1240 1240 1157 1157 1257 1257 1112 1112 1258 1258 1258 1258 1112 1112 1210 1210 1258 1258 1210 1210 1246 1246 1246 1246 1210 1210 1217 1217 1246 1246 1217 1217 1244 1244 1244 1244 1217 1217 1218 1218 1246 1246 1247 1247 1243 1243 1246 1246 1243 1243 1258 1258 1258 1258 1243 1243 1242 1242 1256 1256 1220 1220 1228 1228 1228 1228 1220 1220 1286 1286 1287 1287 1221 1221 1110 1110 1110 1110 1221 1221 1222 1222 1097 1097 1292 1292 1178 1178 1292 1292 1179 1179 1178 1178 1175 1175 1174 1174 1182 1182 1086 1086 1175 1175 1294 1294 1173 1173 1086 1086 1294 1294 1173 1173 1294 1294 1295 1295 1167 1167 1084 1084 1295 1295 1295 1295 1084 1084 1173 1173 1296 1296 1079 1079 1167 1167 1145 1145 1296 1296 1297 1297 1337 1337 1145 1145 1298 1298 1298 1298 1145 1145 1297 1297 1299 1299 1301 1301 1142 1142 1300 1300 1299 1299 1142 1142 1315 1315 1316 1316 1346 1346 1444 1444 1317 1317 1319 1319 1320 1320 1446 1446 1321 1321 1446 1446 1322 1322 1324 1324 1341 1341 1323 1323 1324 1324 1345 1345 1188 1188 1193 1193 1292 1292 1097 1097 1291 1291 1143 1143 1326 1326 1300 1300 1143 1143 1300 1300 1142 1142 1305 1305 1328 1328 1327 1327 1305 1305 1327 1327 1306 1306 1306 1306 1327 1327 1326 1326 1306 1306 1326 1326 1307 1307 1328 1328 1329 1329 1299 1299 1328 1328 1299 1299 1327 1327 1329 1329 1431 1431 1331 1331 1329 1329 1331 1331 1299 1299 1431 1431 1304 1304 1332 1332 1431 1431 1332 1332 1331 1331 1288 1288 1333 1333 1334 1334 1288 1288 1334 1334 1303 1303 1303 1303 1334 1334 1335 1335 1303 1303 1335 1335 1139 1139 1333 1333 1325 1325 1334 1334 1332 1332 1139 1139 1302 1302 1332 1332 1302 1302 1331 1331 1304 1304 1303 1303 1139 1139 1304 1304 1139 1139 1332 1332 1327 1327 1299 1299 1300 1300 1327 1327 1300 1300 1326 1326 1338 1338 1297 1297 1296 1296 1338 1338 1296 1296 1339 1339 1345 1345 1191 1191 1188 1188 1322 1322 1446 1446 1320 1320 1341 1341 1324 1324 1322 1322 1342 1342 1198 1198 1289 1289 1289 1289 1198 1198 1348 1348 1323 1323 1341 1341 1344 1344 1343 1343 1323 1323 1344 1344 1290 1290 1343 1343 1196 1196 1289 1289 1290 1290 1342 1342 1342 1342 1290 1290 1196 1196 1191 1191 1345 1345 1322 1322 1191 1191 1322 1322 1320 1320 1292 1292 1320 1320 1321 1321 1292 1292 1321 1321 1317 1317 1318 1318 1317 1317 1444 1444 1321 1321 1319 1319 1317 1317 1341 1341 1322 1322 1345 1345 1341 1341 1345 1345 1344 1344 1307 1307 1326 1326 1330 1330 1307 1307 1330 1330 1308 1308 1317 1317 1318 1318 1179 1179 1317 1317 1179 1179 1292 1292 1344 1344 1345 1345 1193 1193 1344 1344 1193 1193 1194 1194 1312 1312 1339 1339 1340 1340 1312 1312 1340 1340 1313 1313 1320 1320 1292 1292 1291 1291 1320 1320 1291 1291 1191 1191 1343 1343 1344 1344 1194 1194 1343 1343 1194 1194 1196 1196 1331 1331 1302 1302 1301 1301 1331 1331 1301 1301 1299 1299 1339 1339 1296 1296 1340 1340 1340 1340 1296 1296 1167 1167 1340 1340 1167 1167 1295 1295 1308 1308 1330 1330 1336 1336 1308 1308 1336 1336 1309 1309 1309 1309 1336 1336 1337 1337 1309 1309 1337 1337 1310 1310 1310 1310 1337 1337 1298 1298 1310 1310 1298 1298 1311 1311 1311 1311 1298 1298 1297 1297 1311 1311 1297 1297 1338 1338 1313 1313 1340 1340 1295 1295 1313 1313 1295 1295 1314 1314 1314 1314 1295 1295 1294 1294 1314 1314 1294 1294 1346 1346 1346 1346 1294 1294 1175 1175 1346 1346 1175 1175 1315 1315 1315 1315 1175 1175 1182 1182 1315 1315 1182 1182 1347 1347 1347 1347 1182 1182 1293 1293 1347 1347 1293 1293 1318 1318 1318 1318 1293 1293 1180 1180 1318 1318 1180 1180 1179 1179 1350 1350 1348 1348 1349 1349 1350 1350 1349 1349 1418 1418 1350 1350 1418 1418 1383 1383 1350 1350 1383 1383 1351 1351 1351 1351 1383 1383 1352 1352 1353 1353 1352 1352 1354 1354 1353 1353 1354 1354 1355 1355 1355 1355 1356 1356 1357 1357 1356 1356 1358 1358 1357 1357 1357 1357 1358 1358 1359 1359 1359 1359 1358 1358 1360 1360 1359 1359 1360 1360 1361 1361 1361 1361 1360 1360 1362 1362 1369 1369 1370 1370 1371 1371 1372 1372 1374 1374 1373 1373 1377 1377 1375 1375 1333 1333 1378 1378 1268 1268 1325 1325 1251 1251 1252 1252 1380 1380 1250 1250 1381 1381 1245 1245 1245 1245 1381 1381 1382 1382 1245 1245 1382 1382 1247 1247 1243 1243 1247 1247 1241 1241 1356 1356 1355 1355 1354 1354 1388 1388 1387 1387 1389 1389 1391 1391 1390 1390 1389 1389 1389 1389 1390 1390 1388 1388 1390 1390 1391 1391 1392 1392 1268 1268 1378 1378 1363 1363 1268 1268 1363 1363 1266 1266 1266 1266 1363 1363 1364 1364 1266 1266 1364 1364 1267 1267 1267 1267 1364 1364 1427 1427 1267 1267 1427 1427 1379 1379 1393 1393 1262 1262 1379 1379 1393 1393 1264 1264 1262 1262 1393 1393 1379 1379 1419 1419 1419 1419 1379 1379 1427 1427 1248 1248 1251 1251 1380 1380 1407 1407 1280 1280 1406 1406 1406 1406 1280 1280 1281 1281 1405 1405 1241 1241 1404 1404 1404 1404 1241 1241 1247 1247 1404 1404 1247 1247 1403 1403 1403 1403 1247 1247 1382 1382 1403 1403 1382 1382 1402 1402 1402 1402 1382 1382 1381 1381 1381 1381 1250 1250 1400 1400 1400 1400 1250 1250 1248 1248 1380 1380 1252 1252 1420 1420 1420 1420 1252 1252 1260 1260 1420 1420 1260 1260 1398 1398 1398 1398 1260 1260 1264 1264 1398 1398 1264 1264 1399 1399 1399 1399 1264 1264 1393 1393 1400 1400 1401 1401 1381 1381 1381 1381 1401 1401 1402 1402 1420 1420 1421 1421 1380 1380 1380 1380 1421 1421 1422 1422 1380 1380 1422 1422 1248 1248 1248 1248 1422 1422 1400 1400 1424 1424 1412 1412 1396 1396 1396 1396 1412 1412 1410 1410 1410 1410 1411 1411 1274 1274 1274 1274 1411 1411 1395 1395 1408 1408 1278 1278 1397 1397 1397 1397 1278 1278 1407 1407 1394 1394 1271 1271 1273 1273 1417 1417 1198 1198 1269 1269 1417 1417 1269 1269 1271 1271 1395 1395 1394 1394 1273 1273 1352 1352 1411 1411 1354 1354 1354 1354 1411 1411 1356 1356 1356 1356 1412 1412 1358 1358 1358 1358 1412 1412 1360 1360 1360 1360 1413 1413 1362 1362 1362 1362 1413 1413 1414 1414 1376 1376 1374 1374 1372 1372 1373 1373 1370 1370 1419 1419 1419 1419 1370 1370 1369 1369 1366 1366 1367 1367 1420 1420 1420 1420 1367 1367 1392 1392 1420 1420 1392 1392 1421 1421 1421 1421 1392 1392 1391 1391 1421 1421 1391 1391 1422 1422 1422 1422 1391 1391 1389 1389 1389 1389 1387 1387 1423 1423 1423 1423 1387 1387 1386 1386 1385 1385 1402 1402 1386 1386 1386 1386 1402 1402 1423 1423 1325 1325 1333 1333 1378 1378 1415 1415 1407 1407 1416 1416 1416 1416 1407 1407 1365 1365 1402 1402 1401 1401 1423 1423 1423 1423 1401 1401 1400 1400 1423 1423 1400 1400 1389 1389 1389 1389 1400 1400 1422 1422 1417 1417 1271 1271 1418 1418 1418 1418 1271 1271 1394 1394 1407 1407 1406 1406 1365 1365 1365 1365 1406 1406 1281 1281 1365 1365 1281 1281 1425 1425 1425 1425 1281 1281 1405 1405 1425 1425 1405 1405 1384 1384 1384 1384 1405 1405 1404 1404 1384 1384 1404 1404 1426 1426 1426 1426 1404 1404 1403 1403 1426 1426 1403 1403 1385 1385 1385 1385 1403 1403 1402 1402 1364 1364 1363 1363 1376 1376 1376 1376 1363 1363 1378 1378 1333 1333 1375 1375 1378 1378 1378 1378 1375 1375 1376 1376 1376 1376 1372 1372 1364 1364 1364 1364 1372 1372 1427 1427 1419 1419 1369 1369 1393 1393 1393 1393 1369 1369 1399 1399 1407 1407 1415 1415 1397 1397 1397 1397 1415 1415 1414 1414 1397 1397 1414 1414 1408 1408 1408 1408 1414 1414 1413 1413 1408 1408 1413 1413 1409 1409 1409 1409 1413 1413 1424 1424 1412 1412 1356 1356 1410 1410 1410 1410 1356 1356 1411 1411 1411 1411 1352 1352 1395 1395 1395 1395 1352 1352 1383 1383 1395 1395 1383 1383 1394 1394 1394 1394 1383 1383 1418 1418 1348 1348 1417 1417 1349 1349 1349 1349 1417 1417 1418 1418 1412 1412 1424 1424 1360 1360 1360 1360 1424 1424 1413 1413 1420 1420 1398 1398 1366 1366 1366 1366 1398 1398 1399 1399 1366 1366 1399 1399 1368 1368 1368 1368 1399 1399 1369 1369 1419 1419 1427 1427 1373 1373 1373 1373 1427 1427 1372 1372 1417 1417 1348 1348 1198 1198 1367 1367 1366 1366 1368 1368 1369 1369 1371 1371 1428 1428 1369 1369 1428 1428 1368 1368 1429 1429 1371 1371 1370 1370 1370 1370 1373 1373 1429 1429 1429 1429 1373 1373 1374 1374 1375 1375 1377 1377 1430 1430 1375 1375 1430 1430 1376 1376 1376 1376 1430 1430 1374 1374 1307 1307 1432 1432 1306 1306 1310 1310 1433 1433 1309 1309 1307 1307 1308 1308 1432 1432 1432 1432 1308 1308 1434 1434 1434 1434 1308 1308 1309 1309 1434 1434 1309 1309 1435 1435 1435 1435 1309 1309 1433 1433 1433 1433 1310 1310 1436 1436 1310 1310 1311 1311 1436 1436 1436 1436 1311 1311 1440 1440 1440 1440 1311 1311 1338 1338 1313 1313 1437 1437 1438 1438 1313 1313 1438 1438 1312 1312 1312 1312 1438 1438 1439 1439 1312 1312 1439 1439 1339 1339 1339 1339 1439 1439 1440 1440 1339 1339 1440 1440 1338 1338 1313 1313 1314 1314 1437 1437 1437 1437 1314 1314 1316 1316 1316 1316 1314 1314 1346 1346 1441 1441 1316 1316 1315 1315 1442 1442 1315 1315 1347 1347 1442 1442 1347 1347 1443 1443 1347 1347 1318 1318 1443 1443 1443 1443 1318 1318 1444 1444 1445 1445 1319 1319 1321 1321 1445 1445 1321 1321 1446 1446 1343 1343 1447 1447 1323 1323 1447 1447 1343 1343 1290 1290 1377 1377 1448 1448 1449 1449 1377 1377 1449 1449 1430 1430 1449 1449 1450 1450 1430 1430 1430 1430 1450 1450 1374 1374 1374 1374 1450 1450 1451 1451 1374 1374 1451 1451 1429 1429 1429 1429 1451 1451 1452 1452 1429 1429 1452 1452 1453 1453 1429 1429 1453 1453 1371 1371 1371 1371 1453 1453 1454 1454 1371 1371 1454 1454 1428 1428 1454 1454 1455 1455 1428 1428 1428 1428 1455 1455 1368 1368 1368 1368 1455 1455 1523 1523 1368 1368 1523 1523 1456 1456 1368 1368 1456 1456 1367 1367 1367 1367 1456 1456 1457 1457 1367 1367 1457 1457 1392 1392 1392 1392 1457 1457 1458 1458 1392 1392 1458 1458 1459 1459 1392 1392 1459 1459 1390 1390 1390 1390 1459 1459 1524 1524 1390 1390 1524 1524 1388 1388 1460 1460 1386 1386 1387 1387 1460 1460 1387 1387 1461 1461 1461 1461 1387 1387 1525 1525 1525 1525 1387 1387 1388 1388 1525 1525 1388 1388 1524 1524 1620 1620 1365 1365 1622 1622 1622 1622 1365 1365 1425 1425 1622 1622 1425 1425 1462 1462 1462 1462 1425 1425 1384 1384 1462 1462 1384 1384 1463 1463 1463 1463 1384 1384 1426 1426 1463 1463 1426 1426 1499 1499 1499 1499 1426 1426 1385 1385 1499 1499 1385 1385 1460 1460 1460 1460 1385 1385 1386 1386 1365 1365 1620 1620 1416 1416 1416 1416 1620 1620 1619 1619 1416 1416 1619 1619 1415 1415 1415 1415 1619 1619 1464 1464 1415 1415 1464 1464 1414 1414 1414 1414 1464 1464 1616 1616 1414 1414 1616 1616 1362 1362 1362 1362 1616 1616 1465 1465 1362 1362 1465 1465 1361 1361 1465 1465 1466 1466 1361 1361 1361 1361 1466 1466 1359 1359 1359 1359 1466 1466 1467 1467 1359 1359 1467 1467 1357 1357 1357 1357 1467 1467 1606 1606 1357 1357 1606 1606 1355 1355 1355 1355 1606 1606 1468 1468 1355 1355 1468 1468 1353 1353 1353 1353 1468 1468 1469 1469 1353 1353 1469 1469 1470 1470 1353 1353 1470 1470 1352 1352 1352 1352 1470 1470 1351 1351 1470 1470 1471 1471 1351 1351 1351 1351 1471 1471 1350 1350 1350 1350 1471 1471 1472 1472 1472 1472 1496 1496 1350 1350 1350 1350 1496 1496 1348 1348 1348 1348 1496 1496 1473 1473 1289 1289 1348 1348 1473 1473 1289 1289 1473 1473 1474 1474 1289 1289 1474 1474 1475 1475 1289 1289 1475 1475 1290 1290 1290 1290 1475 1475 1476 1476 1290 1290 1476 1476 1447 1447 1447 1447 1476 1476 1477 1477 1447 1447 1477 1477 1323 1323 1323 1323 1477 1477 1478 1478 1323 1323 1478 1478 1324 1324 1324 1324 1478 1478 1479 1479 1324 1324 1479 1479 1446 1446 1446 1446 1479 1479 1480 1480 1446 1446 1480 1480 1481 1481 1446 1446 1481 1481 1445 1445 1445 1445 1481 1481 1319 1319 1319 1319 1481 1481 1482 1482 1319 1319 1482 1482 1444 1444 1444 1444 1482 1482 1483 1483 1444 1444 1483 1483 1443 1443 1443 1443 1483 1483 1484 1484 1443 1443 1484 1484 1485 1485 1443 1443 1485 1485 1442 1442 1442 1442 1485 1485 1486 1486 1442 1442 1486 1486 1315 1315 1315 1315 1486 1486 1441 1441 1441 1441 1486 1486 1488 1488 1487 1487 1316 1316 1488 1488 1488 1488 1316 1316 1441 1441 1765 1765 1438 1438 1437 1437 1765 1765 1437 1437 1760 1760 1760 1760 1437 1437 1487 1487 1487 1487 1437 1437 1316 1316 1771 1771 1440 1440 1772 1772 1772 1772 1440 1440 1439 1439 1772 1772 1439 1439 1489 1489 1489 1489 1439 1439 1765 1765 1765 1765 1439 1439 1438 1438 1490 1490 1436 1436 1771 1771 1771 1771 1436 1436 1440 1440 1436 1436 1490 1490 1433 1433 1433 1433 1490 1490 1491 1491 1433 1433 1491 1491 1435 1435 1435 1435 1491 1491 1674 1674 1432 1432 1675 1675 1306 1306 1306 1306 1675 1675 1492 1492 1435 1435 1674 1674 1434 1434 1434 1434 1674 1674 1493 1493 1434 1434 1493 1493 1432 1432 1432 1432 1493 1493 1675 1675 1306 1306 1492 1492 1305 1305 1305 1305 1492 1492 1761 1761 1305 1305 1761 1761 1328 1328 1328 1328 1761 1761 1770 1770 1328 1328 1770 1770 1329 1329 1329 1329 1770 1770 1769 1769 1329 1329 1769 1769 1431 1431 1431 1431 1769 1769 1768 1768 1431 1431 1768 1768 1767 1767 1431 1431 1767 1767 1304 1304 1304 1304 1767 1767 1766 1766 1304 1304 1766 1766 1303 1303 1303 1303 1766 1766 1494 1494 1303 1303 1494 1494 1288 1288 1288 1288 1494 1494 1333 1333 1333 1333 1494 1494 1448 1448 1333 1333 1448 1448 1377 1377 1498 1498 1626 1626 1497 1497 1503 1503 1506 1506 1502 1502 1504 1504 1505 1505 1506 1506 1504 1504 1506 1506 1503 1503 1507 1507 1508 1508 1504 1504 1504 1504 1508 1508 1505 1505 1508 1508 1507 1507 1509 1509 1508 1508 1509 1509 1510 1510 1510 1510 1509 1509 1511 1511 1515 1515 1512 1512 1513 1513 1513 1513 1512 1512 1511 1511 1511 1511 1512 1512 1510 1510 1514 1514 1515 1515 1513 1513 1515 1515 1514 1514 1516 1516 1516 1516 1514 1514 1517 1517 1517 1517 1518 1518 1516 1516 1450 1450 1520 1520 1521 1521 1450 1450 1521 1521 1451 1451 1452 1452 1451 1451 1521 1521 1453 1453 1452 1452 1522 1522 1454 1454 1453 1453 1522 1522 1457 1457 1456 1456 1523 1523 1526 1526 1460 1460 1461 1461 1526 1526 1461 1461 1525 1525 1460 1460 1526 1526 1499 1499 1468 1468 1606 1606 1528 1528 1529 1529 1470 1470 1469 1469 1529 1529 1469 1469 1528 1528 1528 1528 1469 1469 1468 1468 1470 1470 1529 1529 1471 1471 1471 1471 1529 1529 1530 1530 1530 1530 1472 1472 1471 1471 1539 1539 1538 1538 1536 1536 1541 1541 1538 1538 1542 1542 1541 1541 1540 1540 1543 1543 1544 1544 1546 1546 1547 1547 1549 1549 1548 1548 1547 1547 1551 1551 1548 1548 1552 1552 1551 1551 1550 1550 1553 1553 1555 1555 1556 1556 1557 1557 1557 1557 1556 1556 1553 1553 1555 1555 1554 1554 1559 1559 1567 1567 1571 1571 1514 1514 1514 1514 1571 1571 1574 1574 1514 1514 1574 1574 1517 1517 1517 1517 1574 1574 1570 1570 1517 1517 1570 1570 1518 1518 1518 1518 1570 1570 1568 1568 1560 1560 1561 1561 1502 1502 1502 1502 1561 1561 1562 1562 1502 1502 1562 1562 1503 1503 1503 1503 1562 1562 1563 1563 1503 1503 1563 1563 1504 1504 1504 1504 1563 1563 1564 1564 1504 1504 1564 1564 1507 1507 1507 1507 1564 1564 1565 1565 1507 1507 1565 1565 1509 1509 1509 1509 1565 1565 1566 1566 1509 1509 1566 1566 1511 1511 1511 1511 1566 1566 1567 1567 1511 1511 1567 1567 1513 1513 1513 1513 1567 1567 1514 1514 1585 1585 1560 1560 1572 1572 1585 1585 1572 1572 1575 1575 1575 1575 1572 1572 1573 1573 1575 1575 1573 1573 1584 1584 1584 1584 1573 1573 1501 1501 1584 1584 1501 1501 1500 1500 1582 1582 1561 1561 1560 1560 1582 1582 1560 1560 1585 1585 1576 1576 1571 1571 1567 1567 1576 1576 1567 1567 1577 1577 1577 1577 1567 1567 1566 1566 1577 1577 1566 1566 1578 1578 1578 1578 1566 1566 1565 1565 1578 1578 1565 1565 1579 1579 1579 1579 1565 1565 1564 1564 1579 1579 1564 1564 1590 1590 1590 1590 1564 1564 1563 1563 1590 1590 1563 1563 1580 1580 1580 1580 1563 1563 1562 1562 1580 1580 1562 1562 1581 1581 1581 1581 1562 1562 1561 1561 1581 1581 1561 1561 1582 1582 1571 1571 1576 1576 1614 1614 1571 1571 1614 1614 1574 1574 1574 1574 1614 1614 1586 1586 1574 1574 1586 1586 1570 1570 1570 1570 1586 1586 1587 1587 1495 1495 1588 1588 1587 1587 1500 1500 1583 1583 1584 1584 1568 1568 1570 1570 1587 1587 1568 1568 1587 1587 1588 1588 1581 1581 1582 1582 1589 1589 1581 1581 1589 1589 1580 1580 1580 1580 1589 1589 1590 1590 1579 1579 1590 1590 1591 1591 1579 1579 1591 1591 1578 1578 1578 1578 1591 1591 1577 1577 1577 1577 1591 1591 1592 1592 1577 1577 1592 1592 1576 1576 1576 1576 1592 1592 1614 1614 1588 1588 1569 1569 1568 1568 1605 1605 1594 1594 1593 1593 1593 1593 1594 1594 1495 1495 1526 1526 1525 1525 1595 1595 1595 1595 1525 1525 1524 1524 1595 1595 1524 1524 1596 1596 1596 1596 1524 1524 1459 1459 1458 1458 1457 1457 1597 1597 1597 1597 1457 1457 1523 1523 1597 1597 1523 1523 1598 1598 1598 1598 1523 1523 1455 1455 1598 1598 1455 1455 1599 1599 1599 1599 1455 1455 1600 1600 1455 1455 1454 1454 1600 1600 1600 1600 1454 1454 1522 1522 1600 1600 1522 1522 1601 1601 1601 1601 1522 1522 1452 1452 1601 1601 1452 1452 1602 1602 1602 1602 1452 1452 1521 1521 1602 1602 1521 1521 1603 1603 1603 1603 1521 1521 1520 1520 1603 1603 1520 1520 1604 1604 1449 1449 1448 1448 1519 1519 1519 1519 1448 1448 1605 1605 1519 1519 1605 1605 1593 1593 1606 1606 1467 1467 1607 1607 1609 1609 1617 1617 1610 1610 1611 1611 1612 1612 1583 1583 1583 1583 1612 1612 1584 1584 1584 1584 1612 1612 1613 1613 1584 1584 1613 1613 1575 1575 1575 1575 1613 1613 1585 1585 1614 1614 1615 1615 1586 1586 1586 1586 1615 1615 1587 1587 1467 1467 1466 1466 1527 1527 1467 1467 1527 1527 1607 1607 1608 1608 1616 1616 1645 1645 1645 1645 1616 1616 1464 1464 1610 1610 1617 1617 1611 1611 1613 1613 1618 1618 1585 1585 1585 1585 1618 1618 1582 1582 1582 1582 1618 1618 1589 1589 1466 1466 1465 1465 1527 1527 1527 1527 1465 1465 1608 1608 1617 1617 1462 1462 1611 1611 1611 1611 1462 1462 1612 1612 1619 1619 1620 1620 1617 1617 1599 1599 1600 1600 1592 1592 1592 1592 1600 1600 1601 1601 1592 1592 1601 1601 1602 1602 1592 1592 1602 1602 1614 1614 1614 1614 1602 1602 1603 1603 1614 1614 1603 1603 1615 1615 1615 1615 1603 1603 1604 1604 1465 1465 1616 1616 1608 1608 1464 1464 1619 1619 1609 1609 1609 1609 1619 1619 1617 1617 1618 1618 1596 1596 1621 1621 1618 1618 1621 1621 1589 1589 1589 1589 1621 1621 1597 1597 1589 1589 1597 1597 1590 1590 1590 1590 1597 1597 1598 1598 1590 1590 1598 1598 1591 1591 1591 1591 1598 1598 1599 1599 1591 1591 1599 1599 1592 1592 1620 1620 1622 1622 1617 1617 1617 1617 1622 1622 1462 1462 1462 1462 1623 1623 1612 1612 1623 1623 1499 1499 1612 1612 1612 1612 1499 1499 1526 1526 1612 1612 1526 1526 1613 1613 1613 1613 1526 1526 1595 1595 1613 1613 1595 1595 1618 1618 1618 1618 1595 1595 1596 1596 1596 1596 1459 1459 1621 1621 1621 1621 1459 1459 1458 1458 1621 1621 1458 1458 1597 1597 1462 1462 1463 1463 1623 1623 1623 1623 1463 1463 1499 1499 1531 1531 1532 1532 1534 1534 1534 1534 1532 1532 1624 1624 1534 1534 1624 1624 1625 1625 1624 1624 1626 1626 1625 1625 1536 1536 1533 1533 1537 1537 1537 1537 1533 1533 1535 1535 1537 1537 1535 1535 1627 1627 1627 1627 1535 1535 1628 1628 1627 1627 1628 1628 1632 1632 1632 1632 1628 1628 1629 1629 1535 1535 1533 1533 1534 1534 1535 1535 1534 1534 1628 1628 1628 1628 1534 1534 1625 1625 1628 1628 1625 1625 1629 1629 1629 1629 1625 1625 1626 1626 1542 1542 1538 1538 1539 1539 1542 1542 1539 1539 1631 1631 1631 1631 1539 1539 1630 1630 1631 1631 1630 1630 1636 1636 1636 1636 1630 1630 1632 1632 1632 1632 1629 1629 1498 1498 1544 1544 1543 1543 1545 1545 1545 1545 1543 1543 1540 1540 1545 1545 1540 1540 1634 1634 1634 1634 1540 1540 1633 1633 1634 1634 1633 1633 1635 1635 1635 1635 1633 1633 1636 1636 1636 1636 1632 1632 1637 1637 1637 1637 1632 1632 1646 1646 1540 1540 1541 1541 1542 1542 1540 1540 1542 1542 1633 1633 1633 1633 1542 1542 1631 1631 1633 1633 1631 1631 1636 1636 1646 1646 1632 1632 1498 1498 1539 1539 1536 1536 1537 1537 1539 1539 1537 1537 1630 1630 1630 1630 1537 1537 1627 1627 1630 1630 1627 1627 1632 1632 1629 1629 1626 1626 1498 1498 1549 1549 1547 1547 1546 1546 1549 1549 1546 1546 1639 1639 1639 1639 1546 1546 1638 1638 1639 1639 1638 1638 1640 1640 1646 1646 1498 1498 1647 1647 1647 1647 1498 1498 1496 1496 1496 1496 1498 1498 1497 1497 1550 1550 1551 1551 1552 1552 1550 1550 1552 1552 1643 1643 1643 1643 1552 1552 1642 1642 1643 1643 1642 1642 1644 1644 1644 1644 1640 1640 1645 1645 1645 1645 1640 1640 1635 1635 1607 1607 1635 1635 1641 1641 1496 1496 1497 1497 1473 1473 1552 1552 1548 1548 1549 1549 1552 1552 1549 1549 1642 1642 1642 1642 1549 1549 1639 1639 1642 1642 1639 1639 1644 1644 1644 1644 1639 1639 1640 1640 1647 1647 1530 1530 1646 1646 1635 1635 1608 1608 1645 1645 1645 1645 1609 1609 1644 1644 1644 1644 1609 1609 1649 1649 1649 1649 1610 1610 1650 1650 1649 1649 1650 1650 1651 1651 1651 1651 1650 1650 1557 1557 1651 1651 1557 1557 1652 1652 1652 1652 1557 1557 1553 1553 1529 1529 1528 1528 1637 1637 1637 1637 1528 1528 1648 1648 1645 1645 1464 1464 1609 1609 1610 1610 1611 1611 1653 1653 1653 1653 1611 1611 1654 1654 1653 1653 1654 1654 1554 1554 1554 1554 1654 1654 1558 1558 1554 1554 1558 1558 1559 1559 1530 1530 1529 1529 1646 1646 1646 1646 1529 1529 1637 1637 1648 1648 1606 1606 1641 1641 1641 1641 1606 1606 1607 1607 1649 1649 1609 1609 1610 1610 1650 1650 1610 1610 1653 1653 1650 1650 1653 1653 1557 1557 1557 1557 1653 1653 1554 1554 1557 1557 1554 1554 1555 1555 1644 1644 1649 1649 1643 1643 1643 1643 1649 1649 1651 1651 1643 1643 1651 1651 1550 1550 1550 1550 1651 1651 1652 1652 1550 1550 1652 1652 1553 1553 1546 1546 1544 1544 1545 1545 1546 1546 1545 1545 1638 1638 1638 1638 1545 1545 1634 1634 1638 1638 1634 1634 1640 1640 1640 1640 1634 1634 1635 1635 1635 1635 1636 1636 1641 1641 1641 1641 1636 1636 1648 1648 1648 1648 1636 1636 1637 1637 1450 1450 1449 1449 1520 1520 1520 1520 1449 1449 1519 1519 1520 1520 1519 1519 1604 1604 1604 1604 1519 1519 1593 1593 1604 1604 1593 1593 1615 1615 1615 1615 1593 1593 1495 1495 1615 1615 1495 1495 1587 1587 1500 1500 1558 1558 1654 1654 1500 1500 1654 1654 1583 1583 1583 1583 1654 1654 1611 1611 1608 1608 1635 1635 1527 1527 1527 1527 1635 1635 1607 1607 1606 1606 1648 1648 1528 1528 1530 1530 1647 1647 1472 1472 1472 1472 1647 1647 1496 1496 1588 1588 1495 1495 1655 1655 1668 1668 1657 1657 1735 1735 1713 1713 1626 1626 1624 1624 1666 1666 1477 1477 1476 1476 1667 1667 1478 1478 1477 1477 1670 1670 1481 1481 1480 1480 1671 1671 1482 1482 1481 1481 1672 1672 1483 1483 1482 1482 1483 1483 1672 1672 1484 1484 1486 1486 1485 1485 1673 1673 1486 1486 1673 1673 1488 1488 1487 1487 1488 1488 1673 1673 1678 1678 1679 1679 1677 1677 1677 1677 1679 1679 1676 1676 1678 1678 1680 1680 1679 1679 1680 1680 1678 1678 1681 1681 1680 1680 1681 1681 1682 1682 1682 1682 1681 1681 1683 1683 1684 1684 1685 1685 1683 1683 1683 1683 1685 1685 1682 1682 1686 1686 1687 1687 1684 1684 1684 1684 1687 1687 1685 1685 1688 1688 1687 1687 1686 1686 1689 1689 1690 1690 1691 1691 1690 1690 1689 1689 1688 1688 1693 1693 1692 1692 1691 1691 1691 1691 1692 1692 1689 1689 1692 1692 1693 1693 1694 1694 1694 1694 1693 1693 1783 1783 1694 1694 1783 1783 1695 1695 1695 1695 1783 1783 1696 1696 1698 1698 1697 1697 1696 1696 1696 1696 1697 1697 1695 1695 1697 1697 1698 1698 1699 1699 1699 1699 1698 1698 1700 1700 1701 1701 1702 1702 1794 1794 1701 1701 1703 1703 1702 1702 1707 1707 1704 1704 1708 1708 1707 1707 1706 1706 1709 1709 1709 1709 1710 1710 1660 1660 1704 1704 1703 1703 1705 1705 1705 1705 1703 1703 1701 1701 1532 1532 1711 1711 1624 1624 1624 1624 1711 1711 1713 1713 1706 1706 1707 1707 1708 1708 1706 1706 1708 1708 1714 1714 1714 1714 1708 1708 1715 1715 1719 1719 1795 1795 1720 1720 1721 1721 1791 1791 1749 1749 1749 1749 1791 1791 1722 1722 1710 1710 1709 1709 1706 1706 1710 1710 1706 1706 1723 1723 1723 1723 1706 1706 1714 1714 1716 1716 1717 1717 1724 1724 1724 1724 1717 1717 1718 1718 1718 1718 1719 1719 1725 1725 1725 1725 1719 1719 1720 1720 1728 1728 1720 1720 1721 1721 1721 1721 1749 1749 1726 1726 1660 1660 1710 1710 1727 1727 1727 1727 1710 1710 1723 1723 1728 1728 1721 1721 1726 1726 1729 1729 1660 1660 1727 1727 1724 1724 1718 1718 1731 1731 1731 1731 1718 1718 1725 1725 1720 1720 1728 1728 1750 1750 1711 1711 1729 1729 1713 1713 1725 1725 1720 1720 1730 1730 1730 1730 1720 1720 1750 1750 1724 1724 1731 1731 1732 1732 1731 1731 1725 1725 1730 1730 1731 1731 1730 1730 1484 1484 1484 1484 1659 1659 1731 1731 1731 1731 1659 1659 1732 1732 1724 1724 1732 1732 1716 1716 1713 1713 1729 1729 1740 1740 1740 1740 1729 1729 1727 1727 1714 1714 1715 1715 1734 1734 1734 1734 1715 1715 1716 1716 1734 1734 1716 1716 1732 1732 1733 1733 1732 1732 1659 1659 1733 1733 1658 1658 1732 1732 1732 1732 1658 1658 1734 1734 1734 1734 1736 1736 1714 1714 1714 1714 1736 1736 1723 1723 1742 1742 1497 1497 1737 1737 1737 1737 1497 1497 1626 1626 1727 1727 1723 1723 1736 1736 1735 1735 1734 1734 1658 1658 1735 1735 1657 1657 1734 1734 1734 1734 1657 1657 1736 1736 1736 1736 1740 1740 1727 1727 1713 1713 1740 1740 1737 1737 1738 1738 1736 1736 1657 1657 1738 1738 1657 1657 1667 1667 1667 1667 1657 1657 1668 1668 1667 1667 1666 1666 1738 1738 1738 1738 1666 1666 1739 1739 1738 1738 1739 1739 1736 1736 1736 1736 1739 1739 1740 1740 1713 1713 1737 1737 1626 1626 1737 1737 1740 1740 1741 1741 1741 1741 1740 1740 1739 1739 1741 1741 1739 1739 1665 1665 1665 1665 1739 1739 1666 1666 1474 1474 1473 1473 1742 1742 1742 1742 1473 1473 1497 1497 1669 1669 1668 1668 1735 1735 1669 1669 1735 1735 1658 1658 1745 1745 1744 1744 1747 1747 1755 1755 1747 1747 1797 1797 1755 1755 1797 1797 1754 1754 1754 1754 1797 1797 1798 1798 1754 1754 1798 1798 1753 1753 1744 1744 1745 1745 1762 1762 1744 1744 1762 1762 1796 1796 1796 1796 1762 1762 1748 1748 1796 1796 1748 1748 1763 1763 1796 1796 1763 1763 1743 1743 1743 1743 1763 1763 1764 1764 1743 1743 1764 1764 1757 1757 1728 1728 1726 1726 1487 1487 1728 1728 1487 1487 1750 1750 1733 1733 1659 1659 1671 1671 1733 1733 1671 1671 1670 1670 1666 1666 1667 1667 1477 1477 1476 1476 1665 1665 1666 1666 1670 1670 1669 1669 1658 1658 1670 1670 1658 1658 1733 1733 1594 1594 1605 1605 1656 1656 1745 1745 1747 1747 1756 1756 1745 1745 1756 1756 1762 1762 1730 1730 1750 1750 1485 1485 1730 1730 1485 1485 1484 1484 1668 1668 1669 1669 1479 1479 1668 1668 1479 1479 1478 1478 1747 1747 1755 1755 1761 1761 1747 1747 1761 1761 1756 1756 1749 1749 1489 1489 1765 1765 1749 1749 1765 1765 1760 1760 1670 1670 1671 1671 1481 1481 1722 1722 1759 1759 1489 1489 1722 1722 1489 1489 1749 1749 1750 1750 1487 1487 1673 1673 1750 1750 1673 1673 1485 1485 1669 1669 1670 1670 1480 1480 1669 1669 1480 1480 1479 1479 1594 1594 1656 1656 1746 1746 1746 1746 1656 1656 1751 1751 1746 1746 1751 1751 1752 1752 1746 1746 1752 1752 1753 1753 1726 1726 1749 1749 1760 1760 1726 1726 1760 1760 1487 1487 1659 1659 1484 1484 1672 1672 1659 1659 1672 1672 1671 1671 1667 1667 1668 1668 1478 1478 1448 1448 1494 1494 1605 1605 1754 1754 1768 1768 1769 1769 1754 1754 1769 1769 1755 1755 1755 1755 1769 1769 1770 1770 1755 1755 1770 1770 1761 1761 1490 1490 1764 1764 1491 1491 1491 1491 1764 1764 1763 1763 1491 1491 1763 1763 1674 1674 1674 1674 1763 1763 1748 1748 1674 1674 1748 1748 1493 1493 1493 1493 1748 1748 1762 1762 1493 1493 1762 1762 1675 1675 1675 1675 1762 1762 1756 1756 1675 1675 1756 1756 1492 1492 1492 1492 1756 1756 1761 1761 1766 1766 1656 1656 1494 1494 1494 1494 1656 1656 1605 1605 1751 1751 1656 1656 1766 1766 1751 1751 1766 1766 1752 1752 1752 1752 1766 1766 1767 1767 1752 1752 1767 1767 1753 1753 1753 1753 1767 1767 1768 1768 1753 1753 1768 1768 1754 1754 1757 1757 1764 1764 1490 1490 1757 1757 1490 1490 1758 1758 1758 1758 1490 1490 1771 1771 1758 1758 1771 1771 1759 1759 1759 1759 1771 1771 1772 1772 1759 1759 1772 1772 1489 1489 1671 1671 1672 1672 1482 1482 1690 1690 1688 1688 1686 1686 1690 1690 1781 1781 1691 1691 1691 1691 1781 1781 1782 1782 1691 1691 1782 1782 1693 1693 1693 1693 1782 1782 1783 1783 1664 1664 1700 1700 1784 1784 1784 1784 1700 1700 1698 1698 1784 1784 1698 1698 1785 1785 1785 1785 1698 1698 1696 1696 1785 1785 1696 1696 1786 1786 1786 1786 1696 1696 1783 1783 1781 1781 1690 1690 1787 1787 1787 1787 1690 1690 1780 1780 1690 1690 1686 1686 1780 1780 1780 1780 1686 1686 1684 1684 1780 1780 1684 1684 1779 1779 1779 1779 1684 1684 1683 1683 1779 1779 1683 1683 1778 1778 1778 1778 1683 1683 1681 1681 1778 1778 1681 1681 1777 1777 1777 1777 1681 1681 1678 1678 1777 1777 1678 1678 1776 1776 1776 1776 1678 1678 1677 1677 1776 1776 1677 1677 1775 1775 1775 1775 1677 1677 1676 1676 1775 1775 1676 1676 1774 1774 1774 1774 1676 1676 1773 1773 1786 1786 1783 1783 1789 1789 1789 1789 1783 1783 1782 1782 1788 1788 1663 1663 1791 1791 1791 1791 1664 1664 1792 1792 1792 1792 1664 1664 1784 1784 1792 1792 1784 1784 1785 1785 1792 1792 1785 1785 1793 1793 1793 1793 1785 1785 1786 1786 1793 1793 1786 1786 1789 1789 1774 1774 1773 1773 1655 1655 1655 1655 1773 1773 1588 1588 1663 1663 1712 1712 1791 1791 1791 1791 1712 1712 1664 1664 1702 1702 1661 1661 1794 1794 1790 1790 1662 1662 1795 1795 1789 1789 1782 1782 1796 1796 1796 1796 1782 1782 1781 1781 1796 1796 1781 1781 1787 1787 1705 1705 1701 1701 1716 1716 1716 1716 1701 1701 1717 1717 1794 1794 1661 1661 1718 1718 1718 1718 1661 1661 1719 1719 1795 1795 1791 1791 1721 1721 1757 1757 1793 1793 1789 1789 1757 1757 1789 1789 1743 1743 1743 1743 1789 1789 1796 1796 1796 1796 1787 1787 1744 1744 1744 1744 1779 1779 1747 1747 1747 1747 1779 1779 1797 1797 1701 1701 1794 1794 1717 1717 1661 1661 1790 1790 1719 1719 1719 1719 1790 1790 1795 1795 1662 1662 1788 1788 1795 1795 1795 1795 1788 1788 1791 1791 1787 1787 1780 1780 1744 1744 1744 1744 1780 1780 1779 1779 1779 1779 1778 1778 1797 1797 1797 1797 1778 1778 1777 1777 1797 1797 1777 1777 1798 1798 1798 1798 1777 1777 1776 1776 1798 1798 1776 1776 1775 1775 1798 1798 1775 1775 1799 1799 1799 1799 1775 1775 1774 1774 1799 1799 1774 1774 1655 1655 1773 1773 1569 1569 1588 1588 1476 1476 1475 1475 1665 1665 1665 1665 1475 1475 1474 1474 1665 1665 1474 1474 1742 1742 1665 1665 1742 1742 1741 1741 1741 1741 1742 1742 1737 1737 1708 1708 1704 1704 1705 1705 1708 1708 1705 1705 1715 1715 1715 1715 1705 1705 1716 1716 1717 1717 1794 1794 1718 1718 1720 1720 1795 1795 1721 1721 1791 1791 1792 1792 1722 1722 1722 1722 1792 1792 1759 1759 1759 1759 1792 1792 1793 1793 1759 1759 1793 1793 1758 1758 1758 1758 1793 1793 1757 1757 1753 1753 1798 1798 1799 1799 1753 1753 1799 1799 1746 1746 1746 1746 1799 1799 1655 1655 1746 1746 1655 1655 1594 1594 1594 1594 1655 1655 1495 1495 1803 1803 1804 1804 1974 1974 1803 1803 1974 1974 1802 1802 1808 1808 1801 1801 1833 1833 1808 1808 1833 1833 1832 1832 1808 1808 1832 1832 1800 1800 1800 1800 1807 1807 1808 1808 1809 1809 1810 1810 1811 1811 1813 1813 1812 1812 1814 1814 1813 1813 1814 1814 1809 1809 1809 1809 1814 1814 1810 1810 1812 1812 1813 1813 1815 1815 1812 1812 1815 1815 1816 1816 1817 1817 1816 1816 1815 1815 1818 1818 1817 1817 1819 1819 1817 1817 1818 1818 1816 1816 1820 1820 1805 1805 1821 1821 1822 1822 1821 1821 1823 1823 1822 1822 1823 1823 1819 1819 1819 1819 1823 1823 1818 1818 1827 1827 1828 1828 1829 1829 1829 1829 1828 1828 1830 1830 1810 1810 1831 1831 1811 1811 1811 1811 1831 1831 1830 1830 1830 1830 1831 1831 1829 1829 1820 1820 1821 1821 1822 1822 1828 1828 1827 1827 1833 1833 1833 1833 1827 1827 1826 1826 1833 1833 1826 1826 1832 1832 1832 1832 1826 1826 1824 1824 1819 1819 1834 1834 1822 1822 1822 1822 1834 1834 1806 1806 1834 1834 1819 1819 1835 1835 1835 1835 1819 1819 1817 1817 1835 1835 1817 1817 1836 1836 1836 1836 1817 1817 1815 1815 1836 1836 1815 1815 1837 1837 1837 1837 1815 1815 1813 1813 1837 1837 1813 1813 1838 1838 1838 1838 1813 1813 1809 1809 1838 1838 1809 1809 1839 1839 1839 1839 1809 1809 1811 1811 1839 1839 1811 1811 1840 1840 1840 1840 1811 1811 1830 1830 1840 1840 1830 1830 1841 1841 1841 1841 1830 1830 1828 1828 1841 1841 1828 1828 1801 1801 1801 1801 1828 1828 1833 1833 1802 1802 1825 1825 1803 1803 1825 1825 1800 1800 1824 1824 1824 1824 1800 1800 1832 1832 1822 1822 1806 1806 1820 1820 1820 1820 1806 1806 1805 1805 1800 1800 1825 1825 1807 1807 1807 1807 1825 1825 1802 1802 1850 1850 1842 1842 1862 1862 1845 1845 1982 1982 1843 1843 1845 1845 1844 1844 1981 1981 1848 1848 1846 1846 1847 1847 1852 1852 1851 1851 1853 1853 1851 1851 1852 1852 1854 1854 1854 1854 1852 1852 1855 1855 1854 1854 1855 1855 1856 1856 1856 1856 1855 1855 1857 1857 1858 1858 1859 1859 1857 1857 1857 1857 1859 1859 1856 1856 1861 1861 1859 1859 1858 1858 1860 1860 1861 1861 1858 1858 1862 1862 1845 1845 1843 1843 1982 1982 1845 1845 1981 1981 1845 1845 1862 1862 1842 1842 1845 1845 1842 1842 1844 1844 1863 1863 1848 1848 1847 1847 1866 1866 1867 1867 1868 1868 1864 1864 1863 1863 1865 1865 1865 1865 1863 1863 1847 1847 1866 1866 1864 1864 1867 1867 1867 1867 1864 1864 1865 1865 1865 1865 1847 1847 1846 1846 1868 1868 1869 1869 1870 1870 1868 1868 1870 1870 1871 1871 1871 1871 1870 1870 1872 1872 1874 1874 1873 1873 1872 1872 1872 1872 1873 1873 1871 1871 1851 1851 1875 1875 1853 1853 1853 1853 1875 1875 1874 1874 1874 1874 1875 1875 1873 1873 1869 1869 1868 1868 1867 1867 1846 1846 1876 1876 1865 1865 1865 1865 1876 1876 1867 1867 1857 1857 1849 1849 1858 1858 1858 1858 1849 1849 1860 1860 1876 1876 1877 1877 1869 1869 1869 1869 1877 1877 1870 1870 1877 1877 1878 1878 1872 1872 1872 1872 1878 1878 1874 1874 1874 1874 1878 1878 1879 1879 1874 1874 1879 1879 1853 1853 1853 1853 1879 1879 1880 1880 1880 1880 1881 1881 1855 1855 1855 1855 1881 1881 1857 1857 1857 1857 1881 1881 1849 1849 1870 1870 1877 1877 1872 1872 1853 1853 1880 1880 1852 1852 1852 1852 1880 1880 1855 1855 1869 1869 1867 1867 1876 1876 1862 1862 1860 1860 1850 1850 1850 1850 1860 1860 1849 1849 1903 1903 1848 1848 1863 1863 1989 1989 1882 1882 1501 1501 1939 1939 1989 1989 1943 1943 1882 1882 1500 1500 1501 1501 1500 1500 1882 1882 1987 1987 1987 1987 1988 1988 1500 1500 1500 1500 1988 1988 1558 1558 1988 1988 1883 1883 1558 1558 1884 1884 1885 1885 1501 1501 1501 1501 1885 1885 1943 1943 1501 1501 1943 1943 1989 1989 1501 1501 1573 1573 1884 1884 1884 1884 1573 1573 1886 1886 1573 1573 1572 1572 1886 1886 1886 1886 1572 1572 1887 1887 1887 1887 1572 1572 1560 1560 1887 1887 1560 1560 1502 1502 1887 1887 1502 1502 1888 1888 1888 1888 1502 1502 1506 1506 1901 1901 1568 1568 1569 1569 1568 1568 1901 1901 1889 1889 1889 1889 1890 1890 1568 1568 1568 1568 1890 1890 1891 1891 1568 1568 1891 1891 1518 1518 1518 1518 1891 1891 1892 1892 1518 1518 1892 1892 1516 1516 1516 1516 1892 1892 1893 1893 1516 1516 1893 1893 1515 1515 1515 1515 1893 1893 1894 1894 1515 1515 1894 1894 1895 1895 1515 1515 1895 1895 1512 1512 1512 1512 1895 1895 1510 1510 1510 1510 1895 1895 1896 1896 1510 1510 1896 1896 1508 1508 1508 1508 1896 1896 1897 1897 1508 1508 1897 1897 1898 1898 1508 1508 1898 1898 1505 1505 1505 1505 1898 1898 1506 1506 1506 1506 1898 1898 1899 1899 1506 1506 1899 1899 1888 1888 1773 1773 1900 1900 1970 1970 1773 1773 1970 1970 1569 1569 1901 1901 1569 1569 1970 1970 1825 1825 1699 1699 1803 1803 1805 1805 1900 1900 1773 1773 1805 1805 1773 1773 1821 1821 1821 1821 1773 1773 1676 1676 1821 1821 1676 1676 1823 1823 1823 1823 1676 1676 1818 1818 1818 1818 1676 1676 1679 1679 1818 1818 1679 1679 1680 1680 1818 1818 1680 1680 1816 1816 1816 1816 1680 1680 1812 1812 1812 1812 1680 1680 1682 1682 1812 1812 1682 1682 1814 1814 1814 1814 1682 1682 1685 1685 1814 1814 1685 1685 1810 1810 1810 1810 1685 1685 1687 1687 1810 1810 1687 1687 1831 1831 1831 1831 1687 1687 1688 1688 1831 1831 1688 1688 1829 1829 1829 1829 1688 1688 1689 1689 1829 1829 1689 1689 1827 1827 1827 1827 1689 1689 1692 1692 1827 1827 1692 1692 1826 1826 1826 1826 1692 1692 1694 1694 1826 1826 1694 1694 1695 1695 1826 1826 1695 1695 1824 1824 1824 1824 1695 1695 1825 1825 1825 1825 1695 1695 1697 1697 1825 1825 1697 1697 1699 1699 1700 1700 1804 1804 1803 1803 1803 1803 1699 1699 1700 1700 1664 1664 1975 1975 1700 1700 1700 1700 1975 1975 1804 1804 1712 1712 1980 1980 1664 1664 1664 1664 1980 1980 1975 1975 1663 1663 1862 1862 1843 1843 1663 1663 1843 1843 1712 1712 1712 1712 1843 1843 1980 1980 1980 1980 1843 1843 1982 1982 1859 1859 1861 1861 1788 1788 1788 1788 1861 1861 1860 1860 1788 1788 1860 1860 1663 1663 1663 1663 1860 1860 1862 1862 1788 1788 1662 1662 1859 1859 1859 1859 1662 1662 1790 1790 1859 1859 1790 1790 1856 1856 1856 1856 1790 1790 1661 1661 1856 1856 1661 1661 1854 1854 1854 1854 1661 1661 1702 1702 1854 1854 1702 1702 1851 1851 1851 1851 1702 1702 1703 1703 1851 1851 1703 1703 1875 1875 1875 1875 1703 1703 1873 1873 1873 1873 1703 1703 1704 1704 1873 1873 1704 1704 1871 1871 1871 1871 1704 1704 1707 1707 1871 1871 1707 1707 1868 1868 1868 1868 1707 1707 1709 1709 1868 1868 1709 1709 1866 1866 1866 1866 1709 1709 1660 1660 1866 1866 1660 1660 1864 1864 1864 1864 1660 1660 1729 1729 1864 1864 1729 1729 1711 1711 1864 1864 1711 1711 1863 1863 1531 1531 1902 1902 1532 1532 1902 1902 1903 1903 1532 1532 1532 1532 1903 1903 1711 1711 1711 1711 1903 1903 1863 1863 1904 1904 1905 1905 1531 1531 1531 1531 1534 1534 1904 1904 1904 1904 1534 1534 1533 1533 1904 1904 1533 1533 1906 1906 1906 1906 1533 1533 1536 1536 1906 1906 1536 1536 1907 1907 1907 1907 1536 1536 1538 1538 1907 1907 1538 1538 1908 1908 1908 1908 1538 1538 1909 1909 1909 1909 1538 1538 1541 1541 1909 1909 1541 1541 1911 1911 1911 1911 1541 1541 1543 1543 1911 1911 1543 1543 1910 1910 1910 1910 1543 1543 1544 1544 1910 1910 1544 1544 1912 1912 1912 1912 1544 1544 1547 1547 1912 1912 1547 1547 1913 1913 1913 1913 1547 1547 1548 1548 1913 1913 1548 1548 1914 1914 1914 1914 1548 1548 1551 1551 1914 1914 1551 1551 1915 1915 1915 1915 1551 1551 1553 1553 1915 1915 1553 1553 1916 1916 1916 1916 1553 1553 1556 1556 1916 1916 1556 1556 1917 1917 1917 1917 1556 1556 1555 1555 1917 1917 1555 1555 1918 1918 1558 1558 1883 1883 1986 1986 1558 1558 1986 1986 1559 1559 1555 1555 1559 1559 1918 1918 1918 1918 1559 1559 1986 1986 1918 1918 1920 1920 1921 1921 1918 1918 1986 1986 1920 1920 1919 1919 1922 1922 1905 1905 1911 1911 1910 1910 1923 1923 1925 1925 1908 1908 1909 1909 1926 1926 1923 1923 1910 1910 1924 1924 1925 1925 1909 1909 1923 1923 1924 1924 1911 1911 1911 1911 1924 1924 1909 1909 1907 1907 1927 1927 1906 1906 1905 1905 1904 1904 1919 1919 1929 1929 1919 1919 1904 1904 1931 1931 1930 1930 1928 1928 1928 1928 1930 1930 1927 1927 1928 1928 1927 1927 1907 1907 1932 1932 1922 1922 1929 1929 1929 1929 1922 1922 1919 1919 1930 1930 1932 1932 1929 1929 1930 1930 1929 1929 1927 1927 1927 1927 1929 1929 1906 1906 1906 1906 1929 1929 1904 1904 1925 1925 1931 1931 1928 1928 1925 1925 1928 1928 1908 1908 1908 1908 1928 1928 1907 1907 1933 1933 1914 1914 1915 1915 1934 1934 1913 1913 1914 1914 1935 1935 1912 1912 1913 1913 1926 1926 1910 1910 1912 1912 1937 1937 1936 1936 1916 1916 1937 1937 1916 1916 1917 1917 1917 1917 1918 1918 1921 1921 1917 1917 1921 1921 1937 1937 1938 1938 1933 1933 1915 1915 1934 1934 1935 1935 1913 1913 1933 1933 1934 1934 1914 1914 1936 1936 1938 1938 1916 1916 1916 1916 1938 1938 1915 1915 1935 1935 1926 1926 1912 1912 1939 1939 1943 1943 1940 1940 1890 1890 1990 1990 1941 1941 1890 1890 1941 1941 1942 1942 1899 1899 1898 1898 1945 1945 1899 1899 1944 1944 1888 1888 1888 1888 1946 1946 1887 1887 1945 1945 1947 1947 1948 1948 1948 1948 1947 1947 1949 1949 1948 1948 1950 1950 1945 1945 1945 1945 1950 1950 1944 1944 1945 1945 1944 1944 1899 1899 1946 1946 1888 1888 1944 1944 1946 1946 1944 1944 1951 1951 1951 1951 1944 1944 1950 1950 1951 1951 1952 1952 1946 1946 1946 1946 1952 1952 1953 1953 1946 1946 1953 1953 1887 1887 1886 1886 1887 1887 1953 1953 1886 1886 1954 1954 1884 1884 1884 1884 1955 1955 1885 1885 1954 1954 1886 1886 1953 1953 1954 1954 1953 1953 1956 1956 1956 1956 1953 1953 1952 1952 1956 1956 1957 1957 1954 1954 1954 1954 1957 1957 1955 1955 1954 1954 1955 1955 1884 1884 1943 1943 1885 1885 1955 1955 1943 1943 1955 1955 1940 1940 1940 1940 1955 1955 1957 1957 1891 1891 1890 1890 1942 1942 1958 1958 1893 1893 1892 1892 1959 1959 1894 1894 1893 1893 1892 1892 1891 1891 1960 1960 1960 1960 1891 1891 1942 1942 1961 1961 1895 1895 1894 1894 1945 1945 1898 1898 1947 1947 1947 1947 1898 1898 1897 1897 1965 1965 1964 1964 1958 1958 1965 1965 1958 1958 1960 1960 1960 1960 1958 1958 1892 1892 1960 1960 1942 1942 1941 1941 1960 1960 1941 1941 1965 1965 1967 1967 1966 1966 1961 1961 1967 1967 1961 1961 1959 1959 1959 1959 1961 1961 1894 1894 1969 1969 1968 1968 1963 1963 1969 1969 1963 1963 1962 1962 1962 1962 1963 1963 1896 1896 1962 1962 1896 1896 1895 1895 1966 1966 1969 1969 1962 1962 1966 1966 1962 1962 1961 1961 1961 1961 1962 1962 1895 1895 1893 1893 1958 1958 1959 1959 1959 1959 1958 1958 1964 1964 1959 1959 1964 1964 1967 1967 1968 1968 1949 1949 1963 1963 1963 1963 1949 1949 1947 1947 1963 1963 1947 1947 1897 1897 1963 1963 1897 1897 1896 1896 1970 1970 1900 1900 1971 1971 1972 1972 1971 1971 1900 1900 1900 1900 1805 1805 1972 1972 1804 1804 1975 1975 1977 1977 1804 1804 1977 1977 1973 1973 1973 1973 1974 1974 1804 1804 1977 1977 1975 1975 1976 1976 1979 1979 1975 1975 1980 1980 1976 1976 1975 1975 1979 1979 1979 1979 1980 1980 1978 1978 1981 1981 1978 1978 1980 1980 1981 1981 1980 1980 1982 1982 1848 1848 1903 1903 1983 1983 1983 1983 1903 1903 1984 1984 1903 1903 1902 1902 1984 1984 1985 1985 1984 1984 1902 1902 1902 1902 1531 1531 1985 1985 1531 1531 1905 1905 1985 1985 1986 1986 1883 1883 1988 1988 1987 1987 1989 1989 1988 1988 1987 1987 1882 1882 1989 1989 1890 1890 1889 1889 1990 1990 1990 1990 1889 1889 1991 1991 1991 1991 1901 1901 1992 1992 1889 1889 1901 1901 1991 1991 1971 1971 1992 1992 1970 1970 1970 1970 1992 1992 1901 1901</p></triangles></mesh>
    </geometry>
    <geometry id="eSeries_UR5e_082-mesh" name="eSeries UR5e.082">
      <mesh>
        <source id="eSeries_UR5e_082-mesh-slim-nrm"><float_array count="1050" id="eSeries_UR5e_082-mesh-slim-nrm-array">-0.0992 0.599 -0.7946 0.218 -0.5691 -0.7928 0.6003 0.0424 -0.7987 0.4361 0.4204 -0.7957 -0.2614 0.5616 -0.785 -0.3436 0.4259 -0.837 0.3144 0.4522 -0.8347 0.5335 0.285 -0.7963 0.5313 0.1449 -0.8347 0.0052 0.5504 -0.8349 0.3682 -0.4829 -0.7945 -0.5938 -0.0801 -0.8006 0.0903 0.5399 -0.8369 -0.5435 0.2521 -0.8007 0.1725 0.5336 -0.8279 0.2499 0.497 -0.831 0.5925 -0.1275 -0.7954 0.6199 -0.2555 -0.7419 -0.0288 -0.6065 -0.7945 -0.5202 -0.1787 -0.8352 0.1099 -0.5396 -0.8347 -0.1957 -0.5795 -0.7911 -0.3431 -0.5134 -0.7866 0.4867 -0.3613 -0.7954 -0.3999 -0.3786 -0.8347 -0.4898 -0.2504 -0.8351 -0.4495 -0.3152 -0.8358 -0.5805 0.0451 -0.813 -0.5323 0.105 -0.84 -0.4551 0.3111 -0.8343 -0.3999 0.3732 -0.8371 0.4273 -0.8022 0.417 -0.4653 0.7649 0.4455 -0.5228 0.7089 0.4734 -0.6165 0.6292 0.4732 -0.8147 -0.3221 0.4822 -0.6999 -0.5362 0.4718 -0.4179 -0.802 0.4267 -0.1466 -0.892 0.4276 0.1361 -0.8691 0.4756 0.4603 -0.7812 0.4218 0.6343 -0.6514 0.4164 0.8903 0.1559 0.4278 0.3602 0.7872 0.5006 0.2589 0.8244 0.5033 -0.2823 0.8611 0.4229 -0.2516 0.8747 0.4142 -0.0411 0.9078 0.4174 0.0432 0.8796 0.4737 0.166 0.8628 0.4774 0.4689 0.7344 0.4906 0.5811 0.6907 0.4304 0.6903 0.5455 0.4754 0.7514 0.5209 0.405 0.8132 0.3347 0.4761 0.8334 0.2769 0.4783 0.876 -0.0209 0.4819 0.9108 -0.0837 0.4042 0.8328 -0.2633 0.4869 0.7496 -0.4011 0.5266 0.7809 -0.476 0.4045 0.6582 -0.6227 0.423 0.2239 -0.8788 0.4214 0.0535 -0.8985 0.4357 -0.1861 -0.8917 0.4127 -0.3803 -0.8107 0.4451 -0.5642 -0.6736 0.4774 -0.609 -0.6312 0.4802 -0.7617 -0.431 0.4837 -0.8786 -0.2149 0.4265 -0.8784 -0.0455 0.4758 -0.8438 0.0391 0.5352 -0.8533 0.2145 0.4752 -0.8512 0.2907 0.437 -0.7736 0.476 0.4184 -0.7006 0.5332 0.4741 -0.3129 0.7077 0.6334 -0.2951 -0.5682 0.7681 -0.4448 -0.5645 0.6954 -0.6176 0.463 0.6358 -0.5731 0.3132 0.7572 -0.5438 0.471 0.6945 -0.4655 0.5775 0.6706 -0.3777 0.6786 0.6299 -0.1977 -0.6444 0.7387 -0.0487 0.6438 0.7637 0.0618 0.79 0.61 -0.5261 -0.5449 0.6529 -0.1595 0.613 0.7738 0.1492 0.717 0.6809 0.2513 0.7429 0.6205 0.7008 -0.048 0.7118 0.7029 -0.1694 0.6908 0.6668 -0.2515 0.7016 0.6536 -0.3667 0.6621 0.6018 -0.4476 0.6614 0.5613 -0.5459 0.622 -0.6466 -0.1366 0.7505 -0.8185 -0.1246 0.5608 -0.6752 0.07 0.7343 -0.7725 0.1208 0.6234 -0.6206 0.1981 0.7587 0.4587 -0.5785 0.6745 0.405 -0.6493 0.6437 0.2885 -0.6735 0.6806 -0.5506 -0.4335 0.7134 -0.5597 -0.3095 0.7687 -0.7435 -0.2862 0.6044 0.4816 0.5096 0.713 0.4042 0.573 0.7129 0.5097 0.3809 0.7714 0.691 0.3827 0.6132 0.7648 0.2845 0.578 0.7777 0.2016 0.5955 0.7732 0.0508 0.6321 0.1965 -0.7057 0.6808 0.0722 -0.6501 0.7564 -0.0442 -0.6694 0.7416 -0.1793 -0.7744 0.6068 0.284 0.5857 0.7591 0.2289 -0.4465 -0.865 0.3711 -0.4823 -0.7935 0.3834 -0.3613 -0.8499 0.5183 -0.3355 -0.7867 0.6067 -0.1658 -0.7775 0.4148 -0.2058 -0.8863 0.4827 -0.0622 -0.8736 0.5699 0.0159 -0.8216 0.5968 0.3579 -0.7182 0.3091 0.2908 -0.9055 0.3771 0.4611 -0.8032 0.2478 0.3991 -0.8828 0.1881 0.5146 -0.8366 0.0816 0.5512 -0.8304 0.0106 0.6325 -0.7745 -0.0733 0.4753 -0.8767 -0.1708 0.4805 -0.8602 -0.3587 0.6199 -0.6979 -0.3945 0.4295 -0.8123 -0.4703 0.3205 -0.8223 -0.5095 0.2105 -0.8343 -0.5931 0.1299 -0.7946 -0.4802 0.0007 -0.8772 -0.8844 -0.0045 -0.4666 -0.3683 -0.0913 -0.9252 -0.6443 -0.2742 -0.7139 -0.3698 -0.2693 -0.8892 -0.489 -0.4533 -0.7453 -0.4336 -0.5173 -0.7378 -0.104 -0.2776 -0.9551 -0.1861 -0.391 -0.9014 -0.1012 -0.6572 -0.7469 0.0092 -0.485 -0.8744 0.0727 -0.4575 -0.8862 0.1826 -0.525 -0.8313 0.6949 0.082 -0.7145 0.7707 0.116 -0.6266 0.696 -0.0064 -0.718 0.665 -0.0782 -0.7428 0.6613 -0.1369 -0.7376 0.7286 -0.2632 -0.6323 0.5532 -0.2845 -0.783 0.508 -0.4326 -0.7448 0.468 -0.4732 -0.7464 0.3497 -0.5509 -0.7578 0.2801 -0.629 -0.7252 0.171 -0.6168 -0.7683 0.1219 -0.631 -0.7661 0.0352 -0.6641 -0.7468 -0.0088 -0.6877 -0.7259 -0.1047 -0.7792 -0.618 -0.0846 -0.2288 -0.9698 -0.2392 -0.8556 -0.4591 -0.3338 -0.5346 -0.7764 -0.4904 -0.6093 -0.6231 -0.592 -0.5441 -0.5946 -0.5654 -0.3977 -0.7226 -0.1236 -0.0675 -0.99 -0.7477 -0.4025 -0.5281 -0.7463 -0.2713 -0.6078 -0.6351 -0.1608 -0.7555 -0.7516 -0.1072 -0.6509 -0.6835 0.0321 -0.7292 -0.7214 0.1483 -0.6765 -0.1925 0.1171 -0.9743 -0.695 0.2589 -0.6707 -0.767 0.4111 -0.4927 -0.5675 0.4326 -0.7005 -0.535 0.5544 -0.6375 -0.4045 0.5705 -0.7148 -0.4313 0.6655 -0.6092 -0.2799 0.6409 -0.7148 -0.1849 0.6552 -0.7325 -0.095 0.6746 -0.7321 0.0236 0.7614 -0.6479 0.1203 0.6153 -0.7791 0.1885 0.6593 -0.7279 0.3124 0.5834 -0.7497 0.4146 0.5914 -0.6917 0.4856 0.4888 -0.7247 0.2388 0.2162 -0.9467 0.7156 0.5244 -0.4614 0.6904 0.3807 -0.6151 0.6816 0.2962 -0.6692 0.8043 0.3225 -0.4991 0.7149 0.206 -0.6682 0.636 0.1385 -0.7592 0.5715 -0.3944 -0.7196 0.4039 -0.5253 -0.749 -0.2785 -0.6221 -0.7317 0.262 0.6573 -0.7066 0.5764 0.3778 0.7245 0.633 0.1784 0.7533 0.6615 -0.0807 0.7456 0.6985 -0.2768 0.6599 0.5067 -0.4483 0.7364 0.5702 -0.6469 0.5064 0.4637 -0.7261 0.5076 0.0833 -0.7666 0.6367 -0.0216 -0.7587 0.6511 -0.1746 -0.8702 0.4606 -0.2646 -0.79 0.5531 -0.3659 -0.7609 0.5359 -0.4181 -0.7274 0.5441 -0.4965 -0.6668 0.5557 -0.57 -0.6372 0.5188 -0.6095 -0.5591 0.5621 -0.7445 -0.5324 0.4029 -0.5485 -0.3464 0.761 -0.7333 -0.3358 0.5911 -0.729 -0.2064 0.6527 -0.6993 -0.0276 0.7143 -0.7736 0.1716 0.61 -0.5946 0.3383 0.7294 -0.5268 0.5672 0.633 -0.4296 0.6827 0.5911 -0.3084 0.7088 0.6345 -0.2004 0.8286 0.5228 -0.0468 0.7159 0.6966 0.0683 0.7385 0.6708 0.1322 0.6656 0.7345 0.2492 0.6732 0.6962 0.4652 0.6218 0.6301 0.3323 -0.0171 0.943 0.0709 0.0088 0.9974 0.6396 -0.0003 0.7687 0.839 0.112 0.5325 0.3544 0.1093 0.9287 0.6586 -0.1333 0.7406 0.4643 -0.0547 0.884 0.6357 -0.2037 0.7445 0.6119 -0.3381 0.715 0.4897 -0.2192 0.8439 0.5004 -0.3485 0.7926 0.4545 -0.3014 0.8382 0.1247 -0.1818 0.9754 0.347 -0.2971 0.8896 0.3143 -0.6264 0.7133 0.0257 -0.0528 0.9983 0.1849 -0.4034 0.8961 0.1473 -0.6191 0.7713 0.0967 -0.4175 0.9035 -0.04 -0.2379 0.9705 -0.0601 -0.6282 0.7757 -0.1383 -0.3434 0.9289 -0.1817 -0.2783 0.9432 -0.1182 -0.3538 0.9278 -0.1843 -0.2275 0.9562 -0.0556 -0.0483 0.9973 -0.3159 -0.2524 0.9146 -0.0024 0.0096 1 -0.6033 -0.2806 0.7465 -0.6988 -0.0928 0.7093 -0.5504 -0.0398 0.8339 -0.6307 0.0367 0.7752 -0.5485 0.0635 0.8337 -0.6144 0.1466 0.7753 -0.5705 0.2448 0.7839 -0.3844 0.1615 0.9089 -0.5568 0.4273 0.7124 -0.4455 0.3159 0.8377 -0.3792 0.3638 0.8508 -0.3671 0.4909 0.7901 -0.0617 0.1938 0.9791 -0.2344 0.6204 0.7484 -0.0709 0.5668 0.8208 -0.0153 0.5796 0.8148 0.1586 0.5642 0.8103 0.3059 0.5882 0.7487 0.1698 0.4136 0.8945 0.3863 0.5112 0.7678 0.5136 0.5147 0.6865 0.6364 0.4916 0.5944 0.4205 0.29 0.8597 0.638 0.2891 0.7137 0.5014 0.2437 0.8302 0.307 -0.3869 0.8695 0.232 -0.6315 0.7398 0.1824 -0.5533 0.8128 0.0122 -0.6366 0.7711 -0.0805 -0.3642 0.9278 -0.1641 -0.3625 0.9174 -0.2453 -0.3075 0.9194 -0.3397 -0.223 0.9137 -0.5635 -0.1792 0.8065 -0.33 0.6394 0.6944 0.0555 0.5422 0.8384 0.6257 -0.7767 0.0725 0.5216 -0.8417 0.1397 0.699 -0.6892 0.1907 0.8051 -0.5929 0.0177 0.8607 -0.4946 0.1211 0.9148 -0.3337 0.2277 0.9736 -0.2234 0.0474 0.9695 -0.0538 -0.2393 0.9828 0.125 -0.1359 0.9519 0.2295 0.203 0.9383 0.3379 -0.0733 0.8312 0.4851 -0.2716 0.7511 0.6561 0.0736 0.6646 0.7322 -0.1488 0.5367 0.805 0.2529 0.4886 0.8679 -0.0892 0.3448 0.9387 -0.0036 0.2102 0.9773 -0.0278 0.0332 0.9726 -0.2302 -0.1455 0.9887 0.0348 -0.2531 0.9447 -0.2086 -0.387 0.898 0.2093 -0.5028 0.8348 0.2245 -0.5981 0.7064 0.3785 -0.7851 0.5854 0.2024 -0.8585 0.4721 -0.2002 -0.9315 0.3112 -0.188 -0.971 0.1375 0.1956 -0.9995 0.0277 0.017 -0.9737 -0.1165 0.1956 -0.9692 -0.1971 -0.1477 -0.9303 -0.3609 0.0658 -0.8696 -0.4907 -0.0555 -0.751 -0.6088 -0.2556 -0.654 -0.7515 0.0863 -0.5666 -0.8222 0.0542 -0.4655 -0.885 0.0099 -0.3208 -0.9432 0.0865 -0.1692 -0.983 -0.0712 0.0069 -0.9989 0.0466 0.1212 -0.9925 0.0134 0.2782 -0.9524 0.1246 0.3967 -0.9176 0.0255</float_array><technique_common><accessor count="350" source="#eSeries_UR5e_082-mesh-slim-nrm-array" stride="3"><param type="float" name="X"/><param type="float" name="Y"/><param type="float" name="Z"/></accessor></technique_common></source><source id="eSeries_UR5e_082-mesh-slim-pos"><float_array count="1050" id="eSeries_UR5e_082-mesh-slim-pos-array">-6.063583 428.5301 45.89936 13.53755 357.0019 45.89997 37.22051 393.8819 45.8997 27.13716 417.3065 45.89958 -16.01597 425.4306 45.89627 -22.9026 421.0565 45.89994 20.80197 422.5827 45.89994 33.13221 408.8358 45.89922 35.75895 401.9962 45.89994 1.298268 428.9199 45.89994 22.57171 362.0692 45.89927 -36.98044 387.0119 45.8994 6.459717 428.3773 45.89994 -33.868 407.3274 45.8994 11.49542 427.1218 45.89994 16.30741 425.1776 45.89994 36.36819 383.5397 45.8994 34.16303 376.732 45.99811 -1.762244 354.5024 45.8994 -34.95655 379.0194 45.89994 6.459713 355.1076 45.89994 -12.08037 356.4649 45.90154 -21.20862 361.0701 45.89995 29.88761 369.4566 45.8994 -26.75944 365.9012 45.89994 -32.84565 374.2782 45.89994 -30.09544 369.8769 45.89994 -37.21728 394.4577 45.99797 -36.3871 399.4768 45.89994 -30.09542 413.6082 45.89994 -26.75944 417.5838 45.89994 15.87239 357.6662 46.65889 -18.29389 424.5811 46.66561 -22.8161 421.6073 46.66397 -26.7486 418.1431 46.66335 -35.11503 378.3695 46.66729 -30.08559 369.2367 46.65613 -18.46535 359.0515 46.67163 -4.239401 354.4027 46.6637 6.138142 354.664 46.66346 20.68235 360.3627 46.66357 24.84634 363.5443 46.66393 37.11771 397.5986 46.66731 16.10629 425.6737 46.67618 11.54879 427.4627 46.66878 -13.38006 426.8536 46.67012 -8.701456 428.3063 46.66268 -3.558512 429.1558 46.66317 1.645042 429.287 46.66351 6.761575 428.7044 46.66293 20.67114 423.1143 46.67039 24.76539 420.0001 46.66838 28.44417 416.2935 46.66807 31.5826 412.0995 46.66816 34.10108 407.5219 46.66744 35.9556 402.6563 46.66688 37.57168 392.4283 46.66768 37.31007 387.246 46.67134 36.17594 381.4968 46.6876 33.35204 374.5133 46.70396 31.66319 371.5018 46.64689 28.53188 367.2793 46.6651 10.90065 355.7867 46.66821 0.955256 354.1731 46.66358 -9.363011 355.3491 46.66448 -14.2638 356.9815 46.66457 -22.80266 361.8846 46.67014 -26.67099 365.276 46.66812 -32.92248 373.6327 46.66758 -36.626 383.3466 46.66781 -37.43864 388.5227 46.66548 -37.53438 394.1658 46.70449 -36.66109 400.0364 46.66695 -35.09443 405.2232 46.66439 -33.01062 409.7101 46.66213 -30.1619 414.166 46.66507 -13.79122 426.1913 46.69993 -17.00333 358.7607 46.69993 -21.52407 361.5162 46.69993 -30.22631 413.2666 46.69993 -32.98186 408.7459 46.69993 -26.85545 417.3492 46.69993 -22.93792 420.9104 46.69993 -18.55341 423.8779 46.69993 -12.13644 356.6765 46.69993 -3.527216 428.6813 46.69993 1.765615 428.8073 46.69993 -25.60664 364.887 46.69993 -8.748262 427.8034 46.69993 7.022515 428.1787 46.69993 12.13646 426.8084 46.69993 37.06478 389.9769 46.69993 36.43626 384.72 46.69993 35.06597 379.6061 46.69993 32.98185 374.7392 46.69993 30.22633 370.2185 46.69993 26.85547 366.1359 46.69993 -36.06084 382.9943 46.69993 -36.9388 388.2153 46.69993 -37.06478 393.5081 46.69993 -36.43624 398.765 46.69993 -35.06597 403.8789 46.69993 22.93791 362.5746 46.69993 18.5534 359.6071 46.69993 13.79121 357.2937 46.69993 -29.16791 368.8046 46.69993 -32.13544 373.1891 46.69993 -34.44876 377.9513 46.69993 25.60663 418.598 46.69993 21.52405 421.9688 46.69993 29.16793 414.6804 46.69993 32.13544 410.2959 46.69993 34.44878 405.5337 46.69993 36.06084 400.4908 46.69993 36.93878 395.2697 46.69993 8.748277 355.6817 46.69993 3.527233 354.8037 46.69993 -1.765624 354.6777 46.69993 -7.022525 355.3063 46.69993 17.00332 424.7243 46.69993 18.17882 359.3099 47.12831 22.85219 362.483 47.15481 26.97787 366.1459 47.13365 30.49184 370.5389 47.13356 35.42259 380.5076 47.10215 33.25827 375.0711 47.13478 36.67504 385.6248 47.14412 37.13738 391.3794 47.13404 32.12996 410.4867 47.10413 27.40347 416.8532 47.15037 23.41017 420.6039 47.09967 19.06278 423.6397 47.1583 12.23886 426.8685 47.1373 6.814906 428.2343 47.16682 1.431878 428.9246 47.09706 -6.015733 428.3922 47.16115 -13.41877 426.4374 47.12519 -18.67163 423.8889 47.08974 -25.70336 418.6793 47.10756 -30.46906 413.054 47.11071 -34.15583 406.4364 47.1161 -36.47608 399.0849 47.09808 -37.1734 392.3515 47.14703 -37.3426 389.887 47.08546 -35.58642 381.0856 47.16925 -34.45832 377.7118 47.08885 -30.78189 370.9435 47.16253 -27.34886 366.5682 47.08669 -24.79216 364.0424 47.08745 -20.62297 360.7955 47.15702 -13.95308 357.3026 47.17029 -6.537959 355.1017 47.09396 0.698894 354.589 47.15864 7.857994 355.4167 47.1584 13.21155 357.0366 47.13699 36.98263 395.5867 47.08987 37.14519 397.1121 47.16103 37.44449 391.5654 47.11028 37.2145 387.6601 47.08877 36.5794 383.8462 47.09137 35.17289 378.6464 47.15131 33.34372 374.747 47.07075 28.59774 367.6064 47.08507 26.06133 364.883 47.09322 20.16668 360.2242 47.0751 15.33894 357.5388 47.09157 10.06723 355.7056 47.07268 6.388871 354.8709 47.08528 2.630902 354.4037 47.0947 -1.239024 354.3181 47.10811 -5.085495 354.6087 47.15493 -10.60099 355.9047 47.06601 -10.45771 355.6978 47.17837 -19.64715 359.8742 47.07308 -23.44424 362.4396 47.15467 -27.76094 366.5529 47.1714 -30.10797 369.4598 47.11187 -32.90365 374.113 47.06636 -33.05214 374.0145 47.14787 -35.36416 379.3265 47.15492 -36.28477 382.5499 47.09107 -37.05201 386.3531 47.11397 -37.37395 393.8884 47.10045 -36.72701 399.2966 47.11096 -32.70645 409.8252 47.07151 -35.08066 404.9024 47.13402 -32.90682 409.7605 47.15448 -29.67483 414.5757 47.1033 -26.14042 418.6622 47.14818 -21.62815 421.9819 47.0894 -20.2147 423.3681 47.17184 -15.35114 425.8826 47.09549 -10.24039 427.7886 47.08504 -4.349692 428.9322 47.10065 1.181964 429.2494 47.1342 6.493331 428.5998 47.08133 10.29474 427.7303 47.09466 17.21455 424.9702 47.0862 21.93548 422.1594 47.12107 26.12728 418.5558 47.10025 29.46367 414.7517 47.07316 29.83135 414.4903 47.17862 33.05453 409.4295 47.16761 34.46372 405.8194 47.06217 34.7029 405.9365 47.20344 35.86782 402.4866 47.11212 36.20627 400.3516 47.1047 30.85872 370.5362 47.10833 23.20815 362.371 47.10554 -15.64725 357.7228 47.11226 13.8451 426.5313 47.11445 31.30707 412.2715 53.04928 35.92928 402.2209 53.06825 37.19583 387.6439 53.05123 34.99851 378.2577 53.02174 28.27841 367.2205 53.06153 24.38763 363.2291 52.995 19.98208 360.0268 52.97887 4.272696 354.4597 53.00099 -1.26405 354.29 53.01146 -7.16259 354.9182 52.9791 -12.27395 356.323 52.97845 -15.73952 357.7211 52.97851 -19.1071 359.4922 52.97893 -22.19612 361.5392 52.98268 -25.06847 363.8721 52.97845 -27.76389 366.5565 52.97889 -30.11766 369.4142 52.94969 -32.19902 372.6753 53.06513 -33.92572 375.7978 52.97849 -36.06374 381.3716 53.0109 -37.41317 390.5066 53.0518 -36.6719 399.7279 52.99724 -32.50919 410.3949 53.05131 -25.77457 419.0109 53.00558 -19.79229 423.6296 52.9677 -15.05166 426.0625 52.99934 -9.457717 428.0491 52.99061 -1.920139 429.187 53.02311 3.143285 429.0909 52.99496 7.232036 428.453 53.06196 12.6565 427.04 53.03235 22.40456 421.8459 53.00141 37.11443 393.3139 52.97056 36.98105 396.7742 53.08133 37.41958 391.2059 53.06625 37.19468 396.7711 52.98996 36.14719 400.5264 53.0047 36.58916 383.8299 53.06101 36.68661 385.7287 52.98871 35.21958 379.7708 53.06909 32.56056 373.2778 53.05131 33.36363 375.2974 53.01657 30.57757 370.1775 53.07222 30.44775 370.5107 52.97901 23.9962 363.0827 53.07745 27.03497 366.1977 53.01551 16.55985 358.157 53.03938 19.81285 360.17 53.08615 18.27854 359.3638 53.01069 8.738009 355.3469 53.07384 8.078768 355.4287 53.01147 -7.012048 355.0339 53.07837 -2.778017 354.6523 53.05423 -14.14648 357.1511 53.07836 -20.61348 360.5785 53.0804 -15.64883 358.0593 53.0171 -18.895 359.7817 52.99772 -25.02651 364.1192 53.08615 -29.46863 368.7398 53.07672 -26.13808 365.3001 53.01993 -33.80846 376.2612 53.06002 -37.08922 386.5959 53.04426 -37.05338 388.4555 53.02255 -37.33391 394.3578 53.06541 -37.05538 393.9778 52.98319 -36.40593 399.5333 53.06034 -34.7558 405.5574 53.07565 -34.05456 406.5743 52.97199 -29.50176 414.7984 53.04617 -30.36177 413.2268 53.0189 -25.7571 418.6052 53.05278 -21.45787 422.1082 53.07007 -9.614274 427.8121 53.08352 -13.58182 426.3755 53.04699 -5.869057 428.4836 53.0576 -2.643815 428.8266 53.01803 10.61149 427.3573 53.0442 17.78698 424.6564 53.07223 15.44843 425.5471 52.99231 21.85543 421.8731 53.05137 26.46928 418.2289 53.03819 28.83224 415.5837 53.04417 29.80377 414.001 53.01748 34.09348 407.3554 53.04215 33.85534 407.0736 53.01992 22.82052 362.4414 53.01608 13.12948 356.6883 53.05562 13.18055 357.0203 53.01639 2.314923 354.6533 53.04758 -8.639669 355.6247 53.01403 -12.23484 356.6764 53.016 -22.01796 361.8333 53.01638 -31.05103 371.3474 52.97802 -35.54274 380.7764 53.04539 -18.19319 424.1872 53.06536 5.064804 428.5778 53.01481 22.93791 362.5746 53.44993 18.5534 359.6071 53.44993 26.85547 366.1359 53.44993 30.22633 370.2185 53.44993 32.98185 374.7392 53.44993 35.06597 379.6061 53.44993 36.43626 384.72 53.44993 37.06478 389.9769 53.44993 36.93878 395.2697 53.44993 36.06084 400.4908 53.44993 34.44878 405.5337 53.44993 32.13544 410.2959 53.44993 29.16793 414.6804 53.44993 25.60663 418.598 53.44993 21.52405 421.9688 53.44993 17.00332 424.7243 53.44993 12.13646 426.8084 53.44993 7.022515 428.1787 53.44993 1.765615 428.8073 53.44993 -3.527216 428.6813 53.44993 -8.748262 427.8034 53.44993 -13.79122 426.1913 53.44993 -18.55341 423.8779 53.44993 -24.89669 419.1298 53.44993 -30.22631 413.2666 53.44993 -32.98186 408.7459 53.44993 -35.06597 403.8789 53.44993 -36.43624 398.765 53.44993 -37.06478 393.5081 53.44993 -36.9388 388.2153 53.44993 -36.06084 382.9943 53.44993 -34.44876 377.9513 53.44993 -32.13544 373.1891 53.44993 -29.16791 368.8046 53.44993 -25.60664 364.887 53.44993 -21.52407 361.5162 53.44993 -17.00333 358.7607 53.44993 -12.13644 356.6765 53.44993 -7.022525 355.3063 53.44993 -1.765624 354.6777 53.44993 3.527233 354.8037 53.44993 8.748277 355.6817 53.44993 13.79121 357.2937 53.44993</float_array><technique_common><accessor count="350" source="#eSeries_UR5e_082-mesh-slim-pos-array" stride="3"><param type="float" name="X"/><param type="float" name="Y"/><param type="float" name="Z"/></accessor></technique_common></source><vertices id="eSeries_UR5e_082-mesh-slim-pos-vertices">
          <input semantic="POSITION" source="#eSeries_UR5e_082-mesh-slim-pos"/>
        </vertices>
        <triangles count="655" material="Black-material"><input offset="0" semantic="VERTEX" source="#eSeries_UR5e_082-mesh-slim-pos-vertices"/><input offset="1" semantic="NORMAL" source="#eSeries_UR5e_082-mesh-slim-nrm"/><p>0 0 1 1 4 4 4 4 1 1 5 5 3 3 2 2 6 6 1 1 0 0 9 9 1 1 9 9 10 10 2 2 9 9 12 12 12 12 14 14 2 2 2 2 14 14 15 15 2 2 15 15 6 6 2 2 3 3 8 8 8 8 3 3 7 7 2 2 16 16 9 9 9 9 16 16 17 17 11 11 1 1 19 19 19 19 1 1 20 20 19 19 20 20 18 18 18 18 21 21 19 19 19 19 21 21 22 22 17 17 23 23 9 9 9 9 23 23 10 10 19 19 22 22 24 24 19 19 24 24 25 25 25 25 24 24 26 26 11 11 27 27 1 1 1 1 27 27 28 28 1 1 28 28 13 13 13 13 29 29 1 1 1 1 29 29 30 30 1 1 30 30 5 5 32 32 5 5 33 33 33 33 5 5 30 30 33 33 30 30 34 34 34 34 30 30 29 29 34 34 29 29 75 75 75 75 29 29 13 13 75 75 13 13 74 74 74 74 13 13 73 73 73 73 13 13 28 28 73 73 28 28 72 72 72 72 28 28 27 27 27 27 11 11 70 70 70 70 11 11 69 69 69 69 11 11 19 19 69 69 19 19 35 35 35 35 19 19 25 25 35 35 25 25 68 68 68 68 25 25 26 26 68 68 26 26 36 36 36 36 26 26 24 24 36 36 24 24 67 67 67 67 24 24 22 22 67 67 22 22 66 66 66 66 22 22 37 37 37 37 22 22 21 21 37 37 21 21 65 65 65 65 21 21 64 64 64 64 21 21 18 18 64 64 18 18 38 38 38 38 18 18 63 63 63 63 18 18 20 20 63 63 20 20 39 39 39 39 20 20 1 1 39 39 1 1 62 62 62 62 1 1 31 31 31 31 1 1 10 10 31 31 10 10 40 40 40 40 10 10 41 41 41 41 10 10 23 23 41 41 23 23 61 61 61 61 23 23 60 60 60 60 23 23 17 17 17 17 16 16 58 58 58 58 16 16 57 57 57 57 16 16 2 2 57 57 2 2 56 56 56 56 2 2 42 42 42 42 2 2 8 8 42 42 8 8 55 55 55 55 8 8 7 7 55 55 7 7 54 54 54 54 7 7 53 53 53 53 7 7 3 3 53 53 3 3 52 52 52 52 3 3 51 51 51 51 3 3 6 6 51 51 6 6 50 50 50 50 6 6 15 15 50 50 15 15 43 43 43 43 15 15 14 14 43 43 14 14 44 44 44 44 14 14 12 12 44 44 12 12 49 49 49 49 12 12 9 9 49 49 9 9 48 48 48 48 9 9 0 0 48 48 0 0 47 47 47 47 0 0 46 46 46 46 0 0 4 4 46 46 4 4 45 45 45 45 4 4 32 32 32 32 4 4 5 5 17 17 58 58 59 59 17 17 59 59 60 60 70 70 71 71 27 27 27 27 71 71 72 72 37 37 77 77 78 78 37 37 78 78 66 66 79 79 75 75 74 74 79 79 74 74 80 80 80 80 74 74 73 73 75 75 79 79 81 81 75 75 81 81 34 34 82 82 33 33 34 34 82 82 34 34 81 81 33 33 82 82 83 83 33 33 83 83 32 32 37 37 65 65 77 77 77 77 65 65 84 84 47 47 85 85 86 86 47 47 86 86 48 48 87 87 67 67 66 66 87 87 66 66 78 78 45 45 32 32 76 76 76 76 32 32 83 83 45 45 76 76 88 88 45 45 88 88 46 46 85 85 47 47 46 46 85 85 46 46 88 88 89 89 49 49 48 48 89 89 48 48 86 86 49 49 89 89 90 90 49 49 90 90 44 44 57 57 91 91 92 92 57 57 92 92 58 58 93 93 58 58 92 92 58 58 93 93 59 59 59 59 93 93 94 94 95 95 60 60 59 59 95 95 59 59 94 94 60 60 95 95 61 61 61 61 95 95 96 96 69 69 97 97 70 70 70 70 97 97 98 98 99 99 71 71 98 98 98 98 71 71 70 70 71 71 99 99 100 100 80 80 73 73 101 101 102 102 41 41 96 96 96 96 41 41 61 61 41 41 102 102 40 40 40 40 102 102 103 103 104 104 31 31 103 103 103 103 31 31 40 40 105 105 36 36 67 67 105 105 67 67 87 87 106 106 68 68 105 105 105 105 68 68 36 36 68 68 106 106 35 35 35 35 106 106 107 107 97 97 69 69 107 107 107 107 69 69 35 35 73 73 72 72 101 101 101 101 72 72 100 100 100 100 72 72 71 71 108 108 51 51 109 109 109 109 51 51 50 50 53 53 110 110 111 111 55 55 54 54 112 112 112 112 54 54 111 111 111 111 54 54 53 53 55 55 112 112 113 113 56 56 42 42 114 114 114 114 42 42 113 113 113 113 42 42 55 55 91 91 57 57 56 56 91 91 56 56 114 114 31 31 104 104 62 62 62 62 104 104 115 115 116 116 39 39 115 115 115 115 39 39 62 62 39 39 116 116 63 63 63 63 116 116 117 117 118 118 38 38 117 117 117 117 38 38 63 63 119 119 43 43 90 90 90 90 43 43 44 44 109 109 50 50 119 119 119 119 50 50 43 43 53 53 52 52 110 110 110 110 52 52 108 108 108 108 52 52 51 51 65 65 64 64 84 84 84 84 64 64 118 118 118 118 64 64 38 38 120 120 103 103 121 121 121 121 103 103 102 102 121 121 102 102 122 122 122 122 102 102 96 96 122 122 96 96 95 95 122 122 95 95 123 123 94 94 125 125 95 95 95 95 125 125 123 123 93 93 124 124 125 125 93 93 125 125 94 94 124 124 93 93 126 126 126 126 93 93 92 92 126 126 92 92 91 91 126 126 91 91 127 127 114 114 155 155 91 91 91 91 155 155 127 127 155 155 114 114 206 206 206 206 114 114 113 113 206 206 113 113 112 112 206 206 112 112 203 203 111 111 128 128 112 112 112 112 128 128 203 203 110 110 129 129 128 128 110 110 128 128 111 111 129 129 110 110 108 108 129 129 108 108 130 130 130 130 108 108 109 109 119 119 131 131 109 109 109 109 131 131 130 130 131 131 119 119 132 132 132 132 119 119 90 90 132 132 90 90 89 89 132 132 89 89 133 133 86 86 134 134 89 89 89 89 134 134 133 133 134 134 86 86 85 85 134 134 85 85 135 135 88 88 135 135 85 85 76 76 136 136 88 88 88 88 136 136 135 135 136 136 76 76 137 137 137 137 76 76 83 83 137 137 83 83 189 189 189 189 83 83 82 82 189 189 82 82 138 138 138 138 82 82 81 81 79 79 139 139 81 81 81 81 139 139 138 138 139 139 79 79 80 80 101 101 140 140 80 80 80 80 140 140 139 139 140 140 101 101 141 141 141 141 101 101 100 100 99 99 142 142 100 100 100 100 142 142 141 141 142 142 99 99 98 98 142 142 98 98 143 143 143 143 98 98 97 97 143 143 97 97 144 144 107 107 144 144 97 97 106 106 146 146 145 145 106 106 145 145 107 107 107 107 145 145 144 144 146 146 106 106 105 105 146 146 105 105 147 147 147 147 105 105 87 87 147 147 87 87 148 148 78 78 149 149 87 87 87 87 149 149 148 148 77 77 150 150 149 149 77 77 149 149 78 78 150 150 77 77 84 84 150 150 84 84 151 151 151 151 84 84 118 118 151 151 118 118 117 117 151 151 117 117 152 152 116 116 152 152 117 117 152 152 116 116 153 153 153 153 116 116 115 115 104 104 154 154 115 115 115 115 154 154 153 153 103 103 120 120 104 104 104 104 120 120 154 154 155 155 206 206 156 156 127 127 155 155 157 157 157 157 155 155 156 156 126 126 158 158 159 159 124 124 126 126 159 159 124 124 159 159 160 160 122 122 162 162 163 163 120 120 164 164 165 165 153 153 154 154 166 166 166 166 154 154 165 165 153 153 166 166 167 167 152 152 168 168 169 169 151 151 152 152 169 169 151 151 169 169 170 170 150 150 151 151 171 171 146 146 147 147 176 176 176 176 147 147 175 175 145 145 146 146 177 177 145 145 177 177 179 179 179 179 177 177 178 178 143 143 144 144 180 180 143 143 180 180 181 181 141 141 142 142 182 182 141 141 182 182 183 183 184 184 140 140 185 185 184 184 185 185 186 186 138 138 139 139 187 187 138 138 187 187 188 188 189 189 138 138 188 188 189 189 188 188 190 190 137 137 189 189 190 190 136 136 191 191 192 192 135 135 136 136 192 192 134 134 135 135 193 193 134 134 193 193 194 194 132 132 133 133 195 195 132 132 195 195 196 196 131 131 197 197 198 198 129 129 130 130 199 199 199 199 130 130 198 198 129 129 199 199 200 200 200 200 199 199 201 201 128 128 200 200 202 202 202 202 200 200 201 201 203 203 128 128 202 202 203 203 202 202 204 204 205 205 156 156 206 206 157 157 158 158 127 127 127 127 158 158 126 126 160 160 161 161 124 124 124 124 161 161 125 125 123 123 125 125 161 161 123 123 161 161 207 207 207 207 162 162 123 123 123 123 162 162 122 122 121 121 122 122 163 163 121 121 163 163 208 208 208 208 164 164 121 121 121 121 164 164 120 120 165 165 154 154 120 120 167 167 168 168 152 152 167 167 152 152 153 153 170 170 172 172 171 171 170 170 171 171 151 151 150 150 171 171 209 209 209 209 171 171 172 172 209 209 173 173 150 150 150 150 173 173 149 149 148 148 149 149 173 173 148 148 173 173 174 174 174 174 175 175 147 147 174 174 147 147 148 148 176 176 178 178 177 177 176 176 177 177 146 146 179 179 180 180 145 145 145 145 180 180 144 144 143 143 182 182 142 142 183 183 185 185 140 140 183 183 140 140 141 141 139 139 140 140 184 184 186 186 187 187 184 184 184 184 187 187 139 139 190 190 191 191 137 137 137 137 191 191 136 136 192 192 193 193 135 135 194 194 195 195 134 134 134 134 195 195 133 133 132 132 196 196 210 210 210 210 197 197 132 132 132 132 197 197 131 131 198 198 130 130 131 131 200 200 128 128 129 129 206 206 203 203 205 205 205 205 203 203 204 204 201 201 211 211 202 202 202 202 211 211 294 294 202 202 294 294 204 204 204 204 294 294 205 205 205 205 294 294 212 212 205 205 212 212 156 156 156 156 212 212 246 246 156 156 246 246 157 157 157 157 246 246 245 245 157 157 245 245 158 158 158 158 245 245 213 213 158 158 213 213 248 248 158 158 248 248 159 159 159 159 248 248 160 160 160 160 248 248 214 214 160 160 214 214 161 161 161 161 214 214 251 251 161 161 251 251 207 207 207 207 251 251 253 253 207 207 253 253 162 162 162 162 253 253 215 215 162 162 215 215 163 163 163 163 215 215 216 216 163 163 216 216 208 208 208 208 216 216 164 164 164 164 216 216 217 217 164 164 217 217 165 165 165 165 217 217 257 257 165 165 257 257 297 297 165 165 297 297 166 166 166 166 297 297 260 260 166 166 260 260 167 167 167 167 260 260 218 218 167 167 218 218 168 168 168 168 218 218 169 169 169 169 218 218 219 219 169 169 219 219 170 170 170 170 219 219 220 220 170 170 220 220 172 172 172 172 220 220 221 221 172 172 221 221 209 209 209 209 221 221 222 222 209 209 222 222 173 173 173 173 222 222 223 223 173 173 223 223 174 174 174 174 223 223 224 224 174 174 224 224 225 225 174 174 225 225 175 175 175 175 225 225 226 226 175 175 226 226 176 176 176 176 226 226 227 227 176 176 227 227 228 228 176 176 228 228 178 178 178 178 228 228 229 229 178 178 229 229 179 179 179 179 229 229 230 230 179 179 230 230 180 180 180 180 230 230 181 181 181 181 230 230 272 272 181 181 272 272 143 143 143 143 272 272 231 231 143 143 231 231 182 182 182 182 231 231 274 274 182 182 274 274 183 183 183 183 274 274 232 232 183 183 232 232 185 185 185 185 232 232 277 277 185 185 277 277 186 186 186 186 277 277 233 233 186 186 233 233 187 187 187 187 233 233 279 279 187 187 279 279 188 188 188 188 279 279 234 234 188 188 234 234 190 190 190 190 234 234 235 235 190 190 235 235 191 191 191 191 235 235 236 236 191 191 236 236 192 192 192 192 236 236 237 237 192 192 237 237 193 193 193 193 237 237 238 238 193 193 238 238 194 194 194 194 238 238 239 239 194 194 239 239 195 195 195 195 239 239 240 240 195 195 240 240 196 196 196 196 240 240 241 241 196 196 241 241 210 210 210 210 241 241 197 197 197 197 241 241 288 288 197 197 288 288 198 198 198 198 288 288 242 242 198 198 242 242 199 199 199 199 242 242 291 291 199 199 291 291 201 201 201 201 291 291 292 292 201 201 292 292 211 211 244 244 243 243 245 245 244 244 245 245 246 246 247 247 243 243 244 244 212 212 247 247 244 244 212 212 244 244 246 246 248 248 213 213 249 249 214 214 248 248 250 250 250 250 248 248 249 249 251 251 214 214 252 252 253 253 251 251 252 252 253 253 252 252 254 254 216 216 215 215 255 255 255 255 215 215 256 256 257 257 217 217 258 258 257 257 258 258 259 259 220 220 219 219 262 262 262 262 219 219 263 263 223 223 222 222 264 264 223 223 264 264 265 265 265 265 264 264 266 266 265 265 266 266 267 267 226 226 225 225 268 268 226 226 268 268 269 269 269 269 268 268 270 270 229 229 228 228 271 271 271 271 228 228 303 303 272 272 230 230 304 304 272 272 304 304 273 273 274 274 231 231 273 273 274 274 273 273 275 275 232 232 274 274 276 276 276 276 274 274 275 275 277 277 232 232 276 276 277 277 276 276 278 278 279 279 233 233 280 280 234 234 279 279 281 281 281 281 279 279 280 280 235 235 234 234 282 282 282 282 234 234 281 281 237 237 236 236 283 283 283 283 236 236 284 284 238 238 285 285 286 286 241 241 240 240 287 287 287 287 240 240 306 306 288 288 241 241 289 289 242 242 288 288 290 290 290 290 288 288 289 289 291 291 242 242 290 290 291 291 290 290 292 292 294 294 211 211 293 293 294 294 293 293 295 295 243 243 249 249 245 245 245 245 249 249 213 213 250 250 252 252 214 214 254 254 256 256 253 253 253 253 256 256 215 215 255 255 256 256 296 296 296 296 259 259 258 258 296 296 258 258 255 255 255 255 258 258 217 217 255 255 217 217 216 216 297 297 257 257 259 259 297 297 259 259 298 298 298 298 261 261 260 260 298 298 260 260 297 297 218 218 260 260 299 299 299 299 260 260 261 261 299 299 263 263 219 219 299 299 219 219 218 218 262 262 263 263 300 300 221 221 220 220 262 262 221 221 262 262 264 264 264 264 262 262 300 300 264 264 300 300 301 301 301 301 266 266 264 264 264 264 222 222 221 221 224 224 223 223 265 265 302 302 265 265 267 267 302 302 270 270 268 268 302 302 268 268 265 265 265 265 268 268 225 225 265 265 225 225 224 224 227 227 226 226 269 269 269 269 270 270 303 303 303 303 228 228 269 269 269 269 228 228 227 227 230 230 229 229 271 271 230 230 271 271 304 304 273 273 231 231 272 272 278 278 280 280 233 233 278 278 233 233 277 277 235 235 282 282 305 305 305 305 284 284 236 236 305 305 236 236 235 235 283 283 284 284 285 285 283 283 285 285 237 237 237 237 285 285 238 238 239 239 238 238 306 306 306 306 238 238 286 286 306 306 240 240 239 239 287 287 289 289 241 241 293 293 211 211 292 292 212 212 294 294 295 295 212 212 295 295 247 247 296 296 307 307 259 259 259 259 307 307 308 308 307 307 296 296 256 256 307 307 256 256 309 309 309 309 256 256 310 310 252 252 311 311 254 254 254 254 311 311 310 310 254 254 310 310 256 256 311 311 252 252 312 312 249 249 313 313 250 250 250 250 313 313 312 312 250 250 312 312 252 252 313 313 249 249 314 314 249 249 243 243 314 314 314 314 243 243 315 315 315 315 243 243 247 247 315 315 247 247 316 316 316 316 247 247 317 317 247 247 295 295 317 317 317 317 295 295 318 318 318 318 295 295 293 293 318 318 293 293 319 319 292 292 320 320 293 293 293 293 320 320 319 319 320 320 292 292 290 290 320 320 290 290 321 321 321 321 290 290 322 322 322 322 290 290 289 289 322 322 289 289 323 323 289 289 287 287 323 323 323 323 287 287 324 324 287 287 306 306 324 324 324 324 306 306 325 325 325 325 306 306 286 286 325 325 286 286 326 326 326 326 286 286 327 327 327 327 286 286 285 285 327 327 285 285 284 284 327 327 284 284 328 328 305 305 329 329 284 284 284 284 329 329 328 328 329 329 305 305 282 282 329 329 282 282 330 330 330 330 282 282 281 281 330 330 281 281 331 331 331 331 281 281 280 280 331 331 280 280 332 332 332 332 280 280 278 278 332 332 278 278 333 333 333 333 278 278 276 276 333 333 276 276 334 334 334 334 276 276 335 335 335 335 276 276 275 275 335 335 275 275 273 273 335 335 273 273 336 336 336 336 273 273 337 337 304 304 338 338 337 337 304 304 337 337 273 273 304 304 271 271 338 338 338 338 271 271 339 339 303 303 340 340 339 339 303 303 339 339 271 271 340 340 303 303 270 270 340 340 270 270 341 341 341 341 270 270 342 342 342 342 270 270 302 302 342 342 302 302 267 267 342 342 267 267 343 343 301 301 344 344 266 266 266 266 344 344 343 343 266 266 343 343 267 267 344 344 301 301 300 300 344 344 300 300 345 345 345 345 300 300 263 263 345 345 263 263 346 346 346 346 263 263 347 347 347 347 263 263 299 299 347 347 299 299 261 261 347 347 261 261 348 348 298 298 349 349 261 261 261 261 349 349 348 348 349 349 298 298 259 259 349 349 259 259 308 308</p></triangles></mesh>
    </geometry>
  </library_geometries>
  <library_visual_scenes>
    <visual_scene id="Scene" name="Scene">
      <node id="eSeries_UR5e_028" name="eSeries_UR5e_028" type="NODE">
        <matrix sid="transform">-9.99987e-4 0 -3.25837e-10 0 -3.25837e-10 4.37108e-11 9.99987e-4 0 0 9.99987e-4 -4.37108e-11 0 0 0 0 1</matrix>
        <instance_geometry url="#eSeries_UR5e_028-mesh" name="eSeries_UR5e_028">
          <bind_material>
            <technique_common>
              <instance_material symbol="JointGrey-material" target="#JointGrey-material"/>
            </technique_common>
          </bind_material>
        </instance_geometry>
      </node>
      <node id="eSeries_UR5e_020" name="eSeries_UR5e_020" type="NODE">
        <matrix sid="transform">-9.99987e-4 0 -3.25837e-10 0 -3.25837e-10 4.37108e-11 9.99987e-4 0 0 9.99987e-4 -4.37108e-11 0 0 0 0 1</matrix>
        <instance_geometry url="#eSeries_UR5e_077-mesh" name="eSeries_UR5e_020">
          <bind_material>
            <technique_common>
              <instance_material symbol="JointGrey-material" target="#JointGrey-material"/>
            </technique_common>
          </bind_material>
        </instance_geometry>
      </node>
      <node id="eSeries_UR5e_021" name="eSeries_UR5e_021" type="NODE">
        <matrix sid="transform">-9.99987e-4 0 -3.25837e-10 0 -3.25837e-10 4.37108e-11 9.99987e-4 0 0 9.99987e-4 -4.37108e-11 0 0 0 0 1</matrix>
        <instance_geometry url="#eSeries_UR5e_078-mesh" name="eSeries_UR5e_021">
          <bind_material>
            <technique_common>
              <instance_material symbol="Black-material" target="#Black-material"/>
            </technique_common>
          </bind_material>
        </instance_geometry>
      </node>
      <node id="eSeries_UR5e_022" name="eSeries_UR5e_022" type="NODE">
        <matrix sid="transform">-9.99987e-4 0 -3.25837e-10 0 -3.25837e-10 4.37108e-11 9.99987e-4 0 0 9.99987e-4 -4.37108e-11 0 0 0 0 1</matrix>
        <instance_geometry url="#eSeries_UR5e_079-mesh" name="eSeries_UR5e_022">
          <bind_material>
            <technique_common>
              <instance_material symbol="LinkGrey-material" target="#LinkGrey-material"/>
            </technique_common>
          </bind_material>
        </instance_geometry>
      </node>
      <node id="eSeries_UR5e_023" name="eSeries_UR5e_023" type="NODE">
        <matrix sid="transform">-9.99987e-4 0 -3.25837e-10 0 -3.25837e-10 4.37108e-11 9.99987e-4 0 0 9.99987e-4 -4.37108e-11 0 0 0 0 1</matrix>
        <instance_geometry url="#eSeries_UR5e_080-mesh" name="eSeries_UR5e_023">
          <bind_material>
            <technique_common>
              <instance_material symbol="Black-material" target="#Black-material"/>
            </technique_common>
          </bind_material>
        </instance_geometry>
      </node>
      <node id="eSeries_UR5e_024" name="eSeries_UR5e_024" type="NODE">
        <matrix sid="transform">-9.99987e-4 0 -3.25837e-10 0 -3.25837e-10 4.37108e-11 9.99987e-4 0 0 9.99987e-4 -4.37108e-11 0 0 0 0 1</matrix>
        <instance_geometry url="#eSeries_UR5e_081-mesh" name="eSeries_UR5e_024">
          <bind_material>
            <technique_common>
              <instance_material symbol="URBlue-material" target="#URBlue-material"/>
            </technique_common>
          </bind_material>
        </instance_geometry>
      </node>
      <node id="eSeries_UR5e_025" name="eSeries_UR5e_025" type="NODE">
        <matrix sid="transform">-9.99987e-4 0 -3.25837e-10 0 -3.25837e-10 4.37108e-11 9.99987e-4 0 0 9.99987e-4 -4.37108e-11 0 0 0 0 1</matrix>
        <instance_geometry url="#eSeries_UR5e_082-mesh" name="eSeries_UR5e_025">
          <bind_material>
            <technique_common>
              <instance_material symbol="Black-material" target="#Black-material"/>
            </technique_common>
          </bind_material>
        </instance_geometry>
      </node>
    </visual_scene>
  </library_visual_scenes>
  <scene><instance_visual_scene url="#Scene"/></scene></COLLADA>
