mtllib ../../spot.mtl
o part_1
usemtl BlackAbs
v -0.000287 -0.045433 0.033115
v -0.000845 -0.045573 0.047179
v 0.003720 -0.047861 0.047065
v -0.006291 -0.047881 0.046680
v 0.003795 -0.044394 0.032885
v -0.004739 -0.043882 0.032774
v -0.001871 -0.047865 0.037614
v 0.008074 -0.047845 0.036788
v -0.005251 -0.043327 0.046933
v 0.004742 -0.043859 0.046977
v 0.006449 -0.041623 0.042883
v 0.006736 -0.041171 0.032399
v -0.006552 -0.041599 0.042460
v -0.006541 -0.041593 0.043356
v -0.006515 -0.041630 0.046854
v 0.006465 -0.041607 0.046801
v -0.011641 -0.047882 0.035829
v 0.006947 -0.041349 0.046633
v -0.009780 -0.041637 0.046073
v -0.007721 -0.037993 0.042975
v -0.006937 -0.041272 0.046555
v 0.007480 -0.038777 0.043048
v -0.000106 -0.030198 0.046336
v 0.003039 -0.001017 0.044191
v 0.003613 -0.031140 0.043152
v -0.005160 -0.032212 0.046178
v 0.005202 -0.032282 0.046152
v -0.002489 -0.030594 0.043243
v -0.037485 -0.041691 0.040147
v -0.037634 -0.047936 0.040030
v 0.036764 -0.041547 0.040386
v -0.007313 -0.035914 0.046129
v 0.007231 -0.035914 0.046132
v -0.006201 -0.033534 0.042990
v 0.006832 -0.034640 0.042941
v -0.009961 0.003140 0.042894
v 0.019145 -0.047822 0.032581
v 0.038114 -0.047773 0.039855
v 0.010466 -0.005872 0.043404
v 0.016825 -0.024819 0.043011
v -0.002863 0.004302 0.043775
v 0.019832 -0.010277 0.040260
v -0.009870 -0.041634 0.042724
v 0.012690 -0.041602 0.041859
v -0.004828 0.006735 0.041058
v 0.002787 0.000516 0.041602
v -0.004779 0.006659 0.042348
v -0.006822 0.007572 0.042814
v 0.009420 -0.004299 0.040929
v 0.007882 -0.003451 0.043186
v -0.012926 0.012037 0.040644
v -0.016647 -0.041646 0.040577
v 0.036464 -0.024231 0.038376
v -0.006916 -0.040889 0.032371
v -0.006797 -0.041278 0.041928
v 0.020429 -0.020889 0.040905
v 0.006646 -0.041274 0.041800
v 0.007051 -0.041183 0.041902
v 0.017953 -0.008639 0.038345
v -0.016764 0.016227 0.037928
v 0.016949 -0.022612 0.039415
v 0.026621 -0.022616 0.039124
v -0.036142 0.003999 0.037326
v -0.007527 -0.037013 0.039979
v -0.017283 -0.022546 0.039331
v -0.017965 0.017329 0.036761
v -0.017742 -0.041468 0.038706
v 0.007480 -0.038216 0.032230
v -0.007547 -0.038358 0.032232
v 0.013092 -0.036790 0.038500
v -0.037097 0.013661 0.034777
v -0.001221 -0.011100 0.040615
v -0.001173 -0.030384 0.040603
v 0.001046 -0.030311 -0.040393
v -0.005642 -0.032632 0.040242
v 0.006081 -0.033477 0.040138
v 0.003075 -0.030947 0.040505
v 0.005544 -0.032530 -0.040029
v -0.022737 -0.047901 0.030224
v -0.003180 -0.030896 -0.040297
v -0.026433 -0.041663 0.038272
v 0.027724 -0.041556 0.037456
v -0.037779 -0.006268 0.037062
v 0.007401 -0.036560 0.039895
v -0.006177 -0.033443 -0.039929
v -0.011842 -0.011559 0.038923
v 0.006561 -0.011035 0.040016
v -0.006963 -0.034769 0.032368
v 0.006875 -0.034685 -0.032167
v 0.006860 -0.034757 0.032372
v 0.037344 -0.026337 0.038937
v -0.013845 -0.036879 0.038257
v 0.000563 -0.009269 0.038971
v -0.024575 -0.025109 0.037842
v -0.001548 0.000331 0.039602
v 0.000742 0.000209 0.039617
v -0.003255 -0.003027 0.039405
v -0.000134 0.006890 0.039623
v -0.001049 0.011736 0.039558
v 0.002416 0.009972 0.039634
v 0.000426 -0.004888 0.039663
v -0.002124 0.016480 0.039781
v -0.000807 0.014922 0.039657
v -0.001536 0.006497 0.039595
v -0.001326 0.006664 0.039562
v -0.001431 0.006628 0.039562
v -0.001532 0.006590 0.039563
v 0.002808 0.014657 0.039419
v 0.003308 0.001922 0.039362
v 0.003047 0.002420 0.039417
v 0.003055 0.003025 0.039530
v 0.003065 0.004183 0.039502
v 0.003035 0.004372 0.039507
v 0.003216 0.004770 0.039374
v 0.001606 0.006442 0.039585
v -0.001890 0.006300 0.039589
v 0.001284 0.006639 0.039540
v -0.001628 0.006549 0.039565
v -0.001720 0.006507 0.039568
v -0.002231 0.006410 0.039583
v -0.003430 0.004611 0.039418
v -0.003283 0.002958 0.039495
v -0.039940 -0.041688 0.037820
v 0.026819 -0.018847 0.037015
v 0.006278 0.011281 0.039232
v 0.006183 0.015659 0.039259
v 0.008414 0.000631 0.038880
v -0.003035 0.001742 0.039485
v -0.006544 0.000024 0.039090
v -0.001210 0.006803 0.039467
v 0.001472 0.006616 0.039524
v 0.006870 0.005859 0.039141
v 0.001273 0.006723 0.039483
v -0.003286 0.002890 0.039505
v -0.001802 0.006681 0.039471
v -0.001890 0.006621 0.039505
v -0.003695 0.004943 0.039463
v -0.003288 0.002654 0.039420
v -0.003429 0.002136 0.039270
v 0.003276 0.004451 0.039289
v 0.001358 0.006919 0.039401
v -0.001705 0.006752 0.039422
v -0.001674 0.006908 0.039242
v 0.003054 0.004557 0.039463
v 0.002857 -0.000215 0.039339
v -0.003505 0.004306 0.039121
v 0.003234 0.004246 0.039176
v 0.003158 0.004238 0.039382
v 0.008221 0.016765 0.038484
v -0.040066 -0.041689 0.037861
v 0.040136 -0.047749 0.037728
v 0.007606 -0.005026 0.038733
v -0.003359 0.002541 0.039284
v 0.003130 0.002554 0.039284
v -0.006797 0.014716 0.038925
v -0.003403 0.002451 0.039243
v -0.039998 -0.047938 0.037593
v 0.003229 0.002376 0.039204
v -0.003457 0.002363 0.039204
v -0.010631 0.011675 0.038117
v 0.003359 0.002257 0.038938
v -0.003512 0.002366 0.038922
v -0.003644 0.004500 0.039174
v 0.010180 0.009834 0.038124
v 0.007776 -0.003183 0.038873
v -0.005260 0.009713 0.039223
v 0.003371 0.002202 0.039145
v 0.003531 0.002051 0.039136
v -0.003908 0.001933 0.039148
v -0.004106 0.001961 0.039011
v 0.003851 0.001959 0.039422
v -0.002593 0.006995 0.037711
v -0.004071 0.004712 0.038972
v -0.006779 0.006773 0.038973
v -0.003767 0.002070 0.039087
v -0.014560 0.009795 0.036863
v -0.009416 -0.009720 0.038239
v -0.011179 0.001724 0.038052
v -0.009101 -0.003505 0.038654
v 0.027657 -0.012539 0.035050
v -0.006087 0.016805 0.038911
v -0.006806 -0.000254 0.037304
v 0.007515 0.011894 0.037029
v -0.006357 0.011891 0.037309
v 0.008786 -0.000200 0.036799
v 0.007296 -0.005156 0.037063
v 0.003273 -0.002889 0.037536
v -0.006190 -0.002935 0.037235
v 0.005417 0.009648 0.037295
v 0.003336 0.016871 0.037536
v -0.006022 0.016828 0.037281
v 0.012512 0.015873 0.037768
v -0.009034 0.014594 0.036708
v 0.011652 0.006767 0.037744
v -0.011349 0.004775 0.037626
v 0.011480 0.004888 0.037764
v -0.026738 -0.041639 0.033270
v -0.013075 0.014819 0.037454
v 0.008431 0.011841 0.038438
v -0.009191 0.010463 0.038727
v 0.022925 -0.022392 0.036218
v -0.003714 0.002107 0.037579
v -0.008311 -0.004989 0.038700
v 0.003320 0.002295 0.037472
v -0.013036 0.016185 0.037549
v -0.003563 0.004465 0.037481
v -0.012744 0.005888 0.037789
v -0.005235 -0.005219 0.037436
v 0.002946 0.014548 0.037683
v -0.076667 0.000378 0.038659
v 0.024588 -0.011447 0.034419
v 0.024435 -0.025133 0.037918
v 0.022141 -0.036743 0.034125
v 0.008560 0.006956 0.036755
v 0.003423 0.004593 0.037598
v -0.021730 0.019530 0.035543
v -0.038964 -0.018329 0.035768
v 0.038724 -0.025468 0.036987
v 0.016149 0.010866 0.036356
v 0.016210 0.000395 0.036142
v 0.011529 0.016815 0.035834
v 0.016773 -0.004849 0.035834
v -0.076191 -0.009100 0.037358
v -0.092530 -0.012043 0.036742
v -0.076795 0.012707 0.036554
v 0.014861 0.001805 0.036543
v -0.092883 -0.002245 0.038456
v -0.075100 -0.001980 0.037371
v 0.016981 0.014895 0.035726
v -0.007319 0.009637 0.037187
v 0.017460 -0.003164 0.035456
v 0.012259 -0.009831 0.037598
v -0.025454 -0.024677 0.037206
v -0.093958 -0.010512 0.036182
v -0.093137 0.004944 0.038094
v -0.019088 -0.012226 0.035944
v -0.016546 0.006784 0.035706
v 0.008535 -0.009289 0.036671
v -0.012658 0.006876 0.035614
v -0.002359 -0.009099 0.037742
v -0.015039 -0.004998 0.036548
v 0.027083 -0.024978 0.036319
v -0.018440 0.016545 0.035076
v -0.014295 -0.005138 0.034912
v -0.017737 -0.003263 0.035440
v 0.007209 -0.061637 0.036962
v -0.002639 -0.061656 0.037555
v -0.008675 0.026060 0.036818
v 0.002356 0.026641 0.037441
v -0.094581 -0.001523 0.036395
v -0.074893 0.005786 0.036800
v -0.020888 -0.036640 0.034842
v 0.014679 0.009743 0.034697
v 0.034255 -0.021208 0.035222
v 0.028668 -0.013313 0.034837
v -0.023433 -0.022537 0.035973
v 0.017772 0.011577 0.035275
v -0.012487 -0.061674 0.035521
v 0.016999 0.009878 0.035601
v -0.005854 0.027483 0.036498
v 0.014797 0.005582 0.036813
v -0.093012 0.012344 0.036411
v 0.020947 0.016522 0.033569
v 0.019979 -0.041515 0.037715
v -0.016507 0.016722 0.034068
v -0.017726 0.011328 0.035550
v 0.037594 -0.023377 0.036304
v -0.028883 -0.041665 0.035704
v -0.031783 -0.047908 0.020167
v -0.053863 0.002053 0.036623
v -0.016600 -0.010407 0.036388
v -0.018804 0.001278 0.034976
v -0.053845 -0.007297 0.035960
v -0.011247 0.004731 0.036118
v -0.016757 -0.009495 0.034012
v -0.013254 -0.000054 0.037341
v -0.016517 0.001903 0.033946
v 0.018645 -0.009757 0.034264
v 0.017027 -0.005052 0.033624
v -0.053882 0.011709 0.034816
v 0.009859 0.027516 0.035440
v -0.040093 -0.010956 0.035671
v -0.028729 -0.061433 0.036809
v -0.029160 -0.054449 0.036801
v -0.028408 -0.054122 0.036541
v 0.014933 0.004807 0.034494
v -0.075300 0.016971 0.033614
v 0.033433 -0.019484 0.033513
v -0.053933 -0.003466 0.035202
v -0.037256 0.021600 0.030571
v -0.036006 -0.054091 0.030240
v -0.027820 -0.023888 0.033801
v 0.030537 -0.041654 0.031001
v -0.019261 -0.004664 0.034672
v -0.018700 0.010342 0.034995
v -0.074682 -0.013428 0.034436
v -0.004386 -0.061567 0.022079
v -0.053971 0.007040 0.034580
v -0.001960 0.028315 0.035632
v 0.019921 0.005838 0.034396
v -0.043135 -0.041683 0.024171
v -0.040779 -0.041687 0.034493
v 0.046550 -0.041500 0.007059
v 0.018003 -0.011724 0.036446
v -0.046612 -0.047926 0.006506
v -0.036056 -0.047909 0.010735
v 0.030989 -0.047788 0.021651
v 0.047209 -0.047723 0.002401
v -0.040803 -0.026724 0.029956
v 0.044632 -0.026518 0.010861
v 0.019871 0.000031 0.034160
v 0.016893 -0.061615 0.033652
v 0.010114 -0.061544 0.020519
v -0.022802 -0.061190 0.029944
v -0.023522 -0.054009 0.030475
v 0.012451 0.001986 0.035766
v 0.018879 -0.009542 0.032788
v -0.036177 -0.061524 0.029968
v -0.027683 -0.025084 0.035749
v -0.094488 -0.016812 0.032750
v 0.021953 0.006806 0.032515
v -0.074739 0.022230 0.029612
v 0.041805 -0.023713 0.019316
v -0.023160 -0.061690 0.029601
v -0.024409 0.009802 0.030828
v 0.016642 0.014703 0.033957
v 0.023256 0.014908 0.031788
v 0.013299 -0.002961 0.035345
v 0.011968 0.026030 0.035766
v -0.039980 -0.015769 0.034746
v -0.094576 0.012149 0.034599
v -0.094548 -0.005726 -0.036235
v -0.094372 -0.025182 -0.026838
v -0.094638 0.033109 -0.014734
v -0.094623 0.016293 -0.032389
v -0.094430 -0.034012 -0.013841
v -0.094415 -0.037060 0.000428
v -0.074606 -0.001748 0.025148
v -0.019925 0.015156 0.034305
v -0.027738 -0.022843 0.032845
v -0.018561 0.004955 0.034990
v -0.092716 -0.020762 0.032549
v -0.074626 0.009163 0.023627
v -0.053827 -0.016553 0.032738
v 0.027961 -0.041198 0.031749
v 0.027247 -0.023118 0.033370
v 0.019461 -0.000085 0.032247
v 0.035876 -0.021008 0.031837
v 0.024601 0.005148 0.030911
v -0.057467 0.001680 0.035102
v -0.020159 0.026055 0.031951
v 0.015762 0.028031 0.032733
v -0.014731 0.027966 0.033315
v 0.022612 -0.004645 0.032390
v -0.074590 -0.009778 0.023232
v -0.022927 0.004806 0.030077
v -0.057468 0.009024 0.033968
v -0.057456 -0.005775 0.034674
v -0.019079 -0.061684 0.032357
v 0.026026 -0.011489 0.031049
v -0.024958 0.015851 0.031043
v -0.025084 -0.010169 0.030415
v -0.058866 -0.003350 0.034154
v -0.059456 0.003939 0.033428
v -0.005020 0.028345 0.030245
v 0.004309 0.028363 0.030340
v -0.041028 -0.041679 0.024716
v -0.040853 -0.024857 0.028837
v -0.053938 -0.014581 0.032250
v -0.018080 -0.003051 0.033329
v -0.018238 0.011771 0.033154
v -0.020282 0.006809 0.031783
v -0.076594 -0.017346 0.034568
v -0.076815 0.020723 0.032486
v -0.027493 -0.036828 0.029954
v -0.021132 0.006608 0.033587
v -0.057949 -0.012464 0.032717
v -0.093777 0.020659 0.031722
v 0.019643 0.011831 0.032233
v 0.019657 0.006878 0.032103
v 0.025330 0.000150 0.030218
v -0.025306 0.023212 0.031849
v 0.022029 0.001679 0.032915
v 0.024996 -0.003617 0.030711
v -0.053900 0.021194 0.029955
v -0.053972 0.016879 0.031065
v -0.074691 -0.022720 0.029310
v 0.028428 -0.024666 0.033655
v -0.022098 0.014835 0.032818
v -0.058522 0.012565 0.032315
v -0.020953 0.000245 0.033682
v -0.019397 0.011715 0.034504
v 0.032204 -0.016648 0.032456
v -0.059530 -0.013626 0.030317
v 0.034026 -0.041445 0.025580
v 0.027365 -0.004750 0.028399
v -0.021088 0.027460 0.030281
v 0.023848 0.009992 0.031377
v -0.025949 0.000042 0.029853
v 0.022517 0.001925 0.030096
v -0.041062 -0.018257 0.033058
v 0.028698 -0.024182 0.032351
v 0.029745 -0.012910 0.030036
v -0.006195 -0.051658 0.032549
v 0.001919 -0.051643 0.033071
v -0.004008 -0.051786 0.022246
v -0.041940 -0.017233 0.033041
v -0.094387 -0.033498 0.015585
v 0.012280 -0.051623 0.030978
v 0.009073 -0.051830 0.019826
v 0.025940 0.009876 0.027431
v 0.028556 -0.036725 0.028827
v 0.025985 0.028441 0.024398
v -0.094240 -0.025967 0.026833
v -0.076663 -0.025118 0.029269
v -0.092583 0.020993 0.032393
v -0.076863 0.026997 0.027617
v -0.025060 -0.003320 0.030693
v -0.006965 -0.034751 -0.032165
v -0.011429 -0.034616 -0.030993
v -0.022935 -0.053418 0.029825
v -0.024062 0.001657 0.031482
v 0.025759 0.006662 0.029783
v -0.025206 -0.011840 0.031887
v -0.029118 -0.024553 0.031976
v -0.025113 -0.004876 0.030633
v -0.026427 0.006193 0.029623
v 0.023929 -0.003317 0.031514
v -0.024550 0.005066 0.031128
v -0.033516 -0.041486 0.026192
v 0.024318 0.011526 0.031146
v 0.022602 0.027546 0.028917
v -0.059598 -0.004717 0.024853
v 0.025325 -0.061594 0.027852
v -0.057835 -0.018533 0.029718
v -0.024719 0.001816 0.028547
v -0.025292 -0.009779 0.027897
v -0.022875 -0.005074 0.030188
v -0.020782 0.009730 0.031692
v -0.020792 0.014671 0.031695
v -0.020908 -0.000149 0.031615
v -0.017967 -0.051678 0.027996
v 0.010971 -0.034573 -0.031095
v 0.013905 -0.034534 0.030267
v -0.029587 -0.017248 0.030677
v -0.058011 0.018625 0.029634
v -0.024482 0.016640 0.028751
v -0.053812 -0.024715 0.027093
v -0.054013 0.023627 0.026099
v 0.036934 -0.018264 0.026614
v -0.026619 0.011332 0.029368
v -0.024176 0.010455 0.031649
v -0.094448 0.027017 0.025398
v -0.029628 0.014984 0.026489
v -0.041344 -0.026959 0.026068
v -0.030368 -0.024664 0.030415
v 0.028517 -0.009759 0.024522
v -0.028771 0.026131 0.028855
v -0.030916 -0.041664 0.030771
v -0.025832 0.028039 0.025614
v 0.028149 0.015266 0.027741
v -0.029655 0.016801 0.028138
v -0.029582 -0.011207 0.027483
v 0.028212 0.001329 0.027684
v 0.034286 -0.013904 0.024903
v 0.030773 0.000314 0.024726
v 0.022503 0.004888 0.030253
v 0.027844 -0.009983 0.027573
v 0.028376 0.016502 0.027376
v 0.000943 0.033805 0.030267
v 0.006002 0.033782 0.029650
v -0.031965 -0.024558 0.029127
v -0.029606 -0.021413 0.027833
v -0.013927 -0.034656 0.030314
v -0.017064 -0.051736 0.014968
v -0.029480 0.011636 0.023947
v -0.043244 -0.061521 0.018757
v 0.026167 0.014818 0.026895
v 0.022745 0.016745 0.030171
v -0.092453 -0.028015 0.026531
v -0.092560 0.027643 0.026798
v -0.074577 -0.016750 0.018814
v -0.074643 0.017215 0.018342
v -0.022887 -0.061587 -0.029675
v -0.029596 0.001632 0.026202
v -0.035850 -0.041673 0.028867
v -0.029619 0.009915 0.026106
v -0.029577 0.016554 0.026523
v -0.030762 0.022313 0.026524
v -0.029632 0.011437 0.026326
v 0.040207 -0.021761 0.021942
v -0.059561 0.019988 0.026676
v -0.029624 0.006261 0.026631
v -0.027196 0.026059 0.026140
v -0.000362 0.037658 0.021797
v 0.031859 -0.023459 0.028847
v -0.029596 -0.004782 0.026308
v -0.021200 -0.061404 0.004634
v -0.015681 -0.061438 0.015229
v -0.021139 -0.061445 -0.004405
v -0.059582 -0.014036 0.020908
v -0.059624 0.007824 0.024132
v -0.029519 -0.003178 0.023713
v 0.033620 -0.023538 0.027548
v -0.007416 0.033663 0.029560
v 0.029648 0.033587 0.022988
v 0.026407 0.006835 0.026671
v -0.035056 -0.025178 0.028146
v 0.036108 -0.041534 0.028309
v 0.034914 -0.024659 0.027910
v 0.024573 -0.003031 0.028532
v 0.031274 -0.011558 0.025500
v -0.033856 -0.036731 0.022580
v -0.002649 0.032732 0.028935
v 0.004687 0.028365 0.028686
v -0.002835 0.028481 0.028873
v -0.033625 -0.022726 0.026902
v 0.029180 0.010861 0.026873
v 0.029535 0.011710 0.025560
v 0.004123 0.032842 0.028550
v 0.029821 0.006452 0.025956
v 0.005379 0.028580 0.028134
v 0.033402 0.015054 0.020934
v -0.034614 0.029999 0.022982
v -0.053914 0.028290 0.023305
v -0.009096 0.028340 0.027644
v -0.005937 0.028540 0.028065
v 0.028900 -0.003193 0.026837
v -0.033999 -0.024183 0.028015
v -0.029602 -0.003333 0.026145
v 0.026537 0.037678 0.014839
v 0.004413 0.032657 0.027824
v -0.003302 0.032641 0.028082
v -0.029593 0.000180 0.026328
v -0.002908 0.028778 0.027498
v 0.005240 0.028815 0.026969
v -0.007826 0.031035 0.027706
v -0.001843 0.030976 0.027480
v 0.002100 0.031062 0.028721
v -0.029605 0.009809 0.023464
v -0.029614 0.014750 0.023468
v -0.029586 -0.000071 0.023456
v -0.059334 -0.024186 0.023548
v -0.041879 -0.054462 0.021599
v -0.012050 0.037587 0.018611
v -0.040571 -0.041697 0.016490
v 0.023679 0.025915 0.029372
v -0.033679 -0.026817 0.022814
v -0.057853 0.024193 0.025353
v 0.000308 0.036390 0.020986
v 0.005226 0.030982 0.026958
v -0.019506 0.033860 0.023383
v -0.015511 0.033480 0.026211
v 0.029058 0.026665 0.023464
v 0.003608 0.036255 0.020744
v -0.029607 0.004870 0.023442
v -0.029618 0.004930 0.025881
v 0.002121 0.032652 0.026256
v -0.012138 0.028552 0.026133
v -0.008667 0.030920 0.026129
v 0.022923 -0.051596 0.023924
v 0.015709 -0.051687 0.015763
v -0.011483 0.032627 0.025862
v 0.036237 -0.014794 0.026774
v 0.029489 0.028419 0.021634
v 0.029911 0.028420 0.021015
v -0.038358 -0.041676 0.026185
v 0.030269 0.032818 0.020968
v -0.029868 -0.053581 0.023214
v 0.037390 -0.024831 0.025088
v -0.075452 0.031319 0.021168
v -0.030053 0.025039 0.022823
v 0.034246 -0.036552 0.021813
v -0.009241 0.032637 0.024881
v -0.015732 0.028329 0.024607
v 0.040209 -0.015068 0.020178
v -0.016041 0.028320 0.026420
v -0.042157 -0.028894 0.023258
v -0.029582 -0.009828 0.023368
v -0.037677 -0.024855 0.024810
v 0.035917 -0.022752 0.023507
v 0.029895 0.032711 0.020438
v 0.025988 -0.004948 0.027241
v -0.015832 0.031028 0.024068
v -0.015960 0.030955 0.022612
v 0.031565 0.001666 0.023591
v 0.031697 0.015434 0.023571
v -0.029638 0.016578 0.023346
v -0.029597 -0.005010 0.023313
v -0.037148 -0.025142 0.026206
v -0.053905 -0.024473 0.025388
v -0.057478 -0.026753 0.022929
v 0.030194 0.031047 0.019514
v -0.038513 -0.041367 0.017966
v 0.034147 -0.004636 0.019536
v 0.032081 -0.004434 0.023015
v 0.038569 -0.041526 0.024967
v -0.030612 0.027696 0.020372
v -0.059641 0.016700 0.018841
v 0.029699 0.011742 0.023168
v 0.031326 0.006791 0.020770
v 0.001802 0.028370 0.026287
v -0.032103 0.025318 0.024623
v 0.031342 -0.003089 0.020784
v 0.030372 0.001866 0.022422
v -0.016965 0.028335 0.015066
v -0.007810 0.028344 0.025038
v 0.030768 0.005064 0.024409
v -0.040952 -0.032670 0.019849
v -0.012382 0.032718 0.026266
v 0.030980 0.016674 0.021174
v -0.094457 0.034592 0.013237
v 0.031879 -0.061575 0.019992
v 0.031281 0.014896 0.020839
v -0.014343 0.028807 0.023718
v -0.029611 0.001756 0.023305
v -0.029470 0.006696 0.023944
v 0.038079 -0.041457 0.018751
v -0.076160 -0.029046 0.025217
v -0.053799 -0.031245 0.019130
v -0.026636 -0.051688 0.019712
v 0.024616 -0.034593 0.022354
v -0.029838 0.028327 0.017606
v 0.025208 0.028416 0.015066
v 0.029462 0.028421 0.018246
v -0.093015 -0.032199 0.020918
v -0.021683 0.028315 0.019366
v -0.019053 0.028715 0.021596
v -0.018750 0.032617 0.021218
v 0.031653 0.009994 0.023145
v 0.034113 0.010396 0.019836
v 0.032403 0.006349 0.022514
v -0.074734 0.031403 0.018647
v 0.033513 0.016440 0.020733
v -0.019255 0.032774 0.021584
v 0.032273 -0.003264 0.022486
v -0.041823 -0.032621 0.019101
v -0.015287 0.028333 0.021343
v -0.047529 -0.041692 0.024171
v -0.047359 -0.041664 0.002820
v -0.045381 -0.054068 0.012188
v 0.039540 -0.041521 0.020920
v -0.059545 0.027329 0.019288
v 0.028720 0.000033 0.024443
v 0.029327 0.027290 0.023327
v -0.074567 -0.021911 0.012370
v 0.031902 -0.004851 0.019781
v -0.037466 0.033115 0.017266
v -0.026305 0.028320 0.016163
v -0.035712 -0.053924 0.015980
v -0.018035 0.032619 0.019250
v -0.022295 0.031024 0.018252
v -0.021890 0.030928 0.016876
v 0.001199 -0.060981 0.021341
v 0.036319 0.001513 0.015717
v -0.053877 -0.030123 0.018200
v 0.033441 0.011433 0.020884
v 0.034509 0.006562 0.018936
v 0.034200 0.000273 0.019429
v 0.033411 0.005438 0.021131
v -0.031685 0.029080 0.019647
v 0.032484 0.033368 0.021832
v 0.032477 0.033493 0.021755
v 0.032462 0.033607 0.021662
v -0.092441 -0.034321 0.017586
v -0.092945 0.032168 0.020983
v -0.076815 0.034351 0.017746
v -0.059567 -0.021627 0.013220
v 0.034661 -0.003304 0.018624
v -0.015492 0.036231 0.015129
v -0.075147 -0.032702 0.018505
v 0.002162 -0.052155 0.021260
v 0.033790 -0.009851 0.016327
v 0.038030 -0.014458 0.018825
v -0.035796 0.030009 0.018366
v -0.024887 -0.034690 0.022225
v 0.030186 -0.051573 0.013970
v 0.034973 0.032598 0.020839
v -0.041472 -0.031580 0.019648
v 0.031392 0.028041 0.020430
v -0.049747 -0.031179 0.019607
v -0.057514 0.028664 0.020264
v 0.040845 -0.014955 0.018210
v 0.034826 0.027145 0.017616
v 0.036662 0.027236 0.019491
v 0.039021 0.027279 0.019672
v 0.027406 0.036276 0.013618
v -0.053922 0.032313 0.017135
v -0.053992 0.029075 0.019990
v 0.029457 0.028872 0.019862
v 0.029932 0.031139 0.021034
v 0.031052 0.005049 0.021262
v -0.059151 0.030004 0.015913
v -0.007427 -0.060860 0.019766
v 0.009400 -0.061088 0.019248
v -0.008506 -0.053170 0.018535
v 0.033139 0.033858 0.021138
v -0.021324 0.028768 0.017546
v 0.000497 0.036932 0.020875
v 0.002718 -0.059481 0.020093
v -0.003115 -0.053177 0.020208
v 0.039260 -0.023561 0.019318
v -0.074652 0.023250 0.009991
v 0.006387 -0.053836 0.019269
v 0.025184 0.036230 0.015045
v 0.040955 -0.041524 0.020078
v 0.031905 0.026915 0.019630
v -0.038429 -0.032548 0.013377
v 0.000075 0.036208 0.015073
v 0.041448 -0.041417 0.009549
v 0.009803 -0.060059 0.017966
v -0.021212 0.028326 0.015474
v -0.035141 -0.053350 0.013684
v 0.031521 0.028742 0.020056
v 0.008317 0.036609 0.019283
v -0.037747 -0.036677 0.014934
v -0.016930 0.035761 0.014957
v -0.006299 -0.059449 0.019315
v 0.039965 0.027283 0.018275
v 0.039888 0.029677 0.018917
v 0.033115 0.028276 0.018330
v 0.032476 0.032909 0.018806
v 0.037715 -0.027239 0.014744
v 0.026555 0.037700 -0.014509
v 0.028865 0.037716 -0.009377
v 0.034975 -0.011845 0.020286
v -0.059651 0.021871 0.012407
v 0.042321 -0.041512 0.019165
v -0.024266 0.032611 0.014586
v -0.048009 -0.033134 0.019201
v 0.032608 0.028856 0.016325
v 0.032663 0.031134 0.018307
v 0.038726 -0.023392 0.019414
v -0.031406 0.031146 0.016028
v 0.034762 0.016816 0.013973
v 0.036779 -0.010897 0.015568
v 0.037974 0.026420 0.019306
v -0.048283 -0.034585 0.015583
v 0.029609 0.032712 0.018406
v 0.033127 0.032721 0.016620
v -0.036503 0.032652 0.017154
v -0.050057 -0.034357 0.013259
v 0.034343 0.000123 0.014998
v 0.038456 0.020236 0.018798
v -0.092766 0.036430 0.012440
v 0.032028 0.019941 0.019464
v 0.034650 -0.004905 0.014253
v 0.035504 -0.010272 0.016201
v 0.039403 0.026421 0.017913
v -0.013335 -0.060071 0.015515
v -0.020062 0.037648 0.008908
v 0.008447 0.036224 0.015073
v 0.008263 0.036478 0.013163
v -0.024912 0.028790 0.011979
v -0.013024 -0.053818 0.015513
v 0.013369 -0.053170 0.015455
v -0.011301 -0.059534 0.016676
v 0.011302 -0.053734 0.016681
v -0.030848 -0.034690 0.012148
v -0.031113 -0.051690 0.011342
v 0.040106 0.030349 0.016445
v 0.036686 0.001142 0.014715
v -0.039852 0.034921 0.012696
v 0.036864 0.027436 0.010124
v 0.036255 0.001794 0.014759
v 0.036704 0.006107 0.014874
v 0.036595 0.005370 0.014666
v 0.036596 0.011274 0.014748
v 0.036008 0.011682 0.014908
v 0.035332 0.032883 0.012681
v 0.035846 0.006712 0.015135
v 0.034274 0.026829 0.014993
v 0.036521 0.014924 0.014464
v 0.036063 0.028844 0.010264
v 0.035672 0.031144 0.011490
v 0.039525 0.026433 0.015970
v 0.036763 0.016507 0.014116
v 0.034424 0.011832 0.014712
v 0.034452 0.006944 0.014671
v 0.034519 0.002115 0.014547
v 0.039294 0.020240 0.017754
v -0.023156 0.032615 0.012621
v 0.036070 -0.061559 0.010656
v 0.019796 -0.061503 0.010172
v 0.036809 -0.047768 0.008259
v -0.050194 0.033439 0.014979
v 0.040227 0.027284 0.016240
v 0.013210 -0.059501 0.015344
v 0.036505 -0.003404 0.014595
v 0.036719 -0.004419 0.014273
v -0.024310 0.032688 0.015863
v 0.034473 0.004858 0.014620
v -0.053792 -0.035290 0.009685
v -0.052025 0.033471 0.014696
v -0.051892 0.034334 0.012816
v -0.053325 0.034729 0.011420
v -0.053926 0.034348 0.012522
v 0.034529 0.031000 0.011218
v 0.035833 -0.003155 0.014870
v 0.039179 0.020485 0.016359
v 0.039028 0.026438 0.015975
v -0.053867 -0.033738 0.010212
v 0.035727 0.027167 0.015166
v -0.030330 0.032030 0.011865
v -0.019818 0.036159 0.008442
v -0.015866 -0.052385 0.014380
v 0.034684 0.019800 0.014044
v 0.033248 0.028435 0.010955
v -0.025731 0.028426 0.013456
v -0.026705 0.031024 0.010777
v -0.026140 0.030960 0.009022
v -0.042645 -0.041671 0.010327
v -0.040527 -0.031758 0.015282
v 0.038374 0.020123 0.014679
v 0.039308 0.023499 0.016073
v 0.039577 0.027256 0.015712
v -0.076620 -0.035061 0.016170
v -0.025583 0.033760 0.016603
v -0.030080 0.033524 0.004915
v -0.092836 -0.036962 0.010609
v 0.039352 0.022131 0.015463
v 0.037988 0.026335 0.015139
v 0.037320 0.033808 0.011816
v 0.037705 0.027283 0.011753
v 0.015713 -0.061040 0.014431
v 0.034234 -0.009210 0.015470
v 0.039486 0.023406 0.015388
v 0.037548 -0.010914 0.015077
v 0.039603 0.021657 0.014939
v 0.034540 0.009919 0.014696
v 0.041390 -0.014788 0.009192
v -0.058966 -0.030619 0.014986
v -0.057444 -0.032282 0.013668
v -0.057877 0.032551 0.013056
v -0.029664 0.028317 0.007499
v 0.038125 -0.036683 0.013792
v 0.036368 0.011361 0.014992
v 0.038922 0.025018 0.015041
v 0.036905 0.026359 0.014977
v 0.039255 0.027293 0.003789
v 0.035966 0.006727 0.014969
v -0.041159 0.036307 0.006517
v 0.040976 -0.006484 0.013842
v 0.038904 0.025161 0.014546
v -0.024741 0.028339 -0.008432
v -0.026195 0.028330 -0.000219
v -0.016965 0.028360 -0.016056
v -0.019614 0.028351 -0.017425
v -0.024977 0.028325 0.008031
v 0.033308 0.028452 -0.010544
v 0.025208 0.028442 -0.016056
v 0.035340 0.028440 0.001515
v 0.000264 0.036804 0.013177
v 0.041355 -0.009282 0.014607
v 0.035929 -0.003151 0.014804
v 0.040764 -0.010152 0.015124
v 0.040851 0.023380 0.015069
v 0.034457 0.014783 0.014644
v 0.038889 -0.030766 0.011325
v 0.038224 -0.013319 0.013655
v 0.035957 0.006897 0.014698
v -0.051657 0.033520 0.014648
v 0.036454 0.011434 0.014781
v 0.041157 0.022390 0.014843
v -0.050512 0.033988 0.013648
v 0.036084 0.006839 0.014720
v 0.035983 -0.003122 0.014683
v 0.036092 -0.003137 0.014634
v 0.038498 -0.011898 0.014266
v 0.036066 0.005067 0.014797
v 0.036501 0.010099 0.014660
v 0.034709 0.025693 0.013958
v 0.040845 0.025102 0.014305
v 0.036900 0.015018 0.014238
v 0.036573 0.000241 0.014584
v 0.034760 -0.006222 0.013959
v -0.050234 0.033563 0.014601
v 0.038366 0.019960 0.014095
v 0.037263 0.006036 0.014415
v 0.037292 0.010734 0.014390
v 0.039362 0.020560 0.014249
v 0.036900 0.001340 0.014537
v 0.036679 0.011415 0.014594
v 0.025193 0.036277 -0.014562
v -0.051868 0.033614 0.014583
v 0.036433 0.011946 0.014468
v 0.036770 0.011372 0.014553
v -0.050086 0.034119 0.013564
v -0.050047 0.034008 0.013540
v -0.050870 0.034173 0.013210
v -0.051966 0.033846 0.013831
v -0.051871 0.033886 0.013668
v 0.036886 0.001446 0.014504
v 0.036903 0.011292 0.014503
v 0.037099 0.001347 0.014425
v 0.036876 0.001755 0.014409
v 0.036484 0.007287 0.014373
v 0.041245 -0.012139 0.013440
v 0.037109 0.015618 0.014213
v 0.035890 0.003255 0.014274
v 0.037478 0.001149 0.014338
v 0.036625 -0.000359 0.014315
v 0.034694 -0.001613 0.013967
v 0.037318 0.016227 0.013960
v 0.034547 0.012681 0.014406
v 0.040746 0.013972 0.014178
v 0.037401 0.005685 0.014354
v 0.041373 -0.005701 0.012752
v 0.037806 0.005892 0.014313
v 0.037674 0.000840 0.014319
v 0.040664 -0.000608 0.014176
v 0.034498 -0.002998 0.014633
v 0.039078 0.020105 0.014053
v 0.037151 0.015351 0.014180
v 0.039062 0.020242 0.014155
v 0.038965 0.020201 0.014163
v -0.049518 0.033932 0.013880
v 0.037057 -0.003682 0.014014
v 0.036530 -0.002805 0.014074
v 0.039165 0.020287 0.014150
v 0.036939 -0.004445 0.013989
v 0.037521 -0.003920 0.013715
v 0.037368 0.015567 0.014097
v 0.041192 -0.003922 0.013395
v 0.040699 0.019074 0.013493
v 0.037746 0.015766 0.013997
v 0.041235 0.025739 0.011947
v -0.017864 -0.060787 0.010920
v 0.036856 -0.004479 0.014045
v 0.037184 -0.003789 0.013929
v 0.041289 0.018746 0.012999
v 0.037546 0.015790 0.014034
v 0.037266 -0.003745 0.013874
v 0.037029 -0.004410 0.013932
v -0.022606 -0.051739 -0.000216
v 0.031813 -0.034565 0.009576
v 0.036507 -0.004958 0.013916
v -0.047820 -0.037351 0.008722
v -0.017731 -0.053779 0.009752
v 0.040953 -0.012466 0.012258
v 0.039292 -0.012829 0.012126
v 0.037584 -0.004153 0.013709
v -0.046762 -0.061222 0.005448
v 0.039603 -0.036656 0.008401
v 0.037702 -0.004151 0.013680
v 0.037800 -0.004126 0.013663
v -0.052033 0.034025 0.013347
v 0.037962 -0.004138 0.013643
v 0.040631 0.025905 0.012842
v 0.016563 -0.053021 0.011961
v 0.035342 0.026161 0.012318
v -0.051561 0.034208 0.012979
v -0.049471 0.034362 0.012848
v -0.043235 -0.034743 0.004964
v -0.028464 0.028320 0.006436
v -0.027337 0.032767 0.009446
v 0.036891 0.032738 0.003709
v -0.039914 -0.036978 0.007626
v -0.050989 0.034355 0.012684
v -0.029090 0.033449 0.008970
v -0.051792 0.034400 0.012485
v -0.076511 0.038134 0.005079
v -0.027507 0.032612 0.006598
v -0.050844 0.034498 0.012236
v -0.038591 0.033506 0.010903
v -0.052343 0.035344 0.009233
v -0.051940 0.035648 0.008415
v -0.053914 0.035701 0.007768
v -0.054066 0.034249 0.008707
v -0.050916 0.034744 0.011604
v -0.051706 0.034856 0.011041
v -0.051916 0.034709 0.011493
v 0.038985 -0.027048 0.010906
v -0.057205 0.034376 0.007197
v -0.057981 -0.034234 0.006773
v 0.020186 -0.051820 0.008049
v -0.074862 0.036107 0.008333
v 0.040251 -0.011858 0.009233
v -0.059542 0.032744 0.005714
v -0.094661 0.036351 -0.000206
v 0.018071 -0.059937 0.009362
v 0.039312 -0.025033 0.009675
v -0.039535 0.035044 0.005841
v -0.074562 -0.024699 0.004601
v -0.074587 -0.036373 -0.000190
v -0.016490 0.037677 -0.014592
v -0.021942 0.037592 -0.001772
v -0.050324 0.034798 0.011379
v -0.050291 0.035084 0.010604
v 0.043637 -0.015794 0.011976
v -0.049240 0.034791 0.011695
v 0.041103 0.024837 0.007853
v -0.059561 -0.024791 0.003872
v -0.059506 -0.032092 0.007925
v 0.040669 0.025276 0.009759
v 0.041059 -0.011585 0.009356
v 0.037493 0.032827 0.003626
v 0.038679 0.033625 0.005624
v 0.036662 -0.011751 0.007698
v 0.036177 -0.017768 0.010778
v -0.051647 0.035128 0.010286
v 0.037634 -0.017765 0.009450
v -0.037654 -0.053513 0.003162
v -0.050673 0.035245 0.009888
v -0.032092 0.034454 0.007428
v -0.025918 0.032616 0.004714
v 0.036842 -0.011910 0.010049
v -0.051480 0.035513 0.008856
v 0.034591 0.032731 0.007564
v -0.049430 0.035470 0.009239
v -0.037593 -0.047903 0.000495
v -0.050486 0.035540 0.008764
v 0.039677 -0.012407 0.008460
v 0.019170 -0.053777 0.006067
v 0.036611 0.025209 0.007587
v -0.042351 -0.041575 0.004209
v -0.040167 -0.034563 0.005820
v -0.033001 -0.034686 0.002902
v -0.033175 -0.051687 -0.000562
v 0.033203 -0.051559 -0.000382
v 0.040302 -0.013380 0.003910
v 0.037929 0.028357 -0.000317
v -0.050085 0.035569 0.008807
v 0.037316 -0.012156 0.006252
v 0.037634 -0.017750 -0.009215
v 0.037477 -0.017756 0.000105
v -0.093672 -0.037553 0.003744
v -0.092402 -0.038652 -0.000373
v 0.037343 0.031156 0.002586
v -0.074785 -0.036105 0.009095
v -0.093117 0.038023 0.004337
v -0.051140 0.035628 0.008356
v -0.028684 0.028323 0.001936
v -0.028673 0.031011 0.002392
v -0.052057 0.035559 0.008344
v -0.051638 0.035662 0.008152
v -0.051517 0.035615 0.008138
v -0.046925 -0.054129 0.000456
v -0.051838 0.035615 0.008085
v -0.051291 0.035646 0.008036
v 0.041353 -0.011264 0.007848
v -0.052197 0.035742 0.007584
v -0.051283 0.035696 0.008046
v 0.040285 -0.036705 0.004368
v -0.051891 0.035717 0.008076
v -0.043692 -0.041638 0.002846
v -0.052007 0.035741 0.007950
v 0.037486 0.027221 0.000487
v 0.037401 0.028841 0.000283
v 0.037586 -0.061548 0.000534
v 0.021050 -0.061109 0.003647
v -0.049798 0.036180 0.005726
v -0.049497 0.035993 0.006953
v -0.053789 -0.036558 -0.003765
v 0.019764 -0.059396 0.003696
v -0.019825 -0.053236 0.004339
v -0.053894 0.036191 0.005186
v -0.018499 -0.059484 0.008367
v -0.049746 0.035905 0.007321
v 0.041281 0.026552 0.000815
v -0.049938 0.036007 0.007030
v -0.049800 0.035883 0.007170
v -0.049945 0.035947 0.007019
v 0.036238 0.031080 0.000260
v -0.050807 0.035979 0.006653
v -0.039981 0.035308 -0.001060
v -0.048134 -0.037993 -0.000203
v -0.029305 0.034012 0.006527
v -0.051938 0.036069 0.006050
v -0.017052 0.036297 -0.012573
v -0.021527 0.036171 -0.000445
v -0.059655 0.025034 0.002795
v -0.051536 0.036098 0.005789
v 0.044911 -0.015539 0.003576
v 0.041220 -0.013407 0.003123
v 0.040557 0.026764 0.002327
v -0.052090 0.036291 0.004746
v -0.042276 -0.041277 0.000375
v -0.051936 0.036086 0.005539
v 0.042908 -0.041509 0.005841
v 0.043745 -0.041494 -0.001961
v -0.076727 -0.038218 0.005466
v -0.051973 0.036189 0.005514
v -0.075166 -0.037482 -0.002249
v -0.057919 0.034935 0.001564
v 0.022244 -0.051697 -0.002375
v -0.021001 -0.060942 0.001380
v -0.058993 -0.033944 -0.000724
v 0.020222 -0.053192 0.001440
v 0.035211 0.032740 -0.002799
v -0.046990 -0.047918 -0.003565
v -0.020196 -0.059564 -0.001543
v 0.017567 -0.034563 -0.027808
v 0.022890 -0.034556 -0.023736
v 0.027634 -0.034552 -0.017872
v 0.030763 -0.034551 -0.011945
v 0.032916 -0.034554 -0.002700
v -0.041993 0.036931 0.001811
v 0.030706 0.037688 0.003748
v 0.038394 0.027296 -0.001765
v -0.028895 0.028713 0.002875
v -0.027540 0.028774 0.002937
v -0.029019 0.028326 -0.002731
v 0.042292 -0.014843 -0.002351
v 0.040471 -0.036634 0.001649
v -0.040404 -0.035267 -0.000243
v 0.042116 -0.041029 0.001739
v -0.028134 0.032618 -0.002378
v -0.049944 0.036488 0.003097
v -0.052148 0.036226 0.004573
v -0.051790 0.036365 0.003601
v 0.030034 0.036266 -0.002626
v -0.047530 -0.040267 0.001504
v 0.038964 0.033997 0.000625
v -0.047581 -0.040117 -0.001127
v -0.050833 0.036408 0.003453
v 0.036350 0.028917 0.001339
v -0.031506 0.035015 -0.000500
v -0.054009 0.035050 -0.003276
v -0.050039 -0.036661 0.003029
v -0.051784 0.036365 0.003207
v -0.052060 0.036415 0.002922
v -0.051782 0.036464 0.003219
v -0.049984 0.036539 0.003120
v 0.021039 -0.061543 -0.008426
v -0.046844 -0.061634 -0.003514
v -0.043691 -0.039974 0.000927
v 0.041362 -0.013863 -0.000840
v 0.020895 -0.060787 -0.002486
v 0.036905 -0.047752 -0.007850
v -0.050036 -0.036384 -0.004843
v -0.051919 0.036475 0.002326
v -0.053930 0.036431 -0.002361
v 0.020048 -0.059465 -0.002508
v -0.020042 -0.053810 -0.002367
v -0.026038 0.032623 -0.003662
v -0.074561 -0.024814 -0.003654
v -0.059562 -0.024663 -0.004382
v -0.074742 0.034649 -0.011683
v -0.076638 -0.038318 -0.003405
v -0.092581 0.038237 -0.003342
v -0.076786 0.038238 -0.003645
v -0.075175 0.037115 -0.003235
v -0.059163 0.033840 -0.002304
v -0.059652 0.029986 -0.013644
v -0.052041 0.036541 0.000470
v -0.051398 0.036529 0.001225
v -0.049600 0.036613 0.000136
v -0.052021 0.036484 0.000479
v -0.049803 0.036666 -0.000232
v -0.052234 0.036582 -0.000568
v 0.044982 -0.015662 -0.002725
v 0.044437 -0.014973 -0.001332
v -0.042116 0.036855 -0.002527
v -0.036983 -0.053330 -0.007043
v -0.027656 0.030944 -0.001555
v 0.046649 -0.041489 -0.006186
v -0.053872 -0.035221 -0.001438
v -0.028958 0.032716 -0.000329
v 0.037143 0.032853 -0.005149
v 0.037250 -0.012031 -0.006406
v 0.040830 0.026556 -0.002692
v 0.036835 0.031161 -0.006458
v 0.036209 0.032746 -0.006911
v 0.020558 -0.052454 -0.003651
v 0.019754 -0.053768 -0.003530
v 0.038935 0.027299 -0.005298
v 0.041823 -0.041407 -0.006845
v -0.032439 -0.034677 -0.006574
v 0.046531 -0.047735 -0.006597
v 0.040329 -0.036746 -0.003487
v -0.043685 -0.040337 -0.001389
v -0.049493 0.036585 -0.001876
v 0.040685 -0.013280 -0.003898
v -0.041446 0.036530 -0.005299
v -0.030247 0.033752 -0.004004
v -0.057513 0.034621 -0.004972
v 0.041355 -0.011037 -0.008129
v -0.039906 -0.036966 -0.007462
v -0.043692 -0.041617 -0.002648
v -0.042009 -0.041625 -0.007913
v -0.059655 0.023847 -0.007643
v -0.074658 0.025009 -0.002495
v -0.026196 0.032628 -0.010401
v 0.036100 -0.017754 -0.010423
v -0.020829 -0.052474 -0.003329
v -0.053933 0.035375 -0.009188
v -0.051265 0.036245 -0.004541
v 0.036316 -0.061542 -0.009621
v 0.040093 -0.029766 -0.005308
v -0.036277 -0.047892 -0.009775
v 0.035109 0.028921 -0.008594
v -0.047529 -0.041652 -0.023980
v -0.043249 -0.034804 -0.005035
v -0.042620 -0.041654 -0.010214
v -0.047430 -0.041664 -0.002685
v -0.044916 -0.061577 -0.013074
v -0.045439 -0.054043 -0.011686
v -0.030815 -0.051670 -0.011959
v -0.019528 -0.051672 -0.011727
v 0.040538 -0.014515 -0.000535
v -0.027975 0.032773 -0.006917
v -0.031395 0.033864 -0.008585
v -0.037884 -0.053908 -0.008870
v 0.038285 0.033848 -0.007072
v -0.038819 0.034471 -0.009446
v -0.040785 0.035956 -0.008914
v 0.041191 0.024763 -0.007517
v 0.044114 -0.015644 -0.009143
v 0.040417 -0.012721 -0.005061
v -0.050671 0.036224 -0.004617
v -0.049414 0.036197 -0.005677
v 0.036732 -0.011871 -0.007045
v 0.036550 0.025154 -0.007602
v -0.028022 0.031023 -0.006304
v -0.026847 0.028726 -0.010076
v -0.027587 0.028317 -0.008768
v -0.025044 0.030975 -0.011415
v 0.040629 -0.011830 -0.007074
v -0.039697 -0.034011 -0.008236
v 0.033442 0.032743 -0.010608
v 0.039618 -0.036672 -0.008169
v 0.039565 -0.031221 -0.008390
v 0.036200 0.028294 -0.010843
v -0.026589 0.028784 -0.007114
v 0.036854 0.027300 -0.010783
v 0.036856 0.027303 -0.014489
v 0.037697 0.027302 -0.011431
v 0.031094 -0.051551 -0.011168
v -0.024853 -0.034650 -0.021657
v -0.019998 -0.034637 -0.026278
v -0.018355 -0.053754 -0.008185
v -0.018353 -0.059544 -0.008170
v 0.018356 -0.059473 -0.008190
v 0.018353 -0.053683 -0.008166
v -0.019171 -0.060925 -0.008577
v 0.019171 -0.052301 -0.008570
v -0.059339 0.031662 -0.011099
v 0.019426 -0.061078 -0.008640
v -0.028308 0.033838 -0.010374
v -0.019538 -0.061561 -0.010599
v -0.074595 -0.034454 -0.011667
v -0.058682 -0.032651 -0.010081
v -0.018091 -0.052173 -0.011292
v -0.057539 -0.034881 -0.004052
v -0.057963 0.033379 -0.010094
v -0.075404 -0.036139 -0.010574
v -0.094106 0.036950 -0.005723
v -0.053880 -0.033114 -0.011580
v -0.092841 -0.037034 -0.010005
v -0.075544 0.036141 -0.010390
v -0.076677 -0.037064 -0.010373
v -0.076847 0.037335 -0.008897
v 0.042490 -0.041490 -0.010362
v 0.041072 -0.014749 -0.009994
v -0.074566 -0.022242 -0.011498
v -0.059567 -0.021862 -0.012147
v -0.059528 -0.030794 -0.011572
v -0.074651 0.021862 -0.012111
v -0.052358 0.035712 -0.007528
v 0.039738 -0.012445 -0.007786
v -0.023503 0.032634 -0.011645
v -0.049380 0.035709 -0.008182
v -0.025800 0.032802 -0.012760
v -0.028384 0.033208 -0.010947
v -0.029918 0.033029 -0.005503
v -0.038659 0.033590 -0.010172
v -0.030038 0.031075 -0.012933
v -0.050054 -0.035296 -0.009838
v -0.048310 -0.036654 -0.009550
v -0.054005 0.032347 -0.013859
v -0.053794 -0.033327 -0.014960
v -0.029663 0.028328 -0.007239
v 0.034936 0.031042 -0.009593
v -0.051593 0.035770 -0.007404
v -0.029763 0.028358 -0.016712
v 0.026660 0.036273 -0.013962
v 0.037327 0.033830 -0.011101
v 0.035328 0.032875 -0.012497
v 0.039937 -0.012041 -0.008724
v 0.035994 -0.012073 -0.010216
v 0.037044 -0.017750 -0.010125
v 0.043034 -0.015310 -0.012479
v -0.050045 -0.033676 -0.014517
v -0.052409 0.035569 -0.008314
v -0.050597 0.035482 -0.008917
v -0.052417 0.035647 -0.007864
v 0.017565 -0.051595 -0.014650
v -0.027190 0.028339 -0.013979
v 0.035457 0.026221 -0.011633
v 0.036053 0.028867 -0.010041
v -0.048890 0.034921 -0.011164
v 0.038291 -0.036484 -0.013043
v 0.040138 -0.041276 -0.013318
v 0.037936 -0.041440 -0.019117
v 0.032352 -0.061542 -0.019056
v 0.017044 -0.061557 -0.015014
v 0.040414 -0.011787 -0.008288
v 0.040825 -0.011772 -0.009470
v 0.040709 0.025270 -0.009424
v 0.041339 -0.004306 -0.012659
v 0.041310 -0.000479 -0.013437
v 0.041397 -0.008883 -0.014039
v 0.037345 -0.011866 -0.009439
v -0.049390 0.035214 -0.009959
v -0.050516 0.035382 -0.009087
v -0.024618 0.028345 -0.015415
v -0.093812 0.034894 -0.013900
v 0.032792 0.032748 -0.016896
v 0.034949 0.031165 -0.013061
v -0.092479 0.037001 -0.010333
v -0.026061 0.032449 -0.012330
v -0.076844 0.035701 -0.014110
v -0.092222 -0.035711 -0.014349
v 0.035167 0.027300 -0.015609
v 0.041230 0.018838 -0.012732
v -0.029209 -0.034664 -0.015500
v -0.041391 -0.041401 -0.009114
v -0.016465 -0.060764 -0.012787
v -0.015193 -0.059529 -0.013210
v -0.016463 -0.053765 -0.011422
v 0.016325 -0.052103 -0.013571
v 0.016590 -0.053701 -0.011222
v 0.039659 -0.012543 -0.010747
v 0.038825 -0.025787 -0.036840
v 0.015543 -0.060970 -0.014389
v -0.039988 -0.047876 -0.037482
v -0.032208 -0.047876 -0.019297
v 0.039919 -0.047722 -0.037482
v 0.040120 -0.041477 -0.037160
v -0.043135 -0.041644 -0.023980
v -0.025504 0.033776 -0.016163
v 0.041003 -0.012336 -0.011426
v -0.059650 0.020945 -0.013526
v -0.074738 0.030776 -0.019255
v -0.031743 0.032214 -0.013650
v 0.040938 0.025919 -0.011616
v -0.023016 0.032639 -0.016038
v -0.038357 -0.032446 -0.013088
v -0.034425 -0.053340 -0.015030
v 0.041323 0.025261 -0.012005
v 0.044067 -0.025589 -0.012750
v 0.031929 0.028885 -0.017131
v -0.023429 0.028792 -0.014273
v -0.047573 -0.034411 -0.019787
v -0.041232 -0.032405 -0.013172
v -0.026125 -0.051654 -0.020213
v 0.041026 -0.014844 -0.017123
v 0.042305 -0.041480 -0.018904
v 0.038808 -0.013280 -0.011638
v 0.041338 0.022676 -0.014150
v 0.041443 -0.015864 -0.017978
v -0.052814 0.033981 -0.013277
v 0.039366 -0.012631 -0.012313
v 0.040657 -0.012500 -0.012192
v -0.014230 -0.053741 -0.014155
v 0.015421 -0.059485 -0.012943
v 0.014234 -0.053686 -0.014139
v 0.037424 0.033717 -0.011755
v 0.037682 -0.030928 -0.014625
v 0.034578 0.033866 -0.018589
v -0.058803 0.029907 -0.016505
v -0.058979 -0.029055 -0.017579
v 0.041408 -0.011756 -0.012822
v -0.057527 0.030823 -0.016552
v -0.014004 -0.061381 -0.016774
v 0.040622 0.025846 -0.012863
v -0.057376 -0.032129 -0.013790
v 0.038613 0.027306 -0.014760
v -0.075040 -0.033089 -0.017119
v 0.037878 -0.012509 -0.014232
v -0.037863 -0.036818 -0.014564
v 0.040226 0.027311 -0.015924
v 0.040191 0.030045 -0.016175
v -0.093522 -0.033809 -0.016957
v -0.076646 -0.034261 -0.017383
v -0.092573 0.034203 -0.017326
v -0.075696 0.033751 -0.016901
v -0.053922 0.031454 -0.018687
v -0.037154 0.032605 -0.018023
v -0.024739 0.031041 -0.014440
v -0.035973 0.032265 -0.017610
v -0.036674 0.031137 -0.016143
v -0.022079 0.028352 -0.018186
v -0.023569 0.028738 -0.016113
v 0.033279 -0.047752 -0.017162
v -0.021508 0.032808 -0.019006
v 0.034603 0.025735 -0.013930
v 0.034298 0.026913 -0.014637
v 0.032701 0.028718 -0.017903
v 0.040146 0.030005 -0.017422
v 0.040682 -0.012071 -0.013413
v 0.000289 0.036981 -0.012911
v 0.008210 0.036996 -0.012881
v 0.000302 0.036231 -0.012843
v 0.008240 0.036247 -0.012873
v 0.008447 0.036250 -0.016050
v 0.008292 0.037002 -0.018880
v 0.040985 0.024877 -0.014100
v -0.040427 -0.041644 -0.016778
v -0.039102 -0.041549 -0.016333
v 0.025991 -0.061548 -0.027072
v 0.027666 -0.051552 -0.017886
v 0.040745 -0.005741 -0.013381
v 0.030550 0.032743 -0.016714
v 0.031970 0.031151 -0.019021
v 0.040667 -0.000856 -0.013856
v 0.041148 0.015128 -0.013570
v 0.040801 0.017457 -0.013240
v 0.038613 -0.011807 -0.013993
v 0.040823 -0.011729 -0.013904
v -0.016978 0.035238 -0.016051
v -0.048284 -0.032770 -0.018897
v -0.031499 0.030117 -0.017703
v 0.040643 0.019380 -0.013432
v 0.033099 0.028294 -0.018056
v 0.033367 0.027308 -0.018851
v 0.037709 -0.004243 -0.013397
v 0.036541 0.017260 -0.013440
v 0.034818 0.017281 -0.013422
v -0.041749 -0.061487 -0.021375
v 0.037254 -0.003303 -0.013549
v 0.037807 0.015882 -0.013693
v 0.038007 -0.003981 -0.013395
v 0.034654 0.019845 -0.013825
v -0.053912 -0.030013 -0.018051
v -0.011970 -0.060838 -0.017223
v 0.037558 -0.004165 -0.013463
v 0.037529 -0.004071 -0.013482
v 0.037520 -0.003882 -0.013498
v 0.037290 -0.004355 -0.013526
v 0.037465 -0.004230 -0.013480
v 0.037082 -0.003850 -0.013754
v 0.037189 -0.004400 -0.013567
v 0.037093 -0.004443 -0.013609
v -0.042028 -0.054427 -0.021136
v 0.036357 0.016651 -0.013886
v -0.074576 -0.017263 -0.018082
v -0.059577 -0.016691 -0.018582
v -0.059643 0.017274 -0.018054
v -0.074642 0.016702 -0.018554
v 0.034802 -0.005782 -0.013597
v 0.038504 0.019892 -0.013727
v 0.039388 0.020433 -0.013871
v 0.036971 -0.004453 -0.013695
v 0.039290 0.024921 -0.014294
v 0.036985 -0.004334 -0.013752
v 0.037074 -0.004305 -0.013695
v -0.013149 -0.052129 -0.016657
v 0.030554 0.028453 -0.016521
v 0.037412 0.016222 -0.013672
v 0.036611 -0.005257 -0.013542
v 0.037304 0.016226 -0.013709
v 0.041288 -0.009531 -0.014529
v 0.037204 0.016256 -0.013745
v 0.036862 0.016549 -0.013724
v 0.037227 0.015956 -0.013827
v 0.000075 0.036233 -0.016050
v 0.037620 0.015779 -0.013730
v 0.036786 -0.004392 -0.013957
v 0.040676 0.012897 -0.013951
v 0.000297 0.036993 -0.020309
v 0.034438 0.016635 -0.014438
v 0.036611 0.016440 -0.013993
v -0.018574 0.032649 -0.018417
v 0.036971 0.015020 -0.013932
v 0.037541 0.015708 -0.013755
v 0.037428 0.015788 -0.013778
v 0.037337 0.015649 -0.013822
v 0.036732 0.016496 -0.013835
v 0.036543 0.016555 -0.013905
v -0.018750 0.032651 -0.020904
v 0.036358 -0.002636 -0.013806
v 0.039076 0.020256 -0.013849
v 0.034613 -0.002799 -0.014072
v 0.012296 -0.051695 -0.018349
v 0.040658 -0.008617 -0.014790
v 0.037182 0.015569 -0.013886
v 0.036661 -0.000089 -0.014107
v 0.034530 -0.004825 -0.014267
v 0.039173 0.020407 -0.013920
v 0.038908 0.020270 -0.013951
v 0.037015 0.015622 -0.013994
v 0.039648 0.021884 -0.014753
v 0.038696 0.020183 -0.014018
v 0.038594 0.020133 -0.014024
v 0.038772 0.020246 -0.014042
v 0.038403 0.020152 -0.014459
v 0.036180 -0.003142 -0.014413
v 0.036476 0.014926 -0.014105
v 0.036869 0.015451 -0.014069
v 0.036136 -0.004742 -0.014253
v 0.032040 -0.003067 -0.019508
v 0.037505 0.000843 -0.014069
v 0.037305 0.005679 -0.014095
v 0.037723 0.005944 -0.014048
v 0.036738 0.002087 -0.014116
v 0.037732 0.001091 -0.014052
v 0.037008 0.006362 -0.014169
v 0.037713 0.010884 -0.014044
v 0.036365 0.012238 -0.014115
v 0.034539 0.012423 -0.014146
v 0.037031 0.010236 -0.014114
v 0.035887 0.016650 -0.014161
v -0.020965 0.030995 -0.017677
v 0.036744 0.015733 -0.014348
v 0.036773 0.015523 -0.014185
v 0.040804 0.022047 -0.014651
v 0.037526 0.001101 -0.014076
v 0.037625 0.001164 -0.014057
v 0.037517 0.006041 -0.014072
v 0.037616 0.006104 -0.014053
v 0.037507 0.010981 -0.014068
v 0.037606 0.011044 -0.014049
v 0.037413 0.001179 -0.014092
v 0.037404 0.006119 -0.014088
v 0.037394 0.011059 -0.014084
v 0.036318 0.004490 -0.014104
v 0.036622 0.011671 -0.014226
v 0.034563 0.014229 -0.014081
v 0.037255 0.006162 -0.014133
v 0.037245 0.011102 -0.014129
v 0.037325 0.001111 -0.014125
v 0.037216 0.001024 -0.014185
v 0.038198 0.025410 -0.014160
v 0.036199 0.004903 -0.014333
v 0.034495 0.004890 -0.014323
v 0.034547 0.007476 -0.014155
v 0.037077 0.000702 -0.014192
v 0.037207 0.000765 -0.014154
v 0.034606 0.009295 -0.014168
v 0.036248 0.007131 -0.014154
v 0.034276 0.011728 -0.014805
v 0.034330 0.014949 -0.014663
v 0.036271 0.002016 -0.014324
v 0.036215 0.000114 -0.014412
v 0.041046 0.023475 -0.014611
v 0.036999 0.000618 -0.014207
v 0.036054 0.010009 -0.014490
v 0.036887 0.011041 -0.014317
v 0.032278 0.032966 -0.018732
v 0.036928 0.001382 -0.014249
v 0.036878 0.005476 -0.014239
v 0.036524 0.000692 -0.014687
v 0.036853 0.001447 -0.014271
v 0.036781 0.005430 -0.014280
v 0.034523 -0.000021 -0.014292
v 0.040685 -0.010282 -0.014790
v 0.035889 0.016625 -0.014259
v 0.036859 0.005597 -0.014303
v 0.037310 -0.011604 -0.015069
v 0.036690 0.005386 -0.014321
v 0.036814 0.001369 -0.014342
v 0.036099 0.011660 -0.014635
v 0.035893 0.016610 -0.014426
v 0.036508 0.001512 -0.014594
v 0.034273 0.006780 -0.014808
v 0.036694 0.005437 -0.014349
v 0.034613 -0.004642 -0.018448
v 0.036603 0.006115 -0.014670
v 0.037524 -0.010460 -0.014923
v 0.036663 0.005519 -0.014439
v 0.032018 0.019988 -0.019194
v 0.036639 0.000491 -0.014397
v 0.033963 -0.003200 -0.019576
v 0.034635 0.002256 -0.014300
v 0.035978 0.014939 -0.014446
v 0.034879 -0.003759 -0.018274
v 0.034102 0.001794 -0.015334
v 0.034229 0.010050 -0.014920
v 0.036974 0.026326 -0.014706
v 0.036563 0.000583 -0.014556
v -0.039539 -0.030074 -0.017882
v 0.039448 0.024383 -0.014743
v 0.034595 0.016562 -0.018254
v 0.028872 0.032879 -0.021271
v 0.036496 0.000488 -0.014550
v -0.010776 -0.061602 -0.020267
v 0.035945 0.006700 -0.014894
v 0.040699 -0.014909 -0.017990
v 0.036241 0.005295 -0.014804
v 0.037952 0.026398 -0.014665
v 0.036455 0.011156 -0.014763
v 0.040647 0.023439 -0.014819
v 0.038267 0.025727 -0.014902
v 0.032631 -0.004808 -0.018363
v 0.031898 0.026948 -0.019322
v 0.036036 0.026951 -0.014815
v 0.034840 0.026951 -0.016917
v 0.038555 0.020247 -0.015213
v 0.035727 0.010105 -0.015046
v 0.033549 0.015745 -0.020719
v 0.037206 -0.011232 -0.015074
v -0.035742 -0.029312 -0.019128
v 0.035139 -0.036618 -0.020014
v -0.011558 -0.051648 -0.019579
v 0.038765 0.025165 -0.015212
v 0.039710 0.022440 -0.014910
v 0.034227 -0.008891 -0.015047
v 0.025194 0.035661 -0.016051
v 0.035738 0.001689 -0.016131
v 0.031615 0.000216 -0.023177
v 0.035907 0.000411 -0.015943
v 0.034019 0.006722 -0.019187
v 0.033736 0.010067 -0.019432
v 0.034686 0.010395 -0.018446
v 0.032967 0.015006 -0.020758
v 0.039287 0.023395 -0.015343
v 0.034646 0.011314 -0.018581
v 0.035237 0.005591 -0.017446
v 0.033566 0.001230 -0.020619
v 0.039040 0.021471 -0.015539
v 0.001709 0.037693 -0.021406
v 0.039586 0.026459 -0.015963
v 0.032265 0.033581 -0.021609
v -0.021441 -0.051641 -0.025006
v 0.023525 -0.051556 -0.023156
v 0.031332 0.011709 -0.023281
v 0.031306 0.006824 -0.020513
v -0.057420 -0.028662 -0.019969
v 0.033903 -0.009750 -0.015737
v -0.011502 -0.059507 -0.016377
v -0.011313 -0.053751 -0.016510
v 0.010832 -0.052462 -0.017785
v 0.011502 -0.053707 -0.016372
v 0.031737 0.005057 -0.019808
v 0.035514 -0.010098 -0.015699
v 0.041534 -0.041484 -0.019792
v 0.040428 -0.041486 -0.019957
v 0.039104 0.024243 -0.015790
v -0.094310 0.030735 -0.020726
v -0.023060 0.033729 -0.019487
v 0.029703 0.034097 -0.022209
v 0.039689 0.027310 -0.016280
v 0.011036 -0.061087 -0.018127
v 0.036875 0.031743 -0.019764
v 0.039426 0.020497 -0.016937
v -0.019583 0.028818 -0.019096
v 0.039416 0.026460 -0.016703
v -0.019625 0.028749 -0.020772
v 0.039025 0.020093 -0.017484
v -0.030479 0.027943 -0.019555
v -0.021874 0.028355 -0.021300
v -0.035290 -0.036802 -0.019855
v 0.031112 0.000107 -0.020867
v 0.028722 0.028451 -0.018434
v 0.003939 0.028409 -0.025499
v -0.002986 0.028395 -0.025727
v -0.011025 0.028378 -0.023506
v -0.013914 0.036198 -0.016055
v 0.020024 0.036266 -0.016050
v -0.016856 0.032797 -0.023198
v 0.002104 0.036274 -0.020767
v -0.006121 0.036218 -0.020342
v 0.008296 0.036252 -0.018933
v -0.049727 -0.031179 -0.019390
v -0.026484 0.028285 -0.023539
v -0.018528 0.028363 -0.022290
v 0.032600 -0.010142 -0.021207
v 0.040766 -0.021095 -0.020356
v -0.008256 -0.053726 -0.018273
v -0.006920 -0.059420 -0.018848
v 0.009727 -0.059452 -0.017616
v 0.006843 -0.053794 -0.018873
v 0.033925 -0.011225 -0.021270
v 0.030092 -0.009763 -0.022267
v 0.040242 0.027313 -0.017853
v -0.053806 -0.028174 -0.023197
v 0.009103 -0.061564 -0.020836
v -0.059487 -0.022771 -0.023706
v -0.074831 0.025487 -0.026475
v -0.031016 -0.053309 -0.021080
v 0.029940 0.009970 -0.022478
v 0.029956 0.014910 -0.022441
v 0.031467 0.011761 -0.020070
v -0.038492 -0.041633 -0.025573
v 0.039582 0.026461 -0.017609
v 0.035184 0.027303 -0.018002
v 0.039423 0.027311 -0.018126
v -0.008760 -0.052118 -0.019316
v 0.028726 0.032741 -0.018527
v 0.017702 -0.061559 -0.033075
v -0.015228 -0.051625 -0.029282
v 0.028844 -0.047755 -0.023977
v 0.032861 0.005105 -0.021143
v 0.032155 0.016123 -0.022700
v 0.031483 0.016701 -0.020065
v 0.031526 0.028419 -0.019879
v -0.036624 -0.054041 -0.029279
v 0.033111 0.000360 -0.021018
v -0.035301 -0.041567 -0.023630
v 0.033854 0.005791 -0.020209
v 0.031522 0.000943 -0.023712
v 0.033166 0.010920 -0.021191
v -0.059041 0.024469 -0.023582
v 0.038329 0.026450 -0.018909
v 0.029646 0.032744 -0.020268
v 0.030193 0.029008 -0.018926
v 0.031305 0.031049 -0.017882
v 0.038723 0.020711 -0.018348
v 0.029276 0.031092 -0.019726
v -0.006306 -0.061119 -0.020247
v 0.006306 -0.052088 -0.020240
v -0.057538 0.026711 -0.022508
v 0.038000 -0.014564 -0.023213
v -0.032869 0.026384 -0.023291
v 0.039993 -0.014662 -0.018421
v 0.041324 -0.024048 -0.021448
v 0.006358 -0.061094 -0.020236
v 0.037963 0.020350 -0.018710
v -0.094058 -0.029449 -0.022829
v -0.075417 -0.029574 -0.023229
v 0.039033 0.027311 -0.019366
v 0.030176 0.028455 -0.020556
v 0.029911 0.028847 -0.020708
v 0.038144 -0.014441 -0.018546
v -0.016673 0.033906 -0.024998
v 0.031042 0.032544 -0.020120
v -0.075531 0.029641 -0.023078
v 0.028627 0.028907 -0.019962
v 0.039209 -0.023190 -0.019011
v -0.003620 -0.053800 -0.019674
v 0.003620 -0.059408 -0.019678
v 0.039588 -0.041487 -0.020606
v 0.036178 0.027116 -0.018986
v 0.038307 -0.022906 -0.019360
v 0.038101 0.027309 -0.019122
v 0.039175 0.029927 -0.019164
v -0.076677 -0.030471 -0.023425
v -0.092513 0.031414 -0.021930
v 0.015955 -0.051566 -0.028883
v 0.029396 0.027308 -0.022960
v 0.036305 0.026455 -0.018973
v -0.016593 0.030990 -0.021710
v -0.042051 -0.032637 -0.018879
v -0.009051 0.032854 -0.027113
v -0.092319 -0.032393 -0.020782
v -0.076902 0.032325 -0.020754
v -0.041702 -0.031580 -0.019320
v 0.004048 0.032699 -0.025626
v 0.038751 -0.023802 -0.019664
v -0.041091 -0.041639 -0.024462
v 0.038159 -0.024028 -0.036162
v -0.003745 -0.052487 -0.020479
v 0.003950 0.036994 -0.020234
v -0.030460 0.026257 -0.021829
v 0.034660 -0.013925 -0.024181
v -0.041113 -0.032203 -0.019394
v -0.001269 -0.059491 -0.020001
v 0.001270 -0.053717 -0.019996
v -0.053891 -0.025958 -0.023516
v 0.029461 0.001908 -0.023017
v -0.006855 0.037504 -0.020833
v -0.019393 0.031074 -0.021050
v 0.031775 -0.004615 -0.022962
v -0.032522 0.029318 -0.023513
v 0.031908 -0.004170 -0.023034
v 0.028929 0.031160 -0.021119
v -0.037942 0.028419 -0.023897
v -0.074589 -0.010416 -0.022693
v -0.074634 -0.012616 -0.033996
v -0.059591 -0.009710 -0.022989
v -0.059520 -0.012110 -0.030509
v -0.059629 0.010434 -0.022676
v -0.074628 0.009729 -0.022973
v -0.074731 0.011809 -0.034534
v -0.059583 0.019878 -0.026142
v 0.029816 0.001860 -0.025287
v 0.035950 -0.022085 -0.022976
v -0.000390 -0.060794 -0.020969
v 0.001285 -0.052477 -0.020776
v -0.041236 -0.029215 -0.023270
v -0.027775 0.027528 -0.023926
v -0.032178 -0.036590 -0.024570
v -0.040815 -0.032350 -0.020309
v -0.033799 -0.053832 -0.019378
v 0.031598 0.006658 -0.023242
v -0.013241 0.032663 -0.022401
v -0.002775 -0.051684 -0.021969
v -0.011483 0.032669 -0.025549
v -0.033366 0.029577 -0.023594
v -0.009736 0.033737 -0.028462
v 0.000377 0.036243 -0.020422
v -0.019079 -0.061630 -0.032199
v 0.005197 0.028868 -0.026664
v 0.002730 -0.051678 -0.021919
v -0.019956 0.033427 -0.022708
v 0.029113 0.028454 -0.021458
v 0.005301 0.031101 -0.027859
v -0.058700 -0.023592 -0.024646
v 0.000112 -0.061511 -0.022125
v 0.032116 -0.036670 -0.024532
v 0.004252 0.032702 -0.027509
v 0.003803 0.032898 -0.028240
v 0.038503 -0.041485 -0.024979
v -0.042118 -0.028630 -0.023315
v -0.053907 0.024606 -0.026923
v -0.053996 0.026987 -0.022501
v 0.027151 -0.004886 -0.025707
v -0.093640 0.027124 -0.026174
v -0.011614 -0.061613 -0.035659
v 0.008101 -0.061574 -0.036619
v -0.008967 -0.051611 -0.031674
v 0.005604 0.028414 -0.027779
v 0.005180 0.028805 -0.027862
v 0.033002 -0.041010 -0.026108
v -0.032011 -0.024603 -0.024814
v 0.027103 0.011813 -0.025739
v 0.027974 -0.004723 -0.027505
v 0.037692 -0.024903 -0.024356
v 0.031907 -0.041436 -0.028007
v 0.028336 0.016740 -0.024280
v 0.029113 0.026690 -0.023133
v -0.025834 -0.047858 -0.027178
v 0.005104 0.028413 -0.028297
v -0.092499 0.029009 -0.025021
v -0.002285 0.034000 -0.029771
v -0.031048 0.023045 -0.025824
v -0.059600 -0.002808 -0.032371
v -0.059553 0.008192 -0.031790
v 0.031242 -0.003595 -0.024043
v -0.092453 -0.027761 -0.026538
v 0.028716 0.033590 -0.022981
v 0.033744 -0.012375 -0.022288
v 0.029402 0.015094 -0.025871
v 0.038741 -0.022429 -0.027077
v -0.013651 0.028812 -0.023703
v 0.029754 0.016098 -0.025701
v 0.030183 0.010064 -0.024977
v 0.029662 0.005479 -0.025812
v -0.001939 -0.051596 -0.032897
v 0.006176 -0.051581 -0.032375
v 0.034355 -0.023927 -0.027310
v 0.036364 -0.024671 -0.026255
v 0.029713 0.006211 -0.025787
v -0.015475 0.028498 -0.023990
v -0.007852 0.032675 -0.024836
v 0.029500 0.010583 -0.026018
v -0.009926 0.031024 -0.025522
v -0.026686 -0.053302 -0.026326
v -0.040808 -0.027160 -0.029687
v -0.040575 -0.041634 -0.035755
v 0.027105 -0.003066 -0.028118
v 0.036770 -0.018756 -0.026893
v -0.001845 -0.061593 -0.037445
v -0.015824 0.033231 -0.025749
v 0.007501 0.033631 -0.029029
v -0.029749 0.023808 -0.022904
v -0.014461 0.028374 -0.026785
v -0.029566 -0.000032 -0.023189
v -0.029593 -0.003147 -0.023174
v -0.029617 0.004909 -0.023039
v -0.029601 0.001795 -0.023176
v -0.029628 0.009969 -0.025839
v -0.029585 0.009848 -0.023181
v -0.029612 0.006733 -0.023166
v -0.029771 0.018394 -0.027643
v -0.029638 0.016611 -0.023062
v -0.031725 -0.041128 -0.027704
v -0.029591 -0.004971 -0.023167
v -0.029568 -0.009735 -0.023344
v -0.013998 0.028363 -0.032199
v 0.025523 0.028476 -0.024137
v -0.013287 0.028375 -0.025602
v -0.011243 0.032411 -0.026459
v 0.028829 -0.009921 -0.025724
v -0.035385 -0.061462 -0.030749
v 0.026973 0.004992 -0.025816
v -0.074605 -0.002442 -0.024830
v -0.059606 -0.001677 -0.024891
v -0.059617 0.004140 -0.024526
v -0.074617 0.004111 -0.024526
v 0.026596 -0.003002 -0.026265
v -0.036289 -0.041627 -0.028415
v 0.026571 0.006878 -0.026264
v -0.057490 -0.024045 -0.025290
v 0.028886 -0.011024 -0.027547
v -0.037885 -0.025032 -0.024424
v 0.024788 0.026089 -0.027878
v -0.008435 0.028776 -0.027200
v -0.053888 -0.019852 -0.028995
v -0.037213 -0.024533 -0.024887
v -0.034048 -0.023001 -0.026368
v -0.029611 0.011676 -0.023226
v -0.029632 0.014873 -0.025983
v -0.029627 0.014788 -0.023141
v -0.029602 -0.003230 -0.025830
v -0.029605 0.001606 -0.025991
v -0.029630 0.011559 -0.025913
v -0.074711 -0.026234 -0.025797
v 0.023573 -0.009600 -0.029054
v 0.028989 -0.012817 -0.033692
v -0.003136 0.032688 -0.027798
v 0.028390 0.016638 -0.026906
v -0.042071 -0.024060 -0.028003
v -0.041075 -0.024613 -0.028292
v 0.024920 0.000028 -0.027866
v -0.024746 0.004868 -0.028264
v 0.034206 -0.023090 -0.026283
v 0.027047 0.011664 -0.028376
v 0.027973 -0.011908 -0.029110
v 0.028572 -0.036660 -0.028607
v 0.036396 -0.014959 -0.026517
v -0.024561 0.016685 -0.028418
v 0.027357 0.000229 -0.028119
v -0.012169 0.031104 -0.025833
v 0.005190 0.028415 -0.029815
v -0.076663 -0.025300 -0.028851
v -0.040811 -0.021747 -0.031616
v -0.007693 0.028388 -0.027413
v -0.029588 -0.010859 -0.026703
v -0.092339 0.025285 -0.028826
v -0.028429 -0.036796 -0.028793
v -0.053815 -0.022692 -0.028446
v -0.023409 -0.009592 -0.029413
v -0.026178 0.001676 -0.029429
v -0.036976 0.023475 -0.028812
v 0.036229 -0.041487 -0.027998
v 0.032447 -0.041493 -0.029762
v -0.035766 -0.024680 -0.027038
v 0.022514 0.027732 -0.028597
v 0.024995 0.001953 -0.027745
v -0.025299 -0.005008 -0.027686
v -0.025283 -0.000068 -0.027708
v -0.025292 0.009811 -0.027709
v -0.023897 0.009963 -0.031271
v -0.025311 0.014752 -0.027697
v -0.001280 0.032689 -0.025890
v -0.005323 0.028828 -0.026809
v -0.058891 -0.017911 -0.028885
v -0.059049 0.016662 -0.029567
v 0.037600 -0.047725 -0.039850
v 0.023649 -0.047761 -0.028999
v -0.026277 0.025959 -0.026822
v -0.029576 -0.017124 -0.030438
v -0.029625 0.005088 -0.026004
v -0.006447 0.028391 -0.028147
v 0.023166 0.016790 -0.029325
v -0.022824 -0.053357 -0.029678
v -0.037590 -0.047870 -0.039846
v -0.036533 -0.025531 -0.026839
v 0.022987 0.014826 -0.029458
v 0.021548 0.014936 -0.032759
v 0.022945 0.009885 -0.029504
v -0.029558 -0.011809 -0.027709
v -0.057418 0.021547 -0.027517
v -0.029630 0.016487 -0.025942
v -0.027182 0.024866 -0.029706
v -0.029614 0.006675 -0.025990
v -0.025947 0.011605 -0.029603
v -0.029590 -0.004881 -0.026035
v -0.029599 0.000115 -0.026097
v -0.027305 0.010349 -0.028584
v -0.024967 0.016334 -0.030662
v -0.057400 -0.019767 -0.028736
v -0.002946 0.031038 -0.027097
v 0.026067 0.015212 -0.029388
v -0.005738 0.031096 -0.027824
v -0.028763 -0.053887 -0.036191
v 0.024638 0.005060 -0.030423
v 0.026038 -0.003632 -0.029515
v -0.029568 -0.021316 -0.027637
v -0.033152 -0.022174 -0.027027
v 0.026949 0.001529 -0.028601
v -0.022256 0.027863 -0.028777
v -0.024337 0.000040 -0.030865
v 0.026276 0.006186 -0.029331
v 0.025365 0.016141 -0.030050
v 0.025149 0.006841 -0.029811
v -0.023969 -0.004962 -0.030903
v -0.027382 0.005215 -0.028377
v 0.028653 0.010890 -0.027108
v -0.025843 0.015153 -0.029849
v -0.023561 0.011759 -0.029167
v -0.031798 -0.041617 -0.030000
v 0.034782 -0.024815 -0.027803
v -0.026225 0.006371 -0.029517
v -0.026274 -0.003407 -0.029426
v 0.001418 0.028840 -0.027140
v 0.004015 0.031046 -0.026930
v 0.032581 -0.022707 -0.027669
v -0.093986 0.022586 -0.029845
v -0.075516 0.021900 -0.030496
v 0.035455 -0.020714 -0.032202
v 0.029678 -0.012842 -0.029881
v -0.000456 0.031118 -0.028401
v -0.026102 -0.010382 -0.029522
v -0.000209 0.028629 -0.028467
v 0.033435 -0.023913 -0.027932
v 0.021647 0.004930 -0.030524
v -0.053827 -0.016390 -0.032572
v -0.093939 -0.020658 -0.031265
v -0.034990 -0.024889 -0.027861
v 0.033288 -0.016208 -0.030811
v -0.092397 -0.023798 -0.030102
v -0.076871 0.026188 -0.028143
v -0.032920 -0.023933 -0.028178
v -0.019054 -0.003143 -0.034386
v 0.024239 -0.010205 -0.030870
v 0.021118 -0.004954 -0.030872
v 0.019006 -0.004838 -0.034299
v -0.007333 0.028390 -0.029395
v -0.000405 0.032777 -0.028603
v -0.023182 0.016654 -0.031457
v -0.057522 0.017118 -0.030367
v -0.032164 -0.024683 -0.028852
v 0.031431 -0.024409 -0.029205
v -0.024145 0.005018 -0.031077
v -0.075145 -0.020276 -0.031385
v -0.029483 0.026217 -0.028474
v 0.020855 0.006928 -0.030998
v 0.020828 0.011868 -0.030999
v 0.020850 -0.002952 -0.031016
v -0.024932 0.000366 -0.030573
v 0.023757 -0.004420 -0.031370
v -0.023539 -0.004492 -0.031693
v -0.053895 0.018622 -0.031272
v -0.057436 -0.015175 -0.031409
v 0.023348 0.001837 -0.031467
v 0.019344 0.026196 -0.031853
v 0.023827 0.010224 -0.031196
v 0.023670 0.000555 -0.031444
v -0.031341 -0.024439 -0.029328
v 0.020350 0.001992 -0.031345
v 0.023295 0.010553 -0.031675
v -0.003857 0.033472 -0.029874
v -0.024082 -0.036755 -0.032530
v -0.022930 0.001889 -0.029806
v -0.029193 -0.041514 -0.030746
v 0.036954 -0.022719 -0.035720
v -0.022841 -0.003052 -0.029821
v -0.022850 0.006826 -0.029820
v -0.019269 -0.005050 -0.032169
v -0.020267 -0.000105 -0.031521
v -0.018257 0.009770 -0.032778
v -0.018142 0.014703 -0.032920
v -0.075097 0.016494 -0.033291
v 0.016866 -0.047770 -0.033483
v 0.003159 0.033849 -0.029821
v 0.004535 0.028403 -0.034929
v 0.015399 0.027855 -0.032835
v -0.019106 -0.047840 -0.032188
v -0.053978 0.019272 -0.029345
v -0.030368 -0.024614 -0.030196
v 0.030244 -0.024497 -0.030196
v 0.032775 -0.018388 -0.032914
v -0.001578 0.028402 -0.030265
v 0.019459 0.000058 -0.033930
v 0.019402 0.010025 -0.034061
v 0.027475 -0.022605 -0.032700
v 0.029776 -0.024327 -0.030671
v -0.058722 -0.011909 -0.031945
v -0.076735 -0.020779 -0.032226
v 0.029993 -0.041496 -0.031846
v -0.023499 -0.053871 -0.030168
v -0.027316 -0.022301 -0.032855
v -0.022705 -0.010286 -0.032184
v -0.021960 -0.011880 -0.034010
v -0.017054 0.027318 -0.032588
v -0.029999 -0.041612 -0.032103
v -0.092470 -0.019125 -0.033263
v -0.092483 0.020746 -0.032192
v -0.076806 0.020563 -0.032322
v 0.022935 -0.036664 -0.033333
v -0.037219 0.017135 -0.032896
v 0.025173 -0.041015 -0.033700
v -0.020211 0.001846 -0.033522
v -0.028416 -0.061480 -0.036397
v -0.022847 0.011386 -0.032153
v 0.022286 -0.003099 -0.032207
v 0.030130 -0.024519 -0.030331
v 0.029924 -0.024500 -0.030539
v -0.017986 0.011822 -0.032915
v -0.017804 0.016764 -0.033021
v -0.042310 -0.019427 -0.031323
v 0.021633 0.005542 -0.032885
v -0.028241 -0.054402 -0.036522
v 0.028979 -0.024443 -0.031852
v 0.021548 0.016664 -0.032716
v 0.025467 -0.041480 -0.034155
v 0.017638 -0.009450 -0.032962
v 0.022419 0.011314 -0.032386
v 0.020271 0.011811 -0.033318
v -0.024461 0.021804 -0.033222
v 0.021821 0.006765 -0.032574
v -0.053899 -0.011897 -0.032954
v -0.019042 -0.009494 -0.032362
v -0.016549 0.004813 -0.033668
v 0.034580 -0.020799 -0.033863
v -0.058762 0.008550 -0.033003
v -0.021829 0.006659 -0.032719
v -0.021702 -0.003475 -0.032926
v -0.011335 0.027692 -0.034674
v -0.020397 0.001470 -0.033789
v -0.021581 0.020255 -0.034355
v -0.021877 0.014937 -0.032701
v -0.093922 0.015602 -0.033973
v -0.029221 -0.024363 -0.031500
v 0.024333 -0.011287 -0.034295
v -0.041190 -0.018088 -0.032775
v -0.027673 -0.023388 -0.033125
v 0.028188 -0.023918 -0.032847
v -0.053883 0.012268 -0.034337
v 0.016981 0.009824 -0.033251
v 0.016999 0.014764 -0.033234
v 0.017141 0.016835 -0.033182
v -0.059054 -0.005348 -0.033344
v -0.013462 -0.000106 -0.036685
v -0.057395 0.012298 -0.032699
v 0.019279 -0.009777 -0.033902
v -0.039398 -0.019397 -0.034486
v 0.013674 0.004852 -0.034837
v -0.003842 -0.044354 -0.032699
v -0.006796 -0.041144 -0.032208
v -0.007551 -0.038197 -0.032034
v 0.007437 -0.039399 -0.032052
v 0.004676 -0.043818 -0.032590
v -0.076681 -0.016112 -0.034797
v -0.092538 0.016082 -0.034771
v -0.059118 0.001605 -0.033676
v 0.029681 -0.016060 -0.034113
v -0.018263 -0.004899 -0.034840
v 0.019595 -0.003568 -0.034151
v 0.006254 -0.047780 -0.046500
v -0.076742 0.015836 -0.034898
v -0.023091 -0.041576 -0.035916
v 0.018621 0.016751 -0.034326
v 0.007391 -0.036714 -0.039734
v 0.007421 -0.039080 -0.040611
v -0.007480 -0.036544 -0.039710
v -0.007465 -0.039112 -0.040616
v -0.029398 -0.061150 -0.036524
v -0.018611 0.026177 -0.032558
v -0.020213 0.010274 -0.033872
v 0.017793 0.001210 -0.035258
v -0.012514 -0.047825 -0.035352
v -0.006601 -0.041440 -0.041791
v 0.006524 -0.041446 -0.041866
v -0.018586 -0.010099 -0.034611
v 0.024721 -0.011650 -0.036920
v 0.005223 -0.043209 -0.046740
v -0.028806 -0.041606 -0.035712
v 0.021148 -0.011639 -0.034389
v -0.029535 -0.054396 -0.036453
v 0.028058 -0.024701 -0.034493
v -0.004761 -0.043819 -0.046792
v -0.019199 0.011612 -0.034372
v -0.016012 0.016737 -0.035677
v -0.053844 -0.007092 -0.035749
v -0.053957 0.009992 -0.033648
v 0.012474 0.006988 -0.035332
v 0.012463 0.011929 -0.035329
v 0.000233 -0.045377 -0.032930
v 0.013096 -0.005036 -0.035073
v -0.015145 0.001973 -0.034246
v -0.014994 0.001790 -0.036346
v -0.057452 0.005662 -0.034439
v -0.013832 -0.002954 -0.034860
v -0.013573 -0.000146 -0.034970
v -0.013853 0.006927 -0.034851
v -0.016803 0.014771 -0.035307
v 0.002354 -0.044988 -0.046931
v -0.075450 -0.012254 -0.035496
v -0.015920 0.004858 -0.035597
v -0.000725 -0.045289 -0.046970
v -0.027684 -0.023986 -0.033933
v 0.012330 0.002049 -0.035356
v 0.016593 -0.000056 -0.033610
v 0.030112 -0.013658 -0.033316
v 0.022862 -0.022400 -0.036044
v 0.016151 0.005052 -0.035718
v -0.057442 -0.008949 -0.033719
v -0.018624 0.016951 -0.037287
v -0.023394 -0.022431 -0.035794
v -0.018335 0.006542 -0.034877
v -0.019316 0.005265 -0.034419
v 0.028766 -0.041495 -0.035675
v -0.093721 -0.012412 -0.035453
v 0.027400 -0.023651 -0.033747
v -0.020482 0.000357 -0.033772
v -0.015395 0.016460 -0.036339
v -0.019695 0.015513 -0.034285
v -0.012271 -0.009362 -0.035362
v 0.013746 -0.000018 -0.036564
v 0.012245 0.014843 -0.037195
v 0.016261 -0.003252 -0.035793
v -0.041859 -0.015658 -0.033460
v -0.053925 -0.005228 -0.034607
v 0.016269 0.015193 -0.035786
v -0.040934 -0.010753 -0.035281
v -0.037102 0.012192 -0.035006
v -0.017806 -0.036895 -0.036379
v 0.016940 0.006456 -0.035509
v 0.015220 0.016229 -0.036353
v 0.011661 0.016873 -0.035505
v -0.003028 0.027960 -0.036096
v 0.015149 0.011792 -0.036139
v -0.010706 -0.005102 -0.035942
v -0.012323 0.026067 -0.035287
v -0.015312 0.006698 -0.036217
v 0.011951 0.026024 -0.035431
v 0.012693 0.001870 -0.037165
v 0.024731 -0.018681 -0.038028
v 0.011362 0.014708 -0.035588
v 0.011309 0.009767 -0.035613
v 0.011374 0.009921 -0.037525
v -0.057459 -0.001686 -0.034840
v 0.009753 -0.009259 -0.036138
v 0.032070 -0.020082 -0.034857
v -0.012777 -0.009610 -0.036628
v 0.026565 -0.024793 -0.036451
v -0.094132 0.008614 -0.036139
v -0.053944 0.001785 -0.034968
v 0.007182 -0.047786 -0.036793
v 0.018926 -0.041263 -0.037740
v -0.028098 -0.025087 -0.034874
v -0.016595 0.009909 -0.035664
v 0.026891 -0.024541 -0.035853
v -0.074730 -0.006222 -0.036187
v -0.027165 -0.024897 -0.035900
v -0.006686 -0.047804 -0.046449
v 0.014174 -0.009718 -0.036207
v -0.011319 0.011893 -0.035669
v -0.011362 0.016833 -0.035659
v -0.010810 0.009718 -0.035843
v -0.010818 0.014659 -0.035839
v 0.016636 -0.036666 -0.036843
v -0.026317 -0.041599 -0.038104
v 0.013139 -0.002900 -0.035105
v -0.037628 0.006865 -0.036441
v 0.015264 0.010242 -0.036211
v -0.013948 0.004995 -0.036770
v 0.014191 -0.004825 -0.036573
v -0.076694 -0.009211 -0.037210
v -0.092525 0.009186 -0.037195
v -0.076545 0.010430 -0.036812
v 0.033821 -0.021651 -0.035822
v -0.008280 0.004763 -0.036519
v -0.008429 0.002043 -0.036497
v -0.015026 0.000339 -0.036446
v 0.023298 -0.011807 -0.038312
v -0.053863 0.002508 -0.036356
v -0.014319 -0.003381 -0.036709
v -0.007074 0.026152 -0.036688
v -0.038656 -0.013561 -0.036001
v 0.014011 -0.010537 -0.037280
v 0.007650 0.027433 -0.035872
v -0.012356 0.011501 -0.037471
v -0.017490 -0.010900 -0.036046
v -0.014812 0.015240 -0.036542
v -0.092484 -0.012412 -0.036307
v -0.014628 -0.004562 -0.036612
v 0.007393 -0.000151 -0.036667
v 0.014145 -0.041503 -0.040429
v -0.009886 0.009484 -0.041793
v 0.010180 0.016826 -0.037652
v -0.005765 0.009723 -0.038677
v 0.026109 -0.041498 -0.038186
v -0.021390 -0.041315 -0.036467
v -0.009907 0.014736 -0.037934
v 0.013601 0.006808 -0.036759
v 0.012189 -0.011742 -0.038551
v 0.018931 -0.009202 -0.037405
v -0.039225 -0.008212 -0.036166
v 0.003711 0.004727 -0.037295
v -0.093734 -0.005455 -0.037148
v -0.075079 0.004839 -0.036849
v -0.014342 -0.011912 -0.037805
v -0.010230 -0.002962 -0.037750
v -0.006862 0.006839 -0.038703
v -0.026489 -0.024911 -0.036617
v 0.004904 0.026107 -0.036970
v -0.016578 0.016329 -0.037136
v 0.010988 0.005007 -0.037665
v 0.029108 -0.022759 -0.038444
v -0.039637 -0.041630 -0.038057
v -0.005525 -0.009173 -0.036998
v -0.037301 -0.008405 -0.037190
v -0.037113 -0.000146 -0.037079
v -0.002666 -0.047804 -0.037386
v 0.015164 0.011463 -0.036318
v -0.005147 -0.002863 -0.037097
v -0.005270 -0.000193 -0.037076
v -0.004329 0.007034 -0.037225
v -0.005176 0.011957 -0.037085
v 0.010068 -0.003000 -0.037956
v 0.003846 0.009674 -0.037239
v 0.003839 0.014615 -0.037240
v -0.004263 0.016924 -0.037211
v 0.036105 -0.023243 -0.037479
v -0.093748 0.001698 -0.037495
v 0.005050 -0.005114 -0.037076
v 0.007908 -0.004979 -0.038337
v 0.003671 0.002135 -0.037196
v 0.003506 0.009883 -0.039086
v -0.007167 0.011881 -0.038490
v -0.005669 0.016717 -0.038851
v -0.005069 0.009683 -0.037088
v -0.005110 0.014627 -0.037080
v 0.003471 0.004720 -0.038863
v 0.004414 0.016919 -0.037110
v -0.092496 -0.005349 -0.037957
v -0.076722 0.005325 -0.037948
v 0.004184 -0.002836 -0.037192
v -0.036331 0.000916 -0.037204
v 0.005100 0.007034 -0.037040
v 0.004348 0.006991 -0.038655
v 0.004051 0.011979 -0.037200
v -0.000291 0.026093 -0.037355
v 0.025012 -0.025086 -0.037544
v 0.016854 -0.022223 -0.039191
v -0.004059 0.002032 -0.038965
v 0.004871 0.011912 -0.038823
v -0.000470 -0.009100 -0.038237
v 0.000584 -0.009022 -0.037412
v -0.011024 0.010122 -0.037812
v -0.008209 -0.003340 -0.038588
v -0.011230 0.001534 -0.037767
v -0.011258 0.006345 -0.037781
v -0.010309 0.000217 -0.038012
v -0.075471 -0.001722 -0.037498
v 0.008037 -0.009605 -0.038292
v -0.010880 -0.004935 -0.037717
v 0.003551 0.002114 -0.038793
v -0.002035 -0.005153 -0.037358
v -0.003539 0.002305 -0.037227
v 0.003031 0.003286 -0.037234
v 0.038173 -0.026476 -0.037953
v -0.003932 0.004778 -0.038822
v -0.003555 0.004458 -0.037216
v -0.038425 -0.041626 -0.039330
v -0.016643 -0.041579 -0.040389
v -0.024801 -0.025184 -0.037663
v 0.020333 -0.023801 -0.038469
v -0.017482 -0.022544 -0.039017
v -0.010901 -0.010500 -0.038356
v -0.000092 -0.005110 -0.038954
v -0.076674 -0.002090 -0.038269
v -0.092551 0.002089 -0.038264
v 0.010201 0.000385 -0.038100
v 0.038893 -0.041476 -0.038908
v -0.000097 -0.047792 -0.046926
v 0.000740 0.016781 -0.039222
v 0.009936 0.006572 -0.038046
v -0.005767 0.005805 -0.043186
v 0.008782 0.011351 -0.038368
v -0.001516 0.006936 -0.039076
v 0.001055 -0.000219 -0.037378
v -0.003575 0.002222 -0.038954
v 0.009150 -0.004408 -0.038285
v 0.007102 0.016428 -0.038725
v -0.012140 -0.036751 -0.038557
v 0.008577 0.015350 -0.038401
v -0.014947 -0.041483 -0.039576
v 0.003165 0.002527 -0.039024
v -0.003306 0.002822 -0.039185
v 0.003057 0.003576 -0.039250
v -0.000155 -0.002842 -0.038750
v 0.003157 0.014711 -0.039080
v -0.036703 -0.041624 -0.040218
v -0.000149 0.006959 -0.039344
v 0.015811 -0.008013 -0.041256
v -0.009004 0.016259 -0.038370
v 0.011382 -0.036694 -0.038762
v -0.020978 -0.024035 -0.038413
v 0.012069 -0.041257 -0.040429
v 0.022061 -0.021562 -0.040107
v -0.011099 0.011957 -0.039390
v -0.005966 -0.010091 -0.039248
v 0.006074 0.006577 -0.038890
v 0.007100 0.010111 -0.038649
v -0.009698 0.005193 -0.038216
v -0.004164 0.001551 -0.039198
v 0.007405 0.001633 -0.038625
v -0.006482 -0.004611 -0.038863
v 0.002746 -0.003102 -0.039270
v -0.008913 0.015217 -0.038442
v 0.036132 -0.025147 -0.038761
v -0.004506 -0.000023 -0.039049
v -0.006572 0.011388 -0.038844
v 0.037057 -0.025398 -0.038577
v 0.024486 -0.023367 -0.040188
v 0.016886 -0.041514 -0.040302
v -0.006995 -0.011619 -0.039829
v 0.001086 -0.009893 -0.039576
v 0.013099 -0.006331 -0.039660
v 0.011301 -0.005444 -0.042197
v -0.011281 -0.041331 -0.040652
v 0.000121 0.000017 -0.039249
v 0.002911 0.001787 -0.039221
v 0.003414 0.015023 -0.039185
v -0.003504 0.004660 -0.039111
v 0.002823 -0.000071 -0.039137
v -0.004138 0.010088 -0.039242
v -0.001815 0.015028 -0.039322
v -0.002805 -0.003135 -0.039207
v 0.003062 -0.004420 -0.039353
v 0.004443 0.011635 -0.039037
v -0.002958 0.016635 -0.039173
v 0.013116 -0.025744 -0.043909
v -0.003353 -0.004854 -0.039231
v -0.002726 0.011536 -0.039259
v 0.000673 0.011643 -0.039308
v -0.002667 0.001336 -0.039309
v 0.037219 -0.041479 -0.040029
v 0.003374 0.005057 -0.039225
v 0.001306 0.006570 -0.039326
v -0.002297 0.006369 -0.039326
v 0.002853 0.005187 -0.039242
v 0.018535 -0.023016 -0.041716
v 0.003108 0.004700 -0.039158
v 0.003000 0.004543 -0.039243
v 0.003035 0.004437 -0.039241
v -0.001326 0.006730 -0.039291
v -0.001500 0.006583 -0.039341
v 0.004571 -0.011455 -0.040127
v -0.001404 0.006626 -0.039331
v -0.000639 0.000439 -0.039358
v -0.000110 0.000392 -0.039370
v -0.008469 0.009532 -0.041436
v -0.000921 -0.011312 -0.040334
v 0.008116 -0.041529 -0.042890
v -0.009871 -0.041564 -0.042533
v -0.006918 -0.034599 -0.042741
v -0.003986 -0.031315 -0.042947
v -0.000573 0.003305 -0.041322
v 0.007762 -0.003093 -0.040876
v 0.006480 -0.041532 -0.046582
v -0.009780 -0.041561 -0.045882
v -0.006523 -0.041555 -0.046610
v 0.009151 -0.041524 -0.046000
v 0.001733 0.001371 -0.042915
v 0.003281 -0.030945 -0.042975
v 0.006111 -0.033437 -0.042786
v 0.007206 -0.035766 -0.042740
v -0.000416 -0.030268 -0.043059
v -0.006534 -0.041555 -0.043169
v 0.014591 -0.008201 -0.042123
v -0.003005 0.004452 -0.043431
v 0.006466 -0.041532 -0.043170
v -0.007549 -0.038736 -0.042853
v 0.007185 -0.003162 -0.043273
v 0.007233 -0.035808 -0.045930
v 0.007438 -0.039060 -0.042880
v -0.007443 -0.035956 -0.045919
v 0.006111 -0.033457 -0.045925
v -0.005164 -0.032230 -0.045967
v 0.007438 -0.039015 -0.046128
v -0.007325 -0.039692 -0.046202
v 0.007642 -0.004173 -0.043583
v -0.001244 -0.030311 -0.046105
v 0.003199 -0.030824 -0.046043
v 0.001870 0.000501 -0.043798
f 4 3 2
f 3 10 2
f 5 1 2
f 10 5 2
f 1 6 2
f 4 7 3
f 7 8 3
f 6 9 2
f 9 4 2
f 11 12 10
f 12 5 10
f 6 13 9
f 13 14 9
f 14 21 9
f 21 15 9
f 15 4 9
f 3 16 10
f 16 11 10
f 17 7 4
f 18 11 16
f 19 15 21
f 14 20 21
f 22 11 18
f 28 25 23
f 24 41 23
f 26 28 23
f 41 26 23
f 27 24 23
f 25 27 23
f 29 30 15
f 30 4 15
f 19 29 15
f 31 18 16
f 3 31 16
f 20 32 21
f 32 19 21
f 33 22 18
f 39 24 27
f 34 28 26
f 35 22 33
f 18 39 33
f 25 35 27
f 36 19 32
f 39 27 33
f 27 35 33
f 32 34 26
f 36 32 26
f 41 36 26
f 20 34 32
f 40 39 18
f 30 79 4
f 79 17 4
f 8 37 3
f 37 38 3
f 38 31 3
f 36 29 19
f 31 91 18
f 91 40 18
f 39 50 24
f 50 41 24
f 42 39 40
f 13 43 14
f 43 20 14
f 56 42 40
f 48 36 41
f 22 44 11
f 45 46 28
f 46 25 28
f 47 48 41
f 46 49 25
f 22 49 44
f 34 45 28
f 49 35 25
f 50 47 41
f 35 49 22
f 20 45 34
f 43 45 20
f 63 36 48
f 51 63 48
f 39 42 50
f 13 52 43
f 60 45 43
f 52 60 43
f 49 46 50
f 91 53 40
f 46 47 50
f 6 54 13
f 54 55 13
f 57 12 11
f 46 45 47
f 63 29 36
f 11 58 57
f 42 59 50
f 60 51 48
f 44 264 11
f 49 61 44
f 264 58 11
f 58 12 57
f 47 60 48
f 59 49 50
f 65 66 52
f 66 60 52
f 55 67 13
f 62 56 40
f 68 12 58
f 54 69 55
f 69 64 55
f 64 67 55
f 71 63 51
f 77 72 73
f 74 77 73
f 80 74 73
f 75 73 72
f 76 87 72
f 77 76 72
f 13 67 52
f 74 78 77
f 75 80 73
f 53 62 40
f 67 81 52
f 82 264 44
f 212 82 44
f 63 83 29
f 78 76 77
f 70 84 58
f 84 68 58
f 85 80 75
f 72 86 75
f 37 307 38
f 45 60 47
f 70 87 76
f 88 85 75
f 84 70 76
f 89 90 76
f 90 84 76
f 78 89 76
f 38 91 31
f 86 92 75
f 64 88 75
f 92 64 75
f 90 68 84
f 69 88 64
f 94 65 52
f 81 94 52
f 61 212 44
f 87 93 72
f 177 86 72
f 264 70 58
f 60 71 51
f 93 177 72
f 59 61 49
f 92 67 64
f 95 96 98
f 100 125 99
f 98 104 95
f 105 104 98
f 105 106 104
f 107 95 104
f 109 110 96
f 110 111 96
f 111 112 96
f 112 113 96
f 113 114 96
f 114 115 96
f 115 98 96
f 116 95 107
f 104 116 107
f 101 165 97
f 105 107 106
f 107 104 106
f 115 117 98
f 107 118 104
f 118 119 104
f 116 120 95
f 120 121 95
f 121 122 95
f 119 116 104
f 83 123 29
f 124 56 62
f 120 116 104
f 119 120 104
f 106 118 107
f 107 118 119
f 103 126 102
f 114 132 115
f 99 166 100
f 127 109 96
f 122 128 95
f 128 129 95
f 118 130 119
f 107 130 118
f 131 117 115
f 106 130 107
f 141 131 115
f 130 120 119
f 133 117 131
f 134 122 128
f 122 134 128
f 133 98 117
f 105 130 106
f 98 130 105
f 135 136 120
f 130 135 120
f 120 137 121
f 108 126 103
f 141 133 117
f 131 141 117
f 138 139 128
f 113 140 114
f 132 141 115
f 122 138 128
f 134 138 122
f 135 142 136
f 135 143 136
f 143 120 136
f 204 215 111
f 130 142 135
f 144 114 140
f 113 144 140
f 141 98 133
f 143 174 120
f 144 140 114
f 129 145 95
f 145 96 95
f 145 127 96
f 142 143 135
f 121 146 122
f 147 148 112
f 111 147 112
f 125 199 99
f 150 30 29
f 123 150 29
f 148 140 112
f 140 113 112
f 142 130 143
f 122 139 138
f 148 113 140
f 203 101 97
f 179 203 97
f 200 166 99
f 155 103 102
f 147 140 148
f 153 139 122
f 154 111 110
f 174 137 120
f 155 108 103
f 163 146 121
f 153 156 139
f 178 129 128
f 157 79 30
f 150 157 30
f 307 151 38
f 152 165 101
f 98 143 130
f 159 139 156
f 149 181 102
f 137 163 121
f 158 154 110
f 153 159 156
f 161 111 154
f 162 156 153
f 122 162 153
f 110 161 154
f 126 149 102
f 304 232 87
f 162 159 156
f 158 161 110
f 109 167 110
f 127 171 109
f 169 170 128
f 171 168 109
f 139 169 128
f 172 143 98
f 170 178 128
f 160 200 99
f 101 203 152
f 173 163 137
f 162 139 159
f 110 161 158
f 141 172 98
f 109 168 167
f 70 304 87
f 114 196 132
f 167 161 110
f 164 100 166
f 175 169 139
f 173 146 163
f 139 170 169
f 109 161 167
f 168 161 109
f 162 175 139
f 175 170 139
f 162 170 175
f 171 161 168
f 151 91 38
f 208 152 203
f 129 182 145
f 183 184 99
f 176 230 166
f 155 209 108
f 182 185 145
f 208 186 152
f 187 188 97
f 230 189 166
f 190 191 181
f 184 160 99
f 172 174 143
f 200 176 166
f 232 93 87
f 189 164 166
f 164 125 100
f 94 256 65
f 193 209 155
f 149 190 181
f 214 172 141
f 137 195 173
f 108 192 126
f 174 207 137
f 67 197 81
f 194 141 132
f 192 149 126
f 146 206 122
f 202 162 122
f 161 204 111
f 215 147 111
f 102 198 155
f 196 194 132
f 215 140 147
f 205 198 102
f 202 170 162
f 171 204 161
f 173 206 146
f 215 114 140
f 178 276 129
f 271 86 177
f 181 205 102
f 199 183 99
f 165 187 97
f 180 59 42
f 207 195 137
f 210 235 227
f 256 66 65
f 59 211 61
f 211 201 61
f 201 212 61
f 255 42 56
f 124 255 56
f 213 70 264
f 274 206 195
f 206 173 195
f 91 218 53
f 202 178 170
f 215 196 114
f 83 217 123
f 218 91 151
f 255 180 42
f 219 125 164
f 259 219 164
f 266 200 160
f 66 216 60
f 328 187 165
f 221 190 149
f 254 124 62
f 222 165 152
f 319 94 81
f 223 210 227
f 224 223 227
f 225 235 210
f 226 171 127
f 228 251 210
f 108 229 192
f 219 199 125
f 184 392 160
f 206 202 122
f 196 261 194
f 316 204 171
f 234 224 227
f 223 228 210
f 251 225 210
f 311 127 145
f 209 229 108
f 236 92 86
f 186 222 152
f 237 207 174
f 194 214 141
f 180 211 59
f 238 240 93
f 225 262 235
f 172 239 174
f 218 267 53
f 241 203 179
f 245 241 179
f 240 177 93
f 212 242 82
f 244 208 203
f 241 244 203
f 198 193 155
f 97 245 179
f 181 243 205
f 276 182 129
f 209 326 229
f 216 71 60
f 292 256 94
f 201 346 212
f 246 7 247
f 297 246 247
f 246 8 7
f 240 186 208
f 185 182 187
f 182 188 187
f 189 230 172
f 183 209 184
f 249 191 190
f 248 191 249
f 232 238 93
f 235 250 227
f 233 292 94
f 193 184 209
f 92 252 67
f 172 214 189
f 189 253 164
f 274 202 206
f 316 215 204
f 238 186 240
f 53 254 62
f 213 304 70
f 226 127 220
f 236 252 92
f 250 234 227
f 222 231 165
f 257 199 219
f 311 220 127
f 258 297 247
f 7 17 247
f 17 258 247
f 253 259 164
f 185 311 145
f 260 248 249
f 190 329 249
f 192 263 149
f 188 370 97
f 370 245 97
f 191 265 181
f 265 243 181
f 319 233 94
f 176 200 266
f 243 198 205
f 239 237 174
f 197 268 81
f 268 319 81
f 269 79 157
f 270 83 63
f 271 236 86
f 272 276 178
f 392 266 160
f 328 185 187
f 373 223 224
f 270 273 83
f 267 254 53
f 221 329 190
f 240 275 177
f 223 296 228
f 331 250 235
f 262 331 235
f 202 277 178
f 230 239 172
f 263 221 149
f 341 195 207
f 304 278 232
f 231 328 165
f 186 279 222
f 280 270 63
f 329 281 249
f 226 316 171
f 282 330 83
f 208 275 240
f 183 326 209
f 283 285 284
f 215 286 196
f 251 287 225
f 288 124 254
f 298 289 270
f 289 273 270
f 253 189 214
f 290 71 216
f 439 230 176
f 440 193 198
f 184 371 392
f 441 182 276
f 320 234 250
f 296 251 228
f 330 217 83
f 291 318 283
f 284 291 283
f 285 291 284
f 346 242 212
f 244 275 208
f 293 264 82
f 300 194 261
f 383 226 220
f 229 263 192
f 245 294 241
f 266 295 176
f 373 296 223
f 282 83 273
f 280 298 270
f 341 274 195
f 252 197 67
f 237 376 207
f 299 260 249
f 272 391 276
f 376 341 207
f 265 191 248
f 301 157 150
f 302 301 150
f 123 302 150
f 305 306 157
f 306 269 157
f 301 305 157
f 307 308 151
f 308 303 151
f 309 302 123
f 217 309 123
f 303 310 151
f 310 218 151
f 275 271 177
f 312 8 246
f 297 313 246
f 313 312 246
f 312 37 8
f 315 285 283
f 314 315 283
f 317 238 232
f 196 300 261
f 380 214 194
f 393 255 124
f 422 272 178
f 66 382 216
f 182 370 188
f 315 291 285
f 281 299 249
f 260 353 248
f 300 321 194
f 310 323 218
f 257 379 199
f 379 183 199
f 324 314 283
f 318 324 283
f 326 327 229
f 274 277 202
f 316 286 215
f 479 221 263
f 71 280 63
f 321 380 194
f 323 267 218
f 325 439 176
f 238 317 186
f 317 279 186
f 319 292 233
f 335 332 250
f 332 333 250
f 331 334 250
f 334 335 250
f 336 337 250
f 333 336 250
f 338 251 296
f 281 352 299
f 360 278 304
f 339 198 243
f 292 340 256
f 234 342 224
f 338 343 251
f 339 389 198
f 441 370 182
f 439 239 230
f 440 371 193
f 371 184 193
f 344 407 273
f 407 282 273
f 289 344 273
f 386 298 280
f 342 373 224
f 225 416 262
f 293 345 264
f 185 347 311
f 288 393 124
f 348 254 267
f 256 382 66
f 211 346 201
f 416 378 262
f 286 467 196
f 467 349 196
f 323 348 267
f 358 289 350
f 298 350 289
f 351 265 248
f 322 287 251
f 329 352 281
f 311 383 220
f 242 388 82
f 340 382 256
f 380 253 214
f 379 326 183
f 299 353 260
f 424 236 271
f 438 244 241
f 389 440 198
f 355 338 296
f 343 322 251
f 345 213 264
f 328 347 185
f 353 351 248
f 277 422 178
f 196 349 300
f 320 342 234
f 378 331 262
f 282 407 330
f 356 274 341
f 357 350 298
f 363 358 350
f 359 297 258
f 17 79 258
f 79 359 258
f 479 329 221
f 388 242 346
f 266 452 295
f 362 424 271
f 364 363 350
f 357 364 350
f 452 176 295
f 366 365 299
f 367 301 302
f 368 367 302
f 309 368 302
f 360 304 213
f 358 369 289
f 377 369 358
f 239 372 237
f 374 416 225
f 479 547 329
f 252 375 197
f 407 401 330
f 337 320 250
f 468 278 360
f 383 316 226
f 402 388 346
f 547 352 329
f 197 459 268
f 467 286 316
f 363 377 358
f 424 252 236
f 278 317 232
f 287 374 225
f 268 425 319
f 259 398 219
f 369 344 289
f 382 458 216
f 290 280 71
f 431 257 219
f 398 431 219
f 528 511 231
f 511 328 231
f 459 425 268
f 384 428 231
f 424 375 252
f 290 385 280
f 385 386 280
f 275 362 271
f 357 390 364
f 352 366 299
f 356 277 274
f 387 296 373
f 222 384 231
f 319 425 292
f 386 357 298
f 438 275 244
f 458 290 216
f 528 231 428
f 348 288 254
f 386 390 357
f 245 426 294
f 243 389 339
f 418 426 245
f 361 389 243
f 439 372 239
f 388 293 82
f 392 452 266
f 330 309 217
f 429 341 376
f 394 363 364
f 422 391 272
f 396 354 222
f 488 361 243
f 426 241 294
f 353 397 351
f 253 398 259
f 431 379 257
f 394 377 363
f 452 325 176
f 354 384 222
f 347 381 311
f 391 399 276
f 400 316 383
f 279 396 222
f 327 263 229
f 211 403 346
f 404 1 405
f 406 404 405
f 5 405 1
f 337 408 320
f 404 6 1
f 400 467 316
f 409 410 405
f 410 406 405
f 5 409 405
f 370 418 245
f 265 488 243
f 372 376 237
f 401 309 330
f 328 511 347
f 380 411 253
f 411 398 253
f 426 438 241
f 399 441 276
f 412 213 345
f 12 409 5
f 403 211 180
f 404 54 6
f 415 373 342
f 417 416 374
f 419 85 88
f 420 419 88
f 474 420 88
f 89 444 90
f 324 297 359
f 314 324 359
f 79 421 359
f 421 314 359
f 423 321 300
f 577 353 299
f 365 577 299
f 404 69 54
f 68 409 12
f 402 293 388
f 444 68 90
f 69 474 88
f 444 409 68
f 404 474 69
f 427 429 376
f 381 383 311
f 518 431 398
f 547 432 352
f 423 300 349
f 415 387 373
f 287 322 374
f 322 417 374
f 434 37 312
f 313 434 312
f 496 402 346
f 425 340 292
f 461 263 327
f 502 433 364
f 412 360 213
f 435 369 377
f 386 446 390
f 277 436 422
f 368 309 401
f 320 414 342
f 279 583 396
f 442 474 404
f 406 442 404
f 89 443 444
f 423 380 321
f 356 436 277
f 403 496 346
f 445 382 340
f 517 445 340
f 408 414 320
f 387 355 296
f 469 479 263
f 413 366 352
f 265 447 488
f 432 413 352
f 448 407 344
f 369 448 344
f 449 386 385
f 433 394 364
f 450 393 288
f 348 450 288
f 564 180 255
f 455 368 401
f 375 430 197
f 394 435 377
f 422 399 391
f 407 455 401
f 453 331 378
f 392 451 452
f 361 454 389
f 317 583 279
f 390 492 364
f 402 496 293
f 351 447 265
f 459 456 425
f 425 456 340
f 468 457 278
f 457 317 278
f 456 517 340
f 472 456 459
f 393 564 255
f 438 437 275
f 446 492 390
f 353 460 397
f 437 362 275
f 492 502 364
f 462 382 445
f 463 462 445
f 429 356 341
f 465 403 180
f 509 395 293
f 496 509 293
f 421 315 314
f 461 469 263
f 395 345 293
f 448 455 407
f 470 365 366
f 471 470 366
f 472 517 456
f 396 384 354
f 470 505 365
f 473 463 445
f 406 475 442
f 371 476 392
f 372 617 376
f 318 477 324
f 617 372 439
f 476 371 440
f 326 478 327
f 414 480 342
f 481 378 416
f 482 355 387
f 453 334 331
f 343 483 322
f 430 459 197
f 480 415 342
f 417 481 416
f 1126 484 324
f 477 1126 324
f 450 564 393
f 430 486 459
f 486 508 459
f 508 472 459
f 487 325 452
f 462 489 382
f 451 490 452
f 415 619 387
f 481 453 378
f 491 348 323
f 376 493 427
f 395 412 345
f 422 534 399
f 494 447 351
f 465 496 403
f 379 478 326
f 495 505 470
f 511 644 347
f 644 381 347
f 467 608 349
f 498 499 324
f 484 500 324
f 500 498 324
f 499 297 324
f 471 495 470
f 362 463 424
f 433 501 394
f 397 460 351
f 460 494 351
f 505 577 365
f 463 375 424
f 517 473 445
f 591 448 369
f 370 503 418
f 454 440 389
f 436 485 422
f 489 458 382
f 577 460 353
f 506 471 366
f 413 506 366
f 600 379 431
f 507 380 423
f 586 605 383
f 605 400 383
f 435 591 369
f 449 446 386
f 434 307 37
f 496 510 509
f 513 430 375
f 514 515 516
f 507 411 380
f 600 478 379
f 529 517 472
f 592 591 435
f 449 549 446
f 512 468 360
f 506 697 471
f 630 518 398
f 518 519 431
f 349 521 423
f 466 464 381
f 464 383 381
f 520 515 514
f 522 516 515
f 464 586 383
f 608 521 349
f 504 510 496
f 290 524 385
f 524 525 385
f 525 449 385
f 526 610 516
f 610 514 516
f 527 526 516
f 441 503 370
f 528 428 384
f 605 467 400
f 497 426 418
f 530 497 418
f 490 487 452
f 697 531 471
f 531 495 471
f 493 429 427
f 532 533 539
f 488 454 361
f 485 534 422
f 508 529 472
f 535 527 516
f 522 536 516
f 536 535 516
f 537 538 539
f 533 537 539
f 540 439 325
f 541 440 454
f 542 441 399
f 421 569 315
f 543 592 435
f 327 523 461
f 544 477 318
f 291 544 318
f 411 630 398
f 519 600 431
f 495 545 505
f 430 546 486
f 392 490 451
f 521 507 423
f 473 375 463
f 644 466 381
f 473 548 375
f 548 513 375
f 478 523 327
f 549 492 446
f 514 550 520
f 463 497 462
f 497 530 462
f 485 493 462
f 490 454 462
f 493 490 462
f 530 534 462
f 534 485 462
f 538 551 539
f 457 583 317
f 552 553 505
f 476 490 392
f 590 508 486
f 554 432 547
f 315 569 291
f 550 555 520
f 617 493 376
f 556 356 429
f 557 556 429
f 532 558 533
f 505 553 577
f 559 526 527
f 535 559 527
f 560 538 537
f 676 474 442
f 561 562 409
f 562 410 409
f 444 561 409
f 676 420 474
f 443 622 444
f 622 561 444
f 458 524 290
f 508 590 529
f 394 543 435
f 533 563 537
f 619 415 480
f 520 565 515
f 565 566 515
f 566 522 515
f 546 567 486
f 567 590 486
f 545 552 505
f 542 503 441
f 540 617 439
f 541 476 440
f 568 565 520
f 79 569 421
f 554 413 432
f 467 692 608
f 510 570 509
f 322 571 417
f 572 489 462
f 573 412 395
f 574 563 533
f 558 574 533
f 575 610 526
f 559 575 526
f 610 550 514
f 566 714 522
f 690 536 522
f 714 690 522
f 551 691 539
f 691 532 539
f 573 512 412
f 512 360 412
f 564 576 180
f 590 580 529
f 536 551 535
f 551 538 535
f 448 578 455
f 362 579 463
f 555 568 520
f 576 465 180
f 580 517 529
f 557 429 493
f 739 558 532
f 582 739 532
f 691 582 532
f 454 488 462
f 692 467 605
f 556 436 356
f 560 535 538
f 496 581 504
f 504 570 510
f 535 615 559
f 584 585 537
f 585 560 537
f 548 473 517
f 563 584 537
f 523 587 461
f 608 660 521
f 503 530 418
f 447 588 488
f 589 438 426
f 497 589 426
f 487 540 325
f 534 542 399
f 491 450 348
f 437 579 362
f 593 691 551
f 595 596 396
f 438 579 437
f 597 395 509
f 570 597 509
f 513 594 430
f 615 535 560
f 466 586 464
f 501 543 394
f 599 502 492
f 396 528 384
f 593 551 536
f 690 593 536
f 601 507 521
f 589 579 438
f 494 588 447
f 463 579 497
f 493 487 490
f 485 557 493
f 580 548 517
f 465 581 496
f 602 574 558
f 489 603 458
f 604 511 528
f 606 607 602
f 607 574 602
f 269 569 79
f 368 609 367
f 479 611 547
f 611 554 547
f 596 528 396
f 612 334 453
f 611 479 469
f 613 307 434
f 313 613 434
f 601 411 507
f 614 478 600
f 616 485 436
f 556 616 436
f 585 615 560
f 670 550 610
f 503 542 530
f 542 534 530
f 556 557 485
f 617 540 493
f 540 487 493
f 476 541 490
f 541 454 490
f 588 462 488
f 579 589 497
f 604 644 511
f 552 577 553
f 455 609 368
f 597 618 395
f 626 619 480
f 417 666 481
f 667 666 417
f 620 578 448
f 591 620 448
f 689 449 525
f 621 676 442
f 475 621 442
f 577 623 460
f 739 602 558
f 433 502 338
f 502 343 338
f 581 733 504
f 588 572 462
f 733 570 504
f 450 576 564
f 624 606 602
f 625 624 602
f 739 625 602
f 414 626 480
f 666 453 481
f 571 667 417
f 614 523 478
f 627 575 559
f 628 627 559
f 615 628 559
f 563 629 584
f 603 741 458
f 689 549 449
f 630 631 518
f 574 629 563
f 567 580 590
f 355 433 338
f 572 588 494
f 572 603 489
f 657 519 518
f 631 657 518
f 660 632 521
f 671 387 619
f 322 633 571
f 598 572 494
f 460 598 494
f 575 635 610
f 546 813 567
f 813 580 567
f 643 599 492
f 609 637 367
f 461 634 469
f 587 634 461
f 606 638 607
f 638 574 607
f 616 556 485
f 726 512 573
f 634 611 469
f 726 468 512
f 596 636 528
f 301 730 639
f 938 640 639
f 730 938 639
f 640 301 639
f 640 305 301
f 367 637 301
f 637 730 301
f 491 576 450
f 813 548 580
f 636 604 528
f 583 595 396
f 635 670 610
f 554 506 413
f 291 641 544
f 642 618 597
f 682 643 549
f 355 501 433
f 569 641 291
f 733 642 597
f 570 733 597
f 643 492 549
f 627 635 575
f 611 645 554
f 645 506 554
f 646 482 387
f 647 583 457
f 460 623 598
f 647 595 583
f 552 649 577
f 649 623 577
f 689 682 549
f 638 651 574
f 651 629 574
f 652 653 584
f 653 585 584
f 629 652 584
f 654 313 297
f 656 620 591
f 611 680 645
f 658 521 632
f 455 679 609
f 458 648 524
f 660 658 632
f 659 655 466
f 655 586 466
f 592 656 591
f 662 663 506
f 663 664 506
f 664 697 506
f 817 619 626
f 665 817 626
f 411 830 630
f 657 600 519
f 741 648 458
f 572 598 603
f 598 661 603
f 817 671 619
f 501 668 543
f 658 601 521
f 644 659 466
f 523 634 587
f 482 501 355
f 502 599 343
f 599 483 343
f 655 605 586
f 654 695 313
f 410 672 406
f 673 647 457
f 595 669 596
f 669 636 596
f 465 674 581
f 674 733 581
f 675 741 603
f 661 675 603
f 545 818 552
f 677 562 561
f 622 677 561
f 578 679 455
f 736 468 726
f 414 408 626
f 678 662 506
f 669 604 636
f 830 411 601
f 678 663 662
f 664 663 662
f 576 674 465
f 678 664 663
f 611 746 680
f 648 525 524
f 672 701 406
f 620 681 578
f 681 679 578
f 666 612 453
f 678 697 664
f 680 684 645
f 684 685 645
f 685 686 645
f 686 720 645
f 720 506 645
f 555 687 568
f 648 688 525
f 688 689 525
f 543 832 592
f 818 649 552
f 682 693 643
f 618 573 395
f 720 678 506
f 297 694 654
f 701 696 406
f 673 457 468
f 653 698 585
f 698 615 585
f 687 722 568
f 568 680 565
f 680 566 565
f 699 555 550
f 650 641 569
f 683 674 576
f 733 702 642
f 703 633 322
f 483 703 322
f 694 718 654
f 718 700 654
f 700 695 654
f 410 704 672
f 704 701 672
f 705 687 555
f 706 618 642
f 702 706 642
f 698 628 615
f 746 707 680
f 708 548 813
f 791 635 627
f 594 546 430
f 715 705 555
f 710 618 706
f 700 711 695
f 606 712 638
f 712 651 638
f 713 650 569
f 707 714 680
f 714 566 680
f 699 715 555
f 718 701 700
f 704 700 701
f 853 715 699
f 716 594 513
f 791 717 635
f 717 670 635
f 806 475 406
f 990 576 491
f 323 990 491
f 722 680 568
f 853 699 550
f 709 853 550
f 685 719 686
f 482 668 501
f 680 721 684
f 269 713 569
f 548 708 513
f 708 716 513
f 836 723 573
f 723 726 573
f 724 1613 495
f 531 1099 495
f 1099 725 495
f 725 724 495
f 679 637 609
f 628 809 627
f 698 809 628
f 727 599 643
f 728 710 706
f 629 729 652
f 731 690 714
f 593 732 691
f 732 582 691
f 1613 545 495
f 722 721 680
f 651 729 629
f 735 611 634
f 744 737 746
f 737 707 746
f 685 684 707
f 737 685 707
f 499 694 297
f 696 806 406
f 670 709 550
f 696 701 718
f 704 711 700
f 702 683 706
f 598 734 661
f 720 697 678
f 683 728 706
f 637 679 681
f 737 719 685
f 740 739 582
f 732 740 582
f 719 720 686
f 742 738 681
f 743 644 604
f 730 637 681
f 738 730 681
f 620 742 681
f 626 408 665
f 644 743 659
f 673 826 647
f 674 683 702
f 733 674 702
f 834 682 689
f 826 747 647
f 747 595 647
f 745 612 666
f 748 468 736
f 735 746 611
f 544 641 477
f 737 749 719
f 744 781 737
f 623 734 598
f 731 593 690
f 499 750 694
f 748 673 468
f 833 656 592
f 545 751 818
f 695 825 313
f 618 836 573
f 752 705 715
f 853 753 715
f 753 752 715
f 710 836 618
f 754 809 698
f 750 718 694
f 755 806 696
f 756 704 410
f 832 833 592
f 834 693 682
f 734 675 661
f 1099 531 697
f 1030 387 671
f 990 683 576
f 781 749 737
f 750 757 718
f 756 758 704
f 759 676 621
f 760 759 621
f 475 760 621
f 759 420 676
f 443 936 622
f 936 677 622
f 749 816 719
f 1030 646 387
f 711 825 695
f 562 756 410
f 667 745 666
f 741 763 648
f 764 684 721
f 722 764 721
f 762 765 655
f 767 766 660
f 768 769 657
f 770 764 722
f 630 871 631
f 766 771 658
f 1080 710 728
f 683 1080 728
f 543 994 832
f 870 767 660
f 306 713 269
f 772 714 707
f 684 772 707
f 608 870 660
f 772 774 714
f 774 731 714
f 593 775 732
f 775 740 732
f 749 776 816
f 631 768 657
f 660 766 658
f 871 768 631
f 875 655 659
f 875 762 655
f 777 634 523
f 830 871 630
f 769 778 657
f 778 600 657
f 779 601 658
f 771 779 658
f 780 605 655
f 743 875 659
f 755 696 718
f 757 755 718
f 704 788 711
f 758 788 704
f 687 770 722
f 712 782 651
f 782 729 651
f 783 307 613
f 313 784 613
f 784 783 613
f 785 308 307
f 783 785 307
f 917 786 648
f 786 688 648
f 1009 739 740
f 764 803 684
f 614 858 523
f 858 773 523
f 746 781 744
f 773 777 523
f 816 787 719
f 787 720 719
f 788 825 711
f 761 697 720
f 723 860 726
f 809 791 627
f 692 792 608
f 792 870 608
f 793 742 620
f 656 793 620
f 786 794 688
f 794 947 688
f 947 795 688
f 795 796 688
f 796 797 688
f 797 969 688
f 969 689 688
f 798 775 593
f 779 830 601
f 778 614 600
f 668 994 543
f 777 735 634
f 860 736 726
f 1613 751 545
f 646 668 482
f 599 727 483
f 727 703 483
f 789 799 669
f 787 761 720
f 798 593 731
f 595 789 669
f 790 789 595
f 799 912 669
f 912 604 669
f 747 937 595
f 801 749 781
f 801 776 749
f 605 792 692
f 780 792 605
f 800 801 781
f 912 743 604
f 778 858 614
f 965 675 734
f 802 793 656
f 803 772 684
f 805 717 791
f 833 802 656
f 969 834 689
f 750 755 757
f 756 788 758
f 815 801 800
f 807 746 735
f 808 625 739
f 1009 808 739
f 623 804 734
f 823 697 761
f 810 811 652
f 811 653 652
f 812 813 546
f 729 810 652
f 746 814 781
f 808 624 625
f 965 741 675
f 807 814 746
f 820 817 665
f 814 800 781
f 814 815 800
f 819 804 623
f 408 820 665
f 571 977 667
f 815 822 801
f 748 826 673
f 653 754 698
f 562 950 756
f 814 821 815
f 827 822 815
f 817 1030 671
f 736 826 748
f 821 827 815
f 633 977 571
f 787 824 761
f 824 823 761
f 824 787 816
f 823 1099 697
f 822 776 801
f 860 828 736
f 831 1080 683
f 736 828 826
f 835 819 623
f 649 835 623
f 828 856 826
f 838 822 827
f 829 827 821
f 837 769 768
f 827 864 857
f 956 805 791
f 822 816 776
f 764 840 803
f 766 841 771
f 741 842 763
f 856 843 826
f 844 839 822
f 827 844 838
f 845 846 606
f 847 848 606
f 848 845 606
f 846 849 606
f 849 712 606
f 717 1070 606
f 1070 847 606
f 624 752 606
f 752 709 606
f 709 670 606
f 670 717 606
f 850 851 624
f 852 850 624
f 808 852 624
f 705 752 624
f 851 705 624
f 752 753 709
f 753 853 709
f 829 864 827
f 825 784 313
f 655 765 780
f 771 861 779
f 839 772 803
f 873 827 857
f 838 844 822
f 789 855 799
f 869 856 828
f 310 990 323
f 778 905 858
f 768 769 837
f 844 772 839
f 836 859 723
f 814 829 821
f 766 861 841
f 873 844 827
f 854 843 856
f 862 794 786
f 841 861 771
f 768 863 837
f 865 862 786
f 861 866 841
f 863 769 768
f 867 855 789
f 766 866 861
f 863 886 769
f 868 867 789
f 860 869 828
f 855 867 799
f 803 822 839
f 872 772 844
f 859 860 723
f 840 824 803
f 822 803 816
f 803 824 816
f 867 868 855
f 919 912 799
f 898 854 856
f 876 747 826
f 843 876 826
f 877 865 786
f 903 743 912
f 807 878 814
f 867 919 799
f 768 886 863
f 917 877 786
f 871 880 768
f 814 881 829
f 762 882 765
f 868 919 867
f 768 883 886
f 884 687 705
f 851 884 705
f 766 861 866
f 903 875 743
f 767 879 766
f 925 864 829
f 881 925 829
f 887 883 768
f 917 888 877
f 888 889 877
f 888 865 877
f 877 889 888
f 789 919 868
f 872 774 772
f 862 890 885
f 890 891 885
f 891 892 885
f 882 893 765
f 792 900 870
f 886 778 769
f 887 886 883
f 864 873 857
f 894 887 883
f 768 894 887
f 762 895 882
f 895 893 882
f 900 767 870
f 894 886 887
f 882 896 893
f 937 790 595
f 766 897 861
f 869 898 856
f 899 777 773
f 1153 831 683
f 900 879 767
f 896 765 893
f 879 897 766
f 891 862 885
f 895 896 882
f 897 779 861
f 862 891 794
f 900 780 765
f 875 901 762
f 768 880 894
f 762 901 895
f 902 875 903
f 896 900 765
f 880 886 894
f 886 905 778
f 874 899 773
f 895 901 896
f 900 792 780
f 897 830 779
f 906 773 905
f 773 858 905
f 900 907 879
f 897 871 830
f 886 906 905
f 901 900 896
f 879 909 897
f 897 880 871
f 909 879 907
f 910 901 875
f 911 909 901
f 909 900 901
f 906 880 897
f 880 906 886
f 900 909 907
f 909 906 897
f 902 911 875
f 910 911 901
f 911 906 909
f 875 911 910
f 913 925 881
f 891 947 794
f 903 911 902
f 914 899 874
f 915 881 814
f 919 911 903
f 854 908 843
f 916 915 814
f 904 777 899
f 811 754 653
f 918 919 789
f 915 920 881
f 906 874 773
f 913 916 814
f 921 922 790
f 916 920 915
f 923 914 874
f 922 789 790
f 913 814 878
f 913 881 920
f 913 920 915
f 916 913 915
f 738 938 730
f 923 899 914
f 912 919 903
f 919 924 911
f 925 904 906
f 904 926 906
f 926 874 906
f 927 873 864
f 924 906 911
f 929 921 790
f 898 908 854
f 922 930 789
f 930 918 789
f 923 932 899
f 930 933 918
f 932 904 899
f 874 926 923
f 921 934 929
f 926 932 923
f 934 922 921
f 925 931 864
f 790 937 929
f 937 921 929
f 930 919 918
f 878 925 913
f 937 934 921
f 849 782 712
f 926 904 932
f 924 931 906
f 475 935 760
f 976 562 677
f 843 937 876
f 876 937 747
f 931 925 906
f 922 933 930
f 933 919 930
f 937 922 934
f 925 878 807
f 922 919 933
f 928 750 499
f 788 981 825
f 755 939 806
f 922 924 919
f 925 777 904
f 941 869 860
f 937 942 922
f 931 927 864
f 641 943 477
f 869 940 898
f 892 947 891
f 735 925 807
f 836 944 859
f 945 922 942
f 777 925 735
f 946 945 942
f 937 945 942
f 1005 965 734
f 945 946 922
f 948 945 937
f 948 922 946
f 948 946 945
f 843 924 937
f 928 1058 750
f 948 924 922
f 924 948 937
f 873 872 844
f 890 862 865
f 890 892 891
f 943 1126 477
f 890 947 892
f 889 888 917
f 804 1005 734
f 953 889 917
f 889 865 888
f 927 949 873
f 953 890 865
f 648 953 917
f 953 865 889
f 1016 812 546
f 951 774 872
f 873 951 872
f 594 1016 546
f 742 938 738
f 952 795 947
f 952 947 890
f 949 951 873
f 898 1041 908
f 954 813 812
f 955 956 809
f 956 791 809
f 957 1009 740
f 775 957 740
f 1041 931 924
f 908 924 843
f 716 958 594
f 958 1016 594
f 890 959 952
f 708 958 716
f 908 1041 924
f 1068 960 818
f 941 940 869
f 939 755 750
f 1058 939 750
f 756 981 788
f 950 981 756
f 751 1068 818
f 976 950 562
f 1117 731 774
f 931 1041 927
f 959 961 952
f 952 796 795
f 1082 817 820
f 962 745 667
f 953 964 890
f 961 796 952
f 754 1101 809
f 729 963 810
f 763 991 648
f 991 953 648
f 782 963 729
f 1082 1030 817
f 977 962 667
f 964 959 890
f 796 966 797
f 966 967 797
f 967 1035 797
f 1035 968 797
f 968 969 797
f 964 961 959
f 964 970 961
f 970 989 961
f 989 971 961
f 971 972 961
f 805 1070 717
f 927 951 949
f 408 337 820
f 825 981 784
f 973 860 859
f 975 802 833
f 969 974 834
f 832 975 833
f 972 796 961
f 994 975 832
f 979 693 834
f 982 860 973
f 860 978 941
f 983 842 741
f 965 983 741
f 960 835 649
f 818 960 649
f 984 646 1030
f 985 984 1030
f 703 977 633
f 1613 986 751
f 986 987 751
f 979 643 693
f 763 842 991
f 953 988 964
f 1013 860 982
f 971 796 972
f 989 970 964
f 988 989 964
f 991 989 953
f 989 988 953
f 1013 978 860
f 1041 992 927
f 668 993 994
f 1072 727 643
f 979 1072 643
f 995 951 927
f 1074 683 990
f 1074 1153 683
f 941 978 940
f 996 1041 898
f 989 796 971
f 992 995 927
f 944 836 710
f 940 996 898
f 997 764 770
f 824 840 823
f 840 998 823
f 978 996 940
f 998 1114 823
f 1114 1099 823
f 713 1003 650
f 1102 1101 754
f 1001 796 989
f 1000 999 1007
f 991 1012 989
f 1117 798 731
f 1012 1004 989
f 306 1003 713
f 1056 935 475
f 804 819 1005
f 849 1006 782
f 1006 963 782
f 1004 1001 989
f 1012 1008 1001
f 954 708 813
f 984 668 646
f 984 993 668
f 727 1072 703
f 1120 938 742
f 498 928 499
f 806 1056 475
f 1023 1012 991
f 793 1120 742
f 852 808 1009
f 1007 1002 1000
f 1001 966 796
f 842 1010 991
f 1011 306 305
f 1010 1023 991
f 859 982 973
f 498 1058 928
f 939 1056 806
f 1008 966 1001
f 303 990 310
f 976 1014 950
f 1015 774 951
f 995 1015 951
f 1021 1013 982
f 708 1017 958
f 1012 1001 1004
f 1018 759 760
f 1019 1018 760
f 935 1019 760
f 1020 976 677
f 936 1020 677
f 1018 420 759
f 1014 981 950
f 1021 982 859
f 1044 1021 859
f 944 1044 859
f 997 1022 764
f 1024 1025 1002
f 1007 1024 1002
f 1025 1026 1002
f 1026 1000 1002
f 999 1024 1007
f 1027 1028 820
f 798 1029 775
f 1029 957 775
f 954 1017 708
f 1032 967 966
f 1031 612 745
f 842 1023 1010
f 687 997 770
f 992 1015 995
f 337 1027 820
f 842 1059 1023
f 1008 1032 966
f 1059 1012 1023
f 1031 980 612
f 974 1085 834
f 1012 1032 1008
f 1085 979 834
f 1033 955 809
f 1101 1033 809
f 1034 811 810
f 963 1034 810
f 980 334 612
f 1032 1035 967
f 1036 1035 1032
f 1037 1036 1032
f 1102 754 811
f 641 1038 943
f 1043 1037 1032
f 1036 1039 1035
f 1040 1043 1032
f 978 1041 996
f 1039 1042 1035
f 650 1038 641
f 1043 1040 1032
f 710 1044 944
f 1059 1032 1012
f 1037 1047 1036
f 1043 1047 1036
f 1037 1043 1036
f 1047 1045 1036
f 1045 1039 1036
f 1046 954 812
f 1016 1046 812
f 1107 1044 710
f 1047 1039 1045
f 1045 1042 1039
f 1040 1047 1043
f 1047 1042 1045
f 1028 1082 820
f 962 1031 745
f 1043 1042 1047
f 1011 1003 306
f 1015 1048 774
f 1048 1049 774
f 1049 1117 774
f 1050 785 783
f 784 1050 783
f 981 1051 784
f 1052 1053 842
f 1063 1043 1032
f 1063 1032 1059
f 1054 1120 793
f 802 1054 793
f 1057 969 968
f 968 1035 1042
f 1021 1041 978
f 1055 1051 981
f 1021 978 1013
f 1026 1024 1000
f 1024 999 1000
f 1057 1042 1043
f 1003 1038 650
f 1053 1059 842
f 819 835 960
f 1060 992 1041
f 1061 1063 1059
f 1057 968 1042
f 1062 1061 1059
f 1053 1062 1059
f 1063 1061 1059
f 1062 1063 1059
f 1064 1029 798
f 1053 1063 1062
f 1064 798 1117
f 1069 1057 1043
f 1065 1069 1043
f 1066 965 1005
f 1065 1043 1063
f 1158 1054 802
f 819 1118 1005
f 1068 819 960
f 975 1158 802
f 1056 939 1058
f 1014 1055 981
f 1053 1065 1063
f 1120 1067 938
f 1052 1065 1053
f 1071 1070 805
f 1098 1052 842
f 955 1159 956
f 1105 1021 1044
f 1066 983 965
f 1071 805 956
f 1159 1071 956
f 846 1006 849
f 1072 1183 703
f 1183 977 703
f 1073 1069 1065
f 1034 1156 811
f 1052 1073 1065
f 1156 1102 811
f 308 1074 303
f 1074 990 303
f 1021 1075 1041
f 992 1048 1015
f 1076 1048 992
f 958 1078 1016
f 1106 1078 958
f 1060 1076 992
f 1073 1079 1069
f 831 1081 1080
f 1079 1110 1069
f 1077 1083 1073
f 1077 1079 1083
f 1079 1073 1083
f 1083 1110 1079
f 1082 1084 1030
f 1052 1077 1073
f 1077 1110 1083
f 1075 1060 1041
f 1084 985 1030
f 1088 1245 975
f 994 1088 975
f 1085 1144 979
f 751 987 1068
f 1086 1089 976
f 1090 852 1009
f 957 1090 1009
f 1245 1158 975
f 969 1085 974
f 1087 1058 498
f 1089 1014 976
f 1091 1011 305
f 640 1091 305
f 1110 1057 1069
f 1087 1092 1058
f 1098 1110 1052
f 1110 1077 1052
f 1092 1056 1058
f 1089 1055 1014
f 443 1093 936
f 1093 1094 936
f 1094 1095 936
f 1095 1096 936
f 1096 1097 936
f 1097 1020 936
f 1022 1100 764
f 1100 840 764
f 983 1098 842
f 987 819 1068
f 1103 1159 955
f 1033 1103 955
f 1104 1081 831
f 1153 1104 831
f 1107 1105 1044
f 1106 958 1017
f 954 1106 1017
f 1080 1107 710
f 1108 1034 963
f 1006 1108 963
f 1201 1021 1105
f 1098 1109 1110
f 1111 1122 1110
f 1122 1057 1110
f 1152 1153 1074
f 1112 997 687
f 1113 640 938
f 1114 998 840
f 1115 1113 938
f 884 1112 687
f 1067 1115 938
f 1116 1111 1110
f 1118 1066 1005
f 1057 1119 969
f 1109 1116 1110
f 1119 1085 969
f 819 1176 1118
f 987 1176 819
f 1116 1121 1111
f 1121 1122 1111
f 1121 1123 1116
f 1123 1121 1116
f 1109 1123 1121
f 1124 1109 1121
f 1116 1124 1121
f 1123 1122 1121
f 1109 1122 1123
f 1109 1124 1116
f 1124 1122 1109
f 1109 1122 1124
f 1051 1125 784
f 1125 1050 784
f 1038 1126 943
f 1046 1196 640
f 1196 1091 640
f 1016 1196 1046
f 1046 1127 954
f 1128 1060 1075
f 1056 1186 935
f 1109 1132 1122
f 1130 308 785
f 1050 1130 785
f 1132 1109 1098
f 1066 1098 983
f 1131 1120 1054
f 1132 1133 1057
f 1122 1132 1057
f 1133 1119 1057
f 1134 1129 1051
f 1055 1134 1051
f 1135 1186 1056
f 1135 1056 1092
f 1089 1134 1055
f 1113 1046 640
f 1113 1127 1046
f 846 1136 1006
f 1136 1108 1006
f 1137 993 984
f 985 1137 984
f 1138 1258 993
f 1258 994 993
f 1137 1138 993
f 1139 977 1183
f 1140 1082 1028
f 962 1141 1031
f 1142 1141 962
f 1027 337 1028
f 1140 1084 1082
f 1143 1142 962
f 1141 1248 1031
f 977 1143 962
f 1248 980 1031
f 1139 1143 977
f 1127 1194 954
f 1194 1106 954
f 1145 1072 979
f 1105 1171 1201
f 1098 1147 1132
f 1147 1146 1132
f 1146 1133 1132
f 1021 1201 1075
f 1201 1128 1075
f 1098 1148 1147
f 1115 1127 1113
f 1148 1146 1147
f 1148 1150 1146
f 1149 1151 1146
f 1150 1149 1146
f 1146 1151 1149
f 1150 1151 1146
f 1154 1173 1098
f 1173 1148 1098
f 308 1152 1074
f 1011 1155 1003
f 1215 1156 1034
f 1157 1152 308
f 1086 976 1020
f 1131 1067 1120
f 1202 1071 1159
f 1161 1025 1024
f 1162 1076 1060
f 1162 1048 1076
f 1163 1029 1064
f 1108 1215 1034
f 1163 957 1029
f 1164 1090 957
f 1163 1164 957
f 1086 1165 1089
f 1165 1166 1089
f 1125 1051 1129
f 1166 1134 1089
f 1087 500 1092
f 498 500 1087
f 1217 1103 1033
f 1101 1217 1033
f 1160 997 1112
f 1167 840 1100
f 1167 1114 840
f 1160 1022 997
f 1168 1080 1081
f 1169 1018 1019
f 1169 420 1018
f 1151 1133 1146
f 1173 1150 1148
f 1173 1151 1150
f 1130 1170 308
f 1170 1157 308
f 1171 1105 1107
f 1168 1171 1107
f 1080 1168 1107
f 1172 1194 1127
f 1115 1172 1127
f 1026 1161 1024
f 1174 1128 1201
f 1156 1225 1102
f 1225 1101 1102
f 1175 1154 1098
f 1258 1088 994
f 1144 1145 979
f 1085 1177 1144
f 1119 1177 1085
f 1128 1178 1060
f 1180 1194 1172
f 1115 1180 1172
f 1318 1181 1078
f 1181 1016 1078
f 1181 1180 1016
f 1180 1196 1016
f 1196 1180 1115
f 1072 1182 1183
f 1145 1182 1072
f 845 1136 846
f 1184 1108 1136
f 1179 1318 1106
f 1318 1078 1106
f 1185 1161 1026
f 1025 1185 1026
f 1188 1187 1133
f 1151 1188 1133
f 1187 1119 1133
f 1189 1130 1050
f 1125 1189 1050
f 1173 1188 1151
f 1190 1201 1171
f 1191 1155 1011
f 1091 1191 1011
f 1048 1291 1049
f 1192 1117 1049
f 1291 1192 1049
f 1115 1193 1196
f 1195 1194 1180
f 1181 1195 1180
f 1197 484 1126
f 1003 1198 1038
f 1038 1198 1126
f 1199 1019 935
f 1200 1199 935
f 1066 1175 1098
f 1270 1067 1131
f 1203 1118 1176
f 1175 1173 1154
f 1204 1003 1155
f 1274 1163 1064
f 1270 1115 1067
f 1206 1207 1066
f 1207 1175 1066
f 1178 1208 1060
f 1167 1205 1114
f 1152 1209 1153
f 1208 1162 1060
f 1210 1174 1201
f 1211 1188 1173
f 1207 1212 1173
f 1212 1211 1173
f 1175 1207 1173
f 1219 1178 1128
f 1205 1099 1114
f 1174 1219 1128
f 1185 1213 1161
f 1208 1214 1162
f 1214 1048 1162
f 1184 1215 1108
f 1101 1216 1217
f 1225 1216 1101
f 1218 1156 1215
f 1214 1291 1048
f 1210 1219 1174
f 1274 1064 1117
f 1192 1274 1117
f 1220 1179 1106
f 1194 1220 1106
f 1190 1223 1201
f 1221 1090 1164
f 1261 1210 1201
f 1222 1223 1171
f 1223 1190 1171
f 1103 1202 1159
f 1217 1202 1103
f 1224 1022 1160
f 1266 1203 1176
f 1224 1226 1022
f 1226 1100 1022
f 1227 1228 1100
f 1226 1227 1100
f 1228 1167 1100
f 1199 1169 1019
f 1229 1086 1020
f 1097 1229 1020
f 1230 1231 1169
f 1231 420 1169
f 1096 1229 1097
f 1232 1135 1092
f 1233 1232 1092
f 1166 1234 1134
f 1235 1234 1166
f 1203 1066 1118
f 1260 1188 1211
f 1236 1233 1092
f 500 1236 1092
f 1234 1129 1134
f 1232 1186 1135
f 1237 1235 1166
f 1165 1237 1166
f 1144 1238 1145
f 1234 1239 1129
f 1090 850 852
f 1202 1070 1071
f 1221 850 1090
f 1240 1176 987
f 1241 1236 500
f 1239 1125 1129
f 1086 1237 1165
f 1242 1137 985
f 1084 1242 985
f 1243 1245 1088
f 1258 1243 1088
f 1246 1238 1144
f 1186 1244 935
f 1177 1246 1144
f 1212 1260 1211
f 1247 1242 1084
f 1168 1222 1171
f 1249 1158 1245
f 1119 1246 1177
f 336 1250 337
f 1139 1251 1143
f 1250 1028 337
f 1252 1247 1084
f 1140 1252 1084
f 1141 1311 1248
f 1251 1142 1143
f 1244 1200 935
f 1251 1253 1142
f 1252 1140 1028
f 1250 1252 1028
f 1142 1311 1141
f 1253 1311 1142
f 1205 725 1099
f 1254 1168 1081
f 1104 1254 1081
f 1157 1342 1152
f 1342 1209 1152
f 1218 1225 1156
f 1255 1254 1104
f 1153 1255 1104
f 1256 1138 1137
f 1242 1256 1137
f 1257 1258 1138
f 1256 1257 1138
f 1182 1259 1183
f 1259 1139 1183
f 1261 1219 1210
f 1260 1187 1188
f 1261 1201 1223
f 1262 1136 845
f 1262 1184 1136
f 1207 1263 1212
f 1263 1275 1212
f 1264 1070 1202
f 1275 1260 1212
f 1240 1266 1176
f 1267 1206 1066
f 1203 1267 1066
f 1240 1265 1266
f 986 1240 987
f 1268 1203 1266
f 1269 1270 1131
f 1271 1246 1119
f 1272 1054 1158
f 1249 1272 1158
f 1187 1271 1119
f 1265 1273 1266
f 1278 725 1205
f 1276 1266 1273
f 884 1277 1112
f 1204 1198 1003
f 1167 1228 1205
f 1228 1278 1205
f 1279 1224 1160
f 1277 1279 1112
f 1279 1160 1112
f 1261 1280 1219
f 1185 1281 1213
f 1025 1282 1185
f 1232 1244 1186
f 1283 1153 1209
f 1272 1284 1054
f 1284 1269 1054
f 1269 1131 1054
f 1260 1287 1187
f 1287 1285 1187
f 1263 1286 1275
f 1287 1260 1275
f 1286 1287 1275
f 1288 1237 1086
f 1265 1289 1273
f 1289 1276 1273
f 1214 1290 1291
f 1280 1298 1219
f 1207 1292 1263
f 1293 1222 1168
f 1294 1293 1168
f 1286 1285 1287
f 1295 1294 1168
f 1254 1295 1168
f 484 1241 500
f 1296 1189 1125
f 1297 1296 1125
f 1219 1299 1178
f 1298 1299 1219
f 1300 1214 1208
f 1341 1300 1208
f 1178 1301 1208
f 1301 1302 1208
f 1198 1197 1126
f 1303 1301 1178
f 1281 1304 1213
f 1304 1161 1213
f 1304 1025 1161
f 1248 334 980
f 1305 1306 1263
f 1292 1305 1263
f 1381 1215 1184
f 1306 1285 1286
f 1381 1218 1215
f 1306 1286 1263
f 1280 1299 1298
f 1243 1368 1245
f 1308 334 1248
f 1309 1221 1164
f 1163 1310 1164
f 1310 1309 1164
f 1311 1308 1248
f 1307 1312 1217
f 1312 1202 1217
f 1274 1310 1163
f 1251 1313 1253
f 1314 1252 1250
f 1313 1311 1253
f 1315 1227 1226
f 1292 1285 1306
f 1305 1292 1306
f 1408 1316 1208
f 1302 1408 1208
f 1317 1169 1199
f 1317 1230 1169
f 1372 1318 1179
f 1312 1264 1202
f 1236 1319 1233
f 1319 1320 1233
f 1357 1239 1234
f 1321 1244 1232
f 1237 1322 1235
f 1322 1323 1235
f 1300 1290 1214
f 1324 1280 1261
f 1157 1325 1342
f 1357 1326 1239
f 1304 1282 1025
f 1293 1223 1222
f 1220 1372 1179
f 1223 1293 1261
f 1324 1299 1280
f 1327 1328 1091
f 1328 1191 1091
f 1196 1327 1091
f 1130 1329 1170
f 1330 1157 1170
f 1329 1330 1170
f 1330 1325 1157
f 1331 1327 1196
f 1193 1331 1196
f 1332 1240 986
f 1241 1319 1236
f 1368 1249 1245
f 1333 1178 1299
f 1281 1282 1304
f 1333 1364 1178
f 1321 1232 1233
f 1320 1321 1233
f 1235 1357 1234
f 1323 1357 1235
f 1326 1125 1239
f 1288 1322 1237
f 1284 1270 1269
f 1182 1334 1259
f 1335 1139 1259
f 1145 1334 1182
f 1300 1337 1290
f 1364 1303 1178
f 1268 1336 1203
f 848 1262 845
f 1341 1337 1300
f 1338 1184 1262
f 1339 1372 1220
f 1194 1339 1220
f 1191 1340 1155
f 1324 1333 1299
f 1336 1267 1203
f 1185 1282 1281
f 1343 1274 1192
f 1776 1204 1155
f 1340 1776 1155
f 1316 1341 1208
f 1218 1344 1225
f 1291 1343 1192
f 1345 1115 1270
f 1350 1324 1261
f 1344 1216 1225
f 1195 1346 1194
f 1346 1339 1194
f 1347 1199 1200
f 1229 1288 1086
f 1345 1193 1115
f 1348 1254 1255
f 1153 1348 1255
f 1283 1348 1153
f 1293 1350 1261
f 1349 1295 1254
f 1348 1349 1254
f 1316 1351 1341
f 1209 1352 1283
f 1292 1353 1285
f 1350 1354 1324
f 1353 1187 1285
f 1354 1355 1324
f 1355 1333 1324
f 1356 1321 1320
f 1358 1357 1323
f 1359 1278 1228
f 1360 1350 1293
f 1278 1359 725
f 1359 1361 725
f 1356 1244 1321
f 1322 1358 1323
f 1246 1362 1238
f 1258 1363 1243
f 1363 1368 1243
f 1365 1362 1246
f 1241 1366 1319
f 1227 1369 1228
f 1247 1370 1242
f 1342 1352 1209
f 1206 1382 1207
f 1271 1365 1246
f 1360 1371 1350
f 1369 1373 1228
f 1373 1374 1228
f 1374 1359 1228
f 1367 1290 1337
f 1355 1364 1333
f 336 1375 1250
f 1252 1376 1247
f 1376 1370 1247
f 1311 1377 1308
f 1139 1378 1251
f 1378 1313 1251
f 1353 1379 1187
f 1379 1271 1187
f 1375 1314 1250
f 1541 1279 1277
f 1382 1380 1207
f 1338 1381 1184
f 1267 1382 1206
f 1276 1268 1266
f 1332 1265 1240
f 1383 1382 1267
f 1336 1383 1267
f 1384 1307 1217
f 1216 1385 1217
f 1385 1384 1217
f 1344 1385 1216
f 1296 1130 1189
f 1386 1329 1130
f 1296 1386 1130
f 1264 1387 1070
f 1332 1289 1265
f 1371 1354 1350
f 1328 1340 1191
f 1290 1388 1291
f 1388 1389 1291
f 1389 1390 1291
f 1390 1343 1291
f 1326 1297 1125
f 1374 1391 1359
f 1355 1392 1364
f 1393 1394 1395
f 1394 1396 1395
f 1396 1397 1395
f 1393 1398 1394
f 1354 1392 1355
f 1376 1252 1314
f 1313 1377 1311
f 1341 1399 1337
f 1399 1367 1337
f 1367 1388 1290
f 1391 1361 1359
f 1195 1400 1346
f 1307 1264 1312
f 1401 1318 1372
f 1402 1296 1297
f 1229 1403 1288
f 1361 724 725
f 1303 1404 1301
f 1405 1221 1309
f 1310 1406 1309
f 1181 1400 1195
f 1404 1407 1301
f 1408 1409 1316
f 1371 1410 1354
f 1410 1411 1354
f 1380 1353 1292
f 1207 1380 1292
f 1387 1412 1070
f 1412 847 1070
f 1413 1270 1284
f 1414 1336 1268
f 1407 1302 1301
f 1392 1411 1364
f 1415 1316 1409
f 1525 1388 1367
f 1401 1181 1318
f 1274 1406 1310
f 1401 1400 1181
f 1416 1417 1224
f 1417 1226 1224
f 1279 1416 1224
f 1399 1525 1367
f 1418 1424 1404
f 1424 1407 1404
f 1419 1420 1409
f 1420 1415 1409
f 1411 1392 1354
f 1421 484 1197
f 1424 1422 1407
f 1423 1419 1409
f 1420 1425 1415
f 1452 1418 1404
f 1426 1272 1249
f 1319 1427 1320
f 1422 1424 1418
f 1428 1429 1418
f 1418 1430 1422
f 1431 1432 1418
f 1429 1430 1418
f 1432 1428 1418
f 1433 1429 1428
f 1432 1433 1428
f 1508 1316 1415
f 1428 1430 1429
f 1452 1431 1418
f 1433 1422 1430
f 1431 1433 1432
f 1433 1430 1429
f 1351 1399 1341
f 1431 1434 1432
f 1452 1435 1431
f 1435 1434 1431
f 1436 1421 1197
f 1198 1436 1197
f 1408 1423 1409
f 1456 1437 1419
f 1434 1433 1431
f 1417 1315 1226
f 1437 1420 1419
f 1438 1257 1256
f 1242 1890 1256
f 1890 1438 1256
f 1439 1258 1257
f 1438 1439 1257
f 1334 1440 1259
f 1440 1441 1259
f 1441 1335 1259
f 1145 1440 1334
f 1699 1274 1343
f 1442 1452 1404
f 1425 1443 1415
f 1443 1444 1415
f 1445 1435 1434
f 1435 1433 1434
f 1446 1525 1399
f 1445 1447 1435
f 1435 1448 1433
f 1356 1449 1244
f 1450 851 850
f 1221 1450 850
f 1452 1445 1435
f 1423 1451 1419
f 1447 1448 1435
f 1444 1508 1415
f 1454 1404 1303
f 1508 1351 1316
f 1699 1406 1274
f 1453 1456 1419
f 1451 1453 1419
f 1405 1450 1221
f 1411 1454 1364
f 1445 1447 1448
f 1455 1453 1451
f 1455 1456 1453
f 1413 1345 1270
f 1457 1451 1423
f 1458 1393 1395
f 1397 1458 1395
f 1394 1397 1396
f 1459 1457 1423
f 1347 1317 1199
f 1096 1403 1229
f 1095 1403 1096
f 1452 1460 1445
f 1461 1408 1302
f 1447 1433 1448
f 1451 1457 1453
f 1457 1455 1453
f 1462 1398 1393
f 1458 1462 1393
f 1398 1397 1394
f 1420 1463 1425
f 1464 1470 1456
f 1465 1262 848
f 1466 1467 1459
f 1423 1466 1459
f 1467 1468 1459
f 1467 1457 1459
f 1468 1469 1457
f 1445 1433 1447
f 1460 1433 1445
f 1467 1468 1457
f 1473 1407 1422
f 1469 1468 1467
f 1506 1456 1455
f 1466 1469 1467
f 1506 1464 1456
f 1408 1466 1423
f 1457 1506 1455
f 1470 1471 1456
f 1465 1472 1262
f 1472 1338 1262
f 1407 1461 1302
f 1471 1437 1456
f 1474 1444 1443
f 1547 1407 1473
f 1366 1427 1319
f 1454 1477 1404
f 1466 1478 1469
f 1475 1547 1473
f 1461 1466 1408
f 1482 1444 1474
f 1443 1482 1474
f 1547 1479 1407
f 1599 1480 1442
f 1480 1452 1442
f 1482 1481 1444
f 1457 1469 1478
f 1482 1474 1481
f 1464 1471 1470
f 1466 1483 1478
f 1482 1484 1481
f 1443 1485 1482
f 1463 1420 1437
f 1483 1491 1478
f 1414 1383 1336
f 1484 1444 1481
f 1632 1332 986
f 1483 1457 1478
f 1486 1485 1443
f 1485 1487 1482
f 1491 1483 1466
f 1433 1489 1422
f 1461 1490 1466
f 1488 1486 1443
f 1486 1487 1485
f 1452 1492 1460
f 1475 1493 1547
f 1425 1488 1443
f 1479 1494 1407
f 1495 1496 1407
f 1496 1461 1407
f 1497 1495 1407
f 1498 1497 1407
f 1494 1498 1407
f 1499 1532 1461
f 1496 1499 1461
f 1500 1501 1461
f 1501 1502 1461
f 1532 1503 1461
f 1503 1500 1461
f 1502 1490 1461
f 1454 1303 1364
f 1505 1344 1218
f 1489 1473 1422
f 1504 1463 1437
f 1480 1492 1452
f 1506 1507 1483
f 1507 1457 1483
f 1491 1507 1483
f 1507 1506 1483
f 1485 1488 1487
f 1477 1442 1404
f 1486 1488 1485
f 1776 1198 1204
f 1509 1510 1498
f 1510 1497 1498
f 1494 1510 1498
f 1511 1512 1496
f 1512 1499 1496
f 1495 1512 1496
f 1513 1514 1500
f 1514 1501 1500
f 1503 1514 1500
f 1464 1437 1471
f 1494 1509 1510
f 1495 1511 1512
f 1503 1513 1514
f 1509 1515 1510
f 1515 1497 1510
f 1511 1516 1512
f 1516 1499 1512
f 1513 1517 1514
f 1517 1501 1514
f 1518 1495 1497
f 1531 1503 1532
f 1517 1519 1501
f 1506 1457 1507
f 1502 1520 1490
f 1494 1515 1509
f 1495 1516 1511
f 1503 1517 1513
f 1521 1499 1516
f 1522 1519 1517
f 1523 1515 1509
f 1521 1516 1511
f 1522 1517 1513
f 1484 1508 1444
f 1466 1507 1491
f 1522 1540 1519
f 1494 1523 1515
f 1495 1521 1516
f 1540 1522 1517
f 1503 1540 1517
f 1523 1497 1515
f 1524 1523 1494
f 1488 1482 1487
f 1518 1526 1495
f 1490 1507 1466
f 1527 1518 1497
f 1566 1527 1497
f 1528 1531 1532
f 1541 1416 1279
f 1529 1530 1494
f 1530 1524 1494
f 1524 1497 1523
f 1495 1499 1521
f 1381 1505 1218
f 1479 1529 1494
f 1533 1534 1520
f 1502 1533 1520
f 1535 1566 1497
f 1488 1484 1482
f 1547 1536 1479
f 1537 1399 1351
f 1538 1529 1530
f 1539 1503 1531
f 1524 1535 1497
f 1479 1538 1529
f 1536 1538 1479
f 1529 1524 1530
f 1542 1535 1524
f 1538 1524 1529
f 1526 1543 1495
f 1520 1567 1490
f 1477 1599 1442
f 1544 1542 1524
f 1545 1535 1542
f 1543 1546 1495
f 1539 1540 1503
f 1536 1524 1538
f 1548 1454 1411
f 1520 1534 1567
f 1546 1543 1526
f 1549 1504 1437
f 1546 1550 1495
f 1489 1475 1473
f 1545 1556 1535
f 1508 1537 1351
f 1546 1552 1543
f 1490 1506 1507
f 1552 1546 1526
f 1544 1545 1542
f 1545 1553 1542
f 1519 1554 1501
f 1549 1555 1504
f 1549 1463 1504
f 1553 1556 1545
f 1557 1528 1532
f 1533 1502 1501
f 1554 1533 1501
f 1527 1526 1518
f 1552 1558 1546
f 1555 1463 1549
f 1544 1553 1545
f 1546 1558 1550
f 1560 1495 1550
f 1557 1531 1528
f 1371 1561 1410
f 1558 1560 1550
f 1562 1560 1550
f 1463 1563 1425
f 1563 1488 1425
f 1536 1564 1524
f 1560 1499 1495
f 1560 1532 1499
f 1540 1554 1519
f 1558 1552 1526
f 1492 1559 1460
f 1565 1489 1433
f 1561 1411 1410
f 1437 1555 1549
f 1562 1560 1558
f 1568 1433 1460
f 1559 1568 1460
f 1544 1556 1553
f 1566 1569 1527
f 1598 1484 1488
f 1526 1562 1558
f 1568 1565 1433
f 1561 1548 1411
f 1557 1570 1531
f 1570 1539 1531
f 1446 1574 1525
f 1556 1566 1535
f 1525 1571 1388
f 1564 1572 1524
f 1400 1573 1346
f 1573 1339 1346
f 1368 1426 1249
f 1581 1560 1562
f 1574 1446 1399
f 1572 1544 1524
f 1437 1575 1555
f 1547 1603 1536
f 1571 1389 1388
f 1576 1541 1277
f 1575 1463 1555
f 1572 1564 1536
f 1577 1572 1536
f 1241 1578 1366
f 1449 1200 1244
f 1288 1476 1322
f 1526 1581 1562
f 1577 1572 1564
f 1579 1557 1532
f 1464 1575 1437
f 1582 1369 1227
f 1536 1544 1577
f 1580 1348 1283
f 1544 1572 1577
f 1584 1399 1537
f 1527 1581 1526
f 1583 1554 1540
f 1227 1571 1582
f 1574 1585 1525
f 1586 1480 1599
f 1506 1575 1464
f 1587 1390 1389
f 1588 1589 1389
f 1589 1587 1389
f 1571 1588 1389
f 1560 1579 1532
f 1352 1580 1283
f 884 1576 1277
f 1362 1145 1238
f 1480 1559 1492
f 1570 1591 1539
f 1592 1575 1506
f 1315 1588 1227
f 1588 1571 1227
f 1584 1574 1399
f 1586 1559 1480
f 1508 1584 1537
f 1551 1593 1371
f 1551 1371 1360
f 1594 1372 1339
f 1573 1594 1339
f 1548 1477 1454
f 1490 1592 1506
f 1293 1595 1360
f 1660 1352 1342
f 1585 1571 1525
f 1593 1561 1371
f 1612 1598 1488
f 1449 1596 1200
f 1597 1585 1574
f 1598 1508 1484
f 1600 1576 884
f 851 1600 884
f 1601 1569 1566
f 1590 1612 1488
f 1556 1601 1566
f 1493 1475 1489
f 1598 1574 1584
f 1598 1584 1508
f 1548 1561 1477
f 1561 1599 1477
f 1560 1604 1579
f 1605 1606 1539
f 1585 1582 1571
f 1606 1540 1539
f 1607 1490 1567
f 1380 1379 1353
f 1685 1610 1581
f 1583 1609 1554
f 1591 1605 1539
f 1692 1604 1560
f 1603 1544 1536
f 1598 1608 1574
f 1611 1601 1556
f 1603 1556 1544
f 1581 1610 1560
f 1606 1609 1583
f 1540 1606 1583
f 1603 1611 1556
f 1610 1692 1560
f 1627 1561 1593
f 1547 1602 1603
f 1582 1614 1369
f 1597 1582 1585
f 1361 1615 724
f 1527 1685 1581
f 484 1578 1241
f 1616 1347 1200
f 1596 1616 1200
f 1403 1617 1288
f 1618 1533 1554
f 1619 1557 1579
f 1604 1619 1579
f 1570 1605 1591
f 1363 1620 1368
f 1621 1586 1599
f 1427 1622 1320
f 1663 1326 1357
f 1623 1449 1356
f 1322 1624 1358
f 1624 1625 1358
f 1619 1570 1557
f 1626 1685 1527
f 1569 1626 1527
f 1623 1356 1320
f 1622 1623 1320
f 1358 1663 1357
f 1625 1663 1358
f 1307 1387 1264
f 1627 1599 1561
f 1717 1632 986
f 1551 1627 1593
f 1349 1628 1295
f 1628 1629 1295
f 1574 1630 1597
f 1627 1621 1599
f 1641 1590 1488
f 1308 1631 334
f 1620 1426 1368
f 1615 1633 724
f 1369 1634 1373
f 1614 1634 1369
f 1294 1595 1293
f 1315 1589 1588
f 1663 1635 1326
f 1824 1551 1360
f 1595 1824 1360
f 1391 1636 1361
f 1335 1378 1139
f 1608 1630 1574
f 1612 1608 1598
f 1377 1631 1308
f 1590 1637 1612
f 1476 1624 1322
f 1505 1638 1344
f 1633 1613 724
f 1563 1641 1488
f 1597 1639 1582
f 1639 1614 1582
f 1737 1314 1375
f 1738 1313 1378
f 1612 1630 1608
f 1640 1385 1344
f 1638 1640 1344
f 1737 1376 1314
f 1738 1377 1313
f 1630 1639 1597
f 1295 1595 1294
f 1276 1642 1268
f 1642 1414 1268
f 1643 1289 1332
f 1632 1643 1332
f 1644 1372 1594
f 1472 1754 1338
f 1754 1381 1338
f 1493 1645 1547
f 1645 1602 1547
f 851 1646 847
f 1646 1647 847
f 1647 1648 847
f 1649 848 847
f 1648 1649 847
f 1412 1650 847
f 1650 1458 847
f 1458 851 847
f 1450 1646 851
f 1651 1600 851
f 1458 1397 851
f 1397 1651 851
f 1387 1650 1412
f 1651 1576 1600
f 1387 1652 1650
f 1653 1794 1651
f 1794 1576 1651
f 1650 1654 1458
f 1654 1783 1458
f 1783 1462 1458
f 1655 1651 1397
f 1398 1655 1397
f 1655 1653 1651
f 1657 1276 1289
f 1643 1657 1289
f 1658 1307 1384
f 1385 1640 1384
f 1754 1505 1381
f 1656 1413 1284
f 1612 1639 1630
f 1637 1639 1612
f 1590 1641 1637
f 1635 1297 1326
f 1661 1623 1622
f 1662 1661 1622
f 1664 1663 1625
f 1665 1659 1627
f 1798 1365 1271
f 1666 1586 1621
f 1634 1667 1373
f 1667 1374 1373
f 1551 1665 1627
f 1668 1272 1426
f 1427 1662 1622
f 1661 1449 1623
f 1624 1664 1625
f 1635 1669 1297
f 1670 1258 1439
f 1671 1335 1441
f 1672 1776 1340
f 1824 1665 1551
f 1673 1570 1619
f 1674 1534 1533
f 1675 1674 1533
f 1618 1675 1533
f 1668 1656 1272
f 1656 1284 1272
f 1658 1387 1307
f 1676 1400 1401
f 1677 1614 1639
f 1677 1634 1614
f 1315 1678 1589
f 1417 1678 1315
f 1677 1679 1634
f 1679 1667 1634
f 1661 1680 1449
f 1405 1646 1450
f 1391 1374 1667
f 1681 1646 1405
f 1309 1681 1405
f 1732 1678 1417
f 1682 1402 1297
f 1669 1682 1297
f 1683 1616 1596
f 1684 1329 1386
f 1296 1684 1386
f 1400 1676 1573
f 1686 1575 1592
f 1607 1592 1490
f 1328 1672 1340
f 1687 1563 1463
f 1575 1687 1463
f 1688 1390 1587
f 1607 1567 1534
f 1674 1607 1534
f 1673 1605 1570
f 1689 1198 1776
f 1609 1618 1554
f 1349 1348 1580
f 1602 1690 1603
f 1644 1691 1372
f 1691 1401 1372
f 1685 1692 1610
f 1693 1611 1603
f 1690 1693 1603
f 1694 1609 1606
f 1362 1695 1145
f 1637 1696 1639
f 1696 1677 1639
f 1309 1697 1681
f 1698 1699 1343
f 1641 1700 1637
f 1700 1696 1637
f 1230 1317 1347
f 1095 1617 1403
f 1094 1617 1095
f 1701 1406 1699
f 1370 1890 1242
f 1427 1702 1662
f 1624 1703 1664
f 1680 1596 1449
f 1365 1704 1362
f 1704 1695 1362
f 1725 1587 1589
f 1678 1725 1589
f 1696 1679 1677
f 1627 1666 1621
f 1652 1654 1650
f 1352 1705 1580
f 1406 1697 1309
f 1667 1728 1391
f 1706 1383 1414
f 1705 1707 1580
f 1663 1709 1635
f 1706 1382 1383
f 1728 1636 1391
f 1710 1700 1641
f 1866 1666 1627
f 1659 1866 1627
f 1711 1375 336
f 1712 1890 1370
f 1563 1710 1641
f 1713 1667 1679
f 1688 1714 1390
f 1714 1715 1390
f 1715 1343 1390
f 1342 1708 1660
f 1707 1705 1716
f 1716 1721 1707
f 1689 1436 1198
f 1476 1703 1624
f 1335 1719 1378
f 1688 1416 1541
f 1718 1688 1541
f 1657 1642 1276
f 1720 1698 1343
f 1722 1661 1662
f 1664 1723 1663
f 1629 1724 1295
f 1710 1696 1700
f 1688 1417 1416
f 1726 1721 1716
f 1732 1725 1678
f 1696 1727 1679
f 1727 1713 1679
f 1667 1713 1728
f 1715 1720 1343
f 1711 1737 1375
f 1376 1729 1370
f 1729 1712 1370
f 1377 1730 1631
f 1719 1738 1378
f 1580 1628 1349
f 1731 1476 1288
f 1617 1731 1288
f 1798 1704 1365
f 1732 1563 1687
f 1710 1733 1696
f 1734 1638 1505
f 1754 1734 1505
f 1366 1702 1427
f 1652 1736 1654
f 1723 1709 1663
f 1722 1680 1661
f 1629 1628 1707
f 1656 1735 1413
f 1710 1563 1733
f 1563 1587 1733
f 1587 1725 1733
f 1721 1629 1707
f 1681 1740 1646
f 1740 1647 1646
f 1345 1413 1735
f 1742 1331 1735
f 1331 1345 1735
f 1739 1748 1735
f 1729 1376 1737
f 1738 1730 1377
f 1726 1741 1721
f 1697 1740 1681
f 1707 1628 1580
f 1656 1739 1735
f 1725 1696 1733
f 1325 1743 1342
f 1696 1725 1727
f 1732 1713 1727
f 1725 1732 1727
f 1722 1744 1680
f 1724 1629 1721
f 1462 1745 1398
f 1745 1655 1398
f 1642 1746 1414
f 1745 1653 1655
f 1747 1726 1716
f 1705 1747 1716
f 1748 1742 1735
f 1749 1722 1662
f 1750 1723 1664
f 1720 1699 1698
f 1720 1701 1699
f 1741 1724 1721
f 1578 1702 1366
f 1709 1669 1635
f 1620 1751 1426
f 1601 1752 1569
f 1752 1626 1569
f 1732 1688 1563
f 1688 1587 1563
f 1753 1717 986
f 1746 1706 1414
f 1894 1687 1575
f 1755 1757 1559
f 1757 1821 1559
f 1821 1568 1559
f 1836 1658 1384
f 1640 1836 1384
f 1751 1668 1426
f 1379 1798 1271
f 1568 1821 1565
f 1758 1406 1701
f 1759 1379 1380
f 1686 1894 1575
f 1760 1439 1438
f 1761 1760 1438
f 1890 1761 1438
f 1762 1763 1439
f 1763 1670 1439
f 1760 1762 1439
f 1440 1764 1441
f 1764 1765 1441
f 1765 1766 1441
f 1766 1671 1441
f 1767 1764 1440
f 1145 1767 1440
f 1768 1752 1601
f 1747 1769 1726
f 1756 1781 1382
f 1781 1380 1382
f 1770 1749 1662
f 1702 1770 1662
f 1771 1750 1664
f 1703 1771 1664
f 1796 1748 1739
f 1732 1728 1713
f 1565 1493 1489
f 1769 1899 1726
f 1796 1772 1748
f 1657 1773 1642
f 1750 1722 1749
f 1750 1749 1723
f 1774 1644 1594
f 1706 1756 1382
f 1668 1739 1656
f 1670 1363 1258
f 1695 1767 1145
f 1829 1606 1605
f 1774 1691 1644
f 1668 1796 1739
f 1406 1758 1697
f 1611 1768 1601
f 1777 1619 1604
f 1732 1417 1688
f 1331 1193 1345
f 1649 1778 848
f 1778 1465 848
f 1692 1777 1604
f 1723 1770 1709
f 1744 1779 1680
f 1694 1618 1609
f 1829 1694 1606
f 1775 1742 1748
f 1772 1775 1748
f 1778 1780 1465
f 1780 1472 1465
f 1615 1636 1728
f 1732 1615 1728
f 1613 1753 986
f 1749 1770 1723
f 1750 1744 1722
f 1781 1759 1380
f 1782 1717 1753
f 1734 1827 1638
f 1658 1652 1387
f 484 1784 1578
f 1771 1744 1750
f 1980 1701 1720
f 1785 1980 1720
f 1786 1771 1703
f 1717 1787 1632
f 1691 1676 1401
f 1576 1718 1541
f 1462 1783 1745
f 1783 1653 1745
f 1636 1615 1361
f 1827 1640 1638
f 1779 1596 1680
f 1476 1786 1703
f 1631 335 334
f 1787 1643 1632
f 1576 1788 1718
f 1788 1688 1718
f 1715 1785 1720
f 1980 1789 1701
f 1789 1758 1701
f 1654 1653 1783
f 1788 1714 1688
f 1670 1790 1363
f 1676 1878 1573
f 1878 1594 1573
f 1791 1770 1702
f 1770 1791 1709
f 333 1711 336
f 1771 1779 1744
f 1786 1779 1771
f 1792 1595 1295
f 1773 1746 1642
f 1790 1620 1363
f 1743 1708 1342
f 1736 2003 1654
f 1793 1740 1697
f 1758 1789 1697
f 1789 1793 1697
f 1708 1826 1660
f 1795 1295 1724
f 1741 1795 1724
f 1790 1876 1620
f 1759 1797 1379
f 1797 1798 1379
f 2003 1653 1654
f 1578 1791 1702
f 1791 1669 1709
f 2003 1794 1653
f 1666 1799 1586
f 1799 1559 1586
f 1876 1751 1620
f 1671 1719 1335
f 1784 1801 1578
f 1802 1682 1669
f 1803 1683 1596
f 1779 1803 1596
f 1731 1786 1476
f 1792 1824 1595
f 1633 2039 1613
f 1788 1804 1714
f 1804 1715 1714
f 1804 1805 1715
f 1805 1785 1715
f 1806 1792 1295
f 1807 1774 1594
f 1878 1807 1594
f 1402 1684 1296
f 1808 1674 1675
f 1618 1808 1675
f 1903 1705 1352
f 1660 1903 1352
f 1231 1230 1347
f 1616 1231 1347
f 1809 1755 1559
f 1810 1795 1741
f 1811 1806 1295
f 1812 1813 1687
f 1813 1732 1687
f 1894 1812 1687
f 1814 1672 1328
f 1327 1814 1328
f 1815 1788 1576
f 1794 1815 1576
f 1816 1800 1631
f 1730 1816 1631
f 1613 1817 1753
f 1817 1782 1753
f 1815 1804 1788
f 1819 1763 1762
f 1767 1820 1764
f 1795 1811 1295
f 1711 1822 1737
f 1719 1996 1738
f 1818 1706 1746
f 1823 1633 1615
f 1799 1809 1559
f 1825 1592 1607
f 1592 1828 1686
f 1685 1830 1692
f 1791 1802 1669
f 1831 1803 1779
f 1731 1832 1786
f 1822 1729 1737
f 1738 1816 1730
f 1996 1816 1738
f 1780 1906 1472
f 1906 1754 1472
f 1830 1777 1692
f 1899 1833 1726
f 1833 1834 1726
f 1732 1823 1615
f 2039 1817 1613
f 1602 1693 1690
f 1693 1768 1611
f 1836 1640 1827
f 1837 1778 1649
f 1838 1694 1829
f 1726 1810 1741
f 1838 1972 1694
f 1972 1618 1694
f 1906 1839 1754
f 1839 1734 1754
f 1840 1776 1672
f 1814 1840 1672
f 1841 1842 1775
f 1842 1742 1775
f 1834 1810 1726
f 1837 1780 1778
f 1843 1493 1565
f 1839 1827 1734
f 1674 1825 1607
f 1673 1829 1605
f 1900 1808 1618
f 1845 1791 1578
f 1801 1845 1578
f 1845 1802 1791
f 1832 1779 1786
f 1717 1846 1787
f 1847 2039 1633
f 1823 1847 1633
f 1773 1934 1746
f 1934 1848 1746
f 1832 1831 1779
f 1732 1813 1823
f 1849 1643 1787
f 1846 1849 1787
f 1952 1850 1851
f 1936 1852 1853
f 1854 1855 1856
f 1857 1848 1858
f 1934 1858 1848
f 1859 1691 1774
f 1849 1862 1643
f 1862 1657 1643
f 1813 1863 1823
f 1863 1847 1823
f 1844 1903 1660
f 1830 1835 1777
f 1864 1865 1658
f 1865 1652 1658
f 1836 1864 1658
f 1826 1844 1660
f 1867 484 1421
f 1868 1626 1752
f 1868 1685 1626
f 1869 1762 1760
f 1761 1869 1760
f 1870 1819 1762
f 1869 1870 1762
f 1764 1871 1765
f 1871 1872 1765
f 1872 1766 1765
f 1820 1871 1764
f 1981 1769 1747
f 1704 1946 1695
f 1873 1645 1493
f 1843 1873 1493
f 1689 1867 1421
f 1436 1689 1421
f 1874 1676 1691
f 1875 1673 1619
f 1777 1875 1619
f 1921 1863 1813
f 1665 1877 1659
f 1877 1866 1659
f 1951 1860 1861
f 1879 1921 1813
f 1742 1842 1331
f 1842 1327 1331
f 1880 1836 1827
f 1857 1818 1746
f 1848 1857 1746
f 1881 1751 1876
f 1798 1946 1704
f 1878 1882 1807
f 1882 1883 1807
f 1821 1843 1565
f 1884 1885 1886
f 1887 1952 1851
f 1888 1936 1853
f 1949 1854 1856
f 1889 1885 1884
f 1947 1857 1858
f 1800 1982 1631
f 1865 1736 1652
f 1648 1837 1649
f 1891 1799 1666
f 1809 1757 1755
f 1809 1821 1757
f 1893 1780 1837
f 1895 1896 1796
f 1896 1772 1796
f 1873 1897 1645
f 1897 1602 1645
f 1812 1879 1813
f 1936 1898 1852
f 1898 1853 1852
f 1824 1877 1665
f 1828 1894 1686
f 1981 1899 1769
f 1825 1828 1592
f 1901 1877 1824
f 1902 1901 1792
f 1901 1824 1792
f 1903 1892 1705
f 1904 1858 1934
f 1806 1902 1792
f 1761 2219 1869
f 1871 1870 1872
f 1870 1869 1872
f 1869 2219 1872
f 2219 1766 1872
f 1820 1819 1871
f 1819 1870 1871
f 1905 1693 1602
f 1907 1847 1863
f 1972 1900 1618
f 1896 1775 1772
f 333 1822 1711
f 1729 1908 1712
f 1908 1890 1712
f 1671 1996 1719
f 2043 1946 1798
f 1896 1909 1775
f 1910 1864 1836
f 1880 1910 1836
f 1818 1756 1706
f 1911 1951 1861
f 1866 1891 1666
f 1912 1800 1816
f 1965 1773 1657
f 1913 1774 1807
f 1914 1668 1751
f 1881 1914 1751
f 1797 2043 1798
f 1916 1888 1853
f 1904 1947 1858
f 1683 1231 1616
f 1094 1731 1617
f 1093 1731 1094
f 1895 1796 1668
f 1914 1895 1668
f 1759 1917 1797
f 1756 2010 1781
f 1918 1919 1811
f 1795 1918 1811
f 1920 1883 1882
f 1878 1920 1882
f 1834 1795 1810
f 1909 1841 1775
f 1768 1922 1752
f 1922 1868 1752
f 1860 1923 1861
f 1923 1915 1861
f 1951 1923 1860
f 1924 1851 1850
f 1952 1924 1850
f 1925 1856 1855
f 1926 1925 1855
f 1854 1926 1855
f 1927 1884 1886
f 1885 1927 1886
f 1928 1837 1648
f 1929 1880 1827
f 1781 1917 1759
f 1930 1790 1670
f 1695 1931 1767
f 1965 1934 1773
f 1928 1893 1837
f 1932 1329 1684
f 1933 1932 1684
f 1402 1933 1684
f 1888 1935 1936
f 2055 1776 1840
f 1887 1935 1952
f 1839 1929 1827
f 1917 1781 2010
f 1743 1826 1708
f 1937 1865 1864
f 1910 1937 1864
f 1949 1935 1854
f 1889 1935 1885
f 1740 1648 1647
f 1938 1879 1812
f 1894 1938 1812
f 1939 1840 1814
f 1327 1940 1814
f 2028 1916 1853
f 1898 2028 1853
f 1928 1648 1740
f 1793 1928 1740
f 1905 1602 1897
f 1941 1920 1878
f 1808 1942 1674
f 1943 1825 1674
f 1942 1943 1674
f 1875 1944 1673
f 1944 1829 1673
f 1676 1941 1878
f 1911 1945 1951
f 1945 1935 1951
f 1793 1893 1928
f 1930 1876 1790
f 1946 1931 1695
f 1982 335 1631
f 1948 1756 1818
f 1857 1948 1818
f 1935 1857 1885
f 1924 2031 1851
f 2031 1887 1851
f 1925 2032 1856
f 2032 1949 1856
f 1950 1889 1884
f 1908 1729 1822
f 1996 1912 1816
f 1935 1887 1951
f 1935 1888 1952
f 1935 1949 1936
f 1935 1889 1854
f 1889 1953 1854
f 1857 1947 1885
f 1978 1951 1887
f 1954 1885 1947
f 1676 1874 1941
f 1930 1955 1876
f 1956 1929 1839
f 1913 1859 1774
f 1943 1957 1825
f 1893 1958 1780
f 1958 1906 1780
f 1918 1795 1834
f 2055 1959 1776
f 1959 1689 1776
f 1960 1830 1685
f 1961 1843 1821
f 2029 1691 1859
f 1782 1846 1717
f 1958 1956 1839
f 1906 1958 1839
f 1962 1913 1807
f 1883 1963 1807
f 1963 1962 1807
f 1782 1849 1846
f 1955 1881 1876
f 1862 1965 1657
f 1948 2010 1756
f 1967 1835 1830
f 1960 1967 1830
f 1968 1894 1828
f 1957 1828 1825
f 1777 1969 1875
f 1763 1930 1670
f 1835 1969 1777
f 1693 1964 1768
f 1941 1993 1920
f 1964 1693 1905
f 1967 1969 1835
f 1829 1972 1838
f 1927 1974 1884
f 1974 1950 1884
f 1953 1926 1854
f 1951 1970 1923
f 1952 1966 1924
f 2029 1975 1691
f 1975 1874 1691
f 1976 1834 1833
f 1866 2110 1891
f 1979 1980 1785
f 1949 1977 1936
f 1916 1952 1888
f 1950 1953 1889
f 1984 1844 1826
f 1747 1985 1981
f 1986 1789 1980
f 1987 1911 1861
f 1988 1880 1929
f 1805 1979 1785
f 1990 1868 1922
f 1979 1956 1980
f 1956 1979 1929
f 1960 1685 1868
f 1990 1960 1868
f 1991 1914 1881
f 1993 1997 1920
f 1937 1736 1865
f 1976 1918 1834
f 1992 1822 333
f 1908 2009 1890
f 1983 1996 1671
f 1989 1976 1833
f 1989 1833 1899
f 1981 1989 1899
f 1809 1961 1821
f 1956 1986 1980
f 1979 1988 1929
f 1805 1988 1979
f 1958 1986 1956
f 1957 1968 1828
f 1986 1958 1893
f 1811 1902 1806
f 1874 1993 1941
f 1994 1903 1844
f 1973 1885 1954
f 1971 1936 1977
f 1992 1995 1822
f 1912 1982 1800
f 1920 1997 1883
f 1939 2055 1840
f 1998 1887 2031
f 1892 1985 1747
f 1705 1892 1747
f 1945 1913 1962
f 1935 1945 1962
f 1963 1935 1962
f 1999 2110 1866
f 1789 1986 1793
f 1986 1893 1793
f 2000 1799 1891
f 2001 1809 1799
f 2000 2001 1799
f 1995 1908 1822
f 420 1231 1683
f 443 1731 1093
f 1988 1937 1910
f 1880 1988 1910
f 1987 1945 1911
f 1997 1963 1883
f 2002 1849 1782
f 1937 2003 1736
f 2068 484 1867
f 2004 1947 1904
f 2002 1862 1849
f 1815 1988 1804
f 1988 1805 1804
f 1965 2133 1934
f 1998 1978 1887
f 1935 1948 1857
f 1971 2008 1936
f 1919 1918 1976
f 1946 2005 1931
f 2003 1815 1794
f 2004 1954 1947
f 2009 1761 1890
f 1877 1999 1866
f 2133 1904 1934
f 1981 2007 1989
f 2007 1976 1989
f 2011 1944 1875
f 1969 2011 1875
f 2012 1942 1808
f 1900 2012 1808
f 2013 1897 1873
f 1843 2013 1873
f 1915 1987 1861
f 1993 2006 1997
f 1894 2079 1938
f 1952 2014 1966
f 1874 2006 1993
f 1931 1820 1767
f 1978 2016 1951
f 1964 2019 1768
f 1988 2003 1937
f 2075 1895 1914
f 1991 2075 1914
f 1917 2017 1797
f 2017 2043 1797
f 1968 2079 1894
f 1923 2087 1915
f 1930 2018 1955
f 2003 1988 1815
f 1874 1975 2006
f 1879 2020 1921
f 2021 1972 1829
f 2022 1964 1905
f 1901 1999 1877
f 2023 1963 1997
f 1768 2024 1922
f 2024 1990 1922
f 2021 2025 1972
f 1817 2026 1782
f 2006 2023 1997
f 2007 1919 1976
f 1945 2027 1913
f 2008 1971 1977
f 2014 1952 1916
f 2029 1859 1913
f 1936 2008 1898
f 1743 2030 1826
f 2022 2019 1964
f 2033 2087 1923
f 1970 2033 1923
f 2034 2031 1924
f 1966 2034 1924
f 2035 2032 1925
f 1926 2035 1925
f 2036 1974 1927
f 1885 2036 1927
f 2075 2100 1895
f 2037 1983 1671
f 1682 1933 1402
f 2038 1932 1933
f 1682 2038 1933
f 2100 1896 1895
f 1863 2040 1907
f 2039 1847 1907
f 1972 2082 1900
f 2015 1961 1809
f 1938 2020 1879
f 1921 2041 1863
f 2042 1939 1814
f 1940 2042 1814
f 2026 2002 1782
f 2169 1892 1903
f 2023 2044 1963
f 2045 2007 1981
f 1984 2046 1844
f 2018 1881 1955
f 2043 2005 1946
f 2098 1935 1963
f 2100 1909 1896
f 2026 2047 2002
f 2040 1862 2002
f 2047 2040 2002
f 2048 1905 1897
f 2049 1829 1944
f 2050 2051 1985
f 2051 1981 1985
f 2006 2044 2023
f 1763 2052 1930
f 1975 2044 2006
f 1908 2053 2009
f 2046 1994 1844
f 2054 1919 2007
f 2098 2056 1948
f 1935 2098 1948
f 2025 2082 1972
f 2057 1987 1915
f 2058 2027 1945
f 2169 1903 1994
f 2016 1970 1951
f 2060 1975 2029
f 2055 1939 484
f 1939 2042 484
f 2042 1784 484
f 2111 1842 1841
f 1992 2061 1995
f 1912 2062 1982
f 1983 2063 1996
f 2045 2054 2007
f 2168 1897 2013
f 2064 1901 1902
f 2065 2017 1917
f 2066 2064 1902
f 1811 2066 1902
f 2005 2109 1931
f 2019 2024 1768
f 2051 2045 1981
f 2067 1916 2028
f 1885 2096 2036
f 2059 2133 1965
f 2040 2047 1907
f 2047 2039 1907
f 2044 2098 1963
f 2027 2029 1913
f 2039 2026 1817
f 1803 420 1683
f 443 1832 1731
f 2039 2047 2026
f 2001 2015 1809
f 2069 1926 1950
f 1926 1953 1950
f 2091 2008 1977
f 2053 1908 1995
f 2061 2053 1995
f 1996 2062 1912
f 2063 2062 1996
f 2052 2018 1930
f 332 1992 333
f 1766 2037 1671
f 1975 2098 2044
f 2071 2054 2045
f 2072 2071 2045
f 2051 2071 2045
f 2036 2073 1974
f 2073 1950 1974
f 2133 2074 1904
f 2074 2004 1904
f 1961 2070 1843
f 2168 2048 1897
f 2068 2077 484
f 2077 2055 484
f 2049 2021 1829
f 2051 2072 2071
f 2048 2022 1905
f 2054 1811 1919
f 2078 2054 2071
f 2072 2078 2071
f 2076 1967 1960
f 2080 2066 1811
f 2110 2081 1891
f 2082 2083 1900
f 2084 1917 2010
f 1967 2085 1969
f 2070 2013 1843
f 2076 2085 1967
f 2041 2040 1863
f 1943 1968 1957
f 1909 2111 1841
f 1901 2143 1999
f 2083 2012 1900
f 2086 1881 2018
f 2043 2109 2005
f 2051 2078 2072
f 2020 2041 1921
f 2084 2065 1917
f 2008 2088 1898
f 2088 2028 1898
f 2057 1945 1987
f 1826 2089 1984
f 2090 1820 1931
f 2091 1977 1949
f 2054 2080 1811
f 2081 2000 1891
f 2057 2058 1945
f 1973 2096 1885
f 2092 1978 1998
f 2150 2109 2043
f 1943 2079 1968
f 2015 2070 1961
f 2060 2098 1975
f 2180 1966 2014
f 1862 2093 1965
f 2067 2094 1916
f 2095 2010 1948
f 2187 2100 2075
f 2095 2084 2010
f 1982 2097 335
f 2086 1991 1881
f 2017 2150 2043
f 2099 2050 1985
f 1892 2099 1985
f 2077 1959 2055
f 2093 2059 1965
f 2050 2102 2051
f 2102 2078 2051
f 2187 2075 1991
f 2065 2103 2017
f 2103 2150 2017
f 2091 1949 2032
f 2104 1944 2011
f 2105 1942 2012
f 2106 2020 1938
f 2079 2106 1938
f 1954 2096 1973
f 1916 2180 2014
f 2094 2180 1916
f 2092 2016 1978
f 2182 2096 1954
f 2259 2029 2027
f 1819 2107 1763
f 1970 2122 2033
f 1966 2108 2034
f 2109 2090 1931
f 2112 1990 2024
f 2105 1943 1942
f 1831 2113 1803
f 2113 2114 1803
f 2114 2115 1803
f 2115 420 1803
f 2116 2117 1832
f 443 2116 1832
f 2115 419 420
f 89 2116 443
f 2104 2049 1944
f 2053 2118 2009
f 2062 2119 1982
f 2119 2097 1982
f 2037 2063 1983
f 2052 2172 2018
f 2143 1901 2064
f 2120 1819 1820
f 1994 2121 2169
f 2056 2095 1948
f 2107 2052 1763
f 2124 1932 2038
f 2037 2125 2063
f 2259 2126 2029
f 2101 2056 2098
f 89 2128 2116
f 2128 2129 2116
f 2130 419 2115
f 2131 2130 2115
f 2114 2131 2115
f 2016 2122 1970
f 2127 2106 2079
f 2172 2086 2018
f 78 2128 89
f 2132 2068 1867
f 2046 2121 1994
f 2091 2176 2008
f 2143 2110 1999
f 2134 2217 1926
f 2022 2135 2019
f 2048 2135 2022
f 2042 2136 1784
f 2136 1801 1784
f 1940 2136 2042
f 2137 2131 2114
f 2129 2138 2116
f 2130 85 419
f 2139 2057 1915
f 2087 2139 1915
f 2049 2025 2021
f 1984 2089 2046
f 2147 1926 2069
f 2015 2123 2070
f 2100 2111 1909
f 2138 2117 2116
f 2001 2123 2015
f 2020 2201 2041
f 2146 2137 2114
f 2113 2146 2114
f 2138 2141 2117
f 2029 2142 2060
f 2142 2216 2060
f 2216 2098 2060
f 2126 2142 2029
f 2144 2132 1867
f 1689 2144 1867
f 1959 2144 1689
f 2102 2145 2078
f 1969 2085 2011
f 2147 2134 1926
f 2147 1950 2073
f 2148 2004 2074
f 2149 1991 2086
f 2151 2104 2011
f 2085 2151 2011
f 2152 2105 2012
f 2083 2152 2012
f 2229 2168 2013
f 2070 2229 2013
f 2201 2020 2106
f 2153 2113 1831
f 2117 2153 1832
f 2153 1831 1832
f 2049 2082 2025
f 2081 2154 2000
f 2154 2001 2000
f 2179 2102 2050
f 2155 2156 2028
f 2156 2067 2028
f 2088 2155 2028
f 2107 2172 2052
f 2109 2157 2090
f 2158 2031 2034
f 2159 2158 2034
f 2108 2159 2034
f 2160 2032 2035
f 1926 2217 2035
f 2096 2161 2036
f 2141 2162 2117
f 2158 1998 2031
f 2160 2091 2032
f 2090 2120 1820
f 2118 2053 2061
f 2063 2119 2062
f 2125 2119 2063
f 2163 1761 2009
f 2162 2153 2117
f 2120 2107 1819
f 2008 2164 2088
f 2153 2165 2113
f 2165 2146 2113
f 2098 2166 2101
f 2019 2167 2024
f 2167 2112 2024
f 2162 2165 2153
f 2030 2089 1826
f 2170 2050 2099
f 2171 1960 1990
f 2112 2171 1990
f 2084 2173 2065
f 2056 2174 2095
f 2177 2054 2078
f 2147 2069 1950
f 2148 1954 2004
f 332 2178 1992
f 2139 2058 2057
f 2148 2181 1954
f 2054 2177 2080
f 2233 2001 2154
f 2171 2076 1960
f 2181 2182 1954
f 2184 2048 2168
f 2139 2249 2058
f 2145 2177 2078
f 2101 2174 2056
f 2185 1943 2105
f 2123 2186 2070
f 2178 2061 1992
f 2118 2163 2009
f 2188 2086 2172
f 2150 2157 2109
f 2209 2046 2089
f 2093 2133 2059
f 2157 2120 2090
f 2269 1998 2158
f 2033 2183 2087
f 2149 2190 1991
f 2190 2187 1991
f 2065 2191 2103
f 2058 2192 2027
f 1998 2122 2092
f 2122 2016 2092
f 2175 2176 2091
f 2166 2174 2101
f 2192 2259 2027
f 2079 2194 2127
f 2179 2145 2102
f 2216 2166 2098
f 2076 2193 2085
f 1943 2194 2079
f 2195 2201 2106
f 2127 2195 2106
f 2189 2194 1943
f 2188 2149 2086
f 2095 2173 2084
f 1862 2196 2093
f 2170 2179 2050
f 2082 2197 2083
f 2198 2183 2033
f 2122 2198 2033
f 2070 2286 2229
f 2178 2251 2061
f 2281 2197 2082
f 2049 2281 2082
f 2093 2199 2133
f 2200 2091 2160
f 2085 2261 2151
f 2083 2197 2152
f 2201 2247 2041
f 2107 2207 2172
f 2171 2193 2076
f 2019 2202 2167
f 2200 2175 2091
f 2176 2164 2008
f 2046 2203 2121
f 2152 2204 2105
f 2204 2185 2105
f 2199 2074 2133
f 2151 2205 2104
f 2205 2206 2104
f 2206 2049 2104
f 2245 2111 2100
f 2187 2245 2100
f 2180 2108 1966
f 2120 2207 2107
f 2157 2207 2120
f 2173 2191 2065
f 2208 2154 2081
f 2251 2118 2061
f 2209 2203 2046
f 2169 2140 1892
f 2210 2087 2183
f 2040 2196 1862
f 2207 2188 2172
f 2097 2212 335
f 2213 2157 2150
f 2182 2161 2096
f 1802 2038 1682
f 2214 2124 2038
f 1802 2214 2038
f 2247 2040 2041
f 2066 2215 2064
f 2264 2187 2190
f 2322 2208 2081
f 2110 2322 2081
f 2218 2145 2179
f 2212 332 335
f 2220 2271 2166
f 2220 2166 2216
f 1940 2221 2136
f 2103 2213 2150
f 2156 2180 2094
f 2186 2286 2070
f 2135 2202 2019
f 2036 2223 2073
f 2223 2147 2073
f 2199 2224 2074
f 2224 2148 2074
f 2122 2323 2198
f 2225 2160 2035
f 2217 2225 2035
f 2226 2223 2036
f 2260 2226 2036
f 2161 2260 2036
f 2264 2245 2187
f 2147 2217 2134
f 2213 2188 2207
f 2213 2207 2157
f 2227 2143 2064
f 2193 2261 2085
f 2228 2142 2126
f 2080 2215 2066
f 2230 2103 2191
f 2185 2189 1943
f 2206 2231 2049
f 2215 2227 2064
f 2232 2164 2176
f 2118 2234 2163
f 2235 2212 2097
f 2119 2235 2097
f 1766 2236 2037
f 2236 2125 2037
f 2233 2186 2001
f 2186 2123 2001
f 2089 2237 2209
f 2164 2238 2088
f 2238 2239 2088
f 2239 2155 2088
f 2239 2156 2155
f 2184 2135 2048
f 2240 2108 2180
f 2121 2241 2169
f 2242 2149 2188
f 2213 2242 2188
f 2103 2242 2213
f 2156 2094 2067
f 2269 2243 1998
f 2093 2244 2199
f 2231 2281 2049
f 2246 2222 2110
f 2230 2242 2103
f 2222 2322 2110
f 2210 2139 2087
f 2210 2249 2139
f 2271 2365 2166
f 2211 2218 2179
f 2240 2180 2156
f 2182 2250 2161
f 2219 2267 1766
f 2211 2177 2145
f 2229 2253 2168
f 2253 2184 2168
f 2365 2174 2166
f 1998 2252 2122
f 2181 2250 2182
f 2247 2196 2040
f 2244 2224 2199
f 2296 2147 2223
f 2163 2219 1761
f 2290 2237 2089
f 2030 2290 2089
f 2254 2215 2080
f 2173 2255 2191
f 2255 2230 2191
f 2200 2232 2175
f 2232 2176 2175
f 2127 2256 2195
f 2217 2257 2225
f 2258 2254 2080
f 2177 2258 2080
f 2243 2252 1998
f 2248 2217 2147
f 2143 2246 2110
f 2170 2334 2179
f 2218 2211 2145
f 2234 2118 2251
f 2125 2235 2119
f 2236 2235 2125
f 2312 2156 2239
f 2171 2261 2193
f 2262 2246 2143
f 2263 2170 2099
f 1892 2263 2099
f 2274 2171 2112
f 2265 2274 2112
f 2167 2265 2112
f 2241 2140 2169
f 332 2266 2178
f 2267 2236 1766
f 2393 2184 2253
f 2196 2244 2093
f 2268 2058 2249
f 2270 2200 2160
f 2149 2264 2190
f 2174 2335 2095
f 2334 2211 2179
f 2271 2220 2216
f 2201 2272 2247
f 2209 2382 2203
f 2273 2173 2095
f 2142 2271 2216
f 2194 2256 2127
f 2203 2241 2121
f 2268 2192 2058
f 2077 2144 1959
f 2250 2260 2161
f 2237 2275 2209
f 2262 2143 2227
f 2245 2276 2111
f 2276 1842 2111
f 2198 2277 2183
f 2264 2278 2245
f 2279 2264 2149
f 2242 2279 2149
f 2230 2279 2242
f 2164 2232 2238
f 2136 2280 1801
f 2280 1845 1801
f 2221 2280 2136
f 2266 2251 2178
f 2234 2219 2163
f 2282 2158 2159
f 2283 2282 2159
f 2108 2283 2159
f 2284 2160 2225
f 2285 2223 2226
f 2340 2135 2184
f 2287 2205 2151
f 2288 2204 2152
f 2277 2210 2183
f 2282 2269 2158
f 2284 2270 2160
f 2285 2296 2223
f 2244 2289 2224
f 2289 2148 2224
f 1743 2290 2030
f 2291 332 2212
f 2274 2261 2171
f 2185 2194 2189
f 2208 2292 2154
f 2293 2233 2154
f 2292 2293 2154
f 2206 2281 2231
f 2202 2294 2167
f 2294 2265 2167
f 2288 2185 2204
f 2295 2206 2205
f 2287 2295 2205
f 2297 2148 2289
f 2298 2284 2225
f 2257 2298 2225
f 2299 2285 2226
f 2260 2299 2226
f 2300 2274 2265
f 2340 2202 2135
f 2301 2201 2195
f 2256 2301 2195
f 2301 2272 2201
f 2275 2382 2209
f 2266 2302 2251
f 2267 2303 2236
f 2304 2253 2229
f 2286 2304 2229
f 2255 2305 2230
f 2306 2287 2151
f 2261 2307 2151
f 2307 2306 2151
f 2308 2288 2152
f 2197 2308 2152
f 2335 2273 2095
f 2272 2309 2247
f 2309 2196 2247
f 2077 2132 2144
f 2132 2077 2068
f 2311 2170 2263
f 1892 2362 2263
f 2258 2177 2211
f 2359 2185 2288
f 2197 2313 2308
f 2296 2248 2147
f 2314 2210 2277
f 2142 2228 2271
f 2315 2292 2208
f 2316 2257 2217
f 2269 2317 2243
f 2305 2279 2230
f 2252 2323 2122
f 2270 2319 2200
f 2240 2320 2108
f 2321 2267 2219
f 2196 2309 2244
f 2279 2305 2264
f 2314 2315 2208
f 2322 2314 2208
f 2233 2286 2186
f 2202 2324 2294
f 2325 2277 2198
f 2323 2325 2198
f 2313 2296 2285
f 2330 2326 2238
f 2326 2239 2238
f 2310 2258 2211
f 1325 2381 1743
f 2381 2290 1743
f 2291 2266 332
f 1842 2276 1327
f 2290 2275 2237
f 2327 2265 2294
f 2305 2278 2264
f 2377 2260 2250
f 2329 2330 2238
f 2232 2329 2238
f 2331 2276 2245
f 2326 2312 2239
f 2332 2228 2126
f 2302 2234 2251
f 2303 2235 2236
f 2311 2334 2170
f 2336 2249 2210
f 2246 2322 2222
f 2337 2293 2292
f 2278 2331 2245
f 2338 2321 2219
f 2234 2338 2219
f 2339 2291 2212
f 2235 2339 2212
f 2317 2323 2243
f 2323 2252 2243
f 2316 2217 2248
f 2377 2250 2181
f 2318 2320 2156
f 2320 2240 2156
f 2200 2372 2232
f 2319 2372 2200
f 1330 2341 1325
f 2309 2289 2244
f 1845 2214 1802
f 2342 2124 2214
f 2280 2342 2214
f 1845 2280 2214
f 2108 2379 2283
f 2301 2309 2272
f 2256 2343 2301
f 2221 2342 2280
f 2255 2345 2305
f 2281 2346 2197
f 2365 2335 2174
f 2347 2270 2284
f 2304 2348 2253
f 2348 2393 2253
f 2349 2312 2326
f 2293 2350 2233
f 2351 2256 2194
f 2341 2328 1325
f 2352 2192 2268
f 2315 2314 2277
f 2325 2315 2277
f 2350 2286 2233
f 2329 2392 2330
f 2327 2300 2265
f 2324 2327 2294
f 2352 2354 2192
f 2354 2259 2192
f 2357 2300 2327
f 2343 2297 2289
f 2324 2355 2327
f 2356 2349 2326
f 2353 2194 2185
f 2330 2356 2326
f 2358 2269 2282
f 2355 2357 2327
f 2344 2261 2274
f 2297 2181 2148
f 2140 2362 1892
f 2346 2281 2206
f 2379 2393 2348
f 2286 2358 2304
f 2312 2318 2156
f 2345 2360 2305
f 2333 2365 2271
f 2323 2337 2325
f 2260 2359 2299
f 2289 2309 2301
f 2343 2289 2301
f 2284 2287 2306
f 2307 2284 2306
f 2348 2282 2283
f 2379 2348 2283
f 2287 2284 2298
f 2257 2287 2298
f 2288 2285 2299
f 2359 2288 2299
f 2228 2333 2271
f 2315 2325 2292
f 2325 2337 2292
f 2328 2381 1325
f 2257 2295 2287
f 2348 2304 2282
f 2304 2358 2282
f 2361 2347 2284
f 2288 2308 2285
f 2308 2313 2285
f 2305 2331 2278
f 2307 2361 2284
f 2360 2331 2305
f 2297 2363 2181
f 2334 2310 2211
f 2291 2302 2266
f 2321 2303 2267
f 2364 2262 2227
f 2353 2351 2194
f 2336 2268 2249
f 2215 2366 2227
f 2366 2364 2227
f 2363 2377 2181
f 2382 2367 2203
f 2339 2302 2291
f 2338 2303 2321
f 2338 2234 2302
f 2303 2339 2235
f 2344 2307 2261
f 2368 2420 2273
f 2314 2369 2210
f 2241 2362 2140
f 2393 2340 2184
f 1329 2341 1330
f 2370 2307 2344
f 2369 2336 2210
f 2295 2371 2206
f 2262 2322 2246
f 2392 2356 2330
f 2394 2257 2316
f 2373 2318 2312
f 2346 2313 2197
f 2375 2401 2323
f 2420 2173 2273
f 2359 2353 2185
f 2370 2344 2274
f 2406 2370 2274
f 2374 2202 2340
f 2371 2346 2206
f 2381 2378 2290
f 2335 2332 2273
f 2270 2372 2319
f 2379 2320 2318
f 2373 2379 2318
f 2375 2323 2317
f 2394 2316 2248
f 2380 2394 2248
f 2382 2275 2290
f 2420 2255 2173
f 2339 2338 2302
f 2338 2339 2303
f 2320 2379 2108
f 2383 2310 2334
f 2228 2332 2333
f 2383 2258 2310
f 2332 2365 2333
f 2341 2381 2328
f 2384 2268 2336
f 2332 2368 2273
f 2300 2406 2274
f 2374 2324 2202
f 2351 2343 2256
f 2390 2324 2374
f 2376 2358 2286
f 2372 2329 2232
f 2276 2331 1327
f 2331 1940 1327
f 1932 2341 1329
f 2296 2380 2248
f 2378 2382 2290
f 2386 2311 2263
f 2362 2387 2263
f 2387 2386 2263
f 2354 2126 2259
f 2385 2314 2322
f 2130 2388 2352
f 2388 2354 2352
f 2384 2352 2268
f 2379 2389 2393
f 2383 2254 2258
f 2314 2385 2369
f 2254 2366 2215
f 2401 2337 2323
f 2262 2416 2322
f 2391 2353 2359
f 2392 2329 2372
f 2395 2359 2260
f 2269 2396 2317
f 2397 2286 2350
f 2346 2398 2313
f 2397 2350 2293
f 2397 2376 2286
f 2391 2351 2353
f 2393 2390 2340
f 2390 2374 2340
f 2295 2398 2371
f 2398 2346 2371
f 2297 2377 2363
f 2358 2396 2269
f 2343 2399 2297
f 2400 2382 2378
f 2354 2332 2126
f 2373 2312 2349
f 2377 2395 2260
f 2402 2380 2296
f 2270 2392 2372
f 2337 2397 2293
f 2403 2313 2398
f 2341 2405 2381
f 2384 85 2352
f 85 2130 2352
f 2369 2384 2336
f 2376 2396 2358
f 2128 78 2364
f 78 2262 2364
f 2401 2375 2317
f 2404 2379 2373
f 2407 2307 2370
f 2408 2392 2270
f 2381 2400 2378
f 2129 2128 2364
f 2366 2129 2364
f 2313 2403 2296
f 2390 2355 2324
f 2203 2410 2241
f 2403 2402 2296
f 2347 2408 2270
f 2257 2394 2295
f 2343 2351 2391
f 2409 2370 2406
f 2403 2398 2295
f 2332 2335 2365
f 78 2416 2262
f 2396 2401 2317
f 2402 2394 2380
f 2399 2395 2297
f 2395 2377 2297
f 2412 2406 2300
f 2411 2412 2300
f 2409 2407 2370
f 2311 2383 2334
f 2412 2411 2300
f 2401 2397 2337
f 2412 2411 2406
f 2349 2404 2373
f 2412 2409 2411
f 2409 2406 2411
f 2357 2413 2300
f 2359 2395 2391
f 2356 2404 2349
f 2413 2412 2300
f 1932 2405 2341
f 2390 2357 2355
f 2367 2410 2203
f 2361 2414 2347
f 2415 2356 2392
f 2407 2413 2357
f 2407 2412 2413
f 2407 2409 2412
f 2416 2385 2322
f 2390 2407 2357
f 2415 2404 2356
f 2405 2400 2381
f 2408 2415 2392
f 2417 2347 2414
f 2417 2415 2347
f 2407 2361 2307
f 2415 2408 2347
f 2393 2407 2390
f 2361 2417 2414
f 2417 2415 2414
f 2418 2389 2379
f 2404 2418 2379
f 2395 2343 2391
f 2396 2376 2401
f 2399 2343 2395
f 2417 2361 2415
f 2419 2393 2389
f 2403 2394 2402
f 2401 2376 2397
f 2394 2403 2295
f 2419 2361 2407
f 2393 2419 2407
f 2418 2404 2415
f 2361 2419 2415
f 2419 2418 2415
f 2418 2419 2389
f 2386 2383 2311
f 2131 2388 2130
f 2331 2360 1940
f 2385 2421 2369
f 2421 2384 2369
f 2438 2362 2241
f 2422 2383 2386
f 2332 2423 2368
f 2423 2424 2368
f 2424 2425 2368
f 2416 2421 2385
f 2425 2426 2368
f 2426 2420 2368
f 2384 2421 85
f 2421 80 85
f 2427 2422 2386
f 2387 2427 2386
f 2410 2438 2241
f 74 2416 78
f 2423 2332 2354
f 2360 2221 1940
f 2428 2405 1932
f 2124 2428 1932
f 2429 2430 2360
f 2345 2429 2360
f 2431 2400 2405
f 74 80 2421
f 74 2421 2416
f 2430 2221 2360
f 2428 2431 2405
f 2138 2129 2366
f 2382 2410 2367
f 2387 2432 2427
f 2432 2420 2426
f 2433 2434 2427
f 2434 2435 2427
f 2435 2422 2427
f 2425 2436 2426
f 2131 2137 2388
f 2254 2138 2366
f 2410 2400 2438
f 2426 2433 2427
f 2432 2426 2427
f 2137 2354 2388
f 2436 2433 2426
f 2437 2423 2354
f 2137 2437 2354
f 2422 2254 2383
f 2422 2138 2254
f 2400 2410 2382
f 2432 2439 2420
f 2422 2440 2138
f 2146 2437 2137
f 2440 2141 2138
f 2345 2255 2420
f 2439 2345 2420
f 2437 2441 2423
f 2441 2424 2423
f 2442 2387 2362
f 2453 2439 2432
f 2434 2443 2435
f 2444 2422 2435
f 2443 2444 2435
f 2441 2445 2424
f 2446 2443 2434
f 2445 2447 2424
f 2443 2448 2444
f 2447 2425 2424
f 2449 2445 2441
f 2438 2450 2362
f 2450 2442 2362
f 2452 2446 2434
f 2433 2452 2434
f 2447 2445 2345
f 2445 2429 2345
f 2444 2440 2422
f 2447 2451 2425
f 2387 2442 2432
f 2437 2449 2441
f 2451 2436 2425
f 2448 2428 2444
f 2428 2440 2444
f 2436 2452 2433
f 2451 2452 2436
f 2442 2453 2432
f 2430 2449 2437
f 2400 2450 2438
f 2146 2430 2437
f 2428 2141 2440
f 2450 2453 2442
f 2443 2446 2450
f 2446 2452 2450
f 2431 2443 2450
f 2400 2431 2450
f 2439 2451 2345
f 2451 2447 2345
f 2452 2453 2450
f 2453 2451 2439
f 2452 2451 2453
f 2430 2146 2221
f 2141 2428 2124
f 2445 2449 2429
f 2449 2430 2429
f 2431 2448 2443
f 2428 2448 2431
f 2146 2342 2221
f 2342 2162 2124
f 2162 2141 2124
f 2146 2165 2342
f 2165 2162 2342
