mtllib ../../spot.mtl
o part_1
usemtl BlackAbs
v -0.000287 0.045330 -0.032997
v -0.000882 0.045438 -0.047060
v 0.003752 0.047715 -0.046954
v -0.006292 0.047736 -0.046570
v 0.003795 0.044292 -0.032764
v -0.004622 0.043833 -0.032671
v -0.001872 0.047748 -0.037504
v 0.008074 0.047731 -0.036678
v -0.005236 0.043192 -0.046810
v 0.004753 0.043704 -0.046854
v 0.006453 0.041527 -0.042588
v -0.006552 0.041466 -0.042308
v -0.006542 0.041459 -0.043226
v -0.006516 0.041484 -0.046725
v 0.006466 0.041463 -0.046671
v -0.011641 0.047771 -0.035718
v 0.009693 0.041456 -0.045949
v 0.007541 0.038510 -0.046136
v -0.009780 0.041494 -0.045943
v -0.007720 0.037861 -0.042835
v -0.006937 0.041127 -0.046424
v 0.007480 0.038643 -0.042909
v -0.000087 0.030055 -0.046155
v 0.002548 0.000374 -0.043921
v 0.003642 0.031016 -0.042988
v -0.005150 0.032057 -0.046018
v 0.005676 0.032507 -0.045968
v -0.002481 0.030460 -0.043079
v -0.037483 0.041566 -0.040018
v -0.037634 0.047812 -0.039920
v 0.037226 0.041421 -0.040114
v -0.007313 0.035769 -0.045981
v -0.006200 0.033398 -0.042835
v 0.006832 0.034507 -0.042790
v -0.010065 -0.003750 -0.042576
v 0.020717 0.047716 -0.031510
v 0.038505 0.047643 -0.039571
v 0.036870 0.026249 -0.038954
v 0.009635 0.004923 -0.043202
v -0.004414 -0.005515 -0.043350
v 0.017364 0.024655 -0.042686
v -0.002487 -0.004758 -0.042840
v 0.010841 0.041471 -0.042429
v -0.004829 -0.006863 -0.040777
v 0.002787 -0.000645 -0.041341
v 0.009419 0.004172 -0.040684
v 0.007548 0.003035 -0.042640
v -0.013994 -0.013025 -0.039908
v -0.036351 -0.003072 -0.037065
v 0.016430 0.008259 -0.041189
v -0.012479 0.041524 -0.041802
v -0.014491 -0.014722 -0.038172
v -0.006914 0.040794 -0.032240
v -0.009528 -0.010485 -0.041007
v 0.020392 0.020719 -0.040728
v 0.015790 0.041196 -0.039405
v -0.006808 0.041134 -0.041786
v 0.013278 0.041500 -0.041187
v 0.017317 0.022882 -0.039139
v -0.007528 0.036888 -0.039834
v 0.027934 0.022069 -0.038233
v -0.017630 0.041347 -0.038615
v 0.007378 0.039901 -0.032128
v -0.007548 0.038258 -0.032092
v 0.021797 0.010394 -0.036056
v 0.013092 0.036671 -0.038355
v -0.001304 0.011469 -0.040459
v -0.001147 0.030256 -0.040438
v 0.001046 0.030437 0.040558
v -0.005641 0.032501 -0.040087
v 0.006081 0.033353 -0.039982
v 0.003077 0.030823 -0.040342
v 0.005545 0.032657 0.040187
v -0.022563 0.047804 -0.030256
v -0.037482 0.004796 -0.036971
v -0.003180 0.031021 0.040460
v 0.002966 0.010043 -0.039766
v 0.026087 0.041442 -0.038253
v 0.025292 0.041433 -0.034404
v 0.025640 0.025217 -0.037380
v 0.026918 0.012170 -0.035263
v 0.007603 0.037278 -0.039902
v -0.006176 0.033567 0.040084
v 0.007664 0.011442 -0.039679
v -0.006963 0.034669 -0.032217
v 0.006875 0.034786 0.032318
v 0.006879 0.034675 -0.032216
v -0.013820 0.036742 -0.038116
v -0.017675 0.022890 -0.039077
v -0.010396 0.011263 -0.039047
v -0.003364 0.009417 -0.039093
v 0.013894 0.009673 -0.036708
v -0.000136 -0.007049 -0.039286
v 0.001191 -0.006715 -0.039303
v 0.001194 -0.015199 -0.039484
v -0.001216 -0.016613 -0.039344
v -0.001452 -0.006662 -0.039330
v -0.001483 -0.000253 -0.039342
v 0.002927 -0.003557 -0.039190
v 0.002459 -0.005915 -0.039341
v -0.001891 -0.006422 -0.039309
v -0.001627 -0.006564 -0.039316
v -0.001717 -0.006516 -0.039314
v 0.001384 -0.006677 -0.039285
v -0.002070 -0.006502 -0.039308
v -0.003393 -0.004943 -0.039152
v -0.003418 -0.004358 -0.039065
v -0.003295 -0.002847 -0.039195
v -0.039940 0.041571 -0.037690
v -0.000100 0.004981 -0.039349
v -0.005420 0.004330 -0.039116
v -0.008523 -0.011372 -0.038503
v 0.006010 -0.011565 -0.038939
v 0.005160 -0.016886 -0.038804
v 0.010693 -0.000571 -0.038068
v -0.005846 -0.000778 -0.039021
v -0.001622 -0.006767 -0.039237
v -0.001716 -0.006733 -0.039244
v 0.001283 -0.006761 -0.039260
v -0.002168 0.002876 -0.039305
v 0.000415 -0.011922 -0.039294
v 0.007891 -0.006027 -0.038732
v -0.001663 -0.007021 -0.039004
v 0.001358 -0.007018 -0.039034
v -0.001518 -0.006839 -0.039202
v 0.001273 -0.006845 -0.039202
v -0.003220 -0.002766 -0.039242
v -0.003028 -0.001958 -0.039211
v 0.026965 0.018221 -0.036584
v 0.006453 0.004964 -0.038637
v 0.003355 -0.004614 -0.037228
v 0.003330 -0.002359 -0.038873
v 0.007984 -0.014892 -0.038359
v -0.009929 -0.016835 -0.038126
v -0.040067 0.041571 -0.037731
v -0.002947 -0.014737 -0.038986
v 0.003674 -0.004863 -0.038884
v -0.003326 -0.002553 -0.039084
v 0.003486 -0.001777 -0.039216
v -0.000978 0.002784 -0.038804
v -0.003356 -0.002457 -0.039058
v -0.002990 -0.010089 -0.039313
v -0.008762 -0.015594 -0.038566
v -0.003381 -0.002350 -0.039048
v 0.002977 -0.009758 -0.038893
v -0.006677 -0.006877 -0.038711
v 0.002248 -0.000081 -0.039317
v -0.039999 0.047822 -0.037483
v -0.003784 -0.002173 -0.038854
v -0.004132 -0.004858 -0.038764
v 0.007040 0.003653 -0.038938
v -0.010457 -0.004897 -0.037684
v 0.003578 -0.002094 -0.038908
v -0.002530 -0.007113 -0.037432
v -0.010498 0.009469 -0.037302
v -0.003469 -0.002392 -0.038971
v -0.012952 0.003101 -0.037211
v -0.003945 -0.002086 -0.038826
v -0.003849 -0.004767 -0.038819
v 0.009595 0.000018 -0.037813
v 0.003627 -0.002141 -0.038834
v 0.013229 -0.005086 -0.037003
v 0.003727 -0.002120 -0.038795
v -0.004075 -0.002066 -0.038787
v 0.003836 -0.002120 -0.038701
v -0.004168 -0.002077 -0.038719
v -0.004217 -0.002099 -0.038662
v 0.036702 0.023729 -0.037839
v -0.038762 0.017030 -0.035987
v -0.004798 -0.001824 -0.039128
v 0.007905 -0.012012 -0.036656
v -0.005173 -0.012017 -0.037159
v -0.003788 0.005094 -0.037273
v -0.004114 -0.016979 -0.037334
v -0.006804 0.000138 -0.037046
v 0.008787 0.000085 -0.036540
v 0.012569 0.002895 -0.036987
v 0.006589 0.005049 -0.036966
v -0.006191 0.002820 -0.036984
v 0.005396 -0.009763 -0.037009
v 0.005523 0.009017 -0.037121
v 0.014865 -0.016690 -0.036493
v 0.022271 0.022885 -0.036771
v -0.026901 0.041548 -0.033380
v -0.011452 -0.016506 -0.037676
v 0.009013 -0.010286 -0.038413
v 0.014710 -0.014971 -0.036394
v 0.040317 0.047630 -0.037135
v -0.003675 -0.002471 -0.037314
v -0.009942 0.004555 -0.038206
v 0.003312 -0.002408 -0.037217
v -0.003552 -0.004507 -0.037209
v -0.012975 -0.011793 -0.037186
v -0.009249 -0.006122 -0.038500
v -0.037091 -0.012589 -0.034967
v -0.012718 0.004974 -0.036967
v 0.002990 -0.014660 -0.037366
v -0.018256 0.011662 -0.036113
v -0.076818 0.004840 -0.038215
v -0.092473 -0.003185 -0.038248
v -0.022217 0.022830 -0.036713
v 0.012054 -0.002105 -0.035702
v 0.008558 -0.007070 -0.036475
v -0.008243 -0.002098 -0.036526
v -0.076159 -0.002662 -0.038045
v -0.021072 -0.019806 -0.034936
v -0.013272 -0.001535 -0.037109
v -0.075308 0.003874 -0.037258
v 0.006438 0.002790 -0.037076
v 0.009373 -0.016941 -0.036291
v 0.013717 0.004104 -0.037016
v -0.026240 0.025105 -0.037047
v -0.076848 -0.011773 -0.036570
v -0.011037 -0.000073 -0.037830
v -0.007445 -0.009754 -0.036881
v -0.008688 -0.014700 -0.036497
v -0.026753 0.041544 -0.037926
v -0.092820 0.008017 -0.037490
v -0.094052 -0.000010 -0.037318
v 0.012470 -0.004891 -0.035304
v -0.003634 0.008997 -0.037407
v -0.015450 -0.006777 -0.036181
v -0.013916 -0.006978 -0.034932
v 0.038541 0.024767 -0.036934
v -0.017561 0.004686 -0.035327
v -0.094539 -0.010373 -0.035278
v -0.012767 -0.010382 -0.037351
v 0.007209 0.061522 -0.036895
v -0.002639 0.061540 -0.037488
v -0.004693 -0.026221 -0.037016
v 0.002408 -0.026108 -0.037231
v 0.027563 0.024579 -0.035421
v 0.014507 0.009323 -0.034562
v -0.094515 0.006336 -0.035828
v -0.074780 -0.008103 -0.035893
v 0.028732 0.041443 -0.035817
v 0.032836 0.020199 -0.034546
v -0.020885 0.036526 -0.034697
v 0.014668 -0.009851 -0.034411
v 0.015214 -0.011803 -0.036199
v 0.024204 0.012062 -0.037870
v 0.016069 0.011241 -0.036983
v 0.018666 0.004691 -0.034602
v 0.019984 -0.000244 -0.033872
v -0.015467 0.061578 -0.034426
v 0.012437 -0.001997 -0.037230
v -0.000067 -0.027587 -0.036701
v -0.017407 0.002942 -0.033384
v -0.017608 -0.011883 -0.033247
v -0.022780 -0.011752 -0.032044
v -0.016613 -0.016824 -0.033698
v 0.036918 0.022681 -0.035803
v -0.031783 0.047846 -0.020056
v -0.053864 -0.002166 -0.036356
v -0.076748 0.014237 -0.035586
v -0.092673 -0.012810 -0.036104
v -0.053845 0.007181 -0.035724
v -0.011250 -0.004840 -0.035843
v -0.017166 0.009412 -0.033587
v -0.016515 -0.002008 -0.033681
v -0.039449 0.015494 -0.035151
v -0.011768 -0.026846 -0.035278
v 0.020593 0.004916 -0.031516
v -0.053882 -0.011817 -0.034519
v -0.028764 0.054004 -0.036617
v -0.028739 0.061124 -0.036823
v -0.028748 0.061601 -0.036287
v 0.009688 -0.026951 -0.035767
v -0.019017 0.010249 -0.034854
v -0.028920 0.041555 -0.035467
v -0.040260 0.011141 -0.035343
v -0.026268 0.041309 -0.033177
v -0.053930 0.001317 -0.035185
v -0.014808 0.005031 -0.034650
v -0.018072 -0.014751 -0.032851
v 0.019559 -0.010852 -0.034241
v -0.037838 0.061464 -0.027998
v -0.035465 0.054088 -0.030791
v 0.015868 -0.001608 -0.035998
v 0.019599 0.003039 -0.033931
v -0.015883 -0.009905 -0.036044
v -0.017157 -0.015317 -0.035567
v -0.074805 0.013287 -0.034574
v 0.014897 -0.006952 -0.036456
v -0.019059 -0.000526 -0.034568
v -0.043136 0.041608 -0.024041
v -0.040779 0.041580 -0.034364
v 0.046550 0.041479 -0.006929
v 0.021604 0.012139 -0.034105
v 0.021393 -0.016657 -0.032795
v -0.046612 0.047906 -0.006396
v -0.036056 0.047875 -0.010625
v 0.031271 0.047719 -0.020942
v 0.047209 0.047716 -0.002288
v -0.040798 0.026926 -0.029780
v 0.044631 0.026485 -0.010685
v -0.005186 -0.028420 -0.034975
v -0.022804 0.061101 -0.029871
v -0.023255 0.054172 -0.030281
v 0.032229 0.016575 -0.032242
v 0.019656 -0.006977 -0.031823
v 0.019817 -0.005146 -0.033825
v -0.029340 0.053842 -0.025762
v -0.027950 0.024813 -0.035007
v 0.008257 -0.028422 -0.034145
v -0.074779 -0.016886 -0.032776
v 0.018665 -0.010025 -0.034567
v -0.023160 0.061598 -0.029533
v 0.014363 -0.014792 -0.034522
v 0.022658 -0.016842 -0.029944
v 0.016925 0.002874 -0.033302
v -0.023641 -0.016619 -0.031426
v 0.041422 0.023517 -0.020494
v -0.074658 0.016954 -0.032198
v -0.094577 -0.007119 0.035795
v -0.094540 0.006915 0.035884
v -0.094303 0.036137 0.008948
v -0.094388 0.022605 0.029397
v -0.094599 -0.027364 0.024148
v -0.094492 0.028800 0.022437
v -0.074606 0.001670 -0.024893
v -0.022379 0.003187 -0.032464
v -0.018600 -0.016332 -0.034827
v 0.027339 0.023527 -0.033696
v -0.018207 -0.005273 -0.035122
v -0.092453 0.017774 -0.034078
v -0.076675 0.019046 -0.033291
v -0.076749 -0.019406 -0.033050
v -0.074622 -0.006544 -0.024072
v 0.035727 0.021380 -0.033749
v -0.015939 -0.014825 -0.035986
v -0.053827 0.016432 -0.032541
v -0.053911 0.013314 -0.032499
v -0.053954 -0.010316 -0.033548
v 0.027753 0.022412 -0.032443
v -0.018019 -0.001782 -0.035058
v 0.019461 -0.000015 -0.031988
v -0.027968 0.024008 -0.033781
v 0.021616 -0.015013 -0.032663
v 0.022347 -0.004981 -0.030110
v 0.021897 -0.001856 -0.032549
v -0.057474 -0.001844 -0.034827
v -0.019960 -0.026161 -0.031722
v -0.094421 0.015671 -0.033372
v -0.094436 -0.025069 -0.027291
v 0.016788 -0.028158 -0.031746
v -0.025214 0.011741 -0.031658
v 0.022133 0.036677 -0.033984
v 0.026916 0.004781 -0.028462
v -0.022927 -0.004898 -0.029803
v -0.057940 -0.009947 -0.033381
v -0.057966 0.004108 -0.034566
v 0.026030 0.011392 -0.030822
v -0.022863 0.004862 -0.032009
v -0.059522 -0.007008 -0.032617
v -0.005021 -0.028439 -0.029898
v 0.004309 -0.028457 -0.029992
v -0.041004 0.041603 -0.024588
v -0.040820 0.028041 -0.025878
v -0.027355 0.023520 -0.033741
v -0.023392 -0.000199 -0.031831
v -0.022022 -0.011399 -0.032769
v 0.034095 0.019364 -0.032345
v 0.016722 -0.026254 -0.033301
v -0.027491 0.036740 -0.029811
v 0.022554 0.009792 -0.031570
v -0.059448 0.003976 -0.032996
v -0.040874 0.020065 -0.032199
v 0.022527 0.009528 -0.029861
v -0.018150 -0.028252 -0.030994
v 0.018235 -0.006657 -0.035003
v 0.028446 0.024041 -0.032794
v -0.053901 -0.021287 -0.029629
v 0.026045 -0.000243 -0.029330
v 0.024928 0.003358 -0.030471
v 0.025673 -0.005246 -0.029751
v 0.024123 0.004336 -0.031102
v -0.023021 -0.014908 -0.031868
v -0.057351 0.015245 -0.031581
v -0.057543 -0.017169 -0.030449
v -0.023179 -0.009998 -0.031789
v 0.030767 0.041449 -0.030828
v 0.033278 0.041438 -0.026787
v 0.026695 0.041083 -0.032743
v -0.059313 0.013102 -0.030930
v -0.022572 -0.004940 -0.032110
v 0.022517 -0.002018 -0.029831
v -0.006195 0.051557 -0.032450
v 0.004871 0.051532 -0.032775
v 0.002522 0.051598 -0.022426
v -0.041624 0.016847 -0.033059
v -0.094411 0.034278 -0.013614
v -0.074589 0.011187 -0.022537
v 0.022935 -0.014869 -0.029463
v 0.025939 -0.009958 -0.027142
v 0.028556 0.036636 -0.028682
v -0.076068 0.022486 -0.030861
v -0.092438 0.026579 -0.027832
v -0.092839 -0.020529 -0.032364
v 0.036659 0.019551 -0.027922
v -0.032553 0.041368 -0.027163
v -0.006944 0.034831 0.032321
v 0.011344 0.034527 -0.031044
v 0.022903 -0.026204 -0.029363
v -0.010204 0.061526 -0.020061
v -0.023112 0.053540 -0.029667
v -0.024696 -0.001745 -0.030711
v -0.013912 -0.028415 -0.027018
v -0.026721 -0.005715 -0.029183
v -0.029596 -0.001708 -0.026063
v -0.028871 0.023660 -0.031768
v -0.022782 -0.006679 -0.032194
v 0.027547 -0.001757 -0.028013
v 0.030419 0.024669 -0.030029
v 0.027507 -0.016590 -0.028012
v 0.025728 -0.006747 -0.029561
v 0.023214 -0.027851 -0.027856
v -0.076231 -0.025054 -0.028825
v -0.059605 0.002377 -0.024834
v 0.019228 0.061507 -0.032506
v 0.016276 0.061502 -0.015589
v 0.034129 0.014445 -0.029463
v -0.059626 -0.007898 -0.023849
v -0.024719 -0.001905 -0.028282
v 0.029454 0.003142 -0.025886
v 0.021072 -0.011913 -0.031120
v -0.024622 0.004971 -0.028342
v -0.021319 -0.009827 -0.031052
v -0.023576 -0.014783 -0.029146
v -0.020740 0.000050 -0.031445
v -0.023392 -0.006861 -0.029303
v -0.015974 0.051585 -0.028958
v 0.015208 0.051524 -0.029357
v 0.010499 0.051634 -0.019617
v 0.010971 0.034670 0.031246
v 0.027996 0.009581 -0.024955
v -0.029588 0.017153 -0.030471
v -0.059300 -0.018462 -0.028073
v -0.094195 0.024713 -0.027978
v -0.024482 -0.016728 -0.028440
v -0.053812 0.024631 -0.026910
v -0.053885 0.022537 -0.026935
v -0.053965 -0.019904 -0.028984
v -0.025337 0.009608 -0.027766
v -0.041695 0.025769 -0.026632
v -0.028082 -0.025683 -0.028838
v -0.029597 -0.000054 -0.025722
v -0.026965 0.004113 -0.028994
v -0.027036 -0.010665 -0.028927
v -0.027256 -0.015738 -0.028760
v -0.029583 0.003398 -0.026273
v -0.030762 0.041569 -0.030819
v -0.037251 -0.021679 -0.030255
v 0.035078 0.013965 -0.026579
v -0.059586 0.012765 -0.021672
v -0.059449 0.024396 -0.022740
v 0.024847 -0.011686 -0.030410
v -0.029639 -0.015493 -0.027961
v 0.032369 0.013473 -0.027206
v 0.030765 -0.000385 -0.024471
v -0.001477 -0.033844 -0.030001
v 0.006002 -0.033873 -0.029285
v -0.031856 0.024414 -0.029000
v 0.028400 -0.015087 -0.027125
v -0.058705 0.020826 -0.027014
v -0.029844 0.021856 -0.027405
v -0.007309 -0.033929 -0.029062
v -0.013932 0.034562 -0.030160
v 0.019913 0.034522 -0.026329
v -0.027522 0.053253 -0.025582
v -0.029450 0.003116 -0.023689
v -0.029630 -0.011437 -0.026176
v -0.044184 0.061447 -0.015900
v -0.076658 0.027691 -0.026579
v -0.092560 -0.027726 -0.026452
v 0.033804 0.024562 -0.028248
v -0.074640 -0.015703 -0.019600
v -0.036094 0.041515 -0.022744
v -0.046625 0.061540 -0.005078
v -0.023172 0.061733 0.029510
v -0.035838 0.041584 -0.028741
v -0.029950 -0.020172 -0.027157
v -0.029640 -0.015131 -0.026046
v -0.074659 0.028469 -0.023532
v -0.027145 -0.026079 -0.025866
v -0.000762 -0.037717 -0.021469
v 0.032713 0.022835 -0.027616
v -0.019516 0.061603 -0.011750
v -0.021514 0.061475 -0.003453
v -0.034562 0.023410 -0.025968
v -0.075188 -0.028928 -0.023487
v -0.032570 0.023318 -0.028050
v 0.026132 -0.028348 -0.023902
v 0.028939 -0.033610 -0.022862
v 0.026406 -0.006918 -0.026390
v 0.030363 -0.001929 -0.022164
v 0.028870 0.061510 -0.024079
v 0.036350 0.041446 -0.027985
v 0.024573 0.002947 -0.028282
v 0.031274 0.011479 -0.025276
v -0.000660 -0.032906 -0.028515
v -0.003131 -0.028439 -0.028647
v 0.004686 -0.028454 -0.028339
v -0.000224 -0.028643 -0.028360
v 0.027764 -0.010539 -0.027977
v 0.029886 -0.011302 -0.025536
v -0.057485 0.025258 -0.024209
v -0.057596 -0.024402 -0.024980
v 0.029738 -0.006718 -0.025529
v 0.005675 -0.032854 -0.027874
v 0.031663 -0.005257 -0.023253
v 0.005393 -0.028666 -0.027783
v -0.029574 0.010970 -0.027121
v -0.035647 0.025221 -0.027693
v -0.037527 -0.028269 -0.024076
v -0.053914 -0.028362 -0.022957
v -0.010660 -0.032774 -0.026612
v 0.031279 0.004309 -0.023963
v 0.026525 -0.037726 -0.014460
v -0.029620 -0.006625 -0.026003
v -0.029608 -0.000608 -0.026172
v 0.004413 -0.032743 -0.027463
v -0.003303 -0.032727 -0.027721
v -0.009391 -0.028526 -0.027087
v 0.002774 -0.028925 -0.027108
v -0.007833 -0.031124 -0.027347
v -0.001503 -0.031073 -0.027148
v 0.002102 -0.031148 -0.028365
v -0.029603 0.003200 -0.025745
v -0.029605 -0.009882 -0.023174
v -0.029614 -0.014824 -0.023163
v -0.029586 -0.000002 -0.023197
v -0.029640 -0.016587 -0.025632
v 0.036091 0.025081 -0.026868
v -0.029600 0.004853 -0.025683
v -0.029628 -0.009967 -0.025649
v -0.041890 0.054052 -0.021161
v 0.029003 -0.011828 -0.023542
v -0.012084 -0.037659 -0.018108
v -0.029580 -0.006770 -0.023240
v -0.035762 0.024595 -0.027182
v 0.000342 -0.036437 -0.020434
v -0.029620 -0.005093 -0.025849
v 0.005217 -0.031089 -0.026619
v -0.014560 -0.033721 -0.026399
v 0.003608 -0.036314 -0.020377
v -0.032084 -0.025361 -0.024310
v -0.029607 -0.004942 -0.023168
v 0.002121 -0.032733 -0.025895
v 0.033873 0.023742 -0.027541
v -0.007454 -0.028880 -0.026261
v -0.012088 -0.031057 -0.024672
v 0.022923 0.051522 -0.023826
v -0.011483 -0.032707 -0.025501
v -0.076831 -0.031757 -0.021735
v 0.040998 0.014944 -0.017834
v -0.009610 -0.036222 -0.019002
v 0.029911 -0.028485 -0.020667
v -0.038362 0.041595 -0.026024
v 0.030240 -0.032877 -0.020616
v 0.036655 0.024416 -0.025612
v 0.034538 0.036564 -0.021259
v -0.009206 -0.032708 -0.024504
v -0.015732 -0.028405 -0.024259
v -0.029581 0.009754 -0.023142
v -0.025466 -0.027522 -0.026480
v 0.028387 0.004835 -0.024284
v -0.015593 -0.028797 -0.023858
v -0.018059 -0.031117 -0.022321
v 0.032058 -0.001599 -0.022724
v 0.036041 0.022581 -0.023034
v -0.029627 -0.016649 -0.023048
v -0.029597 0.004938 -0.023069
v 0.040017 0.020679 -0.021695
v 0.030256 -0.031114 -0.019118
v 0.029332 0.009906 -0.025469
v 0.038569 0.041449 -0.024837
v -0.030409 -0.028078 -0.019212
v -0.059642 -0.016758 -0.018530
v 0.031326 -0.006855 -0.020490
v 0.001799 -0.028451 -0.025940
v 0.031342 0.003025 -0.020534
v -0.016965 -0.028381 -0.014718
v -0.040953 0.032321 -0.019631
v -0.037741 0.024792 -0.024686
v 0.030982 -0.016739 -0.020862
v 0.029172 -0.026574 -0.023111
v -0.074572 0.019549 -0.015607
v -0.016084 -0.028850 -0.022156
v -0.029611 -0.001828 -0.023040
v -0.029479 -0.011716 -0.023656
v 0.039724 0.041464 -0.016682
v 0.037862 0.024611 -0.023580
v -0.092450 0.033219 -0.019470
v -0.032271 0.053268 -0.019268
v -0.053798 0.031186 -0.018967
v -0.053980 -0.027433 -0.022020
v 0.034275 0.041153 -0.024769
v -0.021730 0.051737 -0.006097
v 0.026584 0.034524 -0.019575
v -0.053878 0.030318 -0.017896
v 0.038535 0.015410 -0.023278
v 0.025208 -0.028462 -0.014718
v 0.029462 -0.028477 -0.017898
v -0.093684 0.031666 -0.020361
v -0.022056 -0.028403 -0.018735
v -0.018751 -0.032682 -0.020856
v -0.076277 0.032190 -0.020842
v -0.093017 -0.032042 -0.020894
v 0.032246 -0.011636 -0.022266
v -0.030273 -0.026058 -0.022013
v 0.032904 -0.006673 -0.021310
v 0.032915 -0.015269 -0.021334
v -0.042018 0.028871 -0.023014
v -0.039780 0.030524 -0.017134
v 0.032016 -0.010051 -0.022348
v 0.034067 0.003281 -0.019663
v -0.010660 -0.028408 -0.023776
v -0.094614 -0.028846 -0.022182
v 0.035867 0.004519 -0.016058
v -0.047577 0.034335 -0.019811
v -0.047529 0.041617 -0.024041
v -0.047532 0.040368 -0.001618
v -0.047349 0.041647 -0.002694
v -0.031616 -0.027776 -0.026644
v 0.039837 0.041457 -0.020317
v -0.059407 -0.024591 -0.022881
v 0.029597 -0.014932 -0.022922
v -0.018610 -0.032878 -0.021780
v 0.028711 -0.000108 -0.024193
v 0.031859 0.004790 -0.019601
v -0.036025 0.053778 -0.014452
v -0.021832 -0.033859 -0.020795
v 0.032623 -0.033745 -0.021345
v -0.029842 -0.028396 -0.017634
v -0.033958 0.036644 -0.022268
v 0.005160 0.061536 -0.022510
v -0.034719 -0.031224 -0.020310
v -0.023117 -0.028376 -0.020100
v 0.040189 0.014696 -0.018405
v -0.020650 -0.031015 -0.018057
v -0.018035 -0.032678 -0.018889
v -0.025229 -0.028716 -0.014496
v 0.003828 0.061068 -0.020950
v -0.006777 0.051734 -0.020692
v -0.018486 -0.028386 -0.018299
v 0.034078 -0.010777 -0.019819
v 0.034536 -0.006267 -0.018839
v 0.034191 -0.000360 -0.019183
v 0.035898 -0.011667 -0.015400
v 0.029363 -0.027352 -0.022957
v 0.034624 -0.005713 -0.018690
v 0.034938 -0.015569 -0.018048
v 0.033726 -0.016502 -0.020155
v -0.059571 0.019975 -0.015026
v -0.002873 0.060032 -0.020102
v 0.034100 0.009582 -0.015414
v -0.041800 0.032118 -0.018878
v 0.038032 0.014400 -0.018608
v -0.035787 -0.030054 -0.018032
v -0.024850 0.034620 -0.022064
v -0.025795 0.051624 -0.020952
v 0.035471 0.061519 -0.013059
v 0.032049 -0.019950 -0.019114
v 0.030855 -0.028418 -0.020653
v -0.057427 0.030665 -0.016793
v 0.033355 -0.027336 -0.018822
v 0.035237 -0.027249 -0.018270
v 0.037588 -0.027377 -0.019314
v 0.039887 -0.027338 -0.018606
v 0.038866 -0.029804 -0.019320
v 0.027368 -0.036331 -0.013200
v -0.053922 -0.032365 -0.016774
v -0.059058 0.029478 -0.016486
v 0.029428 -0.028941 -0.019524
v 0.029931 -0.031205 -0.020678
v 0.030888 -0.005074 -0.021209
v -0.059172 -0.029702 -0.016102
v 0.010441 0.060965 -0.018549
v 0.002464 0.052118 -0.021361
v 0.034901 -0.033842 -0.018023
v 0.001090 -0.037020 -0.020644
v 0.002664 0.059444 -0.020026
v -0.002560 0.053688 -0.020015
v 0.003609 0.053757 -0.019752
v 0.025184 -0.036276 -0.014673
v 0.031905 -0.026976 -0.019287
v -0.036480 0.030193 -0.017867
v -0.059530 0.030512 -0.011700
v 0.000075 -0.036254 -0.014701
v 0.039453 0.023095 -0.018985
v -0.010924 0.052320 -0.017989
v -0.009458 0.053703 -0.017836
v 0.031545 -0.028809 -0.019687
v 0.008319 -0.036670 -0.018910
v 0.041570 0.041455 -0.019840
v -0.037747 0.036631 -0.014789
v -0.016899 -0.035838 -0.014627
v 0.036058 -0.015056 -0.014611
v -0.007881 0.060172 -0.018773
v 0.009635 0.053660 -0.017733
v 0.032350 -0.032964 -0.018640
v 0.038708 0.023301 -0.019344
v 0.033114 -0.028333 -0.017982
v 0.040129 -0.029880 -0.017980
v 0.037534 0.026880 -0.015016
v 0.026556 -0.037654 0.014886
v 0.028865 -0.037686 0.009754
v 0.035023 0.011831 -0.019996
v -0.025741 -0.028363 -0.013037
v -0.024954 -0.031097 -0.014094
v -0.031701 -0.030873 -0.016626
v -0.049527 0.031342 -0.019260
v -0.024266 -0.032656 -0.014225
v -0.048074 0.033057 -0.019074
v 0.032663 -0.031192 -0.017951
v 0.036008 0.010359 -0.015694
v 0.036651 -0.026481 -0.019048
v -0.049540 0.034329 -0.013421
v 0.038538 -0.020412 -0.018477
v 0.029609 -0.032768 -0.018044
v 0.031160 -0.032788 -0.019248
v 0.042265 0.041452 -0.019136
v -0.076643 0.035636 -0.014384
v -0.076781 -0.035758 -0.013938
v -0.014099 0.061147 -0.016092
v 0.012413 0.052212 -0.017184
v -0.057611 -0.030011 -0.018034
v 0.034525 0.004779 -0.014307
v -0.094182 -0.034646 -0.013512
v 0.039000 -0.026483 -0.018454
v 0.039555 -0.027337 -0.017775
v -0.046420 0.054119 -0.008135
v 0.039673 0.041245 -0.014915
v -0.074864 -0.033475 -0.015703
v -0.026650 -0.033761 -0.014201
v -0.019907 -0.037677 -0.008803
v 0.016348 0.060983 -0.013719
v 0.038667 0.036270 -0.011995
v 0.008447 -0.036270 -0.014701
v 0.008253 -0.036518 -0.012784
v 0.009336 0.059424 -0.017901
v -0.030848 0.034652 -0.011996
v -0.031113 0.051655 -0.011243
v 0.019359 0.051640 -0.011416
v 0.040098 -0.030381 -0.016119
v 0.039192 -0.020209 -0.017161
v 0.035043 -0.027129 -0.015850
v -0.074564 0.023601 -0.008415
v -0.074713 0.035478 -0.010640
v -0.074651 -0.023281 -0.009658
v -0.014417 0.052040 -0.015872
v 0.036630 -0.011068 -0.014802
v -0.039146 -0.034446 -0.013550
v 0.036839 -0.027518 -0.009731
v 0.036826 -0.006020 -0.014464
v 0.036376 -0.001614 -0.014608
v 0.036178 -0.001658 -0.015543
v 0.035305 -0.032915 -0.012532
v 0.036357 -0.009943 -0.014239
v 0.036168 -0.000183 -0.014457
v 0.036495 -0.000570 -0.014654
v 0.042520 0.041474 -0.010493
v 0.039410 -0.026466 -0.016096
v 0.035908 -0.028859 -0.010381
v 0.032058 -0.028900 -0.016781
v 0.040072 -0.027336 -0.016016
v 0.036392 -0.015393 -0.014648
v 0.036300 -0.015276 -0.014648
v 0.034588 -0.011853 -0.014323
v 0.034449 -0.006989 -0.014409
v 0.034488 -0.002070 -0.014350
v 0.036978 -0.015896 -0.014126
v 0.036985 0.047739 -0.007077
v -0.059604 -0.031999 -0.008021
v -0.049594 -0.033643 -0.014417
v -0.023395 -0.028361 -0.011556
v 0.036051 -0.032759 -0.008139
v 0.036917 0.004301 -0.013967
v 0.036511 0.003124 -0.013989
v -0.048337 0.036514 -0.009816
v 0.015130 0.059411 -0.013372
v -0.014246 0.053720 -0.014218
v -0.042363 0.041644 -0.010888
v 0.034423 -0.004994 -0.014485
v -0.053792 0.035260 -0.009535
v -0.051554 -0.033618 -0.014276
v -0.052368 -0.033898 -0.013489
v -0.053926 -0.034386 -0.012155
v -0.054024 -0.032613 -0.013202
v 0.034876 -0.031079 -0.009865
v 0.037509 0.011608 -0.014808
v 0.035843 0.003129 -0.014788
v 0.039014 -0.021125 -0.015261
v -0.013415 0.059519 -0.015085
v -0.025397 -0.030988 -0.010519
v -0.038298 -0.033515 -0.011264
v -0.019818 -0.036184 -0.008070
v 0.038973 -0.024891 -0.015425
v 0.033248 -0.028468 -0.010607
v -0.026846 -0.028351 -0.010035
v -0.041605 0.032810 -0.012150
v 0.038446 -0.020170 -0.015054
v -0.092356 0.037020 -0.010605
v -0.023087 -0.028816 -0.014959
v 0.039359 -0.024139 -0.015058
v -0.029944 -0.033267 -0.005952
v -0.029451 -0.028342 -0.008545
v 0.037342 -0.033816 -0.011411
v 0.015492 0.053224 -0.013089
v 0.037851 -0.026422 -0.014598
v 0.037721 -0.027319 -0.011403
v 0.039912 -0.023023 -0.014978
v 0.037851 -0.026044 -0.014737
v 0.034551 -0.009953 -0.014385
v 0.041390 0.014760 -0.008979
v -0.058060 0.033164 -0.010499
v -0.058126 -0.033315 -0.009959
v 0.038608 -0.020080 -0.013857
v 0.036790 0.010102 -0.015074
v 0.037030 -0.027233 -0.014432
v 0.040815 0.010016 -0.014821
v 0.035819 -0.011708 -0.014812
v 0.040647 -0.024084 -0.014736
v 0.041055 -0.022289 -0.014549
v 0.034293 -0.026814 -0.014593
v 0.039298 -0.027299 -0.001313
v 0.035749 -0.011777 -0.014656
v -0.025454 -0.028301 0.006780
v -0.025918 -0.028338 -0.003607
v -0.016965 -0.028310 0.016404
v -0.020765 -0.028303 0.016111
v -0.016981 -0.036143 0.013119
v 0.033308 -0.028419 0.010892
v 0.025208 -0.028391 0.016404
v 0.035340 -0.028444 -0.001169
v 0.000265 -0.036848 -0.012799
v 0.035910 -0.011806 -0.014537
v 0.036564 -0.011367 -0.014481
v 0.036485 -0.011404 -0.014544
v 0.035982 0.003111 -0.014529
v 0.041068 0.011139 -0.014259
v 0.034479 -0.014840 -0.014346
v -0.039905 0.034182 -0.007820
v 0.036353 -0.015275 -0.014552
v -0.050534 -0.034047 -0.013405
v -0.049974 -0.033688 -0.014275
v 0.037074 -0.010841 -0.014191
v 0.036720 -0.011219 -0.014401
v 0.035875 0.003088 -0.014530
v 0.041149 0.008714 -0.014659
v 0.036650 -0.011327 -0.014414
v 0.041319 -0.024571 -0.013707
v 0.036238 -0.014748 -0.014183
v 0.036025 -0.006831 -0.014538
v 0.037102 -0.005722 -0.014164
v 0.036969 -0.000839 -0.014283
v 0.035983 0.003077 -0.014434
v 0.036494 -0.000509 -0.014550
v 0.038008 0.013041 -0.013900
v 0.036585 -0.000551 -0.014486
v 0.036192 -0.011979 -0.014274
v 0.036709 -0.000577 -0.014379
v 0.034580 0.000070 -0.014331
v 0.037848 -0.025573 -0.014153
v 0.035943 0.002766 -0.014008
v -0.051217 -0.033696 -0.014133
v 0.040854 0.006465 -0.013604
v 0.036616 -0.010400 -0.014387
v 0.036646 -0.011432 -0.014341
v 0.025193 -0.036232 0.014931
v 0.036736 -0.011391 -0.014294
v 0.036706 -0.010439 -0.014334
v 0.036804 -0.010481 -0.014280
v -0.049477 -0.033646 -0.014219
v 0.034734 -0.025747 -0.013552
v 0.036789 -0.001536 -0.014281
v 0.036698 -0.001580 -0.014322
v 0.036901 -0.011394 -0.014190
v -0.049758 -0.033808 -0.014065
v -0.049338 -0.034052 -0.013412
v -0.050008 -0.034144 -0.013213
v 0.038432 0.011554 -0.014281
v -0.050575 -0.034190 -0.012962
v -0.051727 -0.034062 -0.013117
v -0.051920 -0.033996 -0.013397
v -0.052029 -0.033837 -0.013663
v 0.036321 -0.004985 -0.014222
v 0.036724 -0.006548 -0.014272
v 0.036715 -0.011488 -0.014260
v 0.036402 -0.002389 -0.014111
v 0.036886 -0.001490 -0.014240
v 0.036815 -0.006503 -0.014237
v 0.036805 -0.011442 -0.014225
v -0.052035 -0.033794 -0.013674
v 0.037035 -0.011304 -0.014157
v 0.036910 -0.006454 -0.014201
v 0.036979 -0.006382 -0.014189
v 0.036972 -0.011206 -0.014215
v 0.037135 -0.006449 -0.014109
v 0.037039 -0.000299 -0.014102
v 0.038870 -0.025246 -0.014067
v 0.034602 0.002894 -0.014124
v 0.037274 -0.001467 -0.014084
v 0.036306 -0.007402 -0.014092
v 0.036381 -0.012369 -0.014075
v 0.037331 -0.001009 -0.014117
v 0.037110 -0.001289 -0.014189
v 0.037203 -0.006198 -0.014138
v 0.037215 -0.001339 -0.014127
v 0.036424 -0.016548 -0.014045
v 0.037299 -0.001263 -0.014112
v 0.037305 -0.006167 -0.014105
v 0.037280 -0.011143 -0.014090
v 0.036731 -0.014463 -0.013983
v 0.037746 -0.010888 -0.014025
v 0.040600 -0.013959 -0.013904
v -0.017912 0.052507 -0.010777
v 0.037430 -0.006153 -0.014070
v 0.037716 -0.006071 -0.014044
v 0.036523 -0.016548 -0.013941
v 0.037572 -0.000893 -0.014063
v 0.037675 -0.000904 -0.014053
v 0.040667 -0.000769 -0.013959
v 0.037776 -0.000875 -0.014050
v 0.036688 -0.016467 -0.013908
v 0.037085 -0.015540 -0.013912
v 0.036776 0.002299 -0.013765
v 0.034844 -0.017010 -0.013713
v 0.037103 -0.016463 -0.013663
v -0.059563 0.023813 -0.007717
v 0.040908 -0.025730 -0.012996
v 0.037182 -0.015590 -0.013863
v 0.037285 -0.015641 -0.013818
v 0.041181 0.012165 -0.012826
v 0.041329 0.004924 -0.012796
v 0.037435 -0.015714 -0.013761
v 0.034678 -0.019785 -0.013757
v 0.040932 0.004011 -0.013334
v 0.041018 -0.018846 -0.013009
v 0.037857 -0.015904 -0.013663
v 0.041280 -0.014052 -0.013403
v 0.037592 -0.015829 -0.013709
v 0.030235 0.051534 -0.013762
v 0.034914 0.005803 -0.013640
v 0.037741 0.004081 -0.013410
v 0.036336 -0.031193 -0.009305
v -0.018650 0.061112 -0.010252
v -0.017695 0.053772 -0.009729
v 0.041318 -0.017551 -0.012578
v -0.051926 -0.033898 -0.013371
v -0.050818 -0.033990 -0.013249
v -0.052156 -0.033998 -0.013094
v -0.031661 -0.034463 -0.006726
v -0.054003 -0.035043 -0.003696
v -0.050222 -0.034045 -0.013229
v -0.050171 -0.034167 -0.012855
v -0.049975 -0.034166 -0.012881
v 0.035430 -0.026245 -0.011660
v 0.038989 0.013047 -0.011765
v -0.049967 -0.034518 -0.012089
v 0.041404 0.010743 -0.007918
v -0.043237 0.034729 -0.004808
v -0.028464 -0.028339 -0.006088
v -0.025600 -0.032708 -0.013483
v -0.039914 0.036955 -0.007481
v -0.051296 -0.034415 -0.012225
v -0.029463 -0.033745 -0.006959
v 0.040996 0.012338 -0.011510
v 0.019971 0.061405 -0.008530
v 0.039213 0.012746 -0.012329
v 0.035568 -0.028938 -0.006594
v -0.092525 -0.036435 -0.012305
v -0.028077 -0.031053 -0.006071
v -0.027509 -0.032632 -0.006233
v 0.040867 -0.025918 -0.011265
v -0.076116 -0.037532 -0.007073
v -0.051062 -0.034530 -0.011935
v -0.050822 -0.034538 -0.012067
v -0.052394 -0.035209 -0.009782
v -0.052135 -0.035518 -0.008384
v -0.094442 -0.036778 -0.004310
v -0.051131 -0.034572 -0.011936
v -0.050924 -0.034794 -0.011206
v -0.051987 -0.034493 -0.011987
v -0.052064 -0.034561 -0.011649
v -0.093832 0.037594 -0.003957
v 0.039219 0.026818 -0.009905
v 0.042560 0.041445 -0.000933
v 0.018364 0.059461 -0.008257
v 0.041794 0.041222 -0.006215
v 0.039039 0.013351 -0.010575
v -0.039545 -0.034903 -0.005557
v -0.000507 -0.037639 0.022025
v -0.012308 -0.037535 0.018547
v -0.019334 -0.037593 0.010174
v -0.050398 -0.034853 -0.011037
v -0.026470 -0.028795 -0.007202
v -0.049820 -0.034973 -0.010751
v -0.040986 -0.036172 -0.007685
v -0.050446 -0.034784 -0.011069
v 0.043636 0.015759 -0.011769
v -0.049574 -0.035190 -0.009965
v -0.049620 -0.035242 -0.010016
v -0.050442 -0.034888 -0.010744
v -0.050524 -0.034970 -0.010807
v 0.041211 -0.025048 -0.009459
v -0.059655 -0.023038 -0.010281
v -0.051882 -0.035121 -0.010055
v -0.051575 -0.035084 -0.010030
v 0.037502 -0.032746 -0.003286
v 0.036442 -0.025142 -0.008139
v 0.038578 -0.033876 -0.005358
v 0.035985 0.012116 -0.010239
v 0.036110 0.017741 -0.010445
v -0.051556 -0.034983 -0.010292
v 0.040830 0.011567 -0.008780
v -0.051603 -0.035165 -0.010019
v 0.036545 0.011701 -0.008015
v 0.037591 0.017735 -0.009587
v 0.037293 0.011879 -0.009621
v -0.050142 -0.035165 -0.010131
v -0.049910 -0.035189 -0.009799
v -0.036781 0.053310 -0.008159
v -0.052018 -0.035127 -0.009732
v -0.052291 -0.035063 -0.009922
v -0.024270 -0.032651 -0.010428
v 0.040080 0.012559 -0.005941
v -0.050624 -0.035608 -0.008395
v -0.052076 -0.035278 -0.009471
v -0.051987 -0.035209 -0.009815
v -0.050086 0.036668 -0.002779
v 0.034592 -0.032754 -0.007201
v -0.053940 0.034806 -0.005114
v -0.057510 -0.034847 -0.003795
v -0.049722 -0.035303 -0.009661
v -0.037593 0.047902 -0.000385
v -0.042546 0.041596 -0.001372
v -0.050382 -0.035477 -0.008787
v -0.027399 -0.032819 -0.008868
v -0.041091 0.041499 -0.011304
v -0.033001 0.034678 -0.002751
v 0.032949 0.051550 -0.002790
v 0.031884 0.034537 -0.008987
v 0.039865 0.027085 -0.006834
v 0.041056 -0.025038 -0.006928
v -0.049461 -0.035819 -0.007673
v -0.092441 0.038641 0.000450
v -0.051701 -0.035527 -0.008498
v 0.037314 0.012070 -0.006219
v 0.037635 0.017779 0.009418
v 0.037477 0.017756 0.000099
v -0.049818 -0.035723 -0.007922
v -0.074745 -0.036394 -0.001587
v -0.059476 -0.033526 -0.002072
v -0.029026 -0.028249 0.002171
v -0.028627 -0.028721 -0.002357
v -0.027545 -0.028835 -0.001463
v 0.040543 0.011894 -0.006937
v 0.041167 0.011710 -0.006822
v -0.051124 -0.035796 -0.007377
v 0.040006 0.036728 -0.006605
v -0.049868 -0.035834 -0.007516
v 0.020942 0.061074 -0.003864
v 0.022924 0.061555 0.000387
v -0.043691 0.041576 -0.002691
v -0.049836 -0.035865 -0.007494
v 0.037490 -0.027222 -0.000183
v 0.037447 -0.028827 0.003580
v -0.049705 -0.035915 -0.007004
v 0.037586 0.061547 -0.000467
v -0.049213 -0.036141 -0.006076
v -0.050531 -0.035980 -0.006669
v -0.053896 -0.036201 -0.004805
v -0.053788 0.036512 -0.000179
v -0.051648 -0.035727 -0.007667
v -0.018520 0.059534 -0.008299
v 0.019764 0.059385 -0.003621
v -0.019764 0.053839 -0.003608
v 0.018817 0.053245 -0.007565
v 0.037450 -0.032987 0.003512
v 0.041228 -0.026480 0.002256
v -0.048180 0.037876 -0.001406
v -0.037915 0.053607 -0.001438
v 0.036301 -0.031076 0.000035
v -0.050486 -0.035952 -0.006633
v -0.050437 -0.036078 -0.006063
v -0.052421 -0.036167 -0.004989
v -0.021467 -0.036182 0.003914
v 0.040278 0.028931 -0.003763
v -0.026332 -0.032608 0.002727
v -0.074561 0.025098 -0.000297
v -0.059658 -0.025080 -0.000182
v -0.052118 -0.036251 -0.004611
v -0.051239 -0.036127 -0.005512
v 0.044911 0.015530 -0.003372
v -0.051971 -0.036147 -0.005207
v 0.040839 -0.026704 -0.002054
v -0.040441 0.035244 0.000464
v -0.052253 -0.036069 -0.005309
v -0.051940 -0.036201 -0.005181
v 0.043745 0.041501 0.002090
v -0.076345 0.038048 -0.005835
v -0.076849 -0.038370 -0.001615
v -0.076205 -0.038242 0.002631
v -0.094374 0.036855 0.001451
v -0.075375 0.037698 0.000764
v -0.093661 -0.037764 0.000525
v -0.057467 0.035004 -0.001810
v -0.021041 0.052583 -0.002379
v -0.022033 -0.037555 0.001293
v -0.021036 0.060870 -0.000039
v -0.059371 0.033604 -0.001866
v 0.035211 -0.032731 0.003160
v -0.046990 0.047929 0.003676
v -0.020224 0.059563 0.001420
v 0.020220 0.053721 0.001491
v 0.017567 0.034650 0.027959
v 0.022890 0.034631 0.023887
v 0.027634 0.034608 0.018023
v 0.030763 0.034589 0.012097
v 0.032916 0.034563 0.002851
v -0.042196 -0.036932 -0.001429
v -0.041535 -0.036613 0.005547
v 0.030623 -0.037695 -0.003466
v 0.038394 -0.027289 0.002109
v -0.028795 -0.032763 -0.001565
v 0.037362 -0.031154 0.002308
v 0.041859 0.014824 0.004892
v 0.036795 -0.032735 0.002837
v 0.041145 0.014289 -0.000103
v -0.028705 -0.031024 0.002211
v -0.027644 -0.030946 -0.000834
v -0.028134 -0.032610 0.002739
v 0.040414 0.014467 0.000003
v -0.049563 -0.036522 -0.002746
v -0.050033 -0.036375 -0.004239
v 0.038903 -0.033833 0.003912
v -0.047528 0.040021 0.001051
v -0.052278 -0.036433 -0.002542
v -0.030244 -0.033772 -0.003858
v -0.050113 -0.036592 -0.001684
v -0.052102 -0.036480 -0.002353
v -0.046739 0.054054 0.004399
v -0.046549 0.061519 0.005907
v 0.021139 0.061088 0.003103
v 0.021342 0.052177 -0.001300
v -0.043699 0.039725 0.000031
v 0.036707 0.047781 0.008887
v -0.050075 0.036146 0.006922
v -0.053930 -0.036423 0.002734
v 0.020038 0.059470 0.002506
v -0.020004 0.053788 0.002639
v -0.076701 0.038323 0.003726
v -0.092713 -0.038485 -0.000034
v -0.057576 -0.034521 0.006850
v -0.058837 -0.033973 0.004353
v -0.051260 -0.036567 -0.000879
v -0.052479 -0.036540 -0.000598
v -0.052115 -0.036554 -0.000267
v -0.050570 -0.036582 -0.000544
v 0.044991 0.015675 0.002769
v 0.044434 0.014981 0.001398
v -0.052254 -0.036553 0.000551
v -0.037893 0.053913 0.009108
v -0.031704 -0.035022 0.002128
v 0.046649 0.041509 0.006315
v -0.020719 0.061301 0.005535
v -0.053887 0.034755 0.005156
v -0.028448 -0.032735 0.005113
v -0.021378 0.051771 0.006192
v 0.037246 0.011983 0.006804
v 0.036057 -0.028899 0.003830
v -0.028087 -0.028700 0.006271
v 0.037956 -0.028345 0.000456
v -0.033175 0.051686 0.000659
v 0.041649 0.041431 0.007876
v -0.032439 0.034698 0.006725
v -0.039988 -0.035273 0.001408
v 0.046531 0.047756 0.006707
v 0.040469 0.036631 0.001859
v 0.040436 0.013852 0.002790
v -0.030188 -0.033632 0.004599
v -0.059006 0.033155 0.007507
v -0.074787 0.036362 0.007502
v -0.093816 -0.036895 0.007406
v -0.074790 -0.035231 0.010471
v -0.039906 0.036990 0.007606
v -0.043691 0.041625 0.002777
v -0.047388 0.041672 0.002750
v -0.047563 0.037857 0.012121
v -0.074563 0.023878 0.007868
v -0.059558 0.025032 0.002716
v -0.059655 -0.023822 0.007977
v -0.074662 -0.025001 0.002828
v -0.026196 -0.032595 0.010763
v -0.052637 -0.036355 0.003517
v -0.053790 0.035720 0.007562
v -0.052401 -0.036157 0.005883
v -0.053939 -0.035019 0.010721
v -0.053997 -0.034423 0.007472
v 0.022560 0.051622 0.002640
v 0.036316 0.061572 0.009688
v -0.050877 -0.036276 0.004680
v 0.039703 0.012786 0.008060
v -0.036277 0.047923 0.009885
v -0.047529 0.041727 0.024110
v -0.043247 0.034819 0.005192
v -0.042671 0.041685 0.010166
v -0.045249 0.054077 0.012021
v -0.030815 0.051707 0.012058
v 0.040355 0.012196 0.006522
v -0.026232 -0.030940 0.008777
v -0.039383 -0.034769 0.012995
v -0.031350 -0.033926 0.008574
v -0.036571 0.053366 0.008527
v -0.050010 -0.036372 0.004511
v 0.035770 -0.031127 0.011223
v -0.038819 -0.034441 0.009813
v 0.029696 -0.036255 0.006230
v 0.041320 -0.024188 0.008112
v 0.040759 -0.024954 0.008525
v 0.041321 0.011646 0.006807
v 0.036533 0.011724 0.008187
v 0.036516 -0.025092 0.008201
v -0.039697 0.034037 0.008389
v 0.039690 0.031425 0.008006
v 0.035092 -0.032711 0.011604
v 0.033442 -0.032709 0.010969
v -0.026423 -0.032638 0.012034
v 0.036200 -0.028259 0.011190
v 0.035811 -0.027243 0.015231
v 0.037271 -0.027259 0.014726
v 0.037895 -0.027263 0.011838
v -0.023577 0.034719 0.023293
v -0.014102 0.034677 0.030178
v -0.018853 0.053385 0.007426
v -0.018353 0.059570 0.008244
v 0.018289 0.060339 0.009192
v 0.018959 0.053192 0.007323
v -0.050553 -0.035955 0.007168
v -0.059509 -0.031540 0.011319
v -0.057412 0.034374 0.006733
v -0.053902 0.032628 0.013402
v -0.076694 0.037458 0.008858
v -0.092480 -0.036955 0.010739
v 0.019807 0.061574 0.010851
v -0.092371 0.037435 0.009102
v 0.042490 0.041522 0.010492
v 0.044366 0.026134 0.012039
v -0.059567 0.021900 0.012338
v -0.074651 -0.021824 0.012439
v -0.023503 -0.032597 0.012006
v -0.049374 -0.035743 0.008149
v -0.052384 -0.035708 0.008136
v -0.028341 -0.033248 0.011387
v -0.038659 -0.033557 0.010536
v -0.030038 -0.031034 0.013289
v -0.048456 0.036955 0.008242
v -0.053794 0.033374 0.015116
v -0.029268 -0.028536 0.009130
v 0.040078 0.011909 0.008488
v 0.034147 -0.028912 0.012165
v 0.037166 -0.033937 0.011842
v 0.041360 0.011202 0.009305
v -0.029763 -0.028305 0.017060
v 0.035401 -0.032803 0.012703
v -0.017339 0.060101 0.010549
v 0.036022 0.012202 0.010419
v 0.036171 0.017786 0.010701
v -0.018233 0.052178 0.011006
v -0.018298 0.061582 0.012501
v 0.043817 0.015495 0.010483
v -0.050044 0.033722 0.014671
v -0.052414 -0.035562 0.008221
v -0.027544 -0.028449 0.009219
v -0.026232 -0.028761 0.009116
v 0.017565 0.051641 0.014749
v -0.027187 -0.028295 0.014324
v 0.035347 -0.026144 0.012275
v 0.035118 -0.028808 0.012898
v -0.049285 -0.034731 0.011797
v 0.039228 0.036587 0.010095
v 0.039004 0.041496 0.017112
v 0.032352 0.061602 0.019123
v -0.016984 0.051719 0.014955
v 0.031810 0.051587 0.009600
v -0.043976 0.061534 0.016381
v 0.041357 0.004094 0.013170
v -0.027332 -0.033651 0.013762
v 0.037197 0.011965 0.009999
v -0.074700 0.033910 0.014752
v -0.094586 -0.034491 0.013071
v -0.049630 -0.035432 0.009563
v -0.026916 -0.031026 0.010415
v -0.092848 0.035714 0.014260
v -0.076356 -0.036982 0.010433
v -0.024618 -0.028296 0.015763
v 0.040784 0.011825 0.009695
v -0.052220 -0.035571 0.008718
v 0.041262 -0.018637 0.013115
v -0.029209 0.034712 0.015652
v -0.037805 0.036739 0.014766
v -0.041806 0.041544 0.007813
v 0.039540 0.012720 0.011422
v 0.016590 0.053736 0.011314
v 0.038857 0.025866 0.036950
v -0.040511 0.041726 0.016606
v 0.015741 0.060831 0.013967
v -0.039988 0.047994 0.037593
v -0.032208 0.047937 0.019407
v 0.039919 0.047839 0.037593
v 0.040261 0.041591 0.036831
v -0.043135 0.041719 0.024110
v 0.041246 0.012255 0.011629
v 0.017475 0.052110 0.012345
v -0.074571 0.020073 0.015194
v -0.059475 0.028911 0.015965
v -0.059650 -0.020902 0.013851
v -0.074712 -0.030132 0.020447
v 0.040620 -0.025940 0.011650
v 0.041352 0.007988 0.013992
v -0.031743 -0.032171 0.014010
v -0.054003 -0.031721 0.015246
v -0.023016 -0.032588 0.016399
v -0.038357 0.032487 0.013246
v -0.034425 0.053387 0.015123
v 0.041288 -0.025479 0.011836
v 0.034793 -0.031025 0.010501
v 0.038685 0.013730 0.011892
v -0.041232 0.032446 0.013331
v -0.027686 0.051715 0.017984
v -0.042030 0.054152 0.020881
v 0.041020 0.014809 0.016062
v 0.040985 0.015049 0.017735
v 0.042220 0.041540 0.019366
v 0.041295 -0.022304 0.014569
v 0.037443 -0.033424 0.011828
v -0.053916 -0.031641 0.018669
v 0.040712 0.012531 0.012423
v -0.015374 0.053756 0.013082
v -0.014234 0.059576 0.014218
v 0.015393 0.059508 0.013065
v 0.014234 0.053730 0.014231
v 0.037670 0.031016 0.014817
v 0.034946 -0.033801 0.018222
v -0.014794 0.060806 0.014749
v 0.013574 0.052255 0.016336
v 0.038974 0.012625 0.012952
v 0.037550 0.036692 0.015126
v -0.058687 0.029979 0.016612
v 0.040898 -0.025732 0.013214
v -0.057582 -0.030685 0.017028
v -0.057620 0.032294 0.013558
v 0.037936 0.012486 0.014383
v -0.075539 -0.033443 0.017408
v 0.039551 -0.027259 0.015995
v 0.040227 -0.027260 0.016268
v 0.026300 -0.036224 0.014587
v -0.092573 -0.034148 0.017693
v -0.076778 -0.034039 0.017963
v -0.036166 -0.032285 0.017454
v 0.040048 -0.030322 0.016846
v -0.036674 -0.031086 0.016500
v -0.023568 -0.028297 0.016461
v -0.022567 -0.028685 0.017936
v 0.031852 0.047814 0.019933
v -0.021561 -0.032734 0.019310
v 0.034668 -0.025656 0.014100
v 0.034295 -0.026868 0.014987
v 0.032702 -0.028662 0.018250
v 0.031675 -0.028843 0.017675
v 0.038720 0.011955 0.014085
v 0.040956 0.011996 0.013664
v 0.000286 -0.036940 0.013288
v 0.008208 -0.036955 0.013255
v 0.000293 -0.036190 0.013231
v 0.008240 -0.036206 0.013244
v 0.008447 -0.036199 0.016422
v 0.008293 -0.036942 0.019254
v -0.038082 0.041467 0.018558
v -0.014030 0.061581 0.017092
v 0.025991 0.061632 0.027140
v -0.022942 0.051719 0.023848
v 0.026617 0.051614 0.019637
v 0.030550 -0.032690 0.017075
v 0.032194 -0.032691 0.018105
v 0.032171 -0.031103 0.019202
v 0.040664 0.004295 0.013496
v 0.040627 -0.019746 0.013854
v -0.048832 -0.033423 0.015242
v -0.020337 -0.028742 0.018840
v -0.016978 -0.035187 0.016420
v -0.047951 0.033098 0.019135
v -0.031498 -0.030061 0.018054
v 0.040674 -0.017355 0.013584
v 0.040582 -0.024838 0.014588
v 0.040634 -0.013927 0.014226
v 0.040815 0.006862 0.014000
v 0.033099 -0.028237 0.018403
v 0.033367 -0.027248 0.019195
v 0.037372 0.004664 0.013680
v 0.034735 -0.019375 0.013942
v 0.037959 0.004024 0.013641
v 0.036451 -0.017022 0.013813
v 0.034802 -0.017547 0.013774
v 0.040638 0.000660 0.014175
v 0.037739 -0.015985 0.013977
v 0.037118 0.004024 0.013906
v 0.037631 0.003832 0.013709
v 0.037551 0.003709 0.013730
v 0.037423 0.003708 0.013775
v 0.034660 -0.016693 0.014212
v 0.037308 0.003423 0.013794
v -0.059577 0.016749 0.018789
v -0.059643 -0.017217 0.018367
v -0.074641 -0.016644 0.018866
v -0.059607 -0.022944 0.023744
v 0.037317 0.003696 0.013823
v 0.034968 0.005840 0.013889
v 0.038666 -0.019866 0.014036
v 0.037081 0.003711 0.013989
v 0.038816 -0.025240 0.014368
v 0.036382 0.003013 0.014296
v 0.030554 -0.028400 0.016868
v 0.036435 0.004770 0.014258
v -0.032067 0.053891 0.021488
v 0.036812 0.003763 0.014268
v 0.036237 0.002408 0.014046
v 0.000075 -0.036183 0.016422
v 0.000318 -0.036923 0.020727
v -0.019704 -0.032592 0.017471
v 0.037114 -0.015955 0.014256
v 0.040751 0.008996 0.015100
v 0.039452 -0.020511 0.014255
v 0.037463 -0.015593 0.014088
v 0.037163 -0.014863 0.014210
v 0.036658 -0.016514 0.014129
v 0.036543 -0.016511 0.014216
v -0.018750 -0.032586 0.021265
v 0.037247 -0.015489 0.014164
v 0.037231 -0.015391 0.014171
v 0.034574 -0.019882 0.014442
v 0.036100 -0.016616 0.014333
v 0.038732 -0.025130 0.014706
v 0.039048 -0.020231 0.014197
v 0.038739 -0.020082 0.014227
v 0.034524 0.000055 0.014517
v 0.039142 -0.020280 0.014198
v 0.034684 0.002581 0.014128
v 0.040673 -0.022059 0.015061
v 0.039240 -0.020373 0.014229
v 0.036598 0.000225 0.014351
v 0.038002 -0.000824 0.014311
v 0.037072 -0.015271 0.014233
v 0.036614 -0.014407 0.014313
v 0.036438 -0.016507 0.014314
v 0.036590 -0.016275 0.014591
v 0.039486 -0.021655 0.015040
v 0.036322 0.003225 0.014532
v 0.034447 0.003164 0.014980
v 0.037723 -0.005900 0.014326
v 0.036364 -0.002200 0.014407
v 0.037713 -0.010840 0.014337
v 0.037638 -0.010956 0.014341
v 0.037077 -0.006335 0.014409
v 0.034516 -0.011890 0.014591
v 0.036605 -0.009366 0.014367
v 0.037939 -0.025782 0.015059
v 0.041276 -0.024008 0.014539
v 0.041352 0.010220 0.014571
v 0.038810 -0.020264 0.014404
v 0.037616 -0.005740 0.014330
v 0.037607 -0.010680 0.014341
v 0.037524 -0.005803 0.014346
v 0.036737 -0.004414 0.014350
v 0.037457 -0.010683 0.014362
v 0.037552 -0.010971 0.014356
v 0.036447 -0.015159 0.014787
v 0.037281 -0.001019 0.014406
v 0.037526 -0.001057 0.014339
v 0.037318 -0.005733 0.014386
v 0.037165 -0.010284 0.014383
v 0.036276 -0.004762 0.014506
v 0.037281 -0.010600 0.014398
v 0.037286 -0.011152 0.014384
v 0.037300 -0.001197 0.014377
v 0.034540 -0.014457 0.014444
v 0.037413 -0.001134 0.014355
v 0.037394 -0.011014 0.014377
v 0.037248 -0.011056 0.014421
v 0.036659 -0.011153 0.014706
v 0.036460 -0.009728 0.014480
v 0.038767 -0.020329 0.014521
v 0.037081 -0.010471 0.014448
v 0.034497 -0.002011 0.014606
v 0.034491 -0.006984 0.014583
v 0.038706 -0.020331 0.014616
v 0.037194 -0.010655 0.014439
v -0.021747 -0.030919 0.017177
v 0.034542 -0.004509 0.014459
v 0.034201 -0.014933 0.015269
v 0.037034 -0.011298 0.014447
v 0.036309 -0.012015 0.014473
v 0.036981 -0.005480 0.014475
v 0.036688 0.003522 0.014333
v 0.037096 -0.010722 0.014493
v 0.036770 -0.011350 0.014570
v 0.036971 -0.010420 0.014486
v 0.032245 -0.032895 0.019151
v 0.035794 -0.007139 0.014510
v 0.034471 -0.009776 0.014658
v 0.036160 -0.009893 0.014704
v 0.036902 -0.010348 0.014499
v 0.037026 -0.010640 0.014515
v 0.037008 -0.005580 0.014491
v 0.036853 -0.001402 0.014535
v 0.036781 -0.005384 0.014556
v 0.040750 0.011147 0.014689
v -0.059090 -0.028825 0.018189
v 0.035989 -0.000109 0.014794
v 0.036592 -0.000249 0.014557
v 0.035121 -0.016560 0.017099
v 0.036679 -0.011393 0.014611
v 0.036705 -0.011302 0.014642
v 0.039040 -0.024731 0.015246
v 0.036025 -0.014965 0.014918
v 0.036721 -0.001365 0.014676
v 0.036706 -0.010373 0.014640
v 0.036414 -0.006529 0.014949
v 0.034495 0.004803 0.018320
v 0.036089 -0.016541 0.014634
v 0.036633 -0.001461 0.014673
v 0.036658 -0.011265 0.014732
v 0.036494 -0.010417 0.014919
v 0.035994 -0.016554 0.014685
v 0.038333 -0.020105 0.014942
v 0.036365 -0.011439 0.014890
v 0.038007 0.011024 0.014855
v 0.036395 0.003352 0.015062
v 0.035893 -0.016564 0.014737
v 0.035874 0.003139 0.014726
v 0.032915 -0.001803 0.017958
v 0.036326 -0.001536 0.015011
v 0.036616 -0.010333 0.014694
v 0.036533 -0.010296 0.014745
v -0.039539 0.030135 0.018041
v 0.037498 0.012102 0.015053
v 0.028872 -0.032812 0.021632
v 0.034280 -0.004987 0.015139
v 0.035947 -0.010034 0.015041
v 0.035924 -0.004992 0.014834
v 0.036330 -0.005257 0.014923
v 0.035766 0.003143 0.014772
v 0.035769 0.003169 0.014875
v 0.034699 -0.016089 0.018896
v 0.035916 -0.006697 0.015059
v 0.040525 -0.023562 0.015141
v 0.035843 -0.005027 0.014936
v 0.036176 -0.026763 0.015112
v 0.037867 -0.026376 0.014978
v 0.034613 0.004880 0.014425
v 0.041956 0.024463 0.019844
v 0.031898 -0.026887 0.019665
v 0.041376 0.015934 0.018378
v 0.037299 0.010731 0.015141
v 0.035770 -0.005057 0.015047
v 0.034193 0.009086 0.015303
v 0.036010 -0.011598 0.015048
v -0.035741 0.029371 0.019298
v 0.035139 0.036681 0.020159
v 0.035869 -0.011640 0.015070
v 0.039880 -0.022903 0.015248
v 0.039093 -0.021619 0.015835
v 0.035817 -0.011620 0.015211
v 0.034220 -0.015005 0.019227
v 0.039071 -0.024286 0.015881
v 0.035841 0.009464 0.015284
v 0.039261 -0.026410 0.015772
v 0.033542 0.003288 0.020571
v 0.025194 -0.035610 0.016421
v 0.036640 -0.000451 0.014763
v 0.034621 -0.010284 0.018844
v -0.036406 -0.032122 0.019145
v 0.034612 -0.001185 0.019034
v 0.034240 -0.001739 0.018868
v 0.039327 -0.022935 0.015735
v 0.034515 -0.011068 0.019187
v 0.034445 -0.011614 0.018535
v 0.034486 -0.005526 0.019235
v 0.039024 -0.020613 0.016215
v 0.038724 -0.025675 0.015707
v -0.009751 0.051777 0.019913
v 0.031305 -0.006760 0.020795
v 0.033846 0.009822 0.016040
v -0.010858 0.060957 0.018010
v -0.011502 0.059558 0.016451
v 0.011313 0.059514 0.016589
v -0.011313 0.053802 0.016602
v 0.011502 0.053758 0.016464
v 0.032134 -0.009944 0.019376
v 0.031734 -0.004994 0.020087
v -0.021272 -0.033756 0.021841
v 0.041282 0.041546 0.019972
v 0.039704 0.041551 0.020512
v -0.093824 0.031823 0.020133
v -0.075006 0.030820 0.021141
v -0.093806 -0.031543 0.020620
v 0.029720 -0.033967 0.022677
v 0.014186 0.061464 0.016515
v -0.013674 0.052181 0.016414
v 0.034500 0.012477 0.021191
v 0.039572 -0.029973 0.018995
v 0.039147 -0.020298 0.016469
v -0.076641 0.035232 0.015781
v 0.035570 0.010147 0.015827
v 0.034663 0.009987 0.016216
v 0.034864 -0.027058 0.016877
v 0.039382 -0.026408 0.016893
v 0.038804 -0.019990 0.017829
v -0.030479 -0.027882 0.019901
v -0.021908 -0.028288 0.021606
v 0.039442 -0.020689 0.017513
v -0.035290 0.036865 0.019999
v 0.039697 -0.026405 0.017974
v -0.022575 -0.031003 0.018018
v 0.031112 -0.000041 0.021126
v 0.028722 -0.028392 0.018782
v 0.003939 -0.028328 0.025847
v -0.002986 -0.028315 0.026074
v -0.014675 -0.028302 0.021809
v -0.009411 -0.028306 0.024449
v -0.013914 -0.036147 0.016428
v 0.020024 -0.036215 0.016422
v -0.017294 -0.032754 0.023176
v 0.002101 -0.036209 0.021140
v -0.006123 -0.036154 0.020713
v 0.008296 -0.036192 0.019304
v -0.049640 0.031306 0.019515
v -0.026480 -0.028211 0.023890
v -0.018528 -0.028292 0.022637
v -0.019053 -0.028294 0.021637
v 0.031552 0.010000 0.022554
v -0.008256 0.053783 0.018365
v -0.006888 0.059485 0.018931
v 0.008256 0.059542 0.018352
v 0.007102 0.053757 0.018861
v 0.036858 0.011248 0.015810
v -0.053882 0.028245 0.021032
v -0.054006 -0.027206 0.022473
v 0.031476 0.004890 0.020407
v 0.031484 0.009862 0.020404
v 0.040249 -0.027256 0.018187
v 0.040255 -0.029915 0.016928
v -0.053805 0.028247 0.023369
v 0.007909 0.052172 0.019768
v -0.074582 0.014095 0.020887
v -0.031016 0.053375 0.021173
v 0.029958 -0.014839 0.022745
v 0.031467 -0.011698 0.020365
v 0.039423 -0.027254 0.018470
v 0.028726 -0.032682 0.018888
v 0.034338 -0.027237 0.021507
v -0.015361 -0.032591 0.021486
v -0.008454 0.061645 0.020891
v 0.017702 0.061662 0.033142
v -0.015228 0.051717 0.029380
v 0.021422 0.051636 0.025105
v -0.038492 0.041713 0.025703
v 0.033399 -0.005078 0.020604
v 0.031483 -0.016638 0.020377
v 0.031949 -0.019997 0.019576
v 0.031526 -0.028356 0.020226
v 0.038591 -0.026401 0.018902
v 0.033418 -0.000236 0.020766
v -0.058976 0.024641 0.023610
v 0.038356 -0.020315 0.018896
v 0.036026 -0.026644 0.019281
v 0.036001 -0.027244 0.019306
v 0.029647 -0.032681 0.020629
v 0.031014 -0.031031 0.018700
v 0.040840 0.020804 0.020290
v -0.006306 0.061182 0.020316
v 0.005556 0.051686 0.022255
v 0.038030 0.014808 0.023696
v 0.040066 0.014744 0.018620
v -0.057564 -0.026579 0.022913
v -0.032871 -0.026313 0.023631
v -0.057357 0.028784 0.020089
v -0.016238 -0.028684 0.023823
v 0.033189 -0.033484 0.021437
v 0.039092 -0.029791 0.019580
v 0.007625 0.061621 0.021248
v 0.039036 -0.027250 0.019709
v 0.030176 -0.028390 0.020904
v 0.029911 -0.028779 0.021057
v 0.038002 -0.026399 0.019486
v 0.038149 0.014499 0.018760
v 0.039245 0.023518 0.019262
v -0.038736 0.061585 0.026483
v 0.031089 -0.032434 0.020451
v -0.075531 -0.029568 0.023430
v 0.038249 0.021978 0.019266
v -0.003620 0.053861 0.019765
v 0.003620 0.059470 0.019752
v 0.038101 -0.027249 0.019466
v -0.076762 0.030391 0.023800
v -0.092452 -0.030349 0.023752
v -0.005467 0.051714 0.021948
v 0.015955 0.051656 0.028981
v 0.029406 -0.027240 0.023289
v -0.016509 -0.030913 0.022122
v -0.041447 0.032320 0.019249
v -0.041764 0.032964 0.019173
v -0.009378 -0.032751 0.027411
v -0.092412 0.032354 0.021065
v 0.002951 0.052184 0.021088
v 0.004048 -0.032618 0.025987
v 0.038348 0.023116 0.019683
v -0.041785 0.041716 0.024171
v -0.041556 0.031701 0.019510
v 0.038157 0.024138 0.036346
v 0.007565 0.061046 0.019848
v -0.007201 0.052241 0.019972
v 0.003950 -0.036931 0.020608
v -0.030459 -0.026186 0.022171
v -0.042398 0.031220 0.019893
v 0.034661 0.014001 0.024397
v -0.001269 0.059553 0.020075
v 0.001270 0.053779 0.020088
v 0.029484 -0.028859 0.019923
v 0.028389 -0.031020 0.020403
v 0.029461 -0.001836 0.023282
v 0.034120 0.004538 0.019825
v 0.038686 0.023856 0.020018
v -0.040859 0.041717 0.025106
v -0.032500 -0.029232 0.023905
v 0.031882 0.004236 0.023309
v -0.040821 0.032266 0.020304
v 0.028928 -0.031095 0.021475
v -0.037942 -0.028343 0.024245
v 0.030339 -0.016539 0.025094
v -0.059586 0.011944 0.022089
v -0.059544 0.018821 0.027180
v -0.059632 -0.011853 0.022144
v -0.074632 -0.011824 0.022144
v -0.074831 -0.024382 0.027935
v 0.035944 0.022160 0.023177
v -0.000204 0.061088 0.021274
v -0.027774 -0.027453 0.024271
v -0.032178 0.036667 0.024715
v 0.031881 -0.015966 0.023317
v -0.035125 0.041470 0.023611
v 0.033875 -0.005849 0.020505
v 0.031180 -0.006715 0.023614
v 0.030857 -0.001647 0.024488
v 0.031282 -0.010041 0.023870
v 0.031575 -0.011510 0.023516
v 0.032543 -0.033330 0.021916
v -0.001301 0.052396 0.021013
v -0.040827 0.028000 0.026291
v -0.011483 -0.032589 0.025910
v -0.010263 -0.033717 0.028637
v 0.027091 0.009768 0.026028
v -0.019079 0.061731 0.032266
v 0.005109 -0.028784 0.027032
v 0.000347 -0.036209 0.020795
v 0.028126 0.003101 0.024977
v -0.058791 -0.023478 0.025026
v 0.029113 -0.028386 0.021806
v 0.005301 -0.031014 0.028215
v -0.035739 0.054007 0.029874
v -0.037787 0.024988 0.024692
v -0.000483 0.061636 0.022543
v 0.032117 0.036746 0.024677
v 0.004252 -0.032615 0.027870
v 0.003807 -0.032809 0.028601
v 0.038503 0.041563 0.025109
v -0.057400 0.024074 0.025586
v -0.041499 0.028844 0.023572
v -0.053907 -0.024522 0.027259
v 0.027151 0.004967 0.025951
v -0.093797 -0.027094 0.026231
v -0.011614 0.061725 0.035727
v 0.008101 0.061689 0.036686
v -0.008967 0.051710 0.031772
v 0.005597 -0.033908 0.029586
v 0.005604 -0.028326 0.028127
v 0.005180 -0.028715 0.028211
v -0.030849 0.023129 0.026477
v 0.025298 0.047845 0.027793
v 0.027103 -0.011732 0.026035
v 0.036177 0.015179 0.027125
v -0.093692 0.027425 0.026013
v 0.027875 -0.009866 0.025103
v 0.038192 0.022182 0.028197
v 0.028336 -0.016663 0.024592
v 0.029109 -0.026704 0.023467
v -0.025834 0.047943 0.027288
v 0.005104 -0.028325 0.028645
v 0.030149 0.004623 0.025409
v -0.075421 0.027301 0.026107
v -0.001674 -0.033818 0.030243
v -0.031049 -0.022966 0.026154
v 0.034409 0.041318 0.024648
v 0.029035 0.003169 0.026328
v -0.074597 0.006593 0.024331
v -0.074634 0.011489 0.034624
v -0.059598 0.005849 0.024514
v -0.059622 -0.006462 0.024361
v -0.074620 -0.005717 0.024541
v -0.059561 -0.009766 0.031670
v 0.031888 0.041620 0.030119
v 0.033576 0.023938 0.028039
v -0.092453 0.027844 0.026712
v -0.076801 -0.029931 0.024296
v 0.032400 0.011601 0.023987
v 0.029424 -0.014865 0.025805
v 0.028688 -0.033437 0.023366
v 0.029815 -0.005505 0.025958
v -0.001939 0.051699 0.032995
v 0.006177 0.051682 0.032473
v -0.015769 -0.030991 0.024168
v 0.030029 -0.000660 0.025693
v -0.053901 0.023673 0.026069
v 0.029791 -0.011425 0.025840
v -0.009459 -0.032596 0.024564
v -0.012572 -0.028299 0.026097
v 0.037564 0.024938 0.024830
v -0.026629 0.053383 0.026478
v -0.040806 0.026877 0.029916
v -0.040575 0.041745 0.035885
v 0.027864 -0.009918 0.027604
v 0.036826 0.018830 0.026997
v 0.031920 0.013627 0.031286
v -0.001845 0.061710 0.037513
v -0.016008 -0.033707 0.025876
v -0.029748 -0.023733 0.023238
v 0.005763 -0.033406 0.029882
v -0.014461 -0.028290 0.027133
v -0.029568 0.005035 0.023627
v -0.029598 0.000104 0.023413
v -0.029568 0.003234 0.023589
v -0.029617 -0.004837 0.023313
v -0.029601 -0.001722 0.023441
v -0.029585 -0.009776 0.023471
v -0.029590 -0.006667 0.023609
v -0.029627 -0.014715 0.023447
v -0.029597 -0.011607 0.023624
v -0.029768 -0.018386 0.027941
v -0.029638 -0.016543 0.023372
v -0.033341 0.041627 0.026265
v -0.029576 0.009851 0.023550
v -0.016572 -0.028252 0.031323
v 0.025089 -0.028409 0.024599
v -0.042168 0.025783 0.026616
v 0.026973 -0.004911 0.026091
v -0.074731 0.022805 0.029105
v 0.032979 0.022592 0.027320
v -0.057491 -0.022899 0.026588
v -0.035915 0.054502 0.030447
v -0.033122 -0.029136 0.024569
v 0.023924 -0.027716 0.027602
v 0.026571 -0.006796 0.026544
v 0.028886 0.011110 0.027772
v -0.013165 -0.028823 0.024313
v -0.029599 0.004929 0.026129
v 0.024789 -0.026001 0.028218
v -0.008436 -0.028690 0.027548
v -0.035064 0.023792 0.025821
v -0.029593 0.000067 0.026344
v -0.029602 0.003369 0.026166
v -0.029612 -0.001553 0.026226
v -0.029630 -0.011582 0.025644
v -0.029641 -0.016473 0.026099
v -0.003749 -0.032603 0.026105
v 0.028879 0.003985 0.027134
v -0.003136 -0.032600 0.028159
v 0.024920 0.000059 0.028125
v -0.024746 -0.004779 0.028538
v 0.026198 -0.005060 0.029449
v 0.035669 0.024420 0.026760
v 0.028063 -0.016065 0.027863
v 0.030766 -0.015381 0.024881
v 0.027972 0.011999 0.029331
v 0.028572 0.036750 0.028751
v 0.029839 -0.006463 0.025959
v -0.074609 0.000082 0.025130
v -0.059609 0.000053 0.025130
v -0.074651 -0.005276 0.036226
v -0.037484 0.025396 0.025604
v 0.005144 -0.028321 0.030169
v 0.027625 -0.010707 0.028345
v -0.076663 0.025391 0.029032
v -0.092555 -0.025171 0.029148
v -0.076760 -0.024970 0.029347
v -0.023386 -0.027679 0.028229
v -0.028429 0.036886 0.028938
v -0.053815 0.022781 0.028635
v -0.025173 0.009986 0.029592
v -0.026884 0.003278 0.028814
v -0.036981 -0.023479 0.029075
v 0.035959 0.041572 0.028402
v -0.033639 0.023754 0.027587
v -0.023438 -0.004812 0.031650
v 0.024995 -0.001866 0.028010
v -0.024825 0.009809 0.028283
v -0.025265 0.000157 0.027983
v -0.025301 -0.009725 0.027991
v -0.025312 -0.014665 0.028001
v -0.005045 -0.028761 0.027210
v -0.059149 -0.017720 0.028967
v -0.029587 0.010843 0.026736
v -0.029617 -0.006519 0.026200
v -0.029630 -0.011237 0.026340
v 0.037600 0.047849 0.039960
v -0.009905 -0.030936 0.025883
v -0.026199 -0.025892 0.027246
v -0.029576 0.017219 0.030644
v -0.029604 -0.009939 0.026389
v -0.012283 -0.032447 0.026348
v -0.026332 -0.001676 0.029306
v -0.006447 -0.028302 0.028494
v -0.058710 0.018212 0.029093
v 0.023166 -0.016698 0.029636
v -0.022793 0.053679 0.029824
v -0.037589 0.047994 0.039956
v -0.022804 -0.001790 0.030173
v 0.027698 -0.000042 0.027952
v 0.022987 -0.014733 0.029763
v 0.022945 -0.009793 0.029793
v -0.036376 0.025041 0.027003
v 0.035661 0.025046 0.027372
v -0.057550 -0.018554 0.029813
v -0.027720 -0.025202 0.029503
v -0.026386 -0.011477 0.029530
v -0.029620 -0.005022 0.026292
v -0.029626 -0.014877 0.026349
v -0.026755 0.004361 0.029411
v -0.057399 0.019857 0.028934
v -0.002994 -0.030963 0.027457
v 0.024317 -0.001692 0.031018
v -0.029185 0.041443 0.030671
v -0.007759 -0.030993 0.027775
v 0.023270 -0.016647 0.031487
v -0.028762 0.054000 0.036282
v 0.026029 0.003683 0.029778
v -0.029568 0.021403 0.027830
v -0.033241 0.022402 0.027132
v 0.024986 -0.015970 0.030808
v -0.005944 -0.028304 0.028104
v 0.027412 -0.000962 0.028607
v -0.093787 -0.021664 0.030899
v 0.025294 -0.011592 0.030214
v -0.022744 -0.006553 0.032421
v -0.028123 -0.025012 0.030098
v -0.041404 0.024497 0.028193
v -0.022341 0.005066 0.032455
v -0.024535 -0.014850 0.031121
v -0.031805 0.041711 0.030129
v -0.036285 0.041714 0.028547
v 0.019370 0.009851 0.034037
v 0.001541 -0.028762 0.027479
v 0.003952 -0.030957 0.027291
v -0.025609 -0.005367 0.030403
v -0.026568 -0.006122 0.029505
v 0.029678 0.012936 0.030100
v -0.000456 -0.031029 0.028758
v -0.000250 -0.028566 0.028814
v 0.021647 -0.004835 0.030798
v -0.029567 0.012197 0.027937
v -0.053828 0.016521 0.032763
v -0.034647 0.025154 0.028274
v 0.026811 0.041347 0.032790
v 0.033289 0.016305 0.031020
v -0.021738 0.003135 0.030830
v -0.021749 -0.006746 0.030858
v -0.021766 -0.011685 0.030864
v -0.020098 0.005143 0.032018
v 0.026351 0.010336 0.029418
v 0.022354 0.009663 0.030142
v 0.021153 0.005050 0.031090
v -0.007333 -0.028298 0.029743
v 0.030439 0.024404 0.030164
v -0.033192 0.024386 0.028525
v 0.033688 0.024896 0.028508
v -0.033478 0.061549 0.032757
v -0.028544 0.061606 0.036551
v -0.000410 -0.032687 0.028964
v -0.020434 -0.026019 0.031718
v -0.023773 -0.009795 0.031679
v -0.026936 -0.016448 0.029045
v 0.031364 0.024478 0.029421
v -0.023149 -0.016219 0.032307
v -0.075068 0.018616 0.032458
v 0.020855 -0.006831 0.031279
v 0.020828 -0.011771 0.031295
v 0.020851 0.003049 0.031265
v 0.024596 -0.014806 0.030669
v -0.057497 0.015427 0.031537
v 0.025549 0.004933 0.029921
v 0.020765 -0.026308 0.031210
v 0.024126 -0.006378 0.031321
v 0.023655 0.004358 0.031690
v -0.042317 0.020052 0.031168
v -0.053895 -0.018524 0.031589
v -0.019623 0.009671 0.032167
v -0.005376 -0.033610 0.029903
v 0.023897 -0.010120 0.031407
v 0.022099 -0.000015 0.032666
v 0.020355 -0.001894 0.031606
v -0.030753 0.024840 0.030004
v -0.024081 0.036856 0.032675
v -0.025616 -0.000368 0.030426
v -0.023495 -0.011035 0.032080
v 0.037002 0.022851 0.035842
v -0.022195 0.003269 0.032741
v -0.023936 -0.016605 0.029254
v -0.018201 0.000214 0.033070
v -0.018217 -0.009662 0.033095
v -0.018227 -0.014608 0.033106
v -0.041310 0.020385 0.031399
v 0.016866 0.047875 0.033593
v -0.019041 -0.027486 0.031642
v 0.004561 -0.028291 0.035143
v -0.059011 0.010287 0.032548
v -0.058768 -0.011758 0.032265
v -0.019106 0.047941 0.032298
v -0.053956 -0.019297 0.029643
v 0.030244 0.024591 0.030379
v -0.093708 0.019025 0.032674
v -0.075510 -0.018788 0.032760
v 0.034818 0.020865 0.033595
v 0.032775 0.018536 0.033141
v -0.040725 0.020363 0.032605
v -0.022791 0.061246 0.029838
v -0.001557 -0.028307 0.030612
v -0.007112 -0.028194 0.035028
v -0.076735 0.020880 0.032421
v -0.092544 -0.019223 0.033398
v -0.022112 0.012405 0.034201
v 0.001018 -0.033330 0.030409
v 0.029977 0.041596 0.031992
v -0.026765 0.022746 0.033660
v -0.024403 -0.001203 0.031390
v -0.023763 0.004492 0.031771
v -0.029998 0.041712 0.032233
v -0.038695 0.017193 0.036321
v -0.092366 0.022180 0.031647
v -0.076748 -0.018989 0.033550
v 0.022935 0.036769 0.033478
v -0.037057 -0.018505 0.032400
v -0.057480 -0.013934 0.032222
v 0.016572 -0.001857 0.035603
v -0.019878 -0.001752 0.033950
v -0.023571 0.054010 0.030369
v -0.029427 0.024608 0.031492
v 0.030132 0.024574 0.030492
v 0.029924 0.024595 0.030722
v 0.021796 0.003192 0.032858
v 0.023502 0.011198 0.037454
v 0.019624 -0.004866 0.034021
v -0.028240 0.054516 0.036612
v -0.024045 0.010792 0.032007
v 0.029609 0.024660 0.031118
v 0.016061 -0.027782 0.032857
v 0.017192 0.009544 0.033406
v 0.021355 -0.015355 0.033335
v 0.021354 -0.010353 0.033332
v 0.021381 -0.011249 0.033306
v 0.021145 0.011747 0.034615
v -0.053930 0.016297 0.031327
v 0.029279 0.024438 0.031508
v -0.017821 0.009836 0.034771
v 0.016309 -0.025946 0.033916
v -0.075091 -0.013133 0.035010
v -0.016549 -0.004708 0.033942
v -0.023530 -0.021750 0.033162
v -0.020223 -0.005169 0.034174
v -0.023759 -0.010231 0.031914
v -0.053952 -0.011762 0.033268
v -0.020668 0.000095 0.033509
v -0.041909 0.015470 0.033790
v -0.025545 -0.022594 0.032685
v -0.094429 -0.017556 0.032644
v 0.024333 0.011394 0.034518
v -0.040952 0.018239 0.033211
v -0.028880 0.024408 0.032306
v -0.059558 0.002150 0.033152
v 0.028755 0.024230 0.032260
v -0.053883 -0.012160 0.034635
v -0.013776 0.005160 0.036855
v 0.016982 -0.009720 0.033541
v 0.016999 -0.014660 0.033539
v 0.017141 -0.016731 0.033493
v -0.025097 0.041639 0.034440
v -0.016559 -0.016672 0.033923
v -0.057519 -0.006869 0.034519
v 0.013676 -0.004743 0.035110
v -0.003842 0.044456 0.032820
v -0.006795 0.041244 0.032339
v -0.007551 0.038295 0.032174
v 0.007475 0.038386 0.032176
v 0.006376 0.041999 0.032415
v -0.076681 0.016220 0.035007
v -0.057535 0.009063 0.033940
v -0.037163 -0.013923 0.034635
v 0.019270 0.004938 0.034418
v 0.027248 0.023256 0.033477
v 0.030658 0.015636 0.033467
v -0.058755 -0.005048 0.033973
v 0.006254 0.047925 0.046611
v -0.092413 0.016142 0.035068
v 0.019324 -0.001404 0.034530
v -0.018309 -0.011321 0.035237
v 0.018732 -0.016536 0.034731
v 0.007391 0.036841 0.039879
v 0.007421 0.039210 0.040750
v -0.007672 0.037398 0.040013
v 0.018283 -0.014987 0.035048
v 0.020305 -0.006712 0.033797
v -0.029609 0.061262 0.036469
v -0.018721 0.000101 0.034866
v 0.017862 -0.001054 0.035462
v -0.012514 0.047936 0.035462
v -0.020161 -0.015249 0.034233
v 0.006524 0.041575 0.041994
v -0.006650 0.041530 0.041906
v -0.053993 0.006942 0.034567
v 0.007419 -0.027605 0.036026
v -0.093905 0.013077 0.035333
v 0.005232 0.043348 0.046863
v -0.028807 0.041718 0.035838
v -0.016962 0.041717 0.040421
v -0.029535 0.054510 0.036543
v -0.004767 0.043964 0.046915
v 0.003562 0.044511 0.032838
v -0.053845 0.007204 0.035986
v 0.027704 0.024134 0.034238
v 0.012480 -0.006877 0.035610
v 0.012471 -0.011818 0.035623
v 0.012688 0.003005 0.035508
v 0.000233 0.045480 0.033048
v 0.013096 0.005145 0.035317
v -0.013342 -0.001883 0.035320
v -0.017999 -0.001687 0.035199
v -0.013835 0.003062 0.035109
v -0.013859 -0.006819 0.035129
v -0.013864 -0.011758 0.035143
v 0.002355 0.045135 0.047050
v -0.075450 0.012365 0.035717
v -0.015154 -0.004878 0.036507
v -0.000725 0.045436 0.047088
v 0.012333 -0.001938 0.035621
v 0.016797 0.000150 0.033730
v -0.027942 0.024218 0.033982
v -0.019029 0.003518 0.034785
v 0.027970 0.013193 0.035241
v 0.026616 0.022787 0.033690
v 0.027858 0.025109 0.035296
v -0.018574 -0.016889 0.037595
v -0.016897 -0.016606 0.035552
v 0.028799 0.041606 0.035713
v -0.018449 -0.006366 0.035114
v -0.058742 0.001867 0.034295
v -0.016092 -0.010173 0.036362
v -0.012271 0.009472 0.035592
v -0.039425 0.013588 0.035576
v 0.009940 0.000085 0.038238
v -0.019110 0.011192 0.035477
v -0.018470 -0.017689 0.036513
v 0.020384 -0.005433 0.034019
v 0.016293 -0.009766 0.035814
v -0.092491 -0.012815 0.036411
v -0.093768 -0.012115 0.035773
v 0.033216 0.021018 0.035252
v -0.017807 0.036992 0.036519
v 0.017171 -0.011609 0.035529
v 0.016419 -0.010235 0.036041
v 0.017246 0.004161 0.035682
v 0.011661 -0.016762 0.035816
v -0.040575 0.010605 0.035613
v -0.010710 0.005216 0.036184
v -0.014715 -0.009733 0.036616
v 0.015695 0.003113 0.036104
v -0.076803 -0.014180 0.035846
v -0.013941 -0.025974 0.035077
v -0.016323 -0.011687 0.035862
v 0.010087 -0.011769 0.038096
v 0.009925 -0.026074 0.036284
v 0.027013 0.018864 0.036988
v 0.011362 -0.014596 0.035893
v 0.013425 -0.014757 0.037129
v 0.011309 -0.009655 0.035902
v -0.057486 0.001379 0.035130
v 0.007787 0.009281 0.036965
v 0.027954 0.020860 0.037551
v -0.018564 0.004621 0.035115
v 0.007182 0.047901 0.036903
v -0.017831 -0.014764 0.035321
v 0.019419 0.041512 0.037695
v -0.028084 0.025138 0.035059
v 0.009381 -0.016727 0.038323
v -0.006691 0.047949 0.046558
v 0.014027 0.010188 0.037162
v -0.009095 -0.027507 0.035781
v -0.053918 -0.002820 0.035224
v -0.014945 -0.006779 0.036365
v -0.011353 -0.016721 0.035974
v -0.007584 0.000294 0.037015
v -0.010809 -0.009606 0.036133
v -0.010818 -0.014547 0.036144
v -0.008072 -0.014604 0.038770
v 0.016636 0.036781 0.036988
v -0.026216 0.041718 0.038299
v 0.013720 -0.004884 0.037012
v -0.037169 -0.008634 0.036287
v 0.013831 -0.000246 0.037090
v 0.014215 -0.006360 0.036966
v 0.014048 -0.016130 0.037068
v -0.076754 0.010938 0.036987
v -0.020394 0.022576 0.037751
v -0.008280 -0.004649 0.036793
v -0.012933 0.003407 0.037484
v 0.025605 0.012261 0.036881
v -0.053865 -0.002394 0.036623
v -0.007074 -0.026037 0.037028
v -0.000265 -0.027635 0.036694
v -0.014498 -0.001349 0.036917
v -0.015907 -0.016359 0.036390
v -0.012927 -0.006219 0.037574
v -0.014383 0.011254 0.037851
v -0.026848 0.024979 0.036446
v -0.092489 0.009062 0.037513
v -0.075094 0.005268 0.037052
v 0.007142 0.005158 0.038575
v 0.007393 0.000266 0.036925
v -0.021251 0.024010 0.038323
v -0.094076 -0.003148 0.037427
v 0.014097 0.041613 0.040414
v -0.011934 -0.011605 0.040898
v -0.011028 0.009840 0.037652
v -0.006471 0.000253 0.038764
v 0.026376 0.041617 0.038211
v 0.021430 0.023966 0.038224
v -0.014415 0.041482 0.039992
v 0.008705 -0.001892 0.038262
v -0.010319 -0.001725 0.038158
v 0.018931 0.009319 0.037635
v -0.038855 0.007008 0.036642
v 0.003991 -0.004647 0.037502
v -0.093734 0.005571 0.037390
v -0.075472 -0.003559 0.037687
v -0.036352 -0.002974 0.037308
v 0.004904 -0.025992 0.037311
v 0.026090 0.025157 0.037119
v -0.012118 -0.011326 0.037812
v -0.013272 0.004746 0.037349
v -0.012750 -0.015088 0.037611
v 0.009143 -0.001324 0.038647
v 0.029109 0.022879 0.038632
v -0.039637 0.041749 0.038186
v 0.012870 0.003527 0.037420
v -0.037301 0.008521 0.037423
v -0.037115 0.000261 0.037338
v -0.002665 0.047921 0.037496
v -0.076691 0.003871 0.038456
v -0.092517 -0.005477 0.038182
v 0.011425 -0.011206 0.037966
v -0.005150 0.002980 0.037347
v -0.004342 -0.006918 0.037504
v -0.005179 -0.011840 0.037381
v -0.011633 -0.016051 0.037976
v 0.011180 -0.010173 0.038013
v 0.003912 -0.009564 0.037521
v 0.003896 -0.014502 0.037538
v 0.012444 0.004763 0.037599
v -0.004334 -0.016803 0.037515
v 0.036114 0.023378 0.037687
v 0.010451 -0.005039 0.038166
v 0.006024 0.005220 0.037132
v -0.004341 -0.001958 0.037431
v 0.003370 -0.002151 0.037495
v -0.005100 -0.009571 0.037374
v -0.005109 -0.014511 0.037385
v 0.004414 -0.016802 0.037422
v -0.024122 0.024630 0.037696
v 0.004184 0.002953 0.037442
v 0.005102 -0.006919 0.037321
v 0.004115 -0.011868 0.037489
v -0.000291 -0.025976 0.037696
v -0.036684 0.002439 0.037460
v 0.018201 0.022585 0.038922
v -0.025143 0.025550 0.037772
v -0.011441 -0.005172 0.037987
v 0.002391 0.002960 0.038993
v -0.005671 0.009222 0.037239
v -0.012791 -0.000208 0.037611
v 0.008184 0.010063 0.038794
v -0.000749 0.005284 0.037694
v -0.006088 0.003042 0.038910
v -0.004629 -0.011826 0.039077
v -0.003386 -0.002457 0.037496
v 0.037381 0.025034 0.038178
v 0.003181 -0.004067 0.037496
v -0.003588 -0.004420 0.037479
v -0.038424 0.041749 0.039460
v 0.039368 0.041597 0.038488
v -0.000516 0.009138 0.037629
v -0.009975 0.004675 0.038390
v -0.000097 0.047938 0.047036
v 0.001652 0.005174 0.039333
v 0.010072 -0.006786 0.038149
v 0.007401 -0.005343 0.038993
v -0.017230 0.022676 0.039336
v 0.001055 0.000336 0.037637
v -0.006978 -0.006818 0.043156
v 0.025757 0.025077 0.037432
v -0.003769 -0.001962 0.039158
v 0.010120 -0.015227 0.038309
v -0.012140 0.036871 0.038702
v 0.003537 -0.004595 0.039080
v 0.008614 -0.006226 0.038675
v 0.003426 -0.002076 0.039036
v 0.007001 0.003391 0.039020
v -0.003847 -0.004637 0.039121
v -0.003401 -0.004036 0.039072
v 0.003149 -0.003949 0.039043
v -0.003297 -0.002624 0.039436
v 0.008384 -0.016441 0.038698
v 0.003067 -0.002692 0.039432
v 0.005468 -0.009593 0.038845
v -0.036703 0.041749 0.040347
v -0.092436 0.003804 0.038385
v -0.076743 -0.006544 0.038101
v 0.038212 0.026846 0.038224
v 0.003474 -0.014541 0.039149
v -0.000043 -0.006830 0.039599
v -0.007368 -0.016617 0.038876
v -0.008327 -0.009721 0.038629
v -0.011402 -0.012063 0.039628
v -0.092487 -0.000008 0.038549
v -0.008517 -0.014873 0.038717
v -0.005553 0.009827 0.039015
v 0.011382 0.036815 0.038907
v 0.012034 0.041258 0.040489
v 0.023535 0.019871 0.039077
v 0.020441 0.024266 0.038730
v 0.020933 0.010925 0.039699
v 0.012189 0.011862 0.038773
v -0.005540 -0.006764 0.039022
v -0.003228 -0.001608 0.039532
v 0.005172 -0.014997 0.039332
v 0.005954 -0.010193 0.039218
v 0.005978 0.004638 0.039184
v -0.004624 -0.011433 0.039435
v -0.008217 -0.004819 0.038690
v -0.006161 0.003499 0.039177
v 0.036181 0.025863 0.039197
v -0.005906 -0.000353 0.039236
v -0.004892 0.004890 0.039329
v -0.005765 -0.010192 0.039288
v 0.023579 0.023940 0.040846
v 0.016963 0.041640 0.040413
v -0.007703 0.010830 0.039607
v -0.007028 0.011760 0.040049
v 0.002986 -0.000126 0.039517
v 0.003061 -0.004932 0.039469
v 0.000896 0.009551 0.039381
v 0.002943 -0.001628 0.039472
v -0.007594 -0.006493 0.038976
v 0.002527 -0.006376 0.039591
v 0.013099 0.006455 0.039899
v 0.012595 0.006273 0.042054
v -0.006530 0.041694 0.043288
v 0.037521 0.041604 0.040040
v -0.003508 -0.015089 0.039557
v 0.003189 -0.016324 0.039533
v 0.004457 -0.011513 0.039413
v 0.004779 0.011605 0.040331
v -0.003307 -0.005001 0.039480
v 0.013118 0.025881 0.044087
v -0.001133 -0.016568 0.039581
v -0.003761 -0.004541 0.039131
v -0.003691 -0.004555 0.039211
v 0.003166 -0.004101 0.039353
v -0.001520 -0.006678 0.039487
v -0.003404 -0.004359 0.039408
v -0.003364 -0.003923 0.039424
v 0.003117 -0.004001 0.039466
v -0.003343 -0.003870 0.039507
v -0.003359 -0.003728 0.039420
v -0.002531 -0.016146 0.039618
v -0.000196 -0.014862 0.039617
v -0.000114 0.000172 0.039506
v 0.018535 0.023146 0.041903
v 0.000070 -0.009938 0.039646
v -0.000093 0.004630 0.039651
v 0.001207 -0.006515 0.039606
v 0.000649 -0.006860 0.039426
v -0.000109 0.003268 0.039599
v 0.003078 -0.004110 0.039500
v 0.003086 -0.004401 0.039458
v 0.003054 -0.004499 0.039470
v -0.002143 -0.006279 0.039590
v -0.001450 -0.000460 0.039601
v 0.003035 -0.004314 0.039513
v 0.001274 -0.006665 0.039492
v 0.002992 -0.004432 0.039517
v 0.001284 -0.006581 0.039549
v -0.001531 -0.006532 0.039572
v 0.001381 -0.006545 0.039553
v -0.001824 -0.006333 0.039591
v -0.001533 -0.006434 0.039607
v -0.000481 -0.000292 0.039624
v -0.000110 -0.000269 0.039630
v 0.000260 -0.000302 0.039621
v -0.006265 -0.007650 0.042381
v -0.000923 0.011438 0.040558
v 0.017006 0.008979 0.041329
v 0.008116 0.041663 0.043019
v -0.009870 0.041697 0.042663
v -0.006918 0.034733 0.042892
v -0.003985 0.031449 0.043109
v -0.000599 -0.003196 0.041589
v 0.007756 0.003216 0.041127
v 0.006480 0.041675 0.046712
v -0.009780 0.041704 0.046012
v -0.006523 0.041701 0.046740
v 0.009150 0.041668 0.046130
v 0.005182 0.001468 0.043143
v 0.003301 0.031085 0.043136
v 0.006111 0.033570 0.042941
v 0.007214 0.035919 0.042887
v -0.000416 0.030402 0.043224
v 0.011145 0.006332 0.043271
v 0.006483 0.041632 0.043295
v -0.007549 0.038870 0.042992
v -0.004247 -0.005095 0.043600
v 0.007234 0.035953 0.046077
v 0.007438 0.039194 0.043017
v -0.007443 0.036100 0.046067
v 0.005335 0.032492 0.046098
v -0.005164 0.032374 0.046126
v 0.007440 0.039159 0.046266
v -0.007325 0.039837 0.046338
v 0.000244 -0.002000 0.043725
v -0.001243 0.030455 0.046270
v 0.002100 0.030716 0.046247
v 0.002778 0.000895 0.044207
f 4 3 2
f 3 10 2
f 5 1 2
f 10 5 2
f 1 6 2
f 4 7 3
f 7 8 3
f 6 9 2
f 9 4 2
f 11 63 10
f 63 5 10
f 6 12 9
f 12 13 9
f 13 21 9
f 21 14 9
f 14 4 9
f 3 15 10
f 15 11 10
f 16 7 4
f 17 18 15
f 18 11 15
f 19 14 21
f 13 20 21
f 22 11 18
f 28 25 23
f 24 40 23
f 26 28 23
f 40 26 23
f 27 24 23
f 25 27 23
f 29 30 14
f 30 4 14
f 19 29 14
f 31 17 15
f 3 31 15
f 20 32 21
f 32 19 21
f 39 24 27
f 33 28 26
f 34 22 18
f 39 27 18
f 17 39 18
f 27 34 18
f 25 34 27
f 35 19 32
f 32 33 26
f 35 32 26
f 40 35 26
f 20 33 32
f 41 39 17
f 30 74 4
f 74 16 4
f 8 36 3
f 36 37 3
f 37 31 3
f 35 29 19
f 31 38 17
f 38 41 17
f 50 39 41
f 39 40 24
f 42 40 39
f 12 51 13
f 43 58 11
f 51 20 13
f 55 50 41
f 47 42 39
f 54 40 42
f 22 43 11
f 44 45 28
f 45 25 28
f 45 46 25
f 22 46 43
f 33 44 28
f 46 34 25
f 34 46 22
f 20 44 33
f 51 44 20
f 40 48 35
f 48 49 35
f 50 47 39
f 52 44 51
f 46 45 47
f 38 168 41
f 47 54 42
f 6 53 12
f 54 48 40
f 58 56 11
f 44 54 47
f 45 44 47
f 53 57 12
f 49 29 35
f 59 58 43
f 46 59 43
f 50 46 47
f 241 50 55
f 195 49 48
f 56 82 11
f 82 63 11
f 89 52 51
f 57 62 12
f 61 55 41
f 53 64 57
f 64 60 57
f 60 62 57
f 65 46 50
f 66 82 56
f 72 67 68
f 69 72 68
f 76 69 68
f 70 68 67
f 71 84 67
f 72 71 67
f 12 62 51
f 69 73 72
f 70 76 68
f 49 75 29
f 168 61 41
f 84 77 67
f 62 217 51
f 78 79 58
f 80 78 58
f 59 80 58
f 73 71 72
f 52 48 54
f 91 67 77
f 83 76 70
f 67 90 70
f 36 293 37
f 44 52 54
f 91 90 67
f 66 84 71
f 85 83 70
f 82 66 71
f 86 87 71
f 87 82 71
f 73 86 71
f 37 38 31
f 90 88 70
f 60 85 70
f 88 60 70
f 87 63 82
f 64 85 60
f 212 89 51
f 217 212 51
f 65 59 46
f 88 62 60
f 84 92 77
f 94 93 147
f 93 97 147
f 97 98 147
f 99 100 147
f 100 94 147
f 101 98 97
f 102 103 97
f 103 101 97
f 100 104 94
f 111 110 120
f 110 151 120
f 142 113 121
f 101 105 98
f 105 106 98
f 106 107 98
f 107 108 98
f 102 101 103
f 75 109 29
f 129 55 61
f 105 101 103
f 102 105 103
f 97 105 102
f 112 142 121
f 142 186 113
f 95 114 96
f 96 143 95
f 97 117 105
f 117 118 105
f 119 94 104
f 93 117 97
f 128 116 98
f 115 139 147
f 108 128 98
f 118 123 105
f 124 104 100
f 124 119 104
f 117 125 118
f 126 119 104
f 108 127 128
f 93 125 117
f 93 94 119
f 126 93 119
f 122 124 100
f 124 126 119
f 123 146 105
f 107 192 108
f 117 123 118
f 125 123 117
f 127 108 128
f 135 30 29
f 109 135 29
f 93 123 125
f 124 93 126
f 136 133 95
f 99 137 100
f 108 138 128
f 139 99 147
f 137 122 100
f 138 141 128
f 105 194 106
f 116 214 98
f 141 144 128
f 145 186 142
f 138 144 141
f 146 194 105
f 134 143 96
f 128 170 116
f 148 74 30
f 135 148 30
f 130 151 110
f 108 141 138
f 139 132 99
f 190 110 111
f 214 147 98
f 79 56 58
f 156 144 141
f 156 128 144
f 149 170 128
f 108 156 141
f 96 114 134
f 284 124 122
f 156 149 128
f 189 156 108
f 194 152 106
f 153 132 139
f 154 123 93
f 124 154 93
f 91 155 90
f 66 242 84
f 150 159 106
f 120 157 111
f 149 158 170
f 159 107 106
f 161 153 139
f 189 149 156
f 137 162 122
f 153 161 132
f 161 163 153
f 158 164 170
f 139 163 161
f 170 214 116
f 149 164 158
f 139 165 163
f 166 170 164
f 158 166 164
f 166 167 170
f 246 165 139
f 193 112 121
f 163 132 161
f 149 166 164
f 160 115 147
f 143 136 95
f 242 92 84
f 75 169 109
f 224 38 37
f 152 150 106
f 165 132 163
f 171 172 121
f 241 81 50
f 175 176 147
f 151 177 120
f 173 178 110
f 209 179 140
f 215 180 145
f 142 281 145
f 179 120 140
f 174 134 114
f 167 166 149
f 92 181 77
f 95 182 114
f 197 133 136
f 176 160 147
f 178 130 110
f 133 182 95
f 216 197 136
f 210 174 114
f 203 154 124
f 246 139 115
f 177 140 120
f 62 184 217
f 181 91 77
f 132 191 99
f 112 227 142
f 157 190 111
f 159 192 107
f 131 137 99
f 165 191 132
f 189 167 149
f 150 192 159
f 113 240 121
f 214 175 147
f 281 215 145
f 331 216 136
f 134 185 143
f 196 110 190
f 227 281 142
f 331 136 143
f 293 188 37
f 154 146 123
f 172 193 121
f 177 209 140
f 284 203 124
f 224 168 38
f 218 199 200
f 205 200 199
f 201 52 89
f 65 183 59
f 129 241 55
f 182 210 114
f 348 66 56
f 202 165 246
f 258 192 150
f 307 186 145
f 189 204 167
f 204 170 167
f 269 198 90
f 152 258 150
f 131 162 137
f 183 80 59
f 52 206 48
f 188 224 37
f 240 113 186
f 212 201 89
f 207 214 170
f 208 205 199
f 187 182 133
f 211 177 151
f 213 200 205
f 219 218 200
f 274 173 110
f 371 284 122
f 336 207 170
f 192 189 108
f 191 131 99
f 162 371 122
f 155 269 90
f 130 211 151
f 325 152 194
f 202 191 165
f 235 213 205
f 131 220 162
f 180 307 145
f 198 88 90
f 221 155 91
f 146 222 194
f 240 171 121
f 81 65 50
f 221 91 181
f 213 256 200
f 154 223 146
f 223 222 146
f 206 52 201
f 212 360 201
f 225 190 157
f 193 227 112
f 200 226 219
f 196 274 110
f 282 331 143
f 197 309 133
f 206 195 48
f 204 336 170
f 222 325 194
f 228 7 229
f 405 637 229
f 637 228 229
f 228 8 7
f 221 178 173
f 176 175 209
f 175 179 209
f 180 215 154
f 171 197 172
f 230 174 231
f 181 178 221
f 232 80 183
f 92 233 181
f 235 205 208
f 216 172 197
f 236 79 78
f 80 236 78
f 256 226 200
f 88 238 62
f 154 203 180
f 180 239 307
f 210 231 174
f 192 204 189
f 202 131 191
f 258 204 192
f 307 240 186
f 348 242 66
f 279 246 115
f 198 238 88
f 234 218 219
f 160 244 115
f 245 405 229
f 7 16 229
f 16 245 229
f 309 187 133
f 176 244 160
f 247 230 231
f 210 268 231
f 130 243 211
f 199 283 208
f 268 247 231
f 79 384 56
f 179 248 120
f 248 157 120
f 172 249 193
f 249 250 193
f 174 251 134
f 282 143 185
f 323 282 185
f 252 168 224
f 168 237 61
f 253 74 148
f 254 75 49
f 262 174 230
f 336 214 207
f 255 199 218
f 326 255 218
f 254 257 75
f 134 323 185
f 225 196 190
f 202 220 131
f 221 259 155
f 274 221 173
f 204 260 336
f 215 223 154
f 261 169 75
f 247 262 230
f 178 263 130
f 263 243 130
f 80 232 236
f 195 264 49
f 264 254 49
f 271 261 75
f 184 270 217
f 270 212 217
f 274 259 221
f 171 309 197
f 233 178 181
f 344 326 218
f 255 283 199
f 235 306 213
f 272 184 62
f 237 129 61
f 273 257 254
f 239 180 203
f 453 195 206
f 428 215 281
f 275 216 331
f 430 175 214
f 361 430 214
f 283 235 208
f 226 234 219
f 384 348 56
f 307 276 240
f 278 277 266
f 265 278 266
f 277 267 266
f 338 360 212
f 183 324 232
f 244 279 115
f 280 177 211
f 193 281 227
f 243 280 211
f 271 75 257
f 264 334 254
f 334 273 254
f 386 258 152
f 238 272 62
f 336 285 214
f 251 174 262
f 302 371 162
f 286 148 135
f 287 286 135
f 109 287 135
f 289 242 348
f 291 292 148
f 292 253 148
f 286 291 148
f 293 294 188
f 294 288 188
f 169 295 109
f 295 287 109
f 288 296 188
f 296 224 188
f 285 361 214
f 259 269 155
f 420 8 228
f 637 420 228
f 420 36 8
f 267 298 266
f 299 265 266
f 298 299 266
f 299 406 265
f 304 338 212
f 301 203 284
f 330 237 168
f 300 241 129
f 289 353 242
f 175 248 179
f 216 249 172
f 303 278 265
f 304 212 270
f 268 305 247
f 305 297 247
f 234 344 218
f 296 313 224
f 386 152 325
f 252 330 168
f 426 171 240
f 308 298 267
f 277 308 267
f 406 303 265
f 258 260 204
f 290 310 182
f 310 210 182
f 297 262 247
f 311 209 177
f 364 268 210
f 248 322 157
f 251 312 134
f 223 412 222
f 261 368 169
f 233 263 178
f 315 316 226
f 317 1106 226
f 316 318 226
f 1293 319 226
f 318 320 226
f 319 2085 226
f 320 317 226
f 1106 392 226
f 392 234 226
f 2085 315 226
f 283 321 235
f 353 92 242
f 322 225 157
f 362 281 193
f 360 411 201
f 412 325 222
f 327 283 255
f 306 328 213
f 321 329 235
f 329 306 235
f 313 330 224
f 430 248 175
f 428 223 215
f 275 249 216
f 332 391 257
f 391 271 257
f 273 333 257
f 333 332 257
f 330 252 224
f 327 255 326
f 213 399 256
f 328 399 213
f 335 324 183
f 250 362 193
f 312 323 134
f 368 295 169
f 176 337 244
f 237 300 129
f 271 391 261
f 65 335 183
f 339 182 187
f 399 226 256
f 220 340 162
f 340 302 162
f 244 341 279
f 352 273 342
f 324 372 232
f 343 251 262
f 280 311 177
f 364 346 268
f 341 246 279
f 411 206 201
f 301 239 203
f 426 309 171
f 311 176 209
f 347 198 269
f 225 274 196
f 381 428 281
f 393 321 283
f 345 1293 226
f 311 337 176
f 370 343 262
f 260 407 336
f 300 422 241
f 350 258 386
f 351 342 273
f 334 351 273
f 422 81 241
f 16 74 245
f 310 364 210
f 322 354 225
f 355 352 342
f 351 355 342
f 357 356 297
f 358 286 287
f 359 358 287
f 295 359 287
f 353 289 348
f 352 333 273
f 346 305 268
f 379 333 352
f 363 237 330
f 238 365 272
f 232 372 236
f 392 344 234
f 314 393 283
f 366 92 353
f 341 202 246
f 355 367 352
f 184 452 270
f 340 220 202
f 385 379 352
f 347 238 198
f 366 369 92
f 369 233 92
f 344 439 326
f 297 370 262
f 270 411 304
f 446 625 206
f 457 240 276
f 453 264 195
f 307 457 276
f 499 311 280
f 452 411 270
f 368 261 391
f 347 365 238
f 290 182 339
f 453 373 264
f 373 443 264
f 443 334 264
f 367 385 352
f 305 357 297
f 350 260 258
f 376 371 302
f 349 377 243
f 327 397 283
f 243 375 280
f 304 411 338
f 625 453 206
f 378 331 282
f 446 206 411
f 334 380 351
f 362 381 281
f 323 378 282
f 312 378 323
f 382 79 236
f 372 382 236
f 336 361 285
f 382 383 79
f 356 370 297
f 457 426 240
f 383 384 79
f 397 314 283
f 377 375 243
f 309 339 187
f 337 374 244
f 387 202 341
f 263 349 243
f 363 300 237
f 65 459 335
f 388 1 389
f 390 645 389
f 645 388 389
f 324 335 372
f 369 263 233
f 5 389 1
f 329 477 306
f 388 6 1
f 399 345 226
f 387 340 202
f 311 499 337
f 426 394 309
f 394 339 309
f 301 395 239
f 395 307 239
f 354 274 225
f 396 348 384
f 63 389 5
f 407 361 336
f 459 65 81
f 388 53 6
f 397 327 326
f 398 397 326
f 418 399 328
f 330 400 363
f 401 184 272
f 402 83 85
f 1236 402 85
f 468 1236 85
f 86 403 87
f 404 346 364
f 308 405 245
f 298 308 245
f 74 406 245
f 406 298 245
f 310 404 364
f 356 408 370
f 412 409 325
f 388 64 53
f 409 386 325
f 403 63 87
f 244 413 341
f 335 414 372
f 64 468 85
f 403 389 63
f 388 468 64
f 374 413 244
f 513 347 269
f 411 360 338
f 505 457 307
f 404 417 346
f 416 371 376
f 439 398 326
f 306 418 328
f 355 419 367
f 637 421 420
f 416 284 371
f 415 290 339
f 464 415 339
f 419 385 367
f 423 419 355
f 396 353 348
f 260 424 407
f 443 380 334
f 425 280 375
f 427 274 354
f 429 275 331
f 359 295 368
f 223 431 412
f 432 468 388
f 645 432 388
f 433 434 389
f 434 390 389
f 403 433 389
f 86 435 403
f 372 414 382
f 350 424 260
f 459 414 335
f 437 446 411
f 492 437 411
f 380 438 351
f 370 566 343
f 431 223 428
f 415 310 290
f 346 357 305
f 251 440 312
f 441 391 332
f 333 442 332
f 442 441 332
f 259 444 269
f 444 513 269
f 400 300 363
f 445 368 391
f 365 401 272
f 378 429 331
f 447 430 361
f 438 355 351
f 413 387 341
f 448 354 322
f 449 381 362
f 450 378 312
f 397 484 314
f 250 449 362
f 451 448 322
f 343 440 251
f 436 369 366
f 463 411 452
f 427 259 274
f 379 442 333
f 427 444 259
f 429 249 275
f 422 454 81
f 455 456 385
f 419 455 385
f 458 446 437
f 513 458 437
f 454 459 81
f 383 598 384
f 576 366 353
f 441 445 391
f 616 505 307
f 461 356 357
f 462 461 357
f 385 465 379
f 349 375 377
f 466 513 437
f 435 469 403
f 469 433 403
f 395 616 307
f 470 303 406
f 248 471 322
f 249 591 250
f 591 472 250
f 277 473 308
f 471 248 430
f 591 249 429
f 416 301 284
f 459 487 414
f 406 299 298
f 475 345 399
f 414 476 382
f 425 499 280
f 467 356 461
f 576 436 366
f 484 393 314
f 619 1293 345
f 400 602 300
f 478 452 184
f 474 397 398
f 418 475 399
f 479 480 308
f 473 479 308
f 602 422 300
f 478 481 452
f 481 463 452
f 463 492 411
f 401 478 184
f 458 482 446
f 474 484 397
f 456 465 385
f 598 396 384
f 485 440 343
f 486 467 461
f 499 630 337
f 630 374 337
f 340 376 302
f 488 405 308
f 480 489 308
f 489 488 308
f 445 359 368
f 462 486 461
f 566 485 343
f 467 408 356
f 513 365 347
f 492 490 437
f 490 466 437
f 306 491 418
f 471 451 322
f 431 520 412
f 470 406 74
f 424 410 407
f 514 463 481
f 545 408 467
f 346 493 357
f 494 462 357
f 493 494 357
f 495 301 416
f 496 387 413
f 497 36 420
f 421 497 420
f 497 293 36
f 313 400 330
f 498 383 382
f 476 498 382
f 636 401 365
f 487 476 414
f 494 634 462
f 501 503 502
f 503 504 502
f 495 395 301
f 507 442 379
f 443 508 380
f 500 576 353
f 505 506 457
f 376 509 416
f 460 413 374
f 510 503 501
f 511 509 376
f 512 504 503
f 453 515 373
f 515 516 373
f 516 597 373
f 597 443 373
f 524 517 502
f 517 501 502
f 504 524 502
f 496 340 387
f 634 519 462
f 519 486 462
f 407 521 361
f 522 523 528
f 410 521 407
f 412 520 409
f 514 492 463
f 525 524 504
f 512 525 504
f 526 527 528
f 523 526 528
f 250 472 449
f 530 428 381
f 531 429 378
f 532 430 447
f 521 447 361
f 465 507 379
f 508 438 380
f 312 533 450
f 476 534 498
f 451 535 448
f 425 375 349
f 518 425 349
f 543 386 409
f 535 354 448
f 536 381 449
f 483 378 450
f 278 537 277
f 610 538 457
f 538 426 457
f 417 493 346
f 486 539 467
f 431 540 520
f 509 495 416
f 310 587 404
f 466 365 513
f 630 460 374
f 466 636 365
f 514 541 492
f 394 628 339
f 628 464 339
f 550 476 487
f 587 417 404
f 508 627 438
f 513 451 458
f 543 520 458
f 483 482 458
f 451 529 458
f 410 543 458
f 472 483 458
f 520 472 458
f 529 521 458
f 521 410 458
f 527 544 528
f 436 263 369
f 440 533 312
f 303 537 278
f 542 546 501
f 482 547 446
f 548 350 386
f 543 548 386
f 522 549 523
f 525 551 524
f 552 527 526
f 661 468 432
f 662 661 432
f 645 662 432
f 553 434 433
f 469 553 433
f 661 1236 468
f 392 439 344
f 625 515 453
f 546 510 501
f 523 554 526
f 550 534 476
f 555 475 418
f 517 557 501
f 557 542 501
f 510 665 503
f 665 558 503
f 558 512 503
f 478 559 481
f 559 514 481
f 547 638 446
f 539 545 467
f 428 540 431
f 532 471 430
f 530 540 428
f 531 591 429
f 560 665 510
f 587 493 417
f 340 677 376
f 491 555 418
f 562 396 598
f 563 554 523
f 549 563 523
f 561 534 550
f 564 517 524
f 558 694 512
f 675 525 512
f 694 675 512
f 544 676 528
f 676 522 528
f 562 500 396
f 500 353 396
f 490 492 541
f 556 454 422
f 408 639 370
f 628 394 426
f 538 628 426
f 551 525 527
f 544 527 525
f 441 614 445
f 444 565 513
f 546 560 510
f 585 514 559
f 472 536 449
f 533 483 450
f 721 549 522
f 722 721 522
f 676 722 522
f 483 533 482
f 677 340 496
f 548 424 350
f 638 625 446
f 552 551 527
f 610 457 506
f 436 567 263
f 567 349 263
f 551 568 524
f 569 552 526
f 554 569 526
f 571 550 487
f 471 529 451
f 440 572 533
f 573 427 354
f 535 573 354
f 536 530 381
f 483 531 378
f 520 543 409
f 570 758 413
f 313 574 400
f 585 541 514
f 597 508 443
f 575 676 544
f 306 735 491
f 427 565 444
f 577 383 498
f 534 577 498
f 370 578 566
f 438 627 355
f 579 423 355
f 627 579 355
f 465 456 507
f 575 544 525
f 675 575 525
f 513 535 451
f 520 536 472
f 580 495 509
f 573 565 427
f 485 572 440
f 529 447 521
f 513 565 535
f 459 571 487
f 581 563 549
f 582 499 425
f 758 496 413
f 583 618 581
f 618 563 581
f 253 470 74
f 359 584 358
f 585 490 541
f 545 639 408
f 310 586 587
f 588 393 484
f 477 735 306
f 586 310 415
f 574 602 400
f 580 395 495
f 589 568 551
f 590 410 424
f 548 590 424
f 471 532 529
f 532 447 529
f 548 543 410
f 540 530 520
f 530 536 520
f 591 531 472
f 531 483 472
f 565 573 535
f 582 630 499
f 633 639 545
f 561 593 534
f 577 592 383
f 593 561 550
f 608 474 398
f 594 608 398
f 555 609 475
f 253 595 470
f 552 589 551
f 596 614 441
f 442 596 441
f 592 598 383
f 585 466 490
f 593 577 534
f 645 599 662
f 745 434 553
f 435 600 469
f 600 553 469
f 629 557 517
f 721 581 549
f 419 423 321
f 423 329 321
f 601 596 442
f 571 593 550
f 533 611 482
f 603 583 581
f 604 603 581
f 721 604 581
f 439 605 398
f 605 594 398
f 608 484 474
f 609 345 475
f 606 564 524
f 568 606 524
f 554 607 569
f 507 601 442
f 602 556 422
f 478 784 559
f 563 607 554
f 393 419 321
f 393 455 419
f 611 572 485
f 616 647 505
f 611 547 482
f 614 584 445
f 539 633 545
f 505 610 506
f 511 612 509
f 647 610 505
f 570 413 460
f 609 619 345
f 566 611 485
f 564 629 517
f 784 615 559
f 615 585 559
f 584 658 358
f 464 654 415
f 613 654 464
f 590 548 410
f 572 611 533
f 349 620 518
f 709 500 562
f 466 688 636
f 654 586 415
f 709 576 500
f 518 617 425
f 286 621 622
f 623 624 622
f 621 623 622
f 624 286 622
f 624 291 286
f 358 658 286
f 658 621 286
f 578 611 566
f 688 466 585
f 615 688 585
f 617 582 425
f 677 511 376
f 728 627 508
f 587 494 493
f 537 473 277
f 626 592 577
f 423 477 329
f 703 626 577
f 593 703 577
f 606 629 564
f 586 651 587
f 651 494 587
f 631 567 436
f 470 632 303
f 634 494 651
f 370 635 578
f 631 349 567
f 625 638 515
f 636 478 401
f 597 728 508
f 640 459 454
f 569 641 552
f 595 632 470
f 639 635 370
f 618 642 563
f 642 607 563
f 568 643 606
f 589 643 568
f 583 646 618
f 646 642 618
f 445 584 359
f 511 648 612
f 652 648 511
f 649 758 460
f 758 570 460
f 703 593 571
f 395 815 616
f 650 770 610
f 770 538 610
f 611 712 547
f 491 735 555
f 455 655 456
f 612 580 509
f 630 649 460
f 653 654 613
f 698 557 629
f 734 598 592
f 423 579 477
f 656 644 637
f 680 645 390
f 644 679 637
f 434 680 390
f 657 631 436
f 614 658 584
f 620 617 518
f 459 659 571
f 659 703 571
f 660 638 547
f 712 660 547
f 944 745 553
f 600 944 553
f 641 589 552
f 717 576 709
f 439 392 605
f 631 620 349
f 815 395 580
f 770 628 538
f 663 293 497
f 421 970 497
f 970 663 497
f 640 659 459
f 664 665 651
f 586 664 651
f 638 516 515
f 596 713 614
f 713 658 614
f 666 601 507
f 405 656 637
f 668 669 651
f 669 670 651
f 667 668 651
f 670 671 651
f 671 634 651
f 546 672 560
f 640 454 556
f 638 673 516
f 673 790 516
f 790 597 516
f 674 666 507
f 456 674 507
f 728 678 627
f 734 562 598
f 657 436 576
f 805 589 641
f 672 702 560
f 665 667 651
f 682 546 542
f 683 644 656
f 632 537 303
f 574 556 602
f 477 751 735
f 684 645 680
f 685 684 680
f 686 672 546
f 805 643 589
f 578 712 611
f 542 837 682
f 664 687 665
f 405 700 656
f 965 629 606
f 681 519 634
f 689 674 456
f 557 690 542
f 695 686 546
f 703 691 626
f 683 742 644
f 742 679 644
f 684 693 645
f 647 650 610
f 671 705 634
f 687 694 665
f 636 1041 478
f 694 558 665
f 682 695 546
f 696 592 626
f 691 696 626
f 656 684 683
f 685 683 684
f 837 695 682
f 697 1041 636
f 994 539 486
f 965 698 629
f 679 421 637
f 699 653 613
f 680 701 685
f 1002 556 574
f 313 1002 574
f 702 665 560
f 690 837 542
f 588 455 393
f 588 655 455
f 434 727 680
f 665 704 667
f 464 699 613
f 688 697 636
f 739 706 562
f 706 709 562
f 707 994 486
f 519 1125 486
f 1125 708 486
f 708 707 486
f 643 710 606
f 711 641 569
f 1008 579 627
f 714 711 569
f 607 714 569
f 658 715 621
f 766 675 694
f 575 716 676
f 716 722 676
f 691 640 696
f 702 704 665
f 642 714 607
f 929 586 654
f 720 718 664
f 718 687 664
f 718 668 687
f 723 592 696
f 692 752 645
f 693 684 656
f 700 693 656
f 685 742 683
f 701 742 685
f 578 635 712
f 843 628 770
f 693 692 645
f 727 701 680
f 718 731 669
f 705 681 634
f 731 718 720
f 668 718 669
f 640 723 696
f 705 671 670
f 660 797 638
f 864 630 582
f 659 691 703
f 596 719 713
f 605 392 594
f 735 725 555
f 713 715 658
f 713 719 715
f 630 864 649
f 726 700 405
f 628 843 464
f 659 640 691
f 790 728 597
f 657 729 631
f 729 620 631
f 752 599 645
f 724 750 608
f 973 730 609
f 929 664 586
f 669 732 670
f 537 733 473
f 731 732 669
f 750 484 608
f 730 619 609
f 766 575 675
f 632 733 537
f 736 639 633
f 717 657 576
f 747 720 664
f 539 737 633
f 679 738 421
f 734 739 562
f 740 686 695
f 837 741 695
f 741 740 695
f 640 556 723
f 1125 519 681
f 737 736 633
f 726 795 700
f 743 661 662
f 744 743 662
f 599 744 662
f 743 1236 661
f 435 1044 600
f 1044 944 600
f 747 731 720
f 748 687 668
f 746 681 705
f 749 588 484
f 750 749 484
f 982 1293 619
f 724 608 594
f 555 973 609
f 725 973 555
f 753 650 647
f 755 667 704
f 702 755 704
f 756 612 648
f 511 756 652
f 616 753 647
f 759 755 702
f 732 767 670
f 767 705 670
f 760 753 616
f 756 855 612
f 761 762 649
f 763 592 723
f 556 763 723
f 747 764 731
f 888 756 511
f 292 595 253
f 826 694 687
f 748 826 687
f 826 765 694
f 765 766 694
f 575 947 716
f 947 722 716
f 764 767 732
f 731 764 732
f 768 773 653
f 652 756 648
f 762 758 649
f 762 757 758
f 769 768 653
f 699 769 653
f 815 760 616
f 771 580 612
f 855 771 612
f 772 496 758
f 864 761 649
f 795 693 700
f 672 759 702
f 646 1027 642
f 1027 714 642
f 774 294 293
f 663 774 293
f 773 929 654
f 678 775 627
f 776 673 638
f 583 777 646
f 777 1027 646
f 1033 721 722
f 778 1033 722
f 947 778 722
f 755 748 667
f 748 668 667
f 843 699 464
f 653 773 654
f 779 780 617
f 698 690 557
f 781 621 715
f 742 782 679
f 783 752 692
f 693 783 692
f 706 860 709
f 1041 784 478
f 710 965 606
f 677 785 511
f 785 888 511
f 786 719 596
f 601 786 596
f 776 847 673
f 847 787 673
f 787 788 673
f 788 789 673
f 789 790 673
f 791 947 575
f 771 815 580
f 775 1008 627
f 860 792 709
f 579 1008 477
f 1008 751 477
f 780 793 617
f 792 717 709
f 754 776 638
f 791 575 766
f 620 779 617
f 488 726 405
f 745 727 434
f 719 781 715
f 793 903 617
f 903 582 617
f 727 810 701
f 496 785 677
f 772 785 496
f 794 764 747
f 711 796 641
f 903 864 582
f 797 660 712
f 1024 632 595
f 292 1024 595
f 798 698 965
f 783 693 795
f 701 782 742
f 810 782 701
f 799 764 794
f 938 664 929
f 767 746 705
f 800 604 721
f 1033 800 721
f 809 681 746
f 643 801 710
f 802 615 784
f 664 803 747
f 800 603 604
f 802 688 615
f 803 794 747
f 938 803 664
f 804 724 594
f 806 799 794
f 392 804 594
f 799 811 764
f 736 808 639
f 808 635 639
f 745 810 727
f 796 805 641
f 767 812 746
f 812 809 746
f 792 820 717
f 782 738 679
f 717 820 657
f 794 813 806
f 809 1125 681
f 799 814 811
f 816 763 556
f 674 817 666
f 818 678 728
f 803 819 794
f 811 767 764
f 821 826 748
f 755 821 748
f 811 821 767
f 821 812 767
f 808 807 635
f 851 657 820
f 822 851 820
f 828 770 650
f 994 737 539
f 753 823 650
f 823 828 650
f 813 825 824
f 1040 798 965
f 730 982 619
f 755 827 821
f 638 1000 754
f 753 828 823
f 819 813 794
f 829 830 583
f 831 832 583
f 832 829 583
f 830 777 583
f 698 833 583
f 833 831 583
f 603 740 583
f 740 690 583
f 690 698 583
f 834 835 603
f 836 834 603
f 800 836 603
f 686 740 603
f 835 686 603
f 740 741 690
f 741 837 690
f 758 757 772
f 792 883 820
f 814 826 821
f 838 828 823
f 839 840 753
f 841 850 793
f 842 822 820
f 883 842 820
f 753 838 828
f 850 903 793
f 296 1002 313
f 806 902 799
f 902 814 799
f 769 773 768
f 780 841 793
f 821 811 814
f 688 844 697
f 768 845 769
f 845 773 769
f 689 817 674
f 818 775 678
f 956 846 847
f 846 867 847
f 699 845 769
f 848 849 753
f 847 867 787
f 849 852 753
f 852 839 753
f 853 824 825
f 843 854 699
f 852 840 839
f 819 825 813
f 857 757 762
f 902 806 813
f 841 858 850
f 761 859 762
f 861 762 859
f 827 812 821
f 797 1000 638
f 824 902 813
f 838 862 828
f 888 856 756
f 839 862 840
f 862 753 840
f 699 773 845
f 842 851 822
f 863 861 859
f 761 861 859
f 945 729 657
f 851 945 657
f 780 858 841
f 938 819 803
f 753 862 838
f 828 862 770
f 841 866 850
f 866 903 850
f 839 852 862
f 858 866 841
f 761 863 861
f 854 773 699
f 863 762 861
f 848 899 849
f 868 945 851
f 899 852 849
f 817 601 666
f 790 818 728
f 760 869 753
f 852 870 862
f 871 672 686
f 835 871 686
f 863 857 762
f 780 866 858
f 849 872 852
f 873 874 869
f 873 753 869
f 872 870 852
f 875 847 776
f 876 826 814
f 873 848 753
f 899 872 849
f 819 940 825
f 760 873 869
f 902 865 814
f 877 878 757
f 879 872 870
f 880 881 847
f 881 882 847
f 882 956 847
f 971 792 860
f 867 884 787
f 884 885 787
f 885 886 787
f 886 887 787
f 761 857 863
f 874 848 873
f 881 875 776
f 874 873 760
f 756 889 855
f 890 862 870
f 872 890 870
f 878 891 757
f 892 877 878
f 893 889 756
f 894 890 872
f 879 894 872
f 865 876 814
f 899 896 872
f 896 879 872
f 779 620 729
f 847 880 875
f 881 847 875
f 877 891 878
f 889 893 897
f 879 894 890
f 757 892 877
f 897 898 756
f 898 893 756
f 896 894 879
f 892 891 877
f 757 891 772
f 899 879 896
f 900 855 889
f 893 900 889
f 894 862 890
f 1163 816 556
f 864 901 761
f 760 848 874
f 898 897 893
f 756 898 897
f 892 904 891
f 898 900 893
f 896 862 894
f 905 771 855
f 757 904 892
f 862 906 770
f 876 765 826
f 907 908 757
f 857 907 757
f 856 909 756
f 910 904 757
f 908 910 757
f 911 929 773
f 901 857 761
f 971 883 792
f 907 910 908
f 848 896 899
f 900 905 855
f 756 900 898
f 887 895 787
f 912 910 907
f 856 913 909
f 914 896 848
f 912 910 908
f 909 900 756
f 914 896 899
f 739 860 706
f 896 906 862
f 895 788 787
f 915 854 843
f 916 848 760
f 888 785 772
f 891 888 772
f 905 815 771
f 906 917 770
f 917 915 770
f 915 843 770
f 909 913 900
f 901 907 857
f 918 599 752
f 919 913 856
f 905 760 815
f 919 909 913
f 900 920 905
f 919 900 913
f 912 904 910
f 773 921 911
f 847 881 880
f 914 916 896
f 905 920 760
f 907 904 912
f 848 916 914
f 891 904 888
f 920 916 760
f 856 920 919
f 844 688 802
f 920 856 888
f 919 920 900
f 922 923 907
f 923 904 907
f 916 906 896
f 901 922 907
f 904 920 888
f 924 920 904
f 917 916 920
f 916 917 906
f 925 923 922
f 901 923 922
f 901 925 923
f 923 924 904
f 924 917 920
f 925 924 923
f 901 924 925
f 939 924 901
f 926 921 911
f 926 921 773
f 864 939 901
f 854 927 773
f 928 939 864
f 921 929 911
f 853 932 824
f 931 689 456
f 655 931 456
f 903 928 864
f 932 902 824
f 926 930 921
f 754 881 776
f 945 779 729
f 933 773 927
f 934 933 927
f 930 929 921
f 883 935 842
f 854 933 927
f 936 868 851
f 773 930 926
f 866 928 903
f 781 623 621
f 937 773 933
f 934 937 933
f 854 934 933
f 940 941 917
f 941 915 917
f 942 917 924
f 939 942 924
f 902 876 865
f 854 937 934
f 937 943 773
f 780 928 866
f 943 937 854
f 943 930 773
f 915 943 854
f 942 940 917
f 887 788 895
f 915 941 943
f 895 788 887
f 941 930 943
f 940 930 941
f 887 788 895
f 765 972 766
f 938 940 819
f 936 942 939
f 780 946 928
f 948 795 726
f 783 949 752
f 949 918 752
f 846 956 867
f 946 939 928
f 950 940 942
f 939 945 868
f 779 946 780
f 749 655 588
f 749 931 655
f 940 853 825
f 935 936 851
f 842 935 851
f 945 946 779
f 951 887 886
f 733 479 473
f 951 788 887
f 846 952 956
f 952 867 956
f 929 940 938
f 930 940 929
f 886 953 951
f 953 788 951
f 954 797 712
f 885 951 886
f 948 1077 795
f 1034 786 601
f 789 955 790
f 939 946 945
f 932 876 902
f 885 953 951
f 952 884 867
f 884 952 956
f 936 939 868
f 971 935 883
f 807 954 712
f 956 882 881
f 817 1034 601
f 957 884 956
f 958 882 956
f 881 958 956
f 958 957 956
f 635 807 712
f 959 765 876
f 932 959 876
f 953 885 788
f 860 960 971
f 754 961 881
f 935 962 936
f 885 967 788
f 963 802 784
f 961 884 881
f 884 957 881
f 957 958 881
f 964 965 710
f 801 964 710
f 962 942 936
f 697 966 1041
f 884 967 885
f 844 966 697
f 962 950 942
f 972 791 766
f 949 783 795
f 1077 949 795
f 950 853 940
f 737 968 736
f 950 962 853
f 1103 724 804
f 977 973 725
f 974 796 711
f 975 974 711
f 714 975 711
f 1000 999 754
f 999 961 754
f 1027 975 714
f 967 985 788
f 961 967 884
f 488 948 726
f 392 987 804
f 1103 750 724
f 735 977 725
f 978 979 961
f 979 967 961
f 853 1007 932
f 1007 976 932
f 954 993 797
f 788 980 789
f 980 981 789
f 981 1074 789
f 1074 955 789
f 973 982 730
f 979 978 967
f 967 983 985
f 983 984 985
f 984 1022 985
f 798 833 698
f 985 986 788
f 976 959 932
f 978 983 979
f 738 970 421
f 971 969 935
f 978 983 967
f 992 960 860
f 978 984 983
f 988 992 860
f 986 980 788
f 962 1007 853
f 739 988 860
f 745 1080 810
f 763 989 592
f 997 978 961
f 782 990 738
f 991 734 592
f 989 991 592
f 999 997 961
f 993 1000 797
f 689 1113 817
f 736 968 808
f 985 980 986
f 994 995 737
f 995 996 737
f 996 1111 737
f 998 805 796
f 810 990 782
f 1080 990 810
f 1001 978 997
f 1001 984 978
f 1003 1004 999
f 1000 1003 999
f 1005 984 1001
f 1006 1005 1001
f 997 1005 1001
f 999 1005 997
f 1006 1022 984
f 1096 556 1002
f 984 1005 1006
f 1096 1163 556
f 971 1017 969
f 1004 1022 999
f 999 1022 1006
f 1005 999 1006
f 1017 962 935
f 969 1017 935
f 985 1009 980
f 1010 1009 985
f 1022 1010 985
f 1062 739 734
f 991 1062 734
f 1011 755 759
f 812 1013 809
f 1012 959 976
f 1007 1012 976
f 1012 765 959
f 960 1017 971
f 1013 1125 809
f 998 643 805
f 1010 1016 1009
f 1010 1018 1016
f 1010 1009 1016
f 1015 1019 1014
f 992 1017 960
f 1014 1021 1015
f 1021 1020 1015
f 1003 1022 1004
f 1003 1023 1022
f 1010 1029 1018
f 1029 1009 1018
f 1009 1010 1018
f 1019 1021 1014
f 1025 1026 1009
f 1026 980 1009
f 1004 1023 1003
f 1028 1017 992
f 830 1027 777
f 1029 1030 1009
f 1025 1031 1026
f 1025 980 1026
f 1030 1031 1009
f 1036 1023 1003
f 963 844 802
f 1025 1009 1031
f 1022 1023 1036
f 1141 954 807
f 1030 1025 1031
f 1032 781 719
f 918 1110 599
f 1029 1010 1022
f 1025 1030 980
f 786 1032 719
f 836 800 1033
f 955 1035 790
f 1035 818 790
f 1000 1036 1003
f 1037 292 291
f 1039 1022 1036
f 1045 739 1062
f 1038 784 1041
f 489 1077 948
f 990 970 738
f 949 1110 918
f 288 1002 296
f 1039 1029 1022
f 1042 743 744
f 1176 1042 744
f 599 1176 744
f 1043 1202 944
f 1202 745 944
f 1044 1043 944
f 1042 1236 743
f 962 1046 1007
f 981 980 1030
f 1049 981 1030
f 1045 988 739
f 1036 1047 1039
f 1011 1175 755
f 1000 1047 1036
f 987 1048 804
f 1050 1051 1020
f 1021 1050 1020
f 1051 1052 1020
f 1052 1015 1020
f 1019 1050 1021
f 1155 982 973
f 1029 1049 1030
f 1040 965 964
f 1049 1063 981
f 672 1011 759
f 1046 1012 1007
f 974 1133 796
f 1109 1034 817
f 1053 1039 1047
f 1053 1029 1039
f 988 1045 992
f 735 1054 977
f 1113 1109 817
f 1029 1063 1049
f 1035 1055 818
f 1056 964 801
f 643 1057 801
f 1057 1056 801
f 998 1057 643
f 1055 775 818
f 751 1054 735
f 1076 981 1063
f 1133 1058 796
f 1058 998 796
f 1053 1063 1029
f 1059 1060 1017
f 632 1144 733
f 1060 962 1017
f 1061 1076 1063
f 1028 1059 1017
f 489 948 488
f 1064 1065 970
f 1066 963 784
f 1038 1066 784
f 1047 1067 1053
f 1067 1063 1053
f 1063 1067 1047
f 1048 1103 804
f 977 1155 973
f 1037 1024 292
f 1012 1068 765
f 1068 1069 765
f 1069 972 765
f 1070 1063 1047
f 1070 1063 1067
f 1063 1070 1067
f 1071 774 663
f 970 1071 663
f 1058 1057 998
f 1045 1028 992
f 1072 1047 1000
f 1073 1061 1063
f 1073 1063 1070
f 1086 1073 1070
f 1075 1032 786
f 1034 1075 786
f 1074 981 1076
f 1072 1070 1047
f 745 1147 1080
f 990 1078 970
f 1078 1064 970
f 949 1079 1110
f 1052 1050 1015
f 1050 1019 1015
f 827 1013 812
f 1073 1076 1061
f 807 808 968
f 1082 1046 962
f 672 1081 1011
f 781 1083 623
f 1024 1084 632
f 1072 1086 1070
f 1085 791 972
f 1179 993 954
f 1141 807 968
f 1086 1087 1073
f 1079 949 1077
f 1080 1078 990
f 1097 1074 1076
f 1073 1097 1076
f 1032 1083 781
f 1072 1087 1086
f 1088 1074 1097
f 1089 833 798
f 1073 1087 1097
f 964 1127 1040
f 1089 798 1040
f 1127 1089 1040
f 830 1091 1027
f 1091 975 1027
f 1092 931 749
f 750 1092 749
f 1193 689 931
f 1092 1193 931
f 1008 1093 751
f 1093 1195 751
f 1195 1054 751
f 775 1093 1008
f 1094 1095 1087
f 1095 1097 1087
f 294 1096 288
f 1096 1002 288
f 1028 1060 1059
f 1046 1068 1012
f 1098 1068 1046
f 966 1038 1041
f 1099 1038 966
f 1100 1088 1097
f 1097 1101 1100
f 1102 989 763
f 816 1102 763
f 1065 1071 970
f 1094 1101 1095
f 1101 1097 1095
f 1104 1155 977
f 1082 1098 1046
f 1097 1088 1100
f 1072 1137 1087
f 1137 1094 1087
f 1105 1104 977
f 1131 962 1060
f 1155 1108 982
f 1094 1097 1101
f 1107 750 1103
f 1054 1105 977
f 1131 1082 962
f 392 1106 987
f 1202 1147 745
f 737 1111 968
f 1112 1077 489
f 1114 836 1033
f 778 1114 1033
f 1090 1028 1045
f 1115 1037 291
f 624 1115 291
f 1094 1074 1088
f 1112 1116 1077
f 1147 1117 1080
f 1097 1094 1088
f 1193 1113 689
f 1055 1093 775
f 1000 1137 1072
f 1062 1090 1045
f 1116 1079 1077
f 1117 1078 1080
f 435 1118 1044
f 1118 1119 1044
f 1119 1120 1044
f 1120 1121 1044
f 1121 1122 1044
f 1122 1043 1044
f 1124 1123 1000
f 1175 1126 755
f 1126 827 755
f 1123 1137 1000
f 993 1124 1000
f 1056 1127 964
f 791 1128 947
f 1128 778 947
f 1129 1102 816
f 1163 1129 816
f 991 1181 1062
f 1130 1114 778
f 1128 1130 778
f 1099 966 844
f 963 1099 844
f 1028 1131 1060
f 989 1181 991
f 1132 1133 974
f 975 1132 974
f 1134 1132 975
f 1091 1134 975
f 1111 1141 968
f 1135 1028 1090
f 1123 1136 1137
f 1137 1140 1094
f 1140 1074 1094
f 1162 1163 1096
f 1220 1081 672
f 1138 1013 827
f 1083 1139 623
f 1084 1144 632
f 1138 1125 1013
f 1069 1173 972
f 1085 1128 791
f 1173 1085 972
f 1166 1179 954
f 1142 1140 1137
f 1136 1142 1137
f 1141 1166 954
f 1143 1140 1142
f 1171 1176 599
f 1144 1145 479
f 733 1144 479
f 1145 480 479
f 1064 1146 1065
f 1038 624 1066
f 1066 1148 963
f 623 1066 624
f 1084 1024 1037
f 1181 1090 1062
f 1149 294 774
f 1071 1149 774
f 1179 1124 993
f 1150 1032 1075
f 1159 1151 1074
f 1140 1159 1074
f 1151 955 1074
f 1152 1146 1064
f 1078 1152 1064
f 1079 1153 1110
f 1153 1079 1116
f 1117 1152 1078
f 1143 1159 1140
f 1181 1135 1090
f 623 1148 1066
f 829 1091 830
f 1123 1142 1136
f 1154 1103 1048
f 1105 1155 1104
f 1142 1159 1143
f 1154 1107 1103
f 871 1220 672
f 1135 1131 1028
f 1156 1055 1035
f 1156 1157 1055
f 1107 1185 750
f 1148 1208 963
f 1208 1099 963
f 1123 1161 1142
f 1161 1158 1142
f 1158 1159 1142
f 1164 1151 1159
f 1161 1159 1158
f 1161 1160 1159
f 1139 1148 623
f 1164 1160 1161
f 1160 1164 1159
f 1124 1164 1123
f 1164 1161 1123
f 294 1162 1096
f 1141 1183 1166
f 1167 1162 294
f 1287 1202 1043
f 1122 1287 1043
f 1259 1083 1032
f 1150 1259 1032
f 1201 1156 955
f 1156 1035 955
f 480 1168 489
f 1109 1169 1034
f 1170 1127 1056
f 1170 1089 1127
f 1110 1171 599
f 1172 1051 1050
f 1181 1182 1135
f 1169 1075 1034
f 1082 1068 1098
f 1168 1112 489
f 1058 1174 1057
f 1057 1174 1056
f 1174 1276 1056
f 624 1190 1115
f 1038 1190 624
f 1234 827 1126
f 1234 1138 827
f 1081 1175 1011
f 1177 989 1102
f 1178 1042 1176
f 1178 1236 1042
f 1151 1201 955
f 1182 1131 1135
f 1149 1180 294
f 1180 1167 294
f 1197 1151 1164
f 1217 1197 1164
f 1052 1172 1050
f 1223 1082 1131
f 1182 1223 1131
f 1133 1277 1058
f 1277 1174 1058
f 1183 1141 1111
f 1185 1092 750
f 1184 1109 1113
f 1184 1243 1109
f 1186 1293 982
f 1187 1105 1054
f 1243 1169 1109
f 317 987 1106
f 1108 1186 982
f 1187 1297 1105
f 1154 1185 1107
f 1155 1186 1108
f 317 1048 987
f 1124 1217 1164
f 1189 1208 1148
f 1139 1189 1148
f 1304 1189 1038
f 1189 1190 1038
f 1190 1189 1139
f 1191 1190 1139
f 1192 1193 1092
f 1185 1192 1092
f 1093 1194 1195
f 1055 1194 1093
f 1196 1134 1091
f 1188 1304 1099
f 1304 1038 1099
f 1270 1172 1052
f 1051 1270 1052
f 1112 1168 1116
f 1147 1240 1117
f 1153 1237 1110
f 1198 1150 1075
f 1169 1198 1075
f 1199 1200 1151
f 1197 1199 1151
f 1200 1201 1151
f 1237 1171 1110
f 1202 1240 1147
f 1203 1149 1071
f 1065 1203 1071
f 1217 1204 1197
f 1205 1182 1181
f 1206 1084 1037
f 1115 1206 1037
f 1191 1207 1190
f 1209 1208 1189
f 1304 1209 1189
f 1084 1210 1144
f 1211 1176 1171
f 1213 1277 1133
f 1132 1213 1133
f 1179 1214 1124
f 1215 1166 1183
f 1216 1165 1084
f 1206 1216 1084
f 1218 1128 1085
f 1329 1218 1085
f 1191 1083 1259
f 1191 1139 1083
f 1219 1214 1179
f 1223 1221 1082
f 1204 1199 1197
f 1162 1273 1163
f 1221 1222 1082
f 1205 1212 1182
f 1124 1241 1217
f 1270 1224 1172
f 1222 1225 1082
f 1225 1068 1082
f 1196 1295 1134
f 1295 1132 1134
f 1295 1213 1132
f 1225 1069 1068
f 1212 1223 1182
f 1329 1085 1173
f 1226 1188 1099
f 1208 1226 1099
f 1227 1205 1181
f 1228 1229 1130
f 1229 1114 1130
f 1128 1218 1130
f 1218 1228 1130
f 1217 1199 1204
f 1283 1227 1181
f 1276 1230 1056
f 1230 1170 1056
f 1231 1175 1081
f 1231 1232 1175
f 1232 1126 1175
f 1233 1234 1126
f 1232 1233 1126
f 1211 1178 1176
f 1235 1236 1178
f 1121 1287 1122
f 1237 1153 1116
f 1238 1237 1116
f 1117 1239 1152
f 1240 1239 1117
f 1215 1179 1166
f 1242 1194 1055
f 1168 1238 1116
f 1239 1146 1152
f 1114 834 836
f 1229 834 1114
f 1157 1242 1055
f 1290 1183 1111
f 1195 1187 1054
f 1156 1242 1157
f 1239 1065 1146
f 989 1283 1181
f 1241 1199 1217
f 1244 1169 1243
f 1154 1245 1185
f 1155 1246 1186
f 1239 1247 1065
f 317 1248 1048
f 1177 1283 989
f 1245 1154 1048
f 1248 1245 1048
f 1105 1246 1155
f 1297 1246 1105
f 1138 708 1125
f 1247 1203 1065
f 1249 1177 1102
f 1129 1249 1102
f 1167 1250 1162
f 1250 1273 1162
f 1241 1255 1199
f 1255 1200 1199
f 1185 1292 1192
f 1251 1113 1193
f 1192 1251 1193
f 1194 1252 1195
f 1252 1187 1195
f 1253 1091 829
f 1253 1196 1091
f 1124 1254 1241
f 1230 1089 1170
f 1256 1261 1183
f 1257 1219 1179
f 1215 1257 1179
f 1290 1256 1183
f 1212 1262 1223
f 1261 1258 1183
f 996 1290 1111
f 1258 1215 1183
f 1260 1198 1169
f 1244 1260 1169
f 1262 1212 1205
f 1263 1329 1173
f 1069 1263 1173
f 1264 708 1138
f 1223 1265 1221
f 1338 1264 1138
f 1165 1210 1084
f 1168 1268 1238
f 1234 1338 1138
f 1267 1231 1081
f 1267 1081 1220
f 1270 1269 1224
f 1272 1268 1168
f 1271 1171 1237
f 1202 1316 1240
f 1260 1274 1198
f 1274 1150 1198
f 1255 1300 1200
f 1254 1300 1241
f 1275 1255 1241
f 1300 1255 1241
f 1255 1275 1241
f 1276 1174 1277
f 1278 1316 1202
f 1256 1279 1261
f 1279 1266 1261
f 1225 1280 1069
f 1280 1281 1069
f 1281 1263 1069
f 1124 1282 1254
f 1284 1283 1177
f 1214 1282 1124
f 1300 1255 1275
f 1255 1300 1275
f 1249 1284 1177
f 480 1272 1168
f 1285 1203 1247
f 1286 1211 1171
f 1288 480 1145
f 1299 1265 1223
f 1262 1299 1223
f 1265 1289 1221
f 1210 1288 1145
f 1144 1210 1145
f 1291 1172 1224
f 1291 1051 1172
f 1282 1294 1254
f 1294 1300 1254
f 1354 1243 1184
f 1296 1248 317
f 1615 1292 1185
f 1245 1615 1185
f 1246 1293 1186
f 1298 1230 1276
f 1615 1245 1248
f 1296 1615 1248
f 1294 1282 1300
f 1289 1301 1221
f 1302 1178 1211
f 1302 1235 1178
f 1303 1304 1188
f 1305 1262 1205
f 1341 1271 1237
f 1316 1306 1240
f 1167 1307 1250
f 1343 1309 1239
f 1308 1209 1304
f 1291 1270 1051
f 1226 1303 1188
f 1227 1330 1205
f 1269 1291 1224
f 1305 1299 1262
f 1310 1311 1115
f 1311 1206 1115
f 1190 1310 1115
f 1149 1312 1180
f 1313 1167 1180
f 1312 1313 1180
f 1313 1307 1167
f 1314 1310 1190
f 1207 1314 1190
f 1354 1244 1243
f 1315 1265 1299
f 1341 1237 1238
f 1268 1341 1238
f 1240 1343 1239
f 1306 1343 1240
f 1274 1259 1150
f 1317 1251 1192
f 1292 1317 1192
f 1318 1113 1251
f 1194 1319 1252
f 1320 1187 1252
f 1242 1319 1194
f 1282 1200 1300
f 1222 1321 1225
f 1322 1289 1265
f 1315 1322 1265
f 1258 1323 1215
f 1328 1321 1222
f 832 1253 829
f 1324 1156 1201
f 1325 1196 1253
f 1309 1247 1239
f 1269 1270 1291
f 1326 1303 1226
f 1208 1326 1226
f 1206 1327 1216
f 1221 1328 1222
f 1200 1324 1201
f 1323 1257 1215
f 1283 1330 1227
f 1327 1165 1216
f 1301 1328 1221
f 1330 1305 1205
f 1271 1286 1171
f 1209 1331 1208
f 1331 1326 1208
f 1332 1211 1286
f 1287 1278 1202
f 1333 1210 1165
f 1321 1280 1225
f 1334 1249 1129
f 1163 1334 1129
f 1273 1334 1163
f 1334 1335 1249
f 1336 1284 1249
f 1335 1336 1249
f 1305 1315 1299
f 1301 1337 1328
f 1230 833 1089
f 1339 1200 1282
f 1318 1184 1113
f 1305 1340 1315
f 1342 1341 1268
f 1344 1343 1306
f 1264 1346 708
f 1347 1342 1268
f 1348 1344 1306
f 1316 1348 1306
f 1295 1500 1213
f 1349 1305 1330
f 1284 1350 1283
f 1341 1611 1271
f 1351 1354 1184
f 1318 1351 1184
f 1321 1352 1280
f 1471 1322 1315
f 1156 1353 1242
f 1353 1520 1242
f 1272 1347 1268
f 1352 1321 1328
f 1349 1340 1305
f 1250 1565 1273
f 1500 1277 1213
f 1324 1353 1156
f 1355 1349 1330
f 1345 1355 1330
f 1610 1247 1309
f 1356 1297 1187
f 1233 1357 1234
f 1357 1358 1234
f 1358 1338 1234
f 1358 1654 1338
f 871 1359 1220
f 1246 1360 1293
f 1339 1324 1200
f 1356 1361 1297
f 1359 1510 1220
f 1510 1267 1220
f 1611 1286 1271
f 1325 1626 1196
f 1626 1295 1196
f 1362 1214 1219
f 1257 1362 1219
f 1266 1258 1261
f 1654 1363 1338
f 1364 1362 1257
f 1323 1364 1257
f 1365 1298 1276
f 1366 1365 1276
f 1277 1366 1276
f 1626 1500 1295
f 1285 1149 1203
f 1367 1312 1149
f 1285 1367 1149
f 1363 1264 1338
f 1230 1368 833
f 1290 1279 1256
f 1315 1374 1471
f 1337 1470 1328
f 1311 1327 1206
f 1280 1369 1281
f 1369 1370 1281
f 1370 1371 1281
f 1371 1372 1281
f 1372 1263 1281
f 995 1603 996
f 1603 1290 996
f 1340 1374 1315
f 1375 1376 1377
f 1376 1378 1377
f 1378 1379 1377
f 1350 1345 1283
f 1375 1380 1376
f 1349 1374 1340
f 1297 1360 1246
f 1361 1360 1297
f 1352 1369 1280
f 1363 1346 1264
f 1209 1308 1331
f 1470 1352 1328
f 1381 1304 1303
f 480 1382 1272
f 1383 1285 1247
f 1384 1332 1286
f 1287 1385 1278
f 1346 707 708
f 1386 1229 1228
f 1387 1386 1228
f 1218 1388 1228
f 1388 1387 1228
f 1322 1389 1289
f 1345 1330 1283
f 1391 1339 1282
f 1355 1373 1349
f 1500 1392 1277
f 1214 1391 1282
f 1368 1393 833
f 1393 831 833
f 1394 1259 1274
f 1395 1323 1258
f 1423 1369 1352
f 1381 1308 1304
f 1329 1388 1218
f 1396 1390 1301
f 1301 1398 1396
f 1399 1389 1322
f 1400 1401 1231
f 1401 1232 1231
f 1267 1400 1231
f 1406 1403 1396
f 1397 1423 1352
f 1402 1404 1389
f 1405 1406 1396
f 1389 1407 1289
f 1403 1390 1396
f 1373 1374 1349
f 1390 1337 1301
f 1408 1405 1396
f 1409 1404 1402
f 1409 1402 1404
f 1399 1420 1389
f 1420 1402 1389
f 1409 1404 1402
f 1519 1471 1374
f 1409 1410 1404
f 1411 1414 1404
f 1410 1411 1404
f 1412 1411 1410
f 1413 1406 1405
f 1413 1403 1406
f 1409 1411 1410
f 1412 1414 1411
f 1409 1412 1411
f 1210 1333 1288
f 1414 1407 1389
f 1404 1414 1389
f 1398 1408 1396
f 1415 1744 1251
f 1744 1318 1251
f 1317 1415 1251
f 1319 1416 1252
f 1416 1417 1252
f 1417 1320 1252
f 1242 1418 1319
f 1418 1416 1319
f 1681 1329 1263
f 1372 1681 1263
f 1409 1419 1412
f 1419 1414 1412
f 1403 1421 1390
f 1422 1414 1419
f 1433 1405 1408
f 1425 835 834
f 1229 1425 834
f 1409 1414 1419
f 1402 1426 1409
f 1427 1165 1327
f 1428 1424 1414
f 1470 1397 1352
f 1568 1420 1399
f 1681 1388 1329
f 1386 1425 1229
f 1422 1428 1414
f 1373 1519 1374
f 1429 1407 1414
f 1409 1422 1414
f 1428 1422 1409
f 1394 1191 1259
f 1430 1375 1377
f 1379 1430 1377
f 1376 1379 1378
f 1332 1302 1211
f 1121 1385 1287
f 1120 1385 1121
f 1424 1429 1414
f 1431 1380 1375
f 1430 1431 1375
f 1380 1379 1376
f 1426 1402 1420
f 1432 1253 832
f 1568 1562 1420
f 1322 1434 1399
f 1421 1435 1390
f 1436 1433 1408
f 1398 1437 1408
f 1437 1436 1408
f 1438 1439 1405
f 1433 1438 1405
f 1432 1440 1253
f 1440 1325 1253
f 1437 1441 1436
f 1407 1398 1289
f 1398 1301 1289
f 1441 1442 1436
f 1441 1433 1436
f 1403 1443 1421
f 1439 1444 1405
f 1446 1421 1447
f 1448 1407 1429
f 1442 1441 1437
f 1413 1443 1403
f 1446 1449 1421
f 1449 1435 1421
f 1444 1413 1405
f 1272 1382 1347
f 1450 1448 1429
f 1433 1439 1438
f 1390 1451 1337
f 1455 1441 1442
f 1428 1506 1424
f 1449 1452 1435
f 1448 1453 1407
f 1453 1454 1407
f 1455 1433 1441
f 1562 1426 1420
f 1456 1442 1437
f 1457 1439 1438
f 1449 1446 1452
f 1456 1455 1442
f 1458 1439 1433
f 1446 1447 1449
f 1452 1459 1435
f 1457 1444 1439
f 1395 1364 1323
f 1449 1459 1452
f 1424 1450 1429
f 1447 1459 1449
f 1458 1457 1439
f 1506 1460 1424
f 1398 1456 1437
f 1456 1433 1455
f 1450 1461 1448
f 1462 1398 1407
f 1463 1462 1407
f 1454 1463 1407
f 1464 1465 1398
f 1462 1466 1398
f 1465 1504 1398
f 1504 1467 1398
f 1466 1468 1398
f 1468 1464 1398
f 1467 1456 1398
f 1423 1469 1369
f 1457 1458 1444
f 1434 1568 1399
f 1435 1451 1390
f 1472 1459 1447
f 1537 1447 1421
f 1473 1466 1462
f 1474 1465 1464
f 1475 1473 1462
f 1476 1473 1462
f 1463 1476 1462
f 1468 1477 1464
f 1478 1474 1464
f 1477 1474 1464
f 1480 1481 1454
f 1474 1478 1465
f 1476 1482 1473
f 1482 1475 1473
f 1477 1478 1474
f 1480 1463 1454
f 1468 1483 1477
f 1454 1453 1480
f 1476 1484 1482
f 1475 1466 1473
f 1483 1485 1477
f 1486 1504 1465
f 1487 1480 1454
f 1467 1488 1456
f 1481 1489 1454
f 1490 1465 1478
f 1480 1489 1481
f 1490 1486 1465
f 1487 1489 1481
f 1491 1490 1478
f 1482 1466 1475
f 1477 1490 1478
f 1459 1451 1435
f 1537 1472 1447
f 1511 1468 1466
f 1443 1537 1421
f 1489 1487 1454
f 1480 1487 1489
f 1492 1491 1490
f 1477 1492 1490
f 1493 1483 1468
f 1491 1486 1490
f 1537 1494 1472
f 1493 1495 1483
f 1488 1479 1456
f 1496 1476 1463
f 1497 1468 1511
f 1479 1433 1456
f 1510 1400 1267
f 1558 1423 1397
f 1483 1515 1485
f 1491 1492 1486
f 1494 1498 1472
f 1499 1477 1485
f 1501 1476 1496
f 1512 1468 1497
f 1467 1502 1488
f 1512 1493 1468
f 1486 1503 1504
f 1499 1492 1477
f 1495 1515 1483
f 1494 1459 1472
f 1484 1505 1482
f 1553 1466 1482
f 1507 1492 1499
f 1503 1508 1504
f 1501 1484 1476
f 1493 1509 1495
f 1515 1499 1485
f 1507 1499 1485
f 1515 1507 1499
f 1492 1508 1486
f 1508 1503 1486
f 1512 1513 1493
f 1514 1509 1493
f 1516 1553 1482
f 1482 1505 1516
f 1514 1509 1495
f 1509 1515 1495
f 1517 1463 1480
f 1518 1516 1505
f 1484 1518 1505
f 1509 1514 1513
f 1507 1515 1492
f 1537 1498 1494
f 1520 1418 1242
f 1498 1459 1494
f 1493 1513 1514
f 1505 1553 1516
f 1448 1521 1453
f 1521 1522 1453
f 1523 1444 1458
f 1492 1525 1508
f 1518 1553 1505
f 1513 1515 1509
f 1526 1445 1423
f 1528 1463 1517
f 1525 1524 1508
f 1513 1529 1515
f 1522 1480 1453
f 1524 1504 1508
f 1484 1553 1518
f 1530 1511 1466
f 1531 1734 1426
f 1523 1532 1444
f 1533 1528 1517
f 1534 1525 1508
f 1532 1536 1444
f 1529 1535 1515
f 1582 1480 1522
f 1582 1522 1521
f 1488 1527 1479
f 1535 1492 1515
f 1524 1538 1504
f 1734 1409 1426
f 1355 1539 1373
f 1479 1458 1433
f 1540 1460 1506
f 1539 1519 1373
f 1536 1541 1444
f 1523 1536 1532
f 1540 1428 1409
f 1734 1540 1409
f 1480 1528 1517
f 1534 1525 1492
f 1428 1540 1506
f 1541 1413 1444
f 1460 1542 1424
f 1533 1463 1528
f 1538 1524 1525
f 1534 1538 1525
f 1424 1461 1450
f 1496 1543 1501
f 1544 1528 1480
f 1537 1459 1498
f 1513 1545 1529
f 1471 1434 1322
f 1536 1541 1532
f 1546 1545 1529
f 1308 1547 1331
f 1547 1326 1331
f 1544 1496 1463
f 1445 1469 1423
f 1545 1535 1529
f 1544 1463 1533
f 1513 1546 1545
f 1544 1533 1528
f 1538 1572 1504
f 1335 1334 1273
f 1469 1370 1369
f 1549 1510 1359
f 1536 1523 1541
f 1523 1413 1541
f 1278 1348 1316
f 1546 1535 1545
f 1582 1544 1480
f 1553 1530 1466
f 1535 1546 1513
f 1558 1526 1423
f 1501 1550 1484
f 1572 1467 1504
f 1512 1551 1513
f 1550 1552 1484
f 1552 1553 1484
f 1492 1538 1534
f 1540 1554 1542
f 1554 1424 1542
f 1555 1554 1542
f 1554 1461 1424
f 1543 1550 1501
f 1556 1523 1458
f 1555 1461 1554
f 1530 1557 1511
f 1460 1540 1542
f 1558 1397 1470
f 1550 1559 1552
f 1233 1560 1561
f 1558 1470 1337
f 1469 1560 1370
f 1540 1555 1554
f 1307 1563 1250
f 1564 1371 1370
f 1560 1618 1370
f 1618 1564 1370
f 1557 1497 1511
f 1565 1335 1273
f 1519 1434 1471
f 1551 1535 1513
f 1502 1527 1488
f 871 1549 1359
f 1566 1539 1355
f 1552 1559 1553
f 1526 1469 1445
f 1561 1357 1233
f 1559 1567 1552
f 1562 1531 1426
f 1232 1560 1233
f 1569 1572 1538
f 1540 1461 1555
f 1550 1567 1559
f 1451 1558 1337
f 1548 1566 1355
f 1548 1355 1345
f 1570 1303 1326
f 1547 1570 1326
f 1350 1571 1345
f 1527 1576 1479
f 1576 1556 1479
f 1682 1565 1250
f 1556 1458 1479
f 1567 1553 1559
f 1469 1561 1560
f 1574 1459 1537
f 1572 1575 1569
f 1539 1566 1519
f 1566 1434 1519
f 1573 1451 1459
f 1578 1568 1434
f 1346 1691 707
f 1561 1579 1357
f 1580 1461 1540
f 1581 1549 871
f 835 1581 871
f 1538 1572 1569
f 1550 1553 1567
f 1573 1558 1451
f 1538 1575 1572
f 1566 1578 1434
f 1573 1526 1558
f 1675 1582 1521
f 1583 1535 1551
f 1214 1339 1391
f 1585 1586 1544
f 1587 1573 1459
f 1492 1588 1538
f 1588 1589 1538
f 1589 1575 1538
f 1670 1590 1553
f 1553 1590 1530
f 1583 1588 1492
f 1535 1583 1492
f 1582 1585 1544
f 1590 1754 1530
f 1589 1572 1575
f 1573 1587 1526
f 1550 1670 1553
f 1448 1675 1521
f 1526 1592 1469
f 1592 1561 1469
f 1232 1618 1560
f 1548 1648 1566
f 1757 1583 1551
f 1589 1467 1572
f 1587 1577 1526
f 1610 1383 1247
f 1593 1384 1286
f 1586 1496 1544
f 1594 1497 1557
f 1530 1594 1557
f 1512 1757 1551
f 1351 1689 1354
f 1595 1562 1568
f 1347 1596 1342
f 1596 1597 1342
f 1598 1309 1343
f 1599 1611 1341
f 1348 1600 1344
f 1586 1543 1496
f 1601 1512 1497
f 1594 1601 1497
f 1602 1670 1550
f 1543 1602 1550
f 1601 1757 1512
f 1591 1574 1537
f 1574 1587 1459
f 1599 1341 1342
f 1597 1599 1342
f 1344 1598 1343
f 1600 1598 1344
f 1298 1368 1230
f 1604 1605 1284
f 1336 1604 1284
f 1616 1578 1566
f 1616 1568 1578
f 1606 1296 317
f 1320 1356 1187
f 1689 1244 1354
f 1563 1682 1250
f 1443 1620 1537
f 1691 1609 707
f 1284 1571 1350
f 1577 1592 1526
f 1598 1610 1309
f 1612 1548 1345
f 1571 1612 1345
f 1363 1613 1346
f 1616 1595 1568
f 1648 1616 1566
f 1614 1591 1537
f 1615 1607 1292
f 1360 1608 1293
f 1617 1595 1616
f 1620 1614 1537
f 1382 1596 1347
f 1591 1587 1574
f 1591 1577 1587
f 1609 994 707
f 1401 1618 1232
f 1592 1619 1561
f 1619 1579 1561
f 1606 1716 1296
f 1392 1366 1277
f 1716 1615 1296
f 1577 1619 1592
f 1266 1621 1258
f 1621 1395 1258
f 1622 1279 1290
f 1614 1623 1591
f 1624 1303 1570
f 1579 1625 1357
f 1440 1626 1325
f 1461 1627 1448
f 1627 1675 1448
f 1619 1625 1579
f 835 1628 831
f 1628 1629 831
f 1629 1630 831
f 1631 832 831
f 1630 1632 831
f 1632 1631 831
f 1393 1633 831
f 1633 1430 831
f 1430 835 831
f 1425 1628 835
f 1634 1581 835
f 1430 1379 835
f 1379 1634 835
f 1368 1633 1393
f 1634 1549 1581
f 1368 1635 1633
f 1636 1777 1634
f 1777 1549 1634
f 1633 1637 1430
f 1637 1767 1430
f 1767 1431 1430
f 1638 1634 1379
f 1380 1638 1379
f 1638 1636 1634
f 1640 1266 1279
f 1622 1640 1279
f 1641 1298 1365
f 1642 1641 1365
f 1366 1642 1365
f 1639 1394 1274
f 1623 1577 1591
f 1643 1617 1616
f 1623 1619 1577
f 1644 1599 1597
f 1645 1644 1597
f 1600 1646 1598
f 1647 1646 1600
f 1648 1643 1616
f 1689 1649 1244
f 1650 1353 1324
f 1651 1562 1595
f 1652 1651 1595
f 1357 1653 1358
f 1653 1654 1358
f 1620 1623 1614
f 1655 1260 1244
f 1649 1655 1244
f 1339 1650 1324
f 1596 1645 1597
f 1646 1610 1598
f 1644 1611 1599
f 1656 1647 1600
f 1348 1656 1600
f 1611 1593 1286
f 1657 1415 1317
f 1858 1657 1317
f 1292 1858 1317
f 1658 1427 1327
f 1612 1648 1548
f 1659 1502 1467
f 1660 1659 1467
f 1589 1660 1467
f 1655 1639 1260
f 1639 1274 1260
f 1214 1584 1339
f 1641 1368 1298
f 1625 1661 1357
f 1661 1653 1357
f 1646 1723 1610
f 1644 1724 1611
f 1651 1531 1562
f 1386 1628 1425
f 1580 1540 1734
f 1662 1628 1386
f 1387 1662 1386
f 1663 1618 1401
f 1631 1664 832
f 1664 1432 832
f 480 1665 1382
f 1666 1383 1610
f 1667 1384 1593
f 1385 1668 1278
f 1308 1669 1547
f 1664 1440 1432
f 1362 1584 1214
f 1613 1363 1654
f 1311 1658 1327
f 1671 1672 1413
f 1672 1443 1413
f 1523 1671 1413
f 1672 1620 1443
f 1673 1371 1564
f 1576 1527 1502
f 1659 1576 1502
f 1623 1674 1619
f 1674 1625 1619
f 1427 1333 1165
f 1624 1381 1303
f 1837 1603 995
f 1675 1585 1582
f 1394 1207 1191
f 1665 1596 1382
f 1724 1593 1611
f 1676 1351 1318
f 1677 1623 1620
f 1678 1564 1618
f 1679 1678 1618
f 1663 1679 1618
f 1387 1680 1662
f 1731 1681 1372
f 1235 1302 1332
f 1384 1235 1332
f 1119 1385 1120
f 1653 1613 1654
f 1371 1731 1372
f 1596 1683 1645
f 1278 1684 1348
f 1603 1622 1290
f 1685 1686 1335
f 1686 1336 1335
f 1676 1689 1351
f 1353 1687 1520
f 1617 1652 1595
f 1635 1637 1633
f 1565 1685 1335
f 320 1606 317
f 1388 1680 1387
f 1688 1364 1395
f 1688 1362 1364
f 1690 1366 1392
f 1677 1674 1623
f 1805 1571 1284
f 1613 1691 1346
f 1643 1652 1617
f 1723 1693 1610
f 1608 319 1293
f 1672 1677 1620
f 1694 1653 1661
f 1653 1692 1613
f 1673 1695 1371
f 1695 1696 1371
f 1696 1731 1371
f 1697 1625 1674
f 1698 1699 1686
f 1700 480 1288
f 1320 1702 1356
f 1673 1400 1510
f 1701 1673 1510
f 1640 1621 1266
f 1703 1699 1698
f 1704 1644 1645
f 1647 1705 1646
f 1697 1661 1625
f 1673 1401 1400
f 1697 1706 1661
f 1706 1694 1661
f 1653 1694 1692
f 1333 1700 1288
f 1615 1707 1607
f 1360 1708 1608
f 1702 1361 1356
f 1693 1666 1610
f 1709 1667 1593
f 1710 1684 1278
f 1668 1710 1278
f 1650 1687 1353
f 1711 1672 1671
f 1672 1674 1677
f 1672 1678 1674
f 1678 1697 1674
f 1712 1392 1500
f 1626 1712 1500
f 1713 1714 1394
f 1665 1683 1596
f 1635 1715 1637
f 1639 1713 1394
f 1702 1816 1361
f 1705 1723 1646
f 1704 1724 1644
f 1656 1717 1647
f 1672 1564 1678
f 1699 1604 1686
f 1648 1817 1643
f 1662 1718 1628
f 1718 1629 1628
f 1605 1604 1699
f 1720 1314 1714
f 1314 1394 1714
f 1707 1615 1716
f 1361 1708 1360
f 1816 1708 1361
f 1719 1699 1703
f 1680 1718 1662
f 1604 1336 1686
f 1639 1721 1713
f 1679 1697 1678
f 1307 1722 1563
f 1697 1679 1706
f 1663 1694 1706
f 1679 1663 1706
f 1431 1725 1380
f 1725 1638 1380
f 1621 1726 1395
f 1725 1636 1638
f 1728 1703 1698
f 1686 1728 1698
f 1729 1704 1645
f 1730 1705 1647
f 1731 1732 1681
f 1684 1656 1348
f 1586 1733 1543
f 1733 1602 1543
f 1711 1673 1672
f 1673 1564 1672
f 1727 1721 1639
f 1823 1626 1440
f 1726 1688 1395
f 1735 1605 1699
f 1736 1720 1714
f 1713 1736 1714
f 1737 1584 1362
f 1612 1817 1648
f 1738 1580 1734
f 1366 1690 1642
f 1823 1712 1626
f 1721 1739 1713
f 1692 1691 1613
f 1732 1740 1681
f 1740 1388 1681
f 1741 1339 1584
f 1556 1742 1523
f 1719 1735 1699
f 1743 1744 1415
f 1657 1743 1415
f 1416 1745 1417
f 1745 1746 1417
f 1746 1747 1417
f 1747 1320 1417
f 1418 1745 1416
f 1756 1733 1586
f 1728 1748 1703
f 1727 1780 1721
f 1749 1729 1645
f 1683 1749 1645
f 1717 1730 1647
f 1748 1719 1703
f 1663 1692 1694
f 1640 1750 1621
f 1730 1704 1729
f 1730 1729 1705
f 1751 1624 1570
f 1752 1742 1556
f 1688 1737 1362
f 1655 1727 1639
f 1884 1556 1576
f 1884 1752 1556
f 1744 1676 1318
f 1739 1736 1713
f 1751 1753 1624
f 1753 1381 1624
f 1737 1862 1584
f 1670 1754 1590
f 1585 1756 1586
f 1388 1740 1680
f 1754 1755 1530
f 1755 1594 1530
f 1758 1660 1589
f 1711 1401 1673
f 1314 1207 1394
f 1887 1755 1754
f 1588 1758 1589
f 1780 1739 1721
f 1756 1585 1675
f 1692 1759 1691
f 1705 1749 1723
f 1704 1760 1724
f 1583 1758 1588
f 1757 1758 1583
f 1780 1761 1739
f 1762 1440 1664
f 1711 1663 1401
f 1663 1759 1692
f 1729 1749 1705
f 1730 1760 1704
f 1717 1760 1730
f 1862 1741 1584
f 1763 1837 995
f 1712 1866 1392
f 1641 1635 1368
f 1764 1651 1652
f 1753 1308 1381
f 480 1765 1665
f 1964 1732 1731
f 1766 1964 1731
f 1431 1767 1725
f 1767 1636 1725
f 1461 1768 1627
f 1580 1768 1461
f 1769 1418 1520
f 1724 1709 1593
f 1549 1701 1510
f 1643 1764 1652
f 1549 1770 1701
f 1770 1673 1701
f 1696 1766 1731
f 1964 1771 1732
f 1771 1740 1732
f 1772 1333 1427
f 1637 1636 1767
f 1770 1695 1673
f 1669 1773 1547
f 1773 1570 1547
f 1774 1749 1683
f 1749 1693 1723
f 1607 1858 1292
f 994 1763 995
f 1775 1571 1805
f 1750 1726 1621
f 1687 1769 1520
f 1715 1989 1637
f 1776 1718 1680
f 1740 1771 1680
f 1771 1776 1680
f 1563 1796 1682
f 1778 1284 1605
f 1735 1778 1605
f 1676 1779 1689
f 1780 1727 1655
f 1741 1781 1339
f 1781 1650 1339
f 1989 1636 1637
f 1711 1759 1663
f 1665 1774 1683
f 1760 1709 1724
f 1684 1717 1656
f 1717 1709 1760
f 1989 1777 1636
f 1764 1782 1651
f 1782 1531 1651
f 1759 1609 1691
f 1779 1649 1689
f 1608 1783 319
f 1747 1702 1320
f 1784 1774 1665
f 1765 1784 1665
f 1785 1666 1693
f 1786 1667 1709
f 1775 1612 1571
f 1609 1787 994
f 1770 1788 1695
f 1788 1696 1695
f 1788 1789 1696
f 1789 1766 1696
f 1790 1751 1570
f 1773 1790 1570
f 1383 1367 1285
f 1791 1312 1367
f 1383 1791 1367
f 1792 1659 1660
f 1758 1792 1660
f 1793 1685 1565
f 320 1794 1606
f 1594 1795 1601
f 1795 1757 1601
f 1682 1793 1565
f 2001 1734 1531
f 1119 1668 1385
f 1829 1778 1735
f 1774 1693 1749
f 1797 1798 1671
f 1798 1711 1671
f 1523 1797 1671
f 1799 1658 1311
f 1310 1799 1311
f 1800 1770 1549
f 1777 1800 1549
f 2001 1801 1734
f 1794 1716 1606
f 1707 1802 1607
f 1708 1783 1608
f 1803 1763 994
f 1684 1709 1717
f 1800 1788 1770
f 1807 1743 1657
f 1808 1807 1657
f 1858 1808 1657
f 1809 1744 1743
f 1807 1809 1743
f 1745 1810 1746
f 1810 1811 1746
f 1811 1890 1746
f 1890 1747 1746
f 1812 1810 1745
f 1418 1812 1745
f 1877 1806 1580
f 1813 1805 1284
f 1877 1580 1738
f 1801 1738 1734
f 1778 1813 1284
f 1748 1814 1719
f 1794 1815 1716
f 1804 1688 1726
f 1818 1884 1576
f 1742 1797 1523
f 1775 1817 1612
f 1782 2001 1531
f 1819 1609 1759
f 1670 1820 1754
f 1821 1786 1709
f 1684 1821 1709
f 1710 1822 1684
f 1815 1707 1716
f 1762 1823 1440
f 1820 1887 1754
f 1929 1824 1675
f 1711 1819 1759
f 1787 1803 994
f 1825 1655 1649
f 1824 1756 1675
f 1866 1690 1392
f 1632 1827 1631
f 1827 1664 1631
f 1828 1641 1642
f 1690 1828 1642
f 1917 1712 1823
f 1719 1829 1735
f 1830 1427 1658
f 1799 1830 1658
f 1761 1831 1739
f 1831 1832 1739
f 1832 1736 1739
f 1827 1762 1664
f 1806 1768 1580
f 1917 1866 1712
f 1659 1818 1576
f 1795 1833 1757
f 1627 1929 1675
f 1686 1835 1728
f 1954 1792 1758
f 1784 1836 1774
f 1836 1785 1693
f 1774 1836 1693
f 1825 1649 1779
f 1750 1918 1726
f 1918 1838 1726
f 1822 1821 1684
f 1711 1798 1819
f 1839 1787 1609
f 1819 1839 1609
f 1840 1622 1603
f 1837 1840 1603
f 1937 1844 1845
f 1920 1846 1847
f 1850 1838 1851
f 1918 1851 1838
f 1852 1753 1751
f 1641 1921 1635
f 1840 1854 1622
f 1854 1640 1622
f 1798 1855 1819
f 1855 1839 1819
f 1834 1793 1682
f 1828 1921 1641
f 1796 1834 1682
f 1655 1856 1780
f 1857 1602 1733
f 1857 1670 1602
f 2089 1744 1809
f 1852 1308 1753
f 1859 1748 1728
f 1687 1860 1769
f 2056 1772 1427
f 1333 1861 1700
f 1772 1861 1333
f 1961 1669 1308
f 1852 1961 1308
f 1863 1855 1798
f 1864 1795 1594
f 1755 1864 1594
f 1817 1865 1643
f 1865 1980 1643
f 1867 1841 1853
f 1868 1863 1798
f 1720 1832 1314
f 1832 1310 1314
f 1869 1690 1866
f 1850 1804 1726
f 1838 1850 1726
f 1650 1860 1687
f 1736 1832 1720
f 1921 1715 1635
f 1773 1870 1790
f 1843 1871 1842
f 1849 1938 1848
f 1872 1871 1843
f 1873 1937 1845
f 1914 1920 1847
f 1874 1938 1849
f 1875 1850 1851
f 318 1794 320
f 1802 1858 1607
f 1630 1876 1632
f 1876 1827 1632
f 1685 1835 1686
f 1877 1738 1801
f 1876 1878 1827
f 1878 1762 1827
f 1856 1957 1780
f 1768 1879 1627
f 1879 1929 1627
f 1797 1868 1798
f 1937 1880 1844
f 1880 1845 1844
f 1881 1820 1670
f 1826 1954 1758
f 1882 1829 1719
f 1884 1883 1752
f 1859 1814 1748
f 1752 1883 1742
f 1885 1865 1817
f 1886 1885 1775
f 1885 1817 1775
f 2018 1851 1918
f 1805 1886 1775
f 1888 1809 1807
f 1808 1888 1807
f 1889 2089 1809
f 1888 1889 1809
f 1810 1889 1811
f 1889 1888 1811
f 1888 1890 1811
f 1812 2089 1810
f 2089 1889 1810
f 1793 1835 1685
f 1944 1823 1762
f 1892 1839 1855
f 1757 1826 1758
f 1893 1826 1757
f 1833 1893 1757
f 1957 1761 1780
f 1707 1894 1802
f 1708 1895 1783
f 1747 1816 1702
f 2029 1860 1650
f 1690 1869 1828
f 1944 1917 1823
f 1804 1737 1688
f 1747 1896 1816
f 1897 1750 1640
f 1898 1751 1790
f 1899 1655 1825
f 1781 2029 1650
f 1808 1890 1888
f 1669 1891 1773
f 1901 1872 1843
f 2018 1875 1851
f 1236 1235 1384
f 1667 1236 1384
f 1119 1710 1668
f 1118 1710 1119
f 1932 1870 1773
f 1899 1856 1655
f 1741 1902 1781
f 1814 1882 1719
f 1778 1903 1813
f 1932 1904 1870
f 1891 1932 1773
f 1905 1880 1937
f 1756 1906 1733
f 1906 1857 1733
f 1841 1907 1853
f 1908 1843 1842
f 1871 1908 1842
f 1909 1847 1846
f 1920 1909 1846
f 1910 1849 1848
f 1938 1910 1848
f 1824 1952 1756
f 1911 1869 1866
f 1862 1902 1741
f 1769 1912 1418
f 1897 1918 1750
f 1881 1670 1857
f 1853 1913 1867
f 1874 1915 1938
f 1916 1312 1791
f 1873 1919 1937
f 2056 1427 1830
f 1872 1919 1871
f 1917 1911 1866
f 1722 1796 1563
f 1900 1913 1853
f 1923 1921 1828
f 1914 1919 1920
f 1915 1919 1938
f 1718 1630 1629
f 1744 1924 1676
f 1925 1868 1797
f 1742 1925 1797
f 1926 1830 1799
f 1310 1927 1799
f 1928 1873 1845
f 1880 1928 1845
f 1876 1630 1718
f 1776 1876 1718
f 1792 1930 1659
f 1930 1818 1659
f 1864 1931 1795
f 1931 1833 1795
f 1669 1932 1891
f 1913 1971 1867
f 1971 1919 1867
f 1882 1933 1829
f 1776 1878 1876
f 1924 1779 1676
f 1860 1934 1769
f 1934 1912 1769
f 1935 1737 1804
f 1850 1935 1804
f 1907 1900 1853
f 1919 1850 1938
f 1936 1874 1849
f 1894 1707 1815
f 1816 1895 1708
f 1896 1895 1816
f 1919 1872 1867
f 1872 1939 1867
f 1919 1873 1871
f 1873 2014 1871
f 1919 1914 1937
f 1919 1915 1920
f 1850 1875 1938
f 1936 1920 1915
f 1992 1938 1875
f 1669 1961 1932
f 1924 1940 1779
f 1941 1911 1917
f 1942 1906 1756
f 1898 1943 1751
f 1943 1852 1751
f 1878 1944 1762
f 1903 1778 1829
f 1933 1903 1829
f 1945 1925 1742
f 2001 1877 1801
f 1946 1772 2056
f 1947 1806 1877
f 1887 2121 1755
f 1944 1941 1917
f 1948 1898 1790
f 1870 1949 1790
f 1949 1948 1790
f 1763 1840 1837
f 1940 1825 1779
f 2029 1934 1860
f 1999 1884 1818
f 1854 1897 1640
f 1935 1862 1737
f 2060 1768 1806
f 1881 1887 1820
f 1904 1949 1870
f 1999 1950 1884
f 1952 1942 1756
f 1951 1923 1828
f 1869 1951 1828
f 1950 1883 1884
f 1755 2121 1864
f 1912 1812 1418
f 1952 1824 1929
f 1943 2096 1852
f 1953 2085 319
f 1783 1953 319
f 1935 1956 1862
f 1893 1954 1826
f 1867 1958 1841
f 1938 1959 1910
f 1939 1958 1867
f 1936 1915 1874
f 2096 1960 1852
f 1960 1961 1852
f 1643 1962 1764
f 1963 1964 1766
f 1922 2045 1873
f 1914 1966 1937
f 1901 1939 1872
f 1940 2072 1825
f 1728 1967 1859
f 1968 1771 1964
f 1969 1869 1911
f 1789 1963 1766
f 1970 1857 1906
f 1922 1873 1928
f 1899 1957 1856
f 1956 1902 1862
f 1963 1941 1964
f 1941 1963 1911
f 1970 1881 1857
f 1972 1899 1825
f 2072 1972 1825
f 1985 1904 1932
f 1923 1715 1921
f 318 1815 1794
f 1894 1858 1802
f 1895 1953 1783
f 1814 1933 1882
f 1863 2066 1855
f 1941 1968 1964
f 1963 1969 1911
f 1789 1969 1963
f 1900 2064 1913
f 1944 1968 1941
f 1968 1944 1878
f 1974 1886 1805
f 1961 1973 1932
f 1975 1793 1834
f 2080 1920 1936
f 2045 2014 1873
f 1965 1937 1966
f 318 2049 1815
f 1926 2056 1830
f 1908 1976 1843
f 1976 1901 1843
f 1909 1977 1847
f 1977 1955 1847
f 1955 1914 1847
f 1910 1978 1849
f 1978 1936 1849
f 1979 1907 1841
f 1958 1979 1841
f 1835 1967 1728
f 1971 1898 1948
f 1919 1971 1948
f 1949 1919 1948
f 1980 1962 1643
f 1984 1814 1859
f 1973 1985 1932
f 1771 1968 1776
f 1968 1878 1776
f 1981 1982 1764
f 1982 1782 1764
f 1982 2001 1782
f 2049 1894 1815
f 435 1710 1118
f 1969 1923 1951
f 1869 1969 1951
f 2024 1918 1897
f 2064 1971 1913
f 1983 1840 1763
f 1813 1974 1805
f 1985 1949 1904
f 1814 1986 1933
f 1986 1903 1933
f 1923 1989 1715
f 1988 480 1700
f 1987 1988 1700
f 1983 1854 1840
f 1800 1969 1788
f 1969 1789 1788
f 2024 1990 1918
f 1919 1935 1850
f 1984 1993 1814
f 1989 1800 1777
f 1965 1905 1937
f 1990 2018 1918
f 1955 1966 1914
f 1861 1987 1700
f 1996 1931 1864
f 2121 1996 1864
f 1997 1930 1792
f 1954 1997 1792
f 1998 1879 1768
f 2060 1998 1768
f 1924 2000 1940
f 1947 2060 1806
f 1961 1985 1973
f 2002 2066 1863
f 1993 1986 1814
f 2080 1991 1920
f 1950 1945 1742
f 2003 2121 1887
f 1920 1991 1909
f 1969 1989 1923
f 2001 2004 1877
f 2005 1957 1899
f 1972 2005 1899
f 1902 2006 1781
f 2006 2029 1781
f 1883 1950 1742
f 1979 2007 1907
f 1989 1969 1800
f 1961 1960 1985
f 1803 2008 1763
f 2003 1887 1881
f 2084 1902 1956
f 1868 2002 1863
f 1967 1984 1859
f 1929 2010 1952
f 1885 1980 1865
f 2012 1949 1985
f 2009 1893 1833
f 1962 1981 1764
f 1942 2011 1906
f 2011 1970 1906
f 1960 2012 1985
f 1993 1813 1986
f 1971 2013 1898
f 2007 1900 1907
f 2015 2080 1936
f 1994 1959 1992
f 1959 1938 1992
f 1722 2016 1796
f 1813 1903 1986
f 2017 1901 1976
f 2188 1936 1978
f 1992 1875 2018
f 2019 1976 1908
f 1871 2019 1908
f 2020 1977 1909
f 1991 2020 1909
f 2021 1978 1910
f 1959 2021 1910
f 2005 2022 1957
f 1666 1791 1383
f 2023 1916 1791
f 1666 2023 1791
f 1854 2024 1897
f 2012 1919 1949
f 1855 2025 1892
f 2004 1947 1877
f 1925 2002 1868
f 2026 1924 1744
f 2027 1812 1912
f 2028 1926 1799
f 1927 2028 1799
f 2008 1983 1763
f 2030 1993 1984
f 2033 2034 1834
f 1796 2033 1834
f 2000 2072 1940
f 2108 2001 1982
f 2022 2035 1957
f 2036 1765 480
f 2008 2037 1983
f 2038 1854 1983
f 2037 2038 1983
f 1999 1818 1930
f 2173 1833 1931
f 2159 1984 1967
f 2035 1761 1957
f 2031 2049 318
f 2039 1995 1858
f 1894 2039 1858
f 1895 2040 1953
f 2032 1896 1747
f 2064 2041 1971
f 2042 1803 1787
f 1839 2042 1787
f 2034 1975 1834
f 2043 1813 1993
f 2010 1942 1952
f 1919 2044 1935
f 2009 1954 1893
f 1803 2037 2008
f 2046 1958 1939
f 2041 2013 1971
f 2110 1793 1975
f 2047 1960 2096
f 1926 2028 2036
f 2028 1765 2036
f 2017 1939 1901
f 2048 1832 1831
f 1892 2042 1839
f 2032 2050 1896
f 2030 2043 1993
f 2155 1879 1998
f 2051 1885 1886
f 2052 2006 1902
f 1974 2051 1886
f 2026 2000 1924
f 1934 2053 1912
f 2053 2027 1912
f 2054 2011 1942
f 2055 1922 1928
f 1988 2036 480
f 2025 2037 1892
f 2037 2042 1892
f 2013 1943 1898
f 1786 1236 1667
f 435 1822 1710
f 2042 2037 1803
f 2056 1926 2036
f 2035 1831 1761
f 2017 2046 1939
f 1955 1965 1966
f 2039 1894 2049
f 1896 2040 1895
f 2050 2040 1896
f 2025 2038 2037
f 1995 1808 1858
f 1960 2057 2012
f 2058 2043 2030
f 2058 2059 2030
f 1984 2058 2030
f 2155 1929 1879
f 1835 2061 1967
f 2062 2172 1881
f 1988 2063 2036
f 2063 2056 2036
f 2062 1881 1970
f 1984 2059 2058
f 2065 2043 2058
f 2059 2065 2058
f 1962 2067 1981
f 2172 2003 1881
f 2012 2044 1919
f 2066 2025 1855
f 1999 2068 1950
f 1885 2071 1980
f 2029 2053 1934
f 2073 2065 2059
f 1984 2073 2059
f 2007 2074 1900
f 2173 2009 1833
f 2075 2066 2002
f 1890 2076 1747
f 2084 2052 1902
f 1905 2077 1880
f 2077 1928 1880
f 2110 1835 1793
f 2201 1974 1813
f 2057 2088 2012
f 2044 2078 1935
f 2078 1956 1935
f 2043 2201 1813
f 2067 1982 1981
f 2081 2053 2029
f 2009 2070 1954
f 2055 2045 1922
f 2004 2060 1947
f 2047 2057 1960
f 2225 2061 1835
f 2014 2082 1871
f 1965 2079 1905
f 2083 2022 2005
f 2088 2044 2012
f 2089 2026 1744
f 2078 2084 1956
f 2076 2032 1747
f 1925 2075 2002
f 2086 2159 1967
f 2061 2086 1967
f 2063 1946 2056
f 2083 2087 2022
f 2073 2043 2065
f 2069 2070 2009
f 1984 2090 2073
f 2083 2005 1972
f 2052 2091 2006
f 2091 2029 2006
f 2208 1955 1977
f 1958 2092 1979
f 1871 2123 2019
f 2093 1931 1996
f 2094 1930 1997
f 2095 2075 1925
f 1945 2095 1925
f 2096 1943 2013
f 2087 2035 2022
f 1990 2097 2018
f 2097 1992 2018
f 2053 2098 2027
f 2035 2048 1831
f 2088 2057 2047
f 2099 1970 2011
f 2010 1929 2155
f 2094 1999 1930
f 1821 2100 1786
f 2100 2101 1786
f 2101 2102 1786
f 2102 1236 1786
f 2103 2104 1822
f 435 2103 1822
f 2102 402 1236
f 86 2103 435
f 2093 2173 1931
f 2039 2105 1995
f 2040 2085 1953
f 2026 2106 2000
f 2071 1885 2051
f 2082 2123 1871
f 2107 2091 2052
f 2109 1984 2159
f 2027 2111 1812
f 2112 1916 2023
f 2031 2113 2049
f 2114 2054 1942
f 2188 2115 1936
f 1950 2116 1945
f 86 2117 2103
f 2117 2118 2103
f 2119 402 2102
f 2108 2004 2001
f 2118 2104 2103
f 2101 2119 2102
f 2116 2095 1945
f 2090 2043 2073
f 2173 2069 2009
f 2128 2119 2101
f 2106 2072 2000
f 2081 2098 2053
f 73 2117 86
f 2120 2068 1999
f 2115 2015 1936
f 2122 1988 1987
f 1946 1861 1772
f 2034 2110 1975
f 2071 1962 1980
f 2070 2178 1954
f 2024 2187 1990
f 2123 2082 2014
f 2010 2114 1942
f 2172 2121 2003
f 2028 2125 1765
f 2125 1784 1765
f 1927 2125 2028
f 2126 2200 1959
f 2118 2127 2104
f 2109 2090 1984
f 2119 83 402
f 2178 1997 1954
f 2074 2064 1900
f 2046 2198 1958
f 2068 2116 1950
f 2106 2129 2072
f 2130 2025 2066
f 2108 2060 2004
f 316 2131 318
f 2136 2128 2101
f 2100 2136 2101
f 2127 2132 2104
f 2187 2097 1990
f 2096 2133 2047
f 2133 2202 2047
f 2202 2088 2047
f 2134 2133 2096
f 1854 2206 2024
f 2135 2122 1987
f 1861 2135 1987
f 1946 2135 1861
f 2045 2123 2014
f 1955 2079 1965
f 2017 2198 2046
f 1994 2126 1959
f 2137 1822 2104
f 2132 2137 2104
f 1959 2200 2021
f 2138 1972 2072
f 2129 2138 2072
f 2091 2081 2029
f 2140 2093 1996
f 2121 2140 1996
f 2141 2094 1997
f 2178 2141 1997
f 2142 2155 1998
f 2060 2142 1998
f 2143 2100 1821
f 2137 2143 1822
f 2143 1821 1822
f 2067 2144 1982
f 2144 2108 1982
f 2145 2146 1928
f 2146 2055 1928
f 2077 2145 1928
f 2098 2111 2027
f 2147 1976 2019
f 2148 1977 2020
f 2149 1978 2021
f 2132 2150 2137
f 2147 2017 1976
f 2148 2208 1977
f 2149 2188 1978
f 2111 2089 1812
f 2105 2039 2049
f 2113 2105 2049
f 2131 2031 318
f 2151 1808 1995
f 2150 2143 2137
f 2124 2114 2010
f 1905 2152 2077
f 2143 2153 2100
f 2153 2136 2100
f 2054 2154 2011
f 2154 2099 2011
f 2156 2044 2088
f 2157 2198 2017
f 2150 2153 2143
f 2016 2033 1796
f 1835 2158 2225
f 2099 2062 1970
f 2139 2160 2090
f 2084 2161 2052
f 2161 2107 2052
f 2162 1994 1992
f 2163 2043 2090
f 2208 2164 1955
f 2110 2158 1835
f 2146 2045 2055
f 2089 2165 2026
f 2109 2139 2090
f 2162 2230 1994
f 2043 2163 2201
f 2038 2206 1854
f 2111 2165 2089
f 2166 1991 2080
f 2167 2074 2007
f 2162 1992 2097
f 2083 2168 2087
f 2169 2010 2155
f 2074 2170 2064
f 2160 2163 2090
f 2171 2161 2078
f 2202 2156 2088
f 2131 2113 2031
f 2105 2151 1995
f 2174 2175 2085
f 2040 2174 2085
f 2076 2050 2032
f 2161 2084 2078
f 2044 2171 2078
f 2207 2098 2081
f 2176 2034 2033
f 2206 2187 2024
f 2165 2106 2026
f 1979 2167 2007
f 2138 2083 1972
f 2041 2177 2013
f 2115 2166 2015
f 2166 2080 2015
f 2230 2126 1994
f 2146 2123 2045
f 2164 2079 1955
f 2180 2185 2060
f 2170 2041 2064
f 2108 2180 2060
f 2177 2096 2013
f 2173 2179 2069
f 2181 2075 2095
f 2116 2181 2095
f 2120 2116 2068
f 2091 2207 2081
f 2182 2168 2083
f 2183 2167 1979
f 2092 2183 1979
f 1991 2184 2020
f 2060 2185 2142
f 2076 2186 2050
f 2069 2178 2070
f 2121 2313 2140
f 2178 2189 2141
f 2075 2190 2066
f 2190 2130 2066
f 2179 2178 2069
f 2165 2195 2106
f 2159 2139 2109
f 2287 2044 2156
f 2034 2191 2110
f 2079 2152 1905
f 2141 2192 2094
f 2192 2193 2094
f 2193 1999 2094
f 2140 2194 2093
f 2194 2173 2093
f 2168 2035 2087
f 2098 2195 2111
f 2195 2165 2111
f 2196 2144 2067
f 2050 2174 2040
f 2186 2174 2050
f 2197 2191 2034
f 2293 2159 2086
f 2198 2092 1958
f 2195 2129 2106
f 2175 315 2085
f 2166 2184 1991
f 1785 2023 1666
f 2199 2112 2023
f 1785 2199 2023
f 1974 2201 2051
f 2138 2182 2083
f 2301 2017 2147
f 1962 2196 2067
f 2176 2197 2034
f 2318 2160 2139
f 2181 2190 2075
f 2116 2203 2181
f 1927 2204 2125
f 2168 2048 2035
f 2298 2123 2146
f 2187 2209 2097
f 2209 2162 2097
f 2193 2120 1999
f 2210 2147 2019
f 2123 2210 2019
f 2211 2148 2020
f 2184 2211 2020
f 2212 2149 2021
f 2213 2212 2021
f 2200 2213 2021
f 2230 2200 2126
f 2216 2172 2062
f 2207 2129 2195
f 2207 2195 2098
f 2214 2071 2051
f 2215 2133 2134
f 2216 2062 2099
f 2217 2091 2107
f 2114 2124 2054
f 2169 2218 2010
f 2016 2279 2033
f 2219 2313 2121
f 2218 2124 2010
f 2220 2203 2116
f 2201 2214 2051
f 2277 2180 2108
f 2105 2221 2151
f 2222 2171 2044
f 2152 2223 2077
f 2223 2145 2077
f 2224 2157 2017
f 2172 2219 2121
f 2120 2220 2116
f 2250 2168 2182
f 2110 2225 2158
f 2226 2138 2129
f 2207 2226 2129
f 2091 2226 2207
f 2193 2220 2120
f 2206 2227 2187
f 2216 2219 2172
f 2228 2038 2025
f 2279 2176 2033
f 2217 2226 2091
f 2205 2196 1962
f 2208 2231 2164
f 2232 2170 2074
f 2233 2287 2156
f 2339 2162 2209
f 2234 2113 2131
f 2076 2335 2186
f 2235 1890 1808
f 2236 2108 2144
f 2142 2237 2155
f 2237 2169 2155
f 2238 2222 2044
f 2130 2228 2025
f 2332 2173 2194
f 2227 2209 2187
f 2302 2188 2149
f 2151 2235 1808
f 2175 2239 315
f 2161 2241 2107
f 2241 2217 2107
f 2202 2233 2156
f 2231 2152 2164
f 2152 2079 2164
f 2123 2243 2210
f 2184 2340 2211
f 2244 2240 2201
f 2163 2244 2201
f 2229 2298 2146
f 2224 2198 2157
f 2318 2256 2160
f 2071 2205 1962
f 2287 2238 2044
f 2245 2139 2159
f 2293 2245 2159
f 2246 2096 2177
f 2221 2105 2113
f 2234 2221 2113
f 2335 2174 2186
f 2054 2247 2154
f 2242 2232 2074
f 2301 2224 2017
f 2248 2146 2145
f 2228 2206 2038
f 2350 2205 2071
f 2249 2293 2086
f 2061 2249 2086
f 2251 2216 2099
f 2154 2251 2099
f 316 2252 2131
f 1890 2253 2076
f 2232 2041 2170
f 2254 2226 2217
f 2138 2250 2182
f 2133 2233 2202
f 2347 2110 2191
f 2190 2255 2130
f 2239 316 315
f 2347 2225 2110
f 2232 2177 2041
f 2258 2092 2198
f 2259 2213 2200
f 2124 2260 2054
f 2063 2135 1946
f 2261 2197 2176
f 2350 2071 2214
f 2262 1832 2048
f 2183 2297 2167
f 2250 2264 2168
f 2257 2115 2188
f 2265 2250 2138
f 2226 2265 2138
f 2254 2265 2226
f 2244 2163 2160
f 2152 2357 2223
f 2125 2266 1784
f 2266 1836 1784
f 2204 2266 2125
f 2252 2234 2131
f 2221 2267 2151
f 2267 2235 2151
f 2174 2268 2175
f 2268 2239 2175
f 2253 2335 2076
f 2178 2269 2189
f 2270 2147 2210
f 2271 2148 2211
f 2272 2149 2212
f 2257 2166 2115
f 2173 2274 2179
f 2275 2194 2140
f 2276 2192 2141
f 2277 2263 2180
f 2297 2074 2167
f 2270 2301 2147
f 2271 2208 2148
f 2272 2302 2149
f 2227 2278 2209
f 2278 2339 2209
f 2180 2263 2185
f 1722 2279 2016
f 2245 2318 2139
f 2280 2219 2216
f 2196 2281 2144
f 2281 2236 2144
f 2264 2048 2168
f 2179 2269 2178
f 2282 2145 2223
f 2282 2248 2145
f 2256 2244 2160
f 2274 2269 2179
f 2224 2258 2198
f 2230 2259 2200
f 2247 2283 2154
f 2283 2251 2154
f 2276 2193 2192
f 2275 2332 2194
f 2284 2271 2211
f 2340 2284 2211
f 2285 2272 2212
f 2213 2285 2212
f 2322 2216 2251
f 2260 2124 2218
f 2286 2190 2181
f 2203 2286 2181
f 2286 2255 2190
f 2288 2237 2142
f 2185 2288 2142
f 2241 2254 2217
f 2289 2275 2140
f 2313 2289 2140
f 2290 2276 2141
f 2189 2290 2141
f 2135 1988 2122
f 2228 2227 2206
f 2255 2291 2130
f 2291 2228 2130
f 1313 2336 1307
f 2063 1988 2135
f 2273 2259 2230
f 2319 2248 2282
f 2338 2208 2271
f 2295 2357 2152
f 2185 2296 2288
f 2337 2193 2276
f 2133 2215 2233
f 2248 2229 2146
f 2246 2134 2096
f 2313 2400 2289
f 2339 2230 2162
f 2239 2252 316
f 2253 1890 2235
f 2299 2196 2205
f 2228 2291 2227
f 2265 2292 2250
f 2371 2231 2208
f 2247 2324 2283
f 2300 2297 2183
f 2092 2300 2183
f 2306 2282 2223
f 2306 2303 2282
f 2215 2294 2233
f 1307 2304 1722
f 2304 2279 1722
f 1832 2262 1310
f 2279 2261 2176
f 2305 2251 2283
f 2292 2264 2250
f 2357 2306 2223
f 2307 2262 2048
f 2294 2287 2233
f 2267 2221 2234
f 2335 2268 2174
f 2236 2277 2108
f 1312 2308 1313
f 2242 2365 2232
f 2300 2309 2297
f 2264 2307 2048
f 2310 2258 2224
f 2248 2298 2229
f 2074 2297 2242
f 2231 2295 2152
f 1313 2308 2336
f 2291 2278 2227
f 1836 2199 1785
f 2311 2112 2199
f 2266 2311 2199
f 1836 2266 2199
f 2260 2247 2054
f 2092 2312 2300
f 2263 2325 2185
f 2286 2291 2255
f 2332 2274 2173
f 2298 2243 2123
f 2220 2330 2203
f 2204 2311 2266
f 2196 2300 2281
f 2300 2236 2281
f 2241 2317 2254
f 2238 2315 2222
f 2288 2316 2237
f 2316 2169 2237
f 2254 2292 2265
f 2303 2319 2282
f 2321 2177 2232
f 2323 2313 2219
f 2305 2322 2251
f 2326 2327 2306
f 2328 2322 2305
f 2321 2246 2177
f 2329 2319 2303
f 2324 2331 2283
f 2320 2220 2193
f 2329 2303 2306
f 2327 2329 2306
f 2331 2328 2305
f 2283 2331 2305
f 2296 2301 2270
f 2323 2219 2280
f 2314 2323 2280
f 2395 2169 2316
f 2312 2236 2300
f 2309 2300 2196
f 2317 2333 2254
f 2252 2334 2234
f 2333 2292 2254
f 2278 2291 2286
f 2203 2278 2286
f 2271 2275 2289
f 2400 2271 2289
f 2302 2257 2188
f 2316 2270 2210
f 2243 2316 2210
f 2275 2271 2284
f 2340 2275 2284
f 2276 2272 2285
f 2213 2276 2285
f 2169 2260 2218
f 2336 2304 1307
f 2316 2288 2270
f 2288 2296 2270
f 2276 2290 2272
f 2290 2302 2272
f 2203 2339 2278
f 2369 2309 2196
f 2420 2061 2225
f 2292 2307 2264
f 2243 2395 2316
f 2400 2338 2271
f 2340 2332 2275
f 2189 2302 2290
f 2213 2337 2276
f 2333 2307 2292
f 2310 2092 2258
f 2259 2343 2213
f 2166 2340 2184
f 2222 2341 2171
f 2239 2334 2252
f 2267 2253 2235
f 2268 2342 2239
f 2339 2273 2230
f 2318 2244 2256
f 2297 2344 2242
f 2345 2350 2214
f 2277 2325 2263
f 2320 2330 2220
f 2325 2296 2185
f 2201 2346 2214
f 2346 2345 2214
f 2340 2166 2257
f 2343 2259 2273
f 2197 2347 2191
f 2342 2334 2239
f 2267 2335 2253
f 2334 2267 2234
f 2341 2241 2171
f 2245 2348 2318
f 2294 2238 2287
f 2369 2297 2309
f 2349 2420 2225
f 2350 2299 2205
f 2351 2371 2208
f 2357 2326 2306
f 2299 2369 2196
f 2337 2353 2193
f 2215 2134 2294
f 2332 2354 2274
f 2236 2355 2277
f 2310 2361 2092
f 2302 2356 2257
f 2338 2351 2208
f 2353 2320 2193
f 2241 2161 2171
f 2355 2325 2277
f 2353 2330 2320
f 2379 2189 2269
f 2358 2224 2301
f 2354 2379 2274
f 2379 2269 2274
f 2304 2359 2279
f 2315 2134 2341
f 2222 2315 2341
f 2371 2357 2231
f 2357 2295 2231
f 2360 2298 2248
f 2352 2360 2248
f 2361 2310 2224
f 2358 2361 2224
f 2362 2340 2257
f 2356 2362 2257
f 2339 2343 2273
f 2363 2261 2279
f 2342 2267 2334
f 2335 2342 2268
f 2267 2342 2335
f 2364 2318 2348
f 2364 2244 2318
f 2344 2365 2242
f 2322 2280 2216
f 2347 2349 2225
f 2366 2232 2365
f 2369 2344 2297
f 2361 2312 2092
f 2395 2367 2169
f 2322 2368 2280
f 2262 2307 1310
f 2307 1927 1310
f 1916 2308 1312
f 2370 2324 2247
f 2359 2363 2279
f 2372 2400 2313
f 2360 2243 2298
f 2373 2293 2249
f 2061 2374 2249
f 2374 2373 2249
f 2260 2370 2247
f 2368 2314 2280
f 2315 2238 2294
f 2375 2134 2246
f 2308 2376 2336
f 2336 2359 2304
f 1916 2376 2308
f 2119 2246 2321
f 2378 2203 2330
f 2366 2321 2232
f 2134 2315 2294
f 2364 2240 2244
f 2240 2346 2201
f 2323 2372 2313
f 2293 2348 2245
f 2350 2380 2299
f 2363 2197 2261
f 2319 2352 2248
f 2379 2302 2189
f 2378 2330 2353
f 2372 2323 2314
f 2367 2260 2169
f 2381 2326 2357
f 2377 2343 2339
f 2382 2363 2359
f 2377 2213 2343
f 2384 2385 2326
f 2338 2387 2351
f 2383 2339 2203
f 2385 2384 2326
f 2384 2327 2326
f 2390 2386 2328
f 2397 2332 2340
f 2384 2388 2327
f 2388 2389 2327
f 2325 2401 2296
f 2389 2391 2327
f 2391 2392 2327
f 2392 2329 2327
f 2366 83 2321
f 83 2119 2321
f 2386 2322 2328
f 2383 2393 2339
f 2312 2355 2236
f 2296 2401 2301
f 2117 73 2345
f 73 2350 2345
f 2393 2377 2339
f 2326 2385 2384
f 2362 2397 2340
f 2376 2359 2336
f 2331 2390 2328
f 2378 2383 2203
f 2397 2354 2332
f 2388 2385 2326
f 2388 2384 2385
f 2118 2117 2345
f 2346 2118 2345
f 2381 2388 2326
f 2394 2337 2213
f 2370 2331 2324
f 2347 2396 2349
f 2356 2302 2379
f 2398 2325 2355
f 2371 2381 2357
f 2368 2399 2314
f 2399 2372 2314
f 2397 2379 2354
f 2387 2371 2351
f 2360 2395 2243
f 2370 2260 2367
f 73 2380 2350
f 2312 2398 2355
f 2398 2401 2325
f 2293 2364 2348
f 2401 2358 2301
f 2403 2404 2322
f 2404 2368 2322
f 2402 2403 2322
f 2402 2322 2386
f 2394 2213 2377
f 2387 2405 2371
f 2406 2395 2360
f 2390 2402 2386
f 2352 2406 2360
f 2401 2361 2358
f 2356 2397 2362
f 2407 2403 2402
f 2329 2352 2319
f 2372 2408 2400
f 2361 2398 2312
f 2407 2404 2403
f 2405 2381 2371
f 2403 2409 2404
f 2409 2368 2404
f 2391 2392 2389
f 2372 2410 2408
f 2411 2329 2392
f 2391 2411 2392
f 2399 2390 2331
f 2389 2411 2391
f 2388 2411 2389
f 2399 2402 2390
f 2399 2407 2402
f 2399 2403 2407
f 2410 2399 2400
f 2408 2410 2400
f 2399 2409 2403
f 2412 2410 2408
f 2399 2368 2409
f 2411 2352 2329
f 2380 2369 2299
f 2372 2412 2410
f 2381 2411 2388
f 2394 2353 2337
f 2376 2382 2359
f 2405 2413 2381
f 2413 2411 2381
f 2370 2399 2331
f 2372 2399 2412
f 2412 2399 2410
f 2399 2338 2400
f 2367 2399 2370
f 2415 2395 2406
f 2413 2405 2387
f 2394 2378 2353
f 2401 2398 2361
f 2393 2383 2377
f 2414 2387 2411
f 2414 2413 2387
f 2387 2414 2411
f 2414 2411 2413
f 2411 2406 2352
f 2369 2365 2344
f 2416 2417 2395
f 2417 2367 2395
f 2383 2394 2377
f 2394 2383 2378
f 2379 2397 2356
f 2414 2406 2411
f 2367 2417 2399
f 2417 2416 2399
f 2415 2406 2414
f 2387 2416 2414
f 2416 2415 2414
f 2415 2416 2395
f 2416 2338 2399
f 2338 2416 2387
f 2373 2364 2293
f 2363 2347 2197
f 2418 2241 2341
f 2307 2333 1927
f 2369 2419 2365
f 2419 2366 2365
f 2421 2364 2373
f 2134 2422 2341
f 2422 2423 2341
f 2423 2424 2341
f 2380 2419 2369
f 2424 2425 2341
f 2425 2418 2341
f 2420 2374 2061
f 2366 2419 83
f 2419 76 83
f 2426 2421 2373
f 2374 2426 2373
f 2396 2420 2349
f 69 2380 73
f 2422 2134 2375
f 2333 2204 1927
f 2427 2376 1916
f 2112 2427 1916
f 2428 2429 2333
f 2317 2428 2333
f 2430 2382 2376
f 2418 2317 2241
f 69 76 2419
f 69 2419 2380
f 2429 2204 2333
f 2427 2430 2376
f 2128 2246 2119
f 2127 2118 2346
f 2363 2396 2347
f 2374 2431 2426
f 2432 2433 2426
f 2433 2434 2426
f 2434 2421 2426
f 2424 2435 2425
f 2240 2127 2346
f 2396 2382 2420
f 2382 2436 2420
f 2425 2432 2426
f 2431 2425 2426
f 2128 2375 2246
f 2435 2432 2425
f 2431 2418 2425
f 2421 2240 2364
f 2421 2127 2240
f 2382 2396 2363
f 2439 2317 2418
f 2436 2374 2420
f 2421 2437 2127
f 2136 2375 2128
f 2437 2132 2127
f 2375 2438 2422
f 2438 2423 2422
f 2433 2440 2434
f 2441 2421 2434
f 2440 2441 2434
f 2438 2442 2423
f 2443 2440 2433
f 2442 2444 2423
f 2440 2445 2441
f 2444 2424 2423
f 2446 2442 2438
f 2432 2443 2433
f 2444 2442 2317
f 2442 2428 2317
f 2436 2431 2374
f 2441 2437 2421
f 2431 2447 2418
f 2444 2448 2424
f 2449 2443 2432
f 2375 2446 2438
f 2448 2435 2424
f 2447 2439 2418
f 2445 2427 2441
f 2427 2437 2441
f 2435 2449 2432
f 2448 2449 2435
f 2439 2444 2317
f 2429 2446 2375
f 2136 2429 2375
f 2427 2132 2437
f 2447 2431 2436
f 2450 2447 2436
f 2440 2443 2436
f 2430 2440 2436
f 2382 2430 2436
f 2443 2450 2436
f 2448 2444 2439
f 2447 2450 2439
f 2450 2448 2439
f 2443 2449 2450
f 2449 2448 2450
f 2429 2136 2204
f 2132 2427 2112
f 2442 2446 2428
f 2446 2429 2428
f 2430 2445 2440
f 2427 2445 2430
f 2136 2311 2204
f 2311 2150 2112
f 2150 2132 2112
f 2136 2153 2311
f 2153 2150 2311
