mtllib ../../spot.mtl
o part_1
usemtl BlackAbs
v -0.035030 0.005139 -0.334734
v -0.034871 0.003182 -0.341343
v -0.035336 0.003161 -0.334751
v -0.033608 0.001860 -0.332683
v -0.034639 -0.009403 -0.341262
v -0.035061 -0.009416 -0.334740
v -0.035341 -0.007435 -0.334712
v -0.034873 -0.007438 -0.341338
v -0.033453 -0.006027 -0.332791
v -0.034569 0.005140 -0.341299
v -0.032980 0.005855 -0.332841
v -0.032939 -0.010142 -0.332794
v -0.031321 -0.006160 -0.347329
v -0.034379 -0.007498 -0.344377
v -0.032804 0.001856 -0.342464
v -0.034322 0.003146 -0.344303
v -0.034025 -0.009453 -0.344229
v -0.034087 0.005099 -0.344365
v -0.032344 -0.010123 -0.342364
v -0.033621 -0.002341 -0.337359
v -0.032052 -0.012438 -0.332827
v -0.032807 -0.006155 -0.342390
v -0.031766 -0.007391 -0.332893
v -0.031214 0.007733 -0.332878
v -0.030745 0.005818 -0.347097
v -0.030841 -0.014529 -0.342944
v -0.031488 -0.014876 -0.334827
v -0.032130 0.008310 -0.332801
v -0.031314 0.010297 -0.340644
v -0.032216 0.005823 -0.342268
v -0.031250 0.003177 -0.351948
v -0.031230 -0.007460 -0.351937
v -0.030971 -0.009439 -0.351806
v -0.031707 -0.000238 -0.330101
v -0.031341 -0.007786 -0.329907
v -0.031803 0.008135 -0.330702
v -0.030948 0.005122 -0.351822
v -0.031371 -0.003131 -0.347892
v -0.031476 0.008730 -0.329959
v -0.030214 0.012184 -0.330205
v -0.031593 -0.012605 -0.330149
v -0.030316 -0.011696 -0.329395
v -0.031001 -0.012052 -0.331798
v -0.031051 -0.010578 -0.331830
v -0.028934 -0.006178 -0.352209
v -0.031220 -0.006219 -0.329760
v -0.030104 0.013044 -0.333219
v -0.030882 -0.012117 -0.329973
v -0.030508 -0.011873 -0.329636
v -0.030467 0.007618 -0.329566
v -0.030783 -0.012130 -0.329772
v -0.031026 -0.012157 -0.329959
v -0.030707 0.007801 -0.329835
v -0.030482 0.015352 -0.340451
v -0.030867 0.015321 -0.334842
v -0.029216 -0.021083 -0.340115
v -0.029543 -0.021059 -0.334818
v -0.030912 -0.019607 -0.334806
v -0.030537 -0.019626 -0.340415
v -0.030772 -0.011623 -0.331665
v -0.028348 -0.019330 -0.332914
v -0.030164 -0.017350 -0.333223
v -0.030481 -0.011570 -0.329633
v -0.029144 0.016778 -0.340168
v -0.030785 0.007844 -0.329875
v -0.030286 0.007589 -0.329418
v -0.030585 0.007746 -0.329691
v -0.029400 -0.017402 -0.341638
v -0.027449 0.010178 -0.351344
v -0.029934 -0.017120 -0.330147
v -0.029199 0.016630 -0.334671
v -0.028229 0.015150 -0.332938
v -0.026215 -0.017377 -0.350547
v -0.028914 0.001832 -0.352217
v -0.026554 -0.014044 -0.353106
v -0.029034 -0.000189 -0.352286
v -0.029057 -0.001370 -0.352316
v -0.029066 -0.001819 -0.352327
v -0.029063 -0.002163 -0.352334
v -0.029067 -0.002512 -0.352326
v -0.029046 -0.003789 -0.352291
v -0.029040 -0.004136 -0.352281
v -0.029007 0.001789 -0.352189
v -0.027023 0.016056 -0.341199
v -0.026071 -0.006178 -0.356516
v -0.029882 -0.007513 -0.354654
v -0.027594 0.001858 -0.354384
v -0.029844 0.003130 -0.354592
v -0.029987 -0.019682 -0.343316
v -0.029872 0.015338 -0.343248
v -0.029514 0.013048 -0.341867
v -0.029609 -0.009435 -0.354340
v -0.029606 0.005080 -0.354574
v -0.028554 -0.010150 -0.352108
v -0.028237 -0.020484 -0.333646
v -0.027547 0.016254 -0.340760
v -0.027151 0.015314 -0.328458
v -0.028625 0.016782 -0.343065
v -0.027417 0.015331 -0.349749
v -0.028621 -0.021074 -0.342952
v -0.028011 0.016176 -0.333552
v -0.026247 -0.021093 -0.349014
v -0.026608 -0.020335 -0.326432
v -0.026282 0.016066 -0.325555
v -0.027218 -0.020365 -0.341249
v -0.027285 -0.020544 -0.341637
v -0.027127 -0.019307 -0.328142
v -0.028506 0.005848 -0.352105
v -0.027403 -0.019640 -0.349716
v -0.026788 -0.020423 -0.342570
v -0.024446 -0.009451 -0.360695
v -0.026561 -0.020577 -0.326058
v -0.026158 0.017873 -0.338233
v -0.025112 -0.020350 -0.323624
v -0.023013 0.019312 -0.328096
v -0.025799 0.016306 -0.324546
v -0.025565 0.016065 -0.325460
v -0.026156 0.016763 -0.349059
v -0.026085 -0.003398 -0.356927
v -0.026259 0.016062 -0.342831
v -0.024565 0.003156 -0.360909
v -0.026407 0.016590 -0.343516
v -0.025808 -0.021508 -0.343929
v -0.024539 -0.007480 -0.360891
v -0.024549 -0.020700 -0.324798
v -0.025951 0.016136 -0.328181
v -0.024904 0.016128 -0.324666
v -0.023671 0.015983 -0.349301
v -0.026015 -0.019681 -0.352308
v -0.026073 0.013059 -0.350724
v -0.025950 0.015321 -0.352208
v -0.024665 -0.022489 -0.327803
v -0.024318 0.005100 -0.360696
v -0.021105 0.010155 -0.359202
v -0.025653 -0.020456 -0.327760
v -0.022684 -0.021091 -0.321913
v -0.025135 -0.023117 -0.335855
v -0.024623 0.016066 -0.323272
v -0.024921 0.016065 -0.323584
v -0.024817 -0.021100 -0.351497
v -0.024745 0.016762 -0.351518
v -0.021605 0.015311 -0.357641
v -0.020765 -0.021121 -0.356576
v -0.023405 -0.022943 -0.344327
v -0.020484 -0.021447 -0.350633
v -0.023243 0.016290 -0.322220
v -0.022279 -0.006198 -0.360437
v -0.022606 -0.020350 -0.323899
v -0.023719 -0.020311 -0.349243
v -0.022973 0.019826 -0.336590
v -0.022064 -0.021985 -0.327312
v -0.020693 0.016750 -0.356619
v -0.022352 -0.000209 -0.360544
v -0.022364 -0.001390 -0.360578
v -0.022369 -0.001839 -0.360591
v -0.022364 -0.002183 -0.360597
v -0.022370 -0.002532 -0.360590
v -0.022360 -0.003809 -0.360550
v -0.022358 -0.004156 -0.360539
v -0.022260 0.001812 -0.360443
v -0.022374 0.001773 -0.360437
v -0.022086 0.016061 -0.323955
v -0.022321 0.017654 -0.327097
v -0.020507 0.017183 -0.324393
v -0.020217 -0.017370 -0.358022
v -0.020474 -0.024263 -0.326946
v -0.022252 -0.022103 -0.330656
v -0.022210 -0.022152 -0.334034
v -0.022850 -0.022089 -0.336839
v -0.022394 0.017844 -0.338990
v -0.021189 0.017861 -0.328416
v -0.022715 0.017781 -0.337729
v -0.022451 -0.021892 -0.344563
v -0.020808 -0.014823 -0.359312
v -0.021568 -0.023687 -0.345726
v -0.022306 -0.024304 -0.332809
v -0.019264 0.020470 -0.343923
v -0.022614 0.017515 -0.344437
v -0.021072 -0.022076 -0.345033
v -0.021589 -0.019658 -0.357585
v -0.019220 -0.025028 -0.339628
v -0.020440 -0.020380 -0.325351
v -0.020476 0.017270 -0.325883
v -0.021144 -0.022162 -0.341744
v -0.018225 -0.006198 -0.363648
v -0.022425 -0.007534 -0.363053
v -0.022393 0.003075 -0.362951
v -0.020331 0.001838 -0.362098
v -0.020793 0.017219 -0.321526
v -0.020204 0.017797 -0.325165
v -0.020215 0.017845 -0.343496
v -0.022262 -0.009457 -0.362670
v -0.022172 0.005068 -0.362868
v -0.022616 0.019023 -0.344649
v -0.017202 -0.021910 -0.352333
v -0.021928 -0.010186 -0.360184
v -0.020655 0.017809 -0.343865
v -0.020202 -0.022136 -0.343301
v -0.017968 0.017688 -0.351597
v -0.018007 0.020382 -0.326854
v -0.020290 -0.022118 -0.325333
v -0.021271 -0.022146 -0.328936
v -0.021210 0.017854 -0.328984
v -0.020575 0.016048 -0.325391
v -0.020660 -0.022145 -0.327141
v -0.020599 0.017855 -0.327189
v -0.020861 -0.022145 -0.327672
v -0.020115 -0.020994 -0.321299
v -0.020091 0.016622 -0.324187
v -0.020370 -0.021414 -0.324305
v -0.020093 -0.021937 -0.326280
v -0.020046 0.017701 -0.326455
v -0.021913 0.005827 -0.360211
v -0.020952 -0.020366 -0.345409
v -0.020439 -0.020369 -0.343481
v -0.021207 0.016044 -0.344669
v -0.020055 0.016906 -0.321388
v -0.017496 -0.025125 -0.328793
v -0.021047 0.017701 -0.345144
v -0.009287 -0.020360 -0.325657
v -0.014686 -0.020348 -0.326491
v -0.013832 0.016046 -0.326429
v -0.018388 -0.022196 -0.322041
v -0.018403 -0.022176 -0.347890
v -0.019052 0.017817 -0.346135
v -0.019909 0.017777 -0.346382
v -0.017696 0.017702 -0.350460
v -0.019266 -0.022139 -0.347159
v -0.019975 -0.022115 -0.346356
v -0.020007 0.016031 -0.346293
v -0.017945 0.017822 -0.348507
v -0.019972 -0.020369 -0.346258
v -0.018111 0.015964 -0.355925
v -0.019703 0.016224 -0.343245
v -0.016497 0.017836 -0.327766
v -0.015387 -0.009474 -0.367118
v -0.018781 -0.023562 -0.350644
v -0.017268 0.019203 -0.352184
v -0.015809 -0.021701 -0.326738
v -0.015883 0.017184 -0.326479
v -0.017381 -0.022073 -0.348493
v -0.012209 -0.017421 -0.363258
v -0.020028 0.013053 -0.358166
v -0.019463 0.015278 -0.359568
v -0.016010 0.017801 -0.350576
v -0.018599 0.016123 -0.346314
v -0.019471 -0.019703 -0.359622
v -0.013813 -0.022014 -0.325605
v -0.008434 0.016846 -0.322964
v -0.018790 0.017599 -0.346212
v -0.018579 -0.021117 -0.358479
v -0.018516 0.016743 -0.358498
v -0.018117 -0.003417 -0.364041
v -0.018856 -0.021927 -0.346166
v -0.018109 0.017722 -0.347292
v -0.014982 -0.022031 -0.351049
v -0.016890 0.017415 -0.348966
v -0.018589 -0.020482 -0.346162
v -0.018232 -0.020320 -0.356006
v -0.016674 -0.022109 -0.350952
v -0.016320 -0.020369 -0.341721
v -0.018321 -0.022061 -0.342590
v -0.018181 -0.020366 -0.343176
v -0.018263 0.017718 -0.342639
v -0.016265 0.016031 -0.341765
v -0.018046 0.016045 -0.343422
v -0.017861 0.017620 -0.343561
v -0.017805 -0.021995 -0.343557
v -0.018088 0.020901 -0.330758
v -0.015922 0.016029 -0.342686
v -0.013156 -0.021140 -0.362056
v -0.016241 -0.022063 -0.341898
v -0.016071 0.017680 -0.342450
v -0.015438 0.003134 -0.367365
v -0.012761 -0.025022 -0.351421
v -0.015512 0.018776 -0.323340
v -0.016501 -0.022179 -0.349921
v -0.016281 -0.022082 -0.342724
v -0.016880 -0.022140 -0.335634
v -0.017737 -0.022159 -0.335050
v -0.015893 -0.022134 -0.327314
v -0.016082 0.017838 -0.327719
v -0.016343 -0.022073 -0.339914
v -0.017297 -0.022115 -0.335104
v -0.017215 0.017836 -0.339034
v -0.017430 0.017837 -0.333987
v -0.016582 0.017795 -0.335670
v -0.017237 0.017791 -0.336346
v -0.015416 -0.007502 -0.367335
v -0.016036 -0.020666 -0.342927
v -0.013599 0.017688 -0.352291
v -0.015268 0.005077 -0.367088
v -0.016215 -0.022127 -0.327521
v -0.017100 -0.022165 -0.339420
v -0.016883 0.017830 -0.339988
v -0.003486 0.020773 -0.355649
v -0.015028 0.017813 -0.351775
v -0.013084 0.016736 -0.362093
v -0.016678 0.017615 -0.334587
v -0.016144 0.017692 -0.339894
v -0.016409 0.017785 -0.328010
v -0.013122 0.005829 -0.365854
v -0.015767 -0.021874 -0.327984
v -0.015569 0.017512 -0.327669
v -0.013736 -0.022176 -0.352863
v -0.015972 -0.020457 -0.349985
v -0.013598 0.015283 -0.363328
v -0.015207 -0.022182 -0.351596
v -0.012800 0.019333 -0.355859
v -0.015571 0.016585 -0.335996
v -0.016236 0.017433 -0.333013
v -0.015047 -0.022183 -0.351444
v -0.016443 -0.021767 -0.334918
v -0.015450 0.017657 -0.327343
v -0.013665 -0.020427 -0.343222
v -0.013591 0.016074 -0.343307
v -0.011647 -0.021882 -0.354016
v -0.015538 -0.021859 -0.327828
v -0.016096 0.017324 -0.333032
v -0.015327 0.017788 -0.339671
v -0.014532 0.017506 -0.336870
v -0.016136 -0.021696 -0.332988
v -0.016264 -0.021567 -0.334954
v -0.014049 0.017455 -0.343734
v -0.015436 0.017447 -0.328107
v -0.016165 -0.021991 -0.342579
v -0.016139 -0.021926 -0.342651
v -0.012644 0.017621 -0.355907
v -0.016118 0.017230 -0.334156
v -0.015129 -0.021280 -0.327491
v -0.015039 0.016931 -0.327488
v -0.016297 0.017547 -0.335370
v -0.013755 -0.022028 -0.343561
v -0.015333 -0.021835 -0.327294
v -0.015268 0.017475 -0.327434
v -0.016081 -0.021837 -0.342609
v -0.011854 0.017687 -0.355508
v -0.015703 -0.021734 -0.339868
v -0.015477 -0.021508 -0.339837
v -0.015801 -0.021777 -0.339872
v -0.013671 0.016021 -0.352097
v -0.015850 -0.020362 -0.336045
v -0.012694 0.017811 -0.353704
v -0.015756 -0.021868 -0.339834
v -0.011977 0.013090 -0.363197
v -0.008131 -0.022769 -0.324137
v -0.015262 -0.022152 -0.326073
v -0.014745 -0.021999 -0.326419
v -0.015108 0.017846 -0.326135
v -0.014613 0.017671 -0.326467
v -0.015289 0.017105 -0.340058
v -0.013691 0.016032 -0.336856
v -0.007028 0.020678 -0.328954
v -0.015165 -0.022145 -0.326116
v -0.015099 0.017847 -0.326075
v -0.013407 -0.006219 -0.366205
v -0.014870 0.017827 -0.325980
v -0.015335 0.017578 -0.339938
v -0.015216 0.017651 -0.339960
v -0.015322 0.016069 -0.338268
v -0.009400 -0.022229 -0.336774
v -0.008883 0.017779 -0.339143
v -0.013815 0.017599 -0.325495
v -0.013837 0.017674 -0.325605
v -0.014845 0.016067 -0.326872
v -0.013445 -0.000229 -0.366332
v -0.013446 -0.001411 -0.366368
v -0.013447 -0.001860 -0.366382
v -0.013440 -0.002203 -0.366386
v -0.013448 -0.002552 -0.366381
v -0.015168 0.017658 -0.340005
v -0.013679 0.017527 -0.325423
v -0.012580 0.017363 -0.325416
v -0.013450 -0.003829 -0.366339
v -0.013451 -0.004177 -0.366327
v -0.015444 -0.022114 -0.339585
v -0.008074 -0.020375 -0.341470
v -0.012224 -0.020369 -0.336822
v -0.013077 0.017279 -0.325296
v -0.013002 0.017186 -0.325256
v -0.008509 -0.021815 -0.325950
v -0.012994 0.017088 -0.325220
v -0.013390 0.001792 -0.366209
v -0.013483 0.001749 -0.366240
v -0.008055 0.016137 -0.325794
v -0.013629 -0.019676 -0.363274
v -0.013652 0.017731 -0.343294
v -0.010146 -0.022174 -0.355748
v -0.015069 -0.022138 -0.326159
v -0.014048 -0.022071 -0.326061
v -0.013455 -0.022187 -0.352824
v -0.014928 -0.020909 -0.327161
v -0.007735 0.016266 -0.342122
v -0.008482 0.017666 -0.340139
v -0.015072 -0.021959 -0.336743
v -0.013244 -0.010267 -0.365834
v -0.008156 -0.020383 -0.343173
v -0.008937 0.016026 -0.344869
v -0.010452 -0.020459 -0.354416
v -0.011320 0.017799 -0.354575
v -0.009884 0.017808 -0.346296
v -0.013919 0.017579 -0.343675
v -0.014251 -0.021984 -0.326259
v -0.014256 -0.021934 -0.326326
v -0.009292 0.017463 -0.345804
v -0.014107 -0.021866 -0.326341
v -0.014093 0.017510 -0.326437
v -0.013911 0.017424 -0.326435
v -0.007559 -0.022101 -0.358388
v -0.013835 0.017801 -0.326044
v -0.009216 0.017050 -0.345065
v -0.013883 0.017274 -0.326473
v -0.013478 0.017148 -0.343437
v -0.013257 0.017278 -0.326329
v -0.013813 0.017425 -0.326405
v -0.014347 0.017229 -0.326623
v -0.013561 0.017090 -0.326425
v -0.013504 0.017702 -0.352670
v -0.010885 -0.022190 -0.354584
v -0.011049 0.001818 -0.367186
v -0.009744 0.017488 -0.354956
v -0.008578 -0.006220 -0.368001
v -0.012686 -0.025043 -0.327550
v -0.013049 -0.021782 -0.326074
v -0.012722 0.005072 -0.368185
v -0.012641 -0.009486 -0.368375
v -0.012900 0.017164 -0.325259
v -0.011654 0.017610 -0.336999
v -0.012547 0.017476 -0.326154
v -0.009089 -0.020384 -0.344721
v -0.010766 0.016041 -0.326889
v -0.004913 0.005044 -0.370511
v -0.012716 -0.007556 -0.368751
v -0.012741 0.003053 -0.368636
v -0.007923 0.017801 -0.356374
v -0.007225 0.017722 -0.356329
v -0.009236 0.016028 -0.335437
v -0.011323 0.010398 -0.365206
v -0.007221 0.019466 -0.358462
v -0.008659 -0.022157 -0.336689
v -0.009295 0.017748 -0.336014
v -0.011437 -0.022034 -0.326051
v -0.007086 -0.022187 -0.356717
v -0.007929 0.017746 -0.355741
v -0.010490 -0.021133 -0.363194
v -0.010415 0.016740 -0.363354
v -0.011005 0.015258 -0.364521
v -0.010323 0.017856 -0.326207
v -0.006928 -0.017576 -0.364997
v -0.007804 0.017527 -0.358188
v -0.008018 0.017787 -0.356309
v -0.010120 -0.023564 -0.357556
v -0.010985 -0.019723 -0.364554
v -0.010173 -0.021997 -0.326936
v -0.010659 -0.022175 -0.348325
v -0.010503 0.017730 -0.348869
v -0.010696 0.017815 -0.348298
v -0.010679 -0.022187 -0.349817
v -0.010613 0.017800 -0.349410
v -0.010585 0.017811 -0.349813
v -0.010481 0.017811 -0.347783
v -0.010490 0.017783 -0.349707
v -0.010626 -0.022185 -0.349699
v -0.010715 -0.022169 -0.348814
v -0.010475 0.017772 -0.348234
v -0.011056 -0.020436 -0.360790
v -0.010672 -0.022173 -0.349361
v -0.010565 -0.022184 -0.347714
v -0.010613 -0.022188 -0.350037
v -0.010488 0.017812 -0.350301
v -0.010501 0.017806 -0.350067
v -0.010503 -0.022059 -0.348823
v -0.010324 0.017766 -0.349716
v -0.009341 -0.020372 -0.335377
v -0.009662 -0.021900 -0.335851
v -0.009266 0.017175 -0.335506
v -0.010470 -0.022188 -0.349850
v -0.009700 -0.022177 -0.351151
v -0.010253 0.017689 -0.347968
v -0.010378 0.017687 -0.348370
v -0.010307 0.017671 -0.349559
v -0.010245 0.017756 -0.347229
v -0.010414 0.017685 -0.348603
v -0.006622 -0.020398 -0.356213
v -0.005090 0.015996 -0.356734
v -0.002703 -0.022191 -0.353011
v -0.006989 -0.022161 -0.350361
v -0.006929 -0.022142 -0.350665
v -0.009023 -0.022171 -0.350078
v -0.003277 -0.022202 -0.352626
v -0.002000 0.017777 -0.353500
v -0.002140 0.017795 -0.353673
v -0.003341 0.017797 -0.352475
v -0.010356 0.017777 -0.349984
v -0.005567 0.017789 -0.351688
v -0.006714 0.017795 -0.351231
v -0.010506 -0.022164 -0.349610
v -0.010292 0.017744 -0.349825
v -0.010276 0.017660 -0.348108
v -0.010385 0.017620 -0.348874
v -0.010302 0.017541 -0.348634
v -0.010375 -0.022180 -0.349799
v -0.010438 -0.022090 -0.348160
v -0.002010 0.017760 -0.353351
v -0.010494 -0.022151 -0.348040
v -0.010333 -0.021982 -0.349341
v -0.010425 -0.021968 -0.348827
v -0.010419 -0.021970 -0.348717
v -0.010816 0.016160 -0.360735
v -0.010280 -0.021943 -0.348120
v -0.001946 0.017727 -0.353192
v -0.010465 -0.022141 -0.349662
v -0.010231 0.017687 -0.349673
v -0.009377 -0.020385 -0.346168
v -0.009396 -0.020385 -0.346323
v -0.009322 0.016015 -0.346211
v -0.009375 -0.020385 -0.346594
v -0.010371 -0.021889 -0.348876
v -0.010294 0.017483 -0.348832
v -0.010356 -0.021883 -0.348602
v -0.009393 -0.020385 -0.346466
v -0.010146 0.017523 -0.348011
v -0.010204 0.017431 -0.349020
v -0.010317 -0.022004 -0.348120
v -0.010376 -0.021965 -0.348482
v -0.001914 -0.022050 -0.352915
v -0.001885 0.017670 -0.353040
v -0.010204 0.017428 -0.348325
v -0.009141 -0.020451 -0.346874
v -0.010261 -0.021826 -0.348226
v -0.010130 -0.021765 -0.349053
v -0.010156 0.017423 -0.348145
v -0.010287 -0.022010 -0.348018
v -0.010133 -0.022129 -0.347174
v -0.009921 0.017668 -0.347176
v -0.001843 0.017632 -0.352937
v -0.010215 -0.021795 -0.348098
v -0.009289 0.016015 -0.346052
v -0.010203 -0.021895 -0.347956
v -0.009296 -0.020385 -0.346054
v -0.009812 0.017581 -0.347092
v -0.005546 -0.021927 -0.351193
v -0.007866 -0.020388 -0.347168
v -0.005665 0.016009 -0.348200
v -0.010097 0.017348 -0.348020
v -0.009928 -0.021998 -0.347095
v -0.010166 -0.021737 -0.348033
v -0.009748 0.017527 -0.347010
v -0.009670 0.016703 -0.347883
v -0.010076 0.017424 -0.347954
v -0.009807 -0.021898 -0.346962
v -0.009839 0.017430 -0.347359
v -0.009246 -0.020385 -0.345895
v -0.010142 -0.021832 -0.347898
v -0.009191 0.016015 -0.345939
v -0.009197 0.016057 -0.345854
v -0.009950 -0.021788 -0.347464
v -0.009655 -0.021796 -0.346683
v -0.009658 0.017453 -0.346866
v -0.010033 -0.022146 -0.326534
v -0.008665 -0.021680 -0.328657
v -0.009898 -0.020351 -0.327385
v -0.009471 -0.021683 -0.346252
v -0.009425 0.017210 -0.346391
v -0.009412 0.017313 -0.346299
v -0.009337 -0.021923 -0.345584
v -0.006742 0.016046 -0.356172
v -0.009505 0.017309 -0.346534
v -0.009564 -0.021726 -0.346482
v -0.009222 0.017484 -0.327735
v -0.008077 -0.022215 -0.327590
v -0.008064 -0.021305 -0.342807
v -0.008092 0.017340 -0.342840
v -0.004775 0.017779 -0.357601
v -0.009219 -0.020390 -0.345670
v -0.002799 0.013042 -0.365733
v -0.004224 -0.021158 -0.364918
v -0.009031 -0.020384 -0.345156
v -0.005712 -0.020393 -0.347981
v -0.007585 0.017618 -0.330095
v -0.002576 -0.022160 -0.328665
v -0.009027 -0.020477 -0.345116
v -0.008192 -0.021948 -0.342176
v -0.003411 0.016028 -0.327343
v -0.008327 -0.021780 -0.335980
v -0.008749 -0.022125 -0.349769
v -0.008553 -0.022184 -0.349825
v -0.008457 -0.021654 -0.339312
v -0.008506 -0.022078 -0.349359
v -0.008654 -0.022131 -0.349690
v -0.008889 0.017765 -0.350101
v -0.008581 -0.022123 -0.349585
v -0.007887 0.016004 -0.336519
v -0.007886 -0.020369 -0.330922
v -0.002499 0.015942 -0.362941
v -0.008034 0.017556 -0.336465
v -0.006972 0.017784 -0.350554
v -0.007832 -0.021655 -0.331054
v -0.006551 0.017615 -0.345054
v -0.007714 -0.020549 -0.336445
v -0.006525 -0.020575 -0.334714
v -0.008188 0.016423 -0.333736
v -0.008288 -0.020775 -0.333496
v -0.007835 0.016041 -0.330224
v -0.008049 -0.021501 -0.332958
v -0.008058 -0.021541 -0.333058
v -0.007789 -0.021984 -0.333413
v -0.007882 -0.021525 -0.332089
v -0.002282 -0.020389 -0.328027
v -0.006566 0.016015 -0.334680
v -0.008037 -0.022176 -0.355915
v -0.007216 0.017735 -0.334061
v -0.002087 0.016301 -0.332005
v -0.004961 -0.021840 -0.356679
v -0.002227 -0.020391 -0.331991
v -0.001458 0.020255 -0.329990
v -0.005616 0.017796 -0.323950
v -0.004264 0.015265 -0.366284
v -0.002603 0.017807 -0.331368
v -0.001817 -0.022097 -0.358813
v -0.004763 0.003114 -0.370685
v -0.007421 0.015815 -0.346132
v -0.004938 0.016009 -0.345798
v -0.003016 0.005795 -0.368624
v -0.003337 0.017682 -0.327786
v -0.002591 -0.024499 -0.329121
v -0.007230 -0.022082 -0.334080
v -0.000954 -0.014956 -0.367220
v -0.004757 -0.007523 -0.370644
v -0.004709 -0.009498 -0.370355
v -0.006753 0.017673 -0.350617
v -0.006764 0.017688 -0.350542
v -0.003200 -0.021910 -0.332396
v -0.006767 0.017690 -0.350406
v -0.006738 0.017673 -0.350266
v -0.006563 0.017570 -0.349828
v -0.005486 -0.022142 -0.351570
v -0.006280 0.017804 -0.345389
v -0.006405 -0.020400 -0.344710
v -0.005874 0.016012 -0.344812
v -0.005186 0.017738 -0.345494
v -0.005193 -0.021870 -0.346265
v -0.005152 -0.021844 -0.346176
v -0.004849 -0.020819 -0.345833
v -0.005007 -0.021695 -0.333415
v -0.004300 -0.019696 -0.366221
v -0.006201 0.017321 -0.334276
v -0.003923 0.017749 -0.357248
v -0.001958 -0.022192 -0.357467
v -0.001419 -0.025145 -0.355264
v -0.002882 0.017675 -0.357113
v -0.006392 -0.022014 -0.344902
v -0.000307 -0.021948 -0.359625
v -0.000597 0.017515 -0.359659
v -0.004110 0.016710 -0.364889
v -0.005539 -0.021898 -0.345065
v -0.002503 -0.022185 -0.357857
v -0.001216 0.017798 -0.357949
v -0.004141 -0.020395 -0.348607
v -0.004114 0.016004 -0.348715
v -0.000341 -0.023724 -0.359741
v -0.003343 -0.022202 -0.352494
v -0.004712 0.017764 -0.351076
v -0.005421 0.017768 -0.351647
v -0.005304 -0.022198 -0.351735
v -0.005406 -0.022198 -0.351769
v -0.001944 -0.020452 -0.349679
v -0.001943 0.016002 -0.349588
v -0.002686 -0.021719 -0.327997
v -0.005258 0.017744 -0.351532
v -0.005339 0.017692 -0.351483
v -0.005172 0.017732 -0.351456
v -0.005093 -0.022198 -0.351618
v -0.004803 0.017501 -0.350802
v -0.005285 -0.022139 -0.345492
v -0.004885 -0.021982 -0.350878
v -0.003186 -0.000248 -0.369085
v -0.003175 -0.001429 -0.369119
v -0.003171 -0.001878 -0.369132
v -0.003164 -0.002222 -0.369134
v -0.007990 -0.003471 -0.368449
v -0.003145 -0.003966 -0.369100
v -0.003186 -0.006222 -0.368947
v -0.003172 0.001773 -0.368952
v -0.003243 0.001728 -0.369008
v -0.005086 0.017718 -0.351366
v -0.005018 0.017685 -0.351247
v -0.007120 -0.021875 -0.323358
v -0.005028 -0.022131 -0.351252
v -0.003174 -0.010223 -0.368533
v -0.000005 -0.020447 -0.357303
v 0.000810 0.017674 -0.357581
v -0.004923 -0.022136 -0.351156
v -0.004885 -0.022087 -0.350998
v -0.004718 -0.022175 -0.351015
v -0.002197 0.016506 -0.324789
v 0.000302 0.009800 -0.367460
v -0.003400 -0.022201 -0.352296
v -0.003130 0.017788 -0.351249
v -0.002812 -0.017569 -0.365548
v -0.003162 0.017574 -0.332362
v -0.003061 -0.020396 -0.346487
v -0.003336 -0.021758 -0.347015
v -0.003152 0.017550 -0.346890
v -0.004562 -0.021894 -0.350147
v -0.003287 -0.021802 -0.346927
v -0.002776 -0.022171 -0.346583
v -0.002535 -0.020367 -0.362835
v -0.002823 0.017773 -0.346886
v 0.006100 0.016126 -0.362522
v -0.001545 -0.022207 -0.357730
v -0.003974 -0.022054 -0.356975
v 0.002045 0.015983 -0.357164
v -0.002504 0.016027 -0.346328
v 0.000854 0.018312 -0.327282
v -0.003199 0.017759 -0.352010
v -0.003059 0.017756 -0.352567
v -0.002763 0.017415 -0.346492
v -0.003066 0.017694 -0.351814
v -0.003094 0.017723 -0.351676
v -0.003064 0.017687 -0.351938
v -0.003057 0.017683 -0.352056
v -0.003056 0.017713 -0.351532
v -0.002943 0.017552 -0.351660
v 0.000644 -0.022706 -0.327223
v -0.000638 0.001800 -0.369157
v -0.001520 0.017726 -0.347623
v -0.001744 -0.007579 -0.371155
v -0.001672 0.005027 -0.370866
v -0.001803 0.003034 -0.371060
v 0.001996 -0.006237 -0.369163
v -0.001788 -0.009503 -0.370774
v -0.002885 0.017503 -0.346635
v -0.003218 -0.022141 -0.352366
v -0.002620 0.017547 -0.346532
v -0.002787 0.017568 -0.346616
v -0.001886 -0.021776 -0.330758
v -0.002675 0.017445 -0.350931
v -0.002430 -0.021889 -0.346348
v -0.001407 0.017408 -0.347819
v -0.001385 0.017454 -0.347723
v -0.001341 0.017543 -0.347288
v -0.001232 0.016002 -0.347306
v -0.001337 -0.021151 -0.365174
v -0.001298 0.016705 -0.365184
v -0.001440 0.015252 -0.366587
v -0.001915 0.017433 -0.329380
v -0.001969 -0.020396 -0.346389
v 0.003154 0.013072 -0.365718
v -0.002082 0.017690 -0.346549
v -0.001810 -0.022205 -0.353379
v -0.001907 0.017766 -0.353385
v 0.001319 0.017423 -0.326736
v -0.001886 -0.021900 -0.346563
v -0.001765 0.017733 -0.353133
v -0.001718 0.017770 -0.353206
v -0.001613 0.016203 -0.329272
v -0.001747 0.017795 -0.353452
v 0.001783 0.017772 -0.357842
v 0.004211 0.017719 -0.357038
v -0.001682 0.017578 -0.352846
v -0.001435 -0.021998 -0.347069
v 0.001891 0.017464 -0.357122
v -0.001904 -0.022180 -0.353146
v 0.001555 0.016540 -0.326529
v -0.001592 0.017784 -0.353240
v -0.001292 -0.020399 -0.347240
v -0.001425 -0.022205 -0.353164
v -0.001741 -0.022195 -0.353185
v -0.001736 -0.021990 -0.352803
v -0.001451 0.017769 -0.353078
v -0.001688 0.017705 -0.353090
v -0.001602 0.017689 -0.353006
v -0.001727 -0.022118 -0.353007
v -0.001553 -0.022145 -0.352964
v -0.001498 -0.022185 -0.353050
v -0.000597 -0.020403 -0.350229
v -0.001517 -0.021822 -0.352502
v -0.001724 -0.021780 -0.352446
v 0.002355 -0.022207 -0.357731
v -0.001389 -0.019739 -0.366623
v 0.005187 0.016713 -0.364990
v -0.000393 -0.020403 -0.350098
v -0.000496 -0.020403 -0.350175
v -0.000238 0.019308 -0.359781
v -0.001311 -0.021956 -0.352499
v -0.001315 0.017493 -0.352555
v -0.000145 0.015997 -0.349924
v -0.001216 -0.021976 -0.352410
v -0.000196 -0.020403 -0.349874
v -0.001173 0.017541 -0.352439
v -0.000972 -0.022261 -0.352791
v -0.001235 0.017574 -0.352558
v -0.001168 0.017675 -0.352616
v -0.001070 0.017575 -0.352341
v -0.001126 -0.022040 -0.352359
v -0.000996 0.017659 -0.352360
v -0.001031 0.017721 -0.352539
v -0.001068 -0.021838 -0.352074
v -0.000991 0.017421 -0.352093
v -0.000983 -0.021884 -0.351970
v -0.001007 0.017782 -0.352758
v -0.000749 0.017771 -0.352343
v -0.000112 -0.020403 -0.349731
v -0.000924 0.017484 -0.352011
v -0.000953 -0.022081 -0.352175
v -0.000985 -0.021787 -0.351876
v -0.000892 0.017363 -0.351881
v -0.000842 0.017864 -0.352759
v -0.000920 -0.021996 -0.351957
v 0.001851 -0.020426 -0.328604
v -0.000308 -0.020402 -0.329108
v -0.000680 -0.020492 -0.331898
v -0.000912 -0.021841 -0.351766
v -0.000845 0.017336 -0.351779
v -0.000504 0.016037 -0.328895
v -0.000799 0.017404 -0.351695
v -0.000866 0.017643 -0.352126
v -0.000903 -0.021745 -0.351734
v -0.000051 -0.020403 -0.349630
v -0.000033 0.015997 -0.349608
v -0.000816 0.017313 -0.351681
v -0.000875 -0.021722 -0.351634
v -0.000658 0.016034 -0.332241
v -0.000824 -0.022088 -0.351955
v -0.000816 -0.021892 -0.351631
v 0.000007 -0.020403 -0.349498
v -0.000792 -0.021988 -0.351668
v -0.000824 -0.022138 -0.352135
v -0.000466 -0.021811 -0.350669
v -0.000474 0.017422 -0.350898
v -0.000755 0.017537 -0.351740
v 0.000458 0.015987 -0.348686
v -0.000430 -0.022022 -0.350917
v -0.000207 0.017507 -0.350331
v -0.000657 -0.022169 -0.351856
v -0.000740 0.017716 -0.352094
v -0.000645 0.017683 -0.351751
v -0.000477 0.017775 -0.351818
v -0.000343 0.017688 -0.351085
v -0.000357 0.017792 -0.351801
v 0.002065 -0.021806 -0.327169
v -0.000374 -0.022205 -0.351771
v -0.000304 -0.022179 -0.351176
v -0.000627 0.016287 -0.330415
v -0.000189 0.017787 -0.351277
v -0.000193 -0.020571 -0.332448
v 0.017743 -0.025019 -0.344879
v 0.012195 0.020613 -0.351720
v 0.006082 -0.020511 -0.362509
v -0.000233 0.017283 -0.350247
v -0.000239 -0.021773 -0.350116
v -0.000231 0.017290 -0.350275
v -0.000430 -0.020433 -0.332363
v -0.000217 -0.022201 -0.351257
v -0.000418 0.017532 -0.331792
v -0.000300 -0.022205 -0.351553
v -0.000239 0.017795 -0.351601
v -0.001337 -0.021080 -0.325061
v -0.000273 -0.020539 -0.332388
v -0.000329 -0.020421 -0.332475
v -0.000110 -0.022146 -0.330690
v -0.000119 -0.021444 -0.329616
v 0.001504 0.017159 -0.346167
v 0.000514 -0.020635 -0.348576
v 0.000444 0.016952 -0.348954
v 0.000130 0.017699 -0.349960
v 0.000115 -0.022063 -0.349858
v -0.000010 -0.020380 -0.332648
v -0.000273 -0.022053 -0.332204
v 0.001057 0.016076 -0.328420
v 0.003740 0.017745 -0.357969
v 0.000052 -0.020682 -0.332564
v 0.001472 0.015999 -0.346176
v 0.001794 -0.022163 -0.346715
v 0.000204 0.017339 -0.332588
v 0.000140 0.017748 -0.332410
v 0.000142 -0.020652 -0.332644
v 0.005854 -0.022054 -0.334305
v -0.000194 0.017754 -0.330514
v 0.000157 -0.022176 -0.350268
v 0.000293 0.017338 -0.332640
v 0.002261 -0.020385 -0.333420
v -0.000046 0.016071 -0.332519
v 0.000279 -0.020748 -0.332679
v 0.000239 -0.022194 -0.350240
v 0.000804 -0.020458 -0.328468
v 0.000184 -0.022205 -0.350559
v 0.004811 0.017683 -0.351046
v 0.002669 -0.022215 -0.357531
v 0.004275 -0.022035 -0.356943
v 0.003408 0.017324 -0.357144
v 0.016682 -0.024625 -0.341575
v 0.000396 0.017337 -0.332701
v 0.004730 -0.022209 -0.357708
v 0.004366 0.017653 -0.358587
v 0.001355 0.016447 -0.328787
v 0.001301 -0.020842 -0.328781
v 0.000446 -0.020865 -0.332735
v 0.005508 0.015269 -0.366238
v 0.005153 -0.021170 -0.364882
v 0.002331 0.017626 -0.333400
v 0.002752 0.017679 -0.345660
v 0.000568 -0.020866 -0.332781
v 0.004879 -0.021855 -0.351226
v 0.004929 0.017434 -0.351242
v 0.004922 -0.020550 -0.350550
v 0.004055 -0.022117 -0.334567
v 0.004567 0.015994 -0.350174
v 0.017838 0.020439 -0.343675
v 0.007476 -0.020487 -0.349778
v 0.008485 -0.020409 -0.343337
v 0.008585 0.015991 -0.343443
v 0.009702 0.015986 -0.346311
v 0.001224 -0.020703 -0.328689
v 0.001309 -0.020590 -0.328633
v 0.001419 -0.020635 -0.328680
v 0.004691 -0.022085 -0.351141
v 0.006986 -0.020528 -0.332164
v 0.009837 0.017775 -0.356248
v 0.020835 0.018184 -0.340075
v 0.001520 -0.021618 -0.346164
v 0.001862 -0.020422 -0.345908
v 0.005818 0.017492 -0.359038
v 0.005267 -0.022125 -0.343343
v 0.005439 -0.017469 -0.365586
v 0.005782 -0.023715 -0.359109
v 0.004231 0.016093 -0.335159
v 0.007251 0.016051 -0.332606
v 0.022635 -0.022182 -0.340763
v 0.005761 -0.021944 -0.358972
v 0.004130 -0.020397 -0.335133
v 0.004058 -0.020677 -0.334956
v 0.005586 0.016079 -0.335377
v 0.022421 0.017346 -0.340338
v 0.005483 -0.019711 -0.366143
v 0.008805 -0.022026 -0.349478
v 0.006415 0.003098 -0.370544
v 0.023300 -0.021215 -0.340616
v 0.023616 0.016738 -0.340859
v 0.006561 0.015994 -0.356206
v 0.008787 0.017759 -0.349299
v 0.006388 0.005042 -0.370222
v 0.006412 -0.007539 -0.370497
v 0.004421 0.017727 -0.334788
v 0.005910 0.019296 -0.359086
v 0.006368 -0.009514 -0.370206
v 0.004269 -0.020503 -0.335140
v 0.004350 0.016220 -0.335108
v 0.005149 -0.020403 -0.342422
v 0.004370 -0.020403 -0.335267
v 0.005205 0.016249 -0.335073
v 0.005144 -0.021922 -0.334913
v 0.006571 -0.020905 -0.356155
v 0.006749 0.017701 -0.356686
v 0.006754 -0.022235 -0.356833
v 0.004643 0.016143 -0.335214
v 0.005246 0.017608 -0.342988
v 0.004808 -0.020467 -0.335284
v 0.005759 -0.020439 -0.353673
v 0.005064 0.016008 -0.351038
v 0.005603 0.017761 -0.334574
v 0.006689 -0.017583 -0.365043
v 0.006733 0.013106 -0.365071
v 0.004959 0.017360 -0.351185
v 0.004974 -0.021779 -0.350926
v 0.005358 0.016409 -0.342353
v 0.005226 -0.021652 -0.342519
v 0.007249 -0.010242 -0.368025
v 0.007339 0.005737 -0.367916
v 0.007381 -0.006251 -0.368398
v 0.007394 0.001758 -0.368403
v 0.007333 0.001716 -0.368484
v 0.007422 -0.000263 -0.368533
v 0.002821 -0.003424 -0.369405
v 0.007466 -0.003966 -0.368533
v 0.007443 -0.001445 -0.368561
v 0.007451 -0.001894 -0.368572
v 0.007459 -0.002237 -0.368571
v 0.005476 0.016049 -0.337605
v 0.005706 0.016483 -0.340473
v 0.009054 0.015993 -0.341383
v 0.005644 -0.021733 -0.337280
v 0.006945 0.016848 -0.333256
v 0.011091 -0.020408 -0.339612
v 0.005700 -0.020391 -0.336389
v 0.008972 -0.020407 -0.341385
v 0.005718 -0.020401 -0.340374
v 0.006746 -0.020512 -0.333932
v 0.008127 0.017572 -0.343504
v 0.008094 -0.021979 -0.343531
v 0.005923 -0.021888 -0.340186
v 0.006652 0.016003 -0.335589
v 0.006473 -0.022087 -0.336258
v 0.005974 0.017510 -0.339958
v 0.006395 0.017729 -0.340156
v 0.008048 -0.022110 -0.357455
v 0.007345 0.017746 -0.357381
v 0.006024 0.017595 -0.336740
v 0.007814 0.017632 -0.357780
v 0.007972 -0.021162 -0.364228
v 0.008017 0.016695 -0.364254
v 0.006391 -0.021400 -0.333194
v 0.008989 -0.021815 -0.341203
v 0.009395 -0.022218 -0.355423
v 0.009527 0.017730 -0.355316
v 0.008375 -0.019753 -0.365625
v 0.008303 0.015241 -0.365622
v 0.008526 0.016750 -0.360294
v 0.006789 -0.021131 -0.333376
v 0.010501 0.017762 -0.339291
v 0.010669 -0.022162 -0.339225
v 0.006885 -0.020422 -0.356929
v 0.009439 -0.020424 -0.355110
v 0.007778 -0.021645 -0.335102
v 0.008047 0.015972 -0.357611
v 0.006855 0.016536 -0.333461
v 0.008132 0.017621 -0.335246
v 0.007649 -0.020420 -0.353942
v 0.008769 -0.020421 -0.353615
v 0.007434 -0.020425 -0.351700
v 0.008242 0.015981 -0.353887
v 0.007032 0.015983 -0.352000
v 0.007506 -0.022074 -0.351766
v 0.008102 -0.022053 -0.353816
v 0.011622 -0.017569 -0.363652
v 0.011674 0.013020 -0.363625
v 0.007957 0.010034 -0.366520
v 0.008999 -0.020399 -0.334838
v 0.008459 -0.021211 -0.360209
v 0.007433 0.017739 -0.351918
v 0.008884 -0.020464 -0.357418
v 0.009435 -0.007591 -0.370053
v 0.009276 -0.009519 -0.369702
v 0.007738 0.017612 -0.353877
v 0.010842 -0.020421 -0.360884
v 0.007941 0.015982 -0.351530
v 0.009345 0.003058 -0.369983
v 0.008704 0.001781 -0.368115
v 0.012361 -0.006249 -0.367009
v 0.012420 -0.002253 -0.367231
v 0.011106 -0.013381 -0.365884
v 0.009276 0.016001 -0.334984
v 0.012714 -0.010207 -0.366223
v 0.009383 -0.022152 -0.356888
v 0.008786 0.017645 -0.353563
v 0.009356 0.017677 -0.356972
v 0.008091 -0.022881 -0.360156
v 0.009973 -0.020962 -0.361729
v 0.011788 0.016003 -0.339579
v 0.009407 0.005024 -0.369760
v 0.007589 0.016093 -0.349814
v 0.010277 0.017769 -0.347767
v 0.009536 -0.021561 -0.346348
v 0.010597 0.017223 -0.348463
v 0.012559 0.018965 -0.356992
v 0.010139 -0.022181 -0.347517
v 0.009210 -0.022012 -0.335274
v 0.009704 0.017585 -0.346847
v 0.009662 0.015979 -0.355579
v 0.009330 -0.022183 -0.350393
v 0.010585 -0.021608 -0.348341
v 0.008740 0.017459 -0.349696
v 0.009051 0.017250 -0.341229
v 0.008879 0.017288 -0.361096
v 0.014145 -0.020621 -0.360172
v 0.009821 0.017287 -0.335349
v 0.009282 0.017193 -0.345885
v 0.013468 0.001775 -0.366567
v 0.014843 -0.024575 -0.352268
v 0.014117 0.016697 -0.361972
v 0.014802 0.015256 -0.363152
v 0.010915 0.016074 -0.361291
v 0.014059 -0.021178 -0.361958
v 0.014344 0.016177 -0.359954
v 0.010880 -0.021502 -0.339716
v 0.015857 -0.022158 -0.352864
v 0.015107 0.017672 -0.354027
v 0.013335 0.017628 -0.346826
v 0.014403 0.017779 -0.347040
v 0.010641 -0.020355 -0.347038
v 0.012864 -0.022185 -0.338757
v 0.016091 0.009176 -0.363683
v 0.013223 -0.022013 -0.337964
v 0.013679 0.005720 -0.365819
v 0.013728 0.017113 -0.337878
v 0.010975 0.017281 -0.347083
v 0.013787 -0.021503 -0.337962
v 0.013739 -0.020410 -0.337780
v 0.013928 0.015990 -0.337973
v 0.013687 0.015989 -0.339302
v 0.011475 0.017627 -0.339186
v 0.011458 0.017065 -0.339614
v 0.011106 -0.021780 -0.347070
v 0.013065 -0.022217 -0.347892
v 0.011476 0.016923 -0.346960
v 0.011014 0.017773 -0.354741
v 0.011215 0.016122 -0.346983
v 0.012324 0.017773 -0.353832
v 0.012298 -0.021567 -0.346664
v 0.012204 -0.021904 -0.346964
v 0.013251 -0.021864 -0.346038
v 0.012599 0.017489 -0.346823
v 0.014037 -0.022199 -0.346508
v 0.013098 -0.022171 -0.346785
v 0.013226 0.017771 -0.347091
v 0.012756 0.017719 -0.338799
v 0.012937 0.017749 -0.338751
v 0.012643 0.017360 -0.346660
v 0.012855 0.017541 -0.339087
v 0.013464 -0.021496 -0.339199
v 0.012761 0.017340 -0.339265
v 0.013704 0.017104 -0.339144
v 0.015686 -0.013385 -0.363864
v 0.018237 0.017766 -0.349155
v 0.013828 -0.020419 -0.339027
v 0.014761 -0.019718 -0.363049
v 0.012795 0.017171 -0.346328
v 0.012874 0.017749 -0.338697
v 0.013528 -0.021608 -0.345316
v 0.012880 0.017393 -0.339222
v 0.012862 0.017610 -0.338997
v 0.012877 0.017783 -0.338491
v 0.012959 0.017568 -0.339035
v 0.013304 0.017549 -0.338925
v 0.017440 -0.022297 -0.355726
v 0.018034 0.017771 -0.355319
v 0.012983 0.017688 -0.338822
v 0.013471 -0.021947 -0.338652
v 0.017186 0.019435 -0.352250
v 0.013303 0.017587 -0.338072
v 0.013317 0.017684 -0.338252
v 0.013231 -0.022078 -0.338275
v 0.013409 -0.021933 -0.338106
v 0.014353 0.017761 -0.345843
v 0.015162 0.017763 -0.345210
v 0.021670 -0.022200 -0.344227
v 0.017304 -0.004380 -0.364778
v 0.014296 0.017171 -0.344354
v 0.014284 -0.021851 -0.344489
v 0.013843 0.017250 -0.345170
v 0.014447 0.017452 -0.344452
v 0.015614 -0.017561 -0.361692
v 0.015612 0.013025 -0.361655
v 0.016879 0.005031 -0.366658
v 0.014532 -0.019805 -0.359836
v 0.014482 0.015936 -0.359634
v 0.016989 -0.007551 -0.366906
v 0.014350 -0.022227 -0.345849
v 0.014586 -0.020547 -0.359657
v 0.015311 -0.021608 -0.342652
v 0.015384 0.017170 -0.342676
v 0.015869 -0.022096 -0.342318
v 0.016188 -0.022051 -0.342484
v 0.015787 0.017537 -0.342333
v 0.017004 0.003084 -0.366955
v 0.016551 0.016679 -0.360475
v 0.016538 -0.021171 -0.360454
v 0.016858 -0.009526 -0.366642
v 0.017003 -0.010221 -0.364086
v 0.016605 0.017760 -0.342981
v 0.017069 0.005733 -0.364166
v 0.017359 -0.019761 -0.361658
v 0.017280 0.015234 -0.361694
v 0.017466 -0.022248 -0.343704
v 0.018711 0.016157 -0.357027
v 0.018631 -0.020639 -0.357005
v 0.018178 0.017733 -0.349690
v 0.015450 0.017136 -0.342529
v 0.015856 0.017374 -0.342382
v 0.015631 0.015985 -0.339999
v 0.015379 -0.020538 -0.340262
v 0.015560 -0.020417 -0.341571
v 0.015590 0.017084 -0.340740
v 0.017261 -0.006260 -0.364607
v 0.017279 0.001721 -0.364559
v 0.015489 0.017054 -0.342382
v 0.015576 0.016075 -0.341614
v 0.017308 0.000732 -0.364690
v 0.017341 -0.000274 -0.364729
v 0.015852 0.016786 -0.339928
v 0.016659 0.015983 -0.339685
v 0.017109 -0.020421 -0.341479
v 0.016386 -0.020416 -0.339582
v 0.017347 -0.003773 -0.364754
v 0.017328 -0.004219 -0.364653
v 0.017370 -0.001455 -0.364750
v 0.017381 -0.001904 -0.364757
v 0.017388 -0.002248 -0.364754
v 0.015554 -0.021482 -0.342063
v 0.015708 -0.021846 -0.340679
v 0.016007 -0.021604 -0.339930
v 0.020019 -0.017526 -0.358591
v 0.018764 0.013022 -0.359581
v 0.016253 0.017750 -0.340884
v 0.020862 0.010214 -0.359893
v 0.017043 0.016075 -0.341392
v 0.016513 -0.022072 -0.340320
v 0.016898 0.017252 -0.342080
v 0.016608 -0.021357 -0.339743
v 0.016263 0.017599 -0.340407
v 0.019807 -0.024281 -0.347079
v 0.016867 -0.021361 -0.341672
v 0.020159 0.017765 -0.345574
v 0.016818 0.016969 -0.339847
v 0.021699 0.016692 -0.356525
v 0.019901 -0.013388 -0.361163
v 0.021847 -0.022022 -0.345955
v 0.022331 -0.021437 -0.343528
v 0.023570 -0.020443 -0.344183
v 0.022344 0.015986 -0.344801
v 0.019443 -0.007549 -0.365485
v 0.019470 -0.009561 -0.365256
v 0.019301 0.005027 -0.365258
v 0.021538 -0.010213 -0.360996
v 0.021507 -0.021547 -0.344849
v 0.021763 0.017547 -0.345631
v 0.017780 0.001754 -0.364449
v 0.021684 -0.006259 -0.361665
v 0.020762 -0.003285 -0.362601
v 0.021632 -0.022715 -0.350187
v 0.021627 -0.021181 -0.356406
v 0.019122 -0.024056 -0.342339
v 0.018967 0.020187 -0.346734
v 0.022692 0.015251 -0.357341
v 0.022718 0.005024 -0.362868
v 0.021619 0.018157 -0.350500
v 0.022095 0.017642 -0.344187
v 0.022331 0.005713 -0.360324
v 0.022869 -0.007549 -0.363077
v 0.023859 0.016014 -0.344373
v 0.019646 0.003056 -0.365549
v 0.021733 0.018746 -0.347982
v 0.022986 0.013010 -0.355770
v 0.021141 -0.020602 -0.354580
v 0.020288 -0.006480 -0.355668
v 0.020249 -0.010000 -0.355618
v 0.020332 0.002015 -0.355726
v 0.020380 0.005484 -0.355667
v 0.020830 0.004210 -0.356427
v 0.022625 -0.019728 -0.357240
v 0.022644 0.005051 -0.353811
v 0.020851 -0.008230 -0.356474
v 0.022635 -0.009300 -0.354094
v 0.021762 0.016141 -0.353971
v 0.022615 0.002446 -0.353816
v 0.023110 0.003747 -0.354023
v 0.024832 -0.014645 -0.355967
v 0.025039 -0.021497 -0.343579
v 0.021247 0.016057 -0.354314
v 0.021374 0.015638 -0.354231
v 0.023496 -0.020600 -0.351744
v 0.021718 -0.020634 -0.353922
v 0.021077 -0.020390 -0.353918
v 0.022970 -0.017584 -0.355622
v 0.023900 0.016760 -0.354137
v 0.024162 -0.009975 -0.350836
v 0.024153 0.002002 -0.350818
v 0.023470 -0.021165 -0.354208
v 0.024687 0.011005 -0.355504
v 0.023357 -0.006981 -0.352879
v 0.023276 -0.021667 -0.345536
v 0.024808 -0.019777 -0.354816
v 0.023845 -0.021140 -0.353628
v 0.023807 0.017331 -0.341476
v 0.024127 0.016816 -0.346365
v 0.025585 -0.020592 -0.347865
v 0.023659 -0.020455 -0.345766
v 0.025184 0.005727 -0.357608
v 0.025660 -0.002873 -0.358088
v 0.023746 0.016731 -0.347424
v 0.023945 -0.021413 -0.341282
v 0.024153 0.005471 -0.350769
v 0.025939 -0.007553 -0.360221
v 0.025448 -0.017466 -0.352521
v 0.025509 0.012985 -0.352554
v 0.024687 -0.020437 -0.345551
v 0.024656 0.015986 -0.346964
v 0.024080 -0.006495 -0.350887
v 0.024798 0.004625 -0.351315
v 0.024827 -0.020454 -0.347913
v 0.025079 -0.010225 -0.357541
v 0.023583 0.016041 -0.351776
v 0.025753 0.005023 -0.360027
v 0.024590 -0.007105 -0.351315
v 0.024937 -0.008375 -0.351468
v 0.024910 0.003268 -0.351287
v 0.023881 0.015370 -0.351242
v 0.025882 0.016148 -0.347092
v 0.023861 -0.019856 -0.351223
v 0.024138 0.016457 -0.347738
v 0.024820 0.015459 -0.354976
v 0.025965 0.003080 -0.360270
v 0.024666 0.016616 -0.342086
v 0.024999 -0.019727 -0.354537
v 0.025536 0.001745 -0.358073
v 0.025733 -0.009533 -0.360011
v 0.024710 -0.007320 -0.351127
v 0.025457 0.015544 -0.348524
v 0.025011 -0.021016 -0.342715
v 0.025209 0.015962 -0.347045
v 0.025103 -0.020490 -0.347577
v 0.025488 -0.020489 -0.348053
v 0.025902 0.015962 -0.345842
v 0.025583 0.015960 -0.348000
v 0.025371 0.016711 -0.343698
v 0.024734 0.004222 -0.351122
v 0.025302 -0.020064 -0.348614
v 0.024743 -0.008508 -0.351124
v 0.024841 0.003757 -0.351202
v 0.027688 -0.010222 -0.354253
v 0.027624 0.005025 -0.357947
v 0.027917 0.003093 -0.358121
v 0.027601 -0.009532 -0.357932
v 0.027523 -0.016790 -0.350107
v 0.027835 -0.007554 -0.358114
v 0.025835 -0.020687 -0.345432
v 0.025472 -0.006244 -0.357894
v 0.027327 -0.017310 -0.348577
v 0.025741 -0.018738 -0.347099
v 0.028153 -0.006291 -0.354731
v 0.028163 0.001760 -0.354648
v 0.028119 0.011382 -0.350227
v 0.025793 0.014665 -0.347184
v 0.028573 -0.012895 -0.348853
v 0.028085 -0.012018 -0.348558
v 0.028091 0.007616 -0.348548
v 0.028842 0.008062 -0.349218
v 0.028321 0.008001 -0.352258
v 0.028274 -0.012486 -0.352223
v 0.028227 -0.009548 -0.357083
v 0.028296 0.005025 -0.357109
v 0.027714 0.005709 -0.354261
v 0.027928 0.011547 -0.348948
v 0.028501 -0.007551 -0.357271
v 0.028477 0.003008 -0.357266
v 0.027665 0.001903 -0.351830
v 0.026793 0.007681 -0.351266
v 0.028935 0.003545 -0.349336
v 0.028167 -0.012072 -0.349173
v 0.028468 -0.012288 -0.349105
v 0.026757 -0.012171 -0.351238
v 0.028255 0.007627 -0.348985
v 0.027628 -0.006069 -0.351804
v 0.028224 -0.012000 -0.349050
v 0.029484 -0.002023 -0.353009
v 0.029165 -0.012855 -0.350729
v 0.029008 0.004508 -0.352702
v 0.029253 -0.003330 -0.349443
v 0.029076 -0.008427 -0.352744
v 0.028977 0.007914 -0.350945
v 0.028247 -0.012128 -0.349117
v 0.028316 -0.012183 -0.349056
v 0.029027 -0.012388 -0.349947
v 0.029126 0.008279 -0.350193
v 0.029116 -0.002227 -0.349230
v -0.029615 -0.001870 -0.323196
v -0.031335 0.000112 -0.329174
v -0.030836 -0.008626 -0.328899
v -0.029774 0.006841 -0.324929
v -0.030850 -0.002105 -0.329583
v -0.030255 0.006728 -0.328508
v -0.030521 -0.007708 -0.329227
v -0.030458 0.003658 -0.329218
v -0.020500 -0.002171 -0.325462
v -0.029052 -0.014988 -0.327688
v -0.029752 -0.010975 -0.324584
v -0.027301 -0.015918 -0.319665
v -0.028615 0.011367 -0.327990
v -0.028190 -0.016119 -0.327925
v -0.027246 0.012040 -0.319837
v -0.028056 -0.016738 -0.327438
v -0.027264 0.013201 -0.327408
v -0.025298 -0.001935 -0.315630
v -0.026951 -0.018249 -0.321845
v -0.027078 0.013660 -0.322014
v -0.024828 0.014961 -0.326542
v -0.026329 -0.018603 -0.326721
v -0.025019 -0.019092 -0.326572
v -0.025514 -0.018325 -0.317161
v -0.024664 0.014607 -0.316116
v -0.024485 -0.019098 -0.315854
v -0.026501 0.014247 -0.326723
v -0.024482 -0.020185 -0.322385
v -0.025484 0.014396 -0.317672
v -0.024782 -0.019336 -0.316799
v -0.024488 0.015503 -0.317486
v -0.023660 -0.020124 -0.325719
v -0.025495 0.015334 -0.322289
v -0.023561 0.015930 -0.325565
v -0.023593 -0.020234 -0.317002
v -0.006957 -0.002440 0.004532
v -0.024529 -0.002986 0.004345
v -0.024534 -0.000624 0.004422
v -0.024483 -0.001606 0.033991
v -0.022901 0.014172 -0.313871
v -0.007215 -0.000001 0.004141
v -0.024085 -0.014993 -0.000423
v -0.024540 -0.002760 -0.001385
v -0.024162 -0.001828 -0.014160
v -0.024012 0.011334 -0.007379
v -0.024010 -0.014732 0.034440
v -0.008249 -0.001984 -0.001472
v -0.024508 -0.000078 -0.000982
v -0.008362 0.000528 -0.000520
v -0.008354 -0.003895 -0.000602
v -0.007439 -0.003913 0.003729
v -0.024485 -0.004534 0.000345
v -0.024478 -0.004593 0.002767
v -0.024472 0.001167 0.000578
v -0.024473 0.001014 0.002861
v -0.008230 -0.004879 0.001584
v -0.008106 0.001265 0.001980
v -0.023919 -0.014819 -0.011454
v -0.023758 -0.001701 0.038051
v -0.023906 0.011193 0.035313
v -0.023286 -0.013254 0.038429
v -0.022637 0.016022 -0.325285
v -0.022985 0.016017 -0.316459
v -0.023763 0.011912 0.034092
v -0.023229 0.011739 -0.017161
v -0.023424 0.012466 -0.006414
v -0.023296 -0.016076 0.033705
v -0.023355 -0.016054 -0.007281
v -0.022471 -0.001698 0.041527
v -0.021435 -0.010694 0.042972
v -0.023237 0.012387 0.035244
v -0.021215 -0.001763 -0.030207
v -0.022690 -0.014892 -0.021250
v -0.008743 -0.018052 -0.298438
v 0.004851 -0.002427 -0.282684
v -0.010193 0.013806 -0.300087
v -0.022276 0.009458 0.040429
v -0.020288 -0.020051 -0.324747
v -0.021744 -0.016752 -0.016771
v -0.022612 -0.016568 -0.005846
v -0.019845 -0.020245 -0.320105
v -0.020616 -0.020298 -0.317376
v -0.022912 -0.015387 0.036785
v -0.022536 0.013080 0.033647
v -0.019950 0.016009 -0.320112
v -0.022274 0.013162 -0.006347
v -0.021465 0.013243 -0.016451
v -0.020567 0.016036 -0.317476
v -0.007369 -0.020229 -0.322091
v -0.020224 -0.020307 -0.324478
v -0.014259 0.015241 -0.305375
v -0.021240 0.012544 -0.027616
v -0.021850 -0.016242 -0.024834
v -0.021425 0.012690 0.036476
v -0.021998 -0.016648 0.034096
v -0.020893 0.013644 -0.026023
v -0.021128 -0.011659 0.042917
v -0.020473 0.015936 -0.324740
v -0.019153 -0.001508 0.046661
v -0.022037 0.007690 0.041868
v -0.011518 -0.020159 -0.304114
v -0.021927 0.013230 0.034110
v -0.019628 -0.017939 -0.030334
v -0.020026 -0.012571 0.042838
v -0.020735 0.009714 0.041772
v -0.019093 -0.017371 -0.034938
v -0.019912 0.007582 0.044544
v -0.020571 -0.016663 0.031523
v -0.014116 -0.016808 -0.003023
v -0.012168 -0.016788 0.007974
v -0.020772 0.013278 0.031381
v -0.012784 0.013273 0.006795
v -0.014064 0.013319 0.001362
v -0.020825 -0.017339 -0.021925
v -0.012282 -0.016838 -0.007459
v -0.013836 0.013293 -0.004036
v -0.020301 0.012973 0.034802
v -0.018970 0.013676 -0.035320
v -0.013820 0.016027 -0.309916
v -0.021092 -0.016007 0.036722
v -0.017797 0.015129 -0.032955
v -0.003014 -0.016832 -0.014601
v -0.009399 -0.016825 -0.011120
v -0.011126 0.013250 -0.009501
v -0.006200 0.013248 -0.013275
v -0.018310 0.009776 0.041696
v -0.018428 0.014665 -0.034753
v -0.020556 -0.020070 -0.318479
v -0.017714 -0.012599 0.042829
v -0.018326 0.006170 0.046890
v -0.020452 0.015629 -0.318584
v -0.020364 -0.016391 0.035220
v -0.020060 0.012834 0.031533
v -0.019280 -0.005324 -0.318303
v -0.010150 0.013369 0.009637
v -0.018359 -0.008908 0.047199
v -0.020051 0.013022 0.030990
v -0.020090 0.015800 -0.317255
v -0.020084 -0.019976 -0.317169
v -0.019877 -0.020043 -0.319811
v 0.004773 -0.017116 -0.019324
v 0.004983 0.013460 -0.019299
v -0.000660 0.013265 -0.014655
v -0.019262 0.001524 -0.317180
v -0.019293 0.001301 -0.318715
v -0.019656 0.015795 -0.320109
v -0.019265 -0.005886 -0.317126
v -0.007472 -0.016733 0.012380
v -0.007478 0.013233 0.012309
v -0.011120 -0.020211 -0.307076
v -0.019005 -0.005615 -0.319197
v -0.019784 -0.016258 0.030877
v -0.020085 -0.016081 0.031975
v -0.007942 0.015604 -0.304075
v -0.019261 -0.014477 0.037677
v -0.019329 0.011370 0.037553
v -0.019466 0.005989 0.035648
v -0.019500 -0.009449 0.035657
v -0.019658 0.005835 0.031581
v -0.019718 -0.009638 0.031509
v -0.007957 -0.019781 -0.304021
v -0.019035 -0.014320 0.039041
v -0.016641 -0.019130 -0.036276
v 0.009259 -0.002128 -0.124834
v -0.003017 -0.022181 -0.084435
v -0.018399 0.001073 -0.319642
v -0.006572 0.012502 0.012257
v -0.018945 -0.008052 0.031650
v -0.019254 -0.008418 0.032121
v -0.018971 -0.005186 -0.317271
v -0.018214 -0.005479 -0.319775
v -0.006089 0.006047 0.012148
v -0.018125 -0.007761 0.036996
v -0.018644 0.004585 0.035375
v -0.018861 0.004615 0.031682
v -0.018839 0.000917 -0.317102
v -0.009534 -0.001719 -0.326911
v -0.008885 -0.020225 -0.326331
v -0.016992 -0.012281 0.042740
v -0.017913 -0.009511 0.040193
v -0.017884 0.009229 0.040338
v -0.006075 -0.008771 0.012537
v 0.006415 -0.005467 -0.289345
v 0.008279 0.001570 -0.287127
v -0.018389 -0.004713 -0.317849
v 0.008725 0.000724 -0.287305
v -0.018157 -0.004743 -0.318859
v -0.018460 0.000489 -0.317697
v -0.004404 0.015945 -0.322937
v -0.010454 0.015830 -0.321570
v -0.018726 0.000495 -0.318292
v -0.016924 0.004334 0.039646
v -0.017860 -0.007297 0.032991
v -0.005029 -0.007439 0.013364
v -0.007270 0.001249 -0.321465
v 0.009334 -0.004699 -0.287635
v -0.017443 -0.010124 0.047093
v -0.017752 0.003825 0.032757
v -0.017344 -0.012278 0.041362
v -0.017769 0.006008 0.040380
v -0.015695 0.004567 0.049446
v -0.015382 -0.001699 0.049951
v -0.013890 -0.007321 0.050736
v 0.009747 0.000417 -0.287068
v -0.013025 -0.019479 -0.304084
v -0.016813 0.008747 0.042643
v -0.009210 0.000701 -0.320635
v -0.006338 0.017842 -0.074008
v -0.005326 -0.004812 -0.321081
v -0.014912 -0.007644 0.042485
v -0.006223 0.000427 -0.320643
v -0.005006 -0.022801 -0.076295
v -0.005086 0.018963 -0.076031
v -0.015212 0.007346 0.044081
v -0.015966 -0.011177 0.043178
v -0.015594 -0.009426 0.043428
v -0.015005 0.005544 0.043863
v -0.006217 0.019072 -0.068535
v -0.006584 -0.022684 -0.067905
v 0.010328 -0.019652 -0.040706
v -0.013922 -0.010705 0.046101
v -0.010682 -0.007135 0.027162
v -0.014591 0.003733 0.036147
v -0.013223 0.004064 0.043624
v -0.013767 -0.007213 0.041802
v -0.013267 -0.009500 0.045649
v -0.014550 0.007557 0.045535
v 0.010570 -0.022292 -0.063174
v 0.010906 0.018415 -0.063460
v 0.011873 0.018369 -0.062490
v -0.013202 0.003670 0.041301
v -0.013872 -0.016911 0.002726
v -0.014552 -0.007093 0.035297
v -0.014191 0.003662 0.032871
v -0.013389 0.002795 0.037355
v -0.011557 -0.008146 0.050948
v -0.012294 0.004600 0.050961
v -0.010916 0.004668 0.046277
v -0.010444 0.004748 0.050823
v -0.012975 0.003226 0.031154
v -0.012183 0.013775 0.005570
v -0.013521 -0.017312 -0.000148
v -0.013291 0.013865 -0.002088
v -0.013769 -0.007094 0.031813
v -0.011619 0.002585 0.041462
v -0.012447 -0.017467 -0.005024
v -0.011638 -0.009715 0.047330
v -0.011949 0.006454 0.047461
v -0.012642 -0.005909 0.034346
v -0.010913 -0.008320 0.046597
v -0.006410 -0.018810 -0.296902
v -0.011844 0.005982 0.046560
v -0.013174 -0.006377 0.039098
v -0.012226 0.002451 0.032759
v -0.004806 0.014204 -0.295069
v -0.011156 -0.017289 0.007508
v -0.012776 -0.018538 -0.000719
v -0.012694 0.015009 0.000201
v -0.011311 -0.006076 0.030159
v -0.011726 -0.018711 0.004337
v -0.011836 -0.018688 -0.004536
v -0.010061 0.015811 -0.302728
v -0.012154 0.015155 0.003081
v -0.010120 0.005263 0.047368
v -0.012285 0.015160 -0.002917
v -0.011810 -0.007152 0.043486
v -0.010258 -0.008732 0.047243
v -0.011531 0.003677 0.027913
v -0.010236 0.003781 0.044872
v -0.011172 0.015042 -0.006182
v -0.010045 -0.005923 0.042824
v -0.010547 -0.018531 0.007153
v -0.007852 -0.005744 0.053189
v -0.010731 0.002337 0.052381
v -0.010128 -0.006060 0.052455
v -0.009006 0.015185 -0.000544
v -0.008365 -0.005897 0.034903
v -0.008125 -0.005883 0.037564
v -0.008118 0.002436 0.037522
v -0.008155 0.002428 0.034351
v -0.008574 -0.018701 -0.002756
v -0.005968 0.015523 -0.301326
v -0.009569 -0.007560 0.046319
v -0.008791 -0.018699 0.002241
v -0.011001 0.013813 -0.008030
v -0.009819 0.014956 0.008108
v -0.007444 0.015207 -0.005822
v -0.004310 0.001728 0.053821
v -0.007061 -0.005932 0.026730
v -0.008045 0.015165 0.003678
v -0.008865 0.015135 -0.009242
v -0.008363 -0.006978 0.052017
v -0.010003 -0.018698 -0.008003
v -0.006372 -0.007286 0.047128
v -0.006590 -0.005889 0.031875
v -0.006899 0.002435 0.032126
v -0.009747 -0.007947 0.050742
v -0.007565 -0.018742 0.009831
v -0.007173 0.015228 0.009982
v -0.007539 -0.017157 0.011414
v -0.006343 -0.018706 0.006290
v -0.002865 -0.019379 -0.298099
v -0.007246 0.003704 0.025074
v -0.009346 -0.017392 -0.009955
v -0.006632 0.013780 -0.011967
v -0.007777 0.003294 0.045830
v -0.008165 0.002549 0.027126
v -0.005374 0.002448 0.045299
v -0.006345 -0.005886 0.040084
v -0.006360 0.002434 0.040058
v -0.008290 0.004393 0.047354
v -0.007603 -0.007626 0.047433
v -0.007048 0.013754 0.011433
v -0.007910 0.003811 0.051721
v -0.007104 -0.005683 -0.321511
v -0.005782 0.015200 0.006937
v -0.007519 -0.018554 -0.010482
v -0.007168 -0.005932 0.045082
v -0.006819 -0.017532 0.011324
v -0.007521 0.014903 -0.004374
v -0.006356 0.014766 0.011092
v -0.008407 -0.018121 -0.000040
v -0.008349 0.014562 -0.000872
v -0.006288 -0.018358 0.011169
v -0.008167 -0.018111 0.002047
v -0.006287 -0.018721 -0.006584
v -0.005664 -0.007164 0.024683
v -0.008137 -0.018060 -0.002357
v -0.002293 -0.018868 -0.294112
v -0.007970 0.014646 0.002674
v -0.006917 0.003851 0.035326
v -0.005221 -0.017440 -0.012547
v -0.006607 -0.007225 0.051305
v -0.003709 0.002452 0.026040
v -0.004330 -0.020072 -0.327772
v -0.001301 0.014379 -0.293133
v -0.006896 -0.018062 0.004749
v -0.006844 0.014512 -0.005059
v -0.001567 -0.020303 -0.323973
v -0.006880 0.015874 -0.326746
v -0.003798 -0.018740 0.008253
v -0.006699 0.003904 0.047119
v -0.006562 -0.007263 0.037638
v -0.005151 -0.018668 -0.011784
v -0.003845 0.014910 -0.012544
v -0.002657 -0.002163 -0.329177
v -0.006365 -0.007293 0.033723
v -0.005570 0.014653 0.006341
v -0.005889 0.003808 0.038562
v -0.006475 -0.018209 -0.005742
v -0.003169 0.003088 0.053042
v -0.006720 -0.016456 0.012207
v -0.003701 0.015153 -0.008398
v 0.000865 0.014393 -0.294088
v -0.006611 0.012946 0.012066
v -0.002528 -0.006436 0.046631
v -0.002874 0.003717 0.047496
v -0.002865 0.003819 0.039743
v -0.004287 0.014554 -0.007504
v -0.006016 -0.016297 0.011933
v -0.005531 -0.016818 0.011743
v -0.002257 0.003651 0.024289
v -0.004161 -0.018144 0.007353
v -0.002418 0.019986 -0.081484
v -0.001578 0.013986 -0.013560
v -0.005384 0.013088 0.011742
v -0.003185 -0.005900 0.030484
v -0.003365 -0.005885 0.041205
v -0.002728 0.002440 0.030366
v -0.003943 0.002442 0.041198
v -0.006001 -0.009539 0.012119
v -0.003068 -0.005514 0.053669
v -0.002497 -0.005696 -0.322925
v -0.002465 0.001097 -0.322828
v -0.005694 0.004824 0.012553
v -0.001554 -0.007057 0.052465
v 0.006658 0.019635 -0.074697
v -0.003721 -0.018713 -0.008345
v -0.004670 -0.009389 0.011994
v -0.004430 0.005550 0.012057
v -0.000949 0.015191 -0.012592
v -0.004523 -0.008046 0.012511
v -0.002225 -0.018109 0.012706
v -0.003270 0.014731 0.012326
v -0.004400 0.003921 0.013094
v 0.004181 0.011561 -0.284611
v 0.000203 0.018848 -0.093847
v -0.001746 -0.007180 0.024434
v -0.000034 -0.018738 0.009148
v -0.000562 0.003850 0.014038
v 0.005311 -0.014958 -0.282880
v -0.003931 0.003819 0.031933
v 0.000398 0.015178 -0.009445
v 0.000020 -0.007147 0.046951
v -0.002055 0.014935 0.008284
v 0.000486 0.015812 -0.329910
v 0.000273 -0.020077 -0.329849
v 0.006284 -0.016161 -0.283122
v -0.002504 -0.017271 -0.013555
v -0.003065 -0.007269 0.031743
v 0.001590 -0.007326 0.014274
v -0.000505 -0.007610 0.013718
v -0.001564 -0.018347 -0.013057
v 0.006182 0.012441 -0.284432
v -0.003865 -0.007309 0.039720
v -0.001404 0.005030 0.012823
v -0.001425 -0.008700 0.012816
v 0.000885 -0.018768 -0.009451
v -0.001482 -0.023957 -0.082007
v -0.000064 0.020197 -0.087096
v -0.001054 -0.005904 0.040859
v 0.005445 -0.023627 -0.076928
v -0.000027 0.014568 0.012852
v 0.000382 -0.007300 0.033804
v 0.000316 -0.007289 0.038137
v -0.000118 -0.005518 0.053427
v -0.001614 -0.005957 0.025964
v 0.001389 -0.001720 0.053372
v 0.000435 0.002699 0.045615
v 0.001228 0.003633 0.051931
v 0.000959 0.003804 0.035756
v -0.000138 0.003793 0.033141
v -0.000055 0.003819 0.038402
v -0.000130 0.014713 -0.008840
v 0.001615 0.015878 -0.325428
v -0.002633 -0.018279 -0.008330
v 0.000045 -0.018253 0.008575
v 0.000402 0.002445 0.040233
v -0.000557 0.014656 0.008398
v 0.001860 -0.020015 -0.325443
v 0.002045 0.001363 -0.324939
v 0.002396 0.000755 -0.324680
v 0.002359 -0.005029 -0.324560
v 0.002059 -0.005796 -0.324970
v 0.002717 0.000380 -0.323994
v 0.002899 -0.004729 -0.324047
v 0.002541 -0.002186 -0.331957
v 0.001907 -0.024066 -0.087387
v -0.000710 -0.023422 -0.089487
v 0.000274 -0.005903 0.031634
v 0.000621 -0.017281 -0.013820
v 0.002759 -0.023559 -0.098868
v 0.002224 0.019592 -0.097821
v 0.002793 -0.005977 0.044121
v 0.001983 0.015091 0.008677
v 0.001976 0.005178 0.012811
v 0.001957 -0.008714 0.012828
v 0.000329 0.002414 0.031648
v 0.001900 0.003553 0.025580
v 0.001683 0.002434 0.027382
v 0.007542 -0.016804 -0.287308
v 0.004554 -0.017779 -0.290218
v 0.002016 0.020273 -0.087160
v 0.001433 -0.007208 0.025258
v 0.003042 0.003663 0.045689
v 0.000409 -0.018615 0.012676
v 0.000655 0.015276 0.012244
v 0.004065 -0.018738 0.011710
v 0.003292 0.020109 -0.098015
v 0.007373 0.003723 0.013286
v 0.000367 -0.018743 -0.012763
v 0.004560 0.002476 0.042356
v 0.003625 -0.023968 -0.097824
v 0.001483 -0.005897 0.038788
v 0.003697 -0.006079 0.052162
v 0.001337 0.002054 0.053209
v 0.001613 -0.018278 -0.008660
v 0.002397 0.014513 0.008104
v 0.005489 -0.023939 -0.098712
v 0.002087 0.002417 0.034185
v 0.001830 0.015112 -0.012881
v 0.004492 -0.018792 -0.011905
v 0.003306 0.014487 -0.012935
v 0.003166 0.013307 -0.013977
v 0.003908 -0.016689 -0.014389
v 0.002812 -0.006186 0.027382
v 0.003698 -0.007165 0.045200
v 0.003604 -0.007095 0.026595
v 0.010142 0.016206 -0.125545
v 0.002411 -0.005908 0.034923
v 0.004510 -0.007506 0.013149
v 0.004294 0.003944 0.013247
v 0.002118 0.002416 0.037368
v 0.006881 0.002473 0.034303
v 0.004374 0.014576 0.012151
v 0.004419 -0.018071 0.012168
v 0.005612 -0.007168 0.049520
v 0.010743 -0.015522 -0.278666
v 0.003861 -0.018239 -0.012613
v 0.004555 0.014603 -0.007599
v 0.003739 -0.018153 0.007655
v 0.003495 -0.017242 -0.013312
v 0.004763 -0.018736 0.007841
v 0.005717 0.015150 -0.007540
v 0.005565 0.015217 0.007904
v 0.006195 0.003470 0.049855
v 0.004978 0.002673 0.029272
v 0.005634 0.020121 -0.099092
v 0.002485 -0.023828 -0.086460
v 0.002439 -0.023827 -0.087892
v 0.002439 0.019973 -0.087237
v 0.005426 0.019991 -0.097320
v 0.029324 -0.006536 -0.349066
v 0.027885 -0.015881 -0.347715
v 0.024688 -0.019292 -0.345646
v 0.029448 -0.000677 -0.349256
v 0.003202 -0.005636 -0.088014
v 0.003249 -0.005675 -0.086445
v 0.003210 0.001881 -0.086636
v 0.003295 0.001703 -0.088280
v 0.005899 -0.023646 -0.098767
v 0.006795 0.002065 0.050806
v 0.022786 -0.020338 -0.344064
v 0.003775 0.014672 -0.012662
v 0.022804 0.015907 -0.343971
v 0.005411 -0.005529 0.051539
v 0.010929 -0.005822 -0.065238
v 0.011411 -0.022129 -0.062581
v 0.010983 0.001598 -0.065328
v 0.009575 0.011336 -0.279392
v 0.006821 -0.001731 0.051001
v 0.023149 -0.020399 -0.339445
v 0.004273 0.013064 -0.013375
v 0.006445 -0.007189 0.029315
v 0.004991 -0.008711 0.011977
v 0.005060 0.005162 0.011940
v 0.005563 -0.018148 -0.006779
v 0.008450 0.015194 0.009088
v 0.005107 0.014870 0.007015
v 0.005598 -0.018770 -0.007574
v 0.013046 -0.007404 0.005786
v 0.013307 0.003752 0.005919
v 0.003358 -0.005167 -0.087780
v 0.003452 0.001298 -0.086617
v 0.004115 0.012918 -0.014016
v 0.003488 -0.005119 -0.086298
v 0.005924 -0.005996 0.031135
v 0.003819 0.000901 -0.088052
v 0.014295 -0.005712 -0.122772
v 0.013765 0.001911 -0.121066
v 0.008321 0.015152 -0.009618
v 0.011006 -0.005338 -0.065311
v 0.014474 0.001056 -0.122149
v 0.014723 -0.004785 -0.122398
v 0.003841 -0.004667 -0.088078
v 0.011658 0.000770 -0.065631
v 0.004247 -0.004465 -0.086894
v 0.008479 -0.020995 -0.119879
v 0.004278 0.000676 -0.086884
v 0.006444 -0.007176 0.042407
v 0.005858 -0.005996 0.040535
v 0.005257 0.003647 0.027849
v 0.011226 0.017564 -0.126470
v 0.016443 0.000602 -0.125811
v 0.006560 0.003690 0.042259
v 0.023273 0.015843 -0.339280
v 0.022596 -0.005813 -0.338151
v 0.004901 -0.015620 -0.013867
v 0.009889 0.018250 -0.120630
v 0.011703 -0.004533 -0.065522
v 0.006222 -0.018150 0.005915
v 0.022725 0.000910 -0.337967
v 0.010028 -0.022107 -0.121182
v 0.004569 -0.016316 -0.013184
v 0.005024 0.011915 -0.014020
v 0.019132 -0.004544 -0.136502
v 0.023919 -0.005193 -0.338186
v 0.023799 0.000385 -0.337631
v 0.005516 -0.015379 -0.012133
v 0.005179 0.011364 -0.013441
v 0.024474 -0.004540 -0.103104
v 0.026672 0.000602 -0.112485
v 0.023904 -0.004794 -0.337528
v 0.013162 0.000717 -0.065468
v 0.008133 0.010166 -0.279025
v 0.006944 0.014416 -0.011264
v 0.012138 -0.007148 0.042466
v 0.005447 0.012349 -0.012212
v 0.007641 -0.018101 -0.010748
v 0.010559 -0.018754 0.006699
v 0.010546 -0.016151 -0.283266
v 0.008294 0.012508 -0.286453
v 0.005150 -0.014768 -0.013439
v 0.008449 -0.006041 0.049258
v 0.007990 -0.008725 0.010338
v 0.009641 -0.007356 0.010586
v 0.008010 0.005165 0.010321
v 0.026484 -0.004827 -0.333171
v 0.025724 0.000341 -0.336578
v 0.008481 0.003935 0.011131
v 0.005430 0.006057 -0.013580
v 0.005352 -0.009751 -0.013051
v 0.008224 -0.018331 0.009954
v 0.007928 0.014869 0.010180
v 0.014638 0.017513 -0.134099
v 0.007487 -0.009936 -0.021582
v 0.005533 0.005888 -0.012546
v 0.005910 -0.009927 -0.011855
v 0.005920 -0.008897 -0.012077
v 0.006908 0.002686 0.038608
v 0.005804 0.004901 -0.013513
v 0.011011 0.015876 -0.041213
v 0.010553 -0.006130 -0.284011
v 0.011688 -0.005369 -0.282836
v 0.007184 0.014548 -0.005085
v 0.007198 0.014424 0.004683
v 0.008144 -0.018749 -0.004682
v 0.007936 0.015155 0.004690
v 0.013677 -0.021588 -0.131745
v 0.006355 0.005235 -0.011686
v 0.007259 -0.006211 0.037460
v 0.007351 -0.018233 0.004486
v 0.006262 -0.008054 -0.013819
v 0.006510 -0.007870 -0.012836
v 0.008080 -0.018754 0.004629
v 0.007691 0.003687 0.031608
v 0.011655 0.014319 -0.039498
v 0.014838 -0.021892 -0.127687
v 0.011575 -0.017936 -0.039275
v 0.009965 -0.013748 -0.275749
v 0.010218 0.009326 -0.032498
v 0.007427 0.003771 -0.012776
v 0.006950 0.004219 -0.012023
v 0.008028 -0.007113 0.032968
v 0.010028 -0.013051 -0.032020
v 0.008314 -0.018240 -0.002875
v 0.007804 -0.004118 0.003606
v 0.007133 -0.001546 0.004727
v 0.010424 -0.006997 0.045672
v 0.009442 0.014544 -0.009286
v 0.008812 0.015138 -0.003267
v 0.009657 0.005142 -0.009152
v 0.007197 -0.007491 -0.012372
v 0.008370 -0.007158 0.037852
v 0.008572 0.003684 0.036805
v 0.008872 -0.009150 -0.023660
v 0.008765 -0.007544 -0.017376
v 0.009648 -0.008434 -0.009276
v 0.010037 0.003633 0.046076
v 0.017796 -0.001514 0.004629
v 0.017781 -0.003767 0.004003
v 0.017794 0.000084 0.003948
v 0.016257 -0.007244 0.000808
v 0.015875 0.003675 -0.000178
v 0.014109 0.018178 -0.124877
v 0.011147 -0.018769 -0.005861
v 0.007918 0.000698 0.003338
v 0.008476 0.014710 -0.002431
v 0.008715 0.014568 0.001218
v 0.009256 0.005919 -0.025535
v 0.011381 -0.001908 -0.271897
v 0.008548 0.004067 -0.018181
v 0.010634 0.003886 -0.009526
v 0.014223 -0.021714 -0.124514
v 0.012931 0.018155 -0.120266
v 0.017928 0.001252 0.002118
v 0.011820 -0.007422 -0.008276
v 0.011193 -0.001743 0.046999
v 0.009799 0.004516 -0.021763
v 0.008487 -0.004849 0.001553
v 0.008616 0.001230 0.000881
v 0.009001 0.015070 0.001134
v 0.017949 -0.004893 0.001775
v 0.012399 0.003701 0.040724
v 0.015051 0.003642 -0.014057
v 0.009263 -0.018736 -0.000487
v 0.012330 0.015166 0.002604
v 0.010437 -0.018384 -0.007941
v 0.008640 -0.018327 0.001381
v 0.008651 -0.004106 -0.000422
v 0.008546 -0.002132 -0.001449
v 0.008617 -0.000094 -0.000943
v 0.018043 -0.004512 0.000213
v 0.018050 -0.003341 -0.001035
v 0.018071 -0.001248 -0.001462
v 0.018145 0.000869 -0.000004
v 0.013370 0.011031 -0.278991
v 0.011058 0.014791 0.006743
v 0.011204 -0.008407 0.007071
v 0.011035 0.005150 0.007133
v 0.013014 -0.020672 -0.134640
v 0.011126 -0.018072 0.006846
v 0.010089 -0.008477 -0.023618
v 0.010926 0.003927 0.008756
v 0.012549 -0.018763 0.000163
v 0.011017 -0.011710 -0.032117
v 0.013450 0.004341 -0.020936
v 0.012732 0.009849 -0.272071
v 0.014906 -0.007334 -0.017152
v 0.013359 -0.004759 -0.281459
v 0.014101 0.000491 -0.280296
v 0.011113 0.002025 0.046833
v 0.010963 -0.005495 0.047008
v 0.011387 0.014646 -0.006611
v 0.011544 -0.010201 -0.029516
v 0.011251 0.005901 -0.027778
v 0.011786 0.008248 -0.033331
v 0.013651 -0.012629 -0.267370
v 0.011700 0.008779 -0.272336
v 0.012428 0.014674 -0.041700
v 0.013464 0.015179 -0.139703
v 0.013356 -0.001974 -0.142442
v 0.012360 -0.019200 -0.134699
v 0.014053 -0.008583 -0.024261
v 0.012099 -0.008750 -0.005440
v 0.012120 0.005139 -0.005455
v 0.012785 0.004900 0.003633
v 0.014384 -0.015000 -0.277146
v 0.012147 -0.016022 -0.039285
v 0.011530 -0.019077 -0.041051
v 0.012720 0.016320 -0.044675
v 0.013167 0.002457 0.043008
v 0.019106 -0.020463 -0.147541
v 0.011792 -0.021847 -0.062642
v 0.012425 -0.018563 -0.041917
v 0.011983 0.001285 -0.064651
v 0.012581 -0.018394 -0.003652
v 0.011741 -0.005190 -0.064712
v 0.012717 0.014484 -0.003644
v 0.012382 -0.018422 0.003820
v 0.012832 0.014487 0.002890
v 0.012603 -0.014696 -0.273784
v 0.012295 0.010482 -0.037285
v 0.015359 0.016286 -0.144474
v 0.012802 -0.008741 0.003167
v 0.013735 0.005915 -0.028055
v 0.013310 -0.005333 0.043170
v 0.013275 -0.010688 -0.031333
v 0.013250 0.007710 -0.032948
v 0.013328 0.003857 -0.005388
v 0.013671 -0.022150 -0.062290
v 0.013482 -0.020793 -0.050826
v 0.013438 0.017156 -0.051437
v 0.012703 -0.020040 -0.044635
v 0.012851 -0.004578 -0.065072
v 0.013486 -0.021900 -0.062556
v 0.013448 0.018128 -0.062551
v 0.012460 0.015135 -0.003042
v 0.013088 -0.018219 0.000762
v 0.013560 0.003294 0.039265
v 0.013556 -0.014887 -0.039488
v 0.014488 -0.002109 -0.263025
v 0.015152 -0.005809 -0.276472
v 0.013752 0.001421 -0.279289
v 0.015415 0.000940 -0.276557
v 0.013712 0.018379 -0.062488
v 0.013181 -0.008747 -0.001197
v 0.013199 0.005147 -0.001219
v 0.013732 -0.007491 -0.003529
v 0.013911 -0.006485 0.039164
v 0.017171 -0.004765 -0.274519
v 0.013784 0.015585 -0.044651
v 0.013385 0.001440 -0.064630
v 0.014097 -0.007519 0.001152
v 0.016844 0.003358 -0.000007
v 0.013147 0.014480 -0.000383
v 0.014550 0.001909 0.039266
v 0.014112 0.003915 0.001173
v 0.015567 0.009053 -0.264018
v 0.013010 -0.005413 -0.064395
v 0.016713 0.010087 -0.272380
v 0.014544 -0.005348 0.039336
v 0.016198 -0.013811 -0.264732
v 0.015496 -0.001994 -0.156372
v 0.015132 -0.018249 -0.149556
v 0.013954 -0.011161 -0.033366
v 0.023817 0.000814 -0.099597
v 0.014040 0.008727 -0.036342
v 0.014612 -0.001888 0.039616
v 0.013586 0.011527 -0.039888
v 0.015872 0.014327 -0.153878
v 0.014993 0.015996 -0.051398
v 0.013948 0.001029 -0.065638
v 0.014271 -0.013243 -0.038748
v 0.018771 0.016640 -0.145760
v 0.015760 -0.019739 -0.149113
v 0.015065 0.003944 -0.021129
v 0.014256 -0.005366 -0.065327
v 0.014314 0.001732 -0.065377
v 0.014422 0.006886 -0.032902
v 0.013842 -0.004723 -0.065489
v 0.027591 -0.004560 -0.116818
v 0.015609 -0.011907 -0.260194
v 0.014728 0.007739 -0.263896
v 0.017307 -0.006592 -0.000086
v 0.014461 0.018295 -0.063427
v 0.014680 -0.022274 -0.063251
v 0.014755 0.018517 -0.063501
v 0.020691 0.019788 -0.076494
v 0.014267 0.009963 -0.039914
v 0.014130 -0.018829 -0.044718
v 0.017513 -0.019868 -0.155169
v 0.016040 0.017373 -0.131503
v 0.015155 -0.007945 -0.025493
v 0.015167 0.004550 -0.026894
v 0.014462 -0.022077 -0.063523
v 0.016590 -0.013142 -0.259941
v 0.017774 0.002404 0.000154
v 0.016333 0.009735 -0.266970
v 0.021146 -0.005394 -0.088470
v 0.014997 -0.019354 -0.051072
v 0.021015 0.001598 -0.087963
v 0.014304 0.015063 -0.045600
v 0.014902 -0.001929 -0.044025
v 0.015841 -0.002267 -0.051581
v 0.016252 0.016062 -0.055823
v 0.017922 -0.005646 0.000026
v 0.014904 0.006090 -0.034018
v 0.019039 -0.023380 -0.079275
v 0.014953 -0.001799 -0.036758
v 0.016050 -0.019693 -0.055200
v 0.017478 0.001977 -0.135372
v 0.018064 -0.005621 -0.137844
v 0.015002 -0.009062 -0.032213
v 0.016111 0.002019 -0.022056
v 0.018128 0.001171 -0.136943
v 0.016379 -0.005666 -0.018629
v 0.018121 -0.013670 -0.269028
v 0.016161 -0.002095 -0.253717
v 0.016135 0.007835 -0.257557
v 0.017820 -0.005500 -0.270762
v 0.017622 0.001105 -0.271426
v 0.018415 -0.004779 -0.136583
v 0.021779 0.019163 -0.076309
v 0.016253 -0.006334 -0.016013
v 0.016161 0.002681 -0.017437
v 0.017315 0.015193 -0.159042
v 0.017367 0.012920 -0.171744
v 0.016780 -0.001373 -0.173277
v 0.016771 -0.017610 -0.163021
v 0.017220 0.009176 -0.259751
v 0.019571 -0.021665 -0.067798
v 0.016686 0.007258 -0.251526
v 0.016504 -0.011612 -0.253419
v 0.019253 -0.023748 -0.078617
v 0.019404 0.019962 -0.078903
v 0.019719 0.000424 -0.268959
v 0.017980 -0.020765 -0.140692
v 0.026566 0.018684 -0.089701
v 0.018767 0.016338 -0.144352
v 0.017340 -0.012806 -0.252056
v 0.016705 -0.011577 -0.248549
v 0.020729 -0.023561 -0.076329
v 0.020762 0.009109 -0.258336
v 0.025628 -0.022385 -0.086794
v 0.030007 -0.001616 -0.098828
v 0.017566 -0.018091 -0.168460
v 0.019355 0.014932 -0.168609
v 0.017393 -0.016430 -0.178430
v 0.018392 0.014122 -0.173756
v 0.018767 -0.013404 -0.253364
v 0.017387 0.008579 -0.252090
v 0.017598 0.012817 -0.178656
v 0.017949 -0.005187 -0.001353
v 0.017495 0.009137 -0.237599
v 0.018103 -0.017632 -0.178233
v 0.017505 -0.013319 -0.237518
v 0.019200 0.009103 -0.265624
v 0.018614 0.009167 -0.253561
v 0.020189 -0.005552 -0.263487
v 0.020128 -0.006109 -0.263032
v 0.019185 -0.018559 -0.173775
v 0.021044 0.000636 -0.262139
v 0.021010 -0.004755 -0.263419
v 0.018633 -0.013902 -0.238434
v 0.020503 -0.005948 -0.152596
v 0.018901 0.009730 -0.238590
v 0.023710 -0.023536 -0.083311
v 0.021329 -0.013271 -0.252689
v 0.020663 0.001599 -0.152909
v 0.020191 -0.013438 -0.261246
v 0.021011 -0.004944 -0.152871
v 0.021286 0.009329 -0.244586
v 0.020853 -0.019515 -0.160321
v 0.020665 0.000681 -0.147621
v 0.020120 0.001508 -0.263463
v 0.021393 -0.013829 -0.239289
v 0.021778 0.014197 -0.177429
v 0.025874 -0.023594 -0.102100
v 0.022576 -0.024080 -0.089867
v 0.020718 0.015388 -0.158065
v 0.021745 0.020169 -0.087568
v 0.032110 -0.004624 -0.149722
v 0.032257 0.000578 -0.152764
v 0.021498 0.014844 -0.168669
v 0.021540 -0.005573 -0.255036
v 0.021816 0.000896 -0.255049
v 0.021487 0.008778 -0.251530
v 0.023296 0.000545 -0.167174
v 0.023193 -0.004598 -0.167566
v 0.022168 0.001278 -0.168374
v 0.022610 -0.004730 -0.253533
v 0.022078 -0.005109 -0.165154
v 0.022606 0.000492 -0.252846
v 0.021705 0.001330 -0.253649
v 0.021804 -0.018286 -0.174911
v 0.021872 -0.005481 -0.249567
v 0.022396 0.001442 -0.180985
v 0.025320 0.001633 -0.102996
v 0.022128 -0.005884 -0.170027
v 0.022640 -0.005047 -0.175663
v 0.028339 0.019292 -0.097384
v 0.022875 0.000806 -0.175409
v 0.023619 -0.005655 -0.338413
v 0.025629 -0.023924 -0.099757
v 0.032755 -0.004634 -0.167646
v 0.032858 0.000591 -0.170442
v 0.023423 0.001335 -0.338515
v 0.025123 0.015843 -0.339312
v 0.023735 -0.020120 -0.339329
v 0.024242 0.015348 -0.345217
v 0.024622 -0.019781 -0.345160
v 0.024980 -0.005931 -0.338311
v 0.025650 0.020032 -0.099786
v 0.025083 0.000838 -0.337935
v 0.030361 -0.020315 -0.335641
v 0.025567 -0.004961 -0.337255
v 0.028242 0.018768 -0.112513
v 0.028778 -0.022395 -0.115168
v 0.026460 -0.018379 -0.346415
v 0.025496 -0.020325 -0.339207
v 0.026315 0.014025 -0.346429
v 0.025647 0.020201 -0.092557
v 0.026722 -0.005540 -0.108578
v 0.026657 -0.024047 -0.096928
v 0.029888 0.015715 -0.337086
v 0.028180 0.001606 -0.115523
v 0.025834 0.001298 -0.337832
v 0.027139 0.015942 -0.338167
v 0.028892 -0.022703 -0.098600
v 0.026334 0.015567 -0.338431
v 0.026430 -0.005371 -0.336617
v 0.026996 0.000812 -0.333494
v 0.029760 0.019409 -0.108348
v 0.026917 -0.020342 -0.337804
v 0.027288 0.012586 -0.347265
v 0.027131 0.015724 -0.337326
v 0.026544 0.000998 -0.336565
v 0.026580 -0.005944 -0.336977
v 0.027335 -0.005812 -0.333393
v 0.033284 -0.005289 -0.180650
v 0.027373 0.001527 -0.333353
v 0.027893 -0.020360 -0.334437
v 0.027858 -0.020119 -0.333330
v 0.027899 0.015572 -0.333275
v 0.033398 0.001566 -0.180004
v 0.029665 -0.014675 -0.284177
v 0.030161 -0.013656 -0.272036
v 0.028579 -0.019277 -0.315377
v 0.030840 -0.012921 -0.252417
v 0.030224 0.009138 -0.270360
v 0.029683 0.010966 -0.287566
v 0.028839 0.014736 -0.312435
v 0.030794 0.008708 -0.254911
v 0.028283 0.015951 -0.332861
v 0.029739 -0.022498 -0.119404
v 0.031015 0.018126 -0.125566
v 0.028364 0.010550 -0.347760
v 0.028233 -0.015382 -0.347596
v 0.030507 -0.018744 -0.339019
v 0.030082 -0.023067 -0.106795
v 0.030485 0.015908 -0.333727
v 0.033866 -0.021841 -0.127949
v 0.030450 -0.005205 -0.129096
v 0.028824 0.015519 -0.319798
v 0.030795 0.001135 -0.131697
v 0.028501 -0.020071 -0.322743
v 0.031315 0.017360 -0.130016
v 0.031496 0.017341 -0.107840
v 0.031445 -0.019799 -0.321720
v 0.029020 0.006545 -0.348597
v 0.030766 0.014363 -0.338571
v 0.029033 -0.018903 -0.310332
v 0.031230 0.015257 -0.318073
v 0.031864 0.008874 -0.340921
v 0.031294 -0.018898 -0.311338
v 0.029476 -0.010046 -0.348447
v 0.030073 -0.014875 -0.283775
v 0.031164 0.003621 -0.344843
v 0.030950 -0.007953 -0.345483
v 0.031622 -0.010776 -0.342582
v 0.029825 -0.000487 -0.349051
v 0.030609 -0.017397 -0.340708
v 0.032489 0.011159 -0.289983
v 0.031484 -0.021554 -0.130986
v 0.032578 -0.014836 -0.285174
v 0.033396 -0.021156 -0.117382
v 0.031053 -0.019835 -0.335273
v 0.033029 0.009682 -0.277583
v 0.030959 -0.002246 -0.346080
v 0.031199 -0.002248 -0.345248
v 0.030674 0.009346 -0.270300
v 0.033441 -0.013406 -0.270550
v 0.030937 -0.013141 -0.256976
v 0.032861 0.001578 -0.148117
v 0.031154 -0.002248 -0.345399
v 0.033480 0.017371 -0.118092
v 0.031244 0.008960 -0.255512
v 0.031749 0.015155 -0.321987
v 0.031351 0.009304 -0.242565
v 0.032113 -0.014617 -0.338501
v 0.032168 0.012144 -0.336745
v 0.031863 -0.002252 -0.342982
v 0.031810 -0.019419 -0.333612
v 0.031453 -0.013626 -0.242411
v 0.033946 -0.013105 -0.252046
v 0.031721 -0.019108 -0.335190
v 0.033556 0.009178 -0.246365
v 0.035307 -0.001985 -0.123825
v 0.034100 -0.018403 -0.170226
v 0.033531 -0.013349 -0.247645
v 0.034300 -0.018834 -0.170040
v 0.032006 0.014353 -0.334660
v 0.032416 -0.002255 -0.340092
v 0.033371 0.015974 -0.148751
v 0.033048 0.016809 -0.142599
v 0.032238 -0.018341 -0.310165
v 0.035687 0.016856 -0.136222
v 0.032033 0.014709 -0.334184
v 0.033277 -0.020093 -0.147644
v 0.033646 -0.020480 -0.147988
v 0.036825 0.015207 -0.164340
v 0.032514 -0.002223 -0.339217
v 0.032785 -0.005525 -0.147379
v 0.032859 0.013680 -0.318338
v 0.032680 0.013602 -0.310912
v 0.032236 -0.018913 -0.332073
v 0.032457 -0.002219 -0.339864
v 0.032739 -0.002238 -0.336691
v 0.034343 0.008755 -0.285276
v 0.033098 -0.017316 -0.312252
v 0.034059 0.009125 -0.281883
v 0.039183 -0.002006 -0.169651
v 0.035685 -0.011352 -0.251615
v 0.034613 -0.012051 -0.279111
v 0.035536 0.006577 -0.257368
v 0.033788 -0.013933 -0.283839
v 0.033570 -0.005599 -0.166695
v 0.036409 -0.019738 -0.158227
v 0.034231 0.015501 -0.160121
v 0.033585 0.001536 -0.166863
v 0.033671 0.008830 -0.262253
v 0.034223 0.014757 -0.168824
v 0.034800 -0.012279 -0.262916
v 0.034705 0.008760 -0.247808
v 0.036608 -0.019617 -0.137971
v 0.037348 -0.018372 -0.172968
v 0.034910 0.007849 -0.262890
v 0.035331 -0.012489 -0.247587
v 0.036645 0.015226 -0.137178
v 0.037829 0.014028 -0.172312
v 0.035480 0.008040 -0.247702
v 0.037925 -0.002013 -0.144005
v 0.038239 -0.017411 -0.173545
v 0.038534 0.012917 -0.172556
v 0.037587 0.015120 -0.157409
v 0.038571 -0.016587 -0.172051
v 0.036858 -0.019927 -0.150724
v 0.038202 -0.018237 -0.157298
v 0.038136 0.014171 -0.154491
f 1 2 3
f 2 4 3
f 5 6 7
f 8 5 7
f 9 8 7
f 6 9 7
f 1 10 2
f 12 9 6
f 4 11 3
f 11 1 3
f 15 4 2
f 5 12 6
f 11 10 1
f 9 22 8
f 22 19 8
f 19 12 5
f 19 5 8
f 10 30 2
f 11 30 10
f 17 19 14
f 30 18 16
f 30 15 2
f 9 4 20
f 21 4 9
f 4 22 20
f 22 13 14
f 19 22 14
f 15 30 16
f 12 21 9
f 21 23 4
f 23 24 4
f 83 15 16
f 22 9 20
f 15 22 4
f 30 25 18
f 24 11 4
f 15 38 22
f 38 13 22
f 26 27 12
f 27 21 12
f 28 29 11
f 19 26 12
f 24 28 11
f 29 30 11
f 18 31 16
f 31 83 16
f 32 33 14
f 33 17 14
f 13 32 14
f 34 24 23
f 35 34 23
f 94 19 17
f 33 94 17
f 37 31 18
f 25 37 18
f 24 36 28
f 41 52 21
f 70 41 21
f 27 70 21
f 83 38 15
f 28 47 29
f 40 28 36
f 40 47 28
f 34 50 24
f 39 40 36
f 35 46 34
f 65 36 24
f 42 50 34
f 46 42 34
f 65 39 36
f 52 43 21
f 43 23 21
f 44 35 23
f 43 44 23
f 13 45 32
f 94 33 32
f 45 94 32
f 29 25 30
f 37 108 31
f 48 49 43
f 50 65 24
f 25 108 37
f 50 53 65
f 48 43 52
f 71 54 55
f 54 47 55
f 42 46 35
f 56 57 58
f 59 56 58
f 62 59 58
f 60 44 43
f 57 61 58
f 61 62 58
f 51 48 52
f 52 49 48
f 44 63 35
f 63 42 35
f 71 64 54
f 60 49 44
f 49 60 43
f 51 49 52
f 63 49 60
f 49 52 41
f 42 66 50
f 52 49 51
f 91 47 54
f 67 65 53
f 50 65 53
f 70 107 41
f 67 39 65
f 50 67 65
f 26 62 27
f 67 66 39
f 50 66 67
f 62 70 27
f 68 62 26
f 49 63 44
f 62 68 59
f 69 25 29
f 42 63 49
f 42 49 41
f 107 42 41
f 66 97 39
f 47 91 29
f 107 66 42
f 107 97 66
f 72 71 55
f 47 72 55
f 74 83 31
f 108 74 31
f 94 75 19
f 75 26 19
f 76 77 38
f 77 78 38
f 78 79 38
f 83 76 38
f 79 80 38
f 80 81 38
f 81 82 38
f 82 45 38
f 45 13 38
f 69 108 25
f 68 105 59
f 84 91 54
f 105 56 59
f 64 84 54
f 105 68 89
f 68 73 89
f 91 84 90
f 73 68 26
f 92 94 86
f 108 93 88
f 56 95 57
f 96 64 71
f 97 47 40
f 91 69 29
f 98 99 90
f 99 91 90
f 45 85 86
f 94 45 86
f 87 74 88
f 74 108 88
f 97 72 47
f 39 97 40
f 100 105 89
f 84 98 90
f 61 70 62
f 75 73 26
f 95 61 57
f 101 96 71
f 79 82 80
f 82 81 80
f 76 79 78
f 77 76 78
f 119 81 79
f 77 119 79
f 81 82 79
f 76 77 79
f 76 119 77
f 119 82 81
f 83 87 76
f 87 119 76
f 119 45 82
f 74 76 83
f 74 87 83
f 119 85 45
f 102 100 89
f 103 61 95
f 72 104 71
f 104 101 71
f 106 105 100
f 105 95 56
f 96 84 64
f 161 87 88
f 130 91 99
f 109 102 89
f 73 109 89
f 110 106 100
f 86 111 92
f 111 94 92
f 84 120 98
f 130 69 91
f 61 107 70
f 101 113 96
f 103 107 61
f 97 104 72
f 137 112 95
f 105 123 95
f 123 137 95
f 102 110 100
f 114 95 112
f 113 84 96
f 115 101 116
f 110 105 106
f 122 120 84
f 110 123 105
f 113 122 84
f 114 103 95
f 103 97 107
f 103 104 97
f 137 132 112
f 117 101 104
f 73 102 109
f 118 130 99
f 98 118 99
f 120 118 98
f 115 113 101
f 161 119 87
f 101 117 116
f 93 121 88
f 114 104 103
f 121 161 88
f 124 111 86
f 85 124 86
f 194 122 113
f 73 149 102
f 120 128 118
f 128 130 118
f 73 165 129
f 165 73 75
f 196 94 111
f 133 121 93
f 108 133 93
f 134 108 69
f 115 150 113
f 132 136 112
f 139 138 117
f 104 139 117
f 139 116 117
f 176 132 137
f 140 73 129
f 130 141 131
f 204 126 127
f 114 139 104
f 163 127 126
f 150 194 113
f 173 123 110
f 136 114 112
f 141 142 131
f 142 130 131
f 130 134 69
f 138 116 139
f 143 140 129
f 149 110 102
f 114 138 139
f 144 137 123
f 140 149 73
f 128 141 130
f 166 136 132
f 178 120 122
f 145 173 110
f 149 145 110
f 194 178 122
f 196 174 94
f 174 75 94
f 134 213 108
f 174 165 75
f 146 138 114
f 138 146 116
f 178 128 120
f 85 147 124
f 147 196 124
f 196 111 124
f 133 213 121
f 173 144 123
f 108 213 133
f 135 148 125
f 136 146 114
f 204 183 126
f 183 163 126
f 141 152 142
f 153 154 119
f 154 155 119
f 155 156 119
f 161 153 119
f 156 157 119
f 157 158 119
f 158 159 119
f 159 147 119
f 147 85 119
f 125 151 135
f 143 149 140
f 128 152 141
f 121 160 161
f 199 128 178
f 162 204 127
f 146 189 116
f 210 125 148
f 177 194 150
f 213 160 121
f 189 115 116
f 127 164 162
f 167 168 169
f 170 171 172
f 243 134 130
f 175 137 144
f 176 166 132
f 168 179 169
f 243 130 142
f 180 143 129
f 165 180 129
f 181 176 137
f 182 148 135
f 179 184 169
f 151 211 135
f 173 175 144
f 213 193 187
f 190 164 127
f 171 191 172
f 156 159 157
f 159 158 157
f 153 156 155
f 154 153 155
f 253 158 156
f 154 253 156
f 158 159 156
f 153 154 156
f 192 196 186
f 153 253 154
f 147 185 186
f 196 147 186
f 188 160 187
f 160 213 187
f 253 159 158
f 188 253 153
f 161 188 153
f 253 147 159
f 160 153 161
f 195 173 145
f 160 188 161
f 253 185 147
f 184 167 169
f 172 197 170
f 197 219 170
f 184 179 168
f 198 184 179
f 175 181 137
f 189 146 136
f 190 127 163
f 200 115 189
f 201 151 125
f 202 184 168
f 167 202 168
f 191 203 170
f 203 171 170
f 191 197 172
f 173 237 175
f 226 170 219
f 201 205 151
f 206 190 163
f 194 199 178
f 207 167 184
f 202 207 184
f 171 203 191
f 211 182 135
f 164 209 162
f 136 208 189
f 195 237 173
f 269 177 150
f 205 207 202
f 167 207 202
f 171 206 203
f 125 210 201
f 115 269 150
f 165 143 180
f 152 243 142
f 212 163 183
f 215 179 214
f 215 198 179
f 197 216 219
f 205 207 151
f 206 163 171
f 207 211 151
f 212 171 163
f 218 166 176
f 205 211 207
f 212 206 171
f 221 220 148
f 182 221 148
f 220 210 148
f 209 385 162
f 385 222 162
f 222 365 162
f 365 204 162
f 208 217 189
f 166 223 136
f 198 224 184
f 224 179 184
f 170 225 191
f 230 226 216
f 226 219 216
f 234 230 216
f 201 211 205
f 212 190 206
f 229 214 179
f 179 224 229
f 224 228 229
f 231 170 226
f 227 231 226
f 191 216 197
f 229 232 214
f 232 215 214
f 259 149 143
f 165 259 143
f 233 243 152
f 191 234 216
f 384 188 187
f 223 208 136
f 201 293 211
f 235 190 212
f 236 196 192
f 186 236 192
f 233 152 128
f 240 235 212
f 238 199 194
f 293 239 211
f 183 240 212
f 239 182 211
f 204 240 183
f 239 221 182
f 365 240 204
f 181 218 176
f 241 224 198
f 225 255 191
f 199 233 128
f 242 165 174
f 231 225 170
f 245 227 226
f 165 242 247
f 258 198 215
f 232 258 215
f 246 230 234
f 259 145 149
f 224 260 228
f 229 258 232
f 246 226 230
f 255 234 191
f 258 241 198
f 255 246 234
f 275 181 175
f 248 201 210
f 249 189 217
f 223 688 208
f 250 226 246
f 200 269 115
f 255 226 250
f 251 259 165
f 247 251 165
f 233 252 243
f 252 244 243
f 396 174 196
f 254 258 229
f 255 245 226
f 384 253 188
f 177 238 194
f 228 241 229
f 241 254 229
f 231 255 225
f 189 276 200
f 688 217 208
f 688 249 217
f 250 257 255
f 254 241 258
f 241 306 258
f 438 213 134
f 246 257 250
f 396 242 174
f 261 262 263
f 290 261 263
f 264 265 266
f 267 264 266
f 268 263 262
f 466 145 259
f 265 270 266
f 243 438 134
f 271 251 247
f 261 272 262
f 273 265 264
f 249 276 189
f 272 268 262
f 267 273 264
f 193 274 187
f 275 175 237
f 218 423 166
f 423 223 166
f 228 277 241
f 257 245 255
f 277 224 241
f 231 245 255
f 256 277 241
f 272 278 268
f 279 376 280
f 281 293 201
f 235 282 190
f 293 279 280
f 376 283 280
f 283 294 280
f 294 284 280
f 285 300 286
f 320 287 286
f 300 320 286
f 288 285 286
f 274 384 187
f 289 236 186
f 185 289 186
f 284 293 280
f 287 301 286
f 301 235 286
f 268 290 263
f 270 273 266
f 273 267 266
f 278 290 268
f 258 256 241
f 291 246 255
f 410 164 190
f 245 297 227
f 396 196 236
f 213 292 193
f 292 274 193
f 235 288 286
f 295 300 285
f 288 295 285
f 269 296 177
f 271 259 251
f 297 231 227
f 298 244 252
f 233 298 252
f 341 418 246
f 418 257 246
f 235 301 288
f 299 300 288
f 301 299 288
f 294 283 284
f 300 295 288
f 283 313 284
f 284 239 293
f 287 282 301
f 438 302 213
f 466 195 145
f 313 303 284
f 303 239 284
f 301 304 299
f 293 281 279
f 332 282 287
f 301 282 235
f 306 256 258
f 298 307 244
f 307 243 244
f 260 308 228
f 177 309 238
f 310 300 299
f 308 305 228
f 305 277 228
f 277 308 224
f 308 260 224
f 297 245 231
f 311 310 299
f 199 509 233
f 312 308 277
f 305 312 277
f 257 418 245
f 281 313 279
f 314 282 332
f 256 312 277
f 291 255 245
f 283 339 313
f 339 323 313
f 312 241 277
f 240 304 235
f 304 301 235
f 304 311 299
f 312 317 241
f 281 318 313
f 311 314 332
f 319 311 332
f 270 265 273
f 290 272 261
f 320 321 287
f 322 303 313
f 304 319 311
f 319 310 311
f 313 322 323
f 329 319 332
f 310 329 332
f 323 322 313
f 319 329 310
f 317 306 241
f 302 292 213
f 313 395 279
f 318 322 313
f 319 325 311
f 325 314 311
f 272 326 278
f 327 290 278
f 326 327 278
f 238 328 199
f 272 327 326
f 305 308 260
f 323 330 322
f 330 303 322
f 331 329 319
f 304 331 319
f 324 402 316
f 318 334 322
f 334 323 322
f 329 335 319
f 335 325 319
f 327 336 326
f 336 290 327
f 272 336 327
f 360 300 310
f 272 290 336
f 334 330 323
f 331 335 329
f 452 275 237
f 195 452 237
f 309 328 238
f 297 337 227
f 283 340 339
f 340 338 339
f 328 509 199
f 233 509 298
f 339 342 323
f 351 320 300
f 343 297 227
f 337 343 227
f 323 395 313
f 395 323 342
f 344 283 376
f 344 340 283
f 318 239 303
f 345 438 243
f 340 338 344
f 318 330 239
f 423 346 223
f 321 332 287
f 360 351 300
f 200 353 269
f 376 340 344
f 376 338 340
f 392 221 239
f 339 338 376
f 281 334 318
f 347 348 281
f 201 347 281
f 349 190 282
f 350 349 282
f 330 318 303
f 310 352 360
f 276 353 200
f 279 395 376
f 348 334 281
f 304 314 325
f 347 354 348
f 296 309 177
f 304 335 314
f 248 347 201
f 325 335 304
f 349 355 190
f 185 356 289
f 356 396 289
f 355 357 190
f 358 320 351
f 359 358 351
f 358 359 320
f 396 236 289
f 292 302 274
f 395 361 376
f 428 321 320
f 362 596 320
f 596 428 320
f 363 164 410
f 364 363 410
f 366 367 253
f 367 368 253
f 368 369 253
f 384 366 253
f 369 370 253
f 371 359 358
f 363 372 164
f 372 373 164
f 331 304 240
f 370 374 253
f 374 375 253
f 375 356 253
f 356 185 253
f 314 350 282
f 373 209 164
f 377 378 342
f 352 593 360
f 371 320 359
f 373 379 209
f 379 380 209
f 381 248 210
f 380 382 209
f 382 385 209
f 220 381 210
f 274 383 384
f 345 243 307
f 330 392 239
f 248 354 347
f 357 355 349
f 350 355 349
f 386 271 247
f 242 386 247
f 387 359 351
f 317 399 306
f 312 388 308
f 388 260 308
f 418 245 297
f 343 418 297
f 365 331 240
f 354 389 347
f 320 371 359
f 376 333 339
f 350 349 355
f 389 348 354
f 387 320 359
f 321 310 332
f 321 352 310
f 335 350 314
f 248 390 354
f 410 357 355
f 349 410 355
f 390 389 354
f 350 410 349
f 305 391 312
f 391 388 312
f 256 391 312
f 418 291 245
f 390 348 389
f 391 317 312
f 331 416 335
f 593 393 360
f 365 416 331
f 410 190 357
f 334 392 330
f 394 362 320
f 339 315 342
f 316 351 360
f 333 315 339
f 316 387 351
f 348 392 334
f 416 350 335
f 361 333 376
f 387 394 320
f 342 378 395
f 222 416 365
f 341 246 291
f 397 377 342
f 315 397 342
f 398 316 360
f 393 398 360
f 399 256 306
f 297 400 337
f 388 305 260
f 302 383 274
f 403 348 390
f 404 348 403
f 405 401 402
f 404 406 403
f 406 348 404
f 416 407 350
f 275 218 181
f 390 404 403
f 406 404 403
f 416 408 407
f 392 348 406
f 324 405 402
f 409 195 466
f 407 410 350
f 390 406 404
f 411 405 324
f 412 408 416
f 412 407 408
f 408 410 407
f 316 402 324
f 402 411 324
f 413 411 402
f 316 413 402
f 346 688 223
f 249 617 276
f 414 408 412
f 414 415 408
f 415 410 408
f 390 392 406
f 415 414 410
f 407 415 410
f 402 387 316
f 412 416 414
f 364 372 363
f 410 373 364
f 373 363 364
f 424 221 392
f 222 417 416
f 417 412 416
f 417 414 416
f 373 372 363
f 390 424 392
f 401 387 402
f 566 315 333
f 222 414 417
f 418 400 297
f 248 424 390
f 429 410 414
f 419 391 305
f 370 375 374
f 366 368 367
f 369 375 370
f 366 369 368
f 583 566 333
f 681 374 369
f 367 681 369
f 374 375 369
f 366 367 369
f 409 452 195
f 366 681 367
f 383 366 384
f 419 388 391
f 271 466 259
f 681 375 374
f 384 420 366
f 420 681 366
f 681 356 375
f 256 419 391
f 401 394 387
f 419 317 391
f 383 420 384
f 361 583 333
f 681 422 356
f 611 419 256
f 422 433 356
f 433 396 356
f 434 420 383
f 302 434 383
f 423 218 275
f 242 271 386
f 298 345 307
f 429 373 410
f 425 434 302
f 316 411 413
f 433 426 396
f 380 427 379
f 373 380 379
f 475 361 395
f 378 475 395
f 428 352 321
f 388 419 305
f 427 382 380
f 427 373 382
f 373 385 382
f 222 429 414
f 566 430 315
f 398 411 316
f 421 418 341
f 567 421 341
f 431 429 222
f 385 431 222
f 373 427 380
f 430 397 315
f 690 396 426
f 302 432 425
f 381 424 248
f 242 466 271
f 509 345 298
f 432 434 425
f 435 343 337
f 399 611 256
f 269 353 296
f 424 562 221
f 562 220 221
f 436 418 343
f 435 436 343
f 428 437 352
f 437 593 352
f 596 441 428
f 449 242 396
f 454 424 442
f 418 436 400
f 421 436 418
f 436 444 418
f 381 442 424
f 444 291 418
f 445 466 242
f 453 445 242
f 509 446 345
f 446 447 345
f 444 567 291
f 567 341 291
f 429 448 373
f 449 453 242
f 309 450 328
f 400 451 337
f 570 429 431
f 439 450 309
f 448 429 570
f 448 385 373
f 617 353 276
f 465 457 456
f 460 462 459
f 462 460 459
f 467 497 463
f 424 454 562
f 468 505 455
f 461 465 457
f 465 461 457
f 463 469 458
f 470 473 460
f 471 470 460
f 463 497 467
f 483 465 456
f 455 472 464
f 473 471 460
f 474 475 378
f 377 474 378
f 428 476 437
f 465 483 456
f 463 477 469
f 477 478 469
f 460 473 462
f 455 503 472
f 483 480 465
f 497 512 463
f 481 459 462
f 505 503 455
f 465 480 483
f 459 481 462
f 317 484 399
f 485 421 567
f 487 488 478
f 489 487 478
f 490 486 478
f 477 489 478
f 491 492 470
f 471 491 470
f 492 493 470
f 494 473 470
f 493 495 470
f 495 496 470
f 496 591 470
f 591 494 470
f 480 479 465
f 512 477 463
f 479 499 465
f 499 480 465
f 441 476 428
f 456 500 483
f 512 497 463
f 442 560 454
f 498 494 471
f 473 498 471
f 478 512 469
f 512 477 469
f 501 480 483
f 461 482 465
f 462 473 481
f 502 477 512
f 481 473 462
f 494 498 473
f 519 483 500
f 504 491 471
f 494 504 471
f 764 502 478
f 486 764 478
f 502 512 478
f 472 503 525
f 467 506 497
f 472 508 507
f 510 503 525
f 511 504 494
f 498 511 494
f 513 498 473
f 481 513 473
f 533 503 505
f 591 498 494
f 501 519 500
f 514 515 507
f 508 514 507
f 516 501 500
f 519 516 500
f 501 522 480
f 515 517 507
f 517 518 507
f 515 508 507
f 518 515 507
f 501 483 519
f 508 472 520
f 506 512 497
f 499 522 480
f 502 489 477
f 515 520 508
f 512 506 497
f 510 525 503
f 520 514 508
f 499 479 480
f 591 473 498
f 513 481 473
f 468 534 505
f 521 515 518
f 517 521 518
f 533 505 503
f 479 522 499
f 523 549 519
f 522 499 480
f 482 479 465
f 764 526 502
f 526 512 502
f 527 511 498
f 513 527 498
f 533 524 503
f 515 514 520
f 512 489 502
f 520 472 514
f 524 510 503
f 516 519 501
f 528 522 501
f 591 513 473
f 524 533 503
f 472 525 514
f 528 516 501
f 529 517 518
f 519 549 523
f 530 510 525
f 533 510 524
f 518 531 529
f 591 481 513
f 510 530 525
f 528 532 522
f 479 482 535
f 536 527 513
f 481 536 513
f 516 528 501
f 522 479 499
f 534 533 505
f 533 534 505
f 530 514 525
f 510 533 524
f 530 537 510
f 516 538 528
f 539 510 524
f 540 514 530
f 541 535 479
f 539 533 510
f 538 532 528
f 542 543 512
f 526 542 512
f 544 536 481
f 539 537 510
f 532 550 522
f 685 420 434
f 537 540 530
f 522 545 532
f 537 530 510
f 534 546 533
f 522 541 479
f 535 522 479
f 547 539 537
f 538 545 532
f 554 533 539
f 548 541 522
f 540 547 537
f 554 537 539
f 535 541 522
f 550 545 522
f 545 550 532
f 543 489 512
f 475 440 361
f 546 551 533
f 550 552 522
f 552 548 522
f 553 540 537
f 547 553 537
f 554 547 537
f 547 554 539
f 538 555 545
f 575 553 547
f 554 575 547
f 555 550 545
f 540 575 547
f 556 555 545
f 550 556 545
f 551 557 533
f 557 539 533
f 558 551 533
f 554 558 533
f 557 554 539
f 548 559 522
f 559 550 522
f 559 556 550
f 557 575 554
f 555 552 550
f 575 558 554
f 381 560 442
f 450 509 328
f 449 396 690
f 436 451 400
f 454 561 562
f 560 571 454
f 443 611 419
f 611 388 419
f 611 317 419
f 551 558 557
f 559 548 552
f 296 439 309
f 556 559 552
f 558 563 557
f 564 565 552
f 555 564 552
f 399 712 611
f 381 571 560
f 552 568 556
f 575 569 558
f 604 570 431
f 385 604 431
f 569 563 558
f 565 568 552
f 575 563 569
f 565 564 568
f 564 556 568
f 388 443 419
f 571 561 454
f 474 585 475
f 566 572 563
f 564 573 565
f 563 572 557
f 572 575 557
f 555 573 564
f 573 405 565
f 575 566 563
f 565 405 564
f 405 556 564
f 685 681 420
f 451 574 337
f 521 517 515
f 514 575 540
f 574 435 337
f 622 481 591
f 576 345 447
f 577 445 453
f 540 578 514
f 578 575 514
f 553 578 540
f 609 220 562
f 405 398 556
f 398 555 556
f 542 579 543
f 622 544 481
f 575 578 553
f 572 397 575
f 397 578 575
f 393 573 555
f 398 393 555
f 570 580 448
f 381 581 571
f 411 398 405
f 585 440 475
f 573 394 401
f 582 430 566
f 576 438 345
f 582 566 575
f 578 582 575
f 397 582 578
f 578 430 582
f 578 397 430
f 573 401 405
f 385 584 604
f 596 476 441
f 577 466 445
f 586 587 489
f 440 588 361
f 452 650 275
f 580 625 448
f 589 586 489
f 589 590 586
f 587 487 489
f 590 592 586
f 474 600 585
f 596 437 476
f 377 600 474
f 596 593 437
f 561 594 562
f 594 609 562
f 585 588 440
f 589 592 590
f 590 587 586
f 592 587 590
f 588 583 361
f 583 572 566
f 589 587 592
f 543 589 489
f 394 596 362
f 496 597 591
f 561 598 594
f 393 394 573
f 543 639 589
f 639 652 589
f 599 622 591
f 393 593 394
f 585 600 588
f 595 446 509
f 377 397 572
f 580 570 604
f 584 757 604
f 589 487 587
f 377 583 588
f 600 377 588
f 601 594 603
f 593 596 394
f 594 598 603
f 605 606 603
f 598 605 603
f 607 603 606
f 598 608 605
f 615 609 594
f 608 606 605
f 604 610 602
f 605 607 606
f 608 607 605
f 583 377 572
f 607 627 603
f 757 613 604
f 611 614 317
f 601 615 594
f 580 604 602
f 613 610 604
f 614 484 317
f 436 421 485
f 609 381 220
f 571 598 561
f 598 607 608
f 652 675 589
f 675 487 589
f 651 567 444
f 446 618 447
f 618 576 447
f 627 601 603
f 610 612 602
f 612 580 602
f 619 625 580
f 598 627 607
f 620 443 388
f 627 598 571
f 432 621 434
f 579 639 543
f 623 544 622
f 624 302 438
f 626 346 423
f 576 624 438
f 625 385 448
f 611 443 388
f 443 620 388
f 581 627 571
f 621 685 434
f 629 630 433
f 630 426 433
f 422 629 433
f 619 580 612
f 630 690 426
f 631 632 597
f 581 633 627
f 632 634 597
f 635 597 634
f 632 635 634
f 641 591 597
f 496 631 597
f 632 631 634
f 631 635 634
f 636 597 635
f 631 636 635
f 496 544 631
f 647 612 610
f 636 641 597
f 637 478 488
f 638 599 591
f 579 542 488
f 544 636 631
f 599 640 622
f 640 623 622
f 617 249 688
f 859 617 688
f 542 637 488
f 495 544 496
f 641 638 591
f 675 642 487
f 642 643 487
f 643 488 487
f 643 642 488
f 642 644 488
f 644 579 488
f 623 641 636
f 544 623 636
f 638 641 599
f 646 577 453
f 449 646 453
f 645 601 627
f 436 648 451
f 648 574 451
f 649 611 443
f 649 443 611
f 435 648 436
f 649 614 611
f 648 651 436
f 651 444 436
f 712 649 611
f 641 640 599
f 484 691 399
f 647 619 612
f 439 654 450
f 654 509 450
f 655 618 446
f 595 655 446
f 656 675 652
f 639 656 652
f 652 675 656
f 656 675 652
f 620 657 443
f 658 435 574
f 542 659 637
f 660 544 495
f 661 452 409
f 653 661 409
f 662 490 478
f 495 663 664
f 637 665 478
f 665 666 478
f 526 667 542
f 667 659 542
f 668 536 544
f 660 668 544
f 669 581 381
f 644 639 579
f 666 662 478
f 493 663 495
f 670 671 495
f 664 670 495
f 671 660 495
f 644 656 639
f 609 669 381
f 625 584 385
f 785 654 439
f 664 671 670
f 658 648 435
f 672 670 664
f 663 672 664
f 673 665 637
f 623 640 641
f 674 660 671
f 673 666 665
f 665 662 666
f 670 674 671
f 644 675 656
f 672 674 670
f 673 662 665
f 659 676 637
f 677 678 681
f 678 679 681
f 679 680 681
f 685 677 681
f 680 682 681
f 682 683 681
f 683 422 681
f 683 629 422
f 621 684 685
f 672 686 674
f 687 686 672
f 661 650 452
f 663 686 672
f 675 643 642
f 686 687 674
f 695 673 637
f 643 644 642
f 644 643 675
f 689 637 676
f 691 712 399
f 689 695 637
f 663 687 686
f 695 662 673
f 624 432 302
f 614 691 484
f 692 436 485
f 676 693 689
f 688 346 626
f 628 449 690
f 663 674 687
f 693 694 689
f 693 695 689
f 694 693 676
f 695 694 676
f 694 695 693
f 697 624 576
f 690 630 629
f 683 690 629
f 432 624 621
f 734 698 695
f 698 662 695
f 493 699 663
f 700 646 449
f 628 700 449
f 701 619 647
f 659 702 676
f 702 703 676
f 704 660 674
f 703 705 676
f 705 695 676
f 703 706 705
f 633 645 627
f 703 707 705
f 707 695 705
f 663 704 674
f 645 615 601
f 577 708 466
f 708 409 466
f 613 701 647
f 709 704 663
f 696 617 859
f 633 615 645
f 710 595 509
f 700 577 646
f 655 576 618
f 707 734 695
f 699 709 663
f 654 710 509
f 700 708 577
f 595 576 655
f 610 613 647
f 617 616 353
f 648 692 574
f 624 684 621
f 436 692 648
f 711 443 649
f 658 692 648
f 692 651 648
f 649 691 614
f 713 485 567
f 667 702 659
f 714 668 660
f 704 714 660
f 649 443 657
f 711 620 443
f 706 703 702
f 716 699 493
f 490 662 698
f 717 716 493
f 707 703 706
f 707 706 702
f 486 662 698
f 734 486 698
f 662 486 490
f 718 714 704
f 719 720 716
f 721 719 716
f 684 677 685
f 717 722 716
f 723 716 720
f 723 699 716
f 722 721 716
f 677 679 678
f 677 680 679
f 722 719 721
f 975 681 680
f 678 975 680
f 681 682 680
f 677 678 680
f 677 975 678
f 724 699 723
f 626 725 688
f 726 685 684
f 707 762 734
f 727 750 699
f 750 709 699
f 975 682 681
f 726 975 677
f 685 726 677
f 975 683 682
f 719 723 720
f 683 728 690
f 729 730 624
f 730 684 624
f 975 731 683
f 731 728 683
f 730 726 684
f 724 722 717
f 721 724 719
f 724 720 719
f 722 724 721
f 728 732 690
f 724 723 720
f 668 724 717
f 492 504 493
f 504 717 493
f 704 733 718
f 504 511 717
f 734 764 486
f 757 584 625
f 739 707 702
f 511 527 717
f 704 750 733
f 735 736 733
f 750 736 733
f 667 764 734
f 527 668 717
f 724 727 699
f 709 750 704
f 736 718 733
f 735 718 736
f 613 619 701
f 668 738 724
f 738 727 724
f 581 737 633
f 740 727 738
f 750 735 736
f 741 740 738
f 668 740 738
f 742 740 668
f 762 667 734
f 743 742 668
f 744 708 700
f 781 744 700
f 595 745 576
f 745 746 576
f 619 747 625
f 737 615 633
f 747 757 625
f 750 718 735
f 732 969 690
f 969 628 690
f 669 737 581
f 667 748 702
f 748 739 702
f 617 715 616
f 650 423 275
f 749 697 576
f 850 653 409
f 714 718 750
f 926 781 700
f 628 926 700
f 746 749 576
f 491 752 492
f 752 504 492
f 713 692 485
f 609 737 669
f 725 859 688
f 753 715 617
f 511 491 504
f 613 747 619
f 511 752 491
f 755 511 504
f 752 755 504
f 739 754 707
f 752 756 491
f 757 747 613
f 756 758 491
f 527 536 511
f 696 753 617
f 511 755 752
f 755 527 511
f 755 756 752
f 764 751 486
f 751 764 486
f 536 772 511
f 772 755 511
f 667 770 764
f 657 711 649
f 891 712 691
f 651 713 567
f 692 759 574
f 711 890 649
f 770 667 526
f 754 762 707
f 658 760 692
f 712 890 649
f 760 651 692
f 755 772 756
f 761 668 527
f 755 761 527
f 760 763 651
f 769 751 764
f 774 526 764
f 765 753 696
f 739 762 754
f 774 770 526
f 668 772 536
f 609 615 737
f 767 748 667
f 762 767 667
f 714 743 668
f 751 769 768
f 766 758 756
f 769 774 764
f 766 756 758
f 772 761 755
f 761 772 668
f 774 769 764
f 770 774 764
f 756 772 771
f 748 762 739
f 727 742 750
f 766 771 756
f 773 761 772
f 771 766 756
f 775 770 774
f 771 773 772
f 776 774 769
f 769 776 768
f 777 778 779
f 775 769 774
f 767 762 748
f 780 711 657
f 620 780 657
f 771 772 773
f 775 776 769
f 743 714 750
f 776 775 774
f 742 743 750
f 740 741 727
f 745 782 746
f 742 741 740
f 742 727 741
f 777 783 778
f 783 784 778
f 784 777 778
f 595 782 745
f 790 789 786
f 791 788 787
f 789 792 786
f 793 791 787
f 296 785 439
f 789 790 786
f 794 791 793
f 765 696 859
f 798 791 794
f 787 800 791
f 800 788 791
f 796 792 789
f 798 797 791
f 797 795 791
f 795 798 791
f 795 800 791
f 787 788 800
f 800 795 791
f 795 797 798
f 789 790 799
f 795 818 800
f 801 789 799
f 810 789 796
f 800 818 795
f 802 803 798
f 803 802 798
f 801 790 799
f 790 804 799
f 804 801 799
f 818 805 800
f 808 788 800
f 797 818 795
f 806 810 796
f 818 797 795
f 801 810 789
f 804 807 801
f 789 806 796
f 803 809 802
f 804 790 801
f 807 810 801
f 805 808 800
f 796 829 792
f 837 797 798
f 811 812 813
f 810 806 789
f 796 806 829
f 804 814 807
f 814 810 807
f 837 818 797
f 805 815 808
f 816 871 824
f 814 826 810
f 817 815 805
f 803 837 798
f 837 803 798
f 810 829 806
f 810 819 807
f 819 804 807
f 804 820 814
f 821 808 815
f 814 819 810
f 822 815 808
f 829 810 806
f 820 823 814
f 822 821 815
f 817 805 808
f 815 817 808
f 810 825 829
f 817 822 815
f 817 832 805
f 823 826 814
f 825 810 829
f 832 817 805
f 820 804 819
f 827 820 819
f 828 810 826
f 814 823 819
f 823 827 819
f 811 887 812
f 822 817 815
f 820 827 823
f 827 830 823
f 851 821 822
f 830 826 823
f 831 851 822
f 817 831 822
f 832 805 818
f 825 828 810
f 830 828 826
f 835 831 817
f 852 827 823
f 821 833 822
f 832 835 817
f 828 836 810
f 826 852 823
f 835 817 822
f 833 835 822
f 832 818 805
f 810 836 825
f 830 834 828
f 828 834 826
f 834 852 826
f 836 792 829
f 829 836 825
f 836 810 825
f 832 838 818
f 828 834 836
f 835 832 817
f 836 829 825
f 803 837 839
f 838 837 818
f 840 835 832
f 837 838 818
f 835 840 832
f 803 839 809
f 832 840 838
f 809 839 841
f 845 816 824
f 842 859 725
f 836 843 792
f 836 834 844
f 840 837 838
f 837 840 846
f 837 846 839
f 650 848 423
f 849 296 353
f 910 849 353
f 850 409 708
f 784 783 777
f 827 852 830
f 831 853 851
f 835 833 831
f 833 853 831
f 852 834 830
f 844 855 836
f 854 811 813
f 884 845 824
f 846 841 839
f 855 857 836
f 841 858 839
f 858 846 839
f 860 854 813
f 843 855 836
f 870 847 813
f 857 843 836
f 884 856 845
f 863 870 813
f 812 863 813
f 847 860 813
f 856 880 845
f 857 855 843
f 846 858 841
f 861 811 854
f 860 861 854
f 860 854 861
f 847 811 861
f 833 851 853
f 877 880 856
f 847 861 860
f 827 922 852
f 864 821 851
f 853 864 851
f 863 862 870
f 922 865 852
f 865 827 852
f 866 853 851
f 833 866 851
f 866 867 853
f 867 864 853
f 922 868 865
f 869 811 847
f 880 871 845
f 759 872 574
f 872 658 574
f 870 873 847
f 923 922 827
f 865 923 827
f 864 874 821
f 874 833 821
f 922 875 868
f 845 871 816
f 876 856 884
f 876 877 856
f 873 878 847
f 878 869 847
f 862 879 870
f 870 878 873
f 875 881 868
f 882 877 876
f 883 811 869
f 871 884 824
f 616 910 353
f 878 885 873
f 886 868 881
f 881 868 886
f 886 888 881
f 875 886 881
f 888 918 881
f 870 885 878
f 918 868 881
f 780 890 711
f 890 891 649
f 893 626 423
f 848 893 423
f 882 876 884
f 885 869 878
f 894 882 884
f 895 711 890
f 759 760 658
f 712 891 890
f 872 896 658
f 896 759 658
f 882 894 876
f 895 620 711
f 887 863 812
f 894 877 882
f 897 871 880
f 875 888 886
f 863 898 862
f 885 899 869
f 899 883 869
f 887 898 863
f 782 900 746
f 900 749 746
f 901 744 781
f 850 708 744
f 901 850 744
f 710 782 595
f 899 885 870
f 902 894 884
f 875 918 888
f 889 903 867
f 902 877 894
f 904 899 885
f 763 713 651
f 906 889 867
f 918 865 868
f 866 906 867
f 870 904 899
f 904 883 899
f 918 905 865
f 870 883 904
f 905 907 865
f 902 880 877
f 891 691 649
f 713 892 692
f 909 906 866
f 973 726 730
f 833 909 866
f 870 908 883
f 907 911 865
f 911 923 865
f 874 909 833
f 867 903 864
f 911 1081 923
f 1081 912 923
f 913 914 874
f 914 1052 874
f 1052 909 874
f 973 975 726
f 915 898 887
f 887 916 915
f 916 898 915
f 916 917 915
f 811 917 916
f 917 898 916
f 887 811 916
f 811 898 917
f 919 811 883
f 955 760 759
f 920 955 759
f 896 920 759
f 661 927 650
f 893 725 626
f 921 910 616
f 715 921 616
f 903 874 864
f 955 998 692
f 998 759 692
f 998 872 759
f 785 924 654
f 924 710 654
f 620 895 780
f 879 908 870
f 653 927 661
f 946 924 785
f 1028 697 749
f 925 875 922
f 1028 624 697
f 925 918 875
f 969 926 628
f 928 902 884
f 929 928 884
f 871 929 884
f 1003 879 898
f 879 862 898
f 919 1003 898
f 962 984 897
f 880 962 897
f 889 958 903
f 811 919 898
f 984 871 897
f 984 929 871
f 893 930 725
f 931 927 653
f 850 931 653
f 760 713 763
f 945 880 902
f 930 842 725
f 959 919 883
f 932 959 883
f 933 932 883
f 908 933 883
f 929 934 928
f 753 921 715
f 928 945 902
f 935 921 753
f 781 936 901
f 936 781 926
f 937 918 925
f 968 922 923
f 903 967 874
f 967 913 874
f 729 938 730
f 930 939 842
f 765 935 753
f 968 925 922
f 940 935 765
f 891 954 691
f 941 892 713
f 939 859 842
f 939 765 859
f 939 940 765
f 889 942 958
f 943 729 624
f 944 728 731
f 945 962 880
f 296 946 785
f 943 938 729
f 728 947 732
f 947 969 732
f 944 947 728
f 938 973 730
f 954 891 691
f 948 932 933
f 760 941 713
f 924 1009 710
f 949 945 928
f 959 932 948
f 950 968 923
f 912 950 923
f 958 967 903
f 951 932 959
f 948 951 959
f 952 945 949
f 928 952 949
f 953 933 908
f 941 955 892
f 951 959 932
f 956 954 891
f 955 692 892
f 933 959 948
f 957 928 949
f 956 891 890
f 780 956 890
f 891 895 890
f 934 957 928
f 957 952 928
f 895 956 780
f 918 905 907
f 905 918 907
f 905 960 907
f 961 906 909
f 1052 961 909
f 952 957 934
f 953 959 933
f 963 936 926
f 900 964 749
f 952 962 945
f 964 1028 749
f 879 953 908
f 906 965 889
f 966 905 918
f 966 905 918
f 966 907 905
f 1030 931 850
f 961 965 906
f 961 889 965
f 942 990 958
f 991 937 925
f 907 960 905
f 1028 970 624
f 970 943 624
f 1063 942 889
f 937 966 918
f 937 911 966
f 1052 1063 889
f 961 1052 889
f 963 850 901
f 936 963 901
f 710 964 782
f 964 900 782
f 911 907 966
f 971 944 731
f 975 971 731
f 938 972 973
f 974 975 973
f 976 971 975
f 974 977 975
f 977 978 975
f 978 979 975
f 979 976 975
f 983 992 986
f 982 981 980
f 981 999 980
f 987 985 986
f 988 987 986
f 992 988 986
f 998 896 872
f 879 959 953
f 879 989 959
f 934 984 952
f 984 962 952
f 968 991 925
f 990 967 958
f 999 993 980
f 993 982 980
f 986 994 983
f 912 968 950
f 990 913 967
f 912 991 968
f 995 999 981
f 994 992 983
f 989 919 959
f 996 995 981
f 998 920 896
f 954 1005 891
f 998 1000 896
f 1000 998 896
f 996 999 995
f 963 1001 850
f 1002 964 710
f 992 1004 988
f 1004 987 988
f 1006 941 760
f 982 1064 981
f 970 938 943
f 946 1009 924
f 944 969 947
f 971 969 944
f 1064 996 981
f 1007 1001 963
f 1002 1008 964
f 919 1010 879
f 1003 919 879
f 955 1006 760
f 1005 895 891
f 920 1006 955
f 996 1011 999
f 1030 927 931
f 1012 992 994
f 1010 989 879
f 1013 1014 954
f 1064 1011 996
f 1012 1004 992
f 1017 984 934
f 929 1017 934
f 956 1013 954
f 1006 1060 941
f 1016 998 941
f 998 955 941
f 1060 1016 941
f 997 956 895
f 1030 1048 927
f 919 989 1010
f 1014 1005 954
f 929 984 1017
f 970 972 938
f 1018 993 999
f 986 1015 994
f 1019 1020 1021
f 1024 1019 1021
f 1022 1035 1023
f 1035 1031 1023
f 1025 1019 1024
f 1026 1007 963
f 926 1026 963
f 1008 1027 964
f 1015 1058 994
f 1027 1028 964
f 985 1029 986
f 1029 1015 986
f 1065 1009 946
f 956 1032 1013
f 1032 1014 1013
f 1033 1034 969
f 1036 1030 850
f 1001 1036 850
f 1031 1037 1023
f 1037 1022 1023
f 971 1033 969
f 1051 1038 970
f 1038 972 970
f 972 974 973
f 1039 973 972
f 979 975 976
f 977 979 974
f 979 978 974
f 978 977 974
f 1040 1033 971
f 1038 1039 972
f 1041 1040 971
f 976 1041 971
f 1041 975 979
f 977 1041 979
f 1042 1026 926
f 1039 974 973
f 974 1041 977
f 1041 976 975
f 1039 1041 974
f 1011 1018 999
f 969 1042 926
f 1018 1043 993
f 1043 982 993
f 1044 1042 969
f 1034 1044 969
f 1005 1045 895
f 1045 997 895
f 956 997 1032
f 1020 1024 1021
f 1046 1022 1037
f 1031 1046 1037
f 1020 1025 1024
f 1046 1031 1035
f 1016 1047 998
f 1047 1000 998
f 1000 1047 998
f 1047 920 998
f 1049 1048 1030
f 1025 1020 1019
f 1046 1035 1022
f 1050 982 1043
f 991 1057 937
f 1053 990 942
f 1045 1032 997
f 1052 1055 1063
f 1056 1065 946
f 927 1070 650
f 849 946 296
f 1054 1057 991
f 1029 1058 1015
f 1053 1059 990
f 912 1054 991
f 1068 913 990
f 1059 1068 990
f 1058 1012 994
f 912 1081 1054
f 914 913 1068
f 1061 1062 937
f 1049 1066 1048
f 1060 1047 1016
f 1069 1039 1038
f 1071 1072 1002
f 1072 1008 1002
f 710 1073 1002
f 1073 1071 1002
f 1007 1074 1001
f 1074 1036 1001
f 1009 1073 710
f 1057 1061 937
f 1063 1053 942
f 1056 1075 1065
f 1012 1076 1004
f 1067 1043 1018
f 1069 1041 1039
f 1079 1080 1063
f 1004 985 987
f 1076 985 1004
f 1014 1045 1005
f 914 1098 1052
f 1047 1060 1006
f 1078 1047 1006
f 1045 1014 1032
f 937 1081 911
f 1065 1073 1009
f 1080 1053 1063
f 1074 1066 1036
f 1082 1012 1058
f 1059 1087 1068
f 1062 1081 937
f 1075 1073 1065
f 1048 1070 927
f 1084 1082 1058
f 1078 920 1047
f 1083 1085 1028
f 1085 970 1028
f 1132 1067 1018
f 1072 1027 1008
f 1132 1131 1067
f 1131 1086 1067
f 1053 1087 1059
f 1088 1084 1058
f 1036 1049 1030
f 1087 914 1068
f 1029 1088 1058
f 1086 1043 1067
f 985 1089 1029
f 1089 1088 1029
f 1086 1090 1043
f 1090 1091 1043
f 1091 1050 1043
f 1064 1092 1011
f 1055 1079 1063
f 1093 1092 1064
f 1045 1077 1005
f 1098 914 1087
f 982 1093 1064
f 1050 1093 982
f 1054 1094 1057
f 1085 1051 970
f 1081 1094 1054
f 1057 1095 1061
f 849 1056 946
f 1096 1098 1087
f 1097 1078 1006
f 920 1097 1006
f 1099 1078 1097
f 920 1099 1097
f 1062 1100 1081
f 1098 1055 1052
f 1101 1057 1094
f 1011 1132 1018
f 1101 1100 1062
f 1102 1101 1062
f 1061 1102 1062
f 1098 1103 1055
f 1066 1049 1036
f 1103 1079 1055
f 1100 1094 1081
f 1100 1101 1094
f 1104 1102 1061
f 1083 1028 1027
f 1105 1057 1101
f 1053 1106 1087
f 1070 848 650
f 1105 1095 1057
f 1080 1106 1053
f 1095 1104 1061
f 1103 1096 1087
f 1092 1107 1011
f 1108 1107 1092
f 1109 1098 1096
f 1082 1076 1012
f 1110 1108 1092
f 1103 1109 1096
f 1082 1111 1076
f 1121 1110 1092
f 1093 1112 1092
f 1112 1121 1092
f 1113 1112 1093
f 1050 1113 1093
f 1114 1026 1042
f 1115 1078 1099
f 920 1115 1099
f 1106 1103 1087
f 1111 985 1076
f 1116 1089 985
f 1111 1116 985
f 1044 1114 1042
f 1007 1117 1074
f 1075 1071 1073
f 1102 1100 1101
f 1098 1118 1103
f 1118 1141 1103
f 1141 1079 1103
f 1118 1098 1109
f 1119 1011 1107
f 1117 1007 1026
f 1120 1101 1100
f 1102 1120 1100
f 1122 1108 1110
f 1108 1119 1107
f 1123 1119 1107
f 1123 1132 1011
f 1123 1011 1119
f 1120 1102 1101
f 1109 1141 1118
f 1121 1112 1113
f 1121 1110 1112
f 1124 1122 1110
f 1102 1105 1101
f 1124 1108 1122
f 1125 1110 1121
f 1125 1124 1110
f 1066 1126 1048
f 1127 1075 1056
f 1128 1108 1124
f 1108 1132 1119
f 1132 1123 1119
f 1104 1149 1102
f 1113 1125 1121
f 1125 1128 1124
f 1125 1108 1128
f 1082 1129 1111
f 1091 1113 1050
f 849 1130 1056
f 1133 1129 1082
f 1084 1133 1082
f 1106 1109 1103
f 1125 1132 1108
f 1134 1133 1084
f 1132 1086 1131
f 1134 1129 1133
f 1135 1136 1079
f 1136 1080 1079
f 1137 1045 1005
f 1088 1134 1084
f 1088 1129 1134
f 1149 1095 1105
f 1080 1135 1106
f 1125 1113 1132
f 1138 1040 1041
f 1140 1102 1120
f 1141 1139 1118
f 1140 1105 1102
f 1142 1079 1141
f 1088 1111 1129
f 1142 1141 1109
f 1143 1117 1026
f 1072 1144 1027
f 1113 1086 1132
f 1089 1116 1088
f 1150 1126 1066
f 1144 1083 1027
f 1088 1116 1111
f 1113 1090 1086
f 1091 1090 1113
f 1145 1051 1085
f 910 1224 849
f 1143 1146 1074
f 1117 1143 1074
f 1146 1066 1074
f 1147 1072 1071
f 1075 1147 1071
f 1148 1033 1040
f 1114 1143 1026
f 1146 1150 1066
f 1151 1140 1120
f 1155 1152 1139
f 1141 1155 1139
f 1152 1141 1139
f 1137 1077 1045
f 1151 1153 1140
f 1142 1155 1141
f 1154 1151 1140
f 1152 1170 1141
f 1170 1142 1141
f 1153 1105 1140
f 1109 1155 1142
f 1102 1154 1140
f 1170 1079 1142
f 1051 1156 1038
f 1143 1158 1146
f 1106 1155 1109
f 1158 1150 1146
f 1048 1126 1070
f 1145 1156 1051
f 1033 1159 1034
f 1159 1044 1034
f 1160 1114 1044
f 1153 1149 1105
f 1135 1161 1106
f 1161 1155 1106
f 1148 1159 1033
f 1156 1069 1038
f 1149 1154 1102
f 1170 1135 1079
f 1159 1160 1044
f 1083 1162 1085
f 1162 1145 1085
f 1163 1158 1143
f 1157 1164 1147
f 1165 1095 1149
f 1153 1165 1149
f 1080 1161 1135
f 1104 1154 1149
f 1170 1136 1135
f 1224 1130 849
f 1075 1166 1147
f 1166 1157 1147
f 1158 1167 1150
f 1147 1144 1072
f 1170 1161 1136
f 1168 1078 1115
f 1164 1144 1147
f 1095 1165 1104
f 1165 1154 1104
f 1161 1080 1136
f 1190 1153 1151
f 1154 1190 1151
f 1169 1170 1152
f 1155 1169 1152
f 1150 1167 1126
f 1127 1166 1075
f 1155 1170 1169
f 1174 1171 1178
f 1175 1148 1040
f 1138 1175 1040
f 1156 1176 1069
f 1170 1177 1169
f 1178 1170 1177
f 1177 1155 1178
f 1170 1155 1177
f 1176 1179 1069
f 1179 1180 1069
f 1180 1041 1069
f 1174 1181 1171
f 1171 1182 1178
f 1183 1184 1173
f 1184 1172 1173
f 1185 1186 1138
f 1041 1185 1138
f 1180 1187 1041
f 1187 1188 1041
f 1188 1189 1041
f 1189 1185 1041
f 1172 1190 1173
f 1182 1197 1178
f 1191 1190 1172
f 1155 1174 1178
f 1192 1191 1172
f 1130 1127 1056
f 1203 1173 1190
f 1193 1163 1143
f 1164 1194 1144
f 1078 1115 920
f 1201 1181 1174
f 1154 1203 1190
f 1191 1153 1190
f 1184 1192 1172
f 1195 1201 1174
f 1155 1195 1174
f 1196 1083 1144
f 1194 1196 1144
f 1197 1170 1178
f 1192 1198 1191
f 1198 1153 1191
f 1182 1171 1181
f 1197 1199 1170
f 1200 1192 1184
f 1070 1202 848
f 1161 1195 1155
f 1137 1165 1153
f 1204 1195 1161
f 1205 1181 1201
f 1205 1182 1181
f 1183 1173 1203
f 1199 1161 1170
f 1200 1198 1192
f 1198 1137 1153
f 1206 1164 1157
f 1166 1206 1157
f 1207 1143 1114
f 1228 1201 1195
f 1217 1204 1161
f 1165 1208 1154
f 1160 1207 1114
f 1162 1156 1145
f 1148 1160 1159
f 1200 1209 1198
f 1183 1210 1184
f 1210 1200 1184
f 1205 1231 1182
f 1231 1211 1182
f 1211 1197 1182
f 1175 1160 1148
f 1212 1213 1160
f 1214 1232 1162
f 1208 1203 1154
f 1199 1217 1161
f 1162 1176 1156
f 1215 1207 1160
f 1175 1212 1160
f 1232 1176 1162
f 1208 1216 1203
f 1213 1215 1160
f 1138 1186 1175
f 1218 1179 1176
f 1179 1180 1176
f 1219 1212 1175
f 1232 1218 1176
f 1189 1185 1186
f 1185 1189 1186
f 1187 1189 1180
f 1189 1188 1180
f 1188 1187 1180
f 1220 1219 1175
f 1186 1220 1175
f 1218 1180 1179
f 1220 1185 1189
f 1187 1220 1189
f 1180 1220 1187
f 1220 1186 1185
f 1218 1220 1180
f 1197 1217 1199
f 1211 1217 1197
f 1126 1221 1070
f 1216 1268 1203
f 1268 1183 1203
f 1268 1210 1183
f 1158 1222 1167
f 848 1223 893
f 1225 1164 1206
f 1163 1222 1158
f 1162 1226 1214
f 1208 1077 1137
f 1207 1193 1143
f 1227 1127 1130
f 1223 930 893
f 1225 1194 1164
f 1221 1202 1070
f 1224 1227 1130
f 1204 1228 1195
f 1208 1165 1005
f 1077 1208 1005
f 1165 1137 1005
f 1204 1168 1115
f 1196 1229 1083
f 1229 1162 1083
f 1217 1115 1078
f 1230 1212 1219
f 1209 1137 1198
f 1168 1217 1078
f 1228 1205 1201
f 1226 1232 1214
f 1228 1231 1205
f 1230 1213 1212
f 1228 1204 1115
f 1217 1228 1115
f 1210 1209 1200
f 1204 1217 1168
f 1225 1234 1194
f 1235 1126 1167
f 1127 1250 1166
f 1234 1196 1194
f 1233 1227 1224
f 1229 1226 1162
f 1250 1206 1166
f 1222 1235 1167
f 1243 1236 1237
f 1249 1223 848
f 1240 1239 1238
f 1163 1241 1222
f 1240 1242 1239
f 1244 1243 1237
f 1235 1221 1126
f 1245 1250 1127
f 1227 1245 1127
f 1202 1249 848
f 1246 1247 1238
f 1247 1242 1240
f 1248 1193 1207
f 1247 1240 1238
f 1232 1296 1218
f 1296 1220 1218
f 921 1265 910
f 1215 1248 1207
f 1252 1221 1235
f 1253 1252 1235
f 1254 1253 1235
f 1251 1206 1250
f 1306 1233 1224
f 910 1306 1224
f 1222 1254 1235
f 1250 1245 1251
f 1193 1241 1163
f 1255 1241 1193
f 1248 1255 1193
f 1249 930 1223
f 1245 1256 1251
f 1257 1244 1237
f 1258 1246 1238
f 1222 1255 1254
f 1255 1259 1254
f 935 1265 921
f 1241 1255 1222
f 1251 1225 1206
f 1260 1196 1234
f 1259 1253 1254
f 1221 1249 1202
f 1261 1279 1236
f 1137 1262 1208
f 1236 1257 1237
f 1279 1257 1236
f 1239 1258 1238
f 1243 1261 1236
f 1227 1283 1245
f 1211 1278 1217
f 1263 1259 1255
f 1256 1292 1251
f 1283 1256 1245
f 1264 1252 1253
f 1259 1264 1253
f 1286 1261 1243
f 1286 1243 1244
f 1233 1289 1227
f 1208 1268 1216
f 1260 1269 1196
f 1289 1283 1227
f 1209 1262 1137
f 1252 1267 1221
f 1234 1225 1251
f 1292 1234 1251
f 1270 1220 1296
f 1270 1219 1220
f 1266 1231 1228
f 1278 1271 1217
f 1271 1228 1217
f 1269 1229 1196
f 1272 939 930
f 940 1265 935
f 1242 1273 1239
f 1262 1302 1208
f 1274 1230 1219
f 1248 1275 1255
f 1276 1260 1234
f 1277 1210 1268
f 1271 1266 1228
f 1285 1279 1261
f 1280 1273 1242
f 1302 1281 1208
f 1282 1248 1215
f 1267 1249 1221
f 1231 1278 1211
f 1267 1252 1303
f 1265 1306 910
f 1213 1282 1215
f 1284 1226 1229
f 1269 1284 1229
f 1273 1258 1239
f 1257 1286 1244
f 1286 1285 1261
f 1258 1287 1246
f 1287 1247 1246
f 1247 1280 1242
f 1263 1264 1259
f 1288 1256 1283
f 1277 1262 1209
f 1272 940 939
f 1277 1209 1210
f 1287 1280 1247
f 1264 1290 1252
f 1291 1266 1271
f 1275 1263 1255
f 1288 1292 1256
f 1226 1293 1232
f 1294 1265 940
f 1263 1295 1264
f 1289 1233 1306
f 1281 1268 1208
f 1318 1274 1219
f 1270 1318 1219
f 1232 1293 1296
f 1284 1293 1226
f 1230 1297 1213
f 1297 1282 1213
f 1278 1266 1291
f 1272 1294 940
f 1249 1272 930
f 1308 1252 1290
f 1298 1257 1279
f 1273 1287 1258
f 1283 1299 1288
f 1249 1300 1272
f 1231 1301 1278
f 1292 1276 1234
f 1274 1297 1230
f 1271 1278 1291
f 1267 1317 1249
f 1281 1302 1268
f 1302 1277 1268
f 1285 1298 1279
f 1298 1285 1279
f 1298 1279 1285
f 1277 1302 1262
f 1295 1263 1264
f 1263 1290 1264
f 1300 1294 1272
f 1308 1303 1252
f 1278 1301 1266
f 1301 1231 1266
f 1294 1306 1265
f 1317 1267 1303
f 1289 1304 1283
f 1304 1305 1283
f 1280 1307 1273
f 1309 1286 1257
f 1305 1299 1283
f 1298 1309 1257
f 1307 1287 1273
f 1276 1292 1288
f 1310 1287 1307
f 1285 1286 1298
f 1286 1309 1298
f 1280 1310 1307
f 1300 1306 1294
f 1287 1310 1280
f 1263 1275 1290
f 1299 1276 1288
f 1311 1248 1282
f 1293 1284 1269
f 1312 1313 1269
f 1314 1311 1282
f 1275 1315 1290
f 1315 1308 1290
f 1316 1314 1282
f 1318 1316 1282
f 1297 1274 1282
f 1274 1318 1282
f 1313 1296 1269
f 1296 1293 1269
f 1276 1323 1260
f 1249 1317 1300
f 1317 1306 1300
f 1305 1324 1299
f 1304 1289 1306
f 1319 1320 1308
f 1320 1303 1308
f 1321 1316 1318
f 1313 1322 1296
f 1304 1306 1317
f 1321 1270 1296
f 1322 1321 1296
f 1270 1321 1318
f 1299 1323 1276
f 1317 1303 1320
f 1305 1304 1324
f 1325 1326 1320
f 1326 1327 1320
f 1327 1324 1320
f 1304 1317 1320
f 1324 1304 1320
f 1327 1328 1324
f 1323 1329 1260
f 1329 1269 1260
f 1248 1315 1275
f 1311 1330 1248
f 1330 1347 1248
f 1331 1311 1314
f 1269 1332 1312
f 1320 1319 1325
f 1329 1333 1269
f 1321 1335 1316
f 1336 1322 1313
f 1315 1319 1308
f 1333 1332 1269
f 1337 1329 1338
f 1343 1339 1338
f 1339 1337 1338
f 1334 1299 1324
f 1340 1341 1342
f 1345 1340 1342
f 1347 1315 1248
f 1330 1344 1342
f 1344 1345 1342
f 1354 1330 1342
f 1341 1354 1342
f 1351 1343 1338
f 1329 1351 1338
f 1346 1329 1337
f 1334 1323 1299
f 1346 1321 1322
f 1330 1346 1344
f 1328 1334 1324
f 1332 1313 1312
f 1329 1348 1333
f 1346 1337 1344
f 1337 1349 1344
f 1349 1345 1344
f 1335 1331 1314
f 1332 1336 1313
f 1316 1335 1314
f 1339 1349 1337
f 1347 1319 1315
f 1350 1346 1330
f 1346 1348 1329
f 1336 1332 1333
f 1331 1321 1311
f 1321 1350 1311
f 1348 1322 1333
f 1322 1336 1333
f 1349 1327 1326
f 1331 1335 1321
f 1346 1350 1321
f 1350 1330 1311
f 1354 1347 1330
f 1339 1343 1327
f 1352 1340 1345
f 1323 1351 1329
f 1352 1353 1340
f 1352 1341 1340
f 1352 1353 1341
f 1345 1353 1352
f 1326 1353 1345
f 1354 1325 1319
f 1325 1341 1326
f 1326 1341 1353
f 1355 1351 1323
f 1328 1355 1334
f 1347 1354 1319
f 1355 1323 1334
f 1343 1328 1327
f 1345 1349 1326
f 1351 1328 1343
f 1348 1346 1322
f 1325 1354 1341
f 1349 1339 1327
f 1356 1339 1349
f 1355 1328 1351
f 1356 1349 1339
f 1367 1357 1358
f 1359 1367 1358
f 1357 1360 1358
f 1361 1359 1358
f 1360 1362 1358
f 1363 1359 1361
f 1358 1364 1361
f 1362 1364 1358
f 1365 1363 1361
f 1364 1365 1361
f 1359 1366 1367
f 1368 1357 1367
f 1357 1371 1360
f 1369 1364 1362
f 1363 1370 1359
f 1360 1369 1362
f 1375 1367 1366
f 1376 1369 1360
f 1370 1366 1359
f 1365 1370 1363
f 1369 1365 1364
f 1371 1376 1360
f 1375 1368 1367
f 1370 1372 1366
f 1374 1371 1357
f 1368 1374 1357
f 1376 1383 1369
f 1372 1375 1366
f 1383 1373 1369
f 1373 1377 1369
f 1370 1378 1372
f 1378 1375 1372
f 1365 1379 1370
f 1377 1365 1369
f 1389 1383 1376
f 1380 1382 1368
f 1384 1375 1378
f 1380 1368 1375
f 1385 1376 1371
f 1374 1381 1371
f 1379 1378 1370
f 1386 1380 1375
f 1382 1374 1368
f 1381 1385 1371
f 1383 1377 1373
f 1385 1387 1376
f 1387 1389 1376
f 1384 1386 1375
f 1388 1384 1378
f 1391 1386 1384
f 1379 1388 1378
f 1390 1383 1389
f 1381 1387 1385
f 1390 1377 1383
f 1386 1382 1380
f 1392 1393 1394
f 1393 1395 1394
f 1374 1396 1381
f 1397 1392 1394
f 1414 1398 1399
f 1400 1414 1399
f 1401 1400 1399
f 1395 1416 1394
f 1402 1395 1393
f 1403 1404 1399
f 1404 1401 1399
f 1403 1405 1404
f 1406 1403 1399
f 1392 1407 1393
f 1408 1406 1399
f 1398 1408 1399
f 1407 1409 1393
f 1409 1402 1393
f 1405 1410 1404
f 1410 1401 1404
f 1411 1397 1394
f 1416 1411 1394
f 1412 1406 1408
f 1398 1402 1409
f 1413 1397 1411
f 1407 1412 1409
f 1416 1401 1411
f 1405 1413 1410
f 1409 1412 1408
f 1398 1409 1408
f 1410 1413 1411
f 1401 1410 1411
f 1415 1416 1395
f 1402 1417 1395
f 1417 1415 1395
f 1419 1387 1381
f 1391 1382 1386
f 1416 1420 1401
f 1419 1389 1387
f 1421 1400 1401
f 1419 1390 1389
f 1420 1422 1401
f 1398 1423 1402
f 1424 1398 1414
f 1449 1424 1414
f 1422 1421 1401
f 1425 1456 1415
f 1456 1416 1415
f 1417 1426 1415
f 1426 1425 1415
f 1427 1422 1420
f 1424 1423 1398
f 1416 1427 1420
f 1421 1428 1400
f 1429 1414 1400
f 1428 1429 1400
f 1439 1402 1423
f 1382 1430 1374
f 1430 1431 1374
f 1432 1396 1374
f 1431 1432 1374
f 162 1418 1390
f 1439 1417 1402
f 1456 1433 1416
f 162 1390 1419
f 1418 1377 1390
f 1418 1454 1377
f 1379 1434 1388
f 1449 1435 1424
f 1452 1421 1422
f 1429 1449 1414
f 1436 1423 1424
f 1437 1438 1391
f 1440 1422 1427
f 1384 1437 1391
f 1441 162 1419
f 1433 1427 1416
f 1440 1442 1422
f 1435 1436 1424
f 1442 1443 1422
f 1443 1452 1422
f 1444 1441 1419
f 1445 1437 1384
f 1388 1446 1384
f 1446 1445 1384
f 1447 1381 1396
f 1448 1428 1421
f 1365 1434 1379
f 1454 1365 1377
f 1436 1451 1423
f 1433 1461 1427
f 1441 1418 162
f 1452 1448 1421
f 1461 1450 1427
f 1439 1453 1417
f 1447 1419 1381
f 1441 1454 1418
f 1455 1456 1425
f 1426 1455 1425
f 1457 1382 1391
f 1453 1426 1417
f 1451 1439 1423
f 1458 1442 1440
f 1451 1476 1439
f 1458 1440 1427
f 1450 1458 1427
f 1435 1451 1436
f 1476 1460 1439
f 1428 1449 1429
f 1447 1618 1419
f 1460 1453 1439
f 1459 1435 1449
f 1434 1446 1388
f 1458 1443 1442
f 1462 1449 1428
f 1456 1463 1433
f 1464 1451 1435
f 1465 1466 1435
f 1466 1464 1435
f 1458 1467 1443
f 1468 1469 1443
f 1467 1468 1443
f 1459 1470 1435
f 1471 1465 1435
f 1469 1472 1443
f 1473 1467 1458
f 1464 1488 1451
f 1450 1473 1458
f 1488 1476 1451
f 1463 1461 1433
f 1474 1428 1448
f 1438 1457 1391
f 1618 1475 1419
f 1475 1444 1419
f 1477 1452 1443
f 1478 1479 1435
f 1479 1471 1435
f 1480 1481 1443
f 1472 1480 1443
f 1452 1474 1448
f 1483 1474 1452
f 1444 1487 1441
f 1462 1459 1449
f 1437 1484 1438
f 1486 1463 1456
f 1470 1478 1435
f 1473 1489 1467
f 1485 1460 1476
f 1461 1482 1450
f 1491 1468 1467
f 1486 1456 1455
f 1426 1492 1455
f 1489 1493 1467
f 1494 1487 1444
f 1495 1438 1484
f 1496 1484 1437
f 1497 1478 1470
f 1498 1477 1443
f 1481 1499 1443
f 1499 1498 1443
f 1500 1501 1487
f 1487 1502 1441
f 1490 1503 1484
f 1453 1492 1426
f 1466 1504 1464
f 1505 1491 1467
f 1506 1457 1438
f 1477 1483 1452
f 1507 1490 1484
f 1501 1502 1487
f 1503 1495 1484
f 1494 1500 1487
f 1508 1509 1464
f 1475 1494 1444
f 1460 1553 1453
f 1509 1488 1464
f 1475 1510 1494
f 1496 1507 1484
f 1511 1488 1509
f 1473 1512 1489
f 1495 1506 1438
f 1513 1515 1489
f 1512 1513 1489
f 1514 1511 1509
f 1516 1514 1509
f 1553 1492 1453
f 1517 1506 1495
f 1493 1505 1467
f 1508 1516 1509
f 1504 1508 1464
f 1511 1518 1488
f 1518 1476 1488
f 1482 1473 1450
f 1503 1517 1495
f 1510 1500 1494
f 1459 1519 1470
f 1482 1512 1473
f 1520 1521 1428
f 1521 1462 1428
f 1474 1520 1428
f 1711 1505 1493
f 1504 1708 1508
f 1437 1507 1496
f 1501 1522 1502
f 1489 1523 1493
f 1523 1711 1493
f 1524 1525 1516
f 1525 1514 1516
f 1526 1503 1490
f 1527 1507 1437
f 1708 1516 1508
f 1528 1523 1489
f 1515 1528 1489
f 1500 1547 1501
f 1525 1529 1514
f 1530 1515 1513
f 1530 1531 1515
f 1532 1547 1500
f 1708 1727 1516
f 1365 1533 1434
f 1533 1534 1434
f 1696 1533 1454
f 1533 1365 1454
f 1534 1446 1434
f 1535 1485 1476
f 1536 1511 1514
f 1512 1537 1513
f 1537 1556 1513
f 1534 1445 1446
f 1441 1696 1454
f 1727 1538 1516
f 1538 1524 1516
f 1539 1517 1503
f 1510 1540 1500
f 1731 1528 1515
f 1522 1501 1547
f 1526 1539 1503
f 1540 1532 1500
f 1518 1535 1476
f 1541 1526 1490
f 1531 1731 1515
f 1540 1542 1532
f 1507 1543 1490
f 1532 1544 1547
f 1545 1696 1441
f 1546 1545 1441
f 1482 1562 1512
f 1502 1546 1441
f 1519 1497 1470
f 1529 1536 1514
f 1556 1548 1513
f 1548 1530 1513
f 1486 1461 1463
f 1524 1529 1525
f 1527 1543 1507
f 1524 1549 1529
f 1543 1541 1490
f 1511 1535 1518
f 1538 1550 1524
f 1530 1554 1531
f 1445 1527 1437
f 1522 1551 1502
f 1551 1546 1502
f 1552 1539 1526
f 1542 1544 1532
f 1541 1552 1526
f 1562 1537 1512
f 1555 1511 1536
f 1455 1557 1486
f 1558 1557 1455
f 1492 1559 1455
f 1559 1558 1455
f 1554 1741 1531
f 1741 1731 1531
f 1542 1560 1544
f 1560 1547 1544
f 1432 1447 1396
f 1511 1555 1535
f 1552 1541 1543
f 1561 1430 1382
f 1548 1554 1530
f 1445 1671 1527
f 1563 1551 1522
f 1564 1520 1474
f 1671 1565 1527
f 1565 1543 1527
f 1566 1536 1529
f 1547 1563 1522
f 1583 1482 1461
f 1593 1583 1461
f 1567 1563 1547
f 1550 1549 1524
f 1565 1552 1543
f 1560 1567 1547
f 1521 1568 1462
f 1457 1561 1382
f 1569 1564 1474
f 1483 1569 1474
f 1570 1537 1562
f 1593 1461 1486
f 1568 1459 1462
f 1570 1556 1537
f 1571 1555 1536
f 1572 1571 1536
f 1570 1573 1556
f 1581 1529 1549
f 1574 1569 1483
f 1568 1575 1459
f 1576 1497 1519
f 1566 1572 1536
f 1573 1548 1556
f 1571 1535 1555
f 1577 1460 1485
f 1578 1600 1549
f 1550 1578 1549
f 1589 1581 1549
f 1600 1589 1549
f 1579 1590 1554
f 1590 1624 1554
f 1624 1741 1554
f 1477 1574 1483
f 1581 1566 1529
f 1575 1519 1459
f 1535 1577 1485
f 1583 1562 1482
f 1573 1580 1548
f 1553 1559 1492
f 1498 1958 1477
f 1557 1593 1486
f 1582 1571 1572
f 1575 1584 1519
f 1584 1874 1519
f 1874 1576 1519
f 1585 1574 1477
f 1586 1585 1477
f 1958 1586 1477
f 1583 1570 1562
f 1630 1557 1558
f 1559 1630 1558
f 1566 1582 1572
f 1571 1577 1535
f 1582 1577 1571
f 1580 1587 1548
f 1587 1554 1548
f 1577 1553 1460
f 1587 1579 1554
f 1588 1466 1465
f 1609 1581 1589
f 1587 1591 1579
f 1591 1590 1579
f 1553 1592 1559
f 1609 1622 1581
f 1468 1597 1469
f 1465 1598 1588
f 1599 1472 1469
f 1587 1601 1591
f 1602 1598 1465
f 1594 1580 1573
f 1605 1609 1589
f 1566 1606 1582
f 1593 1557 1630
f 1561 1607 1430
f 1583 1608 1570
f 1600 1605 1589
f 1591 1610 1590
f 1610 1596 1590
f 1582 1603 1577
f 1469 1619 1599
f 1432 1611 1447
f 1608 1573 1570
f 1596 1624 1590
f 1471 1602 1465
f 1641 1472 1599
f 1577 1592 1553
f 1595 1583 1593
f 1608 1594 1573
f 1597 1619 1469
f 1612 1466 1588
f 1619 1614 1599
f 1615 1605 1600
f 1616 1588 1598
f 1602 1617 1598
f 1617 1613 1598
f 1614 1621 1599
f 1583 1595 1604
f 1457 1607 1561
f 1611 1618 1447
f 1620 1608 1583
f 1616 1598 1613
f 1641 1480 1472
f 1581 1622 1566
f 1601 1610 1591
f 1616 1612 1588
f 1621 1641 1599
f 1625 1587 1580
f 1626 1641 1621
f 1606 1623 1582
f 1653 1592 1577
f 1604 1620 1583
f 1491 1597 1468
f 1603 1653 1577
f 1619 1621 1614
f 1660 1602 1471
f 1642 1619 1597
f 1578 1615 1600
f 1627 1622 1609
f 1610 1624 1596
f 1617 1616 1613
f 1605 1627 1609
f 1628 1612 1616
f 1631 1629 1630
f 1559 1631 1630
f 1617 1640 1616
f 1619 1632 1621
f 1633 1634 1605
f 1635 1636 1610
f 1637 1640 1617
f 1638 1475 1618
f 1663 1624 1610
f 1566 1639 1606
f 1582 1623 1603
f 1634 1627 1605
f 1660 1649 1602
f 1649 1617 1602
f 1491 1642 1597
f 1647 1641 1626
f 1622 1639 1566
f 1632 1643 1621
f 1630 1644 1593
f 1592 1631 1559
f 1645 1605 1615
f 1625 1601 1587
f 1601 1635 1610
f 1479 1660 1471
f 1594 1625 1580
f 1646 1632 1619
f 1645 1615 1578
f 1670 1595 1593
f 1644 1670 1593
f 1612 1656 1466
f 1621 1647 1626
f 1620 1594 1608
f 1649 1637 1617
f 1643 1647 1621
f 1622 1650 1639
f 1645 1651 1605
f 1651 1633 1605
f 1636 1652 1610
f 1652 1663 1610
f 1653 1648 1592
f 1616 1654 1628
f 1623 1653 1603
f 1595 1620 1604
f 1642 1655 1619
f 1638 1510 1475
f 1669 1642 1491
f 1640 1657 1616
f 1657 1654 1616
f 1655 1646 1619
f 1551 1545 1546
f 1517 1658 1506
f 1592 1629 1631
f 1659 1741 1624
f 1628 1656 1612
f 1641 1481 1480
f 1674 1650 1622
f 1627 1674 1622
f 1662 1601 1625
f 1698 1625 1594
f 1648 1629 1592
f 1654 1656 1628
f 1661 1481 1641
f 1662 1664 1601
f 1634 1665 1627
f 1664 1666 1601
f 1666 1635 1601
f 1663 1659 1624
f 1658 1457 1506
f 1656 1504 1466
f 1667 1594 1620
f 1606 1668 1623
f 1505 1669 1491
f 1672 1646 1655
f 1567 1551 1563
f 1673 1649 1660
f 1647 1661 1641
f 1668 1653 1623
f 1595 1667 1620
f 1662 1625 1698
f 1667 1698 1594
f 1670 1667 1595
f 1676 1643 1632
f 1646 1686 1632
f 1665 1674 1627
f 1677 1642 1669
f 1637 1678 1640
f 1686 1679 1632
f 1644 1630 1629
f 1680 1675 1656
f 1681 1640 1678
f 1679 1676 1632
f 1682 1637 1649
f 1683 1645 1578
f 1654 1680 1656
f 1550 1683 1578
f 1637 1684 1678
f 1677 1655 1642
f 1457 1685 1607
f 1478 1660 1479
f 1684 1403 1678
f 1403 1406 1678
f 1406 1681 1678
f 1686 1413 1679
f 1413 1405 1679
f 1412 1681 1406
f 1650 1606 1639
f 1635 1687 1636
f 1403 1679 1405
f 1684 1679 1403
f 1676 1679 1684
f 1478 1688 1660
f 1689 1648 1653
f 1691 812 1534
f 1611 1692 1618
f 1650 1668 1606
f 1706 1684 1637
f 1693 1640 1681
f 1695 1445 1534
f 812 1695 1534
f 1657 1697 1654
f 1698 1667 1670
f 1668 1689 1653
f 1633 1699 1634
f 1706 1694 1684
f 1694 1676 1684
f 1412 1693 1681
f 1397 1413 1686
f 1407 1693 1412
f 1682 1706 1637
f 1688 1700 1660
f 1700 1673 1660
f 1647 1701 1661
f 1702 1691 1533
f 1691 1534 1533
f 1696 1702 1533
f 1687 1652 1636
f 1651 1703 1633
f 1693 1657 1640
f 1672 1704 1646
f 1699 1665 1634
f 1666 1705 1635
f 1652 1690 1663
f 1705 1687 1635
f 1658 1685 1457
f 1704 1686 1646
f 1703 1699 1633
f 1644 1707 1670
f 1700 1649 1673
f 1656 1708 1504
f 1574 1720 1569
f 1704 1397 1686
f 1392 1693 1407
f 1711 1669 1505
f 1709 1647 1643
f 1710 1638 1618
f 1692 1710 1618
f 1675 1708 1656
f 1700 1682 1649
f 1668 1650 1689
f 1704 1392 1397
f 1704 1693 1392
f 1771 1699 1703
f 1712 1650 1674
f 1698 1713 1662
f 1715 1643 1676
f 1675 1717 1708
f 1690 1718 1663
f 1713 1664 1662
f 1719 1657 1693
f 1694 1715 1676
f 1717 1716 1708
f 1761 1665 1699
f 1568 1765 1575
f 1711 1677 1669
f 1663 1718 1659
f 1715 1694 1706
f 1704 1719 1693
f 1705 1714 1687
f 1716 1727 1708
f 1661 1721 1481
f 1523 1722 1711
f 1711 1722 1677
f 1680 1717 1675
f 1771 1761 1699
f 1651 1756 1703
f 1687 1748 1652
f 1723 1651 1645
f 1665 1724 1674
f 1652 1725 1690
f 1726 1666 1664
f 1528 1722 1523
f 1728 1644 1629
f 1714 1748 1687
f 1732 1728 1629
f 1729 1565 1671
f 1648 1732 1629
f 1717 1727 1716
f 1538 1738 1550
f 1710 1510 1638
f 1567 1730 1551
f 1707 1776 1670
f 1689 1732 1648
f 1765 1584 1575
f 1585 1733 1574
f 1733 1720 1574
f 1719 1697 1657
f 1715 1709 1643
f 1726 1705 1666
f 1650 1732 1689
f 1713 1698 1670
f 1776 1713 1670
f 1723 1756 1651
f 1748 1725 1652
f 1734 1706 1682
f 1735 1727 1717
f 1695 1729 1445
f 1729 1671 1445
f 1528 1736 1722
f 1737 1701 1647
f 1734 1782 1706
f 1817 1734 1700
f 1734 1682 1700
f 1709 1737 1647
f 1727 1738 1538
f 1730 1545 1551
f 1782 1715 1706
f 1813 1672 1655
f 1739 1717 1680
f 1761 1724 1665
f 1731 1736 1528
f 1812 1739 1680
f 1741 1736 1731
f 1431 1742 1432
f 1654 1812 1680
f 1813 1655 1677
f 1740 1813 1677
f 1569 1743 1564
f 1744 1773 1683
f 1773 1645 1683
f 1722 1740 1677
f 1735 1738 1727
f 1701 1721 1661
f 1688 1755 1700
f 1742 1611 1432
f 1745 1812 1654
f 1697 1745 1654
f 1714 1705 1726
f 1521 1795 1568
f 1550 1744 1683
f 1746 1741 1659
f 1718 1746 1659
f 1754 1747 1430
f 1756 1771 1703
f 1749 1737 1709
f 1750 1732 1650
f 1720 1743 1569
f 1739 1735 1717
f 1712 1750 1650
f 1607 1754 1430
f 1813 1751 1672
f 1736 1740 1722
f 1752 1702 1696
f 816 1752 1696
f 1753 812 1691
f 1751 1704 1672
f 1545 816 1696
f 1721 1499 1481
f 1751 1719 1704
f 1757 1744 1550
f 1685 1754 1607
f 1755 1688 1478
f 1758 1757 1550
f 1795 1765 1568
f 1759 1700 1755
f 1760 1692 1611
f 1738 1758 1550
f 1746 1762 1741
f 1762 1736 1741
f 1763 1758 1738
f 1735 1763 1738
f 1764 1734 1817
f 1702 1753 1691
f 1767 1724 1761
f 1739 1763 1735
f 1762 1740 1736
f 1768 1584 1765
f 1762 1769 1740
f 1769 1813 1740
f 1756 1770 1771
f 1732 1772 1728
f 1773 1723 1645
f 1772 1644 1728
f 1772 1774 1644
f 1774 1822 1644
f 1822 1707 1644
f 1713 1775 1664
f 1822 1776 1707
f 1777 1778 1714
f 1779 1777 1714
f 1778 1748 1714
f 1780 1749 1709
f 1781 816 1545
f 1764 1782 1734
f 1719 1745 1697
f 1783 1745 1719
f 1715 1780 1709
f 1784 1714 1726
f 1786 1729 1695
f 1730 1781 1545
f 1780 1715 1782
f 1751 1783 1719
f 1785 1783 1751
f 1817 1700 1759
f 1787 1781 1730
f 1788 1787 1730
f 1789 1565 1729
f 1790 1789 1729
f 1791 1788 1730
f 1567 1791 1730
f 1789 1792 1565
f 1793 1753 1702
f 1752 1793 1702
f 1767 1674 1724
f 1664 1784 1726
f 1792 1552 1565
f 1560 1791 1567
f 1778 1725 1748
f 1794 1768 1765
f 1723 1796 1756
f 1771 1767 1761
f 1784 1779 1714
f 1786 1790 1729
f 1797 1759 1755
f 1827 1721 1701
f 1737 1827 1701
f 1720 1799 1743
f 1800 1674 1767
f 1813 1801 1751
f 1746 1802 1762
f 1803 1758 1763
f 1764 1823 1782
f 1801 1785 1751
f 1800 1712 1674
f 1823 1780 1782
f 1796 1770 1756
f 1778 1804 1725
f 1938 1510 1710
f 1805 1718 1690
f 1806 1805 1690
f 1807 1808 1658
f 1773 1796 1723
f 1804 1690 1725
f 1539 1807 1517
f 1938 1540 1510
f 1517 1807 1658
f 1800 1750 1712
f 1739 1803 1763
f 1802 1769 1762
f 1809 1766 1720
f 1733 1809 1720
f 1810 1773 1744
f 1811 1775 1713
f 1812 1803 1739
f 1806 1690 1804
f 1745 1814 1812
f 1766 1815 1720
f 1815 1799 1720
f 1798 1765 1795
f 1478 1797 1755
f 1757 1810 1744
f 1816 1746 1718
f 1817 1759 1797
f 1747 1431 1430
f 1776 1811 1713
f 1664 1818 1784
f 1798 1819 1765
f 1771 1820 1767
f 1820 1800 1767
f 1808 1685 1658
f 1821 1772 1732
f 1821 1774 1772
f 1824 1783 1785
f 1801 1824 1785
f 1775 1818 1664
f 1809 1815 1766
f 1825 1794 1765
f 1819 1825 1765
f 1826 1778 1777
f 1742 1760 1611
f 1784 1777 1779
f 1828 1764 1817
f 1749 1827 1737
f 1796 1836 1770
f 1829 1721 1827
f 1829 1830 1721
f 1830 1499 1721
f 1831 1797 1478
f 1830 1498 1499
f 1773 1893 1796
f 1810 1832 1773
f 1833 1750 1800
f 1497 1831 1478
f 1834 1832 1810
f 1835 1520 1564
f 1743 1835 1564
f 1836 1771 1770
f 1837 1758 1803
f 1838 1802 1746
f 1837 1757 1758
f 1816 1838 1746
f 1839 1777 1784
f 1826 1804 1778
f 1893 1836 1796
f 1840 1806 1804
f 1826 1840 1804
f 1836 1820 1771
f 1769 1841 1813
f 1814 1842 1812
f 1842 1803 1812
f 1802 1841 1769
f 1907 1800 1820
f 1818 1839 1784
f 1805 1908 1718
f 1908 1816 1718
f 1843 1732 1750
f 1833 1843 1750
f 1808 1844 1685
f 1760 1710 1692
f 1845 1828 1817
f 1846 1780 1823
f 1824 1847 1783
f 1848 1845 1817
f 1797 1848 1817
f 1847 1849 1783
f 1846 1749 1780
f 1849 1745 1783
f 1846 1850 1749
f 1831 1848 1797
f 1813 1851 1801
f 1849 1814 1745
f 1850 1827 1749
f 1839 1826 1777
f 1836 1907 1820
f 1853 1805 1806
f 1818 1840 1839
f 1854 1815 1809
f 1855 1794 1856
f 1893 1907 1836
f 1839 1840 1826
f 1858 1854 1809
f 1853 1908 1805
f 1811 1818 1775
f 1861 1753 1793
f 1356 1859 1793
f 1859 1860 1793
f 1860 1861 1793
f 1862 1356 1793
f 1752 2267 1793
f 2267 2292 1793
f 2292 2327 1793
f 2327 1862 1793
f 1857 1858 1809
f 1843 1821 1732
f 1825 1856 1794
f 1863 1864 1856
f 1864 1855 1856
f 1865 1866 1857
f 1733 1857 1809
f 1825 1867 1856
f 1868 1852 1776
f 1822 1868 1776
f 1861 1869 1753
f 1855 1768 1794
f 1870 1829 1827
f 1871 2267 1752
f 1867 1863 1856
f 1866 1858 1857
f 1869 812 1753
f 1864 1873 1855
f 1873 1874 1855
f 1875 1865 1857
f 1733 1875 1857
f 1876 1760 1742
f 816 1871 1752
f 1872 1774 1821
f 1774 1877 1822
f 1877 1868 1822
f 1872 1877 1774
f 1878 1695 812
f 1869 1878 812
f 1781 1871 816
f 1879 1830 1829
f 1832 1893 1773
f 1810 1880 1834
f 1881 1837 1803
f 1838 1882 1802
f 1883 1846 1823
f 1885 1847 1824
f 1884 1851 1813
f 1801 1885 1824
f 1950 1884 1813
f 1886 1883 1823
f 1757 1942 1810
f 1942 1887 1810
f 1887 1880 1810
f 1888 1816 1908
f 1889 1864 1863
f 1890 1866 1865
f 1879 1891 1830
f 1889 1892 1864
f 1764 1886 1823
f 1842 1881 1803
f 1882 1841 1802
f 1841 1950 1813
f 1851 1885 1801
f 1890 1894 1866
f 1867 1895 1863
f 1896 1858 1866
f 1828 1886 1764
f 1897 1827 1850
f 1898 1873 1864
f 1831 1920 1848
f 1892 1898 1864
f 1895 1889 1863
f 1899 1896 1866
f 1844 1754 1685
f 1875 1890 1865
f 1894 1899 1866
f 1900 1901 1889
f 1895 1900 1889
f 1901 1892 1889
f 1916 1898 1892
f 1875 1902 1890
f 1903 1892 1901
f 1520 1904 1521
f 1904 1795 1521
f 1905 1894 1890
f 1834 1893 1832
f 1906 1833 1800
f 1907 1906 1800
f 1912 1871 1781
f 1903 1916 1892
f 1902 1905 1890
f 1909 1835 1743
f 1878 1786 1695
f 1891 1498 1830
f 1910 1899 1894
f 1880 1893 1834
f 1911 1818 1811
f 1878 2266 1786
f 1840 1853 1806
f 1904 1798 1795
f 1799 1909 1743
f 1934 1879 1829
f 1913 1790 1786
f 2266 1913 1786
f 2264 1912 1781
f 1787 2264 1781
f 1497 1914 1831
f 1995 1811 1776
f 1852 1995 1776
f 1915 1909 1799
f 1905 1910 1894
f 1885 1917 1847
f 1918 2264 1787
f 1900 1903 1901
f 1913 1789 1790
f 1788 1918 1787
f 1904 1919 1798
f 1831 1914 1920
f 1917 1849 1847
f 1921 1498 1891
f 1900 1922 1903
f 1879 1921 1891
f 1913 1923 1789
f 1815 1915 1799
f 1920 1845 1848
f 1931 1742 1431
f 1924 1918 1788
f 1920 1925 1845
f 1926 1921 1879
f 1922 1927 1903
f 1928 1910 1905
f 1929 1792 1789
f 1923 1929 1789
f 1791 1924 1788
f 1927 1916 1903
f 1902 1930 1905
f 1930 1928 1905
f 1932 1870 1827
f 1897 1932 1827
f 1933 1843 1833
f 1906 1933 1833
f 1934 1926 1879
f 1935 1828 1845
f 1936 1814 1849
f 1932 1829 1870
f 1937 1844 1808
f 1760 1938 1710
f 1931 1876 1742
f 1939 1920 1914
f 1843 1940 1821
f 1939 1925 1920
f 1941 1942 1881
f 1942 1837 1881
f 1838 1943 1882
f 1940 1872 1821
f 1944 1552 1792
f 2273 1944 1792
f 1929 2273 1792
f 1560 1945 1791
f 1945 1924 1791
f 1946 1943 1838
f 1953 1947 1926
f 1807 1937 1808
f 1934 1953 1926
f 1949 1842 1814
f 1951 1915 1815
f 1842 1941 1881
f 1943 1841 1882
f 1948 1925 1939
f 1932 1934 1829
f 1576 1914 1497
f 1939 1952 1948
f 1949 1941 1842
f 1943 1950 1841
f 1919 1819 1798
f 1948 1954 1925
f 1940 1877 1872
f 1953 1957 1947
f 1948 1969 1955
f 1959 1807 1539
f 1960 1959 1539
f 1952 1969 1948
f 1961 1846 1883
f 1962 1917 1885
f 1955 1954 1948
f 1942 1757 1837
f 1816 1946 1838
f 1576 2066 1914
f 1921 1958 1498
f 1961 1850 1846
f 1964 1962 1885
f 1919 1965 1819
f 1925 1935 1845
f 1956 1840 1818
f 1968 1849 1917
f 1966 1953 1934
f 1855 1584 1768
f 1874 1584 1855
f 1886 1963 1883
f 1966 1957 1953
f 1969 1970 1955
f 1968 1971 1849
f 1585 1875 1733
f 1973 1958 1921
f 1851 1964 1885
f 1974 1825 1819
f 1965 1974 1819
f 1854 1951 1815
f 1552 1960 1539
f 2066 1975 1914
f 1972 1888 1908
f 1990 1906 1907
f 1967 1990 1907
f 1972 1908 1853
f 1840 1972 1853
f 1911 1956 1818
f 1970 1989 1955
f 1979 1957 1966
f 1995 1911 1811
f 1954 1935 1925
f 1932 1966 1934
f 1893 1967 1907
f 1926 1973 1921
f 1975 1939 1914
f 1976 1431 1747
f 1957 1977 1947
f 1978 2008 1957
f 1978 1957 1979
f 1980 1893 1880
f 1991 1956 1911
f 1955 1935 1954
f 1981 1952 1939
f 1975 1981 1939
f 1947 1977 1926
f 1977 1973 1926
f 1982 1961 1883
f 1984 1983 1917
f 1983 1968 1917
f 1962 1984 1917
f 1933 1985 1843
f 1963 1982 1883
f 1935 2024 1828
f 1897 1986 1932
f 1987 1850 1961
f 1936 1949 1814
f 1754 1976 1747
f 1988 1966 1932
f 1986 1988 1932
f 1969 1989 1970
f 1991 1972 1840
f 1952 1992 1969
f 2059 1904 1520
f 1969 1993 1989
f 1994 1935 1955
f 2078 1976 1754
f 1985 1940 1843
f 1988 1979 1966
f 1996 1997 1984
f 1989 1994 1955
f 1988 2009 1979
f 1997 1983 1984
f 1998 1996 1984
f 1887 1999 1880
f 2000 1888 1972
f 2001 1951 1854
f 1990 1933 1906
f 1828 2002 1886
f 2002 1963 1886
f 1971 1936 1849
f 2094 1897 1850
f 1884 1964 1851
f 2003 1998 1984
f 1962 2003 1984
f 2004 1961 1982
f 1983 2025 1968
f 2005 2003 1962
f 2008 2006 1957
f 1980 1967 1893
f 1991 1840 1956
f 1976 2007 1431
f 2055 1931 1431
f 2007 2055 1431
f 1964 2005 1962
f 2048 1995 1852
f 1868 2048 1852
f 2004 1987 1961
f 2006 1977 1957
f 1858 2001 1854
f 1980 1990 1967
f 2009 1978 1979
f 1974 1867 1825
f 1974 2010 1867
f 2011 2001 1858
f 2064 1844 1937
f 2025 1971 1968
f 2010 1895 1867
f 1896 2011 1858
f 2012 1998 2003
f 1880 1990 1980
f 1844 2078 1754
f 2013 1994 1989
f 2049 1877 1940
f 1877 2014 1868
f 2014 2048 1868
f 2039 1993 1969
f 1992 2039 1969
f 2015 2006 2008
f 2049 2014 1877
f 2024 2002 1828
f 1983 2016 2025
f 2017 2003 2005
f 1964 2018 2005
f 1997 2019 1983
f 2019 2016 1983
f 2017 2012 2003
f 1999 1990 1880
f 2020 2000 1972
f 1991 2020 1972
f 2020 1991 1911
f 1995 2020 1911
f 2009 2021 1978
f 2045 2013 1989
f 1993 2045 1989
f 2021 2008 1978
f 1987 2094 1850
f 1884 2023 1964
f 1963 2022 1982
f 2025 2026 1982
f 2026 2027 1982
f 2027 2004 1982
f 2027 2028 2004
f 2028 2005 2004
f 2019 2029 2016
f 2030 2031 2027
f 2031 2028 2027
f 2026 2030 2027
f 2029 2026 2016
f 2026 2025 2016
f 2032 2012 2017
f 2031 2032 2028
f 2033 1938 1760
f 1876 2033 1760
f 2029 2030 2026
f 2032 2017 2028
f 2017 2005 2028
f 2022 2025 1982
f 2005 1987 2004
f 1994 2024 1935
f 1999 1933 1990
f 2025 2022 1971
f 1950 2034 1884
f 1959 1937 1807
f 1981 1992 1952
f 2035 1942 1941
f 1946 2036 1943
f 2059 2037 1904
f 1936 2038 1949
f 1949 2035 1941
f 2036 1950 1943
f 2015 2052 2006
f 2038 2035 1949
f 2036 2034 1950
f 2040 2036 1946
f 2022 2041 1971
f 2041 1936 1971
f 1981 2042 1992
f 2100 1542 1540
f 1938 2100 1540
f 2018 1987 2005
f 2021 2043 2008
f 2055 2044 1931
f 2039 2045 1993
f 2037 1919 1904
f 2100 2047 1542
f 2044 1876 1931
f 1964 1987 2018
f 2002 2041 1963
f 2041 2022 1963
f 1964 2023 1987
f 2023 2094 1987
f 2047 1560 1542
f 1985 2049 1940
f 1552 2046 1960
f 2042 2039 1992
f 2034 2023 1884
f 1816 2040 1946
f 2050 1986 1897
f 2094 2050 1897
f 2042 2051 2039
f 2043 2015 2008
f 2053 1977 2006
f 1888 2040 1816
f 1976 2054 2007
f 1951 1909 1915
f 2056 1973 1977
f 2057 2058 1520
f 1835 2057 1520
f 2058 2059 1520
f 2050 1988 1986
f 2043 2052 2015
f 2060 2045 2039
f 2037 1965 1919
f 2061 2024 1994
f 2050 2062 1988
f 2062 2086 1988
f 2086 2009 1988
f 1944 2046 1552
f 2047 1945 1560
f 2063 2036 2040
f 2052 2053 2006
f 2033 2100 1938
f 2065 2042 1981
f 2013 2061 1994
f 1887 1942 2035
f 1874 2090 1576
f 2067 1586 1958
f 2068 2020 1995
f 2090 2066 1576
f 2053 2079 1977
f 2069 1974 1965
f 1898 2074 1873
f 1888 2063 2040
f 1873 2070 1874
f 1586 1875 1585
f 1975 2071 1981
f 1586 2072 1875
f 2024 2073 2002
f 2074 2070 1873
f 2071 1975 2066
f 1875 2072 1902
f 2094 2075 2050
f 2084 2060 2039
f 2051 2084 2039
f 2071 2065 1981
f 2065 2097 2042
f 1916 2074 1898
f 2061 2073 2024
f 2075 2062 2050
f 1933 2049 1985
f 2048 2068 1995
f 2076 2038 1936
f 2077 2023 2034
f 2078 2054 1976
f 2073 2041 2002
f 2079 2056 1977
f 1909 2080 1835
f 2080 2057 1835
f 2038 2081 2035
f 2077 2034 2036
f 2063 2077 2036
f 2043 2082 2052
f 1933 2083 2049
f 2076 2081 2038
f 2042 2084 2051
f 2085 2053 2052
f 2081 1887 2035
f 2041 2076 1936
f 2108 2067 1958
f 2087 2088 2090
f 1874 2087 2090
f 2089 1586 2067
f 2056 1958 1973
f 2091 2074 1916
f 2116 2070 2074
f 2083 2014 2049
f 2014 2083 2048
f 2083 2068 2048
f 2105 2061 2013
f 2092 2087 1874
f 1959 2064 1937
f 2070 2092 1874
f 1927 2091 1916
f 2041 2095 2076
f 1586 2093 2072
f 2056 2108 1958
f 2068 2096 2020
f 2054 2098 2007
f 2140 2055 2007
f 2098 2140 2007
f 2099 2064 1959
f 1960 2099 1959
f 2044 2155 1876
f 2085 2079 2053
f 2074 2091 2116
f 2102 2093 1586
f 2071 2147 2065
f 2116 2092 2070
f 1930 1902 2072
f 2103 2073 2061
f 2075 2104 2062
f 2093 2109 2072
f 2095 2081 2076
f 2107 2099 1960
f 2046 2107 1960
f 2101 2047 2100
f 2108 2056 2079
f 2109 1930 2072
f 2110 1887 2081
f 2090 2071 2066
f 2095 2041 2073
f 1951 2080 1909
f 2105 2103 2061
f 2104 2086 2062
f 2111 2000 2020
f 2077 2112 2023
f 2112 2094 2023
f 2082 2085 2052
f 2147 2097 2065
f 2126 2108 2079
f 2094 2112 2075
f 2106 2083 1933
f 2113 2096 2068
f 2140 2115 2055
f 2090 2147 2071
f 2042 2122 2084
f 2089 2102 1586
f 2103 2095 2073
f 2112 2104 2075
f 2097 2122 2042
f 2117 2033 1876
f 2155 2117 1876
f 2095 2103 2081
f 2112 2077 2063
f 2104 2112 2063
f 2106 2118 2083
f 2115 2044 2055
f 1888 2114 2063
f 2064 2078 1844
f 2108 2089 2067
f 2096 2111 2020
f 2117 2100 2033
f 2137 2116 2091
f 2078 2119 2054
f 2103 2110 2081
f 2114 2104 2063
f 2114 2086 2104
f 2057 2127 2058
f 2127 2120 2058
f 2120 2121 2058
f 2121 2059 2058
f 2123 1928 1930
f 1927 2137 2091
f 2085 2124 2079
f 2124 2126 2079
f 2045 2105 2013
f 2083 2125 2068
f 2125 2113 2068
f 2128 2089 2108
f 2088 2147 2090
f 2105 2110 2103
f 2109 2129 1930
f 2118 2125 2083
f 2121 2037 2059
f 2129 2123 1930
f 1999 2106 1933
f 2131 1951 2001
f 2121 2132 2037
f 2130 2122 2097
f 2043 2133 2082
f 2134 2092 2116
f 2134 2116 2137
f 2085 2136 2124
f 2088 2157 2147
f 2080 2127 2057
f 2082 2136 2085
f 2138 1927 1922
f 2115 2155 2044
f 2135 2129 2109
f 2054 2139 2098
f 2159 2128 2108
f 1999 2141 2106
f 2102 2142 2093
f 2110 1999 1887
f 2087 2143 2088
f 2143 2199 2088
f 2144 2102 2089
f 2145 2144 2089
f 2146 2108 2126
f 2124 2146 2126
f 2148 2069 1965
f 2093 2135 2109
f 1896 2149 2011
f 2150 2084 2122
f 2082 2151 2136
f 2011 2149 2001
f 2147 2130 2097
f 2159 2108 2146
f 2152 2092 2134
f 2153 2139 2054
f 2154 2111 2096
f 2113 2154 2096
f 2152 2087 2092
f 2170 2122 2130
f 2137 2156 2134
f 2000 2114 1888
f 2135 2158 2129
f 2021 2133 2043
f 2160 2159 2146
f 2160 2130 2147
f 2161 2160 2147
f 2093 2142 2135
f 2152 2143 2087
f 2144 2142 2102
f 2150 2060 2084
f 2133 2151 2082
f 2157 2161 2147
f 2132 1965 2037
f 2136 2146 2124
f 2086 2021 2009
f 2199 2157 2088
f 2128 2145 2089
f 1999 2105 2045
f 2086 2000 2021
f 2163 2118 2106
f 2141 2163 2106
f 2156 2152 2134
f 2238 2158 2135
f 2142 2238 2135
f 2136 2164 2146
f 2156 2165 2152
f 2160 2166 2130
f 2166 2160 2146
f 2166 2170 2130
f 2164 2166 2146
f 2114 2000 2086
f 2168 2149 1896
f 2119 2153 2054
f 2170 2150 2122
f 2150 2045 2060
f 2010 2169 1895
f 2171 2166 2164
f 1899 2172 1896
f 2172 2168 1896
f 2163 2019 2118
f 2012 2154 2113
f 2105 1999 2110
f 2161 2159 2160
f 2171 2164 2136
f 2151 2171 2136
f 2019 1997 2118
f 1996 2125 2118
f 1997 1996 2118
f 1996 1998 2113
f 2125 1996 2113
f 1998 2012 2113
f 2169 1900 1895
f 2173 2170 2166
f 2031 2173 2166
f 2171 2031 2166
f 2177 2174 2099
f 2174 2064 2099
f 2161 2162 2128
f 2159 2161 2128
f 2139 2175 2098
f 2175 2176 2098
f 2176 2140 2098
f 2178 2101 2100
f 2167 2161 2157
f 2132 2148 1965
f 2186 2132 2121
f 2169 2179 1900
f 2180 2145 2128
f 2150 2181 2045
f 2000 2111 2021
f 2176 2115 2140
f 2107 2177 2099
f 2064 2119 2078
f 2133 2182 2151
f 2080 2183 2127
f 2184 2185 2120
f 2127 2184 2120
f 2186 2121 2120
f 2185 2186 2120
f 2187 2155 2115
f 1910 2172 1899
f 2173 2150 2170
f 2199 2188 2157
f 2021 2182 2133
f 2182 2171 2151
f 2179 1922 1900
f 2141 1999 2045
f 2188 2167 2157
f 2162 2180 2128
f 2189 2176 2175
f 2181 2141 2045
f 2111 2182 2021
f 2186 2148 2132
f 2178 2047 2101
f 2139 2190 2175
f 2117 2178 2100
f 2165 2191 2152
f 2192 2238 2142
f 2178 2193 2047
f 2173 2181 2150
f 2069 2194 1974
f 2149 2131 2001
f 2195 2180 2162
f 2176 2187 2115
f 2191 2143 2152
f 2144 2192 2142
f 2196 2131 2149
f 2197 2190 2139
f 2194 2010 1974
f 2168 2196 2149
f 2190 2198 2175
f 2198 2185 2175
f 2185 2184 2175
f 2184 2189 2175
f 2191 2199 2143
f 2145 2192 2144
f 2200 2117 2155
f 1944 2107 2046
f 2193 1945 2047
f 2189 2208 2176
f 2188 2201 2167
f 2194 2169 2010
f 2111 2154 2182
f 2064 2227 2119
f 2202 2161 2167
f 2201 2202 2167
f 2153 2197 2139
f 2197 2198 2190
f 2163 2141 2181
f 1951 2204 2080
f 2204 2183 2080
f 2205 2186 2185
f 2208 2187 2176
f 2183 2206 2127
f 2206 2184 2127
f 2154 2032 2182
f 2032 2171 2182
f 2205 2185 2198
f 2119 2207 2153
f 2184 2209 2189
f 2202 2162 2161
f 2210 2163 2181
f 2203 2148 2186
f 2173 2210 2181
f 2189 2211 2208
f 2209 2211 2189
f 2212 2205 2198
f 2031 2210 2173
f 2032 2031 2171
f 2197 2213 2198
f 2213 2212 2198
f 2174 2227 2064
f 2214 2178 2117
f 2205 2203 2186
f 2208 2215 2187
f 2187 2215 2155
f 2206 2209 2184
f 2216 2217 2177
f 2131 2204 1951
f 2209 2206 2211
f 2215 2200 2155
f 2207 2197 2153
f 2203 2218 2148
f 2232 2219 2178
f 2227 2207 2119
f 2205 2212 2203
f 1910 2231 2172
f 2214 2232 2178
f 2220 2216 2177
f 2204 2206 2183
f 2221 2213 2197
f 2217 2174 2177
f 2221 2212 2213
f 2107 2220 2177
f 2012 2032 2154
f 2207 2221 2197
f 2031 2030 2210
f 2030 2029 2210
f 2163 2029 2019
f 2212 2218 2203
f 2158 2123 2129
f 2218 2212 2221
f 2222 2169 2194
f 2069 2222 2194
f 2029 2163 2210
f 2223 2208 2211
f 2206 2223 2211
f 2223 2215 2208
f 2219 2193 2178
f 1928 2231 1910
f 2227 2225 2207
f 2226 2196 2168
f 2206 2204 2223
f 2172 2226 2168
f 2200 2214 2117
f 2222 2228 2169
f 1944 2220 2107
f 2229 2200 2215
f 2230 2069 2148
f 2218 2230 2148
f 2228 2179 2169
f 2231 2226 2172
f 2224 2188 2199
f 2217 2227 2174
f 2225 2221 2207
f 2223 2229 2215
f 2225 2233 2221
f 2233 2218 2221
f 2234 2229 2223
f 2204 2234 2223
f 2235 2236 2165
f 2237 2241 2131
f 2236 2191 2165
f 2226 2237 2196
f 2228 1922 2179
f 2196 2237 2131
f 2131 2241 2204
f 2230 2222 2069
f 2224 2201 2188
f 2236 2199 2191
f 2145 2238 2192
f 2200 2232 2214
f 2241 2234 2204
f 2233 2230 2218
f 2202 2195 2162
f 2239 2138 1922
f 1928 2240 2231
f 2242 2227 2217
f 2200 2251 2232
f 2216 2242 2217
f 2251 2243 2232
f 2242 2225 2227
f 2156 2235 2165
f 2226 2241 2237
f 2228 2246 1922
f 2230 2256 2222
f 2220 2242 2216
f 2243 2219 2232
f 2247 2241 2226
f 2244 2251 2200
f 2279 2238 2145
f 2248 2242 2220
f 2256 2228 2222
f 2229 2244 2200
f 2256 2249 2228
f 2250 1945 2193
f 2219 2250 2193
f 2252 2230 2233
f 2281 2199 2236
f 2242 2253 2225
f 2252 2256 2230
f 1927 2156 2137
f 2246 2239 1922
f 2240 2245 2231
f 2281 2224 2199
f 2231 2247 2226
f 2234 2244 2229
f 1927 2280 2156
f 2253 2233 2225
f 2243 2250 2219
f 2253 2252 2233
f 2234 2254 2244
f 2254 2251 2244
f 2180 2279 2145
f 2255 2123 2158
f 2256 2252 2253
f 2251 2250 2243
f 2247 2234 2241
f 2257 2256 2253
f 2280 2235 2156
f 2238 2255 2158
f 2256 2257 2249
f 2249 2246 2228
f 2245 2247 2231
f 2248 2253 2242
f 2247 2254 2234
f 2258 2279 2180
f 2254 2250 2251
f 2254 2259 2250
f 2248 2257 2253
f 2277 1878 1869
f 2259 2254 2247
f 2257 2246 2249
f 2266 2260 1913
f 2195 2258 2180
f 2246 2257 2248
f 2245 2259 2247
f 2235 2261 2236
f 2262 2239 2246
f 1944 2248 2220
f 2263 1945 2250
f 2259 2245 2250
f 2260 1923 1913
f 1924 2264 1918
f 2240 2263 2245
f 2265 1871 1912
f 1944 2262 2248
f 2262 2246 2248
f 2245 2263 2250
f 1861 2268 1869
f 2277 2266 1878
f 2265 1912 2264
f 2279 2270 2238
f 2261 2281 2236
f 2266 2269 2260
f 2271 2264 1924
f 2269 1923 2260
f 2291 2277 1869
f 2268 2272 1869
f 2284 2264 2271
f 2284 2265 2264
f 2274 2255 2238
f 1923 2273 1929
f 1945 2271 1924
f 2280 2275 2235
f 2276 2268 1861
f 2270 2274 2238
f 2266 2277 2269
f 2138 2280 1927
f 2255 1928 2123
f 1871 2282 2267
f 2283 1928 2255
f 2269 2273 1923
f 2285 1871 2265
f 2278 2292 2267
f 2295 2273 2269
f 2281 2286 2224
f 1945 2284 2271
f 2277 2295 2269
f 2287 2265 2284
f 2287 2285 2265
f 2286 2201 2224
f 2294 2284 1945
f 2274 2283 2255
f 2295 2288 2273
f 2276 2272 2268
f 2282 2278 2267
f 2288 1944 2273
f 1945 2289 2294
f 2290 2270 2279
f 2277 2291 2295
f 1860 2276 1861
f 2293 2287 2284
f 2294 2293 2284
f 2272 2291 1869
f 2285 2282 1871
f 2286 2202 2201
f 2296 1944 2288
f 2297 2262 1944
f 2293 2285 2287
f 2263 2289 1945
f 2295 2296 2288
f 2289 2298 2294
f 2298 2293 2294
f 2291 2299 2295
f 2299 2300 2295
f 2300 2296 2295
f 2296 2297 1944
f 2258 2290 2279
f 2301 2293 2298
f 2302 2298 2289
f 2263 2302 2289
f 2339 2276 1860
f 2303 2304 2296
f 2300 2305 2296
f 2305 2303 2296
f 2304 2306 2296
f 2306 2297 2296
f 2307 2308 2298
f 2308 2309 2298
f 2309 2301 2298
f 2302 2310 2298
f 2310 2307 2298
f 2301 2311 2293
f 2312 2235 2275
f 2270 2313 2274
f 2311 2285 2293
f 2315 2339 1860
f 2316 2272 2276
f 2282 2292 2278
f 2281 2317 2286
f 2312 2261 2235
f 2314 2327 2292
f 2272 2299 2291
f 2311 2318 2285
f 2312 2319 2261
f 2319 2281 2261
f 2290 2313 2270
f 2320 2280 2138
f 2283 2322 1928
f 2309 2321 2301
f 2282 2328 2292
f 2299 2323 2300
f 2321 2311 2301
f 2323 2305 2300
f 1860 2333 2315
f 2320 2275 2280
f 2324 2322 2283
f 2274 2324 2283
f 2339 2316 2276
f 2272 2323 2299
f 2321 2330 2311
f 2330 2318 2311
f 2318 2282 2285
f 2325 2258 2195
f 2272 2326 2323
f 2202 2325 2195
f 2323 2329 2305
f 1859 2333 1860
f 2328 2314 2292
f 2326 2329 2323
f 2314 2331 2327
f 2329 2303 2305
f 2319 2317 2281
f 1356 1862 1859
f 2338 1862 2327
f 2326 2332 2329
f 2309 2330 2321
f 2334 2303 2329
f 2335 2338 2327
f 2331 2335 2327
f 2336 2337 2333
f 2328 2331 2314
f 1862 2338 1859
f 2239 2320 2138
f 2322 2240 1928
f 2339 2315 2333
f 2337 2339 2333
f 2332 2334 2329
f 2308 2340 2309
f 2340 2330 2309
f 2258 2353 2290
f 2338 2333 1859
f 2338 2336 2333
f 2341 2312 2275
f 2313 2324 2274
f 2334 2304 2303
f 2332 2342 2334
f 2341 2275 2320
f 2307 2340 2308
f 2239 2380 2320
f 2343 2286 2317
f 2363 2344 2272
f 2316 2363 2272
f 2345 2340 2307
f 2347 2346 2338
f 2349 2304 2334
f 2342 2349 2334
f 2348 2345 2307
f 2350 2306 2304
f 2335 2347 2338
f 2338 2346 2336
f 2346 2352 2336
f 2341 2319 2312
f 2310 2348 2307
f 2349 2350 2304
f 2325 2353 2258
f 2380 2341 2320
f 2324 2351 2322
f 2398 2345 2348
f 2318 2375 2282
f 2343 2202 2286
f 2202 2353 2325
f 2310 2354 2348
f 2354 2398 2348
f 2302 2356 2310
f 2375 2328 2282
f 2352 2347 2336
f 2357 2339 2337
f 2347 2352 2346
f 2347 2359 2336
f 2328 2358 2331
f 2360 2272 2344
f 2357 2316 2339
f 2356 2354 2310
f 2350 2361 2306
f 2349 2362 2350
f 2359 2347 2352
f 2357 2363 2316
f 2330 2355 2318
f 2355 2375 2318
f 2360 2326 2272
f 2335 2359 2347
f 2364 2398 2354
f 2365 2353 2202
f 2343 2365 2202
f 2366 2297 2306
f 2302 2399 2356
f 2361 2366 2306
f 2362 2367 2350
f 2368 2366 2361
f 2375 2369 2328
f 2370 2337 2336
f 2359 2370 2336
f 2369 2358 2328
f 2356 2364 2354
f 2367 2361 2350
f 2371 2351 2324
f 2363 2360 2344
f 2370 2359 2335
f 2331 2370 2335
f 2372 2371 2324
f 2373 2342 2332
f 2373 2332 2326
f 2313 2372 2324
f 2353 2374 2290
f 2376 2377 2341
f 2380 2376 2341
f 2367 2368 2361
f 2378 2364 2356
f 2399 2378 2356
f 2370 2379 2359
f 2351 2240 2322
f 2383 2326 2360
f 2355 2381 2375
f 2319 2343 2317
f 2377 2319 2341
f 2290 2372 2313
f 2330 2382 2355
f 2363 2383 2360
f 2370 2357 2337
f 2384 2370 2331
f 2375 2358 2369
f 2379 2384 2331
f 2385 2379 2331
f 2358 2385 2331
f 2370 2379 2357
f 2379 2385 2357
f 2382 2381 2355
f 2357 2383 2363
f 2393 2342 2373
f 2385 2383 2357
f 2386 2385 2358
f 2375 2386 2358
f 2384 2379 2370
f 2381 2386 2375
f 2383 2387 2326
f 2387 2373 2326
f 2340 2382 2330
f 2385 2387 2383
f 2340 2388 2382
f 2389 2390 2385
f 2390 2391 2385
f 2391 2387 2385
f 2386 2392 2385
f 2392 2389 2385
f 2387 2393 2373
f 2394 2380 2239
f 2262 2394 2239
f 2351 2263 2240
f 2395 2319 2377
f 2290 2378 2372
f 2396 2371 2372
f 2388 2386 2382
f 2397 2263 2351
f 2345 2388 2340
f 2391 2393 2387
f 2386 2381 2382
f 2397 2302 2263
f 2378 2396 2372
f 2394 2262 2297
f 2394 2366 2380
f 2366 2376 2380
f 2399 2397 2351
f 2371 2399 2351
f 2393 2349 2342
f 2366 2394 2297
f 2397 2399 2302
f 2395 2368 2367
f 2396 2399 2371
f 2366 2368 2376
f 2364 2401 2398
f 2374 2378 2290
f 2368 2377 2376
f 2398 2388 2345
f 2400 2362 2349
f 2319 2402 2343
f 2403 2395 2367
f 2378 2401 2364
f 2398 2404 2388
f 2393 2400 2349
f 2395 2414 2319
f 2368 2395 2377
f 2400 2405 2362
f 2406 2374 2353
f 2362 2403 2367
f 2388 2392 2386
f 2378 2399 2396
f 2401 2404 2398
f 2404 2392 2388
f 2391 2400 2393
f 2378 2407 2401
f 2365 2406 2353
f 2401 2408 2404
f 2402 2365 2343
f 2405 2403 2362
f 2391 2390 2400
f 2408 2392 2404
f 2390 2405 2400
f 2414 2402 2319
f 2409 2406 2365
f 2402 2409 2365
f 2407 2408 2401
f 2410 2403 2405
f 2407 2411 2408
f 2390 2410 2405
f 2412 2378 2374
f 2411 2392 2408
f 2413 2410 2390
f 2389 2413 2390
f 2411 2389 2392
f 2414 2415 2402
f 2416 2412 2374
f 2406 2416 2374
f 2403 2414 2395
f 2409 2416 2406
f 2415 2409 2402
f 2412 2407 2378
f 2403 2415 2414
f 2410 2415 2403
f 2389 2416 2409
f 2415 2389 2409
f 2416 2411 2412
f 2411 2407 2412
f 2410 2413 2415
f 2389 2411 2416
f 2413 2389 2415
