<COLLADA xmlns="http://www.collada.org/2005/11/COLLADASchema" xmlns:xsi="http://www.w3.org/2001/XMLSchema-instance" version="1.4.1">
  <asset><contributor>
      <author>Blender User</author>
      <authoring_tool>Blender 3.4.1 commit date:2022-12-19, commit time:17:00, hash:55485cb379f7</authoring_tool>
    </contributor>
    <created>2023-01-27T13:05:23</created><modified>2023-01-27T13:05:23</modified><unit name="meter" meter="1.0"/><up_axis>Z_UP</up_axis></asset><library_cameras>
    <camera id="Camera-camera" name="Camera-camera"><optics><technique_common><perspective><xfov>39.59775</xfov><aspect_ratio>1.777778</aspect_ratio><znear>0.1</znear><zfar>100.0</zfar></perspective></technique_common></optics></camera></library_cameras>
  <library_lights>
    <light id="Light-light" name="Light-light">
      <technique_common>
        <point>
          <color sid="color">1000.0 1000.0 1000.0</color>
          <constant_attenuation>1.0</constant_attenuation>
          <linear_attenuation>0.0</linear_attenuation>
          <quadratic_attenuation>0.00111109</quadratic_attenuation>
        </point>
      </technique_common>
      <extra>
        <technique profile="blender">
          <type sid="type" type="int">0</type>
          <flag sid="flag" type="int">0</flag>
          <mode sid="mode" type="int">1</mode>
          <gamma sid="blender_gamma" type="float">1</gamma>
          <red sid="red" type="float">1</red>
          <green sid="green" type="float">1</green>
          <blue sid="blue" type="float">1</blue>
          <shadow_r sid="blender_shadow_r" type="float">0</shadow_r>
          <shadow_g sid="blender_shadow_g" type="float">0</shadow_g>
          <shadow_b sid="blender_shadow_b" type="float">0</shadow_b>
          <energy sid="blender_energy" type="float">1000</energy>
          <dist sid="blender_dist" type="float">29.99998</dist>
          <spotsize sid="spotsize" type="float">75</spotsize>
          <spotblend sid="spotblend" type="float">0.15</spotblend>
          <att1 sid="att1" type="float">0</att1>
          <att2 sid="att2" type="float">1</att2>
          <falloff_type sid="falloff_type" type="int">2</falloff_type>
          <clipsta sid="clipsta" type="float">0.04999995</clipsta>
          <clipend sid="clipend" type="float">30.002</clipend>
          <bias sid="bias" type="float">1</bias>
          <soft sid="soft" type="float">3</soft>
          <bufsize sid="bufsize" type="int">2880</bufsize>
          <samp sid="samp" type="int">3</samp>
          <buffers sid="buffers" type="int">1</buffers>
          <area_shape sid="area_shape" type="int">1</area_shape>
          <area_size sid="area_size" type="float">0.1</area_size>
          <area_sizey sid="area_sizey" type="float">0.1</area_sizey>
          <area_sizez sid="area_sizez" type="float">1</area_sizez>
        </technique>
      </extra>
    </light>
  </library_lights>
  <library_effects>
    <effect id="Material_003-effect" name="Material_003-effect">
      <profile_COMMON>
        <technique sid="common">
          <lambert>
            <emission><color>0.0 0.0 0.0 1.0</color></emission><diffuse><color>0.54 0.88 0.2 1.0</color></diffuse><transparency><float>1.0</float></transparency><index_of_refraction><float>1.45</float></index_of_refraction></lambert>
        </technique>
      <extra><technique profile="GOOGLEEARTH"><double_sided>0</double_sided></technique></extra></profile_COMMON>
    </effect>
    <effect id="Material_002-effect" name="Material_002-effect">
      <profile_COMMON>
        <technique sid="common">
          <lambert>
            <emission><color>0.0 0.0 0.0 1.0</color></emission><diffuse><color>0.72 0.74 0.71 1.0</color></diffuse><transparency><float>1.0</float></transparency><index_of_refraction><float>1.45</float></index_of_refraction></lambert>
        </technique>
      <extra><technique profile="GOOGLEEARTH"><double_sided>0</double_sided></technique></extra></profile_COMMON>
    </effect>
    <effect id="Gray_002-effect" name="Gray_002-effect">
      <profile_COMMON>
        <technique sid="common">
          <lambert>
            <emission><color>0.0 0.0 0.0 1.0</color></emission><diffuse><color>0.18 0.2 0.21 1.0</color></diffuse><transparency><float>1.0</float></transparency><index_of_refraction><float>1.45</float></index_of_refraction></lambert>
        </technique>
      <extra><technique profile="GOOGLEEARTH"><double_sided>0</double_sided></technique></extra></profile_COMMON>
    </effect>
    <effect id="Black_004-effect" name="Black_004-effect">
      <profile_COMMON>
        <technique sid="common">
          <lambert>
            <emission><color>0.0 0.0 0.0 1.0</color></emission><diffuse><color>0.18 0.18 0.18 1.0</color></diffuse><transparency><float>1.0</float></transparency><index_of_refraction><float>1.0</float></index_of_refraction></lambert>
        </technique>
      <extra><technique profile="GOOGLEEARTH"><double_sided>0</double_sided></technique></extra></profile_COMMON>
    </effect>
    <effect id="White_001-effect" name="White_001-effect">
      <profile_COMMON>
        <technique sid="common">
          <lambert>
            <emission><color>0.0 0.0 0.0 1.0</color></emission><diffuse><color>0.8 0.8 0.8 1.0</color></diffuse><transparency><float>1.0</float></transparency><index_of_refraction><float>1.0</float></index_of_refraction></lambert>
        </technique>
      <extra><technique profile="GOOGLEEARTH"><double_sided>0</double_sided></technique></extra></profile_COMMON>
    </effect>
    <effect id="Black-effect" name="Black-effect">
      <profile_COMMON>
        <technique sid="common">
          <lambert>
            <emission><color>0.0 0.0 0.0 1.0</color></emission><diffuse><color>0.18 0.18 0.18 1.0</color></diffuse><transparency><float>1.0</float></transparency><index_of_refraction><float>1.45</float></index_of_refraction></lambert>
        </technique>
      <extra><technique profile="GOOGLEEARTH"><double_sided>0</double_sided></technique></extra></profile_COMMON>
    </effect>
  </library_effects>
  <library_materials>
    <material id="Material_003-material" name="Material.003">
      <instance_effect url="#Material_003-effect"/>
    </material>
    <material id="Material_002-material" name="Material.002">
      <instance_effect url="#Material_002-effect"/>
    </material>
    <material id="Gray_002-material" name="Gray.002">
      <instance_effect url="#Gray_002-effect"/>
    </material>
    <material id="Black_004-material" name="Black.004">
      <instance_effect url="#Black_004-effect"/>
    </material>
    <material id="White_001-material" name="White.001">
      <instance_effect url="#White_001-effect"/>
    </material>
    <material id="Black-material" name="Black">
      <instance_effect url="#Black-effect"/>
    </material>
  </library_materials>
  <library_geometries>
    <geometry id="Circle_014-mesh" name="Circle.014">
      <mesh>
        <source id="Circle_014-mesh-slim-nrm"><float_array count="108" id="Circle_014-mesh-slim-nrm-array">-0.0649 0.9713 -0.2288 -0.1137 0.9646 -0.2379 -0.2621 0.8236 -0.503 -0.2647 0.4727 -0.8405 -0.2436 0.2677 -0.9322 -0.2878 0.1815 -0.9404 -0.4355 0.1447 -0.8885 -0.7665 0.086 -0.6364 -0.9512 -0.0775 -0.2988 -0.9511 -0.2637 -0.161 -0.9435 -0.2736 -0.1868 -0.8021 -0.4463 -0.3968 -0.5283 -0.4505 -0.7196 -0.2848 -0.3817 -0.8793 -0.1575 -0.416 -0.8956 -0.0735 -0.6006 -0.7962 0.0712 -0.865 -0.4968 0.2619 -0.9313 -0.253 0.3255 -0.9178 -0.2272 0.4463 -0.8021 -0.3968 0.4505 -0.5283 -0.7196 0.3817 -0.2848 -0.8793 0.416 -0.1575 -0.8956 0.6006 -0.0735 -0.7962 0.865 0.0712 -0.4968 0.9313 0.2619 -0.253 0.9171 0.2655 -0.2975 0.7022 0.3941 -0.5929 0.4493 0.4026 -0.7975 0.2982 0.4812 -0.8243 0.2305 0.6995 -0.6764 0.1074 0.9093 -0.4019 -0.7574 0.5767 0.3064 -0.41 -0.8195 0.4003 0.8206 -0.4097 0.3985 0.5231 0.6822 0.5109</float_array><technique_common><accessor count="36" source="#Circle_014-mesh-slim-nrm-array" stride="3"><param type="float" name="X"/><param type="float" name="Y"/><param type="float" name="Z"/></accessor></technique_common></source><source id="Circle_014-mesh-slim-pos"><float_array count="108" id="Circle_014-mesh-slim-pos-array">0 1 0 -0.19509 0.980785 0 -0.382683 0.92388 0 -0.55557 0.83147 0 -0.707107 0.707107 0 -0.83147 0.55557 0 -0.92388 0.382683 0 -0.980785 0.19509 0 -1 0 0 -0.980785 -0.19509 0 -0.92388 -0.382683 0 -0.83147 -0.55557 0 -0.707107 -0.707107 0 -0.55557 -0.83147 0 -0.382683 -0.92388 0 -0.19509 -0.980785 0 0 -1 0 0.19509 -0.980785 0 0.382683 -0.92388 0 0.55557 -0.831469 0 0.707107 -0.707107 0 0.831469 -0.55557 0 0.92388 -0.382684 0 0.980785 -0.19509 0 1 0 0 0.980785 0.19509 0 0.92388 0.382684 0 0.83147 0.55557 0 0.707107 0.707107 0 0.55557 0.83147 0 0.382683 0.92388 0 0.19509 0.980785 0 -0.909844 0.69873 0.109907 -0.485856 -0.983047 0.109907 0.983047 -0.485855 0.109907 0.643383 0.835221 0.109907</float_array><technique_common><accessor count="36" source="#Circle_014-mesh-slim-pos-array" stride="3"><param type="float" name="X"/><param type="float" name="Y"/><param type="float" name="Z"/></accessor></technique_common></source><vertices id="Circle_014-mesh-slim-pos-vertices">
          <input semantic="POSITION" source="#Circle_014-mesh-slim-pos"/>
        </vertices>
        <triangles count="192" material="Material_003-material"><input offset="0" semantic="VERTEX" source="#Circle_014-mesh-slim-pos-vertices"/><input offset="1" semantic="NORMAL" source="#Circle_014-mesh-slim-nrm"/><p>26 26 18 18 10 10 0 0 8 8 16 16 18 18 17 17 17 17 5 5 4 4 4 4 0 0 31 31 31 31 19 19 18 18 18 18 6 6 5 5 5 5 20 20 19 19 19 19 7 7 6 6 6 6 21 21 20 20 20 20 8 8 7 7 7 7 22 22 21 21 21 21 9 9 8 8 8 8 23 23 22 22 22 22 10 10 9 9 9 9 24 24 23 23 23 23 11 11 10 10 10 10 25 25 24 24 24 24 12 12 11 11 11 11 26 26 25 25 25 25 13 13 12 12 12 12 27 27 26 26 26 26 14 14 13 13 13 13 1 1 0 0 0 0 28 28 27 27 27 27 15 15 14 14 14 14 2 2 1 1 1 1 29 29 28 28 28 28 16 16 15 15 15 15 3 3 2 2 2 2 30 30 29 29 29 29 17 17 16 16 16 16 4 4 3 3 3 3 31 31 30 30 30 30 26 26 18 18 10 10 29 29 35 35 28 28 16 16 33 33 15 15 3 3 32 32 2 2 30 30 35 35 29 29 17 17 33 33 16 16 4 4 32 32 3 3 31 31 35 35 30 30 18 18 33 33 17 17 5 5 32 32 4 4 0 0 35 35 31 31 19 19 34 34 18 18 6 6 32 32 5 5 20 20 34 34 19 19 7 7 32 32 6 6 21 21 34 34 20 20 8 8 32 32 7 7 22 22 34 34 21 21 9 9 32 32 8 8 23 23 34 34 22 22 10 10 32 32 9 9 24 24 34 34 23 23 11 11 33 33 10 10 25 25 34 34 24 24 12 12 33 33 11 11 26 26 34 34 25 25 13 13 33 33 12 12 27 27 35 35 26 26 14 14 33 33 13 13 1 1 32 32 0 0 28 28 35 35 27 27 15 15 33 33 14 14 2 2 32 32 1 1 2 2 1 1 30 30 1 1 0 0 30 30 0 0 31 31 30 30 30 30 29 29 28 28 28 28 27 27 30 30 27 27 26 26 30 30 26 26 25 25 24 24 24 24 23 23 22 22 22 22 21 21 20 20 20 20 19 19 18 18 18 18 17 17 16 16 16 16 15 15 14 14 14 14 13 13 12 12 12 12 11 11 10 10 10 10 9 9 8 8 8 8 7 7 6 6 6 6 5 5 4 4 4 4 3 3 2 2 26 26 24 24 18 18 24 24 22 22 18 18 22 22 20 20 18 18 18 18 16 16 14 14 14 14 12 12 18 18 12 12 10 10 18 18 10 10 8 8 2 2 8 8 6 6 2 2 6 6 4 4 2 2 2 2 30 30 26 26 2 2 26 26 10 10 0 0 1 1 4 4 1 1 2 2 4 4 2 2 3 3 4 4 4 4 5 5 6 6 6 6 7 7 4 4 7 7 8 8 4 4 8 8 9 9 12 12 9 9 10 10 12 12 10 10 11 11 12 12 12 12 13 13 14 14 14 14 15 15 16 16 16 16 17 17 18 18 18 18 19 19 20 20 20 20 21 21 22 22 22 22 23 23 20 20 23 23 24 24 20 20 24 24 25 25 26 26 26 26 27 27 24 24 27 27 28 28 24 24 28 28 29 29 30 30 30 30 31 31 28 28 31 31 0 0 28 28 12 12 14 14 8 8 14 14 16 16 8 8 16 16 18 18 24 24 18 18 20 20 24 24 0 0 4 4 8 8 24 24 28 28 16 16 28 28 0 0 16 16 18 18 18 18 17 17 5 5 5 5 4 4 0 0 0 0 31 31 19 19 19 19 18 18 6 6 6 6 5 5 20 20 20 20 19 19 7 7 7 7 6 6 21 21 21 21 20 20 8 8 8 8 7 7 22 22 22 22 21 21 9 9 9 9 8 8 23 23 23 23 22 22 10 10 10 10 9 9 24 24 24 24 23 23 11 11 11 11 10 10 25 25 25 25 24 24 12 12 12 12 11 11 26 26 26 26 25 25 13 13 13 13 12 12 27 27 27 27 26 26 14 14 14 14 13 13 1 1 1 1 0 0 28 28 28 28 27 27 15 15 15 15 14 14 2 2 2 2 1 1 29 29 29 29 28 28 16 16 16 16 15 15 3 3 3 3 2 2 30 30 30 30 29 29 17 17 17 17 16 16 4 4 4 4 3 3 31 31 31 31 30 30 2 2 1 1 30 30 1 1 0 0 30 30 0 0 31 31 30 30 30 30 29 29 28 28 28 28 27 27 30 30 27 27 26 26 30 30 26 26 25 25 24 24 24 24 23 23 22 22 22 22 21 21 20 20 20 20 19 19 18 18 18 18 17 17 16 16 16 16 15 15 14 14 14 14 13 13 12 12 12 12 11 11 10 10 10 10 9 9 8 8 8 8 7 7 6 6 6 6 5 5 4 4 4 4 3 3 2 2 26 26 24 24 18 18 24 24 22 22 18 18 22 22 20 20 18 18 18 18 16 16 14 14 14 14 12 12 18 18 12 12 10 10 18 18 10 10 8 8 2 2 8 8 6 6 2 2 6 6 4 4 2 2 2 2 30 30 26 26 2 2 26 26 10 10 34 34 35 35 33 33 35 35 32 32 33 33 18 18 34 34 33 33 0 0 32 32 35 35 10 10 33 33 32 32 26 26 35 35 34 34</p></triangles></mesh>
    </geometry>
    <geometry id="Circle_013-mesh" name="Circle.013">
      <mesh>
        <source id="Circle_013-mesh-slim-nrm"><float_array count="99" id="Circle_013-mesh-slim-nrm-array">0.0494 0.995 0.0863 -0.2941 0.9437 0.1511 -0.6297 0.7644 0.1385 -0.8743 0.4652 0.1385 -0.9858 0.0952 0.1385 -0.9472 -0.2893 0.1385 -0.7651 -0.627 0.1467 -0.5025 -0.8628 0.0551 -0.339 -0.9404 0.028 0.044 -0.9989 0.0145 0.4229 -0.906 0.0145 0.7375 -0.6752 0.0145 0.9397 -0.3416 0.0145 0.9989 0.044 0.0145 0.906 0.4229 0.0145 0.6752 0.7375 0.0145 0.3504 0.9364 0.0191 -0.0856 0.7602 0.644 -0.3724 0.6998 0.6097 -0.6118 0.504 0.6097 -0.7581 0.2315 0.6097 -0.789 -0.0762 0.6097 -0.6998 -0.3724 0.6097 -0.4858 -0.597 0.6384 -0.179 -0.7301 0.6595 0.1141 -0.743 0.6595 0.3897 -0.6428 0.6595 0.6061 -0.4448 0.6595 0.7301 -0.179 0.6595 0.743 0.1141 0.6595 0.6428 0.3897 0.6595 0.4448 0.6061 0.6595 0.1881 0.7225 0.6653</float_array><technique_common><accessor count="33" source="#Circle_013-mesh-slim-nrm-array" stride="3"><param type="float" name="X"/><param type="float" name="Y"/><param type="float" name="Z"/></accessor></technique_common></source><source id="Circle_013-mesh-slim-pos"><float_array count="99" id="Circle_013-mesh-slim-pos-array">0 1 0 -0.274641 0.966045 -0 -0.623425 0.787408 -0 -0.877297 0.488896 -0 -0.99761 0.115954 -0 -0.966045 -0.274641 -0 -0.787408 -0.623425 -0 -0.55557 -0.83147 0 -0.30835 -0.95582 -0 0.080898 -1.001062 -0 0.45783 -0.893903 -0 0.765062 -0.650655 -0 0.95582 -0.30835 -0 1.001062 0.080899 -0 0.893903 0.45783 -0 0.650654 0.765062 -0 0.30835 0.955819 -0 -0.115954 0.99761 0.071186 -0.488896 0.877298 0.071186 -0.787408 0.623425 0.071186 -0.966045 0.274641 0.071186 -0.99761 -0.115954 0.071186 -0.877298 -0.488896 0.071186 -0.623425 -0.787408 0.071186 -0.274641 -0.966045 0.071186 0.115954 -0.99761 0.071186 0.488896 -0.877298 0.071186 0.787408 -0.623425 0.071186 0.966045 -0.274641 0.071186 0.99761 0.115954 0.071186 0.877298 0.488896 0.071186 0.623425 0.787408 0.071186 0.274642 0.966045 0.071186</float_array><technique_common><accessor count="33" source="#Circle_013-mesh-slim-pos-array" stride="3"><param type="float" name="X"/><param type="float" name="Y"/><param type="float" name="Z"/></accessor></technique_common></source><vertices id="Circle_013-mesh-slim-pos-vertices">
          <input semantic="POSITION" source="#Circle_013-mesh-slim-pos"/>
        </vertices>
        <triangles count="77" material="Material_002-material"><input offset="0" semantic="VERTEX" source="#Circle_013-mesh-slim-pos-vertices"/><input offset="1" semantic="NORMAL" source="#Circle_013-mesh-slim-nrm"/><p>0 0 4 4 9 9 14 14 10 10 5 5 17 17 21 21 25 25 9 9 24 24 8 8 2 2 18 18 1 1 16 16 31 31 15 15 10 10 25 25 9 9 3 3 19 19 2 2 0 0 32 32 16 16 11 11 26 26 10 10 4 4 20 20 3 3 12 12 27 27 11 11 5 5 21 21 4 4 13 13 28 28 12 12 6 6 22 22 5 5 14 14 29 29 13 13 7 7 23 23 6 6 8 8 23 23 7 7 1 1 17 17 0 0 15 15 30 30 14 14 0 0 1 1 2 2 3 3 4 4 2 2 4 4 5 5 6 6 6 6 7 7 8 8 12 12 13 13 11 11 14 14 15 15 13 13 16 16 0 0 15 15 6 6 8 8 4 4 8 8 9 9 4 4 9 9 10 10 13 13 10 10 11 11 13 13 0 0 2 2 4 4 13 13 15 15 9 9 15 15 0 0 9 9 1 1 0 0 16 16 15 15 14 14 16 16 8 8 7 7 6 6 14 14 13 13 10 10 13 13 12 12 10 10 12 12 11 11 10 10 10 10 9 9 8 8 8 8 6 6 10 10 6 6 5 5 10 10 5 5 4 4 1 1 4 4 3 3 1 1 3 3 2 2 1 1 1 1 16 16 14 14 1 1 14 14 5 5 17 17 18 18 19 19 20 20 21 21 19 19 21 21 22 22 23 23 28 28 29 29 27 27 30 30 31 31 29 29 32 32 17 17 31 31 23 23 24 24 21 21 24 24 25 25 21 21 25 25 26 26 29 29 26 26 27 27 29 29 17 17 19 19 21 21 29 29 31 31 25 25 31 31 17 17 25 25 1 1 18 18 17 17 9 9 25 25 24 24 16 16 32 32 31 31 2 2 19 19 18 18 10 10 26 26 25 25 0 0 17 17 32 32 3 3 20 20 19 19 11 11 27 27 26 26 4 4 21 21 20 20 12 12 28 28 27 27 5 5 22 22 21 21 13 13 29 29 28 28 6 6 23 23 22 22 14 14 30 30 29 29 8 8 24 24 23 23 15 15 31 31 30 30</p></triangles></mesh>
    </geometry>
    <geometry id="Circle_012-mesh" name="Circle.012">
      <mesh>
        <source id="Circle_012-mesh-slim-nrm"><float_array count="99" id="Circle_012-mesh-slim-nrm-array">-0.0692 0.9976 0.0103 -0.4414 0.8973 -0.0029 -0.7512 0.6601 -0.0029 -0.9466 0.3224 -0.0029 -0.9979 -0.0644 -0.0029 -0.8973 -0.4414 -0.0029 -0.6601 -0.7512 -0.0029 -0.3224 -0.9466 -0.0029 0.0644 -0.9979 -0.0029 0.4414 -0.8973 -0.0029 0.7512 -0.6601 -0.0029 0.943 -0.3328 0.0001 0.9992 -0.0344 0.0225 0.9551 0.2927 0.0447 0.7766 0.6291 0.0333 0.4804 0.8761 0.0411 0.1587 0.9872 0.0147 -0.0981 0.7393 0.6662 -0.3735 0.6455 0.6662 -0.5921 0.4534 0.6662 -0.7206 0.1923 0.6662 -0.7393 -0.0981 0.6662 -0.6455 -0.3735 0.6662 -0.4534 -0.5921 0.6662 -0.1923 -0.7206 0.6662 0.0981 -0.7393 0.6662 0.3735 -0.6455 0.6662 0.5921 -0.4534 0.6662 0.7149 -0.199 0.6703 0.7405 0.0811 0.6672 0.6672 0.3621 0.6509 0.4779 0.5899 0.6509 0.2038 0.7212 0.662</float_array><technique_common><accessor count="33" source="#Circle_012-mesh-slim-nrm-array" stride="3"><param type="float" name="X"/><param type="float" name="Y"/><param type="float" name="Z"/></accessor></technique_common></source><source id="Circle_012-mesh-slim-pos"><float_array count="99" id="Circle_012-mesh-slim-pos-array">-0.080898 1.001062 -0 -0.45783 0.893903 -0 -0.765062 0.650654 -0 -0.95582 0.308349 -0 -1.001062 -0.080898 -0 -0.893903 -0.45783 -0 -0.650654 -0.765062 -0 -0.30835 -0.95582 -0 0.080898 -1.001062 -0 0.45783 -0.893903 -0 0.765062 -0.650655 -0 0.95582 -0.30835 -0 1 0 0 0.966045 0.274641 -0 0.787408 0.623425 -0 0.488896 0.877298 -0 0.19509 0.980785 0 -0.115954 0.99761 0.130824 -0.488896 0.877298 0.130824 -0.787408 0.623425 0.130824 -0.966045 0.274641 0.130824 -0.99761 -0.115954 0.130824 -0.877298 -0.488896 0.130824 -0.623425 -0.787408 0.130824 -0.274641 -0.966045 0.130824 0.115954 -0.99761 0.130824 0.488896 -0.877298 0.130824 0.787408 -0.623425 0.130824 0.966045 -0.274641 0.130824 0.99761 0.115954 0.130824 0.877298 0.488896 0.130824 0.623425 0.787408 0.130824 0.274642 0.966045 0.130824</float_array><technique_common><accessor count="33" source="#Circle_012-mesh-slim-pos-array" stride="3"><param type="float" name="X"/><param type="float" name="Y"/><param type="float" name="Z"/></accessor></technique_common></source><vertices id="Circle_012-mesh-slim-pos-vertices">
          <input semantic="POSITION" source="#Circle_012-mesh-slim-pos"/>
        </vertices>
        <triangles count="77" material="Gray_002-material"><input offset="0" semantic="VERTEX" source="#Circle_012-mesh-slim-pos-vertices"/><input offset="1" semantic="NORMAL" source="#Circle_012-mesh-slim-nrm"/><p>0 0 4 4 8 8 13 13 9 9 5 5 17 17 21 21 25 25 14 14 30 30 13 13 7 7 23 23 6 6 1 1 17 17 0 0 15 15 31 31 14 14 8 8 24 24 7 7 2 2 18 18 1 1 16 16 32 32 15 15 9 9 25 25 8 8 0 0 32 32 16 16 3 3 19 19 2 2 10 10 26 26 9 9 4 4 20 20 3 3 11 11 27 27 10 10 5 5 21 21 4 4 12 12 28 28 11 11 13 13 29 29 12 12 6 6 22 22 5 5 0 0 1 1 2 2 3 3 4 4 2 2 4 4 5 5 6 6 11 11 12 12 10 10 13 13 14 14 12 12 15 15 16 16 14 14 16 16 0 0 14 14 6 6 7 7 4 4 7 7 8 8 4 4 8 8 9 9 12 12 9 9 10 10 12 12 0 0 2 2 4 4 12 12 14 14 8 8 14 14 0 0 8 8 1 1 0 0 15 15 0 0 16 16 15 15 14 14 13 13 15 15 13 13 12 12 9 9 12 12 11 11 9 9 11 11 10 10 9 9 9 9 8 8 7 7 7 7 6 6 9 9 6 6 5 5 9 9 5 5 4 4 1 1 4 4 3 3 1 1 3 3 2 2 1 1 1 1 15 15 13 13 1 1 13 13 5 5 17 17 18 18 19 19 20 20 21 21 19 19 21 21 22 22 23 23 28 28 29 29 27 27 30 30 31 31 29 29 32 32 17 17 31 31 23 23 24 24 21 21 24 24 25 25 21 21 25 25 26 26 29 29 26 26 27 27 29 29 17 17 19 19 21 21 29 29 31 31 25 25 31 31 17 17 25 25 13 13 30 30 29 29 7 7 24 24 23 23 14 14 31 31 30 30 1 1 18 18 17 17 8 8 25 25 24 24 15 15 32 32 31 31 2 2 19 19 18 18 9 9 26 26 25 25 0 0 17 17 32 32 3 3 20 20 19 19 10 10 27 27 26 26 4 4 21 21 20 20 11 11 28 28 27 27 5 5 22 22 21 21 12 12 29 29 28 28 6 6 23 23 22 22</p></triangles></mesh>
    </geometry>
    <geometry id="Plane_005-mesh" name="Plane.005">
      <mesh>
        <source id="Plane_005-mesh-slim-nrm"><float_array count="24" id="Plane_005-mesh-slim-nrm-array">-0.2654 0.6907 -0.6727 -0.2654 -0.6906 -0.6727 0.8424 -0.5389 0 0.8424 0.5389 0 -0.2654 0.6907 0.6727 -0.9843 0.1763 0 -0.9844 -0.1762 0 -0.2654 -0.6906 0.6727</float_array><technique_common><accessor count="8" source="#Plane_005-mesh-slim-nrm-array" stride="3"><param type="float" name="X"/><param type="float" name="Y"/><param type="float" name="Z"/></accessor></technique_common></source><source id="Plane_005-mesh-slim-pos"><float_array count="24" id="Plane_005-mesh-slim-pos-array">-0.286778 1 0 -0.287 -1 0 0.769504 -1 0.180776 0.769504 1 0.180776 -0.286778 1 0.361553 -1 0.286778 0.180776 -1 -0.287 0.180776 -0.287 -1 0.361553</float_array><technique_common><accessor count="8" source="#Plane_005-mesh-slim-pos-array" stride="3"><param type="float" name="X"/><param type="float" name="Y"/><param type="float" name="Z"/></accessor></technique_common></source><vertices id="Plane_005-mesh-slim-pos-vertices">
          <input semantic="POSITION" source="#Plane_005-mesh-slim-pos"/>
        </vertices>
        <triangles count="12" material="Material_002-material"><input offset="0" semantic="VERTEX" source="#Plane_005-mesh-slim-pos-vertices"/><input offset="1" semantic="NORMAL" source="#Plane_005-mesh-slim-nrm"/><p>1 1 0 0 2 2 4 4 5 5 7 7 5 5 4 4 0 0 2 2 7 7 1 1 1 1 6 6 5 5 5 5 0 0 1 1 0 0 3 3 2 2 5 5 6 6 7 7 7 7 2 2 4 4 2 2 3 3 4 4 0 0 4 4 3 3 1 1 7 7 6 6</p></triangles></mesh>
    </geometry>
    <geometry id="Circle_011-mesh" name="Circle.011">
      <mesh>
        <source id="Circle_011-mesh-slim-nrm"><float_array count="99" id="Circle_011-mesh-slim-nrm-array">-0.0598 0.7422 -0.6675 -0.3393 0.6628 -0.6675 -0.5671 0.4825 -0.6675 -0.7086 0.2287 -0.6675 -0.7422 -0.0598 -0.6675 -0.6628 -0.3393 -0.6675 -0.4884 -0.5592 -0.6699 -0.2883 -0.6733 -0.6808 -0.0713 -0.7353 -0.674 0.2029 -0.7132 -0.6709 0.4603 -0.5813 -0.6709 0.6478 -0.3609 -0.6709 0.7366 -0.0855 -0.6709 0.7141 0.1944 -0.6726 0.6115 0.4063 -0.679 0.472 0.5736 -0.6695 0.2287 0.7086 -0.6675 -0.0861 0.7396 0.6675 -0.3626 0.6504 0.6675 -0.5839 0.4621 0.6675 -0.7163 0.2035 0.6675 -0.7396 -0.0861 0.6675 -0.6504 -0.3626 0.6675 -0.4626 -0.5823 0.6685 -0.2045 -0.7131 0.6706 0.0855 -0.7366 0.6709 0.3609 -0.6478 0.6709 0.5813 -0.4603 0.6709 0.7132 -0.2029 0.6709 0.7366 0.0855 0.6709 0.6475 0.3641 0.6695 0.4621 0.5839 0.6675 0.2035 0.7163 0.6675</float_array><technique_common><accessor count="33" source="#Circle_011-mesh-slim-nrm-array" stride="3"><param type="float" name="X"/><param type="float" name="Y"/><param type="float" name="Z"/></accessor></technique_common></source><source id="Circle_011-mesh-slim-pos"><float_array count="99" id="Circle_011-mesh-slim-pos-array">-0.080898 1.001062 -0 -0.45783 0.893903 -0 -0.765062 0.650654 -0 -0.95582 0.308349 -0 -1.001062 -0.080898 -0 -0.893903 -0.45783 -0 -0.650654 -0.765062 -0 -0.382683 -0.92388 0 -0.115954 -0.99761 -0 0.274641 -0.966045 -0 0.623425 -0.787408 -0 0.877298 -0.488896 -0 0.99761 -0.115954 -0 0.966045 0.274641 -0 0.83147 0.55557 0 0.650654 0.765062 -0 0.30835 0.955819 -0 -0.115954 0.99761 0.963602 -0.488896 0.877298 0.963602 -0.787408 0.623425 0.963602 -0.966045 0.274641 0.963602 -0.99761 -0.115954 0.963602 -0.877298 -0.488896 0.963602 -0.623425 -0.787408 0.963602 -0.274641 -0.966045 0.963602 0.115954 -0.99761 0.963602 0.488896 -0.877298 0.963602 0.787408 -0.623425 0.963602 0.966045 -0.274641 0.963602 0.99761 0.115954 0.963602 0.877298 0.488896 0.963602 0.623425 0.787408 0.963602 0.274642 0.966045 0.963602</float_array><technique_common><accessor count="33" source="#Circle_011-mesh-slim-pos-array" stride="3"><param type="float" name="X"/><param type="float" name="Y"/><param type="float" name="Z"/></accessor></technique_common></source><vertices id="Circle_011-mesh-slim-pos-vertices">
          <input semantic="POSITION" source="#Circle_011-mesh-slim-pos"/>
        </vertices>
        <triangles count="62" material="Material_002-material"><input offset="0" semantic="VERTEX" source="#Circle_011-mesh-slim-pos-vertices"/><input offset="1" semantic="NORMAL" source="#Circle_011-mesh-slim-nrm"/><p>13 13 9 9 5 5 17 17 21 21 25 25 16 16 31 31 15 15 9 9 25 25 8 8 2 2 18 18 1 1 0 0 32 32 16 16 10 10 26 26 9 9 3 3 19 19 2 2 11 11 27 27 10 10 4 4 20 20 3 3 12 12 28 28 11 11 5 5 21 21 4 4 13 13 29 29 12 12 6 6 22 22 5 5 14 14 30 30 13 13 7 7 23 23 6 6 15 15 30 30 14 14 8 8 24 24 7 7 1 1 17 17 0 0 1 1 0 0 16 16 15 15 14 14 16 16 14 14 13 13 16 16 13 13 12 12 9 9 12 12 11 11 9 9 11 11 10 10 9 9 9 9 8 8 7 7 7 7 6 6 9 9 6 6 5 5 9 9 5 5 4 4 1 1 4 4 3 3 1 1 3 3 2 2 1 1 1 1 16 16 13 13 1 1 13 13 5 5 17 17 18 18 19 19 20 20 21 21 19 19 21 21 22 22 23 23 28 28 29 29 27 27 30 30 31 31 29 29 32 32 17 17 31 31 23 23 24 24 21 21 24 24 25 25 21 21 25 25 26 26 29 29 26 26 27 27 29 29 17 17 19 19 21 21 29 29 31 31 25 25 31 31 17 17 25 25 8 8 25 25 24 24 16 16 32 32 31 31 2 2 19 19 18 18 9 9 26 26 25 25 0 0 17 17 32 32 3 3 20 20 19 19 10 10 27 27 26 26 4 4 21 21 20 20 11 11 28 28 27 27 5 5 22 22 21 21 12 12 29 29 28 28 6 6 23 23 22 22 13 13 30 30 29 29 7 7 24 24 23 23 15 15 31 31 30 30 1 1 18 18 17 17</p></triangles></mesh>
    </geometry>
    <geometry id="Circle_010-mesh" name="Circle.010">
      <mesh>
        <source id="Circle_010-mesh-slim-nrm"><float_array count="201" id="Circle_010-mesh-slim-nrm-array">0.058 0.8975 -0.4373 -0.1092 0.812 -0.5733 -0.24 0.6798 -0.693 -0.3408 0.5474 -0.7643 -0.4382 0.4366 -0.7857 -0.5531 0.3423 -0.7596 -0.6891 0.2422 -0.683 -0.8213 0.11 -0.5598 -0.9035 -0.0583 -0.4247 -0.9175 -0.2422 -0.3156 -0.8935 -0.3433 -0.2895 -0.8076 -0.4695 -0.3569 -0.6602 -0.5812 -0.4758 -0.4802 -0.6336 -0.6066 -0.2997 -0.6381 -0.7092 -0.1391 -0.632 -0.7624 0.0098 -0.6427 -0.766 0.1647 -0.6736 -0.7205 0.3402 -0.7027 -0.6248 0.5273 -0.6902 -0.4956 0.696 -0.6136 -0.3729 0.8283 -0.4849 -0.2806 0.7861 -0.4901 -0.3766 0.7973 -0.2054 -0.5676 0.7492 -0.0319 -0.6615 0.6914 0.1257 -0.7115 0.6451 0.2806 -0.7107 0.6066 0.4444 -0.6592 0.5502 0.6156 -0.5642 0.4508 0.7716 -0.4487 0.2968 0.894 -0.3358 0.2417 0.9144 -0.3248 -0.0394 -0.5685 -0.8217 0.0949 -0.7165 -0.6911 0.2742 -0.7725 -0.5728 0.4594 -0.7327 -0.5022 0.621 -0.619 -0.4809 0.7315 -0.456 -0.5069 0.7664 -0.2706 -0.5826 0.7036 -0.0926 -0.7045 0.5521 0.0383 -0.8329 0.3867 0.1045 -0.9163 0.3394 0.1294 -0.9317 0.399 0.229 -0.8879 0.4655 0.4064 -0.7862 0.4554 0.5996 -0.6582 0.3515 0.7525 -0.5569 0.1838 0.8436 -0.5046 -0.0117 0.8654 -0.501 -0.197 0.8144 -0.5459 -0.3351 0.6913 -0.6401 -0.3913 0.5081 -0.7673 -0.3558 0.2999 -0.8851 -0.354 0.2718 -0.8949 -0.5284 0.2604 -0.8081 -0.6941 0.1805 -0.6969 -0.7961 0.0334 -0.6042 -0.8179 -0.1496 -0.5556 -0.7624 -0.3306 -0.5564 -0.6417 -0.4695 -0.6064 -0.4745 -0.5334 -0.7002 -0.2924 -0.5063 -0.8113 -0.1324 -0.4087 -0.903 -0.1081 -0.3996 -0.9103 -0.3949 0.402 0.8261 0.3965 0.1077 0.9117 -0.04 -0.5265 0.8493</float_array><technique_common><accessor count="67" source="#Circle_010-mesh-slim-nrm-array" stride="3"><param type="float" name="X"/><param type="float" name="Y"/><param type="float" name="Z"/></accessor></technique_common></source><source id="Circle_010-mesh-slim-pos"><float_array count="201" id="Circle_010-mesh-slim-pos-array">0 1 0 -0.19509 0.980785 0 -0.382683 0.92388 0 -0.55557 0.83147 0 -0.707107 0.707107 0 -0.83147 0.55557 0 -0.92388 0.382683 0 -0.980785 0.19509 0 -1 0 0 -0.980785 -0.19509 0 -0.92388 -0.382683 0 -0.83147 -0.55557 0 -0.707107 -0.707107 0 -0.55557 -0.83147 0 -0.382683 -0.92388 0 -0.19509 -0.980785 0 0 -1 0 0.19509 -0.980785 0 0.382683 -0.92388 0 0.55557 -0.831469 0 0.707107 -0.707107 0 0.831469 -0.55557 0 0.92388 -0.382684 0 0.980785 -0.19509 0 1 0 0 0.980785 0.19509 0 0.92388 0.382684 0 0.83147 0.55557 0 0.707107 0.707107 0 0.55557 0.83147 0 0.382683 0.92388 0 0.19509 0.980785 0 2e-06 0.85 0 -0.165825 0.833668 0 -0.325279 0.785298 0 -0.472232 0.706749 0 -0.601039 0.601041 0 -0.706747 0.472235 0 -0.785295 0.325281 0 -0.833665 0.165827 0 -0.849998 0 0 -0.833665 -0.165827 0 -0.785295 -0.325281 0 -0.706747 -0.472235 0 -0.601039 -0.601041 0 -0.472232 -0.706749 0 -0.325279 -0.785298 0 -0.165825 -0.833668 0 2e-06 -0.85 0 0.165829 -0.833668 0 0.325283 -0.785298 0 0.472237 -0.706749 0 0.601043 -0.601041 0 0.706751 -0.472235 0 0.7853 -0.325281 0 0.83367 -0.165827 0 0.850002 0 0 0.83367 0.165827 0 0.7853 0.325281 0 0.706752 0.472235 0 0.601043 0.601041 0 0.472237 0.706749 0 0.325283 0.785298 0 0.165829 0.833668 0 -0.777305 0.792589 0.362598 0.988973 0.296743 0.362598 -0.090882 -1.087532 0.362598</float_array><technique_common><accessor count="67" source="#Circle_010-mesh-slim-pos-array" stride="3"><param type="float" name="X"/><param type="float" name="Y"/><param type="float" name="Z"/></accessor></technique_common></source><vertices id="Circle_010-mesh-slim-pos-vertices">
          <input semantic="POSITION" source="#Circle_010-mesh-slim-pos"/>
        </vertices>
        <triangles count="262" material="Black_004-material"><input offset="0" semantic="VERTEX" source="#Circle_010-mesh-slim-pos-vertices"/><input offset="1" semantic="NORMAL" source="#Circle_010-mesh-slim-nrm"/><p>8 8 39 39 40 40 56 56 57 57 25 25 18 18 51 51 19 19 41 41 64 64 42 42 15 15 66 66 14 14 40 40 64 64 41 41 54 54 55 55 55 55 29 29 28 28 28 28 3 3 2 2 2 2 55 55 56 56 56 56 30 30 29 29 29 29 4 4 3 3 3 3 56 56 57 57 57 57 31 31 30 30 30 30 5 5 4 4 4 4 57 57 58 58 58 58 0 0 31 31 31 31 6 6 5 5 5 5 58 58 59 59 59 59 32 32 33 33 33 33 7 7 6 6 6 6 59 59 60 60 60 60 33 33 34 34 34 34 8 8 7 7 7 7 60 60 61 61 61 61 34 34 35 35 35 35 9 9 8 8 8 8 61 61 62 62 62 62 35 35 36 36 36 36 10 10 9 9 9 9 62 62 63 63 63 63 36 36 37 37 37 37 11 11 10 10 10 10 63 63 32 32 32 32 37 37 38 38 38 38 12 12 11 11 11 11 38 38 39 39 39 39 13 13 12 12 12 12 39 39 40 40 40 40 14 14 13 13 13 13 40 40 41 41 41 41 15 15 14 14 14 14 41 41 42 42 42 42 16 16 15 15 15 15 42 42 43 43 43 43 17 17 16 16 16 16 43 43 44 44 44 44 18 18 17 17 17 17 44 44 45 45 45 45 19 19 18 18 18 18 45 45 46 46 46 46 20 20 19 19 19 19 46 46 47 47 47 47 21 21 20 20 20 20 47 47 48 48 48 48 22 22 21 21 21 21 48 48 49 49 49 49 23 23 22 22 22 22 49 49 50 50 50 50 24 24 23 23 23 23 50 50 51 51 51 51 25 25 24 24 24 24 51 51 52 52 52 52 26 26 25 25 25 25 52 52 53 53 53 53 27 27 26 26 26 26 1 1 0 0 0 0 53 53 54 54 54 54 28 28 27 27 27 27 2 2 1 1 1 1 16 16 66 66 15 15 42 42 66 66 43 43 17 17 66 66 16 16 43 43 66 66 44 44 18 18 66 66 17 17 44 44 66 66 45 45 19 19 66 66 18 18 45 45 66 66 46 46 20 20 66 66 19 19 46 46 66 66 47 47 21 21 66 66 20 20 47 47 66 66 48 48 22 22 66 66 21 21 48 48 66 66 49 49 23 23 65 65 22 22 49 49 66 66 50 50 24 24 65 65 23 23 50 50 66 66 51 51 25 25 65 65 24 24 51 51 66 66 52 52 26 26 65 65 25 25 52 52 65 65 53 53 27 27 65 65 26 26 1 1 64 64 0 0 53 53 65 65 54 54 28 28 65 65 27 27 2 2 64 64 1 1 54 54 65 65 55 55 29 29 65 65 28 28 3 3 64 64 2 2 55 55 65 65 56 56 30 30 65 65 29 29 4 4 64 64 3 3 56 56 65 65 57 57 31 31 64 64 30 30 5 5 64 64 4 4 57 57 65 65 58 58 0 0 64 64 31 31 6 6 64 64 5 5 58 58 65 65 59 59 32 32 64 64 33 33 7 7 64 64 6 6 59 59 65 65 60 60 33 33 64 64 34 34 8 8 64 64 7 7 60 60 65 65 61 61 34 34 64 64 35 35 9 9 64 64 8 8 61 61 65 65 62 62 35 35 64 64 36 36 10 10 64 64 9 9 62 62 64 64 63 63 36 36 64 64 37 37 11 11 66 66 10 10 63 63 64 64 32 32 37 37 64 64 38 38 12 12 66 66 11 11 38 38 64 64 39 39 13 13 66 66 12 12 39 39 64 64 40 40 14 14 66 66 13 13 30 30 61 61 62 62 30 30 62 62 63 63 0 0 31 31 32 32 31 31 30 30 63 63 32 32 31 31 63 63 2 2 1 1 33 33 1 1 0 0 33 33 4 4 3 3 36 36 3 3 2 2 35 35 36 36 3 3 35 35 6 6 5 5 37 37 5 5 4 4 36 36 8 8 7 7 39 39 7 7 6 6 39 39 10 10 9 9 41 41 9 9 8 8 40 40 12 12 11 11 44 44 11 11 10 10 43 43 44 44 11 11 43 43 14 14 13 13 45 45 13 13 12 12 44 44 16 16 15 15 48 48 15 15 14 14 47 47 48 48 15 15 47 47 18 18 17 17 49 49 17 17 16 16 49 49 50 50 51 51 18 18 49 49 50 50 18 18 49 49 16 16 48 48 13 13 44 44 45 45 9 9 40 40 41 41 5 5 36 36 37 37 33 33 0 0 32 32 2 2 33 33 34 34 46 46 47 47 14 14 2 2 34 34 35 35 45 45 46 46 14 14 6 6 37 37 38 38 6 6 38 38 39 39 42 42 43 43 10 10 41 41 42 42 10 10 19 19 51 51 52 52 19 19 52 52 20 20 52 52 53 53 20 20 21 21 20 20 53 53 23 23 22 22 54 54 22 22 21 21 54 54 25 25 24 24 56 56 24 24 23 23 55 55 27 27 26 26 59 59 26 26 25 25 58 58 59 59 26 26 58 58 29 29 28 28 60 60 28 28 27 27 60 60 61 61 30 30 29 29 60 60 61 61 29 29 60 60 27 27 59 59 24 24 55 55 56 56 21 21 53 53 54 54 23 23 54 54 55 55 57 57 58 58 25 25 54 54 54 54 55 55 29 29 29 29 28 28 3 3 3 3 2 2 55 55 55 55 56 56 30 30 30 30 29 29 4 4 4 4 3 3 56 56 56 56 57 57 31 31 31 31 30 30 5 5 5 5 4 4 57 57 57 57 58 58 0 0 0 0 31 31 6 6 6 6 5 5 58 58 58 58 59 59 32 32 32 32 33 33 7 7 7 7 6 6 59 59 59 59 60 60 33 33 33 33 34 34 8 8 8 8 7 7 60 60 60 60 61 61 34 34 34 34 35 35 9 9 9 9 8 8 61 61 61 61 62 62 35 35 35 35 36 36 10 10 10 10 9 9 62 62 62 62 63 63 36 36 36 36 37 37 11 11 11 11 10 10 63 63 63 63 32 32 37 37 37 37 38 38 12 12 12 12 11 11 38 38 38 38 39 39 13 13 13 13 12 12 39 39 39 39 40 40 14 14 14 14 13 13 40 40 40 40 41 41 15 15 15 15 14 14 41 41 41 41 42 42 16 16 16 16 15 15 42 42 42 42 43 43 17 17 17 17 16 16 43 43 43 43 44 44 18 18 18 18 17 17 44 44 44 44 45 45 19 19 19 19 18 18 45 45 45 45 46 46 20 20 20 20 19 19 46 46 46 46 47 47 21 21 21 21 20 20 47 47 47 47 48 48 22 22 22 22 21 21 48 48 48 48 49 49 23 23 23 23 22 22 49 49 49 49 50 50 24 24 24 24 23 23 50 50 50 50 51 51 25 25 25 25 24 24 51 51 51 51 52 52 26 26 26 26 25 25 52 52 52 52 53 53 27 27 27 27 26 26 1 1 1 1 0 0 53 53 53 53 54 54 28 28 28 28 27 27 2 2 2 2 1 1 42 42 64 64 66 66 22 22 65 65 66 66 52 52 66 66 65 65 30 30 64 64 65 65 10 10 66 66 64 64 62 62 65 65 64 64</p></triangles></mesh>
    </geometry>
    <geometry id="Plane_004-mesh" name="Plane.004">
      <mesh>
        <source id="Plane_004-mesh-slim-nrm"><float_array count="24" id="Plane_004-mesh-slim-nrm-array">-0.5774 -0.5774 -0.5774 0.5774 -0.5774 -0.5774 -0.5774 0.5774 -0.5774 0.5774 0.5774 -0.5774 -0.5774 0.5774 0.5774 -0.5774 -0.5774 0.5774 0.5774 -0.5774 0.5774 0.5774 0.5774 0.5774</float_array><technique_common><accessor count="8" source="#Plane_004-mesh-slim-nrm-array" stride="3"><param type="float" name="X"/><param type="float" name="Y"/><param type="float" name="Z"/></accessor></technique_common></source><source id="Plane_004-mesh-slim-pos"><float_array count="24" id="Plane_004-mesh-slim-pos-array">-0.799485 -3.033046 0 0.613408 -3.033046 0 -0.799485 1 0 0.613408 1 0 -0.799485 1 0.07509 -0.799485 -3.033046 0.07509 0.613408 -3.033046 0.07509 0.613408 1 0.07509</float_array><technique_common><accessor count="8" source="#Plane_004-mesh-slim-pos-array" stride="3"><param type="float" name="X"/><param type="float" name="Y"/><param type="float" name="Z"/></accessor></technique_common></source><vertices id="Plane_004-mesh-slim-pos-vertices">
          <input semantic="POSITION" source="#Plane_004-mesh-slim-pos"/>
        </vertices>
        <triangles count="12" material="Gray_002-material"><input offset="0" semantic="VERTEX" source="#Plane_004-mesh-slim-pos-vertices"/><input offset="1" semantic="NORMAL" source="#Plane_004-mesh-slim-nrm"/><p>2 2 1 1 0 0 6 6 4 4 5 5 2 2 7 7 3 3 1 1 5 5 0 0 3 3 6 6 1 1 0 0 4 4 2 2 2 2 3 3 1 1 6 6 7 7 4 4 2 2 4 4 7 7 1 1 6 6 5 5 3 3 7 7 6 6 0 0 5 5 4 4</p></triangles></mesh>
    </geometry>
    <geometry id="Plane_002-mesh" name="Plane.002">
      <mesh>
        <source id="Plane_002-mesh-slim-nrm"><float_array count="24" id="Plane_002-mesh-slim-nrm-array">-0.5774 -0.5774 -0.5774 0.5774 -0.5774 -0.5774 -0.5774 0.5774 -0.5774 0.5774 0.5774 -0.5774 -0.5774 0.5774 0.5774 -0.5774 -0.5774 0.5774 0.5774 -0.5774 0.5774 0.5774 0.5774 0.5774</float_array><technique_common><accessor count="8" source="#Plane_002-mesh-slim-nrm-array" stride="3"><param type="float" name="X"/><param type="float" name="Y"/><param type="float" name="Z"/></accessor></technique_common></source><source id="Plane_002-mesh-slim-pos"><float_array count="24" id="Plane_002-mesh-slim-pos-array">-1 -1 0 -0.045285 -1 0 -1 1 0 -0.045285 1 0 -1 1 0.049931 -1 -1 0.049931 -0.045285 -1 0.049931 -0.045285 1 0.049931</float_array><technique_common><accessor count="8" source="#Plane_002-mesh-slim-pos-array" stride="3"><param type="float" name="X"/><param type="float" name="Y"/><param type="float" name="Z"/></accessor></technique_common></source><vertices id="Plane_002-mesh-slim-pos-vertices">
          <input semantic="POSITION" source="#Plane_002-mesh-slim-pos"/>
        </vertices>
        <triangles count="20" material="Black_004-material"><input offset="0" semantic="VERTEX" source="#Plane_002-mesh-slim-pos-vertices"/><input offset="1" semantic="NORMAL" source="#Plane_002-mesh-slim-nrm"/><p>2 2 1 1 0 0 3 3 6 6 1 1 3 3 1 1 1 1 0 0 2 2 2 2 2 2 3 3 3 3 1 1 0 0 0 0 6 6 4 4 5 5 0 0 4 4 2 2 2 2 7 7 3 3 1 1 5 5 0 0 2 2 3 3 1 1 3 3 7 7 6 6 3 3 3 3 1 1 0 0 0 0 2 2 2 2 2 2 3 3 1 1 1 1 0 0 6 6 7 7 4 4 0 0 5 5 4 4 2 2 4 4 7 7 1 1 6 6 5 5</p></triangles></mesh>
    </geometry>
    <geometry id="object_4_002-mesh" name="object_4.002">
      <mesh>
        <source id="object_4_002-mesh-slim-nrm"><float_array count="24" id="object_4_002-mesh-slim-nrm-array">-0.5774 0.5773 0.5774 -0.5774 0.5774 -0.5773 0.5774 0.5773 0.5774 0.5774 0.5774 -0.5773 0.5773 -0.5774 0.5773 -0.5774 -0.5774 0.5773 -0.5774 -0.5773 -0.5774 0.5774 -0.5773 -0.5774</float_array><technique_common><accessor count="8" source="#object_4_002-mesh-slim-nrm-array" stride="3"><param type="float" name="X"/><param type="float" name="Y"/><param type="float" name="Z"/></accessor></technique_common></source><source id="object_4_002-mesh-slim-pos"><float_array count="24" id="object_4_002-mesh-slim-pos-array">-15.87868 78.51472 -34.11817 -15.87868 78.51477 -48.6028 10.17096 78.51471 -34.11817 10.17096 78.51477 -48.6028 10.17096 77.20854 -34.11817 -15.87868 77.20855 -34.11817 -15.87868 77.20861 -48.6028 10.17096 77.2086 -48.6028</float_array><technique_common><accessor count="8" source="#object_4_002-mesh-slim-pos-array" stride="3"><param type="float" name="X"/><param type="float" name="Y"/><param type="float" name="Z"/></accessor></technique_common></source><vertices id="object_4_002-mesh-slim-pos-vertices">
          <input semantic="POSITION" source="#object_4_002-mesh-slim-pos"/>
        </vertices>
        <triangles count="12" material="Black_004-material"><input offset="0" semantic="VERTEX" source="#object_4_002-mesh-slim-pos-vertices"/><input offset="1" semantic="NORMAL" source="#object_4_002-mesh-slim-nrm"/><p>2 2 1 1 0 0 6 6 4 4 5 5 2 2 7 7 3 3 0 0 6 6 5 5 3 3 6 6 1 1 2 2 5 5 4 4 2 2 3 3 1 1 6 6 7 7 4 4 2 2 4 4 7 7 0 0 1 1 6 6 3 3 7 7 6 6 2 2 0 0 5 5</p></triangles></mesh>
    </geometry>
    <geometry id="object_4_003-mesh" name="object_4.003">
      <mesh>
        <source id="object_4_003-mesh-slim-nrm"><float_array count="144" id="object_4_003-mesh-slim-nrm-array">-0.7748 0.4769 -0.415 -0.2122 0.543 -0.8125 0.4588 0.2661 -0.8478 0.8713 0.4821 -0.0912 0.6633 0.504 0.5532 -0.1291 0.7579 0.6395 -0.7686 0.5863 0.2559 0.4921 0.8595 0.1384 0.4409 0.8976 0.0052 0.7544 0.595 0.2771 0.9038 -0.0713 0.4219 0.7673 0.0474 0.6395 0.5028 0.1741 0.8467 0.2504 0.4149 0.8747 0.0739 0.8119 0.5791 -0.0105 0.889 0.4578 -0.0743 0.8824 0.4645 -0.2699 0.6494 0.7109 -0.4457 -0.1219 0.8868 -0.6713 -0.0705 0.7378 -0.8347 0.0746 0.5456 -0.8663 0.4131 0.2808 -0.5642 0.8242 0.048 -0.3855 0.9225 0.0208 -0.5245 0.8485 -0.07 -0.7677 0.5542 -0.3216 -0.8314 -0.1964 -0.5198 -0.7318 -0.255 -0.632 -0.5145 0.3552 -0.7804 -0.2479 0.7118 -0.6571 -0.0526 0.8678 -0.4941 0.0268 0.9028 -0.4293 0.1387 0.7653 -0.6285 0.2575 0.1799 -0.9494 0.4799 0.0003 -0.8773 0.7028 0.0793 -0.7069 0.8459 0.22 -0.4858 0.7641 0.606 -0.2214 0.4382 0.8958 -0.074 0.3942 -0.6301 0.669 -0.3736 -0.648 0.6637 -0.7745 -0.6317 0.0332 -0.2774 -0.6287 -0.7264 0.7262 -0.6018 -0.3324 0.6135 0.3665 0.6995 -0.6996 0.3657 0.6139 -0.6595 0.424 -0.6207 0.6495 0.3162 -0.6915</float_array><technique_common><accessor count="48" source="#object_4_003-mesh-slim-nrm-array" stride="3"><param type="float" name="X"/><param type="float" name="Y"/><param type="float" name="Z"/></accessor></technique_common></source><source id="object_4_003-mesh-slim-pos"><float_array count="144" id="object_4_003-mesh-slim-pos-array">3.615444 -0.19223 1.932501 0.985174 -0.192236 3.94317 -1.970363 -0.192234 3.686282 -4.079781 -0.192224 0.401825 -3.168973 -0.192213 -2.600704 0.784262 -0.192207 -3.883027 3.857695 -0.192219 -1.269582 4.119347 0.096024 0.819393 4.20005 0.096031 3e-06 3.880337 0.096024 1.607295 3.49221 0.096024 2.333429 2.969883 0.096024 2.96989 2.33342 0.096024 3.49222 1.607285 0.096016 3.880346 0.819386 0.096016 4.119356 -4e-06 0.096016 4.20006 -0.819397 0.096016 4.119356 -1.607296 0.096016 3.880346 -2.333431 0.096024 3.49222 -2.969891 0.096024 2.96989 -3.492222 0.096024 2.333428 -3.880348 0.096024 1.607295 -4.119358 0.096031 0.819393 -4.200058 0.096031 3e-06 -4.119358 0.096031 -0.819386 -3.880348 0.096039 -1.607288 -3.492222 0.096039 -2.333424 -2.969891 0.096039 -2.969883 -2.333431 0.096046 -3.492214 -1.607296 0.096046 -3.880341 -0.819397 0.096046 -4.119349 -4e-06 0.096046 -4.200054 0.819386 0.096046 -4.119349 1.607285 0.096046 -3.880341 2.33342 0.096046 -3.492214 2.969883 0.096039 -2.969883 3.49221 0.096039 -2.333424 3.880337 0.096039 -1.607288 4.119347 0.096031 -0.819386 2.099935 -2.480749 3.928704 -2.131699 -2.480748 3.731282 -4.418066 -2.480738 0.297905 -1.715294 -2.480722 -4.141101 4.290118 -2.480734 -1.940728 3.03364 0.494395 3.465334 -3.465336 0.494396 3.033649 -3.288866 0.494416 -3.088218 3.220864 0.494418 -3.434752</float_array><technique_common><accessor count="48" source="#object_4_003-mesh-slim-pos-array" stride="3"><param type="float" name="X"/><param type="float" name="Y"/><param type="float" name="Z"/></accessor></technique_common></source><vertices id="object_4_003-mesh-slim-pos-vertices">
          <input semantic="POSITION" source="#object_4_003-mesh-slim-pos"/>
        </vertices>
        <triangles count="245" material="Black_004-material"><input offset="0" semantic="VERTEX" source="#object_4_003-mesh-slim-pos-vertices"/><input offset="1" semantic="NORMAL" source="#object_4_003-mesh-slim-nrm"/><p>6 6 7 7 8 8 5 5 35 35 34 34 3 3 23 23 22 22 3 3 24 24 23 23 6 6 38 38 37 37 4 4 24 24 3 3 1 1 11 11 0 0 4 4 26 26 25 25 1 1 13 13 12 12 4 4 27 27 26 26 4 4 29 29 28 28 1 1 16 16 15 15 5 5 30 30 29 29 2 2 17 17 16 16 5 5 31 31 30 30 2 2 19 19 18 18 2 2 20 20 19 19 2 2 21 21 20 20 9 9 7 7 7 7 14 14 13 13 13 13 28 28 27 27 27 27 15 15 14 14 14 14 29 29 28 28 28 28 16 16 15 15 15 15 30 30 29 29 29 29 17 17 16 16 16 16 31 31 30 30 30 30 18 18 17 17 17 17 32 32 31 31 31 31 19 19 18 18 18 18 33 33 32 32 32 32 20 20 19 19 19 19 34 34 33 33 33 33 21 21 20 20 20 20 7 7 8 8 8 8 35 35 34 34 34 34 22 22 21 21 21 21 9 9 7 7 7 7 36 36 35 35 35 35 23 23 22 22 22 22 10 10 9 9 9 9 37 37 36 36 36 36 24 24 23 23 23 23 11 11 10 10 10 10 38 38 37 37 37 37 25 25 24 24 24 24 12 12 11 11 11 11 8 8 38 38 38 38 26 26 25 25 25 25 13 13 12 12 12 12 27 27 26 26 26 26 9 9 39 39 43 43 36 36 35 35 35 35 23 23 22 22 22 22 10 10 9 9 9 9 37 37 36 36 36 36 24 24 23 23 23 23 11 11 10 10 10 10 38 38 37 37 37 37 25 25 24 24 24 24 12 12 11 11 11 11 8 8 38 38 38 38 26 26 25 25 25 25 13 13 12 12 12 12 27 27 26 26 26 26 14 14 13 13 13 13 28 28 27 27 27 27 15 15 14 14 14 14 29 29 28 28 28 28 16 16 15 15 15 15 30 30 29 29 29 29 17 17 16 16 16 16 31 31 30 30 30 30 18 18 17 17 17 17 32 32 31 31 31 31 19 19 18 18 18 18 33 33 32 32 32 32 20 20 19 19 19 19 34 34 33 33 33 33 21 21 20 20 20 20 7 7 8 8 8 8 35 35 34 34 34 34 22 22 21 21 21 21 24 24 41 41 23 23 38 38 43 43 37 37 26 26 41 41 25 25 13 13 39 39 12 12 27 27 42 42 26 26 29 29 42 42 28 28 16 16 39 39 15 15 30 30 42 42 29 29 17 17 40 40 16 16 31 31 42 42 30 30 19 19 40 40 18 18 32 32 43 43 42 42 20 20 40 40 19 19 21 21 41 41 20 20 7 7 43 43 8 8 35 35 43 43 34 34 23 23 41 41 22 22 44 44 47 47 46 46 25 25 46 46 26 26 12 12 44 44 13 13 26 26 46 46 27 27 28 28 46 46 29 29 15 15 45 45 16 16 29 29 46 46 30 30 16 16 45 45 17 17 30 30 47 47 31 31 18 18 45 45 19 19 19 19 45 45 20 20 20 20 45 45 21 21 8 8 44 44 7 7 34 34 47 47 35 35 22 22 45 45 23 23 23 23 46 46 24 24 37 37 47 47 38 38 6 6 0 0 7 7 5 5 6 6 35 35 3 3 22 22 21 21 0 0 9 9 7 7 6 6 36 36 35 35 0 0 10 10 9 9 6 6 37 37 36 36 0 0 11 11 10 10 4 4 25 25 24 24 1 1 12 12 11 11 6 6 8 8 38 38 1 1 14 14 13 13 4 4 28 28 27 27 1 1 15 15 14 14 4 4 5 5 29 29 1 1 2 2 16 16 2 2 18 18 17 17 5 5 32 32 31 31 5 5 33 33 32 32 5 5 34 34 33 33 2 2 3 3 21 21 8 8 38 38 47 47 9 9 9 9 7 7 14 14 14 14 13 13 28 28 28 28 27 27 15 15 15 15 14 14 29 29 29 29 28 28 16 16 16 16 15 15 30 30 30 30 29 29 17 17 17 17 16 16 31 31 31 31 30 30 18 18 18 18 17 17 32 32 32 32 31 31 19 19 19 19 18 18 33 33 33 33 32 32 20 20 20 20 19 19 34 34 34 34 33 33 21 21 21 21 20 20 7 7 7 7 8 8 35 35 35 35 34 34 22 22 22 22 21 21 9 9 9 9 7 7 36 36 36 36 35 35 23 23 23 23 22 22 10 10 10 10 9 9 37 37 37 37 36 36 24 24 24 24 23 23 11 11 11 11 10 10 38 38 38 38 37 37 25 25 25 25 24 24 12 12 12 12 11 11 8 8 8 8 38 38 26 26 26 26 25 25 13 13 13 13 12 12 27 27 27 27 26 26 9 9 10 10 39 39 36 36 36 36 35 35 23 23 23 23 22 22 10 10 10 10 9 9 37 37 37 37 36 36 24 24 24 24 23 23 11 11 11 11 10 10 38 38 38 38 37 37 25 25 25 25 24 24 12 12 12 12 11 11 8 8 8 8 38 38 26 26 26 26 25 25 13 13 13 13 12 12 27 27 27 27 26 26 14 14 14 14 13 13 28 28 28 28 27 27 15 15 15 15 14 14 29 29 29 29 28 28 16 16 16 16 15 15 30 30 30 30 29 29 17 17 17 17 16 16 31 31 31 31 30 30 18 18 18 18 17 17 32 32 32 32 31 31 19 19 19 19 18 18 33 33 33 33 32 32 20 20 20 20 19 19 34 34 34 34 33 33 21 21 21 21 20 20 7 7 7 7 8 8 35 35 35 35 34 34 22 22 22 22 21 21 39 39 40 40 43 43 40 40 41 41 43 43 41 41 42 42 43 43 36 36 37 37 43 43 10 10 11 11 39 39 24 24 25 25 41 41 11 11 12 12 39 39 38 38 8 8 43 43 26 26 42 42 41 41 13 13 14 14 39 39 27 27 28 28 42 42 14 14 15 15 39 39 16 16 40 40 39 39 17 17 18 18 40 40 31 31 32 32 42 42 32 32 33 33 43 43 20 20 41 41 40 40 33 33 34 34 43 43 21 21 22 22 41 41 7 7 9 9 43 43 35 35 36 36 43 43 45 45 44 44 46 46 14 14 13 13 44 44 28 28 27 27 46 46 15 15 14 14 44 44 15 15 44 44 45 45 30 30 46 46 47 47 18 18 17 17 45 45 32 32 31 31 47 47 33 33 32 32 47 47 34 34 33 33 47 47 8 8 47 47 44 44 22 22 21 21 45 45 9 9 7 7 44 44 36 36 35 35 47 47 10 10 9 9 44 44 37 37 36 36 47 47 23 23 45 45 46 46 11 11 10 10 44 44 25 25 24 24 46 46 12 12 11 11 44 44</p></triangles></mesh>
    </geometry>
    <geometry id="object_4_004-mesh" name="object_4.004">
      <mesh>
        <source id="object_4_004-mesh-slim-nrm"><float_array count="144" id="object_4_004-mesh-slim-nrm-array">-0.7748 0.4769 -0.415 -0.2122 0.543 -0.8125 0.4588 0.2661 -0.8478 0.8713 0.4821 -0.0912 0.6633 0.504 0.5532 -0.1291 0.7579 0.6395 -0.7686 0.5863 0.2559 0.4921 0.8595 0.1384 0.4409 0.8976 0.0052 0.7544 0.595 0.2771 0.9038 -0.0713 0.4219 0.7673 0.0474 0.6395 0.5028 0.1741 0.8467 0.2504 0.4149 0.8747 0.0739 0.8119 0.5791 -0.0105 0.889 0.4578 -0.0743 0.8824 0.4645 -0.2699 0.6494 0.7109 -0.4457 -0.1219 0.8868 -0.6713 -0.0705 0.7378 -0.8347 0.0746 0.5456 -0.8663 0.4131 0.2808 -0.5642 0.8242 0.048 -0.3855 0.9225 0.0208 -0.5245 0.8485 -0.07 -0.7677 0.5542 -0.3216 -0.8314 -0.1964 -0.5198 -0.7318 -0.255 -0.632 -0.5145 0.3552 -0.7804 -0.2479 0.7118 -0.6571 -0.0526 0.8678 -0.4941 0.0268 0.9028 -0.4293 0.1387 0.7653 -0.6285 0.2575 0.1799 -0.9494 0.4799 0.0003 -0.8773 0.7028 0.0793 -0.7069 0.8459 0.22 -0.4858 0.7641 0.606 -0.2214 0.4382 0.8958 -0.074 0.3942 -0.6301 0.669 -0.3736 -0.648 0.6637 -0.7745 -0.6317 0.0332 -0.2774 -0.6287 -0.7264 0.7262 -0.6018 -0.3324 0.6135 0.3665 0.6995 -0.6996 0.3657 0.6139 -0.6595 0.424 -0.6207 0.6495 0.3162 -0.6915</float_array><technique_common><accessor count="48" source="#object_4_004-mesh-slim-nrm-array" stride="3"><param type="float" name="X"/><param type="float" name="Y"/><param type="float" name="Z"/></accessor></technique_common></source><source id="object_4_004-mesh-slim-pos"><float_array count="144" id="object_4_004-mesh-slim-pos-array">3.615444 -0.19223 1.932501 0.985174 -0.192236 3.94317 -1.970363 -0.192234 3.686282 -4.079781 -0.192224 0.401825 -3.168973 -0.192213 -2.600704 0.784262 -0.192207 -3.883027 3.857695 -0.192219 -1.269582 4.119347 0.096024 0.819393 4.20005 0.096031 3e-06 3.880337 0.096024 1.607295 3.49221 0.096024 2.333429 2.969883 0.096024 2.96989 2.33342 0.096024 3.49222 1.607285 0.096016 3.880346 0.819386 0.096016 4.119356 -4e-06 0.096016 4.20006 -0.819397 0.096016 4.119356 -1.607296 0.096016 3.880346 -2.333431 0.096024 3.49222 -2.969891 0.096024 2.96989 -3.492222 0.096024 2.333428 -3.880348 0.096024 1.607295 -4.119358 0.096031 0.819393 -4.200058 0.096031 3e-06 -4.119358 0.096031 -0.819386 -3.880348 0.096039 -1.607288 -3.492222 0.096039 -2.333424 -2.969891 0.096039 -2.969883 -2.333431 0.096046 -3.492214 -1.607296 0.096046 -3.880341 -0.819397 0.096046 -4.119349 -4e-06 0.096046 -4.200054 0.819386 0.096046 -4.119349 1.607285 0.096046 -3.880341 2.33342 0.096046 -3.492214 2.969883 0.096039 -2.969883 3.49221 0.096039 -2.333424 3.880337 0.096039 -1.607288 4.119347 0.096031 -0.819386 2.099935 -2.480749 3.928704 -2.131699 -2.480748 3.731282 -4.418066 -2.480738 0.297905 -1.715294 -2.480722 -4.141101 4.290118 -2.480734 -1.940728 3.03364 0.494395 3.465334 -3.465336 0.494396 3.033649 -3.288866 0.494416 -3.088218 3.220864 0.494418 -3.434752</float_array><technique_common><accessor count="48" source="#object_4_004-mesh-slim-pos-array" stride="3"><param type="float" name="X"/><param type="float" name="Y"/><param type="float" name="Z"/></accessor></technique_common></source><vertices id="object_4_004-mesh-slim-pos-vertices">
          <input semantic="POSITION" source="#object_4_004-mesh-slim-pos"/>
        </vertices>
        <triangles count="245" material="Black_004-material"><input offset="0" semantic="VERTEX" source="#object_4_004-mesh-slim-pos-vertices"/><input offset="1" semantic="NORMAL" source="#object_4_004-mesh-slim-nrm"/><p>6 6 7 7 8 8 5 5 35 35 34 34 3 3 23 23 22 22 3 3 24 24 23 23 6 6 38 38 37 37 4 4 24 24 3 3 1 1 11 11 0 0 4 4 26 26 25 25 1 1 13 13 12 12 4 4 27 27 26 26 4 4 29 29 28 28 1 1 16 16 15 15 5 5 30 30 29 29 2 2 17 17 16 16 5 5 31 31 30 30 2 2 19 19 18 18 2 2 20 20 19 19 2 2 21 21 20 20 9 9 7 7 7 7 14 14 13 13 13 13 28 28 27 27 27 27 15 15 14 14 14 14 29 29 28 28 28 28 16 16 15 15 15 15 30 30 29 29 29 29 17 17 16 16 16 16 31 31 30 30 30 30 18 18 17 17 17 17 32 32 31 31 31 31 19 19 18 18 18 18 33 33 32 32 32 32 20 20 19 19 19 19 34 34 33 33 33 33 21 21 20 20 20 20 7 7 8 8 8 8 35 35 34 34 34 34 22 22 21 21 21 21 9 9 7 7 7 7 36 36 35 35 35 35 23 23 22 22 22 22 10 10 9 9 9 9 37 37 36 36 36 36 24 24 23 23 23 23 11 11 10 10 10 10 38 38 37 37 37 37 25 25 24 24 24 24 12 12 11 11 11 11 8 8 38 38 38 38 26 26 25 25 25 25 13 13 12 12 12 12 27 27 26 26 26 26 9 9 39 39 43 43 36 36 35 35 35 35 23 23 22 22 22 22 10 10 9 9 9 9 37 37 36 36 36 36 24 24 23 23 23 23 11 11 10 10 10 10 38 38 37 37 37 37 25 25 24 24 24 24 12 12 11 11 11 11 8 8 38 38 38 38 26 26 25 25 25 25 13 13 12 12 12 12 27 27 26 26 26 26 14 14 13 13 13 13 28 28 27 27 27 27 15 15 14 14 14 14 29 29 28 28 28 28 16 16 15 15 15 15 30 30 29 29 29 29 17 17 16 16 16 16 31 31 30 30 30 30 18 18 17 17 17 17 32 32 31 31 31 31 19 19 18 18 18 18 33 33 32 32 32 32 20 20 19 19 19 19 34 34 33 33 33 33 21 21 20 20 20 20 7 7 8 8 8 8 35 35 34 34 34 34 22 22 21 21 21 21 24 24 41 41 23 23 38 38 43 43 37 37 26 26 41 41 25 25 13 13 39 39 12 12 27 27 42 42 26 26 29 29 42 42 28 28 16 16 39 39 15 15 30 30 42 42 29 29 17 17 40 40 16 16 31 31 42 42 30 30 19 19 40 40 18 18 32 32 43 43 42 42 20 20 40 40 19 19 21 21 41 41 20 20 7 7 43 43 8 8 35 35 43 43 34 34 23 23 41 41 22 22 44 44 47 47 46 46 25 25 46 46 26 26 12 12 44 44 13 13 26 26 46 46 27 27 28 28 46 46 29 29 15 15 45 45 16 16 29 29 46 46 30 30 16 16 45 45 17 17 30 30 47 47 31 31 18 18 45 45 19 19 19 19 45 45 20 20 20 20 45 45 21 21 8 8 44 44 7 7 34 34 47 47 35 35 22 22 45 45 23 23 23 23 46 46 24 24 37 37 47 47 38 38 6 6 0 0 7 7 5 5 6 6 35 35 3 3 22 22 21 21 0 0 9 9 7 7 6 6 36 36 35 35 0 0 10 10 9 9 6 6 37 37 36 36 0 0 11 11 10 10 4 4 25 25 24 24 1 1 12 12 11 11 6 6 8 8 38 38 1 1 14 14 13 13 4 4 28 28 27 27 1 1 15 15 14 14 4 4 5 5 29 29 1 1 2 2 16 16 2 2 18 18 17 17 5 5 32 32 31 31 5 5 33 33 32 32 5 5 34 34 33 33 2 2 3 3 21 21 8 8 38 38 47 47 9 9 9 9 7 7 14 14 14 14 13 13 28 28 28 28 27 27 15 15 15 15 14 14 29 29 29 29 28 28 16 16 16 16 15 15 30 30 30 30 29 29 17 17 17 17 16 16 31 31 31 31 30 30 18 18 18 18 17 17 32 32 32 32 31 31 19 19 19 19 18 18 33 33 33 33 32 32 20 20 20 20 19 19 34 34 34 34 33 33 21 21 21 21 20 20 7 7 7 7 8 8 35 35 35 35 34 34 22 22 22 22 21 21 9 9 9 9 7 7 36 36 36 36 35 35 23 23 23 23 22 22 10 10 10 10 9 9 37 37 37 37 36 36 24 24 24 24 23 23 11 11 11 11 10 10 38 38 38 38 37 37 25 25 25 25 24 24 12 12 12 12 11 11 8 8 8 8 38 38 26 26 26 26 25 25 13 13 13 13 12 12 27 27 27 27 26 26 9 9 10 10 39 39 36 36 36 36 35 35 23 23 23 23 22 22 10 10 10 10 9 9 37 37 37 37 36 36 24 24 24 24 23 23 11 11 11 11 10 10 38 38 38 38 37 37 25 25 25 25 24 24 12 12 12 12 11 11 8 8 8 8 38 38 26 26 26 26 25 25 13 13 13 13 12 12 27 27 27 27 26 26 14 14 14 14 13 13 28 28 28 28 27 27 15 15 15 15 14 14 29 29 29 29 28 28 16 16 16 16 15 15 30 30 30 30 29 29 17 17 17 17 16 16 31 31 31 31 30 30 18 18 18 18 17 17 32 32 32 32 31 31 19 19 19 19 18 18 33 33 33 33 32 32 20 20 20 20 19 19 34 34 34 34 33 33 21 21 21 21 20 20 7 7 7 7 8 8 35 35 35 35 34 34 22 22 22 22 21 21 39 39 40 40 43 43 40 40 41 41 43 43 41 41 42 42 43 43 36 36 37 37 43 43 10 10 11 11 39 39 24 24 25 25 41 41 11 11 12 12 39 39 38 38 8 8 43 43 26 26 42 42 41 41 13 13 14 14 39 39 27 27 28 28 42 42 14 14 15 15 39 39 16 16 40 40 39 39 17 17 18 18 40 40 31 31 32 32 42 42 32 32 33 33 43 43 20 20 41 41 40 40 33 33 34 34 43 43 21 21 22 22 41 41 7 7 9 9 43 43 35 35 36 36 43 43 45 45 44 44 46 46 14 14 13 13 44 44 28 28 27 27 46 46 15 15 14 14 44 44 15 15 44 44 45 45 30 30 46 46 47 47 18 18 17 17 45 45 32 32 31 31 47 47 33 33 32 32 47 47 34 34 33 33 47 47 8 8 47 47 44 44 22 22 21 21 45 45 9 9 7 7 44 44 36 36 35 35 47 47 10 10 9 9 44 44 37 37 36 36 47 47 23 23 45 45 46 46 11 11 10 10 44 44 25 25 24 24 46 46 12 12 11 11 44 44</p></triangles></mesh>
    </geometry>
    <geometry id="object_4_005-mesh" name="object_4.005">
      <mesh>
        <source id="object_4_005-mesh-slim-nrm"><float_array count="144" id="object_4_005-mesh-slim-nrm-array">-0.7748 0.4769 -0.415 -0.2122 0.543 -0.8125 0.4588 0.2661 -0.8478 0.8713 0.4821 -0.0912 0.6633 0.504 0.5532 -0.1291 0.7579 0.6395 -0.7686 0.5863 0.2559 0.4921 0.8595 0.1384 0.4409 0.8976 0.0052 0.7544 0.595 0.2771 0.9038 -0.0713 0.4219 0.7673 0.0474 0.6395 0.5028 0.1741 0.8467 0.2504 0.4149 0.8747 0.0739 0.8119 0.5791 -0.0105 0.889 0.4578 -0.0743 0.8824 0.4645 -0.2699 0.6494 0.7109 -0.4457 -0.1219 0.8868 -0.6713 -0.0705 0.7378 -0.8347 0.0746 0.5456 -0.8663 0.4131 0.2808 -0.5642 0.8242 0.048 -0.3855 0.9225 0.0208 -0.5245 0.8485 -0.07 -0.7677 0.5542 -0.3216 -0.8314 -0.1964 -0.5198 -0.7318 -0.255 -0.632 -0.5145 0.3552 -0.7804 -0.2479 0.7118 -0.6571 -0.0526 0.8678 -0.4941 0.0268 0.9028 -0.4293 0.1387 0.7653 -0.6285 0.2575 0.1799 -0.9494 0.4799 0.0003 -0.8773 0.7028 0.0793 -0.7069 0.8459 0.22 -0.4858 0.7641 0.606 -0.2214 0.4382 0.8958 -0.074 0.3942 -0.6301 0.669 -0.3736 -0.648 0.6637 -0.7745 -0.6317 0.0332 -0.2774 -0.6287 -0.7264 0.7262 -0.6018 -0.3324 0.6135 0.3665 0.6995 -0.6996 0.3657 0.6139 -0.6595 0.424 -0.6207 0.6495 0.3162 -0.6915</float_array><technique_common><accessor count="48" source="#object_4_005-mesh-slim-nrm-array" stride="3"><param type="float" name="X"/><param type="float" name="Y"/><param type="float" name="Z"/></accessor></technique_common></source><source id="object_4_005-mesh-slim-pos"><float_array count="144" id="object_4_005-mesh-slim-pos-array">3.615444 -0.19223 1.932501 0.985174 -0.192236 3.94317 -1.970363 -0.192234 3.686282 -4.079781 -0.192224 0.401825 -3.168973 -0.192213 -2.600704 0.784262 -0.192207 -3.883027 3.857695 -0.192219 -1.269582 4.119347 0.096024 0.819393 4.20005 0.096031 3e-06 3.880337 0.096024 1.607295 3.49221 0.096024 2.333429 2.969883 0.096024 2.96989 2.33342 0.096024 3.49222 1.607285 0.096016 3.880346 0.819386 0.096016 4.119356 -4e-06 0.096016 4.20006 -0.819397 0.096016 4.119356 -1.607296 0.096016 3.880346 -2.333431 0.096024 3.49222 -2.969891 0.096024 2.96989 -3.492222 0.096024 2.333428 -3.880348 0.096024 1.607295 -4.119358 0.096031 0.819393 -4.200058 0.096031 3e-06 -4.119358 0.096031 -0.819386 -3.880348 0.096039 -1.607288 -3.492222 0.096039 -2.333424 -2.969891 0.096039 -2.969883 -2.333431 0.096046 -3.492214 -1.607296 0.096046 -3.880341 -0.819397 0.096046 -4.119349 -4e-06 0.096046 -4.200054 0.819386 0.096046 -4.119349 1.607285 0.096046 -3.880341 2.33342 0.096046 -3.492214 2.969883 0.096039 -2.969883 3.49221 0.096039 -2.333424 3.880337 0.096039 -1.607288 4.119347 0.096031 -0.819386 2.099935 -2.480749 3.928704 -2.131699 -2.480748 3.731282 -4.418066 -2.480738 0.297905 -1.715294 -2.480722 -4.141101 4.290118 -2.480734 -1.940728 3.03364 0.494395 3.465334 -3.465336 0.494396 3.033649 -3.288866 0.494416 -3.088218 3.220864 0.494418 -3.434752</float_array><technique_common><accessor count="48" source="#object_4_005-mesh-slim-pos-array" stride="3"><param type="float" name="X"/><param type="float" name="Y"/><param type="float" name="Z"/></accessor></technique_common></source><vertices id="object_4_005-mesh-slim-pos-vertices">
          <input semantic="POSITION" source="#object_4_005-mesh-slim-pos"/>
        </vertices>
        <triangles count="245" material="Black_004-material"><input offset="0" semantic="VERTEX" source="#object_4_005-mesh-slim-pos-vertices"/><input offset="1" semantic="NORMAL" source="#object_4_005-mesh-slim-nrm"/><p>6 6 7 7 8 8 5 5 35 35 34 34 3 3 23 23 22 22 3 3 24 24 23 23 6 6 38 38 37 37 4 4 24 24 3 3 1 1 11 11 0 0 4 4 26 26 25 25 1 1 13 13 12 12 4 4 27 27 26 26 4 4 29 29 28 28 1 1 16 16 15 15 5 5 30 30 29 29 2 2 17 17 16 16 5 5 31 31 30 30 2 2 19 19 18 18 2 2 20 20 19 19 2 2 21 21 20 20 9 9 7 7 7 7 14 14 13 13 13 13 28 28 27 27 27 27 15 15 14 14 14 14 29 29 28 28 28 28 16 16 15 15 15 15 30 30 29 29 29 29 17 17 16 16 16 16 31 31 30 30 30 30 18 18 17 17 17 17 32 32 31 31 31 31 19 19 18 18 18 18 33 33 32 32 32 32 20 20 19 19 19 19 34 34 33 33 33 33 21 21 20 20 20 20 7 7 8 8 8 8 35 35 34 34 34 34 22 22 21 21 21 21 9 9 7 7 7 7 36 36 35 35 35 35 23 23 22 22 22 22 10 10 9 9 9 9 37 37 36 36 36 36 24 24 23 23 23 23 11 11 10 10 10 10 38 38 37 37 37 37 25 25 24 24 24 24 12 12 11 11 11 11 8 8 38 38 38 38 26 26 25 25 25 25 13 13 12 12 12 12 27 27 26 26 26 26 9 9 39 39 43 43 36 36 35 35 35 35 23 23 22 22 22 22 10 10 9 9 9 9 37 37 36 36 36 36 24 24 23 23 23 23 11 11 10 10 10 10 38 38 37 37 37 37 25 25 24 24 24 24 12 12 11 11 11 11 8 8 38 38 38 38 26 26 25 25 25 25 13 13 12 12 12 12 27 27 26 26 26 26 14 14 13 13 13 13 28 28 27 27 27 27 15 15 14 14 14 14 29 29 28 28 28 28 16 16 15 15 15 15 30 30 29 29 29 29 17 17 16 16 16 16 31 31 30 30 30 30 18 18 17 17 17 17 32 32 31 31 31 31 19 19 18 18 18 18 33 33 32 32 32 32 20 20 19 19 19 19 34 34 33 33 33 33 21 21 20 20 20 20 7 7 8 8 8 8 35 35 34 34 34 34 22 22 21 21 21 21 24 24 41 41 23 23 38 38 43 43 37 37 26 26 41 41 25 25 13 13 39 39 12 12 27 27 42 42 26 26 29 29 42 42 28 28 16 16 39 39 15 15 30 30 42 42 29 29 17 17 40 40 16 16 31 31 42 42 30 30 19 19 40 40 18 18 32 32 43 43 42 42 20 20 40 40 19 19 21 21 41 41 20 20 7 7 43 43 8 8 35 35 43 43 34 34 23 23 41 41 22 22 44 44 47 47 46 46 25 25 46 46 26 26 12 12 44 44 13 13 26 26 46 46 27 27 28 28 46 46 29 29 15 15 45 45 16 16 29 29 46 46 30 30 16 16 45 45 17 17 30 30 47 47 31 31 18 18 45 45 19 19 19 19 45 45 20 20 20 20 45 45 21 21 8 8 44 44 7 7 34 34 47 47 35 35 22 22 45 45 23 23 23 23 46 46 24 24 37 37 47 47 38 38 6 6 0 0 7 7 5 5 6 6 35 35 3 3 22 22 21 21 0 0 9 9 7 7 6 6 36 36 35 35 0 0 10 10 9 9 6 6 37 37 36 36 0 0 11 11 10 10 4 4 25 25 24 24 1 1 12 12 11 11 6 6 8 8 38 38 1 1 14 14 13 13 4 4 28 28 27 27 1 1 15 15 14 14 4 4 5 5 29 29 1 1 2 2 16 16 2 2 18 18 17 17 5 5 32 32 31 31 5 5 33 33 32 32 5 5 34 34 33 33 2 2 3 3 21 21 8 8 38 38 47 47 9 9 9 9 7 7 14 14 14 14 13 13 28 28 28 28 27 27 15 15 15 15 14 14 29 29 29 29 28 28 16 16 16 16 15 15 30 30 30 30 29 29 17 17 17 17 16 16 31 31 31 31 30 30 18 18 18 18 17 17 32 32 32 32 31 31 19 19 19 19 18 18 33 33 33 33 32 32 20 20 20 20 19 19 34 34 34 34 33 33 21 21 21 21 20 20 7 7 7 7 8 8 35 35 35 35 34 34 22 22 22 22 21 21 9 9 9 9 7 7 36 36 36 36 35 35 23 23 23 23 22 22 10 10 10 10 9 9 37 37 37 37 36 36 24 24 24 24 23 23 11 11 11 11 10 10 38 38 38 38 37 37 25 25 25 25 24 24 12 12 12 12 11 11 8 8 8 8 38 38 26 26 26 26 25 25 13 13 13 13 12 12 27 27 27 27 26 26 9 9 10 10 39 39 36 36 36 36 35 35 23 23 23 23 22 22 10 10 10 10 9 9 37 37 37 37 36 36 24 24 24 24 23 23 11 11 11 11 10 10 38 38 38 38 37 37 25 25 25 25 24 24 12 12 12 12 11 11 8 8 8 8 38 38 26 26 26 26 25 25 13 13 13 13 12 12 27 27 27 27 26 26 14 14 14 14 13 13 28 28 28 28 27 27 15 15 15 15 14 14 29 29 29 29 28 28 16 16 16 16 15 15 30 30 30 30 29 29 17 17 17 17 16 16 31 31 31 31 30 30 18 18 18 18 17 17 32 32 32 32 31 31 19 19 19 19 18 18 33 33 33 33 32 32 20 20 20 20 19 19 34 34 34 34 33 33 21 21 21 21 20 20 7 7 7 7 8 8 35 35 35 35 34 34 22 22 22 22 21 21 39 39 40 40 43 43 40 40 41 41 43 43 41 41 42 42 43 43 36 36 37 37 43 43 10 10 11 11 39 39 24 24 25 25 41 41 11 11 12 12 39 39 38 38 8 8 43 43 26 26 42 42 41 41 13 13 14 14 39 39 27 27 28 28 42 42 14 14 15 15 39 39 16 16 40 40 39 39 17 17 18 18 40 40 31 31 32 32 42 42 32 32 33 33 43 43 20 20 41 41 40 40 33 33 34 34 43 43 21 21 22 22 41 41 7 7 9 9 43 43 35 35 36 36 43 43 45 45 44 44 46 46 14 14 13 13 44 44 28 28 27 27 46 46 15 15 14 14 44 44 15 15 44 44 45 45 30 30 46 46 47 47 18 18 17 17 45 45 32 32 31 31 47 47 33 33 32 32 47 47 34 34 33 33 47 47 8 8 47 47 44 44 22 22 21 21 45 45 9 9 7 7 44 44 36 36 35 35 47 47 10 10 9 9 44 44 37 37 36 36 47 47 23 23 45 45 46 46 11 11 10 10 44 44 25 25 24 24 46 46 12 12 11 11 44 44</p></triangles></mesh>
    </geometry>
    <geometry id="object_4_010-mesh" name="object_4.010">
      <mesh>
        <source id="object_4_010-mesh-slim-nrm"><float_array count="4194" id="object_4_010-mesh-slim-nrm-array">0.5213 0.7203 -0.4576 0.216 0.5209 -0.8258 0.8717 0.1852 -0.4537 0.5688 0.1507 -0.8085 0.8197 -0.343 -0.4588 0.478 -0.745 -0.4653 0.4937 -0.3214 -0.8081 0.0254 -0.5584 -0.8292 -0.0047 -0.8851 -0.4653 -0 -0 -1 0.0001 0.8867 -0.4623 0.5183 0.7241 -0.4551 0.2167 0.5212 -0.8255 0.8717 0.1852 -0.4537 0.5688 0.1507 -0.8085 0.8197 -0.343 -0.4588 0.478 -0.745 -0.4653 0.4937 -0.3214 -0.8081 0.0253 -0.5583 -0.8292 -0.0104 -0.8849 -0.4657 -0.0037 0.0026 -1 0.5102 0.7279 -0.4581 0.4911 0.3503 -0.7976 0.8705 0.1779 -0.4589 0.8154 -0.3479 -0.4627 0.5909 -0.0996 -0.8006 0.4819 -0.7449 -0.4614 0.3304 -0.4898 -0.8068 0.0009 -0.8869 -0.4619 0.1154 0.5987 -0.7926 -0.002 0.0042 -1 0.0001 0.8867 -0.4623 0.5213 0.7203 -0.4577 0.216 0.5209 -0.8258 0.8717 0.1852 -0.4537 0.5688 0.1507 -0.8085 0.8197 -0.343 -0.4588 0.478 -0.745 -0.4653 0.4937 -0.3214 -0.8081 -0.0047 -0.8851 -0.4653 -0 -0 -1 0.129 0.3936 0.9102 0.1705 0.4621 0.8703 0.3313 0.4921 0.805 0.4665 0.4934 0.7342 0.6253 0.4679 0.6246 0.7167 0.3865 0.5805 0.7387 0.4665 0.4865 0.8161 0.4865 0.312 0.8612 0.4768 0.1762 0.8882 0.4594 -0.0037 0.9223 0.3863 -0.0093 0.8594 0.4816 -0.1715 0.8138 0.489 -0.314 0.7476 0.4581 -0.4808 0.6917 0.3867 -0.61 0.6244 0.4566 -0.6338 0.4661 0.4908 -0.7361 0.3325 0.4902 -0.8057 0.1686 0.4637 -0.8698 0.164 0.3886 -0.9067 -0.0064 0.4613 0.8872 -0.0085 0.4695 -0.8829 0.1726 0.4215 0.8903 0.7439 0.4472 0.4967 0.0521 0.4636 -0.8845 0.7988 0.4843 -0.3569 0.3187 -0.8097 0.4928 0.2046 -0.8318 -0.516 0.1239 0.3881 0.9133 0.1727 0.4652 0.8682 0.3293 0.4979 0.8023 0.4637 0.4928 0.7363 0.6259 0.4542 0.634 0.7201 0.381 0.5799 0.7481 0.462 0.4763 0.809 0.4988 0.311 0.8576 0.4822 0.1788 0.89 0.4561 -0.0005 0.9224 0.386 -0.0161 0.8598 0.4793 -0.1759 0.8131 0.491 -0.3126 0.7455 0.4614 -0.481 0.6938 0.3876 -0.607 0.6271 0.4566 -0.6311 0.466 0.4876 -0.7383 0.332 0.4898 -0.8061 0.168 0.4645 -0.8695 0.164 0.3886 -0.9067 -0.0044 0.4582 0.8889 -0.0084 0.4709 -0.8821 0.332 0.4454 0.8315 0.8618 0.4508 0.2324 0.0317 0.4562 -0.8893 0.7238 0.4725 -0.5029 0.3494 -0.8113 0.4687 0.5621 -0.8262 -0.037 0.2069 -0.8216 -0.5312 0.031 0.3845 0.9226 0.176 0.4839 0.8572 0.3092 0.4868 0.817 0.5115 0.3845 0.7685 0.4852 0.4588 0.7443 0.6307 0.4797 0.61 0.8241 0.3845 0.4158 0.7274 0.4788 0.4915 0.822 0.4712 0.3197 0.8633 0.4757 0.1683 0.8891 0.4576 0.0034 0.9207 0.3887 -0.0348 0.8655 0.4701 -0.173 0.8092 0.4916 -0.3219 0.7458 0.468 -0.4742 0.6988 0.3805 -0.6057 0.6295 0.4519 -0.6321 0.4648 0.4853 -0.7406 0.3281 0.4958 -0.8041 0.1708 0.4684 -0.8669 0.1474 0.3864 -0.9105 0.0012 0.459 0.8884 -0.0075 0.4691 -0.8831 0.7191 0.4569 0.5236 0.4979 0.4643 -0.7325 0.8785 0.443 -0.1788 -0.1863 0.4586 -0.8689 0.5607 -0.8273 -0.0356 0.3301 -0.8046 -0.4937 -0.1198 -0.8088 -0.5757 0.5428 -0.7052 0.4561 0.4666 -0.3416 0.8158 0.8885 0.0676 0.454 0.5202 0.1937 0.8318 0.1525 0.5632 0.8121 0.3265 0.832 0.4486 -0.0254 -0.5587 0.829 0.0053 0.0073 1 0.0047 -0.8851 0.4655 0.5445 -0.7044 0.4553 0.4892 -0.3487 0.7994 0.8915 0.0712 0.4474 0.5737 0.1142 0.8111 0.2366 0.4942 0.8365 0.3317 0.8322 0.4443 0.1142 -0.5961 0.7947 0.0053 0.0073 1 0.0016 -0.8871 0.4616 0.5362 -0.7129 0.4519 0.4657 -0.3412 0.8165 0.8895 0.0231 0.4563 0.5226 0.1923 0.8306 0.1551 0.5674 0.8087 -0 0.8868 0.4622 -0.0284 -0.5535 0.8323 0.0036 -0.0039 1 0.5243 0.7172 0.4591 0.5336 -0.7151 0.4516 0.4924 -0.3295 0.8056 0.8881 0.0234 0.4591 0.5226 0.1923 0.8306 0.1567 0.5682 0.8079 -0.1367 0.8767 0.4611 0.1154 -0.5982 0.793 0.5061 0.7318 0.4564 0.0034 -0.0027 1 0.531 -0.7153 0.4543 0.4924 -0.3294 0.8056 0.8901 0.0296 0.4547 0.5169 0.7218 0.4602 0.5069 0.2031 0.8377 -0.0064 0.8851 0.4654 0.1154 -0.5983 0.793 0.0029 -0.002 1 0.5267 0.7174 -0.456 0.4919 0.329 -0.8061 0.8907 -0.0296 -0.4535 0.5168 -0.722 -0.46 0.5218 -0.192 -0.8311 0.1552 -0.5667 -0.8092 -0.0106 -0.8862 -0.4631 0.1154 0.5977 -0.7934 0.0026 0.0021 -1 0.535 0.713 -0.4532 0.4917 0.3286 -0.8064 0.8922 -0.038 -0.45 0.5059 -0.2026 -0.8385 0.1154 0.5976 -0.7934 0.0057 0.0034 -1 0.5202 -0.7197 -0.4598 -0.0025 -0.8853 -0.4651 0.536 0.7143 -0.45 0.1942 0.5155 -0.8346 0.5703 0.1543 -0.8068 0.8892 -0.0228 -0.457 0.5109 -0.3159 -0.7995 0.1371 -0.5844 -0.7998 -0.0033 -0.8863 -0.4631 0.0019 0.003 -1 0.524 -0.718 -0.4581 0.5344 0.7148 -0.4511 0.4919 0.329 -0.8061 0.8885 -0.0235 -0.4583 0.506 -0.2029 -0.8384 -0.0025 -0.8853 -0.4651 0.1153 0.5976 -0.7935 0.0019 0.003 -1 0.5242 -0.7182 -0.4577 0.005 -0.8843 0.4669 0.5486 -0.7015 0.4549 0.4642 -0.3605 0.8091 0.8945 0.0453 0.4447 0.5742 0.1151 0.8106 0.2403 0.4959 0.8345 -0.0079 0.886 0.4636 -0.0254 -0.5587 0.829 0.5274 0.7174 0.4552 0.0047 -0.8851 0.4655 0.5428 -0.7052 0.4561 0.4643 -0.3611 0.8087 0.8901 0.0716 0.4501 0.5738 0.1159 0.8107 0.2379 0.4937 0.8365 0.3303 0.8321 0.4455 -0.0254 -0.5587 0.829 0.0053 0.0073 1 0.5443 -0.7063 0.4526 0.4651 -0.3407 0.8171 0.888 0.0651 0.4552 0.5192 0.1928 0.8326 0.1531 0.5626 0.8125 0.3282 0.8327 0.446 -0.0281 -0.553 0.8327 0.0064 0.0028 1 0.0013 -0.887 0.4618 0.5438 -0.7043 0.4563 0.4919 -0.329 0.8061 0.8895 0.0681 0.4518 0.5193 0.1928 0.8326 0.153 0.5626 0.8125 0.3279 0.832 0.4475 0.1141 -0.5969 0.7941 0.0053 0.0073 1 0.5427 -0.7073 0.453 0.1939 -0.5151 0.8349 0.5702 -0.1547 0.8068 0.8912 0.0288 0.4527 0.5169 0.7217 0.4603 0.5109 0.3162 0.7994 0.1371 0.5844 0.7998 -0.0106 0.8862 0.4631 0.0021 -0.0023 1 0.0013 -0.887 0.4618 0.5438 -0.7043 0.4563 0.4919 -0.329 0.8061 0.8895 0.0681 0.4518 0.5193 0.1928 0.8326 0.153 0.5626 0.8125 0.3279 0.832 0.4475 0.1141 -0.5969 0.7941 0.0053 0.0073 1 -0.7552 -0.0181 -0.6552 -0.7538 -0.0019 0.6571 -0.6469 -0.3859 -0.6577 -0.3692 -0.6579 -0.6564 -0.3038 -0.6877 0.6593 -0.6412 -0.4209 0.6417 0.0141 -0.7529 0.658 -0.0064 -0.7548 -0.656 -0.0168 -0.7509 -0.6602 0.0047 -0.7554 0.6553 -0.0241 0.6482 -0.7611 -0.0371 0.9993 -0 -0.0187 0.6507 0.7591 -0.4676 0.4514 -0.76 -0.2467 0.6091 -0.7538 -0.2467 0.6091 0.7538 -0.4631 0.4631 0.7557 -0.6092 0.2472 0.7535 -0.6124 0.1749 -0.7709 -0.6817 0.0638 0.7288 0.0282 0.9996 0 0.0264 0.6471 -0.7619 0.0184 0.651 0.7589 0.4631 -0.7557 -0.4631 0.6091 -0.7538 -0.2467 0.649 0.7139 -0.2629 0.4947 0.7145 -0.4947 -0 -0.7518 -0.6594 0.2467 -0.7538 -0.6091 0.2629 0.7139 -0.649 -0.2467 -0.7538 -0.6091 -0.2629 0.7139 -0.649 -0.6091 -0.7538 -0.2467 -0.4631 -0.7557 -0.4631 -0.4947 0.7145 -0.4947 -0.649 0.7139 -0.2629 -0.6594 -0.7518 -0 0.6594 -0.7518 -0 0.7008 0.7134 -0 -0.7008 0.7134 -0 0.4631 -0.7557 -0.4631 0.6091 -0.7538 -0.2467 0.649 0.7139 -0.2629 0.4947 0.7145 -0.4947 -0 -0.7518 -0.6594 0.2467 -0.7538 -0.6091 0.2629 0.7139 -0.649 -0 0.7134 -0.7008 -0.2467 -0.7538 -0.6091 -0.2629 0.7139 -0.649 -0.6091 -0.7538 -0.2467 -0.4631 -0.7557 -0.4631 -0.4947 0.7145 -0.4947 -0.649 0.7139 -0.2629 -0.6594 -0.7518 -0 0.6594 -0.7518 -0 0.7008 0.7134 -0 -0.7008 0.7134 -0 -0.9891 -0.1199 0.0858 -0.6085 -0.1803 -0.7728 -0.6137 0.1656 -0.772 -0.7078 0.0006 0.7065 -0.9999 0.0115 0.0042 -0.9983 -0.0585 0.0007 -0.6124 -0.1752 0.7709 -0.7068 -0.0017 0.7074 -0.9883 -0.1262 0.0858 -0.7068 0.0002 0.7074 -0.7063 0.0013 -0.7079 -0.9871 0.1327 0.0892 -0.682 -0.0607 -0.7289 -0.7067 0 0.7075 -0.7069 0 0.7074 -0.7068 -0.0001 0.7074 -0.9882 -0.1275 0.0848 -0.7069 0 0.7074 -0.682 -0.06 0.7289 -0.9982 -0.0489 0.0335 -0.6222 0.1618 -0.766 -0.6697 -0.0831 -0.7379 0.0835 0.6696 -0.738 0.0678 0.6792 0.7309 -0.122 0.9892 0.0812 0.0003 0.7064 0.7078 0.0001 0.7069 0.7073 0.1427 0.9854 0.0925 0.0068 1 0.0019 -0.047 0.9984 0.0301 0.1686 0.6155 -0.7699 0.0006 0.707 -0.7072 0 0.7071 -0.7071 0 0.7071 -0.7071 0 0.7071 -0.7071 -0.0644 0.6816 -0.7289 0.0214 0.9998 0.001 -0.0656 0.679 -0.7312 0.1759 0.6127 -0.7705 0 0.7071 0.7071 0 0.7071 0.7071 0 0.7071 0.7071 -0.0004 0.7068 0.7074 -0.0014 0.7075 0.7067 0.0005 0.7068 0.7074 -0.0867 0.6702 0.7371 -0.326 -0.8909 0.3163 0 -0.7071 0.7071 -0.314 -0.8977 -0.309 -0 -1 0 -0 -1 0 0.0747 -0.6691 0.7394 0.6005 -0.7992 -0.0247 -0.3291 -0.8127 -0.4809 0 -0.7071 0.7071 0.3036 -0.9023 -0.306 0.1162 -0.9932 0.0014 -0.5551 -0.8306 0.0451 0 -0.7071 0.7071 -0 -0.7071 0.7071 0.3254 -0.815 0.4795 -0.1965 -0.8206 0.5366 0.0001 -0.7071 -0.7071 -0.3283 -0.8937 -0.3058 0.3281 -0.894 0.305 0 -0.7071 0.7071 -0.3291 -0.8127 -0.4809 -0.5551 -0.8306 0.0451 -0.1861 -0.8289 0.5276 0.2817 -0.8545 -0.4365 0 -0.7071 0.7071 -0.4859 -0.8027 -0.3459 -0.5702 -0.809 0.1427 -0.1987 -0.8169 0.5415 -0 -0.7071 0.7071 0 -0.7071 0.7071 0 -0.7071 0.7071 0 -0.7071 0.7071 -0.089 -0.996 -0.0025 -0.0644 -0.6816 0.7289 -0.313 -0.8956 -0.316 0.6479 -0.7527 -0.117 -0.6755 -0.735 0.0587 0.6822 -0.7285 0.0626 0.0868 -0.6701 -0.7372 -0.3044 -0.9037 0.301 -0 -0.7071 -0.7071 0.314 -0.8964 0.313 0 -0.7071 -0.7071 -0 -0.7071 -0.7071 -0.5876 -0.7627 0.2702 0.581 -0.7668 0.2729 -0.2349 -0.8108 0.5362 0 -0.7071 -0.7071 -0.3113 -0.8981 0.3107 0.6091 -0.7538 0.2467 -0.6091 -0.7538 0.2467 0 -1 -0 -0.1075 -0.7283 0.6768 -0.6091 -0.7538 0.2467 -0 -0.7071 -0.7071 0.2467 -0.7538 0.6091 0.4631 -0.7557 0.4631 -0 -0.7518 0.6594 0.2483 -0.8191 0.5171 0 -0.7071 -0.7071 0.6091 -0.7538 0.2467 -0.4631 -0.7557 0.4631 0.2467 -0.7538 0.6091 0 -0.7071 -0.7071 0.4631 -0.7557 0.4631 -0.4631 -0.7557 0.4631 -0.0012 -0.7066 -0.7076 -0.2467 -0.7538 0.6091 -0 -0.7518 0.6594 0 -0.7071 -0.7071 -0.2467 -0.7538 0.6091 -0.0782 -0.675 -0.7336 0.9986 -0.0444 0.0294 0.6127 -0.1748 -0.7708 0.6816 0.0617 -0.7291 0.6144 0.1708 0.7703 0.7051 0.0026 -0.7091 0.6159 -0.1665 -0.7701 0.7071 0 0.7071 0.7071 -0 0.7071 0.9985 -0.0454 0.0298 0.7056 0.0038 0.7086 0.7065 -0.0006 0.7078 0.7067 0.0005 0.7075 0.7071 0 0.7071 0.7067 0.0021 -0.7075 0.7061 -0.004 -0.7081 0.6126 -0.176 -0.7705 0.9985 0.0465 0.0299 0.7071 -0 0.7071 0.7071 -0 0.7071 0.7071 0 0.7071 0.7071 0 0.7071 0.7071 -0 0.7071 0.6818 -0.064 0.7287 -0.7276 -0.1136 0.6766 -0.6297 -0.2278 0.7427 -0.5148 -0.5231 0.6792 -0.6579 -0.3422 0.6709 -0.5206 -0.4157 0.7458 -0.3843 -0.5582 0.7353 -0.3344 -0.6616 0.6712 -0.2195 -0.6354 0.7403 0.3019 0.9039 -0.3032 0.2999 -0.9063 0.2978 -0.3062 0.8992 0.3126 -0.3021 -0.904 -0.3024 0.3021 0.903 -0.3054 0.3014 -0.9048 -0.3007 0.5062 0.8258 0.2485 -0.3031 0.9036 0.3028 -0.5791 0.7915 -0.1954 -0.0701 0.542 0.8375 -0.6976 0.7165 0.0009 -0.98 0.1671 0.1078 -0.9799 0.1652 -0.112 -0.0713 0.5451 -0.8354 0.3109 0.8978 -0.312 -0.4947 0.7145 0.4947 -0.2629 0.7139 0.649 -0.649 0.7139 0.2629 -0 0.7134 0.7008 0.2629 0.7139 0.649 0.4947 0.7145 0.4947 0.649 0.7139 0.2629 -0.4947 0.7145 0.4947 -0.2629 0.7139 0.649 -0.649 0.7139 0.2629 -0.0044 0.712 0.7021 0.2675 0.7126 0.6486 0.4947 0.7145 0.4947 0.649 0.7139 0.2629 0.3218 0.8962 0.3052 -0.1216 0.0046 -0.9926 -0.0007 0.7071 -0.7071 0 0.7071 -0.7071 0.1228 0.0033 -0.9924 0.0007 0.7071 -0.7071 0.3307 0.8929 -0.3057 -0.3309 0.8921 -0.3077 0.1065 0.0121 0.9942 0.0001 0.7071 0.7071 -0.089 0.0285 0.9956 -0.2605 0.8197 0.51 0.304 -0.9047 -0.2987 0.3028 0.9021 0.3075 -0.3009 0.9049 -0.301 0.112 0.7233 -0.6814 0.199 0.6678 0.7173 -0.2489 0.6093 -0.7529 -0.3147 0.557 0.7686 -0.4636 0.4636 -0.7551 -0.6472 -0.0265 -0.7619 -0.6096 0.2466 -0.7534 -0.549 0.3293 0.7682 -0.6393 0.0152 0.7688 -0.6677 -0.1951 0.7184 -0.1023 0.7349 -0.6704 -0.3354 0.6592 -0.6731 -0.3354 0.6592 0.6731 -0.109 0.7323 0.6722 -0.5224 0.5224 0.6739 -0.5224 0.5224 -0.6739 0.1291 0.7283 0.673 -0.6592 0.3354 -0.6731 -0.7349 0.1023 -0.6704 -0.7323 0.109 0.6722 -0.6592 0.3354 0.6731 -0.7233 -0.112 -0.6814 -0.7283 -0.1291 0.673 0.6364 0.009 -0.7713 0.7167 -0.1178 -0.6874 0.549 0.3293 -0.7682 0.6096 0.2466 0.7534 0.3147 0.557 -0.7686 0.4636 0.4636 0.7551 0.2489 0.6093 0.7529 0.6508 -0.0188 0.759 0.7394 0.0895 -0.6673 0.6589 0.3356 -0.6732 0.6912 0.28 0.6663 0.749 -0.0212 0.6623 0.5283 0.5283 0.6647 0.5224 0.5224 -0.6739 0.28 0.6912 0.6663 0.3356 0.6589 -0.6732 -0.0212 0.7489 0.6623 0.0915 0.7387 -0.6678 -0.1193 0.7179 -0.6859 0.4631 0.4631 -0.7557 0.6093 0.2473 -0.7534 0.4687 0.4482 0.7612 0.2467 0.6091 -0.7538 0.2467 0.6091 0.7538 -0.0184 -0.651 -0.7589 0.2467 -0.6091 -0.7538 -0.0184 -0.651 0.7589 0.2467 -0.6091 0.7538 0.4676 -0.4514 -0.76 0.4631 -0.4631 0.7557 0.6092 -0.2472 0.7535 0.3084 -0.6853 -0.6598 0.372 -0.6581 0.6546 0.6411 -0.4229 -0.6404 0.6483 -0.3885 0.6548 0.754 -0.0041 -0.6569 0.7564 -0.017 0.6538 0.3146 -0.557 -0.7686 0.549 -0.3293 -0.7682 0.236 -0.6077 0.7583 0.4636 -0.4636 0.7551 0.6389 -0.0143 -0.7692 0.6522 0.0162 0.7578 0.6096 -0.2464 0.7534 -0.4725 0.437 -0.7654 -0.2467 0.6091 -0.7538 -0.4664 0.4544 0.759 -0.6093 0.177 0.7729 -0.1325 0.6946 -0.7071 -0.2467 0.6091 0.7538 -0.6108 -0.1763 -0.7719 -0.4669 -0.4529 -0.7595 -0.4676 -0.4511 0.7602 -0.2467 -0.6091 0.7538 -0.2467 -0.6091 -0.7538 -0.1325 -0.6946 0.7071 -0.2801 0.6916 -0.6657 -0.5286 0.5286 -0.6642 -0.6916 0.2801 -0.6657 -0.6916 0.2801 0.6657 -0.5286 0.5286 0.6642 -0.7448 -0 0.6673 -0.7448 -0 -0.6673 -0.2801 0.6916 0.6657 -0.6916 -0.2801 -0.6657 -0.5286 -0.5286 -0.6642 -0.5286 -0.5286 0.6642 -0.6916 -0.2801 0.6657 -0.2801 -0.6916 -0.6657 -0.2801 -0.6916 0.6657 -0.5528 -0.3312 -0.7647 -0.6412 -0.013 -0.7672 -0.651 0.0189 0.7588 -0.6114 -0.2458 0.7522 -0.3167 -0.5613 -0.7646 -0.449 -0.472 0.7587 -0.1323 -0.9876 0.0841 -0.5605 -0.3141 -0.7663 -0.3312 -0.5528 -0.7647 -0.609 -0.2446 0.7545 -0.4653 -0.4651 0.7532 -0.0124 -0.6412 -0.7672 -0.2458 -0.6114 0.7522 0.0188 -0.6513 0.7586 -0.6677 0.0881 -0.7392 0.6589 -0.3425 -0.6698 0.729 -0.1091 -0.6758 -0.5984 0.29 -0.7469 0.5234 -0.5113 -0.6817 0.7073 -0.0003 -0.7069 -0.7071 0 -0.7071 -0.7071 -0 -0.7071 0.2564 -0.6849 -0.682 0.0869 -0.7265 -0.6816 -0.27 0.6192 -0.7374 0.4003 -0.6087 -0.685 -0.0001 0.7071 -0.7071 -0.0957 0.6625 -0.7429 -0.442 0.4904 -0.7511 -0.6632 -0.086 -0.7434 0.7275 0.0926 -0.6798 0.6823 0.2604 -0.6831 -0.6227 -0.2728 -0.7334 0.6087 0.4003 -0.685 -0.4797 -0.4562 -0.7495 0.5113 0.5234 -0.6817 -0.2864 -0.6004 -0.7466 0.3502 0.6522 -0.6723 0.1515 0.7151 -0.6824 -0.0813 -0.6663 -0.7412 -0 -0.7071 -0.7071 -0 0.7071 -0.7071 0 -0.7071 -0.7071 0.0004 -0.7078 -0.7064 0 0.7071 -0.7071 0 0.7071 -0.7071 -0.1124 -0.7293 -0.6748 -0.3449 -0.6568 -0.6706 0.2296 0.6414 -0.7321 0.0754 0.6691 -0.7394 0.3764 0.5536 -0.7429 -0.5113 -0.5234 -0.6817 0.5016 0.4709 -0.7257 -0.6202 -0.3897 -0.6808 -0.7105 -0.2016 -0.6743 0.5956 0.3017 -0.7445 0.6617 0.0894 -0.7444 -0.7071 0.0002 -0.7071 0.7071 0 -0.7071 0.0001 -0.7071 -0.7071 -0.516 0.523 -0.6784 -0.3349 0.6611 -0.6714 0.4385 -0.5139 -0.7373 0.3083 -0.5897 -0.7464 -0.1076 0.7278 -0.6773 0.0977 -0.6619 -0.7432 0.7071 -0 -0.7071 -0.7293 0.1129 -0.6748 0.5648 -0.3629 -0.7411 -0.6566 0.3452 -0.6706 0.6444 -0.2346 -0.7278 0.6691 -0.0754 -0.7394 0.634 0.2462 0.7331 0.6733 0.0854 0.7344 -0.6558 -0.3459 0.6711 0.5172 0.4203 0.7455 -0.5234 -0.5113 0.6817 -0.7288 -0.1137 0.6752 -0.7072 -0.0003 0.7071 0.7071 -0 0.7071 -0.0866 -0.7265 0.6817 -0.2562 -0.685 0.682 0.3184 0.5858 0.7453 -0.4003 -0.6087 0.685 0.0997 0.6658 0.7394 -0.0002 -0.7076 0.7066 0 0.7071 0.7071 0.1124 -0.7294 0.6748 -0 0.7071 0.7071 -0.7073 0.0004 0.7069 0.6636 -0.1022 0.7411 -0.7265 0.0871 0.6816 -0.6848 0.2565 0.6821 0.582 -0.3149 0.7497 -0.6087 0.4003 0.685 -0.516 0.5153 0.6843 0.4812 -0.4714 0.739 -0.3886 0.6207 0.6809 0.2924 -0.5985 0.7459 0.0934 -0.6692 0.7372 -0.1986 0.7119 0.6737 0 0.7071 0.7071 -0 -0.7071 0.7071 -0.0976 0.6696 0.7363 0.3449 -0.6568 0.6706 -0.2974 0.5944 0.7472 0.6087 -0.4003 0.685 -0.5051 0.4324 0.7469 0.5113 -0.5234 0.6817 0.6823 -0.2604 0.6831 -0.6291 0.2486 0.7365 0.7275 -0.0926 0.6798 -0.6672 0.0985 0.7383 -0.7071 0 0.7071 -0.7071 0 0.7071 0.7073 0.0001 0.7069 -0.7071 -0 0.7071 -0.0997 -0.6658 0.7394 0 0.7071 0.7071 0.4003 0.6087 0.685 0.256 0.6851 0.682 -0.3184 -0.5858 0.7453 0.087 0.7259 0.6823 -0.6736 -0.0867 0.734 0.5234 0.5113 0.6817 -0.5172 -0.4203 0.7455 -0.634 -0.2464 0.733 0.659 0.3424 0.6697 -0.7182 -0.0415 -0.6946 -0.0003 0.7093 0.7049 0.0836 0.7442 0.6627 0 0.7071 0.7071 0 0.7071 0.7071 0.6139 0.7748 0.1512 0.2853 0.7539 0.5918 0.4888 0.7593 0.4297 0 0.7071 0.7071 0 0.7071 0.7071 0 0.7071 0.7071 -0.0422 0.7207 0.692 -0.2188 0.7516 0.6223 -0.4359 0.7561 0.4882 -0.6663 0.741 0.0835 -0.5938 0.752 0.2861 0.0323 0.7161 -0.6973 -0.7057 0.7085 0.0002 0.7053 0.7089 -0.0003 -0.039 0.7176 0.6954 0.662 0.744 -0.091 0.513 0.7882 -0.3399 0.2899 0.7833 -0.5498 0.0594 0.7551 -0.6529 0 0.7071 -0.7071 0 0.7071 -0.7071 0 0.7071 -0.7071 0 0.7071 -0.7071 -0.5647 0.7558 -0.3316 -0.2088 0.7365 -0.6434 -0.3838 0.76 -0.5245 -0.6562 0.7483 -0.0969 0.0003 0.7076 -0.7067 0 0.7095 -0.7047 -0.0141 0.7727 -0.6347 0.729 0.1089 0.6758 -0.2467 0.6091 -0.7538 -0.4687 0.4482 -0.7612 -0.4662 0.4547 0.7588 -0.9836 0.1509 0.0983 -0.2467 0.6091 0.7538 -0.4693 -0.4462 -0.7621 -0.6148 -0.1687 -0.7704 -0.4704 -0.4431 0.7632 -0.2467 -0.6091 0.7538 -0.2467 -0.6091 -0.7538 -0.2801 0.6916 -0.6657 -0.2801 0.6916 0.6657 -0.5286 0.5286 -0.6642 -0.5544 0.5109 0.657 -0.6905 0.2809 -0.6665 -0.7447 -0.002 -0.6674 -0.7027 -0.2639 0.6608 -0.6925 -0.2795 -0.665 -0.2801 -0.6916 -0.6657 -0.2801 -0.6916 0.6657 -0.5286 -0.5286 0.6642 -0.5286 -0.5286 -0.6642 -0.7528 0.1354 0.6442 -0.708 0.0009 0.7062 -0.3107 0.5064 0.8044 -0.488 -0.3223 0.8112 -0.5805 0.1377 0.8025 0.6094 -0.2478 0.7531 0.4631 -0.4631 0.7557 0.2467 -0.6091 0.7538 0.609 0.2476 0.7536 0.4631 0.4627 0.7559 0.2467 0.6091 0.7538 0.2801 -0.6916 0.6657 -0.3143 0.5076 0.8022 0.5286 -0.5286 0.6642 0.6916 -0.2801 0.6657 -0.5716 0.1112 0.8129 0.7448 0 0.6673 -0.3651 -0.383 0.8485 0.2801 0.6916 0.6657 0.5286 0.5286 0.6642 0.6916 0.2801 0.6657 0.2467 -0.6091 -0.7538 0.4695 -0.4461 -0.7619 0.2801 -0.6916 -0.6657 0.5286 -0.5286 -0.6642 0.6916 -0.2801 -0.6657 0.7448 0 -0.6673 0.6916 0.2801 -0.6657 0.5286 0.5286 -0.6642 0.2801 0.6916 -0.6657 0.6084 0.1793 -0.7731 0.4656 0.4564 -0.7582 0.2467 0.6091 -0.7538 -0.2467 0.6091 -0.7538 -0.4719 0.4391 -0.7646 -0.4676 0.4508 0.7603 -0.6213 0.1637 -0.7663 -0.2467 0.6091 0.7538 -0.6095 -0.2479 -0.753 -0.4631 -0.4631 -0.7557 -0.4702 -0.4442 0.7626 -0.2467 -0.6091 0.7538 -0.2467 -0.6091 -0.7538 -0.2801 0.6916 -0.6657 -0.5286 0.5286 -0.6642 -0.6916 0.2801 -0.6657 -0.6916 0.2801 0.6657 -0.5286 0.5286 0.6642 -0.7448 -0 -0.6673 -0.2801 0.6916 0.6657 -0.6916 -0.2801 -0.6657 -0.5286 -0.5286 -0.6642 -0.5286 -0.5286 0.6642 -0.6916 -0.2801 0.6657 -0.2801 -0.6916 -0.6657 -0.2801 -0.6916 0.6657 -0.7448 -0 0.6673 -0.3202 0.487 0.8126 -0.3405 -0.4638 0.8179 -0.5478 0.0225 0.8363 0.709 -0.0081 0.7051 0.6093 -0.2473 0.7534 0.4631 -0.4631 0.7557 0.2467 -0.6091 0.7538 0.9897 0.1137 0.0869 0.473 0.436 0.7656 0.2467 0.6091 0.7538 0.2801 -0.6916 0.6657 -0.3202 0.487 0.8126 0.5286 -0.5286 0.6642 0.6916 -0.2801 0.6657 0.7448 -0 0.6673 -0.3405 -0.4638 0.8179 0.2801 0.6916 0.6657 -0.5478 0.0225 0.8363 0.5286 0.5286 0.6642 0.6916 0.2801 0.6657 0.2467 -0.6091 -0.7538 0.4676 -0.4516 -0.7599 0.2801 -0.6916 -0.6657 0.5286 -0.5286 -0.6642 0.6916 -0.2801 -0.6657 0.7448 -0 -0.6673 0.6916 0.2801 -0.6657 0.5286 0.5286 -0.6642 0.2801 0.6916 -0.6657 0.6085 0.1809 -0.7727 0.4656 0.4564 -0.7582 0.2467 0.6091 -0.7538 -0.6091 0.2467 0.7538 -0.2801 0.6916 0.6657 -0.2467 0.6091 0.7538 -0.4631 0.4631 0.7557 -0.6916 0.2801 0.6657 -0.5286 0.5286 0.6642 -0 0.7448 0.6673 -0.2895 0.5086 0.8109 0.154 0.9838 0.0922 0.4551 0.4661 0.7587 0.6091 0.2467 0.7538 0.6916 0.2801 0.6657 -0.4938 -0.3212 0.8081 0.5286 0.5286 0.6642 0.2801 0.6916 0.6657 -0.5811 0.1374 0.8022 0.6916 0.2801 -0.6657 0.5286 0.5286 -0.6642 0.2801 0.6916 -0.6657 0 0.7448 -0.6673 -0.2801 0.6916 -0.6657 -0.5286 0.5286 -0.6642 -0.6916 0.2801 -0.6657 -0.2467 0.6091 -0.7538 -0.4631 0.4631 -0.7557 -0.6091 0.2467 -0.7538 0.6091 0.2467 -0.7538 0.4513 0.4676 -0.7601 -0.1802 0.6084 -0.7729 -0.4564 0.4656 -0.7582 -0.4367 0.4728 0.7653 -0.6091 0.2467 -0.7538 0.6916 0.2801 -0.6657 0.6916 0.2801 0.6657 0.5286 0.5286 -0.6642 0.5286 0.5286 0.6642 0.2801 0.6916 -0.6657 0.2801 0.6916 0.6657 -0 0.7448 0.6673 -0 0.7448 -0.6673 -0.2801 0.6916 -0.6657 -0.5286 0.5286 -0.6642 -0.6916 0.2801 -0.6657 -0.6916 0.2801 0.6657 -0.5286 0.5286 0.6642 0.4468 0.4692 -0.7617 0.6091 0.2467 -0.7538 0.6091 0.2467 0.7538 0.4544 0.4663 0.759 -0.6091 0.2467 0.7538 -0.2801 0.6916 0.6657 -0.2869 0.5073 0.8126 -0.4945 -0.3263 0.8056 -0.5833 0.1424 0.7997 -0.6712 0.2941 -0.6804 -0.5508 -0.0248 -0.8343 -0.5541 0.4994 -0.666 -0.716 0.0015 -0.6981 -0.7268 0.1158 -0.677 -0.3414 0.468 -0.8151 -0.3235 0.668 -0.6702 -0.3238 -0.4882 -0.8104 -0.7071 0 -0.7071 -0.7071 0 -0.7071 -0.7071 0 -0.7071 -0.7071 -0 -0.7071 -0.3315 0.4922 -0.8049 -0.1085 0.7239 -0.6813 -0.0023 0.7142 -0.6999 -0 0.7071 -0.7071 -0.591 0.0997 -0.8005 -0.3079 0.4909 -0.815 -0.4645 -0.362 -0.8082 -0.5925 0.0983 -0.7995 -0.4912 -0.3505 -0.7975 -0.7071 0 -0.7071 -0.7071 0 -0.7071 -0.4656 -0.4564 -0.7582 -0.2467 -0.6091 -0.7538 -0.2467 0.6091 -0.7538 -0.2801 -0.6916 -0.6657 -0.2801 0.6916 -0.6657 -0.114 -0.5979 -0.7934 -0.7103 -0.0006 -0.7039 -0.6216 0.1581 -0.7673 -0.4718 0.4403 -0.7639 -0.7141 -0.0003 -0.7 -0.7201 -0.1049 -0.6859 -0.6831 -0.2484 -0.6868 -0.4632 -0.3615 -0.8092 -0.622 -0.3996 -0.6733 -0.4767 -0.5588 -0.6786 0.0438 -0.5419 -0.8393 -0.5286 -0.5286 -0.6642 -0.5501 0.5134 -0.6586 -0.7067 -0.256 -0.6596 -0.7463 0.1506 -0.6483 -0.3311 0.4913 -0.8056 -0.5915 0.0982 -0.8003 -0.3443 -0.6562 -0.6714 -0.1224 -0.7249 -0.6778 -0.0003 -0.7134 -0.7007 -0.0006 -0.71 -0.7042 0 -0.7071 -0.7071 0 0.7071 -0.7071 0 0.7071 -0.7071 0 0.7071 -0.7071 0 0.7071 -0.7071 0 0.7071 -0.7071 0.0006 0.7091 -0.7051 0.0003 0.7134 -0.7007 0.1168 0.723 -0.6809 -0.308 0.493 -0.8137 -0.5925 0.0984 -0.7995 -0.4644 -0.3621 -0.8082 -0.4632 -0.3615 -0.8092 -0.5915 0.0982 -0.8003 -0.3311 0.4913 -0.8056 0.3352 0.6533 -0.6788 0.0438 -0.5419 -0.8393 0.5568 0.4938 -0.668 0.6817 0.2767 -0.6773 0.7206 0.1081 -0.6849 0.7141 0.0003 -0.7 0.7107 0.0005 -0.7035 -0.3657 0.3831 -0.8482 -0.5713 -0.1114 -0.8131 -0.3144 -0.5073 -0.8024 -0.4646 -0.362 -0.8082 -0.591 0.0997 -0.8005 0 -0.7071 -0.7071 0 -0.7071 -0.7071 0 -0.7071 -0.7071 0 -0.7071 -0.7071 0.1085 -0.7239 -0.6813 0.0023 -0.7142 -0.6999 0 -0.7071 -0.7071 -0.3079 0.4909 -0.815 0.0254 -0.5584 -0.8292 0.7071 0 -0.7071 0.7071 0 -0.7071 0.7071 0 -0.7071 0.7091 -0.0007 -0.7051 0.6676 -0.2945 -0.6838 0.3193 -0.6691 -0.671 0.5396 -0.5131 -0.6675 0.7071 0 -0.7071 0.7134 -0.0003 -0.7007 0.7233 -0.114 -0.681 -0.5135 0.7327 0.4466 -0.8942 -0.0312 0.4466 -0.52 -0.7233 0.4542 -0.1148 -0.8793 0.4622 -0.5262 0.7202 0.4521 -0.88 0.1525 0.4497 -0.7217 -0.5263 0.4496 -0.8942 -0.0312 0.4466 -0.5135 0.7327 0.4466 -0.52 -0.7233 0.4542 -0.8792 0.1511 0.452 -0.4861 0.7492 0.4499 -0.7089 -0.5431 0.4499 -0.0981 -0.8851 0.4549 -0.8904 -0.0286 0.4544 -0.5108 0.733 0.4492 -0.5164 -0.7214 0.4615 0.0078 -0.0004 1 -0.5261 0.7202 0.4523 -0.8707 0.1878 0.4546 -0.8198 -0.3422 0.4592 -0.4784 -0.7466 0.4623 -0.5176 -0.7237 -0.4565 -0.8752 -0.1573 -0.4575 -0.7237 0.5171 -0.457 -0.1427 0.8764 -0.4599 -0.5199 -0.7241 -0.4532 -0.8799 -0.1553 -0.4491 -0.7292 0.514 -0.4518 -0.1428 0.8767 -0.4593 -0.5176 -0.7237 -0.4565 -0.148 0.8754 -0.4602 -0.8752 -0.1573 -0.4575 -0.7244 0.5161 -0.457 -0.152 0.8754 -0.4588 -0.5288 -0.7198 -0.4498 -0.8772 -0.1594 -0.4529 -0.7251 0.5158 -0.4563 0.6476 0.3546 0.6745 0.467 0.5746 0.6722 0.2657 0.6809 0.6825 0.7071 0.0004 0.7071 0.7213 0.1213 0.6819 0.7071 0 0.7071 0.7071 0 0.7071 0.7071 0 0.7071 0.7071 0 0.7071 0.7071 0 0.7071 0.7071 0 0.7071 0.1066 0.7206 0.6851 0.0004 0.7071 0.7071 0 0.7071 0.7071 0 0.7071 0.7071 0 0.7071 0.7071 0 0.7071 0.7071 0 0.7071 0.7071 0 0.7071 0.7071 -0.3254 0.4912 0.808 -0.3417 -0.4686 0.8147 -0.5532 0.0237 0.8327 0.7071 0 0.7071 0.7071 0 0.7071 0.7071 0 0.7071 0.7071 -0.0004 0.7071 0.7219 -0.1174 0.682 0.6627 -0.3371 0.6687 0.4881 -0.5585 0.6707 0.2709 -0.6807 0.6807 0.0437 0.5429 0.8386 -0.4639 0.3618 0.8086 -0.592 -0.0983 0.7999 -0.3313 -0.4918 0.8052 0.1157 -0.7235 0.6805 0 -0.7071 0.7071 0 -0.7071 0.7071 0.0004 -0.7071 0.7071 0 -0.7071 0.7071 0 -0.7071 0.7071 0 -0.7071 0.7071 0 0.7071 0.7071 0 0.7071 0.7071 0 0.7071 0.7071 -0.0004 0.7071 0.7071 -0.1154 0.7236 0.6805 -0.2709 0.6807 0.6807 -0.482 0.5631 0.6712 -0.3146 0.5074 0.8022 -0.6624 0.3322 0.6715 -0.5806 0.1378 0.8024 -0.4881 -0.3224 0.811 -0.7219 0.1167 0.6821 -0.7071 0 0.7071 -0.7071 0 0.7071 -0.7071 0 0.7071 -0.7071 0 0.7071 -0.7071 0.0004 0.7071 -0.7071 0 0.7071 -0.7071 0 0.7071 -0.467 -0.5746 0.6722 0 -0.7071 0.7071 0 -0.7071 0.7071 -0.1066 -0.7206 0.6851 -0.2657 -0.6809 0.6825 -0.0004 -0.7071 0.7071 -0.2955 0.4874 0.8217 -0.5474 0.0223 0.8366 -0.7071 0 0.7071 -0.3402 -0.4634 0.8183 -0.6476 -0.3546 0.6745 -0.7071 -0.0002 0.7071 -0.7215 -0.1207 0.6818 -0.5173 0.7237 0.4568 -0.8749 0.1572 0.4581 -0.7239 -0.5168 0.457 -0.1448 -0.8747 0.4625 -0.6304 0.6263 0.4587 -0.8798 0.1337 0.4562 -0.7248 -0.5158 0.4566 -0.1445 -0.8756 0.4609 -0.8793 0.1511 0.4517 -0.5178 0.7234 0.4567 -0.7194 -0.5289 0.4502 -0.1395 -0.8795 0.4551 -0.5138 0.7327 0.4463 -0.8944 -0.031 0.4462 -0.5202 -0.7233 0.4541 -0.4722 -0.4394 0.7642 -0.2467 -0.6091 0.7538 -0.9848 0.1433 0.0984 -0.4664 0.4544 0.759 -0.2467 0.6091 0.7538 -0.2801 -0.6916 0.6657 -0.5286 -0.5286 0.6642 -0.6916 -0.2801 0.6657 -0.6898 0.2816 0.667 -0.5286 0.5286 0.6642 -0.7436 -0.002 0.6686 -0.3104 0.5066 0.8044 -0.2801 0.6916 0.6657 -0.4945 -0.3263 0.8056 -0.5833 0.1424 0.7997 -0.8904 -0.0286 0.4544 -0.5108 0.733 0.4492 -0.5164 -0.7214 0.4615 0 1 0 -0 1 0 -0 1 -0 -0 1 -0 -0 0.7134 -0.7008 0 1 0 -0 1 0 -0.7197 0.6943 -0.0013 -0 1 -0 0 0.7071 -0.7071 0 0.7071 -0.7071 0.3795 0.6634 0.6448 0.6088 0.6586 0.4423 0.1746 0.7838 0.596 0.0015 0.6986 0.7155 0.1245 0.6747 0.7276 0.7189 0.6757 0.1634 0.7378 0.675 0.0033 0 0.7071 0.7071 0 0.7071 0.7071 -0 0.7071 0.7071 -0 0.7071 0.7071 0.2449 0.8174 0.5215 0 0.7071 0.7071 0.5796 0.789 0.204 0.7071 0.7071 -0 -0 1 0 -0 1 0 -0.3258 0.4765 0.8166 -0.486 0.4892 0.7242 -0.2331 0.8166 -0.5281 -0 1 0 -0.1658 0.4754 0.864 -0.6041 0.4879 0.6301 -0.7451 0.4506 0.4918 -0.827 0.4657 0.3149 0 1 -0 0 0.7071 0.7071 -0 0.7071 0.7071 -0.3878 0.2857 0.8763 0 0.7071 0.7071 -0.7845 0.3776 0.492 0 1 0 0 0.7071 0.7071 0 0.7071 0.7071 -0 0.7071 0.7071 -0.0422 0.6941 0.7186 -0.4473 0.6624 0.6009 -0.1934 0.6697 0.717 0 1 0 -0.6448 0.6634 0.3795 -0.7275 0.6747 0.1245 -0.7187 0.6953 0.0012 -0.7678 0.3907 -0.5077 -0.3747 0.2708 -0.8867 -0.7071 0.7071 0 -0.8508 0.5034 0.151 0 1 0 0.7148 0.6993 -0.0012 0.73 0.6699 -0.1353 0.0017 0.6979 -0.7162 0 0.7071 -0.7071 -0.3176 0.4727 0.822 0 0.7071 -0.7071 -0.8247 0.4532 -0.3385 -0.709 0.5061 -0.4912 -0.88 0.4476 -0.1589 -0.8735 0.4865 0.0181 -0.4945 0.4517 -0.7426 -0.3196 0.4564 -0.8304 -0.1573 0.4823 -0.8617 -0.6282 0.5023 -0.5942 -0.1664 0.4831 0.8596 0.6644 0.6779 -0.3146 0.512 0.6074 -0.6073 0.1879 0.6413 -0.7439 -0.7333 0.466 0.4951 -0.8291 0.4545 0.3255 -0.6072 0.4993 0.6181 -0.4936 0.4788 0.726 -0.8736 0.4866 0.009 -0.8716 0.4637 -0.1592 -0.8617 0.4851 0.1489 -0.8237 0.4608 -0.3304 -0.7187 0.494 -0.4893 -0.1579 0.4816 -0.8621 -0.3201 0.4568 -0.83 -0.4946 0.455 -0.7405 -0.6245 0.4955 -0.6038 -0.5967 0.7832 0.1748 -0.4865 0.49 0.7234 -0.1686 0.47 0.8664 -0.3258 0.4765 0.8166 -0.6029 0.4903 0.6294 -0.7445 0.4511 0.4921 -0.8274 0.4647 0.3154 0 0.7071 -0.7071 0 0.7071 -0.7071 0 0.7071 -0.7071 -0.852 0.501 0.1518 -0.8748 0.4841 0.0172 -0.8224 0.4574 -0.3384 -0.706 0.5118 -0.4894 0 0.7071 -0.7071 -0.3203 0.4564 -0.8301 0 0.7071 -0.7071 -0.4944 0.4545 -0.7409 -0.6263 0.5076 -0.5916 -0.1582 0.48 -0.8629 -0.8793 0.4487 -0.1598 -0.1925 0.6523 -0.7331 -0.4961 0.6613 -0.5626 -0.7223 0.6827 -0.1104 -0.673 0.6653 -0.3232 -0.0001 0.7071 -0.7071 -0.8011 0.4626 -0.3799 -0.7478 0.4592 0.4796 -0.8854 0.3977 -0.2408 -0.0289 0.4546 0.8902 -0.8187 0.3842 0.4267 -0.4329 0.3855 0.8148 -0.4443 0.3778 -0.8123 -0.7189 0.4555 -0.525 -0.8766 0.4461 0.1807 -0.4909 0.4779 0.7285 -0.4465 0.3805 -0.8098 -0.8874 0.3837 -0.2557 -0.4151 0.3845 0.8245 -0.8173 0.3797 0.4335 -0.7189 0.4555 -0.525 -0.8766 0.4461 0.1807 -0.5097 0.4709 0.72 -0.4465 0.3805 -0.8098 -0.8874 0.3837 -0.2557 -0.4151 0.3845 0.8245 -0.8173 0.3797 0.4335 -0.5172 -0.7226 -0.4587 -0.8676 -0.1859 -0.4612 -0.816 0.3482 -0.4615 -0.4779 0.7475 -0.4614 -0.8761 -0.1502 -0.4581 -0.5174 -0.7216 -0.46 -0.7176 0.5245 -0.4583 -0.1377 0.8773 -0.4599 -0.1142 0.8784 -0.464 -0.5235 -0.72 -0.4556 -0.8748 -0.1546 -0.4591 -0.7159 0.5282 -0.4566 -0.8676 -0.1858 -0.4612 -0.5172 -0.7226 -0.4587 -0.816 0.3482 -0.4615 -0.4779 0.7474 -0.4614 -0.9998 -0.0165 0.0138 -0.0159 -0.9998 0.013 -0.9998 0.018 0.0072 -0.0185 0.9998 0.009 0.0159 0.9998 0.013 0.9998 0.0167 0.0144 0.9998 -0.0159 0.013 0.0167 -0.9998 0.0144 0.5774 0.5774 -0.5773 0.5774 0.5773 0.5774 -0.5774 0.5774 -0.5773 -0.5773 0.5773 0.5774 -0.5774 -0.5773 -0.5774 0.5773 -0.5773 -0.5774 0.5774 -0.5774 0.5773 -0.5774 -0.5774 0.5773 0.4145 0.6527 0.6342 0.6756 0.6614 0.3257 0.754 0.6463 -0.1174 0.4782 0.643 -0.5982 0.0115 0.6555 -0.7551 -0.4242 0.6502 -0.6303 -0.7536 0.636 -0.1658 -0.6126 0.6405 0.4632 -0.0867 0.642 0.7618 0.7505 0.637 0.1759 0.4242 0.6502 0.6303 0.6585 0.6521 -0.3756 0.36 0.663 -0.6564 0 0.6563 -0.7545 -0.36 0.663 -0.6564 -0.6585 0.6521 -0.3756 -0.7505 0.637 0.1758 -0.4242 0.6502 0.6303 0 0.6577 0.7533 0.5008 0.6413 0.5812 0.7595 0.646 0.0767 0.662 0.6611 -0.3531 0.3954 0.6557 -0.6432 0 0.6578 -0.7532 -0.4242 0.6502 -0.6303 -0.7536 0.636 -0.1659 -0.6126 0.6405 0.4631 -0.0759 0.641 0.7637 0.2801 0.6657 0.6916 -0.2801 0.6657 0.6916 -0 0.6673 0.7448 0.5286 0.6642 0.5286 -0.5286 0.6642 0.5286 -0.6916 0.6657 0.2801 0.6916 0.6657 0.2801 0.6916 0.6657 -0.2801 0.7448 0.6673 -0 -0.7448 0.6673 -0 -0.6916 0.6657 -0.2801 -0.5286 0.6642 -0.5286 0.5286 0.6642 -0.5286 0.2801 0.6657 -0.6916 -0.2801 0.6657 -0.6916 -0 0.6673 -0.7448 0.1493 0.6554 0.7404 0.5163 0.6621 0.5432 -0.2614 0.6632 0.7013 -0.5286 0.6642 0.5286 -0.6916 0.6657 0.2801 0.6916 0.6657 0.2801 0.6916 0.6657 -0.2801 0.5286 0.6642 -0.5286 0.7448 0.6673 -0 0.2801 0.6657 -0.6916 -0.7448 0.6673 -0 -0.6916 0.6657 -0.2801 -0.5286 0.6642 -0.5286 -0.2801 0.6657 -0.6916 -0 0.6673 -0.7448</float_array><technique_common><accessor count="1398" source="#object_4_010-mesh-slim-nrm-array" stride="3"><param type="float" name="X"/><param type="float" name="Y"/><param type="float" name="Z"/></accessor></technique_common></source><source id="object_4_010-mesh-slim-pos"><float_array count="4194" id="object_4_010-mesh-slim-pos-array">39.07052 -73.41184 -16.89584 39.34158 -73.57522 -23 38.34674 -72.27491 -16.89663 38.36779 -72.38032 -23 38.46585 -71.39264 -16.89999 39.12233 -70.57061 -16.89017 38.56883 -71.12421 -23 39.91235 -70.27985 -23 40 -70.34999 -16.89999 40 -71.99999 -15.90858 40 -73.65 -16.89998 -40.92948 -73.41184 -16.89583 -40.65842 -73.57522 -23 -41.65326 -72.27491 -16.89663 -41.63221 -72.38032 -23 -41.53415 -71.39264 -16.89999 -40.87767 -70.5706 -16.89017 -41.43117 -71.12421 -23 -40.08765 -70.27985 -23 -40 -70.34999 -16.9 -40 -71.99999 -15.90858 71.06398 6.592791 -16.89784 70.6393 7.018503 -23 70.34356 7.753884 -16.90329 70.46585 8.607361 -16.89999 70.34513 8.265813 -23 71.1098 9.42186 -16.89016 71.06359 9.407924 -23 72 9.650002 -16.89999 71.67776 6.365074 -23 72 8.000005 -15.90858 -72 6.350002 -16.89999 -72.92949 6.58816 -16.89584 -72.65843 6.42478 -23 -73.65326 7.725071 -16.89663 -73.63221 7.619655 -23 -73.53416 8.607361 -16.89999 -72.87765 9.429409 -16.89017 -73.43119 8.875772 -23 -72 9.650002 -16.89999 -72 8.000004 -15.90858 -58.23874 77.55605 15.48155 -58.36393 78.5 15.53339 -58.73619 78.5 15.64043 -59.09442 78.5 15.82602 -59.41421 78.5 16.08579 -59.6083 77.56141 16.22986 -59.67399 78.5 16.40558 -59.85958 78.5 16.76381 -59.96661 78.5 17.13608 -60 78.5 17.5 -60.02143 77.56099 17.53285 -59.96661 78.5 17.86392 -59.85958 78.5 18.23619 -59.67399 78.5 18.59442 -59.55372 77.56266 18.83645 -59.41421 78.5 18.91422 -59.09442 78.5 19.174 -58.73619 78.5 19.35957 -58.36393 78.5 19.46661 -58.31972 77.56559 19.49563 -58 78.5 15.5 -58 78.5 19.5 -58.18022 76.59758 16.50737 -58.83247 76.59582 16.91655 -58.03297 76.61053 18.5403 -58.97471 76.59031 17.8712 -58.56757 76 16.64675 -58.31392 76 18.49204 -33.43802 77.55605 -4.916865 -33.56322 78.5 -4.865021 -33.93548 78.5 -4.757996 -34.29372 78.5 -4.572403 -34.61351 78.5 -4.312637 -34.80757 77.56141 -4.168581 -34.87329 78.5 -3.992828 -35.05887 78.5 -3.634613 -35.16591 78.5 -3.262344 -35.19929 78.5 -2.898422 -35.22073 77.56099 -2.865548 -35.16591 78.5 -2.534485 -35.05887 78.5 -2.162231 -34.87329 78.5 -1.804001 -34.75303 77.56266 -1.56199 -34.61351 78.5 -1.484207 -34.29372 78.5 -1.224426 -33.93548 78.5 -1.038834 -33.56322 78.5 -0.931808 -33.51908 77.56559 -0.902794 -33.19929 78.5 -4.898422 -33.19929 78.5 -0.898422 -33.58313 76.57923 -3.854792 -34.19106 76.59694 -3.116847 -33.23226 76.61053 -1.858121 -34.05965 76.59605 -2.356765 -33.76685 76 -3.751684 -34.2418 76 -2.845284 -33.5132 76 -1.906384 -24.82982 77.56271 15.48728 -25.16393 78.5 15.53339 -25.53619 78.5 15.64043 -25.94863 77.56731 15.83114 -25.89443 78.5 15.82602 -26.21422 78.5 16.08579 -26.59392 77.5641 16.59518 -26.47399 78.5 16.40558 -26.65958 78.5 16.76381 -26.76662 78.5 17.13608 -26.8 78.5 17.5 -26.82144 77.56099 17.53286 -26.76662 78.5 17.86392 -26.65958 78.5 18.23619 -26.47399 78.5 18.59442 -26.3537 77.56266 18.83648 -26.21422 78.5 18.91422 -25.89443 78.5 19.174 -25.53619 78.5 19.35957 -25.16393 78.5 19.46661 -25.08377 77.5581 19.49914 -24.8 78.5 15.5 -24.8 78.5 19.5 -25.63247 76.59582 16.91655 -25.35905 76.5984 18.35803 -25.80083 76.59717 17.67288 -24.63265 76.59923 18.49502 -25.84251 76 17.55313 -25.33075 76 18.36741 -24.63886 76 18.50295 71.29584 28.06958 -14.50315 70.96916 27.74358 -10 70.69752 26.94361 -14.50663 70.7705 26.55795 -10 71.71188 25.76348 -10 71.59292 25.76434 -14.50392 72.06641 28.30314 -10 72 27 -15.25107 72 28.25 -14.5 71.29584 47.06957 13.99685 70.96916 46.74357 20.5 70.69752 45.9436 13.99337 70.74631 45.79861 20.5 71.43276 44.82171 20.5 71.5929 44.76434 13.99608 71.7559 47.23858 20.5 72 46 13.24893 72 47.25 14 66.78015 -66.44156 15.50325 66.46916 -66.75644 20.5 66.20022 -67.53921 15.49183 66.27049 -67.94204 20.5 67.21187 -68.73652 20.5 67.5 -68.75 15.50001 67.56641 -66.19686 20.5 67.5 -67.5 14.74893 66.8242 -68.5752 15.49512 -68.21986 -66.44156 15.50325 -68.53084 -66.75642 20.5 -68.80023 -67.53989 15.48446 -68.72951 -67.94205 20.5 -67.78812 -68.73652 20.5 -67.28837 -68.7521 15.49641 -67.74412 -66.26142 20.5 -68.1758 -68.5752 15.49512 -67.5 -67.49999 14.74893 -68.20416 68.56957 15.49685 -68.53084 68.24356 20.5 -68.80248 67.44361 15.49337 -68.16489 66.41712 15.49256 -68.7295 67.05796 20.5 -67.5 66.25 15.50001 -67.74409 68.73858 20.5 -67.5 67.5 14.74893 66.79903 -68.57162 -17.49303 66.46916 -68.24356 -23 66.19752 -67.4436 -17.49337 66.83513 -66.41711 -17.49256 66.27049 -67.05795 -23 67.21185 -66.26348 -23 67.5 -66.25 -17.49999 67.2559 -68.73858 -23 67.5 -67.5 -16.74892 66.79565 66.43186 -17.50055 66.46916 66.75644 -23 66.20077 67.58282 -17.50493 66.27049 67.94204 -23 67.2559 66.26142 -23 67.50001 67.50001 -16.74892 66.82418 68.57519 -17.49513 67.5 68.75 -17.49998 -68.21988 66.44158 -17.50325 -67.99881 66.30665 -23 -68.73652 67.21186 -23 -68.80023 67.53991 -17.48446 -68.58424 68.16345 -23 -67.78812 68.73652 -23 -67.5 68.75 -17.49998 -67.49999 67.50001 -16.74892 -68.17582 68.57519 -17.49513 -68.21987 -68.55842 -17.50325 -68.53084 -68.24357 -23 -68.80023 -67.4601 -17.48446 -68.72951 -67.05795 -23 -67.5 -66.25 -17.49998 -67.74409 -68.73858 -23 -67.5 -67.5 -16.74892 -68.17581 -66.42479 -17.49513 40 -70.75 -4.5 39.29566 -70.93184 -4.49946 38.96916 -71.25642 -0 38.70067 -72.08146 -4.495952 38.74632 -72.20139 -0 39.43276 -73.17829 -0 40 -73.25 -4.499992 40.06641 -70.69686 -0 39.32419 -73.0752 -4.504882 -40 -70.75 -4.5 -40.70414 -70.93041 -4.503148 -41.03084 -71.25644 -0 -41.30248 -72.0564 -4.506627 -41.25368 -72.20139 -0 -40.56723 -73.17829 -0 -40.40707 -73.23566 -4.503923 -39.93361 -70.69686 -0 -40 -72 -5.251068 71.29564 9.068156 -0.499455 70.96917 8.743588 5 70.69812 7.950331 -0.514603 70.77049 7.557957 5 71.71187 6.76348 5 71.59408 6.764105 -0.501091 72.06641 9.303142 5 72 8.000002 -1.251069 72 -35.75 -0.5 71.29584 -35.93042 -0.503148 70.96916 -36.25643 5 70.69752 -37.0564 -0.506627 70.77049 -37.44205 5 71.71188 -38.23652 5 71.59292 -38.23566 -0.503923 71.75588 -35.76142 5 72 -37 -1.251068 -72.70417 9.069579 -0.503149 -72.49882 9.193351 5 -73.23652 8.288145 5 -73.30248 7.943606 -0.506626 -72.66489 6.917122 -0.507438 -73.08423 7.336537 5 -72.28813 6.76348 5 -72 6.750004 -0.499998 -72 8.000004 -1.251069 -72 -35.75 -0.5 -72.70416 -35.93042 -0.503148 -73.03084 -36.25643 5 -73.30248 -37.0564 -0.506627 -73.22951 -37.44205 5 -72.28812 -38.23652 5 -72.40708 -38.23566 -0.503923 -72.24412 -35.76142 5 -72 -37 -1.251068 63.50127 67.39911 -23 63.50398 67.48496 -14.00003 64.07003 65.44202 -23 65.52921 64.01921 -23 66.02762 63.78085 -14 64.06298 65.27752 -14.00058 67.46591 63.49185 -14.00029 67.49254 63.50296 -23 -67.46646 63.49173 -22.99998 -67.5 63.5 20.5 -71.5 -64.5 -23 -71.5 -64.5 -1.25 -71.50001 -64.5 20.5 74.68198 -63.18198 -23 73.15643 -64.18404 -23 73.15643 -64.18404 20.5 74.68198 -63.18198 20.5 75.68405 -61.65642 20.5 75.83594 -61.27888 -23 76 -60 20.5 71.5 -64.5 -1.25 71.5 -64.5 -23 71.5 -64.5 20.5 20.73015 76 -11.28995 19.79489 76 -12.71381 19.79489 78.5 -12.71381 20.73015 78.5 -11.28995 23.7 76 -10.0598 22.154 76 -10.35469 22.154 78.5 -10.35469 25.246 76 -10.35469 25.246 78.5 -10.35469 27.60511 76 -12.71381 26.66985 76 -11.28995 26.66985 78.5 -11.28995 27.60511 78.5 -12.71381 27.9 76 -14.2598 19.5 76 -14.2598 19.5 78.5 -14.2598 27.9 78.5 -14.2598 40.14695 76 -11.28995 39.21168 76 -12.71381 39.21168 78.5 -12.71381 40.14695 78.5 -11.28995 43.1168 76 -10.0598 41.5708 76 -10.35469 41.5708 78.5 -10.35469 43.1168 78.5 -10.0598 44.66279 76 -10.35469 44.66279 78.5 -10.35469 47.02191 76 -12.71381 46.08665 76 -11.28995 46.08665 78.5 -11.28995 47.02191 78.5 -12.71381 47.3168 76 -14.2598 38.9168 76 -14.2598 38.9168 78.5 -14.2598 47.3168 78.5 -14.2598 75.92824 19.83413 -10 75.84449 20.21226 -23 75.90151 14.9809 -23 76 26 -10 76 16 5 76 38 -1.25 75.85416 39.1368 20.5 76 21.66667 20.5 75.98224 0.818452 5 76 5.333336 20.5 76 -19.33333 -23 75.98884 -29.9126 5 76 -45 -23 76 -11 20.5 76 -38.22222 20.5 76 -27.33333 20.5 75.97681 -44.16804 5 76 -49.11111 20.5 76 64 20.5 75.99956 60.08351 -14.00073 75.93754 53.19427 -23 76 60 -23 -60 -76 -23 -60.08391 -75.99947 20.49995 -47.23357 -75.9504 -0 -49.09091 -76 20.5 -38.18182 -76 20.5 -32.96194 -75.98632 -0 -32 -76 -0 32 -76 -0 -32.95907 -75.92565 -23 -10.66667 -76 -23 10.66666 -76 -23 -4e-06 -76 -23 21.33333 -76 -23 32 -76 -23 48 -76 -0 60.08324 -75.99962 -22.99997 46.86323 -75.85416 -23 -21.81818 -76 20.5 -2e-06 -76 20.5 21.81818 -76 20.5 38.18181 -76 20.5 36.8 -76 0 49.09091 -76 20.5 60 -76 20.5 -24.00789 76 1.207866 -8.333336 76 20.5 8.342094 76 -8.956375 35.38461 76 1.46875 49.6923 76 0.109375 -60 76 20.5 -59.05024 76.0195 17.54995 -57.43248 76 18.3533 -53.11111 76 20.5 -58.83837 76 14.26601 -60 76 -4.357147 -56.95749 76 17.44689 -42.77778 76 20.5 -32.44444 76 20.5 -25.36756 76 16.64674 -57.68612 76 16.50796 -45.65 76 14.39999 -23.95926 76 14.26534 -58.83322 76 1.230519 -41.4 76 1.100006 -32.63178 76 -2.045127 -32.15678 76 -2.951525 -32.88542 76 -3.890459 -12.50833 76 -8.884703 -22.11112 76 20.5 -23.93263 76 18.03078 -23.81078 76 17.26953 -24.48613 76 16.50796 5.444443 76 20.5 19.22221 76 20.5 32.99999 76 20.5 46.77777 76 20.5 64 76 13.60001 64 76 20.5 -24.00787 76 -7.107881 -12.7 76 -9.349991 -23.9 76 -18.3 -12.7 76 -18.05 -60 76 -23 -49.1763 76 -18.71217 -49.41177 76 -23 -58.79213 76 -18.69211 -38.82353 76 -23 -17.64706 76 -23 -23.93511 76 -18.48404 -12.66489 76 -18.23404 -24.16955 76 -18.75989 -28.2353 76 -23 8.323704 76 -18.46217 19.79489 76 -15.8058 27.60511 76 -15.8058 35.38461 76 -17.5625 65.38278 75.93341 -13.99999 47.02191 76 -15.8058 15.88235 76 -23 22.154 76 -18.1649 20.73015 76 -17.22965 23.7 76 -18.45979 -12.4322 76 -18.52149 -5.294122 76 -23 39.21168 76 -15.8058 26.66985 76 -17.22965 41.5708 76 -18.1649 35.29411 76 -23 40.14695 76 -17.22965 46.08665 76 -17.22965 52.94117 76 -23 25.246 76 -18.1649 43.1168 76 -18.45979 45.88235 76 -23 44.66279 76 -18.1649 59.93208 75.99943 -22.99975 -76 -45 5 -75.85416 -43.86318 -23 -76 -60 -23 -75.8892 -61.14648 20.5 -76 -19.33333 -23 -75.94028 0.922738 -23 -76 -38.18181 20.5 -76 -38.8 5 -76 4e-06 5 -76 -49.09091 20.5 -76 -27.27272 20.5 -76 -10.90909 20.5 -76 6.000004 5 -76 32.5 -23 -76 49 -23 -75.83594 61.27889 -23 -76 16 5 -76 10.90909 20.5 -76 12.4 5 -76 27.27273 20.5 -76 38.18182 20.5 -76 49.09091 20.5 -76 60 20.5 75.94847 65.39584 -14 75.15746 68.41715 20.5 72.48528 72.48529 -14 74.58831 69.76135 -14 73.49093 71.43544 20.5 70.56652 74.04395 20.5 69.5627 74.67241 -14 68.41713 75.15746 20.5 -36.61219 78.5 -7.076297 -36.61538 76 -18.73646 -23.98783 78.5 -18.7237 -49.18479 76 -7.083249 -58.81522 78.5 -7.083254 -58.83653 76 -7.085008 -58.8741 78.5 -18.52519 -49.18783 78.5 -18.72371 -23.91059 78.5 -7.376896 7.899998 78.5 -18.55 8.399998 78.5 -13.7 8.399998 78.5 -18.05 8.399998 78.5 -9.349991 7.899998 78.5 -8.849991 -12.62732 78.5 -8.949219 46.08665 78.5 -17.22965 44.66279 78.5 -18.1649 47.02191 78.5 -15.8058 43.1168 78.5 -18.45979 41.5708 78.5 -18.1649 40.14695 78.5 -17.22965 39.21168 78.5 -15.8058 26.66985 78.5 -17.22965 25.246 78.5 -18.1649 27.60511 78.5 -15.8058 23.7 78.5 -18.45979 22.154 78.5 -18.1649 20.73015 78.5 -17.22965 19.79489 78.5 -15.8058 -58.82733 78.5 1.199221 -24.4 77.25 14.39999 -31.2 78.5 14.39999 -41.4 78.5 14.39999 -58.4 77.25 14.39999 -51.6 78.5 14.39999 -58.83322 78.5 14.26948 -23.96771 78.5 14.26978 -58.4 77.25 1.100006 -44.8 78.5 1.100006 -24.4 77.25 1.100006 -24.17714 78.5 1.120618 -36.63901 76 -7.094498 -36.56948 78.5 -18.73322 -49.17916 78.5 -7.078776 68.2219 -63.58955 -23 69.38235 -63.97058 20.5 61.65642 -75.68404 -23 62.21714 -75.4159 20.5 63.18198 -74.68198 -23 64.5 -71.5 -23 64.18405 -73.15642 -23 63.85871 -73.81522 20.5 64.49857 -71.61353 20.5 63.95906 -69.3494 20.5 66.91127 -63.54356 -23 65.6711 -63.94259 -23 65.6711 -63.94259 20.5 66.91127 -63.54356 20.5 64.67157 -64.67157 20.5 64.67157 -64.67157 -23 68.21389 -63.56421 20.5 63.94259 -65.6711 -23 63.54356 -66.91126 -23 63.54356 -66.91126 20.5 63.94259 -65.6711 20.5 63.58956 -68.22187 -23 63.56422 -68.21387 20.5 -64.49858 -71.61353 -23 -63.6425 -68.30493 -22.99997 -63.85872 -73.81522 -23 -64.18405 -73.15642 20.5 -62.21715 -75.4159 -23 -63.18198 -74.68198 20.5 -61.65642 -75.68404 20.5 -64.5 -71.49999 20.5 -63.54356 -66.91126 -23 -63.9426 -65.6711 -23 -63.78084 -66.02762 20.5 -63.5 -67.5 20.5 -64.67158 -64.67157 20.5 -64.67158 -64.67157 -23 -66.02763 -63.78084 20.5 -65.67111 -63.94259 -23 -67.5 -63.5 20.5 -66.91127 -63.54356 -23 -68.27586 -63.63285 -22.99996 -74.68199 -63.18198 -23 -75.68405 -61.65642 -23 -74.68199 -63.18198 20.5 -73.15643 -64.18404 -23 -73.15643 -64.18404 20.5 -71.5 64.5 -23 -73.15643 64.18405 -23 -71.5 64.5 20.5 -73.15643 64.18405 20.5 -74.68199 63.18198 -23 -74.68199 63.18198 20.5 -75.68405 61.65643 20.5 -66.02763 63.78085 -23 -65.52921 64.01921 20.5 -64.06297 65.27753 -22.99993 -64.07003 65.44202 20.5 -63.50389 67.48612 -23 -63.50127 67.3991 20.5 -62.21715 75.41591 -23 -63.85872 73.81523 -23 -61.65642 75.68405 20.5 -63.18198 74.68198 20.5 -64.49858 71.61353 -23 -64.49665 71.51476 20.5 -64.18405 73.15644 20.5 74.82843 51.17157 -23 73.47238 50.28085 -23 74.82843 51.17157 20.5 75.89247 52.88735 20.5 72.00009 49.99995 -22.99999 73.47238 50.28085 20.5 75.87621 39.1229 -23 74.82843 40.82843 -23 74.82843 40.82843 20.5 73.47238 41.71916 20.5 73.47239 41.71916 -23 72.00011 42.00002 20.49999 70.52762 49.71916 -23 69.17157 48.82843 -23 68.28085 47.47238 -23 68.28085 47.47238 20.5 69.17157 48.82843 20.5 68 46 20.5 68 46 -23 70.52762 49.71916 20.5 68.28085 44.52762 -23 69.17157 43.17157 -23 69.17157 43.17157 20.5 68.28085 44.52762 20.5 70.52762 42.28085 -23 70.52762 42.28085 20.5 63.85871 73.81523 -23 64.49857 71.61353 -23 64.5 71.5 -14 64.18405 73.15644 -14 62.21714 75.41591 -23 63.18198 74.68198 -14 61.02812 75.9377 -13.99907 75.4159 62.21714 -23 73.81523 63.85872 -23 75.68405 61.65643 -14 74.68198 63.18198 -14 71.61353 64.49857 -23 73.15643 64.18405 -14 71.5 64.5 -14 76.42867 -65.54511 -25 77.23537 -71.20171 -25 78.96305 -65.59573 -25 75.3095 -69.44221 -25 74.6066 -74.6066 -25 79 -20 -25 76.5 -24 -25 76.5 24 -25 69.52142 -77.94683 -25 65.3337 -78.96706 -25 69.12623 -75.42401 -25 72.20815 -76.55493 -25 40 -76.5 -25 65.68175 -76.42236 -25 72.56392 -73.21635 -25 76.46002 65.51144 -25 78.96765 65.57133 -25 77.94683 69.52143 -25 75.42403 69.12619 -25 76.55493 72.20815 -25 73.21639 72.56389 -25 74.6066 74.6066 -25 69.44223 75.30949 -25 71.2017 77.23537 -25 66.72945 78.74959 -25 65.35691 76.46411 -25 24 76.5 -25 -6.400002 79 -25 -8.000002 76.5 -25 24 -79 -25 7.999998 -76.5 -25 -24 -76.5 -25 -65.76065 -78.96375 -25 -71.20166 -77.23539 -25 -68.60119 -75.62235 -25 -65.35687 -76.46411 -25 -70.73944 -74.57695 -25 -74.60661 -74.6066 -25 -73.21741 -72.46573 -25 -76.55493 -72.20815 -25 -78.53257 -67.9624 -25 -75.15563 -69.74788 -25 -76.46002 -65.51144 -25 -79 -7.999999 -25 -76.5 -7.999999 -25 -40 76.5 -25 -74.60661 74.6066 -25 -70.95331 77.34055 -25 -72.46582 73.21734 -25 -69.74793 75.1556 -25 -65.55237 78.97122 -25 -65.6818 76.42236 -25 -76.5 32 -25 -78.95202 65.81368 -25 -74.57694 70.73945 -25 -77.23539 71.20166 -25 -75.62236 68.60118 -25 -76.46411 65.35691 -25 -75.62236 -68.60118 25 -76.47304 -65.30948 25 -77.23537 -71.20169 25 -73.88641 -71.74519 25 -74.60661 -74.6066 25 -78.9291 -65.91739 25 -79 -24 25 -76.5 4e-06 25 -65.30487 -78.97156 25 -69.52143 -77.94683 25 -70.00145 -75.02946 25 -72.20815 -76.55493 25 -65.46722 -76.46979 25 -12 -79 25 -4e-06 -76.5 25 65.76065 -78.96375 25 24 -76.5 25 -79 24 25 -76.46979 65.46724 25 -78.96424 65.35181 25 -77.94683 69.52143 25 -75.02948 70.0014 25 -76.55493 72.20815 25 -74.60661 74.6066 25 -72.83884 72.83884 25 -72.20815 76.55493 25 -69.5996 75.2391 25 -65.30949 76.47304 25 -67.85695 78.5722 25 -19.20001 79 25 -4e-06 76.5 25 65.45127 -76.44633 25 71.20169 -77.23538 25 69.59958 -75.2391 25 76.55493 -72.20815 25 73.59382 -72.10464 25 74.6066 -74.6066 25 77.94683 -69.52141 25 75.62236 -68.60118 25 78.96765 -65.57132 25 76.44091 -65.59787 25 76.5 4e-06 25 76.5 -24 25 79 8.000002 25 76.5 16 25 65.46724 76.46979 25 16 79 25 72.20815 76.55493 25 69.52142 77.94683 25 70.00141 75.02948 25 65.25193 78.97981 25 76.46411 65.35691 25 74.6066 74.6066 25 73.88636 71.74525 25 75.62236 68.60118 25 77.23538 71.20168 25 -79 -64 -25 -44.33333 79 -22 -57.61799 79 -21.97147 -25.33334 79 -22 -6.333336 79 -22 -61.92073 79 -18.15687 -59.23982 79 -21.49565 -60.83751 79 -20.2419 6.333332 79 -22 25.33333 79 -22 44.33333 79 -22 57 79 -22 58.4875 79 -21.79546 60.24189 79 -20.83751 61.97147 79 -17.61799 61.49565 79 -19.2398 64 79 -25 62 79 0 -62 79 0 -64 79 25 -61.97147 79 17.61807 -61.29755 79 19.68006 -59.40059 79 21.41178 -57.67279 79 21.96894 -44.33333 79 22 -25.33334 79 22 -6.333336 79 22 6.333332 79 22 61.4118 79 19.40054 58.32071 79 21.84422 60.09811 79 20.95454 61.96894 79 17.67267 25.33333 79 22 44.33333 79 22 57 79 22 78.96765 65.57133 25 73.47238 12.28085 -23 74.82843 13.17158 -23 74.82843 13.17158 5 75.97244 15.01152 5 73.47238 12.28085 5 74.82843 2.82843 -23 75.92565 0.959117 -23 74.82843 2.82843 5 73.47238 3.719156 5 73.47238 3.719156 -23 70.52762 11.71915 -23 70.52762 11.71915 5 69.17157 10.82843 -23 69.17157 10.82843 5 68.28085 9.472382 -23 68 8.000004 -23 68.28085 6.527626 5 68.28085 6.527626 -23 70.52761 4.280851 -23 70.52762 4.280849 5 69.17157 5.171577 5 69.17157 5.171577 -23 67.9882 8.644368 5 76 4.400004 5 72.66346 6.915775 5 73.08422 8.66348 5 73.23652 7.711883 5 -75.71916 1.472382 5 -74.82843 2.82843 5 -73.47238 3.719155 5 -75.71916 14.52763 5 -74.82843 13.17158 5 -73.47238 12.28085 5 -70.52763 4.280849 5 -71.33653 6.915779 5 -69.17158 5.171577 5 -68.28085 6.527626 5 -70.76348 7.711883 5 -68 8.000004 5 -71.06266 8.937357 5 -70.52764 11.71915 5 -69.17158 10.82843 5 -68.28085 9.472382 5 -73.47238 3.719155 -23 -74.82843 2.82843 -23 -70.52763 4.280849 -23 -69.17158 5.171577 -23 -68.28085 6.527626 -23 -68 8.000004 -23 -68.28085 9.472382 -23 -69.17158 10.82843 -23 -70.52764 11.71915 -23 -75.84449 14.78777 -23 -74.82843 13.17158 -23 -73.47238 12.28085 -23 73.47238 -32.71915 -23 74.82843 -31.82843 -23 74.82843 -31.82843 5 75.91569 -29.87244 -23 73.47238 -32.71915 5 75.71916 -43.52761 -23 74.82843 -42.17157 -23 74.82843 -42.17157 5 73.47238 -41.28084 5 73.47239 -41.28085 -23 70.52762 -33.28084 -23 69.17157 -34.17157 -23 68.28085 -35.52762 -23 68.28085 -35.52762 5 69.17157 -34.17157 5 68 -37 -23 70.52761 -33.28085 5 68.28085 -38.47238 -23 69.17157 -39.82843 -23 69.17157 -39.82843 5 68.28085 -38.47238 5 70.52762 -40.71915 -23 70.52762 -40.71915 5 68 -37 5 72.66346 -38.08423 5 72.70941 -35.93339 5 73.30314 -37.0664 5 -76 -31.4 5 -75.71916 -43.52761 5 -74.82843 -42.17157 5 -73.47239 -41.28085 5 -75.95503 -29.75234 5 -74.82843 -31.82843 5 -73.47238 -32.71915 5 -70.52763 -40.71915 5 -71.33653 -38.08422 5 -69.17158 -39.82843 5 -68.28085 -38.47238 5 -68 -37 5 -71.29059 -35.93339 5 -70.52763 -33.28084 5 -70.69686 -37.0664 5 -69.17158 -34.17157 5 -68.28085 -35.52762 5 -73.47239 -41.28085 -23 -74.82843 -42.17157 -23 -70.52764 -40.71916 -23 -69.17158 -39.82843 -23 -68.28085 -38.47238 -23 -68 -37 -23 -68.28085 -35.52762 -23 -69.17158 -34.17157 -23 -70.52763 -33.28084 -23 -75.84449 -30.21224 -23 -74.82843 -31.82843 -23 -73.47238 -32.71915 -23 35.71915 -73.47237 -0 38.52762 -68.28084 -0 33.47237 -75.71915 0 34.82842 -74.82842 0 36.28085 -70.52761 -0 37.17157 -69.17157 0 40 -68 -0 40.66346 -73.08423 -0 46.98464 -75.95836 -0 45.17157 -74.82842 0 44.28084 -73.47237 -0 43.71915 -70.52762 -0 41.08423 -71.33653 -0 42.82843 -69.17157 0 41.47238 -68.28084 0 41.23652 -72.28813 -0 43.71915 -70.52762 -23 42.82843 -69.17157 -23 41.47238 -68.28084 -23 40 -68 -23 38.52762 -68.28084 -23 37.17157 -69.17157 -23 36.28085 -70.52761 -23 33.47237 -75.71915 -23 34.82842 -74.82842 -23 35.71915 -73.47237 -23 44.28084 -73.47237 -23 45.17157 -74.82842 -23 -46.78778 -75.84448 -23 -45.17157 -74.82842 -23 -45.17157 -74.82842 0 -44.28085 -73.47236 -23 -36.28085 -70.52762 -23 -36.28085 -70.52762 -0 -37.17157 -69.17157 -23 -37.17157 -69.17157 0 -38.52762 -68.28084 -23 -38.52762 -68.28084 0 -40 -68 -0 -40 -68 -23 -41.47238 -68.28084 -23 -42.82843 -69.17157 -23 -43.71915 -70.52762 -23 -43.71915 -70.52762 -0 -42.82843 -69.17157 0 -34.82843 -74.82842 -23 -35.71915 -73.47237 -23 -35.71915 -73.47236 -0 -34.82843 -74.82842 0 -44.28085 -73.47236 -0 -41.47238 -68.28084 -0 -39.33653 -73.08422 -0 -38.91578 -71.33653 -0 -38.76348 -72.28813 -0 75.42403 -69.12619 -23 68.80314 -67.43359 -23 73.21644 -72.56383 -23 76.5 -53.33333 -23 76.38683 -65.84252 -23 68.20942 -68.5666 -23 69.44227 -75.30947 -23 68.16345 -66.41576 -23 76.5 -37.33333 -23 76.5 -21.33333 -23 76.5 -10.66666 -23 76.5 5.333337 -23 72.93644 6.592091 -23 65.73089 -76.39368 -23 53.33333 -76.5 -23 37.33333 -76.5 -23 41.65487 -72.26581 -23 40.93642 -73.40791 -23 41.36069 -71.01847 -23 73.65487 7.734205 -23 73.36069 8.981532 -23 76.5 21.33334 -23 76.5 32 -23 74.82843 21.82843 -23 73.47239 22.71916 -23 73.47238 31.28085 -23 70.52763 23.28084 -23 70.52762 30.71916 -23 72.32223 9.63493 -23 76.5 42.66667 -23 75.91568 34.12756 -23 74.82843 32.17157 -23 76.5 53.33334 -23 76.39368 65.73092 -23 75.62236 68.60118 -23 68.53083 68.24357 -23 74.5769 70.7395 -23 72.46575 73.2174 -23 67.4336 68.80314 -23 69.17157 24.17157 -23 69.17157 29.82843 -23 68.28085 25.52762 -23 68.03654 27.78112 -23 68.20942 66.4334 -23 68.75369 67.29864 -23 69.74788 75.15562 -23 65.84252 76.38683 -23 53.33333 76.5 -23 42.66666 76.5 -23 26.66666 76.5 -23 21.33333 -76.5 -23 10.66666 -76.5 -23 -4e-06 -76.5 -23 -10.66667 -76.5 -23 -21.33334 -76.5 -23 -37.33334 -76.5 -23 -53.33333 -76.5 -23 -65.84251 -76.38682 -23 -39.06357 -73.4079 -23 -38.34513 -72.2658 -23 -38.63932 -71.01846 -23 -66.46918 -66.75642 -23 -66.24631 -67.70137 -23 -66.79058 -68.56659 -23 -69.74796 -75.15559 -23 -67.56641 -66.19686 -23 -73.46273 -72.29072 -23 -75.50459 -68.93838 -23 -76.39368 -65.73092 -23 -76.5 -53.33333 -23 -76.5 -37.33333 -23 -66.56266 66.56266 -23 -66.26348 67.78814 -23 -66.83654 68.58422 -23 -70.6393 8.9815 -23 -70.34515 7.734152 -23 5.333328 76.5 -23 -10.66667 76.5 -23 -21.33334 76.5 -23 -32 76.5 -23 -65.73093 76.39368 -23 -53.33333 76.5 -23 -42.66667 76.5 -23 -71.06359 6.592083 -23 -72.08765 9.720144 -23 -76.5 -21.33333 -23 -76.5 -10.66666 -23 -76.5 5.333337 -23 -76.5 42.66667 -23 -75.42402 69.12623 -23 -69.44227 75.30947 -23 -73.21641 72.56387 -23 -76.5 26.66667 -23 -76.5 53.33334 -23 -76.38683 65.84252 -23 -71.29584 -38.06957 -0.503148 -70.69752 -36.9436 -0.506626 -71.33512 -35.91711 -0.507438 -71.91581 9.256142 -0.513204 -71.28013 6.941582 -0.496755 -70.75 7.780165 -0.502672 -70.95853 8.72688 -0.50341 73.30248 -36.9436 -0.506626 72.70415 -38.06957 -0.503148 72.66487 -35.91711 -0.507438 73.25247 7.791745 -0.502547 72.70415 6.930427 -0.503149 73.03492 8.737512 -0.503164 72.04062 9.260688 -0.502056 -38.69752 -71.9436 -4.506626 -39.29584 -73.06957 -4.503148 -39.33512 -70.91711 -4.507438 40 -72 -5.251071 40.71986 -73.05842 -4.496756 41.25 -72.21985 -4.502671 41.16223 -71.53987 -4.499998 40.6632 -70.91628 -4.501552 -66.79566 -66.43184 -17.50055 -66.25 -67.28015 -17.49733 -66.45853 -68.22686 -17.4966 -67.32569 -68.7494 -17.49466 -66.79565 68.56814 -17.50055 -66.25 67.71985 -17.49733 -66.45854 66.77313 -17.49659 -67.32571 66.25059 -17.49466 68.20434 68.56815 -17.50055 67.67991 66.25098 -17.49389 68.74999 67.71988 -17.49733 68.54148 66.77315 -17.49659 67.68308 -68.74876 -17.49509 68.21985 -66.44156 -17.50325 68.74999 -67.28012 -17.49733 68.54149 -68.22684 -17.49659 -75.02948 -70.00142 20.5 -71.7452 -73.88641 20.5 -68.60119 -75.62235 20.5 -76.5 -53.33333 20.5 -76.38683 -65.84252 20.5 -76.5 -32 20.5 -76.5 -42.66666 20.5 -76.5 -21.33333 20.5 -76.5 -10.66666 20.5 -76.5 4e-06 20.5 -76.5 10.66667 20.5 -65.7309 -76.39368 20.5 -53.33333 -76.5 20.5 -42.66667 -76.5 20.5 -32 -76.5 20.5 -21.33334 -76.5 20.5 -10.66667 -76.5 20.5 -4e-06 -76.5 20.5 10.66666 -76.5 20.5 -66.83653 -68.58422 20.5 -66.79059 -66.4334 20.5 -66.19686 -67.5664 20.5 -76.5 21.33334 20.5 -76.5 32 20.5 -76.5 42.66667 20.5 -76.5 53.33334 20.5 -76.39368 65.73092 20.5 -75.23912 69.59956 20.5 -72.10466 73.59383 20.5 -68.60119 75.62236 20.5 -67.5664 66.19686 20.5 -66.46918 66.75642 20.5 -66.24631 67.70137 20.5 -66.79058 68.56659 20.5 -65.84253 76.38683 20.5 10.66666 76.5 20.5 -4e-06 76.5 20.5 -53.33333 76.5 20.5 -42.66667 76.5 20.5 -32 76.5 20.5 -16.00001 76.5 20.5 21.33333 -76.5 20.5 32 -76.5 20.5 42.66666 -76.5 20.5 53.33333 -76.5 20.5 65.8425 -76.38682 20.5 68.60118 -75.62235 20.5 72.10464 -73.59383 20.5 68.16346 -68.58423 20.5 75.23912 -69.59956 20.5 68.73652 -67.78813 20.5 68.58423 -66.83653 20.5 76.39368 -65.73092 20.5 76.5 -42.66666 20.5 76.5 -32 20.5 76.5 -21.33333 20.5 76.5 -10.66666 20.5 76.5 -53.33333 20.5 76.5 4e-06 20.5 76.5 16.00001 20.5 71.74523 73.88639 20.5 26.66666 76.5 20.5 42.66666 76.5 20.5 65.73092 76.39368 20.5 68.60118 75.62236 20.5 53.33333 76.5 20.5 72.66345 44.91576 20.5 73.30314 45.9336 20.5 76.5 32 20.5 72.70942 47.0666 20.5 75.02949 70.00138 20.5 76.5 48.00001 20.5 76.38683 65.84252 20.5 -66.79564 66.43186 15.50055 -66.25 67.28017 15.49733 -66.45852 68.22686 15.49659 -67.33111 68.75046 15.48904 -66.61611 -68.38388 15.5 -66.25 -67.71985 15.49733 -66.45852 -66.77314 15.49659 -67.32004 -66.25099 15.4939 68.75247 -67.70827 15.49745 68.20098 -68.57162 15.49303 68.53493 -66.7625 15.49684 67.65839 -66.2485 15.49682 72.70413 44.93041 13.99685 73.30248 46.0564 13.99337 72.66488 47.08288 13.99256 74.82843 21.82843 -10 73.47239 22.71916 -10 75.89247 33.88735 -10 74.82843 32.17157 -10 73.47238 31.28085 -10 70.52762 23.28085 -10 69.17157 24.17157 -10 68.28085 25.52762 -10 68.28085 28.47239 -10 69.17157 29.82843 -10 68 27 -10 72.66347 25.91578 -10 70.52761 30.71916 -10 73.08423 27.66347 -10 73.23652 26.71187 -10 73.30248 27.0564 -14.50663 72.70416 25.93043 -14.50315 72.66488 28.08289 -14.50744 -23.84616 78.5 -5.5 -1e-06 78.5 4.125 4.76923 78.5 -5.5 14.30769 78.5 -5.5 23.7 78.5 -10.0598 28.61538 78.5 -2.75 38.15384 78.5 1.375 62 78.5 10.2 -14.30769 78.5 16.5 14.25 78.5 22 24.9375 78.5 22 -59.40055 78.5 -21.4118 -60.95453 78.5 -20.09813 -58.49579 78.5 -18.7938 -49.875 78.5 -22 -57.73697 78.5 -21.95473 -61.90756 78.5 -18.12644 -62 78.5 -10.2 -42.75 78.5 -22 -35.625 78.5 -22 -28.5 78.5 -22 -21.375 78.5 -22 -12.39611 78.5 -18.53036 -14.25 78.5 -22 -12.69254 78.5 -18.16531 -62 78.5 -3.399994 -42.92308 78.5 -5.5 -33.38461 78.5 -5.5 -32.4631 78.5 -4.757996 -32.10487 78.5 -4.572403 -24.20948 78.5 -7.016202 -23.84616 78.5 0 -32.83537 78.5 -4.865021 -31.78508 78.5 -4.312637 -31.5253 78.5 -3.992828 -31.33972 78.5 -3.634613 -52.46154 78.5 0 -3.562504 78.5 -22 7.124996 78.5 -22 8.08405 78.5 -18.51489 14.25 78.5 -22 8.333685 78.5 -18.31539 14.30769 78.5 -16.5 24.9375 78.5 -22 35.625 78.5 -22 46.3125 78.5 -22 57 78.5 -22 60.09811 78.5 -20.95454 58.32083 78.5 -21.84418 33.38461 78.5 -16.5 61.4118 78.5 -19.40054 61.95473 78.5 -17.73698 62 78.5 -10.2 8.326632 78.5 -9.066221 8.08405 78.5 -8.885106 62 78.5 8e-06 -31.23268 78.5 -3.262344 -33.38461 78.5 0 -62 78.5 6.800004 -61.95473 78.5 17.73703 -49.875 78.5 22 -42.75 78.5 22 -57.26381 78.5 15.64043 -35.625 78.5 22 -31.33972 78.5 -2.162231 -31.5253 78.5 -1.804001 -31.23268 78.5 -2.534485 -31.1993 78.5 -2.898422 -32.10487 78.5 -1.224426 -32.4631 78.5 -1.038834 -32.83537 78.5 -0.931808 -31.78508 78.5 -1.484207 -57.63608 78.5 15.53339 -61.41178 78.5 19.40057 -60.09813 78.5 20.95454 -58.12643 78.5 21.90757 -56.32601 78.5 16.40558 -56.14043 78.5 16.76381 -56.58578 78.5 16.08579 -56.90558 78.5 15.82602 -56 78.5 17.5 -56.03339 78.5 17.86392 -56.03339 78.5 17.13608 -56.14043 78.5 18.23619 -56.32601 78.5 18.59442 -57.63608 78.5 19.46661 -57.26381 78.5 19.35957 -56.90558 78.5 19.174 -56.58578 78.5 18.91422 -23.9062 78.5 1.504213 -23.70558 78.5 15.82602 -24.43608 78.5 15.53339 -24.06381 78.5 15.64043 -23.38579 78.5 16.08579 -23.12601 78.5 16.40558 -22.94043 78.5 16.76381 35.625 78.5 22 -14.25 78.5 22 -1.781254 78.5 22 -22.83339 78.5 17.13608 -22.8 78.5 17.5 -22.94043 78.5 18.23619 -23.12601 78.5 18.59442 -28.5 78.5 22 -24.06381 78.5 19.35957 -21.375 78.5 22 -23.70558 78.5 19.174 -23.38579 78.5 18.91422 -24.43608 78.5 19.46661 -22.83339 78.5 17.86392 58.22881 78.5 21.89491 60.24189 78.5 20.83751 61.95747 78.5 17.69233 61.49565 78.5 19.2398 46.3125 78.5 22 -23.85536 76.59418 17.94536 -23.95082 76.60251 16.94017 -22.82975 77.54377 18.02281 -24.74424 76.60393 16.46259 -22.99954 77.57124 16.52454 -23.89522 77.5641 15.70607 -23.87214 77.57659 19.33053 -32.36681 76.59582 -2.314993 -32.19846 76.59717 -3.071268 -32.64098 76.59806 -3.756866 -32.24511 77.56809 -1.077142 -31.23256 77.56185 -2.340717 -32.2945 77.5641 -4.692357 -31.40634 77.56189 -3.887856 -57.16752 76.59582 18.08344 -56.99917 76.59717 17.32714 -57.44167 76.59806 16.64156 -57.04576 77.56809 19.32124 -56.03326 77.56185 18.05766 -57.09518 77.5641 15.70608 -56.20706 77.56188 16.51054 -71.07053 9.411847 -16.89584 -70.34676 8.274963 -16.89663 -70.46585 7.392647 -16.89999 -71.12237 6.570589 -16.89017 73.65326 8.274909 -16.89663 72.9295 9.41184 -16.89584 73.36611 7.026502 -16.89581 72.20906 6.348027 -16.8958 -39.88886 -73.6581 -16.88256 -39.04976 -70.60289 -16.90428 -38.35001 -71.70978 -16.89646 -38.62524 -72.95943 -16.89549 41.65326 -71.72509 -16.89663 40.9295 -70.58817 -16.89584 41.53415 -72.60735 -16.89999 40.87763 -73.42941 -16.89017 76.5 64 22.75 64 76.5 22.75 76.5 -64 22.75 64 -76.5 22.75 -64 -76.5 22.75 -76.5 -64 22.75 -76.5 64 22.75 -64 76.5 22.75 -63.34484 76.31706 21.79766 -63.34484 76.31719 -22.68658 62.61363 76.31703 21.79766 62.61363 76.31716 -22.68659 62.61363 77.65145 21.79766 -63.34484 77.65148 21.79767 -63.34484 77.6516 -22.68658 62.61363 77.65158 -22.68658 -25.95917 75.88528 15.83827 -26.59827 75.88528 16.60408 -26.82666 75.88528 17.75525 -26.05108 75.88528 19.12378 -24.80001 75.88528 19.51688 -23.72795 75.88528 19.21901 -22.7826 75.88528 17.96856 -23.17621 75.88528 16.24895 -24.59889 75.88528 15.45955 -60.01739 75.87219 17.0314 -59.07201 75.87219 15.78098 -59.71905 75.87219 18.57198 -58.96029 75.87219 19.26468 -58.00001 75.87219 19.52729 -57.03972 75.87219 19.26469 -56.28099 75.87219 18.57204 -55.9826 75.87219 17.03144 -56.92798 75.87219 15.78099 -58.00001 75.87219 15.48312 -34.54256 75.88718 -4.447135 -35.23649 75.88718 -3.041809 -34.96399 75.88718 -1.938151 -34.27128 75.88718 -1.179369 -33.1993 75.88718 -0.881541 -32.12732 75.88718 -1.179359 -31.1819 75.88718 -2.429829 -31.57551 75.88718 -4.149483 -32.99815 75.88718 -4.938863 41.5708 75.62886 -18.1649 44.66279 75.62886 -18.1649 43.1168 75.62886 -18.45979 40.14695 75.62886 -17.22965 46.08665 75.62886 -17.22965 47.02191 75.62886 -15.8058 39.21168 75.62886 -15.8058 39.21168 75.62886 -12.71381 38.9168 75.62886 -14.2598 47.3168 75.62886 -14.2598 47.02191 75.62886 -12.71381 46.08665 75.62886 -11.28995 40.14695 75.62886 -11.28995 41.5708 75.62886 -10.35469 44.66279 75.62886 -10.35469 43.1168 75.62886 -10.0598 22.87982 75.43457 -18.42144 20.73015 75.43457 -17.22966 25.246 75.43457 -18.16491 26.66985 75.43457 -17.22966 27.60511 75.43457 -15.80581 19.79489 75.43457 -15.80581 19.79489 75.43457 -12.71382 20.73015 75.43457 -11.28996 19.5 75.43457 -14.25981 22.154 75.43457 -10.3547 27.9 75.43457 -14.25981 27.60511 75.43457 -12.71382 26.66985 75.43457 -11.28996 25.246 75.43457 -10.3547 23.7 75.43457 -10.05981</float_array><technique_common><accessor count="1398" source="#object_4_010-mesh-slim-pos-array" stride="3"><param type="float" name="X"/><param type="float" name="Y"/><param type="float" name="Z"/></accessor></technique_common></source><vertices id="object_4_010-mesh-slim-pos-vertices">
          <input semantic="POSITION" source="#object_4_010-mesh-slim-pos"/>
        </vertices>
        <triangles count="3502" material="White_001-material"><input offset="0" semantic="VERTEX" source="#object_4_010-mesh-slim-pos-vertices"/><input offset="1" semantic="NORMAL" source="#object_4_010-mesh-slim-nrm"/><p>0 0 3 3 2 2 2 2 6 6 4 4 4 4 6 6 5 5 1 1 0 0 10 10 5 5 7 7 8 8 9 9 2 2 4 4 9 9 0 0 2 2 9 9 4 4 5 5 5 5 8 8 9 9 10 10 0 0 9 9 13 13 17 17 15 15 11 11 14 14 13 13 16 16 18 18 19 19 15 15 17 17 16 16 1315 1315 12 12 11 11 20 20 11 11 13 13 20 20 15 15 16 16 20 20 13 13 15 15 20 20 16 16 19 19 1315 1315 11 11 20 20 21 21 22 22 23 23 23 23 25 25 24 24 24 24 27 27 26 26 26 26 27 27 28 28 28 28 27 27 960 960 30 30 21 21 23 23 23 23 24 24 30 30 21 21 30 30 1314 1314 26 26 28 28 30 30 32 32 35 35 34 34 34 34 38 38 36 36 36 36 38 38 37 37 33 33 32 32 31 31 1016 1016 39 39 37 37 40 40 32 32 34 34 40 40 34 34 36 36 40 40 36 36 37 37 40 40 37 37 39 39 31 31 32 32 40 40 41 41 44 44 46 46 46 46 49 49 51 51 55 55 58 58 60 60 51 51 53 53 55 55 42 42 41 41 61 61 59 59 62 62 60 60 66 66 55 55 65 65 41 41 46 46 63 63 64 64 46 46 51 51 65 65 55 55 60 60 66 66 51 51 55 55 67 67 64 64 369 369 369 369 66 66 68 68 63 63 67 67 378 378 69 69 72 72 74 74 74 74 77 77 79 79 83 83 86 86 88 88 79 79 81 81 83 83 70 70 69 69 89 89 87 87 90 90 88 88 91 91 74 74 92 92 92 92 79 79 94 94 94 94 83 83 93 93 93 93 83 83 88 88 94 94 79 79 83 83 95 95 92 92 96 96 96 96 94 94 97 97 91 91 95 95 385 385 98 98 100 100 101 101 104 104 107 107 109 109 101 101 105 105 104 104 113 113 116 116 118 118 109 109 111 111 113 113 99 99 98 98 119 119 117 117 120 120 118 118 122 122 118 118 124 124 123 123 113 113 122 122 98 98 101 101 1289 1289 121 121 104 104 109 109 121 121 101 101 104 104 123 123 109 109 113 113 122 122 113 113 118 118 377 377 121 121 125 125 125 125 122 122 126 126 1289 1289 377 377 390 390 126 126 122 122 127 127 127 127 122 122 124 124 128 128 129 129 130 130 130 130 131 131 133 133 136 136 134 134 128 128 135 135 128 128 130 130 135 135 130 130 133 133 136 136 128 128 135 135 137 137 138 138 139 139 139 139 141 141 142 142 143 143 137 137 145 145 144 144 137 137 139 139 144 144 139 139 142 142 145 145 137 137 144 144 146 146 147 147 148 148 148 148 149 149 154 154 152 152 146 146 1149 1149 154 154 150 150 151 151 148 148 153 153 146 146 154 154 153 153 148 148 151 151 153 153 154 154 146 146 153 153 1149 1149 155 155 156 156 157 157 162 162 159 159 160 160 157 157 158 158 162 162 1145 1145 161 161 155 155 157 157 163 163 155 155 162 162 163 163 157 157 163 163 162 162 160 160 163 163 1145 1145 155 155 164 164 165 165 166 166 1095 1095 169 169 167 167 166 166 168 168 167 167 1141 1141 170 170 164 164 171 171 164 164 166 166 171 171 166 166 167 167 164 164 171 171 1141 1141 171 171 167 167 169 169 172 172 173 173 174 174 175 175 177 177 178 178 174 174 176 176 175 175 1061 1061 179 179 172 172 180 180 172 172 174 174 180 180 174 174 175 175 180 180 175 175 178 178 1061 1061 172 172 180 180 181 181 182 182 183 183 970 970 188 188 187 187 183 183 184 184 187 187 1058 1058 185 185 181 181 187 187 186 186 183 183 186 186 181 181 183 183 181 181 186 186 1058 1058 188 188 186 186 187 187 189 189 191 191 192 192 192 192 193 193 197 197 190 190 189 189 1056 1056 197 197 194 194 195 195 192 192 196 196 189 189 197 197 196 196 192 192 196 196 197 197 195 195 196 196 1056 1056 189 189 198 198 199 199 200 200 205 205 997 997 202 202 200 200 201 201 205 205 1052 1052 203 203 198 198 200 200 204 204 198 198 205 205 204 204 200 200 204 204 205 205 202 202 204 204 1052 1052 198 198 207 207 208 208 209 209 209 209 211 211 214 214 213 213 207 207 206 206 214 214 211 211 212 212 214 214 1044 1044 209 209 1044 1044 207 207 209 209 1044 1044 214 214 212 212 216 216 217 217 218 218 218 218 220 220 221 221 222 222 216 216 215 215 223 223 216 216 218 218 223 223 218 218 221 221 215 215 216 216 223 223 224 224 225 225 226 226 226 226 227 227 229 229 230 230 224 224 1040 1040 231 231 1040 1040 224 224 224 224 226 226 231 231 231 231 226 226 229 229 233 233 234 234 235 235 235 235 236 236 238 238 239 239 233 233 232 232 240 240 233 233 235 235 240 240 235 235 238 238 232 232 233 233 240 240 241 241 243 243 244 244 244 244 246 246 245 245 245 245 247 247 248 248 249 249 241 241 244 244 249 249 244 244 245 245 1030 1030 241 241 249 249 251 251 252 252 253 253 253 253 254 254 256 256 257 257 251 251 250 250 258 258 251 251 253 253 258 258 253 253 256 256 250 250 251 251 258 258 264 264 259 259 261 261 262 262 264 264 261 261 265 265 262 262 266 266 263 263 262 262 265 265 273 273 275 275 272 272 272 272 276 276 277 277 276 276 278 278 277 277 279 279 273 273 280 280 274 274 279 279 281 281 274 274 273 273 279 279 283 283 285 285 282 282 287 287 1175 1175 286 286 286 286 290 290 289 289 282 282 288 288 287 287 292 292 294 294 291 291 291 291 294 294 295 295 289 289 293 293 292 292 284 284 296 296 297 297 294 294 298 298 295 295 296 296 284 284 283 283 300 300 302 302 299 299 304 304 306 306 303 303 303 303 308 308 307 307 299 299 305 305 304 304 310 310 312 312 309 309 309 309 312 312 313 313 307 307 311 311 310 310 301 301 314 314 315 315 312 312 316 316 313 313 314 314 301 301 300 300 322 322 962 962 1155 1155 322 322 1155 1155 320 320 318 318 319 319 317 317 321 321 320 320 317 317 321 321 317 317 319 319 322 322 320 320 321 321 322 322 321 321 326 326 324 324 323 323 322 322 322 322 326 326 324 324 770 770 790 790 326 326 790 790 325 325 326 326 321 321 770 770 326 326 328 328 327 327 825 825 277 277 278 278 329 329 331 331 332 332 328 328 325 325 332 332 330 330 325 325 328 328 332 332 328 328 334 334 331 331 328 328 333 333 278 278 278 278 334 334 328 328 335 335 458 458 336 336 338 338 337 337 336 336 336 336 337 337 335 335 340 340 341 341 339 339 339 339 341 341 906 906 342 342 344 344 341 341 348 348 347 347 345 345 346 346 349 349 350 350 346 346 351 351 349 349 348 348 345 345 350 350 351 351 346 346 352 352 353 353 354 354 355 355 346 346 350 350 345 345 344 344 342 342 343 343 340 340 342 342 341 341 344 344 343 343 345 345 345 345 343 343 356 356 358 358 346 346 357 357 346 346 345 345 357 357 345 345 356 356 357 357 359 359 360 360 346 346 360 360 359 359 886 886 359 359 361 361 886 886 353 353 361 361 362 362 361 361 353 353 886 886 354 354 353 353 362 362 359 359 346 346 358 358 393 393 386 386 365 365 68 68 368 368 369 369 368 368 68 68 370 370 371 371 368 368 370 370 373 373 372 372 369 369 378 378 67 67 372 372 67 67 369 369 372 372 374 374 371 371 370 370 374 374 375 375 371 371 376 376 377 377 125 125 375 375 374 374 377 377 372 372 379 379 378 378 379 379 374 374 378 378 377 377 376 376 375 375 379 379 377 377 374 374 380 380 377 377 379 379 469 469 382 382 471 471 373 373 471 471 382 382 382 382 381 381 373 373 507 507 382 382 469 469 382 382 507 507 96 96 95 95 96 96 507 507 382 382 96 96 97 97 382 382 97 97 383 383 383 383 384 384 363 363 95 95 507 507 385 385 384 384 385 385 386 386 127 127 387 387 126 126 376 376 126 126 387 387 126 126 376 376 125 125 127 127 388 388 387 387 380 380 390 390 377 377 389 389 390 390 380 380 387 387 388 388 389 389 387 387 389 389 380 380 391 391 386 386 392 392 392 392 386 386 393 393 364 364 363 363 391 391 394 394 393 393 365 365 394 394 366 366 396 396 364 364 380 380 363 363 384 384 386 386 363 363 394 394 365 365 366 366 396 396 366 366 395 395 292 292 291 291 366 366 304 304 367 367 291 291 366 366 365 365 287 287 397 397 385 385 507 507 507 507 469 469 402 402 397 397 398 398 386 386 399 399 398 398 399 399 403 403 404 404 401 401 403 403 405 405 402 402 404 404 373 373 401 401 405 405 467 467 402 402 406 406 421 421 407 407 408 408 399 399 407 407 399 399 408 408 400 400 421 421 408 408 407 407 409 409 406 406 407 407 409 409 410 410 406 406 467 467 410 410 409 409 422 422 421 421 406 406 467 467 507 507 402 402 366 366 287 287 286 286 289 289 366 366 286 286 365 365 411 411 283 283 283 283 282 282 365 365 296 296 411 411 412 412 283 283 411 411 296 296 365 365 282 282 287 287 413 413 414 414 295 295 366 366 289 289 292 292 307 307 367 367 303 303 300 300 299 299 291 291 291 291 299 299 304 304 395 395 307 307 310 310 395 395 367 367 307 307 310 310 309 309 395 395 367 367 304 304 303 303 314 314 300 300 414 414 395 395 609 609 415 415 309 309 429 429 395 395 395 395 429 429 609 609 309 309 313 313 429 429 313 313 416 416 429 429 300 300 291 291 414 414 295 295 414 414 291 291 418 418 419 419 411 411 411 411 417 417 418 418 417 417 420 420 418 418 412 412 411 411 419 419 411 411 422 422 417 417 423 423 314 314 414 414 414 414 413 413 424 424 426 426 425 425 414 414 414 414 424 424 426 426 427 427 423 423 414 414 425 425 427 427 414 414 428 428 429 429 416 416 430 430 426 426 424 424 417 417 426 426 430 430 425 425 426 426 431 431 432 432 431 431 426 426 433 433 429 429 428 428 433 433 432 432 429 429 432 432 433 433 431 431 417 417 430 430 420 420 609 609 429 429 434 434 435 435 437 437 436 436 438 438 437 437 435 435 853 853 875 875 439 439 853 853 440 440 443 443 444 444 435 435 442 442 444 444 438 438 435 435 441 441 444 444 442 442 441 441 849 849 445 445 849 849 853 853 445 445 446 446 445 445 853 853 853 853 443 443 446 446 452 452 443 443 447 447 451 451 819 819 448 448 457 457 451 451 449 449 448 448 449 449 451 451 449 449 450 450 457 457 452 452 453 453 451 451 454 454 452 452 451 451 451 451 455 455 454 454 457 457 456 456 451 451 456 456 455 455 451 451 446 446 443 443 452 452 458 458 459 459 461 461 461 461 462 462 460 460 460 460 463 463 464 464 464 464 465 465 415 415 458 458 335 335 459 459 395 395 415 415 465 465 395 395 465 465 396 396 1201 1201 397 397 507 507 466 466 1201 1201 507 507 467 467 468 468 508 508 409 409 468 468 467 467 509 509 469 469 471 471 471 471 470 470 509 509 471 471 404 404 472 472 472 472 470 470 471 471 1184 1184 404 404 402 402 473 473 1184 1184 402 402 474 474 468 468 399 399 399 399 397 397 474 474 1193 1193 411 411 475 475 476 476 477 477 411 411 476 476 365 365 478 478 365 365 476 476 411 411 398 398 400 400 1195 1195 480 480 398 398 1195 1195 428 428 482 482 433 433 416 416 481 481 428 428 433 433 484 484 431 431 431 431 485 485 425 425 427 427 487 487 423 423 425 425 486 486 427 427 483 483 416 416 313 313 423 423 487 487 314 314 314 314 487 487 315 315 316 316 483 483 313 313 424 424 489 489 430 430 413 413 488 488 424 424 430 430 491 491 420 420 420 420 492 492 418 418 419 419 494 494 412 412 418 418 493 493 419 419 490 490 413 413 295 295 412 412 494 494 296 296 296 296 494 494 297 297 298 298 490 490 295 295 372 372 381 381 495 495 496 496 380 380 379 379 497 497 502 502 496 496 496 496 498 498 497 497 499 499 379 379 372 372 499 499 500 500 498 498 500 500 499 499 501 501 498 498 496 496 499 499 379 379 499 499 496 496 1260 1260 380 380 502 502 363 363 380 380 1260 1260 503 503 381 381 382 382 503 503 504 504 495 495 505 505 504 504 503 503 505 505 503 503 382 382 505 505 382 382 363 363 506 506 504 504 505 505 467 467 466 466 507 507 508 508 466 466 467 467 509 509 473 473 402 402 402 402 469 469 509 509 511 511 280 280 510 510 279 279 511 511 281 281 513 513 514 514 512 512 516 516 518 518 515 515 519 519 531 531 515 515 516 516 514 514 517 517 513 513 354 354 362 362 514 514 513 513 517 517 519 519 515 515 518 518 513 513 512 512 354 354 521 521 523 523 520 520 522 522 525 525 524 524 520 520 526 526 510 510 510 510 526 526 511 511 528 528 530 530 527 527 532 532 528 528 531 531 524 524 527 527 530 530 533 533 536 536 535 535 537 537 538 538 539 539 537 537 340 340 339 339 533 533 534 534 540 540 536 536 538 538 535 535 340 340 537 537 539 539 541 541 543 543 544 544 544 544 534 534 541 541 544 544 540 540 534 534 545 545 542 542 546 546 545 545 548 548 547 547 549 549 550 550 551 551 550 550 547 547 548 548 549 549 551 551 271 271 553 553 554 554 552 552 552 552 556 556 555 555 269 269 555 555 270 270 555 555 556 556 270 270 556 556 271 271 270 270 553 553 437 437 438 438 557 557 560 560 558 558 558 558 562 562 561 561 561 561 563 563 450 450 559 559 557 557 267 267 457 457 450 450 563 563 268 268 559 559 267 267 565 565 564 564 566 566 268 268 267 267 565 565 564 564 565 565 267 267 565 565 566 566 567 567 566 566 569 569 567 567 569 569 568 568 575 575 570 570 401 401 373 373 570 570 573 573 571 571 574 574 575 575 568 568 574 574 576 576 575 575 373 373 572 572 570 570 572 572 369 369 368 368 572 572 373 373 369 369 573 573 576 576 571 571 578 578 579 579 577 577 577 577 580 580 337 337 578 578 581 581 582 582 583 583 585 585 584 584 584 584 586 586 587 587 588 588 587 587 586 586 323 323 583 583 322 322 591 591 593 593 590 590 592 592 595 595 594 594 593 593 589 589 590 590 596 596 582 582 581 581 589 589 596 596 581 581 598 598 600 600 597 597 588 588 601 601 587 587 602 602 598 598 601 601 601 601 588 588 602 602 594 594 597 597 600 600 604 604 606 606 603 603 607 607 608 608 609 609 607 607 609 609 434 434 260 260 604 604 259 259 606 606 608 608 603 603 260 260 605 605 604 604 610 610 338 338 336 336 610 610 613 613 611 611 614 614 615 615 616 616 610 610 336 336 612 612 613 613 615 615 611 611 266 266 614 614 616 616 617 617 619 619 618 618 621 621 631 631 618 618 620 620 617 617 618 618 620 620 618 618 631 631 623 623 619 619 617 617 624 624 622 622 623 623 625 625 626 626 627 627 628 628 625 625 627 627 629 629 626 626 646 646 646 646 647 647 629 629 626 626 630 630 627 627 627 627 631 631 628 628 631 631 621 621 628 628 634 634 633 633 635 635 632 632 635 635 633 633 634 634 635 635 636 636 637 637 638 638 636 636 635 635 637 637 636 636 640 640 637 637 639 639 640 640 639 639 642 642 640 640 642 642 641 641 642 642 747 747 641 641 747 747 643 643 644 644 638 638 637 637 640 640 646 646 648 648 647 647 650 650 651 651 649 649 649 649 652 652 648 648 649 649 651 651 652 652 653 653 651 651 650 650 653 653 650 650 654 654 653 653 654 654 655 655 655 655 656 656 658 658 656 656 655 655 654 654 657 657 658 658 656 656 657 657 659 659 658 658 661 661 659 659 731 731 731 731 660 660 661 661 731 731 659 659 657 657 663 663 664 664 665 665 666 666 665 665 664 664 664 664 668 668 666 666 668 668 664 664 667 667 669 669 660 660 670 670 672 672 663 663 671 671 665 665 671 671 663 663 672 672 671 671 673 673 670 670 672 672 674 674 674 674 672 672 673 673 675 675 676 676 677 677 677 677 676 676 680 680 685 685 678 678 679 679 678 678 675 675 677 677 678 678 677 677 679 679 681 681 680 680 676 676 682 682 681 681 676 676 683 683 687 687 684 684 684 684 685 685 686 686 687 687 683 683 688 688 684 684 687 687 685 685 688 688 691 691 689 689 679 679 686 686 685 685 682 682 693 693 692 692 682 682 692 692 681 681 694 694 693 693 695 695 695 695 696 696 697 697 697 697 696 696 698 698 693 693 696 696 695 695 693 693 694 694 692 692 698 698 699 699 700 700 700 700 699 699 701 701 703 703 701 701 702 702 703 703 700 700 701 701 702 702 750 750 703 703 704 704 750 750 702 702 696 696 699 699 698 698 705 705 704 704 702 702 691 691 690 690 706 706 708 708 690 690 707 707 710 710 708 708 707 707 708 708 706 706 690 690 711 711 710 710 707 707 712 712 715 715 713 713 713 713 710 710 709 709 715 715 712 712 714 714 712 712 713 713 709 709 714 714 717 717 715 715 717 717 718 718 716 716 718 718 719 719 716 716 709 709 710 710 711 711 722 722 723 723 724 724 720 720 724 724 723 723 725 725 721 721 720 720 723 723 725 725 720 720 719 719 766 766 726 726 730 730 727 727 728 728 727 727 722 722 724 724 727 727 724 724 728 728 729 729 726 726 766 766 766 766 730 730 729 729 729 729 730 730 728 728 694 694 670 670 660 660 660 660 692 692 694 694 681 681 731 731 680 680 681 681 692 692 731 731 660 660 731 731 692 692 667 667 732 732 644 644 734 734 644 644 732 732 644 644 734 734 735 735 667 667 749 749 736 736 667 667 737 737 733 733 667 667 736 736 738 738 738 738 737 737 667 667 644 644 739 739 740 740 739 739 644 644 735 735 747 747 741 741 742 742 740 740 747 747 644 644 747 747 742 742 743 743 747 747 743 743 744 744 746 746 745 745 747 747 747 747 744 744 746 746 751 751 749 749 750 750 751 751 750 750 752 752 750 750 754 754 753 753 753 753 752 752 750 750 756 756 750 750 704 704 704 704 757 757 756 756 757 757 704 704 721 721 758 758 757 757 721 721 725 725 761 761 760 760 725 725 759 759 761 761 725 725 748 748 762 762 725 725 762 762 759 759 758 758 721 721 763 763 725 725 763 763 721 721 764 764 725 725 765 765 725 725 760 760 765 765 718 718 714 714 619 619 718 718 619 619 622 622 622 622 766 766 718 718 633 633 766 766 622 622 683 683 626 626 688 688 626 626 690 690 688 688 646 646 683 683 649 649 683 683 646 646 626 626 628 628 707 707 625 625 621 621 707 707 628 628 625 625 690 690 626 626 619 619 712 712 618 618 711 711 618 618 709 709 636 636 730 730 634 634 638 638 730 730 636 636 634 634 766 766 633 633 640 640 727 727 638 638 641 641 723 723 640 640 641 641 747 747 725 725 703 703 667 667 664 664 667 667 703 703 750 750 700 700 663 663 698 698 672 672 698 698 663 663 670 670 695 695 672 672 656 656 677 677 657 657 654 654 677 677 656 656 657 657 680 680 731 731 649 649 684 684 650 650 679 679 650 650 686 686 767 767 769 769 768 768 768 768 770 770 319 319 767 767 778 778 771 771 770 770 321 321 319 319 773 773 774 774 772 772 772 772 775 775 776 776 776 776 775 775 785 785 777 777 778 778 767 767 779 779 778 778 777 777 781 781 780 780 779 779 789 789 784 784 783 783 786 786 788 788 785 785 788 788 783 783 784 784 775 775 786 786 785 785 786 786 789 789 787 787 783 783 787 787 789 789 227 227 789 789 786 786 228 228 786 786 791 791 786 786 228 228 227 227 775 775 791 791 786 786 780 780 225 225 778 778 780 780 789 789 225 225 225 225 789 789 227 227 771 771 225 225 230 230 771 771 230 230 792 792 778 778 225 225 771 771 791 791 775 775 774 774 790 790 791 791 774 774 793 793 791 791 790 790 790 790 770 770 792 792 774 774 325 325 790 790 792 792 793 793 790 790 769 769 771 771 792 792 770 770 769 769 792 792 447 447 443 443 794 794 447 447 794 794 795 795 447 447 795 795 796 796 246 246 447 447 796 796 453 453 797 797 451 451 798 798 797 797 453 453 242 242 799 799 453 453 799 799 798 798 453 453 243 243 242 242 453 453 246 246 243 243 453 453 801 801 247 247 800 800 800 800 247 247 796 796 247 247 246 246 796 796 802 802 804 804 800 800 802 802 803 803 804 804 800 800 804 804 801 801 242 242 806 806 799 799 799 799 806 806 807 807 803 803 806 806 804 804 805 805 808 808 803 803 806 806 803 803 807 807 808 808 807 807 803 803 805 805 809 809 808 808 810 810 795 795 811 811 811 811 794 794 440 440 794 794 443 443 440 440 800 800 810 810 812 812 813 813 800 800 812 812 814 814 802 802 813 813 810 810 800 800 796 796 803 803 815 815 805 805 816 816 805 805 815 815 818 818 808 808 817 817 817 817 809 809 816 816 819 819 798 798 820 820 820 820 799 799 821 821 819 819 451 451 797 797 807 807 818 818 799 799 799 799 818 818 821 821 822 822 824 824 823 823 823 823 328 328 825 825 822 822 838 838 826 826 827 827 829 829 828 828 828 828 830 830 831 831 827 827 329 329 333 333 844 844 831 831 830 830 838 838 822 822 832 832 834 834 836 836 833 833 837 837 835 835 834 834 833 833 838 838 832 832 840 840 842 842 839 839 844 844 840 840 843 843 843 843 831 831 844 844 845 845 839 839 842 842 844 844 845 845 841 841 845 845 842 842 841 841 236 236 845 845 844 844 845 845 236 236 234 234 237 237 830 830 846 846 830 830 237 237 236 236 844 844 830 830 236 236 836 836 835 835 845 845 836 836 234 234 838 838 836 836 845 845 234 234 826 826 234 234 239 239 826 826 239 239 847 847 838 838 234 234 826 826 848 848 830 830 829 829 830 830 848 848 846 846 848 848 333 333 328 328 848 848 829 829 333 333 824 824 826 826 847 847 328 328 847 847 848 848 328 328 824 824 847 847 442 442 435 435 850 850 850 850 851 851 442 442 851 851 852 852 442 442 854 854 853 853 849 849 852 852 254 254 442 442 252 252 855 855 849 849 855 855 854 854 849 849 254 254 252 252 849 849 857 857 255 255 856 856 856 856 255 255 852 852 255 255 254 254 852 852 858 858 863 863 856 856 859 859 863 863 858 858 860 860 864 864 859 859 856 856 863 863 857 857 855 855 257 257 861 861 855 855 861 861 862 862 252 252 257 257 855 855 861 861 859 859 862 862 864 864 862 862 859 859 864 864 860 860 865 865 863 863 859 859 861 861 866 866 851 851 867 867 867 867 850 850 436 436 866 866 868 868 852 852 850 850 435 435 436 436 869 869 856 856 868 868 870 870 858 858 869 869 868 868 856 856 852 852 859 859 871 871 860 860 872 872 860 860 871 871 874 874 864 864 873 873 873 873 865 865 872 872 875 875 854 854 876 876 876 876 855 855 877 877 862 862 874 874 855 855 855 855 874 874 877 877 880 880 346 346 360 360 881 881 880 880 360 360 881 881 360 360 878 878 210 210 882 882 878 878 208 208 882 882 210 210 213 213 883 883 882 882 882 882 208 208 213 213 213 213 879 879 883 883 210 210 878 878 211 211 360 360 885 885 211 211 887 887 888 888 885 885 886 886 887 887 885 885 889 889 879 879 890 890 879 879 891 891 884 884 879 879 213 213 890 890 888 888 893 893 885 885 890 890 893 893 888 888 892 892 884 884 891 891 889 889 891 891 879 879 888 888 889 889 890 890 211 211 878 878 360 360 895 895 889 889 894 894 896 896 891 891 895 895 892 892 897 897 884 884 898 898 884 884 897 897 900 900 883 883 899 899 899 899 879 879 898 898 901 901 352 352 346 346 901 901 881 881 902 902 902 902 878 878 903 903 903 903 882 882 900 900 901 901 346 346 880 880 878 878 882 882 903 903 904 904 887 887 905 905 905 905 886 886 355 355 904 904 894 894 888 888 886 886 353 353 355 355 889 889 888 888 894 894 906 906 908 908 907 907 907 907 927 927 909 909 927 927 920 920 909 909 912 912 911 911 910 910 914 914 913 913 912 912 910 910 911 911 925 925 915 915 917 917 916 916 918 918 916 916 917 917 920 920 922 922 919 919 919 919 928 928 918 918 927 927 921 921 920 920 924 924 926 926 923 923 923 923 344 344 347 347 347 347 344 344 345 345 924 924 910 910 925 925 908 908 341 341 344 344 908 908 344 344 927 927 220 220 927 927 344 344 219 219 921 921 927 927 217 217 921 921 219 219 222 222 922 922 921 921 220 220 219 219 927 927 222 222 928 928 922 922 222 222 921 921 217 217 929 929 220 220 344 344 926 926 925 925 929 929 926 926 929 929 344 344 911 911 928 928 930 930 928 928 222 222 930 930 928 928 913 913 916 916 929 929 911 911 931 931 929 929 925 925 911 911 930 930 931 931 911 911 915 915 916 916 913 913 911 911 913 913 928 928 936 936 932 932 273 273 273 273 932 932 280 280 932 932 934 934 933 933 935 935 277 277 329 329 936 936 272 272 277 277 272 272 936 936 273 273 933 933 934 934 937 937 938 938 179 179 937 937 515 515 179 179 938 938 939 939 510 510 280 280 933 933 280 280 932 932 939 939 177 177 510 510 933 933 939 939 280 280 934 934 938 938 937 937 825 825 941 941 940 940 940 940 823 823 825 825 327 327 941 941 825 825 329 329 827 827 940 940 942 942 773 773 943 943 942 942 327 327 773 773 943 943 773 773 772 772 327 327 942 942 941 941 940 940 827 827 828 828 822 822 940 940 831 831 831 831 833 833 822 822 840 840 839 839 837 837 843 843 840 840 831 831 833 833 840 840 837 837 822 822 823 823 940 940 833 833 832 832 822 822 837 837 834 834 833 833 831 831 940 940 828 828 944 944 772 772 776 776 946 946 354 354 945 945 354 354 512 512 945 945 354 354 946 946 355 355 947 947 355 355 946 946 516 516 515 515 938 938 945 945 514 514 516 516 948 948 894 894 904 904 904 904 905 905 947 947 512 512 514 514 945 945 905 905 355 355 947 947 949 949 947 947 1 1 947 947 902 902 1 1 901 901 902 902 947 947 902 902 903 903 1 1 949 949 948 948 904 904 3 3 1 1 903 903 3 3 903 903 900 900 949 949 904 904 947 947 173 173 179 179 515 515 173 173 531 531 176 176 176 176 528 528 527 527 173 173 515 515 531 531 521 521 520 520 177 177 510 510 177 177 520 520 525 525 176 176 527 527 176 176 525 525 521 521 177 177 176 176 521 521 528 528 176 176 531 531 950 950 895 895 894 894 6 6 900 900 899 899 900 900 6 6 3 3 7 7 896 896 950 950 895 895 950 950 896 896 896 896 7 7 897 897 898 898 7 7 899 899 6 6 899 899 7 7 898 898 897 897 7 7 894 894 948 948 950 950 938 938 945 945 516 516 319 319 943 943 768 768 767 767 768 768 943 943 943 943 952 952 767 767 951 951 952 952 943 943 943 943 772 772 951 951 318 318 953 953 319 319 943 943 319 319 953 953 954 954 953 953 955 955 954 954 955 955 956 956 318 318 955 955 953 953 956 956 957 957 954 954 22 22 29 29 788 788 944 944 776 776 29 29 956 956 959 959 957 957 777 777 767 767 960 960 960 960 27 27 777 777 767 767 952 952 960 960 951 951 772 772 944 944 954 954 583 583 961 961 961 961 577 577 337 337 583 583 584 584 961 961 962 962 954 954 963 963 964 964 961 961 337 337 964 964 338 338 965 965 964 964 337 337 338 338 965 965 610 610 611 611 965 965 614 614 966 966 338 338 610 610 965 965 587 587 961 961 584 584 577 577 961 961 578 578 587 587 581 581 578 578 581 581 587 587 589 589 587 587 578 578 961 961 614 614 965 965 611 611 614 614 968 968 966 966 969 969 968 968 967 967 969 969 970 970 977 977 968 968 614 614 976 976 963 963 954 954 957 957 25 25 781 781 27 27 25 25 22 22 784 784 27 27 779 779 777 777 781 781 779 779 27 27 788 788 784 784 22 22 589 589 601 601 598 598 587 587 601 601 589 589 598 598 591 591 589 589 589 589 591 591 590 590 958 958 974 974 959 959 958 958 971 971 974 974 614 614 266 266 975 975 29 29 785 785 788 788 974 974 972 972 959 959 971 971 973 973 974 974 782 782 781 781 25 25 25 25 784 784 782 782 598 598 595 595 591 591 595 595 598 598 597 597 261 261 182 182 262 262 185 185 266 266 262 262 975 975 266 266 185 185 185 185 262 262 182 182 976 976 614 614 975 975 970 970 969 969 967 967 970 970 604 604 977 977 184 184 604 604 970 970 967 967 968 968 976 976 604 604 184 184 259 259 978 978 977 977 604 604 978 978 603 603 607 607 259 259 184 184 182 182 603 603 978 978 604 604 434 434 978 978 607 607 979 979 434 434 429 429 979 979 432 432 980 980 432 432 426 426 980 980 261 261 259 259 182 182 776 776 785 785 29 29 982 982 352 352 947 947 983 983 351 351 982 982 985 985 350 350 984 984 987 987 347 347 986 986 986 986 348 348 985 985 984 984 349 349 983 983 901 901 947 947 352 352 987 987 923 923 347 347 988 988 906 906 987 987 339 339 988 988 989 989 339 339 989 989 537 537 906 906 988 988 339 339 923 923 987 987 990 990 990 990 987 987 12 12 907 907 909 909 987 987 535 535 537 537 989 989 987 987 906 906 907 907 924 924 991 991 910 910 923 923 990 990 924 924 924 924 990 990 991 991 992 992 910 910 991 991 914 914 912 912 18 18 992 992 912 912 910 910 18 18 917 917 914 914 18 18 918 918 917 917 992 992 18 18 912 912 909 909 14 14 12 12 17 17 14 14 920 920 14 14 909 909 920 920 18 18 17 17 919 919 920 920 919 919 17 17 18 18 919 919 918 918 994 994 541 541 534 534 541 541 993 993 542 542 12 12 987 987 909 909 994 994 534 534 995 995 535 535 989 989 533 533 533 533 996 996 203 203 533 533 203 203 995 995 989 989 996 996 533 533 993 993 541 541 994 994 546 546 542 542 993 993 548 548 546 546 993 993 997 997 548 548 993 993 534 534 533 533 995 995 998 998 203 203 996 996 998 998 199 199 203 203 269 269 201 201 999 999 199 199 999 999 201 201 199 199 998 998 999 999 551 551 997 997 201 201 1000 1000 555 555 999 999 550 550 997 997 551 551 997 997 550 550 548 548 870 870 868 868 866 866 551 551 201 201 269 269 872 872 871 871 870 870 872 872 870 870 866 866 868 868 870 870 869 869 873 873 872 872 874 874 872 872 866 866 874 874 552 552 555 555 1000 1000 1000 1000 553 553 552 552 1001 1001 437 437 1000 1000 553 553 1000 1000 437 437 436 436 1001 1001 1002 1002 555 555 269 269 999 999 866 866 1002 1002 877 877 877 877 1002 1002 876 876 1002 1002 866 866 867 867 866 866 877 877 874 874 436 436 1002 1002 867 867 875 875 876 876 1002 1002 564 564 1003 1003 566 566 564 564 190 190 1003 1003 190 190 564 564 267 267 1004 1004 568 568 566 566 574 574 568 568 1005 1005 568 568 1004 1004 1005 1005 1004 1004 566 566 1003 1003 815 815 1006 1006 816 816 815 815 814 814 1007 1007 813 813 1007 1007 814 814 816 816 1006 1006 817 817 194 194 1022 1022 574 574 193 193 1023 1023 194 194 557 557 191 191 190 190 1021 1021 193 193 191 191 194 194 574 574 1005 1005 417 417 981 981 426 426 422 422 1008 1008 417 417 1008 1008 981 981 417 417 1008 1008 422 422 1009 1009 1009 1009 406 406 1010 1010 1010 1010 406 406 410 410 410 410 1011 1011 1010 1010 1011 1011 410 410 405 405 574 574 1012 1012 571 571 570 570 571 571 1012 1012 1012 1012 574 574 1022 1022 1014 1014 1011 1011 405 405 403 403 1014 1014 405 405 401 401 570 570 1012 1012 1013 1013 401 401 1012 1012 190 190 267 267 557 557 1007 1007 813 813 1015 1015 1015 1015 810 810 33 33 812 812 810 810 1015 1015 1006 1006 1016 1016 817 817 821 821 1016 1016 38 38 817 817 1016 1016 818 818 813 813 812 812 1015 1015 875 875 1017 1017 439 439 439 439 1018 1018 440 440 811 811 35 35 33 33 811 811 33 33 810 810 440 440 1019 1019 811 811 35 35 811 811 1019 1019 38 38 35 35 1019 1019 821 821 818 818 1016 1016 191 191 557 557 1021 1021 1020 1020 449 449 448 448 1019 1019 820 820 821 821 558 558 1021 1021 557 557 1026 1026 558 558 561 561 194 194 1023 1023 1022 1022 1021 1021 1023 1023 193 193 819 819 1024 1024 448 448 450 450 449 449 1025 1025 1024 1024 819 819 1019 1019 1019 1019 819 819 820 820 1020 1020 448 448 1024 1024 1026 1026 1021 1021 558 558 561 561 450 450 1026 1026 1025 1025 1026 1026 450 450 1020 1020 1025 1025 449 449 38 38 1019 1019 821 821 1006 1006 815 815 1007 1007 258 258 1027 1027 1028 1028 258 258 1028 1028 1029 1029 1027 1027 258 258 256 256 1029 1029 250 250 258 258 1027 1027 863 863 1028 1028 1028 1028 861 861 1029 1029 857 857 1027 1027 256 256 1029 1029 861 861 250 250 250 250 861 861 257 257 255 255 857 857 256 256 1032 1032 249 249 1031 1031 1033 1033 249 249 1032 1032 1030 1030 249 249 1033 1033 249 249 248 248 1031 1031 1032 1032 806 806 1033 1033 1031 1031 804 804 1032 1032 1033 1033 806 806 1030 1030 801 801 248 248 247 247 806 806 242 242 1030 1030 248 248 801 801 1031 1031 240 240 1035 1035 1034 1034 240 240 1034 1034 1036 1036 240 240 1036 1036 232 232 238 238 1035 1035 240 240 1035 1035 848 848 1034 1034 1036 1036 847 847 232 232 1034 1034 847 847 1036 1036 846 846 238 238 237 237 847 847 239 239 232 232 238 238 846 846 1035 1035 231 231 1038 1038 1037 1037 231 231 1039 1039 1040 1040 231 231 1037 1037 1039 1039 1038 1038 231 231 229 229 1037 1037 792 792 1039 1039 1038 1038 793 793 1037 1037 1039 1039 230 230 1040 1040 791 791 229 229 228 228 229 229 791 791 1038 1038 223 223 1042 1042 1041 1041 223 223 1041 1041 1043 1043 223 223 1043 1043 215 215 221 221 1042 1042 223 223 1042 1042 931 931 1041 1041 1041 1041 930 930 1043 1043 929 929 1042 1042 221 221 1043 1043 222 222 215 215 220 220 929 929 221 221 1046 1046 1044 1044 1045 1045 1047 1047 1044 1044 1046 1046 1044 1044 1047 1047 1048 1048 1044 1044 1048 1048 206 206 1044 1044 212 212 1045 1045 1045 1045 893 893 1046 1046 1046 1046 890 890 1047 1047 1047 1047 890 890 1048 1048 885 885 1045 1045 212 212 1048 1048 213 213 206 206 211 211 885 885 212 212 1050 1050 204 204 1049 1049 1051 1051 204 204 1050 1050 1052 1052 204 204 1051 1051 1049 1049 204 204 202 202 1049 1049 993 993 1050 1050 1050 1050 994 994 1051 1051 1051 1051 995 995 1052 1052 997 997 1049 1049 202 202 1052 1052 995 995 203 203 1054 1054 196 196 1053 1053 1055 1055 196 196 1054 1054 1056 1056 196 196 1055 1055 196 196 195 195 1053 1053 1053 1053 1004 1004 1054 1054 1054 1054 1003 1003 1055 1055 1055 1055 1003 1003 1056 1056 1005 1005 1053 1053 195 195 1056 1056 1003 1003 190 190 194 194 1005 1005 195 195 1059 1059 186 186 1057 1057 1060 1060 186 186 1059 1059 1058 1058 186 186 1060 1060 186 186 188 188 1057 1057 1059 1059 976 976 1060 1060 1057 1057 967 967 1059 1059 1060 1060 975 975 1058 1058 975 975 185 185 1058 1058 188 188 970 970 1057 1057 1063 1063 180 180 1062 1062 1064 1064 180 180 1063 1063 1061 1061 180 180 1064 1064 180 180 178 178 1062 1062 1062 1062 933 933 1063 1063 1063 1063 933 933 1064 1064 1064 1064 937 937 1061 1061 939 939 1062 1062 178 178 1061 1061 937 937 179 179 177 177 939 939 178 178 264 264 616 616 260 260 616 616 263 263 265 265 263 263 616 616 264 264 605 605 260 260 616 616 415 415 609 609 608 608 616 616 415 415 606 606 605 605 616 616 606 606 608 608 606 606 415 415 615 615 461 461 616 616 615 615 613 613 458 458 458 458 612 612 336 336 612 612 458 458 613 613 460 460 464 464 616 616 460 460 616 616 461 461 415 415 616 616 464 464 458 458 461 461 615 615 1065 1065 1066 1066 158 158 554 554 1069 1069 556 556 556 556 1069 1069 1065 1065 156 156 271 271 158 158 271 271 556 556 1065 1065 271 271 1065 1065 158 158 158 158 1066 1066 159 159 159 159 1067 1067 540 540 161 161 549 549 271 271 1066 1066 1067 1067 159 159 161 161 271 271 156 156 438 438 1068 1068 1069 1069 441 441 1070 1070 1071 1071 1071 1071 1068 1068 444 444 1070 1070 445 445 1072 1072 1073 1073 446 446 1074 1074 446 446 1073 1073 1072 1072 444 444 1068 1068 438 438 554 554 438 438 1069 1069 1072 1072 445 445 446 446 446 446 452 452 1074 1074 1070 1070 441 441 445 445 1071 1071 444 444 441 441 1075 1075 1074 1074 452 452 1077 1077 340 340 1076 1076 1078 1078 342 342 1077 1077 1076 1076 340 340 539 539 343 343 1078 1078 1079 1079 539 539 538 538 1076 1076 1080 1080 356 356 1079 1079 357 357 1081 1081 1082 1082 1081 1081 356 356 1080 1080 357 357 1082 1082 1083 1083 343 343 1079 1079 356 356 1086 1086 1084 1084 540 540 161 161 547 547 549 549 1085 1085 547 547 161 161 543 543 1085 1085 1086 1086 538 538 536 536 1076 1076 540 540 544 544 1086 1086 547 547 1085 1085 545 545 1085 1085 543 543 545 545 544 544 543 543 1086 1086 1084 1084 159 159 540 540 1067 1067 536 536 540 540 1067 1067 1076 1076 536 536 452 452 1087 1087 1075 1075 1087 1087 452 452 454 454 1088 1088 1087 1087 454 454 1088 1088 455 455 1089 1089 1090 1090 457 457 1091 1091 456 456 1090 1090 1089 1089 1088 1088 454 454 455 455 1089 1089 455 455 456 456 457 457 1090 1090 456 456 1091 1091 457 457 563 563 1091 1091 563 563 562 562 560 560 1091 1091 562 562 1092 1092 1091 1091 560 560 559 559 1092 1092 560 560 168 168 1092 1092 559 559 165 165 1092 1092 168 168 1093 1093 1092 1092 165 165 268 268 168 168 559 559 168 168 268 268 1095 1095 1093 1093 165 165 170 170 1093 1093 170 170 1094 1094 170 170 575 575 1094 1094 1095 1095 268 268 565 565 1097 1097 1096 1096 569 569 565 565 1096 1096 1095 1095 1098 1098 1097 1097 575 575 1094 1094 575 575 576 576 1096 1096 565 565 567 567 569 569 1096 1096 567 567 569 569 575 575 1097 1097 1099 1099 573 573 572 572 1100 1100 1101 1101 391 391 1099 1099 576 576 573 573 1099 1099 1094 1094 576 576 1102 1102 368 368 371 371 1102 1102 371 371 375 375 1102 1102 1099 1099 368 368 1102 1102 375 375 1103 1103 1103 1103 375 375 1104 1104 368 368 1099 1099 572 572 1105 1105 387 387 364 364 375 375 376 376 1104 1104 1104 1104 376 376 387 387 1105 1105 1104 1104 387 387 1105 1105 364 364 1101 1101 1101 1101 364 364 391 391 1098 1098 575 575 170 170 358 358 1083 1083 1106 1106 1107 1107 359 359 358 358 361 361 1108 1108 1109 1109 1110 1110 362 362 1109 1109 513 513 362 362 1110 1110 1110 1110 517 517 513 513 518 518 149 149 519 519 518 518 517 517 1110 1110 1111 1111 150 150 518 518 361 361 1109 1109 362 362 149 149 529 529 532 532 532 532 519 519 149 149 147 147 529 529 149 149 530 530 529 529 147 147 530 530 147 147 524 524 524 524 147 147 522 522 150 150 1112 1112 1113 1113 149 149 518 518 150 150 147 147 152 152 522 522 523 523 522 522 152 152 526 526 523 523 152 152 1110 1110 1111 1111 518 518 1112 1112 1115 1115 1113 1113 281 281 1116 1116 1115 1115 526 526 152 152 511 511 511 511 152 152 1116 1116 511 511 1116 1116 281 281 1112 1112 150 150 1111 1111 1115 1115 1112 1112 1114 1114 1114 1114 281 281 1115 1115 274 274 281 281 1114 1114 275 275 274 274 1117 1117 274 274 1114 1114 1117 1117 1117 1117 276 276 275 275 278 278 276 276 1117 1117 331 331 334 334 1118 1118 331 331 1119 1119 332 332 332 332 1120 1120 330 330 1122 1122 334 334 278 278 1118 1118 1119 1119 331 331 1124 1124 324 324 326 326 330 330 1123 1123 326 326 326 326 1123 1123 1124 1124 1122 1122 1118 1118 334 334 1122 1122 278 278 1117 1117 600 600 140 140 594 594 594 594 138 138 592 592 140 140 600 600 599 599 138 138 593 593 592 592 596 596 593 593 143 143 599 599 602 602 141 141 141 141 140 140 599 599 593 593 138 138 143 143 143 143 582 582 596 596 140 140 138 138 594 594 141 141 602 602 588 588 465 465 463 463 1125 1125 393 393 1126 1126 392 392 392 392 1126 1126 1100 1100 393 393 1127 1127 1126 1126 1127 1127 393 393 394 394 1128 1128 396 396 465 465 1125 1125 1129 1129 465 465 1129 1129 1128 1128 465 465 1127 1127 394 394 1130 1130 394 394 396 396 1130 1130 1130 1130 396 396 1128 1128 391 391 392 392 1100 1100 1131 1131 141 141 588 588 1132 1132 1131 1131 1136 1136 1132 1132 582 582 1134 1134 588 588 586 586 1131 1131 1136 1136 323 323 1133 1133 1136 1136 586 586 585 585 585 585 323 323 1136 1136 1131 1131 586 586 1136 1136 323 323 324 324 1133 1133 1136 1136 579 579 1132 1132 1134 1134 582 582 143 143 463 463 462 462 1125 1125 1135 1135 1125 1125 462 462 580 580 579 579 1136 1136 1137 1137 580 580 1136 1136 582 582 1132 1132 579 579 462 462 459 459 1135 1135 1137 1137 1135 1135 459 459 459 459 335 335 1137 1137 357 357 1083 1083 358 358 1139 1139 171 171 1138 1138 1140 1140 171 171 1139 1139 171 171 169 169 1138 1138 1138 1138 1096 1096 1139 1139 1139 1139 1097 1097 1140 1140 1140 1140 1098 1098 1141 1141 1143 1143 163 163 1142 1142 1144 1144 163 163 1143 1143 1145 1145 163 163 1144 1144 160 160 1084 1084 1142 1142 1143 1143 1086 1086 1144 1144 1142 1142 1086 1086 1143 1143 1144 1144 1085 1085 1145 1145 1084 1084 160 160 159 159 1085 1085 161 161 1145 1145 153 153 1147 1147 1146 1146 153 153 1148 1148 1149 1149 153 153 1146 1146 1148 1148 1147 1147 153 153 151 151 1147 1147 1115 1115 1146 1146 1146 1146 1116 1116 1148 1148 1148 1148 152 152 1149 1149 1113 1113 1147 1147 151 151 150 150 1113 1113 151 151 144 144 1150 1150 1151 1151 144 144 1152 1152 145 145 144 144 1151 1151 1152 1152 1150 1150 144 144 142 142 1150 1150 1132 1132 1151 1151 1151 1151 1134 1134 1152 1152 1131 1131 1150 1150 142 142 1152 1152 1134 1134 145 145 145 145 1134 1134 143 143 141 141 1131 1131 142 142 1154 1154 955 955 1153 1153 1153 1153 318 318 317 317 1154 1154 958 958 956 956 1155 1155 963 963 1156 1156 1156 1156 957 957 1157 1157 957 957 1165 1165 1157 1157 1158 1158 958 958 1154 1154 1159 1159 958 958 1158 1158 1160 1160 971 971 1159 1159 973 973 1163 1163 974 974 1161 1161 974 974 1163 1163 959 959 1162 1162 1165 1165 972 972 1161 1161 1162 1162 957 957 959 959 1165 1165 1158 1158 1163 1163 1159 1159 1160 1160 1159 1159 1163 1163 131 131 1163 1163 1158 1158 132 132 1158 1158 1164 1164 1158 1158 132 132 131 131 1154 1154 1164 1164 1158 1158 1162 1162 1161 1161 1163 1163 1162 1162 129 129 1165 1165 1162 1162 1163 1163 129 129 129 129 1163 1163 131 131 1165 1165 129 129 134 134 1165 1165 134 134 1166 1166 1164 1164 1154 1154 1153 1153 320 320 1164 1164 1153 1153 320 320 1166 1166 1167 1167 320 320 1167 1167 1164 1164 317 317 320 320 1153 1153 1156 1156 1157 1157 1166 1166 1165 1165 1166 1166 1157 1157 320 320 1156 1156 1166 1166 320 320 1155 1155 1156 1156 135 135 1169 1169 1168 1168 135 135 1168 1168 1170 1170 135 135 1170 1170 136 136 133 133 1169 1169 135 135 1169 1169 1167 1167 1168 1168 1170 1170 134 134 136 136 1168 1168 1166 1166 1170 1170 1164 1164 133 133 132 132 133 133 1164 1164 1169 1169 1173 1173 480 480 1172 1172 1175 1175 1172 1172 1176 1176 1177 1177 1181 1181 1178 1178 1177 1177 1180 1180 1181 1181 1184 1184 1182 1182 1183 1183 1185 1185 1184 1184 473 473 1182 1182 1184 1184 1186 1186 472 472 1183 1183 1187 1187 470 470 1187 1187 1188 1188 1184 1184 1183 1183 472 472 1189 1189 1185 1185 473 473 508 508 1190 1190 1189 1189 1191 1191 468 468 1192 1192 1192 1192 1193 1193 1194 1194 508 508 1189 1189 473 473 1195 1195 1192 1192 468 468 480 480 468 468 474 474 508 508 473 473 466 466 1196 1196 470 470 1188 1188 509 509 1197 1197 473 473 1197 1197 466 466 473 473 1196 1196 509 509 470 470 1197 1197 1198 1198 466 466 75 75 73 73 1197 1197 75 75 1197 1197 76 76 1198 1198 1199 1199 1200 1200 70 70 89 89 1198 1198 1201 1201 1198 1198 1171 1171 480 480 1195 1195 468 468 474 474 1171 1171 480 480 1171 1171 1202 1202 480 480 1201 1201 1171 1171 474 474 1198 1198 89 89 1203 1203 1198 1198 1201 1201 466 466 1198 1198 71 71 70 70 72 72 1197 1197 73 73 72 72 71 71 1198 1198 1204 1204 1171 1171 1200 1200 1198 1198 1203 1203 1199 1199 1171 1171 1205 1205 1206 1206 1198 1198 1200 1200 1171 1171 1205 1205 1171 1171 1204 1204 1197 1197 72 72 1198 1198 509 509 1207 1207 1197 1197 1208 1208 1193 1193 475 475 1209 1209 1210 1210 1211 1211 492 492 1214 1214 1211 1211 475 475 1209 1209 1208 1208 1209 1209 475 475 1210 1210 1192 1192 1195 1195 1193 1193 1211 1211 1212 1212 1213 1213 491 491 1214 1214 492 492 1211 1211 493 493 492 492 476 476 1213 1213 477 477 1211 1211 1213 1213 493 493 1212 1212 477 477 1213 1213 1212 1212 1211 1211 1210 1210 489 489 1214 1214 491 491 1215 1215 485 485 1216 1216 1217 1217 1218 1218 1219 1219 1221 1221 1218 1218 1217 1217 1220 1220 1215 1215 1214 1214 485 485 484 484 1216 1216 1215 1215 486 486 485 485 488 488 490 490 1220 1220 486 486 1215 1215 1220 1220 1214 1214 488 488 1220 1220 1217 1217 1222 1222 1221 1221 1216 1216 482 482 481 481 481 481 483 483 1217 1217 1223 1223 1222 1222 1217 1217 1217 1217 1216 1216 481 481 487 487 486 486 1220 1220 484 484 482 482 1216 1216 488 488 1214 1214 489 489 1213 1213 494 494 493 493 284 284 1174 1174 285 285 1213 1213 478 478 1174 1174 297 297 494 494 1213 1213 284 284 1213 1213 1174 1174 285 285 1174 1174 288 288 297 297 1213 1213 284 284 1224 1224 1174 1174 478 478 1174 1174 1224 1224 1225 1225 1225 1225 1173 1173 1174 1174 479 479 1173 1173 479 479 479 479 1173 1173 1225 1225 1173 1173 479 479 480 480 1175 1175 288 288 1174 1174 298 298 294 294 1220 1220 301 301 315 315 1220 1220 294 294 293 293 1176 1176 1176 1176 1220 1220 294 294 1220 1220 315 315 487 487 316 316 312 312 1217 1217 301 301 1220 1220 1176 1176 1176 1176 302 302 301 301 298 298 1220 1220 490 490 305 305 302 302 1176 1176 290 290 1175 1175 1176 1176 1177 1177 305 305 1176 1176 1223 1223 1217 1217 311 311 1217 1217 312 312 311 311 308 308 1177 1177 311 311 305 305 1177 1177 306 306 306 306 1177 1177 308 308 1226 1226 1223 1223 311 311 1176 1176 293 293 290 290 483 483 316 316 1217 1217 1206 1206 1227 1227 1171 1171 1229 1229 495 495 1196 1196 1196 1196 495 495 1207 1207 1207 1207 495 495 504 504 1197 1197 1207 1207 82 82 1228 1228 504 504 506 506 504 504 1228 1228 1207 1207 1229 1229 501 501 495 495 42 42 61 61 501 501 498 498 1231 1231 1232 1232 500 500 501 501 1233 1233 498 498 1232 1232 1234 1234 1229 1229 1230 1230 501 501 77 77 76 76 1197 1197 78 78 1197 1197 80 80 1197 1197 81 81 80 80 1197 1197 78 78 77 77 1235 1235 1236 1236 1202 1202 1235 1235 1202 1202 1237 1237 82 82 81 81 1197 1197 1171 1171 1227 1227 1238 1238 84 84 1207 1207 1228 1228 1228 1228 87 87 86 86 86 86 85 85 1228 1228 85 85 84 84 1228 1228 82 82 1207 1207 84 84 1228 1228 1239 1239 1240 1240 1202 1202 1239 1239 1228 1228 1228 1228 1241 1241 90 90 87 87 1228 1228 90 90 1240 1240 1241 1241 1228 1228 1202 1202 1236 1236 1242 1242 501 501 61 61 1243 1243 1196 1196 1207 1207 509 509 49 49 48 48 1230 1230 47 47 1230 1230 48 48 1230 1230 50 50 49 49 50 50 1230 1230 52 52 501 501 43 43 42 42 45 45 44 44 501 501 1230 1230 47 47 45 45 43 43 501 501 44 44 45 45 501 501 1230 1230 52 52 1230 1230 53 53 1244 1244 53 53 1230 1230 53 53 1244 1244 54 54 1245 1245 58 58 1244 1244 56 56 54 54 1244 1244 57 57 56 56 1244 1244 1244 1244 58 58 57 57 1245 1245 59 59 58 58 1245 1245 1246 1246 62 62 501 501 1243 1243 1233 1233 1247 1247 1248 1248 500 500 1247 1247 500 500 1249 1249 1250 1250 1249 1249 500 500 1251 1251 1252 1252 500 500 1251 1251 500 500 1253 1253 1231 1231 1254 1254 1255 1255 1231 1231 1252 1252 1254 1254 500 500 1252 1252 1231 1231 1248 1248 1253 1253 500 500 1256 1256 1246 1246 1257 1257 59 59 1245 1245 62 62 62 62 1246 1246 1256 1256 1258 1258 1231 1231 1259 1259 1257 1257 1246 1246 1258 1258 1246 1246 1231 1231 1258 1258 1231 1231 1255 1255 1259 1259 1233 1233 1250 1250 500 500 1234 1234 497 497 498 498 1202 1202 1238 1238 1237 1237 1242 1242 1239 1239 1202 1202 1202 1202 506 506 1260 1260 502 502 497 497 100 100 102 102 100 100 497 497 497 497 103 103 102 102 497 497 105 105 103 103 105 105 497 497 106 106 99 99 119 119 502 502 119 119 1262 1262 502 502 502 502 1262 1262 1263 1263 99 99 502 502 100 100 1263 1263 1261 1261 502 502 480 480 1202 1202 1260 1260 1260 1260 1172 1172 480 480 311 311 1177 1177 1226 1226 1283 1283 1178 1178 1282 1282 1226 1226 1177 1177 1178 1178 502 502 1264 1264 1179 1179 1261 1261 1264 1264 502 502 1179 1179 1264 1264 1265 1265 1265 1265 1266 1266 1179 1179 1178 1178 1267 1267 1285 1285 1172 1172 502 502 1179 1179 1260 1260 502 502 1172 1172 1171 1171 1238 1238 1202 1202 107 107 106 106 497 497 110 110 108 108 497 497 111 111 110 110 1234 1234 107 107 497 497 108 108 1270 1270 1271 1271 1179 1179 1268 1268 1272 1272 1273 1273 1179 1179 1272 1272 1268 1268 1179 1179 1266 1266 1270 1270 1274 1274 114 114 112 112 116 116 115 115 1274 1274 114 114 1274 1274 115 115 117 117 116 116 1274 1274 112 112 111 111 1234 1234 1275 1275 1276 1276 1277 1277 1276 1276 1278 1278 1277 1277 1274 1274 120 120 117 117 120 120 1276 1276 1279 1279 1279 1279 1276 1276 1275 1275 120 120 1274 1274 1276 1276 110 110 497 497 1234 1234 1276 1276 1273 1273 1278 1278 1271 1271 1280 1280 1179 1179 1179 1179 1280 1280 1272 1272 1268 1268 1273 1273 1276 1276 1283 1283 1282 1282 1284 1284 1178 1178 1285 1285 1282 1282 1282 1282 1285 1285 1281 1281 1274 1274 112 112 1234 1234 1186 1186 737 737 1182 1182 1183 1183 736 736 1187 1187 1182 1182 738 738 1183 1183 733 733 1186 1186 1185 1185 732 732 1185 1185 1189 1189 734 734 1190 1190 1191 1191 732 732 1189 1189 1190 1190 732 732 733 733 1185 1185 734 734 732 732 1190 1190 735 735 1194 1194 1208 1208 1194 1194 735 735 734 734 1194 1194 734 734 1192 1192 739 739 1208 1208 1209 1209 739 739 1209 1209 1211 1211 741 741 1215 1215 1216 1216 740 740 1214 1214 1215 1215 740 740 1211 1211 1214 1214 740 740 739 739 1211 1211 742 742 1216 1216 1217 1217 1216 1216 742 742 741 741 1215 1215 741 741 740 740 735 735 1208 1208 739 739 1222 1222 746 746 1221 1221 1219 1219 742 742 1217 1217 1218 1218 743 743 1219 1219 1221 1221 744 744 1218 1218 745 745 1223 1223 748 748 762 762 1178 1178 1283 1283 748 748 1223 1223 1226 1226 748 748 1226 1226 1178 1178 1281 1281 761 761 1282 1282 1282 1282 759 759 1284 1284 1284 1284 762 762 1283 1283 765 765 1281 1281 1285 1285 763 763 1267 1267 1181 1181 764 764 1285 1285 1267 1267 764 764 765 765 1285 1285 763 763 764 764 1267 1267 758 758 1180 1180 1269 1269 1180 1180 758 758 763 763 1180 1180 763 763 1181 1181 757 757 1269 1269 1268 1268 1274 1274 756 756 1276 1276 755 755 1234 1234 1232 1232 756 756 1274 1274 1234 1234 756 756 1268 1268 1276 1276 756 756 757 757 1268 1268 754 754 1231 1231 1246 1246 1231 1231 754 754 755 755 1234 1234 755 755 756 756 1231 1231 755 755 1232 1232 758 758 1269 1269 757 757 1230 1230 752 752 1244 1244 1245 1245 753 753 1246 1246 1244 1244 752 752 1245 1245 736 736 1188 1188 1187 1187 1196 1196 749 749 1229 1229 1196 1196 1188 1188 749 749 1230 1230 1229 1229 751 751 751 751 1229 1229 749 749 736 736 749 749 1188 1188 127 127 1286 1286 388 388 388 388 1286 1286 389 389 389 389 1287 1287 390 390 1286 1286 124 124 1292 1292 1292 1292 124 124 118 118 1292 1292 1288 1288 1286 1286 1287 1287 1288 1288 1290 1290 1287 1287 1291 1291 1289 1289 1291 1291 98 98 1289 1289 1292 1292 1273 1273 1288 1288 1288 1288 1270 1270 1290 1290 1290 1290 1261 1261 1291 1291 1291 1291 1262 1262 98 98 1292 1292 118 118 1279 1279 98 98 1262 1262 119 119 120 120 1279 1279 118 118 383 383 1293 1293 384 384 384 384 1295 1295 385 385 1295 1295 91 91 385 385 97 97 93 93 383 383 1296 1296 93 93 88 88 69 69 91 91 1295 1295 1294 1294 1299 1299 1295 1295 1293 1293 1296 1296 1297 1297 1295 1295 1298 1298 69 69 1296 1296 1236 1236 1297 1297 1297 1297 1227 1227 1299 1299 1299 1299 1200 1200 1298 1298 1298 1298 1203 1203 69 69 1296 1296 88 88 1241 1241 69 69 1203 1203 89 89 90 90 1241 1241 88 88 370 370 1300 1300 374 374 374 374 1302 1302 378 378 1302 1302 63 63 378 378 68 68 65 65 370 370 1303 1303 65 65 60 60 41 41 63 63 1302 1302 1301 1301 1306 1306 1302 1302 1300 1300 1303 1303 1304 1304 1302 1302 1305 1305 41 41 1303 1303 1255 1255 1304 1304 1304 1304 1253 1253 1306 1306 1306 1306 1250 1250 1305 1305 1305 1305 1243 1243 41 41 1303 1303 60 60 1256 1256 41 41 1243 1243 61 61 62 62 1256 1256 60 60 40 40 1308 1308 1309 1309 40 40 1307 1307 1308 1308 40 40 1309 1309 1310 1310 1307 1307 40 40 39 39 1310 1310 31 31 40 40 1308 1308 1007 1007 1309 1309 1307 1307 1006 1006 1308 1308 1310 1310 1015 1015 31 31 1309 1309 1015 1015 1310 1310 1015 1015 33 33 31 31 39 39 1016 1016 1307 1307 30 30 1312 1312 1311 1311 30 30 1313 1313 1314 1314 30 30 1311 1311 1313 1313 28 28 1312 1312 30 30 1311 1311 951 951 1313 1313 1312 1312 952 952 1311 1311 1313 1313 944 944 1314 1314 28 28 960 960 1312 1312 1317 1317 20 20 1316 1316 1318 1318 20 20 1317 1317 1315 1315 20 20 1318 1318 20 20 19 19 1316 1316 1316 1316 992 992 1317 1317 1317 1317 991 991 1318 1318 1318 1318 990 990 1315 1315 18 18 1316 1316 19 19 1315 1315 990 990 12 12 9 9 1320 1320 1319 1319 9 9 1319 1319 1321 1321 9 9 1321 1321 1322 1322 9 9 1322 1322 10 10 8 8 1320 1320 9 9 1320 1320 950 950 1319 1319 1319 1319 948 948 1321 1321 1321 1321 949 949 1322 1322 7 7 1320 1320 8 8 1322 1322 949 949 10 10 10 10 949 949 1 1 472 472 404 404 1184 1184 474 474 397 397 1201 1201 399 399 399 399 407 407 407 407 399 399 468 468 1195 1195 421 421 1193 1193 400 400 408 408 1195 1195 1210 1210 411 411 1212 1212 477 477 1212 1212 411 411 475 475 1210 1210 475 475 1210 1210 475 475 411 411 1224 1224 478 478 365 365 1224 1224 365 365 1225 1225 1225 1225 479 479 479 479 365 365 479 479 1225 1225 398 398 480 480 386 386 501 501 499 499 372 372 381 381 503 503 495 495 506 506 363 363 1260 1260 506 506 505 505 363 363 380 380 496 496 502 502 1137 1137 729 729 1135 1135 1135 1135 728 728 1125 1125 1129 1129 720 720 1128 1128 1125 1125 724 724 1129 1129 726 726 1137 1137 1323 1323 1128 1128 720 720 1324 1324 1323 1323 1137 1137 1136 1136 1323 1323 1133 1133 1124 1124 1323 1323 1136 1136 1133 1133 726 726 1323 1323 719 719 1323 1323 716 716 719 719 1123 1123 716 716 1323 1323 1123 1123 1323 1323 1124 1124 1325 1325 1121 1121 1120 1120 1325 1325 1120 1120 1119 1119 1325 1325 1118 1118 1122 1122 1325 1325 1122 1122 1117 1117 1325 1325 1119 1119 1118 1118 1325 1325 717 717 716 716 717 717 1325 1325 715 715 716 716 1123 1123 1325 1325 1121 1121 1325 1325 1123 1123 1110 1110 708 708 1111 1111 1112 1112 710 710 1114 1114 1111 1111 708 708 1112 1112 1114 1114 715 715 1117 1117 1117 1117 715 715 1325 1325 1326 1326 706 706 1110 1110 1327 1327 1077 1077 1076 1076 1327 1327 1078 1078 1077 1077 1327 1327 1080 1080 1079 1079 1327 1327 1081 1081 1080 1080 1079 1079 1078 1078 1327 1327 1326 1326 1083 1083 1082 1082 1326 1326 1106 1106 1083 1083 1326 1326 1108 1108 1107 1107 1326 1326 1109 1109 1108 1108 1107 1107 1106 1106 1326 1326 1082 1082 1081 1081 1327 1327 1327 1327 687 687 689 689 1082 1082 689 689 1326 1326 1109 1109 1326 1326 1110 1110 691 691 1326 1326 689 689 1326 1326 691 691 706 706 689 689 1082 1082 1327 1327 1069 1069 675 675 1065 1065 1065 1065 678 678 1066 1066 1067 1067 687 687 1076 1076 1076 1076 687 687 1327 1327 1066 1066 685 685 1067 1067 1328 1328 676 676 1069 1069 1328 1328 1069 1069 1068 1068 1328 1328 1068 1068 1071 1071 1328 1328 1070 1070 1072 1072 1328 1328 1072 1072 1073 1073 1328 1328 1071 1071 1070 1070 1328 1328 682 682 676 676 1074 1074 1329 1329 1328 1328 1074 1074 1328 1328 1073 1073 1329 1329 1075 1075 1087 1087 1329 1329 1087 1087 1088 1088 1329 1329 1089 1089 1090 1090 1329 1329 1090 1090 1091 1091 1329 1329 1088 1088 1089 1089 1329 1329 693 693 682 682 682 682 1328 1328 1329 1329 1075 1075 1329 1329 1074 1074 1094 1094 701 701 1093 1093 1099 1099 701 701 1094 1094 1093 1093 696 696 1092 1092 1092 1092 693 693 1091 1091 702 702 1099 1099 1330 1330 1091 1091 693 693 1329 1329 1330 1330 705 705 702 702 1330 1330 1101 1101 1324 1324 1324 1324 720 720 705 705 1324 1324 705 705 1330 1330 1102 1102 1330 1330 1099 1099 1330 1330 1102 1102 1103 1103 1330 1330 1103 1103 1104 1104 1330 1330 1105 1105 1101 1101 1330 1330 1104 1104 1105 1105 1324 1324 1100 1100 1126 1126 1324 1324 1127 1127 1130 1130 1324 1324 1130 1130 1128 1128 1324 1324 1126 1126 1127 1127 1324 1324 1101 1101 1100 1100 668 668 1013 1013 1012 1012 662 662 1011 1011 1014 1014 662 662 1010 1010 1011 1011 1014 1014 1013 1013 662 662 645 645 1008 1008 1009 1009 1008 1008 645 645 643 643 980 980 643 643 642 642 981 981 1008 1008 643 643 1009 1009 1010 1010 645 645 662 662 645 645 1010 1010 642 642 978 978 979 979 980 980 642 642 979 979 668 668 662 662 1013 1013 978 978 639 639 977 977 977 977 637 637 969 969 969 969 637 637 968 968 968 968 635 635 966 966 966 966 632 632 965 965 632 632 964 964 965 965 624 624 961 961 632 632 624 624 953 953 954 954 632 632 961 961 964 964 624 624 943 943 953 953 623 623 942 942 943 943 617 617 935 935 623 623 623 623 941 941 942 942 623 623 935 935 940 940 936 936 620 620 932 932 932 932 620 620 934 934 934 934 631 631 938 938 938 938 630 630 945 945 647 647 985 985 984 984 630 630 946 946 945 945 629 629 982 982 947 947 987 987 652 652 988 988 648 648 986 986 985 985 647 647 983 983 982 982 629 629 947 947 946 946 989 989 651 651 996 996 996 996 653 653 998 998 999 999 659 659 1000 1000 998 998 658 658 999 999 659 659 1001 1001 1000 1000 661 661 1017 1017 1002 1002 661 661 1002 1002 659 659 659 659 1002 1002 1001 1001 661 661 1018 1018 1017 1017 669 669 1024 1024 661 661 669 669 1020 1020 1024 1024 661 661 1024 1024 1019 1019 674 674 1025 1025 1020 1020 1026 1026 673 673 1021 1021 1021 1021 671 671 1023 1023 1023 1023 666 666 1022 1022 1022 1022 668 668 1012 1012 0 0 1 1 3 3 2 2 3 3 6 6 5 5 6 6 7 7 13 13 14 14 17 17 11 11 12 12 14 14 16 16 17 17 18 18 21 21 29 29 22 22 23 23 22 22 25 25 24 24 25 25 27 27 29 29 21 21 1314 1314 30 30 24 24 26 26 32 32 33 33 35 35 34 34 35 35 38 38 37 37 38 38 1016 1016 41 41 42 42 43 43 46 46 44 44 45 45 41 41 43 43 44 44 46 46 47 47 48 48 51 51 49 49 50 50 51 51 50 50 52 52 46 46 48 48 49 49 46 46 45 45 47 47 55 55 53 53 54 54 55 55 56 56 57 57 55 55 54 54 56 56 60 60 58 58 59 59 55 55 57 57 58 58 51 51 52 52 53 53 64 64 63 63 46 46 66 66 64 64 51 51 67 67 63 63 64 64 369 369 64 64 66 66 68 68 66 66 65 65 69 69 70 70 71 71 74 74 72 72 73 73 69 69 71 71 72 72 74 74 75 75 76 76 79 79 77 77 78 78 79 79 78 78 80 80 74 74 76 76 77 77 74 74 73 73 75 75 83 83 81 81 82 82 83 83 84 84 85 85 83 83 82 82 84 84 88 88 86 86 87 87 83 83 85 85 86 86 79 79 80 80 81 81 91 91 69 69 74 74 92 92 74 74 79 79 95 95 91 91 92 92 96 96 92 92 94 94 97 97 94 94 93 93 98 98 99 99 100 100 101 101 102 102 103 103 101 101 100 100 102 102 104 104 105 105 106 106 109 109 107 107 108 108 109 109 108 108 110 110 104 104 106 106 107 107 101 101 103 103 105 105 113 113 111 111 112 112 113 113 114 114 115 115 113 113 112 112 114 114 118 118 116 116 117 117 113 113 115 115 116 116 109 109 110 110 111 111 121 121 1289 1289 101 101 123 123 121 121 109 109 377 377 1289 1289 121 121 125 125 121 121 123 123 125 125 123 123 122 122 128 128 134 134 129 129 130 130 129 129 131 131 133 133 131 131 132 132 137 137 143 143 138 138 139 139 138 138 140 140 139 139 140 140 141 141 146 146 152 152 147 147 148 148 147 147 149 149 154 154 149 149 150 150 155 155 161 161 156 156 157 157 156 156 158 158 162 162 158 158 159 159 164 164 170 170 165 165 166 166 165 165 168 168 167 167 168 168 1095 1095 172 172 179 179 173 173 174 174 173 173 176 176 175 175 176 176 177 177 181 181 185 185 182 182 183 183 182 182 184 184 187 187 184 184 970 970 189 189 190 190 191 191 192 192 191 191 193 193 197 197 193 193 194 194 198 198 203 203 199 199 200 200 199 199 201 201 205 205 201 201 997 997 207 207 213 213 208 208 209 209 208 208 210 210 209 209 210 210 211 211 1044 1044 206 206 207 207 216 216 222 222 217 217 218 218 217 217 219 219 218 218 219 219 220 220 224 224 230 230 225 225 226 226 225 225 227 227 229 229 227 227 228 228 233 233 239 239 234 234 235 235 234 234 236 236 238 238 236 236 237 237 241 241 242 242 243 243 244 244 243 243 246 246 245 245 246 246 247 247 242 242 241 241 1030 1030 249 249 245 245 248 248 251 251 257 257 252 252 253 253 252 252 254 254 256 256 254 254 255 255 264 264 260 260 259 259 262 262 263 263 264 264 269 269 270 270 551 551 271 271 551 551 270 270 273 273 274 274 275 275 272 272 275 275 276 276 283 283 284 284 285 285 287 287 288 288 1175 1175 286 286 1175 1175 290 290 282 282 285 285 288 288 292 292 293 293 294 294 289 289 290 290 293 293 300 300 301 301 302 302 304 304 305 305 306 306 303 303 306 306 308 308 299 299 302 302 305 305 310 310 311 311 312 312 307 307 308 308 311 311 322 322 583 583 962 962 325 325 330 330 326 326 328 328 325 325 327 327 325 325 773 773 327 327 333 333 329 329 278 278 335 335 337 337 580 580 367 367 366 366 291 291 373 373 381 381 372 372 363 363 382 382 383 383 387 387 380 380 364 364 391 391 363 363 386 386 395 395 366 366 367 367 397 397 386 386 385 385 373 373 404 404 471 471 398 398 397 397 399 399 399 399 400 400 398 398 403 403 402 402 404 404 467 467 405 405 410 410 411 411 421 421 422 422 853 853 439 439 440 440 441 441 442 442 849 849 452 452 447 447 453 453 460 460 462 462 463 463 461 461 459 459 462 462 464 464 463 463 465 465 1193 1193 421 421 411 411 386 386 480 480 479 479 479 479 365 365 386 386 428 428 481 481 482 482 416 416 483 483 481 481 433 433 482 482 484 484 431 431 484 484 485 485 427 427 486 486 487 487 425 425 485 485 486 486 424 424 488 488 489 489 413 413 490 490 488 488 430 430 489 489 491 491 420 420 491 491 492 492 419 419 493 493 494 494 418 418 492 492 493 493 372 372 495 495 501 501 511 511 279 279 280 280 516 516 517 517 518 518 521 521 522 522 523 523 522 522 521 521 525 525 520 520 523 523 526 526 528 528 529 529 530 530 532 532 529 529 528 528 532 532 531 531 519 519 524 524 525 525 527 527 533 533 540 540 536 536 537 537 535 535 538 538 541 541 542 542 543 543 545 545 543 543 542 542 545 545 546 546 548 548 550 550 549 549 547 547 553 553 438 438 554 554 552 552 554 554 556 556 557 557 559 559 560 560 558 558 560 560 562 562 561 561 562 562 563 563 566 566 568 568 569 569 570 570 572 572 573 573 574 574 571 571 576 576 578 578 582 582 579 579 577 577 579 579 580 580 583 583 323 323 585 585 584 584 585 585 586 586 591 591 592 592 593 593 592 592 591 591 595 595 593 593 596 596 589 589 598 598 599 599 600 600 602 602 599 599 598 598 594 594 595 595 597 597 604 604 605 605 606 606 607 607 603 603 608 608 610 610 612 612 613 613 614 614 611 611 615 615 265 265 266 266 616 616 622 622 619 619 623 623 624 624 633 633 622 622 629 629 630 630 626 626 633 633 624 624 632 632 642 642 643 643 747 747 644 644 643 643 645 645 646 646 649 649 648 648 662 662 667 667 644 644 645 645 662 662 644 644 667 667 662 662 668 668 674 674 669 669 670 670 669 669 661 661 660 660 689 689 687 687 688 688 688 688 690 690 691 691 705 705 721 721 704 704 717 717 714 714 718 718 705 705 720 720 721 721 719 719 718 718 766 766 667 667 733 733 732 732 667 667 750 750 749 749 740 740 741 741 747 747 747 747 745 745 748 748 755 755 754 754 750 750 756 756 755 755 750 750 725 725 747 747 748 748 725 725 764 764 763 763 621 621 711 711 707 707 625 625 707 707 690 690 618 618 712 712 709 709 619 619 714 714 712 712 711 711 621 621 618 618 638 638 727 727 730 730 634 634 730 730 766 766 640 640 722 722 727 727 640 640 723 723 722 722 641 641 725 725 723 723 700 700 703 703 664 664 700 700 664 664 663 663 672 672 697 697 698 698 670 670 694 694 695 695 672 672 695 695 697 697 654 654 679 679 677 677 657 657 677 677 680 680 650 650 684 684 686 686 649 649 683 683 684 684 679 679 654 654 650 650 767 767 771 771 769 769 768 768 769 769 770 770 773 773 325 325 774 774 772 772 774 774 775 775 779 779 780 780 778 778 781 781 789 789 780 780 789 789 781 781 782 782 789 789 782 782 784 784 786 786 787 787 788 788 788 788 787 787 783 783 447 447 246 246 453 453 810 810 796 796 795 795 811 811 795 795 794 794 813 813 802 802 800 800 814 814 803 803 802 802 803 803 814 814 815 815 816 816 809 809 805 805 818 818 807 807 808 808 817 817 808 808 809 809 819 819 797 797 798 798 820 820 798 798 799 799 822 822 826 826 824 824 823 823 824 824 328 328 827 827 333 333 829 829 828 828 829 829 830 830 834 834 835 835 836 836 837 837 845 845 835 835 833 833 836 836 838 838 840 840 841 841 842 842 844 844 841 841 840 840 845 845 837 837 839 839 442 442 254 254 849 849 866 866 852 852 851 851 867 867 851 851 850 850 869 869 858 858 856 856 870 870 859 859 858 858 859 859 870 870 871 871 872 872 865 865 860 860 874 874 862 862 864 864 873 873 864 864 865 865 875 875 853 853 854 854 876 876 854 854 855 855 360 360 886 886 885 885 895 895 891 891 889 889 896 896 892 892 891 891 892 892 896 896 897 897 898 898 879 879 884 884 900 900 882 882 883 883 899 899 883 883 879 879 901 901 880 880 881 881 902 902 881 881 878 878 904 904 888 888 887 887 905 905 887 887 886 886 906 906 341 341 908 908 907 907 908 908 927 927 912 912 913 913 911 911 914 914 915 915 913 913 915 915 914 914 917 917 918 918 928 928 916 916 920 920 921 921 922 922 919 919 922 922 928 928 924 924 925 925 926 926 923 923 926 926 344 344 935 935 936 936 277 277 329 329 940 940 935 935 831 831 840 840 833 833 956 956 958 958 959 959 954 954 962 962 583 583 979 979 978 978 434 434 979 979 429 429 432 432 981 981 980 980 426 426 982 982 351 351 352 352 983 983 349 349 351 351 985 985 348 348 350 350 986 986 347 347 348 348 984 984 350 350 349 349 436 436 437 437 1001 1001 1009 1009 422 422 406 406 1013 1013 1014 1014 403 403 1013 1013 403 403 401 401 875 875 1002 1002 1017 1017 439 439 1017 1017 1018 1018 440 440 1018 1018 1019 1019 1027 1027 857 857 863 863 1028 1028 863 863 861 861 1032 1032 804 804 806 806 1031 1031 801 801 804 804 1035 1035 846 846 848 848 1034 1034 848 848 847 847 1037 1037 793 793 792 792 1038 1038 791 791 793 793 1039 1039 792 792 230 230 1042 1042 929 929 931 931 1041 1041 931 931 930 930 1043 1043 930 930 222 222 1045 1045 885 885 893 893 1046 1046 893 893 890 890 1048 1048 890 890 213 213 1049 1049 997 997 993 993 1050 1050 993 993 994 994 1051 1051 994 994 995 995 1053 1053 1005 1005 1004 1004 1054 1054 1004 1004 1003 1003 1057 1057 970 970 967 967 1059 1059 967 967 976 976 1060 1060 976 976 975 975 1062 1062 939 939 933 933 1064 1064 933 933 937 937 1077 1077 342 342 340 340 1078 1078 343 343 342 342 1081 1081 357 357 356 356 1107 1107 1108 1108 359 359 1106 1106 1107 1107 358 358 361 361 359 359 1108 1108 330 330 1120 1120 1121 1121 332 332 1119 1119 1120 1120 330 330 1121 1121 1123 1123 1124 1124 1133 1133 324 324 1137 1137 335 335 580 580 1141 1141 171 171 1140 1140 1138 1138 1095 1095 1096 1096 1139 1139 1096 1096 1097 1097 1140 1140 1097 1097 1098 1098 1095 1095 1138 1138 169 169 1098 1098 170 170 1141 1141 1142 1142 163 163 160 160 1142 1142 1084 1084 1086 1086 1144 1144 1086 1086 1085 1085 1147 1147 1113 1113 1115 1115 1146 1146 1115 1115 1116 1116 1148 1148 1116 1116 152 152 1150 1150 1131 1131 1132 1132 1151 1151 1132 1132 1134 1134 1154 1154 956 956 955 955 1153 1153 955 955 318 318 1155 1155 962 962 963 963 1156 1156 963 963 957 957 1159 1159 971 971 958 958 1160 1160 973 973 971 971 973 973 1160 1160 1163 1163 959 959 972 972 1162 1162 972 972 974 974 1161 1161 1168 1168 1167 1167 1166 1166 1169 1169 1164 1164 1167 1167 1170 1170 1166 1166 134 134 1174 1174 1173 1173 1172 1172 1175 1175 1174 1174 1172 1172 1176 1176 1172 1172 1269 1269 1177 1177 1176 1176 1269 1269 1269 1269 1172 1172 1179 1179 1177 1177 1269 1269 1180 1180 1185 1185 1186 1186 1184 1184 470 470 472 472 1187 1187 508 508 1191 1191 1190 1190 1191 1191 508 508 468 468 1208 1208 1194 1194 1193 1193 475 475 475 475 1209 1209 1213 1213 476 476 478 478 498 498 500 500 1231 1231 1202 1202 1228 1228 506 506 1178 1178 1181 1181 1267 1267 1179 1179 1268 1268 1269 1269 1186 1186 733 733 737 737 1183 1183 738 738 736 736 1182 1182 737 737 738 738 1191 1191 1192 1192 734 734 1222 1222 745 745 746 746 1219 1219 743 743 742 742 1218 1218 744 744 743 743 1221 1221 746 746 744 744 745 745 1222 1222 1223 1223 762 762 748 748 1178 1178 1281 1281 765 765 760 760 1281 1281 760 760 761 761 1282 1282 761 761 759 759 1284 1284 759 759 762 762 1230 1230 751 751 752 752 1245 1245 752 752 753 753 1246 1246 753 753 754 754 127 127 124 124 1286 1286 389 389 1286 1286 1287 1287 390 390 1287 1287 1289 1289 1287 1287 1286 1286 1288 1288 1287 1287 1290 1290 1291 1291 1292 1292 1275 1275 1277 1277 1292 1292 1279 1279 1275 1275 1292 1292 1278 1278 1273 1273 1292 1292 1277 1277 1278 1278 1288 1288 1273 1273 1272 1272 1288 1288 1272 1272 1280 1280 1288 1288 1280 1280 1271 1271 1288 1288 1271 1271 1270 1270 1290 1290 1266 1266 1265 1265 1290 1290 1270 1270 1266 1266 1290 1290 1264 1264 1261 1261 1291 1291 1263 1263 1262 1262 1291 1291 1261 1261 1263 1263 1290 1290 1265 1265 1264 1264 383 383 93 93 1293 1293 384 384 1293 1293 1294 1294 384 384 1294 1294 1295 1295 1293 1293 93 93 1296 1296 1294 1294 1293 1293 1297 1297 1294 1294 1297 1297 1299 1299 1295 1295 1299 1299 1298 1298 1296 1296 1240 1240 1239 1239 1296 1296 1241 1241 1240 1240 1296 1296 1242 1242 1236 1236 1296 1296 1239 1239 1242 1242 1297 1297 1236 1236 1235 1235 1297 1297 1235 1235 1237 1237 1297 1297 1237 1237 1238 1238 1297 1297 1238 1238 1227 1227 1299 1299 1206 1206 1205 1205 1299 1299 1227 1227 1206 1206 1299 1299 1204 1204 1200 1200 1298 1298 1199 1199 1203 1203 1298 1298 1200 1200 1199 1199 1299 1299 1205 1205 1204 1204 370 370 65 65 1300 1300 374 374 1300 1300 1301 1301 374 374 1301 1301 1302 1302 1300 1300 65 65 1303 1303 1301 1301 1300 1300 1304 1304 1301 1301 1304 1304 1306 1306 1302 1302 1306 1306 1305 1305 1303 1303 1257 1257 1258 1258 1303 1303 1256 1256 1257 1257 1303 1303 1259 1259 1255 1255 1303 1303 1258 1258 1259 1259 1304 1304 1255 1255 1254 1254 1304 1304 1254 1254 1252 1252 1304 1304 1252 1252 1251 1251 1304 1304 1251 1251 1253 1253 1306 1306 1248 1248 1247 1247 1306 1306 1253 1253 1248 1248 1306 1306 1249 1249 1250 1250 1305 1305 1233 1233 1243 1243 1305 1305 1250 1250 1233 1233 1306 1306 1247 1247 1249 1249 1307 1307 1016 1016 1006 1006 1308 1308 1006 1006 1007 1007 1309 1309 1007 1007 1015 1015 1312 1312 960 960 952 952 1311 1311 952 952 951 951 944 944 29 29 1314 1314 1313 1313 951 951 944 944 1316 1316 18 18 992 992 1317 1317 992 992 991 991 1318 1318 991 991 990 990 1320 1320 7 7 950 950 1319 1319 950 950 948 948 1321 1321 948 948 949 949 468 468 409 409 407 407 1195 1195 408 408 421 421 1135 1135 729 729 728 728 1137 1137 726 726 729 729 1125 1125 728 728 724 724 1129 1129 724 724 720 720 1110 1110 706 706 708 708 1112 1112 708 708 710 710 1114 1114 713 713 715 715 1114 1114 710 710 713 713 1069 1069 676 676 675 675 1066 1066 678 678 685 685 1065 1065 675 675 678 678 1067 1067 685 685 687 687 1099 1099 702 702 701 701 1093 1093 701 701 699 699 1093 1093 699 699 696 696 1092 1092 696 696 693 693 980 980 981 981 643 643 978 978 642 642 639 639 977 977 639 639 637 637 966 966 635 635 632 632 968 968 637 637 635 635 624 624 954 954 961 961 943 943 624 624 623 623 617 617 936 936 935 935 623 623 940 940 941 941 936 936 617 617 620 620 934 934 620 620 631 631 938 938 627 627 630 630 938 938 631 631 627 627 652 652 989 989 988 988 648 648 652 652 987 987 648 648 987 987 986 986 647 647 648 648 985 985 647 647 984 984 983 983 630 630 629 629 946 946 629 629 647 647 982 982 989 989 652 652 651 651 996 996 651 651 653 653 998 998 655 655 658 658 999 999 658 658 659 659 998 998 653 653 655 655 661 661 1019 1019 1018 1018 669 669 674 674 1020 1020 674 674 1026 1026 1025 1025 1026 1026 674 674 673 673 1021 1021 673 673 671 671 1023 1023 665 665 666 666 1022 1022 666 666 668 668 1023 1023 671 671 665 665 1333 1333 1332 1332 1331 1331 1333 1333 1334 1334 1334 1334 1331 1331 1333 1333 1333 1333 1333 1333 1334 1334 1334 1334 1332 1332 1331 1331 1331 1331 1334 1334 1332 1332 1332 1332 1331 1331 1335 1335 1333 1333 1332 1332 1331 1331 1331 1331 1334 1334 1332 1332 1332 1332 1331 1331 1333 1333 1333 1333 1337 1337 1335 1335 1336 1336 1334 1334 1335 1335 1338 1338 1332 1332 1336 1336 1331 1331 1334 1334 1337 1337 1332 1332 99 99 119 119 119 119 1273 1273 1278 1278 1278 1278 110 110 108 108 108 108 120 120 117 117 117 117 1270 1270 1271 1271 1271 1271 1277 1277 1275 1275 1275 1275 111 111 110 110 110 110 1278 1278 1277 1277 1277 1277 1275 1275 1279 1279 1279 1279 114 114 112 112 112 112 103 103 102 102 102 102 102 102 100 100 100 100 1273 1273 1278 1278 1278 1278 1279 1279 120 120 120 120 115 115 114 114 114 114 1263 1263 1261 1261 1261 1261 100 100 99 99 99 99 107 107 106 106 106 106 1266 1266 1270 1270 1270 1270 1272 1272 1273 1273 1273 1273 106 106 105 105 105 105 116 116 115 115 115 115 1271 1271 1280 1280 1280 1280 117 117 116 116 116 116 1261 1261 1264 1264 1264 1264 1264 1264 1265 1265 1265 1265 108 108 107 107 107 107 1280 1280 1272 1272 1272 1272 105 105 103 103 103 103 1265 1265 1266 1266 1266 1266 1262 1262 1263 1263 1263 1263 119 119 1262 1262 1262 1262 112 112 111 111 111 111 116 116 1272 1272 1263 1263 116 116 115 115 115 115 1265 1265 1266 1266 1266 1266 117 117 116 116 116 116 102 102 100 100 100 100 108 108 107 107 107 107 119 119 1262 1262 1262 1262 100 100 99 99 99 99 105 105 103 103 103 103 1272 1272 1273 1273 1273 1273 107 107 106 106 106 106 1270 1270 1271 1271 1271 1271 1279 1279 120 120 120 120 1261 1261 1264 1264 1264 1264 110 110 108 108 108 108 99 99 119 119 119 119 1262 1262 1263 1263 1263 1263 111 111 110 110 110 110 120 120 117 117 117 117 1278 1278 1277 1277 1277 1277 106 106 105 105 105 105 1266 1266 1270 1270 1270 1270 114 114 112 112 112 112 1271 1271 1280 1280 1280 1280 115 115 114 114 114 114 1263 1263 1261 1261 1261 1261 1280 1280 1272 1272 1272 1272 103 103 102 102 102 102 1277 1277 1275 1275 1275 1275 112 112 111 111 111 111 1275 1275 1279 1279 1279 1279 1264 1264 1265 1265 1265 1265 1271 1271 120 120 108 108 116 116 1342 1342 115 115 1262 1262 1263 1263 1263 1263 111 111 110 110 110 110 120 120 117 117 117 117 1278 1278 1277 1277 1277 1277 106 106 105 105 105 105 1266 1266 1270 1270 1270 1270 114 114 112 112 112 112 1271 1271 1280 1280 1280 1280 115 115 114 114 114 114 1263 1263 1261 1261 1261 1261 1280 1280 1272 1272 1272 1272 103 103 102 102 102 102 1277 1277 1275 1275 1275 1275 112 112 111 111 111 111 1275 1275 1279 1279 1279 1279 1264 1264 1265 1265 1265 1265 1273 1273 1278 1278 1278 1278 116 116 115 115 115 115 1265 1265 1266 1266 1266 1266 117 117 116 116 116 116 102 102 100 100 100 100 108 108 107 107 107 107 119 119 1262 1262 1262 1262 100 100 99 99 99 99 105 105 103 103 103 103 1272 1272 1273 1273 1273 1273 107 107 106 106 106 106 1270 1270 1271 1271 1271 1271 1279 1279 120 120 120 120 1261 1261 1264 1264 1264 1264 110 110 108 108 108 108 99 99 119 119 119 119 1342 1342 1345 1345 1347 1347 117 117 1342 1342 116 116 102 102 1339 1339 100 100 108 108 1341 1341 107 107 119 119 1347 1347 1262 1262 100 100 1347 1347 99 99 105 105 1339 1339 103 103 107 107 1340 1340 106 106 1279 1279 1343 1343 120 120 110 110 1341 1341 108 108 99 99 1347 1347 119 119 111 111 1341 1341 110 110 120 120 1343 1343 117 117 106 106 1340 1340 105 105 1270 1270 1346 1346 1345 1345 114 114 1342 1342 112 112 115 115 1342 1342 114 114 1261 1261 1347 1347 1346 1346 103 103 1339 1339 102 102 112 112 1341 1341 111 111 1279 1279 1344 1344 1343 1343 1278 1278 1345 1345 1344 1344 1248 1248 1233 1233 43 43 1259 1259 56 56 45 45 1254 1254 1354 1354 1255 1255 1251 1251 1252 1252 1252 1252 1255 1255 1259 1259 1259 1259 58 58 57 57 57 57 49 49 48 48 48 48 59 59 58 58 58 58 50 50 49 49 49 49 45 45 44 44 44 44 1233 1233 1250 1250 1250 1250 1259 1259 1258 1258 1258 1258 47 47 45 45 45 45 1249 1249 1247 1247 1247 1247 1250 1250 1249 1249 1249 1249 56 56 54 54 54 54 61 61 1243 1243 1243 1243 1247 1247 1248 1248 1248 1248 57 57 56 56 56 56 42 42 61 61 61 61 1243 1243 1233 1233 1233 1233 44 44 43 43 43 43 62 62 59 59 59 59 53 53 52 52 52 52 1258 1258 1257 1257 1257 1257 1254 1254 1255 1255 1255 1255 1257 1257 1256 1256 1256 1256 43 43 42 42 42 42 52 52 50 50 50 50 48 48 47 47 47 47 1252 1252 1254 1254 1254 1254 1256 1256 62 62 62 62 54 54 53 53 53 53 1248 1248 1253 1253 1253 1253 1253 1253 1251 1251 1251 1251 1355 1355 1356 1356 1349 1349 1257 1257 1352 1352 1256 1256 42 42 1349 1349 1357 1357 1252 1252 1354 1354 1254 1254 1256 1256 1352 1352 62 62 1248 1248 1355 1355 1253 1253 1253 1253 1355 1355 1251 1251 1251 1251 1355 1355 1252 1252 1255 1255 1354 1354 1259 1259 58 58 1352 1352 1351 1351 1233 1233 1356 1356 1250 1250 1259 1259 1353 1353 1258 1258 45 45 1348 1348 1349 1349 1249 1249 1355 1355 1247 1247 1250 1250 1356 1356 1249 1249 61 61 1357 1357 1243 1243 1247 1247 1355 1355 1248 1248 56 56 1351 1351 1350 1350 1243 1243 1356 1356 1233 1233 62 62 1352 1352 59 59 52 52 1350 1350 1348 1348 1258 1258 1353 1353 1257 1257 1238 1238 89 89 78 78 81 81 71 71 1206 1206 77 77 1359 1359 76 76 82 82 81 81 81 81 1206 1206 1227 1227 1227 1227 78 78 77 77 77 77 84 84 82 82 82 82 70 70 89 89 89 89 1236 1236 1242 1242 1242 1242 86 86 85 85 85 85 90 90 87 87 87 87 85 85 84 84 84 84 72 72 71 71 71 71 1205 1205 1206 1206 1206 1206 1239 1239 1240 1240 1240 1240 1199 1199 1200 1200 1200 1200 1240 1240 1241 1241 1241 1241 89 89 1203 1203 1203 1203 1237 1237 1235 1235 1235 1235 1238 1238 1237 1237 1237 1237 76 76 75 75 75 75 1241 1241 90 90 90 90 75 75 73 73 73 73 77 77 76 76 76 76 1227 1227 1238 1238 1238 1238 80 80 78 78 78 78 1203 1203 1199 1199 1199 1199 1204 1204 1205 1205 1205 1205 1200 1200 1204 1204 1204 1204 81 81 80 80 80 80 87 87 86 86 86 86 1242 1242 1239 1239 1239 1239 71 71 70 70 70 70 1235 1235 1236 1236 1236 1236 73 73 72 72 72 72 1364 1364 1366 1366 1359 1359 80 80 1359 1359 78 78 81 81 1359 1359 80 80 87 87 1361 1361 86 86 71 71 1366 1366 70 70 73 73 1358 1358 72 72 82 82 1360 1360 81 81 1227 1227 1365 1365 1364 1364 78 78 1359 1359 77 77 84 84 1360 1360 82 82 70 70 1366 1366 89 89 1242 1242 1364 1364 1363 1363 86 86 1361 1361 85 85 90 90 1362 1362 87 87 85 85 1361 1361 84 84 72 72 1358 1358 71 71 1200 1200 1366 1366 1365 1365 1241 1241 1363 1363 1362 1362 76 76 1358 1358 75 75 75 75 1358 1358 73 73 302 302 311 311 481 481 1379 1379 1378 1378 1371 1371 483 483 1376 1376 316 316 481 481 1372 1372 483 483 485 485 1369 1369 484 484 308 308 1382 1382 306 306 486 486 1367 1367 485 485 316 316 1377 1377 312 312 487 487 1370 1370 486 486 306 306 1380 1380 305 305 484 484 1368 1368 482 482 311 311 1381 1381 308 308 301 301 1375 1375 315 315 482 482 1371 1371 481 481 302 302 1374 1374 301 301 315 315 1373 1373 487 487 312 312 1378 1378 311 311 305 305 1379 1379 302 302 1175 1175 293 293 493 493 1397 1397 1395 1395 1384 1384 493 493 1388 1388 1384 1384 488 488 1387 1387 490 490 288 288 1397 1397 1392 1392 489 489 1386 1386 488 488 284 284 1390 1390 1389 1389 294 294 1395 1395 293 293 290 290 1397 1397 1175 1175 490 490 1393 1393 298 298 297 297 1389 1389 1391 1391 491 491 1385 1385 489 489 492 492 1384 1384 1383 1383 298 298 1394 1394 294 294 285 285 1392 1392 1390 1390 494 494 1391 1391 1388 1388 293 293 1396 1396 290 290 479 479 475 475 477 477 1333 1333 1334 1334 1332 1332 1333 1333 1333 1333 1334 1334 1331 1331 1331 1331 1333 1333 1333 1333 1333 1333 1334 1334 1332 1332 1332 1332 1331 1331 1334 1334 1334 1334 1332 1332 1331 1331 1336 1336 1335 1335 1332 1332 1332 1332 1331 1331 1334 1334 1334 1334 1332 1332 1331 1331 1331 1331 1333 1333 1337 1337 1338 1338 1335 1335 1334 1334 1333 1333 1335 1335 1332 1332 1337 1337 1336 1336 1334 1334 1338 1338 1337 1337 99 99 99 99 119 119 1273 1273 1273 1273 1278 1278 110 110 110 110 108 108 120 120 120 120 117 117 1270 1270 1270 1270 1271 1271 1277 1277 1277 1277 1275 1275 111 111 111 111 110 110 1278 1278 1278 1278 1277 1277 1275 1275 1275 1275 1279 1279 114 114 114 114 112 112 103 103 103 103 102 102 102 102 102 102 100 100 1273 1273 1273 1273 1278 1278 1279 1279 1279 1279 120 120 115 115 115 115 114 114 1263 1263 1263 1263 1261 1261 100 100 100 100 99 99 107 107 107 107 106 106 1266 1266 1266 1266 1270 1270 1272 1272 1272 1272 1273 1273 106 106 106 106 105 105 116 116 116 116 115 115 1271 1271 1271 1271 1280 1280 117 117 117 117 116 116 1261 1261 1261 1261 1264 1264 1264 1264 1264 1264 1265 1265 108 108 108 108 107 107 1280 1280 1280 1280 1272 1272 105 105 105 105 103 103 1265 1265 1265 1265 1266 1266 1262 1262 1262 1262 1263 1263 119 119 119 119 1262 1262 112 112 112 112 111 111 106 106 107 107 108 108 108 108 110 110 111 111 111 111 112 112 108 108 112 112 114 114 116 116 114 114 115 115 116 116 116 116 117 117 120 120 120 120 1279 1279 116 116 1279 1279 1275 1275 116 116 1275 1275 1277 1277 1278 1278 1278 1278 1273 1273 1272 1272 1272 1272 1280 1280 1271 1271 1271 1271 1270 1270 1266 1266 1266 1266 1265 1265 1264 1264 1264 1264 1261 1261 1266 1266 1261 1261 1263 1263 1266 1266 1263 1263 1262 1262 100 100 1262 1262 119 119 100 100 119 119 99 99 100 100 100 100 102 102 105 105 102 102 103 103 105 105 105 105 106 106 100 100 106 106 108 108 116 116 116 116 108 108 112 112 1275 1275 1278 1278 1272 1272 1272 1272 1271 1271 1266 1266 116 116 1275 1275 1272 1272 1272 1272 1266 1266 1263 1263 1263 1263 100 100 106 106 106 106 116 116 1263 1263 116 116 116 116 115 115 1265 1265 1265 1265 1266 1266 117 117 117 117 116 116 102 102 102 102 100 100 108 108 108 108 107 107 119 119 119 119 1262 1262 100 100 100 100 99 99 105 105 105 105 103 103 1272 1272 1272 1272 1273 1273 107 107 107 107 106 106 1270 1270 1270 1270 1271 1271 1279 1279 1279 1279 120 120 1261 1261 1261 1261 1264 1264 110 110 110 110 108 108 99 99 99 99 119 119 1262 1262 1262 1262 1263 1263 111 111 111 111 110 110 120 120 120 120 117 117 1278 1278 1278 1278 1277 1277 106 106 106 106 105 105 1266 1266 1266 1266 1270 1270 114 114 114 114 112 112 1271 1271 1271 1271 1280 1280 115 115 115 115 114 114 1263 1263 1263 1263 1261 1261 1280 1280 1280 1280 1272 1272 103 103 103 103 102 102 1277 1277 1277 1277 1275 1275 112 112 112 112 111 111 1275 1275 1275 1275 1279 1279 1264 1264 1264 1264 1265 1265 108 108 107 107 106 106 106 106 105 105 108 108 105 105 103 103 100 100 108 108 105 105 100 100 103 103 102 102 100 100 100 100 99 99 119 119 119 119 1262 1262 1263 1263 1263 1263 1261 1261 119 119 1261 1261 1264 1264 119 119 1264 1264 1265 1265 1266 1266 1266 1266 1270 1270 1271 1271 1271 1271 1280 1280 1272 1272 1272 1272 1273 1273 1278 1278 1278 1278 1277 1277 1275 1275 1275 1275 1279 1279 120 120 120 120 117 117 116 116 116 116 115 115 114 114 114 114 112 112 116 116 112 112 111 111 108 108 111 111 110 110 108 108 100 100 119 119 108 108 1264 1264 1266 1266 1271 1271 1271 1271 1272 1272 1275 1275 1272 1272 1278 1278 1275 1275 1275 1275 120 120 1271 1271 120 120 116 116 108 108 108 108 116 116 112 112 119 119 1264 1264 108 108 1264 1264 1271 1271 108 108 1262 1262 1262 1262 1263 1263 111 111 111 111 110 110 120 120 120 120 117 117 1278 1278 1278 1278 1277 1277 106 106 106 106 105 105 1266 1266 1266 1266 1270 1270 114 114 114 114 112 112 1271 1271 1271 1271 1280 1280 115 115 115 115 114 114 1263 1263 1263 1263 1261 1261 1280 1280 1280 1280 1272 1272 103 103 103 103 102 102 1277 1277 1277 1277 1275 1275 112 112 112 112 111 111 1275 1275 1275 1275 1279 1279 1264 1264 1264 1264 1265 1265 1273 1273 1273 1273 1278 1278 116 116 116 116 115 115 1265 1265 1265 1265 1266 1266 117 117 117 117 116 116 102 102 102 102 100 100 108 108 108 108 107 107 119 119 119 119 1262 1262 100 100 100 100 99 99 105 105 105 105 103 103 1272 1272 1272 1272 1273 1273 107 107 107 107 106 106 1270 1270 1270 1270 1271 1271 1279 1279 1279 1279 120 120 1261 1261 1261 1261 1264 1264 110 110 110 110 108 108 99 99 99 99 119 119 1343 1343 1344 1344 1342 1342 1340 1340 1341 1341 1342 1342 1342 1342 1344 1344 1345 1345 1345 1345 1346 1346 1347 1347 1347 1347 1339 1339 1340 1340 1340 1340 1342 1342 1347 1347 1266 1266 1265 1265 1346 1346 117 117 1343 1343 1342 1342 100 100 1339 1339 1347 1347 105 105 1340 1340 1339 1339 1273 1273 1272 1272 1345 1345 107 107 1341 1341 1340 1340 1271 1271 1270 1270 1345 1345 1264 1264 1261 1261 1346 1346 1263 1263 1262 1262 1347 1347 1277 1277 1278 1278 1344 1344 1270 1270 1266 1266 1346 1346 1280 1280 1271 1271 1345 1345 1261 1261 1263 1263 1347 1347 1272 1272 1280 1280 1345 1345 1275 1275 1277 1277 1344 1344 112 112 1342 1342 1341 1341 1279 1279 1275 1275 1344 1344 1265 1265 1264 1264 1346 1346 1278 1278 1273 1273 1345 1345 43 43 44 44 45 45 45 45 47 47 48 48 48 48 49 49 53 53 49 49 50 50 53 53 50 50 52 52 53 53 53 53 54 54 58 58 54 54 56 56 58 58 56 56 57 57 58 58 58 58 59 59 62 62 62 62 1256 1256 58 58 1256 1256 1257 1257 58 58 1257 1257 1258 1258 1259 1259 1259 1259 1255 1255 1257 1257 1255 1255 1254 1254 1257 1257 1254 1254 1252 1252 1251 1251 1251 1251 1253 1253 1254 1254 1253 1253 1248 1248 1254 1254 1248 1248 1247 1247 1250 1250 1247 1247 1249 1249 1250 1250 1250 1250 1233 1233 1248 1248 1233 1233 1243 1243 43 43 1243 1243 61 61 43 43 61 61 42 42 43 43 43 43 45 45 53 53 45 45 48 48 53 53 53 53 58 58 43 43 58 58 1257 1257 43 43 1257 1257 1254 1254 43 43 1254 1254 1248 1248 43 43 45 45 44 44 1233 1233 44 44 43 43 1233 1233 43 43 42 42 61 61 61 61 1243 1243 1233 1233 1233 1233 1250 1250 45 45 1250 1250 1249 1249 45 45 1249 1249 1247 1247 1248 1248 1248 1248 1253 1253 1251 1251 1251 1251 1252 1252 1254 1254 1254 1254 1255 1255 1259 1259 1259 1259 1258 1258 1257 1257 1257 1257 1256 1256 62 62 62 62 59 59 58 58 58 58 57 57 56 56 56 56 54 54 50 50 54 54 53 53 50 50 53 53 52 52 50 50 50 50 49 49 45 45 49 49 48 48 45 45 48 48 47 47 45 45 43 43 61 61 1233 1233 1249 1249 1248 1248 1254 1254 1248 1248 1251 1251 1254 1254 1254 1254 1259 1259 1249 1249 1259 1259 1257 1257 56 56 1257 1257 62 62 58 58 56 56 1257 1257 58 58 56 56 50 50 45 45 45 45 1249 1249 1259 1259 1251 1251 1251 1251 1252 1252 1255 1255 1255 1255 1259 1259 58 58 58 58 57 57 49 49 49 49 48 48 59 59 59 59 58 58 50 50 50 50 49 49 45 45 45 45 44 44 1233 1233 1233 1233 1250 1250 1259 1259 1259 1259 1258 1258 47 47 47 47 45 45 1249 1249 1249 1249 1247 1247 1250 1250 1250 1250 1249 1249 56 56 56 56 54 54 61 61 61 61 1243 1243 1247 1247 1247 1247 1248 1248 57 57 57 57 56 56 42 42 42 42 61 61 1243 1243 1243 1243 1233 1233 44 44 44 44 43 43 62 62 62 62 59 59 53 53 53 53 52 52 1258 1258 1258 1258 1257 1257 1254 1254 1254 1254 1255 1255 1257 1257 1257 1257 1256 1256 43 43 43 43 42 42 52 52 52 52 50 50 48 48 48 48 47 47 1252 1252 1252 1252 1254 1254 1256 1256 1256 1256 62 62 54 54 54 54 53 53 1248 1248 1248 1248 1253 1253 1253 1253 1253 1253 1251 1251 1352 1352 1353 1353 1351 1351 1356 1356 1357 1357 1349 1349 1349 1349 1348 1348 1350 1350 1350 1350 1351 1351 1349 1349 1351 1351 1353 1353 1349 1349 1353 1353 1354 1354 1349 1349 1354 1354 1355 1355 1349 1349 1257 1257 1353 1353 1352 1352 42 42 43 43 1349 1349 50 50 52 52 1348 1348 47 47 48 48 1348 1348 1252 1252 1355 1355 1354 1354 53 53 54 54 1350 1350 57 57 58 58 1351 1351 48 48 49 49 1348 1348 58 58 59 59 1352 1352 49 49 50 50 1348 1348 44 44 45 45 1349 1349 1259 1259 1354 1354 1353 1353 45 45 47 47 1348 1348 1249 1249 1356 1356 1355 1355 54 54 56 56 1350 1350 56 56 57 57 1351 1351 61 61 42 42 1357 1357 1243 1243 1357 1357 1356 1356 43 43 44 44 1349 1349 52 52 53 53 1350 1350 78 78 80 80 81 81 81 81 82 82 84 84 84 84 85 85 86 86 86 86 87 87 84 84 87 87 90 90 84 84 90 90 1241 1241 1242 1242 1241 1241 1240 1240 1239 1239 1242 1242 1241 1241 1239 1239 1242 1242 1236 1236 1235 1235 1235 1235 1237 1237 1238 1238 1238 1238 1227 1227 1206 1206 1206 1206 1205 1205 1238 1238 1205 1205 1204 1204 1200 1200 1238 1238 1205 1205 1203 1203 1200 1200 1199 1199 1203 1203 1203 1203 89 89 1238 1238 89 89 70 70 78 78 70 70 71 71 72 72 78 78 72 72 76 76 72 72 73 73 75 75 70 70 72 72 78 78 75 75 76 76 72 72 76 76 77 77 78 78 78 78 81 81 90 90 81 81 84 84 90 90 1242 1242 1235 1235 90 90 1235 1235 1238 1238 90 90 1203 1203 1205 1205 1200 1200 78 78 90 90 1238 1238 81 81 80 80 78 78 78 78 77 77 76 76 76 76 75 75 72 72 75 75 73 73 72 72 72 72 71 71 76 76 71 71 70 70 1203 1203 70 70 89 89 1203 1203 1203 1203 1199 1199 1200 1200 71 71 1203 1203 1206 1206 1200 1200 1204 1204 1205 1205 1206 1206 1200 1200 1205 1205 1206 1206 1227 1227 1238 1238 1238 1238 1237 1237 1235 1235 1235 1235 1236 1236 1242 1242 1242 1242 1239 1239 1240 1240 1240 1240 1241 1241 90 90 90 90 87 87 86 86 86 86 85 85 84 84 84 84 82 82 81 81 81 81 78 78 71 71 78 78 76 76 71 71 1206 1206 1203 1203 1200 1200 1206 1206 1238 1238 1235 1235 1235 1235 1242 1242 1240 1240 1240 1240 90 90 81 81 90 90 86 86 84 84 81 81 90 90 84 84 1206 1206 1235 1235 81 81 1235 1235 1240 1240 81 81 82 82 82 82 81 81 1206 1206 1206 1206 1227 1227 78 78 78 78 77 77 84 84 84 84 82 82 70 70 70 70 89 89 1236 1236 1236 1236 1242 1242 86 86 86 86 85 85 90 90 90 90 87 87 85 85 85 85 84 84 72 72 72 72 71 71 1205 1205 1205 1205 1206 1206 1239 1239 1239 1239 1240 1240 1199 1199 1199 1199 1200 1200 1240 1240 1240 1240 1241 1241 89 89 89 89 1203 1203 1237 1237 1237 1237 1235 1235 1238 1238 1238 1238 1237 1237 76 76 76 76 75 75 1241 1241 1241 1241 90 90 75 75 75 75 73 73 77 77 77 77 76 76 1227 1227 1227 1227 1238 1238 80 80 80 80 78 78 1203 1203 1203 1203 1199 1199 1204 1204 1204 1204 1205 1205 1200 1200 1200 1200 1204 1204 81 81 81 81 80 80 87 87 87 87 86 86 1242 1242 1242 1242 1239 1239 71 71 71 71 70 70 1235 1235 1235 1235 1236 1236 73 73 73 73 72 72 1364 1364 1365 1365 1366 1366 1366 1366 1358 1358 1359 1359 1359 1359 1360 1360 1362 1362 1360 1360 1361 1361 1362 1362 1363 1363 1364 1364 1362 1362 1359 1359 1362 1362 1364 1364 1238 1238 1227 1227 1364 1364 1199 1199 1203 1203 1366 1366 1205 1205 1204 1204 1365 1365 1204 1204 1200 1200 1365 1365 81 81 1360 1360 1359 1359 87 87 1362 1362 1361 1361 1239 1239 1242 1242 1363 1363 71 71 1358 1358 1366 1366 1236 1236 1235 1235 1364 1364 1227 1227 1206 1206 1365 1365 84 84 1361 1361 1360 1360 1242 1242 1236 1236 1364 1364 1206 1206 1205 1205 1365 1365 1240 1240 1239 1239 1363 1363 1200 1200 1199 1199 1366 1366 1241 1241 1240 1240 1363 1363 1203 1203 89 89 1366 1366 1235 1235 1237 1237 1364 1364 1237 1237 1238 1238 1364 1364 76 76 1359 1359 1358 1358 90 90 1241 1241 1362 1362 481 481 482 482 484 484 484 484 485 485 486 486 486 486 487 487 315 315 315 315 301 301 302 302 302 302 305 305 306 306 306 306 308 308 302 302 308 308 311 311 302 302 311 311 312 312 481 481 312 312 316 316 481 481 316 316 483 483 481 481 481 481 484 484 302 302 484 484 486 486 302 302 486 486 315 315 302 302 1371 1371 1368 1368 1369 1369 1369 1369 1367 1367 1370 1370 1370 1370 1373 1373 1375 1375 1375 1375 1374 1374 1379 1379 1379 1379 1380 1380 1382 1382 1382 1382 1381 1381 1379 1379 1381 1381 1378 1378 1379 1379 1378 1378 1377 1377 1371 1371 1377 1377 1376 1376 1371 1371 1376 1376 1372 1372 1371 1371 1371 1371 1369 1369 1379 1379 1369 1369 1370 1370 1379 1379 1370 1370 1375 1375 1379 1379 483 483 1372 1372 1376 1376 481 481 1371 1371 1372 1372 485 485 1367 1367 1369 1369 308 308 1381 1381 1382 1382 486 486 1370 1370 1367 1367 316 316 1376 1376 1377 1377 487 487 1373 1373 1370 1370 306 306 1382 1382 1380 1380 484 484 1369 1369 1368 1368 311 311 1378 1378 1381 1381 301 301 1374 1374 1375 1375 482 482 1368 1368 1371 1371 302 302 1379 1379 1374 1374 315 315 1375 1375 1373 1373 312 312 1377 1377 1378 1378 305 305 1380 1380 1379 1379 293 293 294 294 488 488 294 294 298 298 488 488 298 298 490 490 488 488 488 488 489 489 491 491 491 491 492 492 493 493 493 493 494 494 297 297 297 297 284 284 493 493 284 284 285 285 493 493 285 285 288 288 1175 1175 1175 1175 290 290 293 293 488 488 491 491 293 293 491 491 493 493 293 293 285 285 1175 1175 493 493 1395 1395 1394 1394 1386 1386 1394 1394 1393 1393 1386 1386 1393 1393 1387 1387 1386 1386 1386 1386 1385 1385 1383 1383 1384 1384 1388 1388 1391 1391 1391 1391 1389 1389 1384 1384 1389 1389 1390 1390 1384 1384 1390 1390 1392 1392 1397 1397 1397 1397 1396 1396 1395 1395 1386 1386 1383 1383 1395 1395 1383 1383 1384 1384 1395 1395 1390 1390 1397 1397 1384 1384 493 493 494 494 1388 1388 488 488 1386 1386 1387 1387 288 288 1175 1175 1397 1397 489 489 1385 1385 1386 1386 284 284 285 285 1390 1390 294 294 1394 1394 1395 1395 290 290 1396 1396 1397 1397 490 490 1387 1387 1393 1393 297 297 284 284 1389 1389 491 491 492 492 1383 1383 491 491 1383 1383 1385 1385 492 492 493 493 1384 1384 298 298 1393 1393 1394 1394 285 285 288 288 1392 1392 494 494 297 297 1391 1391 293 293 1395 1395 1396 1396 475 475 1210 1210 477 477 1210 1210 1212 1212 477 477 477 477 478 478 479 479 478 478 1224 1224 1225 1225 1225 1225 479 479 478 478</p></triangles></mesh>
    </geometry>
    <geometry id="object_5_182-mesh" name="object_5.182">
      <mesh>
        <source id="object_5_182-mesh-slim-nrm"><float_array count="6030" id="object_5_182-mesh-slim-nrm-array">-0.3262 -0.9179 0.2259 -0.4223 -0.6854 0.5932 -0.5542 -0.712 0.4312 -0.4696 -0.8764 0.1071 -0.3335 -0.9257 -0.1788 -0.3946 -0.7865 -0.475 -0.4953 -0.537 -0.6828 -0.5607 -0.6834 -0.4675 -0.6381 -0.1531 -0.7545 -0.708 -0.34 -0.6189 0.3139 0.7537 0.5774 0.7537 -0.3139 0.5774 -0.3139 -0.7537 0.5774 0.7537 -0.3139 -0.5774 -0.7537 0.3139 -0.5774 0.3139 0.7537 -0.5773 -0.7537 0.3139 0.5774 -0.4647 -0.8627 -0.1995 -0.9515 0.2533 -0.1747 -0.3139 -0.7537 -0.5774 -0.8585 0.0276 -0.5121 -0.9407 0.2771 0.1957 -0.8717 0.0425 0.4882 -0.7167 -0.3509 0.6026 -0.8108 0.2866 -0.5103 -0.8918 0.4518 -0.0239 -0.8626 0.3548 0.3605 -0.7446 0.1042 0.6594 -0.5704 -0.3096 0.7608 0.8058 -0.266 -0.5291 0.6715 -0.4909 -0.5551 0.6919 -0.6889 -0.2159 0.6869 -0.7124 0.1435 0.8141 -0.551 -0.1833 0.687 -0.5473 0.4779 0.6675 -0.2499 0.7015 0.799 -0.5575 0.2256 0.7808 -0.3587 0.5116 -0.5528 -0.6009 -0.5773 -0.5528 -0.6009 0.5773 -0.6009 0.5528 0.5774 -0.6009 0.5528 -0.5774 0.5528 0.6009 -0.5773 0.6009 -0.5528 -0.5773 0.7667 0.1242 -0.6299 0.6009 -0.5528 0.5774 0.5528 0.6009 0.5773 0.7477 0.4354 -0.5013 0.7438 0.6254 -0.2359 0.7794 0.4235 0.4617 0.7842 0.0043 0.6205 0.7519 0.6484 0.1194 0.6368 0.2103 0.7418 0.6317 0.5963 0.4954 0.6211 0.7661 0.1653 0.6255 0.7466 -0.2264 0.6207 0.4813 -0.6189 0.6505 -0.0395 -0.7585 0.3043 -0.6124 -0.7296 0.1666 -0.8742 0.4561 0.7233 -0.4882 0.4885 0.6171 -0.2821 -0.7346 0.9235 -0.0049 -0.3836 0.5812 -0.7099 -0.3978 0.2506 -0.8909 -0.3788 0.0099 -0.9196 -0.3927 -0.2721 -0.8849 -0.3781 -0.4957 -0.7363 0.4606 -0.6033 -0.7047 -0.3734 -0.8724 -0.1835 0.453 -0.8623 -0.3493 -0.3666 0.8476 -0.3741 -0.3763 -0.9261 -0.0098 -0.3772 0.6563 -0.052 -0.7527 0.5787 -0.3219 -0.7493 0.4331 -0.4886 -0.7575 0.2032 -0.6285 -0.7508 -0.2977 -0.5851 -0.7544 -0.4989 -0.4066 -0.7654 -0.6414 -0.1727 -0.7475 -0.6093 -0.2534 -0.7513 -0.6571 0.0203 -0.7535 -0.4396 -0.4725 -0.7639 -0.4557 -0.4514 0.7672 -0.0986 -0.6091 -0.7869 -0.1198 -0.602 0.7894 0.2337 -0.592 -0.7713 0.5292 -0.3336 -0.7801 0.3051 -0.5314 0.7903 0.5974 -0.2408 0.7649 0.6571 -0.0203 -0.7535 -0.6207 -0.1252 0.7739 -0.4484 -0.4636 -0.7642 -0.6021 -0.257 -0.7559 -0.1121 -0.6189 -0.7774 -0.3599 -0.4943 0.7913 0.2571 -0.5936 -0.7626 0.0895 -0.6142 0.784 0.5287 -0.3356 -0.7796 0.4398 -0.4804 0.7588 0.6175 -0.2196 0.7553 0.6571 -0.0203 -0.7535 -0.6571 0.0203 -0.7535 -0.6105 -0.1387 0.7797 -0.6093 -0.2534 -0.7513 -0.6571 0.0203 -0.7535 -0.4395 -0.4725 -0.7639 -0.4557 -0.4514 0.7672 -0.0986 -0.6091 -0.7869 -0.1198 -0.602 0.7894 0.2337 -0.592 -0.7713 0.5292 -0.3336 -0.7801 0.3051 -0.5314 0.7903 0.5974 -0.2408 0.7649 0.6571 -0.0203 -0.7535 -0.6207 -0.1252 0.774 -0.4395 -0.4725 -0.7639 -0.6093 -0.2534 -0.7513 -0.4557 -0.4514 0.7672 -0.0986 -0.6091 -0.7869 -0.1198 -0.602 0.7894 0.2337 -0.592 -0.7713 0.5292 -0.3336 -0.7801 0.3051 -0.5314 0.7903 0.5974 -0.2408 0.7649 0.6571 -0.0203 -0.7535 -0.6571 0.0203 -0.7535 -0.6207 -0.1252 0.774 0.6546 -0.0464 -0.7545 0.8463 -0.3791 -0.3743 0.5672 -0.329 -0.755 0.6046 -0.6882 -0.4011 0.2596 -0.8972 -0.3572 0.3676 -0.5145 -0.7747 -0.0873 -0.9233 -0.3739 0.0766 -0.6551 -0.7517 -0.4181 -0.8298 -0.3696 -0.1757 -0.643 -0.7454 -0.7216 -0.5828 -0.3736 -0.4024 -0.5078 -0.7617 -0.8947 -0.2689 -0.3566 -0.5793 -0.3072 -0.755 -0.9129 0.0311 -0.4071 0.8836 -0.1179 0.4532 0.2936 -0.612 -0.7343 0.5017 -0.7146 0.4875 0.6081 -0.3019 -0.7342 0.9239 0.0168 -0.3822 -0.1188 -0.8903 0.4397 -0.6325 -0.6452 0.4286 -0.8809 -0.1575 0.4464 0.6389 0.008 -0.7693 0.8661 -0.3481 -0.3586 0.5994 -0.7156 -0.3585 0.5228 -0.3462 -0.779 0.2263 -0.9014 -0.3691 0.2604 -0.5796 -0.7722 -0.0964 -0.9216 -0.376 -0.0434 -0.6597 -0.7503 -0.4158 -0.8291 -0.3737 -0.3027 -0.5859 -0.7518 -0.7186 -0.5851 -0.3759 -0.4927 -0.4316 -0.7556 -0.8527 -0.3515 -0.3864 -0.6295 -0.1959 -0.7519 -0.9303 -0.0524 -0.3629 0.2936 -0.612 -0.7343 0.5094 -0.708 0.4891 0.6073 -0.2919 -0.7389 -0.1193 -0.8902 0.4396 -0.6379 -0.6368 0.4332 -0.8876 -0.1275 0.4426 0.6576 0.0806 -0.749 0.8489 -0.3718 -0.3758 0.6425 -0.1538 -0.7507 0.5886 -0.7132 -0.3805 0.5014 -0.4016 -0.7664 0.2326 -0.8989 -0.3712 0.2566 -0.5826 -0.7712 0.0097 -0.9215 -0.3883 -0.0456 -0.6589 -0.7508 -0.2995 -0.8753 -0.3796 -0.301 -0.5843 -0.7537 -0.616 -0.6905 -0.3792 -0.5039 -0.4117 -0.7593 -0.8679 -0.3364 -0.3656 -0.638 -0.1594 -0.7534 -0.9373 -0.0339 -0.3469 0.8835 -0.1158 0.4538 0.2788 -0.6173 -0.7357 0.5106 -0.7096 0.4855 0.6116 -0.2961 -0.7337 0.0236 -0.9054 0.424 -0.6457 -0.6324 0.428 -0.3448 -0.839 0.4209 -0.8731 0.1959 0.4465 -0.8498 -0.3164 0.4216 0.9248 -0.0751 -0.373 0.6311 0.1294 -0.7648 0.6356 -0.1495 -0.7574 0.8495 -0.3764 -0.3696 0.5947 -0.7208 -0.356 0.5297 -0.3409 -0.7767 0.2601 -0.8886 -0.3777 0.3162 -0.5737 -0.7556 -0.0306 -0.921 -0.3884 0.0623 -0.6635 -0.7456 -0.3772 -0.847 -0.3747 -0.2275 -0.604 -0.7638 -0.7214 -0.5822 -0.375 -0.4859 -0.4348 -0.7582 -0.8903 -0.2554 -0.377 -0.6283 -0.2033 -0.751 -0.922 -0.0101 -0.3871 0.8373 -0.3228 0.4414 0.4925 -0.7465 0.4474 -0.006 -0.8961 0.4437 -0.5014 -0.7408 0.447 -0.8837 0.1464 0.4447 -0.8398 -0.3446 0.4195 0.9223 -0.0895 -0.3759 0.656 -0.039 -0.7538 0.8103 -0.4467 -0.3794 0.5915 -0.2911 -0.752 0.5744 -0.7276 -0.3751 0.4298 -0.4982 -0.753 0.2462 -0.8935 -0.3756 0.2033 -0.6283 -0.7509 -0.1047 -0.9196 -0.3786 -0.0474 -0.6602 -0.7496 -0.4439 -0.8137 -0.3752 -0.2911 -0.5915 -0.7519 -0.7342 -0.562 -0.3809 -0.4982 -0.4298 -0.753 -0.6168 -0.2215 -0.7553 -0.9155 -0.1635 -0.3675 0.8764 -0.1804 0.4466 0.5236 -0.7224 0.4516 -0.0061 -0.9047 0.426 -0.8766 -0.1675 0.4512 -0.5137 -0.7261 0.4569 0.9304 -0.0616 -0.3612 0.6581 0.0705 -0.7497 0.8073 -0.4598 -0.37 0.5932 -0.2191 -0.7747 0.5706 -0.7331 -0.3702 0.4237 -0.4983 -0.7564 0.2682 -0.8835 -0.3841 -0.0877 -0.9291 -0.3594 0.1395 -0.625 -0.7681 -0.4408 -0.8164 -0.373 -0.1714 -0.6346 -0.7536 -0.7286 -0.5862 -0.3542 -0.4104 -0.5093 -0.7564 -0.9058 -0.2225 -0.3605 -0.5825 -0.2507 -0.7732 -0.9321 -0.0192 -0.3617 0.8706 -0.2046 0.4474 0.4945 -0.7397 0.4564 -0.7499 -0.4742 0.4613 -0.1761 -0.8726 0.4555 -0.866 0.2 0.4584 0.9303 -0.0605 -0.3618 0.6581 0.0705 -0.7497 0.8101 -0.4605 -0.3628 0.5932 -0.2191 -0.7747 0.5698 -0.7286 -0.3802 0.432 -0.4954 -0.7536 0.2496 -0.8924 -0.376 0.2032 -0.6283 -0.7509 -0.1057 -0.9194 -0.3788 -0.0474 -0.6602 -0.7496 -0.45 -0.8131 -0.3693 -0.2975 -0.5844 -0.7549 -0.7006 -0.5998 -0.3865 -0.5183 -0.3635 -0.7741 -0.8922 -0.2829 -0.352 -0.9258 0.0341 -0.3765 -0.6621 -0.0679 -0.7463 0.7935 -0.3795 0.4758 -0.4936 -0.74 0.4569 -0.8726 -0.1879 0.4508 0 -0 -1 0 -0 -1 0.5592 0.3379 -0.757 0 -0 -1 -0 -0 -1 0 -0 -1 -0 0 -1 0 0 -1 -0 -0 -1 -0 -0 -1 -0 0 -1 -0.0465 -0.6628 -0.7474 -0 -0 -1 -0 -0 -1 -0 0 -1 0.5939 -0.4185 -0.6872 0.5129 -0.5076 -0.6923 -0.5826 0.3008 -0.755 -0.3649 0.5176 -0.7739 0.4222 -0.59 -0.6882 0.2997 -0.663 -0.6861 0.6593 -0.3016 -0.6887 -0.6629 0.0465 -0.7472 -0.0728 0.6534 -0.7535 0.1674 -0.704 -0.6902 0.0625 -0.7192 -0.6919 0.2212 0.5996 -0.7691 0.4952 0.4078 -0.7671 0.0001 -0.7071 -0.7071 0.7032 -0.1854 -0.6864 0.7159 -0.0507 -0.6963 0.7071 0 -0.7071 0.7071 -0 -0.7071 0.7071 0 -0.7071 0.7071 0 -0.7071 -0.3664 0.5138 -0.7757 -0.0135 0.6459 -0.7633 -0.5977 0.2333 -0.767 -0 -0.7071 -0.7071 -0.5163 0.3433 -0.7846 -0.1361 0.5905 -0.7955 0 -0.7071 -0.7071 0.3054 0.5264 -0.7935 0.5882 0.2729 -0.7613 0 -0.7071 -0.7071 0 -0.7071 -0.7071 0 -0.7071 -0.7071 0.3305 0.5405 -0.7738 0.5568 0.3407 -0.7576 0.7071 0 -0.7071 0.7071 -0 -0.7071 -0.5193 0.3405 -0.7838 -0.1398 0.5975 -0.7896 0.7071 0 -0.7071 0.7071 0 -0.7071 -0.338 0.5595 -0.7568 0.7071 0.0001 -0.7071 0.3175 0.5315 -0.7853 0.5931 0.2713 -0.7581 -0.0697 0.6598 -0.7482 0.1777 0.6402 -0.7473 0.6848 0.2373 -0.689 0.7215 0.0886 -0.6867 -0.635 0.109 -0.7648 0.6155 0.4052 -0.676 0.4675 0.5652 -0.6797 -0.5227 0.3987 -0.7535 0.3121 0.657 -0.6862 0.1771 0.7037 -0.688 -0.5034 0.3976 -0.7672 -0.2507 0.5832 -0.7727 -0.6313 0.0945 -0.7697 0.1005 0.636 -0.7651 0.3989 0.5227 -0.7535 0.402 0.5211 -0.7529 0.5682 0.32 -0.7581 0.0596 0.718 -0.6934 0 0.7071 -0.7071 0 0.7071 -0.7071 0 0.7071 -0.7071 0 0.7071 -0.7071 0 0.7071 -0.7071 0 -0.7071 -0.7071 0 -0.7071 -0.7071 -0 -0.7071 -0.7071 -0 -0.7071 -0.7071 -0.1399 0.5975 -0.7896 -0.5193 0.3405 -0.7838 0.3174 0.5315 -0.7853 0.5931 0.2713 -0.7581 -0.3123 0.575 -0.7562 -0.0065 0.645 -0.7641 -0.6537 0.0497 -0.7551 -0.523 0.3503 -0.777 0.3128 0.5797 -0.7524 0.4885 0.4329 -0.7576 -0.7071 -0 -0.7071 -0.7071 0 -0.7071 -0.7071 0 -0.7071 -0.7071 0 -0.7071 -0.7071 0 -0.7071 -0.7071 0 -0.7071 -0.6309 0.0935 -0.7702 -0.1807 -0.7045 -0.6863 -0.3113 0.5785 -0.7539 -0.0594 -0.718 -0.6934 -0.3058 -0.6591 -0.687 -0.0744 0.6637 -0.7443 -0.5065 0.395 -0.7664 0.1801 0.639 -0.7479 -0.4691 -0.5656 -0.6783 -0.5941 -0.4212 -0.6853 0.5678 0.3269 -0.7554 0.4089 0.5206 -0.7495 -0.6598 -0.301 -0.6885 0.6282 0.2034 -0.751 -0.7154 -0.0476 -0.6971 -0.705 -0.1812 -0.6856 -0.539 0.3346 -0.773 -0.0576 0.6304 -0.7741 -0.3409 0.5571 -0.7573 -0.6478 0.0569 -0.7597 0.4938 0.4102 -0.7668 0.2414 0.5852 -0.7741 -0.7071 0 -0.7071 -0.7071 0 -0.7071 -0.2031 0.6285 -0.7508 0.0494 0.6595 -0.75 0.6415 0.1733 -0.7473 0 0.7071 -0.7071 -0.0421 0.7151 -0.6977 -0 0.7071 -0.7071 -0.6451 -0.0063 -0.7641 -0.5804 0.3119 -0.7522 -0.4331 0.4886 -0.7574 -0.7071 -0 -0.7071 -0.1398 0.5975 -0.7896 -0.5193 0.3405 -0.7838 -0.7071 0 -0.7071 0.5931 0.2713 -0.7581 0.3175 0.5315 -0.7853 -0.7183 0.0626 -0.6929 0.2996 0.5895 -0.7502 0.4989 0.4067 -0.7653 -0.42 0.5984 -0.6823 -0.5402 0.487 -0.6863 -0.1681 0.7105 -0.6833 -0.3043 0.6588 -0.6881 -0.6992 0.2135 -0.6823 0.6414 0.1727 -0.7475 -0.6258 0.368 -0.6878 0 0 1 -0 -0 1 0 0 1 -0 -0 1 -0.1836 0.8701 0.4574 -0 -0 1 0 0 1 -0.7434 0.485 0.4605 0 0 1 -0 -0 1 0 -0 1 -0 -0 1 -0 -0 1 0.1915 -0.8671 0.4598 0 0 1 -0.4499 -0.5614 0.6945 -0.3308 -0.6571 0.6773 -0.6643 -0.302 0.6837 -0.5699 -0.4614 0.6799 0.721 0.523 0.4546 -0.1685 -0.7068 0.687 -0.5135 0.7103 0.4814 0.1578 0.8759 0.4559 -0.0505 -0.7182 0.694 -0.7231 -0.1158 0.681 -0.7071 -0.0002 0.7071 -0.7071 0 0.7071 -0.7071 0 0.7071 -0.7071 0 0.7071 -0.7071 0 0.7071 -0.3766 0.8193 0.4323 -0 0.9085 0.4179 0.8807 0.155 0.4477 0.3435 0.8401 0.4198 -0 -0.7071 0.7071 0.6207 0.1252 0.774 0.4668 0.448 0.7624 0.1204 0.612 0.7816 -0 -0.7071 0.7071 -0.3148 0.5306 0.787 0 -0.7071 0.7071 -0 -0.7071 0.7071 -0.5974 0.2408 0.7649 0 -0.7071 0.7071 -0.7315 0.4783 0.4859 0 -0.7071 0.7071 -0.7071 0 0.7071 0.6207 0.1252 0.774 -0.7071 0 0.7071 0.4668 0.448 0.7624 -0.7071 -0 0.7071 -0.7071 0 0.7071 -0.7071 0 0.7071 -0.7071 0 0.7071 0.1204 0.612 0.7816 -0.3148 0.5306 0.787 -0.5974 0.2408 0.7649 -0.7173 0.0559 0.6945 -0.7074 0.1624 0.688 -0.6608 0.3021 0.6871 -0.5872 0.4273 0.6874 -0.4668 0.566 0.6795 0.4895 0.7433 0.4559 0.8332 0.3444 0.4326 0.2453 0.8561 0.4548 -0.6745 0.519 0.525 -0.2832 0.6768 0.6795 -0.084 0.7252 0.6834 -0 0.7071 0.7071 0 0.7071 0.7071 0 0.7071 0.7071 0 -0.7071 0.7071 0 -0.7071 0.7071 0.3509 0.4937 0.7957 0 -0.7071 0.7071 0.6105 0.1388 0.7797 -0.0804 0.605 0.7921 -0.6175 0.2196 0.7553 -0.4348 0.4798 0.7621 -0.3905 0.8173 0.4237 0.057 0.9001 0.432 0.7071 0 0.7071 0.7071 0 0.7071 0.7071 -0 0.7071 0.7071 0 0.7071 0.7071 -0.0001 0.7071 0.0554 -0.7191 0.6927 0.1963 -0.7052 0.6813 0.3628 -0.6307 0.686 0.8821 0.1588 0.4435 -0.5198 0.7048 0.4828 0.486 -0.5369 0.6896 0.5836 -0.4323 0.6873 0.6649 -0.2999 0.6841 -0.6754 0.5159 0.5269 0.7234 -0.1159 0.6806 -0.3765 0.7716 0.5127 -0.0011 0.8972 0.4416 0.7071 0 0.7071 0.7071 -0 0.7071 0.8821 0.0122 0.471 0 0.7071 0.7071 0 0.7071 0.7071 0.0482 0.7189 0.6935 0.1629 0.7069 0.6883 0.7071 0 0.7071 0.6207 0.1252 0.774 0.1204 0.612 0.7816 0.4668 0.448 0.7624 0.7071 0 0.7071 -0.5974 0.2408 0.7649 -0.3148 0.5306 0.787 0.7158 0.0537 0.6963 0.6592 0.3093 0.6854 0.2961 0.6641 0.6865 0.4281 0.5906 0.6841 0.7036 0.1753 0.6886 0.5642 0.472 0.6774 -0.6145 0.2737 -0.74 -0.6053 0.6929 -0.3917 -0.2743 0.9006 -0.337 0.4979 0.7417 0.4494 0.0149 0.9086 -0.4174 0.2698 0.8995 -0.3437 0.8415 0.3171 0.4374 0.6243 0.6874 -0.371 0.8635 0.3412 -0.3715 -0.8382 0.3933 -0.3779 -0.3165 0.6209 -0.7171 -0.6074 0.3053 -0.7334 -0.5886 0.7132 -0.3805 -0.2247 0.9056 -0.3598 0.4577 0.7608 0.4602 0.2995 0.8775 -0.3745 0.8342 0.343 0.4318 0.6067 0.6978 -0.3808 0.8635 0.3412 -0.3715 -0.8518 0.3814 -0.3591 -0.0247 0.9288 -0.3698 -0.6872 0.6256 -0.3692 -0.8951 0.2597 -0.3625 -0.3299 0.868 -0.3712 0.8651 0.336 -0.3723 0.5957 0.7181 -0.3597 0.1719 0.916 -0.3625 -0.2906 0.6142 -0.7337 -0.6095 0.3003 -0.7337 0.119 0.8884 0.4434 -0.7062 0.5977 -0.3796 -0.0627 0.9257 -0.3731 0.6286 0.6487 0.429 0.2825 0.8736 -0.3962 0.8607 0.3598 -0.3602 0.6011 0.7138 -0.3595 -0.8852 0.2726 -0.3771 -0.4039 0.8339 -0.3761 -0.2795 0.6189 -0.7341 -0.6124 0.3044 -0.7296 0.0549 0.9262 -0.3731 0.36 0.8491 -0.3865 0.8395 0.3851 -0.3833 0.9217 0.039 -0.386 0.6048 0.6983 -0.3829 -0.5857 0.7083 -0.394 -0.8518 0.3815 -0.3591 -0.2533 0.8906 -0.3778 -0.4897 0.7501 0.4446 -0.8366 0.3485 0.4226 -0.3394 0.8651 -0.3693 -0.7021 0.6031 -0.3787 0.5322 0.7114 0.459 0.6043 0.7006 -0.3794 0.8419 0.3833 -0.3799 0.0059 0.9188 -0.3947 0.2831 0.8788 -0.3843 -0.8788 0.2983 -0.3725 0.9189 0.049 -0.3914 -0.3661 0.8236 0.4331 -0.6142 0.2776 -0.7387 -0.0097 0.9237 -0.3829 0.3013 0.8742 -0.3809 0.7388 0.4954 0.4569 0.597 0.7072 -0.3788 -0.5819 0.7144 -0.3885 -0.8534 0.3683 -0.3689 -0.2562 0.8903 -0.3764 0.8652 0.3394 -0.3692 -0.8568 0.3586 -0.3706 -0.5947 0.7091 -0.3787 -0.2592 0.8956 -0.3615 0.0244 0.9113 -0.4111 0.3667 0.8596 -0.3558 0.7204 0.5812 -0.3785 0.8904 0.2603 -0.3735 -0.2947 0.6161 -0.7305 -0.6171 0.2821 -0.7346 0.6637 0.6181 0.4212 0.0069 0.9999 -0.0096 0.9998 0.0103 -0.0151 -0.004 1 0.0066 -1 0.0094 -0.001 -0.9995 -0.0135 0.0295 -0.0077 -0.9999 -0.0066 0.008 -0.9999 -0.0062 0.9994 -0.0121 0.031 0.5007 -0.3456 0.7937 0.1255 -0.61 0.7824 0.3551 -0.5005 -0.7896 -0.2585 -0.5875 0.7668 -0.1046 -0.6021 -0.7916 -0.5242 -0.3311 0.7846 -0.4961 -0.3345 -0.8013 -0.6445 -0.0065 0.7646 0.6154 -0.1355 -0.7765 0.5007 -0.3456 0.7937 0.1255 -0.61 0.7824 0.3551 -0.5005 -0.7896 -0.2585 -0.5875 0.7668 -0.1046 -0.6021 -0.7916 -0.5242 -0.3311 0.7846 -0.4961 -0.3345 -0.8013 -0.6445 -0.0065 0.7646 0.6154 -0.1355 -0.7765 0.6497 0.0013 0.7602 0.4897 -0.36 0.7941 0.4428 -0.4582 -0.7707 0.1166 -0.5959 0.7945 0.1254 -0.5942 -0.7945 -0.2352 -0.5915 0.7713 -0.5305 -0.3179 0.7858 -0.305 -0.531 -0.7906 -0.5946 -0.2369 -0.7683 -0.5957 0.1146 0.795 0.6237 -0.1207 -0.7723 0.6445 0.0065 0.7646 0.4897 -0.36 0.7941 0.4428 -0.4582 -0.7707 0.1166 -0.5959 0.7945 0.1254 -0.5942 -0.7945 -0.5305 -0.3179 0.7858 -0.305 -0.531 -0.7906 -0.5946 -0.2369 -0.7683 -0.5909 0.1185 0.798 0.6181 -0.0997 -0.7797 0 0 -1 0.7071 0 -0.7071 -0 -0 -1 0 -0 -1 -0 -0.7071 -0.7071 -0 -0 -1 -0.2971 -0.7173 -0.6303 -0 0.7071 -0.7071 0 -0 -1 -0 0 -1 0.7173 -0.2971 -0.6303 0.7071 -0 -0.7071 -0.6181 0.0997 -0.7797 -0.1254 0.5942 -0.7945 0.2971 -0.7173 -0.6303 -0.4428 0.4582 -0.7707 0 -0.7071 -0.7071 0.3056 0.5261 -0.7936 0.5867 0.2474 -0.7711 -0.1254 0.5942 -0.7945 0.7071 -0 -0.7071 -0.4428 0.4582 -0.7707 -0.6181 0.0997 -0.7797 0.5774 0.5774 -0.5774 0.3015 0.3015 -0.9045 -0 0.7071 -0.7071 0.5774 0.5774 -0.5774 0.3056 0.5261 -0.7936 0.5867 0.2474 -0.7711 0 0.7071 -0.7071 -0.3529 0.4823 -0.8018 -0.5989 0.1427 -0.788 -0.7173 -0.2971 -0.6303 0.0977 0.5916 -0.8003 -0.7071 -0 -0.7071 0.4906 0.3358 -0.8041 -0.7071 0 -0.7071 -0.7071 0 -0.7071 -0.7071 0 -0.7071 -0.612 0.1276 -0.7805 -0.4659 0.4377 -0.769 -0.3015 0.3015 -0.9045 0 0.7071 -0.7071 -0.1202 0.6118 -0.7818 -0.7071 0 -0.7071 0.3142 0.5306 -0.7873 0.5965 0.2409 -0.7656 -0.5774 0.5774 -0.5774 -0.5774 0.5774 -0.5774 -0.2352 -0.5915 0.7713 -0 0 1 -0.7071 -0 0.7071 -0 0 1 -0.7071 0 0.7071 0 0 1 0 -0.7071 0.7071 0.7071 0 0.7071 0 -0 1 0 0 1 -0.7173 -0.2971 0.6303 -0.7071 -0 0.7071 0.5092 0.3394 0.7909 0.14 0.5839 0.7997 -0.2971 -0.7173 0.6303 -0.7071 0 0.7071 0 -0.7071 0.7071 -0.3193 0.5016 0.804 -0.7071 0 0.7071 0.1399 0.5968 0.7901 -0.7071 -0 0.7071 0.5186 0.3408 0.7842 -0.5774 0.5774 0.5774 -0.3015 0.3015 0.9045 -0 0.7071 0.7071 -0.5774 0.5774 0.5774 -0.3297 0.5096 0.7948 0 0.7071 0.7071 0.3549 0.4855 0.799 0.2971 -0.7173 0.6303 0.6126 0.094 0.7848 0.7071 0 0.7071 0.7173 -0.2971 0.6303 -0.0977 0.5916 0.8003 -0.4897 0.36 0.7941 0.7071 -0 0.7071 0.7071 0 0.7071 0.3549 0.4855 0.799 0.6126 0.094 0.7848 -0 0.7071 0.7071 0.3015 0.3015 0.9045 0.7071 -0 0.7071 -0.0977 0.5916 0.8003 -0.4897 0.36 0.7941 0.5774 0.5774 0.5774 0.5774 0.5774 0.5774 0.7311 -0.116 -0.6723 0.6324 -0.3777 -0.6764 0.7185 0.1814 -0.6715 0.5898 0.4465 -0.6729 0.6081 0.2957 -0.7367 0.6554 0.1655 -0.7369 0.6678 0.0064 -0.7443 0.3784 0.634 -0.6744 0.4491 0.5082 -0.7348 0.5374 0.4118 -0.736 0.5998 -0.2247 -0.768 0.3479 0.583 -0.7342 0.234 0.6366 -0.7348 0.113 0.731 -0.6729 0.1072 0.6685 -0.736 -0.1814 0.7185 -0.6715 -0.4492 0.5884 -0.6723 -0.3114 0.5908 -0.7443 -0.1655 0.6554 -0.7369 -0.6326 0.3772 -0.6764 -0.0284 0.6756 -0.7367 -0.4825 0.4212 -0.768 0.5724 -0.4629 0.6768 0.3839 -0.6316 0.6736 0.2661 -0.7062 -0.6561 0.5059 -0.5528 -0.6622 0.1053 -0.7348 0.6701 -0.2671 -0.7054 0.6566 -0.3199 -0.6789 -0.6609 -0.0377 -0.7503 -0.6601 -0.6034 -0.4509 0.6577 -0.5401 -0.5186 -0.6628 -0.7336 -0.1151 0.6698 -0.7407 -0.109 -0.6629 -0.7164 0.1973 0.6692 -0.6674 -0.3214 -0.6718 -0.7327 0.1379 -0.6665 0.363 -0.679 0.6382 0.2529 -0.5337 0.807 -0.0973 -0.749 0.6554 -0.2176 -0.5608 0.7988 -0.5548 -0.2433 0.7956 -0.5189 -0.5616 0.6445 -0.7658 -0.0678 0.6395 -0.6463 0.3841 0.6594 -0.5907 0.194 0.7832 -0.3286 0.6918 0.643 0.2316 0.7332 0.6393 0.0048 0.6106 0.7919 0.6914 0.3433 0.6357 0.4115 0.4609 0.7862 0.7275 -0.2637 0.6335 -0.562 0.4891 0.667 -0.3413 0.6443 0.6844 -0.3213 0.6606 -0.6785 -0.4689 0.5724 -0.6727 -0.6411 0.3926 -0.6595 -0.177 0.7009 0.691 -0.0309 0.7339 -0.6785 0.1144 0.7129 0.6918 0.2488 0.6768 0.6928 0.253 0.688 -0.6802 0.1163 0.7247 -0.6792 0.3693 0.6187 0.6934 0.3754 0.629 -0.6808 0.4775 0.5403 0.6928 0.5732 0.4391 0.6918 0.5826 0.4464 -0.6792 0.4854 0.5493 -0.6802 0.6499 0.3161 0.6912 0.7009 0.177 0.691 0.6606 0.3213 -0.6785 0.722 0.0304 0.6912 0.7129 -0.1144 0.6918 0.7247 -0.1163 -0.6792 0.7339 0.0309 -0.6785 0.6742 -0.2718 0.6867 0.688 -0.253 -0.6802 0.6268 -0.3826 -0.6788 0.7124 0.1799 -0.6783 0.1655 -0.6554 -0.7369 0.0284 -0.6756 -0.7367 0.3034 -0.5999 -0.7403 0.459 -0.4615 -0.7592 0 -0 -1 -0.1799 0.7124 -0.6783 -0.1072 -0.6685 -0.736 -0.234 -0.6366 -0.7348 -0.4491 -0.5082 -0.7348 -0.3479 -0.583 -0.7342 -0.5374 -0.4118 -0.736 -0.6081 -0.2957 -0.7367 -0.6554 -0.1655 -0.7369 -0.672 -0.0178 -0.7403 -0.6241 0.1849 -0.7592 -0.3825 0.509 0.7711 -0.0304 0.722 0.6912 0.5709 -0.2223 0.7903 0.6226 0.1436 0.7692 -0.7313 0.1163 -0.6721 -0.7185 -0.1814 -0.6715 -0.5898 -0.4465 -0.6729 -0.3784 -0.634 -0.6744 -0.113 -0.731 -0.6729 0.1814 -0.7185 -0.6715 0.4495 -0.5884 -0.6721 0.2519 -0.6062 -0.7544 -0.0192 -0.6548 -0.7555 0.4687 -0.4416 -0.765 0.4908 -0.3545 0.7959 0.6085 -0.0836 -0.7892 0.6085 0.0836 0.7892 0.4908 0.3545 -0.7959 0.4687 0.4416 0.765 0.2519 0.6062 0.7543 -0.0192 0.6548 0.7555 0.1386 0.6051 -0.784 0.1386 -0.6051 0.784 0.0474 0.6622 0.7479 0.3263 0.5731 0.7517 0.3459 0.8583 0.379 0.5209 0.403 0.7525 0.6969 0.6061 0.3834 0.8721 0.3046 0.3831 0.6373 0.1034 0.7637 0.9262 -0.0774 0.3691 0.5879 -0.2569 0.7671 0.8121 -0.435 0.389 0.4032 -0.5134 0.7575 0.5991 -0.6954 0.397 0.2811 -0.8817 0.3788 0.0959 -0.6423 0.7605 -0.0011 0.9214 0.3885 -0.0277 -0.9273 0.3732 0.1643 -0.888 0.4294 0.6159 -0.2882 0.7333 0.7402 -0.5338 0.4089 0.3015 -0.6134 0.7299 0.8869 0.1208 0.4458 0.6654 0.6151 0.423 -0.0265 0.9113 0.4108 0.3463 0.8417 0.4142 0.4512 0.456 -0.7671 0.6022 0.1202 -0.7892 0.5251 -0.3073 -0.7936 0.2485 -0.5853 -0.7718 0.1042 0.615 -0.7816 0.0545 0.6562 0.7526 0.3176 0.5736 0.7551 0.4191 0.8257 0.3776 0.6981 0.6079 0.3783 0.5431 0.352 0.7623 0.6655 0.1302 0.7349 0.884 0.2641 0.3857 0.6847 0.0096 0.7288 0.6684 -0.1363 0.7312 0.9203 -0.0729 0.3844 0.5624 -0.3824 0.7331 0.6382 -0.242 0.7308 0.8208 -0.4215 0.3856 0.4686 -0.4848 0.7385 0.5908 -0.7118 0.3798 0.2373 -0.6038 0.761 0.1786 -0.9077 0.3798 -0.0518 -0.6529 0.7556 0.0896 0.9217 0.3774 0.5039 -0.7493 0.4297 0.8766 -0.1965 0.4393 0.7688 0.4674 0.4364 -0.028 0.9051 0.4243 0.3761 0.8271 0.4177 0.4911 0.3679 -0.7896 0.6487 0.0355 -0.7602 0.6036 -0.2582 -0.7543 0.4711 -0.4519 -0.7575 0.2196 -0.6169 -0.7558 0.0215 -0.909 0.4162 0.1179 0.6048 -0.7876 0.0007 0.751 -0.6604 0.4726 0.6092 -0.6368 0.4942 0.3504 -0.7956 0.7842 -0.0406 -0.6192 0.5872 -0.1062 -0.8024 0.4367 -0.6428 -0.6294 0.3119 -0.4846 -0.8172 0.1354 0.609 -0.7815 0.4777 0.6067 -0.6354 0.2189 0.5263 -0.8216 0.5754 0.1583 -0.8024 0.7808 -0.0283 -0.6241 0.4283 -0.6399 -0.6381 0.5277 -0.3125 -0.7898 0.2392 -0.5901 -0.7711 -0.0043 0.7538 -0.6571 0.4777 0.6067 -0.6354 0.24 0.5292 -0.8139 0.5754 0.1582 -0.8024 0.7808 -0.0283 -0.6241 0.4283 -0.6399 -0.6381 0.5277 -0.3125 -0.7898 0.2175 -0.5893 -0.7781 -0.0011 0.7509 -0.6605 0.458 0.6195 -0.6375 0.219 0.5263 -0.8216 0.7557 0.1546 -0.6364 0.5723 0.1501 -0.8062 0.7003 -0.2888 -0.6528 0.409 -0.6439 -0.6467 0.5275 -0.3045 -0.7931 0.2412 -0.591 -0.7697 -0.0007 -0.751 -0.6604 -0.0043 0.7538 -0.6571 -0.0342 -0.9306 0.3644 0.499 -0.7539 0.4273 0.6003 -0.7059 0.3761 0.2881 -0.8783 0.3815 0.824 -0.4211 0.379 0.8779 -0.1962 0.4368 0.9231 -0.0713 0.378 0.3772 0.8301 0.4106 0.7696 0.4732 0.4286 0.3444 0.8577 0.3818 0.8845 0.272 0.379 -0.0251 0.9127 0.4078 0.6986 0.6063 0.3799 -0.0055 0.921 0.3895 0.0687 0.664 0.7446 0.3329 0.5681 0.7526 0.5195 0.4046 0.7526 0.6376 0.1741 0.7505 0.6575 -0.0762 0.7496 0.5765 -0.3196 0.752 0.3997 -0.5215 0.7538 0.0982 -0.6381 0.7637 0.448 0.4657 -0.7632 0.6114 0.1201 -0.7822 0.5302 -0.3136 -0.7877 0.241 -0.5955 -0.7663 0.0223 -0.9141 0.4049 0.1249 0.6195 -0.775 0.0817 -0.7534 0.6525 -0.0436 -0.999 0.0109 0.2286 -0.9734 -0.0138 0.3994 -0.6095 0.6849 0.2626 -0.6814 0.6832 0.3655 -0.9308 0.0035 0.5481 -0.8364 0 0.6095 -0.3994 0.6849 0.5154 -0.5154 0.6846 0.7071 -0.7071 -0 0.8364 -0.5481 0 0.7151 -0.1315 0.6865 0.6764 -0.2694 0.6855 0.929 -0.37 0 0.9837 -0.1796 -0.0037 0.7534 0.0817 0.6524 0.999 -0.0436 0.0109 0.9734 0.2286 -0.0138 0.6095 0.3994 0.6849 0.6814 0.2626 0.6832 0.9308 0.3655 0.0035 0.8364 0.5481 0 0.3994 0.6095 0.6849 0.5154 0.5154 0.6846 0.7071 0.7071 -0 0.5481 0.8364 0 0.2669 0.6773 0.6855 0.3655 0.9308 -0.0035 0.2286 0.9734 0.0138 0.0602 0.7558 0.6521 -0.0436 0.999 -0.0109 0.5017 -0.751 0.4293 0.1875 -0.9104 0.3688 0.5911 -0.7136 0.376 0.824 -0.4211 0.379 0.8778 -0.1964 0.4368 0.9231 -0.0713 0.378 0.8845 0.272 0.379 0.0694 0.9255 0.3724 -0.0273 0.9053 0.4238 0.3742 0.83 0.4136 0.7703 0.4705 0.4304 0.419 0.8245 0.3802 0.7055 0.6 0.3771 0.0666 0.6547 0.7529 0.3196 0.5765 0.752 0.5195 0.4046 0.7526 0.6376 0.1741 0.7505 0.6575 -0.0762 0.7496 0.5765 -0.3196 0.752 0.3937 -0.5219 0.7567 0.0955 -0.6312 0.7697 0.4481 0.4657 -0.7631 0.6114 0.1202 -0.7822 0.5302 -0.3136 -0.7878 0.241 -0.5955 -0.7664 0.0213 -0.9088 0.4167 0.1038 0.6139 -0.7825 0.5038 -0.7505 0.4277 0.5974 -0.7066 0.3792 0.1875 -0.9104 0.3688 0.8635 -0.3304 0.3809 0.8778 -0.2002 0.4352 0.7689 0.4723 0.4309 0.0749 0.9232 0.377 -0.0273 0.9053 0.4238 0.3742 0.83 0.4136 0.419 0.8245 0.3802 0.7137 0.5906 0.3766 0.9082 0.1895 0.3731 0.0764 0.6575 0.7496 0.3196 0.5765 0.752 0.5202 0.3972 0.7561 0.6344 0.1939 0.7483 0.647 -0.0654 0.7597 0.5689 -0.3333 0.7518 0.3937 -0.5219 0.7567 0.0955 -0.6312 0.7697 0.4481 0.4657 -0.7632 0.6114 0.1201 -0.7822 0.5302 -0.3136 -0.7878 0.241 -0.5955 -0.7664 0.0213 -0.9088 0.4167 0.1038 0.6139 -0.7825 0.4979 -0.7552 0.4264 0.6003 -0.7059 0.3761 0.2831 -0.8792 0.3832 0.824 -0.4211 0.379 0.8779 -0.1963 0.4368 0.9231 -0.0713 0.378 0.3772 0.8301 0.4106 0.7697 0.4732 0.4286 0.3427 0.861 0.3758 0.8845 0.272 0.379 -0.0251 0.9127 0.4078 0.6986 0.6063 0.3799 -0.0159 0.9169 0.3987 0.3262 0.5696 0.7544 0.5195 0.4046 0.7526 0.6376 0.1741 0.7505 0.6575 -0.0762 0.7496 0.5765 -0.3196 0.752 0.3997 -0.5215 0.7538 0.1059 -0.6394 0.7615 0.448 0.4657 -0.7631 0.6114 0.1202 -0.7822 0.5302 -0.3136 -0.7877 0.241 -0.5955 -0.7663 0.0301 -0.9131 0.4065 0.1249 0.6195 -0.775 0.0175 -0.698 0.7159 0.0796 -0.6926 -0.7169 0.0718 -0.6931 0.7172 0.1455 -0.683 -0.7158 0.124 -0.689 0.7141 0.2104 -0.6641 -0.7174 0.1759 -0.6747 0.7168 0.2747 -0.6399 -0.7177 0.2385 -0.6544 0.7176 0.3374 -0.6088 -0.718 0.3023 -0.6272 0.7178 0.3976 -0.5712 -0.7181 0.3641 -0.5932 0.7181 0.4541 -0.5272 -0.7182 0.4228 -0.5527 0.7182 0.5081 -0.4762 -0.7177 0.4768 -0.507 0.7181 0.5216 -0.4652 0.7152 0.5539 -0.4211 -0.7182 0.5495 -0.4271 0.7181 0.5942 -0.3623 -0.7181 0.5896 -0.3697 0.7181 0.6279 -0.3005 -0.7179 0.6242 -0.3081 0.718 0.6549 -0.2368 -0.7177 0.652 -0.2445 0.7177 0.675 -0.1721 -0.7174 0.673 -0.1798 0.7175 0.6886 -0.1075 -0.7171 0.6873 -0.115 0.7172 0.6958 -0.0437 -0.7169 0.6953 -0.051 0.7169 0.697 0.0193 -0.7168 0.6972 0.0122 0.7168 0.693 0.0818 -0.7163 0.6938 0.0735 0.7164 0.683 0.1455 -0.7158 0.689 0.124 0.7141 0.6638 0.2126 -0.717 0.6752 0.1748 0.7167 0.661 0.2283 0.7148 0.6389 0.2765 -0.7179 0.6419 0.2701 0.7177 0.6077 0.3392 -0.718 0.6119 0.3317 0.718 0.5708 0.3983 -0.718 0.5749 0.3922 0.7182 0.5155 0.4727 -0.7147 0.5474 0.4357 -0.7145 0.5323 0.4501 0.717 0.4764 0.5092 -0.7168 0.4839 0.502 0.7168 0.4241 0.5538 -0.7166 0.4441 0.54 0.715 0.3641 0.5932 -0.7181 0.3959 0.5728 0.7177 0.3023 0.6272 -0.7178 0.3374 0.6088 0.718 0.2366 0.6555 -0.7172 0.2758 0.6396 0.7175 0.222 0.6632 0.7148 0.1734 0.6754 -0.7167 0.1805 0.6735 0.7168 0.1096 0.6898 -0.7157 0.1313 0.6876 0.7141 0.0451 0.6961 -0.7165 0.0791 0.6934 0.7162 -0.0179 0.6975 -0.7163 0.0179 0.6975 0.7163 0.1303 0.6735 0.7276 -0.0102 0.6849 0.7286 0.3741 0.5709 0.7308 0.2528 0.6349 0.73 0.2438 0.6359 -0.7322 0.3741 0.5709 -0.7308 0.571 0.3706 0.7325 0.4825 0.4825 0.731 0.4825 0.4825 -0.731 0.5727 0.3659 -0.7336 0.633 0.2476 0.7335 0.6395 0.1935 -0.744 0.6674 0.0464 0.7433 0.6674 -0.0464 -0.7433 0.5727 -0.3659 0.7336 0.6395 -0.1935 0.744 0.633 -0.2476 -0.7335 0.571 -0.3706 -0.7325 0.3641 -0.5742 0.7333 0.4825 -0.4825 0.731 0.4825 -0.4825 -0.731 0.3741 -0.5709 -0.7308 0.1817 -0.6465 0.7409 0.2579 -0.6346 -0.7285 0.1125 -0.6754 -0.7288 0.0102 -0.6849 0.7286 -0.0641 -0.6719 -0.7379 0.0641 0.6719 -0.7379 -0.1303 -0.6735 0.7276 -0.3741 -0.5709 0.7308 -0.2528 -0.6349 0.73 -0.2438 -0.6359 -0.7322 -0.3741 -0.5709 -0.7308 -0.5709 -0.3741 0.7308 -0.4825 -0.4825 0.731 -0.4825 -0.4825 -0.731 -0.5709 -0.3741 -0.7308 -0.6355 -0.2408 0.7336 -0.635 -0.2448 -0.7327 -0.6642 -0.0425 0.7464 -0.6638 -0.0632 -0.7452 -0.5727 0.3659 0.7336 -0.6383 0.1891 0.7462 -0.6429 0.1679 -0.7473 -0.5741 0.362 -0.7344 -0.3641 0.5742 0.7333 -0.4825 0.4825 0.731 -0.4825 0.4825 -0.731 -0.3741 0.5709 -0.7308 -0.1817 0.6465 0.7409 -0.2579 0.6346 -0.7285 -0.1125 0.6754 -0.7288 0.7209 -0.1056 -0.685 -0.4928 -0.3494 -0.7969 0.6794 -0.2649 -0.6843 0.5154 -0.5154 -0.6846 -0.5902 0.0977 -0.8013 0.6095 -0.3994 -0.6849 -0.1387 -0.6089 -0.781 0.7071 -0.0003 -0.7071 0.7071 -0 -0.7071 -0.676 0.1745 -0.7159 0.7071 0 -0.7071 -0.6947 0.0453 -0.7178 0.7071 0 -0.7071 -0.6965 -0.0234 -0.7171 -0.6565 0.2364 -0.7164 0.3994 -0.6095 -0.6849 -0.3354 0.4897 -0.8048 0.2649 -0.6794 -0.6843 -0.6886 0.109 -0.7169 0.7071 -0 -0.7071 -0.6389 -0.2765 -0.7179 -0.241 0.5956 -0.7663 0.7071 -0 -0.7071 -0.5313 0.3061 -0.7899 0.7071 -0 -0.7071 -0.6021 -0.1193 -0.7894 0.7071 0.0003 -0.7071 -0.4505 -0.4561 -0.7675 -0.1249 -0.6196 -0.7749 -0.693 -0.0818 -0.7163 -0.683 -0.1455 -0.7158 -0.6101 -0.3371 -0.717 -0.5493 -0.4296 -0.7168 -0.5851 -0.3836 -0.7145 -0.6638 -0.2126 -0.717 0.1056 -0.7209 -0.685 0.0003 -0.7071 -0.7071 -0.554 0.425 -0.7158 -0.4794 0.5049 -0.7178 -0.5223 0.4667 -0.7137 -0.4264 0.5499 -0.7182 -0.2774 0.6394 -0.7171 0 -0.7071 -0.7071 -0.177 0.6746 -0.7166 -0.1245 0.6885 -0.7145 -0.0819 0.693 -0.7162 -0.3689 0.5904 -0.7179 -0.318 0.6226 -0.715 -0.2291 0.6611 -0.7145 -0.6373 0.2892 -0.7143 -0.613 0.3332 -0.7164 -0.5876 0.3791 -0.7149 -0.5063 -0.4803 -0.7162 -0.4649 -0.5222 -0.715 0.7209 0.1056 -0.685 -0.4214 -0.5556 -0.7168 -0.3652 -0.5943 -0.7165 -0.3005 -0.6285 -0.7174 0.0001 0.7071 -0.7071 0.6794 0.2649 -0.6843 0.6095 0.3994 -0.6849 0.3994 0.6095 -0.6849 0.5154 0.5154 -0.6846 0.2664 0.6786 -0.6845 0.1097 0.7223 -0.6828 -0.2368 -0.6549 -0.7177 -0.3361 0.4897 -0.8045 -0.1734 -0.6749 -0.7173 -0.5906 0.0976 -0.801 0 0.7071 -0.7071 -0.4934 -0.3497 -0.7964 -0.4839 -0.3499 -0.8021 -0.1305 -0.6874 -0.7144 -0.3125 0.4911 -0.8131 -0.0739 -0.6933 -0.7168 -0.5892 0.098 -0.802 -0.5282 0.3102 -0.7904 -0.1415 -0.6106 -0.7792 -0 0.7071 -0.7071 -0.1406 -0.5988 -0.7885 -0.5784 -0.1531 -0.8013 -0.2412 0.591 -0.7697 -0.2158 -0.5273 -0.8218 -0 0.7071 -0.7071 0.0046 -0.6935 -0.7204 -0 -0.7071 -0.7071 -0 -0.7071 -0.7071 -0.0003 -0.7071 -0.7071 -0.5282 0.3102 -0.7904 -0.2412 0.591 -0.7697 -0.1387 -0.6089 -0.781 -0.4928 -0.3494 -0.7969 -0.5902 0.0977 -0.8013 -0.5909 -0.1395 -0.7946 -0.3418 -0.5134 -0.7872 -0.7071 0 -0.7071 -0.7071 -0.0003 -0.7071 -0.3354 0.4897 -0.8048 -0.1056 -0.7209 -0.685 -0.2649 -0.6794 -0.6843 -0.3994 -0.6095 -0.6849 -0.5154 -0.5154 -0.6846 -0.6095 -0.3994 -0.6849 -0.6794 -0.2649 -0.6843 -0.7209 -0.1056 -0.685 -0.7071 -0 -0.7071 -0.7071 -0 -0.7071 -0.5954 0.1016 -0.797 -0.3119 0.4941 -0.8115 -0.5784 -0.1531 -0.8013 -0.4954 -0.3529 -0.7937 -0.2382 -0.5307 -0.8134 -0.5282 0.3102 -0.7904 -0.218 0.5898 -0.7776 -0.5906 0.0976 -0.801 0 0.7071 -0.7071 -0.1354 -0.609 -0.7815 0 0.7071 -0.7071 -0 0.7071 -0.7071 -0.1387 -0.61 -0.7802 -0.3361 0.4897 -0.8045 -0.4934 -0.3497 -0.7964 -0.7071 0.0003 -0.7071 -0.2196 0.6161 -0.7564 -0.0004 0.7071 -0.7071 -0.6106 0.2183 -0.7612 -0.4701 0.4625 -0.7517 -0.6072 -0.1379 -0.7825 -0.1105 0.7221 -0.6829 -0.125 -0.6195 -0.775 -0.4504 -0.4561 -0.7676 -0.2664 0.6786 -0.6845 -0.3994 0.6095 -0.6849 -0.7218 0.1041 -0.6843 -0.6785 0.2657 -0.6849 -0.5154 0.5154 -0.6846 -0.6095 0.3994 -0.6849 -0.6786 -0.2664 0.6845 -0.6095 -0.3994 0.6849 -0.5154 -0.5154 0.6846 -0.3994 -0.6095 0.6849 -0.7223 -0.1096 0.6828 -0.2664 -0.6786 0.6845 -0.1096 -0.7223 0.6828 -0.2256 0.6012 0.7666 -0.4993 0.4185 0.7586 -0.4217 -0.4975 0.7581 -0.7071 -0.0001 0.7071 -0.7071 0 0.7071 -0.7071 0 0.7071 -0.1684 -0.6358 0.7533 -0.6265 0.1163 0.7707 -0.5977 -0.2305 0.7679 -0.0001 -0.7071 0.7071 -0 -0.7071 0.7071 -0.044 0.6964 0.7163 -0 -0.7071 0.7071 -0.0981 0.6929 0.7143 -0.2412 -0.591 0.7697 -0.3418 0.5134 0.7872 -0.5909 0.1395 0.7946 -0.5282 -0.3102 0.7904 -0.7164 0.0328 0.697 0.012 0.6479 0.7616 -0.2249 0.6503 0.7257 -0.7141 0.1352 0.6869 -0.4586 0.491 0.7407 -0.387 0.5442 0.7443 -0.5776 0.3614 0.732 -0.6666 0.0907 0.7399 -0.6263 0.2641 0.7335 -0.6764 0.2694 0.6855 -0.6095 0.3994 0.6849 -0.3994 0.6095 0.6849 -0.5154 0.5154 0.6846 -0.2649 0.6794 0.6843 -0.1049 0.721 0.6849 -0.5134 -0.4093 0.7543 -0.6392 -0.1119 0.7608 -0.257 -0.5846 0.7695 -0.233 0.6033 0.7627 -0.5023 0.4268 0.752 -0.6374 -0.1688 0.7519 -0.6342 0.1372 0.7609 -0.5187 -0.4054 0.7527 -0.3263 -0.573 0.7518 -0.0001 0.7071 0.7071 0 0.7071 0.7071 -0 0.7071 0.7071 0 0.7071 0.7071 -0.048 -0.6942 0.7182 -0.1154 -0.6879 0.7166 -0.1407 0.6832 0.7166 -0.3939 0.5737 0.7181 0.0001 -0.7071 0.7071 -0.2703 0.6425 0.7171 -0.207 0.6667 0.716 0.1098 -0.7223 0.6829 0.2664 -0.6786 0.6845 -0.5035 0.4831 0.7163 -0.4507 0.5301 0.7182 -0.5418 0.4439 0.7137 -0.3318 0.6125 0.7175 -0.5743 0.3966 0.7161 -0.5548 -0.4228 0.7166 0.7071 -0.0001 0.7071 -0.6087 0.3406 0.7166 -0.6366 0.2906 0.7143 -0.6539 0.2441 0.7161 -0.6716 0.1965 0.7144 -0.6135 -0.3301 0.7174 -0.586 -0.3823 0.7145 0.7071 -0 0.7071 -0.661 -0.2283 0.7148 -0.6752 -0.1748 0.7167 -0.6419 -0.2701 0.7177 0.3994 -0.6095 0.6849 -0.1745 0.6375 0.7504 0.5154 -0.5154 0.6846 -0.4043 0.5195 0.7527 0.6095 -0.3994 0.6849 -0.5765 0.3196 0.752 -0.1684 -0.6358 0.7533 0.7071 0 0.7071 -0.6825 0.1435 0.7166 -0.4217 -0.4975 0.7581 -0.6013 -0.2254 0.7666 0.6786 -0.2664 0.6845 -0.6547 0.0664 0.7529 0.7223 -0.1097 0.6828 -0.6926 0.08 0.7168 0.7071 -0 0.7071 0.7071 0 0.7071 -0.6938 -0.0724 0.7165 -0.694 0.0036 0.72 -0.689 -0.124 0.7141 0.7071 -0 0.7071 -0.179 0.6392 0.7479 -0.4046 0.5196 0.7525 -0.5763 0.3197 0.7521 -0.1798 -0.673 0.7175 -0.2433 -0.6526 0.7176 -0.2332 0.6032 0.7627 -0.5023 0.4268 0.752 -0.4296 -0.5493 0.7168 -0.3863 -0.5829 0.7149 -0.4803 -0.5063 0.7162 -0.5222 -0.4649 0.715 -0.3367 -0.6099 0.7174 -0.2864 -0.6378 0.715 -0 0.7071 0.7071 -0.1652 -0.633 0.7563 -0.633 0.1292 0.7633 -0.6033 -0.2203 0.7665 -0.4248 -0.4982 0.7559 0.0001 0.7071 0.7071 -0.1796 0.9837 0.0037 -0.37 0.929 0 -0.5481 0.8364 -0 0.7071 0.0004 0.7071 -0.5109 -0.4133 0.7538 -0.6575 0.0762 0.7496 -0.6383 -0.1688 0.7511 -0.7071 0.7071 -0 -0.2535 -0.5842 0.771 0.2649 0.6794 0.6843 -0.37 -0.929 0 -0.5481 -0.8364 0 0.3994 0.6095 0.6849 -0.1796 -0.9837 -0.0037 0.1047 0.7211 0.6849 -0.7071 -0.7071 -0 -0.8364 0.5481 0 -0.9308 0.3655 -0.0035 0.7221 0.1105 0.6829 -1 0 -0 -0.977 0.2115 -0.0273 -0.977 -0.2115 0.0273 0.5154 0.5154 0.6846 -0.9308 -0.3655 0.0035 0.6786 0.2664 0.6845 -0.8364 -0.5481 0 0.6095 0.3994 0.6849 0.9998 -0.0211 0.0031 0.9997 0.0225 0.001 -0.0209 -0.9998 0.0034 0.0213 -0.9998 0.0028 -0.9993 0.035 -0.0109 -0.9998 -0.021 0.0033 -0.0214 0.9998 0.0006 0.0197 0.9998 -0.0012 -0.3486 -0.8431 0.4095 -0.8904 -0.1583 0.4267 -0.5405 0.7636 0.3532 -0.0575 -0.9293 0.3649 -0.3971 -0.8313 0.3889 -0.6941 -0.6128 0.3777 -0.8547 -0.3568 0.3772 -0.927 -0.0337 0.3735 -0.8891 0.2481 0.3846 -0.7091 0.5815 0.3987 -0.3682 0.8457 0.3864 -0.828 0.3581 0.4314 -0.277 0.6145 0.7387 -0.6627 -0.6159 0.4261 -0.3789 -0.8269 0.4155 -0.7679 -0.4658 0.4398 -0.8706 0.1964 0.4511 -0.5012 0.7455 0.4393 -0.3223 -0.8679 0.3779 -0.7054 -0.6036 0.3717 -0.888 -0.2538 0.3834 -0.9253 0.0658 0.3734 -0.824 0.4212 0.379 -0.6004 0.7056 0.3763 -0.2722 0.8856 0.3764 -0.3789 -0.8269 0.4155 -0.7665 -0.4675 0.4403 -0.8706 0.2003 0.4494 -0.5033 0.745 0.4377 -0.3223 -0.8679 0.3779 -0.7102 -0.5965 0.374 -0.9153 -0.1711 0.3647 -0.8626 0.3371 0.3773 -0.604 0.7053 0.3712 -0.2541 0.8892 0.3806 -0.1262 0.7185 0.684 -0.3994 0.6095 0.6849 -0.2694 0.6764 0.6855 -0.6095 0.3994 0.6849 -0.5154 0.5154 0.6846 -0.7151 0.1315 0.6865 -0.6764 0.2694 0.6855 -0.7534 -0.0817 0.6524 -0.6095 -0.3994 0.6849 -0.6814 -0.2626 0.6832 -0.3994 -0.6095 0.6849 -0.5154 -0.5154 0.6846 -0.1315 -0.7151 0.6865 -0.2694 -0.6764 0.6855 -0.3458 -0.8419 0.4143 -0.5393 0.7642 0.3539 -0.3332 -0.8668 0.371 -0.6945 -0.6112 0.3796 -0.8736 -0.3009 0.3824 -0.9224 0.0723 0.3793 -0.8226 0.4188 0.3846 -0.5966 0.7016 0.3897 -0.2802 0.8796 0.3843 -0.8262 0.3525 0.4394 -0.2693 0.6173 0.7392 -0.8861 -0.149 0.4388 -0.6651 -0.6152 0.4232 -0.7472 -0.1566 -0.6459 -0.4491 -0.6227 -0.6407 -0.6922 0.3008 -0.6561 -0.4111 0.646 -0.6431 -0.1434 -0.7551 -0.6397 -0.6496 -0.4143 -0.6375 -0.7469 0.1763 -0.6412 -0.4238 0.6367 -0.6443 -0.152 -0.7575 -0.6349 -0.6534 -0.4179 -0.6312 -0.7526 0.1789 -0.6337 -0.4291 0.6385 -0.6389 -0.1395 -0.759 -0.6359 -0.6496 -0.4143 -0.6375 -0.7469 0.1763 -0.6412 -0.4238 0.6366 -0.6443 -0.3792 -0.8268 0.4155 -0.7681 -0.4657 0.4395 -0.8707 0.1966 0.4508 -0.5011 0.746 0.4386 -0.5946 0.7113 0.3747 -0.2516 0.8902 0.3797 -0.822 0.4247 0.3794 -0.9231 0.0612 0.3797 -0.8847 -0.2712 0.3791 -0.3274 -0.8639 0.3828 -0.6988 -0.6061 0.3799 -0.3626 -0.8325 0.419 -0.7681 -0.4656 0.4395 -0.8707 0.1966 0.4508 -0.4993 0.7485 0.4363 -0.5946 0.7114 0.3746 -0.2561 0.8871 0.3841 -0.822 0.4247 0.3794 -0.9262 0.0555 0.3728 -0.3372 -0.8616 0.3793 -0.8875 -0.2571 0.3825 -0.7022 -0.6046 0.3761 0.0516 -0.6477 0.7602 0.2505 -0.6356 0.7303 0.3741 -0.5709 0.7308 0.4825 -0.4825 0.731 0.5709 -0.3741 0.7308 0.6349 -0.2528 0.73 0.6713 -0.1179 0.7317 0.6477 0.0516 0.7602 0.6356 0.2505 0.7303 0.5709 0.3741 0.7308 0.4825 0.4825 0.731 0.3741 0.5709 0.7308 0.2447 0.635 0.7327 0.0701 0.6462 0.7599 0.0331 -0.6544 -0.7554 -0.0096 -0.6389 0.7692 0.0909 -0.6848 -0.723 0.0613 -0.6858 0.7252 0.1411 -0.6566 -0.7409 0.1122 -0.6638 0.7394 0.1923 -0.6195 -0.7611 0.166 -0.6284 0.7599 0.2513 -0.5952 -0.7633 0.2251 -0.6067 0.7624 0.3087 -0.5651 -0.7651 0.2834 -0.5791 0.7644 0.3637 -0.5294 -0.7664 0.3396 -0.5459 0.7659 0.4282 -0.506 -0.7487 0.3929 -0.5074 0.7669 0.4653 -0.4908 0.7366 0.5085 -0.4571 -0.7297 0.4829 -0.4841 0.7297 0.553 -0.4025 -0.7295 0.5303 -0.4319 0.7296 0.5916 -0.3442 -0.7291 0.5722 -0.3753 0.7292 0.6252 -0.2876 -0.7256 0.6075 -0.3164 0.7286 0.6293 -0.228 -0.743 0.6184 -0.2573 0.7425 0.6285 -0.1656 -0.76 0.6197 -0.1919 0.761 0.6612 -0.1098 -0.7421 0.6381 -0.1326 0.7585 0.6773 -0.0779 0.7316 0.6881 -0.0314 -0.7249 0.6858 -0.0619 0.7252 0.6884 0.0307 -0.7247 0.6891 0.0004 0.7246 0.6816 0.0938 -0.7257 0.6855 0.0625 0.7254 0.6686 0.1576 -0.7267 0.6758 0.1254 0.7264 0.6533 0.2193 -0.7247 0.6602 0.1879 0.7272 0.6135 0.2645 -0.7441 0.6266 0.2361 0.7427 0.5841 0.3171 -0.7471 0.5791 0.2836 0.7644 0.5766 0.3556 0.7356 0.552 0.4041 -0.7294 0.573 0.3739 0.7293 0.5072 0.4586 -0.7296 0.5315 0.4303 0.7296 0.4571 0.5085 -0.7297 0.4842 0.4828 0.7297 0.4025 0.553 -0.7295 0.4319 0.5303 0.7296 0.3442 0.5916 -0.7291 0.3753 0.5722 0.7292 0.2876 0.6252 -0.7256 0.3164 0.6075 0.7286 0.228 0.6293 -0.743 0.2573 0.6184 0.7425 0.1656 0.6285 -0.76 0.1919 0.6197 0.761 0.1053 0.6446 -0.7572 0.1324 0.6381 0.7585 0.0661 0.6351 0.7696 0.0382 0.632 -0.7741 0.713 -0.1703 -0.6802 0.7099 -0.2614 -0.654 0.7693 -0.0122 -0.6388 0.7071 0 -0.7071 -0.5731 0.3738 -0.7293 0.7071 0 -0.7071 -0.6286 0.1654 -0.76 0.7071 0 -0.7071 0.3992 -0.6302 -0.6659 0.4961 -0.5446 -0.6762 0.6231 -0.4412 -0.6458 0.7071 -0 -0.7071 -0.6366 0.0415 -0.7701 0.7071 0 -0.7071 -0.6544 -0.0331 -0.7554 -0.6596 -0.1905 -0.727 0.7071 0 -0.7071 -0.6848 -0.0907 -0.723 0.7071 -0 -0.7071 -0.6445 0.1057 -0.7572 -0.6886 -0.1278 -0.7138 -0.6371 -0.2532 -0.728 0.243 -0.7171 -0.6533 0.0868 -0.7498 -0.656 0.0001 -0.7071 -0.7071 0 -0.7071 -0.7071 -0.4608 0.4799 -0.7466 -0.4332 0.5208 -0.7356 -0.3634 0.5296 -0.7664 -0.5011 0.4337 -0.7489 0 -0.7071 -0.7071 -0.2827 0.6277 -0.7254 -0 -0.7071 -0.7071 -0.3242 0.5827 -0.7452 -0.6381 0.2338 -0.7336 -0.6374 0.2522 -0.7281 -0.6079 -0.3154 -0.7287 -0.6085 0.314 -0.7288 -0.5768 -0.3742 -0.7261 0.7071 0 -0.7071 0.7071 0.0001 -0.7071 0.7389 0.0929 -0.6674 -0.5255 -0.4085 -0.7463 0.6781 0.2543 -0.6896 0.634 0.3576 -0.6857 0.5792 0.4785 -0.6599 0.45 0.6128 -0.6496 0.298 0.6768 -0.6732 0.102 0.7414 -0.6633 -0.4566 -0.5092 -0.7295 -0.487 -0.455 -0.7455 -0.4394 -0.5143 -0.7365 -0.3669 -0.5272 -0.7665 -0.3264 -0.5825 -0.7444 0 0.7071 -0.7071 0.0001 0.7071 -0.7071 -0 0.7071 -0.7071 -0.2869 -0.6256 -0.7254 0 0.7071 -0.7071 -0.2578 -0.6508 -0.7142 -0.1881 -0.6602 -0.7272 -0.2224 0.6491 -0.7275 -0.0371 0.6392 -0.7682 -0 -0.7071 -0.7071 0 -0.7071 -0.7071 -0.1021 0.6453 -0.757 -0.1646 0.652 -0.7401 -0 -0.7071 -0.7071 0 -0.7071 -0.7071 -0 -0.7071 -0.7071 -0.0108 -0.7483 -0.6632 -0 -0.7071 -0.7071 -0.7071 -0.0001 -0.7071 -0.1674 -0.725 -0.6681 -0.2557 -0.6776 -0.6895 -0.3943 -0.6177 -0.6804 -0.4681 -0.5528 -0.6894 -0.6804 -0.2902 -0.673 -0.6101 -0.4571 -0.6472 -0.7389 -0.0943 -0.6672 -0.7071 0 -0.7071 -0.7071 -0 -0.7071 -0.7071 -0 -0.7071 -0.7071 -0 -0.7071 -0.7071 -0 -0.7071 -0 0.7071 -0.7071 0 0.7071 -0.7071 -0.1708 -0.6593 -0.7323 -0 0.7071 -0.7071 -0.0001 0.7071 -0.7071 -0.7483 0.0108 -0.6632 -0 0.7071 -0.7071 -0.1055 -0.6446 -0.7572 0 0.7071 -0.7071 -0.0415 -0.6366 -0.7701 0 0.7071 -0.7071 -0.7071 0 -0.7071 -0.7071 0 -0.7071 -0.7071 0 -0.7071 -0.7071 -0 -0.7071 -0.6058 0.4719 -0.6405 -0.0956 0.7535 -0.6504 -0.7248 0.1681 -0.6681 -0.458 0.6094 -0.6472 -0.294 0.6766 -0.6752 -0.6752 0.3014 -0.6733 -0.6864 -0.237 0.6875 -0.6488 -0.3803 0.6592 -0.0868 -0.7498 0.656 -0.722 -0.1674 0.6714 -0.7663 -0.0122 0.6424 -0.7071 -0 0.7071 -0.3609 -0.6327 0.6851 -0.2541 -0.6782 0.6896 -0.5335 -0.5308 0.6585 -0.7071 -0 0.7071 -0.7071 -0 0.7071 -0.7071 0 0.7071 -0.7071 0 0.7071 -0 -0.7071 0.7071 -0.0001 -0.7071 0.7071 0 -0.7071 0.7071 0 -0.7071 0.7071 -0 -0.7071 0.7071 -0 -0.7071 0.7071 -0.0095 0.634 0.7732 0 -0.7071 0.7071 -0.0754 0.6504 0.7558 -0.1351 0.6584 0.7404 -0 -0.7071 0.7071 -0.7071 0 0.7071 -0.7071 -0 0.7071 -0.7071 -0 0.7071 -0.7071 0 0.7071 -0.7498 0.0868 0.656 -0.6954 0.2361 0.6787 -0.6566 0.3974 0.641 -0.532 0.5543 0.6401 -0.7071 0.0001 0.7071 -0.3803 0.6474 0.6605 -0.1729 0.7146 0.6779 -0.2359 0.6967 0.6775 -0.0106 0.7513 0.6599 -0 0.7071 0.7071 0 0.7071 0.7071 -0 0.7071 0.7071 0 0.7071 0.7071 -0 0.7071 0.7071 0 0.7071 0.7071 -0 0.7071 0.7071 -0.1347 -0.6564 0.7423 -0.0724 -0.651 0.7556 -0.219 -0.6534 0.7247 -0.1927 0.6617 0.7246 -0.2512 0.6379 0.728 0 -0.7071 0.7071 -0.2968 0.5988 0.7439 -0 -0.7071 0.7071 -0.3399 0.5457 0.7659 0.0108 -0.7483 0.6632 -0.4664 0.4401 0.7673 0.7071 -0.0001 0.7071 -0.4032 0.5298 0.7462 -0.4474 0.5083 0.7358 -0.5355 0.413 0.7366 0.7071 -0 0.7071 -0.5521 0.404 0.7294 -0.5908 0.3457 0.729 -0.5922 -0.3434 0.7289 0.7071 0 0.7071 -0.6233 0.2845 0.7284 0.7071 0 0.7071 -0.6385 0.1965 0.7442 0.7071 0 0.7071 -0.6238 -0.2833 0.7285 0.7071 -0 0.7071 -0.6494 -0.2206 0.7277 0.7412 -0.1041 0.6631 0.1689 -0.7247 0.6681 0.4483 -0.5807 0.6795 0.3255 -0.6761 0.661 0.5587 -0.4984 0.6629 0.6682 -0.3511 0.6559 -0.6381 0.1324 0.7585 -0.651 0.0724 0.7556 -0.6705 -0.161 0.7242 0.7071 0 0.7071 -0.6886 -0.1276 0.7138 -0.6858 -0.0613 0.7252 0.7071 -0 0.7071 -0.6389 0.0096 0.7692 -0.4841 -0.4876 0.7265 -0.5076 -0.4304 0.7464 0 0.7071 0.7071 -0.3532 -0.565 0.7457 -0.4017 -0.5277 0.7485 -0.5455 -0.3836 0.7452 -0.258 -0.6507 0.7142 -0 0.7071 0.7071 -0.3147 -0.612 0.7255 0 0.7071 0.7071 0.0122 0.7693 0.6388 -0.1237 0.673 0.7292 -0.3741 0.5709 0.7308 -0.2528 0.6349 0.73 0.7071 -0 0.7071 -0.5709 0.3741 0.7308 -0.4825 0.4825 0.731 -0.635 0.2447 0.7327 0.7663 0.0122 0.6424 -0.6462 0.0701 0.7599 0.72 0.1629 0.6745 -0.6349 -0.2528 0.73 -0.673 -0.1237 0.7292 0.6776 0.2557 0.6895 -0.5709 -0.3741 0.7308 0.165 0.7114 0.6832 -0.1179 -0.6713 0.7317 -0.2528 -0.6349 0.73 0.2335 0.7002 0.6746 -0.3741 -0.5709 0.7308 -0.4825 -0.4825 0.731 0.5217 0.5551 0.6478 0.3807 0.6479 0.6598 0.6179 0.3892 0.6831 -0.7152 0.0281 -0.6984 -0.0152 0.7257 -0.6879 -0.7193 0.1033 -0.687 -0.6852 0.2407 -0.6874 -0.6602 0.3166 -0.6811 -0.5773 0.4406 -0.6874 -0.53 0.5051 -0.6811 -0.4129 0.5975 -0.6874 -0.348 0.6442 -0.6811 -0.2081 0.6958 -0.6874 -0.1259 0.7154 -0.6873 -0.7255 -0.0153 -0.688 -0.0281 -0.7152 -0.6984 -0.7154 -0.1258 -0.6873 -0.6957 -0.2082 -0.6875 -0.6441 -0.3478 -0.6813 -0.5973 -0.413 -0.6875 -0.5051 -0.5298 -0.6813 -0.4405 -0.5773 -0.6875 -0.3167 -0.66 -0.6813 -0.2405 -0.6852 -0.6875 -0.1033 -0.7192 -0.6871 0.0281 0.7152 -0.6984 0.7152 0.0281 -0.6984 0.1133 0.715 -0.6899 0.2154 0.6932 -0.6879 0.3379 0.6424 -0.6879 0.4305 0.5844 -0.6879 0.5014 0.5252 -0.6876 0.6021 0.4161 -0.6814 0.6392 0.3446 -0.6876 0.6941 0.2146 -0.6872 0.715 0.1133 -0.6899 0.726 -0.015 -0.6875 0.0145 -0.727 -0.6865 0.7154 -0.1262 -0.6872 0.696 -0.2078 -0.6873 0.6443 -0.3484 -0.6807 0.5978 -0.4127 -0.6873 0.5063 -0.5216 -0.6867 0.4227 -0.59 -0.6879 0.3452 -0.6391 -0.6873 0.2122 -0.6979 -0.684 0.1219 -0.7124 -0.6911 -0.0897 0.7218 0.6863 -0.2731 0.681 0.6795 -0.4684 0.5648 0.6794 -0.62 0.3924 0.6794 -0.7093 0.186 0.6799 -0.7155 0.0335 0.6979 -0.7218 -0.0897 0.6863 -0.681 -0.2731 0.6795 -0.5648 -0.4684 0.6794 -0.3924 -0.62 0.6794 -0.186 -0.7093 0.68 -0.0336 -0.7155 0.6978 0.0281 0.7152 0.6984 0.7152 0.0281 0.6984 0.7145 0.1188 0.6894 0.6714 0.2946 0.68 0.5536 0.4813 0.6796 0.4287 0.5863 0.6874 0.2792 0.674 0.6839 0.1183 0.7146 0.6895 0.0945 -0.7226 0.6848 0.2891 -0.6742 0.6797 0.4255 -0.5886 0.6874 0.5674 -0.4647 0.6798 0.6811 -0.2731 0.6793 0.7218 -0.0897 0.6863</float_array><technique_common><accessor count="2010" source="#object_5_182-mesh-slim-nrm-array" stride="3"><param type="float" name="X"/><param type="float" name="Y"/><param type="float" name="Z"/></accessor></technique_common></source><source id="object_5_182-mesh-slim-pos"><float_array count="6030" id="object_5_182-mesh-slim-pos-array">24.08867 -68.97233 17.43455 23.88878 -68.48636 18.19029 26.73852 -67.52864 18.0154 26.88014 -67.87241 17.21691 24.08877 -68.97257 16.60378 23.98042 -68.70957 16.04903 23.77735 -68.21667 15.63638 26.70916 -67.45739 15.89691 23.47927 -67.49312 15.48767 26.35102 -66.58805 15.48503 26.28134 -63.79367 20 28.18592 -68.41672 20 27.26131 -68.79764 20 28.18592 -68.41672 14 25.35674 -64.17459 14 26.28134 -63.79367 14 25.35674 -64.17459 20 26.85702 -67.81629 16.55377 25.74527 -65.11769 16.59887 27.26132 -68.79763 14 25.97788 -65.68233 15.75367 25.76102 -65.15592 17.44621 25.93989 -65.5901 18.1856 26.35885 -66.60717 18.51978 23.09275 -66.55489 15.99255 22.95602 -66.22302 17 23.03105 -66.40513 17.72021 23.22893 -66.88545 18.28926 23.59969 -67.78507 18.50917 4.011231 -72.11515 15.63478 7.022549 -72.32533 15.90479 7.038758 -72.71083 16.57857 7.040677 -72.75682 17.27775 4.042107 -72.85368 16.56084 7.026307 -72.41259 17.97819 7.003416 -71.86423 18.39203 4.039446 -72.78997 17.59617 4.020812 -72.34354 18.17132 3.0862 -73.93085 14 3.0862 -73.93085 20 2.877663 -68.9352 20 2.877663 -68.9352 14 3.876789 -68.89348 14 4.08533 -73.88913 14 3.971602 -71.16473 15.50178 4.085329 -73.88913 20 3.876789 -68.89348 20 3.941316 -70.43917 15.82863 3.922524 -69.98904 16.4315 3.939041 -70.3847 18.1615 3.98566 -71.50146 18.51497 3.918682 -69.897 17.25304 6.962938 -70.89455 18.48902 6.930434 -70.11593 17.97257 6.91664 -69.78548 17.32456 6.918025 -69.81871 16.57806 6.939318 -70.32871 15.78217 6.985314 -71.43503 15.49083 -61.82822 -48.90797 -23.72501 -61.29318 -49.51407 -22.99966 -62.30504 -50.18744 -22.99885 -63.09202 -50.17179 -23.72501 -63.99926 -50.99933 -24.43973 -62.86846 -48.63445 -24.44774 -61.80639 -48.09711 -24.4494 -60.99941 -48.00093 -24.43891 -60.12059 -48.11856 -24.44779 -60.16392 -49.73799 -22.99717 -59.06614 -48.68783 -24.44748 -59.51364 -50.71777 -22.99674 -58.16577 -49.91079 -24.44078 -63.79647 -49.81684 -24.44111 -58.00074 -51.00067 -24.43973 -64.00271 -50.76782 -25 -63.6974 -49.65612 -25 -62.94514 -48.6975 -25 -61.8925 -48.12271 -25 -59.65612 -48.3026 -25 -58.6975 -49.05485 -25 -58.12273 -50.10745 -25 -70.09394 8.754597 -25 -69.95001 8.000004 -25 -70.55043 9.449574 -25 -70.55043 9.449574 -23 -71.66974 10.05604 -25 -71.52745 10.0279 -23 -72.7546 9.906071 -25 -73.77813 9.088093 -25 -73.08808 9.778145 -23 -73.90607 8.754597 -23 -74.05001 8.000004 -25 -69.96874 8.400344 -23 73.44957 9.449574 -25 73.90607 8.754597 -25 72.33027 10.05604 -25 73.21946 9.690569 -23 71.24541 9.906071 -25 71.66974 10.05604 -23 70.22188 9.088107 -25 70.55043 9.449574 -23 70.09394 8.754597 -23 69.95 8.000004 -25 74.05 8.000004 -25 74.03128 8.400328 -23 -38.09393 -71.24539 -25 -37.95 -72 -25 -38.55043 -70.55043 -25 -38.55043 -70.55043 -23 -39.66979 -69.94395 -25 -39.5275 -69.9721 -23 -40.75459 -70.09394 -25 -41.77815 -70.91193 -25 -41.08809 -70.22188 -23 -41.90607 -71.24539 -23 -42.05 -72 -25 -37.96873 -71.59963 -23 41.44956 -70.55043 -25 41.90606 -71.24539 -25 41.44956 -70.55043 -23 40.33022 -69.94395 -25 40.4725 -69.9721 -23 39.2454 -70.09394 -25 38.22185 -70.91193 -25 38.91191 -70.22187 -23 38.09393 -71.24539 -23 37.95 -72 -25 42.05 -72 -25 42.03127 -71.59966 -23 -70.50271 67.73218 -25 -70.29647 68.68315 -24.43965 -70.19741 68.84386 -25 -69.36849 69.86554 -24.44627 -68.30635 70.4029 -24.44793 -69.23875 69.9926 -25 -67.18303 70.49504 -24.4477 -67.83001 70.49348 -25 -66.19067 70.21963 -24.44921 -66.70753 70.40652 -25 -65.13651 69.37089 -24.44767 -65.64113 69.87271 -25 -64.59674 68.30483 -24.4467 -64.85292 68.94032 -25 -64.50074 67.49933 -24.43828 -69.00199 67.67708 -22.9988 -68.32822 69.59203 -23.72426 -68.31271 68.80546 -22.99928 -69.59203 68.32822 -23.72426 -70.49926 67.50067 -24.43828 -67.31471 68.99352 -22.99932 -66.44674 68.55327 -23.00131 -66.01252 67.78247 -22.99782 64.46822 67.42856 -25 64.70353 68.68314 -24.43965 65.63153 69.86555 -24.44627 64.92146 69.10801 -25 66.69366 70.4029 -24.44793 66.28941 70.28531 -25 67.81699 70.49504 -24.4477 67.73219 70.50271 -25 68.80936 70.21962 -24.44921 68.8439 70.19739 -25 69.86349 69.37089 -24.44767 69.80249 69.44516 -25 70.29013 68.59824 -24.43468 70.3773 68.39247 -25 70.50655 67.66106 -24.4428 66.67179 69.59203 -23.72426 66.68727 68.80546 -22.99928 65.40798 68.32822 -23.72426 67.68528 68.99342 -22.99922 68.55302 68.55303 -23.00099 69.00199 67.67703 -22.9988 -70.49348 -67.83002 -25 -70.29646 -66.31684 -24.43965 -70.40653 -66.70754 -25 -69.36849 -65.13447 -24.44627 -69.8727 -65.6411 -25 -68.30637 -64.5971 -24.44793 -68.71057 -64.71468 -25 -67.49941 -64.50093 -24.43743 -67.26782 -64.49729 -25 -66.52666 -64.64986 -24.43797 -66.15616 -64.80259 -25 -65.49434 -65.25152 -24.43816 -65.1975 -65.55487 -25 -64.66576 -66.41083 -24.43932 -64.62272 -66.60752 -25 -64.50084 -67.50037 -24.44221 -69.00214 -67.3229 -22.99895 -68.32822 -65.40798 -23.72426 -68.31264 -66.19479 -22.99904 -69.59203 -66.67179 -23.72426 -67.5 -66 -23 -66.43934 -66.43933 -23 -66.94786 -66.10532 -23 -66.01453 -67.79299 -22.9992 -66.11395 -66.95213 -23.00144 64.49193 -67.29252 -24.44637 64.53602 -68.14917 -25 64.55008 -66.9541 -25 64.77737 -66.19612 -24.44151 65.6291 -65.13652 -24.44767 64.92147 -65.89198 -25 66.69365 -64.5971 -24.44793 66.05968 -64.85292 -25 67.50059 -64.50093 -24.43743 67.16998 -64.50652 -25 68.67301 -64.6991 -24.45402 68.57006 -64.65828 -25 69.86351 -65.62913 -24.44767 69.80251 -65.55487 -25 70.40329 -66.69526 -24.4467 70.3773 -66.60757 -25 70.49926 -67.50067 -24.43827 66.10532 -66.94785 -23 66.6636 -66.2376 -22.99764 67.5 -66 -23 68.37542 -66.25844 -22.99868 69.00199 -67.67704 -22.9988 68.88549 -66.95236 -23.00087 -63.99519 54.31583 -24.44988 -64.00271 54.23217 -25 -63.65418 55.42752 -24.44756 -63.69741 55.34387 -25 -62.87089 56.36348 -24.44766 -62.94514 56.3025 -25 -61.80639 56.90288 -24.44792 -61.8925 56.87729 -25 -60.68305 56.99504 -24.44769 -60.76783 57.00271 -25 -59.57247 56.65418 -24.44756 -59.65612 56.6974 -25 -58.63652 55.87089 -24.44765 -58.6975 55.94515 -25 -58.12274 54.89256 -25 -58.01223 54.52613 -24.45105 -62.49278 54.24903 -22.99862 -61.84476 55.27367 -22.99897 -61 55.5 -23 -59.50631 54.24918 -22.99948 -60.15536 55.27348 -22.99876 57.98681 54.16535 -24.4511 58.00652 53.66999 -25 58.34582 55.42752 -24.44756 58.15828 55.07009 -25 59.12911 56.36348 -24.44766 59.05486 56.3025 -25 60.19361 56.90288 -24.44792 61.31697 56.99504 -24.44769 60.35082 56.96398 -25 62.42754 56.65417 -24.44756 61.79247 56.90652 -25 63.36345 55.87092 -24.44765 62.85889 56.37271 -25 63.90559 54.79568 -24.44317 63.7853 55.2106 -25 63.99956 54.00463 -24.44234 59.51941 54.31859 -22.99892 60.15536 55.27348 -22.99876 62.30165 54.81345 -22.99894 61.2932 55.49706 -22.99914 62.48506 53.70705 -22.9988 57.98681 -53.83465 -24.4511 58.00652 -54.33001 -25 58.34583 -52.57244 -24.44756 58.15828 -52.92992 -25 59.12912 -51.63651 -24.44765 59.05486 -51.6975 -25 60.19361 -51.09712 -24.44792 60.1075 -51.12271 -25 61.31697 -51.00496 -24.44769 61.23218 -50.99729 -25 62.42754 -51.34583 -24.44756 62.34389 -51.3026 -25 63.33382 -52.10069 -24.442 63.49261 -52.26127 -25 63.90044 -53.16672 -24.44655 63.99956 -53.99537 -24.44234 63.99348 -53.67005 -25 59.58658 -53.34543 -22.99965 61.84466 -52.72653 -22.99876 62.48031 -53.68152 -22.99864 61.2 -45.9 -25 61.2 7.650002 -25 58.35292 52.55966 -25 61.2 45.9 -25 30.6 -61.2 -25 45.9 61.2 -25 19.72266 17.98945 -25 -30.60001 61.2 -25 -45.9 -45.9 -25 -45.9 -61.2 -25 -45.9 61.2 -25 -60.76783 -47.99729 -25 -61.2 4e-06 -25 -61.2 15.3 -25 -61.2 45.9 -25 74.08052 -71.08015 -25 72.69239 -72.69239 -25 70.19737 -68.84391 -25 69.2387 -69.99263 -25 71.08015 -74.08052 -25 68.89743 -75.33722 -25 75.33718 -68.89751 -25 70.50271 -67.7322 -25 67.82997 -70.49348 -25 66.59723 -76.13956 -25 64.43989 -76.47173 -25 66.42987 -70.34169 -25 65.19751 -69.44513 -25 52.91666 -76.5 -25 76.13957 -66.59719 -25 76.47173 -64.43988 -25 76.5 -31.75 -25 76.5 -47.62499 -25 76.5 -21.16666 -25 76.5 -10.58333 -25 62.73872 -56.49261 -25 61.07143 -57.03178 -25 63.84169 -55.07011 -25 42.33333 -76.5 -25 41.77814 -73.08806 -25 40.47258 -74.02788 -25 31.75 -76.5 -25 38.91195 -73.77815 -25 38.09393 -72.7546 -25 10.58333 -76.5 -25 21.16666 -76.5 -25 -4e-06 -76.5 -25 59.392 -56.57855 -25 58.35292 -55.44034 -25 76.5 4e-06 -25 76.5 10.58334 -25 73.77814 6.911924 -25 72.47255 5.972108 -25 76.5 21.16667 -25 76.5 31.75 -25 68.94032 64.85292 -25 76.5 47.62501 -25 70.91191 6.22187 -25 70.09394 7.245407 -25 67.83002 64.50652 -25 66.70754 64.59348 -25 75.81264 67.70012 -25 76.43601 65.04906 -25 70.4912 66.99382 -25 74.41796 70.65612 -25 71.72103 73.61473 -25 69.87273 65.64114 -25 69.00364 75.29385 -25 66.59698 76.13963 -25 63.37271 52.14112 -25 62.21058 51.21468 -25 63.9912 53.49385 -25 60.49376 51.00881 -25 59.14111 51.6273 -25 65.6411 65.1273 -25 64.85292 66.05969 -25 64.43991 76.47173 -25 47.62499 76.5 -25 31.75 76.5 -25 21.16666 76.5 -25 10.58333 76.5 -25 -4e-06 76.5 -25 -21.16667 -76.5 -25 -10.58334 -76.5 -25 -31.75 -76.5 -25 -47.625 -76.5 -25 -39.52743 -74.02788 -25 -38.22185 -73.08806 -25 -41.08805 -73.77815 -25 -41.90607 -72.7546 -25 -59.55968 -53.64707 -25 -60.92858 -54.03178 -25 -57.99729 -51.23209 -25 -58.42144 -52.60799 -25 -62.34387 -53.69739 -25 -63.30252 -52.94512 -25 -76.5 -52.91666 -25 -76.5 -42.33333 -25 -76.5 -31.75 -25 -76.5 -21.16666 -25 -76.5 -10.58333 -25 -76.5 4e-06 -25 -64.5088 -68.00618 -25 -66.59721 -76.13957 -25 -66.05965 -70.14706 -25 -64.4399 -76.47173 -25 -69.00371 -75.29381 -25 -67.17004 -70.49348 -25 -65.12727 -69.35883 -25 -68.29247 -70.40651 -25 -71.85753 -73.51495 -25 -74.08057 -71.0801 -25 -70.14709 -68.9403 -25 -69.35885 -69.87274 -25 -75.33723 -68.89741 -25 -63.87729 -51.89247 -25 -76.47346 -64.38246 -25 -76.17091 -66.49081 -25 -58.42144 52.39201 -25 -60.67001 51.00652 -25 -59.55971 51.3529 -25 -57.99729 53.76791 -25 -63.30252 52.05488 -25 -62.07007 51.15828 -25 -76.5 31.75 -25 -76.5 47.62501 -25 -66.60752 64.62271 -25 -67.73218 64.49729 -25 -63.87729 53.10753 -25 -10.58334 76.5 -25 -64.16468 76.49332 -25 -21.16667 76.5 -25 -64.46822 67.57143 -25 -64.80263 66.15609 -25 -65.55486 65.19752 -25 -76.5 21.16667 -25 -71.52746 5.972108 -25 -70.22187 6.911917 -25 -76.5 10.58334 -25 -73.90607 7.245407 -25 -73.08808 6.221863 -25 -76.47173 64.43991 -25 -68.84385 64.80259 -25 -69.80249 65.55484 -25 -71.17993 74.01626 -25 -73.16202 72.21285 -25 -66.3824 76.19035 -25 -68.79359 75.38966 -25 -75.98195 67.27088 -25 -70.37729 66.60754 -25 -74.67917 70.1651 -25 -45.9 -45.9 -23 -36.3375 -30.6 -23 -61.2 4e-06 -23 -61.2 15.3 -23 -60.70669 52.50223 -22.99981 -45.9 -61.2 -23 24.38437 11.475 -23 -59.69534 53.18877 -22.9999 30.6 40.1625 -23 30.6 -61.2 -23 30.6 61.2 -23 45.9 -61.2 -23 45.9 61.2 -23 60.7067 -52.50242 -22.99963 61.2 15.3 -23 -71.69388 -73.59259 -23 -69.36207 -75.15045 -23 -75.34785 -68.90114 -23 -73.61476 -71.72098 -23 -68.73529 -68.37703 -22.9987 -66.38265 -76.19028 -23 -66.65242 -68.77104 -22.99938 -67.74181 -69.00357 -22.99918 -64.23758 -76.48667 -23 -76.39742 -65.49527 -23 -76.5 -52.91666 -23 -76.5 -42.33333 -23 -76.5 -21.16666 -23 -76.5 -31.75 -23 -76.5 -10.58333 -23 -60.44786 -52.39468 -23 -61 -52.5 -23 -62.48637 -51.2822 -22.99674 -61.55215 -52.39468 -23 -42.33333 -76.5 -23 -42.03127 -72.40037 -23 -41.44957 -73.44956 -23 -40.47257 -74.02788 -23 -31.75 -76.5 -23 -38.91195 -73.77815 -23 -21.16667 -76.5 -23 -10.58334 -76.5 -23 -38.09393 -72.7546 -23 -4e-06 -76.5 -23 -59.69496 -51.81256 -22.99885 10.58333 -76.5 -23 -76.5 4e-06 -23 -74.03129 7.599697 -23 -76.5 10.58334 -23 -73.44957 6.550434 -23 -76.5 21.16667 -23 -76.5 52.91667 -23 -76.5 42.33334 -23 -76.5 31.75 -23 -72.47255 5.972108 -23 -70.91191 6.22187 -23 -70.09394 7.245407 -23 -76.47346 64.38245 -23 -76.17093 66.49075 -23 -75.33727 68.89732 -23 -74.08055 71.08013 -23 -71.85754 73.51495 -23 -61.84465 52.72654 -22.99876 -62.39468 53.44786 -23 -67.84575 66.01701 -22.99919 -66.19467 66.6873 -22.99918 -68.4758 75.5543 -23 -64.79674 76.47865 -23 -21.16667 76.5 -23 -10.58334 76.5 -23 -4e-06 76.5 -23 21.16666 -76.5 -23 31.75 -76.5 -23 38.78057 -73.69058 -23 42.33333 -76.5 -23 37.96873 -72.40037 -23 40.33029 -74.05603 -23 41.90606 -72.7546 -23 41.44956 -73.44956 -23 61.51687 -55.41186 -23.01707 61 -55.5 -23 76.5 -31.75 -23 76.5 -21.16666 -23 76.5 -10.58333 -23 76.5 4e-06 -23 76.5 -47.62499 -23 64.23758 -76.48667 -23 66.96668 -76.0695 -23 70.06704 -74.74434 -23 66.01252 -67.78248 -22.99782 68.34758 -68.77104 -22.99938 72.21283 -73.16203 -23 73.94065 -71.27166 -23 75.3478 -68.90123 -23 62.30535 -54.81269 -22.99918 76.39741 -65.49528 -23 61.63931 52.57016 -22.99694 67.5 66 -23 76.5 31.75 -23 76.5 47.62501 -23 65.97517 67.49999 -22.9972 10.58333 76.5 -23 21.16666 76.5 -23 64.16467 76.49332 -23 66.38242 76.19034 -23 76.5 21.16667 -23 69.96872 7.599703 -23 71.52746 5.972108 -23 70.55043 6.550434 -23 76.5 10.58334 -23 73.90607 7.245407 -23 73.08808 6.221863 -23 76.47173 64.43987 -23 75.29383 69.00367 -23 68.79356 75.38967 -23 71.17988 74.0163 -23 76.13959 66.59712 -23 73.6147 71.72106 -23 63.09202 -54.82821 -23.72426 62.86845 -56.36555 -24.44627 61.80638 -56.90288 -24.44793 60.16391 -55.262 -22.99717 60.99941 -56.99907 -24.43744 60.12054 -56.88141 -24.44632 59.61323 -54.54813 -23.00216 59.06614 -56.31215 -24.44601 58.16575 -55.08916 -24.43932 63.79643 -55.18319 -24.43965 61.82821 51.90798 -23.72426 63.09202 53.17179 -23.72426 62.86846 51.63446 -24.44627 61.80637 51.0971 -24.44793 60.16282 52.73639 -22.99899 60.12054 51.11857 -24.44632 59.61496 53.45255 -23.00039 59.06612 51.68786 -24.44601 58.16575 52.91084 -24.43932 63.79643 52.81681 -24.43965 60.99941 51.00093 -24.43744 -58.68777 52.06621 -24.446 -58.11671 53.12638 -24.4435 -59.90781 51.16674 -24.44099 -63.83552 52.91416 -24.43756 -62.93383 51.68781 -24.446 -61.6319 51.03246 -24.4508 68.32821 -69.59201 -23.72426 69.59202 -68.3282 -23.72426 67.30831 -68.99577 -22.99938 69.81405 -69.43231 -24.44795 67.74565 -70.50179 -24.44649 66.44673 -68.55326 -23.00132 66.51553 -70.3464 -24.44152 64.66573 -68.58912 -24.43932 65.56618 -69.81219 -24.44601 70.38216 -68.37706 -24.44488 68.853 -70.19254 -24.44662 -66.67179 -69.59201 -23.72426 -65.40798 -68.3282 -23.72426 -67.69975 -70.50891 -24.44382 -68.60975 -70.2858 -24.43624 -70.23623 -68.76033 -24.43675 -70.50655 -67.66106 -24.44281 -69.43385 -69.81217 -24.44601 -65.63162 -69.8656 -24.44627 -64.70356 -68.68318 -24.43965 -66.69364 -70.40289 -24.44793 68.33658 66.23729 -22.99798 68.88549 66.95237 -23.00087 68.59194 64.66672 -24.44101 69.81217 65.56614 -24.44601 66.66361 66.23759 -22.99764 65.56611 65.18787 -24.44601 64.75807 66.2519 -24.4408 67.49941 64.50093 -24.43743 66.62059 64.61856 -24.44632 70.38216 66.62295 -24.44488 64.49345 67.33896 -24.4428 -66.98313 66.08815 -23.01707 -65.40798 66.67179 -23.72426 -67.50059 64.50093 -24.43743 -68.46834 64.64824 -24.4388 -68.77435 66.67532 -22.99814 -69.43391 65.18788 -24.44601 -65.63155 65.13446 -24.44627 -64.70357 66.31679 -24.43965 -66.69363 64.59711 -24.44793 -70.33426 66.41086 -24.43932 -58.20356 -52.18321 -24.44111 -59.13156 -53.36556 -24.44774 -60.19361 -53.90287 -24.4494 -61.00059 -53.99907 -24.43891 -62.18012 -53.79785 -24.45247 -63.36351 -52.87086 -24.44914 -63.90328 -51.80479 -24.44817 -60.17179 -53.09202 -23.72501 -58.90797 -51.82821 -23.72501 -62.05325 -52.05326 -23.00132 63.5 76.5 -24 76.5 63.5 -24 -63.5 76.5 -24 -76.5 63.5 -24 -76.5 -63.5 -24 -63.5 -76.5 -24 63.5 -76.5 -24 76.5 -63.5 -24 59.72007 -53.1487 -18.39999 60.75833 -52.49558 -18.39999 60.10771 -52.76299 -20 61.55214 -52.60531 -18.39999 61.24167 -52.49558 -20 62.30106 -53.20382 -18.39999 62.27991 -53.14868 -20 62.5 -54 -18.39999 59.5137 -53.70705 -20 59.72006 54.85128 -18.39999 60.75833 55.50442 -18.39999 60.10773 55.23701 -20 61.55214 55.39469 -18.39999 61.24167 55.50442 -20 62.30107 54.79616 -18.39999 62.27991 54.85131 -20 62.5 54 -18.39999 59.5137 54.29295 -20 -62.5 54 -18.39999 -62.27992 54.8513 -18.39999 -62.06066 55.06066 -20 -61.24169 55.50442 -18.39999 -61.3458 55.48383 -20 -60.44786 55.39469 -18.39999 -59.69893 54.79616 -18.39999 -60.20385 55.30109 -20 -59.60532 54.55214 -20 -59.49558 53.75837 -18.39999 -62.4863 54.29291 -20 -62.5 -51 -18.39999 -62.27991 -50.14868 -18.39999 -62.06066 -49.93933 -20 -61.24168 -49.49558 -18.39999 -61.3458 -49.51617 -20 -59.69894 -50.20382 -18.39999 -60.20384 -49.69892 -20 -59.60532 -50.44786 -20 -59.49558 -51.24162 -18.39999 -62.4863 -50.70709 -20 52.8 -51.9 -20 66 4.625001 -20 21.45 36.225 -20 52.8 46.8 -20 -2.583338 -66 -20 -6.600001 -16.65 -20 -62 -66 -20 -17.64584 75 -20 -52.8 -51.9 -20 -52.8 46.8 -20 66 -62.00001 -20 66 -46.625 -20 62.4863 -54.29291 -20 61.34575 -55.48383 -20 61.99999 -66 -20 62.06066 -55.06066 -20 40.04166 -66 -20 60.20384 -55.30107 -20 59.60531 -54.55214 -20 61.34575 52.51617 -20 66 50.75 -20 62.06066 52.93934 -20 62.4863 53.70709 -20 66 61 -20 60.5 61 -20 41.59374 75 -20 60.5 75 -20 60.20384 52.69893 -20 59.60531 53.44786 -20 5.041663 75 -20 -60.10769 -52.23698 -20 -59.5137 -51.2929 -20 -66 -62 -20 -61.24165 -52.50442 -20 -66 -51.75 -20 -62.27991 -51.85131 -20 -66 -41.5 -20 -66 -12.03125 -20 -66 28.96875 -20 -59.5137 53.70709 -20 -59.93934 52.93934 -20 -60.5 61 -20 -45.375 75 -20 -60.65425 52.51617 -20 -66 50.75 -20 -61.79617 52.69893 -20 -62.39468 53.44786 -20 -60.5 75 -20 -66 61 -20 -60.44786 -49.60531 -18.39999 -52.8 -51.9 -18.39999 -66 -26.125 -18.39999 4.949999 19.48125 -18.39999 -66 40.5 -18.39999 -52.8 46.8 -18.39999 25.83333 -66 -18.39999 66 -23.5625 -18.39999 52.8 -51.9 -18.39999 52.8 46.8 -18.39999 -66 -62 -18.39999 -66 -51.75 -18.39999 -62.30106 -51.79617 -18.39999 -61.34576 -52.48383 -18.39999 -62 -66 -18.39999 -66 -41.5 -18.39999 -26.47917 -66 -18.39999 -60.20383 -52.30106 -18.39999 -66 19.35938 -18.39999 -61.34576 52.51617 -18.39999 -66 50.75 -18.39999 -62.30107 53.20383 -18.39999 -66 61 -18.39999 -60.5 61 -18.39999 -28.98959 75 -18.39999 -60.5 75 -18.39999 -60.20383 52.69893 -18.39999 2.520829 75 -18.39999 60.10771 -55.23699 -18.39999 61.99999 -66 -18.39999 59.49676 -54.17692 -18.39999 66 23.84375 -18.39999 66 -62 -18.39999 61.24163 -55.50442 -18.39999 62.27991 -54.85131 -18.39999 66 -51.75 -18.39999 66 -41.5 -18.39999 60.10771 52.76301 -18.39999 59.49676 53.82308 -18.39999 35.29166 75 -18.39999 60.5 61 -18.39999 66 50.75 -18.39999 61.24163 52.49558 -18.39999 62.27991 53.14869 -18.39999 60.5 75 -18.39999 66 61 -18.39999 -58.09171 -60.02008 -16.3 -58.31229 -60.60884 -16.29999 -58.1211 -59.33906 -16.3 -58.41856 -58.72573 -16.3 -57.95288 -58.8739 2 -57.81139 -59.26085 2 -57.7522 -59.66859 2 -58.8893 -58.30739 -16.3 -58.43021 -58.24827 2 -58.16539 -58.53095 2 -57.84894 -60.4327 1.999997 -58.7256 -58.0331 2 -59.05522 -57.87527 2 -59.48097 -58.09171 -16.3 -59.42973 -57.77642 2 -60.16199 -58.1211 -16.3 -60.77531 -58.41855 -16.3 -60.62715 -57.95288 2 -60.2402 -57.81139 2 -61.18877 -58.8922 -16.29999 -59.83246 -57.7522 2 -61.25372 -58.40079 1.999999 -57.41334 -61.64517 20.49984 -58.16854 -62.31703 20.50001 -58.55367 -62.8747 2.000202 -57.43935 -62.16622 2.000002 -59.26019 -62.72451 20.5 -60.78225 -62.61289 20.50001 -61.16995 -62.77049 2.000015 -59.94294 -63.0824 2.000007 -62.21746 -61.52188 20.50001 -62.19595 -62.02526 2.000006 -62.72807 -60.18538 20.5 -63.05747 -60.23327 2.000008 -62.66293 -58.97584 20.50002 -62.73724 -61.20701 2 -63.03042 -59.21754 2 -59.04127 -61.10094 24.5 -59.08769 -61.13745 20.5 -59.99112 -61.2311 24.5 -60.31398 -61.16622 20.5 -61.15065 -60.35548 20.5 -60.729 -60.91854 24.5 -61.28586 -59.82563 24.5 -61.03859 -58.98183 24.5 -61.17693 -59.24039 20.5 -60.45978 -58.4001 24.5 -59.28701 -58.29915 24.5 -59.76744 -58.22527 20.5 -58.4001 -59.04127 24.5 -58.69321 -58.65352 20.5 -58.33482 -60.31396 24.5 -62.00698 -57.73376 20.50001 -61.06546 -57.05405 20.5 -61.207 -56.7638 2 -61.77679 -57.11688 2 -62.57973 -57.97784 2.00001 -60.48502 -56.84182 20.5 -59.88665 -56.43039 2 -59.26934 -56.78936 20.5 -58.70756 -56.93765 20.5 -58.59531 -56.63488 2 -59.21754 -56.47062 2 -58.21313 -57.17439 20.5 -58.04765 -56.8971 2 -57.77005 -57.49714 20.5 -57.37282 -57.92117 20.5 -57.11688 -57.72426 2 -57.55687 -57.2546 2 -57.05406 -58.43558 20.5 -56.84183 -59.01602 20.5 -56.76381 -58.29405 2 -56.75304 -59.62762 20.5 -56.78937 -60.23171 20.5 -56.47063 -60.2835 2 -56.4304 -59.61439 2 -56.93765 -60.79348 20.5 -56.63488 -60.90574 2 -56.89711 -61.4534 2 -56.52874 -58.93695 2 -59.26086 -61.68965 2 -59.66859 -61.74884 2 -58.8739 -61.54817 2 -58.37522 -61.21689 1.999995 -57.85171 -57.8517 2 -60.56409 -56.52873 2 -60.07131 -61.72463 2 -60.44583 -61.62577 2 -61.07085 -61.25276 2 -60.77545 -61.46794 2 -61.33566 -60.97009 2 -61.54817 -60.62714 2 -61.68966 -60.24018 2 -61.74885 -59.83245 2 -61.69405 -59.2363 1.999995 -60.6652 -58.56166 20.5 -59.87342 -56.75304 20.5 -58.3241 -60.26064 20.5 -58.29617 -59.38327 20.5 -61.40934 -59.48096 -16.3 -61.37995 -60.16198 -16.3 -61.0825 -60.7753 -16.3 -60.61175 -61.19364 -16.3 -60.02008 -61.40933 -16.3 -59.33906 -61.37995 -16.3 -58.72574 -61.08248 -16.3 -60.48672 -57.89094 20.5 -59.75053 -57.75052 20.5 -61.16474 -58.33631 20.5 -61.39985 -58.5608 24.5 -61.75643 -59.42835 20.5 -61.75643 -60.07269 24.5 -61.39983 -60.94027 20.5 -61.16474 -61.16474 24.5 -60.48672 -61.61009 24.5 -59.75053 -61.75052 24.5 -60.14107 -61.73225 20.5 -60.14111 -57.76879 24.5 18.30973 68.63665 24.5 17.10158 68.99228 24.5 17.45275 68.8051 23.48933 16.16915 69.78053 24.5 16.22971 69.70554 23.49602 15.69179 70.66596 23.48797 15.5507 71.13321 24.5 15.54011 71.88498 23.4965 15.75661 72.84999 24.5 15.84933 72.99231 23.49663 16.68307 74.01211 24.5 16.6096 73.95342 23.49797 17.69947 74.53714 23.50081 18.08835 74.6358 24.5 18.54709 68.64023 23.49193 18.54709 74.63849 23.49193 18.34332 73.14018 22.04454 16.44988 72.46758 22.77426 17.28452 72.50241 22.03301 17.71369 73.73139 22.77426 17.03558 71.42082 22.06288 17.48095 70.57711 22.06327 18.54191 70.13936 22.05 17.99001 70.24345 22.06232 17.48125 70.57871 20.5 17.05808 71.29357 20.5 17.24083 72.43551 20.5 17.98976 73.03404 20.5 18.24898 70.15306 20.5 -48.15552 54.6929 24.5 -49.36367 55.04855 24.5 -49.28059 55.00475 23.49616 -50.23553 55.76179 23.49601 -50.50185 56.08759 24.5 -50.87323 57.14972 24.5 -50.80476 56.81623 23.49633 -50.92332 57.69561 24.5 -50.87323 58.2415 24.5 -50.92511 57.94129 23.4965 -50.4343 59.33724 24.5 -50.71268 58.7999 24.5 -50.6142 59.05284 23.49615 -50.04464 59.81693 24.5 -49.8571 60.00785 23.49601 -48.99341 60.53732 24.5 -48.55673 60.66282 23.50022 -47.69111 60.69832 24.5 -48.20235 54.70102 23.49571 -48.72269 58.99339 22.03718 -49.41098 58.02324 22.04538 -49.21384 56.8831 22.04406 -47.92332 56.19552 22.05659 -48.47546 56.30093 22.05 -49.16031 56.80331 20.5 -49.42332 57.69561 20.5 -49.318 58.24775 20.5 -48.98398 58.75627 20.5 -48.47546 59.0903 20.5 -47.92332 59.1957 22.05658 -48.21623 56.20931 20.5 7.798279 73 22.5 7.230735 73.14674 22.5 6.973613 73.40515 20.5 6.755766 74.05314 22.5 6.79533 74.16112 20.5 7.267542 74.86741 22.5 7.230777 74.85331 20.5 7.603022 73.00913 20.5 12.10958 72.05278 22.5 12.2781 71.95136 20.5 11.68792 72.67553 20.5 11.63463 72.95917 22.5 12.14637 73.77343 22.5 11.80975 73.43681 20.5 12.30904 73.83583 20.5 12.67714 71.90604 22.5 -43.64737 58.07994 22.5 -43.47891 57.97856 20.5 -44.06908 58.70275 20.5 -44.12237 58.98635 22.5 -43.61065 59.80061 22.5 -43.94722 59.46404 20.5 -43.44795 59.86302 20.5 -43.07986 57.93324 22.5 -40.35471 60.35114 22.5 -40.18622 60.24974 20.5 -40.79013 61.04334 22.5 -40.7764 60.97393 20.5 -40.71696 61.57251 22.5 -40.31795 62.07179 22.5 -40.65455 61.73519 20.5 -40.15527 62.1342 20.5 -39.78718 62.20442 22.5 -39.78718 60.20442 22.5 71.99464 48.99925 23.69205 71.19938 47.29713 22.2377 70.06616 48.31221 23.696 71.13723 48.88683 23.69027 69.3091 47.3572 23.69614 70.51234 46.32762 22.24538 68.99821 46.24576 23.69649 71.44786 44.60532 22.25 70.70949 45.18747 22.24406 70.92508 43.16053 23.68281 69.11854 45.12064 23.69632 72 44.5 22.25 69.68781 44.06616 23.696 71.99534 43.00044 23.69236 71.66999 43.00652 24.5 70.5597 43.35291 24.5 69.6273 44.14111 24.5 69.09348 45.20753 24.5 69.00652 46.33001 24.5 69.3529 47.44028 24.5 70.14111 48.37271 24.5 71.49379 48.9912 24.5 70.93934 44.93934 20.5 70.51617 45.65427 20.5 70.69894 46.79617 20.5 71.44786 47.39469 20.5 72 47.5 22.25 71.70709 44.5137 20.5 61.8439 71.75898 24 62.82843 71.77843 24.5 61.19985 71.62902 24.5 57.9309 70.31954 24 59.53398 71.15004 24 59.53398 71.15004 24.5 57.9309 70.31954 24.5 55.33731 67.72595 24 56.49982 69.15705 24 56.49982 69.15705 24.5 55.33731 67.72595 24.5 54.02784 64.457 24 54.50682 66.12288 24 54.50682 66.12288 24.5 54.02784 64.457 24.5 53.89786 61.84399 24 53.87842 62.82843 24.5 54.02784 61.19986 24.5 55.33731 57.9309 24 54.50682 59.53398 24 54.50682 59.53398 24.5 55.33731 57.9309 24.5 57.9309 55.33732 24 56.49982 56.49982 24 56.49982 56.49982 24.5 57.9309 55.33732 24.5 59.53398 54.50682 24 59.53398 54.50682 24.5 61.19985 54.02784 24.5 62.13578 53.87035 24 62.82843 53.87843 24.5 -68.2994 -66.20225 22.23718 -68.13347 -64.5328 23.70021 -69.43386 -65.18783 23.696 -70.19088 -66.14275 23.69614 -68.98765 -67.17233 22.24538 -70.50179 -67.25423 23.69649 -70.38146 -68.37936 23.69631 -67.74319 -70.50197 23.69922 -67.5 -69.00009 22.2566 -68.05215 -68.89469 22.25 -68.79054 -68.31248 22.24406 -68.85729 -70.19086 23.69614 -69.81221 -69.43381 23.696 -67.82997 -70.49348 24.5 -68.94037 -70.14706 24.5 -69.87272 -69.35887 24.5 -70.40652 -68.29246 24.5 -70.49348 -67.16998 24.5 -70.14708 -66.05967 24.5 -69.35892 -65.12732 24.5 -68.00622 -64.5088 24.5 -68.56066 -68.56066 20.5 -68.98383 -67.84579 20.5 -68.80109 -66.70384 20.5 -68.05215 -66.10532 20.5 -67.5 -65.99991 22.2566 -67.79296 -68.9863 20.5 66.70059 -66.20226 22.23718 65.56616 -65.18781 23.696 66.86654 -64.5328 23.70021 64.66674 -66.40782 23.69099 66.01234 -67.17238 22.24538 66.20949 -68.31252 22.24406 67.2568 -70.50197 23.69922 67.5 -69.00009 22.2566 66.94786 -68.89469 22.25 66.14269 -70.19085 23.69615 65.1878 -69.43381 23.696 64.53246 -68.13188 23.7008 67.17003 -70.49348 24.5 66.05961 -70.14705 24.5 65.12729 -69.35887 24.5 64.59348 -68.29248 24.5 64.50652 -67.16998 24.5 64.85291 -66.05969 24.5 65.6411 -65.1273 24.5 66.99379 -64.5088 24.5 66.43934 -68.56066 20.5 66.01617 -67.84573 20.5 66.19895 -66.70381 20.5 66.94786 -66.10532 20.5 67.5 -65.99991 22.2566 67.20705 -68.9863 20.5 -68.30062 68.79713 22.2377 -69.43386 69.81218 23.696 -68.36278 70.38682 23.69027 -70.1909 68.85722 23.69614 -68.98765 67.82766 22.24538 -70.50179 67.74576 23.69649 -68.05215 66.10532 22.25 -68.79054 66.68752 22.24406 -68.57491 64.66052 23.68281 -70.38146 66.62065 23.69631 -67.5 66 22.25 -69.8122 65.56616 23.696 -67.50465 64.50044 23.69236 -68.9403 64.85291 24.5 -69.87271 65.6411 24.5 -70.40652 66.70754 24.5 -70.49348 67.83001 24.5 -70.1471 68.9403 24.5 -69.35892 69.87269 24.5 -68.00621 70.4912 24.5 -68.56066 66.43935 20.5 -68.98383 67.15421 20.5 -68.80109 68.29615 20.5 -68.05215 68.89469 20.5 -67.5 69 22.25 -67.79291 66.0137 20.5 -1.29563 70.00405 24.5 -8.200289 69.53511 20.5 -7.633561 69.59965 24.5 -14.6789 68.46209 20.5 -12.73742 68.83138 24.5 -21.20601 66.73055 20.5 -17.36473 67.83117 24.5 -27.68493 64.31427 20.5 -23.88477 65.8198 24.5 -34.01058 61.20585 20.5 -30.31349 63.11836 24.5 -40.0739 57.41976 20.5 -36.54462 59.72778 24.5 -45.76896 52.99233 20.5 -42.46883 55.67197 24.5 -50.99661 47.9827 20.5 -47.98272 50.99659 24.5 -51.99228 46.87007 24.5 -55.67191 42.46892 20.5 -55.28288 42.97409 24.5 -59.72792 36.5444 20.5 -59.39579 37.08173 24.5 -63.11834 30.31352 20.5 -62.84628 30.87353 24.5 -65.81982 23.88472 20.5 -65.60899 24.4578 24.5 -67.83117 17.36473 20.5 -67.68084 17.94157 24.5 -69.17088 10.85575 20.5 -69.07864 11.42778 24.5 -69.87508 4.447417 20.5 -69.83716 5.007115 24.5 -69.99166 -1.846804 20.5 -70.00405 -1.295617 24.5 -69.53509 -8.200471 20.5 -69.59964 -7.633744 24.5 -68.46207 -14.67897 20.5 -68.83138 -12.73742 24.5 -66.73053 -21.20605 20.5 -67.83118 -17.3647 24.5 -66.27776 -22.5224 24.5 -64.31428 -27.68489 20.5 -64.55574 -27.11715 24.5 -61.20574 -34.01077 20.5 -61.50811 -33.4609 24.5 -57.41961 -40.07409 20.5 -57.78071 -39.55168 24.5 -51.99228 -46.87007 20.5 -54.34473 -44.12087 20.5 -53.40804 -45.2832 24.5 -47.98263 -50.99667 20.5 -48.44687 -50.55585 24.5 -42.46894 -55.67188 20.5 -44.12087 -54.34472 24.5 -36.54464 -59.72776 20.5 -40.07384 -57.41978 24.5 -30.31351 -63.11834 20.5 -34.01053 -61.20586 24.5 -23.88461 -65.81986 20.5 -27.68498 -64.31424 24.5 -22.52241 -66.27776 24.5 -17.36523 -67.83102 20.5 -17.94206 -67.68069 24.5 -10.85616 -69.17082 20.5 -12.73742 -68.83138 24.5 -4.447477 -69.87507 20.5 -8.200289 -69.53511 24.5 1.84681 -69.99166 20.5 -1.846818 -69.99166 24.5 61.28174 54.47033 24 62.82843 54.32843 24 58.17714 55.71397 24 59.69962 54.92523 24 59.69962 54.92523 20.5 58.17714 55.71397 20.5 55.71396 58.17715 24 56.81801 56.81802 24 56.81801 56.81802 20.5 55.71396 58.17715 20.5 54.92522 59.69963 24 54.67611 60.29975 20.5 54.32075 62.17063 24 54.32075 63.48623 20.5 55.71396 67.47971 24 54.67611 65.35711 24 54.92522 65.95723 20.5 55.71396 67.47971 20.5 58.17714 69.94289 24 56.81801 68.83884 24 56.81801 68.83884 20.5 58.17714 69.94289 20.5 60.5831 71.06357 24 59.69962 70.73163 20.5 61.28174 71.18653 20.5 62.82843 71.32843 24 63.62538 71.31269 20.5 62.03148 54.34417 20.5 64.37511 71.18653 24 67.47971 69.94289 24 65.95723 70.73163 24 65.95723 70.73163 20.5 67.47971 69.94289 20.5 69.94289 67.47971 24 68.83883 68.83884 24 68.83883 68.83884 20.5 69.94289 67.47971 20.5 70.73163 65.95723 24 70.73163 65.95723 20.5 71.33611 63.48625 24 71.30996 63.76343 20.5 69.94289 58.17715 24 70.98075 60.29978 24 71.06357 60.58312 20.5 69.94289 58.17715 20.5 67.47971 55.71397 24 68.83883 56.81802 24 68.83883 56.81802 20.5 67.47971 55.71397 20.5 65.07376 54.59329 24 65.95723 54.92523 20.5 64.37511 54.47033 20.5 75.89793 -65.66162 20.5 68.73697 -66.60768 20.5 75.15746 -68.41713 20.5 72.48528 -72.48528 20.5 69.00442 -67.74162 20.5 74.04395 -70.56652 20.5 67.79289 -66.0137 20.5 76 -53.33333 20.5 76 -34.66666 20.5 67.83104 -17.36519 20.5 76 -10.66666 20.5 69.87507 -4.447465 20.5 76 4e-06 20.5 69.99166 1.846817 20.5 65.8198 -23.88476 20.5 70.56652 -74.04395 20.5 68.35129 -68.77993 20.5 68.41713 -75.15746 20.5 69.17083 -10.8561 20.5 76 26.66667 20.5 64.31433 27.68476 20.5 72.55214 44.60532 20.5 76 42.66667 20.5 73.30106 45.20382 20.5 76 10.66667 20.5 73.48383 46.34573 20.5 76 53.33334 20.5 73.06066 47.06066 20.5 72.29295 47.4863 20.5 69.53511 8.200289 20.5 68.46218 14.6784 20.5 61.20587 34.01053 20.5 55.28301 42.97392 20.5 58.58968 38.30468 20.5 66.73059 21.20588 20.5 65.6616 -75.89793 20.5 53.33333 -76 20.5 55.67207 -42.46871 20.5 48.44679 -50.55593 20.5 51.99227 -46.87007 20.5 42.97399 -55.28294 20.5 27.68488 -64.31428 20.5 22.66666 -76 20.5 17.94198 -67.68071 20.5 12.73741 -68.83138 20.5 8.200302 -69.53511 20.5 37.08185 -59.3957 20.5 32.15062 -62.17987 20.5 22.52241 -66.27776 20.5 63.71913 -28.98053 20.5 61.5082 -33.46072 20.5 58.58968 -38.30467 20.5 50.55582 48.4469 20.5 46.87007 51.99227 20.5 75.89793 65.66165 20.5 42.46871 55.67206 20.5 36.5445 59.72785 20.5 30.31357 63.11831 20.5 40 76 20.5 75.15746 68.41715 20.5 74.04395 70.56652 20.5 70.56652 74.04395 20.5 72.48528 72.48529 20.5 68.41713 75.15746 20.5 65.76883 75.89135 20.5 23.88478 65.8198 20.5 19.3932 70.35945 20.5 17.36466 67.83119 20.5 20.04633 71.39772 20.5 21.33333 76 20.5 19.77889 72.53167 20.5 13.50179 73.50091 20.5 12.73741 68.83138 20.5 13.24469 72.05278 20.5 7.633574 69.59965 20.5 13.68009 72.74497 20.5 8.665665 73.46923 20.5 18.83483 73.12566 20.5 10.66666 76 20.5 12.87244 73.8969 20.5 8.787496 74.23054 20.5 8.166377 73.07022 20.5 8.197335 74.95469 20.5 -4e-06 76 20.5 -0.39276 70.04384 20.5 -4e-06 -76 20.5 -22.66667 -76 20.5 -53.33333 -76 20.5 -58.01575 -60.81206 20.5 -59.01433 -61.61009 20.5 -67.20711 -66.0137 20.5 -66.26304 -66.60766 20.5 -65.99558 -67.74159 20.5 -57.7721 -59.28947 20.5 -58.689 -58.01574 20.5 -76 -22.66666 20.5 -76 -53.33333 20.5 -66.6487 -68.77993 20.5 -65.6616 -75.89793 20.5 -68.41714 -75.15746 20.5 -70.56652 -74.04395 20.5 -72.48529 -72.48528 20.5 -74.04395 -70.56652 20.5 -75.15747 -68.41713 20.5 -75.89794 -65.66166 20.5 -76 22.66667 20.5 -76 4e-06 20.5 -38.78423 61.04331 20.5 -39.21966 60.35113 20.5 -42.09064 59.16375 20.5 -38.96251 61.79926 20.5 -42.68083 59.88792 20.5 -42.21246 58.40249 20.5 -42.71176 58.00344 20.5 -46.4189 57.45398 20.5 -10.66667 76 20.5 -39.5919 62.19528 20.5 -26.66667 76 20.5 -42.66667 76 20.5 -47.63037 59.18191 20.5 -47.07199 56.41571 20.5 -46.68634 58.58792 20.5 -76 53.33334 20.5 -66.94786 66.10532 20.5 -53.33333 76 20.5 -66.10533 66.94786 20.5 -66.43934 66.43935 20.5 -66.01617 67.8457 20.5 -65.76882 75.89135 20.5 -67.20705 68.9863 20.5 -66.43934 68.56067 20.5 -68.41714 75.15746 20.5 -70.56652 74.04395 20.5 -75.89793 65.66169 20.5 -75.15747 68.41715 20.5 -72.48529 72.48529 20.5 -74.04395 70.56652 20.5 -75.15747 -68.41713 24.5 -74.04395 -70.56652 24.5 -72.48529 -72.48528 24.5 -70.56652 -74.04395 24.5 -75.89135 -65.76879 24.5 -68.41714 -75.15746 24.5 -65.76875 -75.89135 24.5 -66.42988 -70.34169 24.5 -65.19748 -69.44509 24.5 -65.55486 -65.19752 24.5 -76 -37.99999 24.5 -76 10.66667 24.5 -76 4e-06 24.5 -66.60752 -64.62271 24.5 -64.53602 -68.14914 24.5 -64.6583 -66.42989 24.5 -36.66667 -76 24.5 -4e-06 -76 24.5 4.447464 -69.87507 24.5 10.66666 -76 24.5 9.498679 -69.35254 24.5 -59.01433 -57.89094 24.5 -58.68896 -61.48527 24.5 -57.7721 -60.21157 24.5 -58.01574 -58.68901 24.5 -76 64 24.5 -67.57144 64.46822 24.5 -66.39572 64.71063 24.5 -75.79967 66.18357 24.5 -65.37869 65.37868 24.5 -65.85838 64.98902 24.5 -64.98902 65.85837 24.5 -64.55009 66.95412 24.5 -64.71064 66.39572 24.5 -75.15747 68.41715 24.5 -74.04395 70.56652 24.5 -70.56652 74.04395 24.5 -72.48529 72.48529 24.5 -68.41714 75.15746 24.5 -65.66169 75.89793 24.5 -65.1273 69.35889 24.5 -64.5088 68.0062 24.5 -66.28942 70.28531 24.5 -46.85326 54.85389 24.5 -45.62079 55.7505 24.5 -45.01679 58.48805 24.5 -44.95934 57.0465 24.5 -45.55057 59.55445 24.5 -46.48293 60.34266 24.5 -44 76 24.5 -10.66667 76 24.5 10.66666 76 24.5 -4e-06 76 24.5 5.007162 69.83715 24.5 11.4279 69.07861 24.5 14.1029 -68.58308 24.5 39.55157 -57.78079 24.5 43.99999 -76 24.5 27.11714 -64.55574 24.5 20.62999 -66.91091 24.5 65.76875 -75.89135 24.5 68.41713 -75.15746 24.5 50.5559 -48.44681 24.5 45.2833 -53.40794 24.5 54.34472 -44.12087 24.5 33.46066 -61.50822 24.5 57.41949 -40.07426 24.5 55.67204 42.46874 24.5 76 -41.33333 24.5 61.20583 -34.0106 24.5 63.71913 -28.98053 24.5 65.60897 -24.45784 24.5 67.29793 -19.26107 24.5 61.50824 33.46065 24.5 58.58968 38.30468 24.5 76 26.66667 24.5 66.27776 22.52241 24.5 67.83103 17.36523 24.5 64.55579 27.11703 24.5 70.56652 -74.04395 24.5 68.29246 -70.40652 24.5 72.48528 -72.48528 24.5 69.35882 -69.87276 24.5 74.04395 -70.56652 24.5 70.14706 -68.94035 24.5 68.39247 -64.62271 24.5 76 -10.66666 24.5 68.46218 -14.67841 24.5 69.44515 -65.19751 24.5 70.34171 -66.42993 24.5 75.15746 -68.41713 24.5 70.49348 -67.83003 24.5 75.89135 -65.76877 24.5 69.53511 -8.200294 24.5 76 4e-06 24.5 76 10.66667 24.5 69.59965 7.633561 24.5 70.04384 -0.392748 24.5 68.83138 12.73742 24.5 76 42.66667 24.5 72.79248 43.09348 24.5 73.85889 43.6273 24.5 74.64705 44.55963 24.5 17.94149 67.68086 24.5 24.45785 65.60897 24.5 19.612 68.79765 24.5 20.84443 69.69425 24.5 42.97389 55.28303 24.5 38.30468 58.58969 24.5 48.44687 50.55585 24.5 51.99227 46.87007 24.5 34.01058 61.20584 24.5 28.98054 63.71914 24.5 21.33333 76 24.5 19.38572 74.53685 24.5 21.50589 70.99024 24.5 21.3836 72.70947 24.5 20.48702 73.94189 24.5 40 76 24.5 64.457 54.02784 24.5 66.12287 54.50682 24.5 67.72595 55.33732 24.5 76 53.33334 24.5 74.37271 47.85889 24.5 74.99348 45.66997 24.5 74.90653 46.79244 24.5 69.15703 56.49982 24.5 73.21061 48.78531 24.5 68.41713 75.15746 24.5 66.12287 71.15004 24.5 67.72595 70.31954 24.5 70.56652 74.04395 24.5 64.457 71.62902 24.5 65.66169 75.89793 24.5 69.15703 69.15705 24.5 70.31954 57.9309 24.5 71.15003 59.53398 24.5 75.89135 65.76879 24.5 71.77843 62.82843 24.5 71.62901 61.19986 24.5 71.62901 64.457 24.5 72.48528 72.48529 24.5 71.15003 66.12288 24.5 75.15746 68.41715 24.5 70.31954 67.72595 24.5 74.04395 70.56652 24.5 76 -64 22.5 76 64 22.5 -64 -76 22.5 64 -76 22.5 -76 64 22.5 -76 -64 22.5 -64 76 22.5 64 76 22.5 -66.94786 68.89469 22.25 -65.99655 67.74152 22.24715 -66.70019 66.20203 22.23444 -67.36973 70.50842 23.7006 -66.25192 70.24194 23.6908 -65.18786 69.43388 23.69601 -64.71419 68.60975 23.68624 -64.49109 67.69977 23.69382 -64.59711 66.69364 23.69793 -65.13443 65.63157 23.69627 -66.31687 64.70354 23.68965 -66.07755 66.96809 22.29107 -66.67179 65.40798 22.97427 -66.43903 68.56227 22.26329 68.05214 -66.10532 22.25 68.7905 -66.68746 22.24406 68.98766 -67.82761 22.24538 68.29938 -68.79777 22.23718 68.5858 -64.66447 23.68756 69.81222 -65.56619 23.696 70.38147 -66.62068 23.69632 70.50179 -67.74578 23.69649 70.19086 -68.85727 23.69615 69.43377 -69.81225 23.696 68.37354 -70.3833 23.6935 -66.94786 -66.10532 22.25 -66.20951 -66.68745 22.24406 -66.01234 -67.82759 22.24538 -66.70062 -68.79777 22.23718 -66.41421 -64.66447 23.68756 -65.18779 -65.5662 23.696 -64.53245 -66.86816 23.7008 -64.66676 -68.59221 23.69099 -65.56625 -69.81225 23.696 -66.62644 -70.3833 23.6935 64.457 54.02784 24 67.72595 55.33732 24 66.12287 54.50682 24 70.31954 57.9309 24 69.15703 56.49982 24 71.62901 61.19986 24 71.15003 59.53398 24 71.75898 63.8129 24 70.31954 67.72595 24 71.15003 66.12288 24 67.72595 70.31954 24 69.15703 69.15705 24 64.457 71.62902 24 66.12287 71.15004 24 72.55189 47.39593 22.26233 72.79981 44.70203 22.23444 73.08915 48.83426 23.68932 74.31215 47.93388 23.69601 74.84642 46.98445 23.69152 75.00178 45.75429 23.69649 74.69254 44.64701 23.69662 73.93236 43.68599 23.69795 72.87711 43.11785 23.69488 73.42246 45.46808 22.29108 72.82821 43.90798 22.97427 73.50607 46.22147 22.26007 73.06097 47.06226 22.2633 -38.78423 61.36553 22.5 -39.21966 62.0577 22.5 -38.85739 60.83632 22.5 -39.25642 60.33703 22.5 -42.91878 59.93619 22.5 -42.21247 59.46401 22.5 -42.09064 58.70271 22.5 -42.54913 58.06583 22.5 12.83825 73.90898 22.5 13.54451 73.43682 22.5 13.66636 72.67556 22.5 13.20793 72.03867 22.5 7.959427 75.00295 22.5 8.665679 74.53075 22.5 8.787496 73.76949 22.5 8.329064 73.13263 22.5 -47.37118 59.0903 22.05 -46.63281 58.50813 22.04406 -46.43567 57.36799 22.04538 -47.12391 56.39786 22.03718 -45.9895 55.3834 23.49601 -47.08317 54.79716 23.4995 -45.23248 56.3383 23.49616 -44.92153 57.44983 23.4965 -45.04186 58.57494 23.49633 -46.83749 60.53113 23.48757 -45.61108 59.62939 23.49601 19.09405 73.03404 22.05 19.83242 72.45188 22.04406 20.02957 71.31173 22.04538 19.34253 70.34225 22.0377 20.4757 69.32713 23.49601 19.37514 68.73889 23.49656 21.23278 70.28209 23.49615 21.5437 71.39369 23.4965 19.61687 74.47882 23.48282 21.42335 72.51877 23.49633 20.85412 73.57317 23.49601 62.13576 71.78651 25 59.53398 71.15004 25 57.9309 70.31954 25 56.49982 69.15705 25 55.33731 67.72595 25 54.50682 66.12288 25 54.02784 64.457 25 53.87034 62.13584 25 54.50682 59.53398 25 55.33731 57.9309 25 56.49982 56.49982 25 57.9309 55.33732 25 59.53398 54.50682 25 61.84393 53.89787 25 -1.833592 69.49172 24.5 0.389941 69.54353 25 -8.141938 69.03841 24.5 -7.579261 69.10249 25 -14.57416 67.97304 24.5 -12.64643 68.33972 25 -21.05454 66.25391 24.5 -17.24078 67.34664 25 -27.48712 63.8549 24.5 -23.71408 65.34969 25 -33.76761 60.76869 24.5 -30.09716 62.66742 25 -39.78788 57.00946 24.5 -36.28337 59.30129 25 -45.44205 52.61382 24.5 -42.16546 55.27434 25 -46.53529 51.6209 25 -50.63235 47.63996 24.5 -50.19467 48.10088 25 -55.27432 42.16549 24.5 -54.88806 42.66706 25 -59.30121 36.28349 24.5 -58.97145 36.81698 25 -62.66736 30.09727 24.5 -62.39725 30.65328 25 -65.34961 23.7143 24.5 -64.6203 25.58259 25 -67.34653 17.24117 24.5 -66.25396 21.05436 25 -68.67678 10.77835 24.5 -67.97314 14.57366 25 -68.85717 9.430832 25 -69.37597 4.415675 24.5 -69.33832 4.971375 25 -69.49172 -1.83359 24.5 -69.50402 -1.286338 25 -69.03842 -8.141885 24.5 -69.10249 -7.579206 25 -67.97313 -14.57368 24.5 -68.09316 -14.00235 25 -66.25396 -21.05438 24.5 -66.43304 -20.48242 25 -63.855 -27.48688 24.5 -64.6203 -25.58258 25 -60.76878 -33.76742 24.5 -62.66735 -30.09728 25 -60.03712 -35.01133 25 -57.00956 -39.78772 24.5 -57.36808 -39.26905 25 -52.61393 -45.4419 24.5 -53.02664 -44.95962 25 -47.64003 -50.63228 24.5 -48.10095 -50.19461 25 -42.16561 -55.27422 24.5 -42.66718 -54.88796 25 -36.28343 -59.30124 24.5 -36.81692 -58.97149 25 -30.0974 -62.66729 24.5 -30.65342 -62.39718 25 -23.7144 -65.34956 24.5 -25.58258 -64.62029 25 -17.24123 -67.34651 24.5 -21.05423 -66.25399 25 -10.77811 -68.67682 24.5 -14.57372 -67.97312 25 -8.142238 -69.03837 25 -2.753759 -69.49056 24.5 76.29966 -66.68355 24.5 75.51062 -69.33757 24.5 76.5 -64.5 24.5 76.5 -43 24.5 57.36807 -39.26905 24.5 76.5 -21.5 24.5 67.34653 -17.24117 24.5 76.5 -32.25 24.5 70.56196 -74.87935 24.5 72.54261 -73.41879 24.5 74.13755 -71.67379 24.5 76.5 -10.75 24.5 69.37595 -4.415841 24.5 76.5 4e-06 24.5 69.49172 1.833347 24.5 67.19726 17.81393 24.5 76.5 16.125 24.5 69.03842 8.141871 24.5 76.5 32.25 24.5 68.67681 -10.77817 24.5 68.33972 12.64643 24.5 65.1402 24.28351 24.5 68.91714 -75.65746 24.5 65.9832 -76.43152 24.5 53.75 -76.5 24.5 43 -76.5 24.5 48.10107 -50.1945 24.5 43.80572 -53.95655 24.5 39.78773 -57.00954 24.5 53.02655 -44.95972 24.5 32.25 -76.5 24.5 27.48672 -63.85507 24.5 21.5 -76.5 24.5 33.76754 -60.76873 24.5 65.80434 -22.36153 24.5 64.0948 -26.92303 24.5 62.39717 30.65344 24.5 61.069 -33.22145 24.5 58.97149 36.81692 24.5 76.5 43 24.5 76.5 53.75 24.5 76.39793 66.16165 24.5 54.88807 42.66703 24.5 75.65746 68.91715 24.5 74.92851 70.46535 24.5 73.42715 72.54982 24.5 71.5831 74.19825 24.5 69.42113 75.46708 24.5 66.26882 76.39135 24.5 47.64002 50.63229 24.5 51.62089 46.53529 24.5 43.80572 53.95655 24.5 39.26915 57.36801 24.5 35.01134 60.03713 24.5 43 76.5 24.5 53.75 76.5 24.5 32.25 76.5 24.5 30.09716 62.66741 24.5 21.5 76.5 24.5 25.58258 64.62029 24.5 20.48258 66.43299 24.5 21.05422 -66.25399 24.5 4.971186 -69.33832 24.5 -4e-06 -76.5 24.5 10.75 -76.5 24.5 11.34605 -68.58524 24.5 15.88111 -67.66121 24.5 -10.75 -76.5 24.5 -32.25 -76.5 24.5 -21.5 -76.5 24.5 -64.5 -76.5 24.5 -43 -76.5 24.5 -76.5 -53.75 24.5 -66.68356 -76.29965 24.5 -68.91714 -75.65746 24.5 -70.65241 -74.81922 24.5 -72.6273 -73.34854 24.5 -75.54443 -69.24078 24.5 -74.26668 -71.49701 24.5 -76.39794 -66.16166 24.5 -76.5 -43 24.5 -76.5 -32.25 24.5 -76.5 -21.5 24.5 -76.5 -10.75 24.5 -76.5 4e-06 24.5 -21.5 76.5 24.5 -32.25 76.5 24.5 15.88111 67.66123 24.5 10.75 76.5 24.5 -53.75 76.5 24.5 -76.5 64.5 24.5 -43 76.5 24.5 10.77806 68.67682 24.5 -4e-06 76.5 24.5 4.415664 69.37597 24.5 -10.75 76.5 24.5 -76.5 21.5 24.5 -76.5 43 24.5 -76.5 32.25 24.5 -76.5 10.75 24.5 -73.74458 72.21465 24.5 -66.11452 76.42547 24.5 -76.29967 66.68357 24.5 -71.49712 74.2666 24.5 -69.31654 75.50659 24.5 -75.46712 69.42105 24.5 -75.65747 -68.91713 25 -74.81924 -70.65238 25 -65.9832 -76.43152 25 -76.29967 -66.68355 25 -76.5 -64.5 25 -76.5 -48.375 25 -70.46541 -74.92847 25 -68.91714 -75.65746 25 -72.90309 -73.12382 25 -76.5 -21.5 25 -76.5 -10.75 25 -76.5 -32.25 25 -76.5 4e-06 25 -43 -76.5 25 -53.75 -76.5 25 -21.5 -76.5 25 -32.25 -76.5 25 -10.75 -76.5 25 -4e-06 -76.5 25 -0.389922 -69.54353 25 10.75 -76.5 25 7.57956 -69.10245 25 14.00241 -68.09315 25 21.5 -76.5 25 -76.5 10.75 25 -76.5 21.5 25 -76.5 32.25 25 -76.5 43 25 -76.43152 65.9833 25 -75.65747 68.91715 25 -74.92849 70.46537 25 -73.1238 72.90312 25 -76.5 53.75 25 -70.65232 74.81928 25 -66.68356 76.29967 25 -68.91714 75.65746 25 -64.5 76.5 25 -43 76.5 25 -32.25 76.5 25 -21.5 76.5 25 21.5 76.5 25 10.75 76.5 25 -10.75 76.5 25 -4e-06 76.5 25 14.57418 67.97303 25 8.141935 69.03841 25 21.05454 66.2539 25 20.48226 -66.43308 25 26.92303 -64.0948 25 32.25 -76.5 25 31.92097 -61.73574 25 43 -76.5 25 36.28336 -59.30128 25 64.5 -76.5 25 50.19458 -48.10099 25 76.5 -53.75 25 42.16574 -55.27412 25 46.53528 -51.62089 25 53.95654 -43.80571 25 76.5 -43 25 57.00955 -39.78772 25 60.7688 -33.7674 25 59.30124 36.28343 25 76.5 -32.25 25 63.85507 -27.48672 25 76.5 -16.125 25 66.25403 -21.05412 25 76.5 37.625 25 62.66728 30.09743 25 76.5 21.5 25 65.34952 23.71453 25 76.39135 -66.26877 25 66.68356 -76.29965 25 72.06358 -73.81623 25 69.86612 -75.27567 25 73.49593 -72.46385 25 75.27566 -69.86616 25 67.9731 -14.57385 25 69.03842 -8.141882 25 67.34652 17.24122 25 76.5 10.75 25 68.33972 12.64643 25 69.1025 7.579194 25 76.5 4e-06 25 69.54352 -0.389894 25 48.10094 50.19462 25 53.02652 44.95977 25 43 76.5 25 36.81679 58.97157 25 42.66716 54.88798 25 56.14237 40.96686 25 25.58258 64.62029 25 32.25 76.5 25 30.65317 62.3973 25 53.75 76.5 25 64.5 76.5 25 64.457 54.02784 25 67.72595 55.33732 25 66.12287 54.50682 25 76.5 53.75 25 70.31954 57.9309 25 69.15703 56.49982 25 71.15003 59.53398 25 76.5 64.5 25 71.75898 61.84396 25 76.29966 66.68357 25 71.15003 66.12288 25 71.62901 64.457 25 75.65746 68.91715 25 70.31954 67.72595 25 66.68356 76.29967 25 64.457 71.62902 25 66.12287 71.15004 25 68.91714 75.65746 25 67.72595 70.31954 25 69.15703 69.15705 25 72.90314 73.12378 25 70.46535 74.92851 25 74.81926 70.65234 25 -76.29561 63.93021 -24.98442 -64.1354 76.09042 -24.98434 -76.1459 65.83248 -24.98441 -75.70045 67.68791 -24.9844 -74.97023 69.45083 -24.98438 -73.97322 71.0778 -24.98437 -72.73397 72.52877 -24.98436 -71.28299 73.76802 -24.98435 -69.65602 74.76503 -24.98435 -67.89311 75.49526 -24.98434 -66.03768 75.94071 -24.98434 -76.29561 -63.95571 -24.98535 -64.2661 -75.98523 -24.98544 -76.14751 -65.83755 -24.98536 -75.70685 -67.67304 -24.98538 -74.98447 -69.41701 -24.98539 -73.99818 -71.02649 -24.9854 -72.77225 -72.46187 -24.98541 -71.33687 -73.6878 -24.98542 -69.72739 -74.6741 -24.98543 -67.98342 -75.39647 -24.98543 -66.14793 -75.83713 -24.98543 64.37464 76.09042 -24.98434 76.28137 64.18369 -24.98442 66.23726 75.94383 -24.98434 68.05402 75.50766 -24.98434 69.78018 74.79267 -24.98435 71.37324 73.81644 -24.98435 72.79397 72.60301 -24.98436 74.00738 71.18228 -24.98437 74.98361 69.58924 -24.98438 75.69861 67.86307 -24.98439 76.13478 66.04631 -24.98441 76.28137 -63.5492 -24.98535 63.84532 -75.98523 -24.98544 76.12826 -65.49463 -24.98536 75.6727 -67.39215 -24.98537 74.92592 -69.19504 -24.98539 73.90629 -70.85892 -24.9854 72.63894 -72.34281 -24.98541 71.15505 -73.61016 -24.98542 69.49118 -74.62979 -24.98543 67.68828 -75.37657 -24.98543 65.79076 -75.83213 -24.98543 -65.56553 76.01532 -23.44504 -68.64403 75.26017 -23.44505 -71.92455 73.31237 -23.44506 -74.44258 70.44619 -23.44508 -75.95165 66.94219 -23.4451 -76.29561 63.9302 -23.44513 -76.22133 -65.37048 -23.44606 -75.47429 -68.41591 -23.44608 -73.54742 -71.66117 -23.4461 -70.71203 -74.15214 -23.44612 -67.24568 -75.64499 -23.44614 -64.2661 -75.98524 -23.44614 64.37464 76.09041 -23.44504 76.28137 64.18367 -23.44513 76.13478 66.04631 -23.44511 75.34074 68.90661 -23.44509 73.34458 72.06413 -23.44507 71.37324 73.81643 -23.44506 68.93947 75.204 -23.44504 66.23726 75.94382 -23.44504 65.40637 -75.90328 -23.44614 68.77817 -75.00281 -23.44614 71.15505 -73.61017 -23.44612 73.4403 -71.51505 -23.4461 75.43227 -68.16017 -23.44609 76.20458 -65.01174 -23.44606</float_array><technique_common><accessor count="2010" source="#object_5_182-mesh-slim-pos-array" stride="3"><param type="float" name="X"/><param type="float" name="Y"/><param type="float" name="Z"/></accessor></technique_common></source><vertices id="object_5_182-mesh-slim-pos-vertices">
          <input semantic="POSITION" source="#object_5_182-mesh-slim-pos"/>
        </vertices>
        <triangles count="4336" material="Black-material"><input offset="0" semantic="VERTEX" source="#object_5_182-mesh-slim-pos-vertices"/><input offset="1" semantic="NORMAL" source="#object_5_182-mesh-slim-nrm"/><p>1 1 23 23 28 28 17 17 3 3 4 4 7 7 6 6 9 9 10 10 16 16 12 12 10 10 12 12 11 11 11 11 12 12 13 13 13 13 12 12 19 19 15 15 13 13 19 19 19 19 14 14 15 15 14 14 16 16 15 15 10 10 15 15 16 16 13 13 10 10 11 11 13 13 15 15 10 10 18 18 16 16 14 14 19 19 9 9 14 14 20 20 18 18 14 14 20 20 14 14 9 9 16 16 18 18 21 21 21 21 22 22 16 16 16 16 22 22 23 23 7 7 9 9 19 19 7 7 19 19 17 17 17 17 19 19 12 12 17 17 12 12 3 3 2 2 12 12 23 23 12 12 2 2 3 3 24 24 20 20 8 8 25 25 18 18 24 24 27 27 23 23 22 22 18 18 25 25 21 21 25 25 24 24 27 27 24 24 6 6 27 27 26 26 25 25 27 27 28 28 27 27 5 5 6 6 5 5 27 27 4 4 28 28 5 5 0 0 28 28 4 4 28 28 0 0 1 1 8 8 6 6 24 24 30 30 29 29 57 57 29 29 44 44 57 57 29 29 30 30 33 33 35 35 52 52 50 50 37 37 35 35 50 50 43 43 38 38 42 42 38 38 41 41 42 42 43 43 45 45 39 39 38 38 43 43 39 39 39 39 46 46 40 40 45 45 46 46 39 39 46 46 41 41 40 40 41 41 46 46 42 42 41 41 39 39 40 40 39 39 41 41 38 38 33 33 45 45 43 43 42 42 29 29 43 43 29 29 42 42 44 44 29 29 33 33 43 43 36 36 45 45 33 33 36 36 37 37 45 45 45 45 50 50 46 46 50 50 45 45 37 37 47 47 42 42 48 48 47 47 44 44 42 42 48 48 42 42 46 46 48 48 46 46 51 51 46 46 50 50 49 49 46 46 49 49 51 51 54 54 49 49 53 53 53 53 49 49 52 52 55 55 51 51 54 54 56 56 47 47 48 48 32 32 31 31 30 30 57 57 35 35 30 30 30 30 34 34 32 32 35 35 34 34 30 30 56 56 52 52 57 57 56 56 55 55 54 54 54 54 52 52 56 56 54 54 53 53 52 52 57 57 52 52 35 35 58 58 59 59 60 60 61 61 465 465 62 62 61 61 58 58 60 60 61 61 63 63 58 58 58 58 64 64 65 65 65 65 59 59 58 58 65 65 66 66 67 67 61 61 60 60 465 465 67 67 70 70 69 69 62 62 71 71 61 61 63 63 64 64 58 58 69 69 70 70 72 72 62 62 73 73 71 71 63 63 76 76 64 64 71 71 75 75 63 63 65 65 293 293 66 66 66 66 77 77 68 68 68 68 78 78 70 70 70 70 374 374 72 72 64 64 293 293 65 65 82 82 85 85 84 84 80 80 83 83 82 82 84 84 88 88 86 86 86 86 88 88 87 87 91 91 80 80 81 81 87 87 89 89 90 90 90 90 89 89 480 480 93 93 95 95 92 92 94 94 97 97 96 96 92 92 95 95 94 94 98 98 100 100 101 101 96 96 99 99 98 98 100 100 539 539 101 101 102 102 103 103 93 93 106 106 109 109 108 108 104 104 107 107 106 106 108 108 112 112 110 110 110 110 112 112 111 111 115 115 104 104 105 105 111 111 113 113 114 114 114 114 113 113 468 468 117 117 118 118 116 116 119 119 123 123 121 121 116 116 120 120 119 119 122 122 124 124 125 125 121 121 123 123 122 122 124 124 508 508 125 125 126 126 127 127 117 117 147 147 128 128 129 129 131 131 133 133 132 132 129 129 133 133 131 131 134 134 137 137 136 136 140 140 414 414 142 142 138 138 141 141 140 140 136 136 139 139 138 138 132 132 135 135 134 134 145 145 143 143 146 146 146 146 143 143 147 147 144 144 145 145 146 146 146 146 131 131 144 144 148 148 132 132 134 134 148 148 134 134 136 136 150 150 138 138 140 140 149 149 136 136 138 138 147 147 129 129 146 146 131 131 132 132 144 144 150 150 140 140 142 142 609 609 151 151 152 152 153 153 156 156 155 155 152 152 154 154 153 153 157 157 160 160 159 159 163 163 164 164 165 165 161 161 164 164 163 163 159 159 162 162 161 161 155 155 158 158 157 157 167 167 533 533 168 168 168 168 166 166 167 167 609 609 168 168 533 533 169 169 155 155 157 157 170 170 163 163 171 171 165 165 171 171 163 163 152 152 153 153 168 168 153 153 155 155 166 166 159 159 161 161 170 170 168 168 609 609 152 152 594 594 174 174 173 173 175 175 178 178 177 177 173 173 176 176 175 175 179 179 180 180 181 181 181 181 182 182 183 183 183 183 184 184 185 185 185 185 384 384 187 187 177 177 180 180 179 179 190 190 188 188 191 191 191 191 188 188 594 594 190 190 179 179 192 192 189 189 190 190 191 191 191 191 175 175 189 189 189 189 177 177 179 179 193 193 181 181 183 183 183 183 185 185 196 196 194 194 179 179 181 181 594 594 173 173 191 191 175 175 177 177 189 189 196 196 185 185 187 187 197 197 202 202 200 200 201 201 204 204 203 203 200 200 202 202 201 201 205 205 208 208 207 207 211 211 304 304 213 213 209 209 212 212 211 211 207 207 210 210 209 209 203 203 206 206 205 205 197 197 200 200 522 522 215 215 205 205 216 216 200 200 214 214 522 522 217 217 209 209 219 219 213 213 218 218 219 219 205 205 217 217 216 216 215 215 203 203 205 205 200 200 201 201 215 215 201 201 203 203 215 215 217 217 207 207 209 209 209 209 211 211 219 219 219 219 211 211 213 213 220 220 223 223 222 222 224 224 227 227 226 226 222 222 225 225 224 224 228 228 231 231 230 230 232 232 234 234 235 235 230 230 233 233 232 232 226 226 229 229 228 228 237 237 222 222 224 224 220 220 222 222 236 236 237 237 224 224 226 226 238 238 226 226 228 228 238 238 228 228 240 240 240 240 232 232 239 239 240 240 230 230 232 232 239 239 232 232 235 235 240 240 228 228 230 230 241 241 244 244 243 243 245 245 249 249 247 247 243 243 246 246 245 245 248 248 251 251 250 250 254 254 353 353 256 256 252 252 255 255 254 254 250 250 253 253 252 252 247 247 249 249 248 248 258 258 243 243 245 245 258 258 247 247 260 260 259 259 252 252 254 254 256 256 261 261 259 259 259 259 254 254 256 256 259 259 250 250 252 252 241 241 243 243 257 257 258 258 245 245 247 247 260 260 247 247 248 248 260 260 248 248 250 250 262 262 265 265 264 264 266 266 269 269 268 268 264 264 267 267 266 266 270 270 273 273 272 272 276 276 278 278 277 277 272 272 275 275 274 274 268 268 271 271 270 270 279 279 266 266 446 446 281 281 274 274 276 276 280 280 270 270 272 272 281 281 276 276 277 277 280 280 272 272 274 274 262 262 264 264 279 279 279 279 264 264 266 266 446 446 266 266 268 268 446 446 268 268 270 270 285 285 288 288 284 284 265 265 286 286 288 288 288 288 291 291 290 290 289 289 400 400 292 292 293 293 288 288 290 290 288 288 294 294 295 295 400 400 288 288 296 296 297 297 298 298 299 299 298 298 301 301 300 300 305 305 301 301 302 302 212 212 303 303 304 304 297 297 304 304 303 303 299 299 304 304 297 297 299 299 298 298 300 300 308 308 305 305 302 302 301 301 305 305 300 300 302 302 306 306 308 308 308 308 306 306 307 307 307 307 198 198 309 309 307 307 309 309 308 308 212 212 311 311 303 303 312 312 311 311 212 212 210 210 312 312 212 212 208 208 312 312 210 210 208 208 314 314 312 312 314 314 288 288 313 313 313 313 288 288 315 315 288 288 316 316 315 315 199 199 329 329 202 202 202 202 318 318 204 204 319 319 208 208 206 206 278 278 314 314 319 319 204 204 317 317 206 206 198 198 116 116 199 199 314 314 208 208 319 319 278 278 275 275 314 314 310 310 116 116 198 198 321 321 310 310 320 320 320 320 322 322 321 321 310 310 321 321 126 126 126 126 117 117 310 310 202 202 329 329 318 318 117 117 116 116 310 310 329 329 199 199 116 116 204 204 318 318 317 317 324 324 322 322 320 320 325 325 324 324 323 323 326 326 288 288 327 327 327 327 286 286 323 323 324 324 320 320 323 323 288 288 326 326 328 328 286 286 119 119 121 121 121 121 122 122 286 286 122 122 125 125 323 323 286 286 122 122 323 323 125 125 325 325 323 323 327 327 288 288 286 286 116 116 119 119 286 286 319 319 206 206 317 317 314 314 275 275 282 282 282 282 273 273 271 271 271 271 269 269 282 282 282 282 275 275 273 273 330 330 116 116 263 263 329 329 116 116 330 330 282 282 267 267 265 265 269 269 267 267 282 282 116 116 265 265 263 263 310 310 198 198 307 307 283 283 316 316 288 288 333 333 102 102 332 332 331 331 333 333 332 332 93 93 332 332 102 102 331 331 334 334 333 333 332 332 92 92 94 94 332 332 93 93 92 92 94 94 335 335 332 332 335 335 288 288 336 336 338 338 255 255 337 337 337 337 344 344 338 338 331 331 339 339 334 334 283 283 101 101 340 340 338 338 288 288 285 285 340 340 339 339 283 283 94 94 96 96 335 335 255 255 341 341 337 337 283 283 335 335 96 96 342 342 341 341 253 253 98 98 283 283 96 96 283 283 98 98 101 101 283 283 339 339 331 331 344 344 345 345 343 343 346 346 343 343 345 345 164 164 346 346 345 345 347 347 346 346 162 162 346 346 164 164 162 162 348 348 345 345 344 344 160 160 158 158 347 347 162 162 160 160 347 347 349 349 158 158 156 156 158 158 349 349 347 347 358 358 350 350 156 156 349 349 156 156 350 350 348 348 344 344 337 337 351 351 285 285 352 352 283 283 288 288 335 335 353 353 338 338 351 351 255 255 253 253 341 341 338 338 353 353 255 255 352 352 285 285 354 354 351 351 338 338 285 285 355 355 354 354 285 285 355 355 285 285 284 284 287 287 244 244 242 242 242 242 284 284 287 287 356 356 249 249 357 357 249 249 151 151 357 357 342 342 253 253 251 251 358 358 156 156 154 154 359 359 358 358 154 154 151 151 359 359 154 154 342 342 251 251 356 356 251 251 249 249 356 356 246 246 151 151 249 249 246 246 287 287 151 151 287 287 359 359 151 151 359 359 288 288 360 360 288 288 361 361 360 360 288 288 362 362 361 361 287 287 246 246 244 244 364 364 288 288 365 365 366 366 106 106 364 364 366 366 368 368 369 369 367 367 368 368 366 366 366 366 369 369 105 105 106 106 288 288 364 364 366 366 104 104 106 106 105 105 104 104 366 366 367 367 371 371 370 370 371 371 367 367 114 114 291 291 367 367 384 384 114 114 367 367 111 111 367 367 370 370 368 368 291 291 108 108 110 110 110 110 111 111 291 291 186 186 372 372 291 291 291 291 111 111 367 367 106 106 108 108 291 291 376 376 373 373 182 182 373 373 372 372 184 184 291 291 374 374 290 290 374 374 291 291 375 375 374 374 79 79 290 290 78 78 290 290 79 79 293 293 290 290 77 77 290 290 78 78 77 77 372 372 375 375 291 291 376 376 180 180 377 377 377 377 378 378 397 397 75 75 74 74 379 379 76 76 75 75 379 379 293 293 381 381 288 288 379 379 293 293 76 76 294 294 382 382 383 383 387 387 384 384 367 367 385 385 386 386 387 387 385 385 389 389 386 386 389 389 388 388 391 391 385 385 388 388 389 389 386 386 390 390 387 387 384 384 387 387 390 390 186 186 291 291 384 384 388 388 392 392 391 391 394 394 392 392 393 393 392 392 395 395 391 391 395 395 392 392 394 394 172 172 396 396 174 174 393 393 172 172 394 394 172 172 393 393 396 396 186 186 184 184 372 372 182 182 180 180 376 376 184 184 182 182 373 373 377 377 178 178 378 378 397 397 378 378 73 73 178 178 377 377 180 180 378 378 74 74 73 73 176 176 398 398 178 178 398 398 176 176 174 174 398 398 174 174 399 399 398 398 378 378 178 178 379 379 74 74 378 378 380 380 293 293 379 379 288 288 381 381 382 382 174 174 396 396 399 399 418 418 294 294 383 383 296 296 402 402 400 400 402 402 296 296 401 401 292 292 400 400 403 403 233 233 292 292 234 234 234 234 292 292 403 403 407 407 404 404 296 296 296 296 404 404 405 405 288 288 407 407 296 296 401 401 296 296 405 405 404 404 407 407 410 410 407 407 223 223 221 221 223 223 409 409 225 225 410 410 407 407 221 221 288 288 411 411 363 363 289 289 413 413 288 288 231 231 414 414 292 292 231 231 292 292 233 233 231 231 229 229 415 415 413 413 411 411 288 288 412 412 289 289 292 292 414 414 412 412 292 292 416 416 415 415 229 229 415 415 414 414 231 231 225 225 408 408 227 227 414 414 141 141 412 412 412 412 141 141 139 139 137 137 412 412 139 139 416 416 229 229 227 227 288 288 417 417 406 406 294 294 81 81 295 295 82 82 295 295 80 80 294 294 418 418 419 419 81 81 294 294 419 419 408 408 416 416 227 227 408 408 225 225 409 409 223 223 424 424 409 409 84 84 417 417 295 295 295 295 82 82 84 84 81 81 80 80 295 295 420 420 86 86 87 87 421 421 422 422 383 383 420 420 87 87 90 90 90 90 421 421 420 420 84 84 86 86 417 417 420 420 417 417 86 86 407 407 423 423 424 424 424 424 223 223 407 407 421 421 383 383 420 420 422 422 418 418 383 383 424 424 423 423 425 425 133 133 426 426 135 135 429 429 428 428 137 137 426 426 429 429 135 135 137 137 135 135 429 429 137 137 428 428 412 412 430 430 128 128 431 431 431 431 425 425 423 423 430 430 432 432 128 128 426 426 133 133 427 427 427 427 133 133 130 130 130 130 432 432 427 427 130 130 128 128 432 432 430 430 431 431 423 423 433 433 434 434 59 59 436 436 434 434 437 437 433 433 107 107 434 434 440 440 442 442 279 279 443 443 567 567 445 445 441 441 541 541 447 447 567 567 441 441 565 565 448 448 455 455 452 452 452 452 451 451 448 448 448 448 449 449 455 455 450 450 451 451 452 452 452 452 188 188 450 450 453 453 454 454 449 449 456 456 454 454 453 453 456 456 195 195 454 454 454 454 455 455 449 449 190 190 458 458 457 457 458 458 60 60 459 459 460 460 461 461 59 59 462 462 460 460 434 434 459 459 59 59 461 461 188 188 457 457 450 450 196 196 463 463 193 193 193 193 464 464 194 194 192 192 629 629 458 458 465 465 458 458 629 629 60 60 458 458 465 465 194 194 466 466 192 192 190 190 192 192 458 458 195 195 438 438 196 196 190 190 457 457 188 188 467 467 468 468 456 456 467 467 470 470 469 469 470 470 467 467 472 472 469 469 468 468 467 467 456 456 468 468 113 113 112 112 438 438 113 113 438 438 456 456 113 113 467 467 471 471 472 472 471 471 107 107 115 115 473 473 107 107 471 471 473 473 474 474 434 434 471 471 115 115 475 475 475 475 472 472 471 471 474 474 440 440 434 434 466 466 194 194 464 464 464 464 193 193 463 463 192 192 466 466 629 629 59 59 434 434 460 460 67 67 433 433 59 59 59 59 459 459 60 60 107 107 438 438 109 109 463 463 438 438 477 477 434 434 107 107 473 473 477 477 433 433 69 69 67 67 69 69 433 433 477 477 438 438 433 433 438 438 463 463 196 196 112 112 109 109 438 438 478 478 440 440 476 476 456 456 438 438 195 195 435 435 462 462 434 434 479 479 480 480 481 481 479 479 482 482 480 480 482 482 479 479 487 487 89 89 481 481 480 480 481 481 88 88 483 483 484 484 485 485 437 437 437 437 486 486 483 483 88 88 481 481 89 89 435 435 489 489 488 488 488 488 487 487 479 479 483 483 88 88 85 85 83 83 91 91 436 436 85 85 83 83 436 436 436 436 483 483 85 85 91 91 489 489 435 435 435 435 488 488 479 479 490 490 614 614 491 491 492 492 491 491 614 614 143 143 493 493 492 492 494 494 493 493 145 145 497 497 490 490 484 484 143 143 145 145 493 493 490 490 497 497 614 614 499 499 494 494 145 145 145 145 148 148 499 499 614 614 143 143 492 492 236 236 497 497 484 484 437 437 483 483 436 436 495 495 496 496 484 484 484 484 496 496 236 236 497 497 236 236 237 237 437 437 495 495 484 484 498 498 238 238 240 240 498 498 237 237 238 238 610 610 497 497 237 237 239 239 150 150 498 498 610 610 237 237 498 498 149 149 500 500 148 148 500 500 499 499 148 148 149 149 150 150 500 500 439 439 500 500 239 239 150 150 239 239 500 500 439 439 501 501 500 500 439 439 502 502 501 501 441 441 502 502 439 439 239 239 498 498 240 240 435 435 436 436 91 91 478 478 504 504 440 440 507 507 506 506 505 505 505 505 442 442 504 504 505 505 506 506 508 508 123 123 442 442 124 124 124 124 442 442 505 505 505 505 508 508 124 124 507 507 510 510 511 511 509 509 507 507 511 511 519 519 510 510 507 507 507 507 509 509 506 506 118 118 444 444 120 120 519 519 127 127 510 510 127 127 444 444 118 118 519 519 444 444 127 127 442 442 123 123 120 120 504 504 442 442 440 440 214 214 554 554 444 444 444 444 442 442 120 120 444 444 554 554 557 557 279 279 444 444 557 557 512 512 215 215 527 527 513 513 554 554 214 214 439 439 518 518 514 514 541 541 516 516 517 517 446 446 280 280 518 518 512 512 513 513 215 215 522 522 444 444 519 519 521 521 523 523 580 580 580 580 519 519 520 520 519 519 580 580 583 583 583 583 522 522 519 519 522 522 214 214 444 444 524 524 523 523 521 521 218 218 523 523 525 525 524 524 525 525 523 523 525 525 526 526 218 218 520 520 521 521 580 580 215 215 216 216 527 527 518 518 281 281 527 527 216 216 217 217 527 527 217 217 518 518 527 527 528 528 217 217 219 219 215 215 513 513 214 214 528 528 219 219 526 526 217 217 528 528 518 518 516 516 439 439 515 515 218 218 526 526 219 219 518 518 280 280 281 281 540 540 541 541 517 517 567 567 257 257 445 445 257 257 258 258 445 445 529 529 532 532 261 261 565 565 532 532 529 529 603 603 260 260 259 259 259 259 261 261 532 532 599 599 530 530 259 259 441 441 532 532 565 565 260 260 533 533 258 258 535 535 534 534 441 441 443 443 535 535 441 441 533 533 536 536 445 445 603 603 533 533 260 260 533 533 445 445 258 258 167 167 537 537 536 536 167 167 536 536 533 533 167 167 547 547 537 537 603 603 259 259 530 530 441 441 538 538 531 531 517 517 544 544 540 540 100 100 99 99 447 447 447 447 97 97 538 538 97 97 447 447 99 99 541 541 539 539 447 447 542 542 103 103 543 543 544 544 517 517 543 543 542 542 95 95 103 103 538 538 95 95 542 542 97 97 95 95 538 538 543 543 517 517 542 542 532 532 599 599 259 259 546 546 171 171 600 600 171 171 550 550 170 170 600 600 599 599 545 545 169 169 548 548 547 547 169 169 170 170 548 548 167 167 169 169 547 547 546 546 600 600 549 549 549 549 600 600 545 545 170 170 550 550 548 548 550 550 171 171 546 546 545 545 599 599 532 532 100 100 447 447 539 539 277 277 527 527 281 281 551 551 512 512 527 527 551 551 552 552 512 512 512 512 553 553 555 555 555 555 556 556 554 554 551 551 527 527 277 277 279 279 557 557 262 262 554 554 559 559 557 557 277 277 560 560 551 551 552 552 553 553 512 512 557 557 559 559 262 262 277 277 319 319 560 560 552 552 317 317 553 553 560 560 317 317 552 552 555 555 318 318 556 556 556 556 329 329 558 558 558 558 330 330 559 559 559 559 263 263 262 262 553 553 318 318 555 555 529 529 261 261 562 562 562 562 561 561 529 529 562 562 563 563 561 561 561 561 564 564 571 571 571 571 529 529 561 561 565 565 571 571 566 566 562 562 261 261 256 256 257 257 567 567 241 241 565 565 569 569 567 567 256 256 570 570 562 562 563 563 564 564 561 561 567 567 569 569 241 241 256 256 353 353 570 570 563 563 352 352 564 564 570 570 351 351 563 563 571 571 354 354 566 566 566 566 355 355 568 568 568 568 284 284 569 569 569 569 242 242 241 241 564 564 354 354 571 571 573 573 239 239 235 235 239 239 573 573 440 440 440 440 574 574 437 437 575 575 236 236 496 496 437 437 574 574 577 577 495 495 577 577 576 576 236 236 575 575 220 220 495 495 576 576 575 575 235 235 403 403 573 573 573 573 400 400 572 572 572 572 402 402 574 574 577 577 405 405 576 576 576 576 404 404 575 575 575 575 221 221 220 220 574 574 401 401 577 577 523 523 218 218 579 579 579 579 218 218 213 213 578 578 523 523 579 579 579 579 581 581 578 578 578 578 582 582 580 580 213 213 587 587 579 579 587 587 581 581 579 579 582 582 584 584 580 580 581 581 588 588 578 578 583 583 586 586 585 585 522 522 585 585 197 197 213 213 304 304 587 587 587 587 299 299 581 581 581 581 300 300 588 588 588 588 305 305 582 582 582 582 308 308 584 584 584 584 308 308 586 586 586 586 309 309 585 585 585 585 198 198 197 197 454 454 195 195 590 590 590 590 589 589 454 454 589 589 455 455 454 454 187 187 590 590 195 195 594 594 188 188 593 593 593 593 188 188 452 452 597 597 596 596 590 590 596 596 598 598 589 589 595 595 593 593 452 452 590 590 187 187 597 597 187 187 384 384 597 597 596 596 386 386 598 598 597 597 390 390 596 596 592 592 395 395 595 595 591 591 391 391 592 592 595 595 394 394 593 593 593 593 172 172 594 594 598 598 389 389 591 591 165 165 600 600 171 171 599 599 601 601 606 606 599 599 606 606 530 530 603 603 605 605 533 533 609 609 533 533 605 605 606 606 607 607 603 603 600 600 608 608 602 602 604 604 603 603 607 607 603 603 604 604 605 605 608 608 600 600 165 165 165 165 345 345 608 608 608 608 348 348 602 602 602 602 337 337 601 601 606 606 342 342 607 607 607 607 356 356 604 604 604 604 357 357 605 605 605 605 151 151 609 609 601 601 341 341 606 606 611 611 610 610 498 498 142 142 611 611 150 150 150 150 611 611 498 498 147 147 143 143 614 614 614 614 619 619 147 147 613 613 615 615 614 614 617 617 616 616 611 611 616 616 618 618 610 610 611 611 142 142 617 617 142 142 414 414 617 617 616 616 408 408 618 618 617 617 416 416 616 616 612 612 409 409 613 613 613 613 424 424 615 615 615 615 425 425 619 619 619 619 128 128 147 147 618 618 409 409 612 612 325 325 506 506 324 324 324 324 509 509 322 322 322 322 511 511 321 321 508 508 325 325 125 125 321 321 510 510 126 126 126 126 510 510 127 127 371 371 469 469 370 370 370 370 470 470 368 368 475 475 105 105 369 369 368 368 472 472 369 369 114 114 468 468 371 371 340 340 541 541 339 339 339 339 540 540 334 334 334 334 544 544 333 333 539 539 340 340 101 101 333 333 543 543 102 102 102 102 543 543 103 103 421 421 482 482 422 422 422 422 487 487 418 418 418 418 488 488 419 419 480 480 421 421 90 90 419 419 489 489 81 81 81 81 489 489 91 91 72 72 374 374 620 620 621 621 372 372 622 622 620 620 375 375 621 621 623 623 373 373 624 624 626 626 73 73 62 62 625 625 397 397 626 626 624 624 377 377 625 625 622 622 373 373 623 623 627 627 463 463 477 477 628 628 627 627 477 477 72 72 628 628 69 69 463 463 623 623 464 464 623 623 466 466 464 464 627 627 622 622 623 623 69 69 628 628 477 477 465 465 625 625 626 626 465 465 626 626 62 62 628 628 621 621 627 627 621 621 622 622 627 627 624 624 625 625 629 629 628 628 72 72 620 620 537 537 358 358 536 536 548 548 349 349 547 547 547 547 350 350 537 537 536 536 358 358 630 630 546 546 346 346 550 550 545 545 344 344 549 549 549 549 343 343 546 546 344 344 545 545 631 631 413 413 412 412 632 632 632 632 411 411 413 413 411 411 632 632 363 363 363 363 630 630 362 362 362 362 630 630 361 361 360 360 630 630 359 359 359 359 630 630 358 358 630 630 360 360 361 361 363 363 632 632 630 630 501 501 502 502 632 632 632 632 503 503 630 630 502 502 503 503 632 632 500 500 501 501 632 632 535 535 630 630 534 534 503 503 534 534 630 630 536 536 630 630 535 535 491 491 423 423 490 490 493 493 432 432 492 492 430 430 491 491 492 492 490 490 423 423 633 633 499 499 426 426 494 494 500 500 428 428 499 499 412 412 500 500 632 632 633 633 423 423 407 407 633 633 406 406 417 417 633 633 420 420 383 383 633 633 417 417 420 420 633 633 407 407 406 406 490 490 633 633 484 484 485 485 484 484 633 633 633 633 486 486 485 485 633 633 481 481 483 483 483 483 486 486 633 633 479 479 481 481 633 633 634 634 633 633 383 383 634 634 382 382 381 381 634 634 381 381 380 380 634 634 379 379 378 378 378 378 398 398 634 634 380 380 379 379 634 634 633 633 634 634 479 479 634 634 462 462 479 479 634 634 460 460 462 462 634 634 459 459 461 461 634 634 457 457 458 458 458 458 459 459 634 634 461 461 460 460 634 634 382 382 634 634 383 383 453 453 387 387 456 456 448 448 392 392 449 449 449 449 385 385 453 453 456 456 387 387 635 635 450 450 393 393 451 451 399 399 450 450 457 457 398 398 457 457 634 634 392 392 451 451 393 393 635 635 467 467 456 456 473 473 471 471 635 635 467 467 635 635 471 471 635 635 474 474 473 473 474 474 635 635 476 476 476 476 636 636 478 478 478 478 636 636 504 504 505 505 636 636 507 507 636 636 519 519 507 507 636 636 505 505 504 504 476 476 635 635 636 636 367 367 366 366 635 635 364 364 365 365 635 635 635 635 328 328 636 636 365 365 328 328 635 635 366 366 364 364 635 635 327 327 636 636 326 326 328 328 326 326 636 636 323 323 636 636 327 327 636 636 323 323 320 320 636 636 310 310 307 307 636 636 320 320 310 310 387 387 367 367 635 635 525 525 298 298 297 297 297 297 526 526 525 525 526 526 311 311 528 528 528 528 312 312 637 637 521 521 301 301 524 524 302 302 521 521 520 520 307 307 520 520 519 519 298 298 524 524 301 301 637 637 312 312 314 314 637 637 313 313 315 315 637 637 316 316 331 331 637 637 315 315 316 316 637 637 314 314 313 313 528 528 637 637 518 518 637 637 514 514 518 518 637 637 516 516 515 515 515 515 514 514 637 637 517 517 516 516 637 637 631 631 637 637 331 331 631 631 332 332 335 335 631 631 335 335 336 336 338 338 344 344 631 631 336 336 338 338 631 631 637 637 631 631 517 517 631 631 542 542 517 517 631 631 538 538 542 542 631 631 532 532 531 531 631 631 545 545 532 532 531 531 538 538 631 631 332 332 631 631 331 331 639 639 642 642 641 641 638 638 640 640 639 639 643 643 644 644 645 645 641 641 644 644 643 643 644 644 689 689 645 645 756 756 646 646 638 638 648 648 651 651 650 650 647 647 649 649 648 648 652 652 653 653 654 654 650 650 653 653 652 652 653 653 699 699 654 654 764 764 655 655 647 647 657 657 660 660 659 659 659 659 663 663 661 661 661 661 663 663 662 662 666 666 657 657 656 656 662 662 664 664 665 665 665 665 664 664 716 716 668 668 671 671 670 670 670 670 673 673 726 726 726 726 673 673 672 672 676 676 668 668 667 667 672 672 674 674 675 675 675 675 674 674 708 708 684 684 715 715 686 686 688 688 687 687 689 689 690 690 687 687 691 691 692 692 689 689 687 687 690 690 692 692 687 687 690 690 691 691 694 694 644 644 642 642 688 688 642 642 640 640 688 688 644 644 688 688 689 689 695 695 677 677 646 646 677 677 695 695 694 694 694 694 693 693 677 677 693 693 694 694 691 691 640 640 677 677 678 678 640 640 646 646 677 677 688 688 640 640 678 678 680 680 696 696 678 678 678 678 696 696 697 697 697 697 698 698 699 699 697 697 696 696 698 698 697 697 653 653 700 700 651 651 700 700 653 653 699 699 653 653 697 697 702 702 703 703 701 701 649 649 701 701 651 651 701 701 700 700 651 651 701 701 649 649 655 655 705 705 704 704 680 680 680 680 704 704 696 696 680 680 655 655 705 705 679 679 702 702 655 655 702 702 679 679 673 673 655 655 702 702 701 701 706 706 702 702 673 673 683 683 685 685 682 682 683 683 707 707 685 685 673 673 685 685 674 674 708 708 674 674 685 685 708 708 685 685 707 707 710 710 707 707 683 683 710 710 711 711 712 712 709 709 711 711 710 710 676 676 712 712 711 711 683 683 709 709 710 710 669 669 676 676 711 711 713 713 673 673 671 671 671 671 669 669 713 713 713 713 714 714 673 673 669 669 711 711 713 713 717 717 686 686 720 720 716 716 664 664 686 686 686 686 717 717 716 716 718 718 664 664 663 663 684 684 664 664 719 719 718 718 719 719 664 664 721 721 723 723 722 722 722 722 720 720 721 721 715 715 720 720 686 686 720 720 715 715 721 721 666 666 723 723 721 721 718 718 724 724 719 719 660 660 725 725 718 718 660 660 718 718 663 663 666 666 725 725 658 658 660 660 658 658 725 725 666 666 721 721 725 725 753 753 757 757 735 735 736 736 739 739 737 737 667 667 737 737 738 738 739 739 736 736 740 740 739 739 740 740 743 743 739 739 738 738 737 737 741 741 726 726 728 728 728 728 742 742 744 744 741 741 668 668 670 670 737 737 668 668 741 741 668 668 737 737 667 667 741 741 670 670 726 726 742 742 727 727 740 740 675 675 743 743 727 727 740 740 727 727 743 743 675 675 727 727 672 672 672 672 727 727 726 726 731 731 745 745 730 730 730 730 745 745 746 746 746 746 745 745 747 747 656 656 746 746 747 747 746 746 657 657 748 748 659 659 748 748 657 657 656 656 657 657 746 746 750 750 751 751 749 749 661 661 749 749 659 659 749 749 748 748 659 659 665 665 752 752 731 731 752 752 745 745 731 731 665 665 731 731 662 662 749 749 662 662 750 750 662 662 749 749 661 661 756 756 734 734 754 754 734 734 755 755 754 754 734 734 639 639 729 729 638 638 639 639 734 734 638 638 734 734 756 756 759 759 758 758 760 760 754 754 755 755 759 759 645 645 761 761 643 643 760 760 761 761 645 645 760 760 758 758 761 761 758 758 759 759 755 755 641 641 762 762 639 639 643 643 761 761 641 641 761 761 762 762 641 641 762 762 733 733 729 729 639 639 762 762 729 729 735 735 764 764 647 647 735 735 763 763 764 764 766 766 765 765 647 647 648 648 766 766 647 647 769 769 768 768 767 767 768 768 763 763 735 735 757 757 768 768 735 735 768 768 757 757 767 767 654 654 769 769 767 767 766 766 648 648 650 650 766 766 770 770 765 765 650 650 771 771 766 766 652 652 654 654 767 767 650 650 652 652 771 771 652 652 767 767 771 771 675 675 707 707 743 743 743 743 710 710 739 739 712 712 667 667 738 738 739 739 712 712 738 738 665 665 717 717 752 752 752 752 720 720 745 745 747 747 723 723 656 656 745 745 722 722 747 747 723 723 666 666 656 656 769 769 696 696 768 768 768 768 704 704 763 763 763 763 705 705 764 764 699 699 769 769 654 654 764 764 705 705 655 655 759 759 694 694 754 754 760 760 690 690 759 759 754 754 695 695 756 756 695 695 646 646 756 756 645 645 689 689 760 760 701 701 771 771 700 700 761 761 687 687 688 688 733 733 688 688 678 678 697 697 757 757 678 678 771 771 697 697 700 700 755 755 687 687 758 758 740 740 683 683 742 742 742 742 681 681 732 732 732 732 693 693 755 755 736 736 683 683 740 740 721 721 748 748 725 725 715 715 746 746 721 721 714 714 744 744 715 715 711 711 741 741 713 713 736 736 711 711 709 709 713 713 728 728 714 714 725 725 749 749 718 718 724 724 749 749 751 751 724 724 750 750 719 719 719 719 750 750 684 684 706 706 765 765 702 702 702 702 770 770 703 703 684 684 753 753 706 706 703 703 766 766 701 701 772 772 782 782 773 773 774 774 776 776 777 777 774 774 778 778 772 772 775 775 780 780 781 781 772 772 778 778 782 782 781 781 776 776 775 775 780 780 779 779 783 783 783 783 779 779 784 784 785 785 784 784 779 779 785 785 786 786 784 784 787 787 789 789 790 790 787 787 792 792 785 785 788 788 791 791 793 793 785 785 792 792 786 786 787 787 790 790 792 792 788 788 793 793 789 789 796 796 797 797 794 794 798 798 796 796 795 795 796 796 798 798 801 801 799 799 801 801 798 798 799 799 800 800 801 801 797 797 850 850 794 794 803 803 799 799 802 802 805 805 802 802 804 804 806 806 805 805 804 804 806 806 824 824 828 828 810 810 823 823 809 809 811 811 810 810 809 809 823 823 810 810 869 869 812 812 814 814 813 813 815 815 813 813 814 814 815 815 816 816 817 817 819 819 820 820 818 818 867 867 817 817 816 816 818 818 867 867 816 816 823 823 870 870 821 821 814 814 816 816 815 815 818 818 814 814 819 819 818 818 816 816 814 814 821 821 814 814 811 811 811 811 823 823 821 821 814 814 821 821 819 819 811 811 809 809 823 823 825 825 827 827 824 824 829 829 830 830 857 857 832 832 834 834 831 831 835 835 833 833 832 832 831 831 830 830 868 868 829 829 826 826 825 825 838 838 840 840 837 837 842 842 843 843 841 841 841 841 839 839 838 838 844 844 846 846 847 847 850 850 848 848 794 794 845 845 849 849 846 846 842 842 847 847 851 851 849 849 848 848 850 850 836 836 837 837 840 840 846 846 849 849 850 850 846 846 850 850 851 851 782 782 851 851 850 850 778 778 851 851 782 782 797 797 855 855 850 850 801 801 797 797 796 796 852 852 801 801 853 853 852 852 797 797 801 801 855 855 782 782 850 850 797 797 854 854 855 855 797 797 852 852 854 854 846 846 851 851 847 847 851 851 778 778 777 777 777 777 776 776 851 851 856 856 839 839 843 843 851 851 856 856 843 843 776 776 781 781 856 856 839 839 856 856 840 840 856 856 851 851 776 776 786 786 857 857 856 856 856 856 783 783 784 784 856 856 780 780 783 783 833 833 836 836 856 856 856 856 836 836 840 840 786 786 856 856 784 784 856 856 834 834 833 833 792 792 857 857 786 786 834 834 856 856 857 857 780 780 856 856 781 781 853 853 801 801 858 858 801 801 800 800 861 861 859 859 801 801 861 861 801 801 859 859 858 858 860 860 803 803 862 862 803 803 860 860 861 861 805 805 803 803 807 807 863 863 862 862 803 803 864 864 863 863 803 803 805 805 864 864 803 803 864 864 805 805 865 865 800 800 803 803 861 861 857 857 790 790 789 789 857 857 830 830 834 834 826 826 857 857 793 793 793 793 827 827 826 826 793 793 857 857 789 789 857 857 792 792 790 790 866 866 828 828 793 793 866 866 865 865 805 805 805 805 828 828 866 866 808 808 828 828 805 805 827 827 793 793 828 828 813 813 804 804 802 802 810 810 812 812 799 799 812 812 813 813 799 799 799 799 813 813 802 802 824 824 806 806 804 804 817 817 824 824 804 804 817 817 867 867 824 824 829 829 825 825 867 867 867 867 825 825 824 824 868 868 867 867 820 820 868 868 829 829 867 867 804 804 813 813 817 817 798 798 810 810 799 799 810 810 798 798 869 869 869 869 798 798 794 794 848 848 869 869 794 794 869 869 845 845 870 870 848 848 845 845 869 869 844 844 870 870 845 845 794 794 798 798 795 795 868 868 820 820 822 822 832 832 831 831 868 868 835 835 832 832 822 822 868 868 822 822 832 832 841 841 870 870 842 842 842 842 870 870 844 844 870 870 837 837 822 822 835 835 822 822 837 837 838 838 837 837 870 870 838 838 870 870 841 841 791 791 866 866 793 793 871 871 866 866 791 791 872 872 863 863 864 864 872 872 865 865 871 871 873 873 860 860 862 862 871 871 865 865 866 866 862 862 863 863 873 873 860 860 874 874 861 861 861 861 874 874 859 859 875 875 859 859 874 874 875 875 858 858 859 859 877 877 854 854 876 876 876 876 853 853 875 875 877 877 773 773 855 855 875 875 853 853 858 858 773 773 782 782 855 855 854 854 852 852 876 876 773 773 774 774 772 772 773 773 787 787 775 775 791 791 773 773 877 877 775 775 774 774 773 773 775 775 785 785 779 779 785 785 775 775 787 787 791 791 877 877 876 876 873 873 875 875 874 874 876 876 873 873 791 791 872 872 791 791 873 873 788 788 787 787 773 773 788 788 773 773 791 791 791 791 872 872 871 871 873 873 876 876 875 875 880 880 881 881 882 882 878 878 881 881 880 880 882 882 883 883 884 884 884 884 886 886 888 888 886 886 887 887 888 888 890 890 892 892 891 891 891 891 894 894 893 893 893 893 895 895 896 896 896 896 897 897 898 898 900 900 902 902 903 903 898 898 901 901 900 900 903 903 902 902 905 905 904 904 892 892 890 890 908 908 906 906 909 909 907 907 908 908 909 909 909 909 901 901 907 907 907 907 897 897 910 910 905 905 909 909 906 906 904 904 912 912 913 913 905 905 902 902 909 909 902 902 901 901 909 909 897 897 895 895 910 910 901 901 899 899 907 907 911 911 894 894 892 892 913 913 892 892 904 904 911 911 915 915 910 910 913 913 914 914 911 911 910 910 916 916 908 908 908 908 917 917 906 906 918 918 913 913 912 912 906 906 917 917 1320 1320 919 919 921 921 920 920 920 920 922 922 923 923 923 923 925 925 924 924 924 924 928 928 926 926 926 926 928 928 927 927 930 930 931 931 929 929 927 927 931 931 930 930 932 932 933 933 934 934 929 929 933 933 932 932 934 934 935 935 936 936 948 948 935 935 938 938 937 937 941 941 942 942 940 940 921 921 942 942 938 938 933 933 931 931 939 939 931 931 928 928 939 939 928 928 925 925 940 940 925 925 922 922 942 942 921 921 937 937 942 942 943 943 940 940 940 940 944 944 939 939 939 939 946 946 938 938 949 949 942 942 941 941 938 938 947 947 948 948 948 948 947 947 1362 1362 951 951 952 952 953 953 953 953 956 956 955 955 957 957 951 951 950 950 955 955 956 956 1608 1608 1608 1608 956 956 1325 1325 958 958 960 960 961 961 964 964 1604 1604 962 962 961 961 963 963 962 962 965 965 959 959 958 958 966 966 968 968 969 969 970 970 972 972 1600 1600 969 969 971 971 970 970 972 972 1354 1354 1600 1600 973 973 967 967 966 966 976 976 980 980 978 978 974 974 977 977 976 976 981 981 982 982 979 979 978 978 980 980 979 979 983 983 975 975 974 974 984 984 985 985 1010 1010 985 985 984 984 987 987 985 985 988 988 989 989 992 992 993 993 991 991 989 989 994 994 992 992 997 997 995 995 991 991 991 991 993 993 997 997 998 998 993 993 999 999 1000 1000 994 994 1001 1001 999 999 996 996 1000 1000 1002 1002 988 988 1003 1003 1004 1004 987 987 1005 1005 1003 1003 986 986 1004 1004 1001 1001 990 990 1002 1002 991 991 1006 1006 992 992 992 992 1007 1007 989 989 989 989 1008 1008 985 985 1011 1011 991 991 995 995 985 985 1009 1009 1010 1010 1010 1010 1009 1009 1271 1271 1016 1016 1018 1018 1015 1015 1012 1012 1017 1017 1016 1016 1020 1020 1022 1022 1019 1019 1024 1024 1026 1026 1023 1023 1019 1019 1025 1025 1024 1024 1015 1015 1021 1021 1020 1020 1031 1031 1033 1033 1030 1030 1027 1027 1032 1032 1031 1031 1035 1035 1037 1037 1034 1034 1038 1038 1040 1040 1041 1041 1034 1034 1039 1039 1038 1038 1030 1030 1036 1036 1035 1035 1023 1023 1028 1028 1027 1027 1068 1068 1044 1044 1043 1043 1046 1046 1047 1047 1043 1043 1047 1047 1049 1049 1053 1053 1050 1050 1051 1051 1052 1052 1053 1053 1054 1054 1052 1052 1043 1043 1045 1045 1046 1046 1047 1047 1046 1046 1048 1048 1052 1052 1054 1054 1050 1050 1053 1053 1055 1055 1054 1054 1056 1056 1054 1054 1057 1057 1058 1058 1049 1049 1059 1059 1057 1057 1055 1055 1058 1058 1060 1060 1046 1046 1061 1061 1062 1062 1044 1044 1063 1063 1061 1061 1045 1045 1062 1062 1059 1059 1048 1048 1060 1060 1052 1052 1064 1064 1053 1053 1053 1053 1065 1065 1047 1047 1047 1047 1066 1066 1043 1043 1069 1069 1052 1052 1051 1051 1043 1043 1067 1067 1068 1068 1068 1068 1067 1067 1333 1333 1094 1094 1072 1072 1070 1070 1070 1070 1073 1073 1074 1074 1076 1076 1077 1077 1078 1078 1072 1072 1071 1071 1070 1070 1074 1074 1073 1073 1081 1081 1075 1075 1081 1081 1080 1080 1078 1078 1079 1079 1076 1076 1075 1075 1080 1080 1079 1079 1082 1082 1079 1079 1083 1083 1084 1084 1081 1081 1085 1085 1083 1083 1080 1080 1084 1084 1086 1086 1073 1073 1087 1087 1088 1088 1072 1072 1089 1089 1087 1087 1071 1071 1088 1088 1085 1085 1081 1081 1086 1086 1078 1078 1090 1090 1075 1075 1075 1075 1091 1091 1074 1074 1074 1074 1092 1092 1070 1070 1095 1095 1078 1078 1077 1077 1070 1070 1093 1093 1094 1094 1094 1094 1093 1093 1249 1249 1537 1537 1096 1096 1120 1120 1096 1096 1537 1537 1098 1098 1103 1103 1104 1104 1102 1102 1108 1108 1106 1106 1102 1102 1102 1102 1104 1104 1108 1108 1096 1096 1098 1098 1097 1097 1096 1096 1097 1097 1099 1099 1100 1100 1101 1101 1105 1105 1406 1406 1104 1104 1109 1109 1110 1110 1105 1105 1111 1111 1109 1109 1107 1107 1110 1110 1112 1112 1099 1099 1113 1113 1114 1114 1098 1098 1115 1115 1113 1113 1097 1097 1114 1114 1111 1111 1101 1101 1112 1112 1102 1102 1116 1116 1103 1103 1103 1103 1117 1117 1100 1100 1100 1100 1118 1118 1096 1096 1121 1121 1102 1102 1106 1106 1096 1096 1119 1119 1120 1120 1120 1120 1119 1119 1372 1372 1327 1327 1124 1124 1123 1123 1125 1125 1128 1128 1127 1127 1123 1123 1126 1126 1125 1125 1129 1129 1132 1132 1131 1131 1133 1133 1136 1136 1135 1135 1131 1131 1134 1134 1133 1133 1127 1127 1130 1130 1129 1129 1137 1137 1141 1141 1140 1140 1142 1142 1145 1145 1144 1144 1140 1140 1143 1143 1142 1142 1146 1146 1149 1149 1148 1148 1150 1150 1153 1153 1152 1152 1148 1148 1151 1151 1150 1150 1144 1144 1147 1147 1146 1146 1135 1135 1138 1138 1137 1137 1154 1154 1157 1157 1156 1156 1158 1158 1161 1161 1160 1160 1156 1156 1159 1159 1158 1158 1163 1163 1166 1166 1165 1165 1170 1170 1171 1171 1169 1169 1167 1167 1171 1171 1170 1170 1165 1165 1168 1168 1167 1167 1160 1160 1164 1164 1163 1163 1172 1172 1175 1175 1174 1174 1176 1176 1179 1179 1178 1178 1174 1174 1177 1177 1176 1176 1180 1180 1184 1184 1183 1183 1187 1187 1190 1190 1189 1189 1185 1185 1188 1188 1187 1187 1183 1183 1186 1186 1185 1185 1178 1178 1181 1181 1180 1180 1169 1169 1173 1173 1172 1172 1152 1152 1155 1155 1154 1154 1194 1194 1196 1196 1193 1193 1191 1191 1195 1195 1194 1194 1198 1198 1200 1200 1197 1197 1193 1193 1199 1199 1198 1198 1197 1197 1202 1202 1201 1201 1201 1201 1202 1202 1203 1203 1203 1203 1204 1204 1206 1206 1206 1206 1208 1208 1205 1205 1210 1210 1212 1212 1209 1209 1209 1209 1214 1214 1213 1213 1205 1205 1211 1211 1210 1210 1191 1191 1192 1192 1218 1218 1213 1213 1215 1215 1216 1216 1216 1216 1215 1215 1217 1217 1221 1221 1223 1223 1220 1220 1219 1219 1222 1222 1221 1221 1225 1225 1227 1227 1224 1224 1220 1220 1226 1226 1225 1225 1224 1224 1229 1229 1228 1228 1228 1228 1231 1231 1230 1230 1230 1230 1234 1234 1233 1233 1233 1233 1235 1235 1232 1232 1237 1237 1239 1239 1236 1236 1236 1236 1241 1241 1240 1240 1232 1232 1238 1238 1237 1237 1219 1219 1216 1216 1217 1217 1240 1240 1242 1242 1192 1192 1192 1192 1242 1242 1218 1218 1243 1243 1245 1245 1244 1244 1246 1246 1247 1247 1248 1248 1245 1245 1248 1248 1247 1247 1249 1249 1250 1250 1243 1243 1250 1250 1280 1280 1251 1251 1253 1253 1254 1254 1255 1255 1255 1255 1254 1254 1256 1256 1251 1251 1252 1252 1253 1253 1246 1246 1258 1258 1259 1259 1246 1246 1259 1259 1247 1247 1260 1260 1095 1095 1258 1258 1258 1258 1095 1095 1259 1259 1254 1254 1253 1253 1261 1261 1261 1261 1253 1253 1252 1252 1244 1244 1249 1249 1243 1243 1247 1247 1244 1244 1245 1245 1264 1264 1265 1265 1011 1011 1262 1262 1011 1011 1265 1265 1266 1266 1265 1265 1264 1264 1273 1273 1262 1262 1267 1267 1266 1266 1268 1268 1265 1265 1269 1269 1265 1265 1268 1268 1269 1269 1270 1270 1271 1271 1269 1269 1268 1268 1270 1270 1267 1267 1272 1272 1273 1273 1011 1011 1262 1262 1274 1274 1006 1006 1011 1011 1274 1274 1239 1239 1269 1269 1271 1271 1218 1218 1008 1008 1007 1007 1276 1276 1007 1007 1006 1006 1009 1009 1239 1239 1271 1271 1277 1277 1262 1262 1273 1273 1272 1272 1267 1267 1255 1255 1272 1272 1255 1255 1256 1256 1009 1009 1008 1008 1241 1241 1278 1278 1095 1095 1260 1260 1090 1090 1095 1095 1278 1278 1279 1279 1091 1091 1278 1278 1092 1092 1279 1279 1283 1283 1280 1280 1250 1250 1093 1093 1092 1092 1091 1091 1279 1279 1091 1091 1090 1090 1278 1278 1093 1093 1092 1092 1282 1282 1283 1283 1279 1279 1285 1285 1288 1288 1287 1287 1285 1285 1286 1286 1285 1285 1287 1287 1290 1290 1289 1289 1285 1285 1285 1285 1286 1286 1291 1291 1285 1285 1291 1291 1284 1284 1284 1284 1290 1290 1285 1285 1285 1285 1289 1289 1283 1283 1292 1292 1257 1257 1251 1251 1294 1294 1293 1293 1251 1251 1292 1292 1251 1251 1293 1293 1262 1262 1263 1263 1274 1274 1262 1262 1277 1277 1263 1263 1257 1257 1252 1252 1251 1251 1093 1093 1282 1282 1280 1280 1092 1092 1281 1281 1282 1282 1092 1092 1283 1283 1281 1281 1007 1007 1276 1276 1275 1275 1275 1275 1295 1295 1195 1195 1218 1218 1007 1007 1275 1275 1294 1294 1251 1251 1280 1280 1006 1006 1274 1274 1276 1276 1249 1249 1093 1093 1250 1250 1296 1296 1200 1200 1295 1295 1009 1009 1241 1241 1239 1239 1008 1008 1242 1242 1241 1241 1195 1195 1218 1218 1275 1275 1218 1218 1242 1242 1008 1008 1234 1234 1231 1231 1297 1297 1235 1235 1234 1234 1269 1269 1269 1269 1234 1234 1297 1297 1235 1235 1269 1269 1238 1238 1269 1269 1239 1239 1238 1238 1199 1199 1196 1196 1295 1295 1200 1200 1199 1199 1295 1295 1200 1200 1296 1296 1202 1202 1196 1196 1195 1195 1295 1295 1299 1299 1204 1204 1298 1298 1299 1299 1300 1300 1301 1301 1298 1298 1204 1204 1202 1202 1299 1299 1301 1301 1204 1204 1298 1298 1202 1202 1296 1296 1302 1302 1297 1297 1229 1229 1231 1231 1229 1229 1297 1297 1227 1227 1302 1302 1229 1229 1226 1226 1303 1303 1227 1227 1303 1303 1302 1302 1227 1227 1223 1223 1304 1304 1226 1226 1305 1305 1226 1226 1304 1304 1226 1226 1305 1305 1303 1303 1307 1307 1222 1222 1217 1217 1222 1222 1307 1307 1306 1306 1223 1223 1306 1306 1304 1304 1222 1222 1306 1306 1223 1223 1208 1208 1301 1301 1211 1211 1211 1211 1301 1301 1212 1212 1207 1207 1204 1204 1301 1301 1208 1208 1207 1207 1301 1301 1308 1308 1311 1311 1301 1301 1215 1215 1307 1307 1217 1217 1214 1214 1307 1307 1215 1215 1307 1307 1214 1214 1301 1301 1301 1301 1214 1214 1212 1212 1308 1308 1301 1301 1300 1300 1308 1308 1309 1309 1311 1311 918 918 1309 1309 1310 1310 918 918 1310 1310 914 914 915 915 914 914 1310 1310 1312 1312 1311 1311 1313 1313 1312 1312 1301 1301 1311 1311 1310 1310 1316 1316 915 915 1310 1310 1315 1315 1316 1316 1317 1317 959 959 1315 1315 1316 1316 1315 1315 959 959 915 915 1316 1316 1318 1318 960 960 959 959 1317 1317 1319 1319 960 960 1317 1317 915 915 1318 1318 916 916 916 916 1318 1318 1314 1314 917 917 1312 1312 1320 1320 1314 1314 917 917 916 916 1322 1322 1312 1312 1314 1314 917 917 1314 1314 1312 1312 1321 1321 1312 1312 1322 1322 1321 1321 1322 1322 964 964 963 963 1321 1321 964 964 963 963 1323 1323 1321 1321 1323 1323 963 963 1319 1319 1313 1313 1320 1320 1312 1312 960 960 1319 1319 963 963 957 957 1317 1317 952 952 1319 1319 1317 1317 1324 1324 1321 1321 1323 1323 1325 1325 1321 1321 1325 1325 956 956 1324 1324 1317 1317 957 957 1326 1326 1321 1321 956 956 1309 1309 1308 1308 1310 1310 1288 1288 1328 1328 1189 1189 1187 1187 1189 1189 1328 1328 1328 1328 1329 1329 1187 1187 1329 1329 1185 1185 1187 1187 1329 1329 1183 1183 1185 1185 1329 1329 1180 1180 1183 1183 1285 1285 1328 1328 1288 1288 1178 1178 1180 1180 1329 1329 1178 1178 1329 1329 1176 1176 1330 1330 1331 1331 1329 1329 1330 1330 1332 1332 1331 1331 1334 1334 884 884 888 888 888 888 1332 1332 1330 1330 888 888 1330 1330 1335 1335 1331 1331 1174 1174 1329 1329 1174 1174 1176 1176 1329 1329 1174 1174 1331 1331 1336 1336 1337 1337 1172 1172 1336 1336 1336 1336 1172 1172 1174 1174 1169 1169 879 879 1170 1170 878 878 1167 1167 1170 1170 1337 1337 1169 1169 1172 1172 1167 1167 878 878 1338 1338 879 879 878 878 1170 1170 880 880 882 882 1339 1339 1339 1339 878 878 880 880 1338 1338 1165 1165 1167 1167 1144 1144 1348 1348 1142 1142 1337 1337 879 879 1169 1169 1142 1142 1348 1348 1140 1140 882 882 884 884 1333 1333 1335 1335 1341 1341 1340 1340 1340 1340 1342 1342 1069 1069 1341 1341 1342 1342 1340 1340 1335 1335 1334 1334 888 888 882 882 1067 1067 1339 1339 1333 1333 1067 1067 882 882 1334 1334 1333 1333 884 884 1343 1343 1344 1344 1069 1069 1064 1064 1069 1069 1344 1344 1345 1345 1065 1065 1344 1344 1064 1064 1344 1344 1065 1065 1346 1346 1065 1065 1345 1345 1339 1339 1067 1067 1347 1347 1066 1066 1065 1065 1346 1346 1346 1346 1347 1347 1066 1066 1066 1066 1347 1347 1067 1067 1343 1343 1069 1069 1342 1342 878 878 1339 1339 1338 1338 1338 1338 1160 1160 1163 1163 1338 1338 1158 1158 1160 1160 1348 1348 1146 1146 1148 1148 1348 1348 1148 1148 1150 1150 1156 1156 1158 1158 1338 1338 1156 1156 1349 1349 1154 1154 1338 1338 1163 1163 1165 1165 1338 1338 1349 1349 1156 1156 1349 1349 1152 1152 1154 1154 1152 1152 1349 1349 1348 1348 1348 1348 1150 1150 1152 1152 1144 1144 1146 1146 1348 1348 1335 1335 1330 1330 1341 1341 1133 1133 1350 1350 1131 1131 975 975 1351 1351 1133 1133 975 975 1133 1133 1355 1355 1131 1131 1350 1350 1353 1353 1354 1354 977 977 975 975 1351 1351 1350 1350 1133 1133 1133 1133 1356 1356 1355 1355 967 967 1356 1356 1133 1133 975 975 1352 1352 1354 1354 980 980 977 977 1354 1354 1362 1362 980 980 972 972 975 975 1355 1355 1352 1352 1133 1133 1135 1135 967 967 972 972 980 980 1354 1354 1360 1360 1358 1358 1125 1125 1358 1358 1123 1123 1125 1125 1327 1327 954 954 952 952 1327 1327 1326 1326 954 954 1123 1123 1326 1326 1327 1327 1326 1326 1123 1123 1358 1358 956 956 954 954 1326 1326 1360 1360 1125 1125 1127 1127 952 952 1317 1317 1327 1327 1359 1359 1131 1131 1353 1353 1359 1359 1360 1360 1131 1131 1361 1361 981 981 980 980 1129 1129 1360 1360 1127 1127 1129 1129 1131 1131 1360 1360 1361 1361 1360 1360 1359 1359 1361 1361 1359 1359 981 981 1361 1361 980 980 1362 1362 1362 1362 972 972 971 971 1357 1357 1135 1135 1363 1363 1363 1363 1135 1135 949 949 1364 1364 971 971 968 968 968 968 1357 1357 1364 1364 1364 1364 1362 1362 971 971 968 968 967 967 1357 1357 1135 1135 1357 1357 967 967 1137 1137 943 943 949 949 1348 1348 1365 1365 1140 1140 1366 1366 1137 1137 1140 1140 943 943 1137 1137 1366 1366 1367 1367 1362 1362 947 947 943 943 1366 1366 944 944 945 945 1368 1368 946 946 1369 1369 945 945 944 944 946 946 1367 1367 947 947 1365 1365 1366 1366 1140 1140 1137 1137 949 949 1135 1135 1361 1361 1362 1362 1367 1367 946 946 1370 1370 1367 1367 944 944 1366 1366 1369 1369 1121 1121 1366 1366 1365 1365 1370 1370 946 946 1368 1368 1370 1370 1371 1371 1367 1367 1371 1371 1373 1373 1372 1372 1374 1374 1371 1371 1372 1372 1371 1371 1370 1370 1373 1373 1119 1119 1375 1375 1372 1372 1369 1369 1368 1368 945 945 1376 1376 1116 1116 1121 1121 1376 1376 1117 1117 1116 1116 1376 1376 1377 1377 1117 1117 1375 1375 1374 1374 1372 1372 1119 1119 1118 1118 1378 1378 1118 1118 1379 1379 1378 1378 1375 1375 1119 1119 1378 1378 1118 1118 1117 1117 1379 1379 1379 1379 1117 1117 1377 1377 1365 1365 1376 1376 1121 1121 1380 1380 1381 1381 1059 1059 1382 1382 1058 1058 1381 1381 1383 1383 1057 1057 1382 1382 1058 1058 1059 1059 1381 1381 1057 1057 1058 1058 1382 1382 1059 1059 1060 1060 1380 1380 1384 1384 1380 1380 1060 1060 1384 1384 1060 1060 1061 1061 1061 1061 1062 1062 1384 1384 1057 1057 1383 1383 1056 1056 1056 1056 1385 1385 1387 1387 1386 1386 1387 1387 1385 1385 1393 1393 1389 1389 883 883 1386 1386 1388 1388 1387 1387 1056 1056 1383 1383 1385 1385 1390 1390 1159 1159 1157 1157 1063 1063 1390 1390 1384 1384 1153 1153 1391 1391 1392 1392 1155 1155 1153 1153 1392 1392 1392 1392 1157 1157 1155 1155 1157 1157 1392 1392 1390 1390 1151 1151 1391 1391 1153 1153 1390 1390 1063 1063 881 881 1162 1162 1390 1390 1164 1164 1393 1393 883 883 1063 1063 1390 1390 1162 1162 1161 1161 1405 1405 1391 1391 1149 1149 1159 1159 1390 1390 1161 1161 1391 1391 1151 1151 1149 1149 1063 1063 1384 1384 1062 1062 1394 1394 1402 1402 887 887 1394 1394 1386 1386 1396 1396 1394 1394 1396 1396 1402 1402 887 887 1395 1395 1394 1394 1179 1179 1396 1396 1181 1181 887 887 886 886 1395 1395 1386 1386 1394 1394 1388 1388 1397 1397 1188 1188 1396 1396 1398 1398 1190 1190 1397 1397 1188 1188 1397 1397 1190 1190 1396 1396 1184 1184 1182 1182 1399 1399 1400 1400 1398 1398 1396 1396 1188 1188 1186 1186 1186 1186 1184 1184 1396 1396 1399 1399 1398 1398 1397 1397 1181 1181 1396 1396 1182 1182 1395 1395 886 886 885 885 883 883 1389 1389 885 885 1390 1390 881 881 889 889 1390 1390 1166 1166 1164 1164 1390 1390 1168 1168 1166 1166 1401 1401 1171 1171 889 889 889 889 1168 1168 1390 1390 881 881 1063 1063 883 883 1396 1396 1403 1403 1402 1402 1404 1404 1403 1403 1173 1173 1403 1403 1396 1396 1177 1177 1171 1171 1168 1168 889 889 1403 1403 1177 1177 1175 1175 1403 1403 1175 1175 1173 1173 1171 1171 1401 1401 1173 1173 1401 1401 1404 1404 1173 1173 1396 1396 1179 1179 1177 1177 1395 1395 885 885 1389 1389 1406 1406 1405 1405 1141 1141 1141 1141 1407 1407 1406 1406 1111 1111 1408 1408 1405 1405 1405 1405 1110 1110 1111 1111 1109 1109 1110 1110 1405 1405 1109 1109 1405 1405 1406 1406 1147 1147 1145 1145 1405 1405 1143 1143 1141 1141 1405 1405 1145 1145 1143 1143 1405 1405 926 926 1409 1409 1410 1410 1409 1409 927 927 1411 1411 1410 1410 924 924 926 926 929 929 1412 1412 1413 1413 1411 1411 930 930 1413 1413 1139 1139 923 923 1141 1141 924 924 1410 1410 1407 1407 923 923 1407 1407 1141 1141 1147 1147 1405 1405 1149 1149 1111 1111 1112 1112 1414 1414 1112 1112 1415 1415 1414 1414 1408 1408 1111 1111 1414 1414 1113 1113 1415 1415 1112 1112 1416 1416 1417 1417 1114 1114 1113 1113 1417 1417 1415 1415 1114 1114 1115 1115 1416 1416 1416 1416 1115 1115 1418 1418 1417 1417 1113 1113 1114 1114 1419 1419 1422 1422 1420 1420 932 932 1421 1421 1412 1412 1419 1419 1420 1420 1421 1421 1418 1418 1422 1422 1419 1419 1115 1115 1422 1422 1418 1418 1419 1419 1421 1421 1429 1429 1429 1429 1421 1421 934 934 926 926 927 927 1409 1409 920 920 923 923 1138 1138 1138 1138 1423 1423 919 919 920 920 1138 1138 919 919 1411 1411 927 927 930 930 932 932 934 934 1421 1421 924 924 1407 1407 923 923 929 929 932 932 1412 1412 923 923 1139 1139 1138 1138 1138 1138 1136 1136 1423 1423 1423 1423 1136 1136 1424 1424 1424 1424 1136 1136 1426 1426 1134 1134 1427 1427 1425 1425 1136 1136 1425 1425 1426 1426 1425 1425 1136 1136 1134 1134 934 934 936 936 1429 1429 1134 1134 1428 1428 1427 1427 1428 1428 1134 1134 1429 1429 1429 1429 936 936 1428 1428 1132 1132 1130 1130 1429 1429 1429 1429 1134 1134 1132 1132 1429 1429 1130 1130 1128 1128 1430 1430 1126 1126 1124 1124 1431 1431 1432 1432 1433 1433 1430 1430 1128 1128 1126 1126 1429 1429 1128 1128 1430 1430 1432 1432 1430 1430 1124 1124 1433 1433 1432 1432 1122 1122 1124 1124 1122 1122 1432 1432 1431 1431 1433 1433 1434 1434 930 930 929 929 1413 1413 1399 1399 1437 1437 1435 1435 1439 1439 1435 1435 1437 1437 1443 1443 1437 1437 1086 1086 1437 1437 1438 1438 1439 1439 1086 1086 1437 1437 1085 1085 1085 1085 1437 1437 1440 1440 1083 1083 1084 1084 1440 1440 1440 1440 1441 1441 1082 1082 1440 1440 1082 1082 1083 1083 1084 1084 1085 1085 1440 1440 1086 1086 1087 1087 1443 1443 1088 1088 1442 1442 1087 1087 1089 1089 1442 1442 1088 1088 1445 1445 1438 1438 1437 1437 1436 1436 1437 1437 1443 1443 1445 1445 1437 1437 1436 1436 1444 1444 1442 1442 1089 1089 1448 1448 1446 1446 1444 1444 1443 1443 1087 1087 1442 1442 1449 1449 1448 1448 1450 1450 1451 1451 1450 1450 1448 1448 1451 1451 1448 1448 1452 1452 1446 1446 1448 1448 1449 1449 1000 1000 1454 1454 1453 1453 1455 1455 1456 1456 1457 1457 1458 1458 1456 1456 1455 1455 1455 1455 1453 1453 1458 1458 1089 1089 1448 1448 1444 1444 1454 1454 1001 1001 1447 1447 1082 1082 1441 1441 1460 1460 1459 1459 1462 1462 1460 1460 1461 1461 1464 1464 1462 1462 1441 1441 1459 1459 1460 1460 1472 1472 1465 1465 1468 1468 1468 1468 1469 1469 1472 1472 1470 1470 1469 1469 1471 1471 1463 1463 1471 1471 1464 1464 1463 1463 1470 1470 1471 1471 1463 1463 1464 1464 1461 1461 1472 1472 1469 1469 1470 1470 1465 1465 1472 1472 1448 1448 1448 1448 1467 1467 1452 1452 1461 1461 1462 1462 1459 1459 1448 1448 1466 1466 1467 1467 1474 1474 1476 1476 1477 1477 1477 1477 1473 1473 1474 1474 1476 1476 1475 1475 1478 1478 1001 1001 1454 1454 1000 1000 998 998 1453 1453 1455 1455 1453 1453 999 999 1000 1000 1478 1478 1475 1475 1457 1457 1475 1475 1476 1476 1474 1474 1455 1455 1457 1457 1475 1475 1480 1480 998 998 1455 1455 999 999 1453 1453 998 998 1479 1479 1480 1480 1455 1455 1482 1482 1481 1481 1479 1479 1481 1481 1480 1480 1479 1479 1482 1482 1479 1479 1504 1504 1466 1466 1474 1474 1473 1473 1466 1466 1473 1473 1467 1467 1089 1089 1465 1465 1448 1448 891 891 1483 1483 890 890 1484 1484 1485 1485 1483 1483 890 890 1483 1483 1485 1485 893 893 1434 1434 1483 1483 893 893 1483 1483 891 891 1484 1484 1486 1486 1485 1485 1487 1487 1026 1026 1488 1488 1487 1487 1489 1489 1032 1032 1489 1489 1033 1033 1032 1032 1037 1037 1489 1489 1490 1490 1487 1487 1032 1032 1029 1029 1491 1491 1498 1498 1492 1492 1028 1028 1026 1026 1487 1487 1491 1491 1488 1488 1498 1498 1488 1488 1026 1026 1498 1498 1028 1028 1487 1487 1029 1029 1492 1492 1498 1498 1484 1484 1026 1026 1025 1025 1498 1498 896 896 898 898 1434 1434 1434 1434 898 898 1431 1431 898 898 900 900 1431 1431 903 903 1431 1431 900 900 1493 1493 1431 1431 903 903 1494 1494 1493 1493 903 903 893 893 896 896 1434 1434 1495 1495 1486 1486 1484 1484 1496 1496 1495 1495 1498 1498 1493 1493 1494 1494 1497 1497 1496 1496 1493 1493 1497 1497 1498 1498 1495 1495 1484 1484 1493 1493 1496 1496 1498 1498 1498 1498 1025 1025 1022 1022 1039 1039 1447 1447 1040 1040 1040 1040 1447 1447 1042 1042 1042 1042 1002 1002 1003 1003 1499 1499 1042 1042 1003 1003 1004 1004 1500 1500 1003 1003 1037 1037 1036 1036 1489 1489 1039 1039 1037 1037 1490 1490 1500 1500 1004 1004 1501 1501 1500 1500 1499 1499 1003 1003 1490 1490 1447 1447 1039 1039 1447 1447 1002 1002 1042 1042 1504 1504 1479 1479 1505 1505 1502 1502 1503 1503 1505 1505 1501 1501 1005 1005 1506 1506 1005 1005 1507 1507 1502 1502 1502 1502 1507 1507 1503 1503 1479 1479 1502 1502 1505 1505 1004 1004 1005 1005 1501 1501 1502 1502 1506 1506 1005 1005 1498 1498 1022 1022 1021 1021 1508 1508 1509 1509 1510 1510 1508 1508 1510 1510 1511 1511 1018 1018 1017 1017 1498 1498 1513 1513 1014 1014 1013 1013 1513 1513 1017 1017 1014 1014 1512 1512 1509 1509 1513 1513 1508 1508 1513 1513 1509 1509 1013 1013 1512 1512 1513 1513 1017 1017 1513 1513 1498 1498 1511 1511 1510 1510 1514 1514 1021 1021 1018 1018 1498 1498 1515 1515 1506 1506 1502 1502 1516 1516 1515 1515 1502 1502 1517 1517 1518 1518 1519 1519 1518 1518 1517 1517 1520 1520 1517 1517 1519 1519 1516 1516 1502 1502 1517 1517 1516 1516 1511 1511 1514 1514 1521 1521 1522 1522 1523 1523 1524 1524 1514 1514 1524 1524 1525 1525 1524 1524 1523 1523 1525 1525 1521 1521 1514 1514 1525 1525 1523 1523 1522 1522 1517 1517 1517 1517 1522 1522 1520 1520 1489 1489 1036 1036 1033 1033 1002 1002 1447 1447 1001 1001 1435 1435 1400 1400 1399 1399 1526 1526 1243 1243 1250 1250 1526 1526 1250 1250 1251 1251 1526 1526 1253 1253 1255 1255 1526 1526 1251 1251 1253 1253 1472 1472 1526 1526 1448 1448 1526 1526 1466 1466 1448 1448 1474 1474 1466 1466 1526 1526 1527 1527 1526 1526 1255 1255 1527 1527 1267 1267 1262 1262 1527 1527 1265 1265 1269 1269 1269 1269 1297 1297 1527 1527 1262 1262 1265 1265 1527 1527 1526 1526 1527 1527 1474 1474 1527 1527 1475 1475 1474 1474 1527 1527 1455 1455 1475 1475 1527 1527 1479 1479 1455 1455 1527 1527 1517 1517 1502 1502 1502 1502 1479 1479 1527 1527 1267 1267 1527 1527 1255 1255 1528 1528 1396 1396 1386 1386 1396 1396 1528 1528 1397 1397 1397 1397 1529 1529 1399 1399 1399 1399 1529 1529 1437 1437 1437 1437 1529 1529 1440 1440 1397 1397 1528 1528 1328 1328 1330 1330 1329 1329 1528 1528 1397 1397 1328 1328 1529 1529 1329 1329 1328 1328 1528 1528 1328 1328 1285 1285 1529 1529 1529 1529 1279 1279 1278 1278 1529 1529 1285 1285 1279 1279 1341 1341 1330 1330 1528 1528 1530 1530 1376 1376 1365 1365 1530 1530 1365 1365 1348 1348 1530 1530 1348 1348 1349 1349 1530 1530 1391 1391 1405 1405 1392 1392 1391 1391 1530 1530 1531 1531 1530 1530 1349 1349 1531 1531 1338 1338 1339 1339 1339 1339 1347 1347 1531 1531 1530 1530 1531 1531 1392 1392 1531 1531 1390 1390 1392 1392 1531 1531 1384 1384 1390 1390 1338 1338 1531 1531 1349 1349 1532 1532 1367 1367 1371 1371 1532 1532 1361 1361 1367 1367 1361 1361 1532 1532 1360 1360 1532 1532 1358 1358 1360 1360 1358 1358 1532 1532 1326 1326 1326 1326 1533 1533 1321 1321 1321 1321 1533 1533 1312 1312 1301 1301 1533 1533 1307 1307 1533 1533 1301 1301 1312 1312 1326 1326 1532 1532 1533 1533 1429 1429 1430 1430 1532 1532 1532 1532 1432 1432 1533 1533 1430 1430 1432 1432 1532 1532 1493 1493 1533 1533 1431 1431 1432 1432 1431 1431 1533 1533 1498 1498 1533 1533 1493 1493 1533 1533 1498 1498 1513 1513 1419 1419 1429 1429 1532 1532 1189 1189 1398 1398 1288 1288 1287 1287 1435 1435 1286 1286 1286 1286 1439 1439 1291 1291 1288 1288 1435 1435 1287 1287 1290 1290 1445 1445 1289 1289 1284 1284 1445 1445 1290 1290 1289 1289 1436 1436 1283 1283 1283 1283 1443 1443 1281 1281 1291 1291 1438 1438 1284 1284 1281 1281 1442 1442 1282 1282 1282 1282 1444 1444 1280 1280 1294 1294 1449 1449 1293 1293 1293 1293 1450 1450 1292 1292 1280 1280 1446 1446 1294 1294 1257 1257 1452 1452 1252 1252 1261 1261 1473 1473 1254 1254 1252 1252 1467 1467 1261 1261 1292 1292 1451 1451 1257 1257 1256 1256 1476 1476 1272 1272 1273 1273 1457 1457 1277 1277 1272 1272 1478 1478 1273 1273 1263 1263 1453 1453 1274 1274 1276 1276 1447 1447 1275 1275 1275 1275 1490 1490 1295 1295 1274 1274 1454 1454 1276 1276 1277 1277 1458 1458 1263 1263 1295 1295 1489 1489 1296 1296 1296 1296 1487 1487 1298 1298 1299 1299 1491 1491 1300 1300 1298 1298 1488 1488 1299 1299 1308 1308 1483 1483 1310 1310 1315 1315 1434 1434 1317 1317 1317 1317 1433 1433 1327 1327 1310 1310 1434 1434 1315 1315 1300 1300 1484 1484 1308 1308 1254 1254 1477 1477 1256 1256 1534 1534 1373 1373 1547 1547 1535 1535 1368 1368 1545 1545 1547 1547 1370 1370 1535 1535 1536 1536 1366 1366 1106 1106 1545 1545 1369 1369 1536 1536 1366 1366 1121 1121 1106 1106 1120 1120 1372 1372 1534 1534 1115 1115 1537 1537 1422 1422 1420 1420 1540 1540 1421 1421 1422 1422 1539 1539 1420 1420 1421 1421 1542 1542 1412 1412 1413 1413 1543 1543 1411 1411 1412 1412 1542 1542 1413 1413 1409 1409 1544 1544 1410 1410 1407 1407 1544 1544 1406 1406 1410 1410 1544 1544 1407 1407 1411 1411 1543 1543 1409 1409 1108 1108 1536 1536 1106 1106 1546 1546 1545 1545 1536 1536 1108 1108 1546 1546 1536 1536 1537 1537 1120 1120 1534 1534 1547 1547 1538 1538 1534 1534 1538 1538 1537 1537 1534 1534 1544 1544 1543 1543 1546 1546 1543 1543 1542 1542 1545 1545 1539 1539 1538 1538 1547 1547 1546 1546 1108 1108 1544 1544 1548 1548 1244 1244 1549 1549 1549 1549 1247 1247 1550 1550 1550 1550 1259 1259 1551 1551 1249 1249 1548 1548 1094 1094 1551 1551 1259 1259 1077 1077 1077 1077 1259 1259 1095 1095 1089 1089 1552 1552 1465 1465 1465 1465 1552 1552 1468 1468 1468 1468 1553 1553 1469 1469 1471 1471 1556 1556 1464 1464 1460 1460 1076 1076 1082 1082 1462 1462 1558 1558 1460 1460 1464 1464 1557 1557 1462 1462 1469 1469 1555 1555 1471 1471 1558 1558 1077 1077 1076 1076 1077 1077 1558 1558 1551 1551 1551 1551 1556 1556 1550 1550 1550 1550 1554 1554 1549 1549 1552 1552 1094 1094 1548 1548 1558 1558 1557 1557 1551 1551 1094 1094 1552 1552 1072 1072 1549 1549 1553 1553 1552 1552 1559 1559 1334 1334 1560 1560 1560 1560 1335 1335 1561 1561 1561 1561 1340 1340 1562 1562 1333 1333 1559 1559 1068 1068 1562 1562 1340 1340 1051 1051 1051 1051 1340 1340 1069 1069 1063 1063 1563 1563 1393 1393 1393 1393 1563 1563 1389 1389 1389 1389 1564 1564 1395 1395 1394 1394 1566 1566 1388 1388 1388 1388 1567 1567 1387 1387 1387 1387 1050 1050 1056 1056 1395 1395 1565 1565 1394 1394 1568 1568 1051 1051 1050 1050 1051 1051 1568 1568 1562 1562 1563 1563 1068 1068 1559 1559 1560 1560 1563 1563 1559 1559 1568 1568 1567 1567 1562 1562 1562 1562 1567 1567 1566 1566 1561 1561 1566 1566 1565 1565 1560 1560 1565 1565 1564 1564 1068 1068 1563 1563 1044 1044 1041 1041 1499 1499 1569 1569 1571 1571 1501 1501 1570 1570 1569 1569 1500 1500 1571 1571 1573 1573 1515 1515 1572 1572 1575 1575 1519 1519 1574 1574 1572 1572 1516 1516 1575 1575 1570 1570 1506 1506 1573 1573 1578 1578 1524 1524 1577 1577 1576 1576 1522 1522 1578 1578 1580 1580 1510 1510 1579 1579 1582 1582 1512 1512 1581 1581 1581 1581 1013 1013 1012 1012 1579 1579 1509 1509 1582 1582 1577 1577 1514 1514 1580 1580 1574 1574 1518 1518 1576 1576 1031 1031 1030 1030 1197 1197 1035 1035 1197 1197 1030 1030 1197 1197 1035 1035 1198 1198 1193 1193 1198 1198 1035 1035 1201 1201 1203 1203 1027 1027 1027 1027 1031 1031 1201 1201 1197 1197 1201 1201 1031 1031 1194 1194 1041 1041 1191 1191 1191 1191 1041 1041 1192 1192 1569 1569 1192 1192 1041 1041 1035 1035 1034 1034 1193 1193 1038 1038 1193 1193 1034 1034 1193 1193 1038 1038 1194 1194 1041 1041 1194 1194 1038 1038 1206 1206 1023 1023 1027 1027 1027 1027 1203 1203 1206 1206 1019 1019 1024 1024 1206 1206 1023 1023 1206 1206 1024 1024 1020 1020 1019 1019 1205 1205 1206 1206 1205 1205 1019 1019 1015 1015 1020 1020 1210 1210 1205 1205 1210 1210 1020 1020 1016 1016 1015 1015 1209 1209 1210 1210 1209 1209 1015 1015 1012 1012 1016 1016 1213 1213 1209 1209 1213 1213 1016 1016 1216 1216 1012 1012 1213 1213 1192 1192 1569 1569 1240 1240 1236 1236 1240 1240 1571 1571 1569 1569 1571 1571 1240 1240 1573 1573 1236 1236 1570 1570 1571 1571 1570 1570 1236 1236 1572 1572 1237 1237 1573 1573 1236 1236 1573 1573 1237 1237 1233 1233 1232 1232 1572 1572 1237 1237 1572 1572 1232 1232 1574 1574 1233 1233 1575 1575 1572 1572 1575 1575 1233 1233 1576 1576 1230 1230 1233 1233 1233 1233 1574 1574 1576 1576 1581 1581 1221 1221 1582 1582 1220 1220 1582 1582 1221 1221 1582 1582 1220 1220 1579 1579 1225 1225 1579 1579 1220 1220 1219 1219 1012 1012 1216 1216 1012 1012 1219 1219 1581 1581 1221 1221 1581 1581 1219 1219 1577 1577 1228 1228 1578 1578 1230 1230 1578 1578 1228 1228 1578 1578 1230 1230 1576 1576 1579 1579 1225 1225 1580 1580 1224 1224 1580 1580 1225 1225 1580 1580 1224 1224 1577 1577 1228 1228 1577 1577 1224 1224 1595 1595 1268 1268 1594 1594 1583 1583 1270 1270 1595 1595 1594 1594 1266 1266 1592 1592 1592 1592 1266 1266 1584 1584 1271 1271 1583 1583 1010 1010 1584 1584 1264 1264 995 995 995 995 1264 1264 1011 1011 1005 1005 1585 1585 1507 1507 1503 1503 1587 1587 1505 1505 1507 1507 1586 1586 1503 1503 1504 1504 1589 1589 1482 1482 1480 1480 997 997 998 998 1481 1481 1591 1591 1480 1480 1482 1482 1590 1590 1481 1481 1505 1505 1588 1588 1504 1504 997 997 1584 1584 995 995 1592 1592 1584 1584 1593 1593 1593 1593 1590 1590 1592 1592 1592 1592 1588 1588 1594 1594 997 997 1593 1593 1584 1584 984 984 1010 1010 1583 1583 997 997 1591 1591 1593 1593 1591 1591 1590 1590 1593 1593 1590 1590 1589 1589 1592 1592 1595 1595 1586 1586 1585 1585 1583 1583 1585 1585 984 984 1416 1416 1374 1374 1375 1375 1375 1375 1417 1417 1416 1416 1418 1418 1371 1371 1374 1374 1371 1371 1419 1419 1532 1532 1377 1377 1415 1415 1379 1379 1408 1408 1377 1377 1376 1376 1408 1408 1530 1530 1405 1405 1417 1417 1379 1379 1415 1415 1525 1525 1302 1302 1303 1303 1305 1305 1525 1525 1303 1303 1302 1302 1517 1517 1297 1297 1297 1297 1517 1517 1527 1527 1306 1306 1511 1511 1304 1304 1307 1307 1508 1508 1306 1306 1307 1307 1533 1533 1513 1513 1521 1521 1304 1304 1511 1511 1258 1258 1441 1441 1260 1260 1258 1258 1461 1461 1459 1459 1260 1260 1440 1440 1278 1278 1278 1278 1440 1440 1529 1529 1245 1245 1463 1463 1248 1248 1472 1472 1245 1245 1243 1243 1461 1461 1248 1248 1463 1463 1345 1345 1380 1380 1346 1346 1345 1345 1382 1382 1381 1381 1346 1346 1384 1384 1347 1347 1347 1347 1384 1384 1531 1531 1385 1385 1343 1343 1342 1342 1386 1386 1342 1342 1341 1341 1383 1383 1344 1344 1343 1343 1597 1597 1353 1353 1596 1596 1596 1596 1350 1350 1598 1598 1598 1598 1351 1351 1599 1599 1599 1599 1351 1351 983 983 983 983 1351 1351 975 975 1597 1597 1598 1598 1599 1599 983 983 1597 1597 1599 1599 1598 1598 1597 1597 1596 1596 1597 1597 983 983 979 979 976 976 979 979 974 974 982 982 1597 1597 979 979 976 976 978 978 979 979 979 979 983 983 974 974 1600 1600 1354 1354 1601 1601 1601 1601 1352 1352 1602 1602 1602 1602 1355 1355 1603 1603 1603 1603 1356 1356 973 973 973 973 1356 1356 967 967 973 973 1602 1602 1603 1603 1602 1602 970 970 1601 1601 973 973 966 966 1602 1602 970 970 966 966 969 969 1600 1600 1601 1601 970 970 966 966 970 970 1602 1602 1604 1604 1314 1314 1605 1605 1605 1605 1318 1318 1606 1606 1606 1606 1316 1316 1607 1607 1607 1607 1316 1316 965 965 965 965 1316 1316 959 959 965 965 1606 1606 1607 1607 1606 1606 1604 1604 1605 1605 961 961 1606 1606 965 965 965 965 958 958 961 961 1606 1606 961 961 1604 1604 1604 1604 961 961 962 962 1608 1608 1325 1325 1609 1609 1609 1609 1323 1323 1610 1610 1611 1611 1324 1324 950 950 1610 1610 1319 1319 1611 1611 1324 1324 957 957 950 950 1610 1610 1611 1611 950 950 1609 1609 1610 1610 950 950 1609 1609 950 950 1608 1608 1608 1608 950 950 955 955 950 950 951 951 953 953 950 950 953 953 955 955 1612 1612 1364 1364 1613 1613 1613 1613 1357 1357 1614 1614 1615 1615 1363 1363 941 941 1614 1614 1363 1363 1615 1615 1363 1363 949 949 941 941 948 948 1362 1362 1612 1612 1617 1617 941 941 937 937 941 941 1617 1617 1615 1615 1615 1615 1618 1618 1614 1614 1614 1614 1620 1620 1613 1613 1621 1621 948 948 1612 1612 1613 1613 1620 1620 1622 1622 948 948 1621 1621 935 935 1613 1613 1622 1622 1621 1621 936 936 1621 1621 1428 1428 1428 1428 1622 1622 1427 1427 1427 1427 1620 1620 1425 1425 1425 1425 1619 1619 1426 1426 1426 1426 1618 1618 1424 1424 1424 1424 1616 1616 1423 1423 1423 1423 1617 1617 919 919 1621 1621 936 936 935 935 1617 1617 937 937 919 919 1623 1623 1313 1313 1624 1624 1624 1624 1311 1311 1625 1625 1626 1626 1309 1309 912 912 1625 1625 1309 1309 1626 1626 1309 1309 918 918 912 912 906 906 1320 1320 1623 1623 904 904 1626 1626 912 912 1626 1626 904 904 1628 1628 1626 1626 1629 1629 1625 1625 1624 1624 1631 1631 1623 1623 1625 1625 1632 1632 1624 1624 905 905 906 906 1623 1623 1623 1623 1631 1631 905 905 1494 1494 1631 1631 1497 1497 1496 1496 1630 1630 1495 1495 1497 1497 1633 1633 1496 1496 1495 1495 1629 1629 1486 1486 1486 1486 1627 1627 1485 1485 1485 1485 1628 1628 890 890 1631 1631 903 903 905 905 1628 1628 904 904 890 890 1494 1494 903 903 1631 1631 887 887 1332 1332 888 888 1332 1332 1402 1402 1331 1331 1331 1331 1403 1403 1336 1336 1336 1336 1404 1404 1337 1337 1401 1401 879 879 1337 1337 1013 1013 1634 1634 1014 1014 1017 1017 1636 1636 1018 1018 1014 1014 1635 1635 1017 1017 1021 1021 1638 1638 1022 1022 1025 1025 1640 1640 1026 1026 1022 1022 1639 1639 1025 1025 1018 1018 1637 1637 1021 1021 1028 1028 1641 1641 1029 1029 1032 1032 1643 1643 1033 1033 1029 1029 1642 1642 1032 1032 1036 1036 1645 1645 1037 1037 1039 1039 1647 1647 1040 1040 1040 1040 1647 1647 1042 1042 1037 1037 1646 1646 1039 1039 1033 1033 1644 1644 1036 1036 1026 1026 1641 1641 1028 1028 1648 1648 1651 1651 1650 1650 1652 1652 1655 1655 1654 1654 1650 1650 1653 1653 1652 1652 1656 1656 1659 1659 1658 1658 1660 1660 1663 1663 1662 1662 1658 1658 1661 1661 1660 1660 1654 1654 1657 1657 1656 1656 1665 1665 1668 1668 1667 1667 1669 1669 1672 1672 1671 1671 1667 1667 1670 1670 1669 1669 1673 1673 1676 1676 1675 1675 1677 1677 1681 1681 1680 1680 1675 1675 1678 1678 1677 1677 1671 1671 1674 1674 1673 1673 1662 1662 1666 1666 1665 1665 1682 1682 1685 1685 1684 1684 1686 1686 1689 1689 1688 1688 1684 1684 1687 1687 1686 1686 1690 1690 1693 1693 1692 1692 1695 1695 1698 1698 1697 1697 1692 1692 1696 1696 1695 1695 1688 1688 1691 1691 1690 1690 1699 1699 1702 1702 1701 1701 1703 1703 1706 1706 1705 1705 1701 1701 1704 1704 1703 1703 1707 1707 1710 1710 1709 1709 1711 1711 1713 1713 1714 1714 1709 1709 1712 1712 1711 1711 1705 1705 1708 1708 1707 1707 1697 1697 1700 1700 1699 1699 1680 1680 1683 1683 1682 1682 1717 1717 1715 1715 1738 1738 1718 1718 1717 1717 1719 1719 1722 1722 1750 1750 1720 1720 1716 1716 1723 1723 1715 1715 1738 1738 1715 1715 1723 1723 1723 1723 1725 1725 1724 1724 1725 1725 1723 1723 1716 1716 1752 1752 1722 1722 1718 1718 1726 1726 1720 1720 1721 1721 1728 1728 1727 1727 1729 1729 1727 1727 1728 1728 1726 1726 1732 1732 1728 1728 1729 1729 1736 1736 1733 1733 1731 1731 1728 1728 1732 1732 1731 1731 1734 1734 1727 1727 1726 1726 1731 1731 1732 1732 1735 1735 1731 1731 1735 1735 1730 1730 1734 1734 1726 1726 1721 1721 1730 1730 1736 1736 1731 1731 1723 1723 1737 1737 1738 1738 1741 1741 1717 1717 1738 1738 1739 1739 1741 1741 1738 1738 1740 1740 1743 1743 1739 1739 1739 1739 1743 1743 1742 1742 1742 1742 1741 1741 1739 1739 1744 1744 1717 1717 1741 1741 1747 1747 1746 1746 1745 1745 1746 1746 1747 1747 1776 1776 1748 1748 1743 1743 1740 1740 1745 1745 1746 1746 1748 1748 1748 1748 1740 1740 1745 1745 1749 1749 1721 1721 1720 1720 1749 1749 1720 1720 1750 1750 1733 1733 1736 1736 1751 1751 1719 1719 1717 1717 1744 1744 1753 1753 1754 1754 1751 1751 1719 1719 1752 1752 1718 1718 1750 1750 1722 1722 1752 1752 1754 1754 1733 1733 1751 1751 1515 1515 1516 1516 1755 1755 1755 1755 1516 1516 1519 1519 1501 1501 1755 1755 1754 1754 1756 1756 1755 1755 1519 1519 1756 1756 1518 1518 1520 1520 1518 1518 1756 1756 1519 1519 1522 1522 1756 1756 1520 1520 1754 1754 1500 1500 1501 1501 1499 1499 1757 1757 1042 1042 1499 1499 1500 1500 1754 1754 1506 1506 1515 1515 1755 1755 1758 1758 1756 1756 1522 1522 1755 1755 1501 1501 1506 1506 1499 1499 1754 1754 1753 1753 1524 1524 1758 1758 1522 1522 1524 1524 1760 1760 1759 1759 1761 1761 1760 1760 1514 1514 1762 1762 1761 1761 1510 1510 1759 1759 1758 1758 1524 1524 1763 1763 1509 1509 1512 1512 1762 1762 1510 1510 1509 1509 1763 1763 1762 1762 1509 1509 1014 1014 1763 1763 1013 1013 1512 1512 1013 1013 1763 1763 1514 1514 1510 1510 1761 1761 1514 1514 1760 1760 1524 1524 1040 1040 1757 1757 1039 1039 1764 1764 1036 1036 1037 1037 1037 1037 1039 1039 1765 1765 1757 1757 1040 1040 1042 1042 1036 1036 1764 1764 1033 1033 1032 1032 1766 1766 1029 1029 1764 1764 1032 1032 1033 1033 1039 1039 1757 1757 1765 1765 1037 1037 1765 1765 1764 1764 1029 1029 1766 1766 1767 1767 1028 1028 1029 1029 1767 1767 1032 1032 1764 1764 1766 1766 1768 1768 1769 1769 1767 1767 1769 1769 1022 1022 1025 1025 1026 1026 1028 1028 1767 1767 1769 1769 1025 1025 1026 1026 1770 1770 1014 1014 1017 1017 1770 1770 1018 1018 1021 1021 1770 1770 1017 1017 1018 1018 1021 1021 1022 1022 1770 1770 1773 1773 1774 1774 1775 1775 1771 1771 1772 1772 1774 1774 1769 1769 1770 1770 1022 1022 1774 1774 1773 1773 1771 1771 1771 1771 1769 1769 1772 1772 1769 1769 1026 1026 1767 1767 1768 1768 1772 1772 1769 1769 1763 1763 1014 1014 1770 1770 1499 1499 1753 1753 1757 1757 1779 1779 1778 1778 1777 1777 1777 1777 1778 1778 1714 1714 1777 1777 1780 1780 1779 1779 1781 1781 1779 1779 1780 1780 1709 1709 1711 1711 1782 1782 1783 1783 1707 1707 1784 1784 1784 1784 1709 1709 1782 1782 1711 1711 1714 1714 1782 1782 1785 1785 1701 1701 1786 1786 1705 1705 1783 1783 1786 1786 1778 1778 1782 1782 1714 1714 1781 1781 1776 1776 1747 1747 1705 1705 1707 1707 1783 1783 1707 1707 1709 1709 1784 1784 1701 1701 1703 1703 1786 1786 1787 1787 1697 1697 1699 1699 1699 1699 1701 1701 1785 1785 1703 1703 1705 1705 1786 1786 1779 1779 1781 1781 1747 1747 1785 1785 1788 1788 1794 1794 1788 1788 1789 1789 1790 1790 1695 1695 1697 1697 1787 1787 1790 1790 1791 1791 1788 1788 1788 1788 1791 1791 1792 1792 1794 1794 1699 1699 1785 1785 1792 1792 1794 1794 1788 1788 1787 1787 1699 1699 1794 1794 1795 1795 1695 1695 1787 1787 1791 1791 1793 1793 1792 1792 1692 1692 1695 1695 1795 1795 1796 1796 1690 1690 1692 1692 1797 1797 1688 1688 1690 1690 1797 1797 1686 1686 1688 1688 1686 1686 1797 1797 1798 1798 1796 1796 1797 1797 1690 1690 1684 1684 1686 1686 1798 1798 1684 1684 1799 1799 1682 1682 1684 1684 1798 1798 1799 1799 1795 1795 1796 1796 1692 1692 1800 1800 1654 1654 1656 1656 1801 1801 1656 1656 1658 1658 1773 1773 1802 1802 1803 1803 1800 1800 1652 1652 1654 1654 1804 1804 1662 1662 1665 1665 1816 1816 1804 1804 1665 1665 1806 1806 1658 1658 1660 1660 1804 1804 1660 1660 1662 1662 1803 1803 1807 1807 1809 1809 1803 1803 1809 1809 1808 1808 1648 1648 1808 1808 1809 1809 1650 1650 1808 1808 1648 1648 1802 1802 1807 1807 1803 1803 1650 1650 1652 1652 1810 1810 1808 1808 1650 1650 1810 1810 1800 1800 1810 1810 1652 1652 1806 1806 1801 1801 1658 1658 1800 1800 1656 1656 1801 1801 1806 1806 1660 1660 1804 1804 1805 1805 1665 1665 1667 1667 1775 1775 1802 1802 1773 1773 1811 1811 1673 1673 1675 1675 1671 1671 1812 1812 1669 1669 1671 1671 1673 1673 1813 1813 1814 1814 1677 1677 1680 1680 1680 1680 1682 1682 1799 1799 1675 1675 1814 1814 1811 1811 1811 1811 1813 1813 1673 1673 1814 1814 1675 1675 1677 1677 1799 1799 1814 1814 1680 1680 1671 1671 1813 1813 1812 1812 1815 1815 1818 1818 1816 1816 1819 1819 1816 1816 1818 1818 1816 1816 1665 1665 1805 1805 1815 1815 1816 1816 1817 1817 1816 1816 1805 1805 1817 1817 1815 1815 1817 1817 1820 1820 1812 1812 1805 1805 1667 1667 1812 1812 1667 1667 1669 1669 1821 1821 1823 1823 1824 1824 1821 1821 1822 1822 1823 1823 1824 1824 1823 1823 1825 1825 1826 1826 1825 1825 1700 1700 1822 1822 1829 1829 1827 1827 1823 1823 1827 1827 1828 1828 1823 1823 1822 1822 1827 1827 1696 1696 1826 1826 1698 1698 1823 1823 1700 1700 1825 1825 1830 1830 1687 1687 1831 1831 1685 1685 1831 1831 1687 1687 1691 1691 1830 1830 1832 1832 1685 1685 1683 1683 1833 1833 1831 1831 1685 1685 1833 1833 1694 1694 1693 1693 1826 1826 1693 1693 1832 1832 1826 1826 1830 1830 1689 1689 1687 1687 1830 1830 1691 1691 1689 1689 1832 1832 1693 1693 1691 1691 1694 1694 1826 1826 1696 1696 1834 1834 1702 1702 1835 1835 1836 1836 1708 1708 1837 1837 1837 1837 1706 1706 1834 1834 1713 1713 1712 1712 1838 1838 1712 1712 1836 1836 1838 1838 1713 1713 1838 1838 1839 1839 1841 1841 1842 1842 1839 1839 1840 1840 1839 1839 1842 1842 1841 1841 1843 1843 1842 1842 1713 1713 1839 1839 1840 1840 1704 1704 1702 1702 1834 1834 1698 1698 1826 1826 1700 1700 1835 1835 1702 1702 1700 1700 1836 1836 1712 1712 1710 1710 1843 1843 1844 1844 1868 1868 1836 1836 1710 1710 1708 1708 1708 1708 1706 1706 1837 1837 1706 1706 1704 1704 1834 1834 1844 1844 1843 1843 1841 1841 1700 1700 1823 1823 1835 1835 1845 1845 1681 1681 1679 1679 1833 1833 1681 1681 1845 1845 1845 1845 1678 1678 1846 1846 1847 1847 1846 1846 1674 1674 1678 1678 1845 1845 1679 1679 1683 1683 1681 1681 1833 1833 1846 1846 1678 1678 1676 1676 1846 1846 1676 1676 1674 1674 1670 1670 1848 1848 1672 1672 1848 1848 1847 1847 1672 1672 1847 1847 1674 1674 1672 1672 1851 1851 1849 1849 1857 1857 1849 1849 1666 1666 1857 1857 1851 1851 1850 1850 1849 1849 1668 1668 1853 1853 1848 1848 1852 1852 1851 1851 1857 1857 1853 1853 1666 1666 1849 1849 1855 1855 1856 1856 1854 1854 1854 1854 1857 1857 1855 1855 1857 1857 1854 1854 1852 1852 1668 1668 1848 1848 1670 1670 1857 1857 1666 1666 1664 1664 1858 1858 1663 1663 1661 1661 1857 1857 1664 1664 1663 1663 1859 1859 1659 1659 1657 1657 1861 1861 1862 1862 1865 1865 1860 1860 1657 1657 1655 1655 1858 1858 1661 1661 1659 1659 1858 1858 1857 1857 1663 1663 1653 1653 1863 1863 1655 1655 1651 1651 1863 1863 1653 1653 1859 1859 1858 1858 1659 1659 1863 1863 1860 1860 1655 1655 1859 1859 1657 1657 1860 1860 1863 1863 1651 1651 1864 1864 1862 1862 1866 1866 1865 1865 1649 1649 1866 1866 1864 1864 1862 1862 1864 1864 1866 1866 1651 1651 1649 1649 1864 1864 1861 1861 1865 1865 1867 1867 1668 1668 1666 1666 1853 1853 1869 1869 1868 1868 1844 1844 1844 1844 1870 1870 1869 1869 1870 1870 1871 1871 1869 1869 1872 1872 1873 1873 1871 1871 1870 1870 1872 1872 1871 1871 1874 1874 1877 1877 1872 1872 1874 1874 1875 1875 1878 1878 1878 1878 1877 1877 1874 1874 1874 1874 1892 1892 1875 1875 1873 1873 1872 1872 1877 1877 1875 1875 1876 1876 1879 1879 1876 1876 1881 1881 1879 1879 1880 1880 1882 1882 1881 1881 1886 1886 1887 1887 1885 1885 1888 1888 1889 1889 1891 1891 1884 1884 1885 1885 1882 1882 1889 1889 1888 1888 1883 1883 1892 1892 1874 1874 1893 1893 1896 1896 1895 1895 1894 1894 1882 1882 1880 1880 1884 1884 1896 1896 1897 1897 1895 1895 1892 1892 1876 1876 1875 1875 1880 1880 1881 1881 1876 1876 1886 1886 1898 1898 1887 1887 1886 1886 1885 1885 1884 1884 1892 1892 1895 1895 1897 1897 1886 1886 1899 1899 1898 1898 1901 1901 1902 1902 1903 1903 1901 1901 1900 1900 1902 1902 1899 1899 1904 1904 1905 1905 1904 1904 1899 1899 1886 1886 1900 1900 1901 1901 1890 1890 1901 1901 1903 1903 1904 1904 1888 1888 1891 1891 1890 1890 1903 1903 1905 1905 1904 1904 1900 1900 1890 1890 1891 1891 1892 1892 1893 1893 1895 1895 1645 1645 1906 1906 1907 1907 1910 1910 1640 1640 1909 1909 1910 1910 1906 1906 1642 1642 1906 1906 1645 1645 1644 1644 1645 1645 1907 1907 1646 1646 1647 1647 1646 1646 1907 1907 1642 1642 1641 1641 1910 1910 1644 1644 1643 1643 1906 1906 1642 1642 1906 1906 1643 1643 1907 1907 1911 1911 1647 1647 1861 1861 1867 1867 1912 1912 1913 1913 1912 1912 1914 1914 1912 1912 1913 1913 1861 1861 1908 1908 1638 1638 1915 1915 1908 1908 1913 1913 1914 1914 1908 1908 1914 1914 1909 1909 1640 1640 1908 1908 1909 1909 1908 1908 1639 1639 1638 1638 1908 1908 1640 1640 1639 1639 1915 1915 1637 1637 1636 1636 1915 1915 1635 1635 1634 1634 1915 1915 1636 1636 1635 1635 1915 1915 1638 1638 1637 1637 1640 1640 1910 1910 1641 1641 1916 1916 1915 1915 1634 1634 1917 1917 1647 1647 1911 1911 1888 1888 1918 1918 1919 1919 1919 1919 1917 1917 1888 1888 1920 1920 1921 1921 1922 1922 1923 1923 1921 1921 1920 1920 1922 1922 1918 1918 1920 1920 1923 1923 1920 1920 1925 1925 1920 1920 1918 1918 1888 1888 1920 1920 1924 1924 1925 1925 1926 1926 1927 1927 1928 1928 1928 1928 1924 1924 1926 1926 1924 1924 1928 1928 1925 1925 1929 1929 1930 1930 1927 1927 1911 1911 1883 1883 1917 1917 1926 1926 1929 1929 1927 1927 1931 1931 1932 1932 1933 1933 1938 1938 1934 1934 1935 1935 1934 1934 1933 1933 1935 1935 1916 1916 1634 1634 1932 1932 1931 1931 1916 1916 1932 1932 1931 1931 1933 1933 1934 1934 1937 1937 1935 1935 1936 1936 1937 1937 1936 1936 1930 1930 1939 1939 1937 1937 1930 1930 1937 1937 1938 1938 1935 1935 1939 1939 1930 1930 1929 1929 1917 1917 1883 1883 1888 1888 1758 1758 1926 1926 1756 1756 1760 1760 1939 1939 1759 1759 1759 1759 1929 1929 1758 1758 1762 1762 1938 1938 1761 1761 1763 1763 1934 1934 1762 1762 1937 1937 1760 1760 1761 1761 1718 1718 1876 1876 1717 1717 1720 1720 1884 1884 1722 1722 1726 1726 1886 1886 1720 1720 1722 1722 1880 1880 1718 1718 1904 1904 1726 1726 1728 1728 1733 1733 1890 1890 1731 1731 1920 1920 1754 1754 1755 1755 1924 1924 1755 1755 1756 1756 1754 1754 1888 1888 1733 1733 1901 1901 1728 1728 1731 1731 1737 1737 1893 1893 1738 1738 1894 1894 1723 1723 1724 1724 1723 1723 1895 1895 1737 1737 1894 1894 1724 1724 1896 1896 1716 1716 1897 1897 1725 1725 1892 1892 1716 1716 1715 1715 1892 1892 1715 1715 1717 1717 1823 1823 1785 1785 1835 1835 1835 1835 1786 1786 1834 1834 1837 1837 1784 1784 1836 1836 1836 1836 1782 1782 1838 1838 1834 1834 1783 1783 1837 1837 1839 1839 1779 1779 1841 1841 1841 1841 1747 1747 1844 1844 1870 1870 1740 1740 1872 1872 1872 1872 1739 1739 1874 1874 1844 1844 1745 1745 1870 1870 1838 1838 1778 1778 1839 1839 1792 1792 1824 1824 1794 1794 1793 1793 1822 1822 1792 1792 1790 1790 1829 1829 1791 1791 1788 1788 1828 1828 1789 1789 1823 1823 1788 1788 1785 1785 1789 1789 1827 1827 1790 1790 1812 1812 1853 1853 1805 1805 1811 1811 1847 1847 1813 1813 1814 1814 1846 1846 1811 1811 1813 1813 1848 1848 1812 1812 1799 1799 1845 1845 1814 1814 1797 1797 1831 1831 1798 1798 1796 1796 1830 1830 1797 1797 1787 1787 1826 1826 1795 1795 1825 1825 1787 1787 1794 1794 1795 1795 1832 1832 1796 1796 1833 1833 1798 1798 1831 1831 1856 1856 1816 1816 1819 1819 1818 1818 1854 1854 1819 1819 1820 1820 1851 1851 1815 1815 1817 1817 1850 1850 1820 1820 1805 1805 1849 1849 1817 1817 1816 1816 1857 1857 1804 1804 1804 1804 1858 1858 1806 1806 1801 1801 1860 1860 1800 1800 1800 1800 1863 1863 1810 1810 1806 1806 1859 1859 1801 1801 1808 1808 1862 1862 1803 1803 1803 1803 1861 1861 1773 1773 1771 1771 1908 1908 1769 1769 1770 1770 1916 1916 1763 1763 1769 1769 1915 1915 1770 1770 1773 1773 1913 1913 1771 1771 1810 1810 1864 1864 1808 1808 1714 1714 1840 1840 1777 1777 1777 1777 1842 1842 1780 1780 1780 1780 1843 1843 1781 1781 1781 1781 1868 1868 1776 1776 1746 1746 1871 1871 1748 1748 1742 1742 1878 1878 1741 1741 1743 1743 1877 1877 1742 1742 1748 1748 1873 1873 1743 1743 1776 1776 1869 1869 1746 1746 1741 1741 1875 1875 1744 1744 1744 1744 1881 1881 1719 1719 1719 1719 1882 1882 1752 1752 1752 1752 1885 1885 1750 1750 1750 1750 1887 1887 1749 1749 1749 1749 1887 1887 1721 1721 1734 1734 1899 1899 1727 1727 1721 1721 1898 1898 1734 1734 1729 1729 1903 1903 1732 1732 1735 1735 1900 1900 1730 1730 1730 1730 1891 1891 1736 1736 1732 1732 1902 1902 1735 1735 1736 1736 1889 1889 1751 1751 1751 1751 1883 1883 1753 1753 1753 1753 1911 1911 1757 1757 1757 1757 1907 1907 1765 1765 1766 1766 1910 1910 1767 1767 1764 1764 1910 1910 1766 1766 1767 1767 1909 1909 1768 1768 1768 1768 1914 1914 1772 1772 1774 1774 1867 1867 1775 1775 1775 1775 1865 1865 1802 1802 1809 1809 1649 1649 1648 1648 1807 1807 1866 1866 1809 1809 1802 1802 1865 1865 1807 1807 1772 1772 1912 1912 1774 1774 1765 1765 1906 1906 1764 1764 1727 1727 1905 1905 1729 1729 1042 1042 1917 1917 1499 1499 1500 1500 1918 1918 1501 1501 1499 1499 1919 1919 1500 1500 1506 1506 1921 1921 1515 1515 1516 1516 1925 1925 1519 1519 1515 1515 1923 1923 1516 1516 1501 1501 1922 1922 1506 1506 1518 1518 1928 1928 1520 1520 1522 1522 1930 1930 1524 1524 1520 1520 1927 1927 1522 1522 1514 1514 1935 1935 1510 1510 1509 1509 1932 1932 1512 1512 1512 1512 1634 1634 1013 1013 1510 1510 1933 1933 1509 1509 1524 1524 1936 1936 1514 1514 1519 1519 1925 1925 1518 1518 1 1 0 0 2 2 1 1 2 2 23 23 0 0 3 3 2 2 3 3 0 0 4 4 5 5 17 17 4 4 17 17 5 5 7 7 5 5 6 6 7 7 6 6 8 8 9 9 23 23 12 12 16 16 8 8 20 20 9 9 24 24 18 18 20 20 25 25 26 26 21 21 26 26 27 27 22 22 26 26 22 22 21 21 27 27 28 28 23 23 30 30 31 31 33 33 33 33 31 31 32 32 34 34 36 36 32 32 36 36 33 33 32 32 36 36 34 34 37 37 34 34 35 35 37 37 52 52 49 49 50 50 54 54 51 51 49 49 55 55 48 48 51 51 55 55 56 56 48 48 56 56 57 57 44 44 56 56 44 44 47 47 61 61 71 71 63 63 67 67 59 59 65 65 67 67 66 66 68 68 67 67 68 68 70 70 71 71 73 73 74 74 63 63 75 75 76 76 71 71 74 74 75 75 66 66 293 293 77 77 70 70 79 79 374 374 70 70 78 78 79 79 68 68 77 77 78 78 64 64 76 76 293 293 82 82 83 83 85 85 80 80 91 91 83 83 84 84 85 85 88 88 87 87 88 88 89 89 93 93 103 103 95 95 94 94 95 95 97 97 98 98 99 99 100 100 96 96 97 97 99 99 106 106 107 107 109 109 104 104 115 115 107 107 108 108 109 109 112 112 111 111 112 112 113 113 117 117 127 127 118 118 119 119 120 120 123 123 116 116 118 118 120 120 122 122 123 123 124 124 129 129 128 128 130 130 132 132 133 133 135 135 129 129 130 130 133 133 134 134 135 135 137 137 136 136 137 137 139 139 138 138 139 139 141 141 140 140 141 141 414 414 145 145 144 144 148 148 146 146 129 129 131 131 148 148 144 144 132 132 149 149 148 148 136 136 150 150 149 149 138 138 152 152 151 151 154 154 153 153 154 154 156 156 157 157 158 158 160 160 165 165 164 164 345 345 161 161 162 162 164 164 159 159 160 160 162 162 155 155 156 156 158 158 167 167 166 166 169 169 159 159 169 169 157 157 169 169 166 166 155 155 170 170 169 169 159 159 163 163 170 170 161 161 166 166 168 168 153 153 594 594 172 172 174 174 173 173 174 174 176 176 175 175 176 176 178 178 181 181 180 180 182 182 185 185 186 186 384 384 185 185 184 184 186 186 183 183 182 182 184 184 177 177 178 178 180 180 190 190 189 189 179 179 191 191 173 173 175 175 193 193 194 194 181 181 187 187 195 195 196 196 193 193 183 183 196 196 194 194 192 192 179 179 197 197 198 198 199 199 197 197 199 199 202 202 201 201 202 202 204 204 203 203 204 204 206 206 205 205 206 206 208 208 211 211 212 212 304 304 209 209 210 210 212 212 207 207 208 208 210 210 214 214 200 200 215 215 205 205 207 207 217 217 220 220 221 221 223 223 224 224 225 225 227 227 222 222 223 223 225 225 228 228 229 229 231 231 235 235 234 234 403 403 232 232 233 233 234 234 230 230 231 231 233 233 226 226 227 227 229 229 237 237 236 236 222 222 238 238 237 237 226 226 241 241 242 242 244 244 245 245 246 246 249 249 243 243 244 244 246 246 248 248 249 249 251 251 250 250 251 251 253 253 252 252 253 253 255 255 254 254 255 255 353 353 258 258 257 257 243 243 259 259 260 260 250 250 262 262 263 263 265 265 266 266 267 267 269 269 264 264 265 265 267 267 270 270 271 271 273 273 276 276 275 275 278 278 276 276 274 274 275 275 272 272 273 273 275 275 268 268 269 269 271 271 281 281 280 280 274 274 280 280 446 446 270 270 288 288 282 282 265 265 265 265 116 116 286 286 287 287 284 284 288 288 288 288 106 106 291 291 289 289 288 288 400 400 314 314 282 282 288 288 283 283 331 331 316 316 338 338 336 336 288 288 359 359 287 287 288 288 288 288 363 363 362 362 288 288 328 328 365 365 293 293 380 380 381 381 294 294 288 288 382 382 288 288 406 406 407 407 289 289 412 412 413 413 288 288 295 295 417 417 436 436 435 435 434 434 433 433 438 438 107 107 437 437 434 434 440 440 239 239 440 440 439 439 439 439 440 440 279 279 279 279 442 442 444 444 443 443 441 441 567 567 439 439 279 279 446 446 441 441 439 439 541 541 474 474 476 476 440 440 435 435 479 479 462 462 485 485 486 486 437 437 441 441 503 503 502 502 439 439 514 514 515 515 439 439 446 446 518 518 541 541 439 439 516 516 441 441 531 531 532 532 534 534 503 503 441 441 443 443 536 536 535 535 443 443 445 445 536 536 441 441 447 447 538 538 551 551 560 560 552 552 555 555 513 513 512 512 554 554 513 513 555 555 554 554 556 556 558 558 554 554 558 558 559 559 277 277 278 278 319 319 553 553 317 317 318 318 560 560 319 319 317 317 556 556 318 318 329 329 558 558 329 329 330 330 559 559 330 330 263 263 562 562 570 570 563 563 565 565 529 529 571 571 565 565 566 566 568 568 565 565 568 568 569 569 570 570 353 353 351 351 563 563 351 351 352 352 566 566 354 354 355 355 568 568 355 355 284 284 569 569 284 284 242 242 564 564 352 352 354 354 440 440 573 573 572 572 440 440 572 572 574 574 495 495 437 437 577 577 496 496 495 495 575 575 573 573 403 403 400 400 572 572 400 400 402 402 574 574 402 402 401 401 577 577 401 401 405 405 575 575 410 410 221 221 575 575 404 404 410 410 576 576 405 405 404 404 580 580 523 523 578 578 578 578 588 588 582 582 583 583 580 580 584 584 522 522 583 583 585 585 583 583 584 584 586 586 587 587 304 304 299 299 588 588 300 300 305 305 581 581 299 299 300 300 582 582 305 305 308 308 585 585 309 309 198 198 586 586 308 308 309 309 589 589 591 591 455 455 455 455 591 591 592 592 591 591 589 589 598 598 452 452 455 455 592 592 452 452 592 592 595 595 589 589 590 590 596 596 597 597 384 384 390 390 596 596 390 390 386 386 598 598 386 386 389 389 591 591 389 389 391 391 592 592 391 391 395 395 595 595 395 395 394 394 593 593 394 394 172 172 599 599 602 602 601 601 599 599 600 600 602 602 603 603 530 530 606 606 608 608 345 345 348 348 602 602 348 348 337 337 601 601 337 337 341 341 606 606 341 341 342 342 607 607 342 342 356 356 604 604 356 356 357 357 605 605 357 357 151 151 612 612 497 497 610 610 612 612 613 613 497 497 612 612 610 610 618 618 497 497 613 613 614 614 614 614 615 615 619 619 610 610 611 611 616 616 617 617 414 414 415 415 616 616 416 416 408 408 617 617 415 415 416 416 613 613 409 409 424 424 619 619 431 431 128 128 619 619 425 425 431 431 615 615 424 424 425 425 618 618 408 408 409 409 325 325 508 508 506 506 324 324 506 506 509 509 321 321 511 511 510 510 322 322 509 509 511 511 371 371 468 468 469 469 368 368 470 470 472 472 370 370 469 469 470 470 369 369 472 472 475 475 475 475 115 115 105 105 339 339 541 541 540 540 340 340 539 539 541 541 334 334 540 540 544 544 333 333 544 544 543 543 422 422 482 482 487 487 421 421 480 480 482 482 418 418 487 487 488 488 419 419 488 488 489 489 620 620 374 374 375 375 621 621 375 375 372 372 622 622 372 372 373 373 624 624 373 373 376 376 626 626 397 397 73 73 625 625 377 377 397 397 624 624 376 376 377 377 463 463 627 627 623 623 623 623 624 624 466 466 466 466 624 624 629 629 465 465 629 629 625 625 628 628 620 620 621 621 537 537 350 350 358 358 548 548 550 550 347 347 548 548 347 347 349 349 547 547 349 349 350 350 546 546 343 343 346 346 344 344 343 343 549 549 346 346 347 347 550 550 491 491 430 430 423 423 492 492 432 432 430 430 493 493 427 427 432 432 427 427 493 493 494 494 499 499 429 429 426 426 500 500 412 412 428 428 499 499 428 428 429 429 426 426 427 427 494 494 453 453 385 385 387 387 448 448 451 451 392 392 449 449 392 392 388 388 449 449 388 388 385 385 450 450 396 396 393 393 457 457 398 398 399 399 399 399 396 396 450 450 528 528 311 311 312 312 525 525 524 524 298 298 297 297 303 303 526 526 526 526 303 303 311 311 521 521 302 302 301 301 307 307 306 306 520 520 306 306 302 302 520 520 307 307 519 519 636 636 638 638 646 646 640 640 639 639 640 640 642 642 641 641 642 642 644 644 647 647 655 655 649 649 648 648 649 649 651 651 650 650 651 651 653 653 657 657 658 658 660 660 657 657 666 666 658 658 659 659 660 660 663 663 662 662 663 663 664 664 668 668 669 669 671 671 668 668 676 676 669 669 670 670 671 671 673 673 672 672 673 673 674 674 680 680 678 678 679 679 655 655 680 680 679 679 679 679 678 678 682 682 678 678 693 693 681 681 678 678 681 681 682 682 679 679 682 682 673 673 682 682 681 681 683 683 706 706 673 673 714 714 673 673 682 682 685 685 706 706 714 714 715 715 664 664 684 684 686 686 693 693 678 678 677 677 706 706 715 715 684 684 726 726 727 727 728 728 731 731 730 730 729 729 662 662 731 731 729 729 729 729 730 730 732 732 730 730 744 744 732 732 729 729 732 732 734 734 753 753 729 729 757 757 647 647 753 753 735 735 742 742 728 728 727 727 732 732 744 744 742 742 750 750 662 662 729 729 729 729 753 753 750 750 732 732 755 755 734 734 729 729 733 733 757 757 765 765 753 753 647 647 675 675 708 708 707 707 743 743 707 707 710 710 712 712 676 676 667 667 739 739 710 710 712 712 665 665 716 716 717 717 745 745 720 720 722 722 752 752 717 717 720 720 747 747 722 722 723 723 769 769 698 698 696 696 769 769 699 699 698 698 768 768 696 696 704 704 763 763 704 704 705 705 760 760 689 689 692 692 759 759 690 690 694 694 760 760 692 692 690 690 754 754 694 694 695 695 701 701 766 766 771 771 761 761 758 758 687 687 762 762 761 761 688 688 733 733 762 762 688 688 678 678 757 757 733 733 697 697 767 767 757 757 771 771 767 767 697 697 755 755 691 691 687 687 742 742 683 683 681 681 732 732 681 681 693 693 755 755 693 693 691 691 736 736 709 709 683 683 721 721 746 746 748 748 715 715 730 730 746 746 715 715 744 744 730 730 714 714 728 728 744 744 711 711 737 737 741 741 736 736 737 737 711 711 713 713 741 741 728 728 725 725 748 748 749 749 724 724 718 718 749 749 724 724 751 751 750 750 684 684 750 750 753 753 706 706 753 753 765 765 702 702 765 765 770 770 703 703 770 770 766 766 774 774 775 775 776 776 774 774 777 777 778 778 775 775 779 779 780 780 787 787 788 788 789 789 796 796 794 794 795 795 802 802 807 807 803 803 803 803 800 800 799 799 805 805 807 807 802 802 805 805 806 806 808 808 806 806 828 828 808 808 811 811 812 812 810 810 812 812 811 811 814 814 815 815 817 817 813 813 819 819 822 822 820 820 818 818 820 820 867 867 821 821 870 870 822 822 823 823 869 869 870 870 822 822 819 819 821 821 825 825 826 826 827 827 824 824 827 827 828 828 829 829 868 868 830 830 832 832 833 833 834 834 835 835 836 836 833 833 831 831 834 834 830 830 829 829 857 857 826 826 838 838 839 839 840 840 842 842 851 851 843 843 841 841 843 843 839 839 844 844 845 845 846 846 845 845 848 848 849 849 842 842 844 844 847 847 836 836 835 835 837 837 872 872 873 873 863 863 872 872 864 864 865 865 873 873 874 874 860 860 877 877 855 855 854 854 876 876 852 852 853 853 878 878 889 889 881 881 882 882 881 881 883 883 884 884 885 885 886 886 884 884 883 883 885 885 889 889 878 878 879 879 891 891 892 892 894 894 893 893 894 894 895 895 896 896 895 895 897 897 898 898 897 897 899 899 900 900 901 901 902 902 898 898 899 899 901 901 908 908 907 907 910 910 907 907 899 899 897 897 911 911 910 910 895 895 913 913 911 911 892 892 911 911 895 895 894 894 911 911 914 914 915 915 913 913 918 918 914 914 910 910 915 915 916 916 908 908 916 916 917 917 919 919 937 937 921 921 920 920 921 921 922 922 923 923 922 922 925 925 924 924 925 925 928 928 927 927 928 928 931 931 934 934 933 933 935 935 929 929 931 931 933 933 938 938 935 935 933 933 939 939 938 938 931 931 940 940 939 939 925 925 940 940 922 922 921 921 942 942 949 949 943 943 940 940 943 943 944 944 939 939 944 944 945 945 938 938 946 946 947 947 939 939 945 945 946 946 951 951 957 957 952 952 953 953 952 952 954 954 953 953 954 954 956 956 961 961 960 960 963 963 958 958 959 959 960 960 962 962 963 963 964 964 964 964 1322 1322 1604 1604 969 969 968 968 971 971 966 966 967 967 968 968 970 970 971 971 972 972 976 976 977 977 980 980 974 974 975 975 977 977 979 979 980 980 981 981 981 981 1359 1359 982 982 985 985 987 987 986 986 985 985 986 986 988 988 989 989 988 988 990 990 992 992 996 996 993 993 989 989 990 990 994 994 992 992 994 994 996 996 998 998 997 997 993 993 1000 1000 996 996 994 994 999 999 993 993 996 996 1002 1002 990 990 988 988 1005 1005 987 987 984 984 1004 1004 986 986 987 987 1003 1003 988 988 986 986 1001 1001 994 994 990 990 992 992 1006 1006 1007 1007 991 991 1011 1011 1006 1006 989 989 1007 1007 1008 1008 985 985 1008 1008 1009 1009 1012 1012 1013 1013 1014 1014 1016 1016 1017 1017 1018 1018 1012 1012 1014 1014 1017 1017 1020 1020 1021 1021 1022 1022 1024 1024 1025 1025 1026 1026 1019 1019 1022 1022 1025 1025 1015 1015 1018 1018 1021 1021 1027 1027 1028 1028 1029 1029 1031 1031 1032 1032 1033 1033 1027 1027 1029 1029 1032 1032 1035 1035 1036 1036 1037 1037 1038 1038 1039 1039 1040 1040 1041 1041 1040 1040 1042 1042 1034 1034 1037 1037 1039 1039 1030 1030 1033 1033 1036 1036 1023 1023 1026 1026 1028 1028 1043 1043 1044 1044 1045 1045 1047 1047 1048 1048 1049 1049 1053 1053 1049 1049 1055 1055 1056 1056 1050 1050 1054 1054 1058 1058 1055 1055 1049 1049 1057 1057 1054 1054 1055 1055 1060 1060 1048 1048 1046 1046 1062 1062 1045 1045 1044 1044 1061 1061 1046 1046 1045 1045 1059 1059 1049 1049 1048 1048 1053 1053 1064 1064 1065 1065 1052 1052 1069 1069 1064 1064 1047 1047 1065 1065 1066 1066 1043 1043 1066 1066 1067 1067 1070 1070 1071 1071 1073 1073 1075 1075 1074 1074 1081 1081 1078 1078 1075 1075 1079 1079 1082 1082 1076 1076 1079 1079 1084 1084 1080 1080 1081 1081 1083 1083 1079 1079 1080 1080 1086 1086 1081 1081 1073 1073 1088 1088 1071 1071 1072 1072 1087 1087 1073 1073 1071 1071 1075 1075 1090 1090 1091 1091 1078 1078 1095 1095 1090 1090 1074 1074 1091 1091 1092 1092 1070 1070 1092 1092 1093 1093 1100 1100 1096 1096 1099 1099 1100 1100 1099 1099 1101 1101 1103 1103 1107 1107 1104 1104 1103 1103 1100 1100 1105 1105 1103 1103 1105 1105 1107 1107 1406 1406 1108 1108 1104 1104 1110 1110 1107 1107 1105 1105 1109 1109 1104 1104 1107 1107 1112 1112 1101 1101 1099 1099 1115 1115 1098 1098 1537 1537 1114 1114 1097 1097 1098 1098 1113 1113 1099 1099 1097 1097 1111 1111 1105 1105 1101 1101 1103 1103 1116 1116 1117 1117 1102 1102 1121 1121 1116 1116 1100 1100 1117 1117 1118 1118 1096 1096 1118 1118 1119 1119 1327 1327 1122 1122 1124 1124 1125 1125 1126 1126 1128 1128 1127 1127 1128 1128 1130 1130 1123 1123 1124 1124 1126 1126 1129 1129 1130 1130 1132 1132 1131 1131 1132 1132 1134 1134 1133 1133 1134 1134 1136 1136 1135 1135 1136 1136 1138 1138 1137 1137 1138 1138 1139 1139 1137 1137 1139 1139 1141 1141 1142 1142 1143 1143 1145 1145 1140 1140 1141 1141 1143 1143 1146 1146 1147 1147 1149 1149 1150 1150 1151 1151 1153 1153 1148 1148 1149 1149 1151 1151 1144 1144 1145 1145 1147 1147 1154 1154 1155 1155 1157 1157 1158 1158 1159 1159 1161 1161 1160 1160 1161 1161 1162 1162 1156 1156 1157 1157 1159 1159 1163 1163 1164 1164 1166 1166 1167 1167 1168 1168 1171 1171 1165 1165 1166 1166 1168 1168 1160 1160 1162 1162 1164 1164 1174 1174 1175 1175 1177 1177 1172 1172 1173 1173 1175 1175 1176 1176 1177 1177 1179 1179 1178 1178 1179 1179 1181 1181 1180 1180 1181 1181 1182 1182 1180 1180 1182 1182 1184 1184 1185 1185 1186 1186 1188 1188 1187 1187 1188 1188 1190 1190 1183 1183 1184 1184 1186 1186 1169 1169 1171 1171 1173 1173 1152 1152 1153 1153 1155 1155 1194 1194 1195 1195 1196 1196 1191 1191 1218 1218 1195 1195 1198 1198 1199 1199 1200 1200 1193 1193 1196 1196 1199 1199 1197 1197 1200 1200 1202 1202 1203 1203 1202 1202 1204 1204 1206 1206 1207 1207 1208 1208 1206 1206 1204 1204 1207 1207 1210 1210 1211 1211 1212 1212 1213 1213 1214 1214 1215 1215 1209 1209 1212 1212 1214 1214 1205 1205 1208 1208 1211 1211 1221 1221 1222 1222 1223 1223 1219 1219 1217 1217 1222 1222 1225 1225 1226 1226 1227 1227 1220 1220 1223 1223 1226 1226 1224 1224 1227 1227 1229 1229 1228 1228 1229 1229 1231 1231 1230 1230 1231 1231 1234 1234 1233 1233 1234 1234 1235 1235 1237 1237 1238 1238 1239 1239 1240 1240 1241 1241 1242 1242 1236 1236 1239 1239 1241 1241 1232 1232 1235 1235 1238 1238 1189 1189 1190 1190 1398 1398 1288 1288 1398 1398 1400 1400 1286 1286 1435 1435 1439 1439 1288 1288 1400 1400 1435 1435 1284 1284 1438 1438 1445 1445 1283 1283 1436 1436 1443 1443 1289 1289 1445 1445 1436 1436 1291 1291 1439 1439 1438 1438 1280 1280 1444 1444 1446 1446 1282 1282 1442 1442 1444 1444 1294 1294 1446 1446 1449 1449 1293 1293 1449 1449 1450 1450 1252 1252 1452 1452 1467 1467 1257 1257 1451 1451 1452 1452 1261 1261 1467 1467 1473 1473 1254 1254 1473 1473 1477 1477 1292 1292 1450 1450 1451 1451 1281 1281 1443 1443 1442 1442 1256 1256 1477 1477 1476 1476 1273 1273 1478 1478 1457 1457 1277 1277 1457 1457 1456 1456 1272 1272 1476 1476 1478 1478 1263 1263 1458 1458 1453 1453 1276 1276 1454 1454 1447 1447 1275 1275 1447 1447 1490 1490 1274 1274 1453 1453 1454 1454 1277 1277 1456 1456 1458 1458 1296 1296 1489 1489 1487 1487 1299 1299 1488 1488 1491 1491 1300 1300 1491 1491 1492 1492 1298 1298 1487 1487 1488 1488 1308 1308 1484 1484 1483 1483 1327 1327 1433 1433 1122 1122 1317 1317 1434 1434 1433 1433 1310 1310 1483 1483 1434 1434 1300 1300 1492 1492 1484 1484 1295 1295 1490 1490 1489 1489 1534 1534 1372 1372 1373 1373 1535 1535 1370 1370 1368 1368 1547 1547 1373 1373 1370 1370 1536 1536 1369 1369 1366 1366 1545 1545 1368 1368 1369 1369 1422 1422 1537 1537 1538 1538 1421 1421 1540 1540 1541 1541 1420 1420 1539 1539 1540 1540 1422 1422 1538 1538 1539 1539 1421 1421 1541 1541 1542 1542 1413 1413 1542 1542 1543 1543 1409 1409 1543 1543 1544 1544 1406 1406 1544 1544 1108 1108 1545 1545 1541 1541 1535 1535 1535 1535 1541 1541 1540 1540 1541 1541 1545 1545 1542 1542 1547 1547 1535 1535 1540 1540 1547 1547 1540 1540 1539 1539 1545 1545 1546 1546 1543 1543 1548 1548 1249 1249 1244 1244 1549 1549 1244 1244 1247 1247 1550 1550 1247 1247 1259 1259 1089 1089 1072 1072 1552 1552 1469 1469 1553 1553 1554 1554 1468 1468 1552 1552 1553 1553 1471 1471 1555 1555 1556 1556 1460 1460 1558 1558 1076 1076 1462 1462 1557 1557 1558 1558 1464 1464 1556 1556 1557 1557 1469 1469 1554 1554 1555 1555 1551 1551 1557 1557 1556 1556 1550 1550 1556 1556 1555 1555 1550 1550 1555 1555 1554 1554 1548 1548 1549 1549 1552 1552 1549 1549 1554 1554 1553 1553 1559 1559 1333 1333 1334 1334 1560 1560 1334 1334 1335 1335 1561 1561 1335 1335 1340 1340 1063 1063 1044 1044 1563 1563 1395 1395 1564 1564 1565 1565 1389 1389 1563 1563 1564 1564 1394 1394 1565 1565 1566 1566 1387 1387 1568 1568 1050 1050 1387 1387 1567 1567 1568 1568 1388 1388 1566 1566 1567 1567 1561 1561 1562 1562 1566 1566 1560 1560 1561 1561 1565 1565 1560 1560 1564 1564 1563 1563 1041 1041 1042 1042 1499 1499 1571 1571 1500 1500 1501 1501 1569 1569 1499 1499 1500 1500 1573 1573 1506 1506 1515 1515 1575 1575 1516 1516 1519 1519 1572 1572 1515 1515 1516 1516 1570 1570 1501 1501 1506 1506 1576 1576 1518 1518 1520 1520 1578 1578 1522 1522 1524 1524 1576 1576 1520 1520 1522 1522 1580 1580 1514 1514 1510 1510 1582 1582 1509 1509 1512 1512 1581 1581 1512 1512 1013 1013 1579 1579 1510 1510 1509 1509 1577 1577 1524 1524 1514 1514 1574 1574 1519 1519 1518 1518 1595 1595 1270 1270 1268 1268 1583 1583 1271 1271 1270 1270 1594 1594 1268 1268 1266 1266 1584 1584 1266 1266 1264 1264 1005 1005 984 984 1585 1585 1503 1503 1586 1586 1587 1587 1507 1507 1585 1585 1586 1586 1504 1504 1588 1588 1589 1589 1480 1480 1591 1591 997 997 1481 1481 1590 1590 1591 1591 1482 1482 1589 1589 1590 1590 1505 1505 1587 1587 1588 1588 1592 1592 1589 1589 1588 1588 1595 1595 1594 1594 1587 1587 1594 1594 1588 1588 1587 1587 1583 1583 1595 1595 1585 1585 1595 1595 1587 1587 1586 1586 1416 1416 1418 1418 1374 1374 1375 1375 1378 1378 1417 1417 1418 1418 1419 1419 1371 1371 1377 1377 1414 1414 1415 1415 1408 1408 1414 1414 1377 1377 1408 1408 1376 1376 1530 1530 1417 1417 1378 1378 1379 1379 1525 1525 1523 1523 1302 1302 1305 1305 1521 1521 1525 1525 1302 1302 1523 1523 1517 1517 1306 1306 1508 1508 1511 1511 1307 1307 1513 1513 1508 1508 1521 1521 1305 1305 1304 1304 1258 1258 1459 1459 1441 1441 1258 1258 1246 1246 1461 1461 1260 1260 1441 1441 1440 1440 1245 1245 1470 1470 1463 1463 1472 1472 1470 1470 1245 1245 1472 1472 1243 1243 1526 1526 1461 1461 1246 1246 1248 1248 1345 1345 1381 1381 1380 1380 1345 1345 1344 1344 1382 1382 1346 1346 1380 1380 1384 1384 1385 1385 1383 1383 1343 1343 1386 1386 1385 1385 1342 1342 1386 1386 1341 1341 1528 1528 1383 1383 1382 1382 1344 1344 1597 1597 1359 1359 1353 1353 1596 1596 1353 1353 1350 1350 1598 1598 1350 1350 1351 1351 1359 1359 1597 1597 982 982 1601 1601 1354 1354 1352 1352 1602 1602 1352 1352 1355 1355 1603 1603 1355 1355 1356 1356 1604 1604 1322 1322 1314 1314 1605 1605 1314 1314 1318 1318 1606 1606 1318 1318 1316 1316 1610 1610 1323 1323 1319 1319 1609 1609 1325 1325 1323 1323 1611 1611 1319 1319 1324 1324 1612 1612 1362 1362 1364 1364 1613 1613 1364 1364 1357 1357 1614 1614 1357 1357 1363 1363 1615 1615 1617 1617 1616 1616 1615 1615 1616 1616 1618 1618 1614 1614 1618 1618 1619 1619 1614 1614 1619 1619 1620 1620 1612 1612 1613 1613 1621 1621 1428 1428 1621 1621 1622 1622 1427 1427 1622 1622 1620 1620 1425 1425 1620 1620 1619 1619 1424 1424 1618 1618 1616 1616 1423 1423 1616 1616 1617 1617 1426 1426 1619 1619 1618 1618 1623 1623 1320 1320 1313 1313 1624 1624 1313 1313 1311 1311 1625 1625 1311 1311 1309 1309 1626 1626 1628 1628 1627 1627 1626 1626 1627 1627 1629 1629 1625 1625 1629 1629 1630 1630 1624 1624 1633 1633 1631 1631 1625 1625 1630 1630 1632 1632 1624 1624 1632 1632 1633 1633 1497 1497 1631 1631 1633 1633 1496 1496 1633 1633 1632 1632 1496 1496 1632 1632 1630 1630 1486 1486 1629 1629 1627 1627 1485 1485 1627 1627 1628 1628 1495 1495 1630 1630 1629 1629 1331 1331 1402 1402 1403 1403 1336 1336 1403 1403 1404 1404 1337 1337 1404 1404 1401 1401 1402 1402 1332 1332 887 887 1401 1401 889 889 879 879 1017 1017 1635 1635 1636 1636 1014 1014 1634 1634 1635 1635 1021 1021 1637 1637 1638 1638 1025 1025 1639 1639 1640 1640 1022 1022 1638 1638 1639 1639 1018 1018 1636 1636 1637 1637 1032 1032 1642 1642 1643 1643 1029 1029 1641 1641 1642 1642 1036 1036 1644 1644 1645 1645 1039 1039 1646 1646 1647 1647 1037 1037 1645 1645 1646 1646 1033 1033 1643 1643 1644 1644 1026 1026 1640 1640 1641 1641 1648 1648 1649 1649 1651 1651 1652 1652 1653 1653 1655 1655 1654 1654 1655 1655 1657 1657 1650 1650 1651 1651 1653 1653 1656 1656 1657 1657 1659 1659 1658 1658 1659 1659 1661 1661 1660 1660 1661 1661 1663 1663 1662 1662 1663 1663 1664 1664 1665 1665 1666 1666 1668 1668 1669 1669 1670 1670 1672 1672 1667 1667 1668 1668 1670 1670 1673 1673 1674 1674 1676 1676 1675 1675 1676 1676 1678 1678 1677 1677 1678 1678 1679 1679 1677 1677 1679 1679 1681 1681 1671 1671 1672 1672 1674 1674 1662 1662 1664 1664 1666 1666 1682 1682 1683 1683 1685 1685 1686 1686 1687 1687 1689 1689 1684 1684 1685 1685 1687 1687 1690 1690 1691 1691 1693 1693 1692 1692 1693 1693 1694 1694 1695 1695 1696 1696 1698 1698 1692 1692 1694 1694 1696 1696 1688 1688 1689 1689 1691 1691 1699 1699 1700 1700 1702 1702 1703 1703 1704 1704 1706 1706 1701 1701 1702 1702 1704 1704 1707 1707 1708 1708 1710 1710 1709 1709 1710 1710 1712 1712 1711 1711 1712 1712 1713 1713 1714 1714 1713 1713 1840 1840 1705 1705 1706 1706 1708 1708 1697 1697 1698 1698 1700 1700 1680 1680 1681 1681 1683 1683 1756 1756 1926 1926 1924 1924 1758 1758 1929 1929 1926 1926 1760 1760 1937 1937 1939 1939 1759 1759 1939 1939 1929 1929 1761 1761 1938 1938 1937 1937 1763 1763 1931 1931 1934 1934 1763 1763 1916 1916 1931 1931 1762 1762 1934 1934 1938 1938 1876 1876 1892 1892 1717 1717 1718 1718 1880 1880 1876 1876 1720 1720 1886 1886 1884 1884 1722 1722 1884 1884 1880 1880 1904 1904 1886 1886 1726 1726 1890 1890 1901 1901 1731 1731 1733 1733 1888 1888 1890 1890 1920 1920 1888 1888 1754 1754 1924 1924 1920 1920 1755 1755 1901 1901 1904 1904 1728 1728 1738 1738 1893 1893 1874 1874 1737 1737 1895 1895 1893 1893 1894 1894 1895 1895 1723 1723 1725 1725 1897 1897 1896 1896 1892 1892 1897 1897 1716 1716 1896 1896 1724 1724 1725 1725 1835 1835 1785 1785 1786 1786 1837 1837 1783 1783 1784 1784 1836 1836 1784 1784 1782 1782 1834 1834 1786 1786 1783 1783 1839 1839 1778 1778 1779 1779 1841 1841 1779 1779 1747 1747 1870 1870 1745 1745 1740 1740 1874 1874 1739 1739 1738 1738 1872 1872 1740 1740 1739 1739 1844 1844 1747 1747 1745 1745 1838 1838 1782 1782 1778 1778 1794 1794 1824 1824 1825 1825 1792 1792 1821 1821 1824 1824 1793 1793 1829 1829 1822 1822 1792 1792 1822 1822 1821 1821 1829 1829 1793 1793 1791 1791 1790 1790 1827 1827 1829 1829 1788 1788 1823 1823 1828 1828 1789 1789 1828 1828 1827 1827 1805 1805 1853 1853 1849 1849 1812 1812 1848 1848 1853 1853 1811 1811 1846 1846 1847 1847 1814 1814 1845 1845 1846 1846 1813 1813 1847 1847 1848 1848 1799 1799 1833 1833 1845 1845 1797 1797 1830 1830 1831 1831 1796 1796 1832 1832 1830 1830 1825 1825 1826 1826 1787 1787 1795 1795 1826 1826 1832 1832 1833 1833 1799 1799 1798 1798 1855 1855 1857 1857 1816 1816 1856 1856 1855 1855 1816 1816 1818 1818 1852 1852 1854 1854 1819 1819 1854 1854 1856 1856 1852 1852 1818 1818 1815 1815 1815 1815 1851 1851 1852 1852 1817 1817 1849 1849 1850 1850 1820 1820 1850 1850 1851 1851 1804 1804 1857 1857 1858 1858 1801 1801 1859 1859 1860 1860 1800 1800 1860 1860 1863 1863 1806 1806 1858 1858 1859 1859 1808 1808 1864 1864 1862 1862 1803 1803 1862 1862 1861 1861 1771 1771 1913 1913 1908 1908 1770 1770 1915 1915 1916 1916 1769 1769 1908 1908 1915 1915 1773 1773 1861 1861 1913 1913 1810 1810 1863 1863 1864 1864 1777 1777 1840 1840 1842 1842 1781 1781 1843 1843 1868 1868 1780 1780 1842 1842 1843 1843 1748 1748 1871 1871 1873 1873 1746 1746 1869 1869 1871 1871 1743 1743 1873 1873 1877 1877 1742 1742 1877 1877 1878 1878 1776 1776 1868 1868 1869 1869 1744 1744 1879 1879 1881 1881 1744 1744 1875 1875 1879 1879 1719 1719 1881 1881 1882 1882 1752 1752 1882 1882 1885 1885 1750 1750 1885 1885 1887 1887 1721 1721 1887 1887 1898 1898 1734 1734 1898 1898 1899 1899 1727 1727 1899 1899 1905 1905 1741 1741 1878 1878 1875 1875 1729 1729 1905 1905 1903 1903 1735 1735 1902 1902 1900 1900 1730 1730 1900 1900 1891 1891 1732 1732 1903 1903 1902 1902 1736 1736 1891 1891 1889 1889 1751 1751 1889 1889 1883 1883 1753 1753 1883 1883 1911 1911 1757 1757 1911 1911 1907 1907 1764 1764 1906 1906 1910 1910 1768 1768 1909 1909 1914 1914 1767 1767 1910 1910 1909 1909 1774 1774 1912 1912 1867 1867 1775 1775 1867 1867 1865 1865 1807 1807 1865 1865 1866 1866 1809 1809 1866 1866 1649 1649 1772 1772 1914 1914 1912 1912 1765 1765 1907 1907 1906 1906 1042 1042 1647 1647 1917 1917 1500 1500 1919 1919 1918 1918 1499 1499 1917 1917 1919 1919 1506 1506 1922 1922 1921 1921 1516 1516 1923 1923 1925 1925 1515 1515 1921 1921 1923 1923 1501 1501 1918 1918 1922 1922 1518 1518 1925 1925 1928 1928 1522 1522 1927 1927 1930 1930 1520 1520 1928 1928 1927 1927 1514 1514 1936 1936 1935 1935 1509 1509 1933 1933 1932 1932 1512 1512 1932 1932 1634 1634 1510 1510 1935 1935 1933 1933 1524 1524 1930 1930 1936 1936 1942 1942 1946 1946 1950 1950 1962 1962 1964 1964 1964 1964 1942 1942 1943 1943 1943 1943 1981 1981 1982 1982 1982 1982 1972 1972 1963 1963 1963 1963 1940 1940 1942 1942 1942 1942 1980 1980 1981 1981 1981 1981 1971 1971 1972 1972 1972 1972 1951 1951 1940 1940 1940 1940 1979 1979 1980 1980 1980 1980 1970 1970 1971 1971 1971 1971 1953 1953 1951 1951 1951 1951 1978 1978 1979 1979 1979 1979 1969 1969 1970 1970 1970 1970 1954 1954 1953 1953 1953 1953 1977 1977 1978 1978 1978 1978 1968 1968 1969 1969 1969 1969 1955 1955 1954 1954 1954 1954 1976 1976 1977 1977 1977 1977 1950 1950 1941 1941 1941 1941 1967 1967 1968 1968 1968 1968 1956 1956 1955 1955 1955 1955 1975 1975 1976 1976 1976 1976 1949 1949 1950 1950 1950 1950 1966 1966 1967 1967 1967 1967 1957 1957 1956 1956 1956 1956 1973 1973 1975 1975 1975 1975 1948 1948 1949 1949 1949 1949 1965 1965 1966 1966 1966 1966 1958 1958 1957 1957 1957 1957 1963 1963 1973 1973 1973 1973 1947 1947 1948 1948 1948 1948 1964 1964 1965 1965 1965 1965 1959 1959 1958 1958 1958 1958 1946 1946 1947 1947 1947 1947 1962 1962 1964 1964 1964 1964 1960 1960 1959 1959 1959 1959 1945 1945 1946 1946 1946 1946 1974 1974 1952 1952 1952 1952 1961 1961 1960 1960 1960 1960 1944 1944 1945 1945 1945 1945 1983 1983 1974 1974 1974 1974 1952 1952 1961 1961 1961 1961 1943 1943 1944 1944 1944 1944 1982 1982 1983 1983 1983 1983 1941 1941 1962 1962 1962 1962 1951 1951 1989 1989 1940 1940 1960 1960 1959 1959 1959 1959 1945 1945 1946 1946 1946 1946 1974 1974 1952 1952 1952 1952 1961 1961 1960 1960 1960 1960 1944 1944 1945 1945 1945 1945 1983 1983 1974 1974 1974 1974 1952 1952 1961 1961 1961 1961 1943 1943 1944 1944 1944 1944 1982 1982 1983 1983 1983 1983 1941 1941 1962 1962 1962 1962 1942 1942 1943 1943 1943 1943 1981 1981 1982 1982 1982 1982 1972 1972 1963 1963 1963 1963 1940 1940 1942 1942 1942 1942 1980 1980 1981 1981 1981 1981 1971 1971 1972 1972 1972 1972 1951 1951 1940 1940 1940 1940 1979 1979 1980 1980 1980 1980 1970 1970 1971 1971 1971 1971 1953 1953 1951 1951 1951 1951 1978 1978 1979 1979 1979 1979 1969 1969 1970 1970 1970 1970 1954 1954 1953 1953 1953 1953 1977 1977 1978 1978 1978 1978 1968 1968 1969 1969 1969 1969 1955 1955 1954 1954 1954 1954 1976 1976 1977 1977 1977 1977 1950 1950 1941 1941 1941 1941 1967 1967 1968 1968 1968 1968 1956 1956 1955 1955 1955 1955 1975 1975 1976 1976 1976 1976 1949 1949 1950 1950 1950 1950 1966 1966 1967 1967 1967 1967 1957 1957 1956 1956 1956 1956 1973 1973 1975 1975 1975 1975 1948 1948 1949 1949 1949 1949 1965 1965 1966 1966 1966 1966 1958 1958 1957 1957 1957 1957 1963 1963 1973 1973 1973 1973 1947 1947 1948 1948 1948 1948 1964 1964 1965 1965 1965 1965 1959 1959 1958 1958 1958 1958 1946 1946 1947 1947 1947 1947 1997 1997 2001 2001 1996 1996 1979 1979 2006 2006 1980 1980 1970 1970 1999 1999 1971 1971 1978 1978 2007 2007 1979 1979 1969 1969 1999 1999 1970 1970 1953 1953 1991 1991 1990 1990 1977 1977 2007 2007 1978 1978 1968 1968 2000 2000 1969 1969 1976 1976 2008 2008 1977 1977 1967 1967 2000 2000 1968 1968 1955 1955 1992 1992 1991 1991 1975 1975 2008 2008 1976 1976 1950 1950 1985 1985 1984 1984 1966 1966 2001 2001 1967 1967 1973 1973 2009 2009 1975 1975 1965 1965 2002 2002 1966 1966 1957 1957 1993 1993 1992 1992 1973 1973 1997 1997 2009 2009 1948 1948 1986 1986 1985 1985 1965 1965 2003 2003 2002 2002 1962 1962 2003 2003 1964 1964 1959 1959 1994 1994 1993 1993 1946 1946 1987 1987 1986 1986 1974 1974 1995 1995 1952 1952 1983 1983 2004 2004 1974 1974 1961 1961 1995 1995 1994 1994 1944 1944 1988 1988 1987 1987 1982 1982 2004 2004 1983 1983 1941 1941 1996 1996 1962 1962 1981 1981 2005 2005 1982 1982 1963 1963 1998 1998 1997 1997 1942 1942 1989 1989 1988 1988 1980 1980 2005 2005 1981 1981 1971 1971 1998 1998 1972 1972 1950 1950 1941 1941 1940 1940 1941 1941 1962 1962 1963 1963 1962 1962 1964 1964 1965 1965 1965 1965 1966 1966 1967 1967 1967 1967 1968 1968 1965 1965 1968 1968 1969 1969 1965 1965 1969 1969 1970 1970 1971 1971 1971 1971 1972 1972 1969 1969 1972 1972 1963 1963 1969 1969 1963 1963 1973 1973 1940 1940 1973 1973 1975 1975 1974 1974 1952 1952 1973 1973 1974 1974 1975 1975 1976 1976 1977 1977 1977 1977 1978 1978 1981 1981 1978 1978 1979 1979 1981 1981 1979 1979 1980 1980 1981 1981 1981 1981 1982 1982 1983 1983 1983 1983 1974 1974 1975 1975 1952 1952 1961 1961 1958 1958 1961 1961 1960 1960 1958 1958 1960 1960 1959 1959 1958 1958 1958 1958 1957 1957 1956 1956 1956 1956 1955 1955 1958 1958 1955 1955 1954 1954 1958 1958 1954 1954 1953 1953 1951 1951 1951 1951 1940 1940 1952 1952 1940 1940 1942 1942 1950 1950 1952 1952 1940 1940 1973 1973 1942 1942 1943 1943 1944 1944 1944 1944 1945 1945 1942 1942 1945 1945 1946 1946 1942 1942 1946 1946 1947 1947 1948 1948 1948 1948 1949 1949 1950 1950 1941 1941 1963 1963 1940 1940 1962 1962 1965 1965 1963 1963 1975 1975 1977 1977 1983 1983 1981 1981 1983 1983 1977 1977 1954 1954 1951 1951 1952 1952 1946 1946 1948 1948 1950 1950 1965 1965 1969 1969 1963 1963 1952 1952 1958 1958 1954 1954 1962 1962 1962 1962 1964 1964 1942 1942 1942 1942 1943 1943 1981 1981 1981 1981 1982 1982 1972 1972 1972 1972 1963 1963 1940 1940 1940 1940 1942 1942 1980 1980 1980 1980 1981 1981 1971 1971 1971 1971 1972 1972 1951 1951 1951 1951 1940 1940 1979 1979 1979 1979 1980 1980 1970 1970 1970 1970 1971 1971 1953 1953 1953 1953 1951 1951 1978 1978 1978 1978 1979 1979 1969 1969 1969 1969 1970 1970 1954 1954 1954 1954 1953 1953 1977 1977 1977 1977 1978 1978 1968 1968 1968 1968 1969 1969 1955 1955 1955 1955 1954 1954 1976 1976 1976 1976 1977 1977 1950 1950 1950 1950 1941 1941 1967 1967 1967 1967 1968 1968 1956 1956 1956 1956 1955 1955 1975 1975 1975 1975 1976 1976 1949 1949 1949 1949 1950 1950 1966 1966 1966 1966 1967 1967 1957 1957 1957 1957 1956 1956 1973 1973 1973 1973 1975 1975 1948 1948 1948 1948 1949 1949 1965 1965 1965 1965 1966 1966 1958 1958 1958 1958 1957 1957 1963 1963 1963 1963 1973 1973 1947 1947 1947 1947 1948 1948 1964 1964 1964 1964 1965 1965 1959 1959 1959 1959 1958 1958 1946 1946 1946 1946 1947 1947 1962 1962 1962 1962 1964 1964 1960 1960 1960 1960 1959 1959 1945 1945 1945 1945 1946 1946 1974 1974 1974 1974 1952 1952 1961 1961 1961 1961 1960 1960 1944 1944 1944 1944 1945 1945 1983 1983 1983 1983 1974 1974 1952 1952 1952 1952 1961 1961 1943 1943 1943 1943 1944 1944 1982 1982 1982 1982 1983 1983 1941 1941 1941 1941 1962 1962 1951 1951 1990 1990 1989 1989 1960 1960 1960 1960 1959 1959 1945 1945 1945 1945 1946 1946 1974 1974 1974 1974 1952 1952 1961 1961 1961 1961 1960 1960 1944 1944 1944 1944 1945 1945 1983 1983 1983 1983 1974 1974 1952 1952 1952 1952 1961 1961 1943 1943 1943 1943 1944 1944 1982 1982 1982 1982 1983 1983 1941 1941 1941 1941 1962 1962 1942 1942 1942 1942 1943 1943 1981 1981 1981 1981 1982 1982 1972 1972 1972 1972 1963 1963 1940 1940 1940 1940 1942 1942 1980 1980 1980 1980 1981 1981 1971 1971 1971 1971 1972 1972 1951 1951 1951 1951 1940 1940 1979 1979 1979 1979 1980 1980 1970 1970 1970 1970 1971 1971 1953 1953 1953 1953 1951 1951 1978 1978 1978 1978 1979 1979 1969 1969 1969 1969 1970 1970 1954 1954 1954 1954 1953 1953 1977 1977 1977 1977 1978 1978 1968 1968 1968 1968 1969 1969 1955 1955 1955 1955 1954 1954 1976 1976 1976 1976 1977 1977 1950 1950 1950 1950 1941 1941 1967 1967 1967 1967 1968 1968 1956 1956 1956 1956 1955 1955 1975 1975 1975 1975 1976 1976 1949 1949 1949 1949 1950 1950 1966 1966 1966 1966 1967 1967 1957 1957 1957 1957 1956 1956 1973 1973 1973 1973 1975 1975 1948 1948 1948 1948 1949 1949 1965 1965 1965 1965 1966 1966 1958 1958 1958 1958 1957 1957 1963 1963 1963 1963 1973 1973 1947 1947 1947 1947 1948 1948 1964 1964 1964 1964 1965 1965 1959 1959 1959 1959 1958 1958 1946 1946 1946 1946 1947 1947 1996 1996 1984 1984 1989 1989 1986 1986 1987 1987 1985 1985 1988 1988 1989 1989 1984 1984 1989 1989 1990 1990 2004 2004 1996 1996 1989 1989 2004 2004 1991 1991 1992 1992 1990 1990 1995 1995 2004 2004 1990 1990 2004 2004 2005 2005 2007 2007 2005 2005 2006 2006 2007 2007 2009 2009 1997 1997 1996 1996 1997 1997 1998 1998 1999 1999 2002 2002 2003 2003 1996 1996 1984 1984 1985 1985 1987 1987 1987 1987 1988 1988 1984 1984 1992 1992 1993 1993 1994 1994 1994 1994 1995 1995 1990 1990 2007 2007 2008 2008 2004 2004 2008 2008 2009 2009 2004 2004 2009 2009 1996 1996 2004 2004 1997 1997 1999 1999 2001 2001 1999 1999 2000 2000 2001 2001 2001 2001 2002 2002 1996 1996 1990 1990 1992 1992 1994 1994 1979 1979 2007 2007 2006 2006 1951 1951 1953 1953 1990 1990 1969 1969 2000 2000 1999 1999 1953 1953 1954 1954 1991 1991 1977 1977 2008 2008 2007 2007 1954 1954 1955 1955 1991 1991 1941 1941 1950 1950 1984 1984 1967 1967 2001 2001 2000 2000 1955 1955 1956 1956 1992 1992 1975 1975 2009 2009 2008 2008 1950 1950 1949 1949 1985 1985 1966 1966 2002 2002 2001 2001 1956 1956 1957 1957 1992 1992 1949 1949 1948 1948 1985 1985 1957 1957 1958 1958 1993 1993 1973 1973 1963 1963 1997 1997 1948 1948 1947 1947 1986 1986 1965 1965 1964 1964 2003 2003 1958 1958 1959 1959 1993 1993 1947 1947 1946 1946 1986 1986 1962 1962 1996 1996 2003 2003 1959 1959 1960 1960 1994 1994 1946 1946 1945 1945 1987 1987 1974 1974 2004 2004 1995 1995 1960 1960 1961 1961 1994 1994 1945 1945 1944 1944 1987 1987 1961 1961 1952 1952 1995 1995 1944 1944 1943 1943 1988 1988 1982 1982 2005 2005 2004 2004 1941 1941 1984 1984 1996 1996 1943 1943 1942 1942 1988 1988 1963 1963 1972 1972 1998 1998 1942 1942 1940 1940 1989 1989 1980 1980 2006 2006 2005 2005 1971 1971 1999 1999 1998 1998</p></triangles></mesh>
    </geometry>
  </library_geometries>
  <library_visual_scenes>
    <visual_scene id="Scene" name="Scene">
      <node id="Circle_004" name="Circle.004" type="NODE">
        <matrix sid="transform">0.002400001 0 0 0.062138 0 0.002400001 0 -0.06358016 0 0 0.002400001 -0.08095364 0 0 0 1</matrix>
        <instance_geometry url="#Circle_014-mesh" name="Circle.004">
          <bind_material>
            <technique_common>
              <instance_material symbol="Material_003-material" target="#Material_003-material">
                <bind_vertex_input semantic="Circle_007-mesh-map-0" input_semantic="TEXCOORD" input_set="0"/>
              </instance_material>
            </technique_common>
          </bind_material>
        </instance_geometry>
      </node>
      <node id="Circle_003" name="Circle.003" type="NODE">
        <matrix sid="transform">0.007000003 0 0 -0.06303164 0 0.007000003 0 0.06283199 0 0 0.007000003 -0.08007281 0 0 0 1</matrix>
        <instance_geometry url="#Circle_013-mesh" name="Circle.003">
          <bind_material>
            <technique_common>
              <instance_material symbol="Material_002-material" target="#Material_002-material">
                <bind_vertex_input semantic="Circle_006-mesh-map-0" input_semantic="TEXCOORD" input_set="0"/>
              </instance_material>
            </technique_common>
          </bind_material>
        </instance_geometry>
      </node>
      <node id="Circle_001" name="Circle.001" type="NODE">
        <matrix sid="transform">0.008500001 0 0 -0.06303164 0 0.008500001 0 0.06283199 0 0 0.008500001 -0.08093487 0 0 0 1</matrix>
        <instance_geometry url="#Circle_012-mesh" name="Circle.001">
          <bind_material>
            <technique_common>
              <instance_material symbol="Gray_002-material" target="#Gray_002-material">
                <bind_vertex_input semantic="Circle_004-mesh-map-0" input_semantic="TEXCOORD" input_set="0"/>
              </instance_material>
            </technique_common>
          </bind_material>
        </instance_geometry>
      </node>
      <node id="Plane_002" name="Plane.002" type="NODE">
        <matrix sid="transform">3.38835e-10 0 0.004488002 -0.07820982 0 0.004488002 0 -0.03049983 -0.004488002 0 3.38835e-10 -0.1188359 0 0 0 1</matrix>
        <instance_geometry url="#Plane_005-mesh" name="Plane.002">
          <bind_material>
            <technique_common>
              <instance_material symbol="Material_002-material" target="#Material_002-material">
                <bind_vertex_input semantic="Plane_003-mesh-map-0" input_semantic="TEXCOORD" input_set="0"/>
              </instance_material>
            </technique_common>
          </bind_material>
        </instance_geometry>
      </node>
      <node id="Circle_002" name="Circle.002" type="NODE">
        <matrix sid="transform">9.52803e-11 0 0.001262026 -0.07820599 0 0.001262026 0 -0.05407351 -0.001262026 0 9.52803e-11 -0.1186686 0 0 0 1</matrix>
        <instance_geometry url="#Circle_011-mesh" name="Circle.002">
          <bind_material>
            <technique_common>
              <instance_material symbol="Material_002-material" target="#Material_002-material">
                <bind_vertex_input semantic="Circle_003-mesh-map-0" input_semantic="TEXCOORD" input_set="0"/>
              </instance_material>
            </technique_common>
          </bind_material>
        </instance_geometry>
      </node>
      <node id="Circle" name="Circle" type="NODE">
        <matrix sid="transform">2.87422e-10 0 0.003807019 -0.07820599 0 0.003807019 0 -0.05407351 -0.003807019 0 2.87422e-10 -0.1186686 0 0 0 1</matrix>
        <instance_geometry url="#Circle_010-mesh" name="Circle">
          <bind_material>
            <technique_common>
              <instance_material symbol="Black_004-material" target="#Black_004-material"/>
            </technique_common>
          </bind_material>
        </instance_geometry>
      </node>
      <node id="Plane_001" name="Plane.001" type="NODE">
        <matrix sid="transform">7.54979e-10 0 0.01 -0.07818367 0 0.01 0 -0.03210039 -0.01 0 7.54979e-10 -0.1197275 0 0 0 1</matrix>
        <instance_geometry url="#Plane_004-mesh" name="Plane.001">
          <bind_material>
            <technique_common>
              <instance_material symbol="Gray_002-material" target="#Gray_002-material">
                <bind_vertex_input semantic="Plane_001-mesh-map-0" input_semantic="TEXCOORD" input_set="0"/>
              </instance_material>
            </technique_common>
          </bind_material>
        </instance_geometry>
      </node>
      <node id="Plane" name="Plane" type="NODE">
        <matrix sid="transform">1.50996e-9 0 0.02 -0.07810132 0 0.02 0 -0.04117546 -0.02 0 1.50996e-9 -0.1090903 0 0 0 1</matrix>
        <instance_geometry url="#Plane_002-mesh" name="Plane">
          <bind_material>
            <technique_common>
              <instance_material symbol="Black_004-material" target="#Black_004-material">
                <bind_vertex_input semantic="Plane-mesh-map-0" input_semantic="TEXCOORD" input_set="0"/>
              </instance_material>
            </technique_common>
          </bind_material>
        </instance_geometry>
      </node>
      <node id="Light" name="Light" type="NODE">
        <matrix sid="transform">-0.2908645 -0.7711007 0.5663934 4.076245 0.9551712 -0.1998832 0.2183912 1.005454 -0.05518911 0.6045248 0.7946722 5.903862 0 0 0 1</matrix>
        <instance_light url="#Light-light"/>
      </node>
      <node id="Camera" name="Camera" type="NODE">
        <matrix sid="transform">0.6859207 -0.3240135 0.6515582 7.358891 0.7276763 0.3054209 -0.6141704 -6.925791 -4.01133e-9 0.8953956 0.4452714 4.958309 0 0 0 1</matrix>
        <instance_camera url="#Camera-camera"/>
      </node>
      <node id="LinkBase" name="LinkBase" type="NODE">
        <matrix sid="transform">-4.37108e-11 -9.99987e-4 -7.23207e-9 -9.02939e-5 9.99987e-4 -4.37108e-11 -9.59225e-16 -9.82928e-5 6.43102e-16 -7.23207e-9 9.99987e-4 -0.1059534 0 0 0 1</matrix>
        <instance_geometry url="#object_5_182-mesh" name="LinkBase">
          <bind_material>
            <technique_common>
              <instance_material symbol="Black-material" target="#Black-material">
                <bind_vertex_input semantic="object_5_001-mesh-map-0" input_semantic="TEXCOORD" input_set="0"/>
                <bind_vertex_input semantic="object_5_001-mesh-map-1" input_semantic="TEXCOORD" input_set="1"/>
              </instance_material>
            </technique_common>
          </bind_material>
        </instance_geometry>
        <node id="LinkBase_side" name="LinkBase_side" type="NODE">
          <matrix sid="transform">0.9999996 -1.32404e-7 -2.63782e-8 -3.10689e-6 1.32403e-7 0.9999996 -4.00889e-6 -1.04606e-5 2.63787e-8 4.00889e-6 0.9999995 4.64293e-5 0 0 0 1</matrix>
          <instance_geometry url="#object_4_010-mesh" name="LinkBase_side">
            <bind_material>
              <technique_common>
                <instance_material symbol="White_001-material" target="#White_001-material">
                  <bind_vertex_input semantic="object_4_001-mesh-map-0" input_semantic="TEXCOORD" input_set="0"/>
                  <bind_vertex_input semantic="object_4_001-mesh-map-1" input_semantic="TEXCOORD" input_set="1"/>
                </instance_material>
              </technique_common>
            </bind_material>
          </instance_geometry>
        </node>
        <node id="LinkBase_side_001" name="LinkBase_side.001" type="NODE">
          <matrix sid="transform">0.9999996 -1.32404e-7 -2.63782e-8 43.09296 1.32403e-7 0.9999996 -4.00889e-6 78.69731 2.63787e-8 4.00889e-6 0.9999995 -14.26971 0 0 0 1</matrix>
          <instance_geometry url="#object_4_005-mesh" name="LinkBase_side.001">
            <bind_material>
              <technique_common>
                <instance_material symbol="Black_004-material" target="#Black_004-material">
                  <bind_vertex_input semantic="object_4_006-mesh-map-0" input_semantic="TEXCOORD" input_set="0"/>
                  <bind_vertex_input semantic="object_4_006-mesh-map-1" input_semantic="TEXCOORD" input_set="1"/>
                </instance_material>
              </technique_common>
            </bind_material>
          </instance_geometry>
        </node>
        <node id="LinkBase_side_002" name="LinkBase_side.002" type="NODE">
          <matrix sid="transform">0.9999996 -1.32404e-7 -2.63782e-8 43.09296 1.32403e-7 0.9999996 -4.00889e-6 78.69731 2.63787e-8 4.00889e-6 0.9999995 -14.26971 0 0 0 1</matrix>
          <instance_geometry url="#object_4_004-mesh" name="LinkBase_side.002">
            <bind_material>
              <technique_common>
                <instance_material symbol="Black_004-material" target="#Black_004-material">
                  <bind_vertex_input semantic="object_4_007-mesh-map-0" input_semantic="TEXCOORD" input_set="0"/>
                  <bind_vertex_input semantic="object_4_007-mesh-map-1" input_semantic="TEXCOORD" input_set="1"/>
                </instance_material>
              </technique_common>
            </bind_material>
          </instance_geometry>
        </node>
        <node id="LinkBase_side_003" name="LinkBase_side.003" type="NODE">
          <matrix sid="transform">0.9999996 -1.32404e-7 -2.63782e-8 23.7275 1.32403e-7 0.9999996 -4.00889e-6 78.69731 2.63787e-8 4.00889e-6 0.9999995 -14.26971 0 0 0 1</matrix>
          <instance_geometry url="#object_4_003-mesh" name="LinkBase_side.003">
            <bind_material>
              <technique_common>
                <instance_material symbol="Black_004-material" target="#Black_004-material">
                  <bind_vertex_input semantic="object_4_008-mesh-map-0" input_semantic="TEXCOORD" input_set="0"/>
                  <bind_vertex_input semantic="object_4_008-mesh-map-1" input_semantic="TEXCOORD" input_set="1"/>
                </instance_material>
              </technique_common>
            </bind_material>
          </instance_geometry>
        </node>
        <node id="LinkBase_side_004" name="LinkBase_side.004" type="NODE">
          <matrix sid="transform">0.9999996 -1.32404e-7 -2.63782e-8 -3.12924e-6 1.32403e-7 0.9999996 -4.00889e-6 -0.5082411 2.63787e-8 4.00889e-6 0.9999995 27.30628 0 0 0 1</matrix>
          <instance_geometry url="#object_4_002-mesh" name="LinkBase_side.004">
            <bind_material>
              <technique_common>
                <instance_material symbol="Black_004-material" target="#Black_004-material">
                  <bind_vertex_input semantic="object_4_009-mesh-map-0" input_semantic="TEXCOORD" input_set="0"/>
                  <bind_vertex_input semantic="object_4_009-mesh-map-1" input_semantic="TEXCOORD" input_set="1"/>
                </instance_material>
              </technique_common>
            </bind_material>
          </instance_geometry>
        </node>
      </node>
    </visual_scene>
  </library_visual_scenes>
  <scene><instance_visual_scene url="#Scene"/></scene></COLLADA>
