<COLLADA xmlns="http://www.collada.org/2005/11/COLLADASchema" xmlns:xsi="http://www.w3.org/2001/XMLSchema-instance" version="1.4.1">
  <asset><contributor>
      <author>Blender User</author>
      <authoring_tool>Blender 3.4.1 commit date:2022-12-19, commit time:17:00, hash:55485cb379f7</authoring_tool>
    </contributor>
    <created>2023-01-27T12:39:14</created><modified>2023-01-27T12:39:14</modified><unit name="meter" meter="1.0"/><up_axis>Z_UP</up_axis></asset><library_effects>
    <effect id="Black_009-effect" name="Black_009-effect">
      <profile_COMMON>
        <technique sid="common">
          <lambert>
            <emission><color>0.0 0.0 0.0 1.0</color></emission><diffuse><color>0.18 0.18 0.18 1.0</color></diffuse><transparency><float>1.0</float></transparency><index_of_refraction><float>1.0</float></index_of_refraction></lambert>
        </technique>
      <extra><technique profile="GOOGLEEARTH"><double_sided>0</double_sided></technique></extra></profile_COMMON>
    </effect>
    <effect id="White_004-effect" name="White_004-effect">
      <profile_COMMON>
        <technique sid="common">
          <lambert>
            <emission><color>0.0 0.0 0.0 1.0</color></emission><diffuse><color>0.8 0.8 0.8 1.0</color></diffuse><transparency><float>1.0</float></transparency><index_of_refraction><float>1.0</float></index_of_refraction></lambert>
        </technique>
      <extra><technique profile="GOOGLEEARTH"><double_sided>0</double_sided></technique></extra></profile_COMMON>
    </effect>
    <effect id="White_005-effect" name="White_005-effect">
      <profile_COMMON>
        <technique sid="common">
          <lambert>
            <emission><color>0.0 0.0 0.0 1.0</color></emission><diffuse><color>0.8 0.8 0.8 1.0</color></diffuse><transparency><float>1.0</float></transparency><index_of_refraction><float>1.0</float></index_of_refraction></lambert>
        </technique>
      <extra><technique profile="GOOGLEEARTH"><double_sided>0</double_sided></technique></extra></profile_COMMON>
    </effect>
    <effect id="Screw_gray_001-effect" name="Screw_gray_001-effect">
      <profile_COMMON>
        <technique sid="common">
          <lambert>
            <emission><color>0.0 0.0 0.0 1.0</color></emission><diffuse><color>0.3400323 0.3492557 0.3354196 1.0</color></diffuse><transparency><float>1.0</float></transparency><index_of_refraction><float>1.45</float></index_of_refraction></lambert>
        </technique>
      <extra><technique profile="GOOGLEEARTH"><double_sided>0</double_sided></technique></extra></profile_COMMON>
    </effect>
    <effect id="Black_008-effect" name="Black_008-effect">
      <profile_COMMON>
        <technique sid="common">
          <lambert>
            <emission><color>0.0 0.0 0.0 1.0</color></emission><diffuse><color>0.18 0.18 0.18 1.0</color></diffuse><transparency><float>1.0</float></transparency><index_of_refraction><float>1.0</float></index_of_refraction></lambert>
        </technique>
      <extra><technique profile="GOOGLEEARTH"><double_sided>0</double_sided></technique></extra></profile_COMMON>
    </effect>
  </library_effects>
  <library_materials>
    <material id="Black_009-material" name="Black.009">
      <instance_effect url="#Black_009-effect"/>
    </material>
    <material id="White_004-material" name="White.004">
      <instance_effect url="#White_004-effect"/>
    </material>
    <material id="White_005-material" name="White.005">
      <instance_effect url="#White_005-effect"/>
    </material>
    <material id="Screw_gray_001-material" name="Screw_gray.001">
      <instance_effect url="#Screw_gray_001-effect"/>
    </material>
    <material id="Black_008-material" name="Black.008">
      <instance_effect url="#Black_008-effect"/>
    </material>
  </library_materials>
  <library_geometries>
    <geometry id="Plane_004-mesh" name="Plane.004">
      <mesh>
        <source id="Plane_004-mesh-slim-nrm"><float_array count="72" id="Plane_004-mesh-slim-nrm-array">0.5774 -0.5774 -0.5774 0.5774 0.5774 -0.5774 -0.0378 0.9634 -0.2653 -0.7223 0.0588 -0.6891 -0.1183 0.8096 -0.5749 -0.2496 0.362 -0.8981 -0.7558 0.6007 -0.2605 -0.7183 0.5698 -0.3992 -0.8087 0.1287 -0.5739 -0.9645 -0.0269 -0.2626 -0.0587 -0.7223 -0.6891 -0.8019 -0.1181 -0.5857 -0.3781 -0.2595 -0.8887 -0.5978 -0.7516 -0.2789 -0.5634 -0.7122 -0.4187 -0.1291 -0.801 -0.5846 0.5774 -0.5774 0.5774 0.5772 0.5774 0.5774 -0.4044 0.8534 0.3289 -0.7805 0.3199 0.5372 -0.7222 0.0594 0.6891 -0.8468 -0.4018 0.3485 -0.3165 -0.7725 0.5504 -0.0595 -0.7222 0.6891</float_array><technique_common><accessor count="24" source="#Plane_004-mesh-slim-nrm-array" stride="3"><param type="float" name="X"/><param type="float" name="Y"/><param type="float" name="Z"/></accessor></technique_common></source><source id="Plane_004-mesh-slim-pos"><float_array count="72" id="Plane_004-mesh-slim-pos-array">1 -0.645631 0 1 0.853096 0 0.458234 0.853096 0 0.12262 0.517482 0 0.371371 0.84166 0 0.290427 0.808132 0 0.220919 0.754797 0 0.167584 0.685289 0 0.134056 0.604345 0 0.12262 -0.337666 0 0.430585 -0.645631 0 0.133114 -0.417373 0 0.163879 -0.491648 0 0.212821 -0.55543 0 0.276603 -0.604371 0 0.350878 -0.635137 0 1 -0.645631 0.011413 1 0.853096 0.011413 0.302106 0.82839 0.011413 0.142849 0.639479 0.011413 0.12262 0.517482 0.011413 0.14529 -0.480932 0.011413 0.318638 -0.627069 0.011413 0.430585 -0.645631 0.011413</float_array><technique_common><accessor count="24" source="#Plane_004-mesh-slim-pos-array" stride="3"><param type="float" name="X"/><param type="float" name="Y"/><param type="float" name="Z"/></accessor></technique_common></source><vertices id="Plane_004-mesh-slim-pos-vertices">
          <input semantic="POSITION" source="#Plane_004-mesh-slim-pos"/>
        </vertices>
        <triangles count="76" material="Black_009-material"><input offset="0" semantic="VERTEX" source="#Plane_004-mesh-slim-pos-vertices"/><input offset="1" semantic="NORMAL" source="#Plane_004-mesh-slim-nrm"/><p>7 7 5 5 2 2 13 13 21 21 12 12 7 7 6 6 6 6 15 15 14 14 14 14 8 8 7 7 7 7 10 10 15 15 15 15 3 3 8 8 8 8 1 1 0 0 0 0 0 0 10 10 10 10 9 9 3 3 3 3 2 2 1 1 1 1 11 11 9 9 9 9 4 4 2 2 2 2 12 12 11 11 11 11 5 5 4 4 4 4 13 13 12 12 12 12 6 6 5 5 5 5 14 14 13 13 13 13 18 18 19 19 20 20 6 6 18 18 5 5 14 14 21 21 13 13 7 7 18 18 6 6 15 15 22 22 14 14 8 8 19 19 7 7 10 10 22 22 15 15 3 3 19 19 8 8 1 1 16 16 0 0 0 0 23 23 10 10 9 9 20 20 3 3 2 2 17 17 1 1 11 11 21 21 9 9 4 4 18 18 2 2 12 12 21 21 11 11 5 5 18 18 4 4 11 11 9 9 10 10 9 9 3 3 0 0 3 3 8 8 7 7 7 7 6 6 5 5 5 5 4 4 2 2 2 2 1 1 3 3 1 1 0 0 3 3 0 0 10 10 9 9 10 10 15 15 11 11 15 15 14 14 13 13 13 13 12 12 15 15 12 12 11 11 15 15 3 3 7 7 2 2 7 7 7 7 6 6 15 15 15 15 14 14 8 8 8 8 7 7 10 10 10 10 15 15 3 3 3 3 8 8 1 1 1 1 0 0 0 0 0 0 10 10 9 9 9 9 3 3 2 2 2 2 1 1 11 11 11 11 9 9 4 4 4 4 2 2 12 12 12 12 11 11 5 5 5 5 4 4 13 13 13 13 12 12 6 6 6 6 5 5 14 14 14 14 13 13 20 20 21 21 16 16 16 16 21 21 23 23 22 22 23 23 21 21 16 16 17 17 20 20 17 17 18 18 20 20 14 14 22 22 21 21 7 7 19 19 18 18 10 10 23 23 22 22 3 3 20 20 19 19 1 1 17 17 16 16 0 0 16 16 23 23 9 9 21 21 20 20 2 2 18 18 17 17</p></triangles></mesh>
    </geometry>
    <geometry id="object_100-mesh" name="object_100">
      <mesh>
        <source id="object_100-mesh-slim-nrm"><float_array count="9345" id="object_100-mesh-slim-nrm-array">0.1093 -0.7401 0.6635 0.0444 -0.4532 0.8903 0.0443 -0.4532 0.8903 0.0443 -0.4532 0.8903 0.0445 -0.4532 0.8903 0.0444 -0.4532 0.8903 0.0802 -0.4516 0.8886 0.0445 -0.4532 0.8903 0.2087 0.0631 0.9759 0.0912 -0.4518 0.8874 0.0913 -0.4518 0.8874 0.4316 -0.717 0.5474 0.4884 0.1535 0.859 0.3292 -0.7276 0.6018 0.2203 -0.7353 0.641 0.3439 0.1083 0.9327 0.9897 -0.065 0.1276 0.635 -0.6774 0.3714 0.6951 -0.6671 0.2681 0.5238 -0.704 0.4796 0.647 0.255 0.7186 0.7029 0.3663 0.6098 0.0879 -0.9961 0.005 0.0176 -0.8853 0.4646 0.3256 -0.7369 0.5924 0.219 -0.807 0.5484 0.1042 -0.6773 0.7283 0.0351 -0.7077 0.7056 0.1838 -0.6306 0.754 0.4123 -0.6539 0.6344 0.4912 -0.5538 0.6724 0.887 -0.2697 0.3749 0.2604 -0.5505 0.7932 0.3138 -0.4624 0.8293 0.3919 -0.8937 -0.2184 -0.7676 -0.5854 0.261 -0.6121 -0.7908 0.0088 -0.7199 -0.3508 0.5989 -0.7227 -0.4634 0.5128 -0.0811 -0.2672 -0.9602 0.0312 -0.2949 -0.955 -0.9753 0.1958 0.1018 -0.8538 0.464 0.2362 -0.9346 0.3212 0.153 -0.8364 0.4884 0.2487 -0.7071 0.6302 0.3208 -0.7146 0.4312 -0.5509 -0.5154 0.7699 -0.3763 -0.6095 0.6666 -0.4291 -0.6822 0.5501 -0.4816 -0.5481 0.7454 0.3795 -0.2694 0.9138 -0.304 -0.37 0.8279 0.4215 -0.3994 0.8539 -0.3338 -0.191 0.8755 0.4438 -0.065 0.5842 0.809 -0.0323 0.9548 -0.2956 -0.1343 0.9483 -0.2876 -0.1045 0.9564 -0.2729 -0.2628 0.8594 0.4386 -0.5105 0.7663 0.39 -0.3353 0.8941 -0.2967 -0.5093 0.7772 -0.3696 -0.4766 0.7651 -0.433 -0.0898 0.9311 -0.3535 -0.2984 0.8651 -0.4033 -0.6095 0.6666 -0.4292 -0.6861 0.5368 -0.491 -0.5709 0.665 -0.4815 -0.7259 0.3852 -0.5699 -0.673 0.4435 -0.5919 -0.6349 0.5565 -0.5359 -0.6936 0.7197 -0.0319 0.692 0.7209 -0.037 0.7217 0.6914 -0.0325 -0.723 0.6904 -0.0258 0.0176 -0.8853 0.4646 -0.0121 -0.707 0.7071 -0.0419 -0.9991 0.0071 0.0001 -1 0.0044 0.0351 -0.7077 0.7056 0.0001 -0.704 0.7102 0.085 -0.9964 0.0039 0.6047 0.0554 0.7945 0.6964 -0.0919 0.7118 0.6345 -0.1405 0.76 0.5709 0.0019 0.821 0.465 0.2015 0.862 0.4863 0.0976 0.8683 0.3719 0.1809 0.9105 0.2196 0.2292 0.9483 -0 0.361 0.9326 0.2527 0.3127 0.9156 0.7239 -0.2505 0.6428 -0 0.2465 0.9691 0.9636 0.1212 -0.2382 0.9563 0.1326 -0.2605 0.5242 0.7437 -0.4149 0.9636 0.1212 -0.2382 0.9636 0.1212 -0.2382 0.71 0.6439 -0.2852 0.9636 0.1212 -0.2381 0.9636 0.1212 -0.2382 0.6149 -0.5972 -0.515 0.731 -0.4887 -0.4763 0.9636 0.1212 -0.2382 -0.8888 -0.2076 0.4087 -0.8873 -0.248 0.3889 -0.3093 -0.4428 0.8416 -0.888 -0.1719 0.4266 0.0685 -0.3336 -0.9402 0.2467 -0.2007 -0.9481 0.4617 -0.7905 -0.4024 0.4627 -0.0694 -0.8838 0.887 -0.4115 -0.2095 0.6091 0.1222 -0.7836 0.6816 0.2733 -0.6788 0.2802 -0.3144 -0.907 0.529 -0.1704 -0.8313 0.6916 0.0524 -0.7204 0.7239 0.2505 -0.6428 0.6956 0.3535 -0.6255 0.727 0.3912 -0.5643 0.9821 -0.1672 -0.0862 0.929 -0.3297 -0.1679 0.8364 -0.4885 -0.2487 0.6095 -0.0452 -0.7915 0.6764 0.071 -0.7331 0.7071 -0.6302 -0.3208 0.5154 -0.1487 -0.8439 0.7146 0.1918 -0.6727 0.7174 0.2873 -0.6346 0.5481 -0.7454 -0.3795 0.37 -0.8279 -0.4215 0.2693 -0.2918 -0.9178 0.3994 -0.2324 -0.8868 0.1913 -0.8739 -0.4468 0.1343 -0.3254 -0.936 0.0311 -0.295 -0.955 0.0001 0.5843 0.8116 0.0001 -0.1602 0.9871 -0.0407 -0.1577 0.9866 -0.0051 -0.1536 0.9881 0.5443 0.3654 -0.7551 0.035 0.8957 0.4432 -0.126 0.9295 -0.3466 0 0.9411 -0.3381 0.004 -0.4505 0.8928 -0.2528 0.897 -0.3625 -0.002 -0.4519 0.8921 -0.4825 0.7616 -0.4326 -0.3733 0.8398 -0.3941 -0.0028 -0.4538 0.8911 -0.6349 0.5565 -0.5359 -0.5696 0.6649 -0.4832 -0.0023 -0.4537 0.8912 -0.6853 0.3304 -0.649 -0.6716 0.4437 -0.5933 -0.0028 -0.4536 0.8912 -0.6349 0.1059 -0.7653 -0.6716 0.2187 -0.7079 -0.002 -0.4555 0.8902 -0.4825 -0.0983 -0.8704 -0.5696 -0.0005 -0.8219 -0.2528 -0.2346 -0.9386 -0.3733 -0.1754 -0.911 -0.0026 0.8897 0.4566 -0 -0.4537 0.8912 0.035 -0.8854 -0.4635 0 -0.2803 -0.9599 -0.126 -0.2666 -0.9555 -0.0026 -0.8926 -0.4507 -0 -0.4537 0.8912 0.0941 -0.8872 -0.4517 -0.0941 -0.8872 -0.4517 -0 -0.9509 0.3093 -0.0644 -0.9381 0.3404 0.0644 -0.9381 0.3404 0.0644 -0.2767 -0.9588 0 -0.3094 -0.9509 -0.0644 -0.2767 -0.9588 0.7071 0.3208 -0.6301 -0.6952 0.3695 -0.6166 -0.7102 0.3194 -0.6274 0.7071 0.3208 -0.6301 -0.6941 0.2782 -0.664 0.6909 0.2798 -0.6666 -0.7102 0.3194 -0.6274 -0.6091 -0.1221 0.7837 -0.6816 -0.2733 0.6788 -0.4631 0.0698 0.8836 -0.6091 0.5618 -0.5598 -0.4631 0.7555 -0.4634 -0.2467 0.2008 0.9481 -0.2467 0.8848 -0.3954 -0.6816 0.3881 -0.6204 -0.7186 0.2787 -0.6372 -0.7106 0.1261 -0.6923 -0.6205 -0.0377 -0.7833 -0.5709 -0.0019 -0.821 -0.6352 0.1085 -0.7647 -0.5154 -0.1487 -0.844 -0.4825 -0.0983 -0.8704 -0.6693 0.2523 -0.6989 -0.3993 -0.2325 -0.8869 -0.2564 -0.3003 -0.9187 -0.2478 -0.2339 -0.9402 -0.3741 -0.1773 -0.9103 -0.0861 -0.3385 -0.937 0.2467 -0.2008 -0.9481 0.4631 -0.0698 -0.8836 0.2467 -0.8848 0.3954 0.4631 -0.7555 0.4634 0.6092 0.1221 -0.7836 0.6091 -0.5618 0.5598 -0.0793 -0.5042 -0.8599 0.6816 -0.3881 0.6203 0.5774 0.7764 -0.2526 0.7174 0.4273 0.5502 0.9045 0.4055 -0.1319 0.9739 0.0327 0.2247 -0.707 -0.3209 0.6302 -0.7071 -0.3208 0.6302 -0.7069 -0.3209 0.6303 -0.7071 -0.3208 0.6302 -0.69 -0.3686 0.6229 -0.7073 -0.3207 0.63 -0.7072 -0.3208 0.6301 -0.7239 -0.2505 0.6428 -0.6816 -0.2733 0.6788 -0.7072 -0.3208 0.63 -0.7072 -0.3208 0.6301 -0.7073 -0.3207 0.63 -0.9654 -0.2324 -0.118 -0.7264 0.2303 -0.6476 -0.6836 0.0783 -0.7256 -0.6095 -0.0452 -0.7915 -0.8599 -0.4549 -0.2317 -0.5154 -0.1486 -0.844 -0.6665 0.251 -0.7019 -0.4854 -0.0922 -0.8694 -0.5875 0.0711 -0.8061 -0.3993 -0.2324 -0.8869 -0.269 -0.2911 -0.9181 -0.3741 -0.1773 -0.9103 -0.2391 -0.2329 -0.9426 -0.1339 -0.3221 -0.9372 -0.2467 -0.8848 0.3954 -0.0644 -0.9381 0.3403 -0.0941 -0.8872 -0.4517 -0.4631 -0.7555 0.4634 -0.2467 -0.2008 -0.948 -0.463 -0.0698 -0.8836 -0.6091 -0.5618 0.5598 -0.6092 0.1221 -0.7836 -0.6816 0.2733 -0.6788 -0.0644 -0.2767 -0.9588 -0.692 0.7209 -0.037 0.6936 0.7197 -0.0319 0.723 0.6904 -0.0258 -0.7215 0.6917 -0.0315 0.1881 0.8757 0.4448 0.2183 0.8697 0.4427 0.5207 0.7608 0.3873 0.37 0.8359 0.4055 0.5481 0.7454 0.3795 0.7071 0.6301 0.3208 0.0315 0.9551 -0.2945 0.1342 0.9483 -0.2877 0.5154 0.7699 -0.3764 0.3994 0.8538 -0.3338 0.2718 0.9159 -0.2954 0.8364 0.4885 0.2487 0.6764 0.551 -0.4888 0.929 0.3297 0.1679 0.6094 0.6667 -0.4291 0.9816 0.171 0.0852 0.8865 -0.1604 0.434 0.7167 0.3449 -0.6061 0.7146 0.4311 -0.5509 -0.7174 0.4273 0.5502 -0.5773 0.7764 -0.2526 -0.9739 0.0327 0.2247 0.6091 0.5618 -0.5598 0.6816 0.3881 -0.6203 0.887 0.4115 0.2095 0.7239 0.3724 -0.5808 0.4627 0.7554 -0.4639 0.4617 0.7905 0.4024 0.2466 0.8848 -0.3953 0.0645 0.938 -0.3405 0.6917 0.5517 -0.4661 0.5289 0.7724 -0.3515 0.2802 0.9185 -0.2792 0.0684 0.9566 -0.2834 0.7268 0.2316 -0.6467 0.6682 0.4169 -0.6162 0.9881 0.1339 -0.0752 0.9045 0.1319 0.4055 0.9045 -0.4055 0.1319 1 0 -0 1 0 -0 1 0 0 0.9045 0.4055 -0.1319 0.7219 -0.4292 -0.5428 0.7071 -0.6302 -0.3208 0.7377 -0.3081 -0.6007 0.6742 -0.0967 -0.7322 0.6749 0.1273 -0.7269 0.6749 -0.3115 -0.669 0.6909 -0.4432 -0.5712 0.6884 0.1642 -0.7065 0.7071 0.2183 -0.6726 0.7219 0.1709 -0.6706 0.7377 0.0366 -0.6741 0.7383 -0.1405 -0.6597 0.6713 -0.6597 -0.338 0.6718 -0.7336 -0.1028 0.6762 -0.726 0.125 0.6696 -0.5074 -0.5423 0.6696 -0.0252 -0.7423 0.6685 -0.2848 -0.687 0.8042 0.4518 -0.3862 0.9045 -0.1319 -0.4055 0.9739 -0.2009 0.1058 0.692 0.3707 -0.6194 0.9881 -0.0179 -0.1526 0.9045 -0.4055 0.1319 0.9045 0.1319 0.4055 0.9881 0.1339 -0.0752 0.6765 0.6311 -0.3795 0.6771 0.5002 -0.5398 0.6771 0.7113 -0.1887 0.7371 0.6559 -0.1625 0.7368 0.5922 -0.3262 0.7361 0.4916 -0.4654 0.707 0.3805 -0.5961 0.9045 -0.1319 -0.4055 0.6868 0.4452 -0.5745 0.6737 0.7138 -0.1911 0.6755 0.7325 0.0852 0.6677 0.6523 0.3587 0.6686 0.5944 -0.4468 0.9636 0.1212 -0.2381 0.731 0.6727 0.115 0.6639 0.5396 0.5178 -0.7267 -0.3682 0.58 -0.6635 -0.4338 0.6096 -0.9982 0.0482 0.0348 -0.6341 -0.2234 0.7402 -0.7292 -0.1453 0.6687 -0.0002 -1 0.0051 -0.0316 -0.3239 -0.9456 0.0649 -0.9979 0.0036 0.0323 -0.3227 -0.9459 0.5774 -0.7764 0.2526 0.7314 -0.4932 -0.471 -0.2473 0.8849 -0.3948 -0.4631 0.7555 -0.4634 -0.5213 0.7809 -0.3442 -0.6916 0.5517 -0.4662 -0.6816 0.3881 -0.6203 -0.6091 0.5618 -0.5598 -0.2057 0.9459 -0.251 -0.7239 0.3725 -0.5808 -0.3032 0.7622 -0.5719 0.6085 0.6882 -0.3952 0.6735 0.6755 -0.3002 0.1299 0.5919 -0.7955 -0 0.7602 -0.6497 0 0.7602 -0.6497 0.2914 0.7664 -0.5724 0 0.7602 -0.6497 0 0.7602 -0.6497 -0.1299 0.5919 -0.7955 -0.5543 0.3708 -0.7452 0.0124 0.7518 -0.6593 0.4897 0.7054 -0.5125 0.3226 0.7321 -0.6 0.2149 0.7418 -0.6353 0.1385 0.7466 -0.6507 0.0695 0.7486 -0.6594 -0.7487 0.5999 -0.2822 0.5358 0.7558 0.3765 0.4055 0.0608 0.9121 0.5221 0.0162 0.8527 0.6815 -0.272 0.6794 0.6395 -0.135 0.7568 0.6154 0.0896 0.7831 0.4902 0.2436 0.8368 0.7253 -0.1871 0.6625 0.3698 0.8645 -0.3404 0.4817 0.7953 -0.3681 0.7201 0.3572 -0.5949 0.5706 0.7092 -0.4141 -0.0912 0.4518 -0.8874 -0.0663 -0.2841 -0.9565 0.5774 -0.2526 -0.7764 0.7075 0.4653 -0.5318 0.6473 0.6128 -0.4534 0.5376 0.7148 -0.4474 0.5921 0.6451 -0.4829 0.6356 0.5694 -0.5213 0.6645 0.4721 -0.5792 0.621 0.3998 -0.6742 0.4514 0.7881 -0.4184 0.3644 0.8515 -0.3771 -0.6962 -0.5215 0.4932 -0.7239 -0.3724 0.5808 -0.6095 -0.6666 0.4291 -0.6345 -0.5319 0.5608 -0.5709 -0.665 0.4815 -0.3994 -0.8538 0.3339 -0.5154 -0.7699 0.3763 -0.4825 -0.7616 0.4326 -0.3742 -0.8403 0.3922 -0.2411 -0.9273 0.2865 -0.2196 -0.9017 0.3725 0 -0.9665 0.2567 -0 -0.9287 0.3708 0.2411 -0.9273 0.2865 0.2197 -0.9017 0.3725 0.3994 -0.8539 0.3339 0.3742 -0.8403 0.3922 0.6095 -0.6666 0.4291 0.5154 -0.7699 0.3763 0.4825 -0.7616 0.4326 0.5709 -0.665 0.4815 0.6962 -0.5215 0.4932 0.7239 -0.3724 0.5808 0.6345 -0.5319 0.5608 0.6816 -0.3881 0.6204 -0.6816 -0.3881 0.6204 0.7206 -0.2291 0.6544 0.8987 0.3879 0.2048 0.6664 0.0323 0.7449 0.4253 0.8064 0.4109 0.518 0.2468 0.819 0.2016 0.3465 0.9161 0.3581 0.0663 0.9313 -0.0261 0.3619 0.9318 -0.305 0.2973 0.9048 -0.558 0.1384 0.8182 -0.5977 -0.0943 0.7961 -0.7254 -0.1382 0.6743 0.0702 0.2447 0.9671 0.6674 -0.2388 0.7053 0.5469 -0.0572 0.8353 -0.1876 0.2275 0.9555 -0.4192 0.1047 0.9018 -0.679 -0.2747 0.6807 -0.691 -0.3662 0.6233 -0.6673 -0.4638 0.5828 -0.7065 -0.4626 0.5356 -0.7193 -0.3557 0.5967 -0.6416 -0.5592 0.525 -0.6629 -0.5666 0.4894 -0.6177 -0.6456 0.449 -0.6 -0.635 0.4866 -0.546 -0.7064 0.4505 -0.476 -0.7736 0.4182 -0.4847 -0.792 0.3712 -0.5606 -0.7184 0.4119 -0.3781 -0.8351 0.3995 0.6923 -0.0867 0.7163 0.7076 -0.2151 0.673 0.5136 0.1501 0.8448 0.6084 0.0473 0.7922 0.5698 0.0017 0.8218 0.4807 0.1001 0.8712 0.3978 0.2331 0.8874 0.3725 0.1784 0.9107 0.2401 0.314 0.9186 -0.0003 0.3609 0.9326 0.2186 0.2298 0.9484 -0.0003 0.2467 0.9691 0.6347 -0.1524 0.7576 0.0089 0.1453 0.9894 -0.0186 0.1477 0.9889 -0 -0.1601 0.9871 -0 0.5848 0.8112 -0.0001 -0.1601 0.9871 0.9563 -0.1326 0.2606 0.5242 -0.7437 0.4149 0.9625 -0.1231 0.2419 0.7075 -0.6451 0.2888 0.9624 -0.1232 0.2419 0.9625 -0.1232 0.2419 0.9625 -0.1232 0.2419 0.7131 0.3095 0.629 0.5575 0.3333 0.7603 0.9625 -0.1231 0.2419 0.7174 -0.6963 -0.0218 0.6815 -0.272 0.6794 0.7253 -0.187 0.6625 0.6776 -0.4009 0.6166 -0.6707 -0.7352 -0.0981 -0.6712 -0.662 -0.3334 -0.6742 -0.7271 0.1295 0.7199 0.3568 -0.5954 0.7087 0.461 -0.5341 0.6641 0.5662 -0.4882 0.6189 0.6453 -0.4478 0.5618 0.7181 -0.4109 0.4814 0.798 -0.3626 -0.667 -0.4312 0.6076 -0.6004 -0.6099 0.5172 -0.6975 -0.5307 0.4815 -0.7184 -0.3621 0.594 -0.5286 -0.7616 -0.3748 -0.4762 -0.7548 0.4512 -0.3766 -0.8403 0.39 -0.5621 -0.7317 0.3856 -0.4965 -0.8155 0.2973 -0.3319 -0.8772 0.3469 -0.3767 -0.8401 0.3902 -0.531 -0.7552 -0.3843 -0.404 -0.851 0.3354 -0.3855 -0.859 0.3368 -0.3725 -0.8441 0.3857 0.0016 0.9595 -0.2816 -0.1343 0.9483 -0.2876 -0.2694 0.9138 -0.304 -0.3994 0.8538 -0.3338 -0.3741 0.8403 -0.3922 -0.2528 0.897 -0.3625 -0.1264 0.9303 -0.3443 -0.5154 0.7699 -0.3763 -0.6095 0.6666 -0.4291 -0.5709 0.665 -0.4815 -0.4825 0.7616 -0.4326 -0.6764 0.5511 -0.4887 -0.7146 0.4311 -0.5509 -0.6728 0.4434 -0.5922 -0.6349 0.5565 -0.5359 -0.7266 0.3117 -0.6123 -0.6853 0.3304 -0.649 0.0038 0.9405 -0.3398 -0.7146 0.1918 -0.6727 -0.6764 0.071 -0.7331 -0.6349 0.1059 -0.7653 -0.6728 0.218 -0.7069 -0.6095 -0.0452 -0.7915 -0.5154 -0.1487 -0.844 -0.4825 -0.0983 -0.8704 -0.5709 -0.0019 -0.821 -0.3994 -0.2324 -0.8868 -0.2694 -0.2918 -0.9178 -0.2528 -0.2346 -0.9386 -0.3741 -0.1772 -0.9103 -0.1342 -0.3254 -0.936 0.0057 -0.3395 -0.9406 -0.1264 -0.2689 -0.9548 0.0116 -0.2748 -0.9614 0.6455 -0.2149 0.7329 0.7266 -0.1788 0.6634 0.645 0.0171 0.764 0.5119 0.0191 0.8589 -0.9881 -0.0179 -0.1525 -0.7314 0.671 0.1217 -0.7314 -0.4932 -0.471 -0.9881 0.1339 -0.0752 0.2561 -0.3008 -0.9187 0.3993 -0.2324 -0.8869 0.3741 -0.1773 -0.9103 0.2471 -0.2338 -0.9404 0.5154 -0.1486 -0.844 0.4882 -0.0852 -0.8686 0.089 -0.2614 -0.9611 0.6088 -0.0453 -0.792 0.6843 0.0802 -0.7248 0.5926 0.0677 -0.8026 0.7266 0.2307 -0.6472 0.6625 0.2462 -0.7075 0.7245 -0.3706 0.5812 0.6531 -0.2372 0.7192 0.6812 -0.3871 0.6214 -0.8889 -0.2076 0.4084 -0.8872 -0.2481 0.3889 -0.3092 -0.4428 0.8416 0.4631 0.7555 -0.4634 0.6091 0.5618 -0.5598 0.6916 0.5517 -0.4662 0.5286 0.7724 -0.3521 0.2467 0.8848 -0.3954 0.2801 0.9184 -0.2796 0.0941 0.8872 0.4517 0.6815 0.388 -0.6204 0.7239 0.3724 -0.5808 -0.4631 -0.0698 -0.8836 -0.6092 0.1221 -0.7836 -0.6091 -0.5618 0.5598 -0.4631 -0.7555 0.4634 -0.2467 -0.2008 -0.9481 -0.2467 -0.8848 0.3954 -0.6816 -0.3881 0.6204 0.0793 -0.5042 -0.8599 0.5855 -0.0474 0.8093 0.4734 0.096 0.8756 0.6344 0.0326 0.7723 0.7281 -0.1792 0.6617 -0.5263 -0.2195 -0.8215 0.2708 -0.2798 -0.9211 0.3015 -0.6693 -0.6791 0.1229 -0.3431 -0.9312 0.2457 -0.3601 -0.9 0.5138 -0.3479 -0.7842 0.3639 -0.388 -0.8468 0.4703 -0.4258 -0.773 -0 -0.3093 -0.951 -0.0309 -0.3233 -0.9458 -0.2712 -0.2796 -0.921 -0.1229 -0.3431 -0.9312 -0.2457 -0.3601 -0.9 -0.5138 -0.3474 -0.7844 -0.4703 -0.4258 -0.773 -0.3639 -0.388 -0.8468 -0.6788 -0.4551 -0.5764 0.6669 -0.5773 -0.4712 0.6788 -0.4551 -0.5763 0.719 -0.5651 -0.4045 0.6951 -0.6035 -0.3906 0.6249 -0.5234 -0.5793 0.5588 -0.4719 -0.682 0.5544 -0.2477 -0.7945 -0.6249 -0.5234 -0.5793 -0.6669 -0.5773 -0.4711 -0.5588 -0.4719 -0.682 -0.6951 -0.6035 -0.3906 -0.5544 -0.2477 -0.7945 -0.6149 -0.5972 -0.515 0.0941 -0.8872 -0.4517 -0.0941 -0.8872 -0.4517 0 -0.951 0.3093 -0.0644 -0.9381 0.3404 0.0644 -0.9381 0.3404 0.0644 -0.2767 -0.9588 0 -0.3094 -0.9509 -0.0644 -0.2767 -0.9588 -1 0 -0 -0.6816 -0.2733 0.6788 0.0793 0.992 -0.0982 -0.6816 0.2733 -0.6788 -0.6816 0.3881 -0.6203 -0.7239 0.3724 -0.5808 -0.7239 0.2505 -0.6428 -0.7314 0.671 0.1217 -0.5773 -0.7764 0.2526 0.0781 -0.8942 -0.4408 0.1043 -0.3477 -0.9318 -0 -0.3093 -0.951 -0.0941 -0.8872 -0.4517 0.0697 -0.8828 -0.4645 0.1374 -0.2186 -0.9661 0 -0.3094 -0.9509 -0.0644 -0.2767 -0.9588 0.7239 0.2505 -0.6428 0.6816 0.2733 -0.6788 -0.9759 0.1946 0.0991 -0.9816 0.1708 0.0851 -0.8538 0.464 0.2362 -0.9289 0.3379 0.1519 -0.5154 0.7699 -0.3763 -0.8364 0.4885 0.2487 -0.7071 0.6301 0.3208 -0.6822 0.5501 -0.4816 -0.7146 0.4311 -0.5509 -0.7167 0.3449 -0.6061 -0.6095 0.6666 -0.4291 -0.3994 0.8539 -0.3338 -0.5481 0.7454 0.3795 -0.2694 0.9138 -0.3041 -0.37 0.8279 0.4215 -0.191 0.8755 0.4439 -0.065 0.5842 0.809 -0.1343 0.9483 -0.2876 -0.0323 0.9548 -0.2956 0.2613 0.9179 -0.2986 0.3994 0.8538 -0.3338 0.5154 0.7699 -0.3763 0 0.4534 -0.8913 -0.0645 -0.2767 -0.9588 0 -0.3094 -0.9509 0.0919 0.9567 -0.2764 0.6095 0.6666 -0.4292 0.7268 0.3877 -0.5669 -0.4631 -0.0698 -0.8836 0.6842 0.5397 -0.4905 -0.6091 0.1222 -0.7837 -0.6816 0.2733 -0.6788 0 -0.3096 -0.9509 -0.2467 -0.2008 -0.9481 -0 0.4534 -0.8913 -0 0.4534 -0.8913 0 -0.3096 -0.9509 0 -0.3096 -0.9509 -0.0922 0.9566 -0.2763 -0.2615 0.9178 -0.2988 -0.3994 0.8538 -0.3338 -0.5154 0.7699 -0.3763 0.1757 -0.1966 -0.9646 -0.6095 0.6666 -0.4292 0.0033 -0.3084 -0.9513 -0.6849 0.5387 -0.4907 0.4515 -0.0719 -0.8894 0.6091 0.1222 -0.7836 0.6816 0.2733 -0.6788 0 -0.3096 -0.9509 0.6847 0.0797 -0.7244 0.6095 -0.0452 -0.7915 -0.0636 0.938 -0.3407 0.3992 -0.2324 -0.8869 0.5154 -0.1486 -0.844 0.2603 -0.2964 -0.9189 0.0915 -0.3398 -0.936 0.4631 0.7555 -0.4634 0.2466 0.8848 -0.3953 0.6091 0.5618 -0.5598 -0.032 -0.3222 -0.9461 0.6816 0.3881 -0.6203 0.0645 0.938 -0.3405 -0.0312 0.9458 -0.3234 0.0312 0.9458 -0.3233 0.0002 -0.7043 0.7099 -0.6792 0.7104 -0.1844 -0.6792 0.6304 -0.3758 -0.6802 0.4993 -0.5366 0.1962 0.3732 0.9068 0.6816 -0.2733 0.6788 0.605 0.0697 0.7931 0.2566 0.92 -0.2962 0.3994 0.8539 -0.3338 0.5154 0.7699 -0.3763 0.6088 0.6671 -0.4294 -0.0645 -0.2766 -0.9588 0.0859 0.9567 -0.278 -0.2467 -0.2008 -0.9481 0.7267 0.388 -0.5669 -0.4631 -0.0698 -0.8836 0.684 0.5393 -0.4912 -0.6091 0.1221 -0.7837 -0.6816 0.2733 -0.6788 0.7273 0.2258 -0.6482 0.0645 -0.2766 -0.9588 0.2467 -0.2008 -0.9481 0.4631 -0.0698 -0.8836 0.6091 0.1221 -0.7837 0.6816 0.2733 -0.6788 -0.6091 0.5618 -0.5598 -0.4631 0.7555 -0.4634 0.6816 0.0765 -0.7277 -0.2467 0.8848 -0.3953 0.6095 -0.0452 -0.7915 0.3993 -0.2325 -0.8868 0.5154 -0.1487 -0.844 0.2614 -0.2969 -0.9184 0.0927 -0.3395 -0.936 0.0644 0.9381 -0.3404 0.4631 0.7555 -0.4634 0.2466 0.8848 -0.3952 -0.0321 -0.3221 -0.9462 -0.6636 0.0023 -0.748 0.6091 0.5618 -0.5598 -0.7274 0.2205 -0.6498 -0.5211 -0.1462 -0.8409 -0.3993 -0.2325 -0.8868 0.1343 0.9483 -0.2876 0.2718 0.9159 -0.2954 0.3994 0.8539 -0.3338 0.0315 0.9552 -0.2944 -0.2467 -0.2008 -0.9481 0.7146 0.4311 -0.5509 -0.6091 0.1221 -0.7837 0.7164 0.3454 -0.6062 -0.6816 0.2733 -0.6788 0.7168 0.2872 -0.6354 -0.463 -0.0698 -0.8836 0.3995 -0.0603 -0.9147 0.6652 0.2502 -0.7035 0.5606 0.0615 -0.8258 -0.7183 0.3431 -0.6052 0.7064 0.3212 -0.6307 -0.7163 0.287 -0.636 0.7146 0.1918 -0.6727 -0.609 0.5618 -0.5598 0.6764 0.071 -0.7331 -0.4631 0.7555 -0.4634 0.6095 -0.0452 -0.7915 -0.2467 0.8848 -0.3954 -0.0644 0.9381 -0.3404 0.5154 -0.1487 -0.8439 0.3994 -0.2324 -0.8868 0.2693 -0.2918 -0.9178 0.1343 -0.3254 -0.936 -0.7146 0.1918 -0.6727 0.5797 0.5999 -0.5514 -0.6095 -0.0452 -0.7915 0.4208 0.7944 -0.4381 -0.6764 0.071 -0.7331 0.6454 0.4429 -0.6224 0.2359 0.895 -0.3785 -0.5154 -0.1487 -0.8439 -0.3994 -0.2324 -0.8868 0.1021 0.9207 -0.3767 -0.2693 -0.2918 -0.9178 -0.1343 -0.3254 -0.936 0.3134 -0.4568 0.8325 0.3102 -0.4203 0.8527 0.8885 -0.208 0.4091 0.1995 0.1424 -0.9695 0.5774 -0.2526 -0.7764 0.7071 0.3208 -0.6301 0.6402 0.3485 -0.6846 0.7071 0.3208 -0.6302 0.7071 0.3208 -0.6301 0.7071 0.3208 -0.6301 0.7071 0.3208 -0.6301 0.7071 0.3208 -0.6301 0.2467 -0.2008 -0.9481 0.0644 -0.2767 -0.9588 0.0941 -0.8872 -0.4517 0.4631 -0.0698 -0.8836 0.2801 -0.3142 -0.9071 0.5287 -0.1698 -0.8317 0.6091 0.1221 -0.7837 0.6916 0.0524 -0.7203 0.3977 0.8537 -0.3363 0.5132 0.77 -0.3792 0.6069 0.6665 -0.4329 0.1328 0.9485 -0.2875 0.268 0.9136 -0.3057 0.7152 0.4285 -0.5522 0.6752 0.5506 -0.491 0.7268 0.3133 -0.6113 0.714 0.1937 -0.6728 0.1245 -0.2602 -0.9575 0.2528 -0.2346 -0.9386 0.3709 -0.1704 -0.9129 0.4825 -0.0983 -0.8704 0.566 0.0035 -0.8244 0.6349 0.1059 -0.7653 0.6682 0.2207 -0.7105 0.6747 0.0715 -0.7346 0.608 -0.0463 -0.7926 0.5159 -0.1483 -0.8437 0.4005 -0.2305 -0.8868 0.2688 -0.2898 -0.9185 0.1303 -0.328 -0.9357 0.1245 0.9273 -0.3529 0.6349 0.5565 -0.5359 0.6682 0.4446 -0.5965 0.566 0.6646 -0.4878 0.6853 0.3304 -0.649 0.2528 0.897 -0.3625 0.3709 0.8384 -0.3993 0.4825 0.7616 -0.4326 0.0684 0.9565 -0.2835 -0.0004 0.951 -0.3093 -0.1535 -0.743 0.6515 -0.0174 -0.7538 0.6569 -0.0753 -0.7365 0.6722 -0.2447 -0.7242 0.6448 -0.335 -0.7287 0.5973 -0.4436 -0.7009 0.5585 -0 -0.7442 0.6679 0.1535 -0.743 0.6514 0.0805 -0.7109 0.6986 0.538 -0.6999 0.4697 0.4978 -0.5908 0.6349 0.3529 -0.6079 0.7113 0.5419 -0.3871 0.746 -0.538 -0.6999 0.4697 -0.7773 -0.4866 0.3989 0.9784 -0.0223 0.2057 0.6121 -0.7908 0.0088 -0.3343 0.9415 0.0429 -0.0865 0.9949 -0.0527 0.0578 0.0607 0.9965 -0.5766 0.79 0.2081 -0.605 0.0697 0.7931 -0.1962 0.3732 0.9068 0 0.9962 -0.0875 -0.0578 0.0607 0.9965 -0.2087 0.0631 0.9759 0.0865 0.9949 -0.0527 -0.4886 0.152 0.8592 -0.3456 0.1073 0.9322 0.3342 0.9415 0.0428 -0.647 0.2547 0.7187 0.5767 0.79 0.208 -0.6797 0.6095 0.4081 -0.7563 0.569 0.3228 0.6815 0.5 0.5344 -0.6639 0.5396 0.5178 -0.6826 0.5031 0.5301 0.7021 0.4859 0.5205 -0.7029 0.3663 0.6098 0.6798 0.6094 0.4081 -0.5575 0.3333 0.7603 0.7563 0.569 0.3228 -0.7131 0.3095 0.629 -0.6815 0.5 0.5344 0.6826 0.5031 0.5301 0.0845 -0.8876 -0.4528 -0 -0.3087 -0.9512 -0.102 -0.3421 -0.9341 0.6869 0.6625 -0.2989 -0.4631 -0.0698 -0.8836 -0.6091 0.1221 -0.7837 -0.6917 0.0524 -0.7203 -0.5287 -0.1698 -0.8317 -0.2467 -0.2008 -0.9481 -0.2801 -0.3142 -0.9071 -0.0941 -0.8872 -0.4517 -0.0644 -0.2767 -0.9588 -0.2467 -0.8848 0.3954 -0.4344 -0.8027 -0.4086 -0.4512 -0.7514 0.4814 -0.9007 -0.3872 -0.1971 -0.6091 -0.5618 0.5598 -0.2468 -0.2008 -0.948 -0.4512 -0.0528 -0.8909 -0.6816 -0.3881 0.6204 -0.6091 0.1221 -0.7836 -0.9984 -0.0282 -0.0481 0.8865 -0.1316 0.4436 0.3879 -0.101 0.9161 0.4708 -0.1909 0.8613 0.2936 -0.3602 0.8855 0.2224 -0.2723 0.9362 0.2949 -0.0237 0.9552 0.1885 0.0519 0.9807 0.0699 0.5836 0.809 0.1305 -0.2016 0.9707 0.0352 -0.1502 0.988 -0.5774 -0.2526 -0.7764 -0.2467 0.8848 -0.3953 -0.4783 0.7818 0.4 -0.4627 0.7554 -0.4639 -0.887 0.4115 0.2095 -0.6091 0.5618 -0.5598 -0.2052 0.9459 -0.2514 -0.5216 0.7806 -0.3443 -0.6917 0.5517 -0.4661 0.6816 0.3881 -0.6204 0.6816 -0.2733 0.6788 0.6816 0.2733 -0.6788 0.6816 -0.3881 0.6203 -0.5286 -0.7724 0.3521 -0.6916 -0.5517 0.4662 -0.6091 -0.5618 0.5598 -0.4631 -0.7555 0.4634 0 -0.9665 0.2565 -0.2801 -0.9184 0.2795 -0.2467 -0.8847 0.3954 -0 -0.9287 0.3708 0.2801 -0.9184 0.2795 0.2467 -0.8847 0.3955 0.6916 -0.5516 0.4662 0.5286 -0.7724 0.3521 0.4631 -0.7555 0.4634 0.6091 -0.5618 0.5598 -0.7207 -0.3809 0.5793 -0.6841 -0.3968 0.6121 0.0644 -0.9381 0.3404 -0.0644 -0.9381 0.3403 0.0644 -0.2767 -0.9588 -0.6952 0.6709 0.2582 -0.5544 0.7882 -0.2671 -0.6676 0.6528 0.3581 -0.6871 0.4444 -0.5749 -0.9045 -0.1319 -0.4055 -1 0 0 -0.731 -0.4887 -0.4763 -0.9045 0.1319 0.4055 -0.9881 -0.0179 -0.1525 -0.9045 0.4055 -0.1319 -1 0 -0 -0.6765 0.6311 -0.3795 -0.6771 0.5002 -0.5398 -0.6771 0.7113 -0.1887 -0.7215 0.4084 -0.5592 -0.7374 0.5951 -0.3195 -0.7369 0.6573 -0.1579 -0.7369 0.4947 -0.4607 -0.692 0.3707 -0.6194 -0.9045 -0.4055 0.1319 -0.6753 0.733 0.0817 -0.6738 0.7126 -0.1954 -0.669 0.592 -0.4494 -0.9045 0.4055 -0.1319 -0.731 0.6727 0.115 -0.9636 0.1212 -0.2382 -0.9636 0.1213 -0.2383 -0.7071 0.3208 -0.6301 -0.6916 0.2816 -0.6651 -0.9045 0.1319 0.4055 -0.9045 -0.4055 0.1319 -0.6745 -0.3049 -0.6724 -0.6903 -0.4417 -0.573 -0.7219 -0.4292 -0.5428 -0.7071 -0.6302 -0.3208 -0.676 0.1357 -0.7243 -0.675 -0.085 -0.7329 -0.7377 -0.3081 -0.6007 -0.7071 -0.6301 -0.3208 -0.7383 -0.1405 -0.6597 -0.7219 0.1709 -0.6706 -0.7377 0.0366 -0.6741 -0.6884 0.1642 -0.7065 -0.9636 0.1212 -0.2382 -0.9636 0.1212 -0.2382 -0.9636 0.1212 -0.2382 -0.9636 0.1212 -0.2382 -0.9739 -0.2009 0.1058 -0.6685 -0.2848 -0.687 -0.6696 -0.0252 -0.7423 -0.6696 -0.5074 -0.5423 -0.6713 -0.6597 -0.338 -0.6718 -0.7336 -0.1028 -0.9045 -0.1319 -0.4055 -0.71 0.6439 -0.2852 -0.8042 0.4518 -0.3862 -0.7219 0.2803 -0.6326 -0.7064 0.3212 -0.6307 -0.6652 0.2502 -0.7035 -0.997 0.0675 0.0374 -0.6477 0.4397 -0.6222 -0.7411 0.4051 -0.5355 0.6816 0.3881 -0.6204 0.7239 0.2505 -0.6428 0.7239 0.3724 -0.5808 0.69 -0.2869 0.6645 0.7199 -0.2715 0.6388 0.7071 -0.3208 0.6302 0.7072 -0.3208 0.6301 0.7071 -0.3208 0.6302 0.7071 -0.3208 0.6301 0.7072 -0.3208 0.6301 0.7072 -0.3208 0.6301 0.7073 -0.3207 0.63 0.7071 -0.3208 0.6302 0.7071 -0.3208 0.6301 0.7071 -0.3208 0.6301 0.7071 -0.3208 0.6302 0.7071 -0.3208 0.6301 -0.6091 0.1221 -0.7836 -0.4631 -0.0698 -0.8836 -0.6916 0.0524 -0.7204 -0.5286 -0.1698 -0.8317 -0.2467 -0.2007 -0.9481 -0.2802 -0.3144 -0.907 -0.0685 -0.3336 -0.9402 -0.9656 -0.2312 -0.1188 -0.8599 -0.4549 -0.2315 -0.6703 0.2543 -0.6972 -0.4825 -0.0983 -0.8704 -0.5709 -0.0019 -0.821 -0.6348 0.1121 -0.7645 -0.2692 -0.2913 -0.918 -0.3741 -0.1773 -0.9103 -0.2391 -0.2329 -0.9427 -0.1342 -0.3233 -0.9367 -0.0861 0.9567 -0.2782 -0.1001 0.9274 -0.3605 -0.2562 0.9202 -0.2959 -0.3997 0.8534 -0.3345 -0.3028 0.8668 -0.3962 -0.47 0.7687 -0.4338 -0.5154 0.7699 -0.3763 -0.6095 0.6666 -0.4292 -0.5709 0.665 -0.4815 -0.6845 0.5393 -0.4905 -0.635 0.5526 -0.5399 -0.7267 0.3874 -0.5673 0.3584 0.2015 0.9116 -0.0121 -0.707 0.7071 0 -0.704 0.7102 -0.0419 -0.9991 0.0071 0 -1 0.0044 0 -0.704 0.7102 0.0644 0.9381 -0.3404 -0.0644 0.9381 -0.3404 0.0644 0.2766 0.9588 -0.0644 0.2767 0.9588 -0.9563 0.1327 -0.2606 -0.6149 0.7678 0.1799 0.332 0.8772 -0.3469 0 0.4537 -0.8912 0 0.4537 -0.8912 -0 0.4537 -0.8912 0 0.4537 -0.8912 -0.6091 0.1221 -0.7837 -0.4631 -0.0698 -0.8836 0.3802 0.8606 -0.339 -0.2467 -0.2008 -0.9481 -0.0644 -0.2767 -0.9588 0 -0.3094 -0.9509 -0.6091 0.1221 -0.7836 -0.6816 0.2733 -0.6788 -0.2467 -0.2008 -0.9481 -0.463 -0.0698 -0.8836 -0.7071 0.3208 -0.6301 -0.4512 0.7514 -0.4815 -0.609 0.5618 -0.5598 -0.9995 -0.0054 0.0319 -0.0644 0.9381 -0.3404 0.0644 0.9381 -0.3404 -0.2467 0.8848 -0.3954 -0 -0.3094 -0.9509 0.0644 -0.2767 -0.9588 0.5078 0.7349 -0.4494 0.5937 0.6366 -0.4922 0.6896 0.3696 -0.6228 0.6484 0.4971 -0.5767 0.383 0.8338 -0.3977 0.0644 -0.2767 -0.9588 -0.7071 0.3208 -0.6301 -0.3015 -0.6693 -0.6791 0.2467 -0.2008 -0.9481 0.4631 -0.0698 -0.8836 0.6091 0.1221 -0.7836 -0.7071 0.3208 -0.6301 0.2467 -0.2008 -0.9481 0.463 -0.0698 -0.8836 0.6091 0.1221 -0.7836 0.6091 0.1221 -0.7836 0.6091 0.5618 -0.5598 0.4631 0.7555 -0.4634 0.2467 -0.2008 -0.948 0.463 -0.0698 -0.8836 0.2467 0.8848 -0.3954 0.7071 0.3208 -0.6301 0.6816 0.2733 -0.6788 -0.9879 0.0705 -0.1384 0.4512 0.7514 -0.4814 0.6091 0.5618 -0.5598 -0.7071 0.3208 -0.6301 0.6816 0.2733 -0.6788 0.2467 0.8848 -0.3954 -0.7071 0.3208 -0.6301 -0 0.4537 -0.8912 0.0793 0.992 -0.0982 -0.609 0.5618 -0.5599 -0.4631 0.7555 -0.4634 -0.7071 0.3208 -0.6302 0.7071 0.3208 -0.6301 -0.6816 -0.2733 0.6788 0.0793 0.992 -0.0982 -0.4513 0.7514 -0.4814 -0.609 0.5618 -0.5599 -0.2467 0.8848 -0.3954 -0.0644 0.9381 -0.3404 -0.2467 0.8848 -0.3954 0 0.4537 -0.8912 -0.609 0.5618 -0.5598 -0.4513 0.7514 -0.4814 0.8898 0.2869 -0.3548 -0 0.951 -0.3093 -0.2467 0.8848 -0.3954 -0.0644 0.9381 -0.3404 0.4339 0.8816 -0.186 -0.4608 0.1358 -0.877 -0.0644 0.9381 -0.3404 0 0.9509 -0.3093 0.0644 0.9381 -0.3404 0.2467 0.8848 -0.3954 -0 0.4537 -0.8912 0.4631 0.7555 -0.4634 0.2467 -0.2008 -0.9481 0.0644 0.9381 -0.3404 0.2467 0.8848 -0.3954 0.4631 0.7555 -0.4634 0.609 0.5618 -0.5599 0.463 -0.0698 -0.8836 0.609 0.5618 -0.5599 -0.0793 0.992 -0.0982 0.6091 0.1221 -0.7836 0.7071 0.3208 -0.6302 0.9984 -0.0282 -0.0481 -0.7071 0.3208 -0.6301 -0.0793 0.992 -0.0982 0.4631 0.7555 -0.4634 0.6091 0.5618 -0.5598 0.2467 0.8848 -0.3954 -0.3573 -0.2344 -0.9041 0.0644 0.9381 -0.3404 0.7071 0.3208 -0.6301 -0.7071 0.3208 -0.6302 0.6816 0.3881 -0.6204 -0.7193 0.2741 -0.6383 -0.5689 -0.0803 -0.8185 -0.5012 -0.1477 -0.8526 -0.4277 -0.2166 -0.8776 -0.6678 0.0732 -0.7407 -0.7106 0.1697 -0.6828 -0.6248 -0.0059 -0.7808 0.6792 0.7104 -0.1844 0.6793 0.6304 -0.3758 0.6802 0.4993 -0.5367 0.6952 0.3695 -0.6166 -0 0.5136 -0.858 0.6522 -0.2243 0.7241 0.7265 -0.1796 0.6633 0.6417 0.024 0.7666 0.5763 -0.0379 0.8163 0.4713 0.0986 0.8765 -0.0114 0.7684 -0.6399 -0.0328 -0.3222 -0.9461 0.0306 -0.3253 -0.9451 0.7298 -0.4522 0.5128 0.6563 -0.2439 0.7139 0.682 -0.3878 0.6201 0.7314 0.671 0.1217 0.9881 -0.0179 -0.1525 0.7314 -0.4932 -0.471 -0.8872 -0.208 0.4118 -0.8881 -0.2464 0.388 -0.3148 -0.4039 0.8589 0.6091 -0.5618 0.5598 0.6816 -0.3881 0.6204 0.4631 -0.7555 0.4634 0.2467 -0.8848 0.3954 0.1501 -0.8408 0.5201 0.0372 -0.7094 0.7038 0.2422 -0.7925 0.5597 0.3302 -0.7324 0.5955 0.1349 -0.6651 0.7344 0.0649 -0.9979 0.0036 0.2728 -0.5254 0.8059 0.5079 -0.5305 0.6787 0.2204 -0.5956 0.7724 0.4235 -0.6441 0.637 0.8877 -0.2651 0.3766 0.0002 0.5843 0.8116 -0.0001 -0.1597 0.9872 -0.0002 -0.1591 0.9873 -0.0375 -0.1521 0.9877 -0.9648 -0.2348 -0.1184 -0.7272 0.2264 -0.648 -0.6817 0.0761 -0.7277 -0.6095 -0.0452 -0.7915 -0.8599 -0.4549 -0.2317 -0.5154 -0.1486 -0.844 -0.6684 0.2535 -0.6992 -0.4853 -0.0922 -0.8694 -0.5878 0.0739 -0.8056 -0.3993 -0.2324 -0.8869 -0.269 -0.291 -0.9181 -0.3741 -0.1773 -0.9103 -0.2433 -0.2335 -0.9414 -0.1339 -0.3213 -0.9375 0.5773 -0.7764 0.2526 0.5773 0.2526 0.7764 0.3802 0.2322 0.8953 0.3571 0.2344 0.9042 0.332 0.2356 0.9134 0.9167 -0.2645 0.2994 0.306 -0.4321 0.8483 0.9991 -0.0239 0.0348 0.3132 -0.4572 0.8324 -0.7223 -0.3912 0.5703 -0.8999 -0.3923 -0.1906 -0.6664 -0.6212 0.4124 -0.437 -0.8035 -0.4043 -0.518 -0.8074 0.2823 -0.2018 -0.9446 0.2587 -0.3961 -0.772 0.4972 0.027 -0.9671 0.2531 0.3049 -0.9066 0.2918 0.5608 -0.7406 0.3702 0.5969 -0.5899 0.5438 -0.5586 -0.6327 0.5363 -0.1225 -0.9131 0.3889 0.1774 -0.9074 0.3811 0.4225 -0.7905 0.4434 0.6823 -0.389 0.6189 0.0323 0.7916 -0.6102 0.2976 0.4257 -0.8545 0.1833 0.4393 -0.8795 0.4366 0.4008 -0.8054 0.5677 0.3838 -0.7283 0.8343 0.2407 -0.4959 0.9331 0.16 -0.322 0.6691 0.3539 -0.6535 -0.6024 -0.6068 0.5186 -0.4767 -0.7549 0.4503 -0.5904 -0.7059 0.3913 -0.6905 -0.5208 0.5019 -0.5339 -0.7566 -0.3776 -0.5116 -0.8096 0.2876 0.0941 0.8872 0.4517 0.0644 0.9381 -0.3404 0 0.9509 -0.3094 -0.0941 0.8872 0.4517 -0.0644 0.9381 -0.3404 -0 0.951 -0.3093 -0.0684 0.9566 -0.2834 0.7102 0.3194 -0.6274 0.0008 0.3884 -0.9215 0.7102 0.3194 -0.6274 0.6941 0.2782 -0.664 -0.6249 0.7763 0.0824 -0.6669 0.7206 0.1896 -0.4703 0.8755 -0.1104 -0.5588 0.8291 -0.0197 -0.3639 0.913 -0.1845 -0.1228 0.9549 -0.2705 -0.2457 0.9396 -0.2383 -0.031 0.955 -0.295 0.3142 -0.399 0.8614 0.8878 -0.1484 0.4356 0.8884 -0.2087 0.4089 -0.531 -0.4851 0.6947 -0.3879 -0.6814 0.6207 -0.4648 -0.5909 0.6594 -0.2929 -0.5041 0.8125 -0.2225 -0.5968 0.7709 -0.2949 -0.7585 0.5812 -0.1885 -0.8235 0.5351 -0.0699 -0.9975 0.0041 -0.1305 -0.6662 0.7342 -0.0352 -0.7106 0.7028 0.6617 0.4301 -0.6141 0.5924 0.6108 -0.5253 0.4882 0.7524 -0.4421 0.3741 0.8404 -0.3922 0.2468 0.898 -0.3643 0.5773 -0.2526 -0.7764 -0.722 -0.363 0.589 -0.6859 -0.3778 0.6219 -0.6769 -0.2617 0.688 0.7174 0.2873 -0.6346 0.7167 0.3449 -0.6061 -0.7216 -0.3918 0.5708 -0.8999 -0.3923 -0.1906 -0.6664 -0.6212 0.4124 -0.437 -0.8035 -0.4043 -0.5181 -0.8074 0.2823 -0.2018 -0.9446 0.2587 -0.3961 -0.772 0.4972 0.027 -0.9671 0.2531 0.3049 -0.9066 0.2918 0.5606 -0.7408 0.3702 0.597 -0.5896 0.5441 -0.5586 -0.6327 0.5363 -0.1225 -0.9131 0.3889 0.1775 -0.9073 0.3811 0.4223 -0.7906 0.4434 -0.9821 0.1681 0.0845 -0.929 0.3297 0.1679 -0.8364 0.4885 0.2487 -0.6095 0.6666 -0.4291 -0.6764 0.5511 -0.4887 -0.7071 0.6301 0.3208 -0.5154 0.7699 -0.3763 -0.7146 0.4311 -0.5509 -0.7175 0.3441 -0.6057 -0.5481 0.7454 0.3795 -0.3294 0.5151 0.7913 -0.2648 0.9161 -0.3011 -0.3994 0.8539 -0.3338 -0.0242 0.8851 0.4647 -0.1294 0.5704 0.8111 0.2494 0.9196 -0.3036 -0.1243 0.9491 -0.2892 0.1243 0.9491 -0.2892 0.3705 0.8686 -0.3291 -0.2494 0.9196 -0.3036 0.4807 0.7972 -0.3653 -0.3705 0.8686 -0.3291 -0 0.9586 -0.2849 -0.4807 0.7972 -0.3653 0.5739 0.7087 -0.4104 0.6454 0.6082 -0.462 0.6938 0.5016 -0.5168 0.2823 0.9388 0.1975 -0.6455 0.6082 -0.4619 -0.5739 0.7087 -0.4104 -0.2823 0.9388 0.1973 -0.6937 0.5017 -0.5168 -0.3215 -0.0422 0.946 -0.105 -0.192 0.9758 -0.0347 -0.155 0.9873 -0.4123 -0.1283 0.902 -0.4912 -0.2179 0.8434 -0.887 -0.1442 0.4386 -0.2606 -0.3177 0.9117 -0.3142 -0.3988 0.8615 -0.2527 0.3127 0.9156 -0.465 0.2015 0.862 -0.6047 0.0554 0.7945 -0.6964 -0.0919 0.7118 0.6916 0.5517 -0.4662 0.5286 0.7724 -0.3521 0.2802 0.9184 -0.2793 0.7239 0.3725 -0.5808 -0.6816 -0.3881 0.6203 -0.6816 0.2733 -0.6788 0.9821 -0.1672 -0.0862 0.929 -0.3297 -0.1678 0.8364 -0.4885 -0.2487 0.6095 -0.0452 -0.7915 0.6764 0.071 -0.7331 0.7071 -0.6302 -0.3208 0.5154 -0.1487 -0.8439 0.7146 0.1918 -0.6727 0.5481 -0.7454 -0.3795 0.37 -0.8279 -0.4215 0.2626 -0.2964 -0.9183 0.3994 -0.2324 -0.8868 0.0289 -0.8951 -0.4449 0.1905 -0.8738 -0.4474 -0.47 0.216 0.8558 0.4656 0.2912 0.8357 -0.657 0.0122 0.7538 0.6633 0.0463 0.7469 -0.2022 0.3469 0.9158 -0.7276 -0.2111 0.6528 0.7206 -0.2292 0.6544 -0.6988 -0.541 0.4679 0.5064 0.02 0.862 -0.5424 -0.7541 0.3704 0.6455 -0.2149 0.7329 0.3712 0.1881 0.9093 -0.6421 -0.4756 0.6012 -0.5028 -0.7128 0.4889 0.5853 -0.7158 0.3808 -0.5914 -0.7427 0.314 -0.2984 -0.921 0.2504 0.7313 -0.4412 0.5202 0.3417 -0.894 0.2899 0.4912 0.2433 0.8364 0.6153 0.0895 0.7832 0.029 -0.9673 0.2521 -0.9563 0.1327 -0.2606 -0.5242 0.7437 -0.4149 0.0002 0.5842 0.8116 0.4687 0.0989 0.8778 0.3562 0.1984 0.9131 0.5784 -0.0418 0.8147 0.6323 0.0344 0.774 0.728 -0.1678 0.6648 0.4716 0.2082 0.8569 0 -0.3093 -0.951 0.0679 -0.3333 -0.9404 -0.0684 -0.3336 -0.9402 -0.7267 0.3864 -0.5679 0.0684 0.9566 -0.2834 -0.0644 0.9381 -0.3404 -0 0.951 -0.3093 -0.0684 0.9566 -0.2834 0.2184 0.8697 0.4427 0.1881 0.8757 0.4448 0.37 0.8359 0.4055 0.5481 0.7454 0.3795 0.5207 0.7608 0.3873 0.7071 0.6302 0.3208 0.0315 0.9552 -0.2944 0.1342 0.9483 -0.2876 0.5154 0.7699 -0.3763 0.3994 0.8539 -0.3338 0.2718 0.9159 -0.2954 0.8364 0.4885 0.2487 0.6764 0.5511 -0.4887 0.929 0.3297 0.1678 0.6095 0.6666 -0.4292 0.9815 0.1712 0.0852 0.7184 0.3431 -0.6052 0.7146 0.4311 -0.5509 0.0684 -0.3336 -0.9402 0.2802 -0.3145 -0.907 0.5286 -0.1698 -0.8317 0.6916 0.0524 -0.7203 -0.678 0.1252 -0.7244 -0.6768 -0.0993 -0.7294 -0.6768 -0.3145 -0.6656 -0.3719 0.1809 0.9105 -0.4863 0.0976 0.8683 -0.2196 0.2292 0.9483 -0.5709 0.0019 0.821 -0.7239 -0.2505 0.6428 -0.6345 -0.1405 0.76 -0.6816 -0.2733 0.6788 -0 -0.3341 -0.9425 0.2475 -0.2008 -0.9479 0.4627 -0.0697 -0.8838 0.5245 -0.1764 -0.8329 0.6091 0.1221 -0.7836 0.6916 0.0524 -0.7204 0.2126 -0.354 -0.9108 -0.6809 -0.089 -0.727 -0.332 -0.2355 -0.9134 -0.359 -0.207 -0.9101 0 0.2469 -0.969 -0.7404 0.0337 -0.6713 -0.7405 -0.1442 -0.6564 -0.7394 -0.3122 -0.5965 -0.7231 -0.4331 -0.5381 -0.7248 0.1687 -0.668 0.0644 0.9381 -0.3404 0 0.9509 -0.3094 -0.0941 0.8872 0.4517 -0.0644 0.9381 -0.3404 0 0.951 -0.3093 -0.0684 0.9566 -0.2834 0.4631 0.7555 -0.4634 0.6091 0.5618 -0.5598 0.6916 0.5517 -0.4662 0.5286 0.7724 -0.352 0.2467 0.8848 -0.3954 0.2801 0.9184 -0.2796 0.6816 0.3881 -0.6204 0.7239 0.3724 -0.5808 -0.7191 -0.5651 -0.4046 -0.6951 0.6671 -0.2681 0.0941 -0.8872 -0.4517 -0.0941 -0.8872 -0.4517 -0.0644 -0.9381 0.3403 0.0644 -0.9381 0.3403 -0.0663 0.9406 -0.333 0.0909 0.4517 -0.8875 -0 0.9421 -0.3354 -0.1152 0.9332 -0.3404 0.1152 0.9332 -0.3404 -0.2314 0.9057 -0.3553 0.2314 0.9057 -0.3553 -0.3446 0.8584 -0.3799 0.3446 0.8584 -0.3799 -0.4487 0.792 -0.414 0 0.951 -0.3093 0.6075 0.6137 -0.5043 0.5377 0.709 -0.4562 0.6555 0.5113 -0.5558 0.5078 0.8274 -0.2399 0.4487 0.7921 -0.4139 -0.5377 0.709 -0.4562 -0.6075 0.6137 -0.5043 -0.6589 0.5094 -0.5534 -0.4543 0.8443 -0.2843 0.6683 0.2577 -0.6978 0.7217 0.2753 -0.6351 0.7411 0.1415 -0.6563 -0.6507 -0.4543 0.6084 -0.579 -0.6353 0.511 -0.6385 -0.6366 0.4325 -0.7239 -0.4443 0.5278 -0.4627 -0.7718 0.4361 -0.5045 -0.7839 0.362 0.6816 -0.2733 0.6788 -0.5773 -0.7764 0.2526 -0.9828 0.1646 0.0838 -0.7146 0.4311 -0.5509 -0.929 0.3297 0.1678 -0.6764 0.5511 -0.4886 -0.8364 0.4885 0.2487 -0.6094 0.6666 -0.4291 -0.7164 0.3454 -0.6062 -0.5154 0.7699 -0.3764 -0.7071 0.6302 0.3208 -0.5481 0.7454 0.3795 -0.3994 0.8539 -0.3338 -0.36 0.8301 0.4259 -0.1294 0.5735 0.8089 -0.1345 0.9483 -0.2875 -0.2694 0.9138 -0.304 0.6816 0.2733 -0.6788 0.7239 0.2505 -0.6428 -0.7393 0.5952 -0.3149 -0.7393 0.4941 -0.4574 0.7213 0.4078 -0.5599 -0.7386 0.6568 -0.1519 -0.7239 0.2505 -0.6428 -0.6816 0.2733 -0.6788 -0.6816 0.3881 -0.6204 -0.7239 0.3724 -0.5808 0.6959 0.2986 -0.6532 -0.6816 -0.3881 0.6203 -0.6816 0.3881 -0.6204 -0.6816 -0.2733 0.6788 0.0684 -0.3336 -0.9402 0 -0.3093 -0.951 0 -0.3093 -0.951 -0.0644 -0.2767 -0.9588 0.6091 -0.1221 0.7836 0.4631 0.0698 0.8836 0.2467 0.2008 0.9481 0.0941 0.8872 0.4517 0.6816 -0.2733 0.6788 0.0941 0.8872 0.4517 0.0644 0.2767 0.9588 -0.7163 0.2871 -0.636 -0.5327 -0.7592 -0.3739 -0.6149 -0.6827 0.3947 -0.6187 -0.548 0.5629 -0.7275 -0.4139 0.5472 -0.6884 -0.3699 0.624 -0.5014 -0.8131 0.2957 0.3689 -0.8283 -0.4217 0.7071 -0.6301 -0.3208 -0 -0.4537 0.8912 -0.0003 -0.4533 0.8914 0.9277 -0.3327 -0.1694 -0.0005 -0.4535 0.8913 1 0 0 0.9277 0.3327 0.1694 0.3689 0.8283 0.4217 0.7071 0.6301 0.3208 -0.001 -0.4533 0.8914 -0 -0.4537 0.8912 -0 -0.4537 0.8912 -0.0004 -0.4537 0.8911 -0 -0.4537 0.8912 -0.0004 -0.4537 0.8912 0 -0.4537 0.8912 -0.0005 -0.4539 0.891 0 -0.4537 0.8912 -0.0003 -0.4541 0.8909 -0.001 -0.4541 0.891 -0 -0.4537 0.8912 0 -0.4537 0.8912 0 -0.4537 0.8912 -0.3802 -0.8606 0.3389 -0.5059 0.0233 0.8623 0 -0.4537 0.8912 0.0608 0.241 0.9686 -0.2435 0.1771 0.9536 0.3581 0.0664 0.9313 0.5487 -0.0705 0.8331 -0.0567 -0.6984 0.7134 -0.2929 -0.504 0.8125 0.6797 -0.252 0.6889 0.4717 0.212 0.8559 -0.3784 -0.8381 0.393 0.3604 0.2001 0.9111 0.2615 -0.3188 0.911 0.1962 -0.2591 0.9457 0.1258 -0.1998 0.9717 0.0352 -0.1521 0.9877 -0.1838 -0.2378 0.9538 -0.6156 0.5759 -0.538 0.6156 0.5759 -0.538 -0.7292 -0.417 0.5425 -0.6393 -0.6356 0.4328 -0.4712 -0.8173 0.3316 -0.4018 -0.7855 0.4707 0.3663 0.1948 0.9099 -0.5294 -0.6722 0.5176 -0.6646 -0.4331 0.6088 -0.6957 0.3528 -0.6257 0.5544 0.7882 -0.2671 0.6952 0.6709 0.2582 -0.2801 -0.3142 -0.9071 -0.5287 -0.1698 -0.8317 -0.6917 0.0524 -0.7203 -0.0684 -0.3336 -0.9402 0.1006 0.9273 -0.3605 0 -0.3097 -0.9508 0.3031 0.8667 -0.3961 0.4758 0.7596 -0.4434 0.5929 0.6072 -0.529 0.6639 0.4242 -0.6158 0.1042 -0.346 -0.9324 0.3744 -0.2925 -0.8799 0.5922 -0.1704 -0.7875 -0.0398 0.944 -0.3276 -0.1827 0.9105 -0.371 -0.3599 0.8453 -0.3948 -0.4825 0.7616 -0.4326 -0.5741 0.6544 -0.4921 -0.643 0.5001 -0.58 0.635 0.1098 -0.7647 0.6683 0.2535 -0.6993 0.571 -0.0019 -0.821 0.4766 -0.1 -0.8734 0.3037 -0.183 -0.935 -0.6916 0.5517 -0.4662 -0.5286 0.7724 -0.3521 -0.2801 0.9184 -0.2796 0.0961 -0.2572 -0.9616 0.0684 0.9566 -0.2834 -0.0899 -0.2611 -0.9611 0.6915 0.1622 -0.704 0.6725 -0.0276 -0.7396 0.6706 -0.2877 -0.6838 0.6707 -0.5103 -0.5383 0.6712 -0.662 -0.3334 -0.6916 0.0524 -0.7204 -0.5286 -0.1698 -0.8317 -0.2802 -0.3144 -0.907 -0.7239 0.2505 -0.6428 0.5353 0.7553 0.3782 0.4053 0.0607 0.9121 0.522 0.0164 0.8528 0.6395 -0.1351 0.7569 -0.5297 -0.4873 0.6942 -0.3885 -0.6813 0.6204 -0.2329 -0.5701 0.7879 -0.4653 -0.5901 0.6598 -0.2738 -0.5206 0.8087 -0.3121 -0.4552 0.8339 -0.1947 -0.6097 0.7684 -0.293 -0.7592 0.5811 -0.1505 -0.6438 0.7502 -0.1891 -0.8216 0.5378 -0.0699 -0.9975 0.0041 -0.1 -0.6756 0.7304 -0.0316 -0.7104 0.7031 -0.4631 -0.0698 -0.8836 -0.6091 0.1221 -0.7837 -0.2467 -0.2008 -0.9481 -0.0644 -0.2767 -0.9588 -0.0296 0.956 -0.2918 0.7239 0.3724 -0.5808 0.6816 0.3881 -0.6203 0.5133 -0.2496 0.8211 0.4523 -0.1736 0.8748 0.3826 -0.0968 0.9188 0.1647 0.0694 0.9839 0.2853 -0.0132 0.9583 0.0667 0.5851 0.8082 -0.6396 0.3487 -0.685 -0.6217 0.3111 -0.7188 0.6091 0.5618 -0.5598 0.4631 0.7555 -0.4634 0.6917 0.5517 -0.4661 0.5286 0.7724 -0.352 0.2467 0.8848 -0.3953 0.2802 0.9184 -0.2794 0.0645 0.938 -0.3405 0.0685 0.9566 -0.2834 -0.9625 -0.1231 0.2419 -0.9563 -0.1326 0.2605 -0.9625 -0.1231 0.2419 -0.9625 -0.1231 0.2419 -0.9563 -0.1326 0.2605 -0.9625 -0.1231 0.2419 -0.9625 -0.1231 0.2419 -0.5242 -0.7437 0.4149 -0.7075 -0.6451 0.2888 -0.6916 0.0524 -0.7203 -0.5286 -0.1698 -0.8317 -0.2802 -0.3145 -0.907 -0.7239 0.2505 -0.6428 -0.0684 -0.3336 -0.9402 -0.2467 -0.8848 0.3954 -0.4631 -0.7555 0.4634 -0.6091 -0.5618 0.5598 0.8976 0.3888 0.2076 0.432 0.8 0.4164 0.0418 0.3661 0.9296 0.3581 0.0664 0.9313 -0.3783 0.8215 0.4266 -0.7097 0.6278 0.3196 -0.9254 0.3416 0.1644 0.0678 0.2454 0.967 0.6674 -0.2388 0.7053 0.5469 -0.0571 0.8353 -0.1842 0.2248 0.9568 -0.4133 0.1131 0.9036 -0.5823 -0.0768 0.8093 -0.6091 -0.1221 0.7836 -0.6816 -0.2733 0.6788 -0.4631 0.0698 0.8836 -0.2467 0.2008 0.9481 -0.0941 0.8872 0.4517 0.2467 0.2008 0.9481 0.4631 0.0698 0.8836 0.6091 -0.1221 0.7836 0.0941 -0.8872 -0.4517 0 -0.951 0.3093 0.0644 -0.9381 0.3403 -0.1501 0.0741 0.9859 -0.0375 -0.1521 0.9877 -0.2422 0.0137 0.9701 -0.3302 -0.0506 0.9426 -0.1348 -0.2025 0.9699 -0.2718 -0.3419 0.8996 -0.5042 -0.233 0.8316 -0.2204 -0.2741 0.9361 -0.4235 -0.1362 0.8956 -0.8789 -0.1169 0.4625 0.4647 0.2129 0.8595 -0.7174 -0.6963 -0.0218 -0.3588 -0.2926 -0.8864 -0.5495 -0.2036 -0.8103 -0.7513 0.2069 -0.6267 -0.6604 -0.0232 -0.7506 0.3742 0.8403 -0.3922 0.5709 0.665 -0.4815 0.4825 0.7616 -0.4326 0.635 0.5539 -0.5385 0.2529 0.897 -0.3626 0.1271 0.9304 -0.3438 0.1206 -0.3619 -0.9244 0.3251 -0.3033 -0.8957 0.5642 -0.1198 -0.8169 0.6906 0.0722 -0.7196 0.7404 0.1881 -0.6453 -0.127 0.9304 -0.3438 -0.2529 0.897 -0.3626 -0.3742 0.8403 -0.3922 -0.4825 0.7616 -0.4326 0.7079 0.3205 -0.6294 -0.5709 0.665 -0.4815 -0.635 0.5526 -0.5399 -0.6687 0.4143 -0.6174 0.6687 0.2558 -0.6982 0.635 0.1115 -0.7644 0.5709 -0.0019 -0.821 0.4825 -0.0983 -0.8704 0.3741 -0.1773 -0.9103 0.2528 -0.2346 -0.9386 0.1271 -0.2694 -0.9546 -0.6907 0.5427 -0.478 -0.5601 0.7399 -0.3726 -0.3226 0.9035 -0.2822 -0.1265 0.9609 -0.2464 0 0.9509 -0.3094 0.1047 0.9579 -0.2673 -0.081 -0.2671 -0.9603 0.7294 0.3986 -0.5559 0.662 0.6183 -0.4236 0.3591 0.8888 -0.2849 0.5496 0.775 -0.3119 -0 -0.3093 -0.951 0.2184 0.8697 0.4427 0.1881 0.8757 0.4448 0.5207 0.7608 0.3874 0.37 0.8359 0.4055 0.5154 0.7699 -0.3763 0.5481 0.7454 0.3795 0.7071 0.6302 0.3208 0.6095 0.6666 -0.4291 0.8364 0.4885 0.2487 0.6764 0.5511 -0.4887 0.929 0.3297 0.1679 0.9828 0.1646 0.0838 -0.6152 -0.5486 0.5662 0.032 0.9545 -0.2963 0.09 0.9309 -0.3541 -0.099 0.9562 -0.2754 0.0449 0.8898 0.4542 -0 0.9509 -0.3094 0.0328 0.9546 -0.2961 0.0802 0.8885 0.4519 0 0.951 -0.309 0.6429 0.4229 -0.6386 0.9016 0.3832 0.2007 0.5604 0.6324 -0.5348 0.4262 0.807 0.4088 0.4111 0.7692 -0.4892 0.2536 0.8926 -0.3727 0.078 0.894 0.4411 0.078 0.8827 0.4634 -0.8888 -0.2074 0.4087 -0.7163 0.2869 -0.636 -0.8873 -0.248 0.3889 0.2685 0.9141 -0.3037 0.1353 0.9481 -0.2878 0.3997 0.8534 -0.3345 0.5154 0.7699 -0.3763 0.6088 0.6671 -0.4294 -0.0644 -0.2767 -0.9588 0.7275 0.3918 -0.5633 0.6819 0.5426 -0.4905 0.7164 0.288 -0.6354 0.032 0.9545 -0.2966 0.0635 -0.2766 -0.9589 -0.0931 0.9565 -0.2766 -0.2627 0.917 -0.3001 -0.3994 0.8539 -0.3338 -0.5154 0.7699 -0.3763 -0.6095 0.6666 -0.4292 -0.6795 0.5463 -0.4897 -0.7265 0.3951 -0.5622 0.7143 0.1914 -0.6732 0.6095 -0.0452 -0.7915 0.0325 -0.3225 -0.946 -0.0641 0.9378 -0.3412 0.3993 -0.2325 -0.8869 0.5154 -0.1487 -0.844 0.2691 -0.2911 -0.9181 0.1333 -0.3215 -0.9375 -0.6839 -0.5437 0.4865 -0.7386 -0.3985 0.5437 -0.5843 -0.7133 0.3871 -0.5354 -0.7555 -0.3776 -0.5115 -0.8097 0.2877 0.8886 -0.2083 0.4086 -0.9881 0.1339 -0.0752 -0.7314 -0.4932 -0.471 -0.8943 -0.393 -0.214 -0.4387 -0.8033 -0.4028 -0.3961 -0.772 0.4972 0.39 -0.8247 -0.4095 0.7071 -0.6301 -0.3208 0.9189 -0.3486 -0.1847 -0.5598 -0.6237 0.5455 -0.1225 -0.9131 0.3889 0.1767 -0.9074 0.3814 0.4132 -0.7971 0.4402 0.5822 -0.6093 0.5383 0.2445 -0.8635 -0.4411 0.5105 -0.7663 -0.3902 0.6765 0.071 -0.733 0.0741 -0.8885 -0.4529 0.0938 -0.2543 -0.9626 0.4298 -0.8047 -0.4096 0.3181 -0.1532 -0.9356 0.9016 -0.382 -0.2029 0.4638 -0.01 -0.8859 0.6264 0.1084 -0.7719 -0.0941 0.8872 0.4517 -0.0941 0.8872 0.4517 -0 0.3093 0.951 -0.0644 0.2767 0.9588 -0.7164 0.2869 -0.636 -0.5774 0.2526 0.7764 -0.2801 0.9183 -0.2796 -0.5286 0.7724 -0.3521 -0.6916 0.5517 -0.4662 -0.6816 0.3881 -0.6203 -0.6091 0.5618 -0.5598 -0.4631 0.7555 -0.4634 -0.2467 0.8848 -0.3954 -0.7146 0.1918 -0.6727 -0.6095 -0.0452 -0.7915 -0.6764 0.071 -0.7331 -0.5154 -0.1487 -0.8439 -0.3994 -0.2324 -0.8868 -0.1343 -0.3254 -0.936 -0.2693 -0.2918 -0.9178 -0.5774 0.2526 0.7764 0.1898 0.8762 0.443 0.37 0.8279 0.4215 0.5481 0.7454 0.3795 0.3994 0.8539 -0.3338 0.2694 0.9138 -0.304 0.7071 0.6301 0.3208 0.5154 0.7699 -0.3763 0.1343 0.9483 -0.2876 0.8364 0.4885 0.2487 0.929 0.3297 0.1679 0.6764 0.5511 -0.4887 0.6095 0.6666 -0.4291 0.9816 0.171 0.0852 0.7146 0.4311 -0.5509 0.3314 0.2338 0.9141 0.3826 0.2319 0.8943 -0.6923 0.3618 -0.6243 0.5292 -0.2747 0.8028 0.3885 -0.1008 0.9159 0.236 -0.303 0.9233 0.4656 -0.1851 0.8655 0.2928 -0.3642 0.8841 0.1947 -0.2626 0.9451 0.293 -0.0232 0.9558 0.1504 -0.2279 0.962 0.1891 0.0485 0.9808 0.0699 0.5836 0.809 0.1001 -0.193 0.9761 0.0316 -0.1506 0.9881 0.6331 0.672 -0.3843 0.4726 0.7047 -0.5292 0.3292 0.7276 -0.6018 0.2038 0.7278 -0.6548 0.0912 0.4518 -0.8874 0.0912 0.4518 -0.8874 0.6951 0.6671 -0.2681 0.9897 0.065 -0.1276 0.6387 -0.2 0.743 -0 -0.704 0.7102 -0.1947 -0.6097 0.7684 -0.332 -0.8772 0.3469 -0.4806 -0.7455 0.4618 -0 -0.4537 0.8912 0.3316 0.2344 0.9138 0.3116 -0.4198 0.8524 -0.6666 -0.4232 0.6136 -0.5059 0.0232 0.8623 0.1947 -0.6096 0.7684 0 -0.4537 0.8911 -0.2404 0.1755 0.9547 0.0508 0.244 0.9685 0.4588 -0.005 0.8885 0.319 0.1501 0.9358 0.3135 -0.4593 0.8311 -0.6387 -0.2208 0.7371 -0.3767 -0.8401 0.3903 0.7249 -0.1808 0.6647 -0.0527 -0.6989 0.7132 -0.293 -0.5007 0.8145 0.6385 0.0243 0.7693 0.4727 0.2105 0.8557 -0.271 -0.3451 0.8986 -0.3124 -0.4023 0.8605 -0.1947 -0.2626 0.945 -0.332 -0.8772 0.3469 -0.7239 0.3724 -0.5808 -0.6917 0.5517 -0.4661 -0.5286 0.7724 -0.3522 -0.2802 0.9185 -0.2792 0.5286 0.7724 -0.3522 0.6917 0.5517 -0.4661 0.2802 0.9185 -0.2792 0.4588 0.2137 0.8625 0.3592 0.2028 0.911 0.97 0.2159 0.1115 0.8599 0.4549 0.2316 0.6817 0.5437 -0.4896 0.6095 0.6666 -0.4292 0.5154 0.7699 -0.3763 0.4825 0.7616 -0.4326 0.6728 0.4434 -0.5922 0.5709 0.665 -0.4815 0.6346 0.5566 -0.5362 0.3994 0.8538 -0.3338 0.2693 0.914 -0.3033 0.3741 0.8404 -0.3922 0.1352 0.9482 -0.2876 0.2478 0.8978 -0.364 0.6816 0.3881 -0.6203 0.6816 -0.2733 0.6788 0.6816 -0.3881 0.6203 -0.6816 0.3881 -0.6204 0.6707 -0.7352 -0.0981 -0.6762 -0.726 0.125 0.6742 -0.7271 0.1295 -0.2468 -0.2007 -0.9481 -0.0644 -0.2767 -0.9588 -0.4631 -0.0699 -0.8836 -0.6091 0.1221 -0.7836 -0.6816 0.3881 -0.6203 0.0644 -0.2768 -0.9588 -0.6091 0.5618 -0.5598 -0.4627 0.7554 -0.4639 -0.2467 0.8848 -0.3953 0.0857 -0.3383 -0.9371 -0.0319 -0.322 -0.9462 -0.0645 0.938 -0.3405 0.7388 0.6565 -0.1523 0.7398 0.5947 -0.3148 0.7396 0.4941 -0.4569 0.7245 0.4074 -0.556 0.9816 -0.1693 -0.088 0.9759 -0.1946 -0.0991 0.8538 -0.464 -0.2362 0.9289 -0.3216 -0.1838 0.8364 -0.4884 -0.2487 0.7071 -0.6302 -0.3208 0.5154 -0.1487 -0.8439 0.7146 0.1918 -0.6727 0.6095 -0.0452 -0.7915 0.6822 0.0657 -0.7282 0.3994 -0.2324 -0.8868 0.5481 -0.7454 -0.3795 0.37 -0.8279 -0.4215 0.2693 -0.2918 -0.9178 0.191 -0.874 -0.4468 0.0323 -0.3227 -0.9459 0.1343 -0.3254 -0.936 -0.3264 0.9351 -0.1381 0.7266 -0.1788 0.6634 0.6478 0.0091 0.7618 0.5041 0.1648 0.8478 0.0005 -0.3094 -0.9509 -0.0004 0.951 -0.3093 -0.9896 -0.0652 0.1281 -0.6951 -0.6671 0.2681 -0.635 -0.6774 0.3714 -0.8666 -0.2263 0.4447 -0.5238 -0.7035 0.4804 -0.4337 -0.7149 0.5484 -0.449 -0.4052 0.7963 -0.3314 -0.7261 0.6024 -0.2203 -0.7353 0.641 -0.0783 -0.4511 0.889 -0.1093 -0.7401 0.6635 -0.9896 -0.0652 0.1281 -0.0444 -0.4532 0.8903 -0.0904 -0.4518 0.8875 -0.0908 -0.4518 0.8875 -0.0912 -0.4518 0.8874 0.0887 0.931 -0.354 -0.7199 -0.3568 0.5954 0 -0.951 0.3093 -0 -0.4537 0.8912 -0.6096 0.0453 0.7914 -0.6962 -0.092 0.712 -0.5153 0.1486 0.844 -0.2411 0.3138 0.9184 -0.3994 0.2324 0.8868 -0 -0.4537 0.8912 -0.6091 -0.1221 0.7836 -0.4512 0.0528 0.8909 0.6655 -0.1853 0.7231 0.4613 0.1278 0.878 -0.2467 0.2008 0.9481 0.6356 -0.0828 0.7676 0.5919 -0.0076 0.806 0.5371 0.0616 0.8413 0.3588 0.2071 0.9101 -0.6091 -0.1221 0.7836 -0.4512 0.0528 0.8909 -0.6816 -0.3881 0.6203 -0.4512 0.0528 0.8909 -0.2467 0.2008 0.9481 -0.2467 0.2008 0.9481 -0.6091 -0.1221 0.7837 0.0644 0.2767 0.9588 0.6189 0.0175 0.7853 0.5617 0.0902 0.8224 0.4814 0.1763 0.8586 0.6642 -0.0616 0.745 0.7087 -0.1607 0.687 -0 0.3093 0.951 0.2467 0.2008 0.9481 0.0644 0.2767 0.9588 -0.0644 0.2767 0.9588 0.4631 0.0698 0.8836 0.6091 -0.1221 0.7836 0.6091 -0.5618 0.5598 0.6816 -0.3881 0.6204 0.4631 0.0698 0.8836 0.4631 -0.7555 0.4634 0.2467 -0.8848 0.3954 -0.0644 0.2767 0.9588 -0.6091 -0.5618 0.5598 -0.4631 -0.7555 0.4634 -0.2467 -0.8848 0.3954 -0.7085 -0.461 0.5343 -0.664 -0.5662 0.4883 -0.619 -0.6453 0.4478 -0.5617 -0.7181 0.411 -0.4814 -0.798 0.3626 -0.3802 -0.8606 0.3389 -0.332 -0.8772 0.3469 0.2467 0.2008 0.9481 0.6091 -0.1221 0.7837 0.2467 -0.8848 0.3954 0.4631 -0.7555 0.4634 0.2467 0.2008 0.9481 0.6091 -0.5618 0.5598 0.2467 -0.8848 0.3954 0.4512 0.0528 0.8909 0.6091 -0.1221 0.7837 0.4631 -0.7555 0.4634 0.6091 -0.5618 0.5598 0.6786 0.1258 -0.7237 0.6777 -0.0995 -0.7286 0.6769 -0.3155 -0.665 -0.6816 0.2733 -0.6788 -0.7239 0.3724 -0.5808 -0.7239 0.2505 -0.6428 0.1028 -0.2369 -0.9661 0.4306 -0.1153 -0.8952 0.2367 -0.2208 -0.9462 0.5856 0.094 -0.8051 0.9967 -0.0718 -0.0392 0.6471 0.2482 -0.7209 -0 0.2263 -0.9741 -0.6724 -0.0276 -0.7396 -0.6915 0.1622 -0.704 -0.6706 -0.2877 -0.6838 -0.6707 -0.5103 -0.5383 -0.9007 0.3872 0.1971 -0.4345 0.8027 0.4086 -0.9007 0.3872 0.1971 -0.4345 0.8027 0.4086 -0.0644 0.2767 0.9588 -0.1881 -0.8748 -0.4464 -0.37 -0.8279 -0.4215 -0.5481 -0.7454 -0.3795 -0.7071 -0.6302 -0.3208 -0.8364 -0.4885 -0.2487 -0.929 -0.3297 -0.1679 -0.9828 -0.1646 -0.0838 -0.6923 -0.4465 -0.567 0.2806 -0.3138 -0.9071 0.5286 -0.1698 -0.8317 0.6916 0.0524 -0.7204 0.1501 -0.8408 0.5201 0.0372 -0.7094 0.7038 0.2422 -0.7925 0.5597 0.3302 -0.7324 0.5955 0.1348 -0.6652 0.7344 0.2725 -0.5257 0.8059 0.5079 -0.5305 0.6787 0.2204 -0.5957 0.7724 0.4235 -0.6441 0.637 0.8876 -0.2648 0.3768 0.0877 0.9292 -0.3592 0 0.951 -0.3093 -0.0974 0.8907 0.4441 -0.0987 0.883 0.4589 -0.0002 -1 0.0051 0.0002 -0.7043 0.7099 0.0644 0.2767 0.9588 0 -0.4537 0.8912 -0.486 -0.7402 0.4646 -0.6792 -0.405 0.6121 -0 -0.4537 0.8912 -0.6354 -0.6376 0.4355 -0.4957 -0.7911 0.3583 -0.7053 -0.4878 0.5144 -0.2717 -0.3419 0.8996 -0.3126 -0.4032 0.86 -0.2204 -0.2741 0.9361 -0.1348 -0.2025 0.9699 -0.0684 0.9566 -0.2834 -0.4617 0.7905 0.4024 -0.887 0.4115 0.2095 -0.2802 0.9184 -0.2794 -0.529 0.7725 -0.3513 -0.6917 0.5517 -0.4661 0.5296 -0.275 0.8024 0.3885 -0.1008 0.9159 0.2331 -0.3016 0.9245 0.4653 -0.1863 0.8653 0.2727 -0.3472 0.8973 0.1947 -0.2626 0.945 0.293 -0.0232 0.9558 0.1504 -0.2279 0.962 0.1891 0.0485 0.9808 0.0699 0.5836 0.809 0.1001 -0.1928 0.9761 0.0316 -0.1505 0.9881 0.2826 0.8855 -0.3688 0.1403 0.927 -0.3478 -0.0556 0.7411 -0.6691 -0 -0.3093 -0.951 0.6601 0.4765 -0.5808 0.6829 -0.1634 -0.712 0.4161 0.8137 -0.4059 -0.4619 -0.1271 -0.8778 -0.5381 -0.0603 -0.8407 -0.6662 0.1883 -0.7216 -0.6367 0.0853 -0.7664 -0.593 0.0094 -0.8051 0.6535 0.1635 -0.7391 0.6792 0.3207 -0.6602 0.5831 0.0214 -0.8121 0.4763 -0.0976 -0.8738 0.3363 -0.1934 -0.9217 0 0.7602 -0.6497 0.169 -0.2529 -0.9526 0.0556 0.7412 -0.669 -0.6816 0.2733 -0.6788 -0.6816 0.3881 -0.6204 -0.6091 0.5618 -0.5598 -0.4631 0.7555 -0.4634 -0.2467 0.8848 -0.3954 0.093 -0.3377 -0.9367 0 -0.3093 -0.951 -0.0328 -0.3222 -0.9461 -0.3994 -0.2324 -0.8868 -0.2717 -0.3 -0.9144 -0.1343 -0.3254 -0.936 -0.1072 0.9176 -0.3829 -0.2846 0.8635 -0.4165 -0.5092 0.7156 -0.4782 -0.6257 0.5485 -0.5547 -0.6916 0.0524 -0.7204 -0.5286 -0.1697 -0.8317 -0.2802 -0.3144 -0.907 -0.0684 -0.3336 -0.9402 -0.0247 -0.7685 0.6393 -0.1236 -0.7753 0.6194 -0.2674 -0.7663 0.5842 -0.4412 -0.7445 0.501 -0.3676 -0.8511 0.3749 0.4303 -0.8042 -0.4101 0.901 -0.3844 -0.2008 0.3743 -0.2925 -0.88 0.5922 -0.1704 -0.7875 0.7221 0.2753 -0.6347 0.7411 0.1413 -0.6563 0.0941 0.8872 0.4517 0.6816 -0.2733 0.6788 -0.1847 -0.8758 -0.4459 -0.2184 -0.8696 -0.4427 -0.5206 -0.7609 -0.3873 -0.37 -0.8196 -0.4373 -0.5481 -0.7454 -0.3795 -0.7071 -0.6301 -0.3208 -0.5154 -0.1487 -0.8439 -0.0457 -0.8902 -0.4532 -0.6095 -0.0452 -0.7915 -0.8364 -0.4884 -0.2487 -0.929 -0.3297 -0.1679 -0.6764 0.071 -0.7331 -0.9828 -0.1646 -0.0838 -0.7146 0.1918 -0.6727 0.7102 0.3794 -0.5931 0.6898 0.4506 -0.5667 -0.0315 -0.3239 -0.9456 0.7239 0.2505 -0.6428 0.6149 0.7678 0.1799 0.7191 0.6597 0.2186 0.6669 0.7206 0.1896 0.6782 0.7344 0.0274 0.6249 0.7763 0.0824 0.5588 0.8291 -0.0197 0.4703 0.8755 -0.1104 0.5117 0.8397 -0.182 -0.719 0.6596 0.219 -0.6788 0.7337 0.0289 0.2457 0.9396 -0.2382 0.3639 0.913 -0.1845 0.269 0.9097 -0.3163 0.1228 0.9549 -0.2705 0.031 0.955 -0.295 -0.2712 0.9092 -0.3158 -0.5137 0.8388 -0.1804 0.9963 0.0754 0.041 0.7424 0.4103 -0.5297 -0.6645 -0.4722 0.5793 -0.6356 -0.5694 0.5213 -0.5921 -0.6451 0.4829 -0.5376 -0.7147 0.4473 0.7251 -0.2076 0.6566 0.8988 0.3951 0.1898 0.6578 0.0413 0.752 0.4253 0.8064 0.4109 0.5183 0.247 0.8188 0.2022 0.3473 0.9157 -0.0339 0.3662 0.9299 -0.392 0.8113 0.4337 -0.3419 0.2921 0.8932 -0.7025 0.6364 0.3186 -0.9247 0.3397 0.1718 -0.5835 0.1148 0.804 -0.531 -0.4851 0.6947 -0.3885 -0.6813 0.6204 -0.2363 -0.5686 0.788 -0.4656 -0.5909 0.6588 -0.293 -0.7592 0.5811 -0.1504 -0.6438 0.7502 -0.1948 -0.8178 0.5415 -0.0974 -0.86 0.5009 -0.1023 -0.6733 0.7323 -0.7101 0.2164 -0.67 0.9816 -0.1693 -0.088 0.929 -0.3297 -0.1679 0.8364 -0.4885 -0.2487 0.7071 -0.6302 -0.3208 0.5481 -0.7454 -0.3795 0.37 -0.8279 -0.4215 0.191 -0.874 -0.4468 -0.7239 0.2505 -0.6429 -0.7239 0.3724 -0.5808 -0.3093 -0.4428 0.8416 -0.6896 0.451 -0.5666 -0.7244 0.4074 -0.5561 0.7314 0.671 0.1217 0.031 -0.3233 -0.9458 0.5774 0.2526 0.7764 -0.7239 0.2505 -0.6428 -0.7239 0.3724 -0.5808 -0.7319 0.3061 -0.6088 -0.389 0.7521 -0.5319 -0.8764 0.2252 -0.4258 -0.26 0.7657 -0.5883 -0.6279 0.3244 -0.7075 -0.522 0.7295 -0.442 -0.6208 0.7048 -0.3433 -0.9692 0.0924 -0.2282 -0.1911 0.4522 -0.8712 -0.1193 0.7691 -0.6279 -0.3164 0.4385 -0.8412 -0.0454 0.72 -0.6924 -0.0598 0.7705 -0.6346 -0.1848 0.7663 -0.6154 -0.4647 0.4084 -0.7856 -0.6917 0.0523 -0.7203 -0.5287 -0.1698 -0.8317 -0.2802 -0.3143 -0.907 0.6696 0.6409 0.3753 0.681 0.7129 0.1672 0.6814 0.7314 -0.0256 0.6814 0.7001 -0.2134 0.6742 0.6143 -0.4099 -0.4699 0.2161 0.8559 0.4656 0.2912 0.8357 -0.6659 0.0025 0.746 0.6634 0.0464 0.7469 -0.2021 0.3468 0.9159 -0.7242 -0.2388 0.647 0.5747 -0.0249 0.818 0.4707 0.0988 0.8768 0.6517 -0.1714 0.7388 0.7297 -0.4521 0.5129 -0.6687 0.4144 -0.6173 -0.0001 -0.1597 0.9872 -0.0002 -0.1593 0.9872 0 -0.3093 -0.951 -0 0.9509 -0.3093 -0.6811 0.7129 0.1672 -0.6696 0.641 0.3753 -0.6815 0.7313 -0.0252 -0.6812 0.7001 -0.2141 -0.6739 0.6147 -0.4099 0.6918 -0.446 -0.5679 0.7405 -0.1442 -0.6564 0.7394 -0.3122 -0.5965 0.7404 0.0337 -0.6713 0.7248 0.1687 -0.668 -0.1846 -0.8758 -0.4459 -0.37 -0.8279 -0.4215 -0.5481 -0.7454 -0.3795 -0.7071 -0.6302 -0.3208 -0.8364 -0.4885 -0.2487 -0.929 -0.3297 -0.1679 -0.9828 -0.1646 -0.0838 -0.3741 0.1773 0.9103 -0.4825 0.0983 0.8704 -0.2196 0.2293 0.9483 -0.571 0.0019 0.821 -0.6345 -0.1405 0.7601 -0.2801 0.9184 -0.2796 -0.5286 0.7724 -0.352 -0.6916 0.5517 -0.4662 -0.0783 -0.2712 -0.9593 0.7167 0.2871 -0.6355 -0.2986 -0.166 -0.9398 -0.443 -0.0409 -0.8956 -0.5727 0.0661 -0.8171 -0.7146 0.1918 -0.6728 -0.6095 -0.0452 -0.7915 -0.6764 0.071 -0.7331 0.691 0.362 -0.6257 -0.5154 -0.1487 -0.8439 -0.3994 -0.2324 -0.8868 -0.2693 -0.2918 -0.9178 -0.1343 -0.3254 -0.936 0.7091 -0.1647 0.6856 0.6665 -0.0704 0.7422 0.6234 0.008 0.7819 0.5675 0.0818 0.8193 0.4269 0.2165 0.878 0.5002 0.1485 0.8531 -0.7021 0.4859 0.5205 -0.332 -0.8772 0.3469 -0.3645 -0.8515 0.3771 0.6906 -0.2914 0.6619 0.7231 -0.4331 -0.5381 0.678 0.5869 -0.4425 0.4902 0.802 -0.3412 0.2667 0.9204 -0.2857 0.1173 0.9604 -0.2528 -0.6869 0.6624 -0.2989 -0.633 0.672 -0.3843 -0.4724 0.704 -0.5302 0.5776 0.7467 -0.3298 -0.2039 0.7277 -0.6549 -0.3315 0.7261 -0.6024 0 -0.4537 0.8912 -0 -0.4537 0.8912 0 -0.4537 0.8912 0.3107 -0.4049 0.8599 -0.6673 -0.4258 0.6111 -0 -0.4537 0.8912 -0.6519 -0.4974 0.5724 -0.5744 -0.647 0.5015 -0.4715 -0.7665 0.436 -0.3596 -0.8561 0.3712 -0.3324 -0.8771 0.3467 0.0001 -0.4537 0.8912 0.2825 -0.4235 0.8607 0.8437 -0.2183 0.4904 0.0542 -0.445 0.8939 0.0314 -0.4535 0.8907 0.1696 -0.8623 0.4772 0.7991 -0.5316 0.2807 0.4124 -0.7614 0.5002 0.1176 -0.7852 0.6079 -0.1881 -0.8748 -0.4464 -0.37 -0.8279 -0.4215 -0.5481 -0.7454 -0.3795 -0.7071 -0.6302 -0.3208 -0.8364 -0.4884 -0.2487 -0.929 -0.3297 -0.1678 -0.9828 -0.1646 -0.0838 0.0313 -0.7731 0.6335 -0.531 -0.4851 0.6947 -0.3879 -0.6814 0.6207 -0.2225 -0.5968 0.7709 -0.4648 -0.5909 0.6594 -0.2949 -0.7585 0.5812 -0.1327 -0.6639 0.736 -0.1943 -0.8198 0.5387 -0.0974 -0.86 0.5009 0.3257 -0.7373 0.5919 0.1508 -0.6437 0.7503 0.2192 -0.8074 0.5478 0.0998 -0.6771 0.7291 0.413 -0.6523 0.6355 0.2332 -0.5699 0.788 0.4882 -0.5551 0.6735 0.887 -0.2697 0.3749 0.2707 -0.5238 0.8077 -0.1501 0.0741 0.9859 -0.2422 0.0137 0.9701 -0.3302 -0.0506 0.9426 -0.5079 -0.2366 0.8283 -0.4235 -0.1362 0.8956 -0.8875 -0.1491 0.436 -0.4489 0.4052 -0.7964 -0.8666 0.2262 -0.4449 -0.6926 -0.361 0.6245 -0.3919 -0.8937 -0.2184 0.5903 -0.7165 0.3718 -0.0684 -0.3336 -0.9402 0.6731 0.2174 -0.7068 0.6349 0.1059 -0.7653 0.5709 -0.0019 -0.821 0.4825 -0.0983 -0.8704 0.3741 -0.1773 -0.9103 0.2528 -0.2345 -0.9386 0.127 -0.2694 -0.9546 -0.0684 0.9566 -0.2834 0.6645 -0.1906 0.7226 0.6356 -0.0865 0.7672 0.5922 -0.0109 0.8057 0.5376 0.0588 0.8412 0.4514 0.1254 0.8835 -0.902 -0.383 -0.1994 -0.4373 -0.8046 -0.4018 -0.3659 -0.8664 0.3399 -0.3257 -0.0449 0.9444 -0.1507 -0.2281 0.9619 -0.2225 0.0296 0.9745 -0.1001 -0.1923 0.9762 -0.413 -0.1301 0.9014 -0.2337 -0.3015 0.9244 -0.4829 -0.2142 0.8491 -0.5397 -0.2906 0.7901 -0.4345 0.8027 0.4086 -0.9007 0.3872 0.1971 -0.0255 -0.7509 0.6599 -0 -0.7602 0.6497 0.0255 -0.7509 0.6599 0.7217 -0.2331 0.6518 -0.0684 -0.3336 -0.9402 -0.0849 -0.2643 -0.9607 0.0684 0.9566 -0.2834 -0.4514 -0.7882 0.4184 -0.3644 -0.8515 0.3771 0 -0.4537 0.8912 -0 -0.4537 0.8912 0.004 -0.4568 0.8895 0.3644 0.196 0.9104 -0.0444 -0.4532 0.8903 0.4344 0.8027 0.4086 0.9007 0.3872 0.1971 0.8932 0.3939 0.2168 0.4338 0.7982 0.4179 0.0412 0.3677 0.929 -0.3753 0.82 0.4322 -0.7051 0.6341 0.3174 -0.9189 0.3486 0.1847 -0.1343 0.3254 0.936 0.0357 0.348 0.9368 -0.2694 0.2917 0.9178 0.6916 -0.5517 0.4662 0.7448 -0.3027 0.5946 0.5286 -0.7724 0.3521 -0.7266 -0.3117 0.6123 -0.7146 -0.1918 0.6727 -0.5154 0.1487 0.844 -0.6095 0.0452 0.7915 -0.7146 -0.4311 0.5509 -0.6764 -0.071 0.7331 0.5286 0.1698 0.8317 0.2801 0.3143 0.907 0.6916 -0.0524 0.7204 -0.2694 -0.9138 0.3041 -0.3994 -0.8538 0.3338 -0.3994 0.2325 0.8868 -0.5154 -0.7699 0.3763 -0.6095 -0.6666 0.4291 0.2801 -0.9184 0.2795 0.0357 -0.9623 0.2698 -0.1343 -0.9483 0.2875 -0.6764 -0.5511 0.4887 -0.9667 -0.2226 -0.1258 -0.9051 -0.379 -0.1929 -0.9954 -0.0915 -0.0294 -0.9668 -0.2327 -0.1059 -0.8758 -0.4333 -0.2128 -0.7011 -0.6838 -0.2021 -0.4827 -0.7836 -0.3912 -0.4294 -0.8048 -0.4097 -0.7011 -0.5658 -0.434 -0.2079 -0.8709 -0.4453 -0.4827 -0.7773 -0.4035 0 -0.8911 -0.4537 -0.2079 -0.8725 -0.4423 0 -0.8912 -0.4537 0.1847 -0.8821 -0.4334 0.3732 -0.8268 -0.4209 0.37 -0.8279 -0.4215 0.5481 -0.7532 -0.3638 0.7071 -0.6301 -0.3208 0.7071 -0.6301 -0.3209 0.8363 -0.4964 -0.233 0.9295 -0.3288 -0.1674 0.929 -0.3297 -0.1679 0.9745 -0.2113 -0.0755 0.9836 -0.1715 -0.0552 0.9745 -0.1854 -0.1264 0.929 -0.3297 -0.1678 0.8363 -0.4805 -0.2642 0.7072 -0.6301 -0.3207 0.548 -0.7373 -0.395 0.37 -0.828 -0.4214 0.1848 -0.8694 -0.4583 0 -0.8911 -0.4537 -0.8758 -0.427 -0.2251 0.9968 0.0742 0.0291 0.988 -0.1226 -0.0939 0.9967 0.0805 0.0109 0.9976 0.0623 0.0317 0.9862 0.1348 0.0957 -0.4676 -0.7881 -0.4002 -0.4695 -0.7868 -0.4006 -0.527 -0.7574 -0.3856 -0.5077 -0.7678 -0.3909 -0.5065 -0.7684 -0.3912 -0.5379 -0.7371 -0.409 -0.5442 -0.7574 -0.3609 -0.6065 -0.6992 -0.3785 -0.997 -0.0691 -0.0352 -1 0 0 -0.9978 -0.0591 -0.0301 -0.9994 -0.0321 -0.0163 -0.9967 0.0666 0.0468 -0.9986 0.0477 0.0243 -0.9967 0.077 0.0263 -0.9986 0.0476 0.0243 0.5921 0.6925 0.4121 0.5454 0.7483 0.3776 0.7023 0.4855 0.5206 0.708 0.5981 0.3754 0.688 0.6545 0.3135 0.8247 0.503 0.2584 0.982 0.1643 0.0927 0.9888 0.1415 0.0484 0.538 0.7372 0.4089 0.6112 0.7159 0.3375 0.9967 0.0743 0.0319 0.981 0.1721 0.0896 0.9989 0.0443 0.0176 0.9051 0.379 0.1929 0.9967 0.0695 0.0413 0.981 0.1737 0.0864 0.8758 0.427 0.2251 0.7011 0.5658 0.434 0.4295 0.8048 0.4097 0.4828 0.7773 0.4035 0.2079 0.8709 0.4453 0 0.8912 0.4537 0 0.8912 0.4537 -0.1847 0.8694 0.4583 -0.37 0.8279 0.4215 -0.3732 0.8268 0.4209 -0.1847 0.8821 0.4334 -0.3699 0.8279 0.4215 -0.5481 0.7532 0.3638 -0.7071 0.6301 0.3208 -0.5481 0.7373 0.395 -0.7072 0.6301 0.3207 -0.8362 0.4805 0.2642 -0.9295 0.3288 0.1674 -0.9291 0.3297 0.1678 -0.9828 0.1545 0.1011 -0.9828 0.1727 0.0654 -0.929 0.3297 0.1679 -0.8363 0.4964 0.233 -0.7071 0.6302 0.3208 0 0.8912 0.4537 0.2079 0.8725 0.4423 0.4827 0.7836 0.3912 0.7011 0.6838 0.2021 0.8758 0.4333 0.2129 -0.6111 -0.7159 -0.3376 -0.6687 -0.6703 -0.3217 -0.7381 -0.5966 -0.315 -0.8196 -0.5106 -0.26 -0.9912 -0.118 -0.06 0.4677 0.784 0.4083 0.4695 0.7868 0.4006 0.4695 0.7869 0.4006 0.5322 0.7545 0.3841 0.4695 0.7868 0.4006 0.53 0.7557 0.3847 0.496 0.7738 0.3939 0.9899 0.0991 0.101 0.9934 0.1085 0.036 0.9991 0.0405 0.0146 0.5879 0.7209 0.367 0.8358 -0.4893 -0.2491 0.8358 -0.4893 -0.2491 0.8358 -0.4893 -0.2491 0.2764 -0.8564 -0.436 0.3409 -0.8378 -0.4265 0.4467 -0.7973 -0.4059 0.46 -0.7913 -0.4028 0 -0.8912 -0.4537 -0 -0.8912 -0.4537 -0.0554 -0.8898 -0.453 -0 -0.8912 -0.4537 0 -0.8912 -0.4537 0 -0.8912 -0.4537 -0 -0.8912 -0.4537 -0 -0.8912 -0.4537 0 -0.8912 -0.4537 0 -0.8912 -0.4537 -0 -0.8912 -0.4537 -0 -0.8912 -0.4537 -0.9732 -0.205 -0.1044 -0.9828 -0.1646 -0.0838 -0.999 -0.0408 -0.0207 -0.929 -0.3302 -0.1669 -0.8599 -0.4549 -0.2316 -0.9828 -0.1646 -0.0838 -0.929 -0.3292 -0.1688 -0.8364 -0.4885 -0.2487 -0.7071 -0.6302 -0.3208 -0.7071 -0.6301 -0.3208 -0.7071 -0.6301 -0.3208 -0.5481 -0.7454 -0.3795 -0.5481 -0.7454 -0.3795 -0.5481 -0.7454 -0.3795 -0.8364 -0.4885 -0.2487 -0.37 -0.8279 -0.4215 -0.1846 -0.8758 -0.4459 -0.3699 -0.8279 -0.4215 -0.37 -0.8279 -0.4215 -0.2577 -0.8611 -0.4384 -0.2665 -0.8589 -0.4373 -0.9979 -0.0584 -0.0297 -0.9986 -0.0473 -0.0241 -1 0 0 0 0.4537 -0.8912 -0 0.4537 -0.8912 -0 0.4537 -0.8912 0 0.4537 -0.8912 0.2696 0.9139 -0.3034 0.1347 0.9486 -0.2864 0.3994 0.8538 -0.3338 0.5154 0.7699 -0.3763 0.6095 0.6666 -0.4292 0.6764 0.5511 -0.4887 -0.2468 -0.2008 -0.9481 -0.4631 -0.0699 -0.8836 0.7146 0.4311 -0.5509 -0.6091 0.1222 -0.7837 -0.6816 0.2733 -0.6788 -0.9853 0.0774 -0.1521 0 0.4537 -0.8912 -0 0.8664 -0.4993 0 0.4537 -0.8912 0 0.4537 -0.8912 0 0.4537 -0.8912 0 0.4533 -0.8914 0 0.9508 -0.3098 0 0.4533 -0.8914 0 0.9508 -0.3098 0 0.4537 -0.8912 -0 0.4537 -0.8911 0 0.4533 -0.8914 0 0.4533 -0.8913 0 0.4527 -0.8916 -0 0.4537 -0.8912 0.0644 0.9381 -0.3404 -0 0.9507 -0.3101 0.2467 0.8848 -0.3953 0.4631 0.7555 -0.4634 0.6091 0.5618 -0.5598 0 0.4537 -0.8912 0.6816 0.3881 -0.6203 -0.7144 0.4312 -0.5511 0.7071 0.3208 -0.6302 -0.6765 0.551 -0.4886 -0.505 0.4323 -0.7471 -0.6094 0.6666 -0.4291 -0 0.0513 -0.9987 -0.3994 0.8538 -0.3338 -0.0328 0.9546 -0.2962 -0.5154 0.7699 -0.3763 -0 -0.3094 -0.9509 0 0.4531 -0.8914 -0 -0.3099 -0.9508 -0 -0.3099 -0.9508 0 -0.3099 -0.9508 0 0.4531 -0.8914 -0 0.4531 -0.8915 0.0329 0.9546 -0.2962 -0.0644 -0.2768 -0.9588 0 -0.3095 -0.9509 0 -0.3099 -0.9508 -0.1345 0.9484 -0.2871 -0.2695 0.9139 -0.3035 0 0.9508 -0.3097 0 0.9508 -0.3098 0 0.9508 -0.3098 0 0.9508 -0.3098 -0.0457 0.8902 0.4532 0.0318 0.9456 -0.3238 -0.0318 0.9456 -0.3238 -0 0.951 -0.3093 0 0.4537 -0.8912 0 0.4537 -0.8912 0 0.4537 -0.8912 0 0.4537 -0.8912 0.3742 0.8403 -0.3922 0.2528 0.897 -0.3626 0.1264 0.9303 -0.3443 0.4825 0.7616 -0.4326 0.5709 0.665 -0.4815 0.6349 0.5565 -0.5359 0.6728 0.4434 -0.5922 0.9171 0.2518 -0.3091 0 0.4537 -0.8912 -0 0.4537 -0.8911 -0 0.4537 -0.8912 -0 0.4537 -0.8912 0 0.4536 -0.8912 0 0.4536 -0.8912 0 0.4537 -0.8912 -0.0002 0.4548 -0.8906 0 0.4537 -0.8912 0 0.4537 -0.8912 0 0.4537 -0.8912 0 0.4537 -0.8912 0 0.4536 -0.8912 0 0.4537 -0.8912 -0 0.4537 -0.8912 -0 0.4537 -0.8912 0 0.4538 -0.8911 -0 0.4537 -0.8912 -0.0001 0.4535 -0.8913 -0.0001 0.4534 -0.8913 0.0003 0.4553 -0.8903 -0 0.4537 -0.8912 -0 0.4537 -0.8912 -0 0.4536 -0.8912 -0.0001 0.4537 -0.8912 -0 0.4537 -0.8912 0 0.4537 -0.8912 -0.6728 0.4433 -0.5922 -0.4825 0.7616 -0.4326 -0.5709 0.665 -0.4815 -0.6349 0.5566 -0.5358 -0.3742 0.8403 -0.3922 -0.2528 0.897 -0.3626 -0.1264 0.9303 -0.3443 -0 0.4537 -0.8912 0 0.4537 -0.8912 0 0.4537 -0.8912 0 0.4537 -0.8912 -0.0001 0.4534 -0.8913 -0.0001 0.4534 -0.8913 -0 0.4537 -0.8912 -0.0003 0.4541 -0.8909 -0.0003 0.4541 -0.8909 -0 0.4537 -0.8911 -0.0002 -0.4534 0.8913 -0.0002 -0.4534 0.8913 -0.0002 -0.4534 0.8913 -0 -0.4537 0.8912 -0 -0.4537 0.8912 -0 -0.4537 0.8912 0.0001 -0.4535 0.8912 0 -0.453 0.8915 0 -0.4532 0.8914 0.0001 -0.4541 0.891 -0 -0.8912 -0.4536 -0 -0.8912 -0.4536 -0 -0.8912 -0.4537 -0 -0.8912 -0.4537 0.0463 -0.8902 -0.4532 0.0469 0.8902 0.4532 0.1847 0.8758 0.4459 0.2184 0.8697 0.4427 0.0457 0.8902 0.4532 0.0457 0.8902 0.4532 0.1847 0.8758 0.4459 0.37 0.8197 0.4373 0.5207 0.7608 0.3873 0.5481 0.7454 0.3794 0.7071 0.6302 0.3208 0.7071 0.6301 0.3208 0.8364 0.4885 0.2487 0.8364 0.4885 0.2487 0.929 0.3297 0.1679 0.929 0.3297 0.1678 0.929 0.3297 0.1678 0.9828 0.1646 0.0838 0.9828 0.1646 0.0838 0.9828 0.1646 0.0838 0.9988 0.0431 0.0219 0.999 0.0408 0.0207 0.888 -0.1766 0.4246 0.8364 0.4885 0.2487 0.7071 0.6301 0.3208 0.5481 0.7454 0.3795 0.37 0.8359 0.4055 -0.9759 0.1946 0.0991 -0.9828 0.1646 0.0838 -0.999 0.0408 0.0207 -0.8538 0.464 0.2362 -0.9289 0.3379 0.1519 -0.9289 0.3216 0.1838 -0.9828 0.1646 0.0838 -0.999 0.0408 0.0208 -0.8364 0.4885 0.2486 -0.7071 0.6301 0.3208 -0.5481 0.7454 0.3794 -0.7071 0.6301 0.3208 -0.7071 0.6301 0.3208 -0.5481 0.7454 0.3795 -0.5481 0.7454 0.3795 -0.37 0.8279 0.4215 -0.37 0.8279 0.4215 -0.1846 0.8758 0.4459 -0.1847 0.8758 0.4459 -0.0457 0.8902 0.4532 -0.37 0.8279 0.4215 -0.1846 0.8758 0.4459 -0.0469 0.8902 0.4532 -0.8364 0.4885 0.2487 -0.942 -0.1126 0.3163 -0.999 -0.0408 -0.0207 -0.9999 -0.0113 -0.0057 -0.999 -0.0408 -0.0207 -0.0469 0.8902 0.4532 0 0.8912 0.4537 -0 0.8912 0.4537 0.9828 -0.1646 -0.0838 0.9759 -0.1946 -0.0991 0.999 -0.0408 -0.0207 0.999 -0.0408 -0.0207 0.9828 -0.1646 -0.0838 0.9289 -0.3379 -0.1519 0.8538 -0.464 -0.2362 0.8364 -0.4885 -0.2487 0.7071 -0.6301 -0.3208 0.7071 -0.6301 -0.3208 0.7071 -0.6302 -0.3208 0.5481 -0.7454 -0.3795 0.37 -0.8279 -0.4215 0.5481 -0.7454 -0.3795 0.37 -0.8279 -0.4215 0.5481 -0.7454 -0.3795 0.37 -0.8279 -0.4215 0.1847 -0.8758 -0.4459 0.1847 -0.8758 -0.4459 0.2418 -0.8647 -0.4402 0.0913 -0.8875 -0.4517 0.8364 -0.4884 -0.2487 0.9289 -0.3216 -0.1838 -0.9958 -0.0814 -0.0415 -0.2349 0.0125 0.9719 -0.2349 0.0125 0.9719 -0.3537 -0.0777 0.9321 -0.3975 -0.1119 0.9108 -0.2709 -0.0126 0.9625 -0.4238 -0.147 0.8937 -0.4161 -0.1296 0.9 -0.4521 -0.1811 0.8734 -0.5666 -0.3505 0.7458 -0.5666 -0.3505 0.7458 -0.5546 -0.423 0.7166 -0.5732 -0.394 0.7185 -0.5815 -0.3691 0.725 -0.3052 -0.432 0.8486 0.3052 -0.432 0.8486 0.3082 -0.44 0.8435 0.5747 -0.3861 0.7216 0.571 -0.3494 0.7429 0.1552 -0.8392 0.5212 0.05 -0.6976 0.7147 0.0793 -0.8671 0.4918 0.1015 -0.6737 0.732 0.243 -0.7927 0.5591 0.331 -0.7325 0.5949 0.1505 -0.6431 0.7509 0.1947 -0.6097 0.7684 0.4058 -0.6606 0.6317 0.4626 -0.5905 0.6613 0.2323 -0.57 0.7882 0.2684 -0.5251 0.8076 0.5114 -0.5217 0.6828 0.298 -0.4763 0.8272 0.5495 -0.4478 0.7053 0.01 -0.7064 0.7077 0.0201 0.1333 0.9909 0 0.1488 0.9889 0 0.1488 0.9889 0 -0.1601 0.9871 -0.526 -0.4856 0.6982 -0.2984 -0.4765 0.827 -0.2684 -0.5255 0.8073 -0.4839 -0.5573 0.6747 -0.421 -0.6386 0.6442 -0.452 -0.6017 0.6585 -0.4879 -0.553 0.6754 -0.2334 -0.5698 0.7879 -0.1943 -0.6094 0.7687 -0.2768 -0.7671 0.5788 -0.1503 -0.6439 0.7502 -0.1021 -0.6737 0.7319 -0.191 -0.8191 0.541 -0.2276 -0.801 0.5537 -0.1559 -0.8414 0.5174 -0.0998 -0.8589 0.5024 -0.0742 -0.8673 0.4922 -0.0202 -0.8796 0.4752 -0.0495 -0.6984 0.714 -0.2885 -0.7601 0.5822 -0.3537 -0.708 0.6113 -0.4133 -0.649 0.6388 0.5498 -0.3252 0.7694 0.2979 -0.3885 0.872 0.526 -0.2789 0.8034 0.4839 -0.2177 0.8476 0.4878 -0.2208 0.8446 0.4447 -0.1635 0.8806 0.3832 -0.0938 0.9189 0.4216 -0.1446 0.8952 0.2334 -0.3019 0.9243 0.1947 -0.2626 0.9451 0.2768 -0.0167 0.9608 0.1503 -0.2278 0.962 0.191 0.0444 0.9806 0.1021 -0.1955 0.9754 0.0496 -0.1663 0.9848 0.0998 0.0991 0.9901 0.0741 0.1122 0.9909 0.1559 0.0766 0.9848 0.2276 0.0236 0.9735 0.302 -0.0297 0.9528 0.2684 -0.3435 0.9 -0.0105 -0.7067 0.7075 0.0166 -0.8834 0.4682 -0 -0.704 0.7102 -0 -0.4537 0.8911 -0 -0.4537 0.8912 -0 -0.4537 0.8912 0 -0.4537 0.8912 0.0002 -0.4536 0.8912 0 -0.4537 0.8912 -0.0001 -0.4537 0.8911 -0 -0.4537 0.8912 -0 -0.4537 0.8912 -0 -0.4537 0.8912 -0 -0.4537 0.8912 -0 -0.4537 0.8912 0.3088 -0.4221 0.8523 0.0105 -0.1563 0.9877 -0 -0.4537 0.8912 -0 -0.4537 0.8912 -0 -0.4537 0.8912 -0 -0.4537 0.8912 0 -0.4537 0.8912 -0 -0.4537 0.8912 -0 -0.4537 0.8912 0 -0.4537 0.8912 -0 -0.4537 0.8912 -0 -0.4537 0.8912 0 -0.4537 0.8912 -0 -0.4537 0.8912 0 -0.4537 0.8912 -0.3088 -0.4409 0.8428 -0.1443 -0.4489 0.8818 -0 -0.1854 0.9827 1 0 -0 0.9986 -0.0473 -0.0241 0.4901 0.435 -0.7553 -0.7368 0.3655 -0.5688 0.0941 0.8872 0.4517 0 0.8912 0.4537 0.0994 0.8868 0.4514 0.9269 0.3345 0.1703 0.994 0.0973 0.0496 0.7071 0.6301 0.3208 0.3754 0.826 0.4205 -0.0941 -0.8872 -0.4517 -0.1013 -0.8866 -0.4514 -0 -0.8912 -0.4537 -0.9269 -0.3346 -0.1703 -0.7071 -0.6301 -0.3208 -0.3754 -0.826 -0.4205 -0.9956 -0.0839 -0.0427 1 -0 -0 1 -0 -0 -1 0 0 -1 0 0 -1 0 0 -0.549 0.7448 0.3792 -0.549 0.7448 0.3792 -0.7071 0.6301 0.3208 -0.9269 0.3345 0.1703 -0.9239 0.341 0.1736 -0.9823 0.167 0.085 -0.9954 -0.0777 -0.0567 -0.9978 -0.0591 -0.0301 -0.9992 -0.0366 -0.0186 -0.9965 -0.0744 -0.0379 -0.9912 -0.1179 -0.06 -0.5822 -0.7246 -0.3689 -0 -0.4537 0.8912</float_array><technique_common><accessor count="3115" source="#object_100-mesh-slim-nrm-array" stride="3"><param type="float" name="X"/><param type="float" name="Y"/><param type="float" name="Z"/></accessor></technique_common></source><source id="object_100-mesh-slim-pos"><float_array count="9345" id="object_100-mesh-slim-pos-array">9.981478 -48.86001 -12.05632 8.799745 -39.43859 -7.141731 8.800001 -13.81111 5.905014 8.800001 -18.81151 3.359329 8.800001 -3.810287 10.99638 8.800001 -8.810715 8.450699 8.800001 6.190521 16.08775 8.800001 1.190109 13.54207 11.18798 41.58534 33.61195 8.799885 16.19397 21.18044 8.800001 21.19174 23.72481 13.39992 -49.6168 -14.3828 13.39992 42.82362 32.67815 12.35188 -49.26112 -13.28935 11.18798 -49.00699 -12.50815 12.35188 42.10135 33.22282 15.47333 -2.382706 4.616989 14.90772 -50.55124 -17.25533 15.47333 -51.5844 -20.43134 14.26672 -50.05604 -15.73308 14.90772 44.72107 31.24733 15.47333 46.81897 29.6653 6.147674 -13.04606 6.675903 5.801998 -12.86041 7.048264 6.815334 -12.79277 6.804901 6.537824 -12.95149 6.724121 5.960746 -12.59932 7.464516 5.744551 -12.65214 7.437641 6.240134 -12.45924 7.535907 7.087688 -12.53223 6.937729 7.208225 -12.32468 7.043686 7.293148 -11.97716 7.22023 6.492275 -12.17827 7.678907 6.592095 -11.89412 7.823519 -15 -54.82925 -30.4064 -14.14711 -52.70479 -21.58971 -14.86943 -55.25874 -29.44086 -2.800003 -0.480208 13.63429 -2.807402 -0.143639 13.46898 -4.493265 -25.66024 -0.306852 4.399971 -25.6628 -0.308149 -7.278297 -21.23712 1.989822 -7.088097 -20.81398 2.205246 -7.208725 -21.23018 2.509537 -7.088097 -21.02268 2.615189 -6.919243 -20.83743 2.709488 -7.278297 -21.02843 1.57988 -6.919226 -20.42003 1.88961 -7.088097 -20.60529 1.795303 -7.208725 -20.81279 1.689682 -6.711376 -20.68697 2.786087 -6.478523 -20.16206 2.020951 -6.478523 -20.57945 2.840805 -6.711391 -20.26957 1.966226 -6.236553 -20.51746 2.872391 -6.058496 -20.50041 2.880996 -6.000002 -20.08072 2.062363 -6.236534 -20.10005 2.052506 -4.504744 -20.60535 -1.09977 -4.581966 -21.29883 0.230331 -4.947212 -21.42922 0.163956 -4.864457 -20.70038 -1.148208 -5.107109 -20.86443 -1.231735 -5.107113 -22.2255 1.441757 -4.477066 -21.9663 1.573704 -4.877962 -22.06624 1.52284 -5.237002 -21.00692 -1.304271 -5.329792 -21.16655 -1.385514 -5.236999 -22.368 1.369217 -5.39655 -21.41689 -1.512991 -5.383307 -22.69348 1.203505 -5.329792 -22.5276 1.287949 -15.99265 25.9475 -0.400955 -15 25.9475 -0.400955 -15 25.90645 1.997027 -15.97382 25.90642 1.998703 5.801998 -20.12338 3.350723 -5.600002 -19.92291 3.73613 -6.000004 -20.31987 2.972977 -4e-06 -20.31987 2.972977 5.744539 -19.91512 3.740101 3.145882 -19.92292 3.736111 6.147674 -20.30903 2.978363 -7.636997 33.58047 29.47078 -7.72979 33.7401 29.55205 -7.72979 33.51326 29.99761 -7.636997 33.35364 29.91637 -7.433158 33.37484 29.3661 -7.507111 33.21113 29.8438 -7.347214 33.09538 29.78487 -7.168098 33.01269 29.74278 -6.800003 33.17697 29.26534 -7.168098 33.23953 29.2972 -7.800003 34.06813 29.71904 -6.800003 32.95012 29.71092 -15 -27.95148 -13.94839 -14.7054 -9.553635 -4.031967 -14.7054 -52.27272 -25.78005 -14.99991 -2.418251 -0.949399 -15 -46.35329 -23.31667 -15 -52.48723 -26.43942 -15 -40.21934 -20.19391 -15 -34.08542 -17.07115 -14.7054 33.16545 17.71611 -15 33.3879 17.27915 -15 14.98607 7.910904 -7.300003 -16.77751 4.776382 -7.300003 -19.16136 3.562759 -6.60057 -18.99929 4.206323 -7.300003 -14.39366 5.989975 -4.400059 -7.973249 8.697518 -4.547241 -6.637207 6.011276 -4.547241 -7.317734 7.348038 -4.682846 -6.716598 5.970871 -4.771919 -7.51796 7.246109 -4.771919 -6.837433 5.909348 -4.800003 -6.968641 5.842546 -4.547241 -7.998276 8.684769 -4.682846 -8.077652 8.644367 -4.771919 -8.198502 8.58284 -4.800003 -8.329708 8.516031 5.399998 -8.329705 8.516033 5.396557 -6.869207 5.893166 7.278294 -19.37218 3.455429 7.208721 -19.58782 3.345657 7.088093 -19.79532 3.240005 7.088093 -19.37793 2.420151 7.208721 -19.17043 2.525803 6.919235 -19.98056 3.145706 6.919235 -19.56317 2.325851 7.278294 -18.95479 2.635574 7.299999 -18.74398 2.742872 6.711369 -20.13103 3.069107 6.478519 -20.23854 3.014389 6.478519 -19.82115 2.194504 6.711369 -19.71364 2.249222 6.236549 -20.30054 2.982803 6.236549 -19.88315 2.162949 4.400027 -3.87389 10.78447 -4e-06 -13.23515 6.579758 -2.788122 -14.0858 6.70778 -5.744391 -14.09359 6.703808 -5.558252 -14.08545 6.70796 -13.84843 -53.73241 -27.98142 -4e-06 -44.13112 -12.52309 0.946205 -43.44884 -13.67192 -4e-06 -43.5262 -13.7113 1.914089 -45.01558 -9.981003 1.914089 -43.20083 -13.54565 3.676952 -43.98366 -9.455677 3.676952 -42.16893 -13.02032 2.845489 -42.77083 -13.32675 4.834896 -42.41267 -8.6559 4.834896 -40.59793 -12.22054 4.352375 -41.42796 -12.6431 5.199997 -40.70691 -7.787491 5.199997 -38.89216 -11.35214 5.113186 -39.7354 -11.78142 4.834896 -39.00114 -6.919083 4.834896 -37.18638 -10.48375 5.113186 -38.04893 -10.92285 3.676952 -37.43014 -6.119308 3.676952 -35.6154 -9.683945 4.352375 -36.35637 -10.06117 1.914089 -34.58348 -9.158617 2.845489 -35.01349 -9.377518 -4e-06 -44.73604 -11.33487 -4e-06 -45.34096 -10.14665 -4e-06 -34.86304 -7.804764 -4e-06 -34.25813 -8.992966 0.946205 -34.33549 -9.032364 -4e-06 -35.46794 -6.616531 -4e-06 -36.07286 -5.428329 -5.800003 -20.51399 1.370499 5.799999 -20.51399 1.370499 -1.933334 -20.74083 1.816086 5.799999 -20.74083 1.816086 -5.800003 -20.74083 1.816086 -5.800003 -20.28716 0.924911 1.933331 -20.28716 0.924911 5.799999 -20.28716 0.924911 -15.00016 10.22208 -9.351868 -16 25.1282 -1.763389 -16 -2.943344 -16.05446 -15 -12.30055 -20.81816 -16 -31.01495 -30.34557 -15 -31.01493 -30.34557 -16 -16.97914 -23.20001 7.243828 2.924423 13.86394 7.299999 3.186864 13.99754 7.065681 2.682739 13.74089 7.243828 3.378128 12.97276 7.065681 3.136429 12.84972 6.794472 2.523987 13.66008 6.794472 2.977676 12.76891 7.299999 3.640552 13.10636 -5.400002 -16.14761 1.169601 -5.368845 -16.383 1.049734 -5.236999 -16.63527 0.921341 -5.236999 -17.99632 3.594803 -5.329792 -17.8367 3.676071 -5.107109 -16.77776 0.84877 -5.107109 -18.13881 3.522263 -5.390948 -17.64002 3.776192 -4.947212 -16.89351 0.789871 -4.768097 -16.97621 0.747757 -4.768097 -18.33727 3.421249 -4.947212 -18.25456 3.463333 -4.485002 -17.03744 0.716772 -6.094479 -20.3372 0.899429 -6.365688 -20.49596 0.818619 -6.094479 -20.79089 1.790573 -6.365688 -20.94965 1.709763 -6.543831 -20.73766 0.695572 -6.543831 -21.19133 1.586716 -6.600002 -21.00008 0.561966 -6.600002 -21.45375 1.453118 -13.5 -42.1302 -23.94138 -13.5 -42.35484 -23.50011 -15 -42.1302 -23.94138 -15 -43.03757 -22.15906 7.799999 0.637466 12.69966 7.799998 -6.936462 8.843814 7.80015 -1.005678 12.42443 7.799998 8.574714 16.74047 7.799999 15.0952 20.62108 7.799771 -22.50607 1.478365 7.799982 -28.19464 -1.97861 7.799999 -36.07398 -5.989939 7.799999 -36.30083 -5.544388 7.7999 -13.81212 5.904343 7.799999 -14.0471 5.223801 7.799996 -21.51855 1.420128 -5.383308 -2.464371 9.818863 -5.395094 -1.716428 8.51643 -5.329792 -1.949707 8.397663 -5.236999 -2.109329 8.316422 -5.236999 -2.789856 9.653156 -5.107109 -2.251816 8.243851 -5.395094 -3.077468 11.18991 -5.107115 -3.612868 10.91734 -5.285809 -3.408677 11.0213 -4.947203 -2.367579 8.18492 -4.768068 -2.450288 8.14283 -4.947212 -3.728622 10.85841 -4.768097 -3.811325 10.81633 -4.581994 -2.497954 8.118554 6.094475 -6.264954 9.185654 5.799999 -6.214889 9.211134 5.799999 -5.988052 8.765583 6.365684 -6.423721 9.104846 6.094475 -5.811264 8.29451 6.365684 -5.970016 8.213669 6.543827 -6.665405 8.9818 6.543827 -6.211716 8.090656 6.599998 -6.474136 7.957046 5.799999 -5.761215 8.319993 15 25.9475 -0.400955 15.99265 25.9475 -0.400955 15.97382 25.90642 1.998703 15 25.90642 1.998703 6.236549 1.271439 13.96501 6.236549 1.480148 13.55507 6.711369 1.310654 13.46877 6.478519 1.209457 13.93343 6.711369 1.101944 13.87871 6.919235 0.951462 13.80211 6.000012 1.708176 13.15498 6.236549 1.688843 13.14513 6.919218 1.368877 12.98223 6.711369 1.519333 13.05885 6.478519 1.626846 13.11357 7.088093 0.76622 13.70781 7.208723 0.976102 12.78226 7.208721 0.558731 13.60216 7.088084 1.18363 12.88793 7.278294 0.343094 13.49239 7.297394 0.184433 13.41155 7.299999 0.549665 12.5652 7.278294 0.760476 12.6725 13.5 -42.35484 -23.50011 13.5 -42.1302 -23.94138 15 -43.03757 -22.15906 -4.771919 -16.27882 1.102798 -4.800003 -16.14762 1.169598 -4.771919 -16.95935 2.439529 -4.800003 -17.50866 3.843067 -4.682846 -16.39967 1.041275 -4.547241 -17.15958 2.337601 -4.547241 -16.47905 1.00087 -4.400002 -16.50407 0.988115 -4.771919 -17.63988 3.77626 -4.682846 -17.76073 3.714767 -4.547241 -17.8401 3.674332 -4.400026 -17.86513 3.661604 5.39712 -1.704824 8.522344 5.390945 -0.935384 12.28045 -15 -24.79302 -24.93376 -15 -26.38092 -21.8147 -15 -29.05441 -23.17575 -15 10.47118 0.743805 -15 34.69846 13.54147 -15 24.61532 4.466957 -15 36.29202 15.98299 -15 -34.4825 -28.51672 -15 -28.26045 -24.73528 -15 -34.79909 -28.2979 -15 -31.89177 -30.49593 -15 -31.43164 -30.48544 -15 -32.33342 -30.36641 -15 -32.69955 -30.1232 -15 -53.28395 -33.83001 -15 -41.72777 -30.07954 -15 -35.94966 -28.2043 -15 -35.57146 -28.13345 -15 -35.17425 -28.16394 -15 -55.20376 -33.03406 -15 -55.36241 -32.53029 -15 -55.3484 -32.0023 -15 -54.8777 -33.47026 -15 -53.82304 -33.90752 -15 -54.3907 -33.78616 -15 -53.56895 -29.7648 -15 -43.91252 -24.84876 -15 -44.8199 -23.06642 -15 25.12826 -1.763345 -15 17.09158 -3.610531 -15 15.50368 -0.49147 -15 18.17716 0.869617 -15 19.76506 -2.249476 -15 25.7332 -1.1996 -15 25.46422 -1.529648 -15 25.89861 -0.807297 -15 25.95015 2.384811 -15 26.09337 2.749924 -15 26.31972 3.058548 -15.00019 40.29203 12.0304 -15 34.5097 15.0756 -15 54.67068 21.21005 -15 55.31366 22.09078 -15 55.35263 22.65495 -15 55.20029 23.15492 -15 55.06499 21.57631 -15.00002 40.51753 20.90879 -15 35.17021 18.18654 -15 51.21142 26.35301 3.598717 -11.1473 7.867818 3.592974 -11.23498 8.159144 3.60005 -11.78363 7.711468 3.597503 -11.92633 7.807192 3.592592 -11.80396 7.532781 -4e-06 -27.58284 -0.724564 -6.000066 -27.16545 -1.54445 6.058491 -27.5805 -0.723434 6.000067 -27.16545 -1.54445 -13.5 15.50368 -0.491467 -13.5 15.91286 -1.295216 4.547234 -1.95311 8.395954 4.682838 -1.873733 8.436356 4.682838 -3.234787 11.10982 4.771912 -3.113937 11.17134 4.799999 -1.621682 8.564678 4.771912 -1.752884 8.497879 4.513692 -3.326191 11.06329 4.799999 -2.982729 11.23815 13.83115 -53.89006 -28.46608 -12.65114 -50.00642 -16.52733 -12.79352 -50.22121 -17.18759 -14.05424 -54.46013 -30.21848 -7.02712 -54.46013 -30.21848 -0.702716 -54.46013 -30.21848 -13.78666 -53.73275 -27.9825 7.027117 -54.46013 -30.21848 11.24339 -54.46013 -30.21848 14.05424 -54.46013 -30.21848 13.89311 -53.89042 -28.46715 -8.800004 -49.19165 -14.02263 -12.36089 -49.80554 -15.90979 -11.43665 -49.47481 -14.89311 -10.84508 -49.3528 -14.51799 -10.19852 -49.26417 -14.24561 -9.509064 -49.20988 -14.07866 12.79351 -50.22121 -17.18759 -3.307848 -15.77557 5.681819 -3.406351 -15.78934 5.840393 -3.509195 -15.69381 5.889155 -3.598724 -15.4621 6.006027 -3.571229 -15.58291 5.945654 -3.516835 -15.55199 5.624688 -3.391094 -15.66407 5.567818 -3.592979 -15.37466 5.71496 -3.738925 23.09672 23.57249 -4.16938 23.3714 23.71233 -4.800003 24.67043 24.37364 -4.355785 23.55042 23.80345 8.800001 22.13706 23.08391 8.800001 28.72521 26.43791 -4.800003 28.72521 26.43791 -4.729935 24.20279 24.13558 -4.576481 23.84296 23.95239 8.133673 17.22891 20.58522 8.3715 16.92584 20.43092 8.56012 16.59642 20.2632 8.694893 16.25035 20.08702 8.800001 15.54889 19.72994 7.854065 17.49742 20.72191 7.208404 17.90945 20.93166 -5.870216 30.38594 27.84444 -5.800003 30.05789 27.67744 -5.963005 30.54555 27.92571 -5.870216 30.15909 28.29002 -5.963005 30.31871 28.37129 -6.252792 30.8038 28.05718 -6.092895 30.68805 27.99825 -6.092895 30.4612 28.44383 -6.252792 30.57695 28.50276 -6.431908 30.88649 28.09929 -6.431908 30.65965 28.54485 -6.800003 30.94907 28.13112 -6.800003 30.72221 28.57671 -7.168098 30.88649 28.09929 -7.168098 30.65965 28.54485 -7.347214 30.8038 28.05718 -7.347214 30.57695 28.50276 -7.636997 30.54555 27.92571 -7.507111 30.68805 27.99825 -7.507111 30.4612 28.44383 -7.636997 30.31871 28.37129 -7.72979 30.38594 27.84444 -7.800003 30.05789 27.67744 -7.72979 30.15909 28.29002 -7.800003 29.83106 28.12303 -5.800003 29.83106 28.12303 2.800986 -26.2655 0.170718 2.828083 -26.44699 0.246445 2.843455 -26.4132 0.095395 3.052761 -26.64722 0.144485 2.946307 -26.52572 0.037954 3.087608 -26.59154 0.004524 2.974959 -26.68471 0.29369 3.214834 -26.60521 -0.002006 3.36332 -26.57463 0.013469 3.495213 -26.49035 0.056416 3.56756 -26.52778 0.37316 3.592596 -26.32988 0.13771 3.162328 -26.74025 0.265444 2.80292 -26.43179 0.422511 2.843437 -26.5492 0.362632 3.312373 -26.72764 0.271871 3.453763 -26.66177 0.305404 3.599275 -26.40009 0.438431 -5.800003 24.44359 24.81923 -5.705376 23.77741 24.48009 -5.6949 23.51527 24.9077 -5.800003 24.21674 25.26482 -5.580231 23.43916 24.30788 -5.560127 23.16921 24.73152 -5.371506 22.8398 24.5638 -5.400223 23.11015 24.1404 -5.166832 22.80081 23.9829 -4.884804 22.52115 23.84053 -4.854069 22.2682 24.27281 -5.133678 22.53673 24.40953 -4.446851 22.20399 23.67902 5.872162 -36.40637 -6.159164 5.797882 -36.07034 -5.988101 6.09528 -36.70625 -6.311844 5.965389 -36.56486 -6.239853 5.965683 -36.79211 -5.794479 6.095684 -36.93346 -5.86644 6.254795 -36.82104 -6.370285 6.255241 -37.04814 -5.92482 6.433277 -36.90306 -6.412033 6.800022 -36.96513 -6.44365 6.433662 -37.13003 -5.966507 6.799999 -37.19198 -5.998062 5.860966 -36.61101 -5.702284 5.799999 -6.397507 10.34129 -5.802002 -6.393249 10.34068 -2.795938 -6.822828 10.40532 -4e-06 -5.972183 10.2773 -4.200005 -6.82283 10.40532 15.69097 -1.446518 0.433456 15.69097 -53.4012 -26.01642 15.88045 -18.76334 -8.736313 15.88045 -53.53915 -26.44049 15.88045 -36.15124 -17.58839 15.88045 -1.375427 0.115799 15.88045 33.40039 17.81999 15.88045 50.78829 26.67207 15.69097 50.50818 26.88332 15.88045 16.01248 8.967884 -13.5 -44.13717 -24.40747 -3.598725 -0.93616 13.40111 -3.592979 -0.848712 13.11003 -3.598882 -0.343431 13.70361 -15.92059 -55.36241 -32.53029 -15.92514 -55.20376 -33.03406 -15.91654 -55.3484 -32.0023 8.800001 15.77574 19.28435 8.694893 16.47719 19.64146 8.56012 16.82327 19.81764 8.3715 17.15268 19.98534 8.133673 17.45575 20.13963 7.854065 17.72426 20.27632 -2.795965 -14.93416 5.939244 -2.74348 -15.0779 5.86605 -2.772919 -15.16197 6.159901 -2.800003 -15.00615 6.239213 -2.508686 -15.3458 5.897968 -2.668254 -15.17189 5.818117 -2.534674 -15.26351 5.771569 -2.68895 -15.28615 6.096664 -2.60684 -15.35903 6.059276 1.975921 -2.87486 12.07855 3.334628 -3.654772 12.01816 3.308705 -3.572504 11.89174 3.334732 -3.518723 11.75078 -2.53471 -0.873657 13.434 -2.534694 -0.737564 13.16666 0.009323 -33.3662 -8.538904 -1.128174 -33.4592 -8.586258 -2.282188 -33.7549 -8.736771 -3.392704 -34.26759 -8.99779 -3.392704 -35.62865 -6.324295 -2.282188 -35.11595 -6.063278 -1.128174 -34.82027 -5.912765 -4.384064 -34.98524 -9.363144 -5.189377 -35.86873 -9.812912 -5.189377 -37.22978 -7.13942 -4.384064 -36.34631 -6.689651 -5.76469 -36.85837 -10.31673 -6.096497 -37.88678 -10.84029 -6.096497 -39.24785 -8.166828 -5.76469 -38.21942 -7.643265 -6.200005 -38.89216 -11.35214 -6.200005 -40.25322 -8.678668 -4e-06 -34.72801 -5.865799 -6.096497 -39.89754 -11.86397 -5.76469 -40.92595 -12.38753 -5.76469 -42.28702 -9.714035 -6.096497 -41.2586 -9.190479 -5.189377 -41.9156 -12.89136 -4.384064 -42.79907 -13.34113 -4.384064 -44.16012 -10.66765 -5.189377 -43.27666 -10.21788 -3.392704 -43.51674 -13.70648 -2.282188 -44.02943 -13.9675 -2.282188 -45.39049 -11.29401 -3.392704 -44.87779 -11.03299 -1.128174 -44.32512 -14.11803 0.031239 -44.4198 -14.16615 -1.128174 -45.68617 -11.44455 -4e-06 -45.77843 -11.4915 2.794946 -26.0537 0.278341 2.794606 -26.18977 0.545692 2.733368 -26.04329 0.620285 2.685129 -25.83928 0.387484 15 -27.46651 -26.29482 13.5 -25.97173 -22.61844 13.5 -28.64522 -23.97951 15 -24.79303 -24.93376 4.768093 -9.713242 4.445297 4.947208 -9.630539 4.487381 4.947208 -10.99159 7.160873 4.768093 -11.07429 7.11879 5.107105 -9.514786 4.54631 5.107105 -10.87584 7.219803 4.517425 -11.13471 7.088025 5.236992 -9.372303 4.618881 5.329784 -9.212677 4.700119 5.289359 -10.65881 7.330294 5.39637 -8.972087 4.822612 5.396183 -10.35594 7.484487 -3.600002 -7.488778 9.729644 -3.597287 -8.238236 9.684734 -3.600002 -7.624874 9.996996 -7.300003 -2.251572 12.17143 -7.300003 -4.635437 10.95784 -6.600301 -4.475676 11.60022 -6.353554 -19.05905 2.582474 -6.464897 -18.90801 2.659378 -6.464897 -19.09854 3.033676 -6.353554 -19.2496 2.956772 -6.184051 -19.15828 2.531967 -6.184051 -19.34883 2.906265 -6.000004 -19.28484 2.703201 -6.500004 -18.74397 2.742876 -6.500004 -18.93453 3.117178 6.365684 -20.49596 0.818619 6.543827 -20.73766 0.695572 6.543827 -21.19133 1.586716 6.365684 -20.94965 1.709763 6.094475 -20.3372 0.899429 6.094475 -20.79089 1.790573 6.599998 -21.45375 1.453118 6.599998 -21.00008 0.561966 -3.533371 -8.393784 9.605545 -3.447472 -8.491959 9.555561 -3.528587 -8.264942 9.334488 -3.594115 -8.113968 9.411356 -8.800004 28.72521 26.43791 -10.83063 28.89543 26.10353 -4.800003 28.95206 25.99233 -9.539478 29.43562 25.04247 -10.29461 29.53104 24.85506 -12.71157 29.43321 25.0472 -11.02309 29.69597 24.53105 -11.67904 29.92685 24.07756 -4e-06 29.40575 25.10118 8.800001 29.40575 25.10118 10.83063 28.89543 26.10353 9.539471 29.43562 25.04247 10.29461 29.53104 24.85506 12.71156 29.43321 25.0472 11.67903 29.92685 24.07756 11.02308 29.69597 24.53105 13.99373 30.25725 23.42857 -12.87226 30.8705 22.22398 -13.99374 30.25725 23.42857 -14.4747 31.16835 21.63893 -12.97676 31.20396 21.56896 -12.62275 30.53337 22.88622 -12.22156 30.21196 23.51753 -13.5 34.50968 15.0756 12.62275 30.53337 22.88622 12.87225 30.8705 22.22398 12.22155 30.21196 23.51753 12.97675 31.20396 21.56896 13.5 34.50969 15.0756 14.70539 33.16545 17.71611 -5.800003 1.274918 12.46312 5.799999 1.274918 12.46312 -1.933334 1.04808 12.90868 5.799999 1.04808 12.90868 -5.800003 1.04808 12.90868 -5.800003 1.501755 12.01753 1.933331 1.501755 12.01753 5.799999 1.501755 12.01753 6.599998 -23.2057 -0.560898 6.599998 -25.86501 -0.792623 6.599998 -25.41133 -1.683792 4.799999 -14.23161 2.145007 4.799999 -16.14762 1.169601 4.799999 -17.50866 3.843067 4.799999 -15.59267 4.818497 13.5 18.58635 0.065844 13.5 15.50367 -0.491461 -6.000004 -20.92069 1.948929 -6.052204 -20.98482 2.073414 0.666664 -20.98421 2.073685 5.999996 -20.88893 1.886551 -6.000004 -20.85716 1.824173 -6.093179 -20.79564 1.698393 1.499996 -20.79366 1.699417 5.999996 -20.79366 1.699417 -4.800003 -15.59267 4.8185 -4.800003 -14.23161 2.145007 -7.278297 0.551773 13.08244 -7.278297 0.343094 13.49239 -7.088097 0.97493 13.29787 -7.208725 0.558731 13.60216 -6.919225 1.368877 12.98223 -7.088097 0.76622 13.70781 -6.919243 0.951462 13.80211 -7.208725 0.97612 12.78227 -7.278297 0.760483 12.6725 -7.300003 0.549665 12.5652 -7.088097 1.183609 12.88792 -6.711361 1.519348 13.05886 -6.711376 1.101944 13.87871 -6.478527 1.626841 13.11357 -6.478523 1.209457 13.93343 -6.236553 1.271439 13.96501 -6.058496 1.28849 13.97362 -6.236552 1.688847 13.14513 -6.000021 1.708176 13.15498 4.768093 1.12291 9.96193 4.947208 1.040222 9.919816 5.107105 0.924469 9.860886 0.771427 0.65715 9.724808 4.399998 0.650787 9.721573 2.199997 0.650787 9.721573 4.50157 1.184107 9.993036 5.236992 0.781967 9.788349 5.395826 0.38487 9.586176 4.682838 0.546372 9.668415 5.329784 0.62236 9.707108 4.771912 0.425537 9.606888 4.799999 0.294325 9.540089 1.099998 0.650787 9.721573 4.547234 0.625748 9.708817 -0.771431 0.65715 9.724808 -2.314289 0.65715 9.724808 -2.200005 0.650787 9.721573 -1.100002 0.650787 9.721573 -4.504692 1.183581 9.992778 -4.768097 1.12291 9.96193 -4.947212 1.040222 9.919816 -5.107109 0.924469 9.860886 -4.513646 0.637789 9.714952 -5.236999 0.781967 9.788349 -3.300003 0.650787 9.721573 -5.329792 0.62236 9.707108 -4.682846 0.546372 9.668415 -4.771919 0.425537 9.606888 -4.800003 0.294326 9.540087 -4e-06 0.650787 9.721573 5.329784 -1.949707 8.397663 5.236992 -2.109329 8.316422 4.400002 -1.978135 8.383193 4.947208 -2.367569 8.184925 5.107105 -2.251816 8.243851 4.768093 -2.450272 8.142838 4.500474 -2.511776 8.111836 -4.682846 -1.873733 8.436356 -4.547241 -1.95311 8.395954 -4.771919 -1.752884 8.497879 -4.400015 -2.512922 8.111159 -4.800003 -1.621682 8.564678 -4.400002 -1.978135 8.383196 -4.400051 -0.175579 12.66725 4.400048 -0.175579 12.66725 3.214946 -27.18588 0.038572 -15.99562 25.89861 -0.807297 -15.99801 25.7332 -1.1996 -15.99952 25.46422 -1.529648 -7.800003 41.63754 33.57258 -7.800003 33.84129 30.16463 -7.800003 41.19337 33.90752 4.768093 -20.666 -1.130692 4.947208 -20.74867 -1.172806 5.107105 -20.86443 -1.231735 5.236992 -21.00693 -1.304275 4.399998 -21.13811 -1.371048 4.482674 -20.60452 -1.099367 4.547234 -21.16315 -1.383804 5.395826 -21.40402 -1.506438 4.682838 -21.24252 -1.42421 5.329784 -21.16655 -1.385513 4.771912 -21.36336 -1.485733 4.799999 -21.49457 -1.552528 5.396556 -23.51004 -2.578583 -4.399998 -21.13811 -1.371047 -4.547241 -21.16315 -1.383804 -4.682846 -21.24252 -1.42421 -4.771919 -21.36336 -1.485733 -4.800003 -21.49458 -1.552533 4.771912 -23.54179 -2.594742 4.682838 -23.66264 -2.656265 5.329784 -23.7386 -2.694962 4.547234 -23.74202 -2.696671 5.236992 -23.89824 -2.776199 4.947208 -24.15648 -2.907669 5.107105 -24.04073 -2.84877 4.768093 -24.23918 -2.949783 4.508595 -24.29923 -2.980248 -4.400002 -23.76704 -2.709426 -4.682846 -23.66264 -2.656265 -4.547241 -23.74202 -2.696671 -4.39994 -24.30179 -2.981546 -5.285795 -23.83654 -2.744799 -4.771919 -23.54179 -2.594742 -5.397341 -23.48323 -2.564932 -5.107107 -24.04072 -2.848766 -4.947211 -24.15648 -2.90767 6.236549 -20.10005 2.052505 6.478519 -20.16206 2.02095 6.711369 -20.26956 1.966232 5.999995 -20.08072 2.062363 6.184044 -20.82494 1.683487 7.278294 -21.02842 1.579884 6.464893 -21.07521 1.556076 7.299999 -21.23924 1.47258 6.499996 -21.23923 1.472578 7.299999 -26.00695 -0.954654 6.35355 -20.92415 1.63298 -6.31725 -20.89177 1.649348 -6.497667 -21.18524 1.500052 -6.445712 -21.03254 1.577907 -7.300003 -21.23924 1.47258 -6.500002 -24.75921 -0.319437 -7.300003 -26.00695 -0.954654 7.278294 -26.21776 -1.061966 6.464893 -26.17096 -1.038162 7.208721 -26.4334 -1.171738 6.35355 -26.32202 -1.115067 7.088093 -26.64089 -1.27739 6.184044 -26.42125 -1.165573 5.999995 -26.45253 -1.181502 6.919235 -26.82613 -1.371689 6.711369 -26.97661 -1.448318 6.478519 -27.08412 -1.503036 6.236549 -27.14612 -1.534592 -7.278297 -26.21776 -1.061966 -6.45373 -26.20347 -1.054683 -7.088097 -26.64089 -1.27739 -6.309822 -26.35935 -1.134067 -7.208725 -26.4334 -1.171738 -6.49642 -26.06753 -0.98544 -6.184051 -26.42125 -1.165573 -6.919243 -26.82613 -1.371689 -6.711376 -26.97661 -1.448318 -6.053015 -26.4521 -1.181265 -6.478523 -27.08412 -1.503036 -6.236553 -27.14612 -1.534592 6.597742 -4.597428 11.53825 6.601026 -0.487623 13.63053 7.300002 -2.251129 12.17167 8.800001 -37.62947 -7.342911 8.800001 -37.40262 -7.788495 8.800001 -22.2088 -0.05339 8.800001 -11.04028 6.193497 8.799966 -9.379942 6.477699 8.800001 0.581924 11.54924 8.800001 4.380371 13.48302 8.800001 8.178833 15.41679 8.800001 11.97728 17.35057 -6.184051 -6.298996 9.078568 -6.000004 -6.267715 9.094498 -6.000004 -6.362991 9.281635 -6.353554 -6.398224 9.028061 -6.184051 -6.489548 9.452866 -6.353554 -6.58876 9.40233 -6.464897 -6.549271 8.951157 -6.464897 -6.739822 9.325428 3.392696 -34.26759 -8.99779 4.38406 -34.98524 -9.363144 5.189369 -35.86873 -9.812912 1.12817 -33.4592 -8.586258 2.282185 -33.7549 -8.736771 6.096489 -37.88678 -10.84029 5.764687 -36.85837 -10.31673 6.199997 -38.89216 -11.35214 6.096489 -39.89754 -11.86397 -0.946209 -34.33549 -9.032364 -1.914093 -34.58348 -9.158617 -2.845493 -35.01349 -9.377518 -3.676956 -35.6154 -9.683945 -4.352379 -36.35637 -10.06117 -4.8349 -37.18638 -10.48375 -5.11319 -38.04893 -10.92285 5.764687 -40.92595 -12.38753 5.189369 -41.9156 -12.89136 4.38406 -42.79907 -13.34113 3.392696 -43.51674 -13.70648 2.282185 -44.02943 -13.9675 1.12817 -44.32512 -14.11803 -0.946209 -43.44884 -13.67192 -4.8349 -40.59793 -12.22054 -5.11319 -39.7354 -11.78142 -4.352379 -41.42796 -12.6431 -5.200005 -38.89216 -11.35214 -1.914093 -43.20083 -13.54565 -2.845493 -42.77083 -13.32675 -3.676956 -42.16893 -13.02032 -4.400026 -3.339194 11.05669 -4e-06 -3.339188 11.05669 -10.55225 -50.1125 -13.62065 -8.800004 -50.01451 -13.31943 -9.667427 -50.03795 -13.39145 -11.40723 -50.24116 -14.0162 -12.18133 -50.42128 -14.56985 -12.82879 -50.64412 -15.25493 -4e-06 -50.01451 -13.31943 10.55225 -50.1125 -13.62064 9.66742 -50.03793 -13.39145 13.31768 -50.89638 -16.0304 12.82878 -50.64412 -15.25493 11.40723 -50.24116 -14.0162 12.18132 -50.42126 -14.56985 -13.31768 -50.89638 -16.03041 -13.6349 -51.16255 -16.84866 13.6349 -51.16255 -16.84865 14.86943 -55.25874 -29.44086 10.83063 42.41501 32.98628 8.800001 42.08171 33.23762 8.799967 41.19338 33.90752 12.71156 43.468 32.19224 -5.800003 41.19337 33.90752 -5.800003 41.63754 33.57258 -2.933334 42.08171 33.23762 -8.800004 41.19337 33.90752 -11.18798 41.58534 33.61195 -8.800004 42.08171 33.23762 -13.39993 42.82362 32.67815 -12.35189 42.10135 33.22282 -10.83063 42.41501 32.98628 -14.90772 44.72107 31.24733 -12.71157 43.468 32.19224 13.99373 45.0815 30.97551 14.70539 50.77586 26.68147 15.91953 54.76668 23.67201 15 51.21142 26.35301 15 54.76645 23.67218 -14.4747 46.86546 29.63027 -15.47334 46.81897 29.6653 -13.99374 45.0815 30.97551 -15.69098 50.50818 26.88332 -14.7054 50.77585 26.68147 -15.88045 50.7883 26.67207 -15.91954 54.76667 23.67202 -15 54.76645 23.67218 -5.980865 0.900325 12.97947 -4e-06 0.995255 12.79204 6.051537 0.804211 13.16606 -13.84843 -53.05999 -28.20014 6.35355 -6.398224 9.028061 6.464893 -6.549271 8.951157 6.464893 -6.739822 9.325428 6.35355 -6.58876 9.40233 6.184044 -6.298996 9.078568 6.184044 -6.489548 9.452866 5.999996 -6.362991 9.281635 5.800012 -13.02418 4.622479 6.094475 -13.52792 5.488113 6.094475 -13.30107 5.042557 6.365684 -13.68668 5.407303 6.543827 -13.70152 4.838669 6.543827 -13.92836 5.284256 6.094475 -13.07423 4.59697 6.365684 -13.23299 4.516129 6.599998 -14.19079 5.150655 6.543827 -13.47469 4.393112 6.599998 -13.73711 4.259506 7.287874 -14.262 6.056869 7.003628 -13.66703 6.359833 7.181717 -13.91436 6.233948 6.560845 -14.71757 6.386199 6.374756 -14.40652 6.54455 6.711182 -13.42439 6.483536 6.478146 -13.31709 6.538467 6.08837 -13.24126 6.576683 6.059512 -14.1818 6.658915 5.73214 -14.09121 6.705004 13.5 -43.91252 -24.84876 4.547234 -16.47905 1.00087 4.547234 -17.15958 2.337601 4.682838 -16.39967 1.041275 4.771912 -16.95935 2.439529 4.771912 -16.27882 1.102798 4.513684 -17.85213 3.668217 4.682838 -17.76073 3.714767 4.771912 -17.63988 3.77626 -6.600002 -3.622416 9.408819 -6.600002 -4.076106 10.3 -6.600002 0.788834 11.65459 -6.600002 0.335134 12.54573 -2.91716 -7.23671 9.857956 -2.828087 -7.357559 9.796436 -2.828087 -7.493668 10.0638 -2.91716 -7.372818 10.12532 -3.200005 -7.132309 9.911118 -3.052765 -7.157333 9.898365 -3.052765 -7.293442 10.16573 -3.200005 -7.268417 10.17845 -3.34724 -7.157333 9.898365 -3.34724 -7.293442 10.16573 -3.571918 -7.357559 9.796436 -3.482845 -7.23671 9.857956 -3.482845 -7.372818 10.12532 -3.571918 -7.493668 10.0638 -2.800003 -7.488766 9.729633 -2.800003 -7.624878 9.996994 -5.799996 -13.47786 5.513598 5.8 -13.47786 5.513596 -5.800008 -13.02418 4.622451 12.97675 32.98627 22.47634 13.5 36.29204 15.98299 15 55.20029 23.15492 15 54.67071 21.21008 15 34.5097 15.07561 15 22.49229 3.386138 15 33.3879 17.27915 15 18.17717 0.869617 15 17.09157 -3.610519 15 -42.1302 -23.94138 15 -47.31904 -27.51773 15 25.7332 -1.1996 15 25.46422 -1.529648 15 25.89861 -0.807297 15 26.59907 3.288697 15 26.08466 2.733932 15 25.94695 2.371597 15 26.31061 3.048904 15 25.1282 -1.763386 15 15.50368 -0.491467 15 55.35355 22.64717 15 55.31084 22.08028 15 55.06024 21.56999 15 36.29202 15.98298 15 35.17021 18.18655 15 14.98607 7.910904 15.00002 -2.416852 -0.948547 15 -6.062424 -17.64237 15 -31.01497 -30.34558 15 -26.38092 -21.8147 15 -29.05441 -23.17575 15 -32.31547 -30.3747 15 -32.69955 -30.1232 15 -34.4825 -28.51672 15 -27.9958 -25.25513 15 -31.4128 -30.48195 15 -31.8654 -30.49918 15 -34.79909 -28.2979 15 -28.5251 -24.21544 15 -35.17425 -28.16394 15 -35.94966 -28.2043 15 -35.57146 -28.13345 15 -53.28394 -33.83001 15 -27.95148 -13.94839 15 -40.21934 -20.19391 15 -34.08542 -17.07115 15 -46.35329 -23.31667 15 -44.8199 -23.06642 15 -54.3907 -33.78616 15 -53.82304 -33.90752 15 -54.8777 -33.47026 15 -55.20376 -33.03406 15 -55.36241 -32.53029 15 -43.91252 -24.84876 15 -52.48723 -26.43942 15 -53.56896 -29.7648 6.500025 0.351583 12.93552 6.499975 -3.041328 10.73699 6.497659 0.603701 12.59269 6.501078 -4.293643 10.33516 6.496413 -4.278635 10.10716 6.498905 -4.458433 10.48685 -4.800003 -23.41057 -2.527941 -4.800003 -22.85564 1.120958 -4.800003 -24.77164 0.145523 -7.800003 -27.20329 -0.912856 -7.800003 -26.97646 -1.358445 -7.800003 -19.37187 2.513016 -7.800067 -12.17718 6.736843 -7.800004 -11.63078 6.453948 -7.800003 -4.162704 10.2559 -7.799998 2.000987 13.39383 -7.800003 7.244156 16.0631 -7.799923 3.143983 14.53658 -7.800003 14.27623 20.20415 -7.800003 11.04645 17.99883 -7.800002 17.59929 21.33479 -7.800009 24.16504 25.23851 -7.800012 24.92714 25.06539 4.771912 -14.1004 2.211807 4.682838 -13.97955 2.273331 4.771912 -15.46146 4.8853 4.682838 -15.34062 4.946823 4.547234 -13.90018 2.313736 4.547234 -15.26125 4.987228 4.400012 -15.23622 4.999981 -5.383308 -24.25327 -1.273758 -5.236999 -24.57875 -1.439468 -5.391497 -24.89503 0.082704 -5.107109 -25.40178 -0.175278 -5.236999 -25.25929 -0.102737 -5.329792 -25.09967 -0.021469 -4.768075 -24.23918 -2.949784 -4.947212 -25.51753 -0.234207 -4.768097 -25.60024 -0.276291 -4.581985 -24.28685 -2.974068 -4.482637 -6.078526 6.295597 -4.512823 -7.439798 8.969086 -4.768097 -6.14006 6.264389 -4.947212 -6.222748 6.222275 -4.863551 -7.537128 8.919542 -5.107109 -7.699554 8.836838 -5.107109 -6.338501 6.163345 -5.236999 -6.481003 6.090805 -5.236999 -7.842056 8.7643 -5.329792 -6.64061 6.009567 -5.329792 -8.001667 8.683032 -5.396375 -6.881226 5.887046 2.535489 -18.4734 4.137435 -5.600002 -12.65994 7.43367 -3.500004 -12.65994 7.43367 -6.000004 -13.05692 6.670517 -4e-06 -13.05692 6.670517 3.207292 -12.65995 7.433653 -5.800001 -4.335353 9.045888 5.799997 -4.335358 9.045886 -5.799997 -4.789047 9.937059 5.799994 -4.789038 9.937061 14.70539 40.2238 21.30946 14.70539 34.94777 18.62346 3.293787 19.99116 21.43039 -3.300004 13.63943 18.19676 -4.400002 18.74364 20.79527 -6.600002 18.74364 20.79527 6.599998 13.63943 18.19676 7.243828 8.314228 15.48573 7.065681 8.555912 15.60875 7.20844 18.13626 20.48607 6.794472 8.714676 15.68959 6.499996 8.764725 15.71507 0.915733 8.764723 15.71507 6.543827 1.051254 11.78819 6.599998 0.788838 11.65458 6.094475 1.451706 11.99205 6.365684 1.292953 11.91121 6.599998 -6.77739 7.802658 6.365684 -4.126541 9.152176 6.543827 -3.884842 9.275223 6.599998 -8.679764 6.834152 6.5 2.927609 12.74342 -6.5 2.927611 12.74342 6.094475 -4.285294 9.071369 1.933331 -5.761215 8.319993 -5.800003 -5.761215 8.319993 -4.303668 23.71589 23.32663 -4.533485 24.00832 23.47551 -4.800003 24.89726 23.92806 -4.721393 24.3837 23.6666 -3.897831 23.40416 23.16792 -6.500004 8.764725 15.71507 -8.800004 14.15877 18.46114 -8.800004 28.95206 25.99233 -6.794479 8.714675 15.68959 -7.065689 8.555912 15.60875 -7.243835 8.314228 15.48573 -8.800004 9.900495 16.29329 -6.094479 1.451706 11.99205 -6.365688 1.292953 11.91121 -6.543831 1.051254 11.78819 -6.543831 -6.211716 8.090656 -6.543831 -3.884842 9.275223 -6.365688 -4.126541 9.152176 -6.094479 -5.811264 8.29451 -6.365688 -5.970016 8.213669 -6.094479 -4.285294 9.071369 -6.600002 -6.77739 7.802658 -6.600002 -6.474136 7.957046 -6.600002 -8.679764 6.834152 -7.065689 3.136429 12.84972 -7.243835 3.378128 12.97276 -8.800005 2.699422 12.62726 -7.300003 8.051808 15.35212 -6.794479 2.977676 12.76891 -8.800005 -4.353308 9.036754 6.599998 -11.88159 5.204147 6.599998 -10.88539 5.711288 6.543827 -11.14781 5.577682 6.365684 -11.38951 5.454666 6.599998 -16.98579 2.605606 6.599998 -22.09001 0.007095 6.599998 -18.60205 2.904918 6.599998 -18.14836 2.013748 6.365684 -18.65248 1.757126 6.543827 -18.41078 1.880142 6.094475 -11.54826 5.373825 5.799999 -11.59831 5.348343 6.094475 -18.81123 1.676285 6.599998 -27.1942 -2.591446 6.543827 -25.67375 -1.817398 6.365684 -25.91545 -1.940414 5.456341 -37.40262 -7.788498 -0.790398 -26.12425 -2.046737 6.094475 -26.0742 -2.021255 5.799999 -26.12425 -2.046738 4.799999 -36.5292 -7.343826 4.799999 -34.57337 -6.348131 5.800062 -18.86128 1.650802 -1e-06 -11.59831 5.348343 -5.800003 -11.59831 5.348349 -6.094479 -11.54826 5.373825 -6.600002 -11.88159 5.204147 -6.365688 -11.38951 5.454666 -6.094479 -13.07423 4.59697 -5.800003 -18.86128 1.650803 -6.094479 -18.81123 1.676285 -6.365688 -18.65248 1.757126 -6.543831 -18.41078 1.880142 -6.365688 -13.23299 4.516129 -6.543831 -11.14781 5.577682 -6.600002 -10.88539 5.711288 -6.543831 -13.47469 4.393112 -6.600002 -16.98579 2.605606 -6.600002 -13.73711 4.259506 -8.800004 -11.72948 5.28157 -6.600002 -18.14836 2.013748 -6.365688 -25.91545 -1.940414 -6.543831 -25.67375 -1.817398 -6.094479 -26.0742 -2.021255 -7.208388 -28.88333 -3.451364 -5.800003 -26.12425 -2.046739 -6.600002 -23.2057 -0.560898 -6.600002 -22.09001 0.007095 -6.600002 -25.41132 -1.683789 -8.800004 -26.52275 -2.249612 -8.166832 -28.16553 -3.085922 -7.884801 -28.44519 -3.228314 -7.561951 -28.68657 -3.351181 -8.580231 -27.52718 -2.760971 -8.705376 -27.18895 -2.58876 -8.400223 -27.85619 -2.928452 15.99561 25.89861 -0.807297 15.99801 25.7332 -1.1996 15.99951 25.46422 -1.529648 16 25.12819 -1.763393 15.5 25.12825 -1.763351 2.794945 -11.52776 7.673426 2.794606 -11.66383 7.940776 2.733368 -11.51735 8.015366 2.72858 -11.37399 7.751694 2.642342 -11.27873 7.800186 8.800001 -48.30049 -13.56894 -6.000065 -19.90248 2.153089 6.000066 -19.90248 2.15309 -3.597128 -21.94524 2.36992 -3.597283 -22.75597 2.293827 -3.598881 -22.13234 2.610995 -13.5 -25.97172 -22.61845 -15 -27.46651 -26.29481 -13.5 -28.64522 -23.9795 -7.300003 -24.04048 1.078842 -7.300003 -26.42433 -0.134781 -6.593579 -22.12752 2.613765 -6.543831 -13.92836 5.284256 -6.600002 -14.19078 5.150659 -6.365688 -13.68668 5.407303 -6.094479 -13.52792 5.488113 6.35769 -5.743592 10.39357 5.739286 -5.390318 11.13459 6.597126 -5.664444 10.43388 6.815334 -5.529801 10.50244 6.07554 -5.294472 11.1834 6.058491 -5.791603 10.36919 6.529785 -4.833847 11.41789 7.243089 -4.954018 10.79592 6.384218 -5.064544 11.30046 7.087688 -5.269257 10.63527 7.29732 -4.687523 10.93132 -4e-06 1.290787 13.97484 -2.798142 0.440141 14.10286 -4.200005 0.44014 14.10286 -5.739078 0.433501 14.09947 -5.383308 -9.727341 6.121323 -5.396561 -8.984081 4.816509 -5.329792 -9.212677 4.700119 -5.236999 -9.372303 4.618881 -5.236999 -10.05283 5.955612 -5.107109 -9.514786 4.54631 -5.39617 -10.3258 7.499829 -5.107114 -10.87584 7.219802 -5.2858 -10.67165 7.323756 -4.947214 -9.630541 4.48738 -4.768077 -9.713244 4.445295 -4.947212 -10.99159 7.160873 -4.768097 -11.07429 7.11879 -4.581982 -9.760916 4.421011 -13.5 -29.05441 -23.17575 -13.5 -26.38092 -21.8147 -6.738945 -28.55016 -2.159622 4.20857 -33.96435 -4.354889 -0.443361 -31.53329 -3.67831 7.299999 -21.65663 2.292435 6.59999 -23.73842 1.793676 7.299999 -21.65663 2.292434 6.596301 -26.39354 0.441963 -2.800991 -14.73414 6.041321 -2.828087 -14.68858 6.23259 -2.843443 -14.58638 6.116357 -3.052765 -14.48836 6.334518 -2.946283 -14.47371 6.173561 -3.087524 -14.40796 6.207135 -2.946255 -14.60992 6.441047 -3.214808 -14.39465 6.214453 -3.36331 -14.42511 6.198738 -3.495184 -14.50938 6.155857 -3.567562 -14.74351 6.372469 -2.843449 -14.7224 6.383587 -3.122927 -14.53443 6.479406 -3.312485 -14.54407 6.474468 -3.453784 -14.60993 6.440939 -3.598881 -14.86937 6.308536 -9.253937 -48.30763 -13.59186 -10.54558 -48.41556 -13.92274 -9.917288 -48.34797 -13.71556 -11.28155 -48.54698 -14.32726 -11.73259 -48.66679 -14.6951 -12.56476 -49.04259 -15.85004 -12.72109 -49.19191 -16.30917 -12.19618 -48.83618 -15.21616 3.544112 -11.10435 8.225622 3.471393 -11.01325 8.272011 3.509223 -10.91587 7.984909 3.571224 -11.02674 7.928432 3.307857 -10.83404 8.192212 3.406347 -10.82028 8.033692 -6.000004 -12.02187 6.400742 -6.000004 -11.92659 6.213577 -4e-06 -11.92659 6.213577 5.999996 -12.02187 6.400742 5.999996 -11.92659 6.213577 -0.666668 -12.11714 6.587875 5.999995 -12.11714 6.587871 16 -2.943344 -16.05446 15.5 -31.01494 -30.34557 16 -16.97914 -23.20001 16 -31.01494 -30.34557 12.62275 32.31569 23.79356 12.87225 32.65282 23.13136 11.67903 31.70918 24.98494 12.22155 31.99428 24.42491 11.02308 31.4783 25.43843 9.539471 31.21796 25.94981 10.29461 31.31336 25.76244 8.799978 31.18807 26.00853 6.597806 -7.612498 10.0033 7.297394 -7.078537 9.714006 7.300004 -9.498946 8.481846 -7.278358 -4.846436 10.85023 -7.003633 -5.362 10.58786 -7.181722 -5.114707 10.71381 -6.56087 -4.765245 11.45286 -6.37486 -5.076277 11.29449 -6.711185 -5.604782 10.46446 -6.478153 -5.712326 10.41002 -6.088376 -5.787853 10.37119 -6.059456 -5.300995 11.18009 -5.732195 -5.391557 11.13395 5.390944 -22.72427 1.187831 5.289376 -22.44256 1.33125 5.107105 -22.2255 1.441757 4.947208 -22.10974 1.500687 4.768093 -22.02705 1.542801 -13.5 -43.91252 -24.84876 3.599998 -3.912144 11.55049 3.599998 -4.048247 11.81782 3.598878 -4.613142 11.52994 7.299999 -11.48101 6.440411 7.299999 -6.7133 8.867663 -2.80099 -21.99712 2.343778 -2.828087 -21.95155 2.535049 -2.84344 -21.84935 2.418814 -3.052765 -21.75133 2.636978 -2.946253 -21.73671 2.476008 -3.08751 -21.67093 2.509593 -2.946242 -21.8729 2.743502 -3.214809 -21.65763 2.516912 -3.363286 -21.68807 2.501203 -3.495187 -21.77236 2.458314 -3.567567 -22.00649 2.674924 -2.843436 -21.9854 2.686036 -3.122983 -21.79739 2.781881 -3.312513 -21.80704 2.776921 -3.453797 -21.87291 2.743394 -7.278297 -6.919876 9.794846 -7.208725 -6.704239 9.904621 -7.088097 -6.49675 10.01027 -7.088097 -6.079346 9.190384 -7.208725 -6.28685 9.084733 -6.919243 -6.311508 10.10457 -6.919243 -5.894104 9.284687 -7.278297 -6.502487 8.974964 -7.300003 -6.7133 8.867663 -6.711376 -6.161026 10.18117 -6.478527 -6.053513 10.23589 -6.478523 -5.636124 9.416031 -6.711376 -5.743637 9.361313 -6.000004 -5.763473 9.867386 -6.192116 -5.987223 10.26959 -6.115757 32.18635 27.6389 -7.13892 32.26813 27.68053 -6.461082 32.26813 27.68053 -5.781506 32.04549 27.56719 -7.484249 32.18635 27.6389 -5.477127 31.84833 27.46681 -7.8185 32.04549 27.56719 -6.800003 32.29391 27.69365 -8.122879 31.84833 27.46681 -5.219574 31.60385 27.34236 -5.020962 31.32593 27.20085 -4.886753 31.03081 27.05061 -4.815689 30.73438 26.8997 -8.579041 31.32593 27.20085 -8.380432 31.60385 27.34236 -8.784317 30.73438 26.8997 -8.713253 31.03081 27.05061 -6.815338 -6.236259 10.14279 -5.960818 -6.883441 10.37444 -5.744398 -6.830624 10.40135 -7.087696 -6.496963 10.01027 -7.208229 -6.704742 9.90477 -7.293152 -7.051945 9.72764 -6.492309 -7.30463 10.16005 -6.59393 -7.59604 10.01166 -6.431908 33.23953 29.2972 -6.166853 33.37484 29.3661 -5.963005 33.58047 29.47078 -5.870216 33.7401 29.55205 -4.771919 -3.113937 11.17134 -4.682846 -3.234787 11.10982 -4.547241 -3.314163 11.06941 -4.800003 -2.982727 11.23815 7.299999 7.598112 16.24327 7.299999 8.051802 15.35213 7.278294 -12.10921 7.152969 7.208721 -12.32484 7.043198 7.088093 -12.53235 6.937546 7.088093 -12.11496 6.117691 7.208721 -11.90746 6.223343 6.919235 -12.71759 6.843246 6.919235 -12.3002 6.023392 7.278294 -11.69182 6.333115 6.711369 -12.86807 6.766647 6.478519 -12.97557 6.711929 6.478519 -12.55818 5.892044 6.711369 -12.45067 5.946762 5.999996 -12.84822 6.260574 6.236549 -13.03758 6.680344 3.453804 -4.736731 11.13069 2.974983 -4.75975 11.119 3.556505 -4.624365 11.1879 2.843436 -4.624255 11.18804 3.312465 -4.802616 11.09715 3.597076 -4.506779 11.24775 2.800986 -4.476606 11.26333 3.570812 -3.748982 11.63355 2.685122 -4.050367 11.48011 3.471803 -3.614484 11.7019 2.794946 -4.264808 11.37096 2.535498 -3.947449 11.53251 -2.793474 -0.43072 13.32287 -2.684944 -0.634178 13.21926 -3.511863 0.000361 13.54231 -2.888085 0.000365 13.54223 -3.049528 0.109616 13.5981 -3.597509 -0.157395 13.46198 -3.385842 0.091867 13.5889 -3.392941 -1.136667 12.96368 -3.516832 -1.026054 13.01976 -3.214835 0.131281 13.60954 14.70539 -9.553635 -4.031967 14.70539 -52.27272 -25.78005 -4e-06 -20.49812 2.882217 -3.442348 -23.02225 2.158279 -3.334752 -23.09092 2.123316 -3.528587 -22.92699 2.206772 -3.528587 -22.79088 1.939407 -3.59049 -22.65623 2.007985 -3.417483 -22.90902 1.879277 -4e-06 -0.710281 12.39507 -4.400049 -0.710287 12.39507 4.400014 -0.710285 12.39507 -5.397395 0.375906 9.581616 -4.399985 -25.12811 -0.035939 4.400017 -23.76704 -2.709427 -4e-06 -25.1281 -0.035934 4.399998 -25.1281 -0.035934 6.236549 -13.04579 6.159988 6.236549 -13.25449 6.569931 6.478519 -13.31648 6.538345 6.711369 -13.424 6.483627 6.711369 -13.21529 6.073685 6.919235 -13.57446 6.407028 5.999981 -12.81776 5.759903 6.236549 -12.8371 5.750046 6.919226 -13.15706 5.587146 6.711369 -13.00661 5.663773 6.478519 -12.89909 5.718491 7.088093 -13.7597 6.312729 7.20872 -13.54983 5.387219 7.208721 -13.96721 6.207077 7.088099 -13.34233 5.49284 7.278294 -14.18285 6.097305 7.299999 -13.97627 5.17012 7.278293 -13.76545 5.277426 -4.400045 -22.49919 1.302438 -4.547241 -22.5242 1.289688 -4.682846 -22.60358 1.249283 -4.771919 -22.72443 1.187759 -15.99944 -31.43164 -30.48544 -15.9977 -31.89177 -30.49593 -15.99494 -32.33342 -30.36641 -6.252792 33.09538 29.78487 -6.092895 33.21113 29.8438 -6.431908 33.01269 29.74278 -5.963005 33.35364 29.91637 -5.800003 34.06813 29.71904 -5.870216 33.51326 29.99761 -5.800003 33.84129 30.16463 -4e-06 -54.82925 -30.4064 -4.547241 -13.90018 2.313736 -4.682846 -13.97955 2.273331 -4.682846 -15.34062 4.946823 -4.771919 -14.1004 2.211807 -4.771919 -15.46146 4.8853 -4.521197 -15.25007 4.992924 4.799999 -34.80022 -5.902546 0.003419 -32.52745 -4.745479 -7.208422 -29.11015 -3.005779 -15.48191 -35.94966 -28.2043 -15.96476 -35.57146 -28.13345 -15.96657 -35.17425 -28.16394 -15.96909 -34.79909 -28.2979 -15.97205 -34.48256 -28.51668 -15.96381 -35.94966 -28.2043 -6.000004 -19.18956 2.516037 -4e-06 -19.18956 2.516037 5.999996 -19.28484 2.703201 5.999996 -19.18956 2.516037 -0.666668 -19.38011 2.890335 5.999994 -19.38011 2.890329 -6.353554 -11.79608 6.280014 -6.464897 -11.64503 6.356918 -6.464897 -11.83559 6.731216 -6.353554 -11.98663 6.654312 -6.184051 -11.89531 6.229507 -6.184051 -12.08586 6.603806 -6.500004 -11.481 6.440417 -6.500004 -11.67155 6.81472 14.47455 31.16705 21.64148 14.47455 -50.34569 -19.8561 -6.500004 8.537888 16.16066 6.499996 8.537888 16.16066 6.499996 8.311038 16.60622 -6.500004 8.311035 16.60623 8.799987 30.50754 27.34529 -8.800004 36.29462 30.29146 -6.800003 32.06706 28.13924 -7.131836 32.04236 28.12666 -6.468166 32.04236 28.12666 -7.472126 31.96341 28.08647 -6.127876 31.96341 28.08647 -7.804192 31.82613 28.01659 -5.795814 31.82613 28.01659 -8.109395 31.63199 27.91774 -0.277126 30.50754 27.34529 -5.026966 31.10942 27.65169 -5.229866 31.38873 27.7939 -4.888897 30.81021 27.49938 -4.815689 30.50754 27.34529 -5.490612 31.63199 27.91774 -8.370141 31.38873 27.7939 -8.57304 31.10942 27.65169 -8.711109 30.81021 27.49938 -8.784521 30.5072 27.34589 -6.499265 -13.92947 5.193939 -6.500041 -14.17434 5.540332 -6.490749 -14.06413 5.596691 -2.794866 -7.683683 9.630428 -2.728584 -7.836563 9.552567 -2.728584 -7.972671 9.819931 -2.791084 -7.832103 9.891487 -2.642345 -7.931839 9.504076 -2.642345 -8.067951 9.771439 -6.600002 -18.60205 2.904919 13.5 -29.05441 -23.17575 -7.278297 -14.18285 6.097305 -7.278297 -13.76546 5.27742 -7.208725 -13.96721 6.207077 -7.208725 -13.54982 5.387222 -7.088097 -13.7597 6.312729 -7.088097 -13.34232 5.492844 -7.300003 -13.97627 5.170122 -6.919243 -13.15707 5.587143 -6.919243 -13.57446 6.407028 -6.711376 -13.424 6.483627 -6.711376 -13.00661 5.663773 -6.478523 -13.31648 6.538345 -6.192116 -13.25019 6.572052 -6.236553 -12.8371 5.750046 -6.478523 -12.89909 5.718491 -6.500004 -6.713302 8.867662 -6.500004 -6.90385 9.241921 -15.96881 26.08466 2.733932 -15.96726 26.31061 3.048904 -15 26.59769 3.287818 -15.97108 25.94695 2.371597 6.499996 -14.16681 5.544386 6.499996 -13.97627 5.170118 6.499996 -18.74397 2.742875 6.499996 -18.93453 3.117175 5.399998 -24.77164 0.14553 6.599998 0.335134 12.54573 6.599998 -3.62242 9.408829 6.599998 -4.076113 10.3 -6.000002 -6.458275 9.468785 -0.666668 -6.458267 9.468769 -4e-06 -6.267715 9.094498 5.999996 -6.267715 9.094498 -6.543831 -26.12744 -0.926224 -6.365688 -26.36913 -1.049271 -6.094479 -26.52788 -1.130081 -5.800003 -26.27548 -1.74968 -6.600002 -25.86502 -0.792622 -5.800003 -26.42671 -1.452621 -5.800003 -26.57794 -1.155563 -7.300003 -4.218038 10.13795 3.308717 -18.09843 4.496612 3.516159 -18.18397 4.28476 3.57101 -18.41498 4.503822 3.597497 -18.37998 4.184982 3.599998 -18.57419 4.422745 3.406825 -18.08518 4.335302 -1.914093 -35.49086 -7.376297 -3.676956 -36.52278 -7.901627 -1.914093 -36.39824 -5.593948 -2.845493 -36.82823 -5.812881 -4.8349 -38.09376 -8.701401 -4.352379 -38.17111 -6.496536 -5.200005 -39.79954 -9.569809 -4.8349 -41.50529 -10.43822 -1.914093 -44.1082 -11.76334 -3.676956 -43.07629 -11.23799 -0.946209 -36.15022 -5.467697 -3.676956 -37.43014 -6.119308 -4.8349 -39.00114 -6.919083 -5.11319 -39.86369 -7.3582 -5.200005 -40.70691 -7.787491 -5.11319 -41.55012 -8.216782 -4.8349 -42.41267 -8.6559 -4.352379 -43.24269 -9.078449 -3.676956 -43.98366 -9.455677 -2.845493 -44.58559 -9.762104 -0.946209 -45.26358 -10.10728 -1.914093 -45.01558 -9.981003 0.917984 -11.79849 7.872236 -4.604779 -9.35386 9.116789 -2.534723 -8.136621 9.736466 3.511889 -12.08402 7.726877 4.714283 -11.82606 7.8582 3.162317 -12.21432 7.660525 3.352535 -12.19298 7.671361 2.974973 -12.15878 7.688767 2.843437 -12.02326 7.757712 -5.798941 -12.64122 7.443073 -6.560873 -12.02821 7.755324 2.80112 -11.87612 7.832391 2.610063 -11.38434 8.08306 3.334637 -10.91775 8.320617 -3.333999 -8.565334 9.518214 6.485119 -7.290434 10.16726 6.307106 -7.083847 10.27241 6.059315 -6.91913 10.35629 5.716494 -6.825894 10.40376 -6.240176 -7.023528 10.30316 13.99237 -53.56895 -29.7648 -13.99238 -53.56895 -29.7648 3.597669 -25.63567 0.49114 3.533367 -25.47881 0.570999 3.408696 -25.34454 0.63936 -2.592984 -22.49716 2.089133 2.53551 -25.73636 0.439879 -2.716822 -22.3866 2.14523 -2.797304 -22.17994 2.250419 -5.400002 -22.85564 1.120962 -13.5 36.29204 15.98299 -12.97676 32.98627 22.47634 6.184044 -13.75252 5.755325 6.35355 -13.85173 5.704788 6.464893 -14.00279 5.627884 5.999995 -13.72125 5.771248 4.516223 -14.70343 5.271194 -0.666668 -13.72124 5.771225 4.863534 -14.80009 5.222001 5.107105 -14.96252 5.139297 5.28938 -15.1796 5.028787 5.395705 -15.4892 4.871173 -6.053076 -13.722 5.770879 -6.231996 -13.76957 5.746515 -6.389881 -13.88418 5.688416 -4.400035 -14.70152 5.27218 -4.664165 -14.72928 5.258051 -4.947212 -14.84677 5.198227 -5.107109 -14.96252 5.139297 -5.236999 -15.10503 5.066757 -5.368837 -15.35723 4.938345 5.329784 -17.8367 3.676071 5.393675 -17.63073 3.780927 5.236992 -17.99632 3.594803 5.107105 -18.13882 3.52226 4.877948 -18.29807 3.441192 6.464893 -19.09854 3.033676 6.35355 -19.2496 2.956772 6.184044 -19.34883 2.906265 4.499903 -18.39873 3.389949 -6.000002 -19.38011 2.890329 -4.527883 -18.39562 3.391534 15.93893 -53.28396 -33.83002 15.9374 -53.82304 -33.90752 15.9342 -54.3907 -33.78616 15.92982 -54.8777 -33.47026 15.92514 -55.20376 -33.03406 4.771912 -0.935532 12.28038 4.682838 -0.814682 12.3419 4.547234 -0.735306 12.38231 4.799999 -1.066732 12.21358 -3.307846 -1.249644 13.07692 -3.406387 -1.263425 13.23554 -3.509216 -1.167845 13.28425 -3.571231 -1.056958 13.34074 -7.278358 -26.63533 -0.242386 -7.003633 -27.15091 -0.504745 -6.432102 -26.78752 0.241392 -7.181722 -26.90361 -0.378815 -6.531989 -26.61623 0.328576 -6.597543 -26.37636 0.450696 -6.307103 -26.92487 0.171464 -6.711185 -27.39369 -0.628159 -6.1531 -27.03623 0.114736 -6.478153 -27.50124 -0.682602 -6.088376 -27.57675 -0.721436 -5.960783 -27.12525 0.069443 -5.732327 -27.18045 0.041332 6.35355 -13.66119 5.330521 6.464893 -13.81224 5.253616 6.184044 -13.56197 5.381027 5.99999 -13.53069 5.396958 -6.000114 -12.81776 5.759905 -4.800003 -10.24571 7.540604 -4.800003 -8.884644 4.867144 7.24354 -6.811889 9.849719 7.154709 -6.598526 9.958359 7.003628 -6.404052 10.05738 6.357371 -6.022995 10.25171 6.711182 -6.161423 10.18108 6.058445 -5.974564 10.27609 -8.800004 0.987808 12.31694 -8.800004 -26.7496 -1.804031 -4.771919 -9.015854 4.800339 -4.682846 -9.136707 4.738815 -4.771919 -10.37691 7.473801 -4.682846 -10.49776 7.412277 -4.547241 -9.21608 4.69841 -4.547241 -10.57713 7.371872 -4.400002 -9.241107 4.685656 -4.399953 -10.60218 7.359134 -15.88045 33.40039 17.81999 -15.69098 15.87172 9.25008 -15.88045 16.01248 8.967884 -15.88045 -1.375427 0.115799 -15.69098 -18.76474 -8.383167 -15.88045 -18.76334 -8.736313 -15.88045 -36.15124 -17.58839 -15.69098 -53.4012 -26.01642 -15.88045 -53.53915 -26.44049 4.771912 -22.72443 1.187759 4.682838 -22.60358 1.249283 4.547234 -22.5242 1.289688 4.799999 -22.85565 1.120951 4.400097 -22.4992 1.302433 6.094475 0.998016 12.88319 6.365684 0.839249 12.80238 6.543827 0.597565 12.67934 2.828083 -4.658096 11.33903 3.052761 -4.858322 11.23711 3.185186 -4.816365 11.09072 2.975012 -4.895841 11.38629 3.347237 -4.858322 11.23711 3.482841 -4.778946 11.27754 3.571915 -4.658096 11.33903 3.162346 -4.951356 11.35807 2.80292 -4.64289 11.51513 2.843436 -4.760293 11.45525 3.312414 -4.938737 11.3645 3.453718 -4.872894 11.39801 3.556503 -4.760479 11.45525 6.543827 -11.6015 6.468857 6.599998 -11.33908 6.602464 6.365684 -11.84319 6.34581 6.094475 -12.00195 6.264999 5.799999 -11.82516 5.79393 -6.094479 -19.26491 2.567459 -6.365688 -19.10616 2.64827 -6.543831 -18.86447 2.771317 -5.800003 -5.988052 8.765583 -1.933334 -6.21489 9.211136 -5.800003 -6.21489 9.211136 -6.357695 -20.54839 2.856537 -5.7391 -21.3554 3.006849 -6.59713 -20.62755 2.816238 -6.815338 -20.76219 2.747711 -6.075427 -21.45122 2.958078 -6.529793 -21.9119 2.723556 -7.243093 -21.33826 2.454788 -6.384141 -21.68114 2.841039 -7.087696 -21.02289 2.615189 -7.28781 -21.52518 2.35936 2.610038 -25.91026 0.688001 13.5 -44.13717 -24.40748 6.231987 0.756381 13.1416 6.35355 0.674194 13.09987 6.496344 0.41907 12.97 6.445679 0.565977 13.04464 4.947208 -0.320847 12.59331 5.236992 -0.579086 12.46184 5.107105 -0.4366 12.53438 5.329784 -0.738693 12.38057 4.768093 -0.238144 12.63542 4.581959 -0.190445 12.65968 -6.053446 0.804188 13.16603 -6.220469 0.763495 13.14534 -6.389017 0.641199 13.08308 -6.464897 0.523148 13.02296 -6.49642 0.419699 12.97028 -4.581966 -0.190445 12.65968 -4.768097 -0.238144 12.63542 -4.947212 -0.320847 12.59331 -5.107109 -0.4366 12.53438 -6.500004 -0.83281 12.33266 -5.236999 -0.579086 12.46184 -5.329792 -0.738693 12.38057 -5.396187 -0.956513 12.2697 5.396183 -3.092973 11.18202 5.329784 -3.310776 11.07115 5.236992 -3.470383 10.98988 5.107105 -3.612869 10.91734 4.947208 -3.728622 10.85841 4.768093 -3.811325 10.81633 4.581959 -3.859024 10.79204 6.464893 -4.572617 10.42876 6.383724 -4.697521 10.36517 6.216539 -4.812868 10.3064 6.05378 -4.853594 10.2857 -0.666668 -4.854172 10.28542 -6.053006 -4.85343 10.2858 -4.493372 -3.871328 10.78578 -6.499265 -4.455396 10.48843 -6.445706 -4.615295 10.4069 -6.232005 -4.805734 10.30995 -6.353554 -4.723663 10.35185 -4e-06 -22.49918 1.302444 6.236549 -20.30876 2.462448 6.236549 -20.51746 2.872391 6.711369 -20.47826 2.376144 6.478519 -20.57945 2.840805 6.919218 -20.42003 1.88961 6.711369 -20.68697 2.786087 6.919235 -20.83743 2.709488 7.0881 -20.6053 1.7953 7.088093 -21.02268 2.615189 7.208721 -20.8128 1.689679 7.208721 -21.23018 2.509537 7.278294 -21.44582 2.399765 3.571006 -3.889035 11.89891 4.399901 -6.077449 6.296195 4.527875 -7.442762 8.967569 -6.157184 -5.558497 9.455558 5.999996 -5.763473 9.867386 0.749996 -5.554794 9.457447 5.999996 -5.554794 9.457447 -5.980856 -26.5482 -0.994535 -0.666668 -26.64308 -0.807205 -6.496352 -4.277955 10.10745 -6.464897 -4.477341 10.24162 -6.445706 -4.424841 10.0328 -6.184051 -4.727615 10.11418 -6.317243 -4.565419 9.961009 -6.184051 -4.632339 9.927048 -6.000004 -4.727142 10.03587 -6.000004 -4.790665 10.16066 -7.300003 -9.514542 8.473896 -7.300003 -11.48099 6.440419 -7.300003 -11.89839 7.2603 4.768093 -13.40303 2.566849 4.581959 -13.35533 2.59111 4.947208 -13.48572 2.524734 5.107105 -13.60146 2.465805 5.236992 -13.74396 2.393265 4.399998 -13.87515 2.326492 5.396557 -14.13218 2.195623 5.329784 -13.90358 2.312027 5.399998 -16.14761 1.169599 4.399969 -13.34042 2.598659 -4.399988 -13.87515 2.326491 -4.516034 -13.34427 2.596757 -4.768097 -13.40303 2.566849 -4.947212 -13.48572 2.524734 -5.107109 -13.60146 2.465805 -5.236999 -13.74396 2.393265 -5.329792 -13.90358 2.312027 -5.391498 -14.10822 2.207819 5.383305 -16.30977 1.087021 5.236992 -16.63527 0.92134 4.399963 -17.0389 0.716139 4.400001 -16.50407 0.988113 4.947208 -16.89351 0.789871 5.107105 -16.77776 0.84877 4.768093 -16.97621 0.747757 4.581959 -17.0239 0.723465 -2.763374 -22.43652 2.456467 -2.796736 -22.32769 2.511047 -2.709199 -22.5284 2.409695 -2.507847 -22.61018 2.202373 -2.606334 -22.62395 2.360925 7.299999 -16.77751 4.776382 15 19.76506 -2.249475 13.5 15.91286 -1.295214 -2.828087 -0.162643 13.62767 -3.052765 0.037582 13.7296 -2.946237 -0.08399 13.83612 -3.34724 0.037582 13.7296 -3.482845 -0.041794 13.68919 -3.571918 -0.162643 13.62767 -2.843439 -0.19648 13.77866 -3.122925 -0.008488 13.87449 -3.312485 -0.018127 13.86955 -3.453801 -0.084003 13.83601 -3.556501 -0.19636 13.77882 4.581959 -17.70442 2.060226 4.947208 -17.57404 2.126602 5.329785 -16.47563 1.00258 -5.991461 -13.62596 5.584198 -6.051379 -13.53114 5.396726 -6.184051 -13.65724 5.568161 -6.232001 -13.57912 5.372404 -6.464897 -13.90752 5.44075 -6.389868 -13.69354 5.313957 -6.464897 -13.81224 5.253616 5.799999 -26.27548 -1.74968 5.799999 -26.42671 -1.452621 -1.933334 -26.57794 -1.155563 5.799999 -26.57794 -1.155557 -7.300003 -18.74398 2.742871 13.5 18.17716 0.86961 6.184044 -26.6118 -0.791275 6.35355 -26.51256 -0.740768 6.464893 -26.36151 -0.663864 6.499996 -26.00694 -0.954637 6.464893 -18.90801 2.659378 6.35355 -19.05905 2.582474 6.184044 -19.15828 2.531967 -7.278297 -18.95479 2.635574 -7.088097 -19.37793 2.420151 -7.208725 -19.17043 2.525803 -6.919243 -19.56317 2.325851 -6.711376 -19.71364 2.249222 -6.236553 -19.88315 2.162949 -6.478523 -19.82115 2.194504 13.5 -26.38092 -21.8147 6.236549 -5.991516 10.26747 6.478519 -6.053513 10.23589 6.711369 -6.161026 10.18117 6.711369 -5.743637 9.361313 6.478519 -5.636124 9.416031 6.919235 -6.311508 10.10457 6.919235 -5.894104 9.284687 6.236549 -5.574127 9.447587 7.088093 -6.49675 10.01027 7.208721 -6.704239 9.904621 7.208721 -6.28685 9.084733 7.088093 -6.079346 9.190384 7.278294 -6.919876 9.794846 7.278294 -6.502487 8.974964 -1.559932 -2.142995 12.78779 2.534687 -4.083177 11.80005 -5.400002 -15.59267 4.818506 7.278355 0.34343 13.49236 7.003628 0.858917 13.7549 6.432094 0.041864 13.90005 7.181717 0.611588 13.62903 6.560912 -0.191799 13.78118 6.307126 0.17913 13.96996 6.711182 1.101547 13.87862 6.153022 0.290552 14.02666 6.478146 1.208847 13.93355 6.08837 1.284672 13.97176 5.960835 0.379515 14.07197 5.732099 0.434728 14.10009 -13.99374 -49.46844 -17.15938 -12.71157 -48.67384 -14.71671 -11.82037 -48.37138 -13.78688 -10.83063 -48.15529 -13.12259 -8.800004 -30.28987 -3.606369 -8.8 -39.05698 -8.069654 -14.4747 -50.34699 -19.8601 -14.4747 3.996567 7.805923 2.807398 -19.20302 4.102637 -3.500004 -19.92291 3.73613 -6.307116 -19.66189 3.869008 -0.615407 -16.30905 5.575929 3.471734 -18.27498 4.575164 -4.714287 -16.58742 5.434219 -1.550694 -16.6733 5.390503 6.600384 -15.0078 6.238374 -2.801873 -14.84461 6.321466 3.511875 -19.34701 4.029328 6.307097 -19.66191 3.869 4.714283 -19.08904 4.16066 3.352558 -19.45594 3.973824 3.162384 -19.4773 3.962982 2.888054 -19.34701 4.029413 3.014255 -19.43851 3.982613 6.592092 -19.15704 4.126002 3.597504 -19.18929 4.109658 3.334643 -18.18072 4.623072 2.794606 -18.9268 4.243233 -5.799004 -19.90418 3.745536 -6.56087 -19.29118 4.057783 2.733368 -18.78032 4.317825 2.612678 -18.64975 4.384287 -6.532002 -14.65555 6.417716 -6.59393 -14.85902 6.314106 -6.307106 -14.3468 6.574887 2.160839 -17.48842 4.63887 4.799999 -24.77164 0.145523 4.771912 -24.90285 0.07872 4.682838 -25.0237 0.017227 4.547234 -25.10307 -0.023208 -4.682846 -25.0237 0.017227 -4.771919 -24.90285 0.07872 -4.547241 -25.10307 -0.023208 -3.402296 -8.393864 9.268863 2.535486 -11.21041 7.834969 5.383305 -7.487015 7.261856 5.236992 -7.161514 7.427567 5.329784 -6.64061 6.009567 5.236992 -6.481003 6.090805 5.107105 -6.338501 6.163345 5.107111 -7.699554 8.836838 5.383305 -8.167542 8.598587 5.236992 -7.842056 8.7643 5.329784 -8.001667 8.683032 4.947202 -6.222741 6.222278 4.768084 -6.140053 6.264392 4.947208 -7.583801 8.895771 4.581978 -6.092363 6.288649 4.768093 -7.501114 8.937885 -7.300003 3.640542 13.10637 -7.300003 3.186861 13.99754 -7.300003 7.598113 16.24327 4.799999 -23.41057 -2.527941 15.92059 -55.36241 -32.53029 15 -55.3484 -32.0023 15.91654 -55.3484 -32.0023 4.547234 -6.637207 6.011276 4.399989 -6.612181 6.024034 4.682838 -6.716598 5.970871 4.771912 -6.837433 5.909348 4.799999 -8.884651 4.86714 -4.400002 -6.612183 6.024032 4.771912 -9.015854 4.800339 4.682838 -9.136707 4.738815 4.547234 -9.21608 4.69841 4.481552 -9.77496 4.41408 -4.399937 -9.775915 4.413648 4.400006 -9.241105 4.685656 15.97108 25.94695 2.371597 15.96881 26.08466 2.733932 15.96725 26.31061 3.048904 15.96653 26.59902 3.288655 7.278294 -4.846237 10.85051 7.278294 -4.637543 10.4406 7.088093 -5.060684 10.22517 7.208721 -5.061874 10.74074 7.088093 -5.269394 10.63509 6.919235 -5.454636 10.54079 6.919243 -5.037226 9.720934 7.278294 -4.428848 10.03065 7.088093 -4.85199 9.815235 7.208721 -4.644485 9.920886 6.711353 -5.187724 9.644301 6.711369 -5.605103 10.46419 6.478519 -5.712601 10.40947 6.478535 -5.295205 9.589591 6.236549 -5.774612 10.37788 5.999988 -5.376559 9.54817 6.236559 -5.357211 9.558038 4.799999 -36.75606 -6.89827 2.794605 -4.400852 11.63832 2.733368 -4.254379 11.71291 2.647465 -4.156219 11.76286 -4e-06 -15.23621 4.999985 -4e-06 -17.86513 3.661606 -15.47334 -18.78328 -3.732468 -15.47334 -51.5844 -20.43134 -14.90772 -50.55124 -17.25533 -14.89952 -3.462479 6.737961 -14.26672 -50.05604 -15.73308 -13.39993 -49.6168 -14.3828 -11.16927 -5.058838 9.873642 -12.35189 -49.26112 -13.28935 -11.18798 -49.00699 -12.50815 -8.800004 -23.81194 0.813644 -9.981487 -48.86001 -12.05632 -15.47334 14.01785 12.96642 -8.79998 -29.54482 -2.104913 -8.800693 -9.370768 8.166015 -8.800024 16.10045 21.13286 -8.800095 30.74654 28.58908 4.513785 -21.96593 1.5739 7.799999 15.32204 20.1755 -4.379353 8.311035 16.60623 -5.69939 21.59294 23.36792 7.636993 -36.56163 -6.238205 7.729786 -36.40202 -6.156967 7.507103 -36.70412 -6.310776 7.168091 -36.90257 -6.411789 7.347206 -36.81987 -6.369675 5.849998 -31.74098 -3.784042 6.543827 -26.12744 -0.926224 6.365684 -26.36913 -1.049271 5.690891 -35.38328 -5.638321 4.850674 -34.14659 -5.008713 6.094475 -26.52788 -1.130081 5.55516 -35.03999 -5.463547 5.366367 -34.71336 -5.297256 5.129101 -34.41289 -5.144302 4.208507 -33.73747 -4.800454 6.543827 -18.86447 2.771317 6.365684 -19.10616 2.64827 6.599998 -6.92782 8.848203 6.365684 -4.580231 10.04335 6.094475 -19.26491 2.567459 6.094475 -4.738983 9.96254 6.543827 -4.338547 10.1664 -5.800021 -19.31497 2.541976 -7.514336 -27.89441 -1.82579 -7.355785 -28.09645 -1.928635 -7.16938 -28.27547 -2.01976 -7.640083 -27.67481 -1.713974 -7.729935 -27.44409 -1.596512 -1.933334 -12.05202 6.239517 -6.094479 -12.00195 6.264999 -5.800003 -12.05202 6.239517 5.799999 -12.05202 6.239517 -6.365688 -11.84319 6.34581 -6.543831 -11.6015 6.468857 -6.543831 -6.665405 8.9818 -6.600002 -6.927817 8.848199 -6.365688 -4.580231 10.04335 -6.365688 -6.423721 9.104846 -6.094479 -6.264954 9.185654 6.499996 2.473923 13.6346 7.243828 7.860535 16.37688 7.065681 8.102219 16.49992 6.794472 8.26099 16.58073 7.729927 15.78969 20.41356 7.640079 16.0204 20.53102 7.514332 16.24001 20.64284 7.355782 16.44206 20.74568 7.169376 16.62108 20.83684 6.738941 16.89575 20.97667 1.791636 19.24001 22.17011 -6.094479 -4.738984 9.962541 -6.543831 -4.338547 10.1664 -6.094479 0.998016 12.88319 -6.365688 0.839249 12.80238 -6.794479 2.523987 13.66008 -6.543831 0.597565 12.67934 -6.794479 8.26099 16.58073 -7.065689 2.682739 13.74089 -7.243835 2.924423 13.86394 -7.065689 8.102219 16.49992 -7.243835 7.860535 16.37688 15.99944 -31.43164 -30.48544 15.9977 -31.89177 -30.49593 15.99494 -32.33342 -30.36641 4.799999 -6.968646 5.842543 4.799999 -10.2457 7.540611 4.799999 -8.329697 8.516037 -6.054548 0.994524 12.79169 -6.316577 0.896313 12.74167 -6.184051 0.963974 12.77611 -6.453732 0.746173 12.66525 -6.501085 0.434706 12.74234 -6.499287 0.597882 12.58977 -15.46947 -53.284 -33.83002 -15.9374 -53.82304 -33.90752 -15.93893 -53.284 -33.83002 -15.93421 -54.3907 -33.78616 -15.92982 -54.8777 -33.47026 6.543827 -4.111694 9.72081 6.094475 -4.512131 9.516953 6.543827 -18.63762 2.325729 6.094475 -19.03807 2.121872 5.799995 -19.31497 2.541979 -6.236553 -27.56351 -0.714737 -6.478523 -27.50151 -0.683151 -6.711376 -27.394 -0.628433 -6.919243 -27.24353 -0.551834 -7.088097 -27.05829 -0.457535 -7.208725 -26.85079 -0.351883 -7.278297 -26.63515 -0.242111 -15.9916 -32.6995 -30.12324 -4.547241 -0.735306 12.38231 -4.682846 -0.814682 12.3419 -4.771919 -0.935532 12.28038 6.35769 -27.5325 -0.699036 5.739336 -27.17921 0.041975 6.597126 -27.45334 -0.658737 6.815334 -27.31871 -0.590179 6.07537 -27.08345 0.09074 6.529785 -26.62276 0.325272 7.243089 -26.74292 -0.296707 6.384102 -26.85358 0.207786 7.087688 -27.05815 -0.457352 7.29732 -26.47642 -0.161301 -6.053088 -4.662874 9.911494 -4e-06 -4.66362 9.911118 5.999996 -4.727142 10.03587 5.999996 -4.790665 10.16066 -4e-06 -5.793945 10.36806 3.189492 -5.396981 11.13119 -6.500001 2.47393 13.6346 0.980377 -4.542423 11.56626 3.4717 -3.749001 11.97023 -2.800989 -0.344194 13.70347 4.714283 -4.563095 11.55574 -2.728584 -0.709701 13.51747 -2.642345 -0.804977 13.46898 -2.782486 -0.597122 13.57478 -6.529757 -0.12303 13.81616 -6.593557 -0.338495 13.70645 -6.384163 0.10776 13.93365 -6.0754 0.337696 14.0507 4.40003 -10.60216 7.359145 4.547234 -9.89661 6.035141 4.771912 -9.696396 6.13707 4.547234 -10.57713 7.371872 4.682838 -10.49776 7.412277 4.771912 -10.37691 7.473801 7.278355 -21.44547 2.399734 7.003628 -20.93 2.662292 6.432133 -21.74712 2.807404 7.181717 -21.17732 2.536407 6.53197 -21.91843 2.720213 6.307064 -21.60974 2.877363 6.711182 -20.68736 2.785995 6.153134 -21.4984 2.934026 6.478146 -20.58006 2.840927 6.08837 -20.50423 2.879142 5.960755 -21.40935 2.979363 5.73214 -21.35418 3.007464 2.557476 -35.21998 -6.116257 1.267521 -34.84471 -5.925217 8.799981 -47.99113 -12.61798 7.12817 -37.62947 -7.342911 6.020828 -38.93454 -8.007309 5.456341 -37.62947 -7.342911 3.769783 -35.86668 -6.44548 -7.854069 -28.69814 -2.796005 -8.13368 -28.42961 -2.659317 -8.694901 -27.45107 -2.161148 -8.560131 -27.79714 -2.337326 -8.371506 -28.12654 -2.50502 5.951355 -41.80223 -9.46724 6.198555 -40.37248 -8.739365 5.324188 -43.0844 -10.11998 4.355839 -44.18512 -10.68037 3.061283 -45.05794 -11.12471 -0.002043 -47.99113 -12.61798 1.556873 -45.60139 -11.40138 -8.799976 -47.99113 -12.61798 6.499996 -6.713302 8.867661 6.499996 -11.481 6.440416 6.464893 -11.64503 6.356918 6.35355 -11.79608 6.280014 6.184044 -11.89531 6.229507 6.141134 -12.63618 5.852328 1.499996 -12.63951 5.850632 -6.000004 -12.63951 5.850632 -6.711376 -12.45067 5.946762 -6.478523 -12.55818 5.892044 -6.236553 -12.62018 5.860489 6.054654 -4.662906 9.911502 6.220478 -4.622403 9.932126 6.395413 -4.494183 9.997387 6.464893 -4.382065 10.05446 4.771912 -8.198502 8.58284 4.682838 -8.077652 8.644367 4.547234 -7.998276 8.684769 4.400006 -7.973243 8.697521 -8.800004 -49.12331 -12.86571 -10.55226 -49.2213 -13.16692 -12.18134 -49.53007 -14.11613 -13.31769 -50.00517 -15.57669 -13.78595 -50.53662 -17.21039 -6.184051 -20.92021 1.870621 -6.464897 -21.17049 1.74321 -6.231991 -21.03253 2.048976 -6.389878 -21.14715 1.990877 -6.500032 -21.43732 1.842923 -6.490749 -21.32709 1.89915 -5.800003 -11.82516 5.79393 -6.600002 -11.33908 6.602463 -6.236553 -13.03758 6.680344 -6.236553 -12.82887 6.270431 -6.711376 -12.65938 6.356705 -6.478523 -12.97557 6.711929 -6.711376 -12.86807 6.766647 -6.919243 -12.71759 6.843246 -6.919256 -12.3002 6.023395 -6.000033 -12.87392 6.311053 -7.088097 -12.11496 6.117693 -7.088097 -12.53235 6.937546 -7.208725 -12.32484 7.043198 -7.208725 -11.90747 6.22334 -7.278297 -12.10921 7.152969 -7.278297 -11.69182 6.333117 15.95242 40.63487 12.24937 15.93826 54.65677 21.20127 -5.999988 -5.376556 9.548172 -4.800003 -1.066739 12.21357 -14.7054 34.94777 18.62346 -14.47482 32.95171 22.54427 -12.87226 32.65282 23.13136 -13.98676 32.03248 24.3499 -12.62275 32.31569 23.79356 -12.22156 31.99428 24.42491 -11.67904 31.70918 24.98494 -12.69436 31.20816 25.96907 14.4747 32.95067 22.54631 13.99373 32.03958 24.33595 -10.29461 31.31336 25.76244 -11.02309 31.4783 25.43843 -10.81472 30.675 27.01631 -9.539478 31.21796 25.94981 -8.800004 31.18807 26.00853 10.83063 30.67777 27.01091 12.71156 31.21553 25.95458 -6.501086 -26.08254 -0.757499 -6.498912 -26.24733 -0.605755 7.729927 15.56285 20.85915 7.640079 15.79356 20.97661 7.514332 16.01317 21.08843 7.355782 16.21523 21.19127 2.801868 -11.76501 7.552621 2.828083 -11.92107 7.641495 2.843434 -11.88722 7.490494 3.052761 -12.12129 7.539566 2.946275 -11.99975 7.433046 3.087521 -12.06558 7.399615 3.214802 -12.07928 7.393068 3.347237 -12.12129 7.539566 3.385759 -12.03951 7.412895 3.482841 -12.0419 7.580002 3.571915 -11.92107 7.641495 3.511857 -11.94795 7.45949 -7.278358 -19.37238 3.455154 -7.003633 -19.88794 3.192779 -6.432113 -19.52459 3.938885 -7.181722 -19.64064 3.318726 -6.711185 -20.13072 3.069382 -6.153132 -19.77324 3.812288 -6.478153 -20.23827 3.014938 -6.176749 -20.30769 2.979233 -5.960742 -19.86229 3.766978 -15.95137 -44.61684 -31.01717 7.278294 -26.63515 -0.242111 7.208721 -26.85079 -0.351883 7.088093 -27.05829 -0.457535 6.919235 -27.24353 -0.551834 6.711369 -27.394 -0.628433 6.478519 -27.50151 -0.683151 6.236549 -27.56351 -0.714737 6.499996 -21.42979 1.846866 6.499996 -26.1975 -0.580366 -6.600576 -11.73632 7.90386 -15.93828 54.65733 21.20159 -15.96653 26.59905 3.288677 -13.5 18.58635 0.065849 -8.800036 29.40575 25.10118 -13.5 18.17716 0.869613 6.499996 -6.903852 9.241925 6.499996 -11.67155 6.814715 12.19617 -49.72733 -15.66984 12.36089 -48.91438 -15.4561 12.56475 -49.93375 -16.30373 11.43665 -48.58366 -14.43942 11.73259 -49.55795 -15.14879 12.65113 -49.11526 -16.07365 12.79351 -49.33004 -16.73391 12.72109 -50.08308 -16.76286 9.917281 -49.23912 -14.16925 10.19852 -48.37303 -13.79192 10.54558 -49.30672 -14.37643 9.253933 -49.19881 -14.04555 9.509057 -48.31871 -13.62497 10.84508 -48.46162 -14.06432 11.28155 -49.43815 -14.78094 6.464893 -21.26576 1.930344 6.35355 -21.1147 2.007248 6.184044 -21.01549 2.057785 15.92525 55.19918 23.15706 15.92851 55.32705 22.80324 15.93166 55.3624 22.41594 15.93438 55.29701 22.03261 15.93643 55.14198 21.68977 3.453738 -19.26272 3.735588 2.97498 -19.28568 3.723926 3.556496 -19.15032 3.792806 2.843446 -19.15022 3.792943 3.3124 -19.32856 3.702064 3.598878 -19.00319 3.867921 2.72858 -18.63696 4.054153 2.642342 -18.5417 4.102646 2.782478 -18.74954 3.996841 -3.597509 -14.68333 6.066916 -5.396187 -8.219466 8.572159 -2.799428 -21.34877 3.010239 -4.200005 -21.34877 3.010239 -4e-06 -7.973236 8.697525 -4e-06 -10.60216 7.359146 -15.92851 55.32705 22.80324 -15.92525 55.19918 23.15706 -15.93166 55.3624 22.41594 -15.93439 55.29701 22.03261 -15.93644 55.14198 21.68977 15.99162 -32.69766 -30.12489 15.96656 -35.17425 -28.16394 15.96909 -34.79909 -28.2979 15.96475 -35.57146 -28.13345 15.96381 -35.94967 -28.2043 -6.236553 -20.30054 2.982803 -6.478523 -20.23854 3.014389 -6.711376 -20.13103 3.069107 -6.919243 -19.98056 3.145706 -7.088097 -19.79532 3.240005 -7.208725 -19.58782 3.345657 -7.278297 -19.37218 3.455429 7.347206 -37.04672 -5.924118 7.507103 -36.93097 -5.865189 7.168091 -37.12941 -5.966202 7.636993 -36.78847 -5.792648 7.729786 -36.62886 -5.71138 6.184044 -12.08586 6.603806 6.35355 -11.98663 6.654312 6.464893 -11.83559 6.731216 6.02085 0.994745 12.79186 7.299999 -4.218034 10.13795 6.231994 0.946829 12.76749 6.35355 0.864746 12.7256 6.445682 0.756415 12.67056 -7.278297 -4.428848 10.03065 -7.088097 -4.85199 9.815235 -7.208725 -4.644485 9.920886 -6.500041 -4.210578 10.14216 -6.919243 -5.037231 9.720932 -6.711376 -5.187714 9.644306 -6.478523 -5.295212 9.589588 -6.236553 -5.357223 9.558032 5.701298 -35.64442 -5.21022 5.574944 -35.30871 -5.039291 5.394489 -34.98247 -4.873215 5.161472 -34.67589 -4.717117 4.559658 -34.15953 -4.454239 4.880634 -34.39877 -4.576065 14.4747 46.86547 29.63026 1.881124 -10.0929 8.403882 -2.534692 -8.000535 9.469122 2.799998 -18.8672 3.936957 15.97205 -34.48256 -28.51668 -6.453666 -26.39047 -0.678659 -6.324183 -26.53948 -0.754463 -6.184051 -26.6118 -0.791275 -6.054602 -26.64235 -0.80685 13.89311 -53.21801 -28.68589 13.99373 -49.46844 -17.15938 12.71156 -48.67384 -14.71671 -12.79352 -49.33005 -16.73392 10.83063 -48.15529 -13.12259 11.82036 -48.37138 -13.78688 0.942856 -26.35201 0.46312 -4.665356 -23.86034 1.73161 4.120672 -24.94157 1.181151 6.59325 -22.137 2.60894 -2.801873 -22.10758 2.62392 4.714283 -26.35201 0.46312 3.582481 -25.72025 0.784744 3.52858 -25.60767 0.842056 3.442341 -25.51241 0.890549 3.335507 -25.44411 0.92531 0.063056 -23.89348 1.714731 -4.714287 -22.18263 2.585709 10.55226 -49.66698 -13.39381 13.31768 -50.45085 -15.80357 8.800001 -49.56898 -13.09259 8.800001 -50.01451 -13.31941 12.18133 -49.53007 -14.11613 13.78595 -51.42784 -17.66411 13.31768 -50.00517 -15.57669 10.55226 -49.2213 -13.16692 -6.236553 -5.774612 10.37788 -6.478523 -5.712601 10.40947 -6.711376 -5.605103 10.46419 -6.919243 -5.454636 10.54079 -7.088097 -5.269394 10.63509 -7.208725 -5.061874 10.74074 -7.278297 -4.846237 10.85051 8.799983 -49.12331 -12.86571 -7.278358 -12.10941 7.152695 -7.003633 -12.62496 6.89032 -6.374825 -12.33929 7.596929 -7.181722 -12.37767 7.016266 -6.711185 -12.86775 6.766922 -6.059475 -12.56394 7.482565 -6.478153 -12.9753 6.712479 -6.176749 -13.04473 6.676773 6.815334 -20.05573 3.10736 6.153053 -19.77328 3.812265 6.537824 -20.21446 3.026596 5.960787 -19.86227 3.766986 7.087688 -19.7952 3.240189 6.432087 -19.52463 3.938865 7.208225 -19.58765 3.346146 7.293148 -19.24013 3.52269 6.531988 -19.35326 4.026117 -6.357695 1.240524 13.94916 -6.59713 1.161346 13.90886 -6.815338 1.026711 13.84033 -7.243093 0.450638 13.54741 -7.087696 0.766007 13.70781 -7.297323 0.184364 13.41157 10.81471 -11.86497 5.359421 13.98676 -10.50752 2.692978 3.599997 -25.8379 0.724827 15 -54.82926 -30.4064 13.78595 -50.53663 -17.21039 5.999995 -20.98423 2.073725 5.383305 -24.93379 0.062973 5.329784 -25.09967 -0.021469 5.236992 -25.25929 -0.102737 5.107105 -25.40178 -0.175278 4.947208 -25.51753 -0.234207 4.768093 -25.60024 -0.276291 4.581959 -25.64792 -0.300583 5.999994 -26.64308 -0.807206 -7.729935 -27.67093 -1.150955 -7.640083 -27.90164 -1.268387 -7.514336 -28.12126 -1.380203 -7.355785 -28.3233 -1.483047 -7.16938 -28.5023 -1.574203 6.464893 0.618424 12.83583 6.184044 0.868698 12.96324 -4.208402 21.85618 24.06307 -6.815338 -13.49922 6.445252 -6.153049 -14.23538 6.631592 -6.537828 -13.34053 6.526062 -5.960809 -14.14639 6.676902 -7.087696 -13.75992 6.312729 -6.432085 -14.48406 6.50498 -7.208229 -13.96771 6.20723 -7.2863 -14.23616 6.070221 6.094475 -26.30104 -1.575668 6.543827 -25.90059 -1.371811 -8.800143 -48.81397 -11.91477 -4e-06 -48.81396 -11.91475 8.800087 -48.81396 -11.91476 2.800985 -19.00253 3.868261 5.999994 -6.45828 9.468794 -4.502539 -11.13532 7.087713 -6.000003 -12.11714 6.587873 7.169376 16.39423 21.28241 6.738934 16.66891 21.42226 -0.550004 34.26973 30.38274 -4.400002 34.26973 30.38274 1.914089 -36.39824 -5.59395 -6.738955 -28.777 -1.714009 -8.79997 -32.48328 -3.600879 -6.794479 2.750824 13.21449 -7.243835 3.151276 13.41835 2.828083 -19.18402 3.943985 3.052761 -19.38425 3.842026 3.185187 -19.34231 3.695639 3.347237 -19.38425 3.842026 3.482841 -19.30487 3.882462 3.571915 -19.18402 3.943985 -0.946209 -36.54141 -4.699293 -4e-06 -36.46405 -4.659924 -1.914093 -36.78943 -4.825543 4.834896 -42.80386 -7.887495 5.199997 -41.0981 -7.019086 3.676952 -44.37485 -8.687272 -5.200005 -41.0981 -7.019086 -5.11319 -40.25488 -6.589795 -3.676956 -37.82133 -5.350903 -4.352379 -38.5623 -5.728131 -5.11319 -41.94131 -7.448377 -4.8349 -39.39233 -6.150679 3.676952 -37.82133 -5.350903 1.914089 -36.78943 -4.825543 4.834896 -39.39233 -6.150679 -1.914093 -45.40677 -9.212599 -2.845493 -44.97678 -8.993699 -2.845493 -37.21942 -5.044476 -3.676956 -44.37485 -8.687272 -4.352379 -43.63388 -8.310044 1.914089 -45.40677 -9.212599 -4e-06 -45.73215 -9.378247 -0.946209 -45.65477 -9.338875 -4.8349 -42.80386 -7.887495 -2.801137 7.334805 17.33073 -2.822545 7.333095 17.49821 -2.794461 7.179197 17.47597 -2.801137 7.198697 17.59809 -2.841104 7.296964 17.64813 -2.911618 7.38589 17.6934 -3.011398 7.448728 17.72539 -3.047222 7.533322 17.60015 -2.911617 7.521999 17.42605 -3.121674 7.62045 17.47618 -3.011398 7.584836 17.45804 -3.194463 7.558346 17.61286 -3.121674 7.484341 17.74351 -3.194463 7.490292 17.74654 -3.267246 7.484341 17.74351 -3.341697 7.533322 17.60015 -3.341697 7.465268 17.73382 -3.413342 7.432187 17.71696 -3.477303 7.453947 17.55974 -3.477303 7.385891 17.6934 -3.529259 7.328885 17.66439 -3.566376 7.333096 17.49821 -3.566376 7.265043 17.63188 -3.587781 7.198697 17.5981 -3.59446 7.179197 17.47597 -3.587781 7.334805 17.33074 -3.566376 7.40115 17.36452 -3.529259 7.464993 17.39701 -3.477303 7.522 17.42605 -3.413342 7.568295 17.44964 -3.341697 7.601376 17.46644 -3.267246 7.62045 17.47618 -3.194463 7.626401 17.4792 -2.841104 7.433071 17.38076 -3.59446 6.677885 17.10853 -3.59446 7.224575 17.38685 -3.59446 6.63252 17.19764 -3.59446 6.723264 17.01942 -3.586575 6.531644 17.25849 2.166378 4.533259 15.90449 -0.62162 5.820283 16.64387 -2.529195 6.690152 17.17088 -2.529196 6.622097 17.30455 -2.529195 6.758206 17.03721 3.34027 3.886286 15.79954 3.34027 3.931649 15.71043 3.394075 3.942681 15.60383 3.605536 3.583581 15.42102 3.605535 3.242203 15.41553 3.605536 3.529323 15.52763 3.605536 3.44749 15.68837 3.605535 2.946176 15.32093 3.605535 2.900811 15.41007 3.605535 2.99154 15.23182 3.605535 3.03692 15.14271 -3.388119 6.226513 17.10316 -3.329199 6.239102 16.99736 -3.441931 6.266751 17.12364 -3.48893 6.313352 17.14738 -3.483408 6.443264 16.87687 -3.525437 6.429342 17.0381 -3.557832 6.419751 17.20155 -3.576943 6.60635 16.95988 -3.329199 6.284466 16.90824 -3.383003 6.364164 16.8366 2.805536 2.991542 15.23182 2.812212 2.972039 15.10969 2.805536 3.096071 15.17283 2.83362 2.837642 15.20956 2.805536 2.946176 15.32093 2.812212 2.835948 15.37706 2.852179 2.737666 15.32701 2.922693 2.648751 15.28175 3.058298 2.637416 15.10765 3.022474 2.585901 15.24975 3.13275 2.550286 15.23161 3.205534 2.61239 15.09492 3.205534 2.544337 15.22859 3.278318 2.550286 15.23161 3.352774 2.56936 15.24134 3.352774 2.637414 15.10765 3.278318 2.686397 14.96427 3.352774 2.705468 14.97398 3.424417 2.738549 14.99081 3.488378 2.71679 15.14807 3.424417 2.602441 15.25816 3.488378 2.648751 15.28175 3.540331 2.705745 15.31076 3.577452 2.837642 15.20956 3.577452 2.769587 15.34327 3.598856 2.835948 15.37706 3.598856 2.972039 15.10969 3.577452 2.905694 15.07591 3.540331 2.841851 15.04341 3.488378 2.784846 15.01437 3.205534 2.680446 14.96124 3.13275 2.686397 14.96427 3.022474 2.72201 14.9824 2.922693 2.784846 15.01438 2.852179 2.873773 15.05966 3.394075 3.806574 15.87117 3.494483 3.727486 15.83091 3.494483 3.863597 15.56358 3.534118 3.813073 15.53785 3.588019 3.700495 15.48054 -2.155302 5.637478 16.80329 0.192482 4.661128 15.96958 -0.98141 5.217358 16.25275 2.540271 3.412532 15.67057 1.366378 4.104886 15.6864 2.540271 3.480586 15.53691 2.540271 3.54864 15.40323 2.805536 3.087167 15.33662 2.788016 3.272119 15.26245 2.805536 2.959963 15.44018 2.653002 3.339519 15.6334 -4.677303 8.042115 13.53895 -4.766376 6.560208 16.15092 -4.766376 7.921277 13.47743 4.587495 4.317238 13.32582 4.77363 5.045462 12.01337 4.77363 3.684413 14.68686 4.952745 3.767112 14.72894 -4.394461 4.07553 13.76382 0.162679 4.132244 13.65244 -4.394461 4.529219 12.87267 -1.094463 4.982907 11.9815 1.105535 4.982905 11.9815 2.205534 4.982905 11.9815 3.305536 4.982905 11.9815 4.405534 4.982903 11.9815 1.891249 3.621852 14.65499 0.634108 3.621852 14.65499 4.405534 3.62185 14.65499 3.14839 3.621852 14.65499 -5.377766 5.031373 13.68938 -5.377766 5.711913 12.35262 -5.394462 5.067467 14.01956 -5.32425 5.546034 12.26817 -5.231457 4.705885 13.52367 -5.377766 4.350861 15.0261 -5.32425 4.184966 14.94166 -5.231457 4.025361 14.86039 -5.101567 3.882874 14.78785 -5.101568 4.563384 13.45113 -5.101567 5.243926 12.11436 -4.941671 4.44763 13.3922 -4.94167 5.128172 12.05543 -4.94167 3.767119 14.72892 -5.231458 5.386414 12.18694 -4.762556 3.684417 14.68684 -4.576425 4.317259 13.32582 -4.762556 4.364945 13.35008 -4.762555 5.04547 12.01335 -4.576425 4.997771 11.98906 -4.576425 3.636718 14.66255 -5.39446 4.512999 15.10865 -5.39446 5.874068 12.4352 -5.394458 6.970793 13.83513 -4.677303 6.681058 16.21241 0.005535 4.156552 14.9272 4.688374 4.260951 14.98033 -4.677304 4.260954 14.98033 4.773631 8.618643 13.83242 4.587497 8.666342 13.85668 4.952745 8.535957 13.79031 5.112642 8.420204 13.73138 5.242529 8.2777 13.65884 5.335321 8.118096 13.5776 4.552772 8.121481 13.57931 4.688375 8.042105 13.53891 5.388842 7.952215 13.49313 4.777449 7.921271 13.47738 4.805536 7.790056 13.41058 4.805534 5.874061 12.43517 4.82403 5.184654 12.08419 4.405533 5.517601 12.25369 4.773628 5.045464 12.01333 4.587493 4.997767 11.98904 2.755534 4.982905 11.98147 3.862676 5.511223 12.25045 3.305536 5.517601 12.25369 0.776965 5.511225 12.25045 2.205534 5.517603 12.25369 1.105535 4.982905 11.98147 -3.294463 4.982909 11.98147 -0.765892 5.511227 12.25045 -2.308748 5.511229 12.25045 -3.851607 5.511229 12.25046 -4.812959 5.184661 12.08419 -4.394459 5.517608 12.25369 -3.294462 5.517607 12.25369 -4.541698 5.542632 12.26645 -4.677303 5.622008 12.30685 -4.766376 5.742857 12.36838 -5.394459 5.874068 12.43518 -4.79446 5.87407 12.43518 -5.377763 7.952223 13.49313 -4.794458 7.790067 13.41058 -5.324247 8.118103 13.5776 -5.394457 7.790067 13.41058 -5.231454 8.277709 13.65884 -4.394457 8.14653 13.59207 -4.941667 8.535964 13.79031 -4.394454 8.681256 13.86422 -5.101564 8.420209 13.73138 -3.294461 8.146529 13.59207 -2.308747 8.152891 13.5953 -2.194463 8.146528 13.59207 -1.09446 8.146527 13.59207 0.005537 8.146526 13.59207 -0.76589 8.15289 13.5953 0.776968 8.152889 13.5953 4.405552 8.681279 13.86416 4.405541 8.14652 13.59207 2.205536 8.146523 13.59207 1.105538 8.146526 13.59207 -4.57642 8.666346 13.85669 -4.762552 8.618649 13.83243 -2.194464 5.517605 12.25369 -1.094463 5.517605 12.25369 0.005535 5.517604 12.25369 1.105535 5.517603 12.25369 -4.394456 8.000699 15.20102 4.405542 7.32016 16.53775 -4.394482 7.320158 16.53774 1.324237 7.320154 16.53774 6.005535 8.300436 17.0368 6.497188 7.935934 16.85125 4.647995 7.491849 16.62515 4.005538 8.300437 17.0368 4.952745 7.174888 16.4638 4.773631 7.257591 16.50591 4.587497 7.30529 16.53017 5.112642 7.059134 16.40487 5.242529 6.916647 16.33233 5.335321 6.757041 16.25106 5.388842 6.591147 16.16662 5.405535 6.429008 16.08407 5.405534 4.512991 15.10863 6.00553 2.641566 14.15591 5.144031 3.976036 14.83527 4.648387 3.449977 14.56747 6.279136 2.714198 14.19289 6.189578 2.672847 14.17184 4.672198 2.641566 14.15591 6.096515 2.649011 14.15969 3.338867 2.641566 14.15591 2.005532 2.641568 14.15591 0.934107 3.449981 14.56747 0.672201 2.64157 14.15591 2.205534 3.621852 14.65496 -1.994464 2.641572 14.15591 -0.923035 3.449981 14.56747 -4.637021 3.450458 14.56771 -5.994462 2.641574 14.15591 -5.907268 3.764783 14.72774 -6.17851 2.672854 14.17185 -6.268064 2.714206 14.1929 -6.085443 2.64902 14.15969 -4.852112 3.725768 14.70787 -4.576424 3.636719 14.66253 -5.231456 4.025361 14.86037 -5.377765 4.350861 15.02609 -5.394459 4.513001 15.10864 -6.49446 6.662933 16.20315 -5.377763 6.591155 16.16662 -5.101564 7.059142 16.40488 -5.231454 6.916655 16.33234 -5.324247 6.757048 16.25106 -4.941667 7.174894 16.4638 -4.762551 7.257597 16.50591 -4.57642 7.305295 16.53017 -4.637609 7.491419 16.62493 -0.923032 7.492031 16.62524 1.338871 8.300438 17.0368 -2.661126 8.300442 17.0368 -6.085437 8.293 17.03302 -6.178504 8.269165 17.0209 -5.994457 8.300443 17.0368 -6.412953 8.098693 16.93411 -6.459351 8.01889 16.89345 4.773628 3.684411 14.68682 3.447878 3.908351 15.58628 3.494481 3.863597 15.56352 2.647878 3.479979 15.36821 -2.636801 6.82687 17.07209 -3.576942 6.606351 16.95982 -2.723041 6.922146 17.12059 -3.41334 7.568295 17.44958 -2.975573 7.568295 17.44958 -3.047221 7.601376 17.46639 -3.121672 7.620449 17.47612 0.005533 1.701799 14.23854 6.005528 1.701795 14.23854 4.505528 2.119184 13.41865 6.005528 2.119182 13.41865 6.005528 1.840922 13.96521 6.005534 8.78652 17.84531 6.242086 8.767172 17.83547 6.242087 8.975878 17.42553 6.005496 9.031862 17.36341 6.005534 9.203907 17.02544 6.242087 9.184576 17.01559 6.484056 9.122576 16.98403 6.716907 8.806387 17.33923 6.716907 9.015067 16.92931 6.924772 8.655901 17.26263 6.924772 8.864583 16.85268 7.09363 8.470664 17.16833 7.09363 8.67934 16.75838 7.214258 8.471854 16.65273 7.214259 8.263142 17.06267 7.214259 8.054465 17.47262 7.283832 7.838826 17.36285 7.283831 8.047508 16.9529 7.283832 8.256217 16.54296 7.305535 8.045399 16.43566 7.305536 7.83278 16.85331 7.305535 7.62801 17.25551 7.09363 8.261954 17.57827 6.924772 8.447196 17.67257 6.716907 8.597676 17.74917 6.484056 8.705187 17.8039 -7.272749 8.047514 16.95291 -7.272749 7.838835 17.36286 -7.294457 7.781606 16.95381 -7.08255 8.470671 17.16834 -7.203177 8.054472 17.47263 -7.203177 8.47186 16.65274 -7.272749 8.256224 16.54297 -7.294456 8.045411 16.43567 -7.082549 8.67935 16.75839 -6.913695 8.864592 16.85269 -6.705828 9.015074 16.92932 -6.913695 8.655915 17.26264 -6.913695 8.447203 17.67258 -6.705828 8.806395 17.33924 -6.705828 8.597685 17.74918 -6.472974 8.91388 17.39398 -6.472975 8.705201 17.8039 -6.231005 8.76718 17.83548 -6.231005 8.975892 17.42554 -5.994482 9.039543 17.34833 -6.472975 9.12259 16.98404 -6.231005 9.184584 17.0156 -5.994455 8.786528 17.84531 -7.082549 8.261961 17.57828 -7.294456 7.628021 17.25553 -7.294459 2.860311 14.82831 -7.29446 3.277715 14.00842 -7.29446 3.069005 14.41837 -5.994455 9.203915 17.02545 0.005539 8.995217 17.43538 2.255537 9.203909 17.02545 7.283827 2.649501 14.72098 7.283827 2.858193 14.31107 7.305532 3.051092 14.45357 7.305531 3.277705 14.00841 7.283827 3.06689 13.90112 7.214254 2.851253 13.79135 7.093625 2.435054 14.09564 7.093626 2.643748 13.6857 6.924767 2.458507 13.5914 6.924767 2.249812 14.00131 6.924767 2.041102 14.41126 6.716901 2.09933 13.92471 6.484051 2.200528 13.46005 6.716901 1.890636 14.33466 6.484051 1.991832 13.86999 6.716901 2.308024 13.51477 6.48405 1.783137 14.27994 6.242081 1.929835 13.83844 6.24208 1.721128 14.24835 6.24208 2.138514 13.4285 6.005527 1.701793 14.23853 7.093625 2.226344 14.50555 7.214254 2.433864 14.61121 -7.272754 2.64951 14.72098 -5.96255 7.873304 17.94147 -6.591582 8.657088 17.77933 -6.301562 7.674865 17.84043 -6.913672 8.447235 17.67258 -6.141604 7.790434 17.89926 -6.43124 7.532317 17.76785 -7.148711 8.159697 17.52649 -6.524245 7.37274 17.68662 -7.289095 7.732192 17.30856 -6.577625 7.20697 17.60224 -7.289248 2.75611 14.77514 -6.947959 2.924474 15.13869 -7.294456 6.436097 16.6487 -6.594454 4.236653 16.09006 6.605532 5.634329 16.80163 6.605508 2.998491 15.45971 7.305531 2.860301 14.8283 6.959035 7.339284 17.38625 6.363222 1.752149 14.26403 5.78761 2.113769 15.0093 6.122516 1.706479 14.24078 5.973626 2.161344 15.03353 6.602657 1.831296 14.30434 6.820865 1.965937 14.3729 6.15268 2.244214 15.07571 6.312638 2.359782 15.13454 7.09322 2.226481 14.50573 7.159787 2.328364 14.55779 6.442315 2.502316 15.20711 6.535318 2.661893 15.28835 7.248621 2.54172 14.66638 6.588672 2.827666 15.37275 7.300172 2.756129 14.77526 5.60553 2.098767 15.00167 6.005534 8.78652 17.8453 0.005539 8.786522 17.8453 -5.994455 8.786528 17.8453 -3.139666 7.935894 17.97332 -7.272814 2.649312 14.72069 -6.577628 2.82767 15.37273 -6.524249 2.661899 15.28835 -6.86711 2.54676 14.9464 -6.760016 2.363013 14.85284 -7.149172 2.328208 14.55733 -7.203185 2.433875 14.6112 -6.431243 2.502324 15.20711 -6.301563 2.359801 15.13456 -6.426502 2.065803 14.70153 -6.141609 2.244224 15.07571 -5.962555 2.161351 15.03353 -6.220321 1.970342 14.65295 -6.591217 1.831563 14.30486 -6.351834 1.752409 14.26455 -6.006126 1.915578 14.62505 -6.111356 1.706578 14.24093 -5.994462 1.701802 14.23852 -5.776539 2.113772 15.0093 -6.705642 1.890966 14.33492 -6.913719 2.041142 14.41125 -7.082462 2.226354 14.50539 7.300324 7.732321 17.30849 6.588704 7.206961 17.60223 7.283892 7.839161 17.36282 6.878186 7.717 17.57854 7.214262 8.054465 17.47262 7.160246 8.160178 17.52636 7.009165 8.35465 17.62536 6.771093 7.900747 17.67208 6.442319 7.532309 17.76784 6.312658 7.674875 17.84042 6.437579 8.197957 17.82339 6.152685 7.790426 17.89925 6.231394 8.293401 17.87199 5.973631 7.873296 17.94146 5.787615 7.920859 17.96566 6.017199 8.34818 17.89986 6.122431 8.781744 17.84289 6.362908 8.735708 17.81971 6.602293 8.656516 17.77941 6.716719 8.597277 17.74908 6.535322 7.372732 17.6866 -5.594473 2.098775 15.00167 6.005527 1.701795 14.23852 3.207124 2.098759 15.00165 0.948393 2.932647 15.4262 0.192482 4.525023 16.23687 2.738903 3.241363 15.58337 2.814224 2.851794 15.38504 2.986648 2.602447 15.25808 3.241924 2.547317 15.23002 3.095522 2.559829 15.23639 3.388594 2.585906 15.24967 4.669543 4.571234 16.2604 3.514352 2.677253 15.29618 3.514299 3.702229 15.81799 3.340268 3.840907 15.88857 6.605538 7.044706 17.51961 5.605537 7.935875 17.97332 -0.714306 7.075745 17.53542 -2.803149 7.153275 17.57489 0.405537 5.23151 16.59653 -2.626117 6.704068 17.3462 -2.943594 7.409039 17.7051 -3.04722 7.465268 17.73373 -3.19446 7.490292 17.74645 -3.377517 7.448728 17.72531 -4.708739 7.102004 17.54879 -3.540177 7.294629 17.64686 -3.51163 6.354903 17.16845 -2.267037 3.702236 15.81799 -3.388118 6.226514 17.10308 -6.594456 2.98997 15.45536 -6.594454 7.044708 17.51961 -5.594453 7.93588 17.97332 7.305532 4.469626 14.61524 7.305532 2.860301 14.82831 5.405535 7.79006 13.41058 -5.394457 6.429016 16.08407 -4.394523 4.623342 14.01027 4.405533 4.837068 13.59043 -4.394459 4.156554 14.92718 -4.766376 4.381804 15.04184 -4.79446 4.513001 15.10863 -4.677303 4.260956 14.98031 -4.541698 4.18158 14.9399 4.405536 7.465995 14.92879 4.405535 6.785453 16.26556 -4.394457 7.692838 14.48322 4.777449 6.560202 16.15087 4.688374 6.681053 16.21239 4.552771 6.76043 16.2528 4.805536 6.429008 16.08407 -4.794458 6.882689 15.19289 -4.794458 7.336379 14.30176 4.805534 4.9667 14.21749 4.805534 5.420372 13.32632 4.805534 4.512993 15.10863 4.55277 5.542626 12.26645 4.55277 4.181574 14.93991 4.688374 5.622003 12.30686 4.777448 5.742851 12.36838 4.777448 4.381798 15.04184 4.805534 5.874061 12.43518 -2.794461 7.224575 17.38685 -2.794461 7.083585 17.37117 -2.794461 7.015529 17.50483 -2.794461 7.151638 17.2375 -2.776944 7.034726 17.17798 -2.636803 6.758816 17.20583 -0.372419 4.562705 16.25605</float_array><technique_common><accessor count="3115" source="#object_100-mesh-slim-pos-array" stride="3"><param type="float" name="X"/><param type="float" name="Y"/><param type="float" name="Z"/></accessor></technique_common></source><vertices id="object_100-mesh-slim-pos-vertices">
          <input semantic="POSITION" source="#object_100-mesh-slim-pos"/>
        </vertices>
        <triangles count="4995" material="White_004-material"><input offset="0" semantic="VERTEX" source="#object_100-mesh-slim-pos-vertices"/><input offset="1" semantic="NORMAL" source="#object_100-mesh-slim-nrm"/><p>0 0 1 1 2542 2542 0 0 2 2 3 3 3 3 1 1 0 0 0 0 4 4 5 5 0 0 6 6 7 7 7 7 4 4 0 0 8 8 877 877 10 10 10 10 9 9 8 8 9 9 6 6 8 8 5 5 2 2 0 0 11 11 12 12 13 13 14 14 8 8 0 0 15 15 14 14 13 13 16 16 17 17 18 18 12 12 11 11 19 19 19 19 17 17 20 20 17 17 16 16 20 20 15 15 8 8 14 14 20 20 12 12 19 19 15 15 13 13 12 12 20 20 16 16 21 21 0 0 8 8 6 6 24 24 28 28 25 25 22 22 25 25 26 26 27 27 23 23 22 22 25 25 28 28 26 26 27 27 22 22 26 26 29 29 32 32 28 28 24 24 29 29 28 28 29 29 30 30 32 32 33 33 30 30 31 31 33 33 32 32 30 30 2271 2271 34 34 35 35 35 35 34 34 36 36 38 38 1425 1425 2201 2201 1425 1425 37 37 2201 2201 760 760 40 40 39 39 760 760 756 756 40 40 41 41 780 780 1781 1781 41 41 43 43 42 42 45 45 42 42 44 44 42 42 43 43 44 44 46 46 780 780 41 41 47 47 48 48 42 42 42 42 48 48 49 49 41 41 49 49 46 46 41 41 42 42 49 49 47 47 50 50 53 53 53 53 52 52 51 51 52 52 57 57 51 51 54 54 55 55 56 56 56 56 57 57 54 54 59 59 64 64 58 58 62 62 60 60 61 61 58 58 61 61 59 59 59 59 65 65 64 64 59 59 60 60 65 65 71 71 66 66 67 67 69 69 1649 1649 70 70 72 72 74 74 73 73 75 75 74 74 72 72 76 76 1972 1972 77 77 81 81 1972 1972 76 76 78 78 76 76 77 77 79 79 76 76 78 78 76 76 80 80 81 81 76 76 79 79 82 82 83 83 85 85 86 86 83 83 88 88 87 87 90 90 91 91 92 92 92 92 89 89 90 90 85 85 93 93 728 728 90 90 94 94 91 91 85 85 84 84 93 93 95 95 96 96 97 97 95 95 98 98 96 96 99 99 97 97 100 100 97 97 101 101 102 102 97 97 99 99 101 101 95 95 97 97 102 102 105 105 104 104 103 103 96 96 98 98 105 105 103 103 96 96 105 105 106 106 107 107 108 108 1996 1996 109 109 106 106 108 108 1996 1996 106 106 110 110 111 111 2034 2034 111 111 110 110 112 112 113 113 111 111 112 112 114 114 115 115 113 113 116 116 115 115 114 114 112 112 114 114 113 113 117 117 118 118 112 112 114 114 118 118 119 119 116 116 114 114 120 120 119 119 120 120 114 114 110 110 117 117 112 112 121 121 573 573 572 572 121 121 572 572 122 122 131 131 2500 2500 123 123 125 125 127 127 124 124 125 125 129 129 126 126 123 123 127 127 130 130 123 123 130 130 131 131 132 132 134 134 135 135 1209 1209 136 136 82 82 136 136 134 134 133 133 136 136 1209 1209 137 137 129 129 132 132 135 135 714 714 138 138 1820 1820 718 718 714 714 1820 1820 140 140 934 934 139 139 140 140 139 139 142 142 932 932 139 139 934 934 142 142 139 139 1563 1563 906 906 371 371 143 143 144 144 145 145 146 146 147 147 148 148 145 145 149 149 150 150 151 151 152 152 153 153 154 154 154 154 150 150 149 149 151 151 148 148 147 147 155 155 156 156 157 157 158 158 159 159 160 160 160 160 156 156 155 155 161 161 162 162 163 163 2551 2551 164 164 165 165 165 165 162 162 161 161 163 163 159 159 158 158 157 157 153 153 152 152 145 145 166 166 147 147 147 147 166 166 167 167 147 147 149 149 151 151 152 152 155 155 157 157 149 149 152 152 154 154 160 160 155 155 158 158 168 168 169 169 170 170 170 170 171 171 168 168 171 171 170 170 2551 2551 161 161 2551 2551 165 165 171 171 2551 2551 172 172 164 164 2551 2551 170 170 163 163 158 158 161 161 144 144 166 166 145 145 173 173 174 174 175 175 175 175 174 174 176 176 173 173 175 175 177 177 173 173 178 178 179 179 179 179 180 180 174 174 173 173 179 179 174 174 182 182 325 325 181 181 183 183 182 182 181 181 183 183 181 181 184 184 187 187 184 184 186 186 187 187 183 183 184 184 186 186 185 185 187 187 190 190 191 191 192 192 190 190 194 194 193 193 193 193 1106 1106 2127 2127 188 188 189 189 191 191 194 194 1106 1106 193 193 195 195 191 191 189 189 198 198 200 200 197 197 198 198 202 202 199 199 197 197 203 203 196 196 205 205 207 207 204 204 205 205 1681 1681 206 206 202 202 204 204 207 207 209 209 178 178 173 173 210 210 211 211 212 212 210 210 214 214 213 213 213 213 216 216 215 215 209 209 173 173 211 211 214 214 216 216 213 213 177 177 211 211 173 173 219 219 218 218 217 217 219 219 220 220 218 218 223 223 221 221 222 222 224 224 221 221 223 223 222 222 230 230 223 223 225 225 2085 2085 224 224 223 223 225 225 224 224 228 228 229 229 227 227 229 229 226 226 227 227 222 222 231 231 230 230 232 232 230 230 231 231 227 227 226 226 232 232 230 230 232 232 226 226 239 239 234 234 233 233 233 233 234 234 235 235 236 236 237 237 235 235 237 237 233 233 235 235 236 236 240 240 237 237 240 240 241 241 237 237 233 233 241 241 239 239 233 233 237 237 241 241 242 242 245 245 244 244 718 718 1820 1820 246 246 245 245 246 246 1820 1820 247 247 248 248 249 249 247 247 252 252 250 250 250 250 254 254 253 253 247 247 249 249 251 251 255 255 2105 2105 254 254 254 254 2105 2105 253 253 256 256 251 251 249 249 258 258 257 257 260 260 260 260 259 259 258 258 267 267 1960 1960 261 261 262 262 267 267 261 261 262 262 264 264 263 263 265 265 269 269 263 263 263 263 264 264 265 265 268 268 267 267 262 262 269 269 270 270 263 263 263 263 270 270 271 271 262 262 271 271 268 268 262 262 263 263 271 271 275 275 266 266 272 272 275 275 274 274 273 273 276 276 273 273 274 274 276 276 277 277 278 278 278 278 279 279 276 276 282 282 976 976 281 281 280 280 282 282 281 281 283 283 284 284 285 285 286 286 285 285 284 284 287 287 283 283 285 285 288 288 289 289 287 287 289 289 294 294 290 290 294 294 289 289 288 288 285 285 288 288 287 287 291 291 292 292 285 285 288 288 285 285 292 292 293 293 294 294 288 288 293 293 288 288 292 292 286 286 291 291 285 285 685 685 1807 1807 295 295 685 685 296 296 1807 1807 298 298 297 297 300 300 300 300 302 302 301 301 304 304 1214 1214 305 305 304 304 305 305 306 306 307 307 308 308 186 186 307 307 186 186 309 309 310 310 309 309 186 186 310 310 1214 1214 304 304 299 299 311 311 312 312 312 312 313 313 299 299 314 314 315 315 305 305 306 306 305 305 315 315 313 313 314 314 305 305 299 299 313 313 305 305 297 297 186 186 184 184 310 310 186 186 1214 1214 297 297 184 184 181 181 297 297 1214 1214 186 186 318 318 317 317 322 322 316 316 320 320 311 311 319 319 321 321 316 316 320 320 316 316 321 321 311 311 299 299 316 316 316 316 322 322 317 317 322 322 34 34 318 318 100 100 322 322 324 324 323 323 324 324 322 322 99 99 100 100 324 324 323 323 299 299 219 219 299 299 220 220 219 219 322 322 299 299 323 323 299 299 102 102 101 101 324 324 220 220 99 99 101 101 99 99 220 220 299 299 101 101 220 220 102 102 299 299 95 95 181 181 325 325 326 326 329 329 326 326 325 325 329 329 325 325 73 73 326 326 327 327 297 297 328 328 300 300 327 327 300 300 297 297 327 327 330 330 325 325 331 331 332 332 325 325 330 330 332 332 73 73 325 325 329 329 73 73 74 74 302 302 333 333 334 334 333 333 302 302 74 74 302 302 334 334 335 335 302 302 328 328 329 329 336 336 302 302 1570 1570 335 335 1570 1570 302 302 329 329 74 74 302 302 301 301 336 336 338 338 300 300 98 98 298 298 337 337 301 301 303 303 337 337 104 104 301 301 302 302 300 300 328 328 105 105 98 98 300 300 105 105 300 300 104 104 338 338 339 339 340 340 338 338 341 341 902 902 341 341 338 338 340 340 338 338 342 342 339 339 902 902 301 301 338 338 343 343 344 344 303 303 902 902 345 345 301 301 343 343 301 301 345 345 301 301 302 302 336 336 349 349 347 347 346 346 348 348 349 349 346 346 350 350 348 348 346 346 351 351 1705 1705 352 352 354 354 353 353 351 351 352 352 354 354 351 351 355 355 2355 2355 2357 2357 356 356 2355 2355 355 355 357 357 359 359 358 358 360 360 361 361 362 362 358 358 360 360 362 362 364 364 361 361 360 360 363 363 357 357 710 710 367 367 366 366 376 376 143 143 369 369 368 368 373 373 365 365 375 375 365 365 373 373 372 372 375 375 374 374 373 373 370 370 371 371 372 372 371 371 365 365 372 372 366 366 378 378 379 379 379 379 380 380 366 366 381 381 366 366 380 380 366 366 381 381 376 376 366 366 377 377 378 378 367 367 2371 2371 365 365 382 382 365 365 2371 2371 383 383 385 385 384 384 385 385 388 388 387 387 383 383 389 389 388 388 388 388 390 390 387 387 387 387 390 390 386 386 385 385 383 383 388 388 391 391 392 392 393 393 393 393 397 397 391 391 394 394 393 393 392 392 395 395 397 397 396 396 398 398 393 393 399 399 394 394 399 399 393 393 400 400 395 395 401 401 402 402 401 401 395 395 395 395 403 403 402 402 395 395 404 404 403 403 391 391 397 397 406 406 395 395 405 405 406 406 395 395 400 400 405 405 406 406 397 397 395 395 409 409 410 410 411 411 413 413 415 415 412 412 409 409 414 414 413 413 412 412 417 417 416 416 416 416 419 419 418 418 420 420 419 419 421 421 422 422 421 421 423 423 424 424 426 426 427 427 424 424 430 430 428 428 425 425 423 423 426 426 408 408 410 410 407 407 429 429 430 430 431 431 428 428 430 430 429 429 432 432 410 410 408 408 434 434 437 437 435 435 435 435 433 433 434 434 437 437 434 434 436 436 437 437 436 436 438 438 440 440 438 438 436 436 434 434 439 439 436 436 442 442 443 443 444 444 444 444 443 443 450 450 436 436 445 445 440 440 446 446 447 447 434 434 440 440 445 445 448 448 441 441 440 440 448 448 441 441 449 449 442 442 446 446 434 434 433 433 452 452 454 454 451 451 455 455 453 453 452 452 456 456 458 458 457 457 460 460 462 462 459 459 461 461 460 460 463 463 457 457 459 459 462 462 463 463 2529 2529 461 461 466 466 468 468 469 469 467 467 476 476 468 468 470 470 469 469 471 471 472 472 471 471 474 474 465 465 476 476 464 464 473 473 472 472 474 474 473 473 474 474 475 475 479 479 1638 1638 477 477 480 480 477 477 1720 1720 478 478 477 477 480 480 478 478 1383 1383 481 481 478 478 481 481 479 479 478 478 480 480 1363 1363 477 477 478 478 479 479 482 482 483 483 484 484 483 483 485 485 486 486 484 484 483 483 486 486 482 482 484 484 487 487 488 488 489 489 490 490 488 488 482 482 491 491 487 487 491 491 482 482 490 490 482 482 488 488 492 492 218 218 220 220 220 220 324 324 492 492 1430 1430 493 493 494 494 495 495 493 493 1430 1430 317 317 496 496 497 497 317 317 497 497 316 316 318 318 498 498 496 496 317 317 318 318 496 496 499 499 403 403 404 404 500 500 402 402 403 403 402 402 502 502 401 401 503 503 401 401 502 502 503 503 405 405 400 400 406 406 504 504 1094 1094 507 507 508 508 505 505 510 510 511 511 509 509 512 512 510 510 509 509 512 512 506 506 510 510 512 512 509 509 513 513 516 516 515 515 514 514 516 516 514 514 517 517 514 514 515 515 519 519 519 519 515 515 518 518 522 522 524 524 525 525 522 522 526 526 521 521 528 528 530 530 527 527 532 532 534 534 531 531 532 532 536 536 533 533 528 528 534 534 529 529 527 527 524 524 523 523 526 526 537 537 520 520 521 521 526 526 520 520 539 539 541 541 538 538 543 543 545 545 542 542 539 539 545 545 540 540 546 546 548 548 549 549 547 547 552 552 548 548 546 546 544 544 543 543 552 552 550 550 551 551 536 536 538 538 541 541 551 551 553 553 552 552 556 556 554 554 557 557 557 557 1782 1782 556 556 557 557 1646 1646 1782 1782 561 561 558 558 559 559 560 560 559 559 558 558 555 555 446 446 433 433 554 554 555 555 433 433 562 562 564 564 565 565 566 566 564 564 563 563 562 562 568 568 2038 2038 570 570 573 573 571 571 567 567 569 569 571 571 574 574 575 575 600 600 574 574 576 576 575 575 577 577 578 578 579 579 579 579 2207 2207 2507 2507 577 577 579 579 2507 2507 581 581 583 583 580 580 584 584 583 583 585 585 1500 1500 584 584 586 586 584 584 585 585 586 586 582 582 587 587 588 588 585 585 1680 1680 586 586 581 581 587 587 582 582 589 589 591 591 592 592 589 589 594 594 593 593 180 180 593 593 174 174 593 593 594 594 174 174 595 595 590 590 596 596 594 594 176 176 174 174 590 590 595 595 591 591 598 598 599 599 597 597 597 597 600 600 575 575 598 598 1634 1634 2006 2006 1118 1118 601 601 602 602 2356 2356 603 603 1118 1118 1118 1118 602 602 604 604 605 605 606 606 607 607 608 608 607 607 606 606 602 602 605 605 604 604 604 604 2356 2356 1118 1118 605 605 602 602 606 606 2356 2356 609 609 603 603 610 610 397 397 609 609 396 396 397 397 610 610 611 611 396 396 610 610 612 612 611 611 610 610 611 611 613 613 614 614 612 612 613 613 611 611 615 615 614 614 616 616 613 613 616 616 614 614 617 617 614 614 615 615 609 609 397 397 603 603 618 618 619 619 620 620 621 621 618 618 620 620 622 622 619 619 618 618 619 619 623 623 608 608 619 619 622 622 623 623 606 606 619 619 608 608 104 104 624 624 103 103 103 103 624 624 620 620 337 337 624 624 104 104 624 624 621 621 620 620 617 617 625 625 626 626 617 617 627 627 625 625 617 617 626 626 1514 1514 628 628 1514 1514 626 626 629 629 1514 1514 628 628 615 615 627 627 617 617 630 630 629 629 973 973 971 971 973 973 629 629 1514 1514 629 629 630 630 631 631 632 632 633 633 633 633 632 632 634 634 631 631 633 633 635 635 631 631 636 636 637 637 637 637 638 638 632 632 631 631 637 637 632 632 640 640 595 595 596 596 639 639 640 640 596 596 641 641 640 640 639 639 642 642 644 644 645 645 642 642 643 643 644 644 1891 1891 1918 1918 646 646 1918 1918 1891 1891 647 647 648 648 650 650 649 649 650 650 651 651 2513 2513 651 651 650 650 648 648 651 651 652 652 654 654 653 653 654 654 652 652 655 655 651 651 654 654 648 648 652 652 651 651 656 656 286 286 284 284 657 657 656 656 284 284 658 658 667 667 659 659 2507 2507 659 659 667 667 658 658 661 661 660 660 660 660 664 664 662 662 661 661 663 663 660 660 658 658 665 665 666 666 666 666 667 667 658 658 665 665 660 660 668 668 670 670 662 662 664 664 671 671 670 670 672 672 672 672 675 675 671 671 673 673 674 674 676 676 676 676 675 675 673 673 678 678 683 683 677 677 683 683 678 678 681 681 678 678 679 679 681 681 683 683 681 681 682 682 683 683 682 682 680 680 681 681 679 679 684 684 685 685 686 686 687 687 685 685 689 689 688 688 689 689 685 685 295 295 690 690 680 680 682 682 687 687 686 686 691 691 685 685 688 688 686 686 681 681 684 684 691 691 687 687 691 691 684 684 692 692 696 696 683 683 694 694 693 693 695 695 683 683 680 680 692 692 698 698 697 697 696 696 699 699 698 698 700 700 696 696 700 700 698 698 701 701 699 699 700 700 702 702 696 696 693 693 700 700 696 696 702 702 695 695 693 693 692 692 693 693 694 694 702 702 703 703 700 700 704 704 1447 1447 703 703 704 704 700 700 703 703 701 701 1447 1447 705 705 706 706 704 704 705 705 1447 1447 692 692 680 680 707 707 361 361 295 295 362 362 358 358 295 295 708 708 357 357 358 358 708 708 362 362 295 295 358 358 357 357 709 709 710 710 707 707 680 680 690 690 709 709 357 357 708 708 711 711 710 710 712 712 714 714 710 710 711 711 711 711 713 713 714 714 709 709 712 712 710 710 235 235 715 715 716 716 234 234 717 717 715 715 718 718 720 720 710 710 718 718 710 710 714 714 236 236 235 235 716 716 1447 1447 719 719 234 234 235 235 234 234 715 715 719 719 717 717 234 234 236 236 720 720 238 238 242 242 238 238 720 720 716 716 720 720 236 236 243 243 718 718 246 246 718 718 243 243 242 242 720 720 718 718 242 242 707 707 695 695 692 692 683 683 696 696 721 721 683 683 721 721 722 722 723 723 1707 1707 351 351 1705 1705 351 351 1707 1707 353 353 723 723 351 351 2183 2183 723 723 353 353 72 72 73 73 332 332 724 724 72 72 332 332 330 330 725 725 724 724 330 330 724 724 332 332 725 725 331 331 726 726 182 182 331 331 325 325 331 331 182 182 726 726 330 330 331 331 725 725 727 727 728 728 93 93 728 728 727 727 729 729 731 731 735 735 730 730 732 732 734 734 731 731 735 735 731 731 734 734 733 733 734 734 732 732 734 734 733 733 736 736 737 737 738 738 739 739 740 740 738 738 737 737 737 737 742 742 741 741 740 740 737 737 741 741 739 739 738 738 736 736 739 739 736 736 733 733 58 58 734 734 743 743 735 735 734 734 58 58 62 62 61 61 743 743 58 58 743 743 61 61 66 66 62 62 743 743 66 66 744 744 67 67 69 69 67 67 745 745 744 744 745 745 67 67 746 746 69 69 745 745 746 746 747 747 69 69 69 69 747 747 763 763 743 743 744 744 66 66 748 748 2025 2025 742 742 742 742 749 749 748 748 750 750 749 749 742 742 750 750 751 751 749 749 751 751 752 752 1449 1449 752 752 751 751 750 750 753 753 1449 1449 754 754 756 756 1449 1449 753 753 753 753 755 755 756 756 756 756 760 760 1449 1449 752 752 754 754 1449 1449 761 761 758 758 759 759 1449 1449 760 760 757 757 1029 1029 763 763 747 747 762 762 763 763 1029 1029 762 762 758 758 763 763 761 761 763 763 758 758 761 761 759 759 757 757 757 757 764 764 761 761 764 764 757 757 765 765 1059 1059 760 760 1062 1062 760 760 1059 1059 765 765 760 760 765 765 757 757 2025 2025 741 741 742 742 766 766 655 655 769 769 766 766 767 767 655 655 1830 1830 655 655 768 768 655 655 767 767 768 768 655 655 654 654 769 769 653 653 769 769 654 654 1830 1830 1833 1833 770 770 1835 1835 771 771 772 772 771 771 773 773 774 774 775 775 774 774 773 773 771 771 774 774 772 772 776 776 770 770 1833 1833 1835 1835 772 772 776 776 655 655 1830 1830 770 770 776 776 1833 1833 1835 1835 653 653 56 56 769 769 53 53 51 51 653 653 57 57 653 653 51 51 53 53 653 653 47 47 47 47 653 653 48 48 653 653 57 57 56 56 48 48 777 777 49 49 46 46 779 779 778 778 49 49 777 777 779 779 49 49 779 779 46 46 46 46 778 778 780 780 778 778 781 781 780 780 781 781 782 782 780 780 653 653 777 777 48 48 783 783 784 784 1922 1922 775 775 783 783 1922 1922 785 785 784 784 783 783 1922 1922 774 774 775 775 785 785 786 786 784 784 787 787 788 788 786 786 785 785 787 787 786 786 789 789 788 788 790 790 787 787 790 790 788 788 791 791 789 789 790 790 789 789 792 792 793 793 791 791 792 792 789 789 354 354 789 789 793 793 789 789 354 354 803 803 352 352 803 803 354 354 794 794 799 799 795 795 796 796 798 798 797 797 798 798 795 795 797 797 799 799 794 794 782 782 798 798 794 794 795 795 781 781 799 799 782 782 796 796 797 797 800 800 796 796 800 800 801 801 803 803 801 801 800 800 803 803 804 804 802 802 802 802 801 801 803 803 804 804 803 803 805 805 805 805 803 803 352 352 808 808 277 277 806 806 277 277 807 807 806 806 808 808 806 806 1233 1233 809 809 811 811 812 812 811 811 813 813 812 812 810 810 811 811 809 809 814 814 815 815 812 812 812 812 813 813 814 814 404 404 815 815 816 816 404 404 817 817 499 499 816 816 817 817 404 404 815 815 404 404 812 812 818 818 819 819 820 820 818 818 823 823 821 821 821 821 825 825 824 824 818 818 820 820 822 822 1567 1567 1566 1566 825 825 825 825 1566 1566 824 824 1580 1580 822 822 820 820 165 165 826 826 827 827 827 827 162 162 165 165 162 162 827 827 828 828 164 164 826 826 165 165 164 164 829 829 830 830 829 829 164 164 170 170 164 164 830 830 826 826 520 520 829 829 170 170 831 831 159 159 832 832 160 160 831 831 833 833 834 834 156 156 833 833 833 833 156 156 160 160 162 162 828 828 163 163 163 163 828 828 832 832 159 159 163 163 832 832 159 159 831 831 160 160 835 835 521 521 520 520 520 520 169 169 835 835 169 169 520 520 170 170 522 522 521 521 835 835 836 836 523 523 522 522 527 527 523 523 837 837 836 836 837 837 523 523 836 836 522 522 835 835 527 527 838 838 528 528 531 531 839 839 840 840 528 528 838 838 839 839 531 531 528 528 839 839 535 535 532 532 841 841 840 840 532 532 531 531 840 840 841 841 532 532 837 837 838 838 527 527 834 834 153 153 157 157 156 156 834 834 157 157 842 842 153 153 834 834 843 843 154 154 842 842 842 842 154 154 153 153 150 150 844 844 151 151 150 150 154 154 843 843 844 844 150 150 843 843 844 844 845 845 151 151 148 148 151 151 845 845 148 148 845 845 846 846 847 847 148 148 846 846 551 551 146 146 145 145 145 145 847 847 551 551 847 847 145 145 148 148 848 848 146 146 551 551 849 849 539 539 850 850 849 849 851 851 542 542 543 543 542 542 851 851 542 542 539 539 849 849 538 538 535 535 852 852 841 841 852 852 535 535 850 850 538 538 852 852 538 538 850 850 539 539 550 550 853 853 848 848 853 853 550 550 547 547 550 550 848 848 551 551 854 854 853 853 547 547 546 546 855 855 854 854 855 855 546 546 543 543 546 546 854 854 547 547 851 851 855 855 543 543 710 710 720 720 856 856 857 857 710 710 856 856 857 857 363 363 710 710 858 858 859 859 860 860 861 861 859 859 858 858 859 859 862 862 863 863 861 861 862 862 859 859 866 866 867 867 868 868 869 869 865 865 866 866 870 870 869 869 866 866 870 870 866 866 868 868 863 863 871 871 859 859 872 872 864 864 859 859 2474 2474 864 864 35 35 866 866 873 873 867 867 866 866 864 864 873 873 874 874 2474 2474 36 36 35 35 36 36 2474 2474 872 872 859 859 871 871 876 876 877 877 8 8 875 875 876 876 8 8 879 879 877 877 876 876 878 878 12 12 20 20 875 875 12 12 878 878 12 12 875 875 15 15 875 875 8 8 15 15 881 881 880 880 879 879 727 727 882 882 729 729 727 727 884 884 882 882 883 883 882 882 884 884 727 727 880 880 884 884 881 881 884 884 880 880 885 885 886 886 887 887 887 887 886 886 883 883 888 888 885 885 889 889 887 887 889 889 885 885 884 884 887 887 883 883 881 881 879 879 876 876 890 890 878 878 20 20 490 490 891 891 21 21 21 21 2442 2442 890 890 891 891 2442 2442 21 21 891 891 490 490 489 489 20 20 21 21 890 890 892 892 893 893 489 489 893 893 892 892 894 894 891 891 489 489 893 893 896 896 897 897 895 895 896 896 888 888 897 897 896 896 895 895 898 898 898 898 895 895 899 899 897 897 888 888 889 889 900 900 899 899 345 345 901 901 900 900 345 345 345 345 902 902 901 901 898 898 899 899 900 900 1794 1794 904 904 905 905 2155 2155 904 904 903 903 904 904 2423 2423 905 905 903 903 904 904 1794 1794 367 367 906 906 2454 2454 371 371 906 906 367 367 907 907 909 909 910 910 911 911 910 910 912 912 1583 1583 911 911 913 913 911 911 912 912 913 913 909 909 2248 2248 2358 2358 912 912 2544 2544 913 913 908 908 2248 2248 909 909 914 914 915 915 965 965 915 915 914 914 916 916 917 917 915 915 916 916 918 918 919 919 917 917 922 922 919 919 918 918 916 916 918 918 917 917 920 920 921 921 916 916 918 918 916 916 921 921 923 923 922 922 918 918 922 922 923 923 924 924 923 923 918 918 921 921 914 914 920 920 916 916 926 926 929 929 927 927 925 925 927 927 928 928 928 928 1978 1978 925 925 927 927 929 929 928 928 930 930 933 933 929 929 926 926 930 930 929 929 930 930 931 931 933 933 934 934 931 931 932 932 934 934 933 933 931 931 1020 1020 281 281 976 976 281 281 1020 1020 935 935 936 936 1879 1879 937 937 938 938 936 936 937 937 939 939 940 940 938 938 643 643 940 940 939 939 937 937 939 939 938 938 941 941 942 942 937 937 939 939 937 937 942 942 643 643 939 939 644 644 943 943 644 644 939 939 943 943 939 939 942 942 1879 1879 941 941 937 937 945 945 946 946 947 947 946 946 945 945 944 944 948 948 950 950 951 951 952 952 954 954 955 955 952 952 957 957 956 956 948 948 954 954 953 953 959 959 961 961 958 958 574 574 958 958 576 576 958 958 961 961 576 576 959 959 957 957 960 960 950 950 962 962 963 963 962 962 950 950 949 949 965 965 964 964 914 914 964 964 966 966 914 914 968 968 628 628 967 967 628 628 968 968 629 629 974 974 971 971 972 972 993 993 975 975 976 976 977 977 976 976 1009 1009 974 974 260 260 257 257 257 257 1890 1890 974 974 978 978 979 979 985 985 980 980 978 978 985 985 980 980 985 985 257 257 972 972 260 260 974 974 982 982 983 983 972 972 972 972 981 981 984 984 972 972 984 984 982 982 983 983 260 260 972 972 257 257 985 985 1890 1890 985 985 975 975 1890 1890 993 993 986 986 975 975 988 988 969 969 987 987 988 988 970 970 969 969 989 989 970 970 988 988 970 970 894 894 969 969 894 894 970 970 893 893 970 970 990 990 893 893 893 893 990 990 991 991 971 971 990 990 970 970 970 970 981 981 971 971 992 992 974 974 993 993 974 974 992 992 973 973 974 974 986 986 993 993 994 994 975 975 985 985 561 561 994 994 995 995 561 561 995 995 558 558 976 976 975 975 996 996 976 976 996 996 997 997 975 975 561 561 996 996 995 995 998 998 999 999 558 558 1000 1000 1001 1001 1002 1002 1003 1003 995 995 995 995 999 999 558 558 999 999 1000 1000 558 558 1003 1003 998 998 995 995 1004 1004 1001 1001 1000 1000 1005 1005 1004 1004 1006 1006 1005 1005 1007 1007 997 997 1008 1008 1005 1005 1006 1006 1001 1001 1004 1004 1005 1005 1008 1008 1007 1007 1005 1005 976 976 997 997 1007 1007 1020 1020 976 976 977 977 1011 1011 976 976 282 282 282 282 1013 1013 1011 1011 1013 1013 282 282 1014 1014 976 976 1012 1012 1010 1010 1015 1015 1009 1009 1016 1016 1009 1009 1017 1017 1018 1018 1019 1019 977 977 1009 1009 1019 1019 1009 1009 1018 1018 1017 1017 1009 1009 1015 1015 2027 2027 977 977 1019 1019 1014 1014 1021 1021 1013 1013 2027 2027 1022 1022 977 977 1014 1014 1022 1022 1021 1021 1020 1020 1022 1022 1014 1014 977 977 1022 1022 1020 1020 1022 1022 2027 2027 2511 2511 1025 1025 1024 1024 1023 1023 1024 1024 1027 1027 1026 1026 1023 1023 1024 1024 1028 1028 1028 1028 1024 1024 1026 1026 1030 1030 1031 1031 1029 1029 747 747 1030 1030 1029 1029 1035 1035 1032 1032 1034 1034 1033 1033 1034 1034 1032 1032 1034 1034 1036 1036 1035 1035 1040 1040 1035 1035 1037 1037 1036 1036 1037 1037 1035 1035 1037 1037 1038 1038 1040 1040 1040 1040 1038 1038 1039 1039 1041 1041 1040 1040 1042 1042 1039 1039 1042 1042 1040 1040 1042 1042 1043 1043 1041 1041 1041 1041 1043 1043 1044 1044 1045 1045 1044 1044 1043 1043 1045 1045 429 429 431 431 1044 1044 1045 1045 431 431 1047 1047 1048 1048 1049 1049 1047 1047 1051 1051 1050 1050 1050 1050 1052 1052 1863 1863 1046 1046 642 642 1048 1048 1051 1051 1052 1052 1050 1050 645 645 1048 1048 642 642 1053 1053 763 763 761 761 1054 1054 1053 1053 761 761 761 761 764 764 1054 1054 1055 1055 763 763 1053 1053 764 764 1057 1057 1054 1054 1054 1054 1057 1057 1058 1058 1053 1053 1058 1058 1055 1055 1053 1053 1054 1054 1058 1058 765 765 1056 1056 764 764 1059 1059 1060 1060 765 765 760 760 39 39 1062 1062 1061 1061 1062 1062 39 39 1065 1065 1064 1064 1063 1063 1068 1068 1066 1066 1069 1069 1070 1070 1068 1068 1069 1069 1072 1072 2393 2393 1073 1073 1072 1072 1071 1071 1070 1070 1977 1977 383 383 384 384 1977 1977 389 389 383 383 1075 1075 389 389 1977 1977 1075 1075 1977 1977 1994 1994 23 23 1077 1077 1076 1076 1080 1080 1077 1077 23 23 1078 1078 23 23 1076 1076 1079 1079 23 23 1078 1078 23 23 27 27 1080 1080 23 23 1079 1079 22 22 1082 1082 1081 1081 1084 1084 1081 1081 1083 1083 1084 1084 1085 1085 891 891 893 893 1086 1086 1085 1085 991 991 893 893 991 991 1085 1085 1090 1090 1088 1088 1119 1119 499 499 501 501 500 500 503 503 499 499 1091 1091 503 503 502 502 499 499 502 502 501 501 499 499 1091 1091 504 504 503 503 817 817 1091 1091 499 499 815 815 195 195 816 816 814 814 191 191 195 195 816 816 1398 1398 1092 1092 195 195 1398 1398 816 816 192 192 191 191 814 814 817 817 816 816 1092 1092 1092 1092 1093 1093 817 817 1091 1091 1094 1094 504 504 1097 1097 1094 1094 1091 1091 1097 1097 1087 1087 1094 1094 1095 1095 1096 1096 1091 1091 1093 1093 1091 1091 817 817 1097 1097 1091 1091 1096 1096 1093 1093 1095 1095 1091 1091 1115 1115 1097 1097 1088 1088 815 815 814 814 195 195 1098 1098 192 192 1099 1099 814 814 1099 1099 192 192 813 813 1099 1099 814 814 1100 1100 1106 1106 1101 1101 1098 1098 1101 1101 1106 1106 194 194 1098 1098 1106 1106 194 194 192 192 1098 1098 255 255 1578 1578 813 813 813 813 1102 1102 255 255 1099 1099 813 813 1578 1578 254 254 1103 1103 1104 1104 1105 1105 255 255 1102 1102 1104 1104 255 255 254 254 255 255 1104 1104 1578 1578 252 252 1103 1103 254 254 1107 1107 1106 1106 637 637 1107 1107 637 637 636 636 637 637 1106 1106 638 638 1100 1100 638 638 1106 1106 1082 1082 1108 1108 251 251 252 252 251 251 1108 1108 256 256 1082 1082 251 251 1082 1082 256 256 1109 1109 1110 1110 1082 1082 1109 1109 1108 1108 1103 1103 252 252 1089 1089 1112 1112 1111 1111 1114 1114 1090 1090 1113 1113 1090 1090 1114 1114 1112 1112 1116 1116 1088 1088 1097 1097 1090 1090 1112 1112 1089 1089 1111 1111 1115 1115 1089 1089 1118 1118 603 603 1113 1113 1118 1118 1113 1113 1090 1090 1118 1118 1119 1119 1117 1117 1121 1121 1122 1122 1120 1120 1119 1119 1120 1120 1122 1122 1122 1122 1121 1121 1138 1138 1117 1117 1119 1119 1122 1122 1119 1119 1088 1088 1116 1116 1123 1123 1107 1107 636 636 1124 1124 1125 1125 1107 1107 1123 1123 1124 1124 1107 1107 1126 1126 1127 1127 1128 1128 1129 1129 1081 1081 1110 1110 1130 1130 1131 1131 1129 1129 1081 1081 1129 1129 1131 1131 1130 1130 1126 1126 1128 1128 1131 1131 1130 1130 1128 1128 1132 1132 1133 1133 1134 1134 1140 1140 1127 1127 1126 1126 1135 1135 946 946 1136 1136 1137 1137 1122 1122 1138 1138 1138 1138 2022 2022 1137 1137 1136 1136 1137 1137 2022 2022 1125 1125 1135 1135 1139 1139 944 944 1127 1127 1140 1140 1133 1133 1140 1140 1126 1126 946 946 1137 1137 1136 1136 1137 1137 946 946 944 944 1132 1132 1140 1140 1133 1133 1140 1140 1137 1137 944 944 1125 1125 946 946 1135 1135 1125 1125 1139 1139 1107 1107 1110 1110 1081 1081 1082 1082 1102 1102 813 813 1141 1141 924 924 923 923 1141 1141 1105 1105 1141 1141 1142 1142 1105 1105 1102 1102 1141 1141 1141 1141 923 923 921 921 1141 1141 1143 1143 1142 1142 1144 1144 1143 1143 1141 1141 813 813 1146 1146 1145 1145 1145 1145 1147 1147 924 924 924 924 1141 1141 1145 1145 1145 1145 1148 1148 1147 1147 1146 1146 1148 1148 1145 1145 1149 1149 1150 1150 590 590 1145 1145 1141 1141 813 813 1141 1141 1151 1151 1144 1144 1151 1151 1141 1141 1152 1152 1152 1152 914 914 1164 1164 914 914 966 966 1164 1164 1152 1152 1141 1141 914 914 1149 1149 589 589 1153 1153 593 593 1163 1163 1153 1153 914 914 1141 1141 920 920 920 920 1141 1141 921 921 1150 1150 1148 1148 596 596 810 810 1146 1146 811 811 1146 1146 596 596 1148 1148 1154 1154 1155 1155 641 641 641 641 639 639 1146 1146 596 596 590 590 1150 1150 639 639 596 596 1146 1146 1149 1149 590 590 589 589 1156 1156 1155 1155 1154 1154 1146 1146 1154 1154 641 641 810 810 1162 1162 1158 1158 1159 1159 1156 1156 1154 1154 1163 1163 180 180 179 179 593 593 180 180 1163 1163 1159 1159 1154 1154 1160 1160 1153 1153 589 589 593 593 1162 1162 1157 1157 1161 1161 1158 1158 1160 1160 1154 1154 1162 1162 810 810 1157 1157 1165 1165 1164 1164 966 966 1166 1166 1167 1167 1168 1168 1167 1167 966 966 1169 1169 1170 1170 178 178 1171 1171 1165 1165 1167 1167 1166 1166 1172 1172 210 210 1173 1173 1169 1169 1174 1174 1167 1167 209 209 1172 1172 1171 1171 1165 1165 966 966 1167 1167 1175 1175 1167 1167 1176 1176 1177 1177 1167 1167 1174 1174 1167 1167 1175 1175 1168 1168 1132 1132 1134 1134 1167 1167 1167 1167 1134 1134 1176 1176 1178 1178 1179 1179 1220 1220 1167 1167 1140 1140 1132 1132 1179 1179 1167 1167 1177 1177 215 215 1181 1181 213 213 1220 1220 1181 1181 1178 1178 1190 1190 1167 1167 1178 1178 1178 1178 1167 1167 1179 1179 213 213 1181 1181 1173 1173 1181 1181 215 215 1178 1178 178 178 1170 1170 1163 1163 1172 1172 209 209 210 210 1182 1182 1192 1192 1183 1183 1192 1192 1182 1182 1184 1184 1171 1171 178 178 209 209 1162 1162 1185 1185 1158 1158 1185 1185 1186 1186 1158 1158 1186 1186 1185 1185 1192 1192 1192 1192 1184 1184 1186 1186 178 178 1163 1163 179 179 1187 1187 1188 1188 215 215 1190 1190 1187 1187 1189 1189 1187 1187 1190 1190 1188 1188 1190 1190 1178 1178 1188 1188 1190 1190 1189 1189 1191 1191 215 215 1188 1188 1178 1178 1189 1189 1192 1192 1191 1191 1192 1192 1185 1185 1193 1193 1194 1194 1195 1195 1190 1190 1194 1194 1190 1190 1196 1196 1190 1190 1191 1191 1196 1196 1189 1189 1183 1183 1192 1192 210 210 213 213 1173 1173 257 257 258 258 1197 1197 980 980 257 257 1197 1197 1197 1197 978 978 980 980 978 978 1197 1197 1198 1198 1199 1199 979 979 1198 1198 1200 1200 1201 1201 1199 1199 985 985 979 979 1201 1201 1199 1199 1201 1201 979 979 978 978 1198 1198 979 979 1204 1204 1202 1202 1205 1205 1205 1205 1632 1632 1204 1204 1206 1206 2007 2007 1632 1632 1207 1207 376 376 1277 1277 79 79 78 78 1208 1208 1209 1209 82 82 79 79 1208 1208 1209 1209 79 79 1210 1210 1211 1211 1442 1442 1212 1212 1211 1211 1210 1210 1213 1213 1214 1214 297 297 1213 1213 1215 1215 1214 1214 1216 1216 1217 1217 1700 1700 1216 1216 1700 1700 1781 1781 1700 1700 1218 1218 1781 1781 1221 1221 1177 1177 1174 1174 1221 1221 1169 1169 1222 1222 1219 1219 1220 1220 1177 1177 966 966 964 964 1169 1169 1169 1169 964 964 1222 1222 1179 1179 1177 1177 1220 1220 1223 1223 1224 1224 1228 1228 1225 1225 1227 1227 1223 1223 1226 1226 1227 1227 1225 1225 1227 1227 1224 1224 1223 1223 1231 1231 1227 1227 1226 1226 1229 1229 1232 1232 1230 1230 1233 1233 806 806 1230 1230 1229 1229 1231 1231 1232 1232 1230 1230 806 806 1229 1229 1226 1226 1232 1232 1231 1231 1235 1235 1962 1962 1234 1234 1960 1960 1234 1234 1962 1962 674 674 1235 1235 1234 1234 1237 1237 1236 1236 674 674 1238 1238 1244 1244 1239 1239 1238 1238 1239 1239 1240 1240 1241 1241 1242 1242 1240 1240 1242 1242 1238 1238 1240 1240 1241 1241 1245 1245 1242 1242 1245 1245 1246 1246 1242 1242 1238 1238 1246 1246 1244 1244 1238 1238 1242 1242 1246 1246 1247 1247 1250 1250 1249 1249 2545 2545 1251 1251 2039 2039 1250 1250 1251 1251 2545 2545 1253 1253 1215 1215 1213 1213 1252 1252 1215 1215 1253 1253 1255 1255 1256 1256 2552 2552 1254 1254 2552 2552 1256 1256 1256 1256 1255 1255 2102 2102 1259 1259 1257 1257 1258 1258 1257 1257 2460 2460 1258 1258 1259 1259 1260 1260 2191 2191 1258 1258 1260 1260 1259 1259 1262 1262 1265 1265 1263 1263 1263 1263 1261 1261 1262 1262 1264 1264 1265 1265 1262 1262 1265 1265 1264 1264 1266 1266 1268 1268 1266 1266 1264 1264 1270 1270 1271 1271 2392 2392 2392 2392 1271 1271 1276 1276 1979 1979 1272 1272 1262 1262 1262 1262 1272 1272 1267 1267 1267 1267 1273 1273 1264 1264 1268 1268 1273 1273 1274 1274 1269 1269 1274 1274 1275 1275 1270 1270 1275 1275 1271 1271 1979 1979 1262 1262 1261 1261 380 380 1279 1279 381 381 1277 1277 376 376 381 381 379 379 1278 1278 380 380 381 381 1279 1279 1277 1277 380 380 1278 1278 1279 1279 379 379 1280 1280 1278 1278 1280 1280 379 379 378 378 1280 1280 378 378 1281 1281 366 366 1282 1282 377 377 1281 1281 378 378 377 377 367 367 1283 1283 366 366 377 377 1284 1284 1281 1281 366 366 1283 1283 1282 1282 367 367 2454 2454 1283 1283 1282 1282 1284 1284 377 377 1289 1289 1286 1286 1633 1633 1285 1285 1288 1288 347 347 347 347 1288 1288 346 346 1285 1285 1287 1287 1288 1288 1289 1289 1290 1290 1287 1287 1287 1287 1286 1286 1289 1289 1293 1293 1292 1292 1291 1291 1293 1293 1294 1294 1295 1295 1294 1294 1293 1293 1291 1291 2546 2546 1296 1296 1291 1291 1291 1291 1296 1296 1294 1294 1296 1296 1297 1297 1294 1294 305 305 1252 1252 299 299 1214 1214 1215 1215 1252 1252 305 305 1214 1214 1252 1252 1201 1201 994 994 985 985 1298 1298 1201 1201 1200 1200 1299 1299 1298 1298 1300 1300 1300 1300 1301 1301 1299 1299 1201 1201 1299 1299 994 994 1299 1299 995 995 994 994 1298 1298 1299 1299 1201 1201 1303 1303 625 625 1302 1302 1305 1305 615 615 1304 1304 1306 1306 615 615 616 616 1305 1305 625 625 627 627 1307 1307 613 613 612 612 1307 1307 612 612 1309 1309 1306 1306 613 613 1308 1308 626 626 967 967 628 628 612 612 610 610 1309 1309 967 967 626 626 1303 1303 1310 1310 1312 1312 1311 1311 1312 1312 33 33 31 31 33 33 1312 1312 1310 1310 578 578 1313 1313 579 579 1314 1314 1317 1317 1315 1315 1313 1313 1315 1315 1316 1316 1316 1316 579 579 1313 1313 1315 1315 1317 1317 1316 1316 1318 1318 1321 1321 1317 1317 1314 1314 1318 1318 1317 1317 1318 1318 1319 1319 1321 1321 1322 1322 1319 1319 1320 1320 1322 1322 1321 1321 1319 1319 739 739 1323 1323 737 737 1325 1325 733 733 732 732 732 732 1326 1326 1325 1325 730 730 2084 2084 1327 1327 730 730 1326 1326 731 731 1328 1328 217 217 492 492 492 492 217 217 218 218 1331 1331 1330 1330 1329 1329 1418 1418 1331 1331 1329 1329 1312 1312 31 31 1332 1332 1312 1312 1332 1332 1333 1333 1311 1311 1312 1312 1333 1333 1335 1335 1338 1338 1336 1336 1336 1336 1334 1334 1335 1335 1337 1337 1338 1338 1335 1335 1338 1338 1337 1337 1339 1339 1341 1341 1339 1339 1337 1337 1343 1343 1344 1344 1210 1210 1210 1210 1344 1344 1212 1212 2461 2461 1345 1345 1335 1335 1335 1335 1345 1345 1340 1340 1340 1340 1346 1346 1337 1337 1341 1341 1346 1346 1347 1347 1342 1342 1347 1347 1348 1348 1343 1343 1348 1348 1344 1344 2461 2461 1335 1335 1334 1334 1357 1357 1386 1386 1349 1349 1350 1350 1352 1352 1353 1353 1354 1354 1352 1352 1351 1351 1350 1350 1356 1356 1349 1349 1349 1349 1356 1356 1357 1357 1359 1359 1361 1361 1358 1358 1359 1359 1841 1841 1360 1360 1363 1363 1362 1362 1841 1841 1361 1361 1354 1354 1358 1358 1253 1253 1213 1213 297 297 298 298 1253 1253 297 297 1364 1364 1365 1365 1366 1366 1367 1367 1368 1368 1364 1364 1369 1369 1370 1370 1367 1367 1365 1365 1371 1371 1366 1366 1364 1364 1368 1368 1365 1365 1368 1368 1367 1367 1370 1370 1370 1370 1369 1369 1372 1372 1372 1372 1369 1369 1373 1373 1374 1374 1376 1376 1373 1373 1375 1375 1376 1376 1374 1374 1376 1376 1377 1377 1378 1378 1379 1379 1380 1380 1376 1376 1377 1377 1376 1376 1380 1380 1376 1376 1378 1378 1373 1373 1372 1372 1373 1373 1378 1378 1381 1381 1639 1639 1359 1359 1363 1363 1359 1359 1382 1382 1383 1383 478 478 1363 1363 1359 1359 1639 1639 1382 1382 1383 1383 1363 1363 1382 1382 1384 1384 1387 1387 1639 1639 1381 1381 1384 1384 1639 1639 1384 1384 1385 1385 1387 1387 1388 1388 1385 1385 1386 1386 1388 1388 1387 1387 1385 1385 990 990 629 629 968 968 971 971 629 629 990 990 1389 1389 1481 1481 91 91 1481 1481 1389 1389 1390 1390 91 91 93 93 92 92 87 87 93 93 83 83 92 92 93 93 87 87 1481 1481 1391 1391 1392 1392 880 880 93 93 1481 1481 1390 1390 1391 1391 1481 1481 83 83 93 93 84 84 93 93 91 91 1481 1481 715 715 1393 1393 1394 1394 1395 1395 856 856 716 716 716 716 856 856 720 720 716 716 1394 1394 1395 1395 719 719 1396 1396 717 717 1393 1393 717 717 1396 1396 195 195 1397 1397 1398 1398 189 189 1397 1397 195 195 1332 1332 31 31 1399 1399 1401 1401 1403 1403 1400 1400 1401 1401 1405 1405 1402 1402 1399 1399 1403 1403 1406 1406 1399 1399 1406 1406 1332 1332 1407 1407 1409 1409 1410 1410 1411 1411 1412 1412 22 22 1412 1412 1409 1409 1408 1408 1412 1412 1411 1411 2253 2253 1405 1405 1407 1407 1410 1410 1413 1413 1415 1415 1416 1416 1417 1417 1413 1413 1414 1414 1418 1418 1419 1419 1415 1415 1418 1418 1329 1329 1423 1423 1421 1421 1329 1329 1420 1420 1421 1421 1420 1420 1422 1422 517 517 1421 1421 1422 1422 1414 1414 1750 1750 1417 1417 1414 1414 1413 1413 1416 1416 1415 1415 1419 1419 1416 1416 1423 1423 1419 1419 1418 1418 519 519 1424 1424 514 514 1424 1424 1421 1421 517 517 1423 1423 1329 1329 1421 1421 514 514 1424 1424 517 517 1424 1424 519 519 1432 1432 1425 1425 1430 1430 1426 1426 1426 1426 1432 1432 519 519 1425 1425 38 38 1430 1430 1427 1427 1428 1428 1429 1429 1430 1430 38 38 1428 1428 1433 1433 1432 1432 1426 1426 1433 1433 1426 1426 494 494 1426 1426 1430 1430 494 494 1429 1429 1434 1434 1431 1431 1431 1431 1427 1427 1429 1429 1428 1428 1427 1427 1430 1430 992 992 630 630 973 973 1435 1435 992 992 993 993 630 630 992 992 1435 1435 993 993 1010 1010 1435 1435 1436 1436 1435 1435 1010 1010 1436 1436 1012 1012 1011 1011 1436 1436 1013 1013 1021 1021 1011 1011 1013 1013 1436 1436 1010 1010 1012 1012 1436 1436 769 769 56 56 1437 1437 56 56 55 55 1437 1437 1437 1437 2225 2225 769 769 1440 1440 1443 1443 1441 1441 1440 1440 1442 1442 1211 1211 1438 1438 1439 1439 1443 1443 707 707 1444 1444 1445 1445 700 700 702 702 1445 1445 1444 1444 707 707 1446 1446 1445 1445 702 702 694 694 1445 1445 695 695 707 707 1445 1445 694 694 695 695 1446 1446 690 690 682 682 1446 1446 682 682 681 681 1446 1446 707 707 690 690 234 234 239 239 1447 1447 239 239 1806 1806 1447 1447 406 406 1087 1087 391 391 1115 1115 391 391 1087 1087 1087 1087 406 406 1094 1094 323 323 492 492 324 324 323 323 1328 1328 492 492 2191 2191 775 775 1259 1259 775 775 773 773 1259 1259 1449 1449 757 757 1448 1448 1449 1449 1448 1448 1450 1450 1449 1449 1450 1450 1451 1451 1452 1452 1458 1458 1453 1453 932 932 1453 1453 1458 1458 1452 1452 1453 1453 1454 1454 1455 1455 1456 1456 1454 1454 1456 1456 1452 1452 1454 1454 1455 1455 1460 1460 1456 1456 1459 1459 1458 1458 1452 1452 1460 1460 1461 1461 1456 1456 1456 1456 1461 1461 1462 1462 1452 1452 1462 1462 1459 1459 1452 1452 1456 1456 1462 1462 1466 1466 1457 1457 1463 1463 1466 1466 1465 1465 1464 1464 1467 1467 1464 1464 1465 1465 1467 1467 925 925 1468 1468 1468 1468 1469 1469 1467 1467 744 744 743 743 1470 1470 745 745 1471 1471 1472 1472 745 745 1473 1473 746 746 746 746 1030 1030 747 747 744 744 1470 1470 1471 1471 1473 1473 1030 1030 746 746 454 454 432 432 408 408 408 408 451 451 454 454 2038 2038 568 568 2545 2545 2038 2038 2545 2545 2039 2039 185 185 186 186 308 308 1474 1474 185 185 308 308 1475 1475 1474 1474 308 308 1475 1475 308 308 307 307 1476 1476 307 307 309 309 2178 2178 1476 1476 310 310 309 309 310 310 1476 1476 1475 1475 307 307 1476 1476 1390 1390 1477 1477 1478 1478 1389 1389 1477 1477 1390 1390 1391 1391 1478 1478 1480 1480 1391 1391 1482 1482 1392 1392 91 91 1479 1479 1389 1389 1481 1481 1392 1392 1482 1482 1481 1481 1482 1482 1483 1483 94 94 1479 1479 91 91 1113 1113 397 397 393 393 1113 1113 603 603 397 397 874 874 1484 1484 2511 2511 1486 1486 1490 1490 1487 1487 1486 1486 1489 1489 1488 1488 1488 1488 656 656 657 657 1485 1485 1868 1868 1490 1490 1489 1489 656 656 1488 1488 1492 1492 1162 1162 1491 1491 1162 1162 1492 1492 1185 1185 1493 1493 1185 1185 1492 1492 314 314 313 313 1494 1494 1495 1495 315 315 314 314 315 315 1496 1496 306 306 306 306 1498 1498 304 304 314 314 1494 1494 1495 1495 1496 1496 1497 1497 306 306 1495 1495 1496 1496 315 315 1497 1497 1498 1498 306 306 1499 1499 1495 1495 1494 1494 1501 1501 1500 1500 586 586 1501 1501 1502 1502 1503 1503 1502 1502 1501 1501 586 586 1680 1680 1504 1504 586 586 586 586 1504 1504 1502 1502 1504 1504 1505 1505 1502 1502 1507 1507 1509 1509 1506 1506 1510 1510 1509 1509 1511 1511 1292 1292 1510 1510 1291 1291 1510 1510 1511 1511 1291 1291 1508 1508 1512 1512 1513 1513 1511 1511 2546 2546 1291 1291 1507 1507 1512 1512 1508 1508 1515 1515 1514 1514 1435 1435 630 630 1435 1435 1514 1514 1436 1436 1515 1515 1435 1435 1516 1516 1517 1517 2086 2086 2086 2086 1517 1517 1518 1518 1516 1516 2086 2086 1519 1519 1097 1097 1516 1516 1116 1116 1097 1097 1096 1096 1517 1517 1097 1097 1517 1517 1516 1516 1521 1521 881 881 876 876 881 881 1521 1521 884 884 1520 1520 1521 1521 876 876 1521 1521 1522 1522 1523 1523 1524 1524 1522 1522 1521 1521 1521 1521 1523 1523 1525 1525 1521 1521 1526 1526 1524 1524 1521 1521 1525 1525 1527 1527 1526 1526 1521 1521 1528 1528 1529 1529 1521 1521 1527 1527 1530 1530 1521 1521 1520 1520 1530 1530 1531 1531 1532 1532 1530 1530 1533 1533 1531 1531 1533 1533 1530 1530 1534 1534 1528 1528 1521 1521 1530 1530 1532 1532 1535 1535 1530 1530 1530 1530 1535 1535 1528 1528 1521 1521 1529 1529 1536 1536 1521 1521 1537 1537 1538 1538 1521 1521 1538 1538 1539 1539 1521 1521 1536 1536 1537 1537 587 587 1540 1540 588 588 588 588 1540 1540 1541 1541 1543 1543 1545 1545 1546 1546 1548 1548 1547 1547 2444 2444 1545 1545 1547 1547 1548 1548 2444 2444 1622 1622 1548 1548 1220 1220 1549 1549 1181 1181 1550 1550 1933 1933 559 559 560 560 1550 1550 559 559 1551 1551 1557 1557 109 109 1552 1552 1557 1557 1551 1551 1551 1551 1554 1554 1552 1552 1555 1555 1554 1554 1553 1553 1556 1556 1559 1559 1558 1558 1559 1559 1561 1561 1558 1558 1562 1562 1564 1564 1565 1565 1562 1562 1561 1561 1560 1560 1563 1563 1712 1712 1564 1564 1513 1513 1566 1566 1567 1567 1512 1512 1566 1566 1513 1513 333 333 1568 1568 334 334 334 334 1569 1569 335 335 335 335 1569 1569 1570 1570 1571 1571 74 74 75 75 333 333 1571 1571 1568 1568 1569 1569 2354 2354 1570 1570 1568 1568 1569 1569 334 334 333 333 74 74 1571 1571 1572 1572 1573 1573 1575 1575 1574 1574 1575 1575 1573 1573 737 737 1323 1323 1576 1576 742 742 737 737 1576 1576 1578 1578 1579 1579 1099 1099 1577 1577 1099 1099 1579 1579 820 820 1581 1581 1580 1580 2544 2544 1581 1581 913 913 1582 1582 820 820 819 819 1583 1583 913 913 1582 1582 820 820 1582 1582 913 913 1581 1581 820 820 913 913 1182 1182 1584 1584 1585 1585 1586 1586 1587 1587 1184 1184 1184 1184 1587 1587 1186 1186 1182 1182 1586 1586 1184 1184 1189 1189 1588 1588 1183 1183 1589 1589 1587 1587 1586 1586 1589 1589 1586 1586 1590 1590 1584 1584 1183 1183 1588 1588 577 577 2507 2507 667 667 578 578 577 577 1591 1591 667 667 1591 1591 577 577 1592 1592 1975 1975 1989 1989 1975 1975 1593 1593 1594 1594 1594 1594 1595 1595 1596 1596 1592 1592 1593 1593 1975 1975 1592 1592 1597 1597 1593 1593 168 168 835 835 169 169 1598 1598 837 837 836 836 1599 1599 838 838 837 837 836 836 835 835 1598 1598 837 837 1598 1598 1599 1599 171 171 1598 1598 168 168 1598 1598 1601 1601 1599 1599 839 839 838 838 1599 1599 840 840 839 839 1602 1602 1599 1599 1602 1602 839 839 841 841 840 840 1602 1602 1602 1602 1599 1599 1603 1603 168 168 1598 1598 835 835 1604 1604 852 852 841 841 1605 1605 849 849 850 850 1605 1605 851 851 849 849 850 850 852 852 1604 1604 854 854 1606 1606 853 853 853 853 1606 1606 848 848 146 146 848 848 144 144 848 848 1606 1606 144 144 855 855 1607 1607 854 854 1607 1607 855 855 851 851 1602 1602 1604 1604 841 841 1608 1608 171 171 172 172 1599 1599 1609 1609 1603 1603 1600 1600 1598 1598 1608 1608 171 171 1608 1608 1598 1598 1601 1601 1609 1609 1599 1599 1603 1603 1610 1610 1602 1602 1602 1602 1611 1611 1604 1604 1604 1604 1611 1611 1612 1612 1613 1613 1604 1604 1612 1612 1614 1614 1605 1605 1613 1613 1604 1604 1613 1613 1605 1605 1607 1607 1615 1615 1616 1616 1606 1606 1607 1607 1617 1617 1618 1618 166 166 1606 1606 144 144 1606 1606 166 166 854 854 1607 1607 1606 1606 1605 1605 1614 1614 1615 1615 851 851 1605 1605 1607 1607 1607 1607 1616 1616 1617 1617 1606 1606 1619 1619 1618 1618 166 166 1618 1618 167 167 1606 1606 1617 1617 1619 1619 850 850 1604 1604 1605 1605 28 28 27 27 26 26 27 27 1624 1624 1080 1080 1624 1624 27 27 28 28 1624 1624 28 28 32 32 1625 1625 1080 1080 1626 1626 1080 1080 1623 1623 1626 1626 1627 1627 1080 1080 1625 1625 1080 1080 1624 1624 1623 1623 33 33 1286 1286 1624 1624 1310 1310 1286 1286 33 33 347 347 349 349 1624 1624 1624 1624 349 349 1623 1623 1285 1285 1624 1624 1286 1286 347 347 1624 1624 1285 1285 33 33 1624 1624 32 32 1080 1080 1620 1620 1077 1077 1077 1077 1620 1620 2487 2487 1080 1080 1628 1628 1620 1620 1080 1080 1627 1627 1628 1628 1076 1076 2490 2490 1629 1629 2487 2487 2490 2490 1076 1076 2487 2487 1076 1076 1077 1077 1620 1620 1628 1628 1631 1631 1631 1631 1203 1203 1620 1620 1620 1620 1203 1203 1204 1204 1204 1204 1632 1632 1620 1620 1634 1634 1621 1621 2352 2352 1632 1632 1634 1634 1620 1620 1630 1630 2487 2487 2352 2352 1548 1548 1622 1622 1545 1545 1636 1636 1637 1637 1638 1638 1635 1635 1636 1636 1638 1638 1546 1546 1545 1545 1622 1622 479 479 950 950 1622 1622 1621 1621 1634 1634 598 598 597 597 1621 1621 598 598 1621 1621 575 575 1639 1639 597 597 575 575 1621 1621 2352 2352 1621 1621 1388 1388 576 576 1639 1639 575 575 961 961 1639 1639 576 576 1388 1388 1621 1621 1639 1639 950 950 963 963 1622 1622 950 950 479 479 951 951 960 960 1639 1639 961 961 955 955 954 954 479 479 951 951 479 479 954 954 955 955 481 481 957 957 957 957 481 481 960 960 479 479 481 481 955 955 1546 1546 1622 1622 963 963 1639 1639 960 960 481 481 1387 1387 1388 1388 1639 1639 1639 1639 1383 1383 1382 1382 1383 1383 1639 1639 481 481 1640 1640 2511 2511 374 374 2511 2511 1640 1640 1022 1022 1641 1641 368 368 322 322 373 373 2511 2511 372 372 2511 2511 373 373 374 374 1484 1484 370 370 372 372 369 369 370 370 1484 1484 1484 1484 372 372 2511 2511 369 369 34 34 368 368 322 322 368 368 34 34 369 369 1484 1484 34 34 441 441 442 442 437 437 440 440 441 441 438 438 444 444 435 435 442 442 444 444 1642 1642 554 554 1643 1643 557 557 1642 1642 557 557 1643 1643 1644 1644 437 437 438 438 441 441 442 442 435 435 437 437 435 435 444 444 433 433 444 444 554 554 433 433 1642 1642 557 557 554 554 1646 1646 557 557 1644 1644 1644 1644 1645 1645 1646 1646 1645 1645 1443 1443 1646 1646 1647 1647 1441 1441 1645 1645 1334 1334 1210 1210 1648 1648 1343 1343 1336 1336 1338 1338 1210 1210 1334 1334 1336 1336 1210 1210 1647 1647 1648 1648 1441 1441 1443 1443 1645 1645 1647 1647 1442 1442 1441 1441 1210 1210 1442 1442 1647 1647 1341 1341 1342 1342 1339 1339 1210 1210 1336 1336 1343 1343 1338 1338 1342 1342 1343 1343 1342 1342 1338 1338 1339 1339 1055 1055 1649 1649 763 763 763 763 1649 1649 69 69 1650 1650 1651 1651 621 621 624 624 1650 1650 621 621 1652 1652 1653 1653 1655 1655 1655 1655 1654 1654 1572 1572 1653 1653 1654 1654 1655 1655 1658 1658 1655 1655 1572 1572 1572 1572 1660 1660 1659 1659 1660 1660 1572 1572 1661 1661 1659 1659 1658 1658 1572 1572 1655 1655 1658 1658 1656 1656 1655 1655 1656 1656 1665 1665 1665 1665 1662 1662 1657 1657 1663 1663 1662 1662 1664 1664 1664 1664 1662 1662 1542 1542 1662 1662 1665 1665 1666 1666 1667 1667 1662 1662 1666 1666 1541 1541 1668 1668 1669 1669 1542 1542 1668 1668 1541 1541 1670 1670 1950 1950 1541 1541 1669 1669 1670 1670 1541 1541 1668 1668 1542 1542 1667 1667 1662 1662 1667 1667 1542 1542 1575 1575 1672 1672 1572 1572 1671 1671 1672 1672 1575 1575 1673 1673 1671 1671 1575 1575 1575 1575 1674 1674 1673 1673 1674 1674 1575 1575 1675 1675 1505 1505 1679 1679 1675 1675 1676 1676 1505 1505 1575 1575 1677 1677 1505 1505 1676 1676 1678 1678 1505 1505 1677 1677 1675 1675 1575 1575 1505 1505 207 207 588 588 202 202 1680 1680 206 206 1681 1681 203 203 588 588 1950 1950 588 588 200 200 199 199 200 200 588 588 203 203 588 588 199 199 202 202 1680 1680 207 207 206 206 1679 1679 1680 1680 1681 1681 582 582 588 588 1680 1680 1680 1680 588 588 207 207 582 582 1680 1680 583 583 1680 1680 585 585 583 583 1016 1016 1682 1682 1683 1683 1682 1682 1016 1016 1009 1009 1016 1016 1684 1684 1015 1015 1684 1684 1016 1016 1683 1683 1017 1017 1015 1015 1685 1685 1018 1018 1017 1017 1686 1686 1685 1685 1686 1686 1017 1017 1684 1684 1685 1685 1015 1015 686 686 1687 1687 1688 1688 686 686 1689 1689 691 691 681 681 691 691 1446 1446 691 691 1689 1689 1446 1446 1690 1690 688 688 689 689 688 688 1690 1690 1687 1687 267 267 676 676 1234 1234 676 676 674 674 1234 1234 1234 1234 1960 1960 267 267 1691 1691 1693 1693 1692 1692 1693 1693 1433 1433 1694 1694 1691 1691 1432 1432 1433 1433 1433 1433 494 494 1694 1694 1694 1694 494 494 493 493 1693 1693 1691 1691 1433 1433 1217 1217 1695 1695 1700 1700 1696 1696 1697 1697 1698 1698 1695 1695 1698 1698 1699 1699 1698 1698 1697 1697 1699 1699 1700 1700 1695 1695 1699 1699 1701 1701 1697 1697 1696 1696 1702 1702 1703 1703 1701 1701 1696 1696 1702 1702 1701 1701 1702 1702 1704 1704 1703 1703 1707 1707 1704 1704 1705 1705 1704 1704 1706 1706 1703 1703 1707 1707 1706 1706 1704 1704 1708 1708 1654 1654 1653 1653 1710 1710 1653 1653 1652 1652 1710 1710 1652 1652 1711 1711 1654 1654 1573 1573 1572 1572 1652 1652 1655 1655 1711 1711 1709 1709 1573 1573 1654 1654 1712 1712 1563 1563 139 139 1458 1458 1712 1712 139 139 139 139 932 932 1458 1458 1714 1714 120 120 1713 1713 116 116 120 120 1714 1714 1715 1715 1310 1310 1311 1311 1716 1716 1635 1635 1715 1715 1717 1717 1635 1635 1716 1716 1635 1635 1310 1310 1715 1715 1636 1636 1635 1635 1717 1717 1637 1637 1719 1719 1718 1718 1720 1720 1638 1638 1718 1718 1637 1637 1636 1636 1719 1719 1718 1718 1638 1638 1637 1637 477 477 1638 1638 1720 1720 1717 1717 1719 1719 1636 1636 1721 1721 601 601 1117 1117 1122 1122 1721 1721 1117 1117 1117 1117 601 601 1118 1118 1721 1721 1122 1122 1137 1137 1180 1180 1190 1190 1722 1722 1140 1140 1721 1721 1137 1137 1721 1721 1140 1140 1180 1180 1722 1722 1721 1721 1180 1180 1724 1724 1725 1725 1726 1726 1727 1727 1726 1726 1728 1728 1727 1727 1730 1730 1729 1729 1723 1723 1714 1714 1725 1725 1728 1728 1730 1730 1727 1727 1713 1713 1725 1725 1714 1714 1147 1147 922 922 924 924 1731 1731 898 898 900 900 1732 1732 1731 1731 1733 1733 1734 1734 1732 1732 1733 1733 898 898 1731 1731 1732 1732 1735 1735 1734 1734 1736 1736 1737 1737 1735 1735 1736 1736 1732 1732 1734 1734 1735 1735 1738 1738 1737 1737 1739 1739 1735 1735 1737 1737 1738 1738 738 738 1740 1740 1741 1741 736 736 1744 1744 734 734 738 738 1742 1742 736 736 741 741 1740 1740 740 740 1744 1744 736 736 1742 1742 1740 1740 741 741 1743 1743 1745 1745 634 634 632 632 1745 1745 1101 1101 1746 1746 1746 1746 1098 1098 1747 1747 1745 1745 632 632 1100 1100 1099 1099 1577 1577 1098 1098 1098 1098 1577 1577 1747 1747 638 638 1100 1100 632 632 997 997 1550 1550 560 560 1005 1005 997 997 560 560 560 560 1001 1001 1005 1005 560 560 558 558 1001 1001 1748 1748 1414 1414 1416 1416 1416 1416 1419 1419 1748 1748 1414 1414 1748 1748 1749 1749 1750 1750 1414 1414 1749 1749 1748 1748 1751 1751 1749 1749 1417 1417 1752 1752 1413 1413 1415 1415 1754 1754 1418 1418 1415 1415 1413 1413 1753 1753 1418 1418 1754 1754 1331 1331 1752 1752 1417 1417 1750 1750 1749 1749 1755 1755 1750 1750 1756 1756 1757 1757 1748 1748 1750 1750 1755 1755 1758 1758 1752 1752 1750 1750 1758 1758 1752 1752 1759 1759 1753 1753 1753 1753 1760 1760 1754 1754 1415 1415 1753 1753 1754 1754 1413 1413 1752 1752 1753 1753 1754 1754 1760 1760 1331 1331 1756 1756 1748 1748 1419 1419 1761 1761 1144 1144 1763 1763 1764 1764 1144 1144 1151 1151 1764 1764 1765 1765 2119 2119 1761 1761 1762 1762 1143 1143 1152 1152 1765 1765 1151 1151 1151 1151 1765 1765 1764 1764 1142 1142 1143 1143 1762 1762 1766 1766 1172 1172 1767 1767 1173 1173 1549 1549 1768 1768 1768 1768 1172 1172 1173 1173 1171 1171 2110 2110 1170 1170 1549 1549 1173 1173 1181 1181 1171 1171 1766 1766 2110 2110 1769 1769 249 249 1770 1770 1770 1770 249 249 248 248 1769 1769 1770 1770 1771 1771 1769 1769 1110 1110 1109 1109 1109 1109 256 256 249 249 1769 1769 1109 1109 249 249 1772 1772 1773 1773 55 55 1774 1774 1776 1776 1772 1772 1775 1775 1776 1776 1774 1774 1776 1776 1773 1773 1772 1772 1779 1779 1776 1776 1775 1775 1777 1777 1780 1780 1778 1778 1781 1781 1218 1218 1778 1778 1777 1777 1779 1779 1780 1780 1778 1778 1218 1218 1777 1777 1775 1775 1780 1780 1779 1779 1443 1443 1439 1439 1646 1646 1782 1782 1646 1646 1439 1439 1014 1014 282 282 1783 1783 282 282 280 280 1783 1783 1784 1784 1785 1785 905 905 905 905 1787 1787 1786 1786 1787 1787 905 905 1785 1785 905 905 1786 1786 1788 1788 1023 1023 1789 1789 1790 1790 1023 1023 1791 1791 1789 1789 1791 1791 1023 1023 296 296 1790 1790 1788 1788 1786 1786 1788 1788 1792 1792 905 905 905 905 1792 1792 1793 1793 1793 1793 722 722 905 905 1790 1790 1786 1786 1023 1023 1794 1794 1796 1796 1795 1795 1796 1796 1794 1794 1797 1797 1794 1794 1798 1798 1797 1797 1794 1794 722 722 721 721 1794 1794 1799 1799 1800 1800 1794 1794 721 721 1799 1799 1801 1801 1794 1794 1800 1800 1798 1798 1802 1802 1803 1803 1803 1803 1804 1804 1805 1805 1803 1803 1802 1802 1804 1804 1805 1805 1806 1806 1803 1803 1802 1802 1798 1798 1801 1801 1794 1794 1801 1801 1798 1798 296 296 1023 1023 1807 1807 1807 1807 1028 1028 1808 1808 1809 1809 1808 1808 1028 1028 1028 1028 1810 1810 1809 1809 1811 1811 1810 1810 1028 1028 1807 1807 1023 1023 1028 1028 1811 1811 1817 1817 1812 1812 1817 1817 1813 1813 1812 1812 138 138 1813 1813 1817 1817 1028 1028 1814 1814 1817 1817 1817 1817 1815 1815 1816 1816 1817 1817 1814 1814 1815 1815 1811 1811 1028 1028 1817 1817 1818 1818 138 138 1817 1817 1819 1819 245 245 1820 1820 1821 1821 239 239 241 241 241 241 240 240 1821 1821 240 240 244 244 1821 1821 1819 1819 244 244 245 245 1819 1819 1822 1822 1821 1821 1823 1823 1824 1824 1819 1819 1819 1819 1824 1824 1822 1822 244 244 1819 1819 1821 1821 1375 1375 1534 1534 1376 1376 1373 1373 1531 1531 1374 1374 1374 1374 1533 1533 1375 1375 1367 1367 1535 1535 1369 1369 1366 1366 1526 1526 1364 1364 1364 1364 1528 1528 1367 1367 1369 1369 1532 1532 1373 1373 1524 1524 1371 1371 1522 1522 1371 1371 1523 1523 1522 1522 1368 1368 1527 1527 1525 1525 1365 1365 1525 1525 1523 1523 1372 1372 1536 1536 1529 1529 1377 1377 1538 1538 1537 1537 1378 1378 1537 1537 1536 1536 1370 1370 1529 1529 1527 1527 1539 1539 1380 1380 1379 1379 1470 1470 743 743 1825 1825 743 743 1744 1744 1825 1825 1744 1744 743 743 734 734 1826 1826 769 769 1827 1827 2225 2225 1827 1827 769 769 1826 1826 1829 1829 1828 1828 1830 1830 1831 1831 1832 1832 1829 1829 1831 1831 1828 1828 1826 1826 767 767 766 766 766 766 769 769 1826 1826 767 767 1828 1828 768 768 1832 1832 1833 1833 1830 1830 1833 1833 1836 1836 1835 1835 1836 1836 771 771 1835 1835 1837 1837 1257 1257 1259 1259 1259 1259 771 771 1837 1837 1259 1259 773 773 771 771 516 516 2200 2200 515 515 2200 2200 1420 1420 1838 1838 1838 1838 1420 1420 1330 1330 516 516 1422 1422 2200 2200 1422 1422 516 516 517 517 1330 1330 1420 1420 1329 1329 1064 1064 1839 1839 1063 1063 1839 1839 1064 1064 1840 1840 1843 1843 1841 1841 1362 1362 480 480 1362 1362 1363 1363 1842 1842 1362 1362 480 480 1842 1842 1844 1844 1843 1843 1842 1842 480 480 1720 1720 1362 1362 1842 1842 1843 1843 1846 1846 789 789 803 803 1846 1846 1845 1845 2450 2450 1846 1846 2521 2521 789 789 1846 1846 803 803 1845 1845 1848 1848 1849 1849 1847 1847 2431 2431 1848 1848 1847 1847 1851 1851 1849 1849 1848 1848 1852 1852 1850 1850 2192 2192 2192 2192 1850 1850 1853 1853 1850 1850 1852 1852 1851 1851 1848 1848 1850 1850 1851 1851 1848 1848 1821 1821 1822 1822 1822 1822 1824 1824 1848 1848 1850 1850 1848 1848 1824 1824 1819 1819 1854 1854 1850 1850 1824 1824 1823 1823 1850 1850 1853 1853 1850 1850 1854 1854 1850 1850 1823 1823 1819 1819 1848 1848 2431 2431 1821 1821 1357 1357 1855 1855 1386 1386 1857 1857 1855 1855 1357 1357 1856 1856 1857 1857 1357 1357 1858 1858 1867 1867 1859 1859 1860 1860 1867 1867 1858 1858 1861 1861 1863 1863 1860 1860 1867 1867 1860 1860 1863 1863 1862 1862 1863 1863 1861 1861 1863 1863 1862 1862 1050 1050 1864 1864 1047 1047 1865 1865 1864 1864 642 642 1046 1046 1866 1866 643 643 1864 1864 642 642 1864 1864 643 643 1865 1865 1047 1047 1050 1050 1864 1864 1046 1046 1047 1047 1865 1865 1050 1050 1862 1862 1871 1871 1870 1870 1869 1869 1872 1872 1871 1871 1868 1868 1869 1869 1868 1868 1871 1871 1873 1873 1872 1872 1868 1868 1868 1868 1869 1869 1867 1867 1874 1874 1485 1485 1486 1486 1875 1875 1874 1874 1486 1486 1485 1485 1874 1874 1873 1873 1875 1875 1488 1488 657 657 1486 1486 1488 1488 1875 1875 1868 1868 1485 1485 1873 1873 1867 1867 1863 1863 1868 1868 643 643 1866 1866 940 940 1876 1876 940 940 1866 1866 938 938 1876 1876 1905 1905 936 936 938 938 1905 1905 940 940 1876 1876 938 938 936 936 1877 1877 1879 1879 1877 1877 936 936 1905 1905 1880 1880 1879 1879 1881 1881 1878 1878 1879 1879 1880 1880 1878 1878 1882 1882 1883 1883 1880 1880 1882 1882 1878 1878 1877 1877 1881 1881 1879 1879 197 197 287 287 289 289 197 197 283 283 287 287 1879 1879 1878 1878 208 208 1879 1879 208 208 290 290 198 198 197 197 289 289 1875 1875 657 657 196 196 284 284 196 196 657 657 283 283 197 197 196 196 284 284 283 283 196 196 198 198 290 290 201 201 204 204 201 201 290 290 289 289 290 290 198 198 208 208 205 205 204 204 290 290 208 208 204 204 1647 1647 1884 1884 1648 1648 1648 1648 1884 1884 1885 1885 1647 1647 1645 1645 1887 1887 1887 1887 1888 1888 1886 1886 1887 1887 1886 1886 1647 1647 1202 1202 1203 1203 1631 1631 2321 2321 1202 1202 1631 1631 1889 1889 1987 1987 2500 2500 925 925 1978 1978 1889 1889 1987 1987 1889 1889 1978 1978 1891 1891 646 646 1890 1890 975 975 1891 1891 1890 1890 1892 1892 1428 1428 38 38 1893 1893 1428 1428 1892 1892 2201 2201 1892 1892 38 38 1434 1434 1429 1429 1893 1893 1431 1431 1896 1896 1427 1427 1895 1895 1431 1431 1434 1434 1427 1427 1897 1897 1430 1430 1430 1430 1897 1897 495 495 2201 2201 1898 1898 1892 1892 1892 1892 1898 1898 1894 1894 1894 1894 1899 1899 1893 1893 1434 1434 1899 1899 1900 1900 1427 1427 1896 1896 1897 1897 1895 1895 1900 1900 1901 1901 1431 1431 1895 1895 1896 1896 1896 1896 1901 1901 1902 1902 1897 1897 1902 1902 495 495 1903 1903 1878 1878 1883 1883 1903 1903 1883 1883 1882 1882 1880 1880 1904 1904 1882 1882 1904 1904 1903 1903 1882 1882 1880 1880 1674 1674 1904 1904 1679 1679 1878 1878 1903 1903 1674 1674 1675 1675 1904 1904 1903 1903 1675 1675 1679 1679 1903 1903 1904 1904 1675 1675 1905 1905 1673 1673 1877 1877 1866 1866 1672 1672 1876 1876 1908 1908 1909 1909 1907 1907 1906 1906 1908 1908 1907 1907 1911 1911 1909 1909 1908 1908 1912 1912 1910 1910 1540 1540 1540 1540 1910 1910 1541 1541 1910 1910 1912 1912 1911 1911 1908 1908 1910 1910 1911 1911 1908 1908 1662 1662 1663 1663 1663 1663 1664 1664 1908 1908 1542 1542 1541 1541 1910 1910 1664 1664 1542 1542 1910 1910 1908 1908 1906 1906 1662 1662 1158 1158 1186 1186 1587 1587 1160 1160 1158 1158 1913 1913 1587 1587 1913 1913 1158 1158 1589 1589 1913 1913 1587 1587 1915 1915 1589 1589 1590 1590 1914 1914 1589 1589 1915 1915 1915 1915 1916 1916 1914 1914 106 106 109 109 1557 1557 107 107 106 106 1917 1917 1557 1557 1917 1917 106 106 974 974 1890 1890 646 646 646 646 1918 1918 974 974 788 788 1920 1920 786 786 784 784 1920 1920 1921 1921 784 784 1921 1921 1922 1922 1919 1919 789 789 2521 2521 1921 1921 2351 2351 1922 1922 788 788 789 789 1919 1919 1459 1459 1711 1711 1458 1458 1459 1459 1462 1462 1711 1711 1460 1460 1711 1711 1461 1461 1711 1711 1462 1462 1461 1461 1460 1460 1710 1710 1711 1711 1711 1711 1712 1712 1458 1458 1710 1710 1460 1460 1466 1466 1464 1464 1469 1469 1709 1709 1468 1468 1573 1573 1469 1469 1573 1573 1709 1709 1469 1469 1712 1712 1711 1711 1907 1907 1464 1464 1709 1709 1708 1708 1708 1708 1710 1710 1466 1466 1708 1708 1466 1466 1464 1464 1561 1561 1565 1565 1907 1907 1564 1564 1907 1907 1565 1565 1909 1909 1556 1556 1558 1558 1558 1558 1561 1561 1907 1907 1907 1907 1564 1564 1712 1712 1909 1909 1911 1911 1556 1556 1552 1552 1911 1911 1912 1912 1556 1556 1911 1911 1554 1554 1554 1554 1911 1911 1552 1552 1540 1540 1552 1552 1912 1912 1557 1557 1552 1552 1540 1540 1907 1907 1909 1909 1558 1558 131 131 1573 1573 1468 1468 130 130 1923 1923 1574 1574 131 131 130 130 1574 1574 127 127 1923 1923 130 130 131 131 1574 1574 1573 1573 1924 1924 126 126 1925 1925 1925 1925 129 129 1503 1503 1924 1924 1923 1923 127 127 127 127 126 126 1924 1924 1503 1503 129 129 135 135 1503 1503 135 135 134 134 1503 1503 137 137 1209 1209 137 137 1503 1503 134 134 1209 1209 1501 1501 1503 1503 126 126 129 129 1925 1925 1926 1926 587 587 581 581 584 584 1927 1927 580 580 1927 1927 1928 1928 580 580 1928 1928 581 581 580 580 1557 1557 587 587 1917 1917 1917 1917 587 587 1926 1926 1926 1926 581 581 1928 1928 1209 1209 1208 1208 1500 1500 584 584 1929 1929 1927 1927 1930 1930 1929 1929 1500 1500 1500 1500 1929 1929 584 584 1500 1500 1931 1931 1932 1932 1932 1932 1930 1930 1500 1500 1931 1931 1500 1500 1208 1208 1500 1500 1501 1501 1209 1209 561 561 559 559 996 996 559 559 1933 1933 996 996 1842 1842 1720 1720 1934 1934 1935 1935 1937 1937 1938 1938 1939 1939 1937 1937 1936 1936 1935 1935 1941 1941 1934 1934 1941 1941 1844 1844 1842 1842 1934 1934 1941 1941 1842 1842 1943 1943 1945 1945 1942 1942 1333 1333 1946 1946 1311 1311 1943 1943 1947 1947 1944 1944 1946 1946 1333 1333 1947 1947 1945 1945 1939 1939 1942 1942 1889 1889 2500 2500 131 131 1468 1468 1889 1889 131 131 1468 1468 925 925 1889 1889 1948 1948 1691 1691 1692 1692 1424 1424 1432 1432 1948 1948 1948 1948 1432 1432 1691 1691 1948 1948 1949 1949 1424 1424 1666 1666 1665 1665 1869 1869 1870 1870 1666 1666 1869 1869 1870 1870 1667 1667 1666 1666 1668 1668 1871 1871 1872 1872 1873 1873 1668 1668 1872 1872 1874 1874 1669 1669 1873 1873 1875 1875 1950 1950 1670 1670 277 277 1951 1951 807 807 1952 1952 1953 1953 1954 1954 1951 1951 1954 1954 1955 1955 1955 1955 807 807 1951 1951 1954 1954 1953 1953 1955 1955 1956 1956 1953 1953 1952 1952 1957 1957 1958 1958 1956 1956 1952 1952 1957 1957 1956 1956 1957 1957 1959 1959 1958 1958 1962 1962 1959 1959 1960 1960 1959 1959 1961 1961 1958 1958 1962 1962 1961 1961 1959 1959 1963 1963 619 619 1964 1964 1965 1965 602 602 1966 1966 1967 1967 1968 1968 1966 1966 606 606 1965 1965 1964 1964 1968 1968 2247 2247 1966 1966 1963 1963 1970 1970 619 619 1970 1970 620 620 619 619 619 619 606 606 1964 1964 606 606 602 602 1965 1965 1722 1722 1967 1967 1966 1966 601 601 1721 1721 602 602 1966 1966 1721 1721 1722 1722 602 602 1721 1721 1966 1966 1963 1963 1969 1969 1970 1970 1994 1994 1972 1972 1971 1971 108 108 1977 1977 1976 1976 2494 2494 80 80 2496 2496 1981 1981 2498 2498 1982 1982 80 80 1981 1981 1982 1982 80 80 1982 1982 81 81 2494 2494 1981 1981 80 80 1983 1983 81 81 1980 1980 1984 1984 81 81 1983 1983 81 81 1986 1986 1985 1985 2501 2501 1982 1982 2498 2498 1986 1986 81 81 1984 1984 81 81 1982 1982 1980 1980 1975 1975 1987 1987 1978 1978 1982 1982 1596 1596 1988 1988 1982 1982 1987 1987 1975 1975 1982 1982 1594 1594 1596 1596 1982 1982 1988 1988 1980 1980 1982 1982 1975 1975 1594 1594 1987 1987 1982 1982 2501 2501 1971 1971 1972 1972 81 81 1971 1971 81 81 1985 1985 1991 1991 77 77 2341 2341 77 77 2338 2338 2341 2341 1973 1973 2338 2338 77 77 1992 1992 2335 2335 1973 1973 77 77 1972 1972 1973 1973 1971 1971 1990 1990 1993 1993 1971 1971 1993 1993 1994 1994 1992 1992 1973 1973 108 108 1977 1977 1973 1973 1994 1994 108 108 1976 1976 1996 1996 1975 1975 1978 1978 1989 1989 1974 1974 1978 1978 1979 1979 1989 1989 1978 1978 1974 1974 1979 1979 513 513 1974 1974 1979 1979 507 507 512 512 508 508 507 507 1979 1979 1979 1979 512 512 513 513 1978 1978 928 928 929 929 929 929 934 934 1978 1978 933 933 934 934 929 929 1978 1978 140 140 1979 1979 140 140 1272 1272 1979 1979 384 384 1976 1976 1977 1977 385 385 1976 1976 384 384 1995 1995 1996 1996 1976 1976 387 387 1976 1976 385 385 387 387 386 386 1995 1995 387 387 1995 1995 1976 1976 1271 1271 1995 1995 1276 1276 1276 1276 1995 1995 386 386 140 140 1267 1267 1272 1272 1274 1274 1273 1273 140 140 1273 1273 1267 1267 140 140 142 142 1275 1275 1274 1274 1997 1997 1995 1995 141 141 1997 1997 2535 2535 1995 1995 142 142 1271 1271 1275 1275 1995 1995 1271 1271 142 142 1997 1997 141 141 2531 2531 2531 2531 141 141 2533 2533 141 141 1995 1995 142 142 142 142 1274 1274 140 140 511 511 1998 1998 1989 1989 1998 1998 1592 1592 1989 1989 1998 1998 1597 1597 1592 1592 509 509 1974 1974 513 513 511 511 1974 1974 509 509 1989 1989 1974 1974 511 511 1741 1741 1744 1744 1742 1742 1744 1744 1740 1740 1743 1743 1741 1741 1740 1740 1744 1744 1825 1825 1744 1744 1743 1743 1471 1471 1470 1470 1472 1472 1825 1825 1030 1030 1470 1470 1472 1472 1470 1470 1473 1473 1030 1030 1473 1473 1470 1470 1450 1450 1030 1030 1825 1825 1999 1999 1825 1825 1743 1743 1451 1451 1999 1999 2000 2000 1451 1451 2001 2001 2002 2002 2000 2000 2001 2001 1451 1451 1450 1450 1999 1999 1451 1451 2003 2003 2004 2004 1448 1448 1031 1031 1448 1448 2004 2004 2005 2005 2003 2003 1448 1448 1450 1450 1448 1448 1031 1031 1031 1031 1030 1030 1450 1450 1999 1999 1450 1450 1825 1825 1632 1632 2007 2007 1634 1634 2006 2006 1634 1634 2007 2007 2008 2008 121 121 122 122 2009 2009 2010 2010 2011 2011 2011 2011 2013 2013 2009 2009 122 122 2010 2010 2008 2008 2014 2014 121 121 2008 2008 2015 2015 2016 2016 2009 2009 2008 2008 2016 2016 2014 2014 2008 2008 2009 2009 2016 2016 2021 2021 2017 2017 2018 2018 1840 1840 2018 2018 2020 2020 1840 1840 2020 2020 1839 1839 2023 2023 2022 2022 1138 1138 2023 2023 1138 1138 2024 2024 749 749 2002 2002 2001 2001 749 749 2000 2000 748 748 751 751 1449 1449 2002 2002 1999 1999 2025 2025 2000 2000 2000 2000 2025 2025 748 748 1451 1451 2002 2002 1449 1449 1686 1686 1019 1019 1018 1018 1019 1019 1686 1686 2026 2026 2026 2026 2027 2027 1019 1019 2028 2028 2027 2027 2026 2026 2020 2020 2018 2018 1839 1839 2018 2018 2017 2017 1839 1839 2030 2030 2012 2012 2011 2011 2029 2029 2030 2030 2011 2011 2017 2017 2012 2012 2030 2030 2017 2017 2030 2030 1839 1839 122 122 2031 2031 2010 2010 122 122 2152 2152 2032 2032 572 572 2033 2033 122 122 2152 2152 122 122 2033 2033 1063 1063 1839 1839 2030 2030 2010 2010 2031 2031 2029 2029 122 122 2032 2032 2031 2031 2010 2010 2029 2029 2011 2011 1066 1066 1065 1065 1063 1063 1069 1069 1066 1066 2034 2034 1063 1063 2034 2034 1066 1066 1070 1070 1069 1069 2034 2034 1072 1072 111 111 113 113 1074 1074 1072 1072 113 113 111 111 1072 1072 1070 1070 1074 1074 115 115 116 116 1714 1714 1074 1074 116 116 113 113 115 115 1074 1074 2034 2034 111 111 1070 1070 2034 2034 1063 1063 2030 2030 2033 2033 572 572 2035 2035 2036 2036 572 572 570 570 2037 2037 2036 2036 570 570 2035 2035 572 572 2036 2036 2037 2037 569 569 2040 2040 569 569 2037 2037 570 570 563 563 2040 2040 566 566 2038 2038 2040 2040 563 563 563 563 562 562 2038 2038 569 569 566 566 2040 2040 1240 1240 1724 1724 1727 1727 1239 1239 1723 1723 1724 1724 2039 2039 1729 1729 2040 2040 2039 2039 2040 2040 2038 2038 1241 1241 1240 1240 1727 1727 1074 1074 1714 1714 1239 1239 1240 1240 1239 1239 1724 1724 1714 1714 1723 1723 1239 1239 1241 1241 1729 1729 1243 1243 1247 1247 1243 1243 1729 1729 1727 1727 1729 1729 1241 1241 1248 1248 2039 2039 1251 1251 2039 2039 1248 1248 1247 1247 1729 1729 2039 2039 1247 1247 983 983 2042 2042 2041 2041 2042 2042 982 982 2043 2043 2041 2041 259 259 983 983 983 983 982 982 2042 2042 982 982 984 984 2043 2043 981 981 2044 2044 984 984 984 984 2044 2044 2043 2043 260 260 983 983 259 259 2424 2424 1233 1233 2045 2045 2046 2046 2424 2424 2045 2045 2047 2047 2048 2048 2049 2049 2050 2050 2047 2047 2049 2049 2045 2045 2048 2048 2046 2046 2052 2052 2424 2424 2046 2046 2053 2053 2054 2054 2047 2047 2046 2046 2054 2054 2052 2052 2046 2046 2047 2047 2054 2054 2055 2055 2050 2050 2056 2056 2056 2056 2058 2058 2055 2055 2059 2059 2058 2058 2057 2057 2059 2059 1228 1228 2060 2060 2060 2060 2061 2061 2059 2059 1491 1491 1162 1162 2062 2062 1161 1161 2062 2062 1162 1162 2064 2064 1423 1423 1421 1421 1421 1421 2065 2065 2064 2064 1949 1949 2065 2065 1424 1424 1421 1421 1424 1424 2065 2065 1950 1950 1875 1875 196 196 196 196 203 203 1950 1950 1049 1049 1052 1052 1051 1051 1052 1052 1048 1048 645 645 1049 1049 1048 1048 1052 1052 2066 2066 1052 1052 645 645 2066 2066 656 656 1490 1490 1487 1487 1490 1490 1489 1489 656 656 1489 1489 1490 1490 2067 2067 656 656 2066 2066 2067 2067 2066 2066 645 645 941 941 644 644 943 943 943 943 942 942 941 941 2067 2067 644 644 941 941 292 292 291 291 294 294 286 286 294 294 291 291 293 293 292 292 294 294 2067 2067 294 294 286 286 286 286 656 656 2067 2067 644 644 2067 2067 645 645 2068 2068 2069 2069 2070 2070 2071 2071 2072 2072 2073 2073 2071 2071 2070 2070 2072 2072 2074 2074 2075 2075 2076 2076 2077 2077 2074 2074 2078 2078 2074 2074 2076 2076 2078 2078 2074 2074 2073 2073 2075 2075 2071 2071 888 888 2079 2079 2079 2079 888 888 896 896 2071 2071 2079 2079 2068 2068 2073 2073 2074 2074 2071 2071 2070 2070 2071 2071 2068 2068 2074 2074 886 886 885 885 2074 2074 883 883 886 886 2082 2082 883 883 2074 2074 888 888 2071 2071 885 885 2074 2074 885 885 2071 2071 2078 2078 2540 2540 2553 2553 2078 2078 2553 2553 2080 2080 2074 2074 2077 2077 2081 2081 2078 2078 2080 2080 2077 2077 883 883 2083 2083 882 882 883 883 2082 2082 2083 2083 2074 2074 2081 2081 2082 2082 735 735 58 58 64 64 64 64 2084 2084 735 735 741 741 2025 2025 1743 1743 2025 2025 1999 1999 1743 1743 228 228 2088 2088 2089 2089 2090 2090 2088 2088 228 228 2091 2091 2092 2092 228 228 2092 2092 2090 2090 228 228 228 228 473 473 2091 2091 227 227 2093 2093 228 228 640 640 227 227 232 232 227 227 640 640 2094 2094 232 232 595 595 640 640 595 595 232 232 591 591 2093 2093 473 473 228 228 227 227 2094 2094 2095 2095 466 466 470 470 2096 2096 472 472 2096 2096 470 470 465 465 464 464 467 467 466 466 465 465 467 467 465 465 466 466 2096 2096 472 472 473 473 2096 2096 2102 2102 2097 2097 2093 2093 2098 2098 1916 1916 2093 2093 2093 2093 2095 2095 2098 2098 2093 2093 2099 2099 2096 2096 2093 2093 2100 2100 2099 2099 2093 2093 2097 2097 2101 2101 2101 2101 2100 2100 2093 2093 2096 2096 473 473 2093 2093 2093 2093 227 227 2095 2095 232 232 1147 1147 2103 2103 231 231 1147 1147 232 232 2103 2103 2104 2104 591 591 591 591 232 232 2103 2103 231 231 922 922 1147 1147 922 922 231 231 919 919 2105 2105 1762 1762 222 222 231 231 1762 1762 1761 1761 1761 1761 1763 1763 919 919 919 919 231 231 1761 1761 222 222 253 253 2105 2105 250 250 253 253 2106 2106 1762 1762 231 231 222 222 2104 2104 2107 2107 592 592 591 591 2104 2104 592 592 2170 2170 176 176 594 594 594 594 2107 2107 2170 2170 2107 2107 594 594 592 592 2119 2119 915 915 1764 1764 1764 1764 915 915 917 917 1764 1764 917 917 1763 1763 2119 2119 965 965 915 915 1084 1084 248 248 247 247 2108 2108 247 247 250 250 917 917 919 919 1763 1763 222 222 2109 2109 253 253 1916 1916 2102 2102 2093 2093 1256 1256 2102 2102 1916 1916 1256 1256 1915 1915 1590 1590 1915 1915 1256 1256 1916 1916 1590 1590 1254 1254 1256 1256 2110 2110 175 175 176 176 176 176 2170 2170 2110 2110 2110 2110 177 177 175 175 1586 1586 1254 1254 1590 1590 212 212 211 211 1767 1767 177 177 1766 1766 211 211 1585 1585 1254 1254 1586 1586 1588 1588 2111 2111 2112 2112 2112 2112 2113 2113 1588 1588 1033 1033 2114 2114 2111 2111 2114 2114 1033 1033 2115 2115 1588 1588 1033 1033 2111 2111 1584 1584 2113 2113 1254 1254 1768 1768 1034 1034 214 214 216 216 1033 1033 1588 1588 1033 1033 216 216 1034 1034 214 214 1034 1034 216 216 212 212 1768 1768 214 214 1584 1584 1588 1588 2113 2113 1584 1584 1254 1254 1585 1585 2116 2116 964 964 965 965 211 211 1766 1766 1767 1767 2117 2117 1221 1221 1222 1222 1222 1222 964 964 2118 2118 177 177 2110 2110 1766 1766 965 965 2119 2119 2116 2116 964 964 2116 2116 2118 2118 2118 2118 2117 2117 1222 1222 2120 2120 1221 1221 2117 2117 1219 1219 1221 1221 2120 2120 1219 1219 1036 1036 1220 1220 1034 1034 1220 1220 1036 1036 1220 1220 1034 1034 1549 1549 2121 2121 1219 1219 2120 2120 1768 1768 1549 1549 1034 1034 1036 1036 2121 2121 2279 2279 2122 2122 1037 1037 2123 2123 2123 2123 1037 1037 1036 1036 2279 2279 2123 2123 1036 1036 2124 2124 2122 2122 2125 2125 1219 1219 2121 2121 1036 1036 2125 2125 2126 2126 2138 2138 212 212 1767 1767 1768 1768 1577 1577 1579 1579 222 222 222 222 1579 1579 2109 2109 2109 2109 2106 2106 253 253 1577 1577 190 190 1747 1747 222 222 221 221 1577 1577 250 250 2106 2106 2108 2108 190 190 221 221 188 188 189 189 188 188 221 221 221 221 224 224 189 189 1745 1745 1746 1746 2127 2127 2127 2127 1746 1746 1747 1747 193 193 2127 2127 1747 1747 1747 1747 190 190 193 193 221 221 190 190 1577 1577 635 635 633 633 2198 2198 248 248 1083 1083 1770 1770 634 634 1745 1745 2127 2127 633 633 634 634 2198 2198 634 634 2127 2127 2198 2198 1084 1084 247 247 2108 2108 189 189 224 224 1397 1397 2128 2128 1397 1397 224 224 224 224 2129 2129 2128 2128 2130 2130 224 224 1518 1518 224 224 2130 2130 2129 2129 2085 2085 2131 2131 2132 2132 2132 2132 2133 2133 2085 2085 2085 2085 2134 2134 2135 2135 2134 2134 2085 2085 2133 2133 2135 2135 2136 2136 2085 2085 2085 2085 1518 1518 224 224 2086 2086 1518 1518 2085 2085 2137 2137 2085 2085 2136 2136 2085 2085 2137 2137 2087 2087 1771 1771 1770 1770 2138 2138 2138 2138 2124 2124 2125 2125 1037 1037 2139 2139 945 945 2124 2124 2139 2139 2122 2122 2122 2122 2139 2139 1037 1037 2140 2140 2198 2198 2141 2141 2198 2198 2140 2140 635 635 2142 2142 2143 2143 2198 2198 2143 2143 2141 2141 2198 2198 2138 2138 1770 1770 1083 1083 947 947 2143 2143 2145 2145 2145 2145 2143 2143 2142 2142 1038 1038 947 947 2145 2145 1037 1037 945 945 1038 1038 1038 1038 2145 2145 2146 2146 2023 2023 1038 1038 2146 2146 947 947 1038 1038 945 945 1042 1042 2147 2147 2144 2144 1042 1042 2148 2148 2147 2147 1039 1039 1038 1038 2023 2023 2024 2024 2148 2148 1039 1039 1042 1042 1039 1039 2148 2148 1039 1039 2023 2023 2024 2024 1042 1042 2144 2144 1519 1519 2086 2086 1042 1042 1519 1519 2126 2126 1771 1771 2138 2138 2137 2137 463 463 2087 2087 2087 2087 463 463 460 460 459 459 2087 2087 460 460 2087 2087 459 459 458 458 2087 2087 455 455 452 452 2087 2087 458 458 455 455 408 408 1045 1045 451 451 451 451 1045 1045 452 452 1045 1045 2087 2087 452 452 407 407 409 409 408 408 413 413 408 408 409 409 412 412 416 416 408 408 424 424 428 428 429 429 1045 1045 1043 1043 2087 2087 1045 1045 420 420 429 429 416 416 418 418 408 408 418 418 1045 1045 408 408 418 418 420 420 1045 1045 425 425 424 424 429 429 422 422 425 425 429 429 429 429 420 420 422 422 413 413 412 412 408 408 1299 1299 1301 1301 2149 2149 1002 1002 1299 1299 2149 2149 1299 1299 1002 1002 995 995 2149 2149 1003 1003 1002 1002 1003 1003 2149 2149 2150 2150 2151 2151 998 998 2150 2150 999 999 998 998 2403 2403 2151 2151 2403 2403 998 998 1003 1003 2150 2150 998 998 2141 2141 1125 1125 1124 1124 2140 2140 1124 1124 1123 1123 2140 2140 631 631 635 635 2143 2143 947 947 1125 1125 636 636 631 631 1123 1123 1123 1123 631 631 2140 2140 946 946 1125 1125 947 947 2063 2063 1756 1756 1419 1419 1423 1423 2063 2063 1419 1419 1546 1546 963 963 1543 1543 962 962 1543 1543 963 963 2066 2066 1490 1490 1868 1868 1868 1868 1052 1052 2066 2066 1052 1052 1868 1868 1863 1863 2152 2152 2153 2153 2154 2154 2033 2033 2153 2153 2152 2152 2157 2157 1795 1795 2156 2156 2155 2155 903 903 2157 2157 2156 2156 1795 1795 1796 1796 2158 2158 2159 2159 2160 2160 2157 2157 903 903 1795 1795 903 903 1794 1794 1795 1795 2159 2159 2158 2158 1797 1797 2159 2159 1797 1797 1798 1798 2161 2161 311 311 320 320 2162 2162 2161 2161 320 320 2163 2163 2161 2161 2162 2162 2164 2164 2162 2162 320 320 2164 2164 320 320 321 321 2165 2165 321 321 319 319 497 497 319 319 316 316 319 319 497 497 2165 2165 2164 2164 321 321 2165 2165 2109 2109 1579 1579 2166 2166 1578 1578 2166 2166 1579 1579 2106 2106 2109 2109 2166 2166 2167 2167 2108 2108 2106 2106 1084 1084 2108 2108 2167 2167 2167 2167 1103 1103 1108 1108 1104 1104 1103 1103 2166 2166 2106 2106 2166 2166 2167 2167 1108 1108 1084 1084 2167 2167 1084 1084 1108 1108 1082 1082 1578 1578 1104 1104 2166 2166 2103 2103 1147 1147 2168 2168 2104 2104 2103 2103 2168 2168 2169 2169 2107 2107 2104 2104 2170 2170 2107 2107 2169 2169 2168 2168 2169 2169 2104 2104 1150 1150 1147 1147 1148 1148 1150 1150 1149 1149 2168 2168 2169 2169 1149 1149 1153 1153 2170 2170 2169 2169 1163 1163 1153 1153 1163 1163 2169 2169 1147 1147 1150 1150 2168 2168 2451 2451 375 375 365 365 352 352 1705 1705 2171 2171 2173 2173 804 804 2172 2172 2173 2173 801 801 802 802 2171 2171 804 804 805 805 2171 2171 805 805 352 352 2175 2175 798 798 796 796 782 782 2177 2177 1217 1217 2177 2177 798 798 2176 2176 2177 2177 782 782 794 794 801 801 2175 2175 796 796 304 304 2178 2178 310 310 304 304 1498 1498 2178 2178 1688 1688 1446 1446 1689 1689 1687 1687 1444 1444 1688 1688 1446 1446 1688 1688 1444 1444 1690 1690 1444 1444 1687 1687 2179 2179 1445 1445 2180 2180 1444 1444 2180 2180 1445 1445 2180 2180 1444 1444 2181 2181 2297 2297 2181 2181 1444 1444 2297 2297 1444 1444 1690 1690 2297 2297 364 364 1396 1396 360 360 857 857 364 364 857 857 360 360 359 359 359 359 363 363 857 857 1394 1394 1393 1393 857 857 1396 1396 857 857 1393 1393 1395 1395 1394 1394 856 856 857 857 856 856 1394 1394 857 857 1396 1396 364 364 2182 2182 2183 2183 353 353 2184 2184 2186 2186 2182 2182 2185 2185 2186 2186 2184 2184 2186 2186 2183 2183 2182 2182 2189 2189 2186 2186 2185 2185 2187 2187 2190 2190 2188 2188 2191 2191 1260 1260 2188 2188 2187 2187 2189 2189 2190 2190 2188 2188 1260 1260 2187 2187 2185 2185 2190 2190 2189 2189 2193 2193 2192 2192 1853 1853 2194 2194 2259 2259 2193 2193 2194 2194 2193 2193 1853 1853 1854 1854 2194 2194 1853 1853 1854 1854 1819 1819 1818 1818 2195 2195 1854 1854 1818 1818 1818 1818 1817 1817 2195 2195 2197 2197 1322 1322 2196 2196 1320 1320 2196 2196 1322 1322 1228 1228 2197 2197 2196 2196 1224 1224 2197 2197 1228 1228 2198 2198 2127 2127 1106 1106 1107 1107 2198 2198 1106 1106 518 518 807 807 2201 2201 2197 2197 1760 1760 1759 1759 1224 1224 1231 1231 2202 2202 1224 1224 2202 2202 2197 2197 1227 1227 1231 1231 1224 1224 1755 1755 2197 2197 1758 1758 2197 2197 1759 1759 1758 1758 2197 2197 1751 1751 1757 1757 1229 1229 2202 2202 1231 1231 1751 1751 2197 2197 1755 1755 1760 1760 2197 2197 2202 2202 1331 1331 2202 2202 1330 1330 1331 1331 1760 1760 2202 2202 1330 1330 2202 2202 1838 1838 2202 2202 806 806 2200 2200 2202 2202 2200 2200 1838 1838 515 515 2200 2200 807 807 806 806 2202 2202 1229 1229 2197 2197 2199 2199 1322 1322 1322 1322 2199 2199 1317 1317 2199 2199 1756 1756 2063 2063 2199 2199 2197 2197 1757 1757 1757 1757 1756 1756 2199 2199 1317 1317 1321 1321 1322 1322 2199 2199 2063 2063 2064 2064 2199 2199 2064 2064 1949 1949 2064 2064 2065 2065 1949 1949 1948 1948 579 579 1317 1317 1316 1316 1317 1317 579 579 1692 1692 1693 1693 579 579 1948 1948 2199 2199 1949 1949 807 807 518 518 515 515 2203 2203 2204 2204 518 518 2205 2205 2203 2203 2201 2201 2201 2201 37 37 2205 2205 2201 2201 2203 2203 518 518 807 807 1955 1955 1953 1953 1956 1956 807 807 1953 1953 1956 1956 1962 1962 807 807 1962 1962 1958 1958 1961 1961 1958 1958 1962 1962 1956 1956 807 807 1235 1235 2201 2201 1235 1235 1898 1898 2201 2201 2206 2206 579 579 1693 1693 1694 1694 493 493 2206 2206 1694 1694 2206 2206 1693 1693 1902 1902 2206 2206 495 495 495 495 2206 2206 493 493 1235 1235 1894 1894 1898 1898 1900 1900 1899 1899 1235 1235 1899 1899 1894 1894 1235 1235 1236 1236 1901 1901 1900 1900 2208 2208 2206 2206 1237 1237 1236 1236 1902 1902 1901 1901 2206 2206 1902 1902 1236 1236 2208 2208 1237 1237 2209 2209 1237 1237 2206 2206 1236 1236 1236 1236 1900 1900 1235 1235 2210 2210 2037 2037 2040 2040 2037 2037 2210 2210 2211 2211 2036 2036 2037 2037 2211 2211 2212 2212 2035 2035 2036 2036 2033 2033 2035 2035 2212 2212 2211 2211 2212 2212 2036 2036 2213 2213 2214 2214 2211 2211 2212 2212 2211 2211 2214 2214 2033 2033 2212 2212 2153 2153 2215 2215 2153 2153 2212 2212 2215 2215 2212 2212 2214 2214 2210 2210 2213 2213 2211 2211 1253 1253 299 299 1252 1252 1257 1257 2216 2216 2460 2460 2217 2217 2218 2218 2219 2219 2216 2216 2219 2219 2220 2220 2219 2219 2218 2218 2220 2220 2460 2460 2216 2216 2220 2220 2221 2221 2218 2218 2217 2217 2222 2222 2223 2223 2221 2221 2217 2217 2222 2222 2221 2221 2222 2222 2224 2224 2223 2223 2227 2227 2224 2224 2225 2225 2224 2224 2226 2226 2223 2223 2227 2227 2226 2226 2224 2224 219 219 217 217 323 323 1328 1328 323 323 217 217 2228 2228 2229 2229 1492 1492 537 537 1492 1492 2229 2229 526 526 1492 1492 537 537 1492 1492 526 526 525 525 1493 1493 1492 1492 525 525 1491 1491 2228 2228 1492 1492 2230 2230 2231 2231 809 809 2232 2232 2233 2233 2231 2231 2228 2228 1491 1491 2234 2234 1491 1491 2062 2062 2234 2234 1967 1967 2235 2235 1493 1493 1967 1967 2236 2236 2235 2235 1967 1967 1722 1722 2237 2237 1967 1967 2238 2238 2239 2239 1967 1967 2237 2237 2238 2238 2239 2239 2236 2236 1967 1967 530 530 1493 1493 524 524 525 525 524 524 1493 1493 1968 1968 1493 1493 530 530 1967 1967 1493 1493 1968 1968 529 529 534 534 1968 1968 1968 1968 530 530 529 529 2230 2230 2240 2240 2241 2241 2231 2231 2241 2241 2232 2232 2242 2242 2230 2230 2243 2243 2242 2242 2240 2240 2230 2230 2230 2230 2241 2241 2231 2231 2244 2244 2243 2243 2230 2230 2245 2245 2244 2244 2230 2230 2245 2245 553 553 2246 2246 2245 2245 2246 2246 2244 2244 552 552 553 553 2245 2245 2247 2247 1968 1968 540 540 1968 1968 533 533 536 536 540 540 1968 1968 541 541 536 536 541 541 1968 1968 2247 2247 540 540 545 545 534 534 533 533 1968 1968 2247 2247 549 549 548 548 548 548 552 552 2247 2247 2245 2245 2247 2247 552 552 544 544 2247 2247 545 545 2247 2247 544 544 549 549 1941 1941 1583 1583 1844 1844 1941 1941 1938 1938 1583 1583 1940 1940 1583 1583 1937 1937 1583 1583 1938 1938 1937 1937 1940 1940 911 911 1583 1583 1583 1583 1843 1843 1844 1844 911 911 1940 1940 1945 1945 1947 1947 908 908 1944 1944 1947 1947 1333 1333 2248 2248 1332 1332 2248 2248 1333 1333 907 907 911 911 1945 1945 1947 1947 2248 2248 908 908 908 908 907 907 1944 1944 907 907 1945 1945 1944 1944 819 819 1841 1841 1843 1843 1582 1582 819 819 1843 1843 1582 1582 1843 1843 1583 1583 1360 1360 1841 1841 819 819 819 819 1361 1361 1360 1360 1355 1355 1361 1361 819 819 818 818 1352 1352 1355 1355 1353 1353 821 821 824 824 1352 1352 821 821 1353 1353 818 818 821 821 1352 1352 1353 1353 824 824 1356 1356 1566 1566 1356 1356 824 824 1357 1357 1356 1356 1566 1566 1512 1512 1357 1357 1566 1566 819 819 818 818 1355 1355 1406 1406 2250 2250 2249 2249 1332 1332 1406 1406 2249 2249 1403 1403 2250 2250 1406 1406 1403 1403 2251 2251 2250 2250 2251 2251 1402 1402 2252 2252 1405 1405 1295 1295 2252 2252 1403 1403 1402 1402 2251 2251 1295 1295 1405 1405 1410 1410 1295 1295 1410 1410 1409 1409 2253 2253 1295 1295 1409 1409 1295 1295 2255 2255 1293 1293 1295 1295 2253 2253 2254 2254 1293 1293 2255 2255 1292 1292 2252 2252 1402 1402 1405 1405 1510 1510 2288 2288 1506 1506 2288 2288 2291 2291 1506 1506 2291 2291 1507 1507 1506 1506 1856 1856 1512 1512 2293 2293 2293 2293 1512 1512 1507 1507 2293 2293 1507 1507 2291 2291 2286 2286 1292 1292 2256 2256 2286 2286 2288 2288 1510 1510 2257 2257 1292 1292 2258 2258 1292 1292 2257 2257 2256 2256 2258 2258 1292 1292 2255 2255 1292 1292 2286 2286 1510 1510 1332 1332 2249 2249 2248 2248 2259 2259 2194 2194 2260 2260 2260 2260 1815 1815 2261 2261 2261 2261 1814 1814 2262 2262 2262 2262 1026 1026 1027 1027 2260 2260 2194 2194 2195 2195 2195 2195 1817 1817 1816 1816 1026 1026 2262 2262 1814 1814 1026 1026 1814 1814 1028 1028 2260 2260 2195 2195 1816 1816 1657 1657 1662 1662 1906 1906 1657 1657 1711 1711 1655 1655 1906 1906 1907 1907 1657 1657 1907 1907 1711 1711 1657 1657 2031 2031 2263 2263 2264 2264 2031 2031 2265 2265 2029 2029 2029 2029 2266 2266 2030 2030 2032 2032 2152 2152 2263 2263 2265 2265 2266 2266 2029 2029 2154 2154 2263 2263 2152 2152 2267 2267 860 860 859 859 2268 2268 861 861 858 858 861 861 2269 2269 862 862 2270 2270 871 871 863 863 2269 2269 863 863 862 862 858 858 860 860 2268 2268 2268 2268 2269 2269 861 861 2269 2269 2270 2270 863 863 872 872 2270 2270 2271 2271 872 872 871 871 2270 2270 2267 2267 2268 2268 860 860 1867 1867 1869 1869 1665 1665 1665 1665 1656 1656 1867 1867 2244 2244 846 846 845 845 2246 2246 847 847 846 846 843 843 2243 2243 844 844 2240 2240 842 842 834 834 842 842 2242 2242 843 843 845 845 2243 2243 2244 2244 2246 2246 553 553 551 551 847 847 2246 2246 551 551 846 846 2244 2244 2246 2246 2241 2241 834 834 833 833 831 831 2241 2241 833 833 832 832 2232 2232 831 831 827 827 1161 1161 828 828 828 828 1157 1157 832 832 826 826 2228 2228 2234 2234 830 830 2229 2229 2228 2228 2234 2234 827 827 826 826 2229 2229 829 829 520 520 828 828 1161 1161 1157 1157 1157 1157 2233 2233 2232 2232 832 832 1157 1157 2232 2232 1161 1161 2234 2234 2062 2062 2234 2234 1161 1161 827 827 2229 2229 520 520 537 537 713 713 1811 1811 1812 1812 712 712 1811 1811 711 711 713 713 1813 1813 714 714 714 714 1813 1813 138 138 709 709 1808 1808 1809 1809 708 708 1807 1807 1808 1808 1810 1810 709 709 1809 1809 777 777 653 653 2272 2272 652 652 2272 2272 653 653 648 648 2272 2272 652 652 2273 2273 779 779 777 777 779 779 2273 2273 778 778 778 778 2273 2273 2276 2276 2272 2272 2273 2273 777 777 2272 2272 649 649 2274 2274 2274 2274 2275 2275 2272 2272 2277 2277 2276 2276 2273 2273 2275 2275 2277 2277 2273 2273 2272 2272 648 648 649 649 1550 1550 997 997 996 996 996 996 1933 1933 1550 1550 1661 1661 1672 1672 1866 1866 1866 1866 1864 1864 1661 1661 687 687 296 296 685 685 687 687 1789 1789 1791 1791 1790 1790 684 684 679 679 679 679 1788 1788 1790 1790 677 677 1793 1793 1792 1792 677 677 1788 1788 678 678 683 683 722 722 1793 1793 2117 2117 2118 2118 2278 2278 2117 2117 1168 1168 2120 2120 2121 2121 1168 1168 1175 1175 2117 2117 2278 2278 1166 1166 1176 1176 2279 2279 1175 1175 1175 1175 2279 2279 2121 2121 1165 1165 1166 1166 2278 2278 2287 2287 1078 1078 2280 2280 2281 2281 2287 2287 2280 2280 2282 2282 2283 2283 2284 2284 2285 2285 2282 2282 2284 2284 2280 2280 2283 2283 2281 2281 2255 2255 2287 2287 2258 2258 2258 2258 2287 2287 2281 2281 2256 2256 2257 2257 2282 2282 2281 2281 2257 2257 2258 2258 2281 2281 2282 2282 2257 2257 2288 2288 2285 2285 2289 2289 2290 2290 2288 2288 2289 2289 2290 2290 2293 2293 2291 2291 2292 2292 1857 1857 1856 1856 1856 1856 2293 2293 2292 2292 1164 1164 1165 1165 2278 2278 1164 1164 1765 1765 1152 1152 1765 1765 1164 1164 2278 2278 2278 2278 2116 2116 1765 1765 2116 2116 2119 2119 1765 1765 2118 2118 2116 2116 2278 2278 2138 2138 1083 1083 1081 1081 2124 2124 1131 1131 1128 1128 2124 2124 1127 1127 2139 2139 2138 2138 1081 1081 1131 1131 944 944 945 945 1127 1127 1127 1127 945 945 2139 2139 2294 2294 970 970 2295 2295 981 981 2294 2294 2044 2044 970 970 2294 2294 981 981 1079 1079 1078 1078 2287 2287 1411 1411 22 22 1079 1079 2287 2287 1411 1411 1079 1079 2254 2254 1411 1411 2287 2287 1411 1411 2254 2254 2253 2253 2287 2287 2255 2255 2254 2254 2196 2196 1320 1320 2296 2296 2060 2060 1228 1228 2196 2196 2296 2296 2060 2060 2196 2196 2297 2297 1396 1396 719 719 2297 2297 719 719 706 706 344 344 1650 1650 303 303 2298 2298 2299 2299 1650 1650 2298 2298 1650 1650 344 344 1650 1650 2299 2299 1651 1651 2300 2300 2299 2299 2301 2301 2302 2302 2300 2300 2301 2301 1651 1651 2299 2299 2300 2300 2301 2301 2303 2303 2302 2302 2301 2301 2304 2304 2303 2303 2304 2304 2301 2301 2305 2305 991 991 990 990 968 968 1086 1086 991 991 968 968 1086 1086 968 968 2306 2306 2307 2307 1302 1302 1305 1305 2307 2307 1303 1303 1302 1302 967 967 1303 1303 2306 2306 2307 2307 2306 2306 1303 1303 968 968 967 967 2306 2306 2307 2307 1305 1305 1304 1304 2308 2308 2309 2309 2305 2305 2304 2304 2305 2305 2309 2309 2310 2310 2311 2311 2308 2308 2312 2312 2311 2311 1379 1379 2311 2311 2310 2310 1379 1379 1376 1376 2312 2312 1379 1379 2305 2305 2310 2310 2308 2308 1530 1530 1376 1376 1534 1534 2310 2310 1539 1539 1379 1379 1307 1307 2313 2313 1308 1308 2313 2313 2314 2314 1308 1308 2314 2314 1304 1304 1306 1306 1308 1308 2314 2314 1306 1306 2307 2307 1304 1304 2314 2314 1520 1520 2312 2312 1530 1530 1309 1309 2312 2312 1520 1520 1309 1309 1520 1520 2313 2313 1307 1307 1309 1309 2313 2313 2312 2312 1376 1376 1530 1530 781 781 2315 2315 799 799 2276 2276 2316 2316 781 781 781 781 2316 2316 2315 2315 778 778 2276 2276 781 781 1925 1925 1503 1503 1502 1502 1925 1925 1677 1677 1924 1924 1923 1923 1677 1677 1676 1676 1925 1925 1502 1502 1678 1678 1575 1575 1574 1574 1676 1676 1676 1676 1574 1574 1923 1923 1505 1505 1678 1678 1502 1502 2085 2085 2317 2317 2131 2131 2132 2132 2317 2317 2318 2318 2133 2133 2320 2320 2134 2134 2136 2136 2547 2547 2548 2548 2135 2135 2320 2320 2547 2547 2133 2133 2318 2318 2319 2319 2322 2322 2325 2325 2323 2323 2323 2323 2321 2321 2322 2322 2325 2325 2322 2322 2324 2324 1631 1631 2322 2322 2321 2321 2325 2325 2324 2324 2326 2326 2327 2327 2326 2326 2324 2324 2322 2322 1627 1627 2324 2324 2329 2329 2330 2330 2332 2332 2328 2328 2329 2329 2327 2327 2332 2332 2331 2331 350 350 350 350 2331 2331 348 348 2324 2324 1625 1625 2327 2327 1631 1631 1628 1628 2322 2322 2327 2327 1625 1625 1626 1626 2328 2328 2327 2327 1626 1626 2328 2328 1626 1626 2330 2330 2330 2330 1623 1623 2331 2331 349 349 348 348 2331 2331 2332 2332 2330 2330 2331 2331 2329 2329 2328 2328 2330 2330 2330 2330 1626 1626 1623 1623 2331 2331 1623 1623 349 349 758 758 2004 2004 2003 2003 758 758 2005 2005 759 759 757 757 759 759 1448 1448 759 759 2005 2005 1448 1448 2004 2004 1029 1029 1031 1031 762 762 1029 1029 2004 2004 1425 1425 2203 2203 2205 2205 1425 1425 2205 2205 37 37 518 518 1426 1426 519 519 2204 2204 1426 1426 518 518 2203 2203 1426 1426 2204 2204 1918 1918 986 986 974 974 107 107 2333 2333 108 108 2334 2334 2335 2335 2336 2336 2333 2333 2336 2336 1992 1992 1992 1992 108 108 2333 2333 2336 2336 2335 2335 1992 1992 1973 1973 2335 2335 2334 2334 2337 2337 2338 2338 1973 1973 2334 2334 2337 2337 1973 1973 2337 2337 2339 2339 2338 2338 1991 1991 2339 2339 2340 2340 78 78 1991 1991 2340 2340 2339 2339 2341 2341 2338 2338 77 77 1991 1991 78 78 1991 1991 2341 2341 2339 2339 1494 1494 313 313 312 312 1494 1494 2342 2342 1499 1499 2161 2161 1494 1494 312 312 2163 2163 2342 2342 2161 2161 2161 2161 2342 2342 1494 1494 311 311 2161 2161 312 312 2343 2343 775 775 2191 2191 783 783 775 775 2343 2343 2343 2343 785 785 783 783 2345 2345 785 785 2344 2344 790 790 2345 2345 2346 2346 2347 2347 790 790 2346 2346 2349 2349 792 792 2348 2348 354 354 2349 2349 353 353 2347 2347 792 792 791 791 2349 2349 354 354 793 793 935 935 280 280 281 281 280 280 935 935 1783 1783 774 774 1922 1922 2351 2351 2350 2350 774 774 2351 2351 327 327 356 356 355 355 356 356 327 327 326 326 1855 1855 1857 1857 2352 2352 1855 1855 1388 1388 1386 1386 2352 2352 1388 1388 1855 1855 2353 2353 338 338 336 336 2354 2354 336 336 1570 1570 2353 2353 336 336 2354 2354 356 356 326 326 2355 2355 2355 2355 326 326 329 329 2356 2356 2311 2311 2312 2312 2309 2309 605 605 607 607 2311 2311 605 605 2308 2308 2309 2309 608 608 2304 2304 2303 2303 608 608 623 623 2300 2300 622 622 618 618 2303 2303 622 622 2302 2302 604 604 2311 2311 2356 2356 2300 2300 618 618 1651 1651 1651 1651 618 618 621 621 1334 1334 1885 1885 2461 2461 1648 1648 1885 1885 1334 1334 2355 2355 329 329 328 328 328 328 2357 2357 2355 2355 2358 2358 2248 2248 2359 2359 2249 2249 2359 2359 2248 2248 2360 2360 2361 2361 2362 2362 2360 2360 2363 2363 2361 2361 2360 2360 2364 2364 2363 2363 2365 2365 2366 2366 382 382 2367 2367 2362 2362 2365 2365 2361 2361 2365 2365 2362 2362 382 382 2367 2367 2365 2365 2368 2368 2369 2369 2370 2370 2371 2371 2372 2372 2368 2368 2373 2373 2363 2363 2374 2374 2364 2364 2374 2374 2363 2363 2373 2373 2374 2374 2370 2370 2369 2369 2373 2373 2370 2370 2372 2372 2369 2369 2368 2368 2372 2372 2371 2371 1207 1207 772 772 2376 2376 776 776 770 770 2376 2376 2377 2377 770 770 651 651 655 655 772 772 774 774 2375 2375 2513 2513 651 651 2377 2377 2377 2377 651 651 770 770 2350 2350 2375 2375 774 774 1261 1261 508 508 1979 1979 505 505 508 508 1261 1261 1681 1681 208 208 1679 1679 1878 1878 1679 1679 208 208 1020 1020 1014 1014 1783 1783 1020 1020 1783 1783 935 935 2378 2378 894 894 892 892 2379 2379 969 969 2378 2378 2378 2378 969 969 894 894 969 969 2379 2379 987 987 987 987 2379 2379 2380 2380 2381 2381 988 988 2380 2380 988 988 2381 2381 2382 2382 989 989 988 988 2382 2382 989 989 2295 2295 970 970 989 989 2382 2382 2295 2295 987 987 2380 2380 988 988 2383 2383 2385 2385 2386 2386 2387 2387 2383 2383 2384 2384 2388 2388 2543 2543 2385 2385 2388 2388 1595 1595 2445 2445 1597 1597 2390 2390 1593 1593 2390 2390 1595 1595 1593 1593 2384 2384 2558 2558 2387 2387 2384 2384 2383 2383 2386 2386 2385 2385 2543 2543 2386 2386 2388 2388 2445 2445 2543 2543 2391 2391 2445 2445 1595 1595 1075 1075 2390 2390 1597 1597 2389 2389 1595 1595 2390 2390 511 511 1075 1075 1998 1998 511 511 389 389 1075 1075 2391 2391 1595 1595 2389 2389 1998 1998 1075 1075 1597 1597 510 510 389 389 511 511 506 506 390 390 510 510 1261 1261 2392 2392 505 505 1270 1270 1263 1263 1265 1265 2392 2392 1261 1261 1263 1263 2392 2392 506 506 505 505 1265 1265 1266 1266 1269 1269 388 388 389 389 510 510 388 388 510 510 390 390 390 390 506 506 2392 2392 1268 1268 1269 1269 1266 1266 1270 1270 2392 2392 1263 1263 1270 1270 1265 1265 1269 1269 1244 1244 1074 1074 1239 1239 1244 1244 2393 2393 1074 1074 2394 2394 2227 2227 1437 1437 2225 2225 1437 1437 2227 2227 55 55 2394 2394 1437 1437 1773 1773 2395 2395 55 55 2264 2264 2266 2266 2265 2265 2266 2266 2263 2263 2154 2154 2264 2264 2263 2263 2266 2266 2396 2396 2266 2266 2154 2154 117 117 110 110 118 118 2396 2396 120 120 110 110 118 118 110 110 119 119 120 120 119 119 110 110 2397 2397 120 120 2396 2396 2397 2397 2396 2396 2154 2154 2210 2210 2153 2153 2215 2215 2210 2210 2214 2214 2213 2213 2215 2215 2214 2214 2210 2210 2397 2397 2153 2153 2210 2210 1726 1726 1725 1725 1730 1730 1713 1713 1730 1730 1725 1725 1728 1728 1726 1726 1730 1730 2397 2397 1730 1730 1713 1713 1713 1713 120 120 2397 2397 2153 2153 2397 2397 2154 2154 1483 1483 879 879 880 880 1481 1481 1483 1483 880 880 2398 2398 901 901 2399 2399 2400 2400 901 901 2398 2398 901 901 1731 1731 900 900 2400 2400 2353 2353 901 901 2353 2353 2401 2401 2402 2402 901 901 2353 2353 1731 1731 2354 2354 1731 1731 2353 2353 1733 1733 1731 1731 2354 2354 2401 2401 2353 2353 2400 2400 1733 1733 1569 1569 1568 1568 1733 1733 2354 2354 1569 1569 75 75 1733 1733 1571 1571 1568 1568 1571 1571 1733 1733 1734 1734 1733 1733 75 75 724 724 182 182 72 72 1734 1734 72 72 182 182 725 725 182 182 724 724 725 725 726 726 182 182 75 75 72 72 1734 1734 1736 1736 183 183 187 187 1734 1734 183 183 1736 1736 1737 1737 1736 1736 187 187 1498 1498 1497 1497 187 187 1497 1497 1496 1496 187 187 1498 1498 187 187 185 185 182 182 183 183 1734 1734 1474 1474 1476 1476 185 185 1475 1475 1476 1476 1474 1474 1476 1476 2178 2178 185 185 1498 1498 185 185 2178 2178 1737 1737 1496 1496 1495 1495 1737 1737 1495 1495 1499 1499 1737 1737 1499 1499 1739 1739 2342 2342 1739 1739 1499 1499 498 498 1739 1739 2342 2342 187 187 1496 1496 1737 1737 2162 2162 2164 2164 2163 2163 2165 2165 2163 2163 2164 2164 496 496 498 498 2163 2163 2163 2163 497 497 496 496 2163 2163 2165 2165 497 497 2342 2342 2163 2163 498 498 2149 2149 2151 2151 2150 2150 1301 1301 2151 2151 2149 2149 2151 2151 1301 1301 2403 2403 2403 2403 1301 1301 2446 2446 1300 1300 484 484 486 486 486 486 2404 2404 1300 1300 1300 1300 2405 2405 2446 2446 1300 1300 2404 2404 2405 2405 1298 1298 484 484 1300 1300 1301 1301 1300 1300 2446 2446 1684 1684 1683 1683 1682 1682 1685 1685 1684 1684 1682 1682 1685 1685 1682 1682 1686 1686 2026 2026 1686 1686 1682 1682 2026 2026 1682 1682 2028 2028 486 486 2407 2407 2406 2406 2404 2404 486 486 2406 2406 485 485 2407 2407 486 486 485 485 2028 2028 1682 1682 1682 1682 2407 2407 485 485 487 487 1298 1298 1200 1200 2381 2381 2295 2295 2382 2382 489 489 488 488 2295 2295 2294 2294 491 491 2044 2044 2295 2295 488 488 2294 2294 488 488 491 491 2294 2294 2380 2380 2295 2295 2381 2381 2379 2379 892 892 2380 2380 2378 2378 892 892 2379 2379 489 489 2295 2295 892 892 892 892 2295 2295 2380 2380 1197 1197 1200 1200 1198 1198 258 258 1200 1200 1197 1197 1198 1198 1200 1200 1199 1199 484 484 1298 1298 487 487 491 491 2042 2042 2043 2043 491 491 2041 2041 2042 2042 259 259 487 487 258 258 1200 1200 258 258 487 487 487 487 259 259 491 491 2041 2041 491 491 259 259 491 491 2043 2043 2044 2044 1208 1208 78 78 2408 2408 2410 2410 1932 1932 2409 2409 2410 2410 1929 1929 1930 1930 2408 2408 1932 1932 1931 1931 2408 2408 1931 1931 1208 1208 2412 2412 1928 1928 1927 1927 1917 1917 2414 2414 107 107 2414 2414 1928 1928 2413 2413 2414 2414 1917 1917 1926 1926 1929 1929 2412 2412 1927 1927 2092 2092 2416 2416 2090 2090 2091 2091 2415 2415 2092 2092 2088 2088 2416 2416 2418 2418 2088 2088 2419 2419 2089 2089 473 473 2417 2417 2091 2091 228 228 2089 2089 2419 2419 228 228 2419 2419 229 229 475 475 2417 2417 473 473 2301 2301 889 889 2305 2305 2305 2305 887 887 2310 2310 1539 1539 2310 2310 1521 1521 2310 2310 887 887 1521 1521 897 897 2299 2299 895 895 2301 2301 897 897 889 889 887 887 884 884 1521 1521 889 889 887 887 2305 2305 2301 2301 2299 2299 897 897 2252 2252 1295 1295 1294 1294 2252 2252 2421 2421 2251 2251 2250 2250 2421 2421 2422 2422 2252 2252 1294 1294 2420 2420 2359 2359 2249 2249 2422 2422 2422 2422 2249 2249 2250 2250 1297 1297 2420 2420 1294 1294 267 267 268 268 2423 2423 268 268 271 271 2423 2423 2425 2425 2423 2423 269 269 2423 2423 271 271 270 270 269 269 2423 2423 270 270 2425 2425 269 269 275 275 273 273 279 279 2427 2427 279 279 278 278 1025 1025 1024 1024 278 278 2424 2424 1025 1025 278 278 1024 1024 2426 2426 2425 2425 275 275 279 279 1025 1025 2427 2427 2427 2427 2426 2426 273 273 2426 2426 275 275 273 273 904 904 676 676 267 267 904 904 2155 2155 676 676 904 904 267 267 2423 2423 671 671 675 675 2155 2155 2155 2155 669 669 671 671 662 662 669 669 2155 2155 676 676 2155 2155 675 675 662 662 2157 2157 668 668 2157 2157 2156 2156 668 668 2155 2155 2157 2157 662 662 668 668 2156 2156 665 665 665 665 2156 2156 2158 2158 665 665 2158 2158 666 666 2160 2160 666 666 2158 2158 667 667 666 666 2160 2160 1027 1027 1024 1024 2424 2424 2262 2262 1027 1027 2052 2052 2261 2261 2052 2052 2054 2054 2052 2052 1027 1027 2424 2424 2052 2052 2261 2261 2262 2262 2051 2051 2259 2259 2260 2260 2053 2053 2260 2260 2261 2261 2261 2261 2054 2054 2053 2053 2259 2259 2051 2051 2055 2055 2053 2053 2051 2051 2260 2260 2058 2058 2061 2061 2259 2259 2061 2061 2060 2060 2259 2259 2055 2055 2058 2058 2259 2259 2259 2259 2060 2060 2296 2296 2193 2193 2259 2259 2296 2296 2428 2428 1847 1847 1849 1849 2430 2430 1849 1849 1851 1851 2430 2430 1851 1851 2429 2429 1591 1591 2160 2160 2431 2431 667 667 2160 2160 1591 1591 1591 1591 2431 2431 1847 1847 1847 1847 2428 2428 1591 1591 2428 2428 1849 1849 2430 2430 2429 2429 1851 1851 1852 1852 2296 2296 2192 2192 2193 2193 1852 1852 2432 2432 2429 2429 2433 2433 2432 2432 2192 2192 2192 2192 2432 2432 1852 1852 2434 2434 2433 2433 2192 2192 2192 2192 2435 2435 2434 2434 2435 2435 2192 2192 2296 2296 1114 1114 393 393 398 398 1114 1114 398 398 399 399 1111 1111 399 399 394 394 392 392 1115 1115 1111 1111 1111 1111 394 394 392 392 391 391 1115 1115 392 392 2436 2436 465 465 2096 2096 2096 2096 2437 2437 2436 2436 465 465 2436 2436 476 476 2438 2438 2099 2099 2100 2100 2100 2100 2439 2439 2438 2438 2102 2102 2440 2440 2097 2097 2101 2101 2441 2441 2439 2439 2440 2440 2441 2441 2097 2097 2442 2442 1085 1085 2306 2306 1085 1085 1086 1086 2306 2306 891 891 1085 1085 2442 2442 1309 1309 2356 2356 2312 2312 610 610 609 609 1309 1309 1309 1309 609 609 2356 2356 382 382 2366 2366 365 365 2366 2366 2451 2451 365 365 1187 1187 1588 1588 1189 1189 215 215 1588 1588 1187 1187 1588 1588 215 215 216 216 1596 1596 1595 1595 1988 1988 2388 2388 1988 1988 1595 1595 2332 2332 350 350 2323 2323 2332 2332 2325 2325 2329 2329 346 346 1288 1288 1205 1205 1287 1287 1206 1206 1288 1288 346 346 1202 1202 350 350 1206 1206 1287 1287 1290 1290 2326 2326 2327 2327 2329 2329 2326 2326 2329 2329 2325 2325 2332 2332 2323 2323 2325 2325 2323 2323 350 350 2321 2321 1206 1206 1290 1290 2007 2007 1206 1206 1205 1205 1288 1288 2321 2321 350 350 1202 1202 1202 1202 346 346 1205 1205 2007 2007 1290 1290 2443 2443 2443 2443 2444 2444 2007 2007 2006 2006 2007 2007 2444 2444 1547 1547 2006 2006 2444 2444 574 574 1544 1544 1543 1543 1544 1544 600 600 1547 1547 2006 2006 1547 1547 599 599 599 599 1547 1547 600 600 574 574 600 600 1544 1544 958 958 574 574 949 949 958 958 949 949 948 948 948 948 953 953 959 959 959 959 958 958 948 948 953 953 956 956 959 959 953 953 952 952 956 956 962 962 949 949 574 574 962 962 574 574 1543 1543 1990 1990 2445 2445 2391 2391 1993 1993 2391 2391 2389 2389 2389 2389 1994 1994 1993 1993 2390 2390 1075 1075 1994 1994 2406 2406 1006 1006 2404 2404 2404 2404 1004 1004 2405 2405 2405 2405 1004 1004 2446 2446 1008 1008 2407 2407 1007 1007 2406 2406 1008 1008 1006 1006 1006 1006 1004 1004 2404 2404 1004 1004 1000 1000 2446 2446 2406 2406 2407 2407 1008 1008 799 799 2315 2315 795 795 795 795 2448 2448 797 797 797 797 2449 2449 800 800 2449 2449 1845 1845 800 800 800 800 1845 1845 803 803 2315 2315 2316 2316 2447 2447 1845 1845 2449 2449 2450 2450 795 795 2315 2315 2447 2447 906 906 322 322 100 100 906 906 1641 1641 322 322 1969 1969 906 906 97 97 100 100 97 97 906 906 1963 1963 906 906 1969 1969 2454 2454 906 906 1963 1963 2454 2454 1963 1963 1964 1964 1022 1022 1640 1640 2451 2451 2451 2451 1021 1021 1022 1022 1021 1021 2451 2451 1436 1436 2452 2452 2366 2366 2365 2365 1436 1436 2451 2451 1515 1515 1515 1515 2451 2451 2366 2366 1515 1515 2366 2366 2452 2452 2452 2452 2365 2365 2453 2453 1965 1965 1277 1277 2454 2454 1965 1965 1966 1966 1277 1277 1965 1965 2454 2454 1964 1964 2247 2247 1277 1277 1966 1966 1207 1207 1277 1277 2247 2247 2245 2245 1207 1207 2247 2247 2369 2369 2455 2455 2373 2373 2455 2455 2456 2456 2373 2373 2365 2365 2361 2361 2453 2453 2363 2363 2453 2453 2361 2361 2453 2453 2363 2363 2456 2456 2373 2373 2456 2456 2363 2363 2455 2455 2369 2369 2372 2372 2230 2230 1207 1207 2245 2245 2230 2230 2455 2455 2372 2372 1207 1207 2230 2230 2372 2372 1891 1891 986 986 647 647 1891 1891 975 975 986 986 2233 2233 1157 1157 2231 2231 2231 2231 810 810 809 809 723 723 443 443 449 449 2183 2183 2189 2189 2462 2462 2183 2183 2462 2462 723 723 2186 2186 2189 2189 2183 2183 445 445 723 723 448 448 723 723 449 449 448 448 723 723 439 439 447 447 2187 2187 2462 2462 2189 2189 439 439 723 723 445 445 723 723 2462 2462 443 443 2459 2459 1260 1260 1258 1258 2462 2462 2510 2510 450 450 2459 2459 2462 2462 1260 1260 2463 2463 2459 2459 2464 2464 2462 2462 2463 2463 2510 2510 2462 2462 450 450 443 443 2463 2463 2462 2462 2459 2459 2465 2465 2459 2459 2466 2466 2459 2459 2465 2465 2464 2464 2467 2467 2459 2459 2460 2460 1260 1260 2462 2462 2187 2187 723 723 1697 1697 1707 1707 1697 1697 723 723 2457 2457 2457 2457 446 446 555 555 2457 2457 723 723 447 447 447 447 446 446 2457 2457 1703 1703 1706 1706 1707 1707 1707 1707 1697 1697 1701 1701 1701 1701 1703 1703 1707 1707 1700 1700 1699 1699 1697 1697 2457 2457 555 555 556 556 2457 2457 556 556 1782 1782 1439 1439 1700 1700 1782 1782 1697 1697 2457 2457 1782 1782 2467 2467 2466 2466 2459 2459 1700 1700 1697 1697 1782 1782 2461 2461 1888 1888 2467 2467 2460 2460 2461 2461 2467 2467 1258 1258 2460 2460 2459 2459 1886 1886 2461 2461 1884 1884 1885 1885 1884 1884 2461 2461 1888 1888 2461 2461 1886 1886 2460 2460 2220 2220 2218 2218 2227 2227 2221 2221 2223 2223 2223 2223 2226 2226 2227 2227 2460 2460 2218 2218 2221 2221 2227 2227 2460 2460 2221 2221 2460 2460 2394 2394 2461 2461 2394 2394 1345 1345 2461 2461 1438 1438 2458 2458 1439 1439 1440 1440 2458 2458 1438 1438 1211 1211 2468 2468 2458 2458 2468 2468 1700 1700 2458 2458 2458 2458 1440 1440 1211 1211 1344 1344 2468 2468 1212 1212 1218 1218 2468 2468 1777 1777 1212 1212 2468 2468 1211 1211 1346 1346 1340 1340 2394 2394 2394 2394 1347 1347 1346 1346 1348 1348 1347 1347 2395 2395 1340 1340 1345 1345 2394 2394 1347 1347 2394 2394 2395 2395 1779 1779 2468 2468 1773 1773 2468 2468 1779 1779 1777 1777 2395 2395 1344 1344 1348 1348 2468 2468 1344 1344 2395 2395 1779 1779 1773 1773 1776 1776 1773 1773 2468 2468 2395 2395 1439 1439 2458 2458 1700 1700 2469 2469 869 869 870 870 2470 2470 867 867 873 873 2470 2470 868 868 867 867 2471 2471 2472 2472 866 866 2469 2469 866 866 865 865 869 869 2469 2469 865 865 2470 2470 870 870 868 868 2473 2473 2469 2469 2470 2470 2512 2512 2470 2470 2474 2474 2473 2473 2470 2470 2475 2475 2469 2469 2471 2471 866 866 2471 2471 2476 2476 2484 2484 2469 2469 2473 2473 2476 2476 870 870 2470 2470 2469 2469 2470 2470 873 873 2474 2474 2125 2125 1126 1126 1130 1130 2126 2126 1130 1130 1129 1129 1771 1771 2126 2126 1769 1769 2126 2126 1129 1129 1769 1769 1126 1126 2123 2123 1133 1133 1129 1129 1110 1110 1769 1769 2122 2122 2123 2123 1126 1126 2296 2296 1320 1320 2477 2477 2479 2479 2434 2434 2478 2478 2479 2479 2432 2432 2433 2433 2477 2477 2434 2434 2435 2435 2477 2477 2435 2435 2296 2296 2481 2481 2430 2430 2429 2429 1591 1591 2483 2483 578 578 2483 2483 2430 2430 2482 2482 2483 2483 1591 1591 2428 2428 2432 2432 2481 2481 2429 2429 1879 1879 290 290 294 294 2067 2067 1879 1879 294 294 2067 2067 941 941 1879 1879 864 864 2472 2472 2471 2471 864 864 2484 2484 859 859 2484 2484 864 864 2471 2471 859 859 2484 2484 2267 2267 1857 1857 2485 2485 2352 2352 2486 2486 2487 2487 2488 2488 2485 2485 2488 2488 1630 1630 1630 1630 2352 2352 2485 2485 2488 2488 2487 2487 1630 1630 2489 2489 2490 2490 2487 2487 2486 2486 2489 2489 2487 2487 2489 2489 2491 2491 2490 2490 1629 1629 2491 2491 2492 2492 1078 1078 1629 1629 2492 2492 1076 1076 1629 1629 1078 1078 1629 1629 2490 2490 2491 2491 2403 2403 1000 1000 999 999 2403 2403 2446 2446 1000 1000 780 780 1216 1216 1781 1781 1217 1217 1216 1216 782 782 780 780 782 782 1216 1216 2298 2298 344 344 343 343 899 899 2298 2298 343 343 343 343 345 345 899 899 2392 2392 386 386 390 390 1276 1276 386 386 2392 2392 2493 2493 2494 2494 2495 2495 82 82 2495 2495 2496 2496 80 80 76 76 82 82 2495 2495 2494 2494 2496 2496 80 80 82 82 2496 2496 1981 1981 2494 2494 2493 2493 2497 2497 2498 2498 1981 1981 2493 2493 2497 2497 1981 1981 2497 2497 2499 2499 2498 2498 1987 1987 2499 2499 2500 2500 2499 2499 2501 2501 2498 2498 1987 1987 2501 2501 2499 2499 2502 2502 1237 1237 674 674 2503 2503 2209 2209 2502 2502 2504 2504 2209 2209 2503 2503 2209 2209 1237 1237 2502 2502 2208 2208 2209 2209 2504 2504 2206 2206 2506 2506 2505 2505 2507 2507 2207 2207 2505 2505 2206 2206 2208 2208 2506 2506 2505 2505 2207 2207 2206 2206 2504 2504 2506 2506 2208 2208 2455 2455 2230 2230 809 809 2508 2508 2456 2456 2455 2455 2453 2453 2509 2509 2452 2452 2453 2453 2456 2456 2508 2508 1515 1515 2452 2452 2509 2509 809 809 2508 2508 2455 2455 404 404 2508 2508 812 812 809 809 812 812 2508 2508 611 611 2508 2508 404 404 395 395 611 611 404 404 396 396 611 611 395 395 617 617 1514 1514 2509 2509 611 611 614 614 2508 2508 2453 2453 2508 2508 2509 2509 1515 1515 2509 2509 1514 1514 2509 2509 614 614 617 617 614 614 2509 2509 2508 2508 1134 1134 2279 2279 1176 1176 2279 2279 1133 1133 2123 2123 1133 1133 2279 2279 1134 1134 704 704 2179 2179 2180 2180 705 705 2297 2297 706 706 704 704 2181 2181 705 705 1445 1445 2179 2179 700 700 2297 2297 705 705 2181 2181 2431 2431 2160 2160 1821 1821 1821 1821 2160 2160 1803 1803 1803 1803 2159 2159 1798 1798 2159 2159 1803 1803 2160 2160 2464 2464 1644 1644 1643 1643 2463 2463 1643 1643 1642 1642 2465 2465 2466 2466 1644 1644 1642 1642 2510 2510 2463 2463 1865 1865 1661 1661 1864 1864 1659 1659 1862 1862 1861 1861 1860 1860 1659 1659 1861 1861 1858 1858 1656 1656 1658 1658 1858 1858 1658 1658 1860 1860 1859 1859 1867 1867 1656 1656 450 450 2510 2510 1642 1642 444 444 450 450 1642 1642 808 808 1233 1233 2424 2424 278 278 808 808 2424 2424 278 278 277 277 808 808 2474 2474 874 874 2511 2511 2511 2511 2512 2512 2474 2474 2377 2377 2376 2376 2513 2513 2513 2513 2375 2375 2350 2350 2376 2376 2375 2375 2513 2513 650 650 2084 2084 649 649 2513 2513 2350 2350 1326 1326 2350 2350 1324 1324 1325 1325 1324 1324 2350 2350 1323 1323 1325 1325 1326 1326 2350 2350 1326 1326 1327 1327 2513 2513 2513 2513 1327 1327 2084 2084 64 64 649 649 2084 2084 2274 2274 649 649 2275 2275 2275 2275 649 649 2277 2277 649 649 64 64 65 65 65 65 63 63 2277 2277 2276 2276 68 68 71 71 2276 2276 63 63 68 68 2276 2276 70 70 1649 1649 71 71 70 70 2276 2276 63 63 2276 2276 2277 2277 649 649 65 65 2277 2277 2350 2350 1576 1576 1323 1323 1576 1576 2350 2350 2351 2351 2351 2351 2514 2514 1576 1576 2515 2515 2351 2351 2516 2516 2517 2517 2516 2516 2351 2351 2514 2514 2351 2351 2515 2515 2517 2517 2351 2351 2518 2518 2518 2518 2521 2521 2519 2519 2521 2521 40 40 2520 2520 2520 2520 2519 2519 2521 2521 2518 2518 2351 2351 2521 2521 1921 1921 2521 2521 2351 2351 2521 2521 1920 1920 1919 1919 1920 1920 2521 2521 1921 1921 2450 2450 1061 1061 39 39 1060 1060 2316 2316 1056 1056 2276 2276 1055 1055 2316 2316 2316 2316 1057 1057 1056 1056 1057 1057 2316 2316 1058 1058 1055 1055 1058 1058 2316 2316 2450 2450 1060 1060 1061 1061 39 39 40 40 2450 2450 2316 2316 2450 2450 2447 2447 2448 2448 2447 2447 2450 2450 2450 2450 2449 2449 2448 2448 1060 1060 2450 2450 2316 2316 1033 1033 2522 2522 2115 2115 2114 2114 2522 2522 2523 2523 2112 2112 2524 2524 2525 2525 2113 2113 2552 2552 1254 1254 2112 2112 2526 2526 2113 2113 2114 2114 2524 2524 2111 2111 2527 2527 2427 2427 1025 1025 1023 1023 2527 2527 1025 1025 2426 2426 2427 2427 2527 2527 2528 2528 2425 2425 2426 2426 2425 2425 2528 2528 2423 2423 2527 2527 2528 2528 2426 2426 2527 2527 1786 1786 1787 1787 1787 1787 1785 1785 2527 2527 2528 2528 1785 1785 1784 1784 905 905 2423 2423 2528 2528 2528 2528 1784 1784 905 905 2527 2527 1023 1023 1786 1786 2137 2137 2136 2136 2548 2548 2548 2548 2529 2529 2137 2137 463 463 2137 2137 2529 2529 2147 2147 1121 1121 1120 1120 2144 2144 1120 1120 1119 1119 2144 2144 1516 1516 1519 1519 2148 2148 2024 2024 1121 1121 1116 1116 1516 1516 1119 1119 1119 1119 1516 1516 2144 2144 1138 1138 1121 1121 2024 2024 2030 2030 2396 2396 110 110 2396 2396 2030 2030 2266 2266 110 110 2034 2034 2030 2030 1730 1730 2040 2040 1729 1729 2397 2397 2040 2040 1730 1730 2210 2210 2040 2040 2397 2397 2530 2530 2531 2531 2532 2532 1563 1563 2532 2532 2533 2533 141 141 142 142 1563 1563 2532 2532 2531 2531 2533 2533 141 141 1563 1563 2533 2533 1997 1997 2531 2531 2530 2530 2534 2534 2535 2535 1997 1997 2530 2530 2534 2534 1997 1997 2534 2534 2536 2536 2535 2535 1996 1996 2536 2536 2537 2537 109 109 1996 1996 2537 2537 2536 2536 1995 1995 2535 2535 1996 1996 1995 1995 2536 2536 361 361 1690 1690 689 689 361 361 364 364 1690 1690 18 18 483 483 482 482 16 16 18 18 482 482 16 16 490 490 21 21 482 482 490 490 16 16 1640 1640 374 374 375 375 2451 2451 1640 1640 375 375 2299 2299 2298 2298 899 899 899 899 895 895 2299 2299 755 755 2518 2518 2519 2519 753 753 2517 2517 2518 2518 755 755 2520 2520 756 756 756 756 2520 2520 40 40 752 752 2515 2515 2516 2516 750 750 2514 2514 2515 2515 742 742 1576 1576 2514 2514 2517 2517 752 752 2516 2516 875 875 2314 2314 2313 2313 2314 2314 878 878 2307 2307 2307 2307 2442 2442 2306 2306 2313 2313 1520 1520 875 875 878 878 890 890 2307 2307 875 875 878 878 2314 2314 890 890 2442 2442 2307 2307 876 876 875 875 1520 1520 1105 1105 2105 2105 255 255 1762 1762 2105 2105 1105 1105 1142 1142 1762 1762 1105 1105 2130 2130 1518 1518 1517 1517 2130 2130 1093 1093 2129 2129 2129 2129 1092 1092 2128 2128 2128 2128 1398 1398 1397 1397 2130 2130 1517 1517 1095 1095 1092 1092 1398 1398 2128 2128 1096 1096 1095 1095 1517 1517 1913 1913 1159 1159 1160 1160 1159 1159 1913 1913 2538 2538 1914 1914 2538 2538 1913 1913 1156 1156 1159 1159 2538 2538 2539 2539 1155 1155 1156 1156 1155 1155 640 640 641 641 640 640 1155 1155 2539 2539 2538 2538 2095 2095 2539 2539 2098 2098 1914 1914 1916 1916 1156 1156 2538 2538 2539 2539 2094 2094 640 640 2539 2539 2094 2094 2539 2539 2095 2095 1914 1914 2098 2098 2538 2538 1195 1195 1722 1722 1190 1190 1194 1194 2237 2237 1195 1195 2238 2238 1196 1196 2239 2239 1192 1192 2236 2236 1191 1191 1493 1493 1193 1193 1185 1185 2235 2235 1192 1192 1193 1193 2239 2239 1191 1191 2236 2236 1193 1193 1493 1493 2235 2235 2267 2267 2540 2540 2078 2078 2484 2484 2540 2540 2267 2267 2541 2541 2540 2540 2484 2484 2076 2076 2268 2268 2078 2078 2073 2073 2269 2269 2075 2075 2072 2072 2270 2270 2073 2073 2270 2270 2269 2269 2073 2073 2268 2268 2267 2267 2078 2078 2075 2075 2269 2269 2268 2268 2075 2075 2268 2268 2076 2076 2476 2476 14 14 0 0 2542 2542 2484 2484 0 0 2484 2484 2476 2476 0 0 2484 2484 2542 2542 2541 2541 13 13 2476 2476 2473 2473 13 13 2473 2473 11 11 2475 2475 11 11 2473 2473 19 19 11 11 2475 2475 14 14 2476 2476 13 13 2069 2069 2271 2271 2070 2070 2069 2069 1738 1738 34 34 2072 2072 2070 2070 2271 2271 34 34 2271 2271 2069 2069 498 498 34 34 1739 1739 498 498 318 318 34 34 1738 1738 1739 1739 34 34 2512 2512 17 17 19 19 2512 2512 19 19 2475 2475 17 17 2512 2512 18 18 2512 2512 483 483 18 18 2511 2511 483 483 2512 2512 2028 2028 2511 2511 2027 2027 2511 2511 485 485 483 483 2028 2028 485 485 2511 2511 2271 2271 2270 2270 2072 2072 96 96 1969 1969 97 97 1970 1970 103 103 620 620 1969 1969 96 96 1970 1970 103 103 1970 1970 96 96 2543 2543 1990 1990 1971 1971 2445 2445 1990 1990 2543 2543 2398 2398 341 341 340 340 2399 2399 901 901 902 902 341 341 2399 2399 902 902 2399 2399 341 341 2398 2398 2398 2398 340 340 2400 2400 342 342 2402 2402 339 339 342 342 338 338 2353 2353 2353 2353 2402 2402 342 342 2401 2401 2400 2400 339 339 339 339 2402 2402 2401 2401 340 340 339 339 2400 2400 2079 2079 896 896 898 898 2079 2079 898 898 1732 1732 2068 2068 1732 1732 1735 1735 2068 2068 1735 1735 2069 2069 1738 1738 2069 2069 1735 1735 2079 2079 1732 1732 2068 2068 912 912 910 910 2544 2544 2544 2544 909 909 2358 2358 910 910 909 909 2544 2544 1064 1064 2544 2544 1840 1840 2019 2019 2544 2544 2358 2358 2014 2014 2016 2016 2358 2358 2015 2015 2358 2358 2016 2016 121 121 2014 2014 2358 2358 573 573 121 121 2358 2358 2358 2358 2015 2015 2013 2013 2019 2019 2021 2021 2544 2544 2013 2013 2019 2019 2358 2358 2021 2021 1840 1840 2544 2544 1064 1064 1580 1580 1581 1581 822 822 1580 1580 823 823 823 823 1580 1580 825 825 1567 1567 825 825 1580 1580 1567 1567 1580 1580 1067 1067 1580 1580 1064 1064 1067 1067 1567 1567 1068 1068 1071 1071 1567 1567 1073 1073 2393 2393 1071 1071 1073 1073 1567 1567 1068 1068 1567 1567 1067 1067 2358 2358 2359 2359 573 573 571 571 573 573 2359 2359 2359 2359 567 567 571 571 564 564 567 567 2359 2359 564 564 1297 1297 565 565 1297 1297 568 568 565 565 568 568 1297 1297 2545 2545 2422 2422 1297 1297 2359 2359 2421 2421 1297 1297 2422 2422 2420 2420 1297 1297 2421 2421 1296 1296 2545 2545 1297 1297 564 564 2359 2359 1297 1297 1249 1249 1513 1513 1245 1245 2546 2546 1250 1250 2545 2545 1244 1244 1513 1513 2393 2393 1246 1246 1513 1513 1244 1244 1513 1513 1246 1246 1245 1245 2546 2546 1249 1249 1250 1250 1508 1508 1513 1513 2546 2546 2546 2546 1513 1513 1249 1249 1508 1508 2546 2546 1509 1509 2546 2546 1511 1511 1509 1509 462 462 2549 2549 2550 2550 1 1 152 152 2542 2542 155 155 1 1 475 475 1 1 2417 2417 475 475 155 155 475 475 474 474 1 1 2418 2418 2416 2416 1 1 2419 2419 2418 2418 1 1 2415 2415 2417 2417 1 1 2416 2416 2415 2415 2419 2419 1 1 229 229 471 471 155 155 474 474 147 147 2542 2542 149 149 152 152 149 149 2542 2542 2541 2541 2542 2542 147 147 152 152 1 1 155 155 155 155 476 476 158 158 468 468 476 476 155 155 158 158 2440 2440 161 161 469 469 468 468 155 155 155 155 471 471 469 469 1 1 226 226 229 229 226 226 1 1 3 3 230 230 226 226 3 3 2 2 5 5 230 230 230 230 3 3 2 2 4 4 223 223 5 5 2437 2437 476 476 2436 2436 2438 2438 476 476 2437 2437 161 161 1255 1255 2551 2551 2441 2441 158 158 2439 2439 2439 2439 158 158 2438 2438 2438 2438 158 158 476 476 223 223 230 230 5 5 2440 2440 1255 1255 161 161 2440 2440 158 158 2441 2441 1255 1255 2552 2552 2551 2551 1618 1618 2541 2541 167 167 167 167 2541 2541 147 147 2540 2540 2541 2541 1619 1619 2541 2541 1618 1618 1619 1619 1619 1619 1617 1617 2540 2540 1608 1608 172 172 2552 2552 2552 2552 1600 1600 1608 1608 2552 2552 1601 1601 1600 1600 2552 2552 1609 1609 1601 1601 172 172 2551 2551 2552 2552 1616 1616 2540 2540 1617 1617 1614 1614 2540 2540 1615 1615 1615 1615 2540 2540 1616 1616 1613 1613 2540 2540 1614 1614 1612 1612 2540 2540 1613 1613 2552 2552 1603 1603 1609 1609 1610 1610 2553 2553 1611 1611 1612 1612 1611 1611 2553 2553 2540 2540 1612 1612 2553 2553 2552 2552 1610 1610 1603 1603 2526 2526 2553 2553 2552 2552 1610 1610 2552 2552 2553 2553 2525 2525 2080 2080 2526 2526 2080 2080 2553 2553 2526 2526 2080 2080 2522 2522 1032 1032 2523 2523 2080 2080 2524 2524 2524 2524 2080 2080 2525 2525 2522 2522 2080 2080 2523 2523 1035 1035 2081 2081 1032 1032 2077 2077 2080 2080 1032 1032 1032 1032 2081 2081 2077 2077 2081 2081 1035 1035 1040 1040 2081 2081 1040 1040 2082 2082 223 223 7 7 6 6 6 6 225 225 223 223 225 225 6 6 9 9 4 4 7 7 223 223 2318 2318 9 9 10 10 9 9 2317 2317 225 225 9 9 2318 2318 2317 2317 2318 2318 10 10 2319 2319 2320 2320 2319 2319 10 10 462 462 461 461 2529 2529 2320 2320 10 10 2547 2547 877 877 2547 2547 10 10 2549 2549 2548 2548 877 877 879 879 2549 2549 877 877 454 454 453 453 456 456 454 454 456 456 457 457 879 879 2550 2550 2549 2549 1483 1483 2550 2550 879 879 457 457 462 462 454 454 2550 2550 432 432 462 462 432 432 454 454 462 462 410 410 432 432 2550 2550 1480 1480 414 414 411 411 1478 1478 415 415 414 414 89 89 426 426 423 423 88 88 427 427 426 426 411 411 410 410 1480 1480 85 85 430 430 427 427 1041 1041 2082 2082 1040 1040 431 431 2083 2083 1044 1044 1044 1044 2083 2083 2082 2082 1041 1041 1044 1044 2082 2082 2083 2083 431 431 430 430 1479 1479 417 417 1477 1477 1477 1477 417 417 415 415 94 94 419 419 1479 1479 417 417 1479 1479 419 419 421 421 419 419 94 94 1478 1478 1477 1477 415 415 1480 1480 1478 1478 414 414 1482 1482 1480 1480 410 410 2550 2550 1482 1482 410 410 423 423 90 90 89 89 94 94 90 90 421 421 426 426 89 89 88 88 86 86 85 85 427 427 86 86 427 427 88 88 2083 2083 430 430 85 85 421 421 90 90 423 423 2083 2083 728 728 882 882 729 729 882 882 728 728 85 85 728 728 2083 2083 1483 1483 1482 1482 2550 2550 143 143 368 368 1641 1641 906 906 143 143 1641 1641 2142 2142 2198 2198 2554 2554 2145 2145 2142 2142 2554 2554 2555 2555 2146 2146 2145 2145 2023 2023 2146 2146 2555 2555 2554 2554 2555 2555 2145 2145 1139 1139 2198 2198 1107 1107 1139 1139 1135 1135 2554 2554 2555 2555 1135 1135 1136 1136 2023 2023 2555 2555 2022 2022 1136 1136 2022 2022 2555 2555 2198 2198 1139 1139 2554 2554 355 355 2357 2357 328 328 1163 1163 1170 1170 2110 2110 2110 2110 2170 2170 1163 1163 1644 1644 2466 2466 2467 2467 1887 1887 2467 2467 1888 1888 1645 1645 2467 2467 1887 1887 1645 1645 1644 1644 2467 2467 1289 1289 1633 1633 2443 2443 2443 2443 1290 1290 1289 1289 2443 2443 1633 1633 2444 2444 2444 2444 1633 1633 1622 1622 1799 1799 721 721 696 696 697 697 1799 1799 696 696 697 697 1801 1801 1800 1800 1801 1801 699 699 1802 1802 701 701 1802 1802 699 699 703 703 1806 1806 1805 1805 703 703 1804 1804 701 701 2556 2556 2384 2384 2386 2386 2386 2386 2543 2543 2556 2556 2384 2384 2556 2556 2557 2557 2558 2558 2384 2384 2557 2557 2556 2556 1985 1985 2557 2557 2387 2387 2559 2559 2383 2383 2385 2385 2561 2561 2388 2388 2385 2385 2383 2383 2560 2560 2559 2559 2387 2387 2558 2558 2557 2557 1984 1984 2558 2558 1971 1971 1985 1985 2556 2556 1985 1985 1986 1986 2557 2557 2558 2558 1984 1984 1983 1983 2559 2559 2558 2558 1983 1983 2559 2559 1983 1983 2560 2560 2560 2560 1980 1980 2561 2561 1988 1988 2388 2388 2561 2561 2385 2385 2560 2560 2561 2561 2383 2383 2559 2559 2560 2560 2560 2560 1983 1983 1980 1980 2561 2561 1980 1980 1988 1988 1971 1971 2556 2556 2543 2543 1007 1007 2407 2407 1009 1009 1009 1009 2407 2407 1682 1682 41 41 1781 1781 43 43 45 45 47 47 42 42 47 47 45 45 50 50 53 53 50 50 52 52 52 52 54 54 57 57 60 60 59 59 61 61 62 62 63 63 60 60 65 65 60 60 63 63 63 63 62 62 66 66 66 66 68 68 63 63 67 67 69 69 70 70 71 71 68 68 66 66 71 71 67 67 70 70 83 83 84 84 85 85 87 87 88 88 89 89 83 83 86 86 88 88 92 92 87 87 89 89 114 114 112 112 118 118 125 125 126 126 127 127 125 125 128 128 129 129 123 123 124 124 127 127 132 132 133 133 134 134 136 136 137 137 134 134 129 129 128 128 132 132 190 190 188 188 191 191 190 190 192 192 194 194 198 198 199 199 200 200 198 198 201 201 202 202 197 197 200 200 203 203 205 205 206 206 207 207 205 205 208 208 1681 1681 202 202 201 201 204 204 210 210 209 209 211 211 210 210 212 212 214 214 236 236 238 238 240 240 240 240 238 238 242 242 240 240 242 242 244 244 242 242 243 243 245 245 245 245 243 243 246 246 247 247 251 251 252 252 250 250 252 252 254 254 262 262 261 261 264 264 265 265 266 266 269 269 275 275 269 269 266 266 275 275 272 272 274 274 276 276 279 279 273 273 322 322 316 316 299 299 104 104 300 300 301 301 299 299 298 298 98 98 299 299 98 98 95 95 181 181 326 326 297 297 343 343 303 303 301 301 357 357 363 363 359 359 358 358 359 359 360 360 369 369 143 143 371 371 370 370 369 369 371 371 365 365 371 371 367 367 367 367 376 376 2371 2371 409 409 407 407 410 410 413 413 414 414 415 415 409 409 411 411 414 414 412 412 415 415 417 417 416 416 417 417 419 419 420 420 418 418 419 419 422 422 420 420 421 421 424 424 425 425 426 426 424 424 427 427 430 430 425 425 422 422 423 423 434 434 447 447 439 439 436 436 439 439 445 445 441 441 448 448 449 449 442 442 449 449 443 443 452 452 453 453 454 454 455 455 456 456 453 453 456 456 455 455 458 458 460 460 461 461 462 462 457 457 458 458 459 459 466 466 467 467 468 468 467 467 464 464 476 476 470 470 466 466 469 469 472 472 470 470 471 471 499 499 500 500 403 403 500 500 501 501 402 402 402 402 501 501 502 502 503 503 400 400 401 401 503 503 504 504 405 405 406 406 405 405 504 504 505 505 506 506 507 507 512 512 507 507 506 506 522 522 523 523 524 524 522 522 525 525 526 526 528 528 529 529 530 530 532 532 533 533 534 534 532 532 535 535 536 536 528 528 531 531 534 534 527 527 530 530 524 524 539 539 540 540 541 541 543 543 544 544 545 545 539 539 542 542 545 545 546 546 547 547 548 548 547 547 550 550 552 552 546 546 549 549 544 544 536 536 535 535 538 538 556 556 555 555 554 554 562 562 563 563 564 564 566 566 567 567 564 564 562 562 565 565 568 568 569 569 570 570 571 571 570 570 572 572 573 573 567 567 566 566 569 569 581 581 582 582 583 583 584 584 580 580 583 583 589 589 590 590 591 591 589 589 592 592 594 594 598 598 2006 2006 599 599 597 597 599 599 600 600 658 658 659 659 661 661 660 660 663 663 664 664 658 658 660 660 665 665 662 662 668 668 660 660 670 670 669 669 662 662 671 671 669 669 670 670 672 672 673 673 675 675 295 295 361 361 689 689 696 696 692 692 693 693 1447 1447 706 706 719 719 818 818 822 822 823 823 821 821 823 823 825 825 907 907 908 908 909 909 911 911 907 907 910 910 948 948 949 949 950 950 952 952 953 953 954 954 952 952 955 955 957 957 948 948 951 951 954 954 959 959 960 960 961 961 959 959 956 956 957 957 971 971 981 981 972 972 973 973 971 971 974 974 976 976 1007 1007 1009 1009 994 994 561 561 975 975 993 993 976 976 1010 1010 976 976 1011 1011 1012 1012 1047 1047 1046 1046 1048 1048 1047 1047 1049 1049 1051 1051 764 764 1056 1056 1057 1057 765 765 1060 1060 1056 1056 1059 1059 1061 1061 1060 1060 1061 1061 1059 1059 1062 1062 1065 1065 1067 1067 1064 1064 1065 1065 1066 1066 1067 1067 1068 1068 1067 1067 1066 1066 1070 1070 1071 1071 1068 1068 1072 1072 1074 1074 2393 2393 1072 1072 1073 1073 1071 1071 1115 1115 1087 1087 1097 1097 1089 1089 1115 1115 1088 1088 1090 1090 1089 1089 1088 1088 1118 1118 1090 1090 1119 1119 813 813 811 811 1146 1146 810 810 1154 1154 1146 1146 1154 1154 810 810 1158 1158 1167 1167 1180 1180 1140 1140 1190 1190 1180 1180 1167 1167 1204 1204 1203 1203 1202 1202 1205 1205 1206 1206 1632 1632 1207 1207 2371 2371 376 376 1221 1221 1219 1219 1177 1177 1221 1221 1174 1174 1169 1169 674 674 1236 1236 1235 1235 1241 1241 1243 1243 1245 1245 1245 1245 1243 1243 1247 1247 1245 1245 1247 1247 1249 1249 1247 1247 1248 1248 1250 1250 1250 1250 1248 1248 1251 1251 1264 1264 1262 1262 1267 1267 1268 1268 1264 1264 1273 1273 1269 1269 1268 1268 1274 1274 1270 1270 1269 1269 1275 1275 1285 1285 1286 1286 1287 1287 1303 1303 626 626 625 625 1305 1305 627 627 615 615 1306 1306 1304 1304 615 615 1305 1305 1302 1302 625 625 1307 1307 1308 1308 613 613 1306 1306 616 616 613 613 739 739 1324 1324 1323 1323 739 739 733 733 1324 1324 1325 1325 1324 1324 733 733 732 732 731 731 1326 1326 730 730 735 735 2084 2084 730 730 1327 1327 1326 1326 1337 1337 1335 1335 1340 1340 1341 1341 1337 1337 1346 1346 1342 1342 1341 1341 1347 1347 1343 1343 1342 1342 1348 1348 1350 1350 1351 1351 1352 1352 1354 1354 1355 1355 1352 1352 1350 1350 1353 1353 1356 1356 1359 1359 1360 1360 1361 1361 1359 1359 1363 1363 1841 1841 1361 1361 1355 1355 1354 1354 880 880 727 727 93 93 715 715 717 717 1393 1393 716 716 715 715 1394 1394 1401 1401 1402 1402 1403 1403 1401 1401 1404 1404 1405 1405 1399 1399 1400 1400 1403 1403 1407 1407 1408 1408 1409 1409 1412 1412 2253 2253 1409 1409 1405 1405 1404 1404 1407 1407 1440 1440 1438 1438 1443 1443 1440 1440 1441 1441 1442 1442 1455 1455 1457 1457 1460 1460 1466 1466 1460 1460 1457 1457 1466 1466 1463 1463 1465 1465 1467 1467 1469 1469 1464 1464 745 745 744 744 1471 1471 745 745 1472 1472 1473 1473 1389 1389 1479 1479 1477 1477 1391 1391 1390 1390 1478 1478 1391 1391 1480 1480 1482 1482 36 36 34 34 1484 1484 874 874 36 36 1484 1484 1486 1486 1485 1485 1490 1490 1486 1486 1487 1487 1489 1489 1507 1507 1508 1508 1509 1509 1510 1510 1506 1506 1509 1509 1543 1543 1544 1544 1545 1545 1545 1545 1544 1544 1547 1547 1551 1551 1553 1553 1554 1554 1555 1555 1556 1556 1554 1554 1556 1556 1555 1555 1559 1559 1559 1559 1560 1560 1561 1561 1562 1562 1563 1563 1564 1564 1562 1562 1565 1565 1561 1561 1182 1182 1183 1183 1584 1584 1182 1182 1585 1585 1586 1586 1594 1594 1593 1593 1595 1595 1598 1598 1600 1600 1601 1601 1602 1602 1610 1610 1611 1611 1607 1607 1605 1605 1615 1615 2487 2487 1620 1620 1634 1634 1622 1622 1633 1633 1635 1635 2352 2352 2487 2487 1634 1634 1310 1310 1633 1633 1286 1286 1310 1310 1635 1635 1633 1633 1622 1622 1635 1635 1638 1638 1622 1622 1638 1638 479 479 1665 1665 1657 1657 1655 1655 1572 1572 1672 1672 1661 1661 588 588 1541 1541 1950 1950 1679 1679 1505 1505 1504 1504 1679 1679 1504 1504 1680 1680 686 686 688 688 1687 1687 686 686 1688 1688 1689 1689 1708 1708 1709 1709 1654 1654 1710 1710 1708 1708 1653 1653 1724 1724 1723 1723 1725 1725 1727 1727 1724 1724 1726 1726 738 738 740 740 1740 1740 738 738 1741 1741 1742 1742 1745 1745 1100 1100 1101 1101 1746 1746 1101 1101 1098 1098 1748 1748 1757 1757 1751 1751 1749 1749 1751 1751 1755 1755 1752 1752 1758 1758 1759 1759 1753 1753 1759 1759 1760 1760 1761 1761 1143 1143 1144 1144 1764 1764 1763 1763 1144 1144 1766 1766 1171 1171 1172 1172 1768 1768 1767 1767 1172 1172 722 722 1794 1794 905 905 1821 1821 1803 1803 1806 1806 1818 1818 1820 1820 138 138 1820 1820 1818 1818 1819 1819 1821 1821 1806 1806 239 239 1375 1375 1533 1533 1534 1534 1373 1373 1532 1532 1531 1531 1374 1374 1531 1531 1533 1533 1367 1367 1528 1528 1535 1535 1366 1366 1524 1524 1526 1526 1364 1364 1526 1526 1528 1528 1369 1369 1535 1535 1532 1532 1524 1524 1366 1366 1371 1371 1371 1371 1365 1365 1523 1523 1368 1368 1370 1370 1527 1527 1365 1365 1368 1368 1525 1525 1372 1372 1378 1378 1536 1536 1377 1377 1380 1380 1538 1538 1378 1378 1377 1377 1537 1537 1370 1370 1372 1372 1529 1529 1539 1539 1538 1538 1380 1380 1826 1826 1827 1827 1829 1829 1830 1830 1828 1828 1831 1831 1826 1826 1828 1828 767 767 768 768 1828 1828 1830 1830 1832 1832 1834 1834 1833 1833 1833 1833 1834 1834 1836 1836 1836 1836 1837 1837 771 771 2200 2200 1422 1422 1420 1420 1886 1886 1884 1884 1647 1647 1893 1893 1429 1429 1428 1428 1893 1893 1892 1892 1894 1894 1434 1434 1893 1893 1899 1899 1895 1895 1434 1434 1900 1900 1896 1896 1895 1895 1901 1901 1897 1897 1896 1896 1902 1902 1880 1880 1881 1881 1674 1674 1674 1674 1881 1881 1877 1877 1674 1674 1877 1877 1673 1673 1905 1905 1671 1671 1673 1673 1905 1905 1876 1876 1672 1672 1672 1672 1671 1671 1905 1905 1910 1910 1908 1908 1664 1664 1589 1589 1914 1914 1913 1913 788 788 1919 1919 1920 1920 784 784 786 786 1920 1920 1557 1557 1540 1540 587 587 1935 1935 1936 1936 1937 1937 1939 1939 1940 1940 1937 1937 1935 1935 1938 1938 1941 1941 1943 1943 1944 1944 1945 1945 1943 1943 1946 1946 1947 1947 1945 1945 1940 1940 1939 1939 1870 1870 1871 1871 1667 1667 1668 1668 1667 1667 1871 1871 1873 1873 1669 1669 1668 1668 1874 1874 1875 1875 1670 1670 1874 1874 1670 1670 1669 1669 1973 1973 1972 1972 1994 1994 108 108 1973 1973 1977 1977 1978 1978 934 934 140 140 2009 2009 2008 2008 2010 2010 2011 2011 2012 2012 2013 2013 2013 2013 2015 2015 2009 2009 2013 2013 2012 2012 2017 2017 2013 2013 2017 2017 2019 2019 2021 2021 2019 2019 2017 2017 1840 1840 2021 2021 2018 2018 749 749 751 751 2002 2002 749 749 2001 2001 2000 2000 2047 2047 2046 2046 2048 2048 2050 2050 2051 2051 2047 2047 2053 2053 2047 2047 2051 2051 2055 2055 2051 2051 2050 2050 2056 2056 2057 2057 2058 2058 2059 2059 2061 2061 2058 2058 2064 2064 2063 2063 1423 1423 2086 2086 2085 2085 2087 2087 248 248 1084 1084 1083 1083 2086 2086 1043 1043 1042 1042 2086 2086 2087 2087 1043 1043 2141 2141 2143 2143 1125 1125 2140 2140 2141 2141 1124 1124 2158 2158 1796 1796 1797 1797 2158 2158 2156 2156 1796 1796 2167 2167 2166 2166 1103 1103 2169 2169 2168 2168 1149 1149 2173 2173 802 802 804 804 2173 2173 2174 2174 801 801 2171 2171 2172 2172 804 804 2175 2175 2176 2176 798 798 2177 2177 794 794 798 798 801 801 2174 2174 2175 2175 2297 2297 1690 1690 364 364 1854 1854 2195 2195 2194 2194 1317 1317 2199 2199 1948 1948 579 579 1948 1948 1692 1692 806 806 807 807 2200 2200 807 807 1962 1962 1235 1235 2206 2206 2207 2207 579 579 1253 1253 298 298 299 299 1295 1295 2254 2254 2255 2255 1512 1512 1856 1856 1357 1357 2260 2260 1816 1816 1815 1815 2261 2261 1815 1815 1814 1814 2031 2031 2032 2032 2263 2263 2031 2031 2264 2264 2265 2265 843 843 2242 2242 2243 2243 842 842 2240 2240 2242 2242 845 845 844 844 2243 2243 2241 2241 2240 2240 834 834 831 831 2232 2232 2241 2241 826 826 830 830 2228 2228 830 830 829 829 2229 2229 713 713 711 711 1811 1811 712 712 1810 1810 1811 1811 713 713 1812 1812 1813 1813 709 709 708 708 1808 1808 708 708 295 295 1807 1807 1810 1810 712 712 709 709 2273 2273 2272 2272 2275 2275 687 687 1791 1791 296 296 687 687 684 684 1789 1789 1790 1790 1789 1789 684 684 679 679 678 678 1788 1788 677 677 683 683 1793 1793 677 677 1792 1792 1788 1788 2117 2117 1166 1166 1168 1168 2121 2121 2120 2120 1168 1168 2282 2282 2281 2281 2283 2283 2285 2285 2286 2286 2282 2282 2286 2286 2256 2256 2282 2282 2288 2288 2286 2286 2285 2285 2290 2290 2291 2291 2288 2288 2290 2290 2292 2292 2293 2293 2124 2124 2138 2138 1131 1131 2124 2124 1128 1128 1127 1127 1925 1925 1678 1678 1677 1677 1923 1923 1924 1924 1677 1677 2085 2085 225 225 2317 2317 2132 2132 2131 2131 2317 2317 2133 2133 2319 2319 2320 2320 2136 2136 2135 2135 2547 2547 2135 2135 2134 2134 2320 2320 2133 2133 2132 2132 2318 2318 2322 2322 1628 1628 1627 1627 2324 2324 1627 1627 1625 1625 758 758 762 762 2004 2004 758 758 2003 2003 2005 2005 1425 1425 1426 1426 2203 2203 986 986 1918 1918 647 647 2343 2343 2344 2344 785 785 2345 2345 787 787 785 785 790 790 787 787 2345 2345 2347 2347 791 791 790 790 2349 2349 793 793 792 792 2347 2347 2348 2348 792 792 2309 2309 2308 2308 605 605 2311 2311 604 604 605 605 2309 2309 607 607 608 608 2303 2303 2304 2304 608 608 2300 2300 2302 2302 622 622 2303 2303 623 623 622 622 1650 1650 337 337 303 303 337 337 1650 1650 624 624 772 772 2375 2375 2376 2376 770 770 776 776 2376 2376 55 55 2395 2395 2394 2394 2410 2410 1930 1930 1932 1932 2410 2410 2411 2411 1929 1929 2408 2408 2409 2409 1932 1932 2412 2412 2413 2413 1928 1928 2414 2414 1926 1926 1928 1928 1929 1929 2411 2411 2412 2412 2092 2092 2415 2415 2416 2416 2091 2091 2417 2417 2415 2415 2088 2088 2090 2090 2416 2416 2088 2088 2418 2418 2419 2419 2252 2252 2420 2420 2421 2421 2250 2250 2251 2251 2421 2421 1114 1114 1113 1113 393 393 1111 1111 1112 1112 399 399 1112 1112 1114 1114 399 399 2096 2096 2099 2099 2437 2437 2438 2438 2437 2437 2099 2099 2100 2100 2101 2101 2439 2439 2102 2102 1255 1255 2440 2440 2101 2101 2097 2097 2441 2441 1993 1993 1990 1990 2391 2391 2389 2389 2390 2390 1994 1994 795 795 2447 2447 2448 2448 797 797 2448 2448 2449 2449 2231 2231 1157 1157 810 810 2460 2460 2227 2227 2394 2394 2468 2468 1218 1218 1700 1700 2512 2512 2475 2475 2470 2470 2471 2471 2469 2469 2476 2476 2125 2125 2122 2122 1126 1126 2126 2126 2125 2125 1130 1130 2479 2479 2433 2433 2434 2434 2479 2479 2480 2480 2432 2432 2477 2477 2478 2478 2434 2434 2481 2481 2482 2482 2430 2430 2483 2483 2428 2428 2430 2430 2432 2432 2480 2480 2481 2481 704 704 700 700 2179 2179 704 704 2180 2180 2181 2181 2464 2464 2465 2465 1644 1644 2463 2463 2464 2464 1643 1643 1865 1865 1660 1660 1661 1661 1865 1865 1862 1862 1660 1660 1659 1659 1660 1660 1862 1862 1860 1860 1658 1658 1659 1659 1858 1858 1859 1859 1656 1656 650 650 2513 2513 2084 2084 1846 1846 40 40 2521 2521 40 40 1846 1846 2450 2450 2276 2276 1649 1649 1055 1055 1033 1033 1032 1032 2522 2522 2114 2114 2115 2115 2522 2522 2112 2112 2111 2111 2524 2524 2113 2113 2526 2526 2552 2552 2112 2112 2525 2525 2526 2526 2114 2114 2523 2523 2524 2524 2528 2528 2527 2527 1785 1785 2147 2147 2148 2148 1121 1121 2144 2144 2147 2147 1120 1120 755 755 753 753 2518 2518 753 753 754 754 2517 2517 755 755 2519 2519 2520 2520 752 752 750 750 2515 2515 750 750 742 742 2514 2514 2517 2517 754 754 752 752 2130 2130 1095 1095 1093 1093 2129 2129 1093 1093 1092 1092 2538 2538 2098 2098 2095 2095 1195 1195 2237 2237 1722 1722 1194 1194 2238 2238 2237 2237 2238 2238 1194 1194 1196 1196 1192 1192 2235 2235 2236 2236 2239 2239 1196 1196 1191 1191 1064 1064 1581 1581 2544 2544 1513 1513 1567 1567 2393 2393 1296 1296 2546 2546 2545 2545 2529 2529 2548 2548 2549 2549 462 462 2529 2529 2549 2549 877 877 2548 2548 2547 2547 2555 2555 2554 2554 1135 1135 355 355 328 328 327 327 697 697 1800 1800 1799 1799 697 697 698 698 1801 1801 1801 1801 698 698 699 699 701 701 1804 1804 1802 1802 703 703 1447 1447 1806 1806 703 703 1805 1805 1804 1804 2557 2557 1986 1986 1984 1984 1610 1610 2571 2571 1603 1603 2580 2580 2583 2583 2563 2563 1612 1612 2572 2572 2568 2568 2551 2551 2563 2563 2575 2575 167 167 2584 2584 1618 1618 1611 1611 2573 2573 1610 1610 1615 1615 2580 2580 2581 2581 1611 1611 2568 2568 2569 2569 1617 1617 2580 2580 1616 1616 1619 1619 2584 2584 2577 2577 1619 1619 2578 2578 1617 1617 158 158 2574 2574 2576 2576 149 149 2565 2565 2567 2567 1608 1608 2563 2563 172 172 147 147 2567 2567 2582 2582 1600 1600 2579 2579 2564 2564 1600 1600 2562 2562 1608 1608 1615 1615 2585 2585 1614 1614 1609 1609 2579 2579 1601 1601 2551 2551 2574 2574 161 161 1614 1614 2572 2572 1613 1613 167 167 2582 2582 2583 2583 158 158 2566 2566 155 155 1609 1609 2571 2571 2570 2570 155 155 2565 2565 152 152 1610 1610 2573 2573 2571 2571 2563 2563 2562 2562 2564 2564 2564 2564 2579 2579 2570 2570 2570 2570 2571 2571 2573 2573 2573 2573 2569 2569 2568 2568 2568 2568 2572 2572 2580 2580 2572 2572 2585 2585 2581 2581 2580 2580 2572 2572 2581 2581 2580 2580 2578 2578 2577 2577 2577 2577 2584 2584 2583 2583 2583 2583 2582 2582 2567 2567 2567 2567 2565 2565 2566 2566 2566 2566 2576 2576 2574 2574 2574 2574 2575 2575 2566 2566 2575 2575 2563 2563 2566 2566 2563 2563 2564 2564 2570 2570 2570 2570 2573 2573 2563 2563 2573 2573 2568 2568 2563 2563 2580 2580 2577 2577 2583 2583 2583 2583 2567 2567 2563 2563 2567 2567 2566 2566 2563 2563 2568 2568 2580 2580 2563 2563 1612 1612 1613 1613 2572 2572 2551 2551 172 172 2563 2563 167 167 2583 2583 2584 2584 1611 1611 2569 2569 2573 2573 1615 1615 1616 1616 2580 2580 1611 1611 1612 1612 2568 2568 1617 1617 2578 2578 2580 2580 1619 1619 1618 1618 2584 2584 1619 1619 2577 2577 2578 2578 158 158 161 161 2574 2574 149 149 152 152 2565 2565 1608 1608 2562 2562 2563 2563 147 147 149 149 2567 2567 1600 1600 1601 1601 2579 2579 1600 1600 2564 2564 2562 2562 1615 1615 2581 2581 2585 2585 1609 1609 2570 2570 2579 2579 2551 2551 2575 2575 2574 2574 1614 1614 2585 2585 2572 2572 167 167 147 147 2582 2582 158 158 2576 2576 2566 2566 1609 1609 1603 1603 2571 2571 155 155 2566 2566 2565 2565</p></triangles><triangles count="657" material="White_005-material"><input offset="0" semantic="VERTEX" source="#object_100-mesh-slim-pos-vertices"/><input offset="1" semantic="NORMAL" source="#object_100-mesh-slim-nrm"/><p>3108 3108 2587 2587 2586 2586 2588 2588 2587 2587 3108 3108 2589 2589 2587 2587 2588 2588 2589 2589 2590 2590 2587 2587 2587 2587 2590 2590 2591 2591 2593 2593 2591 2591 2592 2592 2593 2593 2587 2587 2591 2591 2593 2593 2596 2596 2594 2594 2593 2593 2594 2594 2587 2587 2597 2597 2595 2595 2593 2593 2595 2595 2596 2596 2593 2593 2597 2597 2593 2593 2598 2598 2593 2593 2592 2592 2598 2598 2597 2597 2598 2598 2599 2599 2597 2597 2599 2599 2600 2600 2601 2601 2597 2597 2600 2600 2601 2601 2600 2600 2602 2602 2601 2601 2602 2602 2603 2603 2604 2604 2601 2601 2603 2603 2604 2604 2603 2603 2605 2605 2604 2604 2605 2605 2606 2606 2607 2607 2604 2604 2606 2606 2607 2607 2606 2606 2608 2608 2607 2607 2608 2608 2609 2609 2609 2609 2610 2610 2607 2607 2621 2621 2607 2607 2610 2610 2611 2611 2607 2607 2621 2621 2612 2612 2607 2607 2611 2611 2613 2613 2607 2607 2612 2612 2613 2613 2604 2604 2607 2607 2613 2613 2614 2614 2604 2604 2615 2615 2604 2604 2614 2614 2616 2616 2601 2601 2615 2615 2615 2615 2601 2601 2604 2604 2601 2601 2616 2616 2617 2617 2601 2601 2617 2617 2597 2597 2597 2597 2617 2617 2618 2618 2597 2597 2618 2618 2595 2595 2587 2587 2594 2594 2619 2619 2619 2619 2586 2586 2587 2587 2621 2621 2620 2620 2623 2623 2620 2620 2621 2621 2622 2622 2621 2621 2624 2624 2622 2622 2626 2626 2627 2627 2629 2629 2627 2627 2626 2626 2628 2628 2630 2630 2686 2686 2625 2625 2631 2631 2630 2630 2625 2625 2631 2631 2625 2625 2632 2632 2635 2635 2633 2633 2634 2634 2635 2635 2634 2634 2636 2636 2638 2638 2634 2634 2637 2637 2639 2639 2637 2637 2634 2634 2640 2640 2639 2639 2634 2634 2641 2641 2642 2642 2643 2643 2642 2642 2644 2644 2643 2643 2644 2644 2645 2645 2646 2646 2644 2644 2642 2642 2645 2645 2620 2620 2648 2648 2623 2623 2647 2647 2648 2648 2620 2620 2620 2620 2622 2622 2647 2647 2647 2647 2622 2622 2624 2624 2645 2645 2642 2642 2649 2649 2649 2649 2650 2650 2645 2645 2651 2651 2654 2654 2652 2652 2651 2651 2652 2652 2653 2653 2655 2655 2654 2654 2651 2651 2656 2656 2654 2654 2655 2655 2656 2656 2655 2655 2700 2700 2656 2656 2657 2657 2654 2654 2654 2654 2657 2657 2658 2658 2654 2654 2658 2658 2659 2659 2658 2658 2660 2660 2659 2659 2659 2659 2660 2660 2661 2661 2659 2659 2661 2661 2662 2662 2662 2662 2661 2661 2663 2663 2662 2662 2663 2663 2664 2664 2664 2664 2665 2665 2666 2666 2666 2666 2662 2662 2664 2664 2666 2666 2667 2667 2662 2662 2666 2666 2668 2668 2667 2667 2668 2668 2666 2666 2669 2669 2669 2669 2666 2666 2670 2670 2666 2666 2671 2671 2670 2670 2666 2666 2665 2665 2671 2671 2670 2670 2671 2671 2672 2672 2670 2670 2672 2672 2673 2673 2674 2674 2673 2673 2675 2675 2670 2670 2673 2673 2674 2674 2674 2674 2675 2675 2676 2676 2676 2676 2637 2637 2674 2674 2637 2637 2676 2676 2638 2638 2639 2639 2674 2674 2637 2637 2677 2677 2674 2674 2639 2639 2640 2640 2677 2677 2639 2639 2678 2678 2674 2674 2677 2677 2679 2679 2674 2674 2678 2678 2679 2679 2670 2670 2674 2674 2679 2679 2680 2680 2670 2670 2669 2669 2670 2670 2680 2680 2662 2662 2667 2667 2681 2681 2662 2662 2681 2681 2682 2682 2662 2662 2682 2682 2659 2659 2682 2682 2683 2683 2659 2659 2683 2683 2684 2684 2659 2659 2684 2684 2654 2654 2659 2659 2654 2654 2684 2684 2685 2685 2685 2685 2652 2652 2654 2654 2686 2686 2630 2630 2687 2687 2630 2630 2688 2688 2687 2687 2688 2688 2630 2630 2631 2631 2631 2631 2632 2632 2688 2688 2687 2687 2688 2688 2689 2689 2635 2635 2690 2690 2633 2633 2636 2636 2690 2690 2635 2635 2691 2691 2649 2649 2642 2642 2691 2691 2642 2642 2641 2641 2691 2691 2650 2650 2649 2649 2693 2693 2691 2691 2692 2692 2695 2695 2692 2692 2694 2694 2695 2695 2694 2694 2696 2696 2696 2696 2697 2697 2695 2695 2698 2698 2653 2653 2699 2699 2698 2698 2699 2699 2700 2700 2694 2694 2701 2701 2696 2696 2696 2696 2701 2701 2697 2697 2702 2702 2703 2703 2704 2704 2706 2706 2707 2707 2705 2705 2706 2706 2708 2708 2707 2707 2711 2711 2710 2710 2709 2709 2710 2710 2711 2711 2712 2712 2713 2713 2714 2714 2710 2710 2714 2714 2715 2715 2710 2710 2715 2715 2716 2716 2710 2710 2717 2717 2710 2710 2720 2720 2710 2710 2717 2717 2718 2718 2719 2719 2720 2720 2710 2710 2721 2721 2723 2723 2722 2722 2721 2721 2722 2722 2724 2724 2726 2726 2723 2723 2721 2721 2725 2725 2721 2721 2724 2724 2721 2721 2725 2725 2727 2727 2721 2721 2727 2727 2726 2726 2725 2725 2728 2728 2727 2727 2730 2730 2728 2728 2725 2725 2730 2730 2729 2729 2728 2728 2735 2735 2730 2730 2725 2725 2730 2730 2731 2731 2733 2733 2735 2735 2731 2731 2730 2730 2730 2730 2734 2734 2729 2729 2730 2730 2732 2732 2734 2734 2730 2730 2733 2733 2732 2732 2735 2735 2725 2725 2724 2724 2732 2732 2736 2736 2734 2734 2732 2732 2738 2738 2736 2736 2736 2736 2738 2738 2737 2737 2736 2736 2737 2737 2741 2741 2732 2732 2739 2739 2738 2738 2740 2740 2738 2738 2739 2739 2740 2740 2737 2737 2738 2738 2711 2711 2737 2737 2740 2740 2711 2711 2741 2741 2737 2737 2732 2732 2733 2733 2739 2739 2742 2742 2723 2723 2726 2726 2743 2743 2722 2722 2723 2723 2723 2723 2742 2742 2744 2744 2743 2743 2723 2723 2744 2744 2746 2746 2748 2748 2745 2745 2746 2746 2745 2745 2747 2747 2751 2751 2799 2799 2749 2749 2749 2749 2799 2799 2750 2750 2799 2799 2751 2751 2800 2800 2751 2751 2752 2752 2800 2800 2800 2800 2752 2752 2753 2753 2754 2754 2755 2755 2753 2753 2800 2800 2753 2753 2755 2755 2754 2754 2756 2756 2755 2755 2757 2757 2758 2758 2756 2756 2757 2757 2756 2756 2754 2754 3081 3081 2759 2759 2758 2758 2757 2757 3081 3081 2758 2758 2759 2759 3081 3081 2760 2760 2761 2761 2763 2763 2764 2764 2761 2761 2765 2765 2766 2766 2761 2761 2766 2766 2762 2762 2762 2762 2766 2766 2767 2767 2766 2766 2769 2769 2767 2767 2766 2766 2765 2765 2768 2768 2768 2768 2769 2769 2766 2766 2770 2770 2768 2768 2765 2765 2768 2768 2770 2770 2771 2771 2768 2768 2771 2771 2772 2772 2773 2773 2772 2772 2771 2771 2775 2775 2774 2774 2771 2771 2773 2773 2771 2771 2774 2774 2775 2775 2776 2776 2774 2774 2778 2778 2776 2776 2775 2775 2776 2776 2777 2777 2774 2774 2775 2775 2779 2779 2778 2778 2775 2775 2780 2780 2779 2779 2782 2782 2780 2780 2781 2781 2780 2780 2775 2775 2781 2781 2782 2782 2781 2781 2786 2786 2782 2782 2786 2786 2784 2784 2783 2783 2785 2785 2786 2786 2788 2788 2786 2786 2787 2787 2786 2786 2785 2785 2787 2787 2788 2788 2790 2790 2792 2792 2790 2790 2788 2788 2789 2789 2791 2791 2789 2789 2788 2788 2787 2787 2791 2791 2788 2788 2792 2792 2790 2790 2793 2793 2793 2793 2794 2794 2792 2792 2794 2794 2793 2793 2795 2795 2796 2796 2795 2795 2797 2797 2795 2795 2793 2793 2797 2797 2797 2797 2798 2798 2796 2796 2790 2790 2798 2798 2797 2797 2790 2790 2797 2797 2793 2793 2790 2790 2799 2799 2798 2798 2799 2799 2801 2801 2798 2798 2799 2799 2800 2800 2801 2801 2802 2802 2798 2798 2801 2801 2796 2796 2798 2798 2802 2802 2803 2803 2790 2790 2804 2804 2789 2789 2804 2804 2790 2790 2777 2777 2773 2773 2774 2774 2773 2773 2777 2777 2805 2805 2773 2773 2805 2805 2806 2806 2773 2773 2806 2806 2772 2772 2806 2806 2807 2807 2772 2772 2807 2807 2768 2768 2772 2772 2807 2807 2808 2808 2768 2768 2768 2768 2808 2808 2769 2769 2790 2790 2809 2809 2810 2810 2809 2809 2812 2812 2810 2810 2809 2809 2811 2811 2812 2812 2810 2810 2799 2799 2790 2790 2815 2815 2813 2813 2814 2814 2815 2815 2814 2814 2817 2817 2815 2815 2816 2816 2813 2813 2810 2810 2812 2812 2815 2815 2817 2817 2818 2818 2815 2815 2819 2819 2810 2810 2815 2815 2815 2815 2818 2818 2819 2819 2820 2820 2817 2817 2814 2814 2814 2814 2821 2821 2820 2820 2814 2814 2822 2822 2821 2821 2822 2822 2814 2814 2823 2823 2814 2814 2824 2824 2823 2823 2825 2825 2814 2814 2826 2826 2827 2827 2826 2826 2828 2828 2829 2829 2830 2830 2826 2826 2832 2832 2826 2826 2830 2830 2831 2831 2828 2828 2826 2826 2828 2828 2831 2831 2833 2833 2834 2834 2835 2835 2833 2833 2835 2835 2828 2828 2833 2833 2837 2837 2828 2828 2835 2835 2835 2835 2834 2834 2836 2836 2838 2838 2835 2835 2836 2836 2837 2837 2835 2835 2839 2839 2838 2838 2839 2839 2835 2835 2840 2840 2847 2847 2839 2839 2837 2837 2839 2839 2847 2847 2839 2839 2838 2838 2840 2840 2840 2840 2838 2838 2841 2841 2842 2842 2840 2840 2841 2841 2845 2845 2843 2843 2841 2841 2841 2841 2843 2843 2844 2844 2846 2846 2840 2840 2842 2842 2840 2840 2846 2846 2847 2847 2848 2848 2846 2846 2842 2842 2849 2849 2842 2842 2850 2850 2851 2851 2850 2850 2842 2842 2851 2851 2852 2852 3082 3082 2851 2851 2853 2853 2854 2854 2851 2851 2854 2854 2855 2855 2855 2855 2852 2852 2851 2851 2851 2851 2865 2865 2859 2859 2859 2859 2856 2856 2851 2851 2853 2853 2851 2851 2856 2856 2856 2856 2859 2859 2857 2857 2859 2859 2858 2858 2857 2857 2859 2859 2811 2811 2858 2858 2811 2811 2859 2859 2860 2860 2812 2812 2811 2811 2860 2860 2812 2812 2860 2860 2815 2815 2860 2860 2861 2861 2815 2815 2860 2860 2862 2862 2861 2861 2860 2860 2859 2859 2862 2862 2815 2815 2861 2861 2816 2816 2862 2862 2859 2859 2865 2865 2864 2864 2863 2863 2865 2865 2866 2866 2865 2865 2867 2867 2868 2868 2828 2828 2837 2837 2827 2827 2828 2828 2868 2868 2869 2869 2871 2871 2870 2870 2872 2872 2874 2874 2873 2873 2877 2877 2875 2875 2876 2876 2878 2878 2875 2875 2877 2877 2883 2883 2880 2880 2879 2879 2883 2883 2881 2881 2882 2882 2887 2887 2884 2884 2885 2885 2886 2886 2887 2887 2885 2885 2889 2889 2887 2887 2886 2886 2888 2888 2887 2887 2889 2889 2886 2886 2890 2890 2889 2889 2886 2886 2891 2891 2890 2890 2891 2891 2892 2892 2890 2890 2893 2893 2892 2892 2891 2891 2893 2893 2894 2894 2892 2892 2895 2895 2894 2894 2893 2893 2895 2895 2896 2896 2894 2894 2898 2898 2897 2897 2896 2896 2898 2898 2896 2896 2895 2895 2895 2895 2899 2899 2898 2898 2902 2902 2897 2897 2898 2898 2900 2900 2898 2898 2899 2899 2900 2900 2901 2901 2898 2898 2902 2902 2898 2898 2901 2901 2904 2904 2903 2903 2902 2902 2902 2902 2901 2901 2904 2904 2900 2900 2905 2905 2904 2904 2904 2904 2901 2901 2900 2900 2895 2895 2906 2906 2899 2899 2895 2895 2907 2907 2906 2906 2895 2895 2893 2893 2907 2907 2908 2908 2907 2907 2893 2893 2891 2891 2909 2909 2908 2908 2908 2908 2893 2893 2891 2891 2886 2886 2885 2885 2909 2909 2886 2886 2909 2909 2891 2891 2910 2910 2912 2912 2911 2911 2910 2910 2911 2911 2914 2914 2916 2916 2912 2912 2910 2910 2910 2910 2913 2913 2915 2915 2910 2910 2914 2914 2913 2913 2910 2910 2915 2915 2916 2916 2917 2917 2912 2912 2916 2916 2915 2915 2913 2913 2918 2918 2919 2919 2918 2918 2913 2913 2919 2919 2913 2913 2921 2921 2921 2921 2920 2920 2919 2919 2913 2913 2922 2922 2921 2921 2924 2924 2923 2923 2921 2921 2921 2921 2923 2923 2920 2920 2925 2925 2923 2923 2924 2924 2925 2925 2924 2924 2926 2926 2926 2926 2928 2928 2925 2925 2926 2926 2927 2927 2928 2928 2929 2929 2928 2928 2927 2927 2928 2928 2931 2931 2930 2930 2928 2928 2930 2930 2925 2925 2931 2931 2928 2928 2929 2929 2929 2929 2938 2938 2931 2931 2930 2930 2923 2923 2925 2925 2930 2930 2920 2920 2923 2923 2927 2927 2932 2932 2929 2929 2913 2913 2933 2933 2922 2922 2914 2914 2933 2933 2913 2913 2934 2934 2911 2911 2912 2912 2935 2935 2912 2912 2917 2917 2935 2935 2934 2934 2912 2912 2937 2937 2917 2917 2936 2936 2935 2935 2917 2917 2937 2937 2929 2929 2939 2939 2938 2938 2929 2929 2932 2932 2939 2939 2939 2939 2884 2884 2887 2887 2887 2887 2940 2940 2939 2939 2887 2887 2888 2888 2940 2940 2943 2943 3080 3080 2941 2941 2942 2942 2943 2943 2941 2941 2944 2944 2943 2943 2945 2945 2945 2945 2943 2943 2942 2942 2942 2942 2946 2946 2945 2945 2942 2942 2947 2947 2946 2946 2948 2948 2946 2946 2947 2947 2948 2948 2947 2947 2950 2950 2948 2948 2950 2950 2949 2949 2952 2952 2950 2950 2951 2951 2951 2951 2950 2950 2947 2947 2952 2952 2949 2949 2950 2950 2952 2952 2956 2956 2949 2949 2953 2953 2956 2956 2952 2952 2953 2953 2952 2952 2955 2955 2952 2952 2951 2951 2954 2954 2954 2954 2955 2955 2952 2952 2954 2954 2957 2957 2955 2955 2959 2959 2955 2955 2957 2957 2959 2959 2958 2958 2955 2955 2960 2960 2955 2955 2958 2958 2960 2960 2953 2953 2955 2955 2960 2960 2958 2958 2883 2883 2883 2883 2958 2958 2959 2959 2959 2959 2961 2961 2883 2883 2951 2951 2947 2947 2962 2962 2947 2947 2963 2963 2962 2962 2941 2941 2963 2963 2942 2942 2947 2947 2942 2942 2963 2963 2937 2937 2936 2936 2964 2964 2937 2937 2964 2964 2935 2935 2965 2965 2966 2966 2969 2969 2967 2967 2969 2969 2968 2968 2970 2970 2967 2967 2968 2968 2970 2970 2968 2968 2971 2971 2972 2972 2970 2970 2971 2971 2934 2934 2974 2974 2973 2973 2977 2977 2975 2975 2976 2976 2976 2976 3076 3076 2977 2977 2978 2978 3077 3077 2977 2977 2977 2977 3076 3076 2978 2978 2979 2979 2980 2980 2905 2905 2905 2905 2980 2980 2981 2981 2905 2905 2982 2982 2979 2979 3061 3061 2979 2979 2982 2982 2983 2983 2984 2984 2985 2985 2986 2986 2984 2984 2983 2983 2987 2987 2986 2986 2983 2983 2986 2986 2987 2987 2989 2989 2988 2988 2989 2989 2987 2987 2990 2990 2989 2989 2988 2988 2988 2988 2991 2991 2990 2990 2993 2993 2991 2991 2992 2992 2993 2993 2990 2990 2991 2991 2994 2994 2993 2993 2992 2992 2995 2995 2996 2996 2994 2994 2994 2994 2992 2992 2995 2995 2980 2980 2996 2996 2997 2997 2997 2997 2996 2996 2995 2995 2997 2997 2981 2981 2980 2980 2998 2998 2985 2985 2984 2984 3047 3047 2985 2985 2998 2998 2999 2999 3000 3000 3062 3062 3000 3000 3002 3002 3062 3062 3001 3001 3002 3002 3000 3000 3078 3078 3002 3002 3001 3001 2975 2975 3003 3003 2976 2976 3004 3004 2976 2976 3003 3003 3076 3076 2976 2976 3004 3004 3004 3004 3003 3003 3006 3006 3004 3004 3006 3006 3005 3005 3008 3008 3007 3007 3006 3006 3010 3010 3006 3006 3007 3007 3009 3009 3008 3008 3006 3006 3003 3003 3009 3009 3006 3006 3010 3010 3005 3005 3006 3006 3007 3007 3011 3011 3010 3010 3012 3012 3013 3013 3011 3011 3013 3013 3012 3012 3015 3015 3013 3013 3015 3015 3014 3014 3016 3016 3015 3015 3012 3012 3016 3016 3017 3017 3015 3015 3018 3018 3015 3015 3017 3017 3018 3018 3014 3014 3015 3015 3018 3018 3017 3017 3019 3019 3020 3020 3018 3018 3019 3019 3046 3046 3018 3018 3020 3020 3018 3018 3021 3021 3014 3014 3018 3018 3046 3046 3021 3021 3022 3022 3016 3016 3012 3012 3023 3023 3022 3022 3011 3011 3022 3022 3012 3012 3011 3011 3011 3011 3007 3007 3023 3023 3007 3007 3024 3024 3023 3023 3024 3024 3007 3007 3008 3008 2905 2905 3025 3025 2982 2982 3061 3061 2982 2982 3026 3026 3026 3026 2982 2982 3027 3027 3025 3025 3027 3027 2982 2982 3026 3026 3027 3027 3028 3028 3027 3027 3029 3029 3028 3028 3029 3029 3030 3030 3028 3028 3030 3030 3032 3032 3028 3028 3031 3031 3032 3032 3030 3030 3033 3033 3028 3028 3032 3032 3034 3034 3032 3032 3031 3031 3032 3032 3034 3034 3033 3033 3035 3035 3036 3036 3034 3034 3036 3036 3035 3035 3037 3037 3036 3036 3037 3037 3038 3038 3040 3040 3039 3039 3038 3038 3040 3040 3038 3038 3037 3037 3040 3040 3042 3042 3041 3041 2999 2999 3040 3040 3041 3041 3040 3040 3037 3037 3042 3042 3040 3040 3062 3062 3039 3039 3062 3062 3040 3040 2999 2999 3043 3043 3042 3042 3037 3037 3043 3043 3037 3037 3035 3035 3044 3044 3043 3043 3035 3035 3031 3031 3044 3044 3034 3034 3044 3044 3035 3035 3034 3034 3033 3033 3045 3045 3028 3028 3026 3026 3028 3028 3045 3045 3020 3020 3047 3047 3046 3046 3048 3048 3046 3046 3047 3047 2998 2998 3048 3048 3047 3047 3049 3049 3051 3051 3074 3074 3050 3050 3074 3074 3051 3051 3049 3049 3052 3052 3051 3051 3049 3049 3048 3048 3052 3052 3048 3048 3053 3053 3052 3052 3055 3055 3048 3048 3054 3054 3048 3048 3055 3055 3053 3053 3056 3056 3054 3054 3048 3048 3056 3056 3048 3048 3058 3058 3058 3058 3048 3048 2996 2996 2996 2996 3057 3057 3059 3059 2996 2996 2980 2980 3057 3057 2994 2994 2996 2996 2993 2993 2990 2990 2993 2993 2996 2996 2998 2998 2996 2996 3048 3048 2998 2998 2990 2990 2996 2996 2996 2996 3059 3059 3058 3058 2989 2989 2990 2990 2998 2998 2989 2989 2998 2998 2986 2986 2998 2998 2984 2984 2986 2986 3059 3059 3057 3057 3060 3060 3065 3065 3060 3060 3057 3057 3057 3057 2980 2980 2979 2979 3057 3057 2979 2979 3061 3061 3034 3034 3062 3062 3061 3061 3034 3034 3061 3061 3033 3033 3045 3045 3061 3061 3026 3026 3061 3061 3045 3045 3033 3033 3036 3036 3062 3062 3034 3034 3062 3062 3036 3036 3038 3038 3039 3039 3062 3062 3038 3038 3063 3063 3062 3062 3002 3002 3067 3067 3064 3064 3063 3063 3002 3002 3067 3067 3063 3063 3063 3063 3066 3066 3065 3065 3063 3063 3064 3064 3066 3066 3065 3065 3057 3057 3063 3063 3057 3057 3061 3061 3063 3063 3068 3068 3067 3067 3002 3002 3068 3068 3002 3002 3069 3069 3002 3002 3070 3070 3069 3069 3002 3002 3072 3072 3070 3070 3078 3078 3071 3071 3002 3002 3071 3071 3072 3072 3002 3002 3071 3071 3073 3073 3072 3072 3073 3073 3071 3071 2978 2978 3075 3075 3073 3073 2978 2978 3075 3075 2978 2978 3074 3074 3011 3011 3074 3074 3076 3076 3046 3046 3074 3074 3011 3011 3005 3005 3010 3010 3011 3011 3004 3004 3005 3005 3011 3011 3004 3004 3011 3011 3076 3076 3011 3011 3013 3013 3046 3046 3013 3013 3014 3014 3046 3046 3046 3046 3014 3014 3021 3021 3048 3048 3074 3074 3046 3046 3074 3074 3048 3048 3049 3049 3074 3074 2978 2978 3076 3076 3071 3071 3077 3077 2978 2978 3071 3071 3078 3078 3077 3077 3075 3075 3114 3114 3050 3050 3063 3063 3061 3061 3062 3062 2944 2944 3079 3079 2943 2943 2943 2943 3079 3079 3080 3080 2904 2904 2905 2905 3080 3080 2903 2903 2904 2904 3080 3080 2823 2823 3081 3081 2757 2757 2754 2754 2823 2823 2757 2757 2754 2754 2822 2822 2823 2823 2754 2754 2753 2753 2821 2821 2754 2754 2821 2821 2822 2822 2820 2820 2821 2821 2753 2753 2820 2820 2753 2753 2752 2752 2752 2752 2817 2817 2820 2820 2752 2752 2751 2751 2817 2817 2749 2749 2817 2817 2751 2751 2749 2749 2818 2818 2817 2817 2749 2749 2819 2819 2818 2818 2749 2749 2750 2750 2819 2819 2750 2750 2810 2810 2819 2819 2810 2810 2750 2750 2799 2799 3081 3081 2823 2823 2824 2824 2858 2858 2809 2809 2803 2803 2803 2803 2809 2809 2790 2790 2804 2804 2858 2858 2803 2803 2804 2804 2857 2857 2858 2858 2804 2804 2856 2856 2857 2857 2804 2804 2789 2789 2856 2856 2856 2856 2789 2789 2791 2791 2856 2856 2791 2791 2853 2853 2787 2787 2853 2853 2791 2791 2787 2787 2854 2854 2853 2853 2785 2785 2854 2854 2787 2787 2785 2785 2855 2855 2854 2854 2785 2785 2783 2783 2852 2852 2785 2785 2852 2852 2855 2855 2783 2783 3082 3082 2852 2852 3082 3082 2783 2783 2786 2786 2809 2809 2858 2858 2811 2811 2805 2805 2777 2777 3083 3083 3083 3083 2777 2777 2776 2776 2807 2807 2806 2806 3083 3083 3083 3083 2806 2806 2805 2805 3083 3083 3084 3084 2807 2807 2769 2769 2808 2808 3084 3084 3084 3084 2808 2808 2807 2807 3084 3084 2762 2762 2767 2767 3084 3084 2767 2767 2769 2769 3085 3085 3084 3084 3083 3083 2779 2779 2780 2780 3086 3086 3086 3086 2780 2780 2782 2782 3086 3086 2782 2782 3087 3087 2779 2779 3086 3086 3088 3088 2778 2778 2779 2779 3088 3088 2778 2778 3088 3088 3089 3089 3089 3089 3083 3083 2778 2778 2778 2778 3083 3083 2776 2776 3083 3083 3089 3089 3085 3085 3091 3091 2796 2796 3090 3090 3090 3090 2796 2796 2802 2802 3090 3090 2802 2802 2801 2801 3090 3090 2801 2801 2800 2800 3091 3091 3092 3092 2796 2796 3092 3092 2795 2795 2796 2796 3092 3092 2794 2794 2795 2795 3092 3092 2792 2792 2794 2794 2788 2788 2792 2792 3092 3092 2756 2756 2758 2758 3093 3093 2756 2756 3093 3093 3094 3094 2756 2756 3094 3094 3095 3095 2756 2756 3095 3095 2755 2755 2755 2755 3095 3095 3090 3090 3095 3095 3091 3091 3090 3090 2800 2800 2755 2755 3090 3090 2758 2758 2759 2759 3093 3093 3093 3093 2759 2759 3096 3096 3098 3098 3097 3097 2782 2782 3098 3098 2782 2782 2784 2784 3097 3097 3087 3087 2782 2782 3100 3100 3099 3099 2759 2759 2759 2759 3099 3099 3096 3096 2759 2759 2760 2760 3100 3100 3099 3099 3101 3101 3096 3096 3102 3102 3103 3103 3104 3104 3104 3104 3106 3106 3105 3105 3105 3105 3106 3106 3107 3107 2698 2698 2700 2700 2655 2655 2698 2698 2655 2655 2651 2651 2653 2653 2698 2698 2651 2651 3108 3108 3109 3109 2588 2588 3109 3109 3110 3110 2588 2588 3111 3111 3109 3109 3108 3108 3109 3109 3111 3111 3112 3112 3110 3110 3109 3109 3112 3112 2627 2627 2628 2628 3113 3113 2627 2627 3113 3113 2629 2629 2924 2924 2921 2921 2922 2922 3074 3074 3050 3050 3114 3114 3075 3075 3074 3074 3114 3114</p></triangles></mesh>
    </geometry>
    <geometry id="object_419-mesh" name="object_419">
      <mesh>
        <source id="object_419-mesh-slim-nrm"><float_array count="3825" id="object_419-mesh-slim-nrm-array">0.8943 -0.4321 -0.1163 0.8945 -0.3951 -0.2091 0.8948 -0.4462 0.0149 -0.8943 -0.445 -0.0461 0.8957 -0.4039 0.1859 -0.896 -0.4342 0.0932 -0.8956 -0.3667 0.252 0.8954 -0.3009 0.3282 -0.8952 -0.2443 0.3727 0.8952 -0.1577 0.4169 0.8956 0.012 0.4448 -0.8954 -0.0883 0.4364 0.8957 0.1859 0.4039 -0.8957 0.0873 0.436 0.8957 0.3236 0.3051 -0.8956 0.252 0.3667 0.8953 0.3996 0.1969 -0.8946 0.3745 0.2438 -0.8948 -0.4153 -0.1638 0.5927 -0.5832 0.5555 0.6596 -0.3348 0.6729 0.3524 -0.8173 0.4558 0.316 0.1378 -0.9387 0.0706 0.0285 -0.9971 -0.0051 -0.9182 0.396 -0.3488 -0.8163 0.4604 -0.2394 0.1014 -0.9656 -0.5877 -0.5861 0.5578 -0.4263 0.3464 -0.8356 -0.6585 -0.3288 0.6769 0.4298 0.3607 -0.8277 0.5927 -0.5832 0.5555 0.6596 -0.3348 0.6729 0.3524 -0.8173 0.4558 0.316 0.1378 -0.9387 0.0706 0.0285 -0.9971 -0.0051 -0.9182 0.396 -0.3488 -0.8163 0.4604 -0.2269 0.0909 -0.9697 -0.5895 -0.5827 0.5594 -0.4038 0.2584 -0.8776 -0.6566 -0.3336 0.6765 0.4298 0.3607 -0.8277 -0.0532 0.7902 -0.6106 -0.3006 0.6893 -0.6591 -0.5133 -0.0774 0.8547 -0.5997 -0.4699 0.6477 -0.4026 0.2622 -0.877 -0.2356 0.0944 -0.9673 -0.1172 -0.8987 0.4225 0.0664 0.0306 -0.9973 -0.1564 0.1676 0.9734 -0.0627 0.789 -0.6112 -0.422 0.4609 -0.7807 -0.3025 0.6857 -0.662 -0.4533 0.0557 0.8896 -0.6012 -0.2546 0.7575 -0.3516 0.1991 -0.9147 -0.5093 -0.6431 0.5718 -0.1708 0.0499 -0.984 -0.1606 -0.885 0.437 0.0679 0.0258 -0.9974 -0.1175 0.1773 0.9771 0.8973 -0.4134 -0.1551 0.3853 -0.5791 -0.7185 0.8989 -0.2966 -0.3226 0.4468 -0.1692 -0.8785 0.8982 -0.1062 -0.4266 0.3899 0.0911 -0.9163 0.3489 0.4932 -0.7969 0.9002 0.114 -0.4202 0.3773 0.7597 -0.5296 0.8972 0.3263 -0.2976 0.38 0.9077 -0.1777 0.8973 0.4276 -0.1098 0.8981 0.4355 0.0613 0.3597 0.8905 0.2784 0.4291 -0.7251 -0.5387 0.4073 -0.1352 -0.9032 0.7283 -0.4136 -0.5464 0.4327 0.5181 -0.7378 0.4193 0.8499 -0.3193 0.4384 0.6968 0.5677 0.4205 0.9008 0.1085 -0.9034 -0.2009 -0.3788 -0.9001 0.117 -0.4197 -0.897 0.3408 -0.2814 -0.9011 0.4325 -0.0309 -0.9052 0.3326 0.2646 -0.8989 -0.3935 -0.193 0.3768 -0.7952 -0.4751 0.3628 -0.5357 -0.7625 0.8993 -0.355 -0.2555 0.3632 -0.1868 -0.9128 0.8961 -0.186 -0.4029 0.3708 0.1995 -0.907 0.8993 0.0254 -0.4366 0.3789 0.5102 -0.7721 0.896 0.2273 -0.3815 0.3745 0.7647 -0.5244 0.897 0.3544 -0.2641 0.3788 0.9083 -0.1774 0.8972 0.4291 -0.1045 0.3762 0.9053 0.1976 0.8972 0.435 0.076 0.364 0.7132 0.599 0.4182 -0.7231 -0.5497 0.4342 -0.2675 -0.8602 0.45 0.2393 -0.8604 0.4338 0.8713 0.2292 0.4402 0.7695 -0.4626 -0.8969 -0.395 -0.1988 -0.9043 -0.1921 -0.3812 -0.9064 0.1189 -0.4053 -0.9012 0.321 -0.2912 -0.9015 0.4313 -0.0345 -0.9007 0.344 0.2653 -0.8967 -0.3465 -0.2754 -0.3806 -0.9234 -0.049 -0.8945 -0.4348 -0.104 -0.4422 -0.8164 0.3714 -0.8992 -0.4283 0.0891 -0.3948 -0.6557 0.6435 -0.898 -0.3329 0.2877 -0.367 -0.3992 0.8402 -0.3597 -0.0692 0.9305 -0.8976 -0.1339 0.42 -0.3927 0.2427 0.8871 -0.8995 0.1273 0.4181 -0.3563 0.5993 0.7169 -0.3708 0.8311 0.4144 -0.8965 0.3437 0.2797 -0.4138 -0.9058 0.0915 -0.733 -0.6795 -0.031 -0.3746 -0.8348 -0.4034 -0.4489 -0.567 0.6907 -0.4347 0.0678 0.898 -0.4228 0.8704 0.2522 -0.4179 0.5942 0.6873 0.9077 -0.4156 0.0581 0.9067 -0.2574 0.334 0.9016 -0.0476 0.43 0.9006 0.2235 0.3729 0.8968 0.3936 0.2021 -0.2227 -0.8961 -0.384 -0.8962 -0.3628 -0.2553 -0.3763 -0.9264 0.0109 -0.8993 -0.4285 -0.0873 -0.3633 -0.848 0.3859 -0.8963 -0.4339 0.091 -0.3608 -0.6127 0.7031 -0.8988 -0.3361 0.2814 -0.3834 -0.3445 0.8569 -0.3609 0.0129 0.9325 -0.8981 -0.1343 0.4187 -0.374 0.3988 0.8373 -0.8966 0.0836 0.4349 -0.9016 0.2531 0.3508 -0.2817 0.7599 0.5858 -0.8945 0.3754 0.2429 -0.2959 -0.9306 -0.2157 -0.4352 -0.8532 0.2873 -0.45 -0.555 0.6997 -0.4185 0.5954 0.6859 -0.4383 0.0581 0.8969 -0.2195 0.9142 0.3406 0.8968 -0.3936 -0.2022 0.9045 -0.4208 0.0685 0.9064 -0.2577 0.3346 0.9012 -0.0466 0.4309 0.9008 0.223 0.3726 0.897 0.3931 0.2022 0.897 0.4406 0.0345 0.8968 0.3927 0.2038 0.8986 0.413 -0.1483 -0.7642 0.6171 -0.1876 -0.7722 0.4388 -0.4594 0.8995 0.2876 -0.3289 -0.7749 0.6089 0.1697 0.7514 0.6578 0.0515 0.7494 0.5877 0.305 0.7626 0.6086 -0.2191 -0.899 0.4181 -0.1299 -0.9015 0.2932 -0.3183 0.7636 0.4267 -0.4846 -0.9001 0.4197 0.117 0.8987 0.4126 -0.1486 0.897 0.4406 0.0345 -0.7657 0.6142 -0.1908 -0.775 0.4282 -0.4647 0.8986 0.29 -0.3293 0.8968 0.3927 0.2038 -0.7749 0.6089 0.1697 0.7624 0.6087 -0.2194 0.7514 0.6578 0.0515 -0.8988 0.4194 -0.1275 -0.9005 0.3007 -0.3142 0.7657 0.4212 -0.4861 0.7494 0.5877 0.305 -0.9001 0.4197 0.117 0.0025 0.798 -0.6027 -0.2485 0.721 -0.6469 -0.5007 -0.0696 0.8628 -0.5991 -0.4679 0.6497 -0.4026 0.2622 -0.877 -0.2356 0.0944 -0.9673 -0.1172 -0.8987 0.4225 0.0664 0.0306 -0.9973 -0.1188 0.1781 0.9768 0.0028 0.7988 -0.6016 -0.443 0.7928 0.4186 -0.2387 0.7128 -0.6595 -0.3997 0.5185 -0.7559 0.0028 0.2437 0.9698 -0.2467 0.2008 0.9481 -0.4598 0.0647 0.8856 -0.3665 0.2165 -0.9049 -0.1687 0.0457 -0.9846 0.0777 0.0302 -0.9965 -0.6089 -0.1341 0.7819 -0.6116 -0.4554 0.647 -0.3588 -0.7945 0.49 -0.0034 -0.9222 0.3867 0.0011 0.7988 -0.6016 -0.2488 0.7204 -0.6473 -0.4955 -0.046 0.8674 -0.609 -0.4314 0.6656 -0.3559 0.2042 -0.9119 -0.4461 -0.7526 0.4844 -0.1023 -0.897 0.43 -0.0789 0.0416 -0.996 -0.1354 0.1881 0.9728 0.0025 0.798 -0.6027 -0.2488 0.7204 -0.6473 -0.4955 -0.046 0.8674 -0.4217 0.4861 -0.7654 -0.609 -0.4314 0.6656 -0.356 0.2042 -0.9119 -0.4461 -0.7526 0.4844 -0.1023 -0.897 0.43 -0.0789 0.0416 -0.996 -0.748 -0.4723 -0.4662 0.738 -0.4353 -0.5156 -0.753 -0.2535 -0.6073 0.7517 -0.2749 -0.5995 -0.7502 0.0032 -0.6613 0.7504 -0.0268 -0.6605 -0.7375 0.2307 -0.6347 -0.7307 -0.6096 -0.3074 0.7365 -0.5728 -0.3598 0.7418 0.2031 -0.6392 -0.7538 0.4309 0.4962 -0.7518 0.5876 0.2992 -0.7538 -0.0565 0.6547 -0.7557 0.2026 0.6228 0.8981 0.136 0.4182 0.8979 -0.0378 0.4387 0.8979 0.2887 0.3325 -0.7518 -0.2992 0.5876 0.8976 -0.2 0.3929 -0.7538 -0.4962 0.4309 0.8979 -0.3324 0.2887 -0.7538 -0.6547 -0.0565 -0.7557 -0.6228 0.2026 0.8981 -0.4182 0.136 0.8979 -0.4387 -0.0378 -0.7518 -0.5876 -0.2992 0.8976 0.3929 0.2 0.8976 -0.3929 -0.2 -0.8963 0.3155 0.3116 0.896 0.287 0.3388 -0.8971 0.1705 0.4076 0.8978 0.1831 0.4005 -0.8969 -0.0035 0.4421 0.897 0.015 0.4418 -0.8967 -0.1702 0.4087 0.8967 -0.1545 0.4148 -0.896 -0.3831 0.2246 -0.8975 -0.3063 0.3173 0.8968 -0.2979 0.3272 -0.8959 -0.4364 0.0836 0.896 -0.4014 0.19 -0.8954 -0.4372 -0.0843 0.8957 -0.4444 0.0155 0.894 -0.4298 -0.1268 -0.8944 -0.3992 -0.2016 -0.8954 0.3986 0.1983 0.8946 0.3815 0.2327 -0.6888 -0.0408 -0.7238 -0.6852 0.0925 -0.7225 0.6849 0.0954 -0.7223 0.6891 -0.0398 -0.7235 -0.6764 0.2649 -0.6873 0.6763 0.2873 -0.6783 -0.684 0.4367 -0.5843 0.6842 0.4389 -0.5824 -0.6855 0.5469 -0.4806 0.6855 0.5469 -0.4806 -0.6849 0.6324 -0.3619 0.6849 0.6324 -0.3619 -0.6846 0.6931 -0.2255 0.6846 0.6931 -0.2255 -0.6849 0.7243 -0.0794 -0.6855 0.725 0.0668 0.6855 0.725 0.0668 0.6849 0.7243 -0.0794 -0.6865 0.6977 0.2045 -0.6864 0.6483 0.3295 0.6781 0.6227 0.3903 0.6857 0.6964 0.2119 -0.7301 -0.5319 -0.4291 -0.7321 -0.6138 -0.2955 -0.7447 -0.3707 -0.5549 0.7306 -0.4615 -0.5032 0.731 -0.329 -0.5979 0.7338 -0.2215 -0.6422 -0.7457 -0.1355 -0.6523 0.7312 -0.0624 -0.6793 -0.7311 0.2171 -0.6468 -0.7351 0.0588 -0.6754 0.7342 0.0632 -0.676 0.7371 0.2211 -0.6385 0.015 0.4408 -0.8975 0.7397 -0.5727 -0.3535 -0.8979 0.2887 0.3324 -0.8976 0.3929 0.2 -0.8979 -0.0378 0.4387 -0.8981 0.136 0.4182 0.7557 0.2026 0.6228 0.7538 -0.0565 0.6547 0.7538 0.4309 0.4962 -0.8976 -0.2 0.3929 0.7518 -0.2992 0.5876 -0.8979 -0.3324 0.2887 0.7538 -0.4962 0.4309 -0.8979 -0.4387 -0.0378 -0.8981 -0.4182 0.136 0.7557 -0.6228 0.2026 0.7538 -0.6547 -0.0565 -0.8976 -0.3929 -0.2 0.7518 0.5876 0.2992 0.7518 -0.5876 -0.2992 -0.8958 0.3193 0.309 -0.8959 0.1692 0.4107 0.8958 0.2647 0.357 0.896 0.1324 0.4238 -0.897 -0.0034 0.4421 0.8976 0.0104 0.4406 -0.8967 -0.1702 0.4087 0.8967 -0.1545 0.4148 0.8968 -0.2979 0.3272 -0.896 -0.3831 0.2246 -0.8975 -0.3063 0.3173 -0.8959 -0.4364 0.0836 0.896 -0.4015 0.19 -0.8954 -0.4372 -0.0843 0.8957 -0.4444 0.0155 0.894 -0.4298 -0.1268 -0.8944 -0.3992 -0.2016 -0.8954 0.3986 0.1983 0.8944 0.3796 0.2365 -0.7448 0.0078 -0.6672 -0.6881 -0.0452 -0.7242 -0.6862 0.0919 -0.7216 0.6855 0.1045 -0.7205 0.6879 -0.037 -0.7248 -0.6769 0.2664 -0.6862 0.6773 0.2913 -0.6756 -0.6842 0.437 -0.5838 0.6845 0.4394 -0.5818 -0.6855 0.5469 -0.4806 0.6855 0.5469 -0.4806 -0.6849 0.6324 -0.3619 0.6849 0.6324 -0.3619 -0.6846 0.6931 -0.2255 0.6846 0.6931 -0.2255 -0.6849 0.7243 -0.0794 -0.6855 0.725 0.0668 0.6855 0.725 0.0668 0.6849 0.7243 -0.0794 -0.6844 0.6976 0.2121 0.6772 0.6209 0.395 0.6842 0.697 0.2148 1 0 0 1 -0 0 1 -0 -0 1 0 0 1 0 0 1 -0 -0 1 0 0 0.687 -0.3027 -0.6606 0.6841 -0.1482 -0.7141 0.6899 -0.5285 -0.4946 0.8979 0.4387 0.0379 0.6876 -0.4258 -0.5881 0.6808 0.0382 -0.7315 0.6881 0.2026 -0.6968 0.6889 0.3294 -0.6457 0.6915 0.4255 -0.5838 0.6864 0.5187 -0.5096 0.6907 0.596 -0.4095 0.8981 0.4182 -0.136 0.6853 -0.6784 -0.2648 0.6903 -0.6127 -0.3849 0.8979 0.3324 -0.2887 0.6852 -0.7172 -0.127 0.6944 -0.7195 -0.0118 0.6865 0.6591 -0.3071 0.8976 0.2 -0.3929 0.8979 0.0378 -0.4387 0.7241 0.6553 -0.2149 0.8979 -0.2887 -0.3324 0.8981 -0.136 -0.4182 0.729 0.6016 -0.3266 0.6933 0.6918 -0.2021 0.7302 0.5256 -0.4365 0.7418 0.3856 -0.5487 0.7486 0.1561 0.6443 0.7073 0.3218 -0.6294 0.8999 0.1492 0.4098 0.7071 0.3208 -0.6301 0.8981 -0.1069 0.4266 0.8995 0.35 0.2615 0.8961 -0.2955 0.3311 0.8974 -0.4014 0.183 0.7351 -0.053 0.6759 0.7352 -0.2165 0.6424 0.7071 0.3208 -0.6302 0.9001 -0.435 -0.0241 0.7071 -0.3206 0.6302 0.7389 0.3264 0.5895 0.6205 -0.69 0.3727 0.7486 0.6626 -0.0253 0.7458 0.4571 -0.4846 0.7262 -0.4453 0.5238 0.7739 -0.2843 0.5659 0.805 0.1283 0.5793 0.7542 -0.5475 0.3626 0.6354 -0.5689 0.5222 0.7452 0.6237 0.2359 0.7452 0.4952 0.4465 0.7529 0.5959 -0.2796 0.7206 0.3503 -0.5984 0.7071 0.3208 -0.6302 0.6026 0.0622 0.7956 0.7897 -0.5416 0.2882 0.5786 0.2519 0.7758 0.6161 -0.6411 0.4577 0.7538 0.4309 0.4962 0.9045 -0.4055 0.1319 0.9045 0.1319 0.4055 0.7597 0.1912 0.6215 0.7071 -0.3208 0.6301 0.5774 -0.7764 0.2526 0.775 0.1239 -0.6197 0.7071 0.3208 -0.6301 0.7749 -0.1234 0.62 0.7071 0.3208 -0.6301 0.7705 -0.4282 0.4722 0.7071 -0.3208 0.6301 0.7824 -0.4979 -0.3741 0.7682 -0.2107 -0.6045 0.7071 -0.3208 0.6301 0.7071 0.3208 -0.6302 0.7071 0.3208 -0.6302 0.7071 -0.3208 0.6301 0.7071 0.3208 -0.6301 0.7071 -0.3208 0.6302 0.7602 -0.6457 -0.0724 0.7625 -0.6096 0.2166 0.707 0.3209 -0.6303 0.708 0.32 -0.6295 0.7104 0.3191 -0.6273 0.7618 0.1854 0.6207 0.7538 0.4309 0.4962 0.7071 -0.3208 0.6301 0.7071 -0.3208 0.6301 0.7071 -0.3208 0.6301 0.7742 0.1222 -0.621 0.7709 -0.1286 0.6239 0.7718 -0.4246 0.4734 0.7071 -0.3208 0.6301 0.7765 -0.5006 -0.3828 0.7664 -0.2095 -0.6073 0.7071 0.3208 -0.6301 0.8996 0.3483 0.2636 0.8992 0.1469 0.4121 0.7071 -0.3209 0.6301 0.8981 -0.1068 0.4266 0.7071 0.3207 -0.6302 0.8961 -0.2955 0.3311 0.8971 -0.4416 0.0167 0.8971 -0.3995 0.1885 0.7347 -0.3993 0.5485 0.7365 0.2045 -0.6448 0.737 -0.6385 0.2218 0.7355 -0.1833 -0.6523 0.7465 -0.5331 0.3982 0.8961 0.4418 -0.0428 0.735 0.0059 -0.678 0.8976 0.4332 0.0816 0.7234 -0.3244 -0.6095 0.6815 -0.2825 -0.6751 0.6868 -0.1015 -0.7198 0.6901 0.0371 -0.7228 0.6853 0.1958 -0.7015 0.6797 0.3726 -0.6317 0.6849 0.5153 -0.5152 0.6854 0.6014 -0.4106 0.7487 0.5253 -0.4044 0.8968 0.4001 -0.1886 0.8955 0.2295 -0.3814 0.8959 0.3372 -0.2891 0.8956 -0.1009 -0.4333 0.8953 0.075 -0.4392 0.7344 0.3813 -0.5614 0.8944 -0.3765 -0.2416 0.8956 -0.262 -0.3596 0.9045 0.1319 0.4055 0.7621 -0.6103 0.2161 0.756 -0.6514 -0.0648 0.5783 0.2521 0.7759 0.7318 -0.6535 -0.1933 0.7442 -0.6678 0.0126 0.7403 0.3259 0.588 0.9045 -0.4055 0.1319 0.5785 -0.7756 0.2527 0.764 0.2034 0.6123 0.7702 0.4643 0.4372 0.5766 0.249 0.7781 0.7746 -0.1218 0.6206 0.771 -0.4352 0.4648 0.7385 -0.0396 0.6731 0.7375 0.1398 0.6608 0.605 0.0692 0.7932 0.5766 -0.7757 0.2564 0.7634 -0.6123 0.2057 0.7717 -0.626 -0.1124 0.7467 0.0308 -0.6645 0.7376 0.2281 -0.6355 0.7359 0.5127 0.4422 0.6839 0.2689 0.6783 0.6863 0.399 0.6081 0.6839 0.5044 0.5271 0.6872 0.082 0.7218 0.69 0.2714 0.6711 0.6922 0.1797 0.699 0.6895 0.3748 0.6197 0.6958 0.4331 0.573 0.6877 -0.0317 0.7253 0.6998 -0.1175 0.7046 0.7355 0.3833 0.5586 0.7399 0.2187 0.6362 0.6947 0.1621 0.7008 0.6901 0.5127 0.5107 0.6934 0.5794 0.4284 0 -0.4537 0.8912 -0 -0.4537 0.8912 0.3419 -0.8149 0.468 -0.4607 -0.7457 0.4813 -0 -0.4537 0.8912 -0 -0.4537 0.8912 -0.0002 -0.4537 0.8911 -0.0001 -0.4537 0.8912 -0 -0.4537 0.8912 0.7071 -0.3208 0.6302 -0.7071 -0.3208 0.6302 -0.1163 0.1802 0.9767 -0.0002 -0.4536 0.8912 -0 -0.4537 0.8912 0 -0.4537 0.8912 0 -0.4537 0.8912 0.313 0.0981 0.9447 0 -0.4537 0.8912 -0 -0.4537 0.8912 0 -0.4537 0.8912 0.4631 -0.7555 0.4634 0 -0.4537 0.8912 -0 -0.4537 0.8912 -0 -0.4537 0.8912 0 -0.4537 0.8912 -0.4607 -0.7457 0.4813 0.1737 0.1989 0.9645 -0 -0.8148 0.5797 0.6219 -0.2662 0.7365 0.2467 -0.8848 0.3954 0.6077 -0.5547 0.5684 0.4633 -0.7542 0.4653 0.2541 0.1899 0.9484 0 -0.8148 0.5797 0.519 -0.0756 0.8514 0.591 -0.4815 0.6472 -0 -0.4537 0.8912 0.3114 0.1079 0.9441 0.5871 -0.122 0.8002 0.603 -0.4718 0.6433 0.3289 -0.8042 0.4951 0 -0.8148 0.5797 -0 -0.4537 0.8912 -0.6103 -0.4388 0.6595 -0.4915 -0.0547 0.8691 0.3114 0.1079 0.9441 0.5867 -0.1353 0.7984 -0.7071 -0.3208 0.6302 -0.6161 -0.6412 0.4575 -0.1772 0.1978 0.9641 -0.5787 0.2518 0.7757 -0.4469 -0.7518 0.4848 0.5956 -0.4962 0.6316 -0.1561 -0.9062 0.393 0.3166 -0.8213 0.4747 0.3289 -0.8041 0.4952 0.2309 0.1899 0.9543 -0.7072 -0.3208 0.63 -0.7072 -0.3207 0.6301 0.5146 -0.0518 0.8559 0.5949 -0.4519 0.6648 -0.7071 -0.3208 0.6301 -0.7071 -0.3208 0.6301 -0 -0.4537 0.8912 0.1571 0.2145 0.964 0.4525 0.05 0.8903 0.6079 -0.2824 0.7421 0 -0.4537 0.8912 0.2206 -0.8882 0.403 0.5953 -0.2174 0.7736 0.6093 -0.5427 0.5782 0.3015 -0.1417 0.9429 0.1793 -0.8941 0.4104 0.4997 -0.672 0.5465 0.3015 -0.6791 0.6693 -0.4873 -0.0565 0.8714 -0.1054 0.1956 0.975 0.2322 0.198 0.9523 0.6138 -0.1285 0.7789 0 0.0875 0.9962 -0.4997 -0.672 0.5465 -0.7071 -0.3208 0.6302 0.5296 -0.0828 0.8442 0.2363 0.1775 0.9553 0.5917 -0.4836 0.645 -0.1675 0.2024 0.9649 -0.4575 0.0513 0.8877 -0.5791 0.2505 0.7758 -0.6094 -0.2837 0.7404 -0 -0.4537 0.8912 -0.5791 -0.7747 0.2539 -0.1782 -0.894 0.411 -0.4872 -0.0565 0.8715 -0.1051 0.1966 0.9748 0.2322 0.198 0.9523 -0 0.0875 0.9962 0.6138 -0.1285 0.7789 0.3166 -0.8213 0.4747 -0 0.0875 0.9962 -0.605 0.0692 0.7932 -1 0 -0 -1 -0 -0 -0.6922 0.5097 0.5109 -1 -0 -0 -1 0 0 -1 -0 -0 -0.8979 0.0378 -0.4387 -0.6205 -0.69 0.3727 -0.6852 0.5246 -0.5053 -0.6777 0.3808 -0.6291 -0.6792 0.1903 -0.7088 -0.7437 0.5381 -0.3968 -0.6869 0.6114 -0.3929 -0.6789 -0.0082 -0.7342 -0.6859 -0.1494 -0.7122 -0.6823 -0.3158 -0.6593 -0.735 -0.1041 -0.67 -0.8963 -0.3155 -0.3116 -0.7421 0.3885 -0.5462 -0.8955 0.367 -0.2519 -0.896 0.4363 -0.0822 -0.8978 -0.174 -0.4047 -0.8951 0.2446 -0.3727 -0.8956 0.0922 -0.4351 -0.896 -0.0539 -0.4407 -0.7071 0.3208 -0.6302 -0.7071 0.3208 -0.6301 -0.7071 -0.3209 0.6301 -0.9005 0.3406 -0.2704 -0.8964 0.433 0.0951 -0.7071 -0.3208 0.6301 -0.8966 0.4334 -0.0911 -0.7238 0.2474 -0.6441 -0.8965 0.4354 0.0819 -0.7345 0.0861 -0.6731 -0.7495 -0.6506 0.1224 -0.746 -0.6544 -0.1233 -0.7356 -0.4023 0.545 -0.8992 -0.1776 -0.3999 -0.8968 0.1706 -0.4081 -0.7444 -0.5512 0.377 -0.8957 0.001 -0.4446 -0.744 0.0133 -0.6681 -0.7398 0.2247 -0.6342 -0.8939 -0.3558 -0.2729 -0.6808 0.5409 0.4939 -0.8958 -0.2491 -0.3681 -0.678 0.3703 0.635 -0.8957 -0.0873 -0.436 -0.7005 0.1456 0.6986 -0.8952 0.2443 -0.3727 -0.7364 0.3792 0.5602 -0.7404 0.2079 0.6392 -0.8959 0.369 -0.2475 -0.8954 0.0883 -0.4364 -0.6929 0.2188 0.687 -0.8972 0.4336 -0.0835 -0.8958 0.4358 0.0867 -0.7377 0.5086 0.444 -0.6918 0.5802 0.4298 -0.6958 0.4427 0.5656 -0.6869 0.3676 0.627 -0.6864 0.2629 0.678 -0.6988 -0.1196 0.7052 -0.736 -0.0515 0.6751 -0.6896 0.0911 0.7184 -0.6957 0.1644 0.6993 -0.6902 -0.0275 0.7231 -0.905 -0.4047 0.1309 -0.905 0.1323 0.4043 -0.7373 0.144 0.6601 -0.7429 0.3166 0.5897 -0.7071 0.3208 -0.6302 -0.7304 0.5266 -0.435 -0.7277 0.4348 -0.5305 -0.7301 0.637 -0.2472 -0.8981 -0.136 -0.4182 -0.7235 0.5883 -0.3613 -0.7262 0.3361 -0.5997 -0.8979 0.4275 0.1048 -0.8979 -0.2887 -0.3324 -0.7043 0.6778 -0.2111 -0.707 -0.3208 0.6302 -0.7074 0.3205 -0.63 -0.8972 -0.2448 -0.3674 -0.7071 -0.3208 0.6302 -0.7071 0.3208 -0.6301 -0.8959 -0.0827 -0.4364 -0.9012 0.1353 -0.4118 -0.7321 -0.2197 0.6448 -0.9013 0.3352 -0.2745 -0.7315 -0.0662 0.6786 -0.899 0.4288 -0.0893 -0.7465 0.1397 0.6506 -0.7479 0.3759 0.5471 -0.7452 0.5577 0.3656 -0.6887 0.2732 -0.6716 -0.6913 0.0647 -0.7196 -0.6956 0.1679 -0.6985 -0.6917 0.5528 -0.4648 -0.6948 0.4795 -0.5361 -0.6883 0.3917 -0.6105 -0.6827 -0.0955 -0.7244 -0.6872 -0.2458 -0.6836 -0.689 -0.3692 -0.6236 -0.6902 -0.4795 -0.5419 -0.8979 0.4387 0.0379 -0.6877 -0.5779 -0.4395 -0.688 0.6625 -0.2962 -0.6931 0.6158 -0.3746 -0.8976 0.2 -0.3929 -0.8981 0.4182 -0.136 -0.6938 -0.6859 -0.2194 -0.8979 0.3324 -0.2887 -0.6887 -0.6488 -0.3236 -0.6899 -0.7138 -0.1208 -0.6937 -0.7201 -0.0154 -0.7071 -0.3208 0.6301 -0.7071 0.3208 -0.6301 -0.7071 0.3208 -0.6302 -0.7071 -0.3208 0.6302 -0.7071 0.3208 -0.6301 -0.7071 0.3208 -0.6302 -0.7071 0.3207 -0.6302 -0.7626 0.1809 0.621 -0.7765 -0.6041 -0.1795 -0.7071 0.3208 -0.6301 -0.775 -0.4282 0.4647 -0.7071 0.3208 -0.6302 -0.7665 -0.614 0.1882 -0.756 -0.4356 -0.4885 -0.7601 -0.1877 -0.6221 -0.768 0.1369 -0.6256 -0.7765 -0.604 -0.1795 -0.7665 -0.614 0.1882 -0.775 -0.4282 0.4647 -0.756 -0.4356 -0.4886 -0.7626 -0.1809 -0.621 -0.7636 0.1408 -0.6301 -0.7636 -0.1408 0.6301 -0.7603 0.4414 0.4765 -0.7468 0.5508 -0.3727 -0.7465 0.6521 0.132 -0.7488 0.6498 -0.1302 -0.7175 0.3441 -0.6056 -0.7648 -0.3066 0.5666 -0.7867 -0.5474 0.2854 -0.7071 0.3208 -0.6302 -0.7521 -0.5542 0.3567 -0.7308 0.4216 -0.5369 -0.7254 -0.4415 0.528 -0.7925 0.0286 0.6092 -0.633 -0.5692 0.5247 -0.6278 0.0149 0.7782 -0.7636 -0.1408 0.6301 -0.7603 0.4414 0.4765 -0.7626 0.1809 0.621 -0.9045 0.1319 0.4055 -0.5796 -0.7743 0.2542 -0 0.4537 -0.8912 -0 0.4537 -0.8912 0 0.9962 -0.0875 -0 0.4537 -0.8912 -0 0.4537 -0.8912 0 0.4537 -0.8912 0 0.4537 -0.8912 -0.4265 0.4845 -0.7638 0.4199 0.4981 -0.7587 -0.4217 0.4861 -0.7654 -0 0.4537 -0.8912 0 0.4537 -0.8912 0 0.4537 -0.8912 0 0.4537 -0.8912 0.7071 0.3208 -0.6301 0.0001 0.4537 -0.8911 -0 0.4537 -0.8912 0 0.4537 -0.8912 0.4218 0.4844 -0.7664 -0.422 0.4951 -0.7595 0 0.4537 -0.8912 0 0.4537 -0.8912 -0.6577 0.3551 -0.6643 0 0.4537 -0.8912 -0.4307 0.7506 0.5011 -0.0182 -0.3176 -0.9481 -0 0.9962 -0.0875 -0.4304 0.4769 -0.7663 -0.7071 0.3208 -0.6301 -0.0204 0.9537 -0.3 0.3441 -0.1016 -0.9334 0.5953 0.2174 -0.7736 0.4252 0.3567 -0.8318 -0 0.9962 -0.0875 0.3677 0.6096 -0.7022 -0.2534 0.7146 -0.652 0.1778 0.7646 -0.6195 -0.0087 0.7996 -0.6004 -0.6666 0.687 0.2893 0.3363 0.8223 -0.4591 0.5896 0.565 -0.5771 -0.7071 0.3208 -0.6301 0.2192 0.0852 -0.972 0.3032 0.1306 -0.9439 0.3581 0.6229 -0.6955 0.1608 0.7701 -0.6174 0.4023 0.2583 -0.8783 -0.0846 0.7872 -0.6108 -0.3485 0.6212 -0.7019 0.3677 0.6096 -0.7022 0.1696 0.7673 -0.6184 0 0.4537 -0.8912 0.4308 0.7505 0.5012 0.3481 0.1967 -0.9166 0.4217 0.4842 -0.7666 0.7071 0.3208 -0.6301 0.7071 0.3208 -0.6301 0.2192 0.0852 -0.9719 0.24 0.7236 -0.6472 -0.5912 0.2359 -0.7712 -0.3441 -0.1016 -0.9334 -0.5272 0.6362 -0.5634 -0.2706 0.8709 -0.4103 0.7071 0.3208 -0.6301 -0.7071 0.3208 -0.6302 -0.7071 0.3208 -0.6302 -0.7071 0.3208 -0.6302 0.2468 0.7186 -0.6501 0.3482 0.1967 -0.9166 -0.7071 0.3209 -0.6301 -0.7071 0.3208 -0.6301 0.3236 0.833 -0.4488 0.609 0.212 -0.7643 -0.4868 -0.8604 -0.1511 0.2413 0.7233 -0.647 -0 -0.5797 -0.8148 0.7071 0.3208 -0.6302 0.7071 0.3208 -0.6301 0.2477 0.7207 -0.6474 0.4023 0.2583 -0.8783 0.4216 0.4961 -0.759 0.7071 0.3208 -0.6302 0.3481 0.1967 -0.9166 0.489 -0.86 -0.1462 0.7071 0.3208 -0.6301 0.4197 0.4864 -0.7664 0.2468 0.7186 -0.6501 -0.2488 -0.2014 -0.9474 0.6762 -0.6348 -0.3737 0.7071 0.3209 -0.6301 -0.4879 0.6668 -0.5633 -0.2808 0.8623 -0.4214 1 0 0 1 -0 0 1 -0 0 1 -0 -0 1 -0 -0 1 0 -0 0.6869 -0.2332 -0.6883 0.6906 -0.119 -0.7134 0.6884 -0.5284 -0.497 0.7538 0.6547 0.0565 0.6933 -0.4417 -0.5694 0.6888 -0.3542 -0.6326 0.6875 0.0083 -0.7261 0.6959 0.1122 -0.7093 0.6912 0.2142 -0.6902 0.6879 0.3412 -0.6406 0.6911 0.452 -0.5641 0.6906 -0.6735 -0.2634 0.7557 0.6228 -0.2026 0.6878 -0.6126 -0.3895 0.7538 0.4962 -0.4309 0.6899 -0.7109 -0.1366 0.6917 -0.7219 -0.0205 0.7538 0.0565 -0.6547 0.7518 0.2991 -0.5876 0.7538 -0.4309 -0.4962 0.7377 0.6084 -0.2926 0.7557 -0.2026 -0.6228 0.6949 0.5268 -0.4896 0.6895 0.6014 -0.4037 0.6925 0.6453 -0.3226 0.696 0.6796 -0.2318 0.7311 0.3903 -0.5597 0.732 0.5152 -0.4458 0.7071 0.3211 -0.63 0.707 0.3209 -0.6302 0.9029 0.425 -0.0647 0.7308 -0.1812 0.6581 0.7488 0.2771 0.6021 0.7465 0.4904 0.4497 0.7436 0.0223 0.6683 0.7452 0.6237 0.2359 0.7479 0.6636 -0.0179 0.7175 -0.2873 0.6345 0.8993 0.2737 -0.3412 0.707 0.3209 -0.6302 0.7071 -0.3208 0.6301 0.9003 -0.2222 -0.3742 0.8969 0.0271 -0.4414 0.7071 0.3208 -0.6302 0.7071 -0.3208 0.6301 0.7071 0.3208 -0.6301 0.7071 -0.3208 0.6302 0.6205 -0.69 0.3727 0.7645 -0.4951 0.4128 0.6398 -0.5597 0.5267 0.5842 0.1352 0.8003 0.7488 0.6021 -0.2771 0.7439 0.4547 -0.4898 0.7206 0.3503 -0.5984 0.8363 0.1448 0.5289 0.7071 0.3208 -0.6302 0.8403 -0.4008 0.3651 0.8979 0.2887 0.3324 0.8987 0.129 0.4191 0.7071 0.3208 -0.6302 0.9015 -0.0848 0.4244 0.8949 0.1715 -0.412 0.8968 0.0343 -0.4411 0.8984 -0.1496 -0.4129 0.7071 0.3208 -0.6301 0.8987 -0.4126 0.1485 0.8986 -0.29 0.3293 0.8973 -0.4392 -0.0437 0.9002 -0.3459 -0.2646 0.7071 0.3208 -0.6301 0.7071 -0.3208 0.6301 0.7071 -0.3209 0.6302 0.7071 0.3208 -0.6301 0.7071 0.3208 -0.6302 0.9036 0.4241 -0.0601 1 -0 -0 0.8987 0.129 0.4191 0.8979 0.2887 0.3324 0.9015 0.0848 -0.4244 0.9015 -0.0848 0.4244 0.8987 -0.4126 0.1486 0.8986 -0.29 0.3293 0.8973 -0.4392 -0.0437 0.8991 -0.1425 -0.4139 0.9002 -0.346 -0.2646 0.7071 0.3208 -0.6301 0.9011 0.2573 -0.3491 0.9031 -0.0766 -0.4226 0.7071 0.3207 -0.6302 0.904 -0.3507 -0.2445 0.733 -0.3004 -0.6103 0.7394 0.1915 -0.6455 0.7315 -0.3936 0.5568 0.7329 -0.5078 0.4528 0.7453 -0.6074 0.275 0.7512 -0.6488 -0.1215 0.7396 -0.67 0.0638 0.8959 0.402 -0.1891 0.7339 -0.0101 -0.6791 0.7279 -0.1668 -0.6651 0.8976 0.4332 0.0816 0.8961 0.4418 -0.0428 0.8954 0.3009 -0.3284 0.6907 -0.3466 -0.6347 0.6805 -0.1916 -0.7073 0.6787 0.0087 -0.7343 0.6791 0.2107 -0.7032 0.6782 0.4004 -0.6162 0.6855 0.5263 -0.5031 0.6869 0.6111 -0.3934 0.7478 0.5245 -0.407 0.896 -0.287 -0.3388 0.8946 -0.3783 -0.2377 0.8951 0.1575 -0.417 0.8978 -0.1831 -0.4005 0.8959 -0.017 -0.444 0.7343 0.3781 -0.5638 0.737 0.2195 -0.6393 0.8973 0.4355 0.0728 0.7481 0.027 -0.6631 0.896 0.3884 -0.215 0.7363 0.3828 0.558 0.7375 0.5144 0.4375 0.8978 0.4294 -0.0979 0.6892 0.1911 0.6989 0.6888 0.5455 0.4775 0.6997 0.588 0.4058 0.6962 0.4759 0.5375 0.6767 0.6743 0.2956 0.7461 0.2996 0.5947 0.7557 0.0255 0.6544 0.6864 0.31 0.6578 0.6916 0.4089 0.5954 0.6914 -0.0962 0.7161 0.6954 -0.002 0.7186 0.6897 0.0712 0.7206 0.8957 0.2977 -0.3302 0.7007 0.1455 0.6985 0.8952 0.1577 -0.4169 0.7406 0.219 0.6352 0.8956 -0.012 -0.4448 0.694 0.2065 0.6897 0.6835 0.4938 0.5376 0.8954 -0.3255 -0.3038 0.8957 -0.1859 -0.4039 0.678 0.3467 0.6482 -0.6919 0.5724 0.44 -1 0 -0 -0.7369 0.1277 0.6639 -1 -0 0 -1 0 0 -1 -0 0 -1 -0 -0 -1 -0 -0 -0.6205 -0.69 0.3727 -0.6772 0.4948 -0.5446 -0.6793 0.3018 -0.6689 -0.6829 0.1074 -0.7226 -0.685 0.6111 -0.3966 -0.6908 -0.0513 -0.7213 -0.6841 -0.2057 -0.6998 -0.6867 -0.3521 -0.636 -0.7259 -0.332 -0.6024 -0.7427 0.537 -0.4 -0.7427 0.3867 -0.5467 -0.8958 -0.3193 -0.309 -0.896 0.3831 -0.2246 -0.8964 0.3093 -0.3175 -0.8955 -0.1739 -0.4096 -0.8952 0.17 -0.412 -0.8955 0.0017 -0.445 -0.7071 0.3208 -0.6302 -0.904 -0.4247 0.0496 -0.7071 0.3208 -0.6301 -0.906 -0.2754 0.3213 -0.7337 -0.2103 -0.6461 -0.7376 -0.4035 0.5414 -0.9069 0.0394 0.4195 -0.7071 0.3208 -0.6302 -0.7071 -0.3209 0.6301 -0.7263 0.2393 -0.6443 -0.7272 -0.0679 -0.6831 -0.8965 0.4354 0.0819 -0.7333 0.0838 -0.6748 -0.8963 0.4365 -0.0786 -0.7477 -0.55 0.372 -0.7432 -0.6569 -0.127 -0.7461 -0.6525 0.1329 -0.7071 -0.3208 0.6301 -0.6771 0.6326 0.3759 -0.6834 0.5047 0.5274 -0.6795 0.3669 0.6354 -0.7388 0.2043 0.6422 -0.738 0.2202 -0.6378 -0.7013 0.1402 0.6989 -0.6905 0.2128 0.6913 -0.7359 0.3731 0.565 -0.7401 0.5068 0.442 -0.6955 0.5265 0.4889 -0.69 0.4555 0.5626 -0.6894 0.355 0.6315 -0.6911 0.2472 0.6791 -0.6911 0.1351 0.71 -0.6869 0.0186 0.7265 -0.7661 -0.143 0.6266 -0.7357 -0.0515 0.6753 -0.9002 -0.4175 -0.1241 -0.8995 -0.4167 0.1315 -0.8973 -0.2937 -0.3294 -0.6914 -0.0951 0.7162 -0.7441 0.306 0.5939 -0.7687 -0.6096 0.1937 -0.765 -0.6289 -0.1391 -0.7724 -0.4261 0.4709 -0.7685 0.1928 0.6101 -1 -0 -0 -0.7071 0.3208 -0.6301 -0.9012 -0.2789 0.3317 -0.902 0.041 0.4299 -0.7084 0.3225 -0.6278 -0.9008 -0.4317 0.0458 -0.6884 0.6749 -0.2656 -0.6837 0.6001 -0.4152 -0.7228 0.6562 -0.2168 -0.7303 0.5283 -0.433 -0.7415 0.3999 -0.5388 -0.729 0.6073 -0.3158 -0.7071 0.3208 -0.6301 -0.7294 -0.2092 0.6513 -0.7071 0.3208 -0.6301 -0.7071 0.3208 -0.6301 -0.7071 -0.3208 0.6301 -0.7485 0.1367 0.6489 -0.7347 -0.0581 0.6759 -0.7486 0.3693 0.5507 -0.7452 0.5577 0.3656 -0.6884 0.2406 -0.6843 -0.6861 0.1104 -0.7191 -0.683 -0.0426 -0.7291 -0.6882 0.4883 -0.5366 -0.6895 0.3665 -0.6247 -0.6974 -0.1511 -0.7006 -0.686 -0.2611 -0.6792 -0.6877 -0.3905 -0.6121 -0.7538 0.6547 0.0565 -0.6887 -0.4995 -0.5256 -0.693 -0.5717 -0.4392 -0.7538 -0.4309 -0.4962 -0.7557 -0.2026 -0.6228 -0.7538 0.0565 -0.6547 -0.7518 0.2991 -0.5876 -0.7538 0.4962 -0.4309 -0.6872 -0.7255 -0.0375 -0.7557 0.6228 -0.2026 -0.6884 -0.6374 -0.3461 -0.685 -0.7003 -0.201 -0.7071 0.3208 -0.6301 -0.7072 0.3208 -0.6301 -0.7071 0.3208 -0.6301 -0.8988 -0.4349 -0.0549 -0.9008 -0.0908 0.4245 -0.8992 -0.4122 0.1468 -0.7071 0.3208 -0.6301 -0.9006 -0.2906 0.3232 -0.9025 -0.3309 -0.2758 -0.8986 0.0957 -0.4282 -0.8997 -0.1318 -0.4161 -0.9006 -0.2926 0.3215 -0.8987 -0.1213 -0.4214 -0.8986 0.1012 -0.4269 -0.8982 0.2988 0.3226 -0.8991 0.1246 0.4197 -0.7517 0.6061 -0.2598 -0.7389 0.6687 -0.0829 -0.7452 0.6524 0.1377 -0.7761 -0.3095 0.5495 -0.721 0.3511 -0.5974 -0.751 0.4624 -0.4714 -0.7071 0.3208 -0.6302 -0.7539 -0.5472 0.3635 -0.7767 -0.5617 0.2849 -0.7262 -0.4453 0.5238 -0.8006 0.0924 0.592 -0.8987 0.1226 0.421 -0.8986 -0.0954 0.4284 -0.8981 0.2988 0.3226 -0.6153 0.0375 0.7874 -0.7382 -0.2879 -0.6101 -0.018 0.4377 -0.8989 0.0004 -0.4703 0.8825 0.0143 -0.4235 0.9058 -0.0036 0.5003 -0.8658 -0.6371 -0.5654 0.5239 -0.0112 0.439 -0.8984 0.0013 -0.4709 0.8822 -0.7196 -0.2996 0.6264 0.0005 0.506 -0.8626 0.6819 0.6703 0.2929 -0.9051 -0.4046 0.1306 -0.9103 0.365 0.1953 -0.6099 0.1175 -0.7837 -0.4631 -0.0698 -0.8836 0.6678 -0.6368 -0.3853 -0.6741 -0.6368 -0.3742 0.0644 -0.9381 0.3404 0.2467 -0.2008 -0.9481 0.4671 -0.0585 -0.8823 0.5803 0.5641 -0.5875 0.4703 0.0368 0.8817 -0.6703 0.6819 0.2929 -0.6671 -0.6382 -0.3843 0.2137 0.9001 -0.3797 0.024 0.278 -0.9603 0.0262 -0.6846 -0.7285 0.0117 0.7948 -0.6068 -0.7272 0.686 0.0243 0.0038 0.1311 -0.9914 0.0449 0.5872 -0.8082 0.0218 -0.2689 -0.9629 -0.0163 -0.6047 -0.7963 -0.006 -0.2368 -0.9715 -0.0135 0.916 -0.4009 -0.0135 0.9978 0.0651 -0.4174 0.8023 -0.4267 -0.4335 0.2829 -0.8556 -0.4544 -0.7014 -0.5491 -0.6259 0.7533 -0.2022 -0.3689 0.491 -0.7892 -0.4353 -0.286 -0.8537 -0.3832 0.139 -0.9132 -0.3649 -0.5991 -0.7127 -0.379 -0.2178 -0.8994 -0.4027 0.9123 0.0751 -0.4159 0.7315 -0.5403 0.4384 0.4586 0.773 0.4355 -0.2248 0.8717 0.431 -0.7706 0.4696 0.4095 -0.909 -0.0769 0.379 0.3905 0.839 0.3473 0.0127 0.9377 0.3735 -0.3727 0.8495 0.379 -0.6443 0.6642 0.3751 -0.9208 -0.1074 0.3751 -0.8617 0.3418 0.4539 0.1344 0.8809 0.4501 -0.5374 0.7132 0.4499 -0.8863 0.1095 0.3845 0.3857 0.8387 0.3678 0.6534 0.6617 0.3454 0.0037 0.9385 0.3757 -0.3646 0.852 0.376 -0.9266 -0.0106 0.3772 -0.6508 0.6589 0.3796 -0.8427 -0.3817 0.3786 -0.8515 0.3628 -0.7708 0.4681 0.4322 -0.8903 0.3986 0.2203 -0.4562 0.7995 0.3907 0.4612 0.0769 0.884 -0.9063 0.3737 0.1973 -0.4971 0.7775 0.3852 0.4612 0.0769 0.884</float_array><technique_common><accessor count="1275" source="#object_419-mesh-slim-nrm-array" stride="3"><param type="float" name="X"/><param type="float" name="Y"/><param type="float" name="Z"/></accessor></technique_common></source><source id="object_419-mesh-slim-pos"><float_array count="3825" id="object_419-mesh-slim-pos-array">-13 94.15847 31.74831 -13 93.71858 32.85155 -13 94.45296 29.72357 -15 94.39737 30.51228 -13 93.84756 27.14841 -15 94.33464 28.64578 -15 93.30917 26.20736 -13 92.31322 25.06952 -15 91.50574 24.447 -13 90.23143 23.79826 -13 87.7469 23.37566 -15 89.25296 23.51157 -13 85.17184 23.98108 -15 86.66928 23.49396 -13 83.09296 25.5154 -15 84.23078 24.51947 -13 82.13347 26.95364 -15 82.47041 26.32291 -15 93.98432 32.30304 -2.394684 29.41429 62.9539 -2.500004 28.92225 62.70341 -1.839987 30.04622 63.27562 -2.060661 30.77484 61.4023 -1.292903 31.15416 61.59539 -1.000004 30.25899 63.38393 -0.160017 30.04622 63.27562 -0.148688 30.97023 61.50176 0.39468 29.41429 62.9539 0.503235 29.98726 61.00134 0.499996 28.92225 62.70341 -2.503243 29.98725 61.00134 4.605316 29.41429 62.9539 4.499996 28.92225 62.70341 5.160013 30.04622 63.27562 4.939339 30.77484 61.4023 5.707097 31.15416 61.59539 5.999996 30.25899 63.38393 6.839982 30.04622 63.27562 6.851311 30.97023 61.50176 7.39468 29.41429 62.9539 7.39468 30.32167 61.17158 7.499996 28.92226 62.70339 4.496758 29.98725 61.00134 -9.882071 18.54811 55.17772 -9.2929 18.81104 55.31157 -9.132609 18.06083 57.17391 -9.010786 18.73923 57.51929 -9.070217 19.76921 55.79939 -9.432456 20.20159 56.0195 -9.76949 19.41537 57.86349 -10.11793 20.33427 56.08704 -9.769476 17.65227 56.9659 10.11795 9.636492 50.64085 11.00295 10.38599 51.02242 10.7071 9.89943 50.77473 10.7071 8.992053 52.55705 10.98922 9.416786 52.77327 10.82467 11.05967 51.3654 10.86738 10.0952 53.11865 10.36809 11.35817 51.51735 10.23052 10.50374 53.32664 9.882054 11.42266 51.55019 10.2305 8.740646 52.42904 15 19.72984 -1.683813 14.59352 19.18393 -0.886488 15 19.24192 -0.937255 14.5977 18.32023 -0.485699 15 18.38177 -0.499286 14.58295 17.68986 -0.466125 14.59859 16.90608 -0.758372 15 17.46021 -0.49834 14.59953 16.42502 -1.199099 15 16.52501 -1.061359 14.59858 16.07397 -1.980979 15 16.08706 -1.921531 15 16.06513 -2.680762 14.60235 16.11536 -2.941538 13.72918 18.75645 -1.757345 13.71861 18.07795 -1.349692 14.16456 18.90483 -1.270431 13.73833 17.36021 -1.528825 13.73844 16.99353 -2.048688 13.72456 17.13474 -2.958276 13.73782 16.94927 -2.452082 13 18.44843 -1.464848 13 17.63408 -1.390845 13 17.19565 -1.696136 13 16.93173 -2.278261 13 17.1248 -2.956303 13 18.83669 -1.904037 14.59994 -41.94488 -32.62318 14.59851 -42.45676 -32.09374 15 -42.00183 -32.51687 14.59857 -43.1678 -31.79053 15 -42.73965 -31.93111 14.59874 -43.9236 -31.79196 15 -43.66166 -31.74217 14.59859 -44.58411 -32.06271 15 -44.53846 -32.03401 14.59851 -45.113 -32.57425 15 -45.0782 -32.52582 14.59857 -45.41618 -33.28524 15 -45.4031 -33.22581 14.59721 -45.41416 -34.04356 15 -45.42501 -33.98517 14.6002 -45.03733 -34.87214 13.7275 -42.7417 -33.05122 13.73 -43.2353 -32.7111 13.72692 -43.79995 -32.67912 13.73269 -44.52389 -33.93221 13.72604 -44.41767 -33.14107 13 -42.65349 -33.20837 13 -43.04167 -32.76918 13 -43.85612 -32.69517 13 -44.29451 -33.00046 13 -44.55843 -33.5826 13 -44.36537 -34.26059 -15 19.43184 -1.139653 -14.59351 19.86379 -2.222045 -15 19.81367 -1.969895 -14.5977 19.6797 -3.156151 -15 19.81883 -2.725031 -14.58648 19.33068 -3.671925 -15 19.4291 -3.581916 -14.59612 18.69721 -4.11339 -14.59132 18.11965 -4.248883 -15 18.51924 -4.191429 -14.59254 17.45968 -4.203081 -15 17.39774 -4.203341 -14.5933 16.65883 -3.786854 -14.59259 16.25254 -3.21911 -15 16.45914 -3.575737 -13.71961 18.95856 -2.440413 -14.16456 19.38912 -2.221725 -14.59259 19.63848 -1.49635 -13.72616 18.58264 -3.148887 -13.72598 17.84142 -3.369409 -13.72718 16.98572 -2.669668 -13.73782 17.28309 -3.107795 -13 18.9634 -2.476421 -13 18.54409 -3.178433 -13 18.03932 -3.353317 -13 17.41336 -3.224266 -13 17.05435 -2.811417 -14.5997 -41.82922 -32.79965 -15 -41.94991 -32.61567 -14.59851 -41.63644 -33.70501 -15 -41.67647 -33.27428 -14.59857 -41.8096 -34.45843 -15 -41.67138 -34.02949 -14.59874 -42.25538 -35.0687 -15 -42.06104 -34.88621 -14.59859 -42.86292 -35.44351 -14.59851 -43.58764 -35.57025 -15 -42.97087 -35.49574 -14.59857 -44.34106 -35.39709 -15 -43.91207 -35.53533 -15 -44.62478 -35.2356 -14.58344 -45.13232 -34.74191 -15 -45.13935 -34.70842 -13.72291 -42.58382 -33.35381 -13.73 -42.59369 -33.97139 -13.72692 -42.90004 -34.44678 -13.73 -44.20622 -34.41191 -13.72605 -43.63706 -34.67451 -13.72979 -44.51098 -33.94953 -13 -42.65349 -33.20837 -13 -42.52676 -33.78072 -13 -42.94606 -34.48275 -13 -43.45085 -34.65764 -13 -44.07675 -34.52861 -13 -44.43581 -34.11574 -13 -48.53982 13.89153 -13 -48.35707 13.26172 -13 -48.4617 14.59702 -15 -48.4617 14.59702 -15 -48.03324 15.31396 -13 -47.91488 15.40918 -15 -48.49787 13.57352 15 -48.53982 13.89153 15 -48.35707 13.26172 15 -48.4617 14.59702 13 -48.4617 14.59702 13 -47.97236 15.39389 15 -47.91488 15.40918 13 -48.49787 13.57352 -13 -3.902359 37.2809 -13 -3.980423 36.57594 -15 -3.902359 37.2809 -15 -3.413373 38.07717 -13 -3.355896 38.09248 -13 -3.797806 35.94661 -15 -3.938505 36.25818 15 -3.902359 37.2809 15 -3.980423 36.57594 13 -3.902359 37.2809 13 -3.474194 37.99732 15 -3.34346 38.10497 15 -3.797806 35.94661 13 -3.938505 36.25818 -10.5 -52.20598 19.15718 -9.932499 -52.07525 19.22373 -9.646721 -52.72794 21.13571 -9.510785 -52.01678 21.49776 -9.570217 -50.9868 19.77786 -9.9325 -50.55439 19.998 -10.26947 -51.34065 21.84198 -10.61797 -50.42174 20.06553 -10.30469 -53.10522 20.94365 10.50001 -52.20598 19.15718 10.86809 -52.59709 20.08019 11.04175 -52.09092 19.21577 11.46634 -51.58287 19.47628 10.50001 -53.11336 20.9395 10.86809 -53.0508 20.97136 11.2071 -52.85234 21.07239 11.34587 -50.81306 19.86631 10.8681 -50.48622 20.0327 10.38204 -50.42173 20.06553 11.42979 -52.55022 21.22618 11.50042 -52.12069 21.44486 11.0675 -51.46178 21.78032 10.5 -51.33104 21.84688 -10.5 -7.647901 41.84148 -9.932452 -7.517136 41.90805 -9.675351 -8.194243 43.80759 -9.497055 -7.520538 44.15057 -9.632626 -6.283732 42.53594 -9.7929 -7.033966 44.39827 -10.30474 -6.781089 44.52703 -10.3389 -5.862955 42.75019 -10.30471 -8.547133 43.62794 10.5 -7.647901 41.84148 11.06754 -7.517138 41.90805 11.32466 -8.194234 43.8076 11.49087 -6.930767 42.20656 11.50295 -7.520528 44.15058 11.36739 -6.283742 42.53594 11.2071 -7.033966 44.39827 10.69526 -6.781089 44.52703 10.6611 -5.862955 42.75019 13 20.5556 21.78203 15 20.09082 22.17865 13 18.32426 23.32362 15 18.54463 23.22607 13 15.73378 23.83382 15 15.96946 23.83148 13 13.39031 23.35548 13 21.58302 20.25349 15 21.2958 20.79114 15 13.722 23.47929 13 -83.37963 -58.54738 13 -84.06833 -57.65884 13 -81.11345 -59.28456 13 -82.32288 -59.15063 15 -82.32288 -59.15063 15 -81.11345 -59.28456 15 -83.37963 -58.54738 13 -80.03379 -58.97127 15 -80.03379 -58.97127 13 -79.14525 -58.28256 15 -79.14525 -58.28256 13 -78.40807 -56.01639 13 -78.54199 -57.22581 15 -78.54199 -57.22581 15 -78.40807 -56.01639 13 -78.72136 -54.93674 15 -84.06833 -57.65884 15 -78.72136 -54.93674 13 45.20748 6.261046 15 45.63651 5.894928 13 47.2672 4.838024 15 47.06378 4.928061 13 49.65837 4.367083 15 49.44082 4.369247 13 51.91689 4.831668 15 51.73416 4.759345 13 54.81038 7.408279 13 53.80755 6.075685 15 53.65584 5.932849 13 55.52172 9.234 15 55.07209 7.851784 13 55.5055 11.61891 15 55.63094 10.22883 15 55.3591 12.09782 13 54.95304 13.11623 13 44.2591 7.671997 15 44.52425 7.175669 -15 87.36303 20.92023 -15 88.96924 20.96326 -13 88.96924 20.96326 -13 87.37188 20.92066 -15 91.17544 21.47503 -13 91.4381 21.58113 -15 93.40045 22.75903 -13 93.40045 22.75903 -15 94.6748 23.94826 -13 94.6748 23.94826 -15 95.73249 25.42386 -13 95.73249 25.42386 -15 96.48458 27.11852 -13 96.48458 27.11852 -15 96.87346 28.93132 -15 96.88634 30.74678 -13 96.88634 30.74678 -13 96.87346 28.93132 -15 96.55557 32.45817 -15 95.94648 33.98576 -13 95.54185 34.75493 -13 96.55557 32.45817 -15 20.94972 21.25829 -15 21.58302 20.25349 -15 19.48573 22.68766 -13 20.09082 22.17865 -13 19.02512 22.94254 -13 17.80119 23.48572 -15 17.04732 23.71315 -13 16.49196 23.76657 -15 13.66866 23.45614 -15 15.18077 23.77588 -13 15.18077 23.77588 -13 13.55129 23.43509 -14 12.84152 23.09708 -13 21.2958 20.79114 -15 -83.37963 -58.54738 -15 -84.06833 -57.65884 -15 -81.11345 -59.28456 -15 -82.32288 -59.15063 -13 -82.32288 -59.15063 -13 -81.11345 -59.28456 -13 -83.37963 -58.54738 -15 -80.03379 -58.97127 -13 -80.03379 -58.97127 -15 -79.14525 -58.28256 -13 -79.14525 -58.28256 -15 -78.40807 -56.01639 -15 -78.54199 -57.22581 -13 -78.54199 -57.22581 -13 -78.40807 -56.01639 -15 -78.72136 -54.93674 -13 -84.06833 -57.65884 -13 -78.72136 -54.93674 -15 45.20748 6.261046 -15 47.2672 4.838024 -13 46.01788 5.551305 -13 47.75001 4.6884 -15 49.65837 4.367083 -13 49.44082 4.369247 -15 51.91689 4.831668 -13 51.73416 4.759345 -13 53.65584 5.932849 -15 54.81038 7.408279 -15 53.80755 6.075685 -15 55.52172 9.234 -13 55.07209 7.851784 -15 55.5055 11.61891 -13 55.63094 10.22883 -13 55.3591 12.09782 -15 54.95304 13.11623 -15 44.2591 7.671997 -13 44.52425 7.175669 12.99998 84.16247 21.39128 13 87.36303 20.92023 13 88.96924 20.96326 15 89.09477 20.97881 15 87.45895 20.91472 13.00008 91.1919 21.48172 15.00014 91.47953 21.60026 13 93.40045 22.75903 15 93.40045 22.75903 13 94.6748 23.94826 15 94.6748 23.94826 13 95.73249 25.42386 15 95.73249 25.42386 13 96.48458 27.11852 15 96.48458 27.11852 13 96.87346 28.93132 13 96.88634 30.74678 15 96.88634 30.74678 15 96.87346 28.93132 13 96.55557 32.45817 15 95.54185 34.75493 15 96.55557 32.45817 15 -80.74796 -21.61221 15 -64.59578 -36.02025 15 16.16512 36.01994 15 32.31731 50.42799 15 32.31731 21.61191 15 48.46948 39.62196 15 80.77384 36.01994 14.99998 -87.55935 -63.40505 15.00013 -84.19503 -64.52766 15 -92.57977 -59.79961 15 -84.38162 -56.57919 14.99999 -90.23252 -61.85631 14.99995 -80.01958 -64.85841 15 -76.32176 -64.18603 15.00001 -73.4841 -63.03504 15 -71.48027 -61.76947 14.99997 -69.63423 -60.22669 15.00015 -67.70265 -57.9025 15 -84.2477 -55.36977 14.99991 -95.8831 -54.51059 15.00001 -94.47349 -57.3419 15 -83.64444 -54.31302 15.00011 -96.65047 -51.72573 15.00004 -96.91262 -48.9543 14.99993 -66.27076 -55.36404 15 -82.75591 -53.6243 15 -81.67624 -53.31102 15 -64.94891 -50.93177 15 -79.41007 -54.0482 15 -80.46681 -53.44493 15 -64.28055 -49.33624 15 -65.52486 -53.26361 15 -63.45271 -48.1046 15 -61.56347 -46.27828 15 -56.10377 -24.89448 15 -49.65944 -40.14146 15 -44.18767 -35.47668 15 -38.86647 -34.64682 15 -43.0594 -35.52146 15 -45.08741 -34.80723 15 -42.26218 -35.07475 15 -41.81372 -34.46709 15 -54.0016 -25.008 15 -52.54283 -24.71142 15 -28.07353 -29.15218 15 -41.62476 -33.54498 15 -41.60493 -19.20903 15 -57.84593 -24.17465 15 -95.22606 -8.206684 15 -61.13823 -18.35768 15 -58.99855 -13.70364 15 -74.26034 6.814988 15 -70.91158 9.073184 15 -71.21642 9.016369 15 -73.79448 7.282791 15 -73.34494 8.390917 15 -60.7156 -20.84213 15 -59.44432 -22.92391 15 -60.53284 -15.78251 15 -57.56026 -12.74409 15 -47.50285 -7.623932 15 -71.58899 9.283945 15 -70.69015 9.276679 15 -63.35698 15.72452 15 -70.26348 12.20847 15 -47.95532 12.74341 15 -60.66728 14.84958 15 -62.4496 13.9422 15 -47.33888 12.39151 15 -53.5949 20.69438 15 -61.57466 16.6319 15 -44.51496 17.15403 15 -37.44546 -2.503769 15 -46.40664 12.31835 15 -27.38808 2.616409 15 -42.9822 14.06361 15 -43.88852 25.63582 15 -42.68785 16.46429 15 -43.5827 17.0809 15 -37.99315 28.63713 15 -17.28056 -23.65753 15 -6.48761 -18.1629 15.00046 -21.72153 -9.086451 15 4.305344 -12.66826 15 -1.375351 1.271637 15 -42.38176 15.58089 15 -42.45988 14.87538 15 -17.33067 7.736572 15 -7.27327 12.85675 15 2.784119 17.97691 15 -2.780395 35.07707 15 -3.396362 35.42869 15 -20.30701 37.64104 15 -14.41164 40.64235 15 -8.516251 43.64366 15 0.054171 39.83725 15 -1.846621 35.01929 15 1.575023 36.74895 15 -2.62088 46.64497 15 1.86917 39.14775 15 0.97496 39.76393 15 15.09831 -7.173614 15 16.40271 -3.502884 15 17.3025 -4.172357 15 8.682041 6.391815 15 18.43073 -4.217144 15 25.89127 -1.678986 15 19.22796 -3.77045 15 19.8534 -2.410107 15 19.67641 -3.162812 15 19.51647 11.96961 15.00001 37.68847 4.258062 15 21.97165 15.29381 15 41.78907 4.324383 15 21.03682 13.41729 15 43.64111 11.04163 15.00001 39.79381 4.593993 15 43.67615 9.269014 14.99993 43.28376 3.674752 15.00008 46.16665 1.938533 15.00008 48.4107 1.361249 15 49.9891 1.300919 15 52.02267 1.619553 15.0003 54.22036 2.52807 14.9999 56.05836 3.953315 15 57.06687 5.181702 14.99998 58.87674 8.568017 15 44.14006 12.93645 15 46.46771 15.53524 15 45.10689 14.36366 15 50.98363 16.26289 15 48.58592 16.33216 15 60.76987 10.27995 15 54.68794 13.61248 15 53.19421 15.23693 15 15.97263 53.86655 15 2.096939 37.56007 15 2.175003 38.26506 15 15.06526 55.64886 15 22.02292 19.15022 15 22.31742 17.12552 15 42.50808 57.78647 15 17.75494 54.77394 15 16.84757 56.55625 15 28.21578 57.78715 15 27.58517 58.17798 15 25.98199 61.20654 15 28.97017 57.72348 15 30.60653 58.57264 15 44.71368 57.26614 15 43.7205 57.3408 15 33.11127 64.83603 15 29.54662 63.02128 15 30.99738 59.20326 15 31.06195 59.91624 14.99994 83.89732 21.38829 15.00003 81.60675 20.89638 15.00003 79.43368 42.41168 15 90.67426 38.52632 15 92.83066 37.44874 15 94.11818 36.43385 15.00001 56.484 58.1053 15.00002 63.76883 56.26483 15 59.98964 57.43709 15.00002 68.26306 54.05719 15 71.16697 52.04585 15 51.56244 58.30081 15 47.76969 57.87538 15 80.59847 41.37413 14.99994 82.0424 40.63255 15 86.15672 39.87419 15.00002 74.03357 49.55608 15.00002 77.07595 46.00228 5.746269 -54.35921 20.30531 -7.192875 -54.35995 20.30496 9.969256 -51.4492 21.78672 -9.7929 -51.59207 21.714 11.25 -46.40776 24.35329 11.25 -38.45586 28.40157 -11.25 -38.45586 28.40157 -11.25 -46.40776 24.35329 2.812496 -34.47991 30.42571 15.00014 -26.85027 34.31011 -14.99994 -25.30269 35.09838 10.69529 -8.547133 43.62794 -11.25 -14.60014 40.54637 7.499996 -6.648239 44.59465 -2.812504 -20.56407 37.51017 -7.546076 -6.656084 44.59066 9.469227 8.84922 52.48433 7.499996 9.25557 52.69121 -7.149015 9.254819 52.69055 -11.25585 -6.644399 44.5966 9.292891 10.25234 53.19866 -7.543473 17.20747 56.73949 7.499996 25.15938 60.78773 1.915557 24.56748 60.48638 -3.750004 25.15938 60.78773 -9.2929 19.16397 57.73551 12.74315 -63.34216 15.73207 9 -70.26348 12.20847 11.99784 -62.5709 16.12471 12.6319 -61.63722 16.60005 12.07021 -62.13777 16.34522 12.29289 -61.83566 16.49902 10.1319 -53.0508 20.97136 -4e-06 -70.26348 12.20847 9.646713 -52.72794 21.13571 9.510781 -52.01677 21.49776 11.25 -6.648239 44.59465 9.969219 -8.437092 43.68396 9.57021 -7.992142 43.91048 9.497051 -7.520533 44.15057 9.932463 -6.903703 44.46459 -9.000004 -70.26348 12.20847 -11.25 -54.35966 20.30501 -11.99705 -62.32223 16.25131 -12.15212 -62.9693 15.92188 -11.03075 -52.9952 20.99967 -11.42979 -52.55022 21.22618 -15 -53.63549 20.67371 -15 -70.26348 12.20847 -12.80937 -63.34056 15.73289 -15 -63.35698 15.72453 -12.2929 -61.83566 16.49902 -11.48922 -52.01678 21.49777 -12.80931 -61.59108 16.62354 -11.03074 -51.4492 21.78672 -11.06754 -6.903703 44.46459 -10.8681 -8.49271 43.65565 -14.99934 -37.92424 28.67043 -15 -20.30701 37.64104 -11.32466 -8.194245 43.80759 -11.50295 -7.520535 44.15058 -15 -8.505364 43.64921 -15 -2.62088 46.64497 11.25 1.303665 48.64293 12.80838 15.0763 55.65451 12.29289 15.32628 55.78175 11.99705 15.81286 56.02947 11.25 17.20747 56.73949 9.631903 10.45079 53.29967 9.010781 9.416792 52.77328 9.07021 9.950226 53.04484 13 25.98198 61.20653 12.76935 16.83428 56.54948 12.17534 16.48653 56.37247 13 29.54663 63.02128 7.306294 28.19808 62.33466 6.17691 27.58264 62.02141 5.447857 27.67937 62.07066 4.605317 28.43022 62.45289 2.999996 33.11128 64.83602 -12.17534 16.48652 56.37247 -15 3.27449 49.64625 -10.8674 18.06083 57.17391 -10.3681 17.70522 56.99287 -10.98922 18.73923 57.5193 -12.76931 15.07856 55.65566 -12.2929 15.32628 55.78175 -15 15.06526 55.64888 -11.99705 15.81285 56.02946 -11.25 25.15938 60.78773 -15 16.84758 56.55626 -12.76936 16.83428 56.54948 0.306294 28.19807 62.33467 -0.82309 27.58264 62.02141 -1.552143 27.67937 62.07066 -3.000004 33.11128 64.83602 -2.394683 28.43022 62.45289 -10.53078 19.3068 57.80823 -9.000004 33.11128 64.83602 -15 33.11128 64.83602 -15 64.62167 28.81593 -15 40.39339 46.82598 -15 74.03357 49.55608 -15 40.39339 25.21392 -15 16.16512 36.01994 -15 -64.59578 -36.02025 -15 -81.67624 -53.31102 -15 -95.22606 -8.206684 -15 56.22953 4.152115 -15 54.37154 2.609418 -15 51.97432 1.5875 -15 58.81274 8.462247 -15 57.26008 5.469803 -15 49.48231 1.272992 -15 47.65823 1.503738 -15 45.66576 2.166051 -15 40.89763 4.51664 -15 54.00466 14.52715 -15 60.63278 10.21262 -15 44.63703 13.80511 -15 43.69041 11.55419 -15 51.94498 15.95017 -15 46.30172 15.43003 -15 48.38116 16.29351 -15 50.25358 16.35907 -15 25.89127 -1.678986 -15 15.09831 -7.173614 -15 8.682041 6.391815 -15 16.46192 -1.133562 -15 16.07736 -2.745604 -15 -1.375351 1.271637 -15 16.07222 -1.990396 -15 37.33474 4.110595 -15 43.70664 9.169264 -15 38.90196 4.527762 -15 22.1991 16.04776 -15 22.18154 18.63137 -15 19.56657 11.99911 -15 18.68609 -0.598281 -15 17.21375 -0.596289 -15 21.17358 13.60924 -15 17.92897 -0.449173 -15.00001 84.06509 21.38152 -14.99998 81.63087 20.90641 -15 93.08527 33.85634 -15 94.66117 35.90255 -15 91.62134 35.28568 -15 92.43614 37.71697 -15 89.18286 36.31122 -15 85.30944 40.03499 -15 84.34629 35.35817 -15 80.59847 41.37413 -15 82.17038 40.58999 -15 82.54295 33.59793 -15 86.5991 36.29365 -15 88.55492 39.24138 -15 81.51741 31.1594 -15 81.53498 28.57573 -15 79.45594 42.38052 -15.00002 77.07595 46.00228 -15 71.16697 52.04585 -15.00002 68.26306 54.05719 -15.00002 63.76883 56.26483 -15 47.76969 57.87538 -14.99998 44.78167 57.26964 -15.00001 56.484 58.1053 -15 59.98964 57.43709 -15 51.56244 58.30081 -15 17.75493 54.77394 -15 15.97263 53.86655 -15 43.69711 57.34544 -15.00001 42.57123 57.74338 -15 -49.65944 -40.14146 -15 -63.29685 -47.8902 -15 -62.12871 -46.74075 -15 -64.596 -50.00683 -15 -80.46681 -53.44493 -15 -64.12593 -49.09218 -15 -60.45241 -45.63609 -15 -45.41278 -34.05001 -15 -79.41007 -54.0482 -15 -65.46858 -53.0087 -15 -41.60493 -19.20903 -15.00386 -36.49726 -33.43995 -15 -42.46443 -32.08856 -15 -31.54755 -14.08887 -15 -17.28056 -23.65753 -15 -43.17723 -31.78877 -15 -44.11845 -31.82838 -15 -52.48948 -24.68827 -15 -45.0282 -32.43786 -15 -54.0016 -25.008 -15 -45.41794 -33.29467 -15 -55.86818 -24.94526 -15 -58.30665 -23.91971 -15 -60.06692 -22.11632 -15 -74.99328 -63.72428 -15 -79.3657 -64.77785 -15 -77.06026 -64.36873 -15 -68.63436 -59.12736 -15 -70.26084 -60.78645 -15 -72.23025 -62.30445 -15 -82.95858 -64.74235 -15 -86.35665 -63.89325 -15 -89.05894 -62.61894 -15 -91.54883 -60.80116 -15 -84.38162 -56.57919 -15 -93.66878 -58.50685 -15 -66.30266 -55.42407 -15 -67.29459 -57.2559 -15 -82.75591 -53.6243 -15 -84.2477 -55.36977 -15 -96.09488 -53.84827 -15 -83.64444 -54.31302 -15 -95.29495 -55.85998 -15 -96.67841 -51.58077 -15 -96.91178 -48.94678 -15 -11.43275 -3.848526 -15 4.305344 -12.66826 -15 -6.48761 -18.1629 -15 -21.49016 -8.968689 -15 -7.27327 12.85675 -15 -17.33067 7.736572 -15 2.784119 17.97691 -15 -2.780395 35.07707 -15 -42.432 15.96174 -15 -27.38808 2.616409 -15 -42.9492 14.07852 -15 -37.44546 -2.503769 -15 -42.45988 14.87538 -15 -42.96626 16.72899 -15 -43.5827 17.0809 -15 -44.55787 17.1351 -15 2.124794 38.64564 -15 2.096939 37.56007 -15 1.607978 36.76383 -15 1.590942 39.41228 -15 0.97496 39.76393 -15 -0.002738 39.79956 -15 -1.802719 35.04143 -15 -3.396362 35.42869 -15 -59.99442 -14.84139 -15 -61.00235 -19.86348 -15 -61.01991 -17.2798 -15 -57.56026 -12.74409 -15 -70.90947 9.074265 -15 -70.68609 9.280006 -15 -47.50285 -7.623932 -15 -73.78441 7.297119 -15 -58.56505 -13.37741 -15 -74.26034 6.814989 -15 -71.11927 9.013792 -15 -73.3547 8.388093 -15 -71.56161 9.210242 -15 -46.36047 12.35584 -15 -47.95532 12.74341 -15 -47.33888 12.39151 -15 -62.4496 13.9422 -15 -61.57466 16.6319 9.75 26.77382 59.3654 9.75 18.6597 55.23454 -6.499297 34.88795 63.49626 6.499996 2.431442 46.97282 -1.625004 -5.682679 42.84196 -9.750004 2.431442 46.97282 -9.750004 10.54558 51.10368 -9.009137 19.26716 55.5438 9.509134 -6.93076 42.20656 -9.509137 -6.930757 42.20657 6.499996 -13.7968 38.7111 9.75 -13.7968 38.7111 -9.750004 -13.7968 38.7111 5.041067 -35.20243 27.81349 -13.00006 -33.72333 28.56605 9.75 -46.25331 22.18765 -6.500004 -46.25331 22.18765 -9.750004 -46.25331 22.18765 9.509134 -51.48885 19.52226 -9.509138 -51.48885 19.52226 9.75 -54.36743 18.05679 9.75 -62.48155 13.92593 -12 -61.55844 14.39588 -9.750004 -54.36743 18.05679 13 34.88795 63.49626 13 30.45401 61.23897 6.499996 34.88795 63.49626 7.498236 29.65657 60.833 13 22.32216 57.09907 13 26.88936 59.42421 12.46923 17.63678 54.71377 12.01078 17.06921 54.42481 8.997052 10.67314 51.16862 -4e-06 34.88795 63.49626 4.698931 29.1201 60.55986 6.847497 28.69623 60.3441 5.447873 28.58671 60.28833 5.999996 28.49287 60.24055 13 15.97262 53.86658 12.46921 16.09082 53.92673 12.07021 16.53575 54.15324 13.00001 3.3572 47.44412 9.969225 -5.983756 42.68868 9.292891 11.15971 51.41633 9.175326 9.999475 50.82565 9.631903 9.700974 50.67369 9.57021 -6.428711 42.46214 -0.75836 28.48893 60.23855 0.306282 29.10538 60.55239 -2.301069 29.1201 60.55986 -1.552126 28.58671 60.28833 -9.750004 26.77382 59.3654 -13 34.88795 63.49626 -10.85327 19.94697 55.88989 -10.99087 19.26716 55.54378 -13 4.181869 47.86394 -13 10.07726 50.86525 -11.03078 -5.983757 42.68867 -10.56754 18.68078 55.24526 -12.01078 17.06921 54.42482 -12.46925 17.63678 54.71377 -12.13261 16.39079 54.07944 -12.63191 16.0352 53.89842 -13 -1.713501 44.86262 12.99999 -7.972376 41.6763 12.99994 -29.10451 30.91875 13.00002 -46.35634 22.13581 9.932443 -7.517136 41.90805 9.646715 -50.80907 19.86834 13 -54.7719 17.85088 13 -66.52265 11.86864 12.51963 -62.35112 13.99235 12.03136 -61.30912 14.52281 13 -70.59569 9.795078 9.944815 -52.08675 19.21788 3.249996 -70.59569 9.795078 -13 -7.97236 41.67633 -13.00027 -29.2023 30.86779 -11.06756 -7.517136 41.90805 -11.42979 -6.428711 42.46214 -11.49087 -6.930759 42.20656 -12.99987 -46.35507 22.13582 -11.35328 -50.80907 19.86834 -13 -70.59569 9.795078 -13 -54.7719 17.85088 -11.49087 -51.48885 19.52226 -11.06751 -52.07525 19.22373 -12.63191 -60.72984 14.81772 -13 -60.66728 14.84958 -13 -66.52265 11.86864 -12.12913 -62.04125 14.15012 -12.63192 -62.39006 13.98001 -13 -74.53559 -32.75319 -13 -81.99044 -48.79475 -13 -67.08074 -16.71161 -13 7.467789 31.4131 -13 28.9005 35.42349 -13 59.65177 35.42349 -13 -86.11265 -63.97951 -13 -83.35327 -64.66113 -13 -92.47354 -59.90943 -13 -84.38162 -56.57919 -13 -90.83142 -61.38103 -13 -88.82565 -62.75444 -13 -80.55031 -64.84687 -13 -78.52646 -64.65927 -13 -76.18323 -64.14243 -13 -73.3379 -62.95596 -13 -70.85259 -61.30274 -13 -95.80236 -54.70572 -13 -84.2477 -55.36977 -13 -94.40257 -57.45235 -13 -83.64444 -54.31302 -13 -96.63195 -51.83536 -13 -96.91437 -49.05118 -13 -81.67624 -53.31102 -13 -82.75591 -53.6243 -13 -79.41007 -54.0482 -13 -64.41862 -49.58597 -13 -80.46681 -53.44493 -13 -69.14842 -59.69438 -13 -67.62624 -57.7991 -13 -66.56827 -55.94954 -13 -65.68256 -53.74767 -13 -61.58619 -46.32043 -13 -63.17782 -47.75012 -13 -50.73874 -40.69092 -13 -41.02507 -35.74574 -13 -44.56254 -33.54344 -13 -52.76561 -24.7691 -13 -57.36535 -24.45823 -13 -59.44432 -22.92391 -13 -54.79029 -25.06359 -13 -60.7156 -20.84213 -13 -61.13823 -18.35768 -13 -51.66234 -24.32921 -13 -44.14323 -32.84134 -13 -31.31142 -30.80057 -13 -41.60493 -19.20903 -13 -43.01243 -32.79554 -13 -43.63844 -32.66646 -13 -21.59775 -25.85539 -13 -31.54755 -14.08887 -13 -11.88408 -20.91022 -13 -21.49016 -8.968689 -13 -95.22606 -8.206678 -13 -73.94296 7.071282 -13 -73.33409 8.38682 -13 -71.584 9.291934 -13 -60.53284 -15.78251 -13 -58.99855 -13.70364 -13 -57.56026 -12.74409 -13 -71.32358 9.022697 -13 -47.50285 -7.623932 -13 -70.71657 9.194194 -13 -47.95532 12.74341 -13 -47.33888 12.39151 -13 -37.44546 -2.503769 -13 -46.40667 12.31835 -13 -44.918 16.97626 -13 -44.28819 17.15901 -13 -43.5827 17.0809 -13 -27.38808 2.616409 -13 -42.45988 14.87538 -13 -43.0067 14.06321 -13 -42.38176 15.58089 -13 -42.68785 16.46429 -13 -17.33067 7.736572 -13 -11.43275 -3.848526 -12.99916 0.394919 2.172981 -13 -2.170425 -15.96504 -13 7.543243 -11.01987 -13 16.92762 -2.239101 -13 -7.44191 31.4131 -13 -2.780395 35.07707 -13 -3.396362 35.42869 -13 0.043445 39.83702 -13 -1.848828 35.00398 -13 2.096939 37.56007 -13 1.550572 36.74858 -13 2.175003 38.26506 -13 0.97496 39.76393 -13 1.86917 39.14775 -13 17.2569 -6.074692 -13 17.34691 -1.537041 -13 18.10147 -1.352943 -13 26.97057 -1.129517 -13 18.78514 -1.798007 -13 42.99779 3.856117 -13 37.83319 4.313465 -13 19.51647 11.96961 -13 20.6646 13.00418 -13 21.712 14.55035 -13 22.21457 18.52331 -13 22.25252 16.60306 -13 44.14006 12.93645 -13 40.07621 4.590452 -13 41.47829 4.387909 -13 43.67615 9.269014 -13 43.64111 11.04163 -13 45.55633 14.85538 -13 45.18829 2.436981 -13 47.12226 1.615714 -13 49.7127 1.272703 -13 52.18205 1.645888 -13 54.59757 2.753027 -13 56.22953 4.152115 -13 57.26008 5.469803 -13 58.89804 8.591788 -13 53.57562 14.89328 -13 54.68794 13.61248 -13 47.47807 16.0289 -13 52.1484 15.86013 -13 49.7714 16.41897 -13 60.84064 10.33039 -12.99998 81.77146 20.94778 -13 81.50194 28.68379 -13.00004 83.89732 21.38829 -13 82.28802 33.13722 -13 80.59847 41.37413 -13.00001 79.38257 42.46513 -13 81.56819 31.39499 -12.99998 60.77505 57.25829 -13 75.30024 48.21097 -13 77.58016 45.25389 -13 72.8727 50.62434 -13 15.97262 53.86655 -13.00001 42.60592 57.72701 -12.99999 44.37252 57.23303 -12.99998 65.48766 55.5296 -12.99999 69.82893 53.051 -12.99998 48.67411 58.03751 -13 52.41245 58.30183 -12.99998 55.88894 58.17202 -13 83.53876 34.73562 -13 85.30944 40.03499 -13 85.62069 36.00696 -13 82.03325 40.63625 -13 88.10505 36.42954 -13 88.19851 39.3481 -13 94.11818 36.43385 -13 92.75903 34.28987 -13 90.68015 35.82415 -13 92.19648 37.8512 13 76.79457 46.38228 13 59.65177 31.4131 13 43.7205 57.3408 13 22.3775 47.45466 13 29.83235 31.4131 13 7.467789 31.4131 13 -81.99044 -40.77397 13 -67.08074 -32.75319 13 -95.22606 -8.206684 13.00007 55.78474 3.663114 12.99964 53.35873 2.077714 12.99954 50.85699 1.3643 13 57.26008 5.469803 13 48.96123 1.315735 13 46.98564 1.656773 13 45.18829 2.436981 13 43.30106 3.672787 13 58.84349 8.497092 13 60.63275 10.21259 13 54.00466 14.52715 13 44.40176 13.37993 13 45.40461 14.71254 13 51.94498 15.95017 13 47.29534 15.95658 13 49.55386 16.42113 13 26.97057 -1.129517 13 18.95929 -2.437263 13 17.2569 -6.074692 13 18.59971 -3.134709 12.99999 42.03213 4.249696 13 19.56657 11.99911 13 17.86601 -3.371512 13 7.543243 -11.01987 13 8.682041 6.391815 13 37.371 4.127031 13 40.48653 4.549438 13 43.70664 9.169264 13 39.05888 4.548011 13 43.69041 11.55419 13 21.17358 13.60924 13 22.18154 18.63137 13 22.1991 16.04776 13 -1.375351 1.271637 13 95.6818 34.52771 13 94.11818 36.43385 13 92.43582 37.71718 12.99996 82.21183 40.57786 13.00003 81.68197 20.92213 13 85.3037 40.03609 13 88.54957 39.24305 13 80.67311 41.32368 13.00008 79.43076 42.39812 13 74.61206 48.9301 12.99999 71.80748 51.56732 12.99999 67.71599 54.37748 12.99998 63.166 56.49327 12.99998 58.34071 57.81844 12.99998 53.4455 58.32149 13 29.05439 57.75659 13 44.843 57.2798 13 2.124794 38.64564 13 2.096939 37.56007 13 1.590942 39.41228 12.99998 48.67411 58.03751 13 42.6877 57.68261 13 30.99738 59.20326 13 31.02793 60.04192 13 30.56616 58.52637 13 28.21578 57.78715 13 -7.44191 31.4131 13 -41.02507 -35.74574 13 -42.89044 -34.43903 13 -43.62418 -34.67583 13 -50.73874 -40.69092 13 -42.53087 -33.74156 13 -65.96908 -54.65126 12.99999 -67.71811 -57.95671 12.99999 -64.94819 -50.93249 13 -63.45271 -48.1046 13 -61.76437 -46.42535 13 -64.36891 -49.50219 13 -31.31142 -30.80057 13 -52.48948 -24.68827 13 -11.88408 -20.91022 13 -21.59775 -25.85539 13.00013 -21.8106 -9.131871 13 -55.86818 -24.94526 13 -54.0016 -25.008 13 -58.30665 -23.91971 13 -60.06692 -22.11632 13.00001 -75.6449 -63.96729 13 -78.60861 -64.69002 13.00002 -81.75619 -64.83176 12.99999 -70.14016 -60.70824 13.00001 -72.84257 -62.68215 13 -84.25177 -64.48134 13 -86.68281 -63.77577 12.99999 -89.56762 -62.30889 13 -84.38162 -56.57919 13 -92.05633 -60.33206 13 -93.59981 -58.56865 13 -79.41007 -54.0482 13 -80.46681 -53.44493 13 -81.67624 -53.31102 13 -82.75591 -53.6243 13 -83.64444 -54.31302 13.00015 -96.9167 -49.4414 13 -84.2477 -55.36977 12.99994 -94.87207 -56.67154 12.99999 -96.29895 -53.30154 13 -2.170425 -15.96504 13.0013 -16.4153 8.203317 13 -27.38808 2.616409 13 -42.38176 15.58089 13 -1.817408 35.02188 13 -42.45988 14.87538 13 -37.44546 -2.503769 13 -42.99267 14.05161 13 -42.76437 16.56163 13 -44.56114 17.11654 13 -43.5827 17.0809 13 1.594304 36.77105 13 0.97496 39.76393 13 -0.050873 39.79207 13 -3.396362 35.42869 13 -2.780395 35.07707 13 -60.63038 -16.00288 13 -61.07333 -17.83518 13 -61.00235 -19.86348 13 -70.91158 9.073184 13 -57.56026 -12.74409 13 -59.08884 -13.77158 13 -47.50285 -7.623932 13 -73.79448 7.282791 13 -70.68371 9.310495 13 -74.26032 6.815013 13 -71.17817 9.011872 13 -47.33888 12.39151 13 -46.36047 12.35584 13 -47.95532 12.74341 13 -71.58515 9.256235 -15 42.96351 3.885163 -14 36.68423 3.815659 -14 18.73943 11.51198 -14 -51.66234 -24.32921 -14 -57.56026 -12.74409 13 -73.34063 8.389185 14 36.68423 3.815659 14 18.73943 11.51198 13 -51.66235 -24.32921 14 -57.56026 -12.74409 -13 -62.4496 13.9422 -15 -60.66727 14.84958 -12.07021 -62.34016 15.12006 -12.07021 -61.23041 14.56288 -12.2929 -60.92829 14.71669 -13 17.75494 54.77392 13 -60.66728 14.84958 13 -61.57466 16.6319 12.6319 -60.72984 14.81772 12.29289 -60.92829 14.71669 12.07021 -61.88647 14.2289 12.29289 -63.09596 15.85741 13 -62.4496 13.9422 13 17.75493 54.77394 -13.73 -44.49559 -33.35271 -13.73256 -43.85599 -32.69665 -13.73638 -42.8815 -32.91255 -13.75254 -44.29319 -32.98017 -14.16456 -44.98825 -33.79806 -14.59277 -43.82372 -31.77536 -14.60064 -44.70457 -32.13036 -13.73604 -43.23259 -32.71094 -14.59783 -42.3995 -32.13561 -14.59773 -43.12277 -31.80015 -14.59828 -45.28151 -32.86931 -14.60239 -45.46334 -33.79213 -13.71861 17.05248 -1.871751 -13.733 17.63771 -1.390574 -13.73312 18.7374 -1.722508 -14.59877 16.0842 -1.93215 -14.59783 16.94439 -0.734078 -13.73844 18.25571 -1.406122 -14.59295 17.67254 -0.469989 -14.59331 19.23222 -0.928629 -14.59752 18.37264 -0.497077 -14.58015 16.05658 -2.587977 -14.58771 16.47055 -1.15516 13.72149 -44.07375 -34.52956 13.72692 -43.28934 -34.64497 13.72604 -42.6716 -34.18301 13.73 -42.54906 -33.56825 14.59752 -44.29404 -35.41788 14.59761 -43.53741 -35.57077 14.59783 -42.82078 -35.42686 14.59772 -42.22034 -35.03563 14.59223 -41.63226 -33.46029 14.59752 -41.78881 -34.41141 13.72582 17.80324 -3.364302 13.72716 18.5536 -3.171215 13.72841 18.96377 -2.466778 14.59752 17.19609 -4.113537 14.59392 16.56411 -3.674189 14.59761 17.95271 -4.266454 14.59783 18.66933 -4.122555 14.59761 19.85425 -2.350629 14.59772 19.2698 -3.731334 14.59619 19.69058 -1.589124 14.59752 19.70133 -3.107128 13 27.54932 58.20925 7.39468 28.8839 61.56175 6.552139 28.13304 61.17949 4.939338 27.97703 62.22221 0.39468 28.8839 61.56175 -0.447861 28.13304 61.17949 -2.060663 27.97703 62.22221</float_array><technique_common><accessor count="1275" source="#object_419-mesh-slim-pos-array" stride="3"><param type="float" name="X"/><param type="float" name="Y"/><param type="float" name="Z"/></accessor></technique_common></source><vertices id="object_419-mesh-slim-pos-vertices">
          <input semantic="POSITION" source="#object_419-mesh-slim-pos"/>
        </vertices>
        <triangles count="2969" material="Black_009-material"><input offset="0" semantic="VERTEX" source="#object_419-mesh-slim-pos-vertices"/><input offset="1" semantic="NORMAL" source="#object_419-mesh-slim-nrm"/><p>0 0 3 3 2 2 2 2 5 5 4 4 4 4 6 6 7 7 7 7 8 8 9 9 9 9 11 11 10 10 12 12 15 15 14 14 10 10 13 13 12 12 0 0 1 1 18 18 17 17 16 16 14 14 21 21 22 22 23 23 19 19 22 22 21 21 27 27 26 26 28 28 27 27 28 28 29 29 24 24 26 26 25 25 30 30 19 19 20 20 33 33 34 34 35 35 31 31 34 34 33 33 39 39 38 38 40 40 39 39 40 40 41 41 36 36 38 38 37 37 42 42 31 31 32 32 41 41 40 40 842 842 44 44 45 45 822 822 44 44 51 51 45 45 822 822 45 45 46 46 48 48 46 46 581 581 48 48 49 49 50 50 54 54 56 56 53 53 54 54 62 62 55 55 53 53 58 58 57 57 57 57 60 60 59 59 59 59 60 60 61 61 1266 1266 65 65 64 64 66 66 70 70 68 68 64 64 67 67 66 66 69 69 72 72 71 71 73 73 75 75 76 76 71 71 74 74 73 73 68 68 70 70 69 69 78 78 77 77 79 79 79 79 68 68 78 78 1266 1266 79 79 77 77 80 80 69 69 71 71 80 80 68 68 69 69 81 81 73 73 83 83 76 76 82 82 83 83 64 64 66 66 79 79 73 73 76 76 83 83 71 71 73 73 81 81 79 79 1266 1266 64 64 85 85 80 80 86 86 84 84 78 78 85 85 87 87 83 83 88 88 86 86 81 81 87 87 83 83 82 82 88 88 89 89 77 77 84 84 90 90 92 92 91 91 93 93 96 96 95 95 91 91 94 94 93 93 97 97 100 100 99 99 103 103 422 422 105 105 101 101 104 104 103 103 99 99 102 102 101 101 95 95 98 98 97 97 107 107 91 91 93 93 90 90 91 91 106 106 108 108 93 93 95 95 108 108 95 95 97 97 110 110 97 97 99 99 109 109 101 101 103 103 110 110 99 99 101 101 109 109 103 103 105 105 112 112 108 108 113 113 113 113 110 110 114 114 114 114 110 110 115 115 106 106 112 112 111 111 115 115 109 109 116 116 134 134 119 119 118 118 120 120 123 123 122 122 118 118 121 121 120 120 125 125 128 128 127 127 124 124 126 126 125 125 127 127 128 128 129 129 129 129 131 131 130 130 122 122 126 126 124 124 122 122 135 135 132 132 133 133 122 122 132 132 134 134 133 133 1238 1238 135 135 125 125 136 136 1238 1238 133 133 132 132 136 136 125 125 127 127 130 130 137 137 138 138 138 138 129 129 130 130 118 118 120 120 133 133 133 133 134 134 118 118 140 140 136 136 141 141 139 139 135 135 140 140 138 138 143 143 142 142 141 141 136 136 142 142 132 132 1002 1002 1238 1238 1002 1002 132 132 139 139 144 144 147 147 146 146 148 148 151 151 150 150 146 146 149 149 148 148 152 152 154 154 153 153 155 155 157 157 158 158 153 153 156 156 155 155 150 150 154 154 152 152 161 161 146 146 148 148 162 162 148 148 150 150 162 162 150 150 152 152 163 163 155 155 158 158 164 164 152 152 153 153 163 163 158 158 165 165 164 164 153 153 155 155 144 144 146 146 160 160 167 167 162 162 168 168 168 168 164 164 169 169 169 169 164 164 170 170 160 160 167 167 166 166 170 170 163 163 171 171 171 171 163 163 165 165 172 172 175 175 174 174 174 174 176 176 177 177 172 172 173 173 178 178 179 179 182 182 181 181 181 181 183 183 184 184 179 179 180 180 185 185 187 187 188 188 186 186 186 186 189 189 190 190 187 187 191 191 192 192 194 194 195 195 193 193 193 193 196 196 197 197 194 194 198 198 199 199 201 201 202 202 834 834 834 834 202 202 203 203 205 205 203 203 559 559 208 208 201 201 200 200 205 205 206 206 207 207 210 210 212 212 211 211 213 213 210 210 209 209 210 210 215 215 212 212 209 209 210 210 211 211 215 215 219 219 212 212 217 217 221 221 222 222 218 218 217 217 222 222 214 214 210 210 213 213 224 224 225 225 824 824 230 230 228 228 229 229 231 231 224 224 223 223 233 233 234 234 235 235 240 240 238 238 239 239 567 567 233 233 232 232 243 243 246 246 245 245 241 241 244 244 243 243 245 245 250 250 247 247 248 248 249 249 241 241 254 254 256 256 253 253 251 251 255 255 254 254 253 253 259 259 258 258 258 258 261 261 260 260 263 263 265 265 262 262 260 260 264 264 263 263 257 257 252 252 267 267 262 262 265 265 266 266 266 266 265 265 268 268 269 269 272 272 271 271 275 275 279 279 278 278 273 273 276 276 275 275 271 271 274 274 273 273 278 278 281 281 277 277 277 277 281 281 280 280 282 282 284 284 285 285 280 280 283 283 282 282 284 284 516 516 285 285 269 269 286 286 287 287 289 289 291 291 288 288 294 294 293 293 292 292 292 292 290 290 289 289 296 296 295 295 294 294 298 298 297 297 296 296 300 300 299 299 298 298 303 303 305 305 302 302 307 307 309 309 306 306 306 306 304 304 303 303 302 302 301 301 300 300 310 310 313 313 312 312 312 312 315 315 316 316 319 319 321 321 318 318 316 316 320 320 319 319 323 323 310 310 311 311 318 318 321 321 322 322 327 327 329 329 326 326 324 324 328 328 327 327 326 326 332 332 331 331 331 331 334 334 333 333 336 336 338 338 335 335 333 333 337 337 336 336 330 330 325 325 340 340 335 335 338 338 339 339 339 339 338 338 341 341 342 342 344 344 343 343 348 348 350 350 352 352 346 346 349 349 348 348 343 343 347 347 346 346 352 352 354 354 351 351 351 351 354 354 353 353 355 355 357 357 358 358 353 353 356 356 355 355 357 357 1025 1025 358 358 342 342 359 359 360 360 363 363 365 365 362 362 368 368 367 367 366 366 366 366 364 364 363 363 365 365 361 361 362 362 370 370 369 369 368 368 372 372 371 371 370 370 374 374 373 373 372 372 377 377 379 379 376 376 1102 1102 382 382 380 380 380 380 378 378 377 377 376 376 375 375 374 374 383 383 409 409 384 384 385 385 244 244 386 386 390 390 391 391 257 257 391 391 256 256 255 255 392 392 394 394 267 267 267 267 394 394 390 390 255 255 257 257 391 391 257 257 267 267 390 390 256 256 391 391 395 395 395 395 396 396 259 259 396 396 261 261 259 259 396 396 397 397 261 261 256 256 395 395 259 259 397 397 398 398 264 264 264 264 398 398 399 399 399 399 400 400 265 265 403 403 401 401 402 402 401 401 403 403 393 393 393 393 403 403 392 392 404 404 405 405 402 402 405 405 404 404 406 406 402 402 401 401 404 404 267 267 393 393 392 392 264 264 261 261 397 397 407 407 265 265 400 400 399 399 265 265 264 264 268 268 265 265 407 407 406 406 408 408 409 409 410 410 411 411 268 268 412 412 413 413 409 409 413 413 412 412 411 411 404 404 408 408 406 406 409 409 383 383 406 406 268 268 414 414 410 410 413 413 415 415 409 409 411 411 410 410 413 413 416 416 384 384 415 415 415 415 384 384 409 409 417 417 384 384 418 418 416 416 418 418 384 384 418 418 422 422 104 104 414 414 268 268 407 407 421 421 419 419 418 418 424 424 423 423 420 420 424 424 420 420 428 428 420 420 423 423 421 421 420 420 421 421 418 418 418 418 419 419 422 422 104 104 102 102 418 418 102 102 425 425 418 418 426 426 102 102 100 100 417 417 418 418 425 425 102 102 426 426 425 425 426 426 100 100 98 98 92 92 428 428 420 420 426 426 98 98 96 96 96 96 94 94 429 429 92 92 429 429 94 94 426 426 96 96 429 429 92 92 420 420 427 427 429 429 92 92 427 427 384 384 417 417 430 430 434 434 431 431 383 383 383 383 441 441 434 434 439 439 432 432 383 383 383 383 431 431 406 406 435 435 436 436 437 437 436 436 438 438 437 437 437 437 434 434 435 435 440 440 439 439 384 384 439 439 383 383 384 384 434 434 441 441 433 433 442 442 435 435 434 434 434 434 433 433 442 442 383 383 432 432 441 441 440 440 384 384 430 430 443 443 445 445 442 442 438 438 436 436 444 444 450 450 445 445 443 443 445 445 446 446 447 447 446 446 445 445 450 450 445 445 435 435 442 442 448 448 180 180 449 449 450 450 448 448 449 449 179 179 449 449 180 180 443 443 451 451 448 448 450 450 443 443 448 448 452 452 453 453 449 449 452 452 449 449 179 179 454 454 452 452 184 184 181 181 184 184 452 452 452 452 179 179 181 181 451 451 443 443 456 456 456 456 443 443 455 455 455 455 458 458 456 456 452 452 454 454 459 459 460 460 459 459 461 461 454 454 461 461 459 459 460 460 462 462 459 459 465 465 429 429 427 427 466 466 467 467 465 465 463 463 464 464 465 465 457 457 468 468 469 469 457 457 458 458 455 455 457 457 469 469 458 458 470 470 565 565 468 468 471 471 472 472 473 473 468 468 457 457 470 470 460 460 468 468 462 462 466 466 465 465 464 464 471 471 565 565 470 470 471 471 474 474 475 475 198 198 475 475 474 474 565 565 471 471 475 475 565 565 462 462 468 468 194 194 476 476 198 198 477 477 476 476 193 193 198 198 476 476 475 475 477 477 193 193 197 197 476 476 194 194 193 193 478 478 477 477 197 197 471 471 473 473 474 474 250 250 480 480 479 479 478 478 481 481 477 477 482 482 521 521 483 483 481 481 478 478 483 483 481 481 483 483 521 521 479 479 473 473 472 472 427 427 463 463 465 465 75 75 467 467 484 484 486 486 485 485 484 484 486 486 484 484 488 488 75 75 74 74 467 467 485 485 75 75 484 484 487 487 467 467 74 74 489 489 492 492 490 490 490 490 488 488 489 489 492 492 489 489 491 491 63 63 491 491 489 489 65 65 63 63 489 489 488 488 484 484 489 489 493 493 65 65 489 489 487 487 72 72 70 70 70 70 493 493 487 487 65 65 493 493 67 67 70 70 67 67 493 493 74 74 72 72 487 487 494 494 497 497 489 489 494 494 387 387 495 495 496 496 287 287 499 499 493 493 489 489 497 497 500 500 494 494 499 499 494 494 495 495 497 497 287 287 496 496 501 501 501 501 502 502 272 272 272 272 502 502 503 503 504 504 274 274 503 503 270 270 287 287 501 501 503 503 274 274 272 272 272 272 270 270 501 501 499 499 287 287 500 500 505 505 276 276 274 274 504 504 505 505 274 274 505 505 506 506 276 276 507 507 279 279 506 506 279 279 276 276 506 506 281 281 279 279 508 508 508 508 509 509 281 281 508 508 279 279 507 507 494 494 500 500 498 498 510 510 387 387 498 498 498 498 387 387 494 494 511 511 387 387 512 512 388 388 514 514 513 513 514 514 388 388 511 511 512 512 387 387 510 510 283 283 281 281 509 509 515 515 283 283 509 509 284 284 283 283 515 515 515 515 516 516 284 284 515 515 517 517 516 516 388 388 513 513 517 517 515 515 539 539 517 517 480 480 250 250 385 385 250 250 246 246 385 385 519 519 480 480 385 385 520 520 385 385 482 482 520 520 519 519 385 385 482 482 385 385 521 521 385 385 518 518 521 521 244 244 385 385 246 246 472 472 250 250 479 479 387 387 249 249 522 522 387 387 523 523 495 495 522 522 523 523 387 387 242 242 249 249 387 387 385 385 386 386 518 518 387 387 244 244 242 242 524 524 386 386 388 388 386 386 525 525 518 518 525 525 386 386 527 527 527 527 386 386 530 530 525 525 527 527 528 528 528 528 529 529 526 526 525 525 528 528 526 526 386 386 524 524 531 531 531 531 530 530 386 386 388 388 533 533 524 524 537 537 536 536 524 524 535 535 537 537 534 534 537 537 524 524 534 534 536 536 531 531 524 524 532 532 533 533 388 388 389 389 539 539 538 538 364 364 367 367 365 365 511 511 388 388 387 387 389 389 538 538 365 365 539 539 389 389 517 517 365 365 379 379 389 389 389 389 540 540 517 517 365 365 369 369 371 371 365 365 371 371 373 373 375 375 379 379 365 365 375 375 365 365 373 373 379 379 378 378 389 389 541 541 389 389 542 542 542 542 389 389 543 543 543 543 389 389 381 381 381 381 389 389 382 382 389 389 378 378 382 382 369 369 365 365 367 367 517 517 544 544 388 388 545 545 546 546 517 517 545 545 517 517 547 547 547 547 517 517 548 548 388 388 549 549 550 550 388 388 544 544 549 549 544 544 517 517 546 546 388 388 550 550 532 532 551 551 540 540 389 389 552 552 389 389 553 553 553 553 389 389 541 541 548 548 517 517 554 554 517 517 555 555 554 554 517 517 540 540 555 555 551 551 389 389 552 552 467 467 466 466 484 484 556 556 558 558 564 564 557 557 564 564 559 559 558 558 561 561 564 564 563 563 559 559 562 562 562 562 570 570 566 566 564 564 567 567 593 593 559 559 593 593 570 570 566 566 571 571 568 568 570 570 573 573 579 579 41 41 578 578 576 576 577 577 579 579 580 580 577 577 580 580 581 581 446 446 582 582 447 447 1221 1221 583 583 582 582 583 583 447 447 582 582 584 584 583 583 1221 1221 452 452 1217 1217 453 453 219 219 585 585 1217 1217 585 585 215 215 587 587 587 587 214 214 586 586 1217 1217 452 452 219 219 213 213 586 586 214 214 213 213 588 588 586 586 588 588 556 556 584 584 584 584 586 586 588 588 214 214 587 587 215 215 215 215 585 585 219 219 556 556 588 588 590 590 556 556 590 590 591 591 219 219 452 452 220 220 591 591 558 558 556 556 560 560 452 452 459 459 565 565 561 561 462 462 459 459 561 561 560 560 560 560 221 221 220 220 452 452 560 560 220 220 234 234 476 476 477 477 475 475 567 567 565 565 476 476 234 234 567 567 477 477 236 236 234 234 238 238 236 236 592 592 560 560 222 222 221 221 560 560 558 558 222 222 238 238 592 592 239 239 569 569 593 593 594 594 595 595 596 596 569 569 569 569 594 594 595 595 477 477 481 481 236 236 598 598 557 557 208 208 599 599 600 600 597 597 599 599 557 557 598 598 601 601 598 598 208 208 208 208 557 557 202 202 203 203 202 202 557 557 598 598 601 601 602 602 559 559 203 203 557 557 603 603 598 598 602 602 600 600 605 605 597 597 605 605 604 604 597 597 606 606 604 604 605 605 607 607 598 598 609 609 598 598 607 607 599 599 602 602 608 608 603 603 609 609 603 603 814 814 598 598 603 603 609 609 563 563 206 206 559 559 571 571 225 225 568 568 568 568 225 225 231 231 610 610 206 206 563 563 571 571 226 226 225 225 611 611 575 575 616 616 229 229 228 228 571 571 231 231 612 612 568 568 571 571 228 228 226 226 563 563 613 613 603 603 563 563 603 603 608 608 562 562 613 613 563 563 562 562 566 566 613 613 568 568 614 614 566 566 616 616 617 617 615 615 617 617 568 568 615 615 618 618 617 617 616 616 568 568 612 612 615 615 610 610 563 563 608 608 481 481 619 619 592 592 236 236 481 481 592 592 521 521 619 619 481 481 572 572 592 592 619 619 56 56 55 55 619 619 521 521 56 56 619 619 56 56 521 521 620 620 55 55 62 62 619 619 56 56 620 620 58 58 620 620 621 621 58 58 622 622 58 58 621 621 60 60 622 622 623 623 239 239 592 592 569 569 572 572 619 619 62 62 622 622 60 60 58 58 60 60 623 623 624 624 572 572 625 625 573 573 576 576 573 573 626 626 573 573 625 625 626 626 629 629 628 628 623 623 628 628 41 41 623 623 624 624 623 623 576 576 526 526 627 627 628 628 628 628 627 627 41 41 534 534 630 630 535 535 627 627 630 630 41 41 630 630 534 534 41 41 39 39 41 41 534 534 529 529 627 627 526 526 41 41 576 576 623 623 578 578 41 41 631 631 631 631 632 632 578 578 632 632 633 633 579 579 579 579 578 578 632 632 633 633 1271 1271 579 579 534 534 37 37 39 39 534 534 36 36 37 37 579 579 1271 1271 634 634 635 635 31 31 33 33 635 635 32 32 31 31 635 635 33 33 36 36 534 534 635 635 36 36 629 629 623 623 622 622 634 634 32 32 579 579 611 611 229 229 575 575 575 575 229 229 571 571 574 574 637 637 575 575 51 51 577 577 45 45 577 577 46 46 45 45 638 638 636 636 639 639 639 639 636 636 51 51 636 636 577 577 51 51 640 640 636 636 638 638 641 641 643 643 574 574 574 574 642 642 641 641 575 575 637 637 618 618 574 574 644 644 642 642 636 636 645 645 647 647 636 636 644 644 574 574 640 640 645 645 636 636 616 616 575 575 618 618 648 648 579 579 29 29 649 649 579 579 648 648 580 580 579 579 650 650 579 579 649 649 650 650 650 650 1274 1274 580 580 635 635 27 27 29 29 27 27 635 635 25 25 29 29 579 579 32 32 25 25 651 651 24 24 24 24 651 651 21 21 25 25 635 635 651 651 29 29 32 32 635 635 652 652 580 580 1274 1274 49 49 645 645 653 653 645 645 646 646 647 647 645 645 640 640 653 653 651 651 580 580 20 20 652 652 20 20 580 580 20 20 19 19 651 651 21 21 651 651 19 19 581 581 651 651 654 654 49 49 581 581 645 645 654 654 645 645 581 581 654 654 655 655 645 645 646 646 645 645 655 655 577 577 581 581 46 46 569 569 596 596 239 239 658 658 659 659 657 657 661 661 662 662 663 663 664 664 665 665 352 352 346 346 348 348 666 666 665 665 666 666 348 348 668 668 351 351 667 667 668 668 352 352 351 351 664 664 352 352 668 668 352 352 665 665 348 348 667 667 351 351 353 353 669 669 670 670 346 346 343 343 670 670 671 671 1200 1200 343 343 671 671 670 670 343 343 346 346 1200 1200 342 342 343 343 342 342 672 672 359 359 689 689 359 359 672 672 666 666 669 669 346 346 355 355 674 674 667 667 667 667 353 353 355 355 358 358 673 673 674 674 674 674 656 656 699 699 355 355 358 358 674 674 673 673 656 656 674 674 676 676 659 659 675 675 673 673 677 677 656 656 659 659 679 679 678 678 677 677 680 680 659 659 659 659 678 678 675 675 680 680 679 679 659 659 126 126 123 123 681 681 119 119 681 681 121 121 681 681 119 119 117 117 121 121 681 681 123 123 681 681 682 682 126 126 128 128 682 682 131 131 682 682 128 128 126 126 686 686 687 687 685 685 685 685 131 131 682 682 1200 1200 672 672 342 342 690 690 688 688 676 676 690 690 689 689 672 672 688 688 691 691 659 659 692 692 659 659 691 691 676 676 688 688 659 659 691 691 688 688 696 696 694 694 693 693 681 681 683 683 693 693 695 695 693 693 697 697 695 695 696 696 688 688 681 681 697 697 693 693 694 694 684 684 683 683 695 695 681 681 693 693 696 696 117 117 694 694 681 681 676 676 689 689 690 690 687 687 683 683 684 684 311 311 659 659 692 692 294 294 8 8 296 296 292 292 8 8 294 294 292 292 11 11 8 8 6 6 296 296 8 8 300 300 5 5 302 302 298 298 6 6 300 300 300 300 6 6 5 5 6 6 298 298 296 296 303 303 302 302 5 5 11 11 289 289 288 288 13 13 11 11 288 288 698 698 13 13 288 288 699 699 15 15 698 698 17 17 15 15 699 699 15 15 13 13 698 698 289 289 11 11 292 292 18 18 306 306 303 303 5 5 3 3 303 303 3 3 18 18 303 303 307 307 306 306 18 18 700 700 307 307 18 18 700 700 701 701 307 307 703 703 702 702 704 704 701 701 702 702 703 703 701 701 700 700 702 702 705 705 710 710 706 706 707 707 708 708 709 709 708 708 706 706 709 709 704 704 710 710 711 711 711 711 710 710 705 705 708 708 705 705 706 706 703 703 704 704 711 711 712 712 713 713 656 656 713 713 17 17 699 699 709 709 656 656 707 707 656 656 714 714 707 707 656 656 658 658 715 715 715 715 714 714 656 656 712 712 656 656 709 709 713 713 699 699 656 656 312 312 659 659 310 310 657 657 659 659 312 312 312 312 316 316 660 660 660 660 316 316 319 319 725 725 657 657 660 660 660 660 643 643 725 725 660 660 657 657 312 312 657 657 721 721 658 658 677 677 659 659 656 656 716 716 658 658 717 717 717 717 658 658 718 718 720 720 719 719 657 657 658 658 721 721 722 722 723 723 721 721 657 657 657 657 719 719 723 723 722 722 718 718 658 658 725 725 724 724 657 657 657 657 724 724 646 646 726 726 657 657 727 727 657 657 655 655 727 727 646 646 655 655 657 657 657 657 726 726 720 720 319 319 318 318 660 660 310 310 659 659 311 311 685 685 682 682 686 686 728 728 157 157 156 156 156 156 154 154 728 728 151 151 149 149 739 739 147 147 739 739 149 149 151 151 739 739 154 154 728 728 154 154 739 739 661 661 730 730 729 729 731 731 732 732 733 733 733 733 662 662 729 729 662 662 661 661 729 729 728 728 735 735 159 159 661 661 728 728 734 734 661 661 749 749 728 728 735 735 728 728 748 748 661 661 734 734 730 730 728 728 159 159 157 157 736 736 731 731 737 737 147 147 145 145 739 739 738 738 739 739 740 740 739 739 145 145 740 740 741 741 742 742 739 739 743 743 738 738 740 740 743 743 744 744 738 738 747 747 748 748 728 728 745 745 746 746 748 748 745 745 748 748 747 747 661 661 751 751 750 750 749 749 661 661 750 750 747 747 728 728 749 749 745 745 738 738 744 744 744 744 746 746 745 745 757 757 752 752 333 333 753 753 331 331 754 754 331 331 752 752 754 754 755 755 756 756 336 336 752 752 331 331 333 333 326 326 331 331 753 753 336 336 756 756 757 757 333 333 336 336 757 757 326 326 753 753 758 758 327 327 326 326 758 758 327 327 758 758 759 759 760 760 324 324 759 759 327 327 759 759 324 324 760 760 325 325 324 324 762 762 761 761 763 763 760 760 761 761 325 325 765 765 335 335 764 764 755 755 335 335 765 765 764 764 335 335 339 339 755 755 336 336 335 335 737 737 764 764 339 339 731 731 736 736 732 732 736 736 737 737 339 339 662 662 733 733 732 732 662 662 772 772 663 663 772 772 662 662 766 766 767 767 768 768 769 769 761 761 762 762 325 325 763 763 767 767 762 762 763 763 770 770 767 767 770 770 768 768 767 767 771 771 769 769 768 768 771 771 772 772 769 769 772 772 766 766 769 769 661 661 663 663 751 751 773 773 686 686 774 774 775 775 773 773 774 774 687 687 686 686 683 683 775 775 776 776 773 773 775 775 742 742 776 776 791 791 660 660 318 318 566 566 777 777 778 778 795 795 318 318 779 779 779 779 777 777 780 780 614 614 777 777 566 566 781 781 778 778 782 782 686 686 682 682 774 774 741 741 776 776 742 742 783 783 782 782 784 784 783 783 785 785 782 782 782 782 785 785 781 781 613 613 566 566 781 781 781 781 566 566 778 778 786 786 787 787 613 613 788 788 613 613 787 787 781 781 786 786 613 613 739 739 738 738 741 741 791 791 790 790 660 660 318 318 795 795 791 791 643 643 660 660 637 637 637 637 660 660 789 789 792 792 637 637 789 789 618 618 637 637 793 793 618 618 793 793 794 794 637 637 792 792 793 793 789 789 660 660 790 790 779 779 780 780 795 795 796 796 780 780 777 777 617 617 188 188 192 192 192 192 796 796 614 614 617 617 618 618 189 189 794 794 189 189 618 618 614 614 617 617 192 192 188 188 617 617 189 189 796 796 777 777 614 614 663 663 799 799 798 798 751 751 663 663 798 798 663 663 797 797 799 799 800 800 806 806 801 801 802 802 803 803 800 800 801 801 804 804 807 807 805 805 797 797 806 806 801 801 802 802 800 800 805 805 806 806 800 800 813 813 803 803 802 802 806 806 804 804 801 801 806 806 797 797 663 663 808 808 809 809 807 807 808 808 807 807 804 804 810 810 783 783 784 784 811 811 812 812 803 803 1211 1211 178 178 811 811 810 810 803 803 812 812 603 603 175 175 178 178 176 176 175 175 603 603 176 176 603 603 788 788 802 802 606 606 813 813 606 606 802 802 604 604 813 813 1211 1211 811 811 1211 1211 603 603 178 178 814 814 603 603 1211 1211 803 803 813 813 811 811 613 613 788 788 603 603 810 810 784 784 803 803 815 815 816 816 852 852 847 847 818 818 822 822 821 821 819 819 820 820 822 822 825 825 819 819 825 825 880 880 824 824 827 827 883 883 892 892 824 824 828 828 883 883 892 892 833 833 829 829 828 828 830 830 883 883 829 829 831 831 832 832 831 831 890 890 834 834 833 833 836 836 890 890 838 838 890 890 837 837 839 839 815 815 40 40 840 840 815 815 839 839 841 841 839 839 40 40 815 815 842 842 40 40 38 38 841 841 40 40 843 843 815 815 844 844 843 843 1223 1223 845 845 850 850 842 842 815 815 816 816 815 815 843 843 843 843 846 846 816 816 843 843 845 845 846 846 847 847 852 852 816 816 840 840 844 844 815 815 38 38 35 35 841 841 34 34 841 841 35 35 848 848 841 841 34 34 863 863 42 42 849 849 42 42 848 848 34 34 852 852 850 850 815 815 863 863 849 849 851 851 852 852 863 863 851 851 863 863 28 28 42 42 853 853 57 57 854 854 855 855 59 59 846 846 57 57 855 855 854 854 57 57 59 59 855 855 57 57 853 853 53 53 856 856 53 53 853 853 54 54 53 53 856 856 54 54 856 856 52 52 240 240 856 856 237 237 856 856 240 240 857 857 59 59 61 61 816 816 847 847 816 816 858 858 818 818 847 847 859 859 858 858 816 816 61 61 818 818 52 52 857 857 52 52 856 856 857 857 818 818 859 859 860 860 52 52 818 818 860 860 823 823 818 818 861 861 846 846 59 59 816 816 26 26 848 848 28 28 28 28 848 848 42 42 848 848 26 26 23 23 848 848 23 23 22 22 817 817 848 848 22 22 862 862 822 822 865 865 822 822 864 864 865 865 22 22 30 30 817 817 817 817 30 30 822 822 864 864 822 822 30 30 817 817 866 866 867 867 47 47 866 866 817 817 1215 1215 867 867 866 866 47 47 817 817 822 822 866 866 47 47 48 48 50 50 866 866 48 48 1215 1215 866 866 868 868 868 868 866 866 50 50 869 869 1215 1215 868 868 822 822 821 821 44 44 821 821 43 43 44 44 824 824 820 820 819 819 873 873 821 821 876 876 821 821 870 870 871 871 227 227 230 230 820 820 43 43 821 821 873 873 824 824 227 227 820 820 820 820 230 230 872 872 869 869 873 873 874 874 869 869 874 874 875 875 869 869 875 875 1215 1215 876 876 874 874 873 873 877 877 876 876 871 871 877 877 871 871 1041 1041 878 878 870 870 820 820 871 871 876 876 821 821 820 820 872 872 878 878 861 861 818 818 857 857 237 237 879 879 235 235 879 879 233 233 235 235 879 879 237 237 856 856 216 216 830 830 881 881 828 828 880 880 881 881 830 830 216 216 217 217 826 826 232 232 233 233 826 826 882 882 232 232 823 823 882 882 826 826 826 826 825 825 823 823 233 233 879 879 826 826 828 828 881 881 830 830 883 883 830 830 218 218 218 218 830 830 217 217 1218 1218 884 884 1216 1216 1219 1219 884 884 1218 1218 212 212 216 216 881 881 884 884 1219 1219 835 835 884 884 211 211 212 212 884 884 212 212 881 881 885 885 886 886 1222 1222 885 885 836 836 1220 1220 1219 1219 887 887 835 835 885 885 1220 1220 886 886 1220 1220 836 836 887 887 888 888 836 836 885 885 833 833 889 889 835 835 835 835 209 209 211 211 884 884 835 835 211 211 209 209 835 835 889 889 890 890 836 836 888 888 835 835 887 887 836 836 827 827 224 224 824 824 832 832 205 205 207 207 204 204 832 832 831 831 224 224 827 827 223 223 893 893 891 891 895 895 891 891 894 894 895 895 894 894 891 891 878 878 893 893 223 223 827 827 872 872 894 894 878 878 893 893 827 827 891 891 897 897 832 832 207 207 897 897 896 896 832 832 204 204 205 205 832 832 204 204 831 831 834 834 201 201 834 834 838 838 899 899 901 901 838 838 200 200 201 201 838 838 898 898 837 837 890 890 200 200 838 838 901 901 838 838 837 837 1213 1213 896 896 900 900 899 899 899 899 900 900 901 901 902 902 903 903 899 899 899 899 1214 1214 902 902 1214 1214 899 899 838 838 897 897 900 900 896 896 1214 1214 838 838 1213 1213 904 904 1210 1210 906 906 905 905 904 904 906 906 905 905 837 837 904 904 837 837 898 898 904 904 929 929 907 907 909 909 918 918 913 913 340 340 914 914 330 330 913 913 915 915 917 917 916 916 328 328 330 330 914 914 916 916 917 917 918 918 913 913 330 330 340 340 328 328 914 914 329 329 919 919 920 920 332 332 332 332 920 920 921 921 922 922 334 334 921 921 332 332 329 329 919 919 334 334 332 332 921 921 923 923 337 337 922 922 334 334 922 922 337 337 914 914 919 919 329 329 928 928 924 924 925 925 925 925 915 915 916 916 925 925 924 924 926 926 928 928 927 927 929 929 926 926 915 915 925 925 929 929 927 927 908 908 923 923 338 338 337 337 936 936 341 341 338 338 908 908 907 907 929 929 930 930 908 908 931 931 932 932 933 933 908 908 931 931 908 908 927 927 908 908 934 934 932 932 908 908 930 930 934 934 341 341 938 938 932 932 927 927 928 928 925 925 916 916 918 918 340 340 338 338 923 923 935 935 937 937 341 341 936 936 937 937 938 938 341 341 908 908 933 933 907 907 938 938 933 933 932 932 907 907 940 940 939 939 907 907 933 933 940 940 939 939 941 941 907 907 942 942 170 170 941 941 168 168 169 169 942 942 170 170 942 942 169 169 941 941 171 171 943 943 941 941 170 170 171 171 942 942 167 167 168 168 167 167 942 942 166 166 941 941 943 943 944 944 945 945 907 907 941 941 946 946 907 907 945 945 941 941 944 944 947 947 947 947 945 945 941 941 949 949 909 909 948 948 907 907 946 946 948 948 907 907 948 948 909 909 950 950 943 943 951 951 952 952 954 954 166 166 953 953 950 950 955 955 951 951 955 955 950 950 953 953 955 955 954 954 956 956 957 957 952 952 953 953 952 952 957 957 953 953 954 954 952 952 952 952 166 166 942 942 944 944 943 943 950 950 956 956 958 958 959 959 936 936 338 338 935 935 960 960 929 929 961 961 963 963 962 962 967 967 962 962 961 961 967 967 929 929 909 909 961 961 964 964 909 909 949 949 965 965 909 909 964 964 961 961 965 965 969 969 966 966 969 969 965 965 969 969 967 967 961 961 968 968 1210 1210 966 966 904 904 969 969 966 966 909 909 965 965 961 961 904 904 898 898 969 969 904 904 966 966 1210 1210 172 172 899 899 173 173 970 970 903 903 1210 1210 173 173 903 903 970 970 177 177 896 896 899 899 173 173 899 899 903 903 899 899 174 174 177 177 174 174 899 899 172 172 1210 1210 968 968 970 970 970 970 968 968 971 971 973 973 972 972 979 979 896 896 974 974 975 975 177 177 974 974 896 896 971 971 968 968 973 973 976 976 896 896 975 975 973 973 968 968 972 972 977 977 978 978 979 979 977 977 980 980 978 978 979 979 972 972 977 977 829 829 980 980 977 977 976 976 981 981 896 896 829 829 896 896 981 981 981 981 980 980 829 829 829 829 977 977 892 892 982 982 892 892 977 977 959 959 958 958 983 983 956 956 959 959 957 957 984 984 983 983 985 985 985 985 986 986 984 984 987 987 984 984 986 986 892 892 321 321 988 988 982 982 321 321 892 892 992 992 988 988 910 910 910 910 988 988 321 321 891 891 892 892 988 988 992 992 989 989 988 988 187 187 891 891 988 988 191 191 187 187 988 988 186 186 891 891 187 187 191 191 988 988 990 990 990 990 988 988 989 989 190 190 891 891 186 186 878 878 190 190 991 991 891 891 190 190 878 878 994 994 992 992 910 910 910 910 993 993 994 994 995 995 993 993 910 910 878 878 996 996 870 870 991 991 996 996 878 878 995 995 870 870 997 997 996 996 997 997 870 870 870 870 995 995 871 871 871 871 995 995 910 910 983 983 958 958 985 985 142 142 143 143 998 998 986 986 143 143 987 987 998 998 141 141 142 142 141 141 998 998 140 140 999 999 984 984 987 987 1005 1005 999 999 1000 1000 984 984 999 999 1005 1005 1001 1001 1002 1002 139 139 139 139 140 140 1001 1001 1005 1005 1002 1002 1001 1001 1003 1003 344 344 360 360 140 140 998 998 1001 1001 1000 1000 1002 1002 1005 1005 1001 1001 1004 1004 1007 1007 1006 1006 1005 1005 1001 1001 1001 1001 1007 1007 1006 1006 1010 1010 1007 1007 1004 1004 1008 1008 1009 1009 1010 1010 1009 1009 1007 1007 1010 1010 1010 1010 911 911 1008 1008 1011 1011 1013 1013 1004 1004 1012 1012 1003 1003 360 360 1013 1013 1011 1011 1012 1012 1013 1013 1012 1012 360 360 1004 1004 1013 1013 1014 1014 1014 1014 1010 1010 1004 1004 1015 1015 911 911 1010 1010 1016 1016 344 344 1003 1003 1017 1017 1018 1018 347 347 1019 1019 347 347 1018 1018 349 349 347 347 1019 1019 1017 1017 345 345 344 344 347 347 345 345 1017 1017 1017 1017 344 344 1016 1016 349 349 1020 1020 350 350 1019 1019 1020 1020 349 349 1021 1021 350 350 1020 1020 1022 1022 350 350 1021 1021 354 354 350 350 1022 1022 356 356 354 354 1023 1023 354 354 1022 1022 1023 1023 1029 1029 1024 1024 1025 1025 1029 1029 1025 1025 357 357 1026 1026 911 911 1015 1015 1027 1027 912 912 1028 1028 912 912 1027 1027 1024 1024 1024 1024 1029 1029 912 912 1029 1029 1030 1030 1031 1031 290 290 10 10 291 291 9 9 290 290 293 293 1029 1029 357 357 356 356 356 356 1023 1023 1029 1029 1026 1026 1028 1028 912 912 1032 1032 14 14 1030 1030 321 321 320 320 910 910 911 911 314 314 313 313 911 911 315 315 314 314 911 911 317 317 315 315 911 911 320 320 317 317 911 911 910 910 320 320 911 911 313 313 323 323 911 911 323 323 1008 1008 911 911 871 871 910 910 1033 1033 1034 1034 1035 1035 1035 1035 912 912 1036 1036 912 912 1031 1031 1036 1036 1031 1031 912 912 1029 1029 912 912 1037 1037 911 911 1038 1038 912 912 1039 1039 912 912 1035 1035 1039 1039 911 911 1026 1026 912 912 1040 1040 912 912 1038 1038 911 911 1041 1041 871 871 1041 1041 911 911 1215 1215 1042 1042 911 911 1043 1043 867 867 1215 1215 911 911 1042 1042 867 867 911 911 912 912 1044 1044 1037 1037 912 912 1045 1045 1044 1044 911 911 1047 1047 1046 1046 1048 1048 1047 1047 911 911 1048 1048 911 911 1037 1037 911 911 1046 1046 1043 1043 1045 1045 912 912 1040 1040 1032 1032 291 291 12 12 12 12 291 291 10 10 10 10 290 290 9 9 1031 1031 1030 1030 16 16 293 293 7 7 9 9 14 14 1032 1032 12 12 7 7 293 293 295 295 16 16 1030 1030 14 14 297 297 4 4 7 7 295 295 297 297 7 7 297 297 299 299 4 4 301 301 4 4 299 299 2 2 4 4 301 301 304 304 2 2 305 305 309 309 0 0 2 2 2 2 301 301 305 305 304 304 309 309 2 2 1034 1034 1049 1049 1052 1052 1033 1033 1049 1049 1034 1034 1052 1052 1049 1049 1051 1051 1050 1050 1052 1052 1051 1051 1051 1051 1054 1054 1050 1050 1053 1053 1054 1054 1051 1051 1036 1036 1033 1033 1035 1035 308 308 1056 1056 1 1 308 308 1 1 0 0 308 308 1055 1055 1056 1056 1057 1057 1058 1058 1054 1054 1053 1053 1057 1057 1054 1054 1058 1058 1057 1057 1056 1056 1058 1058 1056 1056 1055 1055 0 0 309 309 308 308 143 143 986 986 998 998 1059 1059 1063 1063 1061 1061 1061 1061 1063 1063 1062 1062 1062 1062 1063 1063 1064 1064 278 278 1068 1068 1069 1069 1070 1070 275 275 1069 1069 1071 1071 277 277 1076 1076 278 278 1071 1071 1068 1068 1071 1071 278 278 277 277 275 275 278 278 1069 1069 275 275 1070 1070 273 273 1072 1072 273 273 1070 1070 273 273 1072 1072 1073 1073 271 271 1073 1073 1074 1074 1073 1073 271 271 273 273 271 271 1075 1075 269 269 1074 1074 1075 1075 271 271 280 280 1076 1076 277 277 282 282 1076 1076 280 280 1077 1077 282 282 285 285 282 282 1077 1077 1076 1076 285 285 1078 1078 1077 1077 1078 1078 1060 1060 1077 1077 1079 1079 1063 1063 1080 1080 1081 1081 1060 1060 1078 1078 1082 1082 1060 1060 1083 1083 1063 1063 1082 1082 1080 1080 1081 1081 1083 1083 1060 1060 1087 1087 1085 1085 1084 1084 1084 1084 1085 1085 89 89 1075 1075 1088 1088 269 269 84 84 1089 1089 1084 1084 89 89 84 84 1084 1084 1098 1098 1093 1093 1084 1084 1084 1084 1086 1086 1087 1087 1090 1090 1086 1086 88 88 1091 1091 88 88 1086 1086 1086 1086 1090 1090 1087 1087 1092 1092 85 85 86 86 1091 1091 87 87 88 88 87 87 1092 1092 86 86 1091 1091 1092 1092 87 87 85 85 1089 1089 84 84 1097 1097 1096 1096 1093 1093 1095 1095 1088 1088 1094 1094 1095 1095 286 286 1088 1088 1095 1095 1096 1096 1097 1097 1094 1094 1096 1096 1095 1095 1097 1097 1093 1093 1079 1079 1088 1088 286 286 269 269 1089 1089 1098 1098 1084 1084 1099 1099 1079 1079 1100 1100 1100 1100 1079 1079 1098 1098 1079 1079 1093 1093 1098 1098 1089 1089 85 85 1092 1092 1101 1101 1092 1092 1091 1091 1063 1063 1099 1099 248 248 374 374 380 380 376 376 370 370 1102 1102 372 372 1102 1102 374 374 372 372 368 368 1103 1103 370 370 377 377 376 376 380 380 380 380 374 374 1102 1102 1102 1102 370 370 1103 1103 1103 1103 368 368 1104 1104 1104 1104 368 368 366 366 362 362 1104 1104 363 363 1104 1104 366 366 363 363 362 362 1108 1108 1104 1104 361 361 1106 1106 1105 1105 1108 1108 362 362 361 361 1106 1106 1060 1060 1105 1105 1106 1106 1077 1077 1060 1060 1107 1107 1108 1108 361 361 1107 1107 361 361 1105 1105 1110 1110 1109 1109 1060 1060 1110 1110 1060 1060 1059 1059 1105 1105 1060 1060 1109 1109 1112 1112 1059 1059 1113 1113 1114 1114 1113 1113 1059 1059 1059 1059 1112 1112 1111 1111 1115 1115 1114 1114 1059 1059 1116 1116 1115 1115 1059 1059 1063 1063 248 248 241 241 1063 1063 241 241 243 243 1063 1063 1060 1060 1082 1082 1062 1062 1117 1117 1061 1061 1061 1061 1118 1118 1059 1059 245 245 1063 1063 243 243 1063 1063 245 245 1064 1064 245 245 247 247 1064 1064 1064 1064 853 853 1062 1062 1119 1119 856 856 853 853 1064 1064 1119 1119 853 853 1064 1064 1120 1120 1119 1119 1121 1121 856 856 1119 1119 1120 1120 1064 1064 1180 1180 1124 1124 839 839 1123 1123 839 839 1124 1124 1125 1125 1126 1126 1124 1124 1123 1123 840 840 839 839 1125 1125 1118 1118 1122 1122 1059 1059 1117 1117 1126 1126 1061 1061 1127 1127 1117 1117 1062 1062 843 843 1127 1127 1062 1062 1223 1223 843 843 1062 1062 1268 1268 1127 1127 843 843 1061 1061 1126 1126 1123 1123 843 843 844 844 1268 1268 853 853 1223 1223 1062 1062 1116 1116 1059 1059 1122 1122 1099 1099 1063 1063 1079 1079 1064 1064 247 247 1128 1128 1131 1131 1130 1130 1129 1129 1132 1132 1131 1131 1129 1129 116 116 1131 1131 1132 1132 1129 1129 1130 1130 1133 1133 1132 1132 115 115 116 116 1141 1141 115 115 1132 1132 111 111 1129 1129 1133 1133 1134 1134 266 266 1136 1136 1135 1135 266 266 1134 1134 1066 1066 1138 1138 1137 1137 1138 1138 1066 1066 1132 1132 1065 1065 1066 1066 1139 1139 1066 1066 1137 1137 1139 1139 1136 1136 1065 1065 1139 1139 1140 1140 111 111 112 112 114 114 1141 1141 113 113 1142 1142 1143 1143 1144 1144 1143 1143 1140 1140 1144 1144 113 113 1208 1208 112 112 112 112 1208 1208 1140 1140 113 113 1141 1141 1208 1208 1140 1140 1208 1208 1144 1144 1141 1141 114 114 115 115 1129 1129 111 111 1140 1140 1146 1146 1141 1141 1132 1132 1147 1147 1145 1145 1066 1066 1148 1148 1067 1067 1187 1187 1148 1148 1147 1147 1066 1066 1066 1066 1067 1067 1148 1148 1145 1145 1146 1146 1132 1132 1132 1132 1066 1066 1145 1145 1150 1150 260 260 1149 1149 1151 1151 253 253 1150 1150 1152 1152 1153 1153 263 263 263 263 1153 1153 1149 1149 253 253 258 258 1150 1150 258 258 260 260 1150 1150 1154 1154 254 254 1151 1151 251 251 1154 1154 1155 1155 252 252 251 251 1155 1155 254 254 1154 1154 251 251 1155 1155 1156 1156 252 252 1157 1157 1156 1156 1158 1158 1159 1159 1157 1157 1158 1158 253 253 1151 1151 254 254 1152 1152 263 263 262 262 260 260 263 263 1149 1149 1136 1136 266 266 1160 1160 1065 1065 1161 1161 1162 1162 1065 1065 1160 1160 1161 1161 1065 1065 1163 1163 1164 1164 1162 1162 1163 1163 1065 1065 1136 1136 1160 1160 1065 1065 1165 1165 1065 1065 1164 1164 266 266 1135 1135 262 262 1156 1156 1157 1157 252 252 1159 1159 1166 1166 1157 1157 1168 1168 1166 1166 1167 1167 1165 1165 1067 1067 1065 1065 1164 1164 1168 1168 1165 1165 1166 1166 1168 1168 1164 1164 1167 1167 1166 1166 1159 1159 1152 1152 262 262 1135 1135 1144 1144 1101 1101 1169 1169 1142 1142 1144 1144 1169 1169 880 880 1128 1128 1170 1170 247 247 1170 1170 1128 1128 1171 1171 1172 1172 880 880 1170 1170 1171 1171 880 880 1128 1128 1173 1173 1064 1064 1171 1171 1174 1174 1172 1172 1174 1174 1171 1171 1176 1176 880 880 1177 1177 881 881 1178 1178 881 881 1179 1179 1177 1177 1179 1179 881 881 1177 1177 880 880 1172 1172 1171 1171 1175 1175 1176 1176 1180 1180 1064 1064 1173 1173 856 856 1181 1181 1182 1182 1182 1182 196 196 856 856 1121 1121 1181 1181 856 856 1183 1183 1184 1184 1128 1128 199 199 1183 1183 1128 1128 1128 1128 879 879 199 199 1184 1184 1173 1173 1128 1128 879 879 196 196 195 195 195 195 199 199 879 879 856 856 196 196 879 879 1128 1128 880 880 879 879 1169 1169 1101 1101 1091 1091 1067 1067 1186 1186 1187 1187 1185 1185 1186 1186 1067 1067 1190 1190 1185 1185 1067 1067 1188 1188 1189 1189 1190 1190 1189 1189 1222 1222 1191 1191 1190 1190 1194 1194 1188 1188 1192 1192 1195 1195 1188 1188 1188 1188 1193 1193 1189 1189 1067 1067 1194 1194 1190 1190 1199 1199 1195 1195 1205 1205 1195 1195 1192 1192 1205 1205 1188 1188 1194 1194 1192 1192 1197 1197 1176 1176 1175 1175 1196 1196 1197 1197 1191 1191 1198 1198 1196 1196 1191 1191 881 881 1178 1178 183 183 884 884 183 183 182 182 185 185 1198 1198 1216 1216 888 888 885 885 1193 1193 183 183 884 884 881 881 185 185 884 884 182 182 185 185 1216 1216 884 884 1216 1216 1198 1198 1222 1222 1191 1191 1222 1222 1198 1198 1189 1189 885 885 1222 1222 1189 1189 1193 1193 885 885 1197 1197 1175 1175 1191 1191 806 806 960 960 961 961 963 963 809 809 808 808 962 962 963 963 808 808 715 715 1035 1035 714 714 658 658 1038 1038 715 715 716 716 1040 1040 658 658 717 717 1045 1045 716 716 722 722 1037 1037 718 718 721 721 1037 1037 722 722 719 719 1046 1046 723 723 723 723 1048 1048 721 721 1046 1046 719 719 720 720 1044 1044 718 718 1037 1037 720 720 1043 1043 1046 1046 707 707 1052 1052 708 708 714 714 1034 1034 707 707 711 711 1058 1058 703 703 705 705 1054 1054 711 711 1050 1050 708 708 1052 1052 381 381 1103 1103 543 543 1104 1104 543 543 1103 1103 542 542 1104 1104 541 541 698 698 288 288 291 291 699 699 1032 1032 1030 1030 698 698 291 291 1032 1032 699 699 1030 1030 1029 1029 699 699 1029 1029 674 674 674 674 1023 1023 667 667 669 669 1017 1017 670 670 666 666 1018 1018 669 669 670 670 1017 1017 671 671 1003 1003 1200 1200 1016 1016 1016 1016 1200 1200 671 671 665 665 1019 1019 666 666 668 668 1021 1021 664 664 664 664 1020 1020 665 665 667 667 1022 1022 668 668 667 667 1023 1023 1022 1022 672 672 1011 1011 690 690 1200 1200 1012 1012 672 672 690 690 1004 1004 688 688 688 688 1004 1004 1201 1201 1201 1201 1004 1004 1001 1001 1201 1201 998 998 986 986 1201 1201 986 986 985 985 1201 1201 1001 1001 998 998 688 688 1201 1201 681 681 682 682 681 681 1201 1201 1201 1201 774 774 682 682 1201 1201 775 775 774 774 742 742 775 775 1201 1201 958 958 1201 1201 985 985 742 742 958 958 956 956 942 942 728 728 739 739 956 956 739 739 742 742 734 734 941 941 939 939 1201 1201 958 958 742 742 734 734 939 939 730 730 730 730 940 940 729 729 729 729 933 933 733 733 731 731 938 938 737 737 733 733 933 933 731 731 1168 1168 402 402 405 405 1168 1168 405 405 1165 1165 1159 1159 403 403 1167 1167 1159 1159 392 392 403 403 1155 1155 390 390 1156 1156 1158 1158 394 394 392 392 1154 1154 391 391 1155 1155 1165 1165 405 405 406 406 1167 1167 403 403 402 402 391 391 1154 1154 1151 1151 1151 1151 395 395 391 391 1150 1150 396 396 395 395 1149 1149 397 397 396 396 1153 1153 398 398 397 397 1135 1135 399 399 1152 1152 1135 1135 407 407 400 400 1136 1136 414 414 1134 1134 414 414 407 407 1134 1134 399 399 398 398 1152 1152 960 960 772 772 929 929 673 673 1027 1027 677 677 677 677 1028 1028 680 680 680 680 1028 1028 679 679 679 679 1026 1026 678 678 678 678 1015 1015 675 675 676 676 1013 1013 689 689 675 675 1010 1010 676 676 673 673 358 358 1025 1025 689 689 1013 1013 359 359 359 359 1013 1013 360 360 736 736 934 934 732 732 662 662 931 931 766 766 766 766 927 927 769 769 732 732 930 930 662 662 767 767 916 916 762 762 762 762 916 916 325 325 769 769 925 925 767 767 932 932 339 339 341 341 916 916 340 340 325 325 339 339 932 932 736 736 693 693 1006 1006 696 696 696 696 1007 1007 691 691 692 692 1008 1008 311 311 691 691 1008 1008 692 692 1008 1008 323 323 311 311 1202 1202 1005 1005 693 693 1203 1203 950 950 953 953 1203 1203 957 957 959 959 1203 1203 953 953 957 957 738 738 745 745 1203 1203 1203 1203 741 741 738 738 1203 1203 776 776 741 741 1202 1202 776 776 1203 1203 983 983 1203 1203 959 959 1202 1202 983 983 984 984 1202 1202 984 984 1005 1005 1202 1202 686 686 773 773 693 693 683 683 1202 1202 686 686 1202 1202 683 683 773 773 776 776 1202 1202 983 983 1202 1202 1203 1203 1204 1204 805 805 800 800 805 805 965 965 797 797 797 797 964 964 799 799 799 799 949 949 798 798 798 798 948 948 751 751 751 751 946 946 750 750 747 747 944 944 745 745 749 749 947 947 747 747 750 750 945 945 749 749 805 805 1204 1204 965 965 745 745 944 944 1203 1203 1203 1203 944 944 950 950 966 966 965 965 1204 1204 322 322 321 321 982 982 779 779 318 318 322 322 322 322 777 777 779 779 322 322 778 778 777 777 782 782 778 778 322 322 1204 1204 322 322 982 982 1204 1204 977 977 972 972 1204 1204 968 968 966 966 1204 1204 972 972 968 968 1204 1204 784 784 782 782 800 800 803 803 1204 1204 784 784 1204 1204 803 803 782 782 322 322 1204 1204 977 977 1204 1204 982 982 1194 1194 431 431 434 434 444 444 1205 1205 438 438 444 444 1199 1199 1205 1205 534 534 841 841 635 635 848 848 817 817 651 651 848 848 651 651 635 635 867 867 655 655 654 654 654 654 817 817 867 867 817 817 654 654 651 651 727 727 655 655 867 867 534 534 524 524 839 839 839 839 524 524 1123 1123 841 841 848 848 635 635 1042 1042 727 727 867 867 839 839 841 841 534 534 1110 1110 555 555 540 540 1059 1059 554 554 555 555 1112 1112 548 548 554 554 1112 1112 547 547 548 548 545 545 1113 1113 1114 1114 1115 1115 544 544 546 546 1114 1114 546 546 545 545 1116 1116 549 549 544 544 1122 1122 550 550 549 549 1118 1118 532 532 550 550 1118 1118 550 550 1122 1122 1109 1109 552 552 1105 1105 1110 1110 551 551 1109 1109 1108 1108 541 541 1104 1104 1105 1105 553 553 1107 1107 308 308 307 307 701 701 308 308 701 701 1055 1055 703 703 1055 1055 701 701 1106 1106 538 538 539 539 365 365 538 538 361 361 515 515 1106 1106 539 539 1106 1106 515 515 1077 1077 1077 1077 509 509 1076 1076 501 501 1075 1075 1074 1074 502 502 1074 1074 1073 1073 1072 1072 503 503 1073 1073 1072 1072 504 504 503 503 502 502 501 501 1074 1074 1068 1068 508 508 507 507 1071 1071 1076 1076 509 509 1068 1068 507 507 506 506 509 509 508 508 1071 1071 1069 1069 506 506 505 505 1070 1070 1069 1069 505 505 1088 1088 501 501 496 496 1094 1094 496 496 499 499 1093 1093 494 494 1206 1206 1096 1096 499 499 494 494 1206 1206 494 494 489 489 1206 1206 484 484 466 466 1206 1206 466 466 464 464 1206 1206 489 489 484 484 1093 1093 1206 1206 1084 1084 1086 1086 1084 1084 1206 1206 1206 1206 1091 1091 1086 1086 1206 1206 1169 1169 1091 1091 1142 1142 1169 1169 1206 1206 463 463 1206 1206 464 464 427 427 1143 1143 463 463 418 418 1129 1129 420 420 416 416 1132 1132 418 418 420 420 1140 1140 427 427 463 463 1143 1143 1142 1142 1206 1206 463 463 1142 1142 1138 1138 415 415 1137 1137 1139 1139 410 410 1136 1136 1137 1137 413 413 1139 1139 771 771 929 929 772 772 770 770 924 924 768 768 763 763 926 926 770 770 768 768 928 928 771 771 761 761 915 915 763 763 760 760 917 917 761 761 759 759 918 918 760 760 758 758 913 913 759 759 753 753 919 919 758 758 752 752 921 921 754 754 757 757 922 922 752 752 754 754 920 920 753 753 756 756 923 923 757 757 935 935 756 756 755 755 764 764 936 936 765 765 737 737 938 938 764 764 765 765 936 936 755 755 1078 1078 517 517 1081 1081 1081 1081 513 513 1083 1083 1083 1083 514 514 1082 1082 1082 1082 511 511 1080 1080 1080 1080 510 510 1079 1079 1097 1097 500 500 1095 1095 1079 1079 510 510 1097 1097 1078 1078 285 285 516 516 1095 1095 500 500 286 286 286 286 500 500 287 287 1160 1160 412 412 1161 1161 1162 1162 408 408 1163 1163 1163 1163 404 404 1164 1164 1161 1161 409 409 1162 1162 1166 1166 393 393 1157 1157 1157 1157 393 393 252 252 1164 1164 401 401 1166 1166 411 411 266 266 268 268 393 393 267 267 252 252 266 266 411 411 1160 1160 1089 1089 497 497 1098 1098 1098 1098 495 495 1100 1100 1100 1100 523 523 1099 1099 493 493 1089 1089 1207 1207 1099 1099 522 522 248 248 248 248 522 522 249 249 1208 1208 426 426 429 429 1208 1208 429 429 465 465 465 465 1144 1144 1208 1208 467 467 1144 1144 465 465 1207 1207 487 487 493 493 1207 1207 467 467 487 487 1089 1089 1092 1092 1207 1207 1101 1101 1207 1207 1092 1092 1101 1101 467 467 1207 1207 1190 1190 441 441 1185 1185 1186 1186 432 432 1187 1187 1187 1187 439 439 1148 1148 1185 1185 432 432 1186 1186 1147 1147 417 417 1145 1145 1146 1146 426 426 1141 1141 426 426 1208 1208 1141 1141 1145 1145 425 425 1146 1146 1148 1148 440 440 1147 1147 1209 1209 1190 1190 1189 1189 433 433 1209 1209 442 442 1190 1190 1209 1209 433 433 247 247 250 250 472 472 470 470 1170 1170 471 471 247 247 472 472 471 471 471 471 1170 1170 247 247 1170 1170 457 457 1171 1171 455 455 1171 1171 457 457 1209 1209 443 443 442 442 1209 1209 455 455 443 443 1189 1189 1191 1191 1209 1209 1175 1175 1209 1209 1191 1191 1175 1175 455 455 1209 1209 861 861 595 595 823 823 823 823 595 595 594 594 861 861 596 596 595 595 882 882 593 593 232 232 882 882 594 594 593 593 596 596 240 240 239 239 593 593 567 567 232 232 240 240 596 596 857 857 894 894 616 616 895 895 895 895 616 616 615 615 894 894 611 611 616 616 893 893 615 615 612 612 893 893 612 612 223 223 611 611 230 230 229 229 612 612 231 231 223 223 230 230 611 611 872 872 883 883 591 591 833 833 889 889 590 590 588 588 889 889 213 213 209 209 889 889 588 588 213 213 222 222 558 558 218 218 897 897 608 608 900 900 901 901 601 601 200 200 901 901 602 602 601 601 610 610 207 207 206 206 601 601 208 208 200 200 1180 1180 479 479 480 480 479 479 1180 1180 1173 1173 479 479 1184 1184 473 473 473 473 1183 1183 474 474 474 474 1183 1183 198 198 1183 1183 199 199 198 198 197 197 196 196 1182 1182 478 478 197 197 1182 1182 483 483 1121 1121 482 482 478 478 1181 1181 483 483 482 482 1119 1119 520 520 519 519 1180 1180 480 480 520 520 1120 1120 519 519 991 991 793 793 996 996 997 997 789 789 995 995 996 996 792 792 997 997 993 993 791 791 994 994 995 995 790 790 993 993 991 991 189 189 794 794 991 991 190 190 189 189 992 992 780 780 989 989 989 989 796 796 990 990 192 192 191 191 796 796 796 796 191 191 990 990 992 992 791 791 795 795 992 992 994 994 791 791 456 456 1176 1176 1197 1197 456 456 1196 1196 451 451 451 451 1198 1198 448 448 185 185 180 180 1198 1198 1198 1198 180 180 448 448 454 454 183 183 1178 1178 454 454 184 184 183 183 461 461 1177 1177 460 460 454 454 1179 1179 461 461 460 460 1172 1172 468 468 469 469 1176 1176 458 458 468 468 1174 1174 469 469 976 976 786 786 981 981 975 975 787 787 976 976 981 981 781 781 980 980 978 978 783 783 979 979 980 980 785 785 978 978 788 788 975 975 974 974 974 974 177 177 788 788 177 177 176 176 788 788 973 973 812 812 971 971 971 971 811 811 970 970 970 970 811 811 173 173 811 811 178 178 173 173 973 973 783 783 810 810 973 973 979 979 783 783 1210 1210 1211 1211 813 813 903 903 1211 1211 1210 1210 605 605 906 906 1210 1210 1212 1212 905 905 906 906 837 837 905 905 1212 1212 906 906 600 600 1212 1212 902 902 609 609 903 903 1212 1212 599 599 837 837 902 902 607 607 609 609 607 607 1213 1213 599 599 606 606 605 605 1210 1210 606 606 1210 1210 813 813 1211 1211 609 609 814 814 903 903 609 609 1211 1211 1215 1215 725 725 1041 1041 1215 1215 724 724 725 725 876 876 642 642 644 644 877 877 642 642 876 876 876 876 644 644 874 874 874 874 644 644 636 636 875 875 636 636 647 647 874 874 636 636 875 875 641 641 877 877 1041 1041 875 875 647 647 1215 1215 641 641 725 725 643 643 725 725 641 641 1041 1041 647 647 646 646 724 724 1215 1215 647 647 724 724 1216 1216 450 450 449 449 450 450 1216 1216 1222 1222 1217 1217 1218 1218 1216 1216 1218 1218 587 587 1219 1219 1220 1220 1221 1221 886 886 887 887 587 587 586 586 585 585 1218 1218 1217 1217 1221 1221 582 582 886 886 886 886 582 582 1222 1222 449 449 453 453 1216 1216 1216 1216 453 453 1217 1217 1222 1222 446 446 450 450 1222 1222 582 582 446 446 1223 1223 518 518 525 525 854 854 621 621 620 620 853 853 854 854 620 620 855 855 621 621 854 854 1223 1223 628 628 845 845 526 526 628 628 1223 1223 1223 1223 525 525 526 526 620 620 521 521 853 853 853 853 521 521 518 518 951 951 1225 1225 955 955 943 943 1227 1227 951 951 954 954 1226 1226 166 166 955 955 1231 1231 954 954 1226 1226 160 160 166 166 171 171 165 165 943 943 1224 1224 165 165 1228 1228 1228 1228 1227 1227 1224 1224 158 158 1228 1228 165 165 1231 1231 1232 1232 1226 1226 144 144 160 160 1226 1226 1229 1229 1233 1233 1231 1231 1235 1235 1234 1234 1228 1228 1234 1234 1230 1230 1227 1227 1230 1230 1229 1229 1225 1225 1232 1232 144 144 1226 1226 1228 1228 158 158 1235 1235 158 158 735 735 1235 1235 1234 1234 746 746 1230 1230 1235 1235 748 748 1234 1234 1230 1230 744 744 1229 1229 1229 1229 743 743 1233 1233 1233 1233 740 740 1232 1232 1232 1232 145 145 144 144 987 987 1236 1236 999 999 999 999 1237 1237 1000 1000 1000 1000 1238 1238 1002 1002 137 137 987 987 143 143 1236 1236 137 137 1245 1245 1245 1245 137 137 130 130 1246 1246 1236 1236 1245 1245 1245 1245 1239 1239 1246 1246 1246 1246 1240 1240 1237 1237 1240 1240 1242 1242 1237 1237 1241 1241 1244 1244 1243 1243 1238 1238 1243 1243 134 134 130 130 685 685 1245 1245 1245 1245 687 687 1239 1239 1239 1239 684 684 1246 1246 1246 1246 684 684 1240 1240 1240 1240 695 695 1242 1242 1242 1242 697 697 1244 1244 1244 1244 694 694 1243 1243 1243 1243 117 117 134 134 116 116 1247 1247 1131 1131 1131 1131 1248 1248 1130 1130 1133 1133 1250 1250 111 111 1130 1130 1249 1249 1133 1133 1247 1247 116 116 109 109 1250 1250 106 106 111 111 109 109 105 105 1247 1247 1255 1255 106 106 1250 1250 105 105 1251 1251 1247 1247 1247 1247 1251 1251 1252 1252 1248 1248 1253 1253 1254 1254 1249 1249 1254 1254 1256 1256 106 106 1255 1255 90 90 1249 1249 1256 1256 1255 1255 105 105 419 419 1251 1251 1251 1251 419 419 1252 1252 1252 1252 421 421 1253 1253 1253 1253 423 423 1254 1254 1254 1254 424 424 1256 1256 1256 1256 428 428 1255 1255 1255 1255 92 92 90 90 88 88 1257 1257 1090 1090 1090 1090 1258 1258 1087 1087 1087 1087 1259 1259 1085 1085 1085 1085 1259 1259 89 89 89 89 1259 1259 77 77 1261 1261 82 82 76 76 1259 1259 1266 1266 77 77 1258 1258 1267 1267 1259 1259 82 82 1261 1261 1260 1260 1257 1257 1262 1262 1263 1263 1257 1257 1260 1260 1262 1262 1259 1259 1264 1264 1266 1266 76 76 485 485 1261 1261 1261 1261 486 486 1260 1260 1260 1260 486 486 1262 1262 1262 1262 488 488 1263 1263 1263 1263 490 490 1265 1265 1265 1265 492 492 1267 1267 1267 1267 491 491 1264 1264 1264 1264 63 63 1266 1266 858 858 624 624 576 576 847 847 626 626 625 625 847 847 625 625 859 859 858 858 626 626 847 847 859 859 572 572 860 860 860 860 572 572 52 52 859 859 625 625 572 572 624 624 61 61 60 60 572 572 62 62 52 52 868 868 640 640 869 869 873 873 639 639 43 43 653 653 50 50 49 49 639 639 51 51 43 43 840 840 630 630 627 627 844 844 840 840 627 627 535 535 630 630 840 840 1125 1125 537 537 535 535 840 840 1125 1125 535 535 529 529 528 528 1268 1268 627 627 529 529 844 844 1268 1268 844 844 529 529 1126 1126 536 536 1124 1124 1124 1124 537 537 1125 1125 530 530 1126 1126 1117 1117 1268 1268 527 527 1127 1127 1127 1127 530 530 1117 1117 1270 1270 631 631 1269 1269 842 842 1269 1269 41 41 1269 1269 850 850 1270 1270 41 41 1269 1269 631 631 633 633 632 632 851 851 1270 1270 852 852 632 632 852 852 851 851 632 632 1271 1271 851 851 849 849 1271 1271 849 849 634 634 634 634 849 849 42 42 32 32 634 634 42 42 1273 1273 648 648 1272 1272 28 28 1272 1272 29 29 1272 1272 863 863 1273 1273 29 29 1272 1272 648 648 650 650 649 649 865 865 1273 1273 862 862 649 649 863 863 862 862 1273 1273 862 862 865 865 649 649 1274 1274 865 865 864 864 1274 1274 864 864 652 652 652 652 864 864 30 30 20 20 652 652 30 30 863 863 1272 1272 28 28 1031 1031 712 712 1036 1036 1033 1033 709 709 1049 1049 1049 1049 706 706 1051 1051 1036 1036 709 709 1033 1033 1053 1053 704 704 1057 1057 1056 1056 700 700 1 1 1057 1057 702 702 1056 1056 1051 1051 710 710 1053 1053 713 713 16 16 17 17 700 700 18 18 1 1 1031 1031 16 16 713 713 1192 1192 1194 1194 437 437 437 437 1194 1194 434 434 1205 1205 437 437 438 438 1205 1205 1192 1192 437 437 1123 1123 533 533 1061 1061 1061 1061 532 532 1118 1118 804 804 961 961 962 962 804 804 806 806 961 961 808 808 804 804 962 962 726 726 1042 1042 1043 1043 898 898 597 597 604 604 898 898 604 604 802 802 589 589 597 597 898 898 583 583 888 888 447 447 890 890 583 583 589 589 589 589 898 898 890 890 802 802 969 969 898 898 583 583 890 890 888 888 888 888 1193 1193 445 445 447 447 888 888 445 445 969 969 807 807 967 967 967 967 809 809 963 963 435 435 1195 1195 436 436 445 445 1188 1188 435 435 436 436 1199 1199 444 444 2 2 3 3 5 5 0 0 18 18 3 3 4 4 5 5 6 6 7 7 6 6 8 8 9 9 8 8 11 11 10 10 11 11 13 13 12 12 13 13 15 15 14 14 15 15 17 17 19 19 30 30 22 22 24 24 21 21 23 23 27 27 25 25 26 26 24 24 23 23 26 26 31 31 42 42 34 34 36 36 33 33 35 35 39 39 37 37 38 38 36 36 35 35 38 38 44 44 43 43 51 51 47 47 822 822 46 46 48 48 581 581 49 49 48 48 47 47 46 46 54 54 55 55 56 56 54 54 52 52 62 62 53 53 56 56 58 58 57 57 58 58 60 60 1266 1266 63 63 65 65 66 66 67 67 70 70 64 64 65 65 67 67 69 69 70 70 72 72 76 76 75 75 485 485 73 73 74 74 75 75 71 71 72 72 74 74 78 78 68 68 80 80 81 81 80 80 71 71 68 68 79 79 66 66 84 84 77 77 78 78 85 85 78 78 80 80 87 87 81 81 83 83 86 86 80 80 81 81 91 91 92 92 94 94 93 93 94 94 96 96 97 97 98 98 100 100 103 103 104 104 422 422 101 101 102 102 104 104 99 99 100 100 102 102 95 95 96 96 98 98 107 107 106 106 91 91 108 108 107 107 93 93 110 110 108 108 97 97 109 109 110 110 101 101 112 112 107 107 108 108 112 112 106 106 107 107 113 113 108 108 110 110 115 115 110 110 109 109 134 134 117 117 119 119 118 118 119 119 121 121 120 120 121 121 123 123 125 125 126 126 128 128 129 129 128 128 131 131 122 122 123 123 126 126 122 122 124 124 135 135 135 135 124 124 125 125 136 136 127 127 138 138 138 138 127 127 129 129 122 122 133 133 120 120 140 140 135 135 136 136 139 139 132 132 135 135 142 142 136 136 138 138 138 138 137 137 143 143 144 144 145 145 147 147 146 146 147 147 149 149 148 148 149 149 151 151 153 153 154 154 156 156 155 155 156 156 157 157 158 158 157 157 159 159 150 150 151 151 154 154 161 161 160 160 146 146 162 162 161 161 148 148 163 163 164 164 155 155 164 164 162 162 152 152 167 167 161 161 162 162 167 167 160 160 161 161 168 168 162 162 164 164 170 170 164 164 163 163 172 172 178 178 175 175 174 174 175 175 176 176 179 179 185 185 182 182 181 181 182 182 183 183 187 187 192 192 188 188 186 186 188 188 189 189 194 194 199 199 195 195 193 193 195 195 196 196 201 201 208 208 202 202 204 204 834 834 203 203 205 205 559 559 206 206 205 205 204 204 203 203 210 210 214 214 215 215 216 216 212 212 220 220 220 220 212 212 219 219 216 216 220 220 221 221 217 217 216 216 221 221 224 224 231 231 225 225 824 824 225 225 226 226 227 227 824 824 226 226 230 230 227 227 228 228 227 227 226 226 228 228 233 233 567 567 234 234 235 235 234 234 236 236 237 237 235 235 236 236 240 240 237 237 238 238 237 237 236 236 238 238 241 241 249 249 242 242 243 243 244 244 246 246 241 241 242 242 244 244 245 245 246 246 250 250 254 254 255 255 256 256 251 251 257 257 255 255 253 253 256 256 259 259 258 258 259 259 261 261 263 263 264 264 265 265 260 260 261 261 264 264 257 257 251 251 252 252 269 269 287 287 270 270 269 269 270 270 272 272 275 275 276 276 279 279 273 273 274 274 276 276 271 271 272 272 274 274 278 278 279 279 281 281 280 280 281 281 283 283 282 282 283 283 284 284 289 289 290 290 291 291 294 294 295 295 293 293 292 292 293 293 290 290 296 296 297 297 295 295 298 298 299 299 297 297 300 300 301 301 299 299 303 303 304 304 305 305 307 307 308 308 309 309 306 306 309 309 304 304 302 302 305 305 301 301 312 312 313 313 314 314 310 310 323 323 313 313 312 312 314 314 315 315 316 316 315 315 317 317 319 319 320 320 321 321 316 316 317 317 320 320 327 327 328 328 329 329 324 324 330 330 328 328 326 326 329 329 332 332 331 331 332 332 334 334 336 336 337 337 338 338 333 333 334 334 337 337 330 330 324 324 325 325 342 342 360 360 344 344 343 343 344 344 345 345 348 348 349 349 350 350 346 346 347 347 349 349 343 343 345 345 347 347 352 352 350 350 354 354 353 353 354 354 356 356 355 355 356 356 357 357 363 363 364 364 365 365 368 368 369 369 367 367 366 366 367 367 364 364 370 370 371 371 369 369 372 372 373 373 371 371 374 374 375 375 373 373 377 377 378 378 379 379 1102 1102 381 381 382 382 380 380 382 382 378 378 376 376 379 379 375 375 244 244 387 387 388 388 386 386 244 244 388 388 589 589 584 584 556 556 599 599 589 589 557 557 589 589 556 556 564 564 557 557 589 589 564 564 558 558 560 560 561 561 564 564 561 561 565 565 562 562 559 559 570 570 564 564 565 565 567 567 559 559 564 564 593 593 570 570 593 593 569 569 571 571 566 566 570 570 570 570 569 569 572 572 571 571 570 570 579 579 570 570 572 572 573 573 575 575 579 579 574 574 579 579 573 573 576 576 574 574 579 579 577 577 579 579 576 576 578 578 589 589 583 583 584 584 459 459 462 462 561 561 475 475 476 476 567 567 599 599 597 597 589 589 568 568 617 617 614 614 572 572 569 569 592 592 571 571 579 579 575 575 574 574 577 577 636 636 574 574 643 643 637 637 581 581 580 580 651 651 658 658 656 656 659 659 863 863 852 852 847 847 862 862 863 863 847 847 822 822 862 862 847 847 821 821 822 822 819 819 822 822 818 818 823 823 822 822 823 823 825 825 825 825 826 826 880 880 819 819 825 825 824 824 827 827 824 824 883 883 824 824 880 880 828 828 892 892 883 883 833 833 829 829 833 833 831 831 831 831 833 833 890 890 833 833 835 835 836 836 838 838 834 834 890 890 821 821 820 820 870 870 879 879 880 880 826 826 827 827 892 892 891 891 829 829 832 832 896 896 1059 1059 1060 1060 1063 1063 1067 1067 1066 1066 1065 1065 960 960 806 806 663 663 715 715 1039 1039 1035 1035 715 715 1038 1038 1039 1039 716 716 1045 1045 1040 1040 717 717 1044 1044 1045 1045 658 658 1040 1040 1038 1038 1044 1044 717 717 718 718 721 721 1048 1048 1037 1037 723 723 1046 1046 1047 1047 723 723 1047 1047 1048 1048 707 707 1034 1034 1052 1052 714 714 1035 1035 1034 1034 711 711 1054 1054 1058 1058 705 705 1050 1050 1054 1054 1050 1050 705 705 708 708 381 381 1102 1102 1103 1103 1104 1104 542 542 543 543 699 699 698 698 1032 1032 674 674 1029 1029 1023 1023 671 671 1017 1017 1016 1016 669 669 1018 1018 1017 1017 666 666 1019 1019 1018 1018 665 665 1020 1020 1019 1019 668 668 1022 1022 1021 1021 664 664 1021 1021 1020 1020 672 672 1012 1012 1011 1011 1200 1200 1003 1003 1012 1012 690 690 1011 1011 1004 1004 952 952 942 942 739 739 942 942 941 941 728 728 956 956 952 952 739 739 734 734 728 728 941 941 730 730 939 939 940 940 729 729 940 940 933 933 731 731 933 933 938 938 1168 1168 1167 1167 402 402 1159 1159 1158 1158 392 392 1156 1156 390 390 394 394 1155 1155 391 391 390 390 1158 1158 1156 1156 394 394 1151 1151 1150 1150 395 395 1150 1150 1149 1149 396 396 1149 1149 1153 1153 397 397 1153 1153 1152 1152 398 398 1135 1135 400 400 399 399 1135 1135 1134 1134 407 407 1136 1136 410 410 414 414 960 960 663 663 772 772 673 673 1024 1024 1027 1027 673 673 1025 1025 1024 1024 677 677 1027 1027 1028 1028 679 679 1028 1028 1026 1026 678 678 1026 1026 1015 1015 675 675 1015 1015 1010 1010 676 676 1010 1010 1014 1014 676 676 1014 1014 1013 1013 736 736 932 932 934 934 662 662 930 930 931 931 766 766 931 931 927 927 732 732 934 934 930 930 767 767 925 925 916 916 769 769 927 927 925 925 693 693 1005 1005 1006 1006 691 691 1007 1007 1009 1009 696 696 1006 1006 1007 1007 691 691 1009 1009 1008 1008 797 797 965 965 964 964 799 799 964 964 949 949 798 798 949 949 948 948 751 751 948 948 946 946 750 750 946 946 945 945 749 749 945 945 947 947 747 747 947 947 944 944 1194 1194 1067 1067 431 431 1110 1110 1059 1059 555 555 1059 1059 1111 1111 554 554 1112 1112 1113 1113 547 547 1111 1111 1112 1112 554 554 545 545 547 547 1113 1113 1114 1114 1115 1115 546 546 1116 1116 1122 1122 549 549 1115 1115 1116 1116 544 544 1109 1109 551 551 552 552 1110 1110 540 540 551 551 1108 1108 553 553 541 541 1105 1105 552 552 553 553 553 553 1108 1108 1107 1107 703 703 1058 1058 1055 1055 1106 1106 361 361 538 538 1077 1077 515 515 509 509 1070 1070 505 505 504 504 1072 1072 1070 1070 504 504 1073 1073 503 503 502 502 1069 1069 1068 1068 506 506 1068 1068 1071 1071 508 508 1088 1088 1075 1075 501 501 1094 1094 1088 1088 496 496 1096 1096 1094 1094 499 499 1093 1093 1096 1096 494 494 427 427 1140 1140 1143 1143 418 418 1132 1132 1129 1129 416 416 1138 1138 1132 1132 420 420 1129 1129 1140 1140 1138 1138 416 416 415 415 1139 1139 413 413 410 410 1137 1137 415 415 413 413 771 771 928 928 929 929 770 770 926 926 924 924 768 768 924 924 928 928 760 760 918 918 917 917 761 761 917 917 915 915 759 759 913 913 918 918 758 758 914 914 913 913 763 763 915 915 926 926 758 758 919 919 914 914 753 753 920 920 919 919 752 752 922 922 921 921 754 754 921 921 920 920 755 755 936 936 935 935 935 935 923 923 756 756 764 764 937 937 936 936 764 764 938 938 937 937 757 757 923 923 922 922 1067 1067 406 406 431 431 406 406 1067 1067 1165 1165 1078 1078 516 516 517 517 1081 1081 517 517 513 513 1083 1083 513 513 514 514 1082 1082 514 514 511 511 1080 1080 512 512 510 510 1080 1080 511 511 512 512 1097 1097 510 510 498 498 1097 1097 498 498 500 500 1160 1160 411 411 412 412 1162 1162 409 409 408 408 1163 1163 408 408 404 404 1161 1161 412 412 409 409 1166 1166 401 401 393 393 1164 1164 404 404 401 401 1089 1089 493 493 497 497 1098 1098 497 497 495 495 1100 1100 495 495 523 523 1099 1099 523 523 522 522 467 467 1101 1101 1144 1144 1190 1190 433 433 441 441 1148 1148 439 439 440 440 1187 1187 432 432 439 439 1185 1185 441 441 432 432 1147 1147 440 440 430 430 1147 1147 430 430 417 417 1146 1146 425 425 426 426 1145 1145 417 417 425 425 1170 1170 470 470 457 457 455 455 1175 1175 1171 1171 861 861 857 857 596 596 882 882 823 823 594 594 894 894 872 872 611 611 893 893 895 895 615 615 883 883 558 558 591 591 883 883 218 218 558 558 889 889 833 833 590 590 833 833 591 591 590 590 897 897 207 207 610 610 900 900 608 608 602 602 897 897 610 610 608 608 901 901 900 900 602 602 479 479 1173 1173 1184 1184 473 473 1184 1184 1183 1183 483 483 1181 1181 1121 1121 478 478 1182 1182 1181 1181 482 482 1121 1121 1119 1119 519 519 1120 1120 1180 1180 520 520 1119 1119 1120 1120 991 991 794 794 793 793 997 997 792 792 789 789 996 996 793 793 792 792 993 993 790 790 791 791 995 995 789 789 790 790 992 992 795 795 780 780 989 989 780 780 796 796 456 456 458 458 1176 1176 456 456 1197 1197 1196 1196 451 451 1196 1196 1198 1198 461 461 1179 1179 1177 1177 454 454 1178 1178 1179 1179 460 460 1177 1177 1172 1172 469 469 1174 1174 1176 1176 468 468 1172 1172 1174 1174 976 976 787 787 786 786 975 975 788 788 787 787 981 981 786 786 781 781 978 978 785 785 783 783 980 980 781 781 785 785 973 973 810 810 812 812 971 971 812 812 811 811 906 906 605 605 600 600 1212 1212 600 600 599 599 1213 1213 837 837 599 599 902 902 1214 1214 607 607 607 607 1214 1214 1213 1213 877 877 641 641 642 642 1218 1218 585 585 587 587 1220 1220 887 887 584 584 887 887 1219 1219 587 587 887 887 586 586 584 584 1220 1220 584 584 1221 1221 1223 1223 853 853 518 518 845 845 628 628 629 629 846 846 629 629 622 622 855 855 846 846 622 622 846 846 845 845 629 629 855 855 622 622 621 621 943 943 165 165 1224 1224 951 951 1227 1227 1225 1225 943 943 1224 1224 1227 1227 954 954 1231 1231 1226 1226 955 955 1225 1225 1231 1231 1225 1225 1227 1227 1230 1230 1231 1231 1225 1225 1229 1229 1231 1231 1233 1233 1232 1232 1227 1227 1228 1228 1234 1234 158 158 159 159 735 735 1235 1235 735 735 748 748 1234 1234 748 748 746 746 1229 1229 744 744 743 743 1233 1233 743 743 740 740 1232 1232 740 740 145 145 1230 1230 746 746 744 744 987 987 137 137 1236 1236 999 999 1236 1236 1237 1237 1000 1000 1241 1241 1238 1238 1000 1000 1237 1237 1241 1241 1236 1236 1246 1246 1237 1237 1237 1237 1242 1242 1241 1241 1238 1238 1241 1241 1243 1243 1241 1241 1242 1242 1244 1244 130 130 131 131 685 685 1245 1245 685 685 687 687 1239 1239 687 687 684 684 1242 1242 695 695 697 697 1243 1243 694 694 117 117 1244 1244 697 697 694 694 1240 1240 684 684 695 695 1130 1130 1248 1248 1249 1249 1131 1131 1247 1247 1248 1248 1133 1133 1249 1249 1250 1250 1248 1248 1247 1247 1252 1252 1248 1248 1252 1252 1253 1253 1249 1249 1248 1248 1254 1254 1250 1250 1249 1249 1255 1255 105 105 422 422 419 419 1252 1252 419 419 421 421 1253 1253 421 421 423 423 1254 1254 423 423 424 424 1256 1256 424 424 428 428 1255 1255 428 428 92 92 88 88 82 82 1257 1257 1090 1090 1257 1257 1258 1258 1087 1087 1258 1258 1259 1259 1257 1257 82 82 1260 1260 1258 1258 1257 1257 1263 1263 1259 1259 1267 1267 1264 1264 1258 1258 1263 1263 1265 1265 1258 1258 1265 1265 1267 1267 1261 1261 485 485 486 486 1262 1262 486 486 488 488 1263 1263 488 488 490 490 1265 1265 490 490 492 492 1267 1267 492 492 491 491 1264 1264 491 491 63 63 858 858 61 61 624 624 858 858 576 576 626 626 868 868 50 50 653 653 869 869 640 640 638 638 868 868 653 653 640 640 873 873 638 638 639 639 873 873 869 869 638 638 1126 1126 531 531 536 536 1124 1124 536 536 537 537 530 530 531 531 1126 1126 1268 1268 528 528 527 527 1127 1127 527 527 530 530 1270 1270 632 632 631 631 1269 1269 842 842 850 850 633 633 851 851 1271 1271 1270 1270 850 850 852 852 1273 1273 649 649 648 648 650 650 865 865 1274 1274 1031 1031 713 713 712 712 1051 1051 706 706 710 710 1049 1049 709 709 706 706 1036 1036 712 712 709 709 1053 1053 710 710 704 704 1057 1057 704 704 702 702 1056 1056 702 702 700 700 1123 1123 524 524 533 533 1061 1061 533 533 532 532 726 726 727 727 1042 1042 720 720 726 726 1043 1043 969 969 802 802 801 801 969 969 801 801 807 807 967 967 807 807 809 809 435 435 1188 1188 1195 1195 445 445 1193 1193 1188 1188 436 436 1195 1195 1199 1199 743 743 149 149 156 156 1231 1231 1226 1226 1232 1232 119 119 123 123 684 684 346 346 689 689 679 679 702 702 6 6 15 15 268 268 412 412 401 401 428 428 96 96 102 102 488 488 491 491 70 70 511 511 510 510 281 281 2 2 1053 1053 1036 1036 1025 1025 1026 1026 360 360 140 140 987 987 142 142 168 168 167 167 170 170 177 177 172 172 973 973 191 191 992 992 186 186 85 85 88 88 87 87 278 278 269 269 1080 1080 1133 1133 1130 1130 116 116 1119 1119 1180 1180 1182 1182 1178 1178 1177 1177 1176 1176 883 883 216 216 211 211 207 207 204 204 900 900 893 893 895 895 227 227 232 232 823 823 240 240 57 57 54 54 859 859 47 47 43 43 869 869 38 38 842 842 851 851 865 865 864 864 28 28 157 157 159 159 156 156 735 735 748 748 159 159 748 748 746 746 743 743 151 151 154 154 156 156 743 743 746 746 744 744 743 743 740 740 149 149 740 740 145 145 147 147 149 149 740 740 147 147 156 156 159 159 743 743 159 159 748 748 743 743 149 149 151 151 156 156 1229 1229 1230 1230 1225 1225 1230 1230 1234 1234 1227 1227 1230 1230 1227 1227 1225 1225 1234 1234 1235 1235 1224 1224 1234 1234 1224 1224 1227 1227 1235 1235 158 158 165 165 1233 1233 1229 1229 1225 1225 1232 1232 1233 1233 1231 1231 160 160 144 144 1226 1226 1233 1233 1225 1225 1231 1231 1235 1235 165 165 1224 1224 144 144 1232 1232 1226 1226 128 128 131 131 685 685 687 687 684 684 685 685 695 695 697 697 684 684 117 117 119 119 694 694 121 121 123 123 119 119 694 694 684 684 697 697 123 123 126 126 684 684 126 126 128 128 684 684 128 128 685 685 684 684 694 694 119 119 684 684 679 679 680 680 677 677 358 358 355 355 673 673 353 353 351 351 352 352 346 346 352 352 348 348 346 346 343 343 342 342 679 679 677 677 673 673 355 355 353 353 346 346 353 353 352 352 346 346 342 342 359 359 346 346 359 359 689 689 346 346 689 689 676 676 679 679 676 676 675 675 679 679 675 675 678 678 679 679 679 679 673 673 346 346 673 673 355 355 346 346 704 704 702 702 710 710 702 702 700 700 3 3 700 700 18 18 3 3 3 3 5 5 6 6 17 17 713 713 15 15 709 709 706 706 702 702 706 706 710 710 702 702 6 6 8 8 15 15 8 8 11 11 15 15 11 11 13 13 15 15 713 713 712 712 15 15 712 712 709 709 15 15 702 702 3 3 6 6 709 709 702 702 15 15 401 401 393 393 255 255 393 393 267 267 255 255 267 267 257 257 255 255 255 255 256 256 259 259 259 259 261 261 264 264 264 264 265 265 268 268 268 268 411 411 412 412 412 412 409 409 401 401 409 409 408 408 401 401 408 408 404 404 401 401 255 255 259 259 401 401 259 259 264 264 401 401 264 264 268 268 401 401 96 96 98 98 100 100 102 102 104 104 422 422 421 421 423 423 419 419 428 428 92 92 94 94 94 94 96 96 428 428 100 100 102 102 96 96 423 423 424 424 428 428 102 102 422 422 428 428 422 422 419 419 428 428 419 419 423 423 428 428 488 488 490 490 492 492 491 491 63 63 65 65 65 65 67 67 70 70 70 70 72 72 74 74 486 486 488 488 485 485 491 491 488 488 492 492 65 65 70 70 491 491 74 74 75 75 70 70 75 75 485 485 70 70 485 485 488 488 70 70 510 510 498 498 500 500 500 500 287 287 510 510 276 276 279 279 281 281 283 283 284 284 281 281 284 284 516 516 281 281 511 511 512 512 510 510 287 287 270 270 272 272 272 272 274 274 281 281 274 274 276 276 281 281 516 516 517 517 281 281 517 517 513 513 281 281 513 513 514 514 511 511 510 510 287 287 281 281 287 287 272 272 281 281 513 513 511 511 281 281 10 10 9 9 7 7 7 7 4 4 2 2 0 0 1 1 2 2 1 1 1056 1056 2 2 1057 1057 1053 1053 1056 1056 1051 1051 1049 1049 1053 1053 1031 1031 16 16 14 14 1049 1049 1033 1033 1053 1053 1033 1033 1036 1036 1053 1053 1036 1036 1031 1031 14 14 14 14 12 12 1036 1036 12 12 10 10 1036 1036 10 10 7 7 2 2 2 2 1056 1056 1053 1053 10 10 2 2 1036 1036 349 349 350 350 354 354 356 356 357 357 354 354 357 357 1025 1025 354 354 1026 1026 1015 1015 1010 1010 1010 1010 1014 1014 1013 1013 1013 1013 360 360 1010 1010 360 360 344 344 345 345 345 345 347 347 360 360 347 347 349 349 360 360 1025 1025 1024 1024 1026 1026 1024 1024 1027 1027 1026 1026 1027 1027 1028 1028 1026 1026 349 349 354 354 360 360 354 354 1025 1025 360 360 1026 1026 1010 1010 360 360 140 140 139 139 999 999 1002 1002 1000 1000 139 139 143 143 142 142 987 987 140 140 142 142 141 141 999 999 139 139 1000 1000 999 999 987 987 140 140 954 954 955 955 166 166 951 951 943 943 170 170 943 943 171 171 170 170 169 169 168 168 170 170 167 167 166 166 170 170 170 170 166 166 951 951 955 955 951 951 166 166 172 172 173 173 970 970 970 970 971 971 172 172 971 971 973 973 172 172 973 973 979 979 974 974 979 979 978 978 981 981 978 978 980 980 981 981 981 981 976 976 975 975 975 975 974 974 979 979 974 974 177 177 973 973 177 177 174 174 172 172 981 981 975 975 979 979 191 191 990 990 989 989 989 989 992 992 191 191 992 992 994 994 991 991 993 993 995 995 997 997 997 997 996 996 993 993 991 991 190 190 992 992 996 996 991 991 993 993 993 993 991 991 994 994 186 186 187 187 191 191 190 190 186 186 992 992 85 85 84 84 1085 1085 84 84 89 89 1085 1085 87 87 86 86 85 85 1085 1085 1087 1087 85 85 1087 1087 1090 1090 85 85 1090 1090 88 88 85 85 1078 1078 285 285 282 282 280 280 277 277 278 278 271 271 269 269 273 273 269 269 286 286 1097 1097 286 286 1095 1095 1097 1097 1097 1097 1079 1079 1080 1080 1080 1080 1082 1082 1083 1083 1081 1081 1078 1078 1083 1083 1078 1078 282 282 278 278 282 282 280 280 278 278 278 278 275 275 273 273 278 278 273 273 269 269 269 269 1097 1097 1080 1080 1080 1080 1083 1083 1078 1078 1078 1078 278 278 1080 1080 115 115 114 114 116 116 113 113 112 112 111 111 111 111 1133 1133 116 116 1130 1130 1131 1131 116 116 114 114 113 113 111 111 111 111 116 116 114 114 1173 1173 1184 1184 1183 1183 1183 1183 199 199 196 196 199 199 195 195 196 196 196 196 1182 1182 1173 1173 1173 1173 1182 1182 1180 1180 1182 1182 1181 1181 1121 1121 1119 1119 1120 1120 1180 1180 1173 1173 1183 1183 196 196 1182 1182 1121 1121 1119 1119 1176 1176 1197 1197 183 183 1197 1197 1196 1196 185 185 1196 1196 1198 1198 185 185 185 185 182 182 183 183 183 183 1178 1178 1176 1176 1178 1178 1179 1179 1177 1177 1177 1177 1172 1172 1174 1174 1176 1176 1177 1177 1174 1174 185 185 183 183 1197 1197 833 833 883 883 889 889 218 218 217 217 216 216 216 216 212 212 211 211 211 211 209 209 889 889 883 883 218 218 216 216 211 211 889 889 883 883 834 834 201 201 204 204 204 204 201 201 900 900 901 901 900 900 201 201 204 204 207 207 205 205 200 200 901 901 201 201 900 900 897 897 207 207 872 872 230 230 894 894 224 224 223 223 893 893 895 895 894 894 227 227 227 227 894 894 230 230 227 227 824 824 224 224 224 224 893 893 227 227 232 232 882 882 823 823 823 823 861 861 240 240 861 861 857 857 240 240 233 233 232 232 240 240 235 235 233 233 240 240 240 240 237 237 235 235 61 61 59 59 57 57 52 52 860 860 859 859 859 859 847 847 858 858 858 858 61 61 57 57 57 57 53 53 54 54 54 54 52 52 859 859 859 859 858 858 57 57 47 47 822 822 43 43 822 822 44 44 43 43 869 869 868 868 50 50 50 50 48 48 869 869 48 48 47 47 869 869 43 43 873 873 869 869 42 42 34 34 35 35 40 40 842 842 38 38 850 850 852 852 851 851 42 42 35 35 38 38 842 842 850 850 851 851 851 851 849 849 42 42 42 42 38 38 851 851 30 30 22 22 23 23 28 28 863 863 862 862 864 864 30 30 23 23 23 23 26 26 864 864 26 26 28 28 864 864 862 862 865 865 28 28 766 766 339 339 331 331 331 331 326 326 327 327 327 327 324 324 325 325 325 325 762 762 767 767 767 767 769 769 766 766 766 766 662 662 339 339 662 662 732 732 736 736 339 339 662 662 736 736 339 339 335 335 336 336 336 336 333 333 339 339 333 333 331 331 339 339 331 331 327 327 325 325 325 325 767 767 331 331 767 767 766 766 331 331</p></triangles></mesh>
    </geometry>
    <geometry id="Circle_018-mesh" name="Circle.018">
      <mesh>
        <source id="Circle_018-mesh-slim-nrm"><float_array count="105" id="Circle_018-mesh-slim-nrm-array">-0.0933 0.9956 0.0019 -0.4552 0.8904 -0.0068 -0.7613 0.6484 -0.0068 -0.9514 0.3077 -0.0068 -0.9968 -0.0798 -0.0068 -0.8904 -0.4552 -0.0068 -0.6484 -0.7613 -0.0068 -0.3077 -0.9514 -0.0068 0.0798 -0.9968 -0.0068 0.4552 -0.8904 -0.0068 0.7613 -0.6484 -0.0068 0.9471 -0.3207 -0.0108 0.9999 -0.0117 -0.0127 0.9558 0.2937 -0.0147 0.7859 0.618 -0.0176 0.495 0.8688 -0.0152 0.1928 0.9812 -0.0015 -0.0865 0.739 0.6681 -0.3627 0.6497 0.6681 -0.5837 0.4614 0.6681 -0.7159 0.2029 0.6681 -0.739 -0.0865 0.6681 -0.6497 -0.3627 0.6681 -0.4614 -0.5837 0.6681 -0.2029 -0.7159 0.6681 0.0865 -0.739 0.6681 0.3627 -0.6497 0.6681 0.5766 -0.4687 0.6692 0.6687 -0.2947 0.6826 0.7178 -0.1261 0.6848 0.7319 0.078 0.6769 0.6751 0.2782 0.6832 0.6033 0.4129 0.6823 0.4533 0.5838 0.6735 0.1985 0.7145 0.6709</float_array><technique_common><accessor count="35" source="#Circle_018-mesh-slim-nrm-array" stride="3"><param type="float" name="X"/><param type="float" name="Y"/><param type="float" name="Z"/></accessor></technique_common></source><source id="Circle_018-mesh-slim-pos"><float_array count="105" id="Circle_018-mesh-slim-pos-array">-0.080898 1.001062 -0 -0.45783 0.893903 -0 -0.765062 0.650654 -0 -0.95582 0.308349 -0 -1.001062 -0.080898 -0 -0.893903 -0.45783 -0 -0.650654 -0.765062 -0 -0.30835 -0.95582 -0 0.080898 -1.001062 -0 0.45783 -0.893903 -0 0.765062 -0.650655 -0 0.95582 -0.30835 -0 1 0 0 0.966045 0.274641 -0 0.787408 0.623425 -0 0.488896 0.877298 -0 0.19509 0.980785 0 -0.115954 0.99761 0.562871 -0.488896 0.877298 0.562871 -0.787408 0.623425 0.562871 -0.966045 0.274641 0.562871 -0.99761 -0.115954 0.562871 -0.877298 -0.488896 0.562871 -0.623425 -0.787408 0.562871 -0.274641 -0.966045 0.562871 0.115954 -0.99761 0.562871 0.488896 -0.877298 0.562871 0.787408 -0.623425 0.562871 0.92388 -0.382684 0.562871 0.980785 -0.19509 0.562871 0.99761 0.115954 0.562871 0.92388 0.382684 0.562871 0.83147 0.55557 0.562871 0.623425 0.787408 0.562871 0.274642 0.966045 0.562871</float_array><technique_common><accessor count="35" source="#Circle_018-mesh-slim-pos-array" stride="3"><param type="float" name="X"/><param type="float" name="Y"/><param type="float" name="Z"/></accessor></technique_common></source><vertices id="Circle_018-mesh-slim-pos-vertices">
          <input semantic="POSITION" source="#Circle_018-mesh-slim-pos"/>
        </vertices>
        <triangles count="81" material="Screw_gray_001-material"><input offset="0" semantic="VERTEX" source="#Circle_018-mesh-slim-pos-vertices"/><input offset="1" semantic="NORMAL" source="#Circle_018-mesh-slim-nrm"/><p>0 0 4 4 8 8 13 13 9 9 5 5 17 17 21 21 25 25 14 14 31 31 13 13 7 7 23 23 6 6 1 1 17 17 0 0 15 15 33 33 14 14 8 8 24 24 7 7 2 2 18 18 1 1 16 16 34 34 15 15 9 9 25 25 8 8 0 0 34 34 16 16 3 3 19 19 2 2 10 10 26 26 9 9 4 4 20 20 3 3 11 11 27 27 10 10 5 5 21 21 4 4 12 12 29 29 11 11 13 13 30 30 12 12 6 6 22 22 5 5 0 0 1 1 2 2 3 3 4 4 2 2 4 4 5 5 6 6 11 11 12 12 10 10 13 13 14 14 12 12 15 15 16 16 14 14 16 16 0 0 14 14 6 6 7 7 4 4 7 7 8 8 4 4 8 8 9 9 12 12 9 9 10 10 12 12 0 0 2 2 4 4 12 12 14 14 8 8 14 14 0 0 8 8 1 1 0 0 15 15 0 0 16 16 15 15 14 14 13 13 15 15 13 13 12 12 9 9 12 12 11 11 9 9 11 11 10 10 9 9 9 9 8 8 7 7 7 7 6 6 9 9 6 6 5 5 9 9 5 5 4 4 1 1 4 4 3 3 1 1 3 3 2 2 1 1 1 1 15 15 13 13 1 1 13 13 5 5 17 17 18 18 19 19 20 20 21 21 19 19 21 21 22 22 23 23 28 28 29 29 27 27 29 29 30 30 27 27 31 31 32 32 30 30 32 32 33 33 30 30 34 34 17 17 33 33 23 23 24 24 21 21 24 24 25 25 21 21 25 25 26 26 30 30 26 26 27 27 30 30 17 17 19 19 21 21 30 30 33 33 25 25 33 33 17 17 25 25 13 13 31 31 30 30 14 14 32 32 31 31 7 7 24 24 23 23 14 14 33 33 32 32 1 1 18 18 17 17 8 8 25 25 24 24 15 15 34 34 33 33 2 2 19 19 18 18 9 9 26 26 25 25 0 0 17 17 34 34 3 3 20 20 19 19 10 10 27 27 26 26 4 4 21 21 20 20 11 11 28 28 27 27 11 11 29 29 28 28 5 5 22 22 21 21 12 12 30 30 29 29 6 6 23 23 22 22</p></triangles></mesh>
    </geometry>
    <geometry id="Circle_017-mesh" name="Circle.017">
      <mesh>
        <source id="Circle_017-mesh-slim-nrm"><float_array count="105" id="Circle_017-mesh-slim-nrm-array">-0.0933 0.9956 0.0019 -0.4552 0.8904 -0.0068 -0.7613 0.6484 -0.0068 -0.9514 0.3077 -0.0068 -0.9968 -0.0798 -0.0068 -0.8904 -0.4552 -0.0068 -0.6484 -0.7613 -0.0068 -0.3077 -0.9514 -0.0068 0.0798 -0.9968 -0.0068 0.4552 -0.8904 -0.0068 0.7613 -0.6484 -0.0068 0.9471 -0.3207 -0.0108 0.9999 -0.0117 -0.0127 0.9558 0.2937 -0.0147 0.7859 0.618 -0.0176 0.495 0.8688 -0.0152 0.1928 0.9812 -0.0015 -0.0865 0.739 0.6681 -0.3627 0.6497 0.6681 -0.5837 0.4614 0.6681 -0.7159 0.2029 0.6681 -0.739 -0.0865 0.6681 -0.6497 -0.3627 0.6681 -0.4614 -0.5837 0.6681 -0.2029 -0.7159 0.6681 0.0865 -0.739 0.6681 0.3627 -0.6497 0.6681 0.5766 -0.4687 0.6692 0.6687 -0.2947 0.6826 0.7178 -0.1261 0.6848 0.7319 0.078 0.6769 0.6751 0.2782 0.6832 0.6033 0.4129 0.6823 0.4533 0.5838 0.6735 0.1985 0.7145 0.6709</float_array><technique_common><accessor count="35" source="#Circle_017-mesh-slim-nrm-array" stride="3"><param type="float" name="X"/><param type="float" name="Y"/><param type="float" name="Z"/></accessor></technique_common></source><source id="Circle_017-mesh-slim-pos"><float_array count="105" id="Circle_017-mesh-slim-pos-array">-0.080898 1.001062 -0 -0.45783 0.893903 -0 -0.765062 0.650654 -0 -0.95582 0.308349 -0 -1.001062 -0.080898 -0 -0.893903 -0.45783 -0 -0.650654 -0.765062 -0 -0.30835 -0.95582 -0 0.080898 -1.001062 -0 0.45783 -0.893903 -0 0.765062 -0.650655 -0 0.95582 -0.30835 -0 1 0 0 0.966045 0.274641 -0 0.787408 0.623425 -0 0.488896 0.877298 -0 0.19509 0.980785 0 -0.115954 0.99761 0.562871 -0.488896 0.877298 0.562871 -0.787408 0.623425 0.562871 -0.966045 0.274641 0.562871 -0.99761 -0.115954 0.562871 -0.877298 -0.488896 0.562871 -0.623425 -0.787408 0.562871 -0.274641 -0.966045 0.562871 0.115954 -0.99761 0.562871 0.488896 -0.877298 0.562871 0.787408 -0.623425 0.562871 0.92388 -0.382684 0.562871 0.980785 -0.19509 0.562871 0.99761 0.115954 0.562871 0.92388 0.382684 0.562871 0.83147 0.55557 0.562871 0.623425 0.787408 0.562871 0.274642 0.966045 0.562871</float_array><technique_common><accessor count="35" source="#Circle_017-mesh-slim-pos-array" stride="3"><param type="float" name="X"/><param type="float" name="Y"/><param type="float" name="Z"/></accessor></technique_common></source><vertices id="Circle_017-mesh-slim-pos-vertices">
          <input semantic="POSITION" source="#Circle_017-mesh-slim-pos"/>
        </vertices>
        <triangles count="81" material="Screw_gray_001-material"><input offset="0" semantic="VERTEX" source="#Circle_017-mesh-slim-pos-vertices"/><input offset="1" semantic="NORMAL" source="#Circle_017-mesh-slim-nrm"/><p>0 0 4 4 8 8 13 13 9 9 5 5 17 17 21 21 25 25 14 14 31 31 13 13 7 7 23 23 6 6 1 1 17 17 0 0 15 15 33 33 14 14 8 8 24 24 7 7 2 2 18 18 1 1 16 16 34 34 15 15 9 9 25 25 8 8 0 0 34 34 16 16 3 3 19 19 2 2 10 10 26 26 9 9 4 4 20 20 3 3 11 11 27 27 10 10 5 5 21 21 4 4 12 12 29 29 11 11 13 13 30 30 12 12 6 6 22 22 5 5 0 0 1 1 2 2 3 3 4 4 2 2 4 4 5 5 6 6 11 11 12 12 10 10 13 13 14 14 12 12 15 15 16 16 14 14 16 16 0 0 14 14 6 6 7 7 4 4 7 7 8 8 4 4 8 8 9 9 12 12 9 9 10 10 12 12 0 0 2 2 4 4 12 12 14 14 8 8 14 14 0 0 8 8 1 1 0 0 15 15 0 0 16 16 15 15 14 14 13 13 15 15 13 13 12 12 9 9 12 12 11 11 9 9 11 11 10 10 9 9 9 9 8 8 7 7 7 7 6 6 9 9 6 6 5 5 9 9 5 5 4 4 1 1 4 4 3 3 1 1 3 3 2 2 1 1 1 1 15 15 13 13 1 1 13 13 5 5 17 17 18 18 19 19 20 20 21 21 19 19 21 21 22 22 23 23 28 28 29 29 27 27 29 29 30 30 27 27 31 31 32 32 30 30 32 32 33 33 30 30 34 34 17 17 33 33 23 23 24 24 21 21 24 24 25 25 21 21 25 25 26 26 30 30 26 26 27 27 30 30 17 17 19 19 21 21 30 30 33 33 25 25 33 33 17 17 25 25 13 13 31 31 30 30 14 14 32 32 31 31 7 7 24 24 23 23 14 14 33 33 32 32 1 1 18 18 17 17 8 8 25 25 24 24 15 15 34 34 33 33 2 2 19 19 18 18 9 9 26 26 25 25 0 0 17 17 34 34 3 3 20 20 19 19 10 10 27 27 26 26 4 4 21 21 20 20 11 11 28 28 27 27 11 11 29 29 28 28 5 5 22 22 21 21 12 12 30 30 29 29 6 6 23 23 22 22</p></triangles></mesh>
    </geometry>
    <geometry id="_6_______210_A_1_PRT_001-mesh" name="86.      210 A 1.PRT.001">
      <mesh>
        <source id="_6_______210_A_1_PRT_001-mesh-slim-nrm"><float_array count="105" id="_6_______210_A_1_PRT_001-mesh-slim-nrm-array">0.0048 0.0073 1 0.3183 0.0035 0.948 0.624 0.004 0.7814 0.8308 0.0063 0.5565 0.9647 0.013 0.263 0.9927 0.0115 -0.1201 0.874 0.004 -0.4859 0.6448 0.004 -0.7643 0.3857 0.0061 -0.9226 0.0842 0.0103 -0.9964 -0.2771 0.008 -0.9608 -0.6063 0.0093 -0.7952 -0.8404 0.0143 -0.5417 -0.9831 0.0145 -0.1827 -0.9649 0.0103 0.2625 -0.7951 0.0093 0.6064 -0.5542 0.0107 0.8323 -0.2916 0.0088 0.9565 0.2075 -0.6687 0.714 0.4709 -0.6661 0.5785 0.6509 -0.6727 0.3519 0.7337 -0.6732 0.092 0.7203 -0.679 -0.1421 0.6554 -0.669 -0.3504 0.4756 -0.6661 -0.5746 0.2255 -0.6742 -0.7032 -0.0035 -0.6796 -0.7336 -0.2454 -0.6689 -0.7017 -0.5222 -0.6637 -0.5355 -0.674 -0.6785 -0.2923 -0.7395 -0.6716 -0.0462 -0.7069 -0.6665 0.2369 -0.5356 -0.6637 0.5222 -0.2923 -0.6786 0.6739 -0.0623 -0.6746 0.7356</float_array><technique_common><accessor count="35" source="#_6_______210_A_1_PRT_001-mesh-slim-nrm-array" stride="3"><param type="float" name="X"/><param type="float" name="Y"/><param type="float" name="Z"/></accessor></technique_common></source><source id="_6_______210_A_1_PRT_001-mesh-slim-pos"><float_array count="105" id="_6_______210_A_1_PRT_001-mesh-slim-pos-array">45.57468 10.03375 -3.464342 47.47323 10.03375 -3.736433 49.49458 10.03375 -4.850139 50.69657 10.03375 -6.202202 51.52611 10.03375 -7.934073 51.71983 10.03375 -10.34098 50.9788 10.03375 -12.63616 49.49381 10.03375 -14.39973 47.9322 10.03374 -15.31587 46.17949 10.03374 -15.77227 43.88241 10.03374 -15.57536 41.7348 10.03374 -14.4754 40.45271 10.03374 -13.04685 39.47614 10.03375 -10.83764 39.62392 10.03375 -7.932539 40.72414 10.03375 -5.784178 42.1525 10.03375 -4.502789 43.78197 10.03375 -3.713102 47.26558 4.893882 -3.673437 49.50754 4.893883 -4.834158 51.02251 4.893876 -6.712533 51.71983 4.893877 -8.908075 51.61658 4.893877 -10.82633 51.08108 4.893877 -12.4448 49.50685 4.893878 -14.41564 47.36871 4.893871 -15.53576 45.57478 4.893871 -15.78471 43.67479 4.893871 -15.51238 41.17792 4.893869 -14.02143 39.88348 4.893877 -11.9819 39.40808 4.893877 -10.12245 39.6869 4.893877 -7.724918 41.17727 4.893876 -5.228321 43.21726 4.893882 -3.933556 44.96918 4.893882 -3.476829</float_array><technique_common><accessor count="35" source="#_6_______210_A_1_PRT_001-mesh-slim-pos-array" stride="3"><param type="float" name="X"/><param type="float" name="Y"/><param type="float" name="Z"/></accessor></technique_common></source><vertices id="_6_______210_A_1_PRT_001-mesh-slim-pos-vertices">
          <input semantic="POSITION" source="#_6_______210_A_1_PRT_001-mesh-slim-pos"/>
        </vertices>
        <triangles count="82" material="Black_008-material"><input offset="0" semantic="VERTEX" source="#_6_______210_A_1_PRT_001-mesh-slim-pos-vertices"/><input offset="1" semantic="NORMAL" source="#_6_______210_A_1_PRT_001-mesh-slim-nrm"/><p>10 10 6 6 1 1 5 5 9 9 13 13 27 27 23 23 18 18 10 10 26 26 27 27 17 17 33 33 34 34 3 3 19 19 20 20 11 11 27 27 28 28 3 3 20 20 4 4 4 4 21 21 5 5 12 12 29 29 13 13 13 13 29 29 30 30 5 5 23 23 6 6 14 14 30 30 31 31 6 6 24 24 7 7 15 15 31 31 32 32 8 8 24 24 25 25 0 0 18 18 1 1 8 8 25 25 9 9 1 1 19 19 2 2 16 16 33 33 17 17 0 0 17 17 1 1 17 17 16 16 1 1 16 16 15 15 14 14 12 12 11 11 13 13 6 6 10 10 9 9 9 9 8 8 7 7 4 4 3 3 1 1 1 1 3 3 2 2 16 16 14 14 1 1 14 14 13 13 11 11 11 11 10 10 14 14 7 7 6 6 9 9 6 6 5 5 1 1 5 5 4 4 1 1 1 1 14 14 10 10 1 1 2 2 3 3 3 3 4 4 1 1 7 7 8 8 9 9 9 9 10 10 11 11 11 11 12 12 13 13 13 13 14 14 16 16 15 15 16 16 14 14 16 16 17 17 13 13 0 0 1 1 5 5 5 5 1 1 4 4 5 5 6 6 9 9 7 7 9 9 6 6 17 17 0 0 13 13 9 9 11 11 13 13 0 0 5 5 13 13 34 34 33 33 18 18 33 33 32 32 18 18 30 30 29 29 28 28 27 27 26 26 25 25 23 23 27 27 25 25 23 23 22 22 21 21 18 18 20 20 19 19 32 32 31 31 18 18 31 31 30 30 28 28 28 28 27 27 31 31 24 24 23 23 25 25 23 23 21 21 18 18 21 21 20 20 18 18 18 18 31 31 27 27 10 10 9 9 26 26 3 3 2 2 19 19 0 0 17 17 34 34 11 11 10 10 27 27 4 4 20 20 21 21 12 12 11 11 28 28 12 12 28 28 29 29 5 5 21 21 22 22 5 5 22 22 23 23 14 14 13 13 30 30 6 6 23 23 24 24 15 15 14 14 31 31 8 8 7 7 24 24 0 0 34 34 18 18 16 16 15 15 32 32 9 9 25 25 26 26 1 1 18 18 19 19 16 16 32 32 33 33</p></triangles></mesh>
    </geometry>
    <geometry id="_6_______210_A_1_PRT_002-mesh" name="86.      210 A 1.PRT.002">
      <mesh>
        <source id="_6_______210_A_1_PRT_002-mesh-slim-nrm"><float_array count="105" id="_6_______210_A_1_PRT_002-mesh-slim-nrm-array">0.0048 0.0073 1 0.3183 0.0035 0.948 0.624 0.004 0.7814 0.8308 0.0063 0.5565 0.9647 0.013 0.263 0.9927 0.0115 -0.1201 0.874 0.004 -0.4859 0.6448 0.004 -0.7643 0.3857 0.0061 -0.9226 0.0842 0.0103 -0.9964 -0.2771 0.008 -0.9608 -0.6063 0.0093 -0.7952 -0.8404 0.0143 -0.5417 -0.9831 0.0145 -0.1827 -0.9649 0.0103 0.2625 -0.7951 0.0093 0.6064 -0.5542 0.0107 0.8323 -0.2916 0.0088 0.9565 0.2075 -0.6687 0.714 0.4709 -0.6661 0.5785 0.6509 -0.6727 0.3519 0.7337 -0.6732 0.092 0.7203 -0.679 -0.1421 0.6554 -0.669 -0.3504 0.4756 -0.6661 -0.5746 0.2255 -0.6742 -0.7032 -0.0035 -0.6796 -0.7336 -0.2454 -0.6689 -0.7017 -0.5222 -0.6637 -0.5355 -0.674 -0.6785 -0.2923 -0.7395 -0.6716 -0.0462 -0.7069 -0.6665 0.2369 -0.5356 -0.6637 0.5222 -0.2923 -0.6786 0.6739 -0.0623 -0.6746 0.7356</float_array><technique_common><accessor count="35" source="#_6_______210_A_1_PRT_002-mesh-slim-nrm-array" stride="3"><param type="float" name="X"/><param type="float" name="Y"/><param type="float" name="Z"/></accessor></technique_common></source><source id="_6_______210_A_1_PRT_002-mesh-slim-pos"><float_array count="105" id="_6_______210_A_1_PRT_002-mesh-slim-pos-array">45.57468 10.03375 -3.464342 47.47323 10.03375 -3.736433 49.49458 10.03375 -4.850139 50.69657 10.03375 -6.202202 51.52611 10.03375 -7.934073 51.71983 10.03375 -10.34098 50.9788 10.03375 -12.63616 49.49381 10.03375 -14.39973 47.9322 10.03374 -15.31587 46.17949 10.03374 -15.77227 43.88241 10.03374 -15.57536 41.7348 10.03374 -14.4754 40.45271 10.03374 -13.04685 39.47614 10.03375 -10.83764 39.62392 10.03375 -7.932539 40.72414 10.03375 -5.784178 42.1525 10.03375 -4.502789 43.78197 10.03375 -3.713102 47.26558 4.893882 -3.673437 49.50754 4.893883 -4.834158 51.02251 4.893876 -6.712533 51.71983 4.893877 -8.908075 51.61658 4.893877 -10.82633 51.08108 4.893877 -12.4448 49.50685 4.893878 -14.41564 47.36871 4.893871 -15.53576 45.57478 4.893871 -15.78471 43.67479 4.893871 -15.51238 41.17792 4.893869 -14.02143 39.88348 4.893877 -11.9819 39.40808 4.893877 -10.12245 39.6869 4.893877 -7.724918 41.17727 4.893876 -5.228321 43.21726 4.893882 -3.933556 44.96918 4.893882 -3.476829</float_array><technique_common><accessor count="35" source="#_6_______210_A_1_PRT_002-mesh-slim-pos-array" stride="3"><param type="float" name="X"/><param type="float" name="Y"/><param type="float" name="Z"/></accessor></technique_common></source><vertices id="_6_______210_A_1_PRT_002-mesh-slim-pos-vertices">
          <input semantic="POSITION" source="#_6_______210_A_1_PRT_002-mesh-slim-pos"/>
        </vertices>
        <triangles count="82" material="Black_008-material"><input offset="0" semantic="VERTEX" source="#_6_______210_A_1_PRT_002-mesh-slim-pos-vertices"/><input offset="1" semantic="NORMAL" source="#_6_______210_A_1_PRT_002-mesh-slim-nrm"/><p>10 10 6 6 1 1 5 5 9 9 13 13 27 27 23 23 18 18 10 10 26 26 27 27 17 17 33 33 34 34 3 3 19 19 20 20 11 11 27 27 28 28 3 3 20 20 4 4 4 4 21 21 5 5 12 12 29 29 13 13 13 13 29 29 30 30 5 5 23 23 6 6 14 14 30 30 31 31 6 6 24 24 7 7 15 15 31 31 32 32 8 8 24 24 25 25 0 0 18 18 1 1 8 8 25 25 9 9 1 1 19 19 2 2 16 16 33 33 17 17 0 0 17 17 1 1 17 17 16 16 1 1 16 16 15 15 14 14 12 12 11 11 13 13 6 6 10 10 9 9 9 9 8 8 7 7 4 4 3 3 1 1 1 1 3 3 2 2 16 16 14 14 1 1 14 14 13 13 11 11 11 11 10 10 14 14 7 7 6 6 9 9 6 6 5 5 1 1 5 5 4 4 1 1 1 1 14 14 10 10 1 1 2 2 3 3 3 3 4 4 1 1 7 7 8 8 9 9 9 9 10 10 11 11 11 11 12 12 13 13 13 13 14 14 16 16 15 15 16 16 14 14 16 16 17 17 13 13 0 0 1 1 5 5 5 5 1 1 4 4 5 5 6 6 9 9 7 7 9 9 6 6 17 17 0 0 13 13 9 9 11 11 13 13 0 0 5 5 13 13 34 34 33 33 18 18 33 33 32 32 18 18 30 30 29 29 28 28 27 27 26 26 25 25 23 23 27 27 25 25 23 23 22 22 21 21 18 18 20 20 19 19 32 32 31 31 18 18 31 31 30 30 28 28 28 28 27 27 31 31 24 24 23 23 25 25 23 23 21 21 18 18 21 21 20 20 18 18 18 18 31 31 27 27 10 10 9 9 26 26 3 3 2 2 19 19 0 0 17 17 34 34 11 11 10 10 27 27 4 4 20 20 21 21 12 12 11 11 28 28 12 12 28 28 29 29 5 5 21 21 22 22 5 5 22 22 23 23 14 14 13 13 30 30 6 6 23 23 24 24 15 15 14 14 31 31 8 8 7 7 24 24 0 0 34 34 18 18 16 16 15 15 32 32 9 9 25 25 26 26 1 1 18 18 19 19 16 16 32 32 33 33</p></triangles></mesh>
    </geometry>
  </library_geometries>
  <library_visual_scenes>
    <visual_scene id="Scene" name="Scene">
      <node id="Plane" name="Plane" type="NODE">
        <matrix sid="transform">-0.01597271 0 0.0120363 0.07432528 0 0.02 0 -0.002204608 -0.0120363 0 -0.01597271 0.1902978 0 0 0 1</matrix>
        <instance_geometry url="#Plane_004-mesh" name="Plane">
          <bind_material>
            <technique_common>
              <instance_material symbol="Black_009-material" target="#Black_009-material">
                <bind_vertex_input semantic="Plane-mesh-map-0" input_semantic="TEXCOORD" input_set="0"/>
              </instance_material>
            </technique_common>
          </bind_material>
        </instance_geometry>
      </node>
      <node id="Link3_base" name="Link3_base" type="NODE">
        <matrix sid="transform">-4.37108e-11 -9.99987e-4 -7.23207e-9 0.09563082 9.99987e-4 -4.37108e-11 -9.59225e-16 -9.82891e-5 6.43102e-16 -7.23207e-9 9.99987e-4 0.1163408 0 0 0 1</matrix>
        <instance_geometry url="#object_419-mesh" name="Link3_base">
          <bind_material>
            <technique_common>
              <instance_material symbol="Black_009-material" target="#Black_009-material">
                <bind_vertex_input semantic="object_419-mesh-map-0" input_semantic="TEXCOORD" input_set="0"/>
              </instance_material>
            </technique_common>
          </bind_material>
        </instance_geometry>
        <node id="Link3_cap" name="Link3_cap" type="NODE">
          <matrix sid="transform">0.9999997 -1.19669e-7 -2.64072e-8 6.66082e-6 1.19669e-7 0.9999997 4.90982e-8 -18.53709 2.64072e-8 -4.90986e-8 0.9999996 38.79095 0 0 0 1</matrix>
          <instance_geometry url="#object_100-mesh" name="Link3_cap">
            <bind_material>
              <technique_common>
                <instance_material symbol="White_004-material" target="#White_004-material">
                  <bind_vertex_input semantic="object_100-mesh-map-0" input_semantic="TEXCOORD" input_set="0"/>
                </instance_material>
                <instance_material symbol="White_005-material" target="#White_005-material">
                  <bind_vertex_input semantic="object_100-mesh-map-0" input_semantic="TEXCOORD" input_set="0"/>
                </instance_material>
              </technique_common>
            </bind_material>
          </instance_geometry>
        </node>
      </node>
      <node id="Circle_004" name="Circle.004" type="NODE">
        <matrix sid="transform">0.002887463 0 0 0.1770798 0 -1.26215e-10 -0.004331194 -0.01331425 0 0.002887463 -1.89323e-10 0.05996305 0 0 0 1</matrix>
        <instance_geometry url="#Circle_018-mesh" name="Circle.004">
          <bind_material>
            <technique_common>
              <instance_material symbol="Screw_gray_001-material" target="#Screw_gray_001-material">
                <bind_vertex_input semantic="Circle_004-mesh-map-0" input_semantic="TEXCOORD" input_set="0"/>
              </instance_material>
            </technique_common>
          </bind_material>
        </instance_geometry>
      </node>
      <node id="Circle_005" name="Circle.005" type="NODE">
        <matrix sid="transform">0.002887463 0 0 0.1770798 0 -1.26215e-10 -0.004331194 0.01550517 0 0.002887463 -1.89323e-10 0.05996305 0 0 0 1</matrix>
        <instance_geometry url="#Circle_017-mesh" name="Circle.005">
          <bind_material>
            <technique_common>
              <instance_material symbol="Screw_gray_001-material" target="#Screw_gray_001-material">
                <bind_vertex_input semantic="Circle_005-mesh-map-0" input_semantic="TEXCOORD" input_set="0"/>
              </instance_material>
            </technique_common>
          </bind_material>
        </instance_geometry>
      </node>
      <node id="Link4_001" name="Link4.001" type="NODE">
        <matrix sid="transform">-9.99987e-4 -1.50998e-10 -7.30346e-9 0.222639 1.50994e-10 -9.99987e-4 5.64254e-10 -0.004341691 -7.30346e-9 5.64253e-10 9.99987e-4 0.06974526 0 0 0 1</matrix>
        <instance_geometry url="#_6_______210_A_1_PRT_001-mesh" name="Link4.001">
          <bind_material>
            <technique_common>
              <instance_material symbol="Black_008-material" target="#Black_008-material">
                <bind_vertex_input semantic="_6_______210_A_1_PRT_001-mesh-map-0" input_semantic="TEXCOORD" input_set="0"/>
              </instance_material>
            </technique_common>
          </bind_material>
        </instance_geometry>
      </node>
      <node id="Link4_002" name="Link4.002" type="NODE">
        <matrix sid="transform">-9.99987e-4 -1.50998e-10 -7.30346e-9 0.222639 1.50994e-10 -9.99987e-4 5.64254e-10 0.01903093 -7.30346e-9 5.64253e-10 9.99987e-4 0.06974526 0 0 0 1</matrix>
        <instance_geometry url="#_6_______210_A_1_PRT_002-mesh" name="Link4.002">
          <bind_material>
            <technique_common>
              <instance_material symbol="Black_008-material" target="#Black_008-material">
                <bind_vertex_input semantic="_6_______210_A_1_PRT_002-mesh-map-0" input_semantic="TEXCOORD" input_set="0"/>
              </instance_material>
            </technique_common>
          </bind_material>
        </instance_geometry>
      </node>
    </visual_scene>
  </library_visual_scenes>
  <scene><instance_visual_scene url="#Scene"/></scene></COLLADA>
