<COLLADA xmlns="http://www.collada.org/2005/11/COLLADASchema" xmlns:xsi="http://www.w3.org/2001/XMLSchema-instance" version="1.4.1">
  <asset><contributor>
      <author>Blender User</author>
      <authoring_tool>Blender 3.4.0 commit date:2022-12-06, commit time:18:46, hash:a95bf1ac01be</authoring_tool>
    </contributor>
    <created>2023-08-31T16:01:53</created><modified>2023-08-31T16:01:53</modified><unit name="meter" meter="1.0"/><up_axis>Z_UP</up_axis></asset><library_effects>
    <effect id="&#28145;&#33394;&#27233;&#33014;_003-effect" name="&#28145;&#33394;&#27233;&#33014;_003-effect">
      <profile_COMMON>
        <technique sid="common">
          <lambert>
            <emission><color>0.0 0.0 0.0 1.0</color></emission><diffuse><color>0.6717055 0.6924257 0.7742702 1.0</color></diffuse><reflectivity><float>0.5</float></reflectivity><transparency><float>1.0</float></transparency></lambert>
        </technique>
      <extra><technique profile="GOOGLEEARTH"><double_sided>0</double_sided></technique></extra></profile_COMMON>
    </effect>
    <effect id="Material_009-effect" name="Material_009-effect">
      <profile_COMMON>
        <technique sid="common">
          <lambert>
            <emission><color>0.0 0.0 0.0 1.0</color></emission><diffuse><color>0.9 0.95 0.95 1.0</color></diffuse><reflectivity><float>0.5</float></reflectivity><transparency><float>1.0</float></transparency></lambert>
        </technique>
      <extra><technique profile="GOOGLEEARTH"><double_sided>0</double_sided></technique></extra></profile_COMMON>
    </effect>
  </library_effects>
  <library_materials>
    <material id="&#28145;&#33394;&#27233;&#33014;_003-material" name="&#28145;&#33394;&#27233;&#33014;.003">
      <instance_effect url="#&#28145;&#33394;&#27233;&#33014;_003-effect"/>
    </material>
    <material id="Material_009-material" name="Material.009">
      <instance_effect url="#Material_009-effect"/>
    </material>
  </library_materials>
  <library_geometries>
    <geometry id="thigh_001-mesh" name="thigh.001">
      <mesh>
        <source id="thigh_001-mesh-slim-nrm"><float_array count="13446" id="thigh_001-mesh-slim-nrm-array">0.4667 0.7468 0.4738 -0.0038 0.9117 0.4109 0.278 0.3238 0.9043 -0.008 0.8789 -0.477 0.0026 0.9017 0.4325 -0.1599 0.9818 0.1023 -0.1138 0.9816 -0.1532 -0.743 0.6691 0.0178 -0.2298 0.8711 -0.4339 -0.9004 0.3754 -0.2197 -0.8581 0.1174 -0.4999 -0.613 0.0684 -0.7871 -0.471 0.13 -0.8725 -0.9848 0.1376 -0.1057 -0.9263 0.3769 0.0037 -0.9543 0.2788 0.1075 -0.7433 0.3182 0.5884 -0.5074 0.2904 0.8113 -0.8842 0.467 -0.0097 -0.1832 0.0909 0.9789 -0.1762 0.0708 0.9818 0.3061 -0.1086 0.9458 0.5832 -0.3081 0.7516 -0.1977 0.1454 0.9694 -0.3887 0.2735 0.8798 -0.7723 0.5743 0.2717 -0.8325 0.4376 -0.3397 -0.8464 0.5299 -0.0533 -0.6707 0.6712 0.3156 -0.4561 0.5063 0.7318 -0.3019 0.2771 0.9122 0.5288 -0.4884 0.6942 0.2827 -0.2326 0.9306 0.5689 -0.3815 0.7286 0.7087 -0.5984 0.3739 0.7956 -0.5908 0.1339 0.83 -0.5566 -0.0352 0.8753 -0.4817 0.043 0.9306 -0.3644 0.0335 0.8587 -0.5118 -0.025 0.9054 -0.4236 -0.0277 0.9472 -0.314 -0.0649 0.9992 -0.0403 -0.0033 0.898 -0.4374 0.0469 0.9129 -0.318 0.2559 0.9139 -0.0708 0.3996 0.897 -0.3045 0.3204 0.8469 -0.2874 0.4474 0.8277 -0.4229 -0.3688 0.7998 -0.3443 0.4917 0.7747 -0.39 0.4977 0.8646 -0.3892 -0.3178 0.3859 -0.1785 -0.9051 0.3351 -0.1592 -0.9286 -0.2405 0.1061 -0.9648 -0.8618 0.2958 -0.4121 -0.67 0.4731 -0.5721 -0.6423 0.5572 -0.5263 -0.5476 0.4261 -0.7201 -0.6972 0.7125 -0.0789 -0.7467 0.6097 -0.2659 -0.5006 0.424 -0.7547 -0.5898 0.7756 -0.225 -0.5668 0.8048 -0.1762 -0.5209 0.7878 0.3287 -0.511 0.8147 0.2739 -0.3903 0.8918 0.2287 -0.3189 0.9427 0.0982 -0.3949 0.9137 -0.0961 -0.2938 0.8803 -0.3726 -0.192 0.9164 -0.3512 -0.0349 0.9973 -0.064 -0.2118 0.9439 0.2533 0.2287 0.9733 -0.0194 0.1065 0.9659 0.236 0.258 0.9576 -0.1284 0.3729 0.8936 0.2498 0.4951 0.8685 0.0249 0.1947 0.6783 0.7085 0.2518 0.9014 0.3524 0.1334 0.9337 0.3322 -0.0226 -0.0716 0.9972 0.0046 0.0423 0.9991 0.2943 0.2046 0.9335 0.0992 0.1451 0.9844 -0.0949 -0.1414 0.9854 -0.0539 -0.1184 0.9915 0.1554 0.253 0.9549 -0.0806 -0.1311 0.9881 0.0413 0.1236 0.9915 0.0653 0.3031 0.9507 -0.1694 -0.4535 0.875 0.0034 0.1235 0.9923 -0.0532 0.2456 0.9679 -0.0479 0.1371 0.9894 -0.0326 -0.1511 0.988 0.0274 -0.3748 0.9267 0.266 0.1334 0.9547 0.6072 0.308 0.7324 0.6818 0.42 0.599 0.8781 0.4683 0.0983 0.8567 0.3492 0.3796 0.9323 0.266 0.2449 0.4386 0.0979 0.8934 0.9366 0.1596 0.3119 0.885 0.4127 0.2155 0.617 0.5011 0.6067 0.9871 0.1575 0.0273 0.4824 0.8702 0.0998 0.4513 0.8924 0.0008 0.4812 0.8762 -0.0271 0.1031 0.9947 -0.0019 0.8506 0.5258 0.0015 0.9797 0.1994 -0.019 0.812 0.5223 -0.2607 0.8858 0.1969 -0.4202 0.7098 0.1137 -0.6952 0.9138 0.2387 -0.3287 0.3145 0.1286 -0.9405 0.2487 0.1076 -0.9626 0.8279 0.3632 -0.4274 0.8781 0.4755 -0.0532 0.5883 0.3544 -0.7268 0.5774 0.4031 -0.71 0.7819 0.62 -0.0644 0.7821 0.6191 0.0714 0.7226 0.5657 0.3973 0.343 0.3447 0.8738 0.5387 0.5562 0.6328 0.5799 0.6432 0.5 0.4241 0.5224 0.7397 0.4588 0.6555 0.5999 0.3738 0.8167 0.4396 0.4218 0.7803 0.4618 0.1511 0.4915 0.8577 0.4438 0.7985 -0.4068 0.524 0.8022 -0.2861 0.3939 0.8242 -0.4068 0.3555 0.9031 -0.241 0.2171 0.5863 -0.7805 0.2019 0.6781 -0.7067 0.1311 0.6869 -0.7149 0.0658 0.3277 -0.9425 -0.0665 -0.2047 -0.9766 0.0521 0.1581 -0.986 0.1587 0.3002 -0.9406 0.1858 0.2511 -0.95 0.5811 0.5453 -0.6041 0.4536 0.4355 -0.7775 0.6479 0.7615 -0.0199 0.6327 0.7276 -0.2651 0.4619 0.6948 -0.5512 0.2296 0.1951 -0.9535 -0.1333 -0.168 -0.9767 0.1097 0.0752 -0.9911 -0.4319 -0.6523 -0.6229 -0.0891 -0.1591 -0.9832 -0.1637 -0.1159 -0.9797 -0.2488 -0.2396 -0.9385 -0.5379 -0.6152 -0.5763 -0.631 -0.6025 -0.4886 -0.4294 -0.5225 -0.7366 -0.6131 -0.6994 0.3673 -0.3327 -0.3747 0.8654 -0.2287 -0.2364 0.9444 -0.6442 -0.6048 0.4682 -0.6839 -0.7028 -0.196 -0.7628 -0.5637 0.3167 -0.8661 -0.4998 -0.0086 -0.8757 -0.4827 0.0122 -0.6882 -0.5145 -0.5116 -0.3076 -0.2509 -0.9178 -0.6773 -0.4791 -0.5583 -0.7901 -0.4895 -0.3689 -0.4074 -0.2267 -0.8847 -0.2194 -0.0838 -0.972 -0.8434 -0.4624 -0.2737 -0.8801 -0.4694 0.072 -0.9066 -0.3541 0.2294 -0.8564 -0.286 0.4298 -0.8994 -0.4228 0.1109 -0.8991 -0.3976 0.1831 -0.8997 -0.4253 0.0983 -0.8811 -0.4692 0.0592 -0.9336 -0.3416 0.1086 -0.9796 -0.2005 0.0111 -0.9097 -0.4126 -0.0467 -0.8858 -0.4595 -0.0652 -0.9219 -0.1549 -0.3552 -0.8655 -0.4985 -0.0488 -0.8871 -0.4408 -0.137 -0.8073 -0.578 0.1194 -0.8875 -0.4266 -0.1743 -0.8825 -0.4459 -0.1496 -0.8273 -0.4741 0.3014 -0.5218 -0.3191 0.7911 -0.3901 -0.2539 0.8851 -0.6465 -0.5193 0.559 -0.1457 -0.1206 0.9819 -0.35 -0.3107 0.8837 -0.3364 -0.4227 0.8415 -0.5287 -0.7447 0.4072 -0.378 -0.6983 0.6078 -0.2951 -0.5633 0.7718 -0.4209 -0.707 -0.5683 -0.1022 -0.2062 -0.9732 -0.4126 -0.7244 -0.5523 -0.3458 -0.7728 -0.5322 -0.4386 -0.8867 -0.146 -0.2689 -0.8112 -0.5193 -0.0489 -0.2264 -0.9728 -0.1468 -0.4183 -0.8964 -0.2037 -0.8395 -0.5037 -0.1763 -0.7892 0.5883 -0.0813 -0.6159 0.7836 -0.2365 -0.8259 0.5119 -0.3812 -0.8584 0.3432 -0.3218 -0.8865 0.3325 -0.1693 -0.9624 0.2123 -0.0201 -0.7613 0.6481 0.0502 -0.9266 0.3728 0.0226 -0.9289 -0.3696 0.101 -0.8912 0.4421 0.036 -0.4539 0.8903 0.1034 -0.64 0.7614 0.0967 -0.5192 0.8492 0.1856 -0.6829 0.7066 0.2533 -0.773 0.5817 0.3167 -0.7839 0.534 0.2698 -0.7751 -0.5713 0.3451 -0.8293 -0.4395 0.0468 -0.1972 -0.9792 0.0049 -0.0946 -0.9955 0.1716 -0.2707 -0.9472 -0.2359 0.28 -0.9306 -0.2614 0.4346 -0.8618 -0.4064 0.6281 -0.6636 -0.4813 0.8197 -0.3106 -0.1475 0.2983 -0.943 -0.281 0.6379 -0.717 -0.3873 0.883 -0.265 -0.0751 0.3003 -0.9509 -0.0843 0.5669 -0.8194 -0.0083 0.9774 -0.2112 0.0046 0.9791 -0.2031 0.0234 0.8438 -0.5361 -0.0127 0.4697 -0.8827 0.1408 0.9192 -0.3678 -0.1621 0.8934 -0.4189 -0.1767 -0.0093 -0.9842 0.1055 -0.1244 -0.9866 0.4667 -0.5492 -0.6933 0.6249 -0.7726 -0.1122 0.6992 -0.648 -0.302 0.5033 -0.4405 -0.7434 0.4587 -0.5033 -0.7323 -0.2567 0.2341 -0.9377 -0.1988 0.1262 -0.9719 0.115 -0.0633 -0.9913 0.3619 -0.2504 -0.8979 0.2915 -0.2191 -0.9311 0.7206 -0.566 -0.4004 0.7854 -0.5065 -0.3557 0.8741 -0.4851 0.0254 0.9022 -0.415 0.1178 0.8091 -0.4512 -0.3766 0.4639 -0.2781 -0.8411 0.6563 -0.6785 0.33 0.5947 -0.7 0.3953 0.6829 -0.7173 -0.1386 0.5763 -0.7689 0.277 0.3715 -0.5143 0.773 0.1284 -0.1481 0.9806 0.2159 -0.3338 0.9176 0.3408 -0.6192 0.7075 0.505 -0.796 0.3337 0.4991 -0.7321 -0.4637 0.5052 -0.6557 -0.561 0.4078 -0.7268 -0.5526 0.4177 -0.8593 -0.2953 0.3971 -0.9075 0.137 0.3583 -0.774 0.5221 0.3151 -0.6841 0.6579 0.0791 -0.2052 0.9755 0.2689 -0.5592 -0.7842 0.1237 -0.2959 -0.9472 -0.0838 0.1026 0.9912 -0.1846 0.2127 0.9595 -0.5315 0.664 0.526 -0.1724 0.3013 0.9378 -0.2704 0.6842 0.6773 -0.1841 0.7585 0.6251 -0.1324 0.6454 0.7523 -0.1657 0.9718 0.1676 -0.1247 0.806 0.5787 0.0365 0.5132 0.8575 0.0323 0.9857 0.1652 0.3583 -0.3789 0.8532 -0.0188 -0.5391 -0.842 -0.091 -0.835 -0.5427 -0.1458 -0.9212 -0.3608 -0.0392 -0.977 -0.2097 -0.0861 -0.9468 0.3101 -0.0705 -0.4149 -0.9071 0.0412 -0.5789 -0.8144 0.0754 -0.5323 -0.8432 0.1061 -0.9402 -0.3236 0.1809 -0.967 -0.1796 0.1764 -0.8117 -0.5569 0.1931 -0.6635 -0.7228 0.2724 -0.9474 -0.168 0.1951 -0.9535 0.2299 -0.3008 -0.7359 -0.6066 -0.2048 -0.4779 0.8542 -0.5837 -0.7554 -0.2979 -0.4824 -0.8685 0.1142 0.3332 0.1183 0.9354 -0.2245 -0.0725 0.9718 -0.4096 -0.2001 0.89 -0.7731 -0.3042 0.5566 -0.7495 -0.2946 0.5929 -0.8295 -0.2363 0.506 -0.9396 -0.3393 -0.046 -0.9318 -0.3453 0.1121 -0.9364 -0.3462 -0.0576 -0.6311 -0.5623 -0.5344 -0.8972 -0.3786 -0.2273 -0.6155 -0.4414 -0.653 -0.7245 -0.4258 -0.5421 -0.7762 -0.3534 -0.5221 -0.9027 -0.4 -0.1585 -0.6908 -0.3076 -0.6543 -0.6192 -0.26 -0.7409 -0.6024 -0.0283 -0.7977 -0.4983 -0.0204 -0.8668 -0.5283 -0.6184 -0.5817 0.34 -0.1636 -0.9261 0.4652 -0.2554 -0.8475 0.6155 -0.011 -0.7881 0.2956 -0.6141 -0.7318 0.9573 -0.2048 -0.204 0.6973 -0.6348 -0.3328 0.1965 -0.6176 0.7616 0.6408 -0.5909 0.4901 0.8392 -0.0938 0.5357 0.9274 -0.358 0.1087 0.8647 -0.3162 -0.3902 0.2652 -0.9558 0.1272 -0.2481 -0.7835 -0.5697 -0.3708 -0.9246 0.0872 -0.9263 -0.3695 -0.0735 -0.8071 -0.5507 -0.2127 -0.8927 -0.3996 -0.2085 -0.1242 -0.7607 -0.6371 0.7672 -0.3042 -0.5647 -0.4579 -0.4626 -0.7592 0.0938 -0.2951 -0.9509 0.8323 -0.482 -0.2738 -0.9234 -0.3809 -0.0476 -0.901 -0.2153 -0.3766 -0.8369 -0.1584 0.524 -0.951 -0.3082 0.026 -0.6429 -0.1249 -0.7557 0.1734 0.0339 -0.9843 -0.2691 -0.0328 -0.9625 -0.9454 -0.1319 -0.298 -0.9116 -0.1118 0.3956 0.259 0.038 0.9651 0.0944 0.0479 0.9944 -0.3144 -0.0763 0.9462 0.002 0.313 0.9498 -0.3134 0.1704 0.9342 -0.7776 0.0299 0.6281 -0.3571 0.6062 0.7106 -0.7574 0.5815 0.2969 0.0067 0.8361 0.5486 -0.2321 0.9436 0.2362 -0.0008 0.994 0.1098 -0.0972 0.9912 -0.09 0.129 0.9178 0.3755 -0.0373 0.4639 0.8851 0.1879 0.3493 0.918 -0.0446 0.8443 -0.534 0.2043 0.9048 -0.3737 0.0042 0.9152 -0.4031 0.4259 0.8843 -0.1912 0.411 0.4175 -0.8104 0 0.3886 -0.9214 -0.1291 0.35 -0.9278 -0.6543 0.0547 -0.7542 -0.4318 0.4058 -0.8055 -0.8423 0.444 -0.3055 -0.9817 0.0327 -0.1874 -0.7472 -0.0602 -0.6618 -0.8661 0.4999 -0.0047 -0.9888 0.1169 0.0931 -0.415 0.8222 -0.3895 -0.2929 0.6767 -0.6754 0.2932 0.1167 -0.9489 0.3971 0.0772 -0.9145 -0.4542 -0.1348 -0.8807 -0.784 -0.3699 -0.4985 -0.7902 -0.3064 -0.5308 -0.8863 -0.3985 0.2361 -0.8475 -0.3887 0.3615 -0.8664 -0.407 0.2893 -0.3984 -0.4202 0.8153 0.1196 -0.1506 0.9813 -0.4004 -0.4418 0.8028 0.1958 -0.2985 0.9341 0.4817 -0.2382 0.8434 0.366 -0.1247 0.9222 0.2846 -0.0399 0.9578 0.438 -0.0664 0.8965 -0.1661 -0.0495 0.9849 -0.4498 -0.3239 0.8323 -0.2628 -0.2618 0.9287 -0.2169 -0.2181 0.9515 -0.2106 -0.1863 0.9597 -0.4667 -0.3636 0.8062 -0.4768 -0.3257 0.8165 -0.3618 -0.3214 0.8751 -0.3913 -0.2826 0.8758 -0.7077 -0.3884 0.5902 -0.7029 -0.3838 0.5989 -0.9022 -0.3984 0.1652 -0.4121 -0.2302 0.8816 -0.755 -0.3853 0.5306 -0.7458 -0.3127 0.5882 -0.3223 -0.1573 0.9335 -0.4931 -0.0294 0.8695 -0.7011 -0.6012 0.3834 -0.419 -0.8414 0.3411 -0.787 -0.6124 0.0746 -0.2024 -0.6127 -0.7639 0.2312 -0.1547 0.9605 0.17 -0.8008 -0.5743 -0.3858 -0.878 -0.2833 -0.993 -0.0278 -0.1152 -0.8781 -0.2018 -0.4339 -0.8494 0.0584 -0.5244 -0.9566 -0.1628 -0.2417 -0.9271 -0.3714 -0.0503 -0.9632 -0.2686 -0.0136 -0.9497 -0.063 -0.3068 -0.9068 -0.2604 -0.3314 -0.8483 -0.2378 -0.4732 -0.8802 -0.3354 -0.3358 -0.8834 -0.4516 -0.1251 -0.8291 -0.3573 -0.4301 -0.7722 -0.3167 -0.5508 -0.8863 -0.3978 -0.2371 -0.8908 -0.4544 -0.0052 -0.863 -0.4075 0.2985 -0.8793 -0.4337 -0.1967 -0.6221 -0.0547 0.781 -0.8672 -0.4229 0.2629 -0.6792 -0.1104 0.7256 -0.8505 -0.3076 0.4267 -0.9097 -0.3001 0.287 0.5656 -0.2805 0.7755 0.5111 -0.6742 0.5332 0.0096 -0.6734 0.7392 -0.6344 -0.5404 0.5528 -0.888 -0.4453 0.1145 -0.8727 -0.4344 0.2229 -0.6024 -0.7276 0.3283 -0.8623 -0.4301 0.2674 -0.4456 -0.499 0.7433 -0.8964 -0.2953 -0.3305 -0.9445 -0.321 0.0692 0.0355 -0.123 -0.9918 -0.1471 -0.0578 -0.9874 -0.1669 -0.1495 -0.9746 -0.9218 -0.3641 -0.1331 -0.8903 -0.3886 -0.2372 -0.9226 -0.1337 0.362 -0.6631 -0.5774 -0.4764 -0.1636 0.0423 -0.9856 0.0007 0.2275 -0.9738 0.3626 -0.0526 -0.9305 0.8607 -0.1682 -0.4805 0.6378 -0.1573 -0.754 0.6459 -0.2073 -0.7347 0.9482 -0.2436 -0.2039 0.9347 -0.3434 0.0914 0.9083 -0.3126 -0.2781 0.7997 -0.3807 0.4642 0.5288 -0.3153 0.788 0.8813 -0.3955 0.2587 0.3885 -0.1447 0.91 0.0946 -0.1172 0.9886 0.1382 -0.0436 0.9894 -0.3229 -0.0619 0.9444 0.1269 -0.1724 0.9768 0.7118 -0.0224 0.702 0.9147 -0.3442 0.2119 0.5737 -0.5311 0.6235 -0.1212 -0.2855 0.9507 -0.2883 -0.1548 0.9449 0.1379 -0.2798 0.9501 0.7332 -0.4277 0.5287 0.3503 -0.3072 0.8848 0.8471 -0.3984 0.3517 -0.1405 -0.165 0.9762 0.8825 -0.3973 0.2515 0.317 -0.2681 0.9098 0.4834 -0.3019 0.8217 0.4319 -0.3225 0.8423 0.9191 -0.3581 0.1646 0.4259 -0.4957 0.7569 0.6915 -0.4442 0.5697 -0.4495 -0.3493 0.8222 0.4968 -0.5883 0.638 -0.5916 -0.5769 0.5632 0.8938 -0.399 0.2048 0.7235 -0.6461 0.243 0.9405 -0.339 0.0249 0.6286 -0.7539 -0.1909 0.2978 -0.897 -0.3265 0.8148 -0.5084 -0.2787 0.8957 -0.402 -0.1901 -0.377 -0.426 -0.8225 -0.0929 -0.3786 -0.9209 -0.3277 -0.1594 -0.9312 -0.539 -0.0346 -0.8416 -0.4799 -0.6482 -0.5911 -0.8404 -0.3777 -0.3887 -0.949 -0.1237 -0.2902 -0.4474 -0.2931 -0.8449 -0.4978 -0.802 -0.3303 0.0114 -0.5542 -0.8323 0.149 -0.0506 -0.9875 -0.3311 -0.0344 -0.943 0.1472 -0.2025 -0.9682 -0.0749 -0.1909 -0.9787 0.0804 -0.2146 -0.9734 0.7498 -0.4175 -0.5132 0.7628 -0.4216 -0.4903 0.857 -0.4957 -0.141 0.9222 -0.3569 -0.1489 0.4875 -0.5905 -0.6432 0.8155 -0.2499 0.522 0.8516 -0.2131 0.479 0.6225 -0.0371 0.7817 0.8796 -0.0995 0.4651 -0.2113 0.0254 0.9771 0.6154 0.1385 0.7759 0.9906 -0.0484 0.1283 0.9597 0.2674 -0.0869 0.9652 -0.1618 0.2053 0.9149 -0.0957 -0.3922 0.3819 -0.0451 -0.9231 0.9173 0.0266 -0.3972 0.3216 0.0314 -0.9464 0.2283 0.2429 -0.9428 0.5795 0.489 -0.652 0.0457 0.3952 -0.9175 0.1755 0.9221 -0.3449 -0.156 0.1328 -0.9788 -0.5339 0.5861 -0.6095 0.2538 0.9672 0.0063 0.5824 0.8094 -0.0751 0.6846 0.7289 -0.0011 0.7746 0.6105 0.1652 0.9587 0.2845 -0.0005 0.9305 0.2033 0.3047 0.4628 0.0326 0.8859 -0.1636 0.3139 0.9353 -0.8984 0.1429 0.4152 -0.8305 0.1661 0.5317 -0.9798 0.1905 0.0606 -0.5607 0.2444 0.7911 -0.0427 0.1744 0.9837 0.5209 -0.0949 0.8483 0.3207 -0.1252 0.9389 0.6818 -0.2975 0.6683 0.882 -0.4258 0.2021 0.8595 -0.3199 0.3986 0.8935 -0.4016 -0.2009 0.8328 -0.392 -0.3908 0.4703 -0.2729 -0.8393 0.0204 -0.1189 -0.9927 0.6498 -0.3744 -0.6615 0.6854 -0.4091 -0.6023 0.736 -0.4044 -0.5429 0.9318 -0.3517 -0.0896 0.9461 -0.3175 -0.0635 0.9178 -0.3743 -0.1322 0.2324 -0.2056 -0.9506 0.4841 -0.0152 -0.8749 0.5613 -0.105 -0.821 0.6611 -0.3276 -0.675 0.9039 -0.4111 -0.1184 0.8619 -0.3092 -0.4019 0.8751 -0.4258 -0.23 0.777 -0.1531 -0.6106 0.8742 -0.3556 -0.3306 0.8933 -0.4234 -0.1509 0.9084 -0.351 -0.2272 0.8726 0.083 -0.4814 0.9473 -0.2753 -0.164 0.8731 -0.4865 -0.0316 0.8084 -0.4877 0.3297 0.7157 -0.4824 0.5051 0.8659 -0.4715 0.1671 0.8692 -0.1918 -0.4557 0.4781 -0.3854 -0.7893 0.1744 -0.8996 -0.4004 0.2116 -0.6893 -0.6929 -0.238 -0.6547 -0.7174 0.0003 -1 0.0012 0.5088 -0.7426 -0.4355 -0.678 -0.7264 -0.1125 0.2729 -0.6498 0.7094 0.1753 -0.4592 0.8709 0.6853 -0.7244 -0.0755 -0.1281 -0.9881 -0.085 -0.3718 -0.8018 0.4678 -0.7999 -0.5836 0.1401 -0.9659 -0.2193 -0.1374 -0.745 -0.3418 0.5729 -0.7391 -0.1128 0.6641 -0.3746 -0.1997 0.9054 -0.5904 -0.8028 0.0831 -0.6269 -0.3954 -0.6714 -0.9641 -0.2493 0.0917 -0.3568 -0.666 0.6551 -0.4397 -0.872 0.2153 -0.2287 -0.7332 0.6403 0.7323 -0.6392 -0.2348 0.4845 -0.8657 0.1254 0.6729 -0.5934 0.4417 -0.7675 0.1897 0.6123 -0.7103 0.7039 0.0041 -0.4472 0.4002 0.7999 -0.7608 0.5575 0.3323 -0.2027 0.8637 0.4614 0.956 -0.2923 -0.0259 0.9493 -0.309 -0.0573 -0.6497 -0.0272 -0.7597 0.5136 -0.0871 0.8536 0.5527 -0.0755 0.8299 0.6822 -0.2716 -0.6789 -0.3902 0.1291 -0.9116 0.1834 -0.1188 0.9758 0.1993 0.8936 -0.4021 0.0213 0.9048 -0.4254 -0.5316 0.7851 -0.3179 -0.6344 0.5614 -0.5314 0.3267 0.6305 -0.704 -0.7529 0.45 -0.4802 -0.8831 0.1687 -0.4377 -0.539 0.8189 -0.1974 -0.7036 0.6388 -0.3114 0.5664 0.7997 -0.1992 0.32 0.9275 -0.1933 0.0218 0.986 -0.1652 -0.0068 0.7785 0.6276 -0.177 0.9575 -0.2275 -0.304 0.9328 -0.1937 -0.4476 0.8887 -0.0994 -0.4169 0.803 -0.426 -0.6135 0.7421 -0.2702 -0.7133 0.6707 -0.2035 -0.7887 0.5549 -0.2645 -0.8102 0.47 -0.3504 -0.9518 0.2721 -0.1413 -0.8565 0.3188 -0.4061 -0.9468 0.1532 -0.283 -0.8616 0.2212 -0.4568 0.3497 0.869 -0.3502 -0.0087 0.9198 -0.3923 -0.9876 0.0315 -0.154 -0.9677 0.0129 -0.2519 -0.7844 0.466 -0.4094 -0.1095 0.7575 -0.6435 -0.2414 0.8397 -0.4865 -0.4373 0.7043 -0.5592 0.1107 0.6845 -0.7205 -0.2136 0.6245 -0.7512 -0.6784 0.3938 -0.6203 -0.7571 0.2197 -0.6153 0.0542 0.5251 -0.8493 -0.4027 0.5653 -0.7199 -0.5217 0.393 -0.7572 0.0152 0.4836 -0.8752 -0.2155 0.4758 -0.8528 -0.6085 0.2995 -0.7349 -0.4624 0.4734 -0.7497 0.1725 0.7215 -0.6705 -0.153 0.7312 -0.6648 -0.2958 0.6283 -0.7196 -0.5902 0.6752 -0.4424 0.418 0.837 -0.3532 0.1524 0.4492 -0.8803 -0.6576 0.162 -0.7357 -0.8943 0.4011 -0.1985 -0.1117 0.9486 -0.2963 -0.3049 0.9011 -0.3084 0.2861 0.9451 -0.1579 0.0043 0.8753 -0.4835 -0.2725 0.9403 -0.2037 -0.5421 0.7744 -0.3262 -0.8053 0.591 -0.047 -0.9087 0.2461 -0.3372 -0.9976 0.011 -0.0681 -0.8959 0.2373 -0.3755 -0.9149 0.2252 -0.3349 -0.8221 0.095 -0.5614 0.1347 0.9876 -0.0807 -0.2395 0.7591 0.6053 -0.5959 0.7928 -0.1279 0.229 0.6964 0.6802 -0.1373 0.7396 0.6589 -0.6409 0.4617 0.6132 -0.6905 0.3228 0.6473 0.4229 0.6061 0.6736 0.4303 0.8995 -0.076 0.2677 0.6809 0.6817 0.231 0.9696 -0.0806 -0.5304 0.5345 0.658 -0.6816 0.4145 0.603 -0.7483 0.0973 0.6562 -0.4183 -0.1781 0.8907 0.7078 -0.214 0.6732 -0.0136 -0.3791 0.9252 -0.49 -0.3445 0.8008 0.8175 -0.3277 0.4736 0.7256 -0.3951 0.5634 0.7138 -0.5112 0.4787 0.7253 -0.6174 0.3046 0.616 -0.5877 0.5245 0.4378 -0.7034 0.56 0.1845 -0.7754 0.6039 0.0597 -0.9059 0.4193 -0.287 -0.8631 0.4157 -0.4275 -0.6951 0.5779 -0.5875 -0.7479 0.309 -0.6952 -0.5983 0.3984 -0.0206 -0.9639 0.2656 0.9393 -0.3076 0.1518 -0.3034 -0.3272 0.895 0.1921 -0.7821 0.5928 0.4026 -0.1473 0.9034 0.3822 -0.2121 0.8994 0.17 -0.1622 0.972 0.0689 -0.1552 0.9855 0.9085 -0.146 0.3914 0.0955 -0.8879 0.45 -0.0479 -0.7813 0.6224 -0.8396 -0.4655 0.28 -0.2182 -0.9163 0.3359 0.3352 -0.371 0.866 0.1235 -0.3624 0.9238 -0.1425 -0.4155 0.8984 -0.0981 -0.8105 0.5775 -0.8208 -0.4582 0.341 0.8849 -0.3838 0.2638 -0.0971 -0.2142 0.972 0.8649 -0.4397 0.2422 -0.3983 -0.8195 0.412 0.4982 -0.504 0.7056 0.2148 -0.7407 0.6365 0.5479 -0.7654 0.3376 -0.139 -0.0902 0.9862 -0.0503 -0.1418 0.9886 0.9877 -0.1216 0.0987 0.8734 -0.1758 0.4541 0.9482 -0.2766 0.1561 0.2231 -0.7152 0.6624 0.0372 -0.7797 0.6251 0.0578 -0.7096 0.7022 0.1085 -0.7163 0.6893 0.4532 -0.5287 0.7177 0.3641 -0.6209 0.6942 0.6086 -0.7732 0.1781 0.6504 -0.759 0.0288 0.983 -0.1467 0.1105 0.0035 -0.0102 0.9999 0.1027 -0.0246 0.9944 0.3266 -0.0652 0.9429 -0.0582 -0.0207 0.9981 0.3952 -0.791 0.4671 0.3807 -0.5634 0.7333 0.304 0.1593 -0.9393 -0.5178 0.3716 -0.7706 -0.0991 0.2811 -0.9546 -0.2824 0.4398 -0.8526 0.9414 -0.1003 -0.322 -0.6537 0.627 -0.4238 -0.3727 0.8659 -0.3336 -0.1448 0.9488 -0.2809 0.4167 0.8503 -0.3216 0.1518 0.1306 -0.9797 0.7151 -0.3705 -0.5928 -0.7889 0.2351 -0.5678 -0.246 0.0913 -0.965 0.7768 -0.2389 -0.5826 0.0692 0.2975 -0.9522 0.2412 0.2573 -0.9357 0.5355 0.3712 -0.7586 -0.7803 0.3165 -0.5395 -0.0187 0.5328 -0.846 0.2865 0.4917 -0.8223 -0.4719 0.6342 -0.6124 -0.2044 0.7607 -0.6161 0.1549 0.8393 -0.5211 0.2837 0.7261 -0.6264 0.6048 0.6755 -0.4218 -0.8635 0.5042 0.0091 -0.5259 0.2633 -0.8088 -0.2793 0.2434 -0.9288 -0.0699 0.1617 -0.9844 0.7863 0.5196 -0.3342 0.8231 0.5601 -0.0941 0.4827 -0.5655 -0.6687 -0.0843 0.0087 -0.9964 -0.2957 -0.6423 -0.7071 0.0824 0.1004 -0.9915 -0.1439 0.1457 -0.9788 -0.392 0.1843 -0.9013 -0.8172 0.1483 -0.5569 0.4645 -0.821 -0.3319 -0.1133 -0.7032 -0.7019 -0.5017 -0.6212 -0.602 0.5969 -0.4086 -0.6905 -0.7432 -0.6127 -0.2687 -0.0033 0.0154 -0.9999 -0.0131 -0.0555 -0.9984 -0.9489 0.2538 -0.1875 -0.896 0.349 -0.2745 -0.0451 -0.7169 -0.6957 0.0919 -0.7451 -0.6606 0.3247 -0.7218 -0.6112 -0.9708 0.1969 0.1366 -0.6348 -0.7552 -0.1637 -0.9341 -0.1874 -0.3039 -0.9535 0.0699 -0.293 -0.7784 0.1402 -0.612 -0.8481 0.0438 -0.528 -0.9737 -0.074 -0.2154 -0.083 -0.9961 -0.0302 -0.6174 -0.7667 0.1757 -0.9339 -0.0026 -0.3575 -0.9977 -0.0052 -0.067 -0.9951 0.0145 -0.0977 0.7632 -0.6212 0.1779 0.7149 -0.693 0.0932 0.6975 -0.6733 0.2451 0.6301 -0.5472 0.5509 0.5398 -0.3162 0.7801 -0.6704 -0.3319 0.6636 -0.5871 -0.6624 0.4653 -0.303 -0.3649 0.8804 -0.4497 -0.4973 0.7419 -0.6214 -0.6632 0.4172 0.1486 -0.831 0.5361 -0.7972 -0.4857 0.3586 -0.7135 -0.5505 0.4335 -0.4908 -0.5624 0.6655 -0.3272 -0.5084 0.7965 -0.0466 -0.7165 0.696 -0.4054 -0.8157 0.4126 0.0557 -0.7067 0.7054 -0.5837 -0.8063 0.096 0.0276 -0.8327 0.553 0.3925 -0.8632 0.3175 -0.7208 -0.2455 0.6482 -0.5092 -0.2747 0.8156 -0.5947 -0.2907 0.7495 -0.69 -0.1872 0.6991 0.5184 0.7337 -0.4394 0.9493 -0.2537 -0.1854 0.2719 0.3851 -0.8819 0.3611 0.4679 -0.8067 0.8686 -0.362 -0.3384 0.5662 0.6254 -0.537 0.7618 0.5215 -0.3843 0.7035 0.632 -0.3249 0.9883 -0.1343 -0.0719 0.7418 -0.6691 -0.0453 0.8291 -0.3363 -0.4467 0.9154 -0.1607 -0.369 0.49 0.5428 0.6822 0.6045 0.3278 0.726 0.997 -0.074 -0.0226 0.8355 0.0388 0.5481 0.7764 0.4682 -0.4218 0.6994 0.179 -0.692 0.4979 0.2657 -0.8255 0.525 0.3885 -0.7572 0.6889 0.263 -0.6755 0.6065 0.5342 0.589 -0.4402 -0.4707 0.7646 -0.2618 -0.602 0.7544 -0.3164 -0.592 0.7412 0.155 -0.6348 0.757 0.2338 -0.6017 0.7637 0.8758 -0.4584 0.1511 0.5961 -0.1303 0.7923 0.7063 0.0056 0.7079 -0.2419 -0.6198 0.7466 0.0401 -0.6334 0.7728 0.4058 -0.5359 0.7403 0.4945 -0.443 0.7478 0.6002 -0.3065 0.7388 0.7089 -0.0039 0.7053 0.6341 0.0152 0.7731 0.9972 -0.0075 0.074 -0.2884 0.6469 0.7059 -0.445 0.5353 0.718 -0.39 0.6207 0.6801 -0.7192 -0.0132 0.6947 -0.0054 0.1486 0.9889 -0.4245 0.5984 0.6795 -0.7114 -0.0034 0.7028 0.3392 0.6386 0.6908 0.1605 0.7172 0.6782 -0.0767 0.7412 0.6669 0.9243 -0.0464 0.3787 0.9893 -0.0962 0.1093 0.9639 0.1067 0.2441 0.9122 -0.0092 0.4097 0.975 -0.0261 0.2205 -0.3138 -0.9447 0.0948 -0.0837 -0.6302 0.7719 0.3949 -0.9029 0.1697 0.5507 -0.8242 0.1317 0.7175 -0.6955 0.0367 0.8072 -0.581 0.1042 0.943 -0.1734 0.284 -0.1793 -0.9263 0.3313 -0.1709 -0.6362 0.7524 0.8207 -0.1587 0.5489 0.7648 -0.1829 0.6177 -0.1937 -0.6258 0.7555 0.8719 -0.2992 0.3877 -0.1418 -0.9374 0.318 0.223 -0.9738 0.0441 0.2727 -0.7178 0.6406 0.6212 -0.5664 0.5416 0.7455 -0.4202 0.5174 0.0939 -0.9339 0.3451 -0.025 -0.7594 0.6501 0.243 -0.7953 0.5554 0.4219 -0.7517 0.5069 0.4997 -0.6383 0.5856 0.6518 -0.5784 0.4906 0.7246 -0.4833 0.4912 0.8127 -0.3543 0.4626 0.2521 -0.5537 0.7936 0.4942 -0.4575 0.7393 0.63 -0.3455 0.6955 0.0593 -0.5787 0.8134 0.0589 -0.5993 0.7983 0.4759 -0.6732 0.566 -0.6418 -0.643 0.4179 -0.1782 -0.9107 0.3726 0.1783 -0.9818 0.0658 -0.109 -0.994 0.0094 -0.0055 -0.5481 0.8364 0.0174 -0.7053 0.7087 0.2228 -0.3344 0.9157 0.36 -0.0615 0.9309 0.9491 -0.0849 0.3034 0.9837 -0.1734 -0.0477 0.9792 -0.2004 -0.0326 0.8056 -0.1802 0.5643 0.3175 -0.0928 0.9437 -0.2265 0.0481 0.9728 -0.7812 0.2242 0.5827 0.4412 -0.1864 0.8778 -0.3982 0.1509 0.9048 0.9573 -0.2717 0.0985 0.8513 -0.3661 0.3759 0.7303 -0.1893 -0.6564 0.8538 -0.4152 -0.3139 0.7961 -0.5466 -0.2596 0.4311 -0.3333 -0.8385 0.624 -0.584 -0.5192 0.6802 -0.7315 0.0471 0.1835 -0.1948 -0.9635 0.5334 -0.6595 -0.5297 0.5662 -0.8178 0.1031 0.6549 -0.7404 0.1515 0.553 -0.6486 0.5229 0.3543 -0.4117 0.8396 0.3855 -0.6435 0.6613 0.4381 -0.8989 -0.0051 0.4441 -0.8957 -0.0246 0.4478 -0.8184 -0.3602 0.5193 -0.8284 -0.2098 0.2751 -0.4004 -0.8741 -0.0291 0.1059 -0.994 -0.0013 0.1388 -0.9903 -0.1823 0.499 -0.8472 0.0886 -0.1374 -0.9866 -0.0281 0.1745 -0.9843 -0.1368 0.1889 -0.9724 -0.1557 0.3267 -0.9322 -0.2711 0.468 -0.8411 -0.4134 0.8148 -0.4065 -0.3891 0.8612 0.3269 -0.3564 0.8656 0.3518 -0.3267 0.8029 -0.4987 -0.2335 0.8005 -0.552 -0.229 0.8031 0.5501 -0.2111 0.5933 0.7768 -0.2081 0.8139 0.5425 -0.0545 0.2053 0.9772 0.091 -0.13 0.9873 -0.0986 0.1991 0.975 -0.0464 0.2893 0.9561 -0.0009 0.1533 0.9882 -0.0825 0.4509 0.8887 -0.1071 0.8645 0.4912 -0.1266 0.9185 0.3747 -0.036 0.9482 0.3156 0.0064 0.7936 0.6084 0.0517 0.9349 0.351 -0.0009 0.9526 -0.3043 0.0599 0.9302 -0.3622 0.1183 0.8293 0.5462 0.1488 0.8124 0.5638 0.0281 0.2029 0.9788 0.1071 0.708 0.6981 0.0553 0.171 0.9837 0.0926 0.1306 0.9871 -0.1277 -0.1089 0.9858 -0.2189 -0.2706 0.9375 -0.1159 -0.1202 0.986 -0.0461 -0.1169 0.9921 0.0715 0.1111 0.9912 -0.0077 -0.0687 0.9976 -0.048 -0.1545 0.9868 -0.0195 -0.1317 0.9911 0.0019 -0.1468 0.9892 0.0396 -0.1722 0.9843 0.2502 0.6266 0.7381 0.0582 0.2225 0.9732 -0.3737 -0.1902 0.9078 -0.8965 -0.3757 0.235 -0.1796 -0.0858 0.98 -0.7755 -0.2821 0.5649 -0.9614 -0.2752 -0.0004 -0.8246 -0.4763 0.3051 -0.9132 -0.3973 -0.0913 -0.8568 -0.4718 -0.208 -0.6696 -0.4629 -0.5807 -0.7837 -0.6172 -0.0693 -0.698 -0.7155 -0.0295 -0.8051 -0.5899 0.0614 -0.6533 -0.355 0.6687 -0.5306 -0.4552 0.715 -0.5138 -0.4553 0.7271 -0.5094 -0.5867 0.6295 -0.5205 -0.7056 0.4809 -0.5213 -0.8526 -0.0365 -0.1762 -0.2797 0.9438 -0.3423 -0.5776 0.7411 -0.43 -0.8698 0.2419 -0.298 -0.9517 0.0736 -0.4338 -0.9008 -0.0193 -0.3129 -0.9025 -0.296 -0.3879 -0.7651 -0.5139 -0.504 -0.812 -0.2945 -0.6089 -0.7834 -0.1245 -0.6039 -0.6825 -0.4117 -0.6744 -0.7226 -0.1517 -0.4099 -0.3868 -0.826 -0.5766 -0.5407 -0.6125 -0.1806 -0.1451 -0.9728 0.0369 0.0963 -0.9947 0.0972 0.1849 -0.9779 -0.0231 -0.1425 -0.9895 0.1705 0.453 -0.8751 -0.0389 -0.1478 -0.9883 0.1213 0.3753 -0.9189 -0.1309 -0.2698 -0.954 0.1064 0.172 -0.9793 0.0359 -0.1641 -0.9858 -0.0014 -0.1434 -0.9897 0.0196 0.1082 -0.9939 0.0996 0.5212 -0.8476 0.0272 0.2337 -0.9719 0.3319 0.8721 -0.3596 0.3927 0.8965 0.2051 0.3891 0.7437 -0.5436 0.4235 0.7207 -0.5489 0.5535 0.8111 0.1889 0.6098 0.7688 -0.1927 0.4708 0.725 -0.5027 0.2644 0.3581 -0.8955 0.1871 0.251 -0.9497 0.5326 0.5874 -0.6093 0.5395 0.5851 -0.6055 0.7114 0.6915 -0.1253 0.662 0.6693 0.3375 0.0738 0.0781 0.9942 0.176 0.1563 0.9719 0.3594 0.3537 0.8635 0.6489 0.563 0.5119 0.768 0.5522 0.3245 0.6445 0.4969 0.5812 0.7763 0.6172 -0.1281 0.6663 0.4825 -0.5685 0.7005 0.6085 -0.373 0.9013 0.431 0.0446 0.4293 0.385 -0.817 0.2923 0.2465 -0.924 0.1413 0.1049 -0.9844 -0.1103 -0.0469 -0.9928 0.8314 0.4869 -0.2679 0.6734 0.4471 -0.5887 0.1405 0.0788 -0.9869 0.6903 0.3615 -0.6267 0.7051 0.3065 -0.6394 0.168 0.0661 -0.9836 0.0978 0.0167 -0.9951 0.5388 0.152 -0.8286 0.8372 0.4747 -0.2717 0.8902 0.4326 0.143 0.8466 0.3985 0.3527 0.6676 0.274 0.6923 0.4835 -0.0119 0.8752 0.9977 -0.0524 -0.042 0.903 0.0255 -0.4288 0.8824 0.2564 -0.3945 0.4836 0.051 -0.8738 0.7418 0.1469 -0.6543 0.8638 0.2967 -0.4071 0.8854 0.3566 -0.2981 0.9058 0.3035 -0.2956 0.8737 0.1825 -0.451 0.8827 0.451 -0.1324 0.9134 0.3491 -0.2093 0.9273 0.3322 -0.1728 0.906 0.401 -0.1358 0.9895 0.0147 -0.1441 0.9885 0.145 0.0423 0.8577 0.5138 -0.0207 0.882 0.4712 -0.0129 0.9512 0.3047 0.0478 0.943 0.3 0.1443 0.928 0.3409 0.1503 0.8828 0.4271 0.1957 0.882 0.4529 0.1301 0.8726 0.3873 0.2977 0.777 0.3025 0.5521 0.8649 0.2975 0.4042 0.9137 0.3279 0.2399 0.9091 0.4014 0.1113 0.9057 0.4165 -0.0793 0.858 0.5135 -0.0153 0.8738 0.4862 0.0089 0.7704 0.478 0.4219 0.3464 0.2299 0.9095 0.38 0.21 0.9008 0.1065 0.0435 0.9934 0.6653 0.2901 0.6879 0.9079 0.3775 0.1825 0.8013 0.3314 0.498 0.9056 0.3711 -0.2054 0.706 0.428 -0.5643 0.881 0.3971 -0.2572 0.8327 0.5371 0.1345 0.8532 0.438 -0.2832 0.7791 0.1295 0.6134 0.9754 0.1747 0.1341 0.8542 0.1833 -0.4865 0.9038 0.4115 -0.1173 0.9817 0.1511 -0.1157 0.613 0.0802 0.786 0.9418 0.1087 0.3181 0.9903 -0.0382 -0.1339 0.829 -0.5593 0.003 0.9081 -0.3343 0.2524 0.4383 -0.8927 0.1047 0.848 -0.0687 0.5255 0.3906 -0.5881 0.7082 0.2763 -0.8827 0.3802 -0.0048 -0.5662 0.8242 -0 -0.9511 0.309 0.3166 -0.9485 0.0056 -0.1025 -0.9947 -0.0018 -0.5465 -0.3345 0.7678 -0.156 -0.9065 0.3924 -0.9096 -0.2612 0.3232 -0.9141 -0.1734 0.3666 -0.8995 -0.2652 -0.3472 -0.9896 -0.134 -0.0524 -0.9414 -0.3315 -0.0615 -0.89 -0.4559 -0.0007 -0.8683 -0.0845 -0.4888 -0.7211 -0.4404 -0.5348 -0.1767 -0.3575 -0.9171 0.0131 -0.9296 -0.3684 -0.0108 -0.8853 -0.465 0.0029 -0.4602 -0.8878 -0.0129 -0.1365 -0.9906 -0.3316 -0.055 -0.9418 -0.8649 -0.1291 -0.485 -0.8563 -0.2088 -0.4724 -0.3828 -0.1072 -0.9176 -0.8778 -0.2248 -0.423 0.9291 0.2958 -0.2222 0.9299 0.3519 0.1067 0.8654 0.4509 0.2189 0.3406 0.9372 0.0753 -0.5072 0.6732 0.538 -0.2302 0.7851 0.575 -0.2013 0.9631 -0.1784 -0.272 0.7129 -0.6464 -0.3677 0.4391 -0.8198 -0.3428 0.3124 -0.8859 -0.4061 0.1543 -0.9007 -0.5859 0.0361 -0.8096 -0.7595 0.1031 -0.6423 -0.1631 0.625 -0.7634 0.3263 -0.0052 -0.9452 0.3034 0.1393 -0.9426 0.3029 0.1875 -0.9344 -0.1476 0.0925 -0.9847 0.9141 0.3474 -0.209 0.6815 0.3073 -0.6642 0.8998 0.3928 -0.1898 0.641 0.4139 -0.6464 0.0487 0.2976 -0.9534 0.4231 0.45 -0.7865 0.4335 0.5907 -0.6806 0.4539 0.7251 -0.5179 0.6568 0.7531 0.0364 0.8257 0.4097 -0.3878 0.7916 0.4072 -0.4557 0.8073 0.3734 -0.4569 0.8383 0.3942 -0.3767 0.8331 0.2913 -0.4702 0.8443 0.4435 0.3008 0.8769 0.4706 -0.0977 0.9159 0.321 -0.241 0.2693 0.0288 -0.9626 0.6604 0.6053 -0.4444 0.697 0.6277 0.3467 0.1936 0.6279 0.7538 -0.4792 -0.0246 0.8774 -0.4755 0.0463 0.8785 -0.8406 0.126 0.5268 -0.3552 0.6477 0.6741 -0.5222 0.207 0.8273 -0.6242 0.1608 0.7646 -0.3851 0.4478 0.807 -0.6733 0.6385 0.3728 -0.7204 0.6414 -0.2638 -0.9689 0.232 0.0859 -0.7031 0.7037 0.1024 -0.8682 0.3157 -0.3829 0.3561 0.5857 0.7281 0.869 0.4038 0.2858 -0.1797 0.2808 0.9428 0.1209 0.3216 0.9391 0.4444 0.3532 0.8233 0.7731 0.4089 0.4848 0.8633 0.2934 -0.4106 0.8342 0.3697 0.4093 0.921 0.3559 0.1581 0.8759 0.3996 0.2703 0.5271 0.3451 0.7766 0.0714 0.162 0.9842 0.0629 0.0285 0.9976 0.2864 0.1977 0.9375 0.386 0.292 0.875 -0.1284 0.1269 0.9836 -0.334 0.1405 0.932 0.831 0.3982 0.3885 0.4212 0.2479 0.8724 0.9282 0.3524 0.1193 0.8383 0.1255 -0.5306 0.7479 0.0714 -0.66 0.2217 -0.1514 -0.9633 0.3123 0.0224 -0.9497 0.5324 -0.3347 -0.7775 0.4708 -0.8009 -0.37 0.1095 -0.6002 -0.7923 0.1127 -0.9846 -0.1336 -0.0224 -0.4915 -0.8706 0.8813 -0.4002 -0.2515 0.828 -0.042 -0.5591 0.1048 -0.9848 -0.1387 -0.8054 -0.3186 -0.4999 -0.6295 -0.346 -0.6958 -0.824 -0.4827 -0.2967 -0.2541 -0.1751 -0.9512 -0.4796 -0.2006 -0.8543 -0.1911 -0.9082 -0.3724 -0.4737 -0.8612 -0.1842 -0.6049 -0.7954 -0.0389 -0.4608 -0.8875 0.0009 -0.4735 -0.8808 0.0016 -0.1365 -0.9906 0.0135 -0.5216 -0.8277 0.2071 -0.7038 -0.66 0.2628 -0.8763 -0.4814 0.0163 -0.4392 -0.1125 0.8913 -0.3667 -0.1048 0.9244 -0.0925 -0.0256 0.9954 0.4182 0.1128 0.9013 0.5564 0.2552 0.7907 -0.0038 -0.1655 0.9862 -0.3095 -0.1434 0.94 -0.3733 -0.0533 0.9262 0.1756 0.0258 0.9841 0.1274 -0.2408 0.9622 0.5067 -0.1296 0.8523 0.5434 0.0464 0.8382 0.1422 0.0986 -0.9849 0.3981 0.5614 0.7255 0.5665 0.7407 0.3611 0.3113 0.5238 0.7929 0.1918 0.3725 0.908 0.3348 0.6817 0.6505 0.1335 0.2909 0.9474 0.4402 0.8148 0.3773 0.3185 0.9027 0.2893 0.2365 0.8346 -0.4975 0.2654 0.9441 0.1955 0.205 0.6713 0.7123 0.1934 0.92 -0.3408 0.1055 0.8531 -0.5109 0.0147 0.5157 -0.8567 -0.0246 0.6215 -0.7831 -0.0711 0.9303 -0.3598 -0.1139 0.9288 -0.3527 -0.0521 0.4991 -0.865 -0.0058 0.1236 -0.9923 -0.0982 0.4316 -0.8967 -0.1235 0.7391 -0.6622 -0.2062 0.9456 -0.2515 -0.1181 0.8109 0.5731 -0.1846 0.9134 0.3627 -0.0527 0.1564 -0.9863 0.5008 0.8145 0.2931 0.6486 0.7514 0.121 0.5083 0.5651 0.6498 0.2152 0.4906 -0.8444 -0.4495 -0.703 -0.5511 -0.4521 -0.6253 -0.636 -0.1406 -0.3139 -0.939 -0.2025 -0.6209 -0.7573 -0.2288 -0.9006 -0.3696 -0.1449 -0.6869 -0.7122 -0.1377 -0.5222 -0.8416 -0.0673 -0.5906 -0.8042 -0.2023 -0.9617 -0.1848 -0.1159 -0.935 -0.3353 -0.0798 -0.996 -0.0403 -0.0975 -0.9943 -0.0439 -0.0641 -0.8454 -0.5302 0.0254 -0.6391 -0.7687 0.018 -0.2494 -0.9682 0.067 -0.7584 -0.6483 -0.0231 -0.9997 0.0016 0.1004 -0.9847 -0.1421 0.2092 -0.9625 -0.1724 0.2733 -0.8187 -0.5051 0.2379 -0.7972 -0.5549 0.3479 -0.871 -0.347 0.0982 -0.1803 -0.9787 0.3091 -0.5449 -0.7795 0.1677 -0.6779 -0.7158 0.1142 -0.7207 -0.6838 0.29 -0.9462 0.1432 0.3042 -0.9209 0.2436 0.1681 -0.6716 0.7216 0.1937 -0.5002 0.844 0.0394 -0.1058 0.9936 0.3802 -0.7532 0.5368 0.3825 -0.9031 0.1953 0.1539 -0.2453 0.9572 0.14 -0.7868 0.6011 0.1694 -0.9845 0.0457 0.1325 -0.984 0.1193 0.0827 -0.8031 0.59 0.0564 -0.4315 0.9003 0.0699 -0.9792 0.1905 0.0002 -0.5215 0.8533 -0.0635 -0.9468 0.3155 -0.0432 -0.6529 0.7563 -0.133 -0.918 0.3736 -0.147 -0.7749 0.6148 -0.1918 -0.7344 0.6511 -0.1252 -0.7362 0.6651 -0.283 -0.8736 0.3958 -0.2246 -0.656 0.7206 -0.3606 -0.8647 0.3496 -0.1861 -0.4689 0.8634 -0.0824 -0.5158 0.8528 -0.1314 -0.1874 -0.9735 0.0311 0.4923 0.8699 -0.1858 0.445 0.876 -0.317 0.9302 0.1852 -0.3754 0.7548 0.5379 -0.0835 0.1248 0.9887 -0.2415 0.424 0.8729 -0.4751 0.7888 0.3901 -0.4717 0.8722 0.1297 -0.4938 0.7946 -0.3533 -0.5392 0.8355 0.106 -0.5288 0.7604 0.377 -0.4755 0.706 -0.5248 -0.2586 0.4181 -0.8708 -0.5201 0.6746 -0.5239 -0.5623 0.8192 -0.1131 -0.6144 0.7073 0.3496 -0.3684 0.4068 0.836 -0.5562 0.7538 0.3499 -0.4066 0.5064 0.7604 -0.0935 0.1249 0.9877 -0.2978 0.4575 0.8379 -0.0965 0.1057 0.9897 0.2304 -0.2593 0.9379 0.2309 -0.2133 0.9493 -0.2479 0.2562 0.9343 -0.553 0.5106 0.6584 -0.6004 0.4999 0.6242 -0.6517 0.6717 0.3524 -0.3925 0.4068 0.8249 -0.6583 0.6603 -0.3614 -0.7246 0.6715 -0.1546 -0.3439 0.3186 -0.8833 -0.4766 0.5279 -0.7029 -0.5535 0.6553 -0.5141 -0.1278 0.1357 -0.9825 -0.185 0.2279 -0.9559 0.1286 -0.1354 -0.9824 0.1679 -0.1344 -0.9766 -0.2145 0.169 -0.962 -0.4919 0.4728 -0.7311 -0.6559 0.5579 -0.5085 -0.7895 0.6007 -0.1262 -0.7168 0.5222 -0.4621 -0.7353 0.6583 0.1611 -0.7878 0.6063 0.1082 -0.6794 0.4632 0.5691 -0.5261 0.3791 0.7612 -0.8108 0.555 0.1863 -0.8865 0.4587 -0.0613 -0.9477 0.3111 -0.0706 -0.7723 0.3583 0.5245 -0.8757 0.4659 -0.1267 -0.9422 0.2579 -0.2137 -0.9078 0.2933 -0.2996 -0.9172 0.1387 -0.3734 -0.9973 0.0703 -0.0201 -0.64 0.0404 -0.7673 -0.9372 0.3202 -0.1385 -0.9461 0.2882 -0.1475 -0.9398 0.3323 -0.0796 -0.949 0.3131 -0.0367 -0.9999 -0.0093 -0.0073 -0.9206 0.3877 -0.046 -0.8744 0.4848 0.0188 -0.8437 0.5368 -0.0023 -0.9235 0.3779 -0.0655 -0.8541 0.5196 -0.0246 -0.9863 0.1386 0.0897 -0.932 0.3362 0.1356 -0.9032 0.4133 0.116 -0.8795 0.4711 0.0668 -0.9057 0.2928 0.3065 -0.8717 0.4866 0.0584 -0.7875 0.5364 -0.3035 -0.7172 0.4438 -0.5372 -0.5116 0.3765 -0.7724 -0.1794 0.109 -0.9777 0.1141 -0.0711 -0.9909 0.3263 -0.2024 -0.9233 0.122 -0.0977 -0.9877 -0.3385 0.1788 -0.9238 0.3237 -0.1026 -0.9406 -0.4976 0.2441 -0.8324 -0.2722 0.1083 -0.9561 0.1252 -0.0463 -0.991 -0.4273 0.1883 -0.8843 -0.6814 0.2748 -0.6783 -0.8326 0.3757 -0.407 -0.8632 0.4107 0.2937 -0.9037 0.4161 0.1011 -0.901 0.4336 0.0127 -0.8862 0.4393 0.147 -0.8108 0.4408 -0.3851 -0.8415 0.2826 0.4605 -0.7253 0.1238 0.6772 -0.9087 0.0512 0.4142 -0.4898 0.0282 0.8714 -0.3569 0.2332 0.9046 -0.7004 0.2266 0.6768 -0.1094 0.1369 0.9845 -0.1154 0.0453 0.9923 -0.0924 0.0617 0.9938 0.0894 0.0911 0.9918 -0.3672 0.1559 0.917 -0.1882 0.1355 0.9727 -0.2225 0.2159 0.9507 -0.6466 0.3761 0.6637 -0.8391 0.3891 0.3802 -0.9119 0.4039 -0.073 -0.8791 0.3874 0.2775 -0.7999 0.4059 0.442 -0.7714 0.3742 0.5148 -0.3364 0.2855 0.8974 -0.4945 0.3456 0.7975 -0.4513 0.3795 0.8077 -0.8921 0.3811 0.2426 -0.3673 0.3828 0.8477 -0.713 0.42 0.5615 -0.7177 0.4544 0.5277 -0.2064 0.4153 0.886 0.3365 0.3155 0.8872 0.2821 0.1663 0.9449 0.4872 0.1311 0.8634 0.4413 0.0366 0.8966 0.0411 0.513 0.8574 0.3736 0.3518 0.8583 0.7199 0.029 0.6935 0.8264 0.1084 0.5525 0.7712 0.0958 0.6293 0.8058 0.3453 0.4811 0.6229 0.4221 0.6586 0.7498 0.6372 0.1781 0.9549 0.2918 0.0555 0.9672 0.168 -0.1904 0.8225 0.2695 -0.5008 0.9723 -0.2102 -0.1025 0.6216 0.5059 -0.5981 0.4611 0.0189 -0.8872 0.4314 0.0571 -0.9003 0.0028 0.4921 -0.8706 0.1794 0.5903 -0.787 0.0488 0.9904 -0.1291 0.3529 0.728 -0.5878 0.5592 0.7547 0.3431 -0.0405 0.9515 -0.3051 -0.2786 0.9149 0.2923 -0.0832 0.9119 0.402 -0.1428 0.9893 -0.0292 0.2282 0.9656 -0.1249 -0.3856 0.8945 -0.226 0.1095 0.8707 0.4795 0.1525 0.9858 -0.0697 0.198 0.9226 0.3312 0.2281 0.9719 0.0574 -0.132 0.9773 -0.1655 0.0708 0.9937 0.0868 -0.3504 0.9215 0.1674 -0.9267 0.3483 -0.1412 -0.2268 0.9627 -0.1476 -0.5849 0.7951 0.1604 -0.8513 0.3147 -0.4197 -0.9195 0.299 0.2553 -0.8211 0.1712 0.5445 -0.73 -0.1317 0.6706 -0.1751 0.6146 0.7691 0.4702 0.5716 0.6724 0.9058 0.4036 -0.1292 -0.3906 0.6856 0.6143 -0.5696 0.6351 -0.5218 -0.639 -0.3175 -0.7006 -0.4709 0.1626 -0.8671 -0.2229 0.5953 -0.772 -0.3966 0.6664 -0.6313 -0.4745 0.0152 -0.8801 -0.1091 0.0439 -0.9931 -0.4302 0.1814 -0.8843 -0.2191 0.1567 -0.963 -0.7306 0.3674 -0.5755 -0.8928 0.3985 -0.2099 -0.8191 0.3922 -0.4186 -0.905 0.4184 0.0764 -0.9116 0.3986 0.1007 -0.8336 0.4015 -0.3793 -0.8909 0.3913 -0.2305 -0.5084 0.3333 -0.794 -0.2873 0.2482 -0.9251 -0.7155 0.3932 -0.5775 -0.6451 0.3891 -0.6576 -0.6746 0.4143 -0.6109 -0.8736 0.394 -0.2857 -0.9145 0.3704 -0.1628 -0.9397 0.3355 -0.0669 -0.731 0.4114 -0.5443 -0.8579 0.3927 -0.3313 -0.8095 0.4117 -0.4186 -0.9449 0.323 -0.0539 -0.8845 0.2915 0.3642 -0.8356 0.1608 0.5253 -0.966 0.2187 0.1378 -0.9553 0.2483 -0.1606 -0.9193 0.1831 -0.3484 -0.9639 0.2657 -0.0179 -0.9001 0.4131 -0.1386 -0.9118 0.4105 -0.008 -0.7041 0.6768 -0.2149 -0.0207 0.9422 0.3343 -0.9263 0.3604 0.1095 -0.7801 0.5969 0.1878 -0.1715 0.8514 0.4957 -0.7541 0.575 0.3173 0.4417 0.8712 0.2141 0.0656 0.9816 0.1795 0.8605 0.3888 -0.3292 0.1286 0.6612 -0.7391 0.7951 0.1175 -0.595 0.4739 0.2563 -0.8424 -0.3604 0.491 -0.7931 -0.6157 0.6908 -0.379 -0.4039 0.5933 -0.6963 -0.8913 0.3885 -0.2338 -0.0575 0.3674 -0.9283 -0.3112 0.389 -0.8671 0.567 0.1468 -0.8106 0.5832 0.0465 -0.811 0.7137 0.0554 -0.6983 0.8702 0.0624 -0.4887 0.8136 0.3104 -0.4916 0.3516 0.1176 -0.9288 -0.1431 0.3016 -0.9426 0.0908 0.1382 -0.9862 -0.4173 0.3607 -0.8341 0.3967 0.0351 -0.9173 0.3193 0.0197 -0.9474 -0.2226 0.2231 -0.9491 0.0417 0.1416 -0.989 -0.1875 0.1623 -0.9688 -0.0518 0.1584 -0.986 -0.0072 0.0912 -0.9958 0.8953 0.1287 0.4265 -0.5534 0.5433 0.6313 -0.9286 0.3494 0.1248 -0.9039 0.3835 0.1896 -0.88 0.3016 -0.3668 -0.925 0.368 0.0942 -0.9101 0.2635 -0.3198 -0.6215 0.192 -0.7595 -0.2808 0.0789 -0.9565 -0.7247 0.173 -0.667 -0.3855 0.0539 -0.9211 -0.163 -0.1092 -0.9806 -0.7291 0.0502 -0.6826 -0.7773 -0.17 -0.6057 -0.9271 -0.1468 -0.3448 -0.9876 -0.1512 -0.0435 -0.9155 -0.3846 -0.118 -0.6752 -0.6511 -0.3466 -0.3111 -0.9047 -0.2911 -0.3738 -0.922 -0.1007 -0.048 -0.988 -0.1468 0.2165 -0.8795 -0.4239 -0.3754 -0.4076 -0.8324 -0.5011 -0.0679 -0.8627 -0.0615 -0.7005 -0.711 -0.1547 -0.6786 -0.7181 0.0016 -0.9794 -0.2021 0.1216 -0.9926 0.0016 0.1192 -0.9909 0.0629 0.4473 -0.8783 0.1686 0.1944 -0.8676 0.4576 0.6547 -0.7558 0.0104 0.8703 -0.1831 -0.4572 0.7511 -0.6585 -0.0478 0.7698 -0.4238 0.4772 0.6422 0.1059 0.7592 0.722 -0.688 -0.0738 0.951 -0.3084 -0.0207 0.8691 -0.3506 -0.349 0.4284 -0.7716 -0.4702 0.4664 -0.8846 0.0008 0.1437 -0.9243 -0.3537 0.3353 -0.3617 -0.8699 -0.1377 -0.3038 -0.9427 -0.0068 -0.1195 -0.9928 0.7234 -0.0772 -0.6861 0.9018 -0.2816 -0.3279 0.9357 -0.2126 -0.2817 0.7064 -0.219 -0.6731 0.5077 -0.1705 -0.8445 0.9063 -0.389 -0.1652 0.1047 -0.0314 -0.994 0.5173 -0.1154 -0.848 0.2365 -0.027 -0.9713 0.8731 -0.1364 -0.4681 -0.8478 -0.5303 -0.0028 -0.6074 -0.7924 0.0566 -0.925 -0.367 0.0981 -0.3606 -0.9091 0.2084 -0.9683 -0.2034 0.1447 -0.9983 -0.0583 -0.003 -0.9829 0.1047 0.1515 -0.7587 0.0509 0.6494 -0.782 0.1121 0.6131 -0.7831 -0.1315 0.6078 -0.4912 -0.0931 0.8661 -0.287 -0.4732 0.8329 -0.1736 -0.1028 0.9794 -0.8087 0.1301 0.5737 -0.918 0.1127 -0.3802 -0.977 0.1763 -0.1203 -0.9836 -0.0145 -0.1799 -0.9265 0.3486 0.1413 -0.8806 0.3092 0.359 -0.6821 0.3073 0.6636 -0.6735 0.309 0.6715 -0.3226 0.1609 0.9328 -0.8302 0.4324 0.3517 -0.8599 0.407 -0.3082 -0.8487 0.371 -0.3769 -0.5449 0.0961 -0.833 -0.8909 0.4385 -0.1185 -0.5099 0.193 -0.8383 -0.8621 0.3797 -0.3355 -0.8543 0.2861 -0.434 -0.8744 0.3109 -0.3726 -0.5579 0.354 0.7506 -0.1659 0.1102 0.98 0.2449 -0.1823 0.9523 0.4321 -0.366 0.8242 0.7128 -0.5838 0.3888 0.6919 -0.55 0.4676 0.7026 -0.7102 0.0443 0.6231 -0.6576 0.4235 0.7368 -0.6392 0.2203 0.8369 -0.5469 0.0233 0.772 -0.4824 0.4138 0.8832 -0.464 0.0684 0.643 -0.3786 0.6657 0.8113 -0.4288 0.3973 0.3072 -0.1739 0.9356 0.276 -0.134 0.9518 -0.9154 0.3664 -0.1667 -0.9166 0.3756 -0.1373 -0.0881 0.2859 0.9542 0.1534 0.1446 0.9775 -0.2242 0.2368 0.9453 -0.3266 0.2929 0.8986 0.0179 0.1356 0.9906 -0.7006 0.3158 0.6399 -0.865 0.4097 0.2897 -0.7731 0.333 0.5398 -0.8626 0.3911 0.3209 -0.8318 0.1771 0.5261 -0.8994 0.3242 0.2931 -0.88 0.4618 0.1113 -0.6587 0.7394 -0.1392 -0.0396 -0.633 0.7731 0.0852 -0.6918 0.7171 -0.0092 -0.6682 -0.7439 0.115 -0.7962 0.5939 -0.457 -0.634 0.6238 -0.1706 -0.6615 -0.7303 -0.2065 -0.5366 -0.8182 -0.0229 -0.602 0.7982 -0.3955 -0.8326 0.3878 -0.326 -0.729 0.602 -0.4238 -0.5054 -0.7516 -0.3333 -0.8962 0.2927 -0.1437 -0.7267 0.6717 -0.5091 -0.263 -0.8196 -0.402 -0.4208 0.8132 -0.3225 -0.8044 0.4989 -0.5629 -0.3799 0.7341 -0.5779 -0.2141 -0.7875 -0.674 0.028 -0.7382 -0.8605 0.4377 0.2606 -0.6663 0.1256 0.7351 -0.8336 0.3028 0.4619 -0.9119 0.2625 0.3154 -0.735 0.3968 0.5498 -0.6034 0.3638 -0.7097 -0.4645 0.4712 -0.7498 -0.6519 0.4799 0.5872 -0.2047 0.6693 0.7142 -0.3214 0.4159 -0.8507 -0.1102 0.5083 0.8541 -0.3735 -0.74 0.5593 -0.4062 -0.6878 0.6016 -0.1761 -0.9603 0.2164 -0.3012 -0.908 0.2912 -0.6864 -0.5044 0.5239 -0.8421 -0.2425 0.4817 -0.9407 -0.1557 0.3014 -0.6572 -0.1512 0.7384 -0.9177 0.0926 0.3864 -0.8848 -0.2354 0.402 -0.6703 0.282 0.6865 -0.9347 0.3547 0.0248 -0.8986 0.4039 0.1715 -0.9238 0.2539 0.2866 -0.155 0.032 0.9874 0 0 0 0 0 0 -0.2553 0.4393 -0.8613 -0.3456 0.8693 0.3534 0.5408 -0.7993 0.2619 -0.9373 0.0803 0.339 -0.7403 0.1225 0.661 -0.7892 -0.0606 0.6112 -0.7632 -0.6301 0.1429 -0.7251 -0.0136 0.6885 -0.419 -0.0651 0.9057 -0.8264 -0.5289 -0.1935 -0.2445 -0.4101 -0.8787 -0.4998 -0.3767 -0.78 -0.0927 -0.0082 -0.9957 -0.1522 -0.5501 -0.8212 0.8908 0.3491 -0.2908 0.3189 0.4369 -0.8411 -0.4717 0.3802 -0.7956 -0.5794 0.3982 -0.7112 -0.1042 0.0091 -0.9945 -0.4968 -0.0679 -0.8652 -0.9818 0.0823 -0.171 0.6669 -0.377 0.6427 0.2877 -0.5207 0.8038 0.4715 -0.7176 0.5126 0.433 -0.8832 0.1803 0.1211 -0.3861 0.9145 0.5691 -0.8107 0.1375 -0.9036 0.1889 0.3845 -0.4466 -0.037 0.8939 0.1812 0.5336 0.8261 -0.2807 0.3213 0.9044 -0.43 0.7414 0.5152 0.4685 -0.3098 0.8273 0.3339 -0.6604 0.6726 0.1344 -0.5159 -0.846 0.3392 -0.8411 0.4213 0.8553 -0.1348 -0.5002 0.3486 -0.1023 -0.9317 0.6803 -0.351 0.6434 0.6228 0.7167 -0.3139 0.5875 0.3561 -0.7267 0.1135 0.0825 -0.9901 0.0576 0.9338 -0.3531 0.934 0.3545 -0.0445 0.3885 0.9186 -0.0726 0.4287 0.631 -0.6466 0.5048 0.5166 -0.6916 -0.0439 0.7015 -0.7113 -0.5696 0.7788 -0.2628 0.1712 0.7522 -0.6363 0.613 0.2478 -0.7502 -0.2222 0.7236 -0.6535 -0.952 -0.2711 -0.142 -0.7366 -0.1366 -0.6624 -0.9253 0.1805 0.3335 -0.6596 -0.6917 0.294 -0.4141 -0.9101 0.0127 -0.8621 -0.4967 0.1007 -0.7297 -0.6025 0.3235 0.4469 0.8925 -0.0602 -0.6166 0.6471 -0.4485 -0.8679 0.46 -0.1875 -0.054 0.9592 -0.2776 0.1245 0.9626 -0.2408 -0.0671 0.8043 -0.5904 0.2856 0.6901 -0.6649 0.4443 0.8924 -0.0791 -0.3553 -0.8495 -0.39 -0.6258 -0.78 -0.0023 0.167 -0.4064 0.8983 0.4398 -0.0375 0.8973 -0.1558 -0.5318 0.8324 0.2129 -0.4588 0.8627 -0 0 0 -0.2629 -0.4233 0.867 -0.48 0.682 0.5518 -0.6253 0.6513 0.4299 -0.477 0.2741 0.8351 -0.3709 0.1841 0.9102 -0.6114 0.5918 0.5254 -0.2215 0.9535 0.2042 -0.7874 -0.6072 0.1062 0.4136 -0.5728 0.7078 -0.2132 -0.0073 0.977 0.7374 0.6225 -0.2621 0.1382 0.2251 0.9645 0.888 -0.0375 0.4583 0.3238 0.7545 0.5708 0.4142 0.0578 0.9084 -0.4522 -0.8816 0.135 -0.9719 -0.0181 0.2348 -0.1426 -0.0641 0.9877 -0.5837 -0.5025 0.6378 0.6052 -0.6841 0.4071 0.6028 -0.7924 0.0937 0.663 0.4491 0.599 0.4535 0.4241 0.7839 0.6182 -0.7427 0.2574 0.462 -0.8527 0.2436 0.9501 0.2464 0.1912 0.9429 -0.2198 0.2501 0.6143 -0.7708 0.1688 0.4237 -0.8709 0.2488 0.7521 -0.2254 0.6193 0.8153 0.5051 0.2831 0.3387 0.2312 0.912 -0.1175 0.8644 0.4888 0.8325 -0.2224 0.5075 0.6005 -0.2203 0.7687 0.5451 0.0997 0.8324 0.2983 -0.6205 0.7253 0.4078 -0.7369 0.5391 0.0187 -0.4356 0.8999 0.7997 -0.4088 0.4397 -0.495 0.0525 0.8673 0.3518 -0.8556 0.3797 0.091 -0.0225 0.9956 0.1071 -0.0342 0.9937 0.4091 -0.2938 0.8639 0.0186 -0.3444 0.9386 0.6388 -0.3037 0.7069 0.2649 -0.1123 0.9577 0.2416 -0.1168 0.9633 0.2483 -0.1371 0.9589 0.4831 -0.3317 0.8103 0.6149 -0.4021 0.6784 0.6538 -0.4271 0.6246 0.6242 -0.4794 0.6168 0.2921 -0.4033 0.8672 0.0356 -0.1562 0.9871 0.115 0.1433 0.983 -0.1355 0.1608 0.9776 0.5788 -0.3214 0.7495 0.3526 0.6367 0.6858 0.8372 0.3305 0.4356 0.6385 -0.7324 0.2365 0.0876 -0.7989 0.595 -0.2303 -0.5812 0.7805 0.0388 -0.1198 0.992 -0.3601 -0.8988 0.2501 -0.3428 -0.906 0.2481 -0.5027 0.0118 0.8644 -0.4437 0.8754 0.1916 -0.1722 0.7224 0.6697 0.5891 -0.6942 0.4136 0.2908 -0.3305 0.8979 0.3802 0.9245 0.0257 0.9161 -0.2733 0.2935 0.545 -0.4499 0.7075 0.0943 0.2178 0.9714 0.5344 0.683 0.4979 0.3364 0.4037 0.8508 -0.2665 0.6023 0.7525 -0.0143 0.6696 0.7426 0.2038 0.918 0.3401 -0.5379 -0.7631 0.3583 0.704 -0.3758 0.6027 0.3826 -0.8841 0.2683 -0.5674 -0.4608 0.6824 -0.9199 0.1836 0.3466 -0.6308 0.2583 0.7317 0.0597 0.5573 0.8282 -0.1191 0.1693 0.9783 0.0524 0.9038 0.4248 0.8168 0.4604 0.3477 0.6975 0.0828 0.7118 0.2322 -0.8659 0.443 -0.07 -0.8921 0.4464 -0.1046 -0.5244 0.845 0.7234 -0.2162 0.6558 0.9051 -0.4037 0.1333 -0.5314 -0.3685 0.7628 -0.3145 -0.8862 0.3403 -0.6983 -0.2852 0.6566 -0.1339 -0.0344 0.9904 -0.9405 -0.3382 0.0334 -0.7628 -0.081 0.6416 -0.8086 0.4041 0.4276 -0.4526 0.8751 0.1716 0.4071 0.6006 0.6882 0.3678 0.9267 0.0775 -0.3276 0.3869 -0.862 -0.6216 0.2087 -0.755 0.2664 0.3444 -0.9002 0.4136 0.7122 0.5672 0.5665 0.4237 -0.7068 -0.599 0.5856 0.5461 -0.7232 0.5821 -0.3716 0.7557 -0.2432 0.6081 0.9545 0.074 0.2889 0.5475 -0.6375 0.5421 0.5877 -0.4202 0.6914 0.4397 -0.8795 0.1818 0.6282 0.7557 0.1852 0.6553 0.4644 0.5958 0.7143 -0.4427 0.542 0.7363 0.0196 0.6764 0.6034 -0.7473 0.2783 -0.5472 0.7278 0.4134 -0.6075 0.5639 0.5595 0.1665 0.8426 0.5121 -0.4786 0.5452 0.6883 0.6935 0.5514 0.4638 0.3745 0.6769 0.6337 0.7492 0.6064 0.2666 0.3552 0.776 0.5213 -0.2712 -0.3489 0.8971 -0.4262 -0.6134 0.665 -0.5084 -0.6609 0.552 0.39 0.5039 0.7707 0.8089 0.16 0.5657 0.8189 -0.0574 0.571 -0.2233 -0.2629 0.9386 0.542 0.4216 0.727 -0.1252 -0.0759 0.9892 -0.2137 -0.1408 0.9667 -0.5424 -0.0401 0.8392 -0.4408 0.7562 0.4835 -0.5337 0.7636 0.3634 -0.6196 0.4276 0.6582 -0.4589 0.4343 0.7751 0.8638 -0.4266 -0.268 0.9726 -0.1821 0.1447 0.3319 0.1864 -0.9247 0.9723 -0.0712 -0.2225 0.5706 0.4747 -0.6701 0.5853 -0.6117 -0.5322 0.3276 -0.6496 -0.6861 0.6754 -0.7032 -0.222 0.5079 -0.8253 -0.2468 0.3804 -0.2184 -0.8987 0.2458 -0.3362 -0.9092 0.4339 -0.0677 -0.8984 0.8251 -0.4924 -0.2771 0.8697 0.3865 -0.3069 0.1238 0.3374 -0.9332 -0.0119 0.1289 -0.9916 0.6118 0.3128 -0.7265 -0.2465 0.9681 -0.0444 -0.1303 0.4187 -0.8987 0.4751 0.5871 -0.6555 -0.1392 0.9058 -0.4002 -0.537 0.5005 -0.6791 0.8896 0.4354 -0.1378 0.4695 0.8653 -0.1754 0.0047 0.9916 -0.1294 0.2797 0.2589 -0.9245 0.1549 -0.9593 -0.236 0.2441 -0.9453 -0.2163 0.8816 -0.4631 -0.0915 0.1758 -0.8107 0.5585 0.5951 -0.7152 -0.3665 -0.153 -0.4912 -0.8575 0.8449 -0.3424 -0.4109 0.4411 -0.3085 -0.8428 -0.1923 -0.9241 -0.3301 0.1032 -0.5267 -0.8438 -0.0831 -0.55 -0.831 0.6225 -0.3561 -0.6969 -0.4441 0.2214 -0.8682 0.1946 -0.9785 -0.0678 0.5167 -0.8361 0.1844 0.8334 -0.5522 -0.0222 0.9949 -0.0343 -0.0944 0.3096 0.0289 -0.9504 0.4308 0.504 -0.7486 0.185 0.3734 -0.909 0.0812 0.0179 -0.9965 -0.2621 -0.9437 0.202 0.045 -0.0759 -0.9961 0.8898 0.2061 -0.4072 0.4761 0.8757 -0.081 0.5341 0.2612 -0.804 0.8069 -0.4171 -0.4183 0.6128 0.7119 -0.3431 0.7762 0.1408 -0.6145 0.9385 0.222 -0.2644 0.4607 -0.1995 -0.8649 0.8373 -0.5418 0.0733 0.521 -0.8532 0.0221 0.6193 0.7828 0.0607 -0.9431 -0.314 -0.1094 -0.4093 -0.0574 -0.9106 -0.6729 0.6393 -0.3721 -0.971 -0.1588 -0.1786 -0.8789 -0.0324 -0.4758 -0.6286 0.0836 -0.7732 -0.3153 0.3198 -0.8935 -0.364 0.4165 -0.8331 -0.8762 0.4543 -0.1608 -0.1645 0.1785 -0.9701 -0.3951 0.9183 -0.0256 -0.9853 0.144 -0.0918 0.3545 0.9132 -0.2009 0.3276 -0.0064 -0.9448 0.4449 0.5415 -0.7133 0.8245 0.5535 -0.1176 0.9639 -0.2462 -0.101 0.9796 -0.1112 -0.1673 0.651 0.7582 -0.0357 0.5384 -0.1319 -0.8323 0.894 0.0829 -0.4404 0.2361 0.6691 -0.7047 -0.1364 0.7245 -0.6757 0.9185 -0.0202 -0.395 0.2769 0.0572 -0.9592 0.8611 0.4981 -0.1025 -0.1544 0.2361 -0.9594 -0.1795 0.1906 -0.9651 0.668 0.4768 -0.5713 -0.5369 0.5767 -0.6158 -0.8213 0.512 -0.2519 -0.5556 0.823 -0.1184 -0.0374 0.2467 -0.9684 0.1748 0.5344 -0.827 -0.4571 0.7744 -0.4375 0.0258 0.8466 -0.5316 -0.4377 0.899 -0.0146 0.6151 0.7547 -0.2283 0.5412 0.8139 0.2112 -0.1625 -0.948 -0.2737 0.312 -0.9498 -0.0232 0.5736 -0.7872 0.2262 -0.1973 -0.1403 -0.9703 0.2658 -0.8573 -0.4409 0.1363 -0.4903 -0.8608 -0.5813 -0.5337 -0.6143 -0.1251 -0.5713 -0.8111 -0.774 -0.5994 -0.204 -0.6238 -0.6271 -0.4665 -0.6864 -0.3937 -0.6115 0.5956 0.2771 -0.754 0.8804 0.4646 -0.0948 0.8043 0.4118 -0.4284 0.2663 0.6779 -0.6853 0.1026 0.9415 -0.321 0.459 -0.3546 -0.8146 0.8516 -0.3946 -0.3452 -0.7667 -0.6258 -0.1434 -0.0989 -0.8901 -0.4449 -0.2376 -0.9239 -0.3 0.1482 -0.9194 -0.3642 0.5096 -0.5537 -0.6586 0.8041 -0.2036 -0.5585 -0.1099 0.3194 -0.9412 0.4772 0.1331 -0.8687 0.4208 -0.1003 -0.9016 0.9166 0.022 -0.3992 0.8461 0.2927 0.4454 0.9299 -0.3607 -0.0718 0.9819 0.03 0.1868 0.7054 0.5158 -0.4863 0.7901 0.0995 -0.6048 0.6749 0 -0.7379 0.661 -0.0081 -0.7503 0.4931 0.0176 -0.8698 0.1837 -0.0087 0.9829 0.6397 -0.153 -0.7533 0.8107 -0.0298 -0.5848 0.6879 -0.0129 -0.7257 0.9607 -0.0076 -0.2775 0.2104 -0.0045 -0.9776 0.8657 0.0016 -0.5005 0.5286 -0.0209 -0.8486 0.0654 -0.041 -0.997 -0.1764 0.9598 0.2185 0.4361 0.8472 -0.3034 -0.2906 0.765 -0.5747 0.3114 0.5746 -0.7569 0.7836 0.5221 -0.3368 0.212 0.311 -0.9265 0.4173 0.3664 -0.8316 0.1396 0.1237 -0.9824 0.3439 0.2564 -0.9033 0.6646 0.624 -0.4109 0.1687 0.2126 -0.9625 0.4056 0.4359 -0.8034 0.4889 0.7003 0.5201 0.5115 0.7034 -0.4936 0.5841 0.6434 0.4948 0.5751 0.6336 -0.5175 0.466 0.2618 -0.8452 0.8307 0.551 0.0796 0.45 0.8741 -0.1829 0.53 0.6652 -0.5259 0.6919 0.589 -0.4176 0.7761 -0.4678 -0.4228 0.2738 -0.3443 -0.898 0.4936 -0.731 -0.4712 0.4745 -0.7768 -0.4141 0.4076 -0.3193 -0.8555 0.4916 -0.45 -0.7455 0.1174 -0.193 -0.9741 0.6847 -0.5356 0.4943 0.6563 -0.514 -0.5524 0.5739 -0.652 -0.4955 0.3335 -0.2265 -0.9151 0.4923 -0.4521 -0.7438 0.5465 -0.5807 0.6033 0.5636 -0.7939 -0.2283 0.7151 -0.4998 -0.4887 0.5767 -0.7184 -0.389 0.5445 -0.367 0.7542 0.0269 0.7309 -0.682 0.0601 0.6669 -0.7427 0.159 0.6917 -0.7044 0.1138 0.1546 -0.9814 0.0889 0.8463 0.5253 0.2094 0.9633 0.1682 -0.2095 -0.5105 0.8339 -0.3141 0.323 0.8927 0.0652 0.3652 0.9287 -0.3563 0.293 0.8872 -0.4904 -0.1189 0.8633 0.6929 0.6138 0.3784 -0.0991 0.432 0.8964 -0.305 0.4118 0.8587 -0.385 0.302 0.8721 0.1831 0.1877 0.965 -0.0763 0.9957 0.0531 -0.3702 -0.1757 0.9122 -0.3527 -0.3879 0.8516 -0.6464 0.1742 0.7429 -0.4376 -0.1076 0.8927 0.1568 0.9229 0.3518 -0.3171 0.5522 0.771 -0.5657 0.0159 0.8245 -0.5835 0.0344 0.8114 0.83 -0.5574 -0.0217 -0.3845 0.3305 0.8619 -0.0863 -0.2504 0.9643 -0.489 -0.7464 0.4515 -0.2419 -0.7644 0.5977 -0.4034 -0.1483 0.9029 0.0226 -0.4767 0.8788 0.2566 -0.4989 0.8278 -0.9952 0.0134 0.0972 -0.2905 0.8383 0.4615 -0.9843 0.0672 0.163 -0.9055 0.2686 0.3285 -0.1193 -0.9917 -0.0477 -0.2018 -0.9719 0.1213 0.8071 -0.59 0.0228 -0.2551 0.8296 0.4966 0.0634 0.8282 0.5568 -0.8313 -0.1772 0.5268 0.4599 0.0175 0.8878 0.6658 -0.2005 0.7187 0.3461 0.8143 0.466 -0.724 0.6169 0.3088 -0.7165 -0.0276 0.6971 -0.4542 0.0749 0.8878 -0.1869 -0.001 -0.9824 -0.2542 0.4478 -0.8572 -0.4626 0.767 -0.4446 -0.3088 0.4526 -0.8365 0.588 -0.1623 -0.7924 0.7959 -0.41 -0.4454 0.3286 0.3894 -0.8605 0.4363 0.296 -0.8497 0.2501 -0.3159 -0.9152 0.4126 0.0462 -0.9097 0.677 -0.5678 -0.4682 0.9223 -0.0379 -0.3845 0.2871 -0.3723 -0.8826 0.5625 0.1067 -0.8199 0.8502 0.3832 -0.3611 0.5637 -0.0955 -0.8204 0.439 0.6372 -0.6334 0.0638 -0.485 -0.8722 -0.2401 -0.9414 -0.2368 0.1784 -0.8328 -0.5241 -0.0272 -0.1569 0.9872 -0.0143 -0.4752 0.8797 0.1829 -0.7583 0.6258 -0.8437 -0.2358 0.4821 -0.3785 -0.5901 0.7131 -0.4598 0.0214 0.8878 -0.0979 -0.3508 0.9313 -0.4598 -0.572 0.6793 -0.2316 -0.7174 0.6571 0.1033 -0.7045 0.7021 0.3815 -0.1673 0.9091 -0.5645 -0.1371 0.8139 -0.4619 -0.2239 0.8582 -0.6885 -0.0534 0.7233 -0.0717 -0.4185 0.9054 0.6931 -0.5738 0.4363 -0.8389 -0.3119 0.4461 0.334 -0.6142 0.715 0.2216 -0.805 0.5504 0.2104 -0.3042 0.9291 -0.2004 -0.8928 0.4035 -0.8566 -0.2084 0.472 -0.9475 -0.1504 0.282 -0.5986 -0.1635 0.7842 -0.6896 -0.1906 0.6987 -0.5422 -0.0476 0.8389 -0.6587 -0.1796 0.7307 -0.6088 -0.2537 0.7517 -0.5683 -0.2025 0.7975 -0.6001 0.0375 0.799 -0.636 -0.1139 0.7633 -0.7669 -0.2398 0.5953 -0.7308 -0.2394 0.6393 -0.5938 -0.3141 0.7408 -0.4729 -0.2634 0.8409 -0.5294 -0.2904 0.7971 -0.5582 -0.3385 0.7575 -0.6596 -0.3696 0.6544 -0.6876 -0.2624 0.6771 -0.6453 -0.2666 0.7159 -0.7257 -0.4003 0.5595 -0.6914 -0.6105 0.3863 -0.507 -0.7747 0.3778 -0.7599 -0.4039 0.5093 -0.511 -0.0573 0.8577 -0.1497 -0.3631 0.9197 -0.5984 -0.4999 0.6261 -0.4559 -0.1384 0.8792 -0.8761 -0.0587 0.4785 -0.3834 0.1415 0.9127 -0.4074 -0.0702 0.9106 -0.8013 -0.1637 0.5755 -0.06 -0.5326 0.8442 -0.6774 -0.36 0.6415 -0.9267 0.0237 0.3751 -0.6193 0.0485 0.7836 -0.4724 0.0564 0.8796 -0.4392 0.4974 0.7481 -0.1727 0.181 0.9682 -0.2576 0.8877 0.3816 -0.5944 0.5728 0.5644 -0.1877 0.8038 0.5645 -0.8525 0.1696 0.4945 -0.3129 0.3362 0.8883 -0.3999 0.6755 0.6195 -0.6519 -0.0555 0.7562 -0.2782 0.1894 0.9417 -0.7555 -0.5028 0.4199 -0.3267 -0.3082 0.8935 -0.8056 -0.4572 0.3769 -0.7461 0.168 0.6443 -0.1337 0.8654 0.4829 0.0574 0.7834 0.6188 0.2347 0.2053 0.9501 -0.1516 0.6173 0.772 -0.1215 0.8092 0.5748 0.3829 0.7106 0.5903 0.1928 0.249 0.9491 -0.115 0.3809 0.9174 0.7296 0.6519 0.2067 0.2485 0.7373 0.6282 -0.8438 0.3254 0.4267 -0.3719 0.502 0.7809 -0.3342 0.2366 0.9123 -0.5908 -0.0572 0.8048 -0.3559 -0.0973 0.9294 -0.6186 -0.5115 0.5964 -0.5013 -0.1283 0.8557 -0.4304 -0.8257 0.3647 -0.521 -0.0259 0.8532 -0.7066 -0.644 0.2934 0.6865 -0.4168 0.5957 0.6711 -0.4685 0.5746 0.4685 -0.3011 0.8306 0.8372 -0.3668 0.4056 0.8672 -0.4616 0.1867 0.9966 -0.065 -0.0504 0.7272 -0.3332 0.6001 0.1029 -0.376 0.9209 0.1063 -0.5441 0.8323 -0.0684 -0.3511 0.9339 0.7168 -0.3631 0.5954 0.5072 0.0861 0.8575 0.6686 -0.1066 0.736 0.685 -0.4206 0.5949 0.5498 -0.2654 0.792 0.9299 -0.0994 0.3541 -0.7437 0.6682 -0.0194 -0.6578 0.1069 -0.7456 -0.9195 -0.1526 -0.3623 0.058 -0.0789 0.9952 0.3466 -0.856 0.3836 -0.2655 0.6327 0.7275 -0.2159 -0.7405 0.6364 -0.0778 0.1771 -0.9811 0.175 -0.0983 -0.9796 -0.175 -0.0764 -0.9816 -0.3854 -0.9228 -0.0023 -0.1609 -0.229 -0.96 0.0169 -0.6267 -0.7791 -0.2718 0.6865 -0.6744 0.252 -0.7387 -0.6252 -0.5798 0.4313 -0.6913 0.0023 0.0037 -1 -0.321 -0.3182 0.892 0.2616 -0.5791 -0.7721 -0.4886 -0.8366 -0.2478 0.0978 0.0153 0.9951 0 0 -0 0 0 0 -0.1423 0.1578 -0.9772 -0.8722 0.483 0.0772 0.1134 0.16 0.9806 -0.1661 0.2943 0.9411 -0.5599 0.7963 0.2289 0.8942 -0.235 0.3811 0.9406 0.0825 0.3295 -0.0292 0.0963 0.9949 0.9687 0.2376 0.0722 0.114 0.1797 0.9771 0.9865 0.0619 0.1513 0.8438 0.0965 0.5279 0.3462 0.0607 0.9362 -0.1077 0.4248 -0.8988 0.1651 0.6337 -0.7558 0.1285 0.3091 -0.9423 -0.9171 -0.3831 0.11 -0.2132 -0.1693 -0.9622 -0.2458 -0.5988 -0.7622 0.0354 -0.4718 -0.881 0.7902 -0.6122 -0.0274 0.3767 -0.263 -0.8882 0.811 -0.4772 -0.3385 0.9731 0.1463 -0.1781 0.7537 0.2312 -0.6152 0.95 0.3115 0.0239 0.1307 0.0203 -0.9912 -0.2946 0.6222 0.7253 -0.4983 0.4475 0.7426 -0.4607 0.854 0.2418 -0.2456 0.3839 0.8901 -0.1232 0.4123 0.9027 -0.7431 0.649 0.163 -0.4443 0.4368 0.7822 0.6297 -0.0205 0.7765 0.3135 0.2811 0.907 -0.2648 -0.3423 0.9015 -0.2133 -0.7079 0.6733 -0.4009 -0.3293 0.8549 0.0503 -0.262 0.9638 -0.1868 -0.0061 0.9824 -0.7433 0.2258 0.6297 0.3141 -0.1364 0.9395 0.8004 0.5497 -0.2391 0.1113 0.4134 -0.9037 -0.0985 0.9746 -0.2012 -0.1903 0.1388 -0.9719 -0.2587 0.1355 -0.9564 0.1276 0.9123 0.389 -0.1716 0.7007 0.6925 0.5152 0.2732 0.8124 -0.4909 -0.3626 -0.7921 -0.9071 -0.2048 -0.3678 -0.4018 -0.5459 -0.7352 -0.4997 -0.8628 -0.0767 -0.785 -0.5356 -0.3114 -0.4191 -0.2976 -0.8578 -0.2781 -0.6332 -0.7223 0.0327 -0.6968 -0.7166 -0.781 -0.5684 -0.2587 0.4158 -0.3768 -0.8277 -0.7513 -0.4869 -0.4454 0.3243 -0.7657 -0.5555 -0.0228 -0.3768 -0.926 -0.6926 -0.1519 -0.7052 -0.2938 -0.6829 -0.6688 -0.0177 -0.6497 -0.76 0.4626 0.1501 -0.8738 0.109 0.0181 -0.9939 0.9905 -0.0376 0.1326 0.6779 0.6247 0.3876 0.9118 0.3698 0.1782 0.5493 -0.6626 -0.5091 0.7468 -0.6583 -0.0946 0.1137 -0.992 -0.0544 -0.2293 -0.5977 -0.7682 0.123 -0.8178 0.5622 -0.4989 -0.8663 -0.0254 -0.4751 -0.8635 -0.1691 0.8528 0.5216 -0.0265 0.2111 0.9013 -0.3782 0.4948 0.6303 -0.5982 -0.2957 -0.0203 0.9551 -0.3887 0.0307 0.9209 -0.3088 0.4431 0.8416 -0.2302 0.5725 0.7869 0.2773 0.4367 0.8558 0.4313 -0.6957 0.5745 0.456 -0.4434 0.7717 0.3973 -0.2303 0.8883 0.6094 -0.6067 0.5105 0.8813 -0.4182 0.2198 0.3958 -0.1228 0.9101 0.715 0.6153 0.332 0.3893 0.7042 0.5937 0.08 0.1549 0.9847 -0.0387 -0.7833 0.6204 -0.9506 -0.1112 0.29 0.2811 0.3712 0.885 0.7357 0.5438 0.4037 0.199 0.4409 0.8752 -0.6987 0.5461 0.4621 -0.3879 0.8975 0.2096 -0.9725 0.0045 0.233 -0.4119 0.8678 0.2779 -0.5114 0.8396 0.1831 -0.9238 -0.2086 0.3212 -0.7918 0.277 0.5444 -0.549 0.5554 0.6246 -0.7973 0.2523 0.5483 -0.4806 0.3091 0.8206 -0.2714 0.7945 0.5433 -0.0508 0.5167 0.8547 -0.6485 0.3529 0.6745 -0.3095 -0.2425 0.9195 -0.6319 0.1511 0.7602 0.3593 -0.4043 0.8411 0.3885 -0.2265 0.8932 0.4834 -0.5036 0.7161 0.3515 0.2679 0.897 0.2072 -0.1583 0.9654 0.8131 0.1783 0.5541 -0.3612 0.8878 0.2853 -0.0272 -0.0109 0.9996 -0.0276 0.0288 0.9992 -0.3391 0.1535 0.9282 -0.0742 0.3742 0.9244 -0.015 -0.081 0.9966 0.3994 -0.1933 0.8962 -0.2786 0.1463 0.9492 -0.7479 0.3516 0.563 -0.6037 0.3158 0.732 -0.6269 0.376 0.6823 -0.7154 0.4613 0.5247 -0.0298 0.11 0.9935 -0.017 -0.0198 0.9997 0.1539 0.1804 0.9715 0.2214 -0.042 0.9743 -0.0919 -0.3531 0.9311 -0.0446 0.1186 0.9919 0.2948 -0.2221 0.9294 0.0434 -0.4726 0.8802 -0.044 -0.0265 0.9987 0.0609 -0.0097 0.9981 -0.014 0.0098 0.9999 -0.0611 0.008 0.9981 -0.2461 -0.3588 0.9004 0.017 -0.021 0.9996 0.4475 0.0068 0.8942 -0.138 0.1693 0.9759 0.2474 0.1629 0.9551 -0.4923 0.1712 0.8534 -0.685 -0.6788 0.2647 -0.7035 -0.3469 0.6203 -0.5655 0.586 0.5804 0.0626 0.7795 0.6233 -0.0572 0.1928 0.9796 0.3703 0.9119 0.1771 0.4185 -0.0087 0.9082 0.6842 -0.1572 0.7121 0.75 -0.6051 0.2671 -0.8915 0.4424 0.098 -0.5346 0.7568 0.376 -0.2747 0.3964 0.876 -0.2592 0.064 0.9637 -0.7684 0.3575 0.5307 -0.6959 -0.2307 0.6801 -0.396 -0.918 0.0228 -0.7044 0.37 0.6057 -0.7035 -0.6027 0.3767 -0.3403 -0.2795 0.8978 0.0421 -0.1729 0.984 0.2821 -0.929 0.2394 0.0428 0.9106 0.411 -0.3262 0.8995 0.2908 0.8412 -0.0129 0.5406 0.9136 -0.3479 0.2105 0.4343 0.1909 0.8803 0.9191 -0.2469 0.307 -0.144 -0.6644 0.7334 0.1922 -0.6642 0.7225 -0.2009 -0.4763 0.856 -0.215 -0.7236 0.6559 -0.7536 -0.2878 0.591 0.084 0.7682 0.6346 0.1477 0.6129 0.7763 0.011 0.1889 0.9819 -0.675 0.593 0.439 -0.7274 -0.0045 0.6862 0.8185 0.5672 -0.0912 0.2607 0.9422 0.2104 0.706 0.302 0.6406 0.1421 0.0364 0.9892 0.9362 0.3477 0.0514 0.7872 0.0598 0.6138 0.8186 -0.3974 0.4147 0.5286 -0.542 0.6533 0.4545 -0.8576 0.2407 -0.4004 -0.5996 0.693 -0.4912 0.4725 0.7318 0.6628 -0.5362 -0.5227 0.5549 -0.2104 -0.8049 -0.4288 -0.7145 0.5528 -0.2851 -0.3699 -0.8843 -0.507 -0.736 -0.4486 0.5783 -0.5982 0.5548 -0.8585 0.4488 0.2481 -0.9455 0.2759 0.1727 -0.5405 0.6487 0.5358 -0.5621 0.522 0.6415 -0.6234 0.4319 0.6519 -0.3597 0.7916 0.494 -0.6486 -0.7337 0.2023 -0.6746 -0.4471 0.5874 -0.6966 0.4394 0.5671 0.4915 -0.7507 0.4415 0.6217 -0.5547 0.553 -0.1665 -0.8426 0.5121 0.4728 -0.543 0.694 -0.0235 -0.7845 0.6197 -0.6496 -0.573 0.4997 -0.3988 -0.6019 0.6919 -0.7631 -0.6416 0.078 -0.3666 -0.7634 0.5319 -0.174 -0.7749 0.6076 0.2551 0.3196 0.9126 0.4149 0.6278 0.6586 0.6638 0.7215 0.1971 -0.7818 -0.104 0.6148 -0.5385 -0.6092 0.5821 -0.844 0.1025 0.5265 -0.6684 -0.1641 0.7255 -0.3739 0.3831 0.8446 -0.3188 0.3274 0.8895 0.2173 0.2544 0.9424 0.3695 0.8811 0.2952 0.2971 0.1202 0.9472 0.0173 -0.0262 0.9995 0.6022 0.4058 0.6875 0.5862 -0.0106 0.8101 0.1631 -0.8878 0.4304 0.5186 -0.8524 -0.0661 0.847 0.277 0.4537 -0.9941 0.0565 -0.0929 -0.3655 -0.9274 0.0798 -0.7967 -0.5387 0.2738 -0.5414 0.8315 -0.1245 -0.3186 0.5623 -0.7631 -0.6558 -0.2192 -0.7224 -0.8233 0.1656 -0.5428 -0.7168 -0.2324 -0.6575 -0.6941 0.637 -0.3353 -0.2246 0.4073 -0.8852 -0.3211 0.3105 -0.8947 -0.4052 0.8963 -0.1803 -0.3356 -0.4968 -0.8003 0.0079 -0.3107 -0.9505 0.1187 0.2963 -0.9477 -0.38 0.4851 -0.7875 -0.1358 -0.0145 -0.9906 -0.8125 -0.2133 -0.5425 -0.1651 -0.0939 -0.9818 -0.3372 -0.9389 -0.0683 0.1626 -0.9028 -0.3981 -0.9598 0.2528 0.1218 -0.0045 -0.5898 -0.8075 0.6207 0.2156 -0.7538 0.1607 -0.9659 -0.2031 -0.1472 -0.849 -0.5076 -0.8338 -0.5473 -0.0724 0 -0 -0 -0.6611 -0.4233 -0.6195 -0.5016 -0.8301 -0.2435 0.0099 -0.9973 -0.0728 -0.1327 0.9799 -0.1488 -0.2399 0.9474 -0.2118 -0.8846 0.4586 -0.0844 -0.3183 0.6874 -0.6528 -0.8842 0.1803 -0.4309 -0.6603 0.2861 -0.6944 0.0455 0.3274 -0.9438 -0.5838 0.7948 -0.1656 0.6952 0.304 -0.6514 0.2145 0.9132 -0.3464 0.1474 0.7579 -0.6355 -0.199 0.4135 -0.8885 -0.6748 0.737 -0.0372 -0.6377 -0.0383 -0.7693 -0.992 0.1241 -0.0216 -0.1268 -0.1383 -0.9822 -0.6823 -0.471 -0.5592 -0.0919 -0.0311 -0.9953 0.0154 0.0718 -0.9973 0.0253 0.986 -0.1649 -0.567 0.2502 -0.7848 -0.5606 -0.663 -0.4961 -0.5715 -0.0896 -0.8157 -0.3776 -0.7087 -0.596 -0.9711 -0.115 -0.2092 -0.7368 -0.3691 -0.5664 -0.7974 0.3278 -0.5067 -0.9453 0.3118 0.096 -0.787 -0.6154 -0.044 -0.9015 0.2379 -0.3616 -0.6485 -0.7604 -0.0357 0.8803 0.1766 -0.4402 0.91 -0.1187 -0.3973 0.603 0.0793 -0.7938 0.4176 -0.808 -0.4156 0.9376 -0.2618 -0.2289 0.3442 -0.0917 -0.9344 -0.1576 -0.5849 -0.7956 0.6949 -0.7066 -0.1337 0.9993 -0.0076 0.0353 -0.4144 -0.9101 0 -0.4143 -0.9101 0 -0.5947 -0.794 -0.1264 -0.4061 -0.8497 -0.3363 -0.2664 -0.3713 -0.8895 -0.9882 0.0601 -0.1409 -0.9555 -0.2798 -0.093 -0.7262 0.1295 -0.6752 -0.7183 -0.5795 -0.3849 -0.4765 -0.1115 -0.8721 -0.9614 0.2733 -0.0312 -0.7001 0.0877 -0.7087 -0.9936 -0.0753 -0.084 -0.7181 -0.3535 -0.5996 -0.632 -0.7744 0.0297 0.506 -0.5927 -0.6266 -0.0817 -0.0852 -0.993 -0.0454 -0.1135 -0.9925 0.0233 -0.155 -0.9876 0.1557 -0.1373 -0.9782 0.0067 -0.0753 -0.9971 -0.7638 -0.5406 -0.3526 0.6587 -0.6063 -0.4455 0.0945 -0.4542 -0.8859 0.8172 -0.5311 -0.2238 0.4111 -0.6159 -0.672 -0.2936 -0.9559 0.0042 -0.2291 -0.8441 -0.4848 -0.4456 -0.8849 -0.1356 -0.3118 -0.947 -0.078 0.0031 0.9954 0.0962 -0.511 0.8533 -0.1041 -0.5673 0.8234 0.0143 0.1386 0.8031 -0.5795 -0.1748 0.9653 -0.194 -0.1928 0.4692 -0.8618 0.8091 0.5502 -0.2062 0.4463 0.8734 -0.1952 0.5911 0.4852 -0.6443 0.2031 0.4725 -0.8576 0.1873 0.115 -0.9756 0.2639 0.1495 -0.9529 -0.8358 -0.3261 -0.4417 -0.4084 -0.2579 -0.8756 -0.8802 -0.4626 -0.1055 -0.1801 -0.6364 -0.7501 0.2178 -0.8805 -0.4211 -0.4901 0.3355 -0.8045 -0.5388 0.1383 -0.831 -0.8069 0.4483 -0.3847 0.6474 0.5065 -0.5695 0.4369 0.5791 -0.6883 0.5324 0.8159 -0.2256 -0.0527 -0.1455 -0.988 0.2344 0.9245 -0.3005 -0.4615 0.7625 -0.4534 -0.0979 0.9498 -0.2971 -0.7222 0.4392 -0.5343 0.2055 -0.6848 -0.6991 -0.5014 0.8311 -0.2405 -0.9949 0.0864 -0.0526 -0.9823 -0.0577 -0.1783 -0.9787 0.0411 0.2012 -0.8851 0.459 -0.0769 -0.9784 -0.0507 0.2004 -0.2811 -0.1058 -0.9538 -0.8779 -0.1358 -0.4593 -0.4433 -0.0075 -0.8963 -0.469 0.0054 -0.8832 -0.9176 0.0029 -0.3975 -0.5001 0 -0.866 -0.9015 0.0001 -0.4328 -0.8709 -0.0057 -0.4915 -0.2835 0.2761 -0.9184 -0.6789 0.1493 -0.7189 -0.1293 0.0004 -0.9916 -0.0281 0.0228 0.9993 -0.9915 0.0051 -0.1303 -0.3962 -0.0048 -0.9182 -0.9211 0.0675 -0.3834 0.1655 -0.8432 -0.5115 0.2384 -0.2566 -0.9366 0.1913 -0.7119 -0.6757 -0.4911 -0.6919 -0.5293 -0.5292 -0.3431 -0.776 -0.6012 -0.5955 -0.5328 -0.3289 -0.574 -0.7499 -0.5038 -0.6258 -0.5954 -0.4131 -0.6643 -0.6229 -0.1448 -0.1477 -0.9784 -0.6924 -0.4814 0.5375 -0.1348 -0.182 -0.974 -0.2809 -0.3116 -0.9077 -0.5149 -0.603 0.6094 -0.2955 -0.2729 -0.9156 -0.1759 -0.1386 -0.9746 -0.3594 -0.1015 -0.9276 -0.6397 -0.5424 -0.5446 -0.8631 -0.3897 -0.3211 -0.6963 0.4432 -0.5645 -0.4742 0.2584 -0.8417 -0.5634 0.6245 -0.5409 -0.3023 0.5406 -0.7851 -0.2487 0.2106 -0.9454 -0.2518 0.2211 -0.9422 -0.6928 0.5261 -0.4931 -0.6549 0.5855 -0.4778 -0.4887 0.7689 -0.4122 -0.6393 0.4168 0.6462 -0.7055 0.6598 0.2588 -0.1226 0.1494 -0.9811 -0.3296 0.4337 -0.8386 -0.4886 0.6861 0.5391 -0.5546 0.686 -0.471 -0.3921 -0.6605 0.6404 -0.5689 -0.4408 0.6943 0.2305 -0.9427 0.2412 -0.1119 -0.6482 -0.7532 -0.1675 -0.7059 -0.6882 0.6671 -0.5858 -0.4603 -0.1551 -0.749 0.6442 -0.0749 -0.9807 -0.1804 -0.5329 -0.8257 -0.185 0.1541 -0.9636 -0.2186 -0.959 -0.0384 -0.2808 -0.3171 -0.3675 0.8743 0.239 0.1892 0.9524 -0.135 -0.3648 0.9213 0.3983 -0.2657 0.8779 0.423 -0.1471 0.8941 -0.7297 -0.5985 0.3306 0.2924 -0.3756 0.8794 0.4719 -0.0808 0.878 -0.3306 0.4302 0.84 -0.1269 -0.2506 0.9598 -0.2541 -0.4351 0.8638 0.5325 0.1309 0.8362 -0.6202 0.7638 0.1789 0.1357 -0.9871 0.0849 0.1614 0.6357 0.7549 0.234 -0.3666 0.9005 0.439 -0.1204 0.8904 0.386 0.3959 0.8332 -0.0961 -0.9192 0.382 0.4047 -0.4059 0.8194 0.244 0.4409 0.8637 0.4954 0.3034 0.8139 0.5803 -0.0779 0.8107 0.4568 -0.3715 0.8083 0.7848 0.1137 0.6093 -0.4438 0.4219 0.7906 0.1278 0.4921 0.8611 0.4399 0.1791 0.88 -0.0093 0.3564 0.9343 0.4629 -0.5767 0.6732 0.3935 -0.1467 0.9075 0.4831 -0.2881 0.8268 0.4222 0.8959 0.1382 -0.3136 0.1953 0.9292 0.359 0.1431 0.9223 0.1408 -0.123 0.9824 0.945 -0.0626 0.321 0.1474 0.3534 0.9238 -0.3863 0.1148 0.9152 0.3156 0.0737 0.946 -0.0222 0.4798 0.8771 -0.2538 0.5024 0.8265 0.1857 -0.9694 0.1609 0.5017 -0.8125 0.2969 0.1461 0.9633 0.225 -0.5659 0.8226 0.0551 -0.6743 0.7304 0.1091 0.0109 0.9843 0.1762 0.4481 0.8587 0.2487 -0.4144 -0.9101 0.0011 -0.5868 0.2509 0.7698 -0.5258 -0.1808 0.8312 -0.1506 -0.093 0.9842 -0.7854 -0.1186 0.6076 0.833 -0.4838 0.2684 0.3321 -0.1193 0.9357 0.6814 0.0273 0.7314 0.1391 -0.1077 0.9844 0.3506 -0.1195 0.9289 0.9763 0.0821 -0.2002 0.983 0.0836 -0.1634 0.3028 -0.5378 -0.7868 0.6203 -0.5033 -0.6015 0.7604 -0.5887 -0.2744 -0.276 -0.6454 -0.7122 -0.6464 -0.2165 -0.7317 -0.6475 0.4649 -0.6038 -0.8404 0.087 -0.535 -0.8699 0.3288 -0.3677 -0.1215 0.2126 -0.9696 -0.756 -0.334 -0.563 -0.1731 0.6037 -0.7782 -0.3764 0.7032 -0.6032 -0.6953 0.0684 -0.7155 0.2184 0.9391 -0.2652 -0.1572 0.6105 -0.7762 0.0394 0.1061 0.9936 -0.465 0.0924 0.8805 0.0535 0.553 0.8315 -0.1867 0.7606 0.6218 0.5613 0.3377 0.7556 0.7919 0.1436 0.5935 0.3972 0.5761 0.7144 -0.1576 0.7223 0.6734 -0.1859 0.3978 0.8985 -0.4045 0.1894 0.8947 0.68 -0.0508 0.7314 0.8577 0.1205 0.4998 0.3187 0.2903 0.9023 0.4002 0.5786 0.7106 0.2405 0.5081 0.827 0.1978 0.0079 0.9802 -0.2372 0.656 0.7165 -0.2276 0.855 0.4659 -0.7714 0.3958 0.4982 -0.7308 0.6216 0.2819 -0.0418 0.7971 0.6025 -0.1205 0.246 0.9617 -0.3265 0.5431 0.7736 0.1715 0.9135 0.3689 -0.2624 0.2331 0.9364 0.8599 0.332 0.3877 0.676 0.1163 0.7277 0.4413 -0.2196 0.8701 0.7084 -0.1679 0.6855 0.5349 0.0183 0.8447 0.2729 -0.3584 0.8928 0.3576 0.1997 0.9123 0.7996 0.1507 0.5813 0.755 0.11 0.6464 0.6074 0.1129 0.7863 0.2526 0.5611 0.7883 0.2676 0.3006 0.9154 0.3915 0.8054 0.4451 0.8457 0.2416 0.4759 0.4934 0.2991 0.8167 0.6138 -0.0057 0.7894 0.8387 -0.2659 0.4753 0.2902 -0.1338 0.9476 0.3319 -0.5389 0.7742 -0.327 -0.4529 0.8294 -0.1005 0.5038 0.858 0.2411 0.6265 0.7412 0.1321 0.3881 0.9121 0.7084 0.2406 0.6636 0.5584 0.0796 0.8257 0.4496 0.1178 0.8854 0.6831 -0.1834 0.7069 0.536 -0.0248 0.8439 0.5048 -0.8315 0.2318 -0.0707 -0.7291 0.6808 0.3193 -0.7326 0.6012 0.7654 -0.551 0.3325 0.1742 -0.2918 0.9405 0.408 -0.5247 0.7472 -0.3347 -0.1869 0.9236 0.2312 -0.4224 0.8764 0.4569 -0.6415 0.6162 0.6233 -0.0239 0.7816 0.2715 0.076 0.9594 0.3242 -0.1324 0.9367 0.3767 0.1166 0.919 0.3021 0.6066 0.7354 0.708 0.5729 0.413 0.5569 0.1913 0.8083 0.2994 0.3244 0.8973 -0.1919 -0.652 0.7336 -0.3256 -0.1581 0.9322 -0.243 -0.2231 0.944 -0.1429 -0.5364 0.8318 -0.1622 -0.8771 0.4521 -0.4645 -0.6112 0.6408 0.6221 -0.4086 0.6678 -0.2474 -0.8556 0.4548 0.0195 -0.2736 0.9617 0.1064 -0.4446 0.8894 0.1853 -0.6032 0.7758 0.5608 -0.5157 0.6477 -0 0 0 0.3467 -0.2942 0.8906 0.3294 -0.217 0.9189 0.5341 0.0057 0.8454 0.5633 0.3667 0.7404 0.528 -0.1334 0.8387 0.6599 -0.3485 0.6657 0.6001 -0.0056 0.7999 0.6283 -0.0162 0.7778 0.7633 0.6124 0.206 0.5239 0.0617 0.8495 -0.303 0.1944 0.933 -0.5795 0.3194 0.7498 -0.8961 0.4404 -0.0548 -0.985 0.1171 0.1264 -0.8376 0.266 0.4771 -0.4798 0.371 0.7951 -0.1129 0.4671 0.8769 -0.1147 0.3863 0.9152 -0.0733 0.6251 0.7771 0.0117 0.3716 0.9283 -0.5902 0.2425 0.77 -0.6139 0.266 0.7432 -0.9464 0.167 0.2766 -0.9384 0.0886 0.334 -0.4518 0.8628 0.2267 0.4365 -0.6468 -0.6254 0.6688 -0.7426 -0.0349 0.9045 -0.408 -0.1242 0.6266 -0.4104 -0.6625 0.5395 0.2564 -0.802 0.2779 0.0423 -0.9597 0.0806 0.0915 -0.9925 -0.004 0.9867 -0.1627 -0.0598 0.1589 -0.9855 -0.2168 0.9715 -0.0964 0.174 0.1222 -0.9771 0.0031 0.003 -1 -0.0118 -0.0096 -0.9999 -0.0028 -0.0029 -1 -0.0005 0.0015 -1 -0.0086 0.0015 -1 0.6863 -0.0286 -0.7267 0.3913 -0.6429 -0.6585 0.1939 0.778 -0.5975 -0.1059 0.8068 -0.5812 0.624 -0.4682 0.6257 0.684 -0.0477 0.728 0.7217 -0.0555 0.69 0.2446 -0.6688 0.702 0.1476 -0.7381 0.6583 0.4197 -0.8829 0.2105 0.6224 -0.3195 0.7145 0.604 -0.6899 0.399 0.3844 -0.4484 0.807 0.721 0.0513 0.691 0.631 -0.1639 0.7583 0.0115 -0.624 0.7814 0.7059 0.056 0.7061 -0.6477 -0.1992 0.7354 0.4511 0.4696 0.7589 -0.4791 -0.4017 0.7804 0.6844 0.3457 0.6419 0.8352 -0.2545 0.4876 0.1999 0.5764 0.7923 0.3043 0.7012 0.6447 0.3768 0.6694 0.6403 0.2182 0.6147 0.758 0.7382 0.6521 0.1728 0.6078 0.3267 0.7237 0.9943 0.1024 0.0291 0.9964 -0.0823 0.0219 0.961 0.1543 0.2294 0.1553 -0.7524 0.6401 0.3065 -0.71 0.634 0.5842 -0.2771 0.7628 0.8732 -0.4498 0.1874 0.9692 0.2463 -0.0053 0.5959 0.3918 0.701 0.0876 0.8448 0.5279 0.7209 0.5116 0.4675 -0.9248 -0.1847 0.3325 -0.7733 -0.3172 0.549 0.7215 -0.0838 0.6874 0.7427 -0.3686 0.559 -0.4251 -0.727 0.5392 0.732 0.4173 0.5386 -0.826 0.4681 0.314 0.9356 -0.1164 0.3335 -0.659 0.2949 0.6919 -0.302 -0.6592 0.6886 0.5283 0.316 0.7881 0.7604 0.6487 0.0321 0.7869 0.617 0.0045 0.582 0.4315 0.6893 0.5698 0.2044 0.7959 0.9194 0.0347 0.3918 -0.3203 -0.5504 0.771 0.491 -0.5469 0.6781 -0.2784 -0.9604 -0.0091 -0.3428 -0.5411 0.7679 -0.2063 -0.9154 0.3458 -0.167 -0.5933 0.7875 -0.8935 -0.0089 0.4489 0.6483 -0.1169 0.7523 0.4153 -0.8931 0.1727 -0.1795 0.934 0.3088 0.9166 -0.2718 0.2932 0.2394 0.8141 0.529 0.556 -0.5194 0.6489 -0.4512 0.8924 -0.0024 -0.3525 0.8604 0.3681 -0.4019 0.9071 0.1252 -0.121 0.9857 -0.1174 -0.3032 0.9529 -0.0006 -0.1643 0.986 0.027 -0.2988 0.9543 0.0033 -0.2624 0.7642 -0.5892 -0.451 0.8925 0.0041 -0.5821 0.8131 -0.0006 -0.4817 0.8759 -0.0268 -0.5871 0.8092 -0.0226 -0.0768 0.781 -0.6198 0.033 0.8188 -0.5731 0.1471 0.881 -0.4496 0.224 0.6862 -0.692 0.3947 0.7546 -0.5242 0.4466 0.6147 -0.6502 0.5819 0.4286 -0.6911 0.6008 -0.7986 -0.0371 0.6471 0.3256 -0.6894 0.094 -0.3015 -0.9488 0.8558 0.1903 -0.4811 0.9548 0.2971 0.0101 0.9993 0.0367 -0.005 0.4358 0.7209 0.5389 -0.4027 -0.1451 0.9038 0.7345 -0.6158 0.2851 0.9727 -0.0518 -0.2262 -0.7211 -0.424 0.548 -0.6943 0.0519 0.7179 -0.7238 0.0709 0.6864 -0.5437 0.5837 0.6031 -0.0591 0.7068 0.7049 -0.3308 0.8785 0.3447 -0.0486 0.2251 0.9731 0.7941 -0.3691 0.4828 0.9108 -0.3529 0.2141 0.2563 0.7956 0.549 -0.2687 0.9204 0.2841 -0.8527 0.4731 0.2213 0.8135 0.2249 0.5362 -0.5096 0.6023 0.6144 -0.6834 0.041 0.7289 -0.606 -0.4378 0.6641 -0.6315 -0.295 0.7171 -0.7849 -0.0978 0.6118 -0.8268 -0.5622 0.0177 -0.9846 -0.1746 0.0074 -0.7687 -0.1185 0.6286 -0.7214 -0.0381 0.6915 -0.6137 0.2052 0.7624 -0.5731 -0.1778 0.7999 -0.0208 0.6359 0.7714 0.3438 0.5808 0.7379 -0.2707 0.6128 0.7424 0.2453 0.9085 0.3382 0.7058 0.7084 0.0053 0.3172 0.5468 0.7748 -0.485 0.5565 0.6747 -0.4354 0.8999 0.0252 -0.1399 0.7561 0.6393 0.3627 0.6735 0.6441 0.7212 0.6927 0.007 0.2955 0.527 0.7969 0.6789 0.6632 0.315 -0.8742 0.1599 0.4586 -0.8342 0.5508 0.0266 -0.9166 0.2732 0.2918 -0.2233 -0.7991 0.5581 -0.5252 0.5214 0.6725 -0.2818 0.5131 0.8107 0.5746 -0.8184 0.0111 0.4916 -0.543 0.6808 -0.4978 0.4409 0.7469 -0.411 0.2521 0.8761 -0.9244 0.38 0.0322 -0.5857 0.4471 0.676 -0.5478 -0.4359 0.7141 0.577 -0.4318 0.6933 0.7102 -0.7039 -0.011 0.7101 -0.6863 0.157 0.3664 -0.9162 -0.162 0.5312 -0.769 -0.3555 0.3252 -0.9456 0.0031 0.3976 -0.8083 -0.4342 0.2028 -0.9792 0.005 0.0081 -0.9121 -0.4099 0.1933 -0.8603 -0.4718 0.1236 -0.9923 -0.0082 0.154 -0.94 0.3045 0.5058 -0.8465 0.1659 0.1032 -0.9894 -0.1024 0.7497 -0.4249 0.5074 -0.0915 0.6812 0.7264 0.4524 0.8458 0.2827 0.1094 -0.7152 0.6903 0.0694 0.7851 0.6154 -0.108 0.5253 0.844 -0.4059 0.9136 0.0259 -0.0353 0.7337 0.6786 -0.4703 0.3377 0.8154 -0.8335 0.5524 -0.0052 0.6786 0.3784 0.6295 0.5197 0.2842 0.8057 0.4075 0.7147 0.5685 0.3003 0.2602 0.9177 0.0078 0.4169 0.9089 -0.2384 0.8972 0.3717 -0.443 0.8403 0.3124 -0.1174 0.3348 0.9349 0.9959 -0.0244 0.0872 0.697 0.4345 0.5705 0.4338 0.7794 0.452 -0.0628 0.7942 0.6044 0.5151 0.5221 0.6798 0.235 0.5428 0.8063 0.2281 0.7556 0.614 -0.54 -0.5001 0.677 -0.3926 0.0222 0.9194 0.8051 0.5868 0.086 -0.0232 0.7737 0.6332 -0.0297 0.976 0.2156 -0.0219 0.6648 0.7467 -0.1769 0.9841 0.0163 -0.5235 0.5948 0.61 0.5133 0.1553 0.844 -0.6819 0.3877 0.6202 0.5679 0.4804 0.6683 0.7883 -0.0931 0.6082 0.5418 0.8369 -0.077 0.596 0.8029 0.0033 0.5922 0.8057 -0.0076 0.8445 0.5356 0.0046 0.9317 0.3633 0.003 0.0306 0.8051 0.5923 0.1894 0.6107 0.7689 -0.1162 0.6084 0.785 -0.3306 0.5346 0.7777 0.572 0.8203 -0.0042 0.2097 0.9773 -0.0295 0.633 0.7741 -0.0016 0.5021 0.8646 0.0185 0.7826 0.4614 0.4179 0.7369 0.676 0.0003 0.563 0.352 0.7478 0.8247 0.5656 0.001 0.6131 0.79 -0.0091 0.4124 0.8281 -0.3797 0.55 -0.0639 0.8327 0.603 0.7973 0.0256 0.947 -0.321 0.0154 -0.4733 0.5334 0.7011 -0.3241 0.5595 0.7628 -0.0312 0.6456 0.763 0.1888 0.6546 0.732 0.7992 -0.0091 0.6009 0.6387 0.7694 0 0.6386 0.7695 0.0004 0.5173 0.4761 0.7112 0.4236 0.5254 0.7379 0.6427 -0.0135 0.766 0.6406 0.2209 0.7354 0.5601 -0.313 0.767 0.4065 -0.9136 -0.0039 0.6406 -0.7654 0.0614 -0.011 -0.7513 0.6599 0.0366 -0.6281 0.7773 0.3429 -0.54 0.7686 0.597 0.4018 0.6943 0.7773 -0.0773 0.6243 -0.4777 0.355 0.8036 0.5481 0.4658 0.6947 0.9236 0.3831 0.0102 0.8271 0.562 0.006 0.0744 0.9971 -0.0172 0.0137 0.9999 0.0044 0.013 0.9999 -0 0.013 0.9999 0 0.0114 0.9999 0.0035 0.0675 0.9977 0.0001 0.0653 0.9979 0 0.0649 0.9979 0.0008 0.0434 0.9991 0.0014 0.031 0.9994 -0.0147 0.7768 0.6298 0.0024 0.7714 0.6364 -0.0024 0.0679 0.9977 0.0005 0.0678 0.9977 0 0.0678 0.9977 0 0.013 0.9999 -0 0.0653 0.9979 0 0.0653 0.9979 0 0.0668 0.9978 0.005 0.0653 0.9979 0 0.0218 0.9998 0.0005 0.7767 0.6298 -0.0024 0.0484 0.9988 0.0072 0.0678 0.9977 0 -0.3367 0.9147 0.2235 -0.6843 0.0212 0.7289 -0.7615 -0.6481 0.0107 -0.881 -0.473 0.0095 -0.3106 -0.9333 0.1804 0.2108 -0.7842 0.5836 -0.561 -0.8271 0.0336 -0.6888 -0.725 0.0008 -0.5482 -0.8205 -0.1622 -0.5303 -0.7512 -0.3931 -0.3997 -0.9166 0.0097 -0.2736 -0.8973 -0.3464 -0.0999 -0.4358 -0.8945 -0.0767 -0.997 0.0082 0.1455 -0.9775 0.1525 -0.1645 -0.9221 -0.3504 -0.034 -0.7321 0.6804 0.8943 -0.2315 0.3828 -0.6463 -0.6816 0.3431 -0.7131 0.5238 0.4659 0.8681 0.3443 0.3575 0.3403 0.9044 0.2573 0.2619 0.7058 0.6583 0.0783 0.6023 0.7944 -0.3328 0.8245 0.4576 -0.6685 -0.4609 0.5837 0.074 0.6667 0.7417 0.7983 0.3165 0.5124 -0.8117 -0.0033 -0.5841 -0.5748 0.4617 -0.6756 -0.3782 0.64 -0.6688 -0.684 0.7289 -0.0289 -0.2754 0.0601 -0.9595 -0.9443 0.0671 0.3222 -0.3827 0 -0.9239 -0.8074 0.2729 -0.5231 -0.985 0.1694 0.032 -0.9271 0.0095 -0.3746 -0.9104 -0.0594 -0.4094 -0.9541 -0.2989 -0.0191 -0.8087 -0.0007 -0.5882 -0.7851 -0.4182 -0.4569 -0.7899 -0.6129 0.0211 -0.7348 -0.6653 -0.1321 -0.6428 -0.6629 -0.3839 -0.8532 -0.4288 0.2968 -0.9374 0.1948 0.2889 -0.5619 0.4697 0.6809 -0.796 -0.2074 0.5687 0.4261 -0.8303 0.3593 0.4463 -0.4463 0.7757 0.6201 -0.3977 0.6762 0.2926 -0.4771 0.8287 0.4646 -0.4913 0.7367 -0.4444 0.6013 0.664 -0.6776 0.7353 0.0117 -0.9064 0.4223 0.0002 -0.9287 0.3709 -0.0027 0.3581 -0.9332 0.0291 -0.644 -0.765 0.0102 -0.1042 -0.7866 0.6087 -0.6421 -0.7666 -0.0038 0.7809 0.043 0.6232 0.9518 -0.2306 0.2022 0.2814 0.5434 0.7909 0.0408 0.9992 -0.0008 0.7371 0.6757 -0.0022 0.0338 0.8155 0.5778 0.6829 0.7304 0.0086 0.0536 0.9986 -0 0.7936 0.6084 -0.0073 0.7667 0.6419 0.0124 0.043 0.999 -0.0116 0.0536 0.9986 0 0.0536 0.9986 0 0.026 0.9996 -0.005 0.0094 0.9999 0.0056 0.0237 0.9997 0.0013 0.0401 0.9992 0.0012 0.0513 0.9987 0 0.0513 0.9987 0 0.123 0.9921 -0.0229 0.7763 0.6303 0.0069 0.6542 0.7563 0.0016 0.2856 0.9583 0.0115 0.052 0.9986 0.0022 0.7807 0.625 -0.0004 0.0501 0.9987 -0.0026 -0.001 1 0 -0.001 1 -0 0.0513 0.9987 0 0.0513 0.9987 -0 0.6538 0.7566 -0.0009 0.0195 0.9998 -0.0065 -0.001 1 0 -0 1 0.0063 0.6538 0.7567 0.0019 -0.001 1 0 -0.001 1 0 0.7613 0.6482 0.016 -0.001 1 0 0.0009 1 -0.0059 0.0132 0.9999 0 0.0132 0.9999 0 0.0225 0.9997 -0.0105 0.0132 0.9999 0 0.015 0.9998 0.011 0.7655 0.6432 0.0143 0.7757 0.631 -0.0093 0.008 0.9998 0.0187 0.0166 0.9999 -0.0044 0.0132 0.9999 0 -0.001 1 0 0.0132 0.9999 0 -0.001 1 0 -0.001 1 0 0.0132 0.9999 0 0.0149 0.9999 0.0086 0.028 0.9995 -0.0127 0.7709 0.6369 0.0112 0.7479 0.6638 0.0077 0.6772 0.7358 -0.0064 0.0058 1 0.0001 0.033 0.9995 -0.0021 0.7761 0.6306 0.0021 0.7804 0.6253 0 0.7804 0.6253 0 0.7804 0.6253 0 0.7804 0.6253 0 0.7325 0.6807 0.0004 0.7804 0.6253 0 0.7804 0.6253 0 0.7804 0.6253 0 0.7804 0.6253 0 0.7804 0.6253 0 0.7648 0.6442 0.0009 0.269 0.735 0.6224 -0.733 0.0932 0.6738 -0.0496 0.9988 -0.0047 0.7107 -0.3668 0.6003 -0.8095 0.4728 0.3481 -0.9198 0.3899 0.0444 -0.3498 0.9138 0.2061 0.4167 0.7218 0.5526 0.4136 0.2211 0.8832 -0.5894 0.5255 0.6135 -0.3388 0.1985 0.9197 -0.2877 0.6735 0.6809 0.3019 0.3075 0.9024 0.0292 0.3212 0.9466 0.8431 -0.5326 -0.0738 0.7742 -0.4983 -0.3904 0.9839 -0.1774 -0.0193 0.815 -0.3262 -0.479 0.9996 0.0112 0.0277 0.9992 0.0133 0.0373 0.9474 -0.0012 -0.32 -0.6799 0.6779 0.2796 -0.3101 0.4913 0.8139 -0.1989 0.7634 0.6146 -0.6198 0.2991 0.7256 -0.6893 -0.3298 0.6451 -0.9393 -0.3415 0.0317 -0.1987 -0.6113 0.7661 -0.3211 -0.6984 0.6396 -0.3206 -0.5971 0.7354 -0.894 -0.0097 0.448 0.7613 0.5369 0.3635 -0.6615 0.4438 0.6045 0.6729 0.2845 0.6828 -0.6881 -0.1683 0.7058 -0.1444 -0.246 0.9584 -0.6068 0.1962 0.7703 -0.8096 0.587 0.0038 -0.7915 0.0854 0.6052 -0.5661 -0.4789 0.6709 -0.5706 0.3172 0.7575 -0.648 0.033 0.7609 0.0473 -0.6337 0.7721 -0.9035 0.1883 0.385 -0.4533 -0.5835 0.6738 -0.3682 -0.8119 0.453 0.2858 -0.5798 0.763 0.0606 -0.7855 0.6159 -0.4643 -0.8846 0.0426 -0.7175 -0.4234 0.5531 -0.9986 -0.0359 0.0397 -0.4328 -0.7896 0.4349 -0.2869 -0.4668 0.8366 -0.4282 -0.5045 0.7498 0.4898 0.5433 0.6818 -0.2065 0.8178 0.5372 -0.2782 -0.6911 0.6671 0.7686 -0.3293 0.5485 -0.7859 -0.5319 0.3153 -0.9476 -0.1408 -0.2867 0.9423 0.0984 0.32 0.5936 0.4287 0.6811 0.6016 0.6158 -0.5089 0.5855 0.8106 0.0024 0.4746 0.8802 0.0107 0.2866 0.958 0.0071 0.1136 0.9935 0.0014 0.3517 0.8526 0.3864 0.7241 0.4259 0.5424 -0.1315 0.9913 -0.0052 0.5767 0.7708 0.2707 0.455 -0.841 0.2927 0.0158 -0.7128 0.7012 -0.0544 -0.9985 -0.0102 0.1534 -0.8631 0.4811 -0.223 -0.9747 0.0182 -0.4154 -0.6449 0.6415 -0.0279 -0.9868 -0.1597 -0.1072 -0.7175 0.6882 -0.7098 -0.3213 0.6268 0.0413 -0.735 0.6768 -0.6024 -0.2004 0.7726 0.4704 -0.3323 0.8175 0.7048 -0.2388 0.668 -0.3272 -0.6071 0.7241 -0.4659 -0.4332 0.7716 -0.1904 -0.6611 0.7257 0.2519 -0.7199 0.6468 0.2592 -0.6083 0.7502 0.1554 0.9629 0.2205 -0.5268 -0.4208 0.7385 -0.9153 -0.4022 -0.023 -0.9332 -0.3392 -0.1186 0.8598 -0.5105 -0.0093 0.4755 -0.6183 0.6258 0.1003 -0.5293 0.8425 0.2267 -0.9736 0.0277 0.1076 -0.9923 0.061 -0.4512 -0.8469 0.2814 0.1509 -0.8398 0.5215 -0.0722 -0.7845 0.6159 -0.7487 0.4358 0.4995 0.0067 0.7362 0.6767 0.0258 -0.6677 0.744 -0.1559 -0.3269 0.9321 0.5275 -0.2633 0.8077 0.8665 -0.2848 0.41 0.4817 -0.5702 0.6655 0.2654 -0.6123 0.7448 -0.5935 -0.3748 0.7123 -0.504 -0.779 0.3731 -0.9036 -0.0491 0.4255 0.438 0.1709 0.8826 0.2672 0.237 0.934 0.7454 0.5724 0.3415 0.7647 0.6444 -0.0039 0.7898 -0.6132 0.0084 -0.5462 -0.8138 -0.1986 0.4392 -0.7603 -0.4786 0.4957 -0.864 -0.0883 -0.4335 -0.8973 0.083 0.3471 -0.6077 0.7143 -0.593 -0.7214 0.3577 -0.9144 -0.2414 -0.3249 -0.9794 -0.1925 -0.061 -0.9689 -0.141 -0.2032 -0.9935 -0.1126 -0.0178 -0.9682 -0.0756 -0.2384 -0.7299 -0.079 -0.679 -0.3135 0.0255 -0.9492 0.0333 0.0493 -0.9982 -0.2633 -0.0759 -0.9617 -0.6601 -0.2915 -0.6923 -0.83 -0.442 0.3402 -0.7119 -0.4397 0.5476 0.9466 -0.304 0.1075 0.5042 -0.8599 0.0793 0.8408 0.0377 0.5401 0.8975 -0.1937 0.3962 0.8105 0.2452 -0.532 0.9801 -0.1254 0.154 0.842 0.1599 -0.5153 0.7 -0.3638 0.6145 0.945 -0.3207 -0.0636 0.8927 -0.1949 -0.4064 0.9936 0.1127 0.0091 0.8257 0.2032 0.5262 0.9697 0.1244 0.2104 0.6878 0.1127 0.7171 0.3831 0.2252 0.8958 0.9351 0.099 0.3404 0.996 0.0514 0.0729 0.9972 0.0645 0.0383 0.9969 0.0152 0.0775 0.9103 -0.1766 0.3744 0.9983 -0.013 0.0564 0.9995 -0.0323 -0.0036 0.9519 -0.0383 -0.3041 0.8657 0.0379 -0.4992 0.6626 -0.0257 -0.7485 0.3887 0.0017 -0.9214 0.1618 0.0487 -0.9856 -0.3329 0.0313 -0.9425 -0.2419 -0.0027 -0.9703 -0.018 0.0269 -0.9995 0.2087 -0.01 -0.9779 0.9298 -0.1221 -0.3471 0.9952 -0.0912 0.0361 0.9958 -0.0893 -0.0205 0.9949 -0.0966 0.0274 0.9979 -0.0508 0.0411 0.9257 -0.0559 0.3741 0.6747 -0.0378 0.7371 0.349 0.0369 0.9364 0.1457 0.1091 0.9833 0.1147 0.0373 0.9927 0.0595 0.1738 0.983 -0.1217 0.0777 0.9895 -0.1139 -0.0015 0.9935 -0.1495 -0.0018 0.9888 0.0334 0.0033 0.9994 0.1492 -0.0093 0.9888 0.0349 0.0086 0.9994 0.1394 -0.0104 0.9902 0.4215 -0.0432 0.9058 0.9661 -0.1542 0.2068 0.9806 -0.1938 0.0287 0.9545 -0.1963 0.2243 0.77 -0.1288 0.6249 0.9821 -0.1867 -0.0253 0.9648 -0.225 -0.1361 0.9724 -0.2333 0.0091 0.348 -0.0499 0.9362 0.1022 -0.0066 0.9947 0.1314 -0.0049 0.9913 -0.0635 0.0181 0.9978 -0.2179 0.0165 0.9758 -0.0016 0.0211 0.9998 0.0227 -0.0106 0.9997 0.0162 -0.0119 0.9998 -0.0453 -0.0648 0.9969 0.007 -0.0409 0.9991 0.0366 -0.0268 0.999 0.0376 -0.0002 0.9993 0.0599 -0.0259 0.9979 0.0373 -0.7248 0.6879 0.0319 -0.7255 0.6875 0.0038 -0.0933 0.9956 0.0345 -0.1993 0.9793 0.1963 -0.2679 0.9432 0.0914 -0.3291 0.9399 0.0942 0.0184 0.9954 0.0275 -0.4569 0.8891 -0.0409 -0.4642 0.8848 -0.1182 -0.8255 0.5519 -0.1022 -0.9486 0.2995 0.0224 -0.6965 0.7172 0.0756 -0.8502 0.5209 0.134 -0.3948 0.9089 -0.0362 -0.2185 0.9752 -0.0789 0.5825 0.809 -0.4417 -0.0009 0.8971 -0.1201 -0.1936 0.9737 -0.3585 -0.1986 0.9121 -0.9808 -0.0913 0.1725 -0.9859 -0.0053 0.1674 -0.858 0.141 -0.494 -0.9601 0.0542 -0.2743 -0.8306 0.2576 -0.4937 -0.9169 0.391 -0.0808 -0.9646 0.2226 -0.1416 -0.8938 0.4115 -0.1782 -0.7888 0.5183 -0.3305 -0.8075 0.5872 0.0567 -0.7134 0.6498 -0.2624 -0.7748 0.46 -0.4337 -0.6411 0.7622 -0.0891 -0.7552 0.6458 -0.1128 -0.4652 0.879 -0.105 -0.3356 0.9346 -0.1178 -0.5225 0.8166 -0.2451 -0.5615 0.6584 -0.5012 -0.3662 0.8278 -0.425 -0.3222 0.5864 -0.7432 -0.1223 0.6888 -0.7146 -0.2035 0.4919 -0.8466 -0.3529 0.6082 -0.711 -0.1708 0.5471 -0.8195 -0.4303 0.8453 -0.3168 -0.535 0.8247 0.1835 -0.6164 0.6188 0.4869 -0.6919 0.6089 -0.388 -0.3943 0.2678 0.8791 -0.3103 0.4508 0.837 -0.1724 0.5512 0.8163 -0.3151 0.7607 0.5674 -0.4669 0.7959 0.3853 -0.2759 0.784 -0.5561 -0.2414 0.9704 -0.0053 -0.2045 0.9781 -0.038 -0.0276 0.9973 0.0687 -0.1002 0.818 -0.5665 -0.0099 0.8932 0.4495 0.115 0.9636 -0.2415 0.1759 0.9187 -0.3536 0.2446 0.9208 0.3036 0.1098 0.7542 0.6474 0.4816 0.5428 0.6881 0.9998 -0.0037 0.0219 0.8659 -0.0003 -0.5002 0.8503 -0.0148 -0.5261 0.9494 0.1396 0.2813 0.9596 0.0721 -0.2721 0.8975 0.2864 0.3353 0.9065 0.3637 -0.2146 0.7856 0.3536 0.5076 0.1894 0.0605 0.98 0.8261 0.4953 0.2687 0.7583 0.574 0.3089 0.8149 0.4236 -0.3956 0.8413 0.1944 -0.5044 0.6179 0.1677 -0.7682 0.8447 0.1309 -0.519 0.747 -0.0886 -0.6589 0.6523 0.0216 -0.7577 0.8776 -0.1972 -0.437 0.9483 -0.2717 -0.1642 0.9218 -0.3646 -0.1319 0.8506 -0.3837 -0.3594 0.7624 -0.5329 -0.367 0.7259 -0.632 0.2713 0.8804 -0.4654 0.0914 0.3753 -0.6502 0.6606 0.6378 -0.7577 0.1382 0.5124 -0.4098 0.7547 0.1729 -0.5847 0.7926 0.0174 -0.396 0.9181 0.4019 -0.1628 0.9011 0.0865 -0.1646 0.9825 0.1774 -0.1097 0.978 0.1186 -0.0944 0.9884 0.0943 -0.0194 0.9954 0.1269 -0.0228 0.9916 0.4188 -0.2694 0.8672 0.7695 -0.2694 0.579 0.8508 -0.2218 0.4763 0.6696 -0.1415 0.7292 0.9695 -0.2203 0.1074 0.949 -0.2295 0.2161 0.9331 -0.3413 -0.1138 0.9458 -0.252 -0.205 0.8232 -0.2232 -0.5221 0.9736 -0.2069 -0.096 0.4216 -0.1259 -0.898 0.2091 -0.0369 -0.9772 -0.026 -0.0023 -0.9997 -0.159 -0.0324 -0.9867 -0.2132 -0.025 -0.9767 -0.4071 -0.0158 -0.9132 -0.708 -0.0326 -0.7055 -0.8241 0.043 -0.5648 -0.9487 0.1258 -0.2902 -0.9852 0.1596 -0.0618 -0.9937 0.0863 -0.0709 -0.97 0.1819 -0.1612 -0.9626 0.2698 -0.0246 -0.9799 0.1821 -0.0817 -0.9805 0.1965 0.009 -0.9089 0.4053 -0.0984 -0.8563 0.2659 -0.4427 -0.7579 0.1893 -0.6243 -0.5375 0.1389 -0.8318 -0.8144 0.1484 -0.561 -0.4259 0.0234 -0.9045 -0.1302 -0.0447 -0.9905 -0.0361 -0.076 -0.9965 -0.2953 0.1144 -0.9485 -0.1276 0.1692 -0.9773 -0.2143 0.2104 -0.9538 -0.1337 0.0114 -0.991 -0.0572 0.027 -0.998 -0.0079 -0.0477 -0.9988 0.0038 -0.0638 -0.998 0.0739 -0.0759 -0.9944 0.0789 -0.0437 -0.9959 0.0428 -0.0467 -0.998 -0.0484 -0.0153 -0.9987 -0.0306 -0.0587 -0.9978 -0.0443 -0.051 -0.9977 0.0205 -0.01 -0.9997 0.0641 -0.0127 -0.9979 0.1739 -0.0657 -0.9826 0.1968 -0.08 -0.9772 0.677 -0.2365 -0.6969 0.0447 -0.0319 -0.9985 0.0642 -0.1774 -0.982 0.1371 0.0018 -0.9905 0.2563 0.0555 -0.965 0.621 0.1333 -0.7724 0.7393 0.0631 -0.6704 0.4869 0.1285 -0.864 0.9207 0.0471 -0.3875 0.8684 -0.0475 -0.4936 0.9572 -0.1308 -0.2582 0.7927 -0.1895 -0.5794 0.4194 -0.0522 -0.9063 0.2165 -0.0848 -0.9726 0.4691 -0.1342 -0.8729 0.7524 -0.296 -0.5885 0.8962 -0.3364 -0.2893 0.9314 -0.2833 -0.2284 0.9965 0.0141 -0.0825 0.9747 0.1144 -0.1919 0.9984 -0.0094 -0.0565 0.962 -0.1226 -0.2441 0.9535 0.0092 -0.3014 0.8754 -0.4546 -0.1643 0.9738 -0.1952 -0.1166 0.955 -0.2958 -0.0202 0.9361 -0.3452 -0.0673 0.9185 -0.3561 -0.1721 0.9305 -0.3661 -0.0118 0.9322 -0.3585 -0.0504 0.9346 -0.3535 -0.0387 0.933 -0.3566 -0.0479 0.9401 -0.3399 0.0257 0.9532 -0.2531 0.1656 0.9673 -0.2537 0.005 0.9792 0.2004 0.0319 0.9652 -0.2596 0.03 0.9714 -0.224 -0.0792 0.9663 -0.2531 -0.0464 0.936 -0.2701 0.2259 0.9567 -0.2599 0.1307 0.9557 -0.2577 0.1424 0.9399 -0.2391 0.2438 0.0985 -0.011 -0.9951 0.829 -0.2705 -0.4894 0.9405 -0.3317 -0.074 0.8918 -0.3308 -0.3085 0.9608 0.197 -0.1951 0.8092 0.3331 -0.484 0.8674 0.3229 -0.3787 0.8958 0.4439 -0.0242 0.7733 0.6283 -0.0854 0.9218 0.3802 -0.0764 0.7038 0.5993 -0.3814 0.5185 0.8246 -0.2262 0.3135 0.9496 -0.002 0.0541 0.7786 -0.6252 0.1097 0.8883 -0.446 0.5033 0.6711 -0.5443 0.3071 0.4798 -0.8219 0.1419 0.5881 -0.7962 0.1596 0.5158 -0.8417 0.0221 0.5239 -0.8515 -0.1846 0.5508 -0.814 -0.4608 0.3569 -0.8126 -0.9406 0.2541 -0.2252 -0.6305 0.4993 -0.5943 -0.0046 0.4638 -0.8859 -0.908 0.2835 -0.3084 -0.7126 0.6536 -0.255 -0.7048 0.2139 -0.6764 -0.3147 0.3123 -0.8964 -0.148 0.0522 -0.9876 0.1243 0.2832 -0.951 -0.0217 0.5517 -0.8338 -0.0624 0.2883 -0.9555 -0.5478 0.0845 -0.8323 0.3577 0.1986 -0.9125 -0.0154 0.0308 -0.9994 0.074 0.0269 -0.9969 0.4254 0.1684 -0.8892 0.7562 0.2495 -0.6049 0.0531 0.6427 -0.7643 0.809 0.2687 -0.5228 0.4121 0.6662 -0.6216 0.0801 0.6442 -0.7607 0.7846 0.412 -0.4633 0.6068 0.5963 -0.5256 0.1777 0.7628 -0.6218 0.3485 0.8712 -0.3458 0.14 0.8574 -0.4952 -0.3196 0.8623 -0.3928 -0.3632 0.892 -0.2689 -0.019 0.4799 -0.8771 0.0029 0.5012 -0.8653 0.1546 0.6536 -0.7409 -0.1026 0.6245 -0.7743 -0.1076 0.9236 -0.3679 -0.0096 0.6453 -0.7639 -0.2407 0.9685 -0.0639 -0.0256 0.9947 -0.0997 0.0628 0.9902 -0.1248 0.2362 0.9626 -0.1328 0.1379 0.8437 -0.5188 -0.0345 0.6899 -0.7231 -0.2406 0.4103 -0.8796 -0.1293 0.9418 -0.3102 -0.2476 0.7909 -0.5596 -0.4509 0.6097 -0.6519 -0.3897 0.2461 -0.8875 -0.5571 0.4386 -0.7052 -0.7084 0.2969 -0.6403 -0.6618 0.6521 -0.3697 -0.6557 0.5132 -0.5538 -0.0304 0.2648 -0.9638 0.0007 0.1172 -0.9931 0.0596 0.1037 -0.9928 0.154 0.1886 -0.9699 0.3137 0.3902 -0.8657 0.6023 0.6673 -0.4381 0.7817 0.4961 -0.3779 0.2116 0.9352 -0.2839 0.4406 0.8502 -0.2881 0.066 0.4257 -0.9025 0.2833 0.6562 -0.6993 0.3653 0.9245 -0.1087 0.4817 0.3072 -0.8207 0.8117 0.3602 -0.4598 0.9348 0.2536 -0.2488 0.9151 0.1111 -0.3877 0.7982 0.189 -0.5719 0.2513 0.175 -0.952 -0.1117 0.5557 -0.8238 -0.0766 0.5953 -0.7998 0.0108 0.0542 -0.9985 0.007 0.0035 -1 0.0038 0.1335 -0.991 -0.0012 0.1003 -0.995 -0.0058 0.8813 -0.4726 0.0771 0.6829 -0.7265 0.151 0.8552 -0.4958 0.2849 0.9096 -0.3025 0.2715 0.615 0.7403 0.389 0.9192 -0.0617 0.4341 0.8518 -0.2934 0.2987 0.6514 -0.6974 0.3125 0.7957 -0.5188 0.1853 0.6964 -0.6933 0.316 0.3603 -0.8777 0.5035 0.3802 -0.7758 0.4976 0.5695 -0.6543 0.2837 0.367 -0.8859 0.2746 0.2846 -0.9185 0.5046 0.4694 -0.7246 0.6375 0.7571 -0.1425 0.6007 0.7917 0.1116 0.6257 0.711 -0.3209 0.6644 0.7095 -0.2347 0.7052 0.6172 0.349 0.4031 0.286 0.8693 0.7006 0.4868 -0.5217 0.7275 0.6239 -0.2856 0.7158 0.5867 -0.3787 0.5103 0.2572 -0.8206 0.7039 0.6893 -0.1716 0.4127 0.6078 0.6785 0.4968 0.8176 0.2911 0.5368 0.695 -0.4784 0.1122 -0.0531 -0.9923 -0.9998 -0.0211 0.0015 -0.9992 0.031 -0.0237 -0.9994 -0.0327 -0.0109 -0.9938 -0.0845 0.0721 -0.9795 -0.1839 -0.0828 -0.9297 -0.2641 0.2565 -0.7196 -0.5689 0.3981 -0.6967 -0.4235 0.579 -0.5901 -0.6962 0.4087 -0.5344 -0.2633 0.8032 -0.9078 -0.0936 0.4088 -0.229 -0.2325 0.9452 -0.0926 -0.2411 0.9661 -0.176 -0.5294 0.8299 -0.0922 -0.4248 0.9006 -0.2369 -0.9207 0.3101 -0.2442 -0.8099 0.5334 -0.4439 -0.7996 0.4045 -0.4822 -0.8016 0.3533 -0.5254 -0.7598 0.383 -0.5848 -0.6669 0.4617 -0.8423 -0.4895 0.2256 -0.8579 -0.4101 0.3095 -0.9545 -0.2929 -0.056 -0.9311 -0.2401 -0.2746 -0.9196 -0.0774 -0.385 -0.4631 -0.5824 0.668 -0.3568 -0.6192 0.6995 -0.3036 -0.3604 0.882 -0.1619 -0.4044 0.9001 -0.2516 -0.2968 0.9212 -0.1448 -0.8492 0.5079 -0.1595 0.196 0.9675 -0.3361 -0.0577 0.94 -0.4613 -0.1537 0.8738 -0.2133 -0.1474 0.9658 -0.3742 -0.7516 0.5432 -0.5654 -0.1525 0.8106 -0.8064 -0.1143 0.5802 -0.9815 -0.0743 0.1766 -0.996 0.0858 -0.0249 -0.997 -0.0467 -0.0623 -0.963 -0.0486 -0.2651 -0.9624 -0.035 -0.2692 -0.993 -0.0522 -0.1056 -0.9651 -0.0524 -0.2567 -0.9982 -0.0484 -0.0364 -0.9981 -0.0477 -0.0395 -0.9939 -0.0488 -0.0986 -0.9911 -0.0044 0.133 -0.9985 -0.054 0.0066 -0.9988 -0.042 -0.0271 -0.9633 -0.0189 -0.2678 -0.9922 0.0467 -0.1158 -0.9959 0.0813 -0.0385 -0.4117 -0.0208 -0.9111 -0.7388 -0.0359 -0.673 -0.2177 -0.0046 -0.976 -0.6488 -0.0177 -0.7608 -0.962 -0.0447 -0.2693 -0.1819 0.0067 -0.9833 -0.4577 -0.0169 -0.8889 0.0155 -0.0028 -0.9999 -0.0357 0.0043 -0.9994 -0.2141 0.0032 -0.9768 -0.9104 -0.0776 -0.4064 -0.978 -0.0469 0.2032 -0.7235 0.0008 0.6903 -0.4066 -0.0031 0.9136 -0.2331 0.0221 0.9722 -0.0825 0.0124 0.9965 -0.26 -0.0045 0.9656 -0.8887 -0.0598 0.4546 -0.8155 -0.0794 0.5732 -0.9941 -0.0512 0.0956 -0.9949 -0.0914 0.0425 -0.9964 -0.0725 -0.0446 -0.9964 -0.0742 -0.0402 -0.996 -0.0695 0.0559 -0.924 -0.0478 0.3793 -0.4918 -0.0063 0.8707 -0.6859 -0.045 0.7263 -0.4838 -0.0296 0.8747 -0.327 0.08 0.9416 -0.7215 0.0816 0.6876 -0.614 0.1632 0.7722 -0.1216 0.1896 0.9743 -0.0712 0.2454 0.9668 0.0006 0.219 0.9757 -0.2673 0.1743 0.9477 0.041 0.1375 0.9897 -0.3981 0.125 0.9088 -0.8963 -0.0103 0.4434 -0.9717 -0.103 0.2127 -0.9957 -0.0764 0.0525 -0.9932 -0.1165 -0.0033 -0.995 -0.0997 0.0079 -0.9962 -0.086 -0.0103 -0.9947 -0.0747 0.0703 -0.9384 -0.0108 0.3454 -0.919 -0.1584 -0.3611 -0.3145 0.163 0.9352 -0.9948 -0.0796 0.0634 -0.9651 -0.1484 -0.2155 -0.9127 -0.1646 -0.374 0.2298 0.1978 0.9529 -0.7224 0.1213 0.6807 0.2282 0.2393 0.9437 0.8602 0.1633 0.4831 -1 0 0 -0.9947 -0.0734 0.0714 -0.9954 -0.0824 -0.048 -0.9962 -0.0744 -0.0455 -0.9573 -0.0527 -0.2841 -0.7013 -0.0095 -0.7128 -0.4451 0.0059 -0.8954 -0.9558 -0.051 -0.2897 -0.941 -0.0526 -0.3342 -0.9928 -0.0754 0.0928 -0.9963 -0.0597 0.0624 -0.9962 -0.0694 0.053 -0.997 -0.0562 -0.0526 -0.9971 -0.0655 -0.0398 -0.591 -0.0187 -0.8065 -0.0717 0.0003 -0.9974 0.0033 0.0099 -0.9999 -0.9575 -0.0504 -0.284 -0.2631 0.0935 -0.9602 0.0287 0.0942 -0.9951 -0.316 0.0743 -0.9458 -0.0679 0.04 -0.9969 -0.0199 0.1231 -0.9922 0.3709 0.1367 -0.9186 0.3353 0.1112 -0.9355 0.3788 0.1668 -0.9103 0.0372 0.0347 -0.9987 -0.1204 -0.0446 -0.9917 -0.7319 -0.5861 -0.3476 -0.5871 -0.482 -0.6503 -0.6372 -0.4867 0.5975 0.6612 0.3284 0.6745 -0.5024 -0.6099 0.6129 -0.482 -0.8688 0.1132 -0.1114 -0.8277 0.55 -0.1594 -0.8463 -0.5082 0.2315 -0.8396 -0.4915 0.6977 -0.4416 0.5641 0.3824 -0.7327 0.563 0.5576 -0.6 -0.5737 0.7646 -0.2671 -0.5865 0.8929 0.1293 -0.4313 0.7776 0.2852 0.5604 0.2219 0.0492 -0.9738 0.4646 0.0128 -0.8854 0.3587 -0.1041 -0.9276 0.0115 -0.1616 -0.9868 0.1332 -0.0785 -0.988 -0.2054 -0.3021 -0.9309 -0.2674 -0.6135 -0.7431 -0.2812 -0.4374 -0.8542 -0.4225 -0.5083 -0.7504 -0.3291 -0.4636 -0.8226 -0.471 -0.5134 -0.7173 -0.5651 -0.7071 -0.4251 -0.6588 -0.7072 -0.2569 -0.552 -0.5601 -0.6177 -0.337 -0.3003 -0.8924 -0.0535 -0.115 -0.9919 -0.1091 -0.4086 -0.9061 0.0745 -0.5099 -0.857 0.2528 -0.1913 -0.9484 -0.0636 -0.3121 -0.9479 0.0002 -0.2899 -0.9571 0.7253 0.2475 -0.6424 0.6744 0.2595 -0.6913 0.8812 0.4024 -0.2481 0.6731 0.2804 0.6843 0.0202 -0.0332 0.9992 0.9209 0.3381 -0.1941 0.9921 0.0026 -0.1252 0.3695 0.1485 -0.9173 0.5802 0.1158 -0.8062 0.9984 0.0361 -0.0437 0.8954 0.0988 -0.4341 0.9982 0.0475 -0.0365 0.9944 0.0691 -0.0796 0.8352 -0.1002 0.5407 -0.9947 -0.0958 -0.0359 -0.9944 -0.1051 0.0045 -0.9881 -0.154 -0.0012 -0.9897 -0.1397 0.0297 -0.9812 -0.1656 0.0991 -0.9627 -0.2 0.1822 -0.9765 -0.2157 -0.0015 -0.7916 -0.2405 0.5618 -0.8526 -0.3548 0.3837 -0.7445 -0.4717 -0.4724 0.3286 -0.5748 -0.7494 0.7905 -0.0093 -0.6124 0.6125 0.1159 -0.7819 -0.7176 -0.4248 -0.5519 0.0574 -0.0917 -0.9941 -0.8913 -0.4243 -0.1598 -0.6732 -0.4212 0.6078 -0.6491 -0.5081 -0.5661 -0.0009 0.0011 -1 -0.0002 0.0006 -1 0.7105 0.3384 -0.617 0.6637 0.3306 -0.671 0.6796 0.3514 -0.6439 0.8938 0.4379 0.0967 0.9073 0.3948 0.1449 0.7981 0.2724 0.5375 0.9245 0.3099 0.2219 0.4291 0.1593 -0.8891 0.9688 0.2373 0.0713 -0 0.0003 -1 0.6273 0.1894 -0.7554 -0.0005 -0.0004 -1 0.6818 0.2905 -0.6713 0.4915 0.2242 -0.8415 0.3669 0.1881 0.9111 -0.0321 0.0618 0.9976 -0.3488 0.0809 0.9337 -0.0789 -0.0462 0.9958 -0.7949 -0.1096 0.5967 -0.7671 0.0024 0.6416 -0.3161 -0.0249 0.9484 -0.2937 -0.107 0.9499 -0.1296 -0.0199 0.9914 0.0068 0.083 0.9965 0.1909 0.1281 0.9732 0.0922 0.064 0.9937 0.4269 0.183 0.8856 0.526 0.1304 0.8404 0.2697 0.1517 0.9509 0.7588 0.1537 0.6329 0.8134 0.3621 0.4554 0.8866 0.079 -0.4558 0.4469 -0.0415 0.8936 0.7569 -0.2768 0.592 0.551 -0.6624 0.5076 0.2366 -0.7558 0.6106 -0.1877 -0.7613 0.6206 -0.4011 -0.7431 -0.5356 -0.1359 -0.8671 -0.4792 0.1947 -0.831 -0.5212 0.6284 -0.5782 -0.5205 0.8454 -0.1682 -0.5069 -0.5071 -0.6047 -0.6142 -0.6234 -0.7297 0.2808 -0.6213 -0.5351 -0.5724 -0.5493 -0.6768 0.4901 -0.5151 -0.573 0.6375 -0.5965 -0.6572 0.4606 -0.4862 -0.6041 0.6314 -0.3935 -0.7027 0.5928 -0.46 -0.3846 0.8003 -0.3515 -0.4521 0.8198 -0.4952 -0.6959 0.5201 -0.2508 -0.5447 0.8003 -0.1266 -0.3998 0.9078 -0.1824 -0.4786 0.8589 -0.1356 -0.3914 0.9102 -0.0896 -0.4608 0.883 -0.0921 -0.1865 0.9781 0.0846 -0.1947 0.9772 -0.0174 -0.2379 0.9711 0.0434 -0.3947 0.9178 0.133 -0.1551 0.9789 0.2315 -0.1057 0.9671 -0.0732 0.135 0.9881 0.2099 -0.0845 0.9741 0.1147 -0.1483 0.9823 -0.1972 0.2747 0.9411 -0.4816 0.6939 0.5353 -0.2761 0.6518 0.7063 -0.2097 0.5758 0.7902 0.0759 0.1594 0.9843 0.3603 0.5426 0.7588 0.0234 0.1405 0.9898 0.0193 0.1479 0.9888 0.0721 0.0911 0.9932 0.1502 0.8124 0.5634 0.2648 0.7812 0.5653 0.3719 0.8266 0.4225 0.4433 0.742 0.503 0.4331 0.4109 0.8022 0.0939 0.1106 0.9894 0.0927 -0.2278 0.9693 -0.3366 -0.2828 0.8982 -0.1747 -0.4903 0.8539 0.0419 -0.0229 0.9989 0.4939 0.279 0.8236 0.5186 0.202 0.8308 0.478 0.097 0.873 0.6419 0.3794 0.6664 0.6661 0.0263 0.7454 0.7651 0.1694 0.6212 0.1045 -0.043 0.9936 0.6066 0.0523 0.7933 0.0507 -0.0436 0.9978 0.1383 -0.0925 0.9861 0.1208 -0.0934 0.9883 0.5722 -0.0378 0.8192 0.5855 -0.1642 0.7939 0.386 -0.1732 0.9061 0.6363 -0.342 0.6915 0.3143 -0.5809 0.7508 0.8999 -0.3737 0.2247 0.8894 -0.4247 0.1692 0.6293 -0.6902 0.3574 0.3068 -0.2911 0.9062 0.3848 -0.301 0.8725 0.691 -0.4605 0.5572 0.2936 -0.095 0.9512 0.1468 -0.1738 0.9738 0.3963 -0.5058 0.7663 0.4078 -0.5998 0.6884 0.2077 -0.921 0.3296 -0.0003 -0.7463 0.6656 0.1308 -0.3475 0.9285 0.1621 -0.1671 0.9725 0.1386 -0.3265 0.935 0.0754 -0.3387 0.9379 0.0612 -0.0314 0.9976 0.0506 -0.5791 0.8137 0.0351 -0.9547 0.2956 -0.1934 -0.952 0.2373 -0.0492 -0.3663 0.9292 -0.0705 -0.316 0.9461 -0.1216 -0.2035 0.9715 -0.4808 -0.8125 0.3296 -0.2967 -0.3776 0.8772 0.0767 -0.0518 0.9957 -0.0479 0.2804 0.9587 -0.4586 -0.4407 0.7717 -0.2596 -0.239 0.9357 0.1627 0.0452 0.9856 -0.8281 -0.4962 0.2606 -0.71 -0.5968 0.3737 -0.6415 -0.2896 0.7104 -0.3619 -0.1249 0.9238 0.1455 0.0219 0.9891 0.174 0.0281 0.9843 -0.8068 -0.354 0.4731 -0.8488 -0.3239 0.4179 -0.7612 -0.206 0.6149 -0.5982 -0.4181 0.6836 -0.6987 -0.0104 0.7153 -0.8419 -0.5136 0.1654 -0.8281 -0.5604 0.0119 -0.6554 -0.6836 0.3212 -0.3157 -0.6257 0.7133 -0.3379 -0.8711 0.3563 -0.2412 -0.8832 0.4022 0.0203 -0.0189 0.9996 0.3804 0.6393 0.6683 -0.1618 0.7855 0.5974 0.6304 0.5716 0.5253 0.6079 0.6908 0.3915 0.8636 0.4627 0.2003 -0.3811 0.9196 0.0955 0.1375 0.9724 0.1886 0.1007 0.8531 0.5119 -0.6496 0.3317 0.6841 -0.8624 0.3744 0.3408 -0.689 0.5622 0.4574 -0.845 0.1792 0.5039 -0.4016 0.6959 0.5954 -0.6012 0.5619 0.5681 0.2539 -0.2843 0.9245 -0.1891 0.2473 0.9503 -0.5921 0.4907 0.6393 -0.03 0.1055 0.994 -0.4708 0.3563 0.8071 0.3019 0.0309 0.9528 0.1895 -0.0737 0.9791 -0.204 0.012 0.9789 -0.5078 0.021 0.8612 -0.9264 -0.1481 0.3463 -0.9993 -0.0197 0.0326 -0.9851 -0.0695 0.1572 -0.9656 -0.2088 0.1551 0.1704 0.0274 0.985 -0.2587 0.0677 0.9636 -0.1363 0.088 0.9867 -0.7765 0.4467 0.4444 -0.3011 0.1751 0.9374 0.1813 -0.0516 0.9821 0.3442 -0.3191 0.883 -0.069 -0.2945 0.9532 -0.1076 -0.3425 0.9333 0.0699 -0.0332 0.997 0.0237 -0.2803 0.9596 0.3407 -0.6112 0.7144 0.7253 -0.1383 0.6744 0.9788 0.1088 0.1735 0.9761 0.1336 0.1713 -0.616 -0.5361 0.5772 -0.0036 -0.0568 0.9984 0.0882 -0.1378 0.9865 -0.9729 -0.0477 0.2264 -0.9988 -0.0476 0.0072 -0.8008 -0.0404 -0.5975 -0.9868 -0.0483 -0.1545 -0.9945 -0.1017 -0.023 -0.9985 -0.0522 0.0177 -0.909 -0.0271 0.4158 -0.8085 -0.079 0.5832 -0.9954 -0.0518 0.0803 -0.9812 -0.0441 -0.1881 -0.814 -0.045 -0.5792 -0.9978 -0.0552 -0.0366 -0.9863 -0.0518 0.1566 -0.9972 -0.0554 -0.05 -0.9972 -0.0504 -0.0544 -0.9724 -0.0474 0.2285 -0.9319 -0.0416 -0.3604 -0.4948 -0.0104 0.8689 0.3163 -0.0396 -0.9478 0.5376 -0.0907 -0.8383 0.0184 0.0054 -0.9998 -0.031 0.0015 -0.9995 0.8705 -0.2022 -0.4488 0.9107 -0.1374 -0.3895 0.9872 -0.1586 -0.0151 0.9836 -0.1174 0.1368 0.7744 -0.1099 0.6231 0.9046 -0.0608 0.4219 0.9968 -0.0692 0.0401 0.9844 -0.1628 -0.0673 -0.8324 -0.0456 -0.5522 -0.0847 -0.0105 -0.9963 -0.2326 0.0175 -0.9724 -0.877 -0.0426 -0.4786 -0.9434 -0.0573 -0.3267 -0.9981 -0.0416 -0.0447 -0.9988 -0.0493 0.0001 -0.9977 -0.051 0.0443 -0.3177 -0.1891 0.9291 0.1069 -0.016 0.9941 0.0787 -0.0261 0.9966 0.1864 -0.8613 0.4726 0.2226 -0.8532 0.4716 0.0657 -0.9519 0.2993 0.3679 -0.8991 0.2371 0.456 -0.7833 0.4226 0.5119 -0.8457 0.1511 0.6074 -0.7352 -0.3008 0.7331 -0.5874 -0.3428 0.6384 -0.4952 -0.5892 0.5615 -0.5982 -0.5718 0.7207 -0.4817 -0.4985 0.5924 -0.2487 -0.7663 0.8833 -0.3134 -0.3486 0.8533 -0.5017 -0.1425 0.8329 -0.393 0.3896 0.3773 -0.212 0.9015 0.8989 -0.1025 -0.426 0.9447 -0.0096 0.3277 0.9508 0.0056 -0.3097 0.9839 0.015 -0.1783 0.6331 0.0044 -0.774 0.5587 0.0116 -0.8293 0.4846 0.0004 -0.8747 0.5226 0.0515 -0.851 0.5848 0.034 -0.8104 0.5289 -0.0804 -0.8448 0.8177 0.0054 -0.5756 0.5787 -0.0749 -0.8121 0.6643 -0.3145 -0.6781 0.3616 -0.2635 0.8943 0.6112 -0.7396 0.2819 0.6886 -0.6998 -0.19 0.7661 -0.6277 0.1382 0.7723 -0.5537 0.3113 0.539 -0.823 0.1792 0.2799 -0.771 0.572 0.3875 -0.8818 0.2689 0.3907 -0.9047 0.17 -0.8327 0.4733 0.2874 -0.8271 0.4534 -0.332 -0.7225 0.5912 0.3585 -0.8786 0.3788 -0.2906 -0.6323 0.4449 -0.6343 -0.4699 0.4264 -0.7729 -0.3518 0.4598 -0.8153 -0.3682 0.3064 -0.8778 -0.3769 0.4616 -0.803 -0.3142 0.4657 -0.8273 -0.4607 0.5225 -0.7175 -0.57 0.7121 -0.4099 -0.5506 0.4143 -0.7247 -0.5291 0.2369 -0.8148 -0.6362 0.1797 -0.7503 -0.7993 0.0357 -0.5999 -0.7954 0.0745 -0.6015 -0.8537 0.0237 -0.5202 -0.9329 -0.0345 -0.3586 -0.9158 0.0212 -0.4011 -0.9459 -0.0056 0.3245 -0.7071 0 0.7071 -0.9426 0.0828 0.3236 -0.9848 0.0146 -0.1731 -0.852 0.2005 -0.4837 -0.7206 0.1532 -0.6762 -0.575 0.3203 -0.7528 -0.943 0.2379 0.2327 -0.3549 0.1065 0.9288 -0.6729 0.339 0.6575 -0.8572 0.3449 0.3823 0.0156 -0.0891 0.9959 0.0106 -0.0977 0.9952 0.1542 -0.0074 0.988 0.9955 -0.0791 -0.0517</float_array><technique_common><accessor count="4482" source="#thigh_001-mesh-slim-nrm-array" stride="3"><param type="float" name="X"/><param type="float" name="Y"/><param type="float" name="Z"/></accessor></technique_common></source><source id="thigh_001-mesh-slim-pos"><float_array count="13446" id="thigh_001-mesh-slim-pos-array">0.048249 -0.000488 0.056568 0.045337 -0.000446 0.056545 0.048099 -0.00071 0.056774 0.044024 -0.000538 0.048653 0.042054 -0.000492 0.056591 0.037457 -0.000379 0.056295 0.037457 -0.000379 0.048995 0.037112 -0.000498 0.049108 0.037257 -0.000453 0.048762 0.037026 -0.000635 0.048889 0.037046 -0.000889 0.048745 0.036938 -0.00354 0.048585 0.036359 -0.00685 0.048594 0.036752 -0.003383 0.049477 0.033149 -0.015445 0.052645 0.035473 -0.009909 0.056222 0.034066 -0.014018 0.056629 0.0319 -0.018199 0.056609 0.03291 -0.016269 0.056468 0.03289 -0.0171 0.056778 0.034602 -0.013753 0.056795 0.044551 -0.017585 0.056781 0.042647 -0.022063 0.056689 0.029431 -0.022227 0.056768 0.030623 -0.020424 0.056738 0.030313 -0.02057 0.05647 0.032622 -0.016832 0.048823 0.031011 -0.019487 0.049085 0.026624 -0.025053 0.056392 0.025909 -0.02589 0.056651 0.027191 -0.024895 0.056774 0.035738 -0.031938 0.056664 0.037307 -0.02976 0.056771 0.039243 -0.027578 0.056713 0.037742 -0.029688 0.056485 0.038617 -0.028621 0.056295 0.040865 -0.025407 0.051994 0.041028 -0.025144 0.051545 0.040822 -0.025465 0.052514 0.041093 -0.025047 0.053951 0.040834 -0.025453 0.052987 0.040849 -0.025392 0.052995 0.040822 -0.025409 0.052586 0.040884 -0.025337 0.052089 0.041261 -0.024764 0.051107 0.041231 -0.024741 0.051162 0.041712 -0.023967 0.050566 0.042313 -0.022952 0.050107 0.043262 -0.021172 0.048807 0.042915 -0.021865 0.049819 0.043913 -0.019813 0.049704 0.044305 -0.019094 0.048927 0.043239 -0.020657 0.048532 0.044532 -0.017665 0.048514 0.034508 -0.013719 0.048513 0.03474 -0.01235 0.048705 0.030854 -0.019825 0.048696 0.027678 -0.0239 0.048782 0.029582 -0.021642 0.048629 0.025764 -0.025753 0.049633 0.025766 -0.025908 0.048745 0.025633 -0.026152 0.048608 0.023819 -0.027571 0.049056 0.020991 -0.029742 0.048924 0.021265 -0.029556 0.056478 0.019449 -0.030782 0.056582 0.015873 -0.032696 0.056493 0.012354 -0.034021 0.055782 0.014831 -0.033107 0.048995 0.011178 -0.034499 0.048796 0.008713 -0.035185 0.048793 0.002233 -0.03612 0.049401 0.003252 -0.036036 0.056453 -0.008013 -0.035222 0.050689 -0.003484 -0.03594 0.056295 -0.009062 -0.034933 0.048995 -0.012586 -0.033861 0.056448 -0.018131 -0.031265 0.05548 -0.011709 -0.034211 0.056545 -0.009773 -0.034779 0.056475 -0.005253 -0.035791 0.05657 -0.015828 -0.044345 0.056795 -0.030999 -0.019685 0.056795 -0.030235 -0.020511 0.056754 -0.02287 -0.028636 0.056795 -0.02727 -0.03841 0.056795 -0.019246 -0.042973 0.056795 -0.017908 -0.031615 0.056736 -0.024146 -0.040434 0.056795 -0.011843 -0.034631 0.056795 -0.007746 -0.035574 0.056764 -0.016004 -0.044522 0.056762 0.00145 -0.036669 0.056795 0.008017 -0.035655 0.056768 0.013058 -0.034386 0.056795 -0.008824 -0.046261 0.056795 0.002715 -0.047237 0.056785 -0.033355 -0.015043 0.056764 -0.032334 -0.016627 0.056663 -0.030483 -0.019703 0.056581 -0.032353 -0.016358 0.056141 -0.03388 -0.01316 0.056492 -0.035128 -0.009432 0.056427 -0.035977 -0.006835 0.056697 -0.035827 -0.006601 0.056439 -0.036556 -0.000632 0.056433 -0.036655 -0.000569 0.056606 -0.036552 -0.000624 0.056293 -0.036729 -0.000444 0.05636 -0.036767 -0.000425 0.053038 -0.036735 -0.000436 0.049049 -0.036982 -0.000379 0.052645 -0.036556 -0.000617 0.052645 -0.036483 -0.000859 0.049748 -0.036562 -0.000611 0.048878 -0.036539 -0.000727 0.048822 -0.036188 -0.004991 0.048673 -0.035429 -0.008413 0.048875 -0.034489 -0.011959 0.048588 -0.034151 -0.013278 0.048512 -0.033525 -0.014047 0.048723 -0.03222 -0.016618 0.04909 -0.031554 -0.018029 0.048659 -0.02982 -0.020775 0.048631 -0.028723 -0.022045 0.049224 -0.028451 -0.022392 0.056048 -0.028841 -0.021982 0.056605 -0.026613 -0.024786 0.056732 -0.026049 -0.025254 0.056653 -0.023882 -0.027199 0.056577 -0.022984 -0.027973 0.056603 -0.020879 -0.029595 0.056642 -0.015596 -0.032628 0.056605 -0.017518 -0.03164 0.056613 -0.011091 -0.034635 0.05673 -0.017461 -0.031623 0.048811 -0.018785 -0.030857 0.048812 -0.016093 -0.032343 0.048794 -0.014256 -0.033194 0.048784 -0.012403 -0.034003 0.04861 -0.010051 -0.034784 0.04867 -0.007483 -0.035413 0.048623 -0.006079 -0.035884 0.048532 -0.015828 -0.044345 0.048495 -0.010964 -0.034905 0.048495 -0.017074 -0.032196 0.048533 -0.022374 -0.02877 0.048533 -0.027127 -0.024051 0.048684 -0.025333 -0.025956 0.048585 -0.023724 -0.027315 0.049346 -0.023681 -0.02734 0.04878 -0.021532 -0.029087 0.048742 -0.027395 -0.02409 0.048528 -0.029657 -0.036685 0.048495 -0.031097 -0.019751 0.048495 -0.026396 -0.039527 0.04861 -0.024146 -0.040434 0.048495 -0.03892 -0.026737 0.048495 -0.03455 -0.032319 0.048512 -0.031686 -0.035457 0.048661 -0.034542 -0.032725 0.048745 -0.030239 -0.036621 0.048636 -0.031778 -0.03547 0.056472 -0.031742 -0.035174 0.056728 -0.033858 -0.033059 0.056783 -0.034654 -0.03264 0.056587 -0.033427 -0.033974 0.048995 -0.038507 -0.028081 0.056503 -0.040329 -0.025503 0.052857 -0.040357 -0.025454 0.052164 -0.038072 -0.028629 0.048702 -0.036948 -0.029679 0.048542 -0.039206 -0.027026 0.048664 -0.040991 -0.024427 0.048824 -0.041738 -0.022678 0.048534 -0.044416 -0.016417 0.048495 -0.042616 -0.021507 0.048814 -0.041826 -0.023016 0.050018 -0.041157 -0.024148 0.050606 -0.041377 -0.023645 0.050455 -0.041132 -0.024203 0.050622 -0.04087 -0.02463 0.05098 -0.040668 -0.024962 0.05129 -0.04049 -0.025238 0.051737 -0.040423 -0.02531 0.051988 -0.040357 -0.025411 0.052606 -0.040388 -0.025401 0.053151 -0.040572 -0.02512 0.05381 -0.040691 -0.024887 0.053999 -0.040936 -0.024532 0.054448 -0.041066 -0.024318 0.054595 -0.039312 -0.027018 0.056295 -0.041322 -0.023883 0.054849 -0.041454 -0.023662 0.054977 -0.041684 -0.023331 0.056426 -0.041382 -0.023485 0.056682 -0.039373 -0.02642 0.056772 -0.037408 -0.029469 0.056639 -0.036354 -0.030143 0.056795 -0.035662 -0.031241 0.056728 -0.029047 -0.037421 0.056738 -0.027623 -0.038763 0.056489 -0.024283 -0.040819 0.05667 -0.02162 -0.042209 0.05671 -0.024726 -0.040561 0.048645 -0.021135 -0.042104 0.048495 -0.023213 -0.041489 0.04868 -0.019661 -0.04325 0.048683 -0.021169 -0.04262 0.048995 -0.015393 -0.044977 0.048715 -0.011412 -0.04575 0.048495 -0.012633 -0.045693 0.04858 -0.011623 -0.046137 0.04871 -0.009528 -0.046567 0.05665 -0.00624 -0.047058 0.056715 -0.013385 -0.045605 0.056589 -0.01962 -0.043413 0.056401 -0.016008 -0.044778 0.056482 -0.008081 -0.046872 0.056507 -5.2e-05 -0.047546 0.0567 0.002394 -0.047572 0.056482 0.001405 -0.047594 0.048804 0.005905 -0.047249 0.056578 0.003941 -0.047171 0.056766 0.007094 -0.046971 0.056703 0.009277 -0.046565 0.056747 0.012212 -0.045973 0.056686 0.015445 -0.045111 0.056638 0.018398 -0.044013 0.056625 0.016311 -0.044817 0.048646 0.018835 -0.043843 0.0487 0.011187 -0.04593 0.048495 0.000335 -0.047129 0.048495 0.02634 -0.039549 0.048507 0.023026 -0.028498 0.048554 0.019803 -0.030683 0.048563 0.017997 -0.031711 0.04863 0.017818 -0.031676 0.048835 0.017513 -0.032177 0.048528 0.013929 -0.0336 0.0486 0.015492 -0.032867 0.048779 0.010345 -0.035087 0.04853 0.003911 -0.036172 0.048562 0.003301 -0.036164 0.048617 0.000259 -0.036212 0.04867 -0.001664 -0.036149 0.048684 -0.002281 -0.036279 0.048552 -0.00546 -0.035723 0.048789 0.005848 -0.035766 0.048745 0.026066 -0.02622 0.048495 0.03237 -0.034745 0.048495 0.032314 -0.035251 0.048636 0.033851 -0.033994 0.048995 0.035291 -0.032491 0.048804 0.036224 -0.031289 0.048609 0.033401 -0.034237 0.048554 0.028029 -0.023895 0.048525 0.031471 -0.019549 0.048511 0.041799 -0.022906 0.048495 0.039955 -0.026241 0.048524 0.038269 -0.028544 0.048516 0.03819 -0.029167 0.0488 0.040979 -0.025233 0.048865 0.041778 -0.023847 0.050494 0.041628 -0.024171 0.050597 0.042241 -0.023072 0.04881 0.041641 -0.023663 0.048562 0.03383 -0.03398 0.05647 0.031358 -0.036244 0.05647 0.032505 -0.035252 0.048995 0.029101 -0.038007 0.056494 0.028777 -0.038101 0.056687 0.031698 -0.035356 0.056795 0.026993 -0.039162 0.05677 0.024437 -0.040991 0.05664 0.025482 -0.040525 0.056424 0.02715 -0.039362 0.048717 0.029842 -0.037431 0.048699 0.023767 -0.041455 0.048696 0.021325 -0.042749 0.048809 0.021798 -0.042544 0.056295 0.020281 -0.043212 0.056622 0.021256 -0.042682 0.056674 0.017929 -0.043815 0.056795 0.020234 -0.043135 0.048618 0.018054 -0.043912 0.048519 0.024646 -0.027517 0.056795 0.022776 -0.028819 0.056764 0.022857 -0.028454 0.056624 0.017386 -0.032167 0.056725 0.012879 -0.034032 0.056659 0.010248 -0.034839 0.056604 0.007635 -0.03551 0.056662 0.006126 -0.035623 0.056321 0.002887 -0.036207 0.056658 -0.00291 -0.036223 0.056714 -0.001359 -0.036097 0.056293 0.032896 -0.034567 0.056729 -0.000951 -0.047367 0.048528 -0.004535 -0.047344 0.048675 -0.006971 -0.047053 0.048797 -0.002057 -0.04758 0.048998 -0.004717 -0.047366 0.056471 -0.007267 -0.046739 0.048531 0.003947 -0.04731 0.048568 0.005778 -0.047134 0.048586 0.00568 -0.047303 0.048784 0.008611 -0.046906 0.049008 0.011062 -0.046326 0.048648 0.013146 -0.045723 0.048622 0.013536 -0.04576 0.048995 0.010019 -0.046654 0.056318 -0.018052 -0.043932 0.048631 -0.019348 -0.043201 0.056729 -0.029423 -0.037415 0.048823 -0.024875 -0.040578 0.056295 -0.034539 -0.012263 0.056774 -0.045035 -0.014588 0.056795 -0.043033 -0.020247 0.056744 -0.044423 -0.017489 0.056599 -0.04478 -0.016579 0.05661 -0.046245 -0.01222 0.056561 -0.046186 -0.012533 0.05388 -0.045252 -0.015465 0.056295 -0.045557 -0.014575 0.054795 -0.04605 -0.012859 0.053896 -0.045866 -0.013581 0.05434 -0.045337 -0.015045 0.054783 -0.044734 -0.016784 0.055242 -0.044243 -0.018009 0.055456 -0.044084 -0.01844 0.055572 -0.043427 -0.019765 0.055543 -0.043005 -0.020677 0.055547 -0.041888 -0.022678 0.055205 -0.041906 -0.020788 0.055185 -0.041539 -0.007379 0.054843 -0.045158 -0.014888 0.054733 -0.045737 -0.013095 0.054045 -0.044827 -0.013724 0.055003 -0.044327 -0.007399 0.055333 -0.045769 -0.007379 0.053242 -0.044999 -0.002179 0.053648 -0.043832 -0.002179 0.050518 -0.045471 -0.007438 0.051103 -0.045846 -0.012137 0.051585 -0.046061 -0.011631 0.052588 -0.046038 -0.011819 0.053101 -0.046184 -0.011739 0.052614 -0.046263 -0.012008 0.053294 -0.04635 -0.011717 0.052651 -0.046388 -0.011772 0.053091 -0.046357 -0.011824 0.053093 -0.046201 -0.012448 0.053744 -0.046101 -0.012152 0.053377 -0.045963 -0.012267 0.053551 -0.045787 -0.01365 0.05428 -0.04537 -0.014577 0.054605 -0.045924 -0.012206 0.053521 -0.046423 -0.011648 0.052771 -0.046496 -0.011363 0.048793 -0.046964 -0.009179 0.05659 -0.046252 -0.012292 0.051595 -0.04724 -0.007134 0.048604 -0.036474 -0.005751 0.048495 -0.047251 -0.00576 0.04851 -0.04748 -0.006507 0.048819 -0.047687 -0.005152 0.056423 -0.036605 -0.003863 0.056776 -0.035905 -0.008395 0.056795 -0.046395 -0.010463 0.056777 -0.042236 -0.000754 0.056762 -0.047688 -0.000832 0.056782 -0.047915 -0.001097 0.056686 -0.047682 -0.000571 0.056688 -0.047873 -0.000559 0.056473 -0.044862 -0.000446 0.056545 -0.047617 -0.000404 0.056423 -0.040922 -0.000379 0.056295 -0.047489 -0.000379 0.048995 -0.036901 -0.000412 0.056492 -0.047535 -0.000621 0.056735 -0.036901 -0.00067 0.056754 -0.047489 -0.000446 0.048745 -0.036872 -0.000409 0.048826 -0.040922 -0.000446 0.048745 -0.036775 -0.000426 0.048913 -0.036796 -0.000642 0.048574 -0.042236 -0.000629 0.048562 -0.047519 -0.000699 0.048508 -0.047845 -0.000941 0.048602 -0.04769 -0.000691 0.048562 -0.047937 -0.000681 0.048836 -0.047999 -0.000961 0.048926 -0.047639 -0.004155 0.04863 -0.047938 -0.000584 0.052645 -0.047989 -0.000895 0.056295 -0.047667 -0.000422 0.048816 -0.047624 -0.000448 0.048774 -0.03688 -0.000833 0.048512 -0.035785 -0.008116 0.048536 -0.046025 -0.01237 0.048556 -0.043226 -0.020366 0.048747 -0.044777 -0.016646 0.048711 -0.04469 -0.016965 0.049927 -0.044876 -0.016464 0.05006 -0.045442 -0.014899 0.050452 -0.045311 -0.015005 0.050538 -0.044786 -0.01617 0.050243 -0.045538 -0.01439 0.05072 -0.045443 -0.014331 0.050776 -0.045436 -0.014153 0.050827 -0.045071 -0.01516 0.050482 -0.044674 -0.016199 0.050201 -0.044709 -0.013621 0.050254 -0.043264 -0.019464 0.049797 -0.044347 -0.017106 0.050031 -0.044529 -0.016609 0.050119 -0.043968 -0.018097 0.049895 -0.043929 -0.018336 0.049867 -0.044202 -0.017911 0.049905 -0.044686 -0.016655 0.050125 -0.044862 -0.016164 0.050235 -0.044417 -0.017393 0.049991 -0.044291 -0.017843 0.049871 -0.043929 -0.018717 0.049774 -0.044245 -0.018067 0.049742 -0.043488 -0.019637 0.049738 -0.043421 -0.019815 0.049724 -0.042788 -0.021144 0.049779 -0.043369 -0.01972 0.049781 -0.041976 -0.020787 0.050053 -0.040613 -0.007378 0.051406 -0.041863 -0.007379 0.051248 -0.041258 -0.002179 0.052644 -0.04275 -0.002179 0.054555 -0.044104 -0.007377 0.050383 -0.044408 -0.007379 0.054336 -0.041573 -0.007379 0.053792 -0.040412 -0.019391 0.052645 -0.041187 -0.02397 0.054657 -0.04076 -0.024719 0.054121 -0.040536 -0.025104 0.053668 -0.040397 -0.025336 0.053106 -0.040367 -0.025385 0.052853 -0.040549 -0.025124 0.053686 -0.040912 -0.024489 0.054345 -0.041286 -0.023887 0.054769 -0.041583 -0.023391 0.055018 -0.041944 -0.022797 0.055296 -0.042105 -0.02248 0.055335 -0.042447 -0.021795 0.055443 -0.043126 -0.020533 0.055645 -0.04284 -0.021187 0.056057 -0.043204 -0.020431 0.056431 -0.042779 -0.021226 0.055604 -0.041941 -0.022594 0.050073 -0.042268 -0.022202 0.049855 -0.042087 -0.022482 0.049984 -0.041664 -0.02326 0.050207 -0.041048 -0.024218 0.050784 -0.045788 -0.012694 0.051396 -0.046039 -0.011985 0.052035 -0.04613 -0.012184 0.051865 -0.046137 -0.012446 0.051646 -0.046368 -0.011842 0.05214 -0.046208 -0.012417 0.051571 -0.045935 -0.013388 0.050954 -0.045967 -0.013238 0.051107 -0.045922 -0.013241 0.051208 -0.045533 -0.014606 0.048824 -0.04552 -0.014686 0.05046 -0.044325 -0.017221 0.055283 -0.043288 -0.019386 0.055492 -0.043608 -0.019158 0.055486 -0.044899 -0.016396 0.055219 -0.045546 -0.014588 0.054746 -0.040747 -0.024746 0.051204 -0.036134 -0.03101 0.048712 0.035958 -0.008947 0.048563 0.040084 -0.000754 0.048528 0.047558 -0.006845 0.048509 0.047519 -0.008748 0.048724 0.046604 -0.012079 0.048583 0.046232 -0.013527 0.048571 0.046936 -0.011554 0.048993 0.045705 -0.015527 0.050206 0.045656 -0.015601 0.048824 0.045191 -0.01685 0.050014 0.044666 -0.018021 0.04987 0.044803 -0.017859 0.049799 0.043757 -0.019864 0.049771 0.044238 -0.018628 0.049844 0.043822 -0.019268 0.049803 0.04515 -0.016193 0.050199 0.044554 -0.017813 0.049926 0.041685 -0.021401 0.050444 0.040975 -0.007561 0.052105 0.041943 -0.007453 0.05055 0.04418 -0.007558 0.049913 0.04553 -0.015284 0.050453 0.045573 -0.015476 0.050403 0.045872 -0.014944 0.050497 0.045097 -0.016879 0.050071 0.045637 -0.015667 0.050253 0.045172 -0.016401 0.050183 0.045387 -0.016388 0.050039 0.044923 -0.016831 0.050075 0.044741 -0.017322 0.049994 0.045098 -0.016341 0.050168 0.046085 -0.014408 0.050591 0.046243 -0.013709 0.050985 0.046126 -0.014139 0.050789 0.046288 -0.012888 0.051386 0.046586 -0.012391 0.051684 0.046548 -0.01193 0.052107 0.046735 -0.012266 0.05161 0.046806 -0.011897 0.052078 0.046914 -0.011598 0.052562 0.046876 -0.011689 0.052842 0.046813 -0.011725 0.052891 0.046805 -0.011955 0.053305 0.046693 -0.012366 0.053673 0.046444 -0.01237 0.053574 0.04592 -0.014242 0.05448 0.045766 -0.014578 0.054618 0.045391 -0.013964 0.054946 0.045436 -0.007418 0.054775 0.046223 -0.00751 0.053818 0.046468 -0.011693 0.053212 0.046271 -0.012847 0.053895 0.046032 -0.007405 0.05397 0.043756 -0.007442 0.05539 0.043754 -0.019483 0.055497 0.04515 -0.016195 0.055092 0.044701 -0.017431 0.055315 0.045377 -0.015849 0.054974 0.044969 -0.016928 0.055211 0.04579 -0.015212 0.054895 0.046237 -0.01387 0.054434 0.046365 -0.013421 0.054233 0.046456 -0.013219 0.054213 0.046549 -0.012748 0.05386 0.046161 -0.014016 0.056618 0.047069 -0.010805 0.056596 0.048278 -0.001552 0.05671 0.048021 -0.005642 0.056541 0.03694 -0.005807 0.056795 0.048361 -0.000871 0.056603 0.04849 -0.001231 0.056343 0.048455 -0.000756 0.048993 0.047867 -0.007181 0.05629 0.048204 -0.004586 0.048813 0.047874 -0.004861 0.048531 0.048427 -0.000884 0.048794 0.048137 -0.000873 0.048518 0.048149 -0.000686 0.048565 0.048292 -0.000594 0.048625 0.047974 -0.00069 0.048524 0.048099 -0.000395 0.048826 0.037457 -0.000879 0.048495 0.037214 -0.000537 0.048625 0.048096 -0.000394 0.054077 0.048229 -0.000434 0.048949 0.0483 -0.000509 0.05082 0.048322 -0.000533 0.056433 0.048458 -0.000725 0.056016 0.048447 -0.000825 0.056437 0.048155 -0.000875 0.056761 0.037351 -0.000714 0.05677 0.036797 -0.003606 0.056509 0.036401 -0.006172 0.056554 0.036961 -0.000878 0.056025 0.035283 -0.01088 0.056688 0.035552 -0.011263 0.056795 0.047345 -0.008804 0.056759 0.045618 -0.014861 0.05677 0.044435 -0.018391 0.056662 0.043843 -0.020125 0.056301 0.045464 -0.016149 0.056473 0.044928 -0.017565 0.055477 0.044542 -0.018451 0.055542 0.044479 -0.018428 0.05545 0.044567 -0.018184 0.055423 0.045115 -0.01699 0.055283 0.045417 -0.016212 0.055132 0.045683 -0.015532 0.054971 0.045802 -0.015251 0.055008 0.045971 -0.014757 0.054858 0.045336 -0.016532 0.055327 0.044529 -0.017909 0.055378 0.042576 -0.021455 0.055308 0.042953 -0.021639 0.055438 0.043982 -0.019605 0.055547 0.044443 -0.018716 0.055647 0.043013 -0.021679 0.055507 0.042533 -0.022583 0.055342 0.042125 -0.023135 0.055048 0.042158 -0.023244 0.055112 0.041536 -0.024295 0.054557 0.041299 -0.0247 0.05424 0.041156 -0.024847 0.054009 0.041017 -0.025153 0.053712 0.040922 -0.025316 0.053448 0.041722 -0.024012 0.056437 0.040051 -0.026477 0.056638 0.04275 -0.022198 0.056295 0.041232 -0.00762 0.053846 0.0423 -0.007517 0.055045 0.042411 -0.007431 0.054989 0.043167 -0.007388 0.055216 0.044532 -0.00741 0.055254 0.043777 -0.007267 0.052662 0.041878 -0.007385 0.05449 0.046363 -0.007383 0.052959 0.042612 -0.007409 0.050169 0.043235 -0.0074 0.050021 0.041068 -0.00738 0.052648 0.045946 -0.007379 0.05392 0.045581 -0.007385 0.050785 0.046491 -0.007449 0.052274 0.046487 -0.007577 0.052645 0.046022 -0.007537 0.051056 0.04617 -0.012963 0.051263 0.045959 -0.013965 0.050885 0.046668 -0.011717 0.052679 0.046507 -0.012029 0.053316 0.046548 -0.011604 0.052493 0.044879 -0.007412 0.050241 0.046032 -0.007405 0.051321 0.044424 -0.007431 0.05004 0.041215 -0.007443 0.05367 0.041099 -0.007404 0.052301 0.041589 -0.007401 0.051069 0.036024 -0.008154 0.056631 0.037078 -0.000537 0.056312 0.037273 -0.000672 0.05673 0.037067 -0.000551 0.05645 0.037362 -0.000443 0.056525 0.046891 -0.011689 0.053054 0.046717 -0.012329 0.053732 0.045489 -0.015186 0.054851 0.042402 -0.022695 0.050083 0.042683 -0.022193 0.049949 0.045084 -0.016798 0.048621 0.035209 -0.011303 0.04856 0.040982 -0.024345 0.056795 0.012755 0.047911 0.009289 0.002795 0.048816 0.008908 -0.026734 0.04053 0.010852 -0.034772 0.030866 0.006573 0.022146 0.041882 0.00553 -0.035504 0.013201 -0.002755 -0.045464 0.008884 0.006127 -0.021812 0.028043 -0.002978 -0.02976 0.020772 -0.002973 0.027583 0.042421 0.012395 0.017537 0.047056 0.011581 0.003492 0.049951 0.01454 -0.000433 0.050942 0.021671 -0.007786 0.049287 0.014019 -0.01332 0.04784 0.014334 -0.022611 0.045398 0.019286 -0.021628 0.043028 0.008947 -0.03036 0.038575 0.013237 -0.035743 0.035042 0.016531 -0.039552 0.028871 0.012977 -0.04169 0.023807 0.009708 -0.047934 0.015925 0.018564 -0.044506 0.016849 0.008647 -0.047054 0.01179 0.011461 -0.039656 0.002883 -0.002497 0.018756 0.028513 -0.002189 -0.000466 0.033093 -0.006023 -0.047317 0.007894 0.012385 -0.047325 0.002924 0.01127 -0.034895 0.012858 -0.006124 -0.004822 0.046546 0.006058 -0.013495 0.045534 0.007794 -0.022968 0.041337 0.007748 0.008638 0.045491 0.005269 -0.014196 0.042117 0.003836 -0.040091 0.021251 0.004802 -0.042907 0.010726 0.002861 0.006125 0.042183 0.002606 -0.025953 0.035581 0.003569 -0.033968 0.025937 0.002494 0.003558 0.036103 -0.000263 -0.015148 0.039588 0.002691 -0.038514 0.013526 -0.000196 -0.027437 0.024094 -0.002155 0.007408 0.032956 -0.001959 -0.009671 0.032919 -0.002095 -0.019529 0.029822 -0.001891 -0.030613 0.036517 0.008634 0.023151 0.044287 0.009798 0.017275 0.040121 0.00321 -0.041393 0.004481 -0.000118 -0.037748 0.008536 -0.002741 -0.003437 0.049186 0.011171 -0.01546 0.046323 0.010902 0.012212 0.031602 -0.00215 0.000472 0.033555 -0.00231 -0.012352 0.031919 -0.002815 -0.022735 0.026633 -0.005935 -0.031707 0.018487 -0.002994 -0.038214 0.006274 -0.005066 -0.04838 0.005459 0.018805 -0.039799 0.00157 -0.002802 -0.040222 2.2e-05 -0.00279 -0.043927 0.002365 0.002551 0.008658 0.049876 0.01801 -0.014441 0.048733 0.021647 -0.03015 0.0405 0.018542 0.017278 0.047745 0.021796 -0.009196 0.049807 0.021783 -0.04064 0.030079 0.021694 -0.046942 0.018734 0.021767 0.028729 0.042106 0.0218 0.022972 0.045176 0.01464 0.018616 0.047269 0.021801 0.011207 0.049392 0.017928 -0.035024 0.036452 0.021779 -0.042726 0.027036 0.021707 -0.048427 0.014064 0.021762 0.024332 0.008708 -0.009768 -0.035184 0.003806 -0.006832 0.000426 0.02309 -0.011136 0.022684 0.016164 -0.008979 -0.035311 0.006299 -0.005576 -0.032613 0.011505 -0.00604 -0.031207 0.014271 -0.00543 -0.028166 0.018278 -0.005085 -0.026516 0.019612 -0.006094 -0.020354 0.024791 -0.006531 -0.009198 0.028969 -0.007066 -0.003744 0.030193 -0.005821 0.011144 0.028802 -0.005385 0.016733 0.025569 -0.006734 0.01935 0.024348 -0.005271 0.023035 0.021043 -0.005313 0.029336 0.009997 -0.004767 -0.037555 -0.000176 -0.003392 0.017888 0.018251 -0.010392 0.027521 0.008052 -0.00827 -0.029543 0.004211 -0.010238 -0.027535 0.00918 -0.010171 -0.017192 0.011709 -0.012352 -0.0089 0.013428 -0.013021 -0.038745 -0.002698 -0.001034 -0.005186 0.03115 -0.001229 0.001176 0.031709 -0.000146 0.025815 0.018103 -0.000256 0.029758 0.010447 0.004115 -0.02176 0.018846 -0.00965 -0.009444 0.021933 -0.011135 0.008517 0.023857 -0.010187 0.004031 0.029735 -0.006812 0.026417 0.015297 -0.005976 -0.036834 0.001255 -0.005409 0.006074 0.01566 -0.01255 -0.033574 0.011068 -0.003392 0.015172 0.027868 -0.001582 0.009915 -0.010572 -0.013325 -0.032976 -0.017347 -0.010341 -0.039585 -0.017351 -0.006073 0.012234 0.007549 -0.013174 0.004853 0.012693 -0.013233 -0.039826 -0.012862 -0.004239 -0.038735 -0.006938 -0.0054 -0.037615 -0.000328 -0.003346 0.000608 -0.016741 -0.01331 -0.00488 -0.017337 -0.013283 -0.016518 -0.01734 -0.013012 -0.025675 -0.017344 -0.011908 0.01679 -0.003298 -0.012738 0.023381 0.003708 -0.011155 -0.040198 -0.01733 -0.004842 -0.040322 -0.017353 -0.003794 -0.03922 -0.008355 -0.00358 -0.002131 0.000381 -0.014171 -0.014334 -0.000647 -0.013771 -0.029881 -0.00552 -0.011294 0.005467 0.002571 -0.013885 -0.03804 -0.017293 -0.008094 0.006313 -0.013798 -0.01324 0.021189 0.011261 -0.013374 -0.029809 0.015098 -0.010171 -0.009466 0.020325 -0.01411 -0.018716 0.023139 -0.011778 0.030793 0.011547 -0.006984 -0.028576 0.021332 -0.006387 -0.015955 0.030314 -0.005875 -0.009156 0.032053 -0.006135 0.015147 0.029769 -0.006004 0.010855 0.011267 -0.015415 0.027126 0.007621 -0.01138 -0.03796 0.003354 -0.007797 -0.025319 0.002078 -0.014664 0.027964 0.008594 -0.010906 0.004995 0.021583 -0.01404 0.01645 0.018602 -0.013151 0.024591 0.017704 -0.010256 -0.036656 0.00758 -0.007399 -0.002254 0.027531 -0.011967 0.01523 0.024827 -0.011298 -0.022556 0.025535 -0.00793 -0.01161 0.030588 -0.008312 0.007134 0.031812 -0.007778 0.012902 0.029551 -0.008223 0.022157 0.025076 -0.006589 -0.039884 0.000577 -0.004366 -0.0326 0.009573 -0.0104 -0.022364 0.015909 -0.012911 -0.009063 0.01471 -0.015403 0.026708 0.02022 -0.005849 0.026476 0.020769 -0.004841 0.007479 -0.013021 -0.01597 -0.015482 -0.002414 -0.016205 -0.034724 -0.017296 -0.012591 0.008092 0.009937 -0.015995 -0.016825 0.010658 -0.015131 -0.030822 0.005049 -0.012311 -0.040458 -0.007184 -0.007585 0.005723 -0.014197 -0.015752 -0.024943 -0.017343 -0.014569 -0.039761 -0.017308 -0.009825 0.02 9.3e-05 -0.01485 -0.042624 -0.017355 -0.005965 -0.002731 0.001334 -0.016621 -0.007555 -0.014292 -0.016004 -0.040293 -0.00039 -0.004423 -0.039658 0.001059 -0.00541 -0.01478 -0.017342 -0.015577 -0.002161 -0.017189 -0.015802 0.00284 -0.015742 -0.01577 -0.04271 -0.012086 0.000226 -0.043038 -0.017298 0.003552 -0.04722 -0.012474 0.012325 -0.041828 -0.007278 -0.001547 -0.041546 0.001463 -0.000618 -0.044031 -0.000552 0.002406 -0.048006 -0.009812 0.013423 -0.043778 -0.017355 0.006791 -0.047584 -0.017343 0.018084 -0.045918 -0.001592 0.005882 -0.048315 -0.006823 0.016877 -0.04829 0.003779 0.017485 -0.040842 -0.017354 0.006082 -0.040241 -0.017356 0.000753 -0.044608 -0.017335 0.017488 -0.044956 -0.016685 0.019308 -0.045715 -0.014231 0.021549 -0.048371 -0.013899 0.021659 0.019195 0.025377 -0.001014 0.021825 0.035734 0.00511 0.023995 0.038162 0.007044 0.027172 0.038864 0.010908 0.041623 0.022986 0.016902 0.038379 0.029192 0.016511 0.032836 0.034067 0.012822 0.030304 0.010981 0.005978 0.018686 0.029053 0.001745 0.032921 0.013746 0.009934 0.021889 0.042202 0.009799 0.037709 0.018891 0.013726 0.027834 0.039579 0.015612 0.042182 0.024188 0.018995 0.041896 0.023273 0.017422 0.026867 0.020737 0.003728 0.024202 0.028146 0.003708 0.028965 0.032126 0.007782 0.033794 0.02784 0.010814 0.01911 0.028397 -0.002135 0.031665 0.012512 0.002272 0.021224 0.036931 0.002686 0.019578 0.02965 -0.000701 0.033412 0.014378 0.006366 0.027191 0.040368 0.007676 0.03879 0.031883 0.014635 0.034667 0.036727 0.013517 0.031319 0.012066 -0.002412 0.035352 0.016314 0.008671 0.041653 0.022975 0.013701 0.043387 0.024806 0.01582 0.034858 0.037141 0.0218 0.041328 0.029959 0.021829 0.044076 0.025581 0.017607 0.043161 0.02723 0.020764 0.026028 0.021921 -0.000959 0.02857 0.024699 0.002941 0.026516 0.031866 0.003006 0.027294 0.03689 0.005017 0.038521 0.028125 0.01163 0.039349 0.032854 0.021636 0.033067 0.035626 0.021805 0.040682 0.026409 0.021504 0.023528 0.042216 0.021806 -0.010363 0.047153 0.021744 -0.016296 0.045279 0.021798 -0.042647 0.021944 0.018762 -0.04591 0.014685 0.021671 -0.045879 0.00674 0.021808 0.017739 0.044988 0.021804 -0.003014 0.048192 0.021748 -0.028749 0.038561 0.021808 -0.037101 0.030296 0.021808 -0.043228 0.020866 0.021808 -0.045876 -0.000394 0.021808 -0.045945 -0.011922 0.021793 -0.045876 0.003177 0.018728 -0.021159 0.04594 0.021752 -0.033057 0.038064 0.021808 -0.025436 0.04371 0.021764 -0.04841 -0.009174 0.021802 -0.005482 0.050258 0.021808 -0.029214 0.04121 0.021744 -0.048377 0.003384 0.021808 0.024779 0.044383 0.021807 0.011428 0.049528 0.0218 -0.003739 0.050612 0.021761 -0.040208 -0.010006 0.000828 -0.039652 -0.011191 -0.002335 -0.04511 -0.009609 0.012924 -0.043512 -0.001541 0.006602 -0.045017 0.001998 0.011875 0.015488 0.045379 0.014954 0.007313 0.047881 0.021762 -0.018748 0.044026 0.017363 -0.027463 0.039468 0.018915 -0.033428 0.034507 0.018902 -0.038571 0.028609 0.018918 -0.04461 0.011213 0.01192 0.011631 0.046025 0.011247 0.013475 0.042302 0.006531 -0.042229 0.008013 0.005262 -0.038488 0.003936 0.000221 0.010543 0.030735 0.000213 -0.036629 0.004726 -0.001892 0.006869 0.03077 -0.001006 -0.011923 0.030019 -0.001151 -0.015244 0.029301 -0.00053 -0.028598 0.019252 -0.001047 -0.033124 0.013254 -0.001087 -0.003177 0.04677 0.011319 0.002957 0.044947 0.00769 -0.012718 0.043204 0.008201 -0.021575 0.03945 0.008558 -0.027116 0.03483 0.007244 -0.032956 0.029957 0.008342 -0.037429 0.023994 0.008221 -0.040958 0.017465 0.008124 -0.017276 0.037167 0.004633 -0.03088 0.026817 0.004287 -0.037222 0.017774 0.003921 -0.003838 0.041274 0.005125 -0.005418 0.032672 0.000488 -0.021771 0.025551 -0.000812 -0.047802 0.001758 0.056495 -0.04764 0.001665 0.056475 -0.047647 0.001645 0.056293 -0.047489 0.001621 0.053558 -0.040922 0.001779 0.056637 -0.043549 0.001779 0.056637 -0.036881 0.001937 0.056763 -0.03641 0.005692 0.056747 -0.036557 0.002547 0.056419 -0.035811 0.007732 0.049194 -0.035666 0.008038 0.055057 -0.035475 0.009734 0.056616 -0.035563 0.009983 0.056745 -0.046549 0.010343 0.056796 -0.04605 0.014038 0.056621 -0.034355 0.013644 0.056739 -0.044603 0.017703 0.056771 -0.034933 0.01147 0.056233 -0.033452 0.015518 0.056603 -0.032665 0.017279 0.04865 -0.032431 0.017535 0.048914 -0.030284 0.021152 0.048842 -0.029532 0.022431 0.048619 -0.027004 0.025413 0.048719 -0.024373 0.02792 0.048993 -0.025977 0.02681 0.048532 -0.022899 0.029257 0.048717 -0.021247 0.030389 0.055829 -0.023618 0.028582 0.056257 -0.023421 0.028918 0.056646 -0.022876 0.029465 0.056723 -0.020097 0.031387 0.056642 -0.015884 0.033652 0.052642 -0.015519 0.033829 0.048981 -0.017673 0.032778 0.048782 -0.019462 0.031699 0.048783 -0.020778 0.030983 0.048618 -0.014307 0.046102 0.048496 0.00014 0.048371 0.048496 -0.014732 0.046293 0.048542 -0.021207 0.031126 0.048496 -0.007171 0.047793 0.048496 -0.027421 0.03958 0.048496 -0.021005 0.043568 0.048511 -0.023542 0.042325 0.048561 -0.021646 0.043602 0.048791 -0.019817 0.044484 0.056463 -0.017831 0.045329 0.056488 -0.017835 0.045329 0.048721 -0.013127 0.046933 0.048684 -0.013496 0.046796 0.056617 -0.01622 0.045798 0.056705 -0.01158 0.047339 0.056603 -0.012536 0.04665 0.056796 -0.02119 0.031091 0.056796 -0.019979 0.043941 0.056796 -0.005121 0.048233 0.056782 0.00014 0.048371 0.056796 -0.00783 0.047911 0.056752 -0.005123 0.048545 0.056589 -0.006364 0.048399 0.056469 -0.001597 0.048807 0.056488 0.000306 0.048754 0.056678 0.00277 0.048787 0.056477 -0.000162 0.048875 0.048867 0.003026 0.048758 0.048788 0.006814 0.048367 0.056601 0.008992 0.047992 0.056614 0.005428 0.048111 0.056796 0.009754 0.047841 0.056659 0.016303 0.045587 0.056796 0.027745 0.039652 0.056796 0.030427 0.022527 0.056796 0.022965 0.029781 0.056734 0.026203 0.027373 0.056796 0.015983 0.034392 0.056796 0.024621 0.041676 0.056796 -0.011741 0.035905 0.056796 0.010547 0.036486 0.056796 0.004806 0.037601 0.056796 -0.000986 0.03791 0.056796 -0.007312 0.037123 0.056796 0.018036 0.045318 0.056694 0.011881 0.046994 0.056796 0.033365 0.017116 0.056732 0.033712 0.015863 0.056438 0.033992 0.015998 0.056768 0.035139 0.012344 0.056531 0.035665 0.010365 0.056071 0.031617 0.019873 0.056516 0.033591 0.016037 0.049193 0.032298 0.018657 0.048863 0.030212 0.022109 0.048642 0.029219 0.023262 0.049179 0.025698 0.027293 0.056509 0.029817 0.022448 0.056224 0.031706 0.019916 0.056667 0.028985 0.023734 0.056655 0.027328 0.02561 0.056624 0.025172 0.027802 0.056654 0.021659 0.030612 0.056616 0.01921 0.032106 0.055979 0.020011 0.031828 0.056729 0.017743 0.03311 0.056671 0.016474 0.03363 0.056438 0.011647 0.035539 0.05591 0.016562 0.033546 0.049747 0.012808 0.035205 0.048847 0.017259 0.033277 0.0487 0.019078 0.032212 0.048824 0.022577 0.029805 0.049088 0.024785 0.028068 0.048758 0.02553 0.027317 0.049023 0.02617 0.026928 0.048574 0.027735 0.0252 0.04864 0.028534 0.024585 0.048526 0.016303 0.045587 0.048496 0.021636 0.043334 0.048496 0.006604 0.037383 0.048496 0.017234 0.045503 0.048549 0.011438 0.036147 0.048496 0.014829 0.04627 0.048521 0.01753 0.033428 0.048524 0.024621 0.041676 0.048496 -0.008869 0.036769 0.048507 -0.000986 0.03791 0.048496 0.009299 0.047503 0.048496 0.009561 0.047716 0.048552 0.005428 0.048111 0.048496 0.017508 0.045683 0.048827 0.019487 0.044912 0.05625 0.022371 0.043432 0.048687 0.024697 0.042131 0.048683 0.02741 0.040505 0.056285 0.030038 0.038575 0.049004 0.027193 0.040596 0.04872 0.028105 0.039658 0.048538 0.029954 0.038205 0.048509 0.031423 0.037292 0.048611 0.034056 0.034973 0.048653 0.03449 0.034575 0.048822 0.034085 0.034998 0.056465 0.033415 0.034963 0.056796 0.036838 0.031374 0.056796 0.033731 0.035012 0.056741 0.036764 0.032066 0.056584 0.039671 0.028397 0.056453 0.038155 0.030311 0.056659 0.037535 0.03123 0.048996 0.039026 0.02919 0.048658 0.036714 0.032179 0.048819 0.040862 0.026648 0.05216 0.036137 0.032483 0.048563 0.03673 0.031681 0.048511 0.038297 0.029458 0.048496 0.034145 0.016187 0.048496 0.041909 0.024911 0.048834 0.040508 0.02707 0.048642 0.042275 0.023268 0.048496 0.042764 0.023197 0.048623 0.044707 0.019139 0.048641 0.044535 0.01851 0.048496 0.045839 0.014783 0.048496 0.046447 0.013841 0.048554 0.044045 0.020942 0.049337 0.043707 0.021651 0.049539 0.044073 0.020718 0.0497 0.043483 0.021839 0.04976 0.042633 0.02338 0.04993 0.040827 0.026645 0.05267 0.041229 0.025975 0.054094 0.041662 0.025213 0.054657 0.042682 0.023294 0.055322 0.04222 0.024184 0.055102 0.041827 0.025043 0.054842 0.041694 0.025269 0.054719 0.041407 0.025665 0.054362 0.041463 0.025607 0.054441 0.041588 0.025482 0.054656 0.041356 0.025846 0.054321 0.041123 0.02616 0.053898 0.041139 0.026208 0.053986 0.040921 0.0265 0.053336 0.040828 0.026673 0.052602 0.04089 0.026608 0.05335 0.040811 0.026733 0.052691 0.040851 0.026612 0.052336 0.040991 0.0264 0.051669 0.041227 0.026028 0.051195 0.04164 0.025391 0.050587 0.042114 0.024582 0.050179 0.042291 0.024258 0.050085 0.042749 0.023408 0.049893 0.042166 0.024292 0.050227 0.04154 0.025441 0.050759 0.041005 0.02642 0.051607 0.040969 0.026478 0.053567 0.041057 0.026348 0.053864 0.041288 0.025977 0.054296 0.041326 0.025834 0.056521 0.040207 0.027116 0.056764 0.042132 0.023953 0.056764 0.043897 0.019958 0.056796 0.043615 0.02137 0.056702 0.045074 0.018446 0.056296 0.045897 0.016128 0.056558 0.046041 0.015782 0.054745 0.045977 0.015778 0.054625 0.046372 0.014736 0.054318 0.046129 0.015882 0.056374 0.046626 0.013847 0.053837 0.04763 0.009197 0.056668 0.047557 0.010053 0.056296 0.047207 0.011582 0.048735 0.04684 0.013104 0.053225 0.046916 0.012839 0.05254 0.047832 0.007553 0.056682 0.048078 0.006747 0.056472 0.048474 0.002204 0.048927 0.048402 0.00188 0.051733 0.048458 0.001978 0.056395 0.048179 0.001666 0.056336 0.048405 0.002191 0.056557 0.048136 0.001785 0.056638 0.0481 0.001673 0.056511 0.045337 0.001871 0.056729 0.042711 0.001654 0.056421 0.048091 0.001656 0.052646 0.037457 0.001621 0.052646 0.037188 0.001864 0.056684 0.037364 0.00165 0.056476 0.03702 0.001904 0.056432 0.036458 0.007258 0.056495 0.035317 0.011711 0.048858 0.036613 0.005131 0.049864 0.036986 0.001965 0.049163 0.037031 0.00186 0.052646 0.03687 0.00407 0.048778 0.037076 0.001846 0.048728 0.037443 0.001924 0.048529 0.042054 0.0017 0.048825 0.045337 0.001688 0.048746 0.040084 0.001871 0.048562 0.045337 0.002121 0.048496 0.036952 0.00586 0.048526 0.036674 0.005799 0.048767 0.0362 0.008794 0.048649 0.035601 0.011742 0.048526 0.035425 0.011369 0.048784 0.046316 0.014932 0.048996 0.046815 0.01319 0.05199 0.046643 0.013782 0.051516 0.04677 0.012951 0.05259 0.046656 0.01316 0.052192 0.046569 0.013218 0.052087 0.04669 0.012985 0.052695 0.046589 0.013207 0.053197 0.04637 0.013875 0.053745 0.046116 0.014771 0.054196 0.045845 0.015563 0.054531 0.045302 0.014982 0.054998 0.046222 0.013946 0.05394 0.044328 0.008621 0.055403 0.042942 0.021642 0.055483 0.043634 0.021399 0.055509 0.044027 0.020507 0.055491 0.045125 0.017521 0.055125 0.04468 0.019388 0.055525 0.044687 0.019248 0.055409 0.045097 0.018361 0.055367 0.045438 0.017383 0.05508 0.045497 0.016907 0.054923 0.046173 0.015115 0.054373 0.04656 0.013859 0.053754 0.046745 0.013233 0.053236 0.046866 0.012931 0.052576 0.04427 0.020387 0.055586 0.043886 0.021134 0.055595 0.043547 0.02185 0.055584 0.042956 0.023019 0.055482 0.04225 0.024317 0.055153 0.043078 0.022861 0.056378 0.041938 0.024891 0.054995 0.042311 0.024236 0.055249 0.043266 0.022108 0.055475 0.041256 0.008621 0.054343 0.04136 0.008621 0.051273 0.04305 0.00862 0.049903 0.045149 0.017441 0.050201 0.045224 0.014751 0.050271 0.046392 0.013375 0.051721 0.04511 0.008621 0.050268 0.046084 0.014749 0.051077 0.045867 0.015407 0.050801 0.046397 0.013732 0.051627 0.046 0.008646 0.051104 0.046317 0.008628 0.053533 0.046529 0.012842 0.052604 0.046594 0.012939 0.052638 0.046494 0.013056 0.053138 0.046558 0.013879 0.051505 0.04643 0.014539 0.051062 0.045881 0.015604 0.050765 0.045641 0.016453 0.050493 0.045478 0.017209 0.050258 0.045884 0.016174 0.050505 0.045358 0.017699 0.048845 0.045613 0.016987 0.05024 0.045717 0.016725 0.050265 0.045129 0.018293 0.049929 0.044891 0.018685 0.049965 0.044734 0.018834 0.04997 0.043877 0.020693 0.049785 0.044442 0.01934 0.049895 0.044761 0.018513 0.050004 0.044933 0.018127 0.050079 0.045415 0.016779 0.050372 0.044568 0.019616 0.049773 0.044294 0.020096 0.049795 0.046141 0.015464 0.050677 0.047986 0.00724 0.048691 0.048067 0.005818 0.048624 0.048091 0.00204 0.048515 0.047942 0.00531 0.048511 0.048244 0.001942 0.048597 0.048227 0.001702 0.048794 0.047986 0.001811 0.048595 0.048086 0.001687 0.048768 0.045337 0.001871 0.048562 0.048414 0.001929 0.048844 0.048412 0.00217 0.048729 0.047964 0.001621 0.048996 0.034221 0.014724 0.048783 0.033112 0.01739 0.048621 0.032551 0.018266 0.048746 0.031356 0.020806 0.04852 0.034354 0.01494 0.048563 0.037339 0.001652 0.048816 0.037241 0.001688 0.048871 0.037167 0.00171 0.049007 0.037236 0.00167 0.052332 0.037216 0.001673 0.054516 0.037307 0.001644 0.056296 0.037226 0.001684 0.056387 0.037078 0.001822 0.056446 0.037026 0.001867 0.056295 0.036137 0.009576 0.056729 0.035414 0.012207 0.056759 0.036107 0.010711 0.056796 0.046342 0.013825 0.056763 0.044688 0.018907 0.056736 0.041397 0.002121 0.056796 0.037337 0.002065 0.056769 0.036798 0.006782 0.056769 0.047608 0.006968 0.056796 0.04797 0.002039 0.056788 0.048225 0.002156 0.056729 0.047958 0.005794 0.056729 0.039898 0.027222 0.048496 0.027994 0.039904 0.056682 0.02997 0.038578 0.056509 0.02481 0.041956 0.056704 0.023502 0.042539 0.056764 0.021222 0.043918 0.056661 0.020078 0.044263 0.056767 0.023197 0.043017 0.056497 0.016762 0.045931 0.056456 0.013073 0.047087 0.048713 0.01365 0.046971 0.05636 0.013821 0.046795 0.056643 0.010383 0.047778 0.04882 0.005958 0.048495 0.048723 0.002259 0.048588 0.048553 -0.001212 0.048683 0.048589 -0.003588 0.048683 0.048794 -0.005302 0.048526 0.04882 -0.004264 0.048397 0.048547 -0.003498 0.048225 0.048496 -0.010845 0.047291 0.04854 -0.008084 0.048026 0.048635 -0.009938 0.047785 0.048912 -0.007238 0.048221 0.056546 -0.009359 0.047876 0.056488 -0.011649 0.046874 0.048496 0.025316 0.041822 0.056472 0.030966 0.03782 0.056296 0.032066 0.036736 0.056708 0.019823 0.044444 0.048562 0.020722 0.031295 0.048638 0.022185 0.030259 0.04864 0.014051 0.035037 0.048524 0.012262 0.035518 0.048623 0.009483 0.036224 0.048801 0.007466 0.036792 0.048633 0.0096 0.036417 0.048563 0.004961 0.03724 0.048611 0.007729 0.0366 0.048996 0.004994 0.037107 0.048804 0.002644 0.037332 0.049394 0.003327 0.037245 0.048994 0.002504 0.037392 0.048667 -0.001007 0.03751 0.04862 0.000264 0.037621 0.048563 -0.002836 0.037378 0.048645 0.001421 0.037352 0.055544 -0.003284 0.037219 0.049035 -0.007784 0.036504 0.048978 -0.011287 0.035617 0.048671 -0.010026 0.035969 0.048698 -0.014063 0.034565 0.048708 -0.016172 0.033938 0.048518 -0.017843 0.032903 0.048563 -0.00812 0.036543 0.048639 -0.006417 0.036911 0.048624 -0.010339 0.035828 0.056254 -0.011478 0.035509 0.056522 -0.0096 0.036191 0.056671 -0.013448 0.034934 0.056711 -0.016997 0.033657 0.056796 -0.016373 0.033506 0.056585 -0.013934 0.034529 0.056296 -0.018726 0.032447 0.056753 -0.006458 0.036852 0.056619 -0.005829 0.036806 0.055389 -0.005363 0.036942 0.056296 -0.003304 0.037274 0.056612 -0.005401 0.037189 0.056729 -0.001974 0.037354 0.056503 -0.000695 0.037528 0.056678 0.002672 0.037327 0.056471 0.002792 0.037445 0.056674 0.004939 0.037096 0.056465 0.008689 0.036399 0.056236 0.009861 0.036179 0.056622 0.007466 0.036792 0.056659 0.012203 0.035447 0.056546 0.01269 0.035412 0.056686 0.013013 0.035079 0.056296 0.014839 0.034618 0.056729 0.005123 0.037308 0.056729 0.022882 0.030017 0.048527 0.003866 0.048484 0.056729 -0.018523 0.044789 0.056743 -0.015432 0.046261 0.056296 -0.021344 0.043698 0.056608 -0.025887 0.040625 0.056796 -0.023543 0.042325 0.05673 -0.024111 0.042231 0.056516 -0.022968 0.042924 0.056296 -0.025246 0.041579 0.048839 -0.026149 0.041017 0.056296 -0.026798 0.040556 0.05648 -0.027051 0.040324 0.048698 -0.026012 0.040807 0.048562 -0.02907 0.038873 0.048689 -0.027679 0.039975 0.048996 -0.031395 0.037038 0.056465 -0.031863 0.036308 0.056729 -0.028609 0.039263 0.056497 -0.029522 0.038411 0.056688 -0.028874 0.038471 0.056796 -0.026012 0.040807 0.056729 -0.031887 0.03598 0.056796 -0.024923 0.027832 0.056766 -0.026476 0.026333 0.056772 -0.034031 0.034118 0.056778 -0.035064 0.03334 0.056653 -0.037272 0.030828 0.05666 -0.033353 0.035224 0.056471 -0.033202 0.035057 0.056729 -0.033781 0.034814 0.048811 -0.034694 0.033905 0.048996 -0.034513 0.033733 0.048562 -0.032468 0.035949 0.048652 -0.030781 0.037488 0.048676 -0.0337 0.034263 0.048496 -0.030151 0.037691 0.048521 -0.024172 0.028759 0.048496 -0.027682 0.025296 0.048496 -0.036553 0.031335 0.048516 -0.035617 0.032696 0.04862 -0.036453 0.03187 0.048667 -0.038182 0.029812 0.048993 -0.038226 0.029641 0.048746 -0.035382 0.033184 0.056285 -0.038142 0.029863 0.056296 -0.038386 0.029416 0.056611 -0.039073 0.028352 0.05667 -0.039958 0.027334 0.056268 -0.040629 0.026272 0.053964 -0.040632 0.026258 0.05392 -0.042163 0.023751 0.056486 -0.041261 0.025238 0.054841 -0.040636 0.026223 0.053892 -0.041031 0.025498 0.054486 -0.040752 0.025979 0.054099 -0.040352 0.026647 0.052629 -0.041821 0.024038 0.055142 -0.040536 0.026349 0.053649 -0.040471 0.026507 0.053483 -0.040412 0.026564 0.053199 -0.040369 0.026628 0.052906 -0.04035 0.026693 0.05259 -0.040362 0.026687 0.052979 -0.040351 0.026709 0.052324 -0.040352 0.026709 0.05318 -0.040403 0.026622 0.053238 -0.040448 0.026557 0.051835 -0.040409 0.02656 0.052097 -0.040503 0.026406 0.051735 -0.040563 0.026372 0.051535 -0.040814 0.025972 0.05102 -0.040848 0.025895 0.051011 -0.041241 0.025271 0.050465 -0.039773 0.027533 0.048783 -0.040874 0.025808 0.048705 -0.039234 0.028093 0.048603 -0.040013 0.026344 0.048496 -0.030502 0.02166 0.048496 -0.031923 0.019112 0.048518 -0.029366 0.023231 0.048496 -0.04192 0.023394 0.048512 -0.032834 0.017396 0.048522 -0.042912 0.021647 0.048562 -0.045406 0.015176 0.048508 -0.034429 0.014282 0.048496 -0.044007 0.019254 0.048561 -0.04461 0.018035 0.04862 -0.043697 0.020492 0.048789 -0.043904 0.020081 0.049707 -0.044113 0.019623 0.049676 -0.043207 0.021698 0.049334 -0.042441 0.023132 0.049735 -0.042208 0.023525 0.048829 -0.041526 0.024595 0.050336 -0.041833 0.024046 0.050139 -0.040757 0.025965 0.051176 -0.042094 0.022264 0.050009 -0.042361 0.008884 0.049947 -0.042419 0.023072 0.049872 -0.043771 0.019833 0.049843 -0.043279 0.020706 0.049796 -0.044675 0.017436 0.050199 -0.044079 0.019056 0.049926 -0.043364 0.021051 0.049762 -0.043632 0.020349 0.049805 -0.04417 0.019184 0.049909 -0.044123 0.019422 0.049854 -0.044309 0.019133 0.049809 -0.044189 0.019549 0.049223 -0.044506 0.018667 0.04985 -0.044785 0.017917 0.050029 -0.045122 0.017026 0.05022 -0.044607 0.018109 0.05008 -0.044476 0.018545 0.049986 -0.044956 0.017266 0.050248 -0.045227 0.016772 0.050246 -0.045282 0.016315 0.050511 -0.045589 0.015638 0.050663 -0.045719 0.015223 0.050822 -0.045545 0.015375 0.050836 -0.045721 0.014442 0.05121 -0.045121 0.016385 0.050499 -0.045263 0.015796 0.050658 -0.044792 0.015706 0.050281 -0.043291 0.008703 0.049922 -0.044435 0.008784 0.050118 -0.045523 0.014909 0.050974 -0.045709 0.014173 0.051278 -0.045685 0.014193 0.051242 -0.045644 0.008819 0.051271 -0.045198 0.00874 0.050712 -0.045921 0.008679 0.051971 -0.046055 0.012846 0.052584 -0.046023 0.012862 0.053005 -0.045644 0.008819 0.054021 -0.046004 0.008766 0.05302 -0.045262 0.008671 0.054478 -0.044663 0.014761 0.055072 -0.044407 0.009167 0.055188 -0.043263 0.008715 0.055382 -0.043914 0.008675 0.055261 -0.0439 0.008621 0.055115 -0.044574 0.008653 0.054979 -0.045376 0.008629 0.051052 -0.04293 0.008621 0.0552 -0.041447 0.00863 0.05075 -0.042699 0.00863 0.050079 -0.040709 0.008621 0.052982 -0.045297 0.008621 0.054202 -0.040979 0.008635 0.053946 -0.043904 0.008635 0.050096 -0.045732 0.008621 0.053283 -0.044563 0.008635 0.050362 -0.045813 0.008621 0.052646 -0.041703 0.008621 0.054679 -0.045066 0.008621 0.050843 -0.04095 0.00863 0.051417 -0.040545 0.008657 0.052949 -0.040625 0.008647 0.05299 -0.040614 0.00874 0.051961 -0.04082 0.008775 0.053932 -0.040513 0.008832 0.051964 -0.040905 0.00872 0.051284 -0.041329 0.00874 0.05071 -0.042581 0.00874 0.049996 -0.044624 0.00872 0.050288 -0.046042 0.008678 0.053047 -0.041935 0.008675 0.050301 -0.041356 0.008674 0.054553 -0.041579 0.008856 0.054849 -0.041965 0.008928 0.055132 -0.042318 0.008684 0.055197 -0.041938 0.008648 0.05494 -0.042067 0.022344 0.05529 -0.043286 0.020691 0.055495 -0.043375 0.020981 0.055522 -0.043733 0.020128 0.05547 -0.043802 0.020241 0.055551 -0.04396 0.019959 0.055594 -0.043517 0.020927 0.055628 -0.043595 0.020869 0.056028 -0.044127 0.019689 0.056098 -0.044249 0.019246 0.055474 -0.044646 0.018317 0.055384 -0.044195 0.019253 0.055417 -0.044289 0.018936 0.055355 -0.044548 0.018422 0.055306 -0.044873 0.017606 0.055149 -0.044999 0.017307 0.055094 -0.045405 0.016238 0.05486 -0.045136 0.017015 0.055097 -0.045435 0.01618 0.054917 -0.045419 0.016139 0.054793 -0.045795 0.015042 0.054441 -0.045599 0.015651 0.054649 -0.045813 0.015022 0.054504 -0.045271 0.016542 0.056497 -0.047002 0.010138 0.056592 -0.046804 0.011354 0.056296 -0.046354 0.013162 0.048996 -0.046955 0.010544 0.048801 -0.046417 0.012928 0.053044 -0.046328 0.013223 0.053353 -0.046423 0.012871 0.052696 -0.046357 0.012958 0.052783 -0.046359 0.012966 0.052498 -0.046309 0.013336 0.051732 -0.046296 0.013323 0.051856 -0.046311 0.013039 0.05234 -0.046223 0.013371 0.051924 -0.046118 0.012931 0.052534 -0.046294 0.012957 0.052511 -0.046099 0.012996 0.052942 -0.046086 0.013401 0.053394 -0.045778 0.014029 0.053896 -0.045657 0.014563 0.054136 -0.045838 0.014614 0.05415 -0.046278 0.013263 0.053305 -0.046093 0.013855 0.05377 -0.046049 0.014227 0.054083 -0.045463 0.015524 0.054499 -0.04534 0.015994 0.054665 -0.045444 0.015231 0.054433 -0.045115 0.016133 0.054767 -0.045494 0.014921 0.05435 -0.045739 0.01399 0.053942 -0.04599 0.013285 0.053363 -0.044973 0.016715 0.054898 -0.045092 0.016719 0.054884 -0.044446 0.018157 0.055219 -0.045042 0.016991 0.054972 -0.044712 0.017468 0.055077 -0.044675 0.017437 0.055092 -0.044226 0.018673 0.055315 -0.044295 0.018655 0.055299 -0.043833 0.019687 0.055433 -0.044626 0.017957 0.055174 -0.0438 0.019901 0.055449 -0.045995 0.013185 0.051992 -0.045984 0.014269 0.051299 -0.045715 0.015328 0.050694 -0.045593 0.015686 0.0506 -0.045131 0.016972 0.048812 -0.044907 0.017652 0.049993 -0.045905 0.014662 0.048794 -0.045711 0.014821 0.048604 -0.046399 0.011635 0.048517 -0.046689 0.011305 0.048637 -0.047275 0.007035 0.048521 -0.047582 0.002116 0.048501 -0.047864 0.002547 0.048656 -0.047884 0.002119 0.048683 -0.047971 0.002144 0.048844 -0.047989 0.002121 0.048996 -0.047949 0.001926 0.048996 -0.047831 0.001769 0.048842 -0.047614 0.001688 0.048779 -0.047671 0.001652 0.048985 -0.047489 0.001621 0.048996 -0.047536 0.001666 0.048782 -0.047671 0.00193 0.048564 -0.047739 0.002121 0.048562 -0.040922 0.001779 0.048654 -0.047516 0.001776 0.048617 -0.040922 0.001621 0.048996 -0.036982 0.001621 0.049747 -0.036982 0.001621 0.056296 -0.036763 0.001683 0.056406 -0.036876 0.001667 0.056494 -0.036708 0.001756 0.052646 -0.036549 0.001871 0.056296 -0.036635 0.001752 0.056247 -0.036595 0.001884 0.056562 -0.036621 0.002076 0.056654 -0.036597 0.0018 0.049011 -0.036536 0.0019 0.0491 -0.036551 0.00191 0.04884 -0.03676 0.001714 0.048754 -0.036738 0.001685 0.049747 -0.036885 0.001662 0.048802 -0.036801 0.001922 0.048555 -0.040922 0.001996 0.048529 -0.039609 0.002121 0.048496 -0.036407 0.004954 0.04863 -0.035213 0.010508 0.048797 -0.035656 0.008649 0.048831 -0.034738 0.012137 0.048752 -0.034538 0.013343 0.048563 -0.033266 0.015683 0.049064 -0.035634 0.010702 0.048496 -0.035664 0.00957 0.048562 -0.03654 0.005882 0.048513 -0.03655 0.002104 0.048746 -0.047916 0.00184 0.050664 -0.047774 0.001699 0.056284 -0.047977 0.001987 0.056357 -0.047739 0.001688 0.056296 -0.047979 0.001994 0.056366 -0.047989 0.002139 0.052646 -0.047842 0.004827 0.056268 -0.047838 0.003087 0.056644 -0.047486 0.007264 0.05662 -0.047878 0.002113 0.056614 -0.047696 0.002128 0.056755 -0.047644 0.001901 0.056728 -0.047601 0.002135 0.056794 -0.047205 0.008983 0.05662 -0.047582 0.00689 0.048804 -0.047188 0.009504 0.048996 -0.047999 0.002224 0.048917 -0.04605 0.014241 0.051148 -0.04512 0.017034 0.056476 -0.043925 0.019708 0.05667 -0.043198 0.021318 0.056661 -0.041634 0.023919 0.056779 -0.042619 0.022777 0.056435 -0.042603 0.022802 0.055542 -0.042231 0.023499 0.055397 -0.042155 0.023423 0.055303 -0.043296 0.021426 0.055701 -0.042732 0.022373 0.055479 -0.041747 0.024377 0.055159 -0.041502 0.024651 0.054945 -0.041386 0.024992 0.054883 -0.041199 0.025045 0.056681 -0.039516 0.02714 0.056796 -0.030057 0.021943 0.056756 -0.028631 0.023609 0.056708 -0.027812 0.024421 0.056498 -0.027527 0.024938 0.05667 -0.025449 0.026823 0.055487 -0.025333 0.027068 0.056491 -0.028799 0.023157 0.056282 -0.030245 0.021148 0.055544 -0.03065 0.020602 0.056484 -0.032549 0.017243 0.056262 -0.031675 0.019116 0.056654 -0.032105 0.018213 0.056545 -0.031169 0.020333 0.056775 -0.03284 0.017379 0.056771 -0.041817 0.024274 0.05527 -0.044864 0.017766 0.055325 -0.044916 0.017143 0.050299 -0.044679 0.01758 0.050186 -0.044448 0.018074 0.050075 -0.044624 0.017583 0.050168 -0.044188 0.018811 0.049965 -0.043095 0.021741 0.049731 -0.042969 0.022048 0.049707 -0.042208 0.023435 0.049949 -0.042008 0.023906 0.049987 -0.041335 0.02503 0.050472 -0.04107 0.025527 0.050721 -0.041704 0.024471 0.050114 -0.03203 0.036494 0.048996 0.002099 -0.04107 0.046921 0.006423 -0.040611 0.046897 -0.000117 -0.041188 0.04839 -0.002041 -0.04106 0.046956 0.001352 -0.041061 0.045855 -0.011245 -0.039461 0.048396 -0.016086 -0.037886 0.048505 -0.017056 -0.037318 0.045396 -0.012939 -0.038962 0.046744 -0.011712 -0.039368 0.046838 -0.027435 -0.030793 0.048395 -0.018257 -0.036748 0.046722 -0.030038 -0.028074 0.045573 -0.037454 -0.017735 0.048488 -0.031276 -0.026685 0.047179 -0.03047 -0.027585 0.04683 -0.036335 -0.019491 0.047396 -0.039322 -0.013336 0.048437 -0.04156 0.002045 0.048401 -0.039259 0.013985 0.046721 -0.040116 0.011292 0.046971 -0.036809 0.019749 0.046783 -0.037367 0.018632 0.046653 -0.038956 0.015233 0.04568 -0.036211 0.020869 0.048396 -0.029183 0.030356 0.048392 -0.027965 0.03138 0.046762 -0.030046 0.029296 0.045432 -0.020627 0.03672 0.048396 -0.019455 0.037369 0.046851 -0.013518 -0.038739 0.046651 -0.013806 -0.038758 0.046539 -0.017268 -0.037224 0.046208 -0.017883 -0.03693 0.046656 -0.027637 -0.030492 0.04699 -0.028205 -0.029892 0.046276 -0.039214 -0.012798 0.046927 -0.040169 -0.010462 0.046961 -0.041432 -0.001376 0.046724 -0.041448 0.001796 0.045663 -0.039575 0.01301 0.046822 -0.039128 0.014361 0.046656 -0.039006 0.014708 0.046466 -0.037593 0.018157 0.046219 -0.037154 0.021958 0.046896 -0.037155 0.021956 0.046896 -0.037157 0.021955 0.046896 -0.037159 0.021954 0.046896 -0.03716 0.021953 0.046895 0.013381 -0.039508 0.046707 -0.03756 0.019792 0.046077 -0.037454 0.01978 0.046299 -0.037772 0.020038 0.043892 -0.012614 -0.040446 0.044795 -0.012289 -0.040978 0.046368 -0.011657 -0.041215 0.046792 -0.020086 0.043165 0.045462 -0.020445 0.043888 0.045283 -0.019154 0.041661 0.045239 -0.043694 0.017681 0.044974 -0.043298 0.01612 0.045267 -0.015429 -0.044492 0.045537 -0.015593 -0.044725 0.045258 -0.020079 -0.042143 0.04527 -0.019485 -0.040892 0.045243 -0.019653 -0.041909 0.045196 0.015536 -0.041886 0.045214 0.015339 -0.041683 0.045434 0.014051 -0.039011 0.046893 0.01339 -0.039428 0.04686 0.013899 -0.039262 0.0468 0.013823 -0.039327 0.046654 0.012016 -0.04139 0.046884 0.01338 -0.039517 0.046602 -0.038053 0.01894 0.045564 -0.037954 0.0183 0.045426 -0.032 0.029962 0.046693 -0.032431 0.029643 0.046816 -0.030514 0.028786 0.046675 -0.001735 -0.042943 0.046723 -0.000965 -0.041078 0.045813 0.010343 -0.040375 0.048313 0.011134 -0.039589 0.047151 0.011717 -0.039115 0.047394 0.012748 -0.038423 0.048396 0.01151 -0.039394 0.046962 -0.040421 0.019709 0.04527 -0.04022 0.0194 0.04518 -0.040855 -0.015393 0.045195 -0.044829 -0.015289 0.045459 -0.040046 -0.015804 0.047017 -0.041411 -0.014599 0.046223 -0.040864 -0.014981 0.045246 -0.015834 -0.040049 0.045239 -0.017706 -0.039603 0.045249 -0.018748 -0.039856 0.045527 -0.01649 -0.039593 0.045395 -0.015101 -0.041478 0.045249 -0.018255 -0.039704 0.045188 0.015877 -0.04367 0.045596 0.016 -0.043835 0.045363 -0.012762 -0.04148 0.045428 -0.012912 -0.039843 0.045611 -0.018696 -0.037429 0.045396 -0.040132 -0.012699 0.045436 -0.040301 -0.012498 0.04419 -0.016274 -0.0396 0.046332 -0.019312 -0.040055 0.047792 -0.019812 -0.041304 0.045587 -0.017549 -0.039442 0.04555 -0.04168 -0.014402 0.047914 -0.042408 -0.014548 0.04536 -0.01641 -0.044649 0.045137 -0.014974 -0.045145 0.045067 -0.020603 0.043642 0.045482 -0.020383 0.04351 0.046033 -0.034487 -0.030182 0.046961 -0.033743 -0.031175 0.04681 -0.035055 -0.030187 0.046975 -0.034581 -0.029925 0.047365 -0.034848 -0.030014 0.047396 -0.035041 -0.029968 0.047352 -0.040814 -0.020608 0.043911 -0.039866 -0.019759 0.043806 -0.039032 -0.018284 0.043695 -0.040293 0.014218 0.043762 -0.040345 0.013776 0.04386 -0.04036 0.013692 0.044196 -0.037826 0.020678 0.044721 -0.042786 0.022428 0.043685 -0.038245 0.020208 0.043695 -0.019525 0.038642 0.044196 -0.019224 0.039064 0.043695 0.01312 -0.040817 0.043999 0.014945 -0.045324 0.043892 0.013456 -0.040865 0.043717 -0.013216 -0.039696 0.044196 -0.012524 -0.04066 0.044326 -0.013487 -0.04017 0.043696 -0.01296 -0.039932 0.043819 0.014732 -0.039032 0.045418 0.014405 -0.039355 0.045435 0.014251 -0.038066 0.046585 0.014839 -0.037912 0.045756 0.014098 -0.039172 0.046469 0.013943 -0.039346 0.046235 0.013079 -0.040796 0.045406 0.013177 -0.040511 0.044156 0.013329 -0.039813 0.045648 0.013697 -0.039501 0.04611 0.013316 -0.040296 0.04381 0.012913 -0.040857 0.046129 0.013918 -0.038029 0.046869 0.014763 -0.037719 0.045396 0.012764 -0.041216 0.046411 0.013076 -0.041859 0.045712 0.013156 -0.041468 0.045396 0.012231 -0.041521 0.046698 0.012504 -0.04179 0.046376 0.012468 -0.042241 0.045403 0.012632 -0.041458 0.046468 -0.029022 -0.03001 0.045487 0.002087 -0.043891 0.046896 0.012971 -0.039602 0.046896 0.012641 -0.040171 0.046896 0.012485 -0.041094 0.046889 0.008277 -0.042239 0.046889 0.011779 -0.03872 0.046896 0.012939 -0.039678 0.046896 0.012905 -0.039753 0.046896 0.012867 -0.039826 0.046896 0.012827 -0.039898 0.046896 0.012784 -0.039969 0.046896 0.012739 -0.040038 0.046896 0.012691 -0.040106 0.046896 0.012282 -0.04129 0.046882 0.010036 -0.041822 0.046896 0.006559 -0.041015 0.046938 -0.040399 0.012125 0.046938 -0.019906 -0.03797 0.043794 -0.019592 -0.043455 0.043472 -0.021903 -0.042301 0.044162 -0.0198 -0.037563 0.044136 -0.019254 -0.037399 0.043792 -0.016193 -0.038712 0.043715 -0.0192 -0.037639 0.043725 -0.016053 -0.038706 0.043946 -0.016027 -0.038644 0.044196 -0.012848 -0.040597 0.04376 -0.014468 -0.045333 0.044196 -0.014716 -0.045245 0.04372 0.013512 -0.039856 0.043965 0.013579 -0.040128 0.043736 0.014942 -0.045333 0.044196 -0.021835 0.043527 0.044011 -0.021614 0.043642 0.043744 -0.019567 0.039293 0.043696 -0.019817 0.038843 0.043984 -0.019768 0.039148 0.043763 -0.018587 0.038976 0.043759 -0.019031 0.038819 0.043762 -0.019412 0.038515 0.044244 -0.038559 0.021104 0.045373 -0.042903 0.022254 0.043694 -0.042687 0.022657 0.043946 -0.037973 0.020478 0.043785 -0.037744 0.019885 0.043973 -0.03921 0.016645 0.043758 -0.040882 0.013732 0.043732 -0.040751 0.01393 0.043695 -0.0409 0.013487 0.044007 -0.045712 0.015345 0.044017 -0.045624 0.015623 0.043724 -0.04136 -0.012352 0.043946 -0.041495 -0.012234 0.045529 -0.040823 -0.012444 0.043731 -0.045651 -0.014219 0.043732 -0.045718 -0.014084 0.044196 -0.04047 -0.012718 0.043737 -0.040669 -0.01227 0.044024 -0.039651 -0.014053 0.043779 -0.039719 -0.014798 0.043715 -0.039305 -0.014957 0.044196 -0.03843 -0.017372 0.043806 -0.038494 -0.018224 0.044029 -0.041111 -0.020835 0.044196 -0.042832 -0.021152 0.043704 -0.042681 -0.021644 0.044777 0.001957 -0.045932 0.048396 0.001776 -0.047177 0.048404 0.00756 -0.045425 0.048396 0.007877 -0.047055 0.046912 0.007816 -0.046783 0.048343 0.001835 -0.047645 0.046911 0.00186 -0.047534 0.048145 -0.021418 0.042116 0.046896 -0.021207 0.041938 0.045396 -0.032984 0.033846 0.045396 -0.034778 0.031482 0.046896 -0.04108 0.022065 0.046896 -0.044162 0.014608 0.045382 -0.044188 0.014662 0.046896 -0.044158 -0.013419 0.046896 -0.044313 -0.011586 0.045396 -0.044102 -0.013331 0.045367 0.0017 -0.046194 0.046896 -0.013816 -0.043757 0.045896 -0.006873 -0.045383 0.045396 0.001695 -0.045951 0.045393 0.007235 -0.045382 0.046868 0.007675 -0.045332 0.045396 0.014289 -0.043757 0.045396 0.014289 -0.043757 0.046896 0.001487 -0.043911 0.045396 0.001511 -0.043911 0.045396 0.001661 -0.043906 0.046723 -0.02792 -0.036448 0.046896 -0.033729 -0.031711 0.045395 -0.021207 -0.040696 0.045896 -0.035486 -0.029598 0.047221 -0.037385 -0.029763 0.046834 -0.037853 -0.026637 0.047093 -0.041172 -0.02177 0.046936 -0.041098 -0.021287 0.047353 -0.041423 -0.020973 0.046923 -0.041262 -0.020904 0.046961 -0.040975 -0.020771 0.047146 -0.040389 -0.020362 0.04743 -0.042718 -0.020088 0.045571 -0.042877 -0.020653 0.047818 -0.042509 -0.021111 0.04836 -0.042929 -0.020754 0.047937 -0.042615 -0.021134 0.048291 -0.042577 -0.020164 0.047989 -0.042464 -0.020162 0.048052 -0.042586 -0.019915 0.047554 -0.042099 -0.019629 0.045597 -0.042516 -0.02067 0.048337 -0.040504 -0.019566 0.048265 -0.039509 -0.018166 0.048299 -0.040146 -0.018554 0.047377 -0.039993 -0.015818 0.045634 -0.041309 -0.014192 0.048339 -0.045016 -0.01462 0.048395 -0.039856 -0.01593 0.048286 -0.044551 -0.015225 0.047696 -0.044832 -0.014843 0.048298 -0.045229 -0.015004 0.048231 -0.044692 -0.015237 0.047919 -0.044783 -0.015084 0.048218 -0.045509 -0.014792 0.047939 -0.045138 -0.015217 0.047852 -0.044819 -0.015278 0.047772 -0.045153 -0.014718 0.048386 -0.044965 0.016512 0.047805 -0.044838 0.016539 0.045494 -0.04538 0.01626 0.045074 -0.045404 0.016204 0.047891 -0.045333 0.016311 0.048055 -0.044885 0.016152 0.048356 -0.045421 0.016053 0.048131 -0.045257 0.015992 0.048322 -0.044681 0.016469 0.047873 -0.045006 0.016171 0.048363 -0.042625 0.015444 0.048269 -0.04011 0.01677 0.048159 -0.038499 0.016863 0.048517 -0.04195 0.015633 0.047902 -0.040718 0.016258 0.047844 -0.040177 0.016777 0.046423 -0.039686 0.018409 0.047804 -0.039471 0.019313 0.048314 -0.040487 0.02036 0.048077 -0.041346 0.021173 0.048259 -0.042328 0.022202 0.048396 -0.042668 0.015766 0.047732 -0.042137 0.015022 0.048396 -0.039912 0.018955 0.045472 -0.04214 0.02088 0.047196 -0.042608 0.021844 0.048301 -0.042737 0.022439 0.048135 -0.042567 0.021206 0.047725 -0.042805 0.022178 0.048152 -0.042903 0.021743 0.047857 -0.042509 0.022443 0.048364 -0.042702 0.022742 0.047752 -0.042506 0.022699 0.045329 -0.042657 0.021279 0.045655 0.015505 -0.042932 0.047597 0.015448 -0.044403 0.048323 0.01562 -0.044985 0.048037 0.01596 -0.043982 0.04747 0.015852 -0.044345 0.04795 0.015605 -0.044549 0.048237 0.015118 -0.044973 0.048351 0.015137 -0.045035 0.04832 0.015839 -0.044753 0.047777 0.01505 -0.044898 0.048396 0.015139 -0.04527 0.045046 0.015975 -0.044311 0.045561 -0.014665 -0.04527 0.047896 -0.014725 -0.044621 0.048377 -0.014862 -0.04505 0.048276 -0.015208 -0.044964 0.047959 -0.015403 -0.04367 0.047196 -0.015484 -0.043902 0.045675 -0.015118 -0.045029 0.04787 -0.014981 -0.043921 0.048166 -0.015426 -0.044421 0.047926 -0.016595 -0.039396 0.048206 -0.017754 -0.039217 0.048209 -0.014748 -0.042066 0.047715 -0.014148 -0.04179 0.048327 -0.015211 -0.040639 0.046298 -0.019582 -0.039502 0.048348 -0.021123 -0.041923 0.048368 -0.015296 -0.040297 0.04815 -0.020596 -0.04217 0.048084 -0.020105 -0.041807 0.047647 -0.020614 -0.042391 0.047511 -0.021437 -0.042094 0.048375 -0.021514 -0.042195 0.048325 -0.020911 -0.042483 0.047782 -0.021298 -0.042455 0.04817 -0.020609 -0.042403 0.045469 -0.021444 -0.042461 0.047807 -0.021848 -0.042287 0.046895 -0.02103 0.043789 0.047886 -0.021676 0.043608 0.045046 -0.021971 0.043594 0.047127 -0.021018 0.043015 0.048386 -0.021581 0.043594 0.048135 -0.021525 0.04344 0.048322 -0.020559 0.04339 0.048074 -0.021148 0.043515 0.048304 -0.020213 0.04329 0.047572 -0.019458 0.041396 0.047852 -0.02023 0.041933 0.048234 -0.045024 -0.015658 0.045196 -0.045346 -0.015084 0.045081 -0.043116 -0.020559 0.045046 -0.020513 -0.042773 0.045196 -0.020818 -0.042509 0.045306 -0.045044 0.016713 0.045239 -0.043116 0.021801 0.045046 -0.019357 0.041643 0.045842 -0.017522 0.040542 0.045473 -0.043213 0.015922 0.045505 -0.041908 0.015777 0.045445 -0.040538 0.016486 0.045255 -0.039942 0.017352 0.045446 -0.044207 -0.015377 0.045208 -0.043187 -0.020058 0.045195 -0.01568 -0.043707 0.045187 -0.014855 -0.041876 0.045464 -0.045844 0.015286 0.046896 -0.04553 0.015914 0.047556 -0.045761 -0.014104 0.047085 -0.045468 -0.014737 0.048096 -0.045843 -0.012704 0.048241 -0.045854 0.005198 0.048237 -0.045854 0.000621 0.048237 -0.045763 -0.003956 0.048329 -0.046201 -0.010242 0.047199 -0.045514 0.015491 0.048343 -0.045882 0.013808 0.048236 -0.045854 0.00825 0.048237 -0.045979 0.00291 0.048021 -0.045513 0.002147 0.048396 -0.045946 -0.002431 0.048146 -0.045701 -0.011523 0.04837 -0.045013 0.015847 0.048394 0.014947 -0.045367 0.047301 0.007888 -0.047071 0.048063 0.015015 -0.045222 0.048253 -0.023542 -0.041179 0.048325 -0.039527 -0.026751 0.048043 -0.027058 -0.038873 0.048329 -0.036246 -0.030572 0.048329 -0.036075 -0.030501 0.048396 -0.038107 -0.028176 0.048372 -0.034433 -0.0329 0.048086 -0.028801 -0.037342 0.048396 -0.032876 -0.034161 0.048344 -0.024952 -0.040636 0.046994 -0.027336 -0.038927 0.048202 -0.032021 -0.035525 0.047309 -0.031752 -0.035455 0.048107 -0.040522 -0.024705 0.048355 -0.042741 -0.021589 0.047457 -0.024464 -0.040827 0.047896 -0.030751 -0.036318 0.048097 -0.036599 -0.030505 0.048101 -0.040939 0.025734 0.048111 -0.028942 0.038749 0.048352 -0.02651 0.04069 0.048222 -0.024132 0.042219 0.048111 -0.037021 0.03082 0.04836 -0.034471 0.03399 0.048312 -0.02554 0.04086 0.048396 -0.038295 0.029999 0.04731 -0.038269 0.029642 0.048107 -0.032082 0.036426 0.048085 -0.039266 0.027816 0.04836 -0.035857 0.032462 0.048301 -0.032775 0.03611 0.046977 -0.028766 0.039138 0.048105 -0.039059 0.028561 0.048098 -0.029787 0.038349 0.048094 0.007483 -0.043336 0.045396 -0.001218 -0.047502 0.048287 -0.004517 -0.047264 0.048318 -0.009431 -0.046577 0.048271 -0.014573 -0.044835 0.048395 -0.006589 -0.047287 0.046948 -0.01449 -0.045389 0.047171 -0.029633 0.032258 0.045396 -0.029687 0.033748 0.045521 -0.031832 0.030881 0.045519 -0.038791 0.02251 0.045513 -0.038936 0.021939 0.045667 -0.020379 0.039555 0.045368 -0.021405 0.039652 0.045481 -0.025673 0.036862 0.045396 -0.029911 0.033483 0.04552 -0.039567 0.01489 0.045396 -0.041144 0.013399 0.045271 -0.042407 0.002568 0.045541 -0.041774 0.001983 0.045396 -0.041513 -0.00054 0.045433 -0.042339 -0.011479 0.045402 -0.041871 0.013409 0.045085 -0.042152 0.013119 0.045567 -0.039515 -0.014128 0.047399 -0.038159 -0.01751 0.047331 -0.020038 -0.03788 0.045396 -0.029912 -0.032124 0.045467 -0.021396 -0.03848 0.045441 -0.014277 -0.038784 0.045398 -0.019479 -0.036275 0.046852 -0.012625 -0.041769 0.045515 -0.002124 -0.044002 0.045406 -0.001425 -0.043764 0.045501 -0.037621 0.019979 0.045537 -0.040722 0.01343 0.046 -0.040154 0.013901 0.044976 -0.040083 0.014058 0.045746 -0.040742 -0.012249 0.045396 -0.018896 -0.037335 0.044735 -0.019751 -0.037531 0.045396 0.002935 -0.045852 0.047883 0.006481 -0.045511 0.047882 0.002098 -0.043878 0.046911 0.006728 -0.041844 0.04692 0.006897 -0.04267 0.046695 0.006733 -0.045473 0.047712 0.002305 -0.045873 0.047253 0.002052 -0.042297 0.04702 0.002236 -0.042381 0.047155 0.016355 -0.044013 0.045201 0.016248 -0.044736 0.045196 0.015658 -0.044942 0.045196 0.015973 -0.044701 0.045313 -0.015242 -0.042758 0.045249 -0.015452 -0.043649 0.045396 -0.044903 -0.015324 0.045418 -0.045035 -0.015504 0.045233 -0.040652 -0.018586 0.045212 -0.039985 -0.017084 0.045216 -0.040356 -0.018597 0.045374 -0.039784 -0.017171 0.04537 -0.042446 -0.019593 0.045234 -0.043011 -0.020237 0.045275 -0.042833 0.021442 0.045453 -0.043065 0.021452 0.045234 -0.041126 0.020346 0.045415 -0.041931 0.015973 0.045237 -0.044779 0.016546 0.045452 -0.020905 0.043746 0.04527 0.007732 -0.042087 0.046888 0.007728 -0.042352 0.046788 0.010369 -0.042049 0.046691 -0.012497 -0.040183 0.046018 -0.012479 -0.039608 0.046533 -0.012229 -0.041233 0.046456 -0.012084 -0.042256 0.045436 -0.011782 -0.041769 0.046584 -0.011285 -0.041907 0.046749 -0.00219 -0.043446 0.046502 -0.001009 -0.043175 0.045439 -0.029521 -0.031677 0.046435 -0.029659 -0.03248 0.045776 -0.029184 -0.032284 0.046727 -0.021108 -0.037456 0.046793 -0.020351 -0.038394 0.045459 -0.02132 -0.037932 0.046423 -0.020583 -0.037876 0.046443 -0.019455 -0.03707 0.046073 -0.020651 -0.03705 0.046816 -0.018215 -0.037629 0.045784 -0.039881 -0.012698 0.046211 -0.03976 -0.013326 0.046267 -0.039601 -0.012527 0.046569 -0.039435 -0.012432 0.046697 -0.039446 -0.012443 0.046689 -0.039681 -0.012568 0.04649 -0.039669 -0.012554 0.046505 -0.039535 -0.012488 0.046625 -0.039452 -0.012458 0.046684 -0.03961 -0.012524 0.046563 -0.039821 -0.012639 0.046318 -0.039796 -0.012621 0.046354 -0.039674 -0.012548 0.046503 -0.039505 -0.012464 0.046649 -0.039568 -0.0125 0.046599 -0.039636 -0.012529 0.04654 -0.039799 -0.012614 0.046354 -0.039749 -0.012587 0.046419 -0.039709 -0.012568 0.046464 -0.039858 -0.01264 0.046271 -0.039928 -0.012677 0.046152 -0.040363 -0.012347 0.045891 -0.039655 -0.011599 0.046774 -0.039896 -0.01186 0.046695 -0.04094 -0.011268 0.04681 -0.041932 -0.011544 0.046362 -0.041613 -0.011055 0.046706 -0.042112 -0.011161 0.046146 -0.042387 -0.001466 0.045552 -0.041563 -0.001879 0.046694 -0.041822 -0.0017 0.046541 -0.041578 0.00255 0.046538 -0.042133 0.00293 0.046147 -0.041413 0.003137 0.046797 -0.041701 0.012261 0.046596 -0.042373 0.01251 0.045528 -0.041629 0.012859 0.046506 -0.04124 0.012429 0.046793 -0.041479 0.013343 0.04596 -0.039965 0.013707 0.046272 -0.032352 0.030539 0.046165 -0.03267 0.030118 0.046368 -0.032888 0.030537 0.045447 -0.038618 0.022214 0.045998 -0.038289 0.021829 0.046594 -0.037754 0.021822 0.046794 -0.038035 0.021179 0.046368 -0.037675 0.02147 0.046732 -0.037776 0.020545 0.045872 -0.03654 0.020617 0.046874 -0.017845 0.038904 0.045545 -0.017813 0.038205 0.046578 -0.017056 0.03856 0.045396 -0.018337 0.037949 0.046725 -0.018718 0.038317 0.046356 -0.019655 0.038401 0.046319 -0.020317 0.038132 0.046795 -0.021167 0.038614 0.046815 -0.020068 0.039128 0.045624 -0.020671 0.039269 0.04639 -0.021355 0.03918 0.046368 -0.025426 0.036459 0.046544 -0.028706 0.033222 0.046824 -0.029765 0.032758 0.04615 -0.028815 0.032648 0.046749 -0.02929 0.032422 0.046368 -0.028914 0.032601 0.046695 0.001851 -0.041041 0.046868 0.001788 -0.043632 0.046816 0.00152 -0.043903 0.046534 0.012809 -0.03993 0.046886 0.012715 -0.040073 0.046893 0.012924 -0.039767 0.046882 0.012853 -0.040058 0.046794 0.012895 -0.040069 0.046583 0.012784 -0.040476 0.046543 0.01258 -0.041095 0.046794 0.011512 -0.041525 0.046885 0.008648 -0.042237 0.046861 0.007951 -0.042231 0.046876 0.007111 -0.043059 0.046297 0.014142 -0.038624 0.046871 0.014163 -0.038786 0.046862 0.014148 -0.038988 0.046795 0.012842 -0.039953 0.046869 0.012781 -0.040859 0.046471 0.015926 -0.040249 0.046392 0.015036 -0.041476 0.048014 0.015384 -0.042318 0.045546 0.013884 -0.040197 0.043696 0.016527 -0.038706 0.043946 -0.015979 0.039776 0.045363 -0.014736 0.046524 0.043717 0.01668 -0.039076 0.048351 0.012862 -0.039699 0.048513 0.014635 -0.042771 0.048363 -0.017884 0.040668 0.046924 -0.019503 0.04079 0.048306 -0.017338 0.040479 0.048226 0.018681 -0.043907 0.045174 -0.020448 0.044207 0.045173 0.015834 -0.040579 0.045223 0.019284 -0.035487 0.048396 -0.014363 0.039676 0.045396 -0.017107 0.040864 0.045208 -0.018872 0.041151 0.045448 0.037627 -0.020716 0.046896 0.037629 -0.020714 0.046896 0.037631 -0.020713 0.046896 0.037633 -0.020712 0.046896 0.037633 -0.020711 0.046896 0.037634 -0.020711 0.046896 -0.012818 0.040662 0.046883 -0.013634 0.040405 0.046536 0.037993 -0.018586 0.046146 0.038052 -0.018856 0.04584 0.036663 -0.018868 0.046895 0.0131 0.041595 0.045053 0.011955 0.042712 0.046792 0.013081 0.041732 0.045396 0.012898 0.041636 0.046157 0.01213 0.042457 0.046792 0.020806 -0.042796 0.04522 0.04377 -0.014855 0.04529 0.044054 -0.015074 0.045223 0.015932 0.045663 0.045596 0.016228 0.045905 0.0452 0.015943 0.045956 0.045317 0.02094 0.04389 0.045292 0.020574 0.043228 0.046126 0.01994 0.042262 0.045231 0.020185 0.04232 0.045444 -0.014905 0.043554 0.045596 -0.015083 0.043899 0.045344 -0.015364 0.044838 0.045562 -0.015597 0.044336 0.045196 -0.013064 0.040609 0.04686 -0.013516 0.040391 0.046868 -0.01331 0.040583 0.046683 -0.011729 0.042584 0.046867 -0.011542 0.042632 0.046885 -0.012669 0.040894 0.046727 0.030359 0.028435 0.046896 0.037902 -0.018092 0.046517 0.03849 -0.017507 0.045396 0.030098 -0.027473 0.045396 0.032397 -0.02916 0.046416 0.030572 -0.02696 0.046663 0.032717 -0.028228 0.046866 0.002987 0.041528 0.046896 0.001799 0.044098 0.046328 0.014763 0.038961 0.045396 -0.009605 0.040422 0.047396 -0.01008 0.04146 0.048194 -0.010279 0.040909 0.047396 -0.011933 0.041642 0.04851 -0.012267 0.040396 0.048396 -0.01012 0.04089 0.046972 -0.010768 0.040837 0.046896 -0.009605 0.040422 0.046896 0.040942 -0.018422 0.045249 0.040303 -0.01741 0.045516 0.04151 -0.018921 0.04521 0.042184 -0.019462 0.045659 0.040735 -0.018388 0.045503 0.040884 0.016898 0.045234 0.041839 0.016025 0.045249 0.0427 0.01585 0.045266 0.040645 0.016732 0.045596 0.019257 0.041382 0.045214 0.015912 0.041556 0.045456 0.018872 0.040873 0.045319 0.017258 0.040972 0.045201 0.015456 0.042897 0.045275 0.016807 0.040914 0.045255 0.017552 0.04036 0.048275 -0.015565 0.044758 0.045238 -0.015883 0.045252 0.045201 0.012993 0.042 0.045303 0.013191 0.041133 0.04588 0.04053 0.014139 0.045427 0.02015 0.042163 0.047196 0.019849 0.041575 0.046396 0.042784 0.015708 0.046396 0.016298 0.04598 0.045194 0.015193 0.046727 0.043867 0.015139 0.046512 0.045046 0.015444 0.046373 0.045081 0.020171 -0.041163 0.04573 0.021122 -0.042413 0.045457 0.020757 -0.04221 0.045454 0.034956 0.031497 0.046928 0.034205 0.032392 0.046833 0.034843 0.031247 0.046964 0.035041 0.031166 0.047384 0.035513 0.031218 0.047396 0.041362 0.02188 0.043895 0.040766 0.0217 0.04738 0.039505 0.019525 0.043695 0.040794 -0.01256 0.043871 0.04053 -0.012896 0.044196 0.040849 -0.013008 0.043725 0.038454 -0.019342 0.043946 0.038759 -0.019495 0.043827 0.038991 -0.01922 0.043696 0.019708 -0.037448 0.043802 -0.012617 0.041967 0.044037 0.013572 0.041311 0.04375 0.013273 0.04122 0.043996 0.015701 0.040453 0.04374 -0.013759 0.039896 0.046755 -0.013433 0.040775 0.045775 -0.012582 0.042036 0.045645 -0.013223 0.040743 0.046108 -0.013015 0.040871 0.045967 -0.012712 0.042596 0.045368 -0.012278 0.042573 0.046395 -0.012108 0.042964 0.046359 -0.012207 0.042302 0.04664 -0.012517 0.043193 0.045697 -0.011896 0.043091 0.04636 -0.011994 0.043483 0.045403 -0.012145 0.04271 0.046474 -0.012155 0.042703 0.046469 -0.012208 0.042661 0.046439 0.028331 0.030483 0.045396 0.030305 0.032399 0.045474 0.027981 0.030806 0.04642 0.029237 0.033252 0.046819 0.02931 0.032906 0.046797 -0.001622 0.045123 0.046913 -0.001613 0.045133 0.046896 -0.012497 0.040844 0.046896 -0.012167 0.041413 0.046896 -0.012187 0.04172 0.046884 -0.008231 0.043423 0.046888 -0.005784 0.041735 0.046896 -0.001589 0.041579 0.046846 -0.01247 0.04091 0.046895 -0.012431 0.040995 0.046896 -0.012393 0.041068 0.046896 -0.012353 0.041141 0.046896 -0.012303 0.041224 0.046896 -0.010619 0.042796 0.046896 -0.005984 0.041909 0.046896 0.041655 0.012283 0.046862 0.039219 0.013323 0.046896 0.041166 0.002996 0.046795 0.041454 -0.001995 0.046886 0.041871 -0.010942 0.04679 0.038959 -0.012847 0.046795 0.03972 -0.011437 0.046896 0.040456 -0.007339 0.046896 0.034305 -0.022189 0.046896 0.021021 -0.036194 0.046894 0.018094 -0.036283 0.046795 0.023047 -0.033447 0.046896 0.013704 0.039344 0.046794 0.002844 0.043846 0.046883 0.012395 0.040825 0.046759 0.020376 0.039622 0.043719 0.022543 0.043433 0.0468 0.02216 0.043592 0.043776 0.020213 0.038919 0.043835 0.019543 0.038703 0.043809 0.019723 0.039051 0.043695 0.013959 0.040869 0.044281 0.013358 0.041847 0.043737 0.013284 0.04216 0.043794 0.01496 0.04657 0.044028 -0.012734 0.0413 0.045117 -0.013032 0.041077 0.043987 -0.013131 0.041302 0.043741 -0.013052 0.041635 0.043694 -0.012774 0.041438 0.04387 -0.012783 0.04214 0.043826 -0.014398 0.046632 0.044982 0.022092 -0.042432 0.043717 0.020403 -0.037741 0.043998 0.020173 -0.037901 0.043726 0.019393 -0.037876 0.043696 0.01916 -0.037369 0.045572 0.041083 -0.020833 0.045349 0.043172 -0.021543 0.044173 0.038246 -0.018735 0.04388 0.038334 -0.018206 0.044169 0.038509 -0.019073 0.043722 0.038541 -0.017698 0.0455 0.041765 -0.012521 0.043763 0.041122 -0.012463 0.043783 0.042133 -0.012745 0.043716 0.041372 -0.012243 0.044023 0.046164 -0.01418 0.043774 0.042065 0.013472 0.045359 0.041156 0.013738 0.043738 0.04129 0.013895 0.043694 0.046094 0.015198 0.043888 0.046122 0.015549 0.043732 0.040818 0.013728 0.044025 0.041129 0.013508 0.044188 0.040108 0.015357 0.04381 0.040244 0.016382 0.043696 0.039779 0.016199 0.044196 0.038869 0.018681 0.04383 0.038969 0.019466 0.044028 0.040336 0.021 0.043807 0.041648 0.022222 0.04695 0.043307 0.022393 0.043704 0.043376 -0.021011 0.043694 -0.00222 0.047057 0.048218 -0.001227 0.048032 0.048452 -0.007403 0.048296 0.046912 -0.007248 0.046915 0.048602 -0.007373 0.048263 0.04808 -0.001316 0.048962 0.046939 0.02189 -0.040874 0.046896 0.022276 -0.041923 0.04534 0.030651 -0.03485 0.045396 0.035252 -0.03024 0.046896 0.037794 -0.026881 0.045396 0.041554 -0.020822 0.046896 0.044636 -0.013366 0.045382 0.044662 -0.01342 0.046896 0.044632 0.014661 0.046896 -0.001227 0.047436 0.046896 0.014289 0.044999 0.045896 0.007346 0.046625 0.045396 -0.001221 0.047193 0.045393 -0.003546 0.047014 0.048017 -0.00687 0.04663 0.046878 -0.007202 0.046574 0.045396 -0.013816 0.044999 0.045396 -0.013816 0.044999 0.046896 -0.006128 0.046734 0.047851 -0.001013 0.045154 0.045396 -0.001037 0.045153 0.045396 -0.001168 0.045129 0.046675 0.034025 0.032641 0.045396 0.028393 0.03769 0.045396 0.02184 0.041837 0.045137 0.022293 0.042409 0.046903 0.031107 0.027602 0.046963 0.031272 0.027413 0.047396 0.0365 0.030434 0.047025 0.035471 0.031321 0.047168 0.041267 0.023321 0.047095 0.041832 0.023101 0.046896 0.038225 0.027895 0.047396 0.041551 0.022363 0.047371 0.041879 0.022205 0.046925 0.041463 0.022018 0.047131 0.041551 0.022526 0.047245 0.043357 0.021923 0.047829 0.043155 0.022887 0.044775 0.043147 0.022785 0.047222 0.043007 0.021144 0.047463 0.042566 0.020733 0.04522 0.043543 0.021492 0.045223 0.043296 0.021935 0.048148 0.043128 0.022392 0.048249 0.043152 0.021286 0.047721 0.042293 0.021438 0.04828 0.043002 0.021875 0.048323 0.042101 0.020691 0.047215 0.041591 0.015806 0.048275 0.043077 0.015413 0.048303 0.040544 0.021147 0.048396 0.040955 0.020503 0.048145 0.039945 0.019314 0.048314 0.040188 0.017592 0.048162 0.039937 0.017142 0.048396 0.042055 0.015764 0.046188 0.043279 0.015729 0.047999 0.040304 0.018808 0.047649 0.045313 0.016266 0.048296 0.045516 0.015958 0.04841 0.045122 0.016506 0.047762 0.045449 0.016438 0.048077 0.045888 0.016234 0.047927 0.045335 0.016519 0.047783 0.045848 0.016035 0.048236 0.045698 0.016426 0.047921 0.04528 0.016531 0.045519 0.045384 -0.015273 0.047791 0.045312 -0.015297 0.045494 0.045855 -0.015016 0.045072 0.045616 -0.015083 0.048228 0.045895 -0.014811 0.048132 0.045793 -0.014757 0.04828 0.045414 -0.014759 0.048384 0.045729 -0.015146 0.047888 0.045262 -0.015052 0.048232 0.04512 -0.015254 0.047865 0.043728 -0.014586 0.048046 0.041878 -0.014207 0.0483 0.041183 -0.014986 0.04805 0.040106 -0.017147 0.048234 0.04018 -0.016688 0.046469 0.040602 -0.019746 0.048363 0.040856 -0.018935 0.047979 0.042803 -0.020957 0.048396 0.041894 -0.013866 0.048391 0.04252 -0.01435 0.048027 0.040258 -0.016081 0.048322 0.043073 -0.020131 0.047948 0.043154 -0.020825 0.048342 0.041991 -0.01962 0.047918 0.04332 -0.020868 0.048064 0.04323 -0.020556 0.048184 0.043207 -0.021181 0.04816 0.043342 -0.021141 0.047791 0.043126 -0.020041 0.047561 0.043351 -0.020653 0.045218 0.042775 -0.019633 0.046502 -0.015436 0.045472 0.047824 -0.01477 0.043174 0.047692 -0.015147 0.04555 0.048203 -0.014688 0.046452 0.048159 -0.015537 0.045751 0.047686 -0.01489 0.046021 0.048349 -0.014698 0.046344 0.048249 -0.015177 0.046189 0.048054 -0.015511 0.045418 0.045625 0.015139 0.046512 0.045758 0.015139 0.046512 0.046471 0.015139 0.046512 0.047183 0.015287 0.046445 0.048058 0.015151 0.046211 0.048364 0.015982 0.045355 0.047471 0.015935 0.04567 0.047801 0.015736 0.045511 0.048052 0.015577 0.046249 0.048068 0.015449 0.04597 0.048314 0.015666 0.04442 0.046452 0.015121 0.043821 0.048137 0.01529 0.042815 0.047775 0.01541 0.041809 0.04819 0.016285 0.040974 0.047595 0.019982 0.041293 0.048046 0.014863 0.046137 0.048404 0.015276 0.041219 0.048396 0.018635 0.040239 0.048342 0.020525 0.041075 0.048368 0.021815 0.043186 0.048396 0.015857 0.041598 0.047713 0.020987 0.043458 0.047945 0.021693 0.043462 0.04836 0.020685 0.04321 0.047659 0.021328 0.043605 0.048129 0.021853 0.043723 0.047779 0.021891 0.04367 0.048127 0.02215 0.043608 0.047896 0.0218 0.04374 0.045084 0.021652 -0.042496 0.047851 0.021823 -0.042501 0.045071 0.022376 -0.042333 0.047676 0.021645 -0.042426 0.048143 0.021814 -0.042523 0.047975 0.021948 -0.042155 0.04836 0.020613 -0.041884 0.047498 0.021194 -0.042441 0.047732 0.021015 -0.042099 0.048092 0.02162 -0.04224 0.048308 0.021597 -0.041924 0.048368 0.020702 -0.040692 0.048233 0.045415 0.01757 0.045114 0.045509 0.016745 0.045233 0.04582 0.016327 0.045082 0.020742 0.044129 0.045185 0.02112 0.043652 0.045456 0.045518 -0.015471 0.045239 0.043539 -0.020211 0.045234 0.04359 -0.020558 0.045046 0.019852 -0.040567 0.045291 0.019934 -0.039935 0.048075 0.019086 -0.039787 0.045534 0.042767 -0.019269 0.045196 0.043687 -0.01468 0.045505 0.041213 -0.014999 0.045596 0.042562 -0.014526 0.045567 0.040609 -0.01565 0.045371 0.043997 0.016135 0.045283 0.041779 0.020534 0.045596 0.040258 0.0184 0.046133 0.015302 0.043101 0.045699 0.046257 -0.014118 0.046937 0.045923 -0.014897 0.047727 0.04621 0.015355 0.047066 0.045703 0.015766 0.048387 0.046364 0.014447 0.048091 0.046193 0.012757 0.048361 0.046237 -0.007008 0.048329 0.04642 -0.006245 0.048146 0.046237 -0.000905 0.048329 0.04642 0.002147 0.048146 0.04642 0.00825 0.048146 0.045677 -0.014658 0.048395 0.0462 -0.013174 0.048292 0.045987 -0.000905 0.048396 0.046553 0.012815 0.046936 0.046487 0.007487 0.047896 0.046237 0.005198 0.048329 0.04641 -0.012661 0.04809 -0.011022 0.04747 0.048146 -0.014692 0.046137 0.048385 -0.013129 0.046865 0.048304 0.028198 0.039895 0.048193 0.040203 0.027314 0.048327 0.033884 0.035108 0.0482 0.023413 0.042723 0.048334 0.030524 0.038083 0.048224 0.025695 0.041507 0.04825 0.034001 0.034385 0.048396 0.039698 0.028629 0.047225 0.029277 0.038581 0.048396 0.03266 0.035972 0.048349 0.031543 0.037467 0.047025 0.035928 0.032668 0.048355 0.037723 0.030199 0.048396 0.042981 0.022372 0.048368 0.03677 0.032053 0.048197 0.043133 0.022921 0.04797 0.040952 -0.025196 0.04821 0.04198 -0.023129 0.048358 0.032904 -0.034808 0.048249 0.024633 -0.040726 0.04833 0.038025 -0.028926 0.048349 0.033757 -0.033635 0.04838 0.038447 -0.028768 0.0482 0.034303 -0.033499 0.04813 0.026381 -0.039901 0.048092 0.04068 -0.025836 0.046979 0.036134 -0.031772 0.047682 0.029814 -0.036865 0.048396 0.027509 -0.038807 0.048373 0.028848 -0.038437 0.047142 0.030258 -0.037109 0.048095 0.025104 0.042047 0.04695 0.037023 0.031963 0.046849 -0.01445 0.046655 0.047237 0.006196 0.048341 0.048326 0.013421 0.046935 0.04829 -0.001386 0.048906 0.048172 0.007266 0.048445 0.046989 0.005456 0.048588 0.047896 0.01497 0.046841 0.047243 0.021492 0.043823 0.047871 0.015954 0.045561 0.045541 0.031798 -0.029225 0.045412 0.027981 -0.029564 0.04642 0.032489 -0.029624 0.04542 0.036477 -0.025289 0.045396 0.039318 -0.020956 0.045456 0.020713 -0.038209 0.045454 0.026147 -0.035619 0.045396 0.030399 -0.031749 0.045396 0.037619 -0.016218 0.045396 0.039493 -0.014045 0.045655 0.041651 0.001749 0.045548 0.042807 0.012525 0.0454 0.044659 0.014601 0.045387 0.041621 -0.012156 0.04527 0.041214 -0.000729 0.045771 0.042104 0.0018 0.045603 0.042808 0.002822 0.045396 0.042437 0.01324 0.045396 0.042296 -0.012142 0.045048 0.042722 -0.011746 0.045466 0.042717 -0.001261 0.045396 0.042541 -0.000875 0.045484 0.038823 0.01886 0.0474 0.03906 0.013803 0.047396 0.040042 0.014988 0.047032 0.030098 0.028715 0.045396 0.021877 0.039653 0.045481 0.030386 0.033364 0.045467 0.020798 0.039538 0.045429 0.03911 0.013651 0.047054 0.039236 0.013414 0.046898 0.039492 0.014045 0.047224 0.019101 0.038681 0.045317 0.017076 0.038003 0.045396 0.014822 0.040132 0.045546 0.027218 0.031491 0.046896 -0.001038 0.042465 0.046497 0.012558 0.043498 0.045436 0.001958 0.041583 0.046414 0.01316 0.042946 0.045451 0.002597 0.045244 0.045405 0.001899 0.045006 0.045501 0.019583 -0.037302 0.04468 0.041022 -0.012252 0.045762 0.041342 0.013401 0.04545 0.020133 0.038693 0.045065 0.020252 0.038815 0.044657 0.019634 0.038561 0.044388 0.014077 0.040799 0.045496 0.020014 -0.037368 0.04492 -0.006698 0.044408 0.046246 -0.006075 0.043479 0.047181 -0.006096 0.042165 0.046902 -0.00619 0.044272 0.047253 -0.00194 0.047105 0.047327 -0.001813 0.043743 0.047194 -0.001565 0.043465 0.047006 -0.001614 0.042173 0.046896 -0.001493 0.042552 0.046896 -0.015509 0.045262 0.045487 -0.015421 0.045807 0.045464 -0.015775 0.045978 0.045196 -0.015479 0.045932 0.04533 0.020753 0.043459 0.045396 0.045374 0.016566 0.045419 0.040455 0.017961 0.045186 0.040731 0.019599 0.045353 0.040282 0.018379 0.045305 0.043229 0.021394 0.045498 0.043128 0.020885 0.045216 0.043267 -0.020098 0.045424 0.042405 -0.014729 0.045237 0.041317 -0.015253 0.045211 0.040412 -0.016839 0.045226 0.045253 -0.015304 0.045452 0.021082 -0.042616 0.045282 -0.007252 0.043333 0.046887 -0.006398 0.043481 0.046803 -0.007253 0.043596 0.046787 -0.009765 0.043383 0.04662 0.014006 0.040198 0.046601 0.012949 0.042562 0.046172 0.012221 0.043117 0.046617 0.002645 0.044728 0.046448 0.002544 0.04429 0.046755 0.001484 0.044423 0.04544 0.029893 0.032876 0.046521 0.030252 0.032988 0.046009 0.030152 0.033799 0.04544 0.025903 0.036457 0.046544 0.021755 0.038835 0.046677 0.021437 0.038612 0.046794 0.021177 0.039108 0.04654 0.021159 0.039499 0.046 0.020794 0.038893 0.046368 0.020518 0.039069 0.045521 0.019559 0.038254 0.0464 0.020925 0.038006 0.046837 0.018111 0.03829 0.046607 0.018326 0.039025 0.045456 0.018094 0.037525 0.046795 0.040398 0.013929 0.046148 0.040146 0.013796 0.046502 0.039759 0.013624 0.046779 0.040069 0.013765 0.046573 0.039923 0.013692 0.046685 0.039413 0.013619 0.046891 0.039767 0.013607 0.046776 0.040303 0.013878 0.046312 0.040246 0.013852 0.046388 0.040024 0.013739 0.046613 0.041135 0.013025 0.046535 0.040351 0.013078 0.046762 0.042125 0.013319 0.045983 0.042611 0.01248 0.046158 0.042143 0.012468 0.046673 0.042037 0.007676 0.046695 0.042648 0.002801 0.046128 0.041819 0.003162 0.046833 0.042099 0.00253 0.046539 0.041217 0.001871 0.045396 0.041188 -0.001379 0.046695 0.041865 -0.001181 0.046572 0.042075 -0.000614 0.045428 0.042298 -0.001521 0.046462 0.04211 -0.001854 0.046664 0.042869 -0.00159 0.045575 0.042373 -0.011087 0.046494 0.042807 -0.011282 0.0454 0.042346 -0.011882 0.046006 0.041601 -0.011873 0.046355 0.042016 -0.011955 0.046286 0.040374 -0.013064 0.045845 0.041021 -0.011342 0.046799 0.03999 -0.012898 0.046562 0.038577 -0.013905 0.045396 0.03326 -0.029434 0.045517 0.033277 -0.029038 0.046325 0.038626 -0.020732 0.046676 0.038228 -0.020579 0.046794 0.039296 -0.020105 0.045505 0.037424 -0.01944 0.046729 0.038612 -0.019815 0.046146 0.038272 -0.019348 0.045769 0.038263 -0.016941 0.046019 0.037182 -0.017147 0.046657 0.018297 -0.037187 0.046515 0.017076 -0.036761 0.045396 0.017647 -0.037506 0.04548 0.019342 -0.036717 0.046671 0.019655 -0.037086 0.046216 0.020657 -0.03762 0.04634 0.021689 -0.03786 0.046549 0.021159 -0.038257 0.046 0.021555 -0.037248 0.046847 0.021816 -0.038459 0.045456 0.022274 -0.037597 0.046694 0.029921 -0.032139 0.046503 0.029734 -0.032285 0.046369 0.030143 -0.032495 0.04545 0.02937 -0.032019 0.04681 0.030384 -0.031263 0.045561 0.029721 -0.031348 0.046518 -0.00134 0.042203 0.046833 -0.001234 0.042189 0.04675 -0.001063 0.0416 0.045958 -0.00124 0.043418 0.046782 -0.00116 0.045113 0.046641 -0.001314 0.044874 0.046816 -0.012247 0.041308 0.046893 -0.012379 0.041097 0.046886 -0.012451 0.041239 0.04659 -0.012298 0.041831 0.046582 -0.012289 0.041841 0.04676 -0.011913 0.042524 0.046814 -0.009793 0.043096 0.046873 -0.011371 0.042692 0.046877 -0.00776 0.043609 0.046805 -0.007668 0.043513 0.046877 -0.014165 0.040237 0.045738 -0.013618 0.039946 0.046882 -0.012314 0.041986 0.046431 -0.012344 0.042025 0.046331 -0.013275 0.040632 0.046338 -0.015709 0.0411 0.048149 -0.015742 0.041212 0.046567 -0.014961 0.042437 0.045596 -0.015306 0.042013 0.045258 -0.014509 0.043807 0.048146 -0.013971 0.043523 0.048348 0.020705 -0.039498 0.048398 0.017561 -0.039325 0.048009 -0.015346 0.042547 0.045196 0.017328 -0.039342 0.045942 -0.008618 0.040653 0.048396 0.006491 0.041141 0.048396 0.013854 0.039293 0.048396 0.029078 0.028515 0.048396 0.040346 0.001707 0.048396 0.034233 -0.02142 0.048396 -0.014978 0.043052 0.04527 -0.016042 0.041008 0.045353 0.018404 -0.039536 0.045207 0.017559 -0.039418 0.045326 -0.044098 0.015069 0.035197 -0.044453 0.013816 0.046896 -0.044513 0.012579 0.035196 -0.04213 0.01596 0.035196 -0.041677 0.016058 0.043556 -0.043345 0.015847 0.043381 -0.040903 0.016846 0.043695 -0.041184 0.016257 0.043491 -0.04111 0.016283 0.035196 -0.044513 -0.011337 0.035196 -0.04019 0.018118 0.035196 -0.017946 0.040941 0.035196 -0.044432 -0.012923 0.046894 0.040642 0.018416 0.035196 -0.041142 -0.015022 0.035196 0.041542 0.016323 0.035196 -0.044112 -0.013898 0.035196 -0.044299 -0.013649 0.043532 -0.042924 -0.014835 0.043629 -0.041569 -0.014855 0.043573 -0.043604 -0.014446 0.035196 -0.04155 -0.014775 0.035196 -0.040984 -0.015113 0.04286 -0.040917 -0.015367 0.035196 -0.039031 -0.019627 0.040216 -0.039032 -0.019688 0.036821 -0.039889 -0.01761 0.041696 -0.039288 -0.020134 0.041696 -0.041006 -0.019963 0.035196 -0.04141 -0.019152 0.043558 -0.041669 -0.019941 0.041696 -0.04164 -0.021159 0.041915 -0.040807 -0.022962 0.046896 -0.042027 -0.021229 0.046788 -0.041742 -0.021085 0.043566 -0.042612 -0.021457 0.043585 -0.044748 -0.016538 0.043629 -0.040214 -0.017473 0.043643 -0.044279 -0.013441 0.046854 -0.045719 -0.014003 0.046821 -0.04427 0.014689 0.046825 -0.04559 0.015071 0.043867 -0.044271 0.014695 0.043397 -0.044345 0.018694 0.043657 -0.041581 0.022053 0.043597 -0.041178 0.020158 0.043584 -0.04085 0.01991 0.041005 -0.040321 0.019443 0.038783 -0.040621 0.019725 0.035196 -0.040157 0.019195 0.035196 -0.040055 0.018871 0.043407 -0.01855 0.04111 0.035196 -0.030741 0.03583 0.035196 -0.018224 0.041033 0.039808 -0.018342 0.041153 0.043666 -0.018208 0.040924 0.043449 -0.01977 0.042298 0.043555 -0.014409 0.046411 0.043697 -0.021196 0.042439 0.043597 -0.021282 0.04212 0.043396 -0.021838 0.043453 0.043596 -0.021282 0.04212 0.046696 -0.021932 0.043479 0.046816 -0.021393 0.042066 0.046819 -0.021386 0.043755 0.041046 -0.019145 0.044829 0.043388 -0.014469 0.046576 0.043396 -0.014409 0.046594 0.046758 -0.014409 0.046594 0.041046 -0.007076 0.048314 0.041046 -0.014409 0.046594 0.035196 -0.016569 0.046035 0.021154 -0.021386 0.043755 0.035196 -0.027835 0.039864 0.035196 -0.021386 0.043755 0.028196 -0.027835 0.039864 0.028196 -0.003652 0.048778 0.021026 0.002137 0.048633 0.020787 0.00794 0.048252 0.021196 0.015566 0.04627 0.020799 0.022212 0.043576 0.021196 0.028637 0.039584 0.021044 0.038639 0.029712 0.020808 0.028769 -0.03795 0.020681 0.04364 0.021604 0.020791 0.012013 -0.045654 0.020696 0.046238 0.015128 0.021185 0.045964 0.016019 0.041046 0.046487 0.012828 0.035196 0.046193 0.015245 0.046821 0.046421 -0.013852 0.046958 0.046185 -0.014124 0.043484 0.046487 -0.011585 0.021196 0.044744 -0.013447 0.046825 0.044935 -0.01253 0.046896 0.044987 -0.011337 0.035196 0.044325 -0.014459 0.035196 0.04328 -0.014775 0.043544 0.043626 -0.014664 0.043355 0.043919 -0.014899 0.043694 0.043584 -0.020823 0.043673 0.043159 -0.021472 0.043441 0.042327 -0.021155 0.043835 0.041736 -0.020898 0.046696 0.041736 -0.020898 0.043396 0.04308 -0.021579 0.046868 0.041682 -0.021009 0.046819 0.041993 -0.020022 0.043544 0.041211 -0.018547 0.043499 0.0418 -0.019327 0.043538 0.041995 -0.019601 0.035196 0.04085 -0.018284 0.039296 0.040593 -0.017757 0.039296 0.040595 -0.017687 0.043562 0.044987 0.012579 0.035196 0.040733 -0.016676 0.035196 0.04063 -0.017953 0.035196 0.01842 -0.039699 0.035196 -0.015751 -0.040532 0.035196 0.016969 -0.040129 0.035196 0.018787 -0.039712 0.043388 0.019142 -0.039992 0.037246 0.01899 -0.039837 0.035196 0.030796 -0.034986 0.035196 0.021867 -0.040824 0.041007 0.02122 -0.041035 0.035196 0.019906 -0.040798 0.035196 0.01927 -0.04015 0.039296 0.019854 -0.040872 0.043579 0.019413 -0.04033 0.043463 0.021758 -0.041127 0.043593 0.021756 -0.040878 0.043396 0.021756 -0.040878 0.046696 0.022405 -0.042237 0.046816 0.021867 -0.040824 0.046819 0.022936 -0.040576 0.046992 0.028317 -0.038618 0.041047 0.032535 -0.035319 0.046896 0.034906 -0.030878 0.046896 0.04135 -0.02217 0.047285 0.041682 -0.021009 0.041007 0.037924 -0.027042 0.035196 0.04095 -0.018366 0.035196 0.039015 -0.028091 0.046896 0.034124 -0.033727 0.028147 0.03485 -0.032625 0.020781 0.019504 -0.043069 0.020696 0.02838 -0.038663 0.021108 0.015015 -0.045312 0.028113 0.021137 -0.042919 0.021165 0.010583 -0.046614 0.032067 -0.000451 -0.0477 0.021173 0.011371 -0.046359 0.021038 0.007551 -0.047071 0.041046 0.022316 -0.042292 0.043596 0.014942 -0.045333 0.043396 0.014884 -0.045352 0.046757 0.014902 -0.045357 0.046805 0.007325 -0.045589 0.046896 0.014365 -0.043939 0.046696 0.007551 -0.047071 0.046896 0.014248 -0.04398 0.046819 0.013539 -0.044369 0.047149 0.014248 -0.04398 0.041007 0.002958 -0.046164 0.035196 0.015843 -0.040796 0.035196 0.015732 -0.040999 0.039296 -0.015021 -0.042761 0.035196 -0.015195 -0.040974 0.035196 -0.015956 -0.040358 0.043546 -0.015647 -0.040935 0.043696 -0.017998 -0.04 0.043696 -0.018289 -0.039715 0.043395 -0.019502 -0.040809 0.043394 -0.019553 -0.041054 0.043654 -0.02114 -0.04111 0.045529 -0.021393 -0.040824 0.046819 -0.021047 -0.04104 0.043484 -0.020026 -0.041182 0.035196 -0.032046 -0.033403 0.035196 -0.022477 -0.040565 0.047015 -0.034518 -0.030646 0.046896 -0.033881 -0.033497 0.046896 -0.025333 -0.039822 0.046896 -0.03334 -0.031846 0.041696 -0.034096 -0.03045 0.041696 -0.034518 -0.030646 0.041696 -0.034533 -0.030649 0.046896 -0.034533 -0.030649 0.041046 -0.03397 -0.030348 0.035196 -0.033532 -0.030679 0.041696 -0.03358 -0.028846 0.041696 -0.032698 -0.028768 0.041696 -0.032403 -0.029338 0.041696 -0.03277 -0.028702 0.041086 -0.03277 -0.028702 0.040172 -0.03277 -0.028702 0.039867 -0.032549 -0.028948 0.040071 -0.032491 -0.029059 0.038446 -0.03304 -0.028505 0.041696 -0.032972 -0.028579 0.035196 -0.033207 -0.028562 0.035196 -0.033424 -0.028656 0.035196 -0.03277 -0.028702 0.037531 -0.03293 -0.028636 0.0371 -0.03277 -0.028702 0.038192 -0.032871 -0.02864 0.038852 -0.03277 -0.028702 0.03875 -0.03275 -0.028723 0.037633 -0.032549 -0.028948 0.035196 -0.032549 -0.028948 0.036821 -0.03275 -0.028723 0.037227 -0.03275 -0.028723 0.037024 -0.032397 -0.029321 0.035196 -0.03277 -0.028702 0.036515 -0.032471 -0.029475 0.03804 -0.018796 -0.04015 0.035196 -0.018459 -0.039832 0.035196 -0.018014 -0.039701 0.035196 -0.017558 -0.039784 0.035196 -0.033686 -0.031109 0.035196 -0.03277 -0.028702 0.036059 -0.03277 -0.028702 0.0355 -0.03275 -0.028723 0.035196 -0.03277 -0.028702 0.035196 -0.039032 -0.019688 0.035196 -0.039086 -0.019451 0.035196 -0.039096 -0.019923 0.035196 -0.039336 -0.020094 0.037633 -0.039262 -0.0201 0.036821 -0.040741 -0.019944 0.035196 -0.039493 -0.020177 0.035196 -0.039262 -0.0201 0.035196 -0.038809 -0.025985 0.035196 -0.041704 -0.020761 0.035196 -0.033512 -0.028725 0.035196 -0.035553 -0.03022 0.035196 -0.041564 -0.021407 0.038446 -0.03881 -0.025986 0.041046 -0.035556 -0.030222 0.042576 -0.035555 -0.030222 0.041046 -0.035555 -0.030222 0.041182 -0.035555 -0.030222 0.041365 -0.035555 -0.030222 0.041777 -0.035556 -0.030222 0.041868 -0.035556 -0.030222 0.042188 -0.035556 -0.030222 0.043467 -0.035556 -0.030222 0.043647 -0.035556 -0.030223 0.044016 -0.035553 -0.03022 0.044336 -0.035555 -0.030221 0.044633 -0.035557 -0.030223 0.045478 -0.035557 -0.030223 0.045753 -0.035557 -0.030223 0.046118 -0.035555 -0.030222 0.041548 -0.035556 -0.030222 0.042005 -0.035556 -0.030222 0.042371 -0.035556 -0.030222 0.043102 -0.035556 -0.030222 0.043285 -0.035556 -0.030223 0.043833 -0.035553 -0.03022 0.044153 -0.035556 -0.030223 0.045293 -0.035557 -0.030223 0.046392 -0.035557 -0.030223 0.046575 -0.035768 -0.030415 0.046896 -0.036589 -0.030827 0.032452 -0.04259 -0.021607 0.040154 -0.021804 -0.042374 0.043347 -0.021933 -0.042239 0.046816 -0.02551 -0.040317 0.042978 -0.033695 -0.033686 0.028018 -0.026479 -0.039061 0.020708 -0.027293 -0.039082 0.021171 -0.017545 -0.04409 0.020823 -0.013875 -0.045551 0.021169 -0.011508 -0.045761 0.020696 -0.003501 -0.04726 0.02075 0.005848 -0.046843 0.020691 -0.008257 -0.04693 0.021266 -0.00176 -0.047662 0.046896 -0.021744 -0.041994 0.043696 -0.01479 -0.04524 0.043592 -0.014105 -0.04443 0.04378 -0.014919 -0.043142 0.043373 -0.013891 -0.043939 0.043396 -0.012655 -0.044469 0.035196 -0.013168 -0.044346 0.047027 -0.013892 -0.043942 0.046696 -0.014377 -0.045624 0.046854 -0.003312 -0.046074 0.046896 -0.015208 -0.04126 0.043544 -0.045513 0.000621 0.020696 -0.037264 0.031025 0.020888 -0.023991 0.042428 0.020755 -0.033601 0.035017 0.028196 -0.045016 0.015859 0.020696 -0.045513 0.012828 0.020696 -0.045513 0.006724 0.020696 -0.045314 0.017444 0.02107 -0.045793 0.015052 0.040323 -0.046013 0.003672 0.021196 -0.046013 -0.011586 0.021196 -0.045396 -0.014854 0.020769 -0.045513 -0.005482 0.020696 -0.042257 -0.022301 0.021177 -0.038413 -0.028077 0.020705 -0.034682 -0.032075 0.020682 -0.03412 -0.033317 0.021194 -0.045731 -0.014086 0.043482 -0.042644 0.022721 0.04357 -0.03672 0.031847 0.046896 -0.042606 0.022821 0.046868 -0.041262 0.02214 0.046696 -0.041214 0.0225 0.046933 -0.039894 0.02481 0.035202 -0.022432 0.041819 0.047101 -0.030776 0.035766 0.046896 -0.027502 0.040135 0.046894 -0.0336 0.035017 0.041046 -0.0336 0.035018 0.035196 -0.0336 0.035017 0.035196 -0.021393 0.042066 0.041007 -0.019054 0.041707 0.039296 -0.019905 0.042428 0.035196 -0.019054 0.041707 0.041007 -0.041527 0.02124 0.035196 -0.041398 0.021901 0.043372 -0.035239 -0.030553 0.046896 -0.035551 -0.030217 0.046758 -0.035424 -0.030373 0.045433 -0.035551 -0.030217 0.046896 -0.035424 -0.030373 0.043971 -0.035551 -0.030217 0.045661 -0.035552 -0.030218 0.044862 -0.035553 -0.03022 0.045159 -0.035551 -0.030217 0.045342 -0.035551 -0.030217 0.045935 -0.035551 -0.030217 0.04621 -0.035551 -0.030217 0.046507 -0.035551 -0.030217 0.043925 -0.035551 -0.030217 0.043696 -0.035551 -0.030217 0.043559 -0.035551 -0.030217 0.043376 -0.035551 -0.030217 0.043193 -0.035551 -0.030217 0.04301 -0.035553 -0.030219 0.042897 -0.035424 -0.030373 0.042508 -0.035012 -0.030621 0.041046 -0.035551 -0.030217 0.042462 -0.035552 -0.030218 0.042713 -0.035551 -0.030217 0.041868 -0.035551 -0.030217 0.041457 -0.035551 -0.030217 0.041639 -0.035551 -0.030217 0.042279 -0.035551 -0.030217 0.042096 -0.035424 -0.030373 0.041046 -0.035551 -0.030217 0.040085 -0.035551 -0.030217 0.040268 -0.035551 -0.030217 0.040817 -0.035424 -0.030373 0.039583 -0.035551 -0.030217 0.040451 -0.035551 -0.030217 0.040634 -0.035553 -0.030219 0.040908 -0.035551 -0.030217 0.041274 -0.035551 -0.030217 0.041091 -0.035555 -0.030222 0.04036 -0.035555 -0.030222 0.040542 -0.035555 -0.030222 0.040725 -0.035555 -0.030222 0.040177 -0.035555 -0.030222 0.039994 -0.035552 -0.030218 0.039903 -0.035554 -0.030221 0.039743 -0.035551 -0.030217 0.039628 -0.035555 -0.030222 0.039537 -0.035555 -0.030222 0.039354 -0.035551 -0.030217 0.039446 -0.035555 -0.030222 0.039171 -0.035551 -0.030217 0.039263 -0.035551 -0.030217 0.03908 -0.035555 -0.030222 0.038989 -0.035555 -0.030222 0.038806 -0.035551 -0.030217 0.038897 -0.035553 -0.030219 0.038714 -0.035553 -0.030219 0.038601 -0.035424 -0.030373 0.038121 -0.035551 -0.030217 0.038437 -0.035555 -0.030221 0.038372 -0.035552 -0.030219 0.038166 -0.035552 -0.030219 0.038029 -0.035552 -0.030219 0.037755 -0.035552 -0.030219 0.037458 -0.035552 -0.030219 0.037183 -0.035424 -0.030373 0.036658 -0.035552 -0.030219 0.036864 -0.035552 -0.030219 0.036589 -0.035552 -0.030219 0.036292 -0.035552 -0.030219 0.035995 -0.035552 -0.030219 0.035744 -0.035552 -0.030219 0.03547 -0.035273 -0.030519 0.035196 -0.042417 -0.021629 0.046927 -0.033089 -0.02857 0.040071 -0.039133 -0.020059 0.041696 0.015642 -0.041029 0.043392 0.015482 -0.043039 0.043362 0.014365 -0.043939 0.043396 0.014445 -0.044082 0.043568 0.015051 -0.044396 0.043648 0.015402 -0.043224 0.035196 0.015945 -0.041152 0.043698 0.017005 -0.040213 0.043621 0.019189 -0.040288 0.043622 0.018565 -0.040004 0.043697 0.040446 -0.025256 0.020681 0.041047 -0.025372 0.021194 0.046216 -0.013079 0.020621 0.045288 -0.017201 0.021122 0.045987 -0.005482 0.020696 0.046195 0.011558 0.020684 0.046487 0.003672 0.021196 0.041648 -0.014991 0.043396 0.041928 -0.014798 0.035196 0.04208 -0.014819 0.043544 0.0415 -0.015446 0.043656 0.044727 0.01477 0.035196 0.044794 0.014758 0.043253 0.042024 0.016017 0.035196 0.043614 0.0159 0.035196 0.043798 0.015876 0.043506 0.044786 0.014844 0.043545 0.04604 0.015294 0.043649 0.044785 0.014682 0.046869 0.045279 0.017708 0.0436 0.04067 0.018661 0.043628 0.040981 0.018682 0.043702 0.041924 0.02065 0.043566 0.04069 0.019316 0.03988 0.042045 0.020856 0.035196 0.03608 0.030863 0.035195 0.04069 0.019317 0.035196 0.040559 0.018872 0.035196 0.018488 0.040943 0.035196 0.040512 0.019005 0.043426 0.027901 0.038308 0.035196 0.017272 0.041092 0.043392 0.018932 0.041074 0.035196 0.020669 0.042398 0.035196 0.021867 0.042066 0.041007 0.021867 0.042066 0.046819 0.021614 0.042352 0.04553 0.021578 0.042312 0.04351 0.022893 0.041828 0.047099 0.03125 0.035766 0.046896 0.032724 0.036427 0.046896 0.022406 0.043481 0.046816 0.041682 0.022509 0.046942 0.042934 0.022699 0.046782 0.041736 0.022146 0.043397 0.041916 0.021295 0.043394 0.042981 0.022717 0.043837 0.03937 0.028875 0.046892 0.034355 0.034739 0.021196 0.029577 0.038826 0.035316 0.022213 0.043576 0.035196 0.015261 0.046472 0.035196 0.005561 0.048584 0.035242 0.018854 0.045272 0.043314 0.014867 0.046604 0.046816 -0.006633 0.048395 0.035196 0.014851 0.046371 0.043725 0.014365 0.045181 0.046696 0.014248 0.045222 0.046819 0.014365 0.045181 0.043396 0.014581 0.045226 0.04355 0.014248 0.045222 0.041007 0.014898 0.044891 0.035196 0.007325 0.046831 0.041046 0.007325 0.046831 0.035196 0.0155 0.044226 0.035196 -0.002484 0.047406 0.035196 0.015629 0.04242 0.035196 -0.01537 0.042038 0.035196 -0.015104 0.043651 0.035196 0.016225 0.041775 0.035196 0.01588 0.042 0.035196 0.018032 0.041026 0.035196 0.018721 0.041073 0.043614 0.019901 0.042073 0.043565 0.022352 0.043274 0.043759 0.015808 0.042345 0.043664 0.01558 0.043344 0.043254 0.015692 0.042423 0.043533 -0.015259 0.042242 0.039296 -0.014425 0.044915 0.035196 -0.013055 0.045612 0.047151 -0.013775 0.045222 0.041007 -0.013891 0.045181 0.043396 -0.013891 0.045181 0.046696 -0.014135 0.045193 0.043502 -0.013775 0.045222 0.046819 -0.014429 0.046599 0.046805 0.000439 0.049022 0.046896 -0.003312 0.047316 0.046896 0.013895 0.045718 0.046939 -0.015118 0.044308 0.043623 -0.015199 0.042343 0.043515 -0.015429 0.042064 0.043634 -0.0165 0.041369 0.035196 0.041595 0.016436 0.043601 0.041747 0.016097 0.043402 0.044742 -0.013612 0.043548 -0.040435 0.019082 0.043696 -0.040588 0.019314 0.043696 -0.040376 0.019526 0.043396 -0.040376 0.019526 0.041346 -0.041378 -0.019102 0.043394 -0.028072 -0.196151 0.008676 -0.006445 -0.183943 0.009095 -0.015845 -0.188953 0.007696 -0.028 -0.196211 0.000196 -0.012715 -0.188312 0.000196 -0.027689 -0.197239 -0.005574 -0.027967 -0.195711 -0.009059 -0.029697 -0.188797 -0.006632 -0.030482 -0.183598 -0.008319 -0.031277 -0.178092 -0.005833 -0.031552 -0.174927 -0.007678 -0.029236 -0.182818 -0.011641 -0.024522 -0.181054 -0.014176 -0.009885 -0.178313 -0.015231 -0.020683 -0.193327 -0.014802 -0.024154 -0.202619 -0.011693 -0.024595 -0.205868 -0.007597 -0.026998 -0.199418 -0.007172 0.002937 -0.179441 -0.005245 -0.01587 -0.190136 -0.004304 0.003463 -0.182172 -0.007255 0.003049 -0.1802 -0.006278 0.003212 -0.184001 -0.010814 0.00307 -0.178015 0.00017 -3.5e-05 -0.167451 -0.010392 0.003112 -0.179165 0.000196 0.002905 -0.178157 0.00811 0.002921 -0.179967 0.010484 0.000915 -0.162916 0.002417 0.000515 -0.170632 0.013357 0.000121 -0.162438 0.010074 -0.001785 -0.149275 0.008712 -0.004553 -0.153275 0.011751 -0.00016 -0.153785 0.007635 0.000249 -0.158266 0.006537 0.000366 -0.158429 0.004456 0.000204 -0.15305 0.004927 -1e-05 -0.145012 0.006069 0.000284 -0.148557 0.003431 0.000323 -0.146836 -0.000729 0.000464 -0.140351 -0.004797 -0.000566 -0.149262 -0.007026 -0.001362 -0.136846 -0.007716 -0.004992 -0.141057 -0.009856 -0.009368 -0.145374 -0.010968 -0.027127 -0.148874 -0.01054 -0.027515 -0.122457 -0.010333 -0.016772 -0.145135 -0.011464 -0.006409 -0.116609 -0.010376 0.00237 -0.119777 -0.00481 0.001488 -0.13028 0.003196 0.001313 -0.132096 -0.002765 0.001099 -0.134609 0.003196 0.000663 -0.140594 0.000196 2.7e-05 -0.144418 0.00634 0.000243 -0.13024 0.007667 -0.00489 -0.144988 0.010416 -0.006664 -0.151436 0.011924 -0.010915 -0.14468 0.01177 -0.012022 -0.150238 0.012418 -0.023736 -0.148435 0.011931 -0.02405 -0.137858 0.01185 -0.024972 -0.124626 0.011696 -0.013492 -0.124237 0.011865 -0.006769 -0.116032 0.011358 -0.010758 -0.101566 0.011594 -0.004768 -0.102817 0.011188 -0.003266 -0.125961 0.010322 0.003776 -0.111233 0.005212 0.004042 -0.110319 0.003196 0.005641 -0.101185 0.005197 0.003398 -0.107935 0.007395 0.005041 -0.104947 -0.000718 0.006515 -0.0977 -0.00379 0.006958 -0.096005 0.003228 0.003262 -0.086703 0.009845 -0.002328 -0.079025 0.010993 -0.004026 -0.097868 0.011132 -0.022074 -0.089892 0.011437 -0.029028 -0.081385 0.010445 -0.014475 -0.072203 0.011411 -0.014775 -0.066772 0.011199 -0.007934 -0.069285 0.011194 -0.017704 -0.064209 0.011302 -0.008906 -0.064662 0.011235 -0.005886 -0.067668 0.011117 -0.007304 -0.067668 0.011166 -0.003495 -0.067668 0.010996 -0.004292 -0.067668 0.011043 -0.005089 -0.067668 0.011082 -0.00483 -0.061668 0.011396 -0.002547 -0.059183 0.011683 0.007313 -0.058301 0.011004 0.002913 -0.056223 0.012142 0.004875 -0.058826 0.011273 0.001191 -0.052132 0.013766 -0.00685 -0.05162 0.013934 -0.00665 -0.047791 0.016996 -0.004134 -0.047434 0.020201 0.001328 -0.049324 0.015652 0.003884 -0.047461 0.020403 0.013621 -0.045256 0.020696 -0.015328 -0.04452 0.020696 -0.006019 0.048202 0.020628 -0.045513 -0.011585 0.020696 -0.037571 -0.028544 0.020696 -0.041873 -0.02189 0.020696 -0.045967 -0.01312 0.020099 -0.046099 -0.004386 0.019969 -0.039782 -0.00091 0.008638 -0.040695 -0.013422 0.006773 -0.036925 0.007171 0.007413 -0.035388 0.008592 0.00208 -0.037786 0.000363 -0.003329 -0.034851 0.009684 -0.003632 -0.031804 0.014851 -0.004509 -0.030869 0.016309 -0.002804 -0.028129 0.020076 0.00521 -0.033312 0.013649 0.00656 -0.024081 0.023782 0.001579 -0.029227 0.018453 -0.002685 -0.018403 0.027579 0.002623 -0.014084 0.029439 -0.002937 -0.02097 0.026089 -0.004137 -0.02528 0.02421 0.007494 -0.01692 0.029302 0.00643 -0.019989 0.031126 0.010369 -0.009547 0.034643 0.010395 -0.018872 0.039221 0.014702 -0.02329 0.041513 0.017417 -0.015132 0.044021 0.016728 -0.021949 0.04352 0.018964 -0.028368 0.039515 0.020264 -0.03224 0.036377 0.020306 -0.037077 0.03107 0.018629 -0.039973 0.026553 0.020696 -0.028384 0.039273 0.020638 -0.013869 0.046525 0.020583 -0.018687 0.045006 0.020414 -0.022536 0.043204 0.020152 -0.015944 0.045533 0.018165 -0.012675 0.047264 0.019759 -0.008398 0.048207 0.019638 -0.002672 0.048949 0.019746 -0.005213 0.048243 0.018444 0.002156 0.049003 0.020064 0.005129 0.048615 0.019124 0.010025 0.047864 0.019112 0.011757 0.047586 0.020063 0.006895 0.048398 0.020634 0.031755 0.037129 0.020507 0.046487 0.007845 0.019396 0.046323 0.00884 0.018633 0.046301 0.005044 0.018721 0.046506 0.014106 0.019953 0.046335 0.013849 0.018718 0.045904 0.016367 0.020141 0.045697 0.016596 0.018882 0.043611 0.021942 0.020274 0.04549 0.01586 0.020696 0.041504 0.025842 0.020085 0.03927 0.028849 0.020395 0.042265 0.024153 0.018874 0.046033 0.015275 0.018123 0.034013 0.011334 0.010756 0.032662 0.003671 0.007637 0.035301 -0.011161 0.010701 0.037246 -0.00245 0.012266 0.033008 -0.0171 0.008788 0.029823 -0.023631 0.004179 0.026829 -0.032832 0.004949 0.029645 -0.029861 0.010175 0.028112 -0.034597 0.013303 0.020798 -0.044531 0.01205 0.02253 -0.043463 0.008256 0.015018 -0.048256 0.014101 0.021156 -0.043424 0.01428 0.015768 -0.053224 0.009999 0.009446 -0.049908 0.014451 0.006632 -0.053666 0.012758 0.009288 -0.067698 0.008839 0.003305 -0.060636 0.011028 0.004913 -0.065765 0.010087 0.000882 -0.064104 0.010767 -0.000541 -0.06752 0.010767 0.000922 -0.067432 0.010609 0.01298 -0.061014 0.0085 0.013756 -0.06609 0.005999 0.00989 -0.081806 0.005574 0.00811 -0.083302 0.007468 0.01015 -0.082991 0.003196 0.009565 -0.085453 0.003889 0.010234 -0.082663 -0.002791 0.011368 -0.07771 -0.004096 0.009227 -0.083894 -0.005469 0.008591 -0.089216 -0.002804 0.010934 -0.062963 -0.008041 -0.000204 -0.082636 -0.009917 -0.013482 -0.059254 -0.010862 -0.026881 -0.038819 -0.010301 -0.026808 -0.026231 -0.010634 -0.035004 -0.017832 -0.009087 -0.03902 -0.025616 -0.00621 -0.039842 -0.016833 -0.005619 -0.039865 -0.011853 -0.004376 -0.039444 -0.008266 -0.002988 -0.040156 -0.013298 -0.003321 -0.038725 -0.003164 0.004258 -0.037405 0.002176 -0.001129 -0.038833 -0.004731 -0.003117 -0.037774 0.000381 -0.002773 -0.037237 0.001548 -0.004314 -0.03629 0.004444 -0.005091 -0.036166 0.003549 -0.005499 -0.034456 -0.00131 -0.00843 -0.037936 -0.004444 -0.00594 -0.034601 -0.012446 -0.00934 -0.021181 -0.013729 -0.012199 -0.014347 -0.010554 -0.012877 -0.027564 0.002945 -0.010863 -0.013902 0.013006 -0.012442 -0.017845 0.015332 -0.011094 -0.019827 -0.004401 -0.012706 -0.010608 0.003346 -0.013365 -0.003193 -0.010435 -0.013168 -0.00501 -0.024742 -0.012114 0.006244 -0.027468 -0.011456 0.003455 -0.039426 -0.010915 -0.001097 -0.044062 -0.010997 -0.018308 -0.049467 -0.010844 -0.010085 -0.030013 -0.011713 -0.016513 -0.029695 -0.011496 -0.008125 -0.053132 -0.010973 -0.00227 -0.064399 -0.01058 0.007986 -0.053271 -0.009773 0.013327 -0.03787 -0.009866 0.017209 -0.05251 -0.006223 0.005027 -0.004706 -0.013392 0.014871 -0.010974 -0.012035 0.012992 -0.000668 -0.012794 0.020206 0.003641 -0.011443 0.028824 0.003759 -0.007219 0.030071 0.001758 -0.006465 0.025817 0.0054 -0.009258 0.031589 -0.004659 -0.00502 0.031466 -0.008545 -0.005607 0.031159 -0.015027 -0.004379 0.029097 -0.022728 -0.005736 0.025633 -0.010916 -0.009598 0.019739 -0.015458 -0.010877 0.02629 -0.021919 -0.008012 0.023018 -0.040134 -0.00527 0.023788 -0.039472 -0.004204 0.029099 -0.025704 -0.003822 0.031914 -0.004241 -0.003342 0.031572 0.000653 -0.003554 0.031897 -0.006419 0.002933 0.031399 -0.014113 0.004308 0.03211 -0.006451 0.004775 0.029701 -0.023336 0.00304 0.030341 -0.020375 -0.003055 0.028751 -0.026866 0.002714 0.026758 -0.032413 -0.002779 0.025117 -0.036665 -0.003283 0.022339 -0.043844 0.003263 0.019815 -0.050548 0.004218 0.020939 -0.047365 -0.002776 0.019487 -0.051064 0.002964 0.017582 -0.056458 0.004957 0.014554 -0.066352 0.003645 0.014599 -0.066327 0.000196 0.014585 -0.066378 0.003196 0.013082 -0.071811 0.003118 0.014917 -0.065183 -0.002794 0.011856 -0.076557 -0.00227 0.010409 -0.081537 0.004385 0.011173 -0.078916 0.003758 0.012384 -0.074287 0.003819 0.014058 -0.06794 0.004195 -0.00318 -0.079606 -0.010416 0.015669 -0.060662 -0.005105 0.017495 -0.056659 -0.002798 0.019292 -0.051316 -0.00404 0.031209 0.004263 0.00425 0.029274 0.013367 0.006508 0.027962 0.013994 0.003196 0.026557 0.017018 0.002277 0.023901 0.020929 -0.00236 0.028789 0.011913 -0.002925 0.024201 0.021582 0.005682 0.016562 0.027469 0.003883 0.010367 0.030034 0.002992 0.003626 0.033714 0.008449 0.003676 0.032522 0.0067 0.018156 0.02804 0.007475 0.021194 0.032375 0.012483 0.010195 0.036303 0.0121 0.014639 0.044008 0.016641 0.001226 0.04059 0.014097 0.004327 0.04675 0.017229 0.004043 0.046675 0.017331 0.003673 0.045249 0.017215 0.003846 0.044289 0.016093 0.004022 0.041759 0.014581 0.003621 0.044609 0.017087 0.002829 0.042841 0.017102 0.003569 0.044626 0.017268 0.002568 0.042975 0.017395 0.003433 0.045374 0.017381 0.004094 0.047122 0.017423 -3.1e-05 0.047576 0.017541 -0.003561 0.047104 0.017414 -0.004156 0.047298 0.017559 -0.003549 0.046731 0.017359 -0.003107 0.046885 0.017396 -0.002854 0.045083 0.017392 -0.002773 0.044193 0.017365 -0.003122 0.045256 0.017289 -0.000683 0.042005 0.017329 -0.003159 0.044697 0.017132 -0.00379 0.046939 0.017294 -0.003086 0.043242 0.015417 -0.003348 0.044479 0.016338 -0.002283 0.042867 0.017336 -0.001674 0.041936 0.014791 -0.001135 0.041961 0.017084 0.000237 0.041559 0.014762 0.001606 0.041772 0.01517 0.001601 0.041824 0.016883 -0.003326 0.040812 0.014138 -0.001195 0.041436 0.014467 0.000865 0.041373 0.014453 -0.005311 0.037218 0.012087 -0.005316 0.031698 0.005241 0.000236 0.035855 0.010727 -0.011838 0.030168 0.003079 -0.001175 0.031713 0.003009 0.002172 0.03158 -0.002786 0.008613 0.030489 -0.002804 0.00506 0.030578 -0.005746 -0.001669 0.029623 -0.007299 -0.017933 0.022464 -0.009281 -0.006892 0.031015 -0.004546 -0.012821 0.029121 -0.005851 -0.021143 0.024321 -0.006714 -0.027109 0.012477 -0.009105 -0.028878 0.015942 -0.00687 -0.034223 0.00923 -0.00545 -0.025269 0.022156 -0.004715 -0.032398 0.007774 -0.007542 -0.003503 0.019414 -0.011858 0.000705 0.013343 -0.012739 0.005244 0.010952 -0.012993 0.012129 0.014796 -0.011728 0.01709 0.021737 -0.008835 0.020749 0.023844 -0.005252 0.024991 0.0189 -0.004767 0.019904 0.024962 -0.002804 0.014862 0.028005 -0.004629 0.003281 0.025335 -0.009869 0.013348 0.02724 -0.006898 0.012069 0.029446 -0.002802 0.022678 0.016522 -0.008475 0.027923 0.012922 -0.005223 0.030211 0.007192 -0.004269 0.030798 0.002192 -0.005106 0.029965 0.004836 -0.005949 0.017541 0.012532 -0.010956 -0.0107 0.045291 0.016825 0.001141 0.042 0.017329 0.000236 0.043172 0.017396 0.000236 0.043477 0.017396 0.000237 0.047034 0.017396 0.00242 0.046936 0.017396 0.001203 0.048703 0.018775 0.005095 0.047874 0.017925 0.007271 0.048185 0.018784 0.01444 0.04669 0.018953 0.019922 0.044692 0.02055 0.019789 0.044855 0.019963 0.022692 0.043281 0.019017 0.021187 0.043142 0.017667 0.018049 0.045149 0.018496 0.014082 0.046194 0.018162 0.024226 0.036434 0.015157 0.028424 0.023726 0.01139 0.024147 0.025251 0.009317 0.030655 0.031087 0.01505 0.035804 0.024484 0.014943 0.034781 0.03294 0.017405 0.029145 0.039087 0.018624 0.029752 0.038913 0.01998 0.030938 0.037739 0.018914 0.032889 0.036117 0.019157 0.036997 0.03194 0.020139 0.039426 0.028332 0.020698 0.040384 0.02725 0.018552 0.039733 0.028299 0.019011 0.036649 0.032172 0.018714 0.04084 0.021433 0.016403 0.034324 0.034717 0.019015 0.028123 0.039905 0.020393 0.025208 0.041986 0.020115 0.02869 0.039469 0.018188 0.008446 -0.039616 -0.010465 -0.040613 -0.024313 -0.00152 -0.040579 -0.01997 0.001702 -0.04047 -0.02784 0.003196 -0.040527 -0.02917 0.007393 -0.041159 -0.022642 0.011279 -0.039354 -0.029768 0.012197 -0.035692 -0.031533 0.019809 -0.035637 -0.036474 0.015111 -0.033402 -0.034139 0.018696 -0.034735 -0.042579 0.012851 -0.039214 -0.048142 0.006987 -0.030779 -0.051124 0.012137 -0.02301 -0.053484 0.012419 -0.018381 -0.046773 0.015275 -0.012915 -0.050659 0.013999 -0.013373 -0.04584 0.018358 -0.015528 -0.045002 0.020454 -0.023792 -0.041252 0.020198 -0.024321 -0.041084 0.018418 -0.027523 -0.038993 0.01854 -0.032378 -0.035076 0.020199 -0.039804 -0.026342 0.020016 -0.043397 -0.020123 0.020167 -0.04544 -0.014987 0.019457 -0.042777 -0.018694 0.014063 -0.044075 -0.012829 0.013709 -0.032073 -0.035788 0.01818 -0.024932 -0.041665 0.017245 -0.028967 -0.043868 0.01472 -0.024823 -0.045923 0.014681 -0.029156 -0.045643 0.014018 -0.010203 -0.046507 0.020181 -0.026318 -0.066378 0.010491 -0.033108 -0.066329 0.00906 -0.035115 -0.057992 0.009233 -0.030952 -0.059416 0.010318 -0.035942 -0.066378 0.007694 -0.036165 -0.055553 0.009155 -0.03821 -0.05801 0.006778 -0.039009 -0.058811 0.004538 -0.038968 -0.058817 0.003195 -0.038936 -0.05946 -0.002803 -0.038569 -0.065723 -0.003825 -0.038842 -0.057605 -0.004107 -0.039387 -0.050443 -0.002801 -0.039766 -0.041644 -0.0035 -0.039825 -0.041503 -0.00281 -0.039663 -0.044865 0.003267 -0.040307 -0.031178 -0.00328 -0.039886 -0.041617 0.00417 -0.040022 -0.037396 0.003198 -0.040449 -0.028304 -0.002859 -0.040627 -0.022433 -0.003877 -0.040606 -0.019263 -0.003269 -0.040443 -0.016662 -0.003024 -0.034514 -0.04705 -0.008277 -0.038503 -0.043804 -0.00581 -0.028956 -0.067952 -0.009764 -0.036591 -0.069721 -0.006842 -0.038029 -0.075229 -0.004067 -0.027823 -0.08643 -0.009955 -0.034431 -0.080346 -0.007999 -0.014971 -0.091749 -0.010811 -0.019407 -0.097188 -0.010795 -0.027447 -0.103679 -0.0102 -0.03548 -0.122646 -0.00509 -0.03632 -0.11198 0.005267 -0.035716 -0.097573 0.007946 -0.032724 -0.104402 0.009985 -0.030402 -0.097494 0.010552 -0.023427 -0.11463 0.011773 -0.030536 -0.120253 0.010666 -0.034872 -0.127265 0.007179 -0.033722 -0.135997 0.007872 -0.034571 -0.141303 0.003189 -0.034243 -0.145881 0.0032 -0.034351 -0.144378 -0.002804 -0.034006 -0.149083 -0.002861 -0.033652 -0.153606 0.003733 -0.033743 -0.148716 0.006498 -0.0302 -0.146347 0.010342 -0.031653 -0.140424 0.0096 -0.03195 -0.126901 0.010067 -0.028744 -0.151374 0.0111 -0.031341 -0.156885 0.010075 -0.030706 -0.159183 0.011102 -0.023241 -0.156117 0.0131 -0.01435 -0.159559 0.01454 -0.01122 -0.166713 0.016612 -0.02564 -0.161545 0.013828 -0.009351 -0.174308 0.018199 -0.025849 -0.175672 0.016304 -0.031624 -0.172208 0.011 -0.031044 -0.179356 0.010813 -0.03205 -0.171313 0.0071 -0.031988 -0.171842 0.000196 -0.0326 -0.165728 0.003196 -0.032912 -0.162413 -0.00114 -0.032866 -0.162861 0.005242 -0.032745 -0.158502 0.007849 -0.032846 -0.163078 0.005287 -0.032856 -0.162971 0.005265 -0.03282 -0.163368 0.005348 -0.032853 -0.162997 0.00527 -0.032852 -0.163011 0.005273 -0.032853 -0.163 0.005271 -0.032853 -0.162998 0.00527 -0.032853 -0.163002 0.005271 -0.032852 -0.163008 0.005272 -0.032853 -0.162999 0.00527 -0.033244 -0.15858 0.004414 -0.033425 -0.156391 -0.003396 -0.032771 -0.163918 -0.004196 -0.03286 -0.160256 -0.006217 -0.032251 -0.149541 -0.007779 -0.028159 -0.135201 -0.010112 -0.034792 -0.135938 -0.004726 -0.035335 -0.126538 -0.004786 -0.035221 -0.131554 0.003227 -0.035483 -0.127369 0.003196 -0.035779 -0.122452 0.003211 -0.036069 -0.117422 -0.002804 -0.034469 -0.142721 -0.002806 -0.033775 -0.113897 -0.00778 -0.022559 -0.115268 -0.010795 -0.016823 -0.118787 -0.011062 -0.033465 -0.153369 -0.005331 -0.026317 -0.150284 -0.010931 -0.013331 -0.150734 -0.011723 -0.026612 -0.157569 -0.011419 -0.017301 -0.181932 -0.01516 -0.015645 -0.160479 -0.013092 -0.002888 -0.174291 -0.014082 -0.001054 -0.185705 -0.01454 0.007551 -0.205559 -0.014224 -0.004242 -0.19871 -0.015428 -0.010998 -0.206386 -0.015131 -0.017374 -0.216277 -0.009261 -0.015569 -0.216657 -0.0114 -0.018298 -0.215801 -0.007306 0.010118 -0.199054 -0.007304 -0.011897 -0.222133 -0.007299 -0.008551 -0.224681 -0.007988 -0.002142 -0.227374 -0.007314 -0.002187 -0.226337 -0.010719 0.004604 -0.225829 -0.011073 0.012935 -0.220311 -0.007304 0.007259 -0.225785 -0.007302 0.009448 -0.222768 -0.01165 0.013057 -0.217474 -0.011544 0.014656 -0.209962 -0.009619 0.014517 -0.207587 -0.007316 0.004377 -0.21035 -0.015671 0.009524 -0.213012 -0.01444 0.007365 -0.215244 -0.015167 0.001569 -0.218753 -0.015592 0.004024 -0.215454 -0.015853 -0.005051 -0.219943 -0.014837 -0.005336 -0.222557 -0.013467 -0.005941 -0.221444 -0.013849 -0.008251 -0.221625 -0.012842 -0.006619 -0.221374 -0.013659 -0.010158 -0.221385 -0.011892 -0.011461 -0.221285 -0.010737 -0.013129 -0.220658 -0.009124 -0.011846 -0.220608 -0.011139 -0.010643 -0.216786 -0.014148 -0.002502 -0.21545 -0.016041 -0.002747 -0.220859 -0.014762 0.001581 -0.222609 -0.014349 0.006068 -0.21754 -0.01529 -0.001425 -0.22038 -0.015069 -0.000506 -0.21974 -0.015307 0.012547 -0.207096 -0.011474 0.004881 -0.190037 -0.01138 0.009279 -0.197845 -0.009302 0.006519 -0.191112 -0.00731 -0.00574 -0.188485 -0.007304 0.003932 -0.183776 -0.008052 0.000268 -0.165061 -0.008319 -0.00479 -0.157421 -0.011648 -0.002384 -0.150465 -0.009141 0.000185 -0.156718 -0.003025 -0.000223 -0.156056 -0.00751 0.000233 -0.15863 -0.005259 0.000216 -0.158469 -0.005602 0.015299 -0.213612 -0.007306 -0.032374 -0.168067 -0.004681 -0.031123 -0.179282 0.002802 -0.03004 -0.186668 -0.001962 -0.030717 -0.182332 0.009183 -0.029941 -0.187232 0.009882 -0.028895 -0.192002 0.01204 -0.029104 -0.191582 0.000196 -0.027414 -0.195837 0.014032 -0.02642 -0.199891 0.012689 -0.027571 -0.197684 0.010694 -0.007473 -0.185631 0.010196 0.003208 -0.181115 0.011019 0.003545 -0.182427 0.011254 -0.022981 -0.208533 0.011287 -0.012486 -0.191698 0.011255 -0.024722 -0.205259 0.011388 -0.019789 -0.211778 0.014334 -0.018257 -0.215504 0.011257 -0.007327 -0.206183 0.011262 0.004403 -0.206719 0.011254 0.012996 -0.204596 0.011257 0.009747 -0.198412 0.011258 0.011682 -0.202182 0.011253 0.009744 -0.198426 0.01134 0.007012 -0.192416 0.01132 0.00431 -0.187591 0.013931 0.004663 -0.18612 0.011306 0.006523 -0.191204 0.011269 0.00304 -0.180427 0.011522 0.00411 -0.193442 0.011269 0.004589 -0.185893 0.011265 -0.010349 -0.200955 0.011269 0.007015 -0.192409 0.011269 0.008956 -0.196773 0.011262 -0.003807 -0.171887 0.01694 -0.013772 -0.181228 0.018665 -0.024398 -0.180552 0.017477 -0.018371 -0.185875 0.018585 -0.028776 -0.188018 0.014416 -0.02994 -0.178308 0.013422 -0.023285 -0.185941 0.018107 -0.020397 -0.196605 0.018019 -0.007818 -0.209571 0.019176 -0.002339 -0.203032 0.019133 0.000719 -0.198523 0.018387 -0.003691 -0.193702 0.018513 0.002318 -0.192142 0.016985 0.01027 -0.209292 0.017313 0.004974 -0.206635 0.018713 0.013186 -0.20915 0.014755 0.012821 -0.205163 0.013211 0.015329 -0.210535 0.011281 0.009266 -0.213915 0.017932 0.012622 -0.217838 0.01516 0.009553 -0.222814 0.01463 0.004306 -0.225278 0.015565 -0.00273 -0.225253 0.015409 -0.008796 -0.224372 0.011259 -0.001456 -0.227416 0.011308 0.003163 -0.227204 0.011249 0.011413 -0.222664 0.011249 0.014916 -0.215162 0.011256 -0.012075 -0.221895 0.011251 -0.01234 -0.221187 0.013004 -0.016977 -0.217069 0.011259 -0.012151 -0.220911 0.013999 -0.01107 -0.22115 0.014744 -0.011265 -0.221281 0.014347 -0.01002 -0.221541 0.01517 -0.009603 -0.22162 0.015409 -0.00879 -0.221574 0.015997 -0.007162 -0.221703 0.016677 -0.010333 -0.221732 0.014746 -0.005827 -0.221324 0.017346 -0.00408 -0.220875 0.017941 -0.004828 -0.22141 0.017532 -0.003589 -0.220981 0.017993 -0.002659 -0.220898 0.018142 -0.001455 -0.218607 0.018983 0.002057 -0.218439 0.018963 0.000339 -0.219696 0.018725 0.001261 -0.220841 0.018444 0.003847 -0.217347 0.01897 0.005759 -0.216255 0.018769 0.003852 -0.217286 0.018974 0.005622 -0.216043 0.018818 0.003308 -0.217644 0.01899 0.003936 -0.217196 0.018969 0.003767 -0.217261 0.018934 0.002397 -0.218013 0.018979 0.001517 -0.218281 0.018998 0.00024 -0.218468 0.019013 0.000238 -0.218426 0.018999 -0.000325 -0.218438 0.019016 -0.001511 -0.218213 0.019024 -0.002605 -0.217759 0.019045 -0.001015 -0.218265 0.018971 -0.001675 -0.218077 0.01898 -0.002234 -0.217857 0.018984 -0.00277 -0.217588 0.019006 -0.003377 -0.21723 0.019059 -0.003596 -0.2171 0.019074 -0.003529 -0.217298 0.019078 -0.010354 -0.216033 0.018099 -0.005292 -0.220852 0.01787 -0.004466 -0.216232 0.019122 -0.004783 -0.21573 0.019138 -0.005176 -0.215042 0.019175 -0.005358 -0.214629 0.019194 -0.00477 -0.215671 0.018382 -0.005709 -0.212519 0.018269 -0.005674 -0.213543 0.019235 -0.005749 -0.213494 0.01927 -0.005768 -0.212936 0.019282 -0.005792 -0.21139 0.019367 -0.005074 -0.209358 0.019433 -0.004637 -0.208757 0.019444 -0.005809 -0.212212 0.019324 -0.005586 -0.210852 0.019357 -0.005406 -0.210219 0.019401 -0.005078 -0.209662 0.018302 -0.002761 -0.207181 0.018196 -0.005299 -0.210084 0.019315 -0.005234 -0.209909 0.019361 -0.003718 -0.207859 0.019367 -0.00427 -0.208419 0.019351 -0.004331 -0.208431 0.019428 -0.004964 -0.209373 0.01938 -0.004746 -0.209044 0.019342 -0.003959 -0.20798 0.019452 -0.003306 -0.207503 0.019431 -0.002757 -0.207169 0.019391 -0.001085 -0.206518 0.019301 0.000422 -0.206402 0.018458 -0.001726 -0.206674 0.019397 -0.002955 -0.207227 0.01944 -0.001355 -0.206526 0.019398 -0.000467 -0.206377 0.019349 0.000246 -0.206272 0.019322 0.000246 -0.206335 0.019309 0.000244 -0.206363 0.01926 0.001299 -0.20646 0.019199 0.002431 -0.206751 0.019151 0.002862 -0.206911 0.019118 0.003797 -0.207464 0.019022 0.00353 -0.207352 0.018982 0.004355 -0.207951 0.018956 0.004691 -0.208215 0.018933 0.003854 -0.207443 0.019023 0.00488 -0.208516 0.018885 0.005179 -0.208872 0.01887 0.005199 -0.20879 0.018877 0.00542 -0.209314 0.018811 0.005 -0.208716 0.018835 0.005718 -0.209848 0.018805 0.006061 -0.210682 0.018783 0.005636 -0.209497 0.018831 0.005975 -0.210247 0.018799 0.005949 -0.210435 0.018776 0.005857 -0.210255 0.018747 0.006031 -0.210769 0.018742 0.005176 -0.208945 0.018216 0.006222 -0.212323 0.018197 0.005425 -0.209376 0.018745 0.005115 -0.208883 0.018778 0.004441 -0.208082 0.018881 0.003174 -0.207201 0.018226 0.002723 -0.206921 0.019042 0.00198 -0.206624 0.019156 0.000772 -0.209477 0.018196 -0.002763 -0.217574 0.018196 0.001355 -0.218371 0.018493 -0.004038 -0.21664 0.019061 -0.003327 -0.217144 0.018328 -0.004849 -0.215578 0.019103 0.001573 -0.218228 0.018919 -0.000329 -0.218354 0.018915 0.000254 -0.218406 0.018968 0.005676 -0.214945 0.01822 0.005787 -0.214666 0.01879 0.005104 -0.215901 0.018849 0.006122 -0.213682 0.018759 0.003616 -0.217361 0.018531 0.004574 -0.216536 0.018877 0.004402 -0.216866 0.018954 0.004605 -0.21659 0.018941 0.005123 -0.215926 0.018891 0.005447 -0.215557 0.018894 0.005352 -0.215557 0.018862 0.008476 -0.212551 0.018133 0.006361 -0.212582 0.018781 0.006295 -0.211933 0.018776 0.006283 -0.21267 0.018783 0.006226 -0.211773 0.018713 0.006231 -0.21207 0.018681 0.006237 -0.212378 0.018681 0.006117 -0.211206 0.01868 0.006215 -0.211098 0.018779 0.006169 -0.213658 0.018811 0.005948 -0.214434 0.018841 0.005508 -0.215257 0.018816 0.005686 -0.215059 0.018867 0.005744 -0.215009 0.018867 0.007401 -0.219582 0.017916 -0.001193 -0.220049 0.018593 -0.002146 -0.220667 0.018301 0.001203 -0.206344 0.019261 0.00096 -0.206363 0.01927 -0.002207 -0.206901 0.019354 -0.005751 -0.211576 0.019343 -0.005763 -0.212377 0.019225 -0.005711 -0.213159 0.019187 -0.015696 -0.21692 0.014428 0.000762 -0.218534 0.019005 0.0027 -0.217988 0.018997 -0.037143 -0.094771 0.005185 -0.037003 -0.099683 0.000196 -0.036386 -0.09526 -0.00583 -0.037329 -0.09222 -0.003163 -0.037355 -0.092204 0.003196 -0.037597 -0.089617 0.001833 -0.037764 -0.079414 0.005357 -0.03769 -0.066341 0.006156 -0.03796 -0.078218 0.004195 -0.037685 -0.083894 -0.003788 -0.036568 -0.089198 -0.005934 -0.038335 -0.071497 -0.002802 -0.038517 -0.067444 0.003587 -0.036719 -0.105369 -0.002805 -0.036847 -0.102821 -0.002805 -0.036686 -0.104463 0.005256 -0.036085 -0.112978 -0.005036 -0.034158 -0.074255 0.008638 -0.003609 -0.102846 -0.009905 0.001416 -0.107467 -0.007779 -0.014037 -0.082664 -0.010796 -0.016984 -0.07753 -0.010784 0.00553 -0.100429 -0.005147 0.003421 -0.113044 -0.004694 0.003889 -0.111492 -0.000592 0.002231 -0.122752 0.004929 0.001806 -0.118464 0.007489 0.001439 -0.128144 0.006324 0.001663 -0.12852 0.003196 0.002896 -0.118095 -0.002776 -0.038384 -0.058603 -0.005208 -0.021838 -0.052646 -0.010567 -0.028354 -0.041288 -0.009978 -0.039546 -0.037519 -0.004654 -0.039826 -0.038724 -0.003803 -0.039354 -0.051103 0.003195 -0.039411 -0.049952 0.000196 -0.039258 -0.054754 0.004012 -0.03256 -0.055926 0.01059 5.4e-05 -0.06768 0.010702 -0.002141 -0.067671 0.010903 0.010569 -0.047159 0.016959 0.012825 -0.045997 0.020216 0.003003 -0.047758 0.018187 0.019496 -0.043637 0.019423 0.023027 -0.041902 0.020128 0.020316 -0.043782 0.016572 0.027735 -0.03867 0.017977 0.025849 -0.038424 0.014937 0.036119 -0.029897 0.017077 0.032979 -0.034292 0.018092 0.039975 -0.026199 0.018289 0.042805 -0.018948 0.017169 0.044864 -0.018064 0.018811 0.041624 -0.02418 0.019396 0.044244 -0.019563 0.02009 0.042347 -0.02189 0.020696 0.046241 -0.012112 0.018534 0.046487 -0.00243 0.020196 0.046419 0.000349 0.018963 0.046471 0.000966 0.019186 0.045375 0.001492 0.017556 0.04405 0.009232 0.016657 0.040863 0.008836 0.014868 0.037691 0.010496 0.013111 0.038281 0.002233 0.01329 0.04194 -0.011889 0.015509 0.046063 0.00073 0.018291 0.044403 -0.011833 0.016928 0.033349 -0.026314 0.013191 0.038045 -0.028544 0.020696 0.030859 -0.036803 0.02021 0.033411 -0.034391 0.019044 0.036973 -0.030883 0.020012 0.040166 -0.026557 0.02015 0.028016 -0.038906 0.020019 0.015746 -0.046347 0.015909 0.018328 -0.044434 0.017825 0.019688 -0.043709 0.018294 -0.041386 0.025131 0.020116 -0.041301 0.025045 0.018487 -0.037633 0.030778 0.020008 -0.044813 0.017636 0.018507 -0.038959 0.026357 0.016412 -0.035878 0.0265 0.014328 -0.029989 0.032704 0.01464 -0.033946 0.024788 0.012564 -0.027881 0.027078 0.011041 -0.020466 0.035876 0.013445 -0.031293 0.035001 0.016662 -0.030406 0.037753 0.01837 -0.033427 0.018102 0.009303 -0.039144 0.016434 0.012098 -0.040572 0.011205 0.011588 -0.042134 0.000622 0.011779 -0.04284 0.005007 0.013005 -0.043681 0.000622 0.013884 -0.045604 0.000639 0.017414 -0.045752 0.0108 0.017838 -0.046013 0.006725 0.020196 -0.045513 0.006725 0.020696 -0.046013 0.012828 0.020196 -0.045978 0.01084 0.018664 -0.045016 0.014948 0.016908 -0.043087 0.013106 0.014133 -0.039607 0.018865 0.013167 -0.045638 0.015971 0.01998 -0.045016 0.01586 0.020696 -0.042711 0.022214 0.02052 -0.044057 0.019756 0.020196 -0.008022 -0.062278 0.011402 -0.013169 -0.059045 0.011836 -0.008614 -0.129701 0.011511 0.000912 -0.136973 -0.002804</float_array><technique_common><accessor count="4482" source="#thigh_001-mesh-slim-pos-array" stride="3"><param type="float" name="X"/><param type="float" name="Y"/><param type="float" name="Z"/></accessor></technique_common></source><vertices id="thigh_001-mesh-slim-pos-vertices">
          <input semantic="POSITION" source="#thigh_001-mesh-slim-pos"/>
        </vertices>
        <triangles count="3496" material="&#28145;&#33394;&#27233;&#33014;_003-material"><input offset="0" semantic="VERTEX" source="#thigh_001-mesh-slim-pos-vertices"/><input offset="1" semantic="NORMAL" source="#thigh_001-mesh-slim-nrm"/><p>561 561 1 1 0 0 1 1 2 2 0 0 4 4 2 2 1 1 4 4 3 3 5 5 3 3 4 4 558 558 558 558 4 4 1 1 7 7 5 5 6 6 5 5 3 3 6 6 7 7 634 634 5 5 8 8 7 7 6 6 8 8 9 9 7 7 10 10 13 13 9 9 11 11 13 13 10 10 13 13 11 11 12 12 12 12 55 55 13 13 55 55 15 15 13 13 55 55 14 14 15 15 14 14 18 18 16 16 18 18 17 17 16 16 17 17 19 19 16 16 19 19 21 21 20 20 16 16 19 19 20 20 22 22 21 21 645 645 19 19 645 645 21 21 24 24 645 645 19 19 25 25 24 24 19 19 25 25 19 19 17 17 18 18 25 25 17 17 26 26 25 25 18 18 27 27 25 25 26 26 24 24 25 25 28 28 28 28 25 25 59 59 58 58 59 59 25 25 30 30 32 32 23 23 30 30 31 31 32 32 30 30 272 272 31 31 32 32 34 34 33 33 34 34 35 35 33 33 34 34 261 261 35 35 37 37 35 35 261 261 35 35 37 37 36 36 35 35 36 36 38 38 35 35 39 39 33 33 35 35 602 602 39 39 35 35 40 40 602 602 35 35 38 38 40 40 42 42 600 600 41 41 38 38 42 42 41 41 37 37 42 42 43 43 43 43 42 42 38 38 38 38 36 36 43 43 36 36 37 37 43 43 44 44 45 45 37 37 37 37 45 45 42 42 46 46 263 263 45 45 48 48 49 49 47 47 48 48 47 47 265 265 49 49 48 48 50 50 50 50 48 48 51 51 52 52 51 51 48 48 52 52 54 54 53 53 53 53 54 54 483 483 644 644 54 54 55 55 26 26 14 14 55 55 26 26 56 56 27 27 59 59 58 58 57 57 60 60 59 59 57 57 60 60 61 61 59 59 61 61 62 62 59 59 63 63 59 59 62 62 65 65 63 63 237 237 63 63 65 65 59 59 65 65 64 64 59 59 65 65 237 237 66 66 289 289 65 65 66 66 67 67 66 66 237 237 67 67 68 68 239 239 240 240 67 67 237 237 69 69 67 67 239 239 67 67 240 240 68 68 70 70 67 67 69 69 67 67 70 70 293 293 72 72 293 293 71 71 293 293 70 70 71 71 73 73 71 71 245 245 80 80 71 71 73 73 71 71 244 244 245 245 80 80 74 74 71 71 73 73 247 247 141 141 75 75 73 73 141 141 139 139 73 73 75 75 76 76 79 79 73 73 77 77 76 76 73 73 78 78 79 79 76 76 80 80 73 73 79 79 79 79 90 90 80 80 81 81 92 92 295 295 81 81 83 83 82 82 81 81 84 84 127 127 81 81 127 127 83 83 81 81 87 87 84 84 81 81 85 85 88 88 81 81 82 82 85 85 81 81 86 86 91 91 81 81 88 88 86 86 81 81 89 89 87 87 81 81 90 90 89 89 81 81 295 295 90 90 81 81 93 93 92 92 81 81 94 94 93 93 94 94 81 81 96 96 96 96 81 81 95 95 95 95 81 81 91 91 83 83 98 98 82 82 85 85 82 82 98 98 85 85 98 98 97 97 98 98 83 83 99 99 99 99 100 100 98 98 101 101 98 98 100 100 117 117 102 102 120 120 117 117 104 104 102 102 120 120 102 102 101 101 103 103 102 102 104 104 103 103 104 104 105 105 106 106 107 107 108 108 112 112 110 110 109 109 109 109 108 108 112 112 109 109 110 110 111 111 110 110 112 112 114 114 105 105 112 112 107 107 112 112 105 105 113 113 112 112 108 108 107 107 112 112 113 113 114 114 115 115 114 114 113 113 113 113 116 116 115 115 117 117 116 116 113 113 118 118 399 399 117 117 118 118 120 120 119 119 118 118 117 117 120 120 120 120 121 121 122 122 147 147 123 123 124 124 124 124 100 100 125 125 123 123 121 121 124 124 121 121 100 100 124 124 99 99 125 125 100 100 126 126 125 125 99 99 126 126 127 127 125 125 128 128 125 125 127 127 128 128 129 129 125 125 128 128 84 84 129 129 128 128 127 127 84 84 77 77 129 129 130 130 131 131 77 77 130 130 132 132 77 77 133 133 77 77 132 132 76 76 77 77 131 131 133 133 87 87 133 133 131 131 76 76 134 134 78 78 76 76 132 132 134 134 132 132 89 89 134 134 79 79 78 78 134 134 134 134 89 89 90 90 79 79 134 134 90 90 132 132 87 87 89 89 133 133 87 87 132 132 130 130 84 84 131 131 131 131 84 84 87 87 77 77 149 149 129 129 149 149 77 77 136 136 135 135 136 136 77 77 135 135 77 77 137 137 137 137 77 77 138 138 138 138 77 77 73 73 138 138 73 73 139 139 141 141 140 140 75 75 140 140 139 139 75 75 142 142 143 143 141 141 141 141 143 143 144 144 139 139 140 140 144 144 144 144 143 143 139 139 141 141 144 144 140 140 139 139 143 143 145 145 145 145 143 143 146 146 146 146 143 143 148 148 147 147 149 149 148 148 124 124 149 149 147 147 124 124 129 129 149 149 148 148 149 149 150 150 150 150 146 146 148 148 151 151 146 146 150 150 151 151 150 150 149 149 136 136 145 145 151 151 151 151 149 149 136 136 151 151 145 145 146 146 147 147 152 152 123 123 152 152 154 154 123 123 152 152 143 143 154 154 154 154 143 143 153 153 123 123 154 154 122 122 154 154 153 153 119 119 119 119 153 153 158 158 153 153 156 156 155 155 153 153 143 143 156 156 119 119 158 158 157 157 159 159 158 158 153 153 159 159 160 160 158 158 159 159 166 166 160 160 162 162 159 159 314 314 162 162 166 166 159 159 159 159 161 161 314 314 163 163 165 165 162 162 166 166 162 162 165 165 166 166 165 165 477 477 477 477 165 165 197 197 186 186 197 197 167 167 170 170 197 197 168 168 197 197 170 170 477 477 168 168 197 197 186 186 170 170 168 168 169 169 171 171 477 477 170 170 172 172 173 173 174 174 174 174 157 157 172 172 119 119 174 174 175 175 119 119 157 157 174 174 174 174 176 176 401 401 174 174 173 173 176 176 177 177 173 173 178 178 456 456 173 173 177 177 456 456 176 176 173 173 173 173 180 180 178 178 180 180 181 181 178 178 173 173 181 181 180 180 173 173 182 182 181 181 173 173 183 183 182 182 170 170 183 183 172 172 172 172 183 183 173 173 170 170 169 169 183 183 476 476 184 184 185 185 169 169 185 185 184 184 169 169 168 168 185 185 185 185 168 168 186 186 186 186 167 167 187 187 187 187 167 167 189 189 189 189 188 188 187 187 189 189 190 190 188 188 189 189 191 191 190 190 190 190 191 191 192 192 192 192 191 191 193 193 193 193 191 191 194 194 167 167 194 194 191 191 196 196 195 195 194 194 196 196 194 194 167 167 196 196 167 167 197 197 196 196 197 197 198 198 199 199 198 198 197 197 85 85 316 316 164 164 164 164 316 316 198 198 200 200 164 164 163 163 85 85 164 164 200 200 200 200 162 162 201 201 200 200 201 201 202 202 200 200 202 202 85 85 88 88 85 85 202 202 202 202 203 203 88 88 202 202 216 216 203 203 202 202 206 206 216 216 202 202 204 204 206 206 204 204 156 156 205 205 204 204 205 205 206 206 206 206 205 205 207 207 207 207 208 208 206 206 216 216 206 206 208 208 216 216 208 208 207 207 216 216 207 207 312 312 209 209 216 216 312 312 209 209 210 210 211 211 209 209 143 143 210 210 212 212 211 211 210 210 212 212 210 210 303 303 215 215 212 212 213 213 213 213 91 91 215 215 217 217 215 215 91 91 91 91 216 216 217 217 216 216 212 212 217 217 217 217 212 212 215 215 214 214 95 95 213 213 95 95 91 91 213 213 214 214 218 218 302 302 214 214 302 302 219 219 219 219 220 220 96 96 219 219 301 301 221 221 219 219 221 221 220 220 223 223 220 220 222 222 222 222 224 224 223 223 283 283 225 225 226 226 287 287 225 225 283 283 227 227 283 283 226 226 230 230 228 228 229 229 229 229 228 228 227 227 285 285 230 230 229 229 231 231 285 285 229 229 231 231 235 235 285 285 233 233 235 235 234 234 232 232 235 235 231 231 285 285 235 235 233 233 63 63 61 61 234 234 234 234 235 235 63 63 236 236 63 63 235 235 236 236 237 237 63 63 237 237 236 236 238 238 236 236 235 235 238 238 232 232 238 238 235 235 232 232 239 239 238 238 240 240 238 238 239 239 239 239 241 241 69 69 240 240 239 239 68 68 237 237 238 238 240 240 232 232 241 241 239 239 143 143 241 241 232 232 241 241 143 143 242 242 243 243 242 242 244 244 243 243 71 71 242 242 243 243 244 244 71 71 244 244 246 246 245 245 242 242 246 246 244 244 246 246 143 143 142 142 247 247 246 246 142 142 247 247 142 142 141 141 246 246 73 73 245 245 246 246 247 247 73 73 242 242 143 143 246 246 242 242 71 71 248 248 70 70 241 241 248 248 248 248 71 71 70 70 248 248 241 241 242 242 69 69 241 241 70 70 63 63 62 62 61 61 250 250 234 234 61 61 250 250 61 61 249 249 250 250 249 249 255 255 253 253 252 252 255 255 254 254 253 253 255 255 255 255 58 58 260 260 255 255 256 256 58 58 260 260 58 58 257 257 260 260 257 257 259 259 259 259 257 257 258 258 259 259 261 261 260 260 259 259 262 262 261 261 37 37 261 261 262 262 37 37 262 262 44 44 44 44 262 262 264 264 44 44 264 264 45 45 264 264 262 262 263 263 263 263 46 46 264 264 264 264 46 46 45 45 263 263 262 262 47 47 47 47 262 262 265 265 52 52 48 48 265 265 52 52 265 265 266 266 266 266 265 265 262 262 266 266 258 258 52 52 266 266 262 262 259 259 259 259 258 258 266 266 260 260 261 261 254 254 31 31 253 253 261 261 254 254 261 261 253 253 31 31 261 261 34 34 31 31 252 252 253 253 267 267 252 252 31 31 268 268 255 255 267 267 267 267 255 255 252 252 268 268 277 277 269 269 268 268 269 269 255 255 271 271 268 268 297 297 271 271 270 270 268 268 271 271 272 272 273 273 273 273 283 283 282 282 287 287 283 283 273 273 274 274 273 273 282 282 287 287 273 273 272 272 282 282 275 275 274 274 275 275 278 278 276 276 275 275 277 277 270 270 277 277 275 275 276 276 271 271 275 275 270 270 276 276 233 233 277 277 233 233 276 276 278 278 280 280 279 279 278 278 280 280 278 278 275 275 279 279 280 280 282 282 282 282 280 280 275 275 279 279 282 282 281 281 230 230 281 281 228 228 279 279 281 281 230 230 282 282 283 283 281 281 281 281 283 283 228 228 284 284 279 279 230 230 285 285 284 284 230 230 284 284 285 285 233 233 284 284 233 233 278 278 278 278 279 279 284 284 277 277 233 233 250 250 277 277 250 250 251 251 273 273 274 274 275 275 273 273 275 275 271 271 287 287 272 272 286 286 297 297 272 272 271 271 286 286 272 272 30 30 29 29 286 286 30 30 287 287 286 286 29 29 288 288 287 287 29 29 64 64 287 287 288 288 65 65 289 289 287 287 289 289 96 96 287 287 94 94 96 96 289 289 290 290 289 289 66 66 290 290 94 94 289 289 291 291 94 94 290 290 290 290 67 67 291 291 292 292 93 93 291 291 293 293 292 292 291 291 293 293 294 294 292 292 293 293 72 72 294 294 295 295 92 92 294 294 295 295 74 74 80 80 295 295 296 296 74 74 294 294 296 296 295 295 294 294 71 71 296 296 72 72 71 71 294 294 71 71 74 74 296 296 294 294 92 92 93 93 294 294 93 93 292 292 93 93 94 94 291 291 291 291 67 67 293 293 290 290 66 66 67 67 287 287 64 64 65 65 59 59 64 64 288 288 59 59 288 288 28 28 29 29 28 28 288 288 297 297 267 267 31 31 297 297 268 268 267 267 31 31 272 272 297 297 270 270 277 277 268 268 251 251 269 269 277 277 251 251 255 255 269 269 254 254 255 255 260 260 258 258 257 257 52 52 52 52 257 257 54 54 26 26 54 54 257 257 26 26 257 257 56 56 56 56 257 257 58 58 57 57 58 58 256 256 57 57 256 256 61 61 57 57 61 61 60 60 61 61 256 256 249 249 255 255 249 249 256 256 251 251 250 250 255 255 233 233 234 234 250 250 232 232 231 231 304 304 143 143 232 232 210 210 210 210 232 232 298 298 232 232 304 304 298 298 298 298 221 221 299 299 303 303 300 300 212 212 299 299 300 300 303 303 299 299 213 213 300 300 299 299 218 218 213 213 218 218 299 299 302 302 302 302 299 299 301 301 301 301 219 219 302 302 300 300 213 213 212 212 299 299 303 303 298 298 210 210 298 298 303 303 221 221 301 301 299 299 304 304 221 221 298 298 304 304 231 231 305 305 305 305 306 306 304 304 220 220 306 306 222 222 304 304 306 306 221 221 220 220 221 221 306 306 307 307 222 222 306 306 308 308 307 307 306 306 305 305 231 231 308 308 308 308 306 306 305 305 308 308 231 231 309 309 309 309 231 231 229 229 309 309 310 310 308 308 229 229 310 310 309 309 311 311 308 308 310 310 225 225 311 311 226 226 311 311 310 310 227 227 227 227 226 226 311 311 222 222 308 308 311 311 224 224 222 222 311 311 224 224 311 311 225 225 229 229 227 227 310 310 308 308 222 222 307 307 228 228 283 283 227 227 287 287 96 96 225 225 225 225 223 223 224 224 225 225 96 96 223 223 96 96 220 220 223 223 219 219 95 95 214 214 96 96 95 95 219 219 214 214 213 213 218 218 212 212 216 216 209 209 211 211 212 212 209 209 312 312 143 143 209 209 207 207 205 205 312 312 205 205 143 143 312 312 313 313 203 203 216 216 313 313 216 216 91 91 313 313 86 86 203 203 313 313 91 91 86 86 156 156 143 143 205 205 204 204 155 155 156 156 201 201 314 314 155 155 162 162 314 314 201 201 201 201 155 155 315 315 315 315 204 204 202 202 315 315 155 155 204 204 201 201 315 315 202 202 155 155 314 314 161 161 86 86 88 88 203 203 163 163 162 162 200 200 163 163 164 164 165 165 85 85 97 97 316 316 196 196 316 316 318 318 198 198 316 316 196 196 318 318 316 316 317 317 318 318 319 319 453 453 319 319 317 317 320 320 319 319 318 318 317 317 320 320 317 317 321 321 321 321 317 317 369 369 321 321 350 350 322 322 320 320 321 321 323 323 321 321 324 324 323 323 321 321 326 326 324 324 321 321 325 325 326 326 321 321 322 322 325 325 327 327 471 471 328 328 327 327 328 328 474 474 331 331 330 330 329 329 334 334 331 331 472 472 440 440 333 333 334 334 335 335 334 334 472 472 440 440 334 334 335 335 335 335 472 472 339 339 472 472 471 471 339 339 339 339 471 471 338 338 336 336 338 338 471 471 471 471 327 327 336 336 338 338 336 336 337 337 337 337 339 339 338 338 354 354 339 339 337 337 340 340 436 436 339 339 341 341 436 436 340 340 340 340 342 342 341 341 345 345 343 343 340 340 344 344 435 435 343 343 435 435 340 340 343 343 344 344 343 343 345 345 347 347 345 345 346 346 347 347 346 346 349 349 351 351 349 349 348 348 350 350 349 349 351 351 352 352 322 322 351 351 351 351 322 322 350 350 351 351 348 348 352 352 352 352 348 348 325 325 325 325 322 322 352 352 348 348 353 353 337 337 349 349 354 354 353 353 348 348 349 349 353 353 353 353 354 354 337 337 325 325 337 337 355 355 325 325 355 355 326 326 355 355 356 356 327 327 355 355 336 336 356 356 327 327 356 356 336 336 355 355 337 337 336 336 348 348 337 337 325 325 346 346 357 357 354 354 357 357 339 339 354 354 340 340 339 339 357 357 349 349 346 346 354 354 358 358 349 349 350 350 358 358 464 464 349 349 464 464 360 360 359 359 464 464 359 359 361 361 400 400 359 359 362 362 362 362 364 364 400 400 399 399 364 364 363 363 399 399 400 400 364 364 362 362 359 359 365 365 365 365 366 366 394 394 369 369 360 360 321 321 369 369 103 103 367 367 369 369 368 368 103 103 372 372 369 369 371 371 369 369 370 370 371 371 369 369 367 367 370 370 360 360 369 369 372 372 372 372 366 366 360 360 373 373 371 371 380 380 376 376 374 374 373 373 373 373 374 374 372 372 375 375 376 376 373 373 377 377 378 378 376 376 375 375 377 377 376 376 378 378 377 377 111 111 379 379 377 377 375 375 370 370 381 381 379 379 375 375 370 370 379 379 380 380 370 370 375 375 380 380 371 371 370 370 380 380 375 375 373 373 370 370 367 367 381 381 105 105 367 367 103 103 105 105 106 106 367 367 367 367 106 106 381 381 381 381 106 106 379 379 108 108 379 379 106 106 109 109 379 379 108 108 109 109 111 111 379 379 111 111 377 377 379 379 382 382 378 378 384 384 378 378 111 111 384 384 384 384 111 111 383 383 385 385 383 383 110 110 114 114 385 385 110 110 385 385 114 114 383 383 383 383 114 114 386 386 114 114 115 115 386 386 384 384 383 383 386 386 386 386 398 398 387 387 386 386 387 387 384 384 387 387 388 388 382 382 387 387 382 382 384 384 363 363 387 387 398 398 387 387 364 364 388 388 363 363 364 364 387 387 388 388 389 389 390 390 391 391 390 390 389 389 389 389 392 392 391 391 365 365 394 394 392 392 393 393 365 365 392 392 393 393 392 392 389 389 362 362 365 365 393 393 364 364 362 362 393 393 389 389 388 388 393 393 393 393 388 388 364 364 391 391 392 392 394 394 394 394 366 366 395 395 394 394 395 395 374 374 372 372 374 374 395 395 394 394 374 374 376 376 366 366 372 372 395 395 394 394 376 376 378 378 394 394 378 378 396 396 394 394 396 396 391 391 382 382 396 396 378 378 382 382 397 397 396 396 388 388 397 397 382 382 390 390 397 397 388 388 397 397 391 391 396 396 397 397 390 390 391 391 116 116 363 363 398 398 115 115 116 116 398 398 399 399 363 363 116 116 117 117 399 399 116 116 398 398 386 386 115 115 111 111 110 110 383 383 372 372 371 371 373 373 103 103 368 368 316 316 369 369 316 316 368 368 365 365 360 360 366 366 359 359 360 360 365 365 118 118 400 400 399 399 118 118 175 175 400 400 119 119 175 175 118 118 400 400 175 175 402 402 402 402 175 175 401 401 401 401 175 175 174 174 401 401 425 425 402 402 402 402 425 425 403 403 402 402 403 403 404 404 405 405 407 407 406 406 408 408 406 406 409 409 406 406 411 411 409 409 406 406 407 407 411 411 412 412 413 413 407 407 412 412 414 414 413 413 417 417 414 414 412 412 415 415 412 412 416 416 417 417 412 412 415 415 412 412 407 407 416 416 414 414 417 417 418 418 417 417 415 415 418 418 419 419 418 418 422 422 422 422 415 415 407 407 420 420 422 422 407 407 422 422 418 418 415 415 422 422 420 420 404 404 404 404 420 420 421 421 404 404 421 421 405 405 405 405 421 421 407 407 420 420 407 407 421 421 403 403 422 422 404 404 403 403 423 423 422 422 423 423 419 419 422 422 425 425 424 424 423 423 425 425 423 423 403 403 424 424 418 418 423 423 426 426 429 429 424 424 427 427 426 426 424 424 427 427 424 424 401 401 401 401 424 424 425 425 427 427 401 401 428 428 176 176 428 428 401 401 426 426 427 427 429 429 427 427 428 428 430 430 429 429 427 427 430 430 430 430 414 414 429 429 424 424 414 414 418 418 429 429 414 414 424 424 431 431 430 430 476 476 455 455 476 476 430 430 455 455 430 430 428 428 431 431 414 414 430 430 432 432 431 431 437 437 433 433 432 432 437 437 432 432 433 433 342 342 341 341 433 433 434 434 342 342 433 433 341 341 435 435 342 342 340 340 432 432 342 342 435 435 431 431 432 432 435 435 435 435 414 414 431 431 435 435 413 413 414 414 436 436 434 434 437 437 436 436 341 341 434 434 437 437 339 339 436 436 437 437 335 335 339 339 437 437 434 434 433 433 437 437 431 431 335 335 431 431 440 440 335 335 438 438 440 440 431 431 476 476 185 185 438 438 438 438 431 431 476 476 185 185 440 440 438 438 333 333 440 440 439 439 188 188 440 440 441 441 445 445 440 440 188 188 441 441 440 440 185 185 444 444 441 441 186 186 186 186 441 441 442 442 441 441 185 185 442 442 186 186 442 442 443 443 442 442 185 185 443 443 185 185 186 186 443 443 187 187 444 444 186 186 444 444 187 187 188 188 188 188 441 441 444 444 190 190 445 445 188 188 192 192 445 445 190 190 192 192 446 446 445 445 446 446 440 440 445 445 446 446 439 439 440 440 447 447 333 333 446 446 446 446 333 333 439 439 193 193 447 447 446 446 448 448 449 449 447 447 449 449 333 333 447 447 450 450 333 333 449 449 454 454 450 450 449 449 331 331 332 332 451 451 451 451 453 453 331 331 331 331 453 453 330 330 453 453 451 451 452 452 453 453 194 194 195 195 195 195 318 318 453 453 194 194 453 453 452 452 452 452 449 449 194 194 452 452 451 451 454 454 450 450 454 454 451 451 449 449 452 452 454 454 194 194 449 449 448 448 447 447 194 194 448 448 450 450 451 451 332 332 332 332 333 333 450 450 332 332 334 334 333 333 193 193 194 194 447 447 193 193 446 446 192 192 456 456 457 457 455 455 457 457 456 456 458 458 458 458 455 455 457 457 458 458 177 177 178 178 458 458 456 456 177 177 178 178 179 179 458 458 458 458 179 179 455 455 459 459 455 455 179 179 178 178 459 459 179 179 476 476 459 459 178 178 476 476 455 455 459 459 181 181 476 476 178 178 456 456 455 455 428 428 176 176 456 456 428 428 423 423 418 418 419 419 407 407 415 415 416 416 407 407 413 413 411 411 460 460 413 413 344 344 344 344 413 413 435 435 468 468 460 460 462 462 462 462 461 461 349 349 464 464 463 463 462 462 464 464 462 462 349 349 464 464 465 465 463 463 464 464 361 361 465 465 465 465 466 466 467 467 463 463 465 465 467 467 467 467 468 468 463 463 409 409 468 468 408 408 405 405 408 408 468 468 467 467 466 466 468 468 466 466 469 469 468 468 466 466 359 359 469 469 468 468 469 469 470 470 405 405 469 469 402 402 470 470 469 469 405 405 405 405 468 468 470 470 400 400 469 469 359 359 402 402 469 469 400 400 405 405 406 406 408 408 465 465 359 359 466 466 361 361 359 359 465 465 468 468 462 462 463 463 349 349 461 461 347 347 460 460 461 461 462 462 460 460 344 344 461 461 461 461 344 344 345 345 347 347 461 461 345 345 468 468 410 410 460 460 468 468 409 409 410 410 410 410 413 413 460 460 409 409 413 413 410 410 409 409 411 411 413 413 405 405 402 402 404 404 360 360 350 350 321 321 360 360 358 358 350 350 360 360 464 464 358 358 340 340 357 357 346 346 340 340 346 346 345 345 471 471 472 472 473 473 331 331 473 473 472 472 329 329 473 473 331 331 329 329 471 471 473 473 329 329 328 328 471 471 332 332 331 331 334 334 330 330 319 319 329 329 330 330 453 453 319 319 329 329 319 319 328 328 328 328 319 319 320 320 328 328 320 320 474 474 320 320 327 327 474 474 323 323 327 327 320 320 323 323 324 324 327 327 327 327 324 324 475 475 355 355 327 327 475 475 475 475 324 324 355 355 355 355 324 324 326 326 317 317 316 316 369 369 195 195 196 196 318 318 102 102 316 316 101 101 102 102 103 103 316 316 101 101 316 316 97 97 199 199 165 165 164 164 199 199 197 197 165 165 164 164 198 198 199 199 189 189 167 167 191 191 183 183 169 169 184 184 182 182 184 184 476 476 182 182 476 476 181 181 183 183 184 184 182 182 172 172 157 157 170 170 171 171 158 158 477 477 157 157 158 158 171 171 170 170 157 157 171 171 160 160 166 166 477 477 158 158 160 160 477 477 159 159 153 153 161 161 161 161 153 153 155 155 120 120 154 154 119 119 122 122 154 154 120 120 148 148 143 143 152 152 147 147 148 148 152 152 135 135 145 145 136 136 137 137 145 145 135 135 138 138 139 139 145 145 138 138 145 145 137 137 129 129 84 84 130 130 129 129 124 124 125 125 99 99 83 83 126 126 126 126 83 83 127 127 121 121 123 123 122 122 120 120 100 100 121 121 104 104 117 117 113 113 104 104 113 113 105 105 105 105 107 107 106 106 120 120 101 101 100 100 101 101 97 97 98 98 80 80 90 90 295 295 58 58 27 27 56 56 55 55 54 54 26 26 644 644 55 55 478 478 478 478 55 55 12 12 480 480 644 644 478 478 480 480 478 478 12 12 480 480 479 479 552 552 480 480 12 12 479 479 482 482 480 480 481 481 484 484 485 485 483 483 482 482 484 484 483 483 483 483 485 485 486 486 643 643 486 486 51 51 505 505 51 51 486 486 505 505 486 486 485 485 487 487 51 51 505 505 487 487 488 488 489 489 491 491 492 492 490 490 494 494 492 492 491 491 493 493 492 492 494 494 495 495 490 490 492 492 641 641 495 495 47 47 497 497 495 495 492 492 45 45 47 47 495 495 42 42 45 45 495 495 497 497 496 496 495 495 42 42 495 495 496 496 492 492 614 614 497 497 498 498 615 615 614 614 614 614 492 492 498 498 492 492 493 493 498 498 499 499 498 498 493 493 500 500 499 499 504 504 493 493 504 504 499 499 501 501 500 500 502 502 501 501 502 502 503 503 500 500 504 504 502 502 487 487 491 491 488 488 488 488 491 491 490 490 487 487 502 502 491 491 502 502 494 494 491 491 488 488 490 490 50 50 489 489 488 488 50 50 505 505 503 503 502 502 505 505 502 502 487 487 504 504 507 507 502 502 504 504 506 506 507 507 506 506 494 494 507 507 502 502 507 507 494 494 504 504 508 508 506 506 493 493 506 506 508 508 493 493 494 494 506 506 504 504 493 493 508 508 503 503 485 485 501 501 485 485 503 503 505 505 501 501 485 485 509 509 484 484 509 509 485 485 511 511 509 509 510 510 509 509 511 511 501 501 511 511 500 500 501 501 511 511 510 510 499 499 511 511 499 499 500 500 510 510 623 623 499 499 513 513 512 512 623 623 513 513 623 623 510 510 513 513 514 514 512 512 516 516 514 514 513 513 484 484 516 516 515 515 484 484 515 515 509 509 510 510 509 509 515 515 516 516 513 513 515 515 515 515 513 513 510 510 484 484 517 517 516 516 519 519 516 516 517 517 517 517 518 518 519 519 521 521 519 519 520 520 521 521 541 541 519 519 541 541 529 529 519 519 529 529 522 522 519 519 541 541 523 523 529 529 524 524 525 525 523 523 523 523 525 525 529 529 525 525 526 526 527 527 525 525 527 527 529 529 529 529 527 527 528 528 530 530 527 527 526 526 525 525 610 610 526 526 610 610 525 525 531 531 533 533 531 531 525 525 531 531 590 590 607 607 533 533 532 532 531 531 531 531 532 532 590 590 534 534 532 532 533 533 525 525 535 535 533 533 534 534 533 533 536 536 536 536 533 533 535 535 585 585 536 536 535 535 537 537 585 585 535 535 537 537 535 535 538 538 523 523 539 539 540 540 540 540 538 538 523 523 541 541 540 540 539 539 540 540 543 543 542 542 540 540 542 542 538 538 543 543 550 550 574 574 574 574 545 545 544 544 2 2 574 574 544 544 546 546 574 574 568 568 568 568 574 574 2 2 4 4 568 568 2 2 547 547 0 0 544 544 547 547 544 544 566 566 544 544 548 548 566 566 565 565 551 551 549 549 550 550 565 565 548 548 550 550 551 551 565 565 550 550 481 481 551 551 556 556 551 551 552 552 551 551 556 556 553 553 555 555 556 556 554 554 555 555 557 557 556 556 556 556 558 558 562 562 558 558 556 556 557 557 558 558 557 557 3 3 3 3 479 479 560 560 479 479 559 559 560 560 11 11 560 560 559 559 479 479 11 11 559 559 479 479 12 12 11 11 10 10 560 560 11 11 8 8 560 560 10 10 560 560 8 8 6 6 560 560 6 6 3 3 3 3 557 557 479 479 555 555 554 554 557 557 554 554 479 479 557 557 552 552 554 554 556 556 552 552 479 479 554 554 563 563 558 558 561 561 563 563 562 562 558 558 549 549 556 556 562 562 549 549 562 562 563 563 553 553 556 556 549 549 551 551 553 553 549 549 565 565 549 549 563 563 564 564 565 565 563 563 563 563 561 561 564 564 564 564 566 566 565 565 566 566 564 564 547 547 564 564 0 0 547 547 564 564 561 561 0 0 565 565 566 566 548 548 552 552 551 551 480 480 480 480 551 551 481 481 543 543 484 484 481 481 543 543 481 481 550 550 574 574 550 550 545 545 545 545 550 550 548 548 545 545 548 548 544 544 544 544 0 0 567 567 544 544 567 567 2 2 0 0 2 2 567 567 4 4 635 635 568 568 568 568 635 635 569 569 570 570 568 568 569 569 570 570 569 569 571 571 13 13 570 570 571 571 13 13 15 15 570 570 570 570 15 15 633 633 633 633 15 15 572 572 16 16 573 573 572 572 573 573 575 575 572 572 572 572 575 575 574 574 542 542 574 574 575 575 573 573 21 21 575 575 21 21 578 578 575 575 21 21 576 576 578 578 576 576 577 577 578 578 579 579 578 578 577 577 579 579 580 580 581 581 581 581 582 582 583 583 584 584 536 536 585 585 586 586 578 578 585 585 585 585 537 537 586 586 587 587 578 578 586 586 538 538 587 587 586 586 538 538 586 586 537 537 538 538 578 578 587 587 584 584 585 585 588 588 578 578 588 588 585 585 578 578 579 579 588 588 583 583 588 588 579 579 584 584 588 588 583 583 583 583 589 589 584 584 584 584 589 589 536 536 589 589 534 534 536 536 581 581 532 532 589 589 532 532 534 534 589 589 582 582 581 581 589 589 592 592 532 532 581 581 591 591 590 590 592 592 580 580 593 593 592 592 577 577 591 591 592 592 592 592 593 593 577 577 591 591 577 577 594 594 595 595 596 596 594 594 596 596 591 591 594 594 596 596 590 590 591 591 596 596 600 600 590 590 600 600 596 596 598 598 598 598 596 596 597 597 603 603 598 598 597 597 603 603 599 599 598 598 601 601 600 600 599 599 601 601 599 599 39 39 601 601 39 39 602 602 602 602 41 41 601 601 41 41 602 602 40 40 40 40 38 38 41 41 41 41 600 600 601 601 603 603 39 39 599 599 604 604 39 39 603 603 22 22 604 604 603 603 22 22 645 645 604 604 22 22 603 603 605 605 22 22 605 605 577 577 594 594 605 605 603 603 594 594 577 577 605 605 33 33 39 39 604 604 600 600 598 598 599 599 603 603 595 595 594 594 603 603 597 597 595 595 597 597 596 596 595 595 607 607 590 590 600 600 607 607 600 600 606 606 496 496 600 600 42 42 496 496 606 606 600 600 606 606 630 630 607 607 607 607 608 608 531 531 609 609 531 531 608 608 611 611 609 609 608 608 610 610 531 531 609 609 609 609 611 611 610 610 610 610 611 611 526 526 613 613 611 611 618 618 614 614 611 611 616 616 615 615 611 611 614 614 616 616 611 611 612 612 526 526 611 611 617 617 617 617 611 611 613 613 613 613 530 530 617 617 613 613 527 527 530 530 613 613 619 619 527 527 621 621 626 626 619 619 619 619 626 626 620 620 621 621 514 514 626 626 621 621 622 622 514 514 512 512 514 514 622 622 623 623 512 512 622 622 627 627 623 623 622 622 624 624 626 626 514 514 625 625 624 624 519 519 519 519 522 522 625 625 625 625 528 528 624 624 625 625 529 529 528 528 522 522 529 529 625 625 624 624 528 528 626 626 528 528 620 620 626 626 519 519 624 624 514 514 627 627 622 622 621 621 618 618 627 627 621 621 618 618 621 621 628 628 613 613 628 628 619 619 628 628 621 621 619 619 618 618 628 628 613 613 627 627 629 629 498 498 615 615 498 498 629 629 611 611 629 629 627 627 615 615 629 629 611 611 611 611 627 627 618 618 528 528 527 527 620 620 527 527 619 619 620 620 608 608 607 607 612 612 612 612 607 607 630 630 612 612 630 630 616 616 496 496 630 630 606 606 496 496 616 616 630 630 631 631 616 616 496 496 616 616 631 631 632 632 631 631 496 496 632 632 632 632 496 496 497 497 616 616 632 632 614 614 632 632 497 497 614 614 617 617 530 530 526 526 611 611 608 608 612 612 579 579 577 577 593 593 580 580 579 579 593 593 580 580 592 592 581 581 590 590 532 532 592 592 582 582 589 589 583 583 579 579 581 581 583 583 538 538 542 542 578 578 22 22 577 577 576 576 576 576 21 21 22 22 575 575 578 578 542 542 20 20 21 21 573 573 16 16 20 20 573 573 572 572 574 574 546 546 633 633 572 572 546 546 633 633 546 546 570 570 572 572 15 15 16 16 7 7 13 13 571 571 7 7 571 571 634 634 634 634 571 571 636 636 634 634 636 636 5 5 637 637 4 4 5 5 637 637 5 5 636 636 636 636 635 635 637 637 4 4 637 637 635 635 569 569 636 636 571 571 569 569 635 635 636 636 570 570 546 546 568 568 543 543 574 574 542 542 543 543 517 517 484 484 517 517 543 543 638 638 638 638 543 543 639 639 639 639 543 543 540 540 521 521 639 639 540 540 520 520 639 639 521 521 520 520 638 638 639 639 520 520 518 518 638 638 518 518 517 517 638 638 518 518 517 517 518 518 520 520 518 518 518 518 521 521 540 540 541 541 541 541 539 539 523 523 538 538 524 524 523 523 538 538 535 535 524 524 535 535 640 640 524 524 535 535 525 525 640 640 640 640 525 525 524 524 518 518 520 520 519 519 519 519 514 514 516 516 623 623 627 627 498 498 623 623 498 498 499 499 642 642 495 495 641 641 49 49 642 642 641 641 495 495 642 642 49 49 490 490 495 495 49 49 50 50 490 490 49 49 49 49 641 641 47 47 47 47 45 45 263 263 50 50 51 51 489 489 489 489 51 51 487 487 53 53 643 643 51 51 483 483 486 486 643 643 643 643 53 53 483 483 481 481 484 484 482 482 483 483 480 480 482 482 483 483 644 644 480 480 483 483 54 54 644 644 53 53 51 51 52 52 32 32 31 31 34 34 604 604 645 645 33 33 24 24 33 33 645 645 23 23 33 33 24 24 23 23 32 32 33 33 28 28 30 30 23 23 29 29 30 30 28 28 25 25 27 27 58 58 28 28 23 23 24 24 18 18 14 14 26 26 16 16 15 15 14 14 8 8 10 10 9 9 7 7 9 9 13 13 558 558 1 1 561 561 683 683 690 690 686 686 807 807 700 700 793 793 803 803 806 806 807 807 803 803 807 807 808 808 804 804 808 808 809 809 877 877 694 694 655 655 878 878 892 892 879 879 892 892 883 883 882 882 717 717 884 884 879 879 887 887 886 886 885 885 886 886 893 893 885 885 886 886 883 883 892 892 886 886 892 892 878 878 886 886 878 878 893 893 892 892 891 891 879 879 655 655 717 717 879 879 879 879 893 893 878 878 893 893 879 879 884 884 879 879 891 891 877 877 879 879 877 877 655 655 650 650 694 694 877 877 694 694 646 646 656 656 646 646 694 694 650 650 695 695 650 650 874 874 650 650 877 877 891 891 891 891 874 874 650 650 892 892 890 890 891 891 890 890 874 874 891 891 874 874 890 890 875 875 890 890 888 888 875 875 892 892 889 889 890 890 882 882 889 889 892 892 889 889 888 888 890 890 882 882 876 876 889 889 882 882 881 881 876 876 889 889 873 873 888 888 876 876 873 873 889 889 873 873 880 880 888 888 791 791 703 703 653 653 838 838 836 836 844 844 706 706 916 916 723 723 691 691 701 701 672 672 790 790 654 654 653 653 652 652 839 839 709 709 665 665 649 649 666 666 666 666 681 681 668 668 666 666 649 649 681 681 668 668 681 681 682 682 681 681 688 688 682 682 681 681 689 689 688 688 684 684 692 692 689 689 685 685 689 689 681 681 685 685 684 684 689 689 685 685 681 681 649 649 649 649 684 684 685 685 693 693 684 684 649 649 664 664 693 693 649 649 664 664 663 663 693 693 665 665 664 664 649 649 666 666 668 668 667 667 667 667 668 668 669 669 673 673 846 846 669 669 846 846 673 673 674 674 673 673 669 669 674 674 668 668 682 682 669 669 669 669 682 682 652 652 841 841 674 674 652 652 669 669 652 652 674 674 841 841 652 652 844 844 839 839 652 652 682 682 696 696 839 839 682 682 682 682 688 688 696 696 670 670 839 839 697 697 670 670 697 697 705 705 670 670 705 705 707 707 697 697 839 839 651 651 696 696 651 651 839 839 651 651 696 696 688 688 688 688 689 689 651 651 697 697 651 651 675 675 651 651 704 704 790 790 689 689 704 704 651 651 704 704 689 689 654 654 689 689 653 653 654 654 692 692 653 653 689 689 692 692 702 702 653 653 702 702 691 691 672 672 686 686 701 701 691 691 691 691 702 702 692 692 683 683 686 686 691 691 918 918 710 710 658 658 658 658 657 657 647 647 647 647 698 698 658 658 659 659 658 658 698 698 919 919 658 658 659 659 714 714 914 914 919 919 919 919 659 659 714 714 711 711 714 714 659 659 661 661 912 912 910 910 711 711 661 661 910 910 711 711 659 659 660 660 661 661 711 711 699 699 711 711 660 660 699 699 661 661 699 699 662 662 660 660 659 659 699 699 699 699 676 676 677 677 659 659 676 676 699 699 698 698 676 676 659 659 698 698 647 647 676 676 647 647 679 679 676 676 679 679 683 683 676 676 683 683 691 691 680 680 687 687 691 691 692 692 687 687 692 692 684 684 680 680 691 691 687 687 676 676 683 683 680 680 677 677 676 676 680 680 677 677 680 680 662 662 699 699 677 677 662 662 680 680 687 687 684 684 662 662 680 680 678 678 678 678 680 680 684 684 678 678 684 684 693 693 662 662 678 678 648 648 663 663 648 648 693 693 648 648 678 678 693 693 648 648 712 712 662 662 712 712 648 648 663 663 712 712 663 663 664 664 662 662 712 712 661 661 661 661 712 712 915 915 661 661 915 915 912 912 911 911 915 915 712 712 721 721 911 911 712 712 712 712 664 664 721 721 715 715 721 721 664 664 664 664 665 665 715 715 715 715 665 665 666 666 715 715 666 666 722 722 666 666 716 716 722 722 666 666 667 667 716 716 667 667 723 723 716 716 667 667 669 669 723 723 669 669 846 846 706 706 669 669 706 706 723 723 916 916 706 706 846 846 845 845 916 916 846 846 913 913 916 916 845 845 852 852 913 913 841 841 674 674 841 841 845 845 674 674 845 845 846 846 845 845 841 841 913 913 852 852 841 841 843 843 837 837 843 843 841 841 836 836 843 843 837 837 836 836 842 842 843 843 841 841 836 836 837 837 822 822 825 825 827 827 829 829 833 833 832 832 826 826 816 816 819 819 833 833 816 816 834 834 816 816 823 823 834 834 819 819 816 816 828 828 829 829 816 816 833 833 828 828 816 816 817 817 816 816 829 829 817 817 817 817 829 829 832 832 824 824 817 817 832 832 802 802 811 811 796 796 811 811 821 821 796 796 811 811 797 797 821 821 817 817 824 824 797 797 821 821 818 818 796 796 821 821 797 797 818 818 797 797 824 824 818 818 796 796 825 825 822 822 796 796 818 818 825 825 836 836 835 835 827 827 844 844 836 836 841 841 838 838 835 835 836 836 844 844 652 652 840 840 840 840 652 652 709 709 709 709 839 839 840 840 840 840 838 838 844 844 827 827 835 835 838 838 839 839 670 670 707 707 839 839 838 838 840 840 827 827 838 838 830 830 830 830 822 822 827 827 830 830 796 796 822 822 796 796 830 830 831 831 796 796 831 831 810 810 830 830 810 810 831 831 839 839 707 707 708 708 708 708 838 838 839 839 838 838 708 708 830 830 708 708 802 802 796 796 810 810 708 708 796 796 708 708 810 810 830 830 707 707 705 705 708 708 708 708 705 705 802 802 675 675 705 705 697 697 802 802 705 705 675 675 790 790 675 675 651 651 802 802 675 675 786 786 811 811 802 802 786 786 797 797 811 811 786 786 786 786 675 675 790 790 790 790 704 704 654 654 653 653 703 703 790 790 805 805 790 790 703 703 788 788 790 790 805 805 786 786 790 790 788 788 812 812 786 786 788 788 786 786 812 812 797 797 820 820 812 812 788 788 812 812 820 820 797 797 820 820 817 817 797 797 788 788 813 813 820 820 813 813 788 788 787 787 813 813 817 817 820 820 813 813 828 828 817 817 819 819 828 828 813 813 813 813 787 787 799 799 799 799 819 819 813 813 819 819 799 799 800 800 819 819 800 800 794 794 794 794 800 800 785 785 785 785 819 819 794 794 819 819 785 785 826 826 826 826 785 785 795 795 785 785 798 798 795 795 785 785 801 801 798 798 801 801 785 785 800 800 798 798 801 801 789 789 800 800 804 804 801 801 801 801 814 814 789 789 888 888 880 880 814 814 789 789 814 814 880 880 814 814 815 815 888 888 809 809 815 815 814 814 801 801 809 809 814 814 804 804 809 809 801 801 799 799 804 804 800 800 803 803 808 808 804 804 799 799 803 803 804 804 787 787 803 803 799 799 787 787 788 788 803 803 788 788 806 806 803 803 805 805 703 703 806 806 788 788 805 805 806 806 806 806 703 703 791 791 702 702 791 791 653 653 792 792 791 791 702 702 806 806 791 791 792 792 672 672 792 792 702 702 806 806 792 792 672 672 806 806 672 672 807 807 807 807 672 672 700 700 808 808 807 807 793 793 808 808 793 793 809 809 809 809 888 888 815 815 875 875 888 888 872 872 888 888 809 809 872 872 809 809 793 793 872 872 671 671 875 875 872 872 671 671 872 872 793 793 700 700 671 671 793 793 671 671 700 700 875 875 701 701 690 690 672 672 690 690 700 700 672 672 875 875 700 700 690 690 875 875 690 690 874 874 686 686 690 690 701 701 874 874 690 690 683 683 874 874 683 683 695 695 650 650 695 695 683 683 650 650 683 683 679 679 646 646 650 650 679 679 646 646 679 679 647 647 657 657 646 646 647 647 710 710 646 646 657 657 720 720 656 656 646 646 657 657 658 658 710 710 710 710 720 720 646 646 720 720 710 710 918 918 918 918 656 656 720 720 656 656 918 918 713 713 719 719 656 656 713 713 917 917 718 718 719 719 717 717 718 718 917 917 719 719 718 718 656 656 655 655 718 718 717 717 655 655 694 694 718 718 656 656 718 718 694 694 921 921 777 777 778 778 921 921 920 920 848 848 944 944 932 932 943 943 870 870 856 856 855 855 863 863 856 856 865 865 943 943 926 926 903 903 943 943 903 903 897 897 898 898 928 928 927 927 906 906 900 900 899 899 847 847 922 922 849 849 849 849 922 922 908 908 908 908 850 850 849 849 850 850 908 908 851 851 908 908 909 909 907 907 907 907 909 909 901 901 909 909 900 900 901 901 906 906 899 899 905 905 905 905 899 899 930 930 905 905 930 930 904 904 904 904 930 930 929 929 904 904 929 929 928 928 904 904 928 928 898 898 927 927 897 897 898 898 943 943 897 897 927 927 926 926 925 925 902 902 866 866 857 857 867 867 866 866 858 858 857 857 750 750 933 933 954 954 728 728 745 745 729 729 755 755 726 726 742 742 771 771 770 770 772 772 784 784 762 762 770 770 762 762 779 779 770 770 770 770 779 779 780 780 770 770 780 780 772 772 772 772 780 780 781 781 772 772 781 781 773 773 773 773 781 781 763 763 783 783 763 763 781 781 764 764 768 768 776 776 783 783 768 768 764 764 776 776 768 768 767 767 783 783 758 758 768 768 783 783 725 725 758 758 781 781 725 725 783 783 781 781 744 744 725 725 781 781 745 745 744 744 780 780 745 745 781 781 780 780 746 746 745 745 780 780 747 747 746 746 779 779 747 747 780 780 779 779 766 766 747 747 782 782 766 766 779 779 782 782 765 765 766 766 762 762 782 782 779 779 775 775 765 765 774 774 762 762 765 765 782 782 774 774 765 765 762 762 742 742 765 765 775 775 724 724 775 775 743 743 737 737 742 742 739 739 738 738 737 737 739 739 736 736 756 756 737 737 750 750 955 955 749 749 940 940 956 956 733 733 731 731 732 732 941 941 730 730 731 731 941 941 730 730 732 732 731 731 733 733 956 956 941 941 733 733 941 941 732 732 734 734 939 939 733 733 733 733 939 939 940 940 733 733 754 754 734 734 735 735 750 750 749 749 939 939 734 734 735 735 939 939 735 735 749 749 756 756 750 750 735 735 734 734 756 756 735 735 756 756 736 736 750 750 938 938 750 750 736 736 938 938 936 936 750 750 936 936 938 938 761 761 736 736 761 761 938 938 861 861 936 936 761 761 761 761 736 736 737 737 761 761 853 853 861 861 737 737 853 853 761 761 853 853 737 737 738 738 739 739 853 853 738 738 739 739 751 751 853 853 740 740 752 752 751 751 740 740 751 751 739 739 739 739 757 757 740 740 743 743 740 740 757 757 757 757 727 727 743 743 724 724 743 743 727 727 727 727 775 775 724 724 739 739 727 727 757 757 739 739 742 742 727 727 727 727 742 742 775 775 737 737 755 755 742 742 765 765 742 742 766 766 742 742 759 759 766 766 756 756 755 755 737 737 726 726 759 759 742 742 759 759 726 726 766 766 766 766 726 726 747 747 726 726 754 754 747 747 756 756 726 726 755 755 734 734 726 726 756 756 734 734 754 754 726 726 733 733 753 753 754 754 753 753 747 747 754 754 747 747 753 753 746 746 753 753 733 733 732 732 746 746 753 753 745 745 730 730 753 753 732 732 745 745 725 725 744 744 730 730 729 729 753 753 745 745 753 753 729 729 728 728 725 725 745 745 729 729 760 760 728 728 728 728 760 760 942 942 760 760 729 729 730 730 941 941 942 942 730 730 730 730 942 942 760 760 942 942 953 953 934 934 942 942 934 934 935 935 941 941 952 952 953 953 941 941 953 953 942 942 956 956 947 947 952 952 956 956 952 952 941 941 940 940 951 951 947 947 940 940 947 947 956 956 749 749 955 955 940 940 749 749 940 940 939 939 940 940 954 954 951 951 955 955 954 954 940 940 955 955 750 750 954 954 936 936 933 933 750 750 936 936 861 861 933 933 933 933 854 854 855 855 933 933 861 861 854 854 861 861 869 869 854 854 869 869 861 861 853 853 868 868 871 871 869 869 853 853 868 868 869 869 751 751 868 868 853 853 751 751 752 752 868 868 862 862 868 868 752 752 862 862 752 752 860 860 868 868 864 864 871 871 862 862 864 864 868 868 871 871 858 858 859 859 864 864 857 857 858 858 864 864 858 858 871 871 866 866 895 895 894 894 866 866 894 894 858 858 865 865 859 859 894 894 859 859 858 858 894 894 865 865 894 894 896 896 902 902 865 865 896 896 925 925 863 863 902 902 902 902 863 863 865 865 859 859 865 865 856 856 870 870 859 859 856 856 871 871 859 859 870 870 869 869 870 870 854 854 869 869 871 871 870 870 854 854 870 870 855 855 856 856 863 863 855 855 932 932 925 925 926 926 932 932 863 863 925 925 933 933 855 855 863 863 933 933 863 863 932 932 932 932 926 926 943 943 933 933 944 944 954 954 933 933 932 932 944 944 954 954 944 944 945 945 944 944 943 943 945 945 943 943 927 927 945 945 954 954 945 945 951 951 946 946 927 927 928 928 945 945 927 927 946 946 951 951 945 945 946 946 947 947 928 928 929 929 946 946 928 928 947 947 951 951 946 946 947 947 948 948 929 929 930 930 947 947 929 929 948 948 947 947 948 948 952 952 949 949 930 930 899 899 948 948 930 930 949 949 952 952 948 948 949 949 952 952 949 949 953 953 949 949 899 899 950 950 953 953 950 950 934 934 953 953 949 949 950 950 950 950 931 931 934 934 899 899 900 900 931 931 950 950 899 899 931 931 909 909 931 931 900 900 924 924 931 931 909 909 908 908 922 922 924 924 908 908 924 924 909 909 931 931 924 924 934 934 922 922 923 923 924 924 934 934 924 924 923 923 923 923 935 935 934 934 847 847 923 923 922 922 848 848 920 920 923 923 848 848 923 923 847 847 777 777 921 921 848 848 777 777 776 776 767 767 767 767 778 778 777 777 767 767 768 768 778 778 768 768 769 769 778 778 748 748 778 778 769 769 778 778 748 748 921 921 921 921 748 748 920 920 748 748 935 935 923 923 920 920 748 748 923 923 942 942 937 937 728 728 748 748 937 937 935 935 942 942 935 935 937 937 937 937 748 748 728 728 748 748 769 769 741 741 728 728 748 748 741 741 725 725 728 728 741 741 741 741 758 758 725 725 769 769 768 768 758 758 758 758 741 741 769 769 833 833 770 770 771 771 834 834 770 770 833 833 823 823 770 770 834 834 770 770 823 823 784 784 762 762 816 816 774 774 774 774 816 816 826 826 775 775 826 826 795 795 743 743 798 798 789 789 740 740 789 789 880 880 740 740 880 880 752 752 752 752 880 880 873 873 860 860 873 873 876 876 862 862 876 876 881 881 864 864 881 881 882 882 857 857 882 882 883 883 886 886 867 867 857 857 887 887 895 895 866 866 895 895 887 887 885 885 917 917 896 896 717 717 918 918 902 902 713 713 658 658 903 903 926 926 914 914 897 897 919 919 714 714 898 898 914 914 898 898 714 714 711 711 912 912 904 904 910 910 904 904 912 912 915 915 911 911 904 904 915 915 904 904 911 911 721 721 722 722 906 906 715 715 906 906 722 722 716 716 716 716 900 900 906 906 900 900 716 716 723 723 900 900 723 723 901 901 901 901 723 723 916 916 908 908 916 916 913 913 908 908 913 913 852 852 851 851 852 852 843 843 843 843 847 847 849 849 836 836 848 848 847 847 827 827 777 777 836 836 777 777 827 827 776 776 776 776 827 827 764 764 764 764 827 827 825 825 783 783 825 825 818 818 763 763 824 824 773 773 772 772 824 824 832 832 773 773 824 824 772 772 763 763 818 818 824 824 783 783 818 818 763 763 764 764 825 825 783 783 836 836 777 777 848 848 836 836 847 847 842 842 842 842 847 847 843 843 843 843 849 849 850 850 851 851 843 843 850 850 908 908 852 852 851 851 907 907 916 916 908 908 901 901 916 916 907 907 905 905 715 715 906 906 905 905 721 721 715 715 904 904 721 721 905 905 898 898 910 910 904 904 898 898 711 711 910 910 914 914 898 898 897 897 919 919 897 897 903 903 919 919 903 903 658 658 658 658 926 926 918 918 918 918 926 926 902 902 713 713 902 902 719 719 719 719 902 902 917 917 917 917 902 902 896 896 717 717 896 896 894 894 717 717 894 894 884 884 884 884 894 894 893 893 893 893 894 894 885 885 885 885 894 894 895 895 866 866 886 886 887 887 867 867 886 886 866 866 857 857 883 883 886 886 864 864 882 882 857 857 862 862 881 881 864 864 860 860 876 876 862 862 752 752 873 873 860 860 743 743 789 789 740 740 743 743 795 795 798 798 775 775 795 795 743 743 774 774 826 826 775 775 784 784 816 816 762 762 784 784 823 823 816 816 772 772 832 832 771 771 771 771 832 832 833 833 959 959 960 960 958 958 960 960 962 962 958 958 965 965 964 964 963 963 1667 1667 967 967 965 965 966 966 967 967 1667 1667 965 965 967 967 974 974 964 964 974 974 968 968 974 974 964 964 965 965 969 969 970 970 964 964 968 968 969 969 964 964 969 969 973 973 970 970 972 972 973 973 969 969 971 971 970 970 973 973 972 972 974 974 975 975 974 974 1686 1686 975 975 1686 1686 1733 1733 975 975 967 967 1686 1686 974 974 1733 1733 1686 1686 977 977 979 979 980 980 978 978 983 983 981 981 980 980 980 980 982 982 983 983 984 984 985 985 983 983 981 981 983 983 1728 1728 985 985 1728 1728 983 983 986 986 985 985 984 984 986 986 984 984 987 987 988 988 987 987 984 984 988 988 984 984 1376 1376 989 989 1376 1376 984 984 991 991 989 989 984 984 990 990 989 989 991 991 991 991 984 984 992 992 993 993 992 992 983 983 984 984 983 983 992 992 983 983 997 997 993 993 994 994 997 997 996 996 998 998 997 997 994 994 996 996 997 997 1000 1000 995 995 997 997 998 998 1000 1000 997 997 999 999 1001 1001 1000 1000 999 999 1000 1000 1002 1002 1005 1005 1001 1001 1002 1002 1000 1000 1002 1002 1003 1003 1005 1005 1003 1003 1002 1002 1401 1401 1005 1005 1003 1003 1004 1004 1005 1005 996 996 1000 1000 996 996 1005 1005 1006 1006 1339 1339 1006 1006 1009 1009 1009 1009 1006 1006 1007 1007 1006 1006 1400 1400 1007 1007 1008 1008 1010 1010 1007 1007 1007 1007 1010 1010 1009 1009 1011 1011 1010 1010 1012 1012 1011 1011 1013 1013 1010 1010 1012 1012 1010 1010 1008 1008 1010 1010 1013 1013 1015 1015 1011 1011 1014 1014 1013 1013 1013 1013 1017 1017 1015 1015 1013 1013 1016 1016 1017 1017 1019 1019 1018 1018 1016 1016 1016 1016 1013 1013 1019 1019 1019 1019 1013 1013 1014 1014 1020 1020 1021 1021 1019 1019 1021 1021 1020 1020 1022 1022 1023 1023 1328 1328 1022 1022 1023 1023 1022 1022 1020 1020 1328 1328 1024 1024 1026 1026 1024 1024 1328 1328 1023 1023 1023 1023 1025 1025 1024 1024 1024 1024 1040 1040 1026 1026 1024 1024 1025 1025 1040 1040 1014 1014 1040 1040 1025 1025 1014 1014 1027 1027 1040 1040 1027 1027 1028 1028 1033 1033 1027 1027 1029 1029 1028 1028 1027 1027 1031 1031 1029 1029 1027 1027 1059 1059 1030 1030 1027 1027 1321 1321 1039 1039 1027 1027 1033 1033 1321 1321 1027 1027 1030 1030 1031 1031 1027 1027 1035 1035 1032 1032 1027 1027 1032 1032 1059 1059 1034 1034 1027 1027 1014 1014 1027 1027 1036 1036 1035 1035 1027 1027 1037 1037 1036 1036 1027 1027 1038 1038 1037 1037 1027 1027 1034 1034 1038 1038 1039 1039 1040 1040 1027 1027 1053 1053 1041 1041 1029 1029 1028 1028 1029 1029 1041 1041 1028 1028 1041 1041 1043 1043 1044 1044 1043 1043 1041 1041 1041 1041 1042 1042 1044 1044 1044 1044 1042 1042 1045 1045 1047 1047 1045 1045 1042 1042 1048 1048 1042 1042 1046 1046 1042 1042 1048 1048 1047 1047 1048 1048 1046 1046 1050 1050 1049 1049 1048 1048 1050 1050 1050 1050 1051 1051 1069 1069 1051 1051 1050 1050 1052 1052 1050 1050 1046 1046 1052 1052 1054 1054 1052 1052 1046 1046 1055 1055 1052 1052 1054 1054 1052 1052 1055 1055 1051 1051 1056 1056 1051 1051 1055 1055 1030 1030 1051 1051 1056 1056 1055 1055 1031 1031 1056 1056 1054 1054 1031 1031 1055 1055 1030 1030 1057 1057 1051 1051 1058 1058 1051 1051 1057 1057 1060 1060 1059 1059 1032 1032 1060 1060 1061 1061 1059 1059 1061 1061 1063 1063 1058 1058 1064 1064 1061 1061 1062 1062 1061 1061 1064 1064 1063 1063 1065 1065 1063 1063 1064 1064 1066 1066 1063 1063 1065 1065 1058 1058 1063 1063 1066 1066 1067 1067 1058 1058 1066 1066 1051 1051 1067 1067 1069 1069 1058 1058 1067 1067 1051 1051 1069 1069 1067 1067 1068 1068 1070 1070 1069 1069 1068 1068 1071 1071 1069 1069 1070 1070 1071 1071 1072 1072 1049 1049 1071 1071 1049 1049 1050 1050 1071 1071 1050 1050 1069 1069 1074 1074 1073 1073 1076 1076 1080 1080 1073 1073 1074 1074 1397 1397 1073 1073 1070 1070 1075 1075 1073 1073 1077 1077 1070 1070 1073 1073 1072 1072 1077 1077 1073 1073 1347 1347 1076 1076 1073 1073 1078 1078 1073 1073 1083 1083 1078 1078 1347 1347 1073 1073 1079 1079 1094 1094 1073 1073 1080 1080 1292 1292 1073 1073 1094 1094 1081 1081 1073 1073 1082 1082 1072 1072 1073 1073 1292 1292 1079 1079 1073 1073 1397 1397 1073 1073 995 995 1083 1083 1073 1073 1081 1081 995 995 1082 1082 1073 1073 1075 1075 1084 1084 1083 1083 1085 1085 1083 1083 995 995 1085 1085 1078 1078 1083 1083 1084 1084 1324 1324 1078 1078 1084 1084 1076 1076 1078 1078 1324 1324 1076 1076 1324 1324 1086 1086 1087 1087 1088 1088 1086 1086 1090 1090 1091 1091 1092 1092 1092 1092 1091 1091 1095 1095 1093 1093 1092 1092 1094 1094 1094 1094 1092 1092 1095 1095 1096 1096 1098 1098 1097 1097 1101 1101 1098 1098 1343 1343 1343 1343 1099 1099 1101 1101 1099 1099 1304 1304 1100 1100 1028 1028 1304 1304 1099 1099 1028 1028 1099 1099 1343 1343 1101 1101 1099 1099 1100 1100 1101 1101 1102 1102 1098 1098 1101 1101 1100 1100 1102 1102 1102 1102 1100 1100 1104 1104 1141 1141 1104 1104 1103 1103 1105 1105 1102 1102 1104 1104 1105 1105 1104 1104 1142 1142 1142 1142 1104 1104 1141 1141 1105 1105 1108 1108 1106 1106 1107 1107 1105 1105 1106 1106 1105 1105 1142 1142 1108 1108 1102 1102 1105 1105 1107 1107 1107 1107 1098 1098 1102 1102 1097 1097 1098 1098 1107 1107 1096 1096 1097 1097 1107 1107 1109 1109 1096 1096 1107 1107 1109 1109 1110 1110 1096 1096 1112 1112 1110 1110 1111 1111 1112 1112 1094 1094 1110 1110 1110 1110 1095 1095 1096 1096 1110 1110 1094 1094 1095 1095 1109 1109 1107 1107 1110 1110 1110 1110 1107 1107 1106 1106 1106 1106 1111 1111 1110 1110 1114 1114 1315 1315 1106 1106 1114 1114 1113 1113 1116 1116 1116 1116 1115 1115 1114 1114 1117 1117 1118 1118 1116 1116 1112 1112 1118 1118 1119 1119 1112 1112 1115 1115 1118 1118 1118 1118 1115 1115 1116 1116 1120 1120 1118 1118 1117 1117 1263 1263 1121 1121 1266 1266 1117 1117 1121 1121 1263 1263 1117 1117 1122 1122 1121 1121 1123 1123 1121 1121 1122 1122 1122 1122 1124 1124 1123 1123 1269 1269 1275 1275 1124 1124 1269 1269 1124 1124 1125 1125 1244 1244 1269 1269 1125 1125 1244 1244 1125 1125 1145 1145 1150 1150 1145 1145 1125 1125 1127 1127 1130 1130 1220 1220 1130 1130 1129 1129 1220 1220 1130 1130 1127 1127 1128 1128 1130 1130 1237 1237 1129 1129 1237 1237 1130 1130 1131 1131 1131 1131 1130 1130 1128 1128 1131 1131 1128 1128 1134 1134 1132 1132 1131 1131 1134 1134 1135 1135 1132 1132 1134 1134 1239 1239 1132 1132 1135 1135 1135 1135 1103 1103 1239 1239 1136 1136 1103 1103 1135 1135 1136 1136 1137 1137 1138 1138 1138 1138 1137 1137 1153 1153 1139 1139 1153 1153 1137 1137 1127 1127 1139 1139 1137 1137 1139 1139 1127 1127 1126 1126 1141 1141 1126 1126 1140 1140 1142 1142 1140 1140 1108 1108 1108 1108 1144 1144 1152 1152 1108 1108 1143 1143 1144 1144 1126 1126 1143 1143 1140 1140 1126 1126 1144 1144 1143 1143 1140 1140 1143 1143 1108 1108 1145 1145 1144 1144 1126 1126 1114 1114 1146 1146 1113 1113 1114 1114 1145 1145 1146 1146 1113 1113 1146 1146 1147 1147 1148 1148 1113 1113 1147 1147 1149 1149 1113 1113 1148 1148 1149 1149 1116 1116 1113 1113 1116 1116 1149 1149 1122 1122 1148 1148 1150 1150 1149 1149 1145 1145 1150 1150 1151 1151 1146 1146 1145 1145 1151 1151 1151 1151 1150 1150 1148 1148 1146 1146 1151 1151 1147 1147 1147 1147 1151 1151 1148 1148 1150 1150 1125 1125 1149 1149 1149 1149 1125 1125 1124 1124 1122 1122 1149 1149 1124 1124 1114 1114 1152 1152 1145 1145 1144 1144 1145 1145 1152 1152 1106 1106 1152 1152 1114 1114 1106 1106 1108 1108 1152 1152 1153 1153 1126 1126 1141 1141 1153 1153 1139 1139 1126 1126 1153 1153 1154 1154 1138 1138 1138 1138 1103 1103 1155 1155 1154 1154 1103 1103 1138 1138 1155 1155 1103 1103 1136 1136 1138 1138 1155 1155 1136 1136 1153 1153 1103 1103 1154 1154 1141 1141 1103 1103 1153 1153 1140 1140 1142 1142 1141 1141 1136 1136 1127 1127 1137 1137 1135 1135 1134 1134 1136 1136 1133 1133 1127 1127 1136 1136 1134 1134 1133 1133 1136 1136 1239 1239 1103 1103 1156 1156 1157 1157 1156 1156 1103 1103 1104 1104 1100 1100 1157 1157 1157 1157 1103 1103 1104 1104 1157 1157 1304 1304 1158 1158 1100 1100 1304 1304 1157 1157 1158 1158 1304 1304 1159 1159 1158 1158 1159 1159 1160 1160 1160 1160 1159 1159 1307 1307 1307 1307 1162 1162 1161 1161 1162 1162 1163 1163 1227 1227 1162 1162 1165 1165 1163 1163 1163 1163 1165 1165 1164 1164 1165 1165 1167 1167 1229 1229 1162 1162 1166 1166 1165 1165 1167 1167 1165 1165 1166 1166 1168 1168 1169 1169 1166 1166 1169 1169 1171 1171 1166 1166 1207 1207 1169 1169 1170 1170 1170 1170 1169 1169 1168 1168 1169 1169 1172 1172 1171 1171 1169 1169 1207 1207 1172 1172 1173 1173 1174 1174 1168 1168 1277 1277 1174 1174 1177 1177 1277 1277 1177 1177 1175 1175 1176 1176 1175 1175 1177 1177 1177 1177 1179 1179 1313 1313 1177 1177 1313 1313 1180 1180 1181 1181 1177 1177 1180 1180 1181 1181 1178 1178 1177 1177 1181 1181 1180 1180 1182 1182 1181 1181 1182 1182 1183 1183 1184 1184 1183 1183 1197 1197 1197 1197 1183 1183 1185 1185 1185 1185 1183 1183 1187 1187 1183 1183 1186 1186 1187 1187 1187 1187 1186 1186 1301 1301 1188 1188 1301 1301 1186 1186 1189 1189 1191 1191 1188 1188 1190 1190 1189 1189 1045 1045 1189 1189 1190 1190 1191 1191 1193 1193 1188 1188 1191 1191 1193 1193 1191 1191 1192 1192 1193 1193 1192 1192 1195 1195 1194 1194 1195 1195 1192 1192 1195 1195 1196 1196 1294 1294 1197 1197 1185 1185 1294 1294 1199 1199 1197 1197 1294 1294 1294 1294 1196 1196 1199 1199 1201 1201 1199 1199 1196 1196 1201 1201 1200 1200 1199 1199 1197 1197 1199 1199 1200 1200 1201 1201 1280 1280 1200 1200 1202 1202 1201 1201 1194 1194 1203 1203 1201 1201 1202 1202 1203 1203 1202 1202 1191 1191 1203 1203 1204 1204 1201 1201 1205 1205 1204 1204 1203 1203 1112 1112 1119 1119 1204 1204 1204 1204 1119 1119 1120 1120 1204 1204 1120 1120 1280 1280 1208 1208 1170 1170 1258 1258 1258 1258 1170 1170 1206 1206 1120 1120 1206 1206 1170 1170 1207 1207 1170 1170 1208 1208 1207 1207 1209 1209 1232 1232 1210 1210 1211 1211 1209 1209 1209 1209 1211 1211 1212 1212 1209 1209 1212 1212 1213 1213 1212 1212 1256 1256 1213 1213 1215 1215 1217 1217 1216 1216 1217 1217 1223 1223 1216 1216 1219 1219 1223 1223 1217 1217 1218 1218 1219 1219 1217 1217 1127 1127 1220 1220 1242 1242 1242 1242 1220 1220 1219 1219 1220 1220 1223 1223 1219 1219 1222 1222 1220 1220 1221 1221 1223 1223 1220 1220 1225 1225 1225 1225 1220 1220 1222 1222 1225 1225 1222 1222 1233 1233 1224 1224 1225 1225 1233 1233 1226 1226 1227 1227 1225 1225 1226 1226 1161 1161 1162 1162 1226 1226 1162 1162 1227 1227 1164 1164 1228 1228 1227 1227 1228 1228 1223 1223 1227 1227 1216 1216 1223 1223 1228 1228 1228 1228 1229 1229 1216 1216 1228 1228 1164 1164 1229 1229 1215 1215 1216 1216 1229 1229 1165 1165 1229 1229 1164 1164 1230 1230 1215 1215 1229 1229 1167 1167 1230 1230 1229 1229 1167 1167 1231 1231 1230 1230 1171 1171 1231 1231 1167 1167 1171 1171 1209 1209 1231 1231 1209 1209 1171 1171 1232 1232 1232 1232 1171 1171 1172 1172 1232 1232 1172 1172 1207 1207 1167 1167 1166 1166 1171 1171 1231 1231 1213 1213 1214 1214 1209 1209 1213 1213 1231 1231 1231 1231 1214 1214 1230 1230 1230 1230 1214 1214 1215 1215 1227 1227 1223 1223 1225 1225 1225 1225 1161 1161 1226 1226 1224 1224 1161 1161 1225 1225 1224 1224 1233 1233 1161 1161 1236 1236 1129 1129 1237 1237 1236 1236 1235 1235 1129 1129 1236 1236 1237 1237 1238 1238 1238 1238 1235 1235 1236 1236 1158 1158 1238 1238 1156 1156 1158 1158 1160 1160 1238 1238 1239 1239 1156 1156 1238 1238 1238 1238 1240 1240 1239 1239 1238 1238 1237 1237 1240 1240 1240 1240 1237 1237 1131 1131 1131 1131 1239 1239 1240 1240 1160 1160 1233 1233 1238 1238 1234 1234 1238 1238 1233 1233 1235 1235 1238 1238 1234 1234 1234 1234 1241 1241 1235 1235 1235 1235 1241 1241 1129 1129 1220 1220 1129 1129 1241 1241 1220 1220 1241 1241 1221 1221 1221 1221 1241 1241 1234 1234 1234 1234 1233 1233 1221 1221 1307 1307 1161 1161 1233 1233 1307 1307 1233 1233 1160 1160 1221 1221 1233 1233 1222 1222 1243 1243 1145 1145 1242 1242 1242 1242 1145 1145 1126 1126 1126 1126 1127 1127 1242 1242 1243 1243 1244 1244 1145 1145 1243 1243 1242 1242 1244 1244 1245 1245 1269 1269 1244 1244 1245 1245 1244 1244 1246 1246 1245 1245 1246 1246 1273 1273 1273 1273 1246 1246 1259 1259 1247 1247 1246 1246 1248 1248 1248 1248 1246 1246 1244 1244 1250 1250 1246 1246 1249 1249 1257 1257 1249 1249 1251 1251 1249 1249 1247 1247 1251 1251 1211 1211 1251 1251 1247 1247 1212 1212 1247 1247 1255 1255 1211 1211 1247 1247 1212 1212 1255 1255 1247 1247 1254 1254 1254 1254 1247 1247 1252 1252 1254 1254 1252 1252 1253 1253 1254 1254 1256 1256 1255 1255 1212 1212 1255 1255 1256 1256 1256 1256 1218 1218 1213 1213 1253 1253 1218 1218 1256 1256 1213 1213 1218 1218 1214 1214 1253 1253 1256 1256 1254 1254 1252 1252 1242 1242 1253 1253 1253 1253 1242 1242 1219 1219 1219 1219 1218 1218 1253 1253 1247 1247 1248 1248 1252 1252 1248 1248 1242 1242 1252 1252 1210 1210 1251 1251 1211 1211 1210 1210 1257 1257 1251 1251 1209 1209 1208 1208 1257 1257 1209 1209 1257 1257 1210 1210 1259 1259 1257 1257 1258 1258 1259 1259 1249 1249 1257 1257 1258 1258 1262 1262 1259 1259 1262 1262 1260 1260 1259 1259 1262 1262 1261 1261 1260 1260 1262 1262 1265 1265 1261 1261 1262 1262 1263 1263 1265 1265 1262 1262 1206 1206 1263 1263 1117 1117 1263 1263 1206 1206 1265 1265 1263 1263 1264 1264 1265 1265 1264 1264 1261 1261 1263 1263 1266 1266 1264 1264 1266 1266 1267 1267 1264 1264 1269 1269 1270 1270 1268 1268 1268 1268 1270 1270 1271 1271 1270 1270 1245 1245 1271 1271 1270 1270 1269 1269 1245 1245 1271 1271 1245 1245 1272 1272 1268 1268 1271 1271 1272 1272 1261 1261 1268 1268 1272 1272 1267 1267 1268 1268 1261 1261 1264 1264 1267 1267 1261 1261 1272 1272 1273 1273 1261 1261 1261 1261 1273 1273 1260 1260 1272 1272 1245 1245 1273 1273 1260 1260 1273 1273 1259 1259 1275 1275 1268 1268 1267 1267 1275 1275 1269 1269 1268 1268 1266 1266 1275 1275 1267 1267 1274 1274 1275 1275 1266 1266 1274 1274 1266 1266 1121 1121 1274 1274 1121 1121 1123 1123 1124 1124 1275 1275 1274 1274 1123 1123 1124 1124 1274 1274 1276 1276 1206 1206 1262 1262 1258 1258 1206 1206 1276 1276 1276 1276 1262 1262 1258 1258 1259 1259 1250 1250 1249 1249 1208 1208 1258 1258 1257 1257 1209 1209 1207 1207 1208 1208 1250 1250 1259 1259 1246 1246 1247 1247 1249 1249 1246 1246 1244 1244 1242 1242 1248 1248 1215 1215 1218 1218 1217 1217 1214 1214 1218 1218 1215 1215 1117 1117 1206 1206 1120 1120 1120 1120 1170 1170 1277 1277 1277 1277 1280 1280 1120 1120 1278 1278 1280 1280 1277 1277 1200 1200 1280 1280 1279 1279 1279 1279 1280 1280 1281 1281 1284 1284 1281 1281 1282 1282 1281 1281 1284 1284 1283 1283 1198 1198 1283 1283 1284 1284 1198 1198 1284 1284 1282 1282 1197 1197 1200 1200 1285 1285 1285 1285 1200 1200 1283 1283 1285 1285 1283 1283 1198 1198 1197 1197 1285 1285 1198 1198 1279 1279 1281 1281 1283 1283 1283 1283 1200 1200 1279 1279 1282 1282 1184 1184 1288 1288 1282 1282 1286 1286 1176 1176 1184 1184 1282 1282 1176 1176 1178 1178 1184 1184 1177 1177 1177 1177 1184 1184 1176 1176 1183 1183 1178 1178 1181 1181 1183 1183 1184 1184 1178 1178 1176 1176 1286 1286 1175 1175 1282 1282 1281 1281 1286 1286 1287 1287 1175 1175 1286 1286 1287 1287 1286 1286 1281 1281 1278 1278 1175 1175 1287 1287 1280 1280 1278 1278 1287 1287 1184 1184 1197 1197 1288 1288 1198 1198 1288 1288 1197 1197 1198 1198 1282 1282 1288 1288 1280 1280 1287 1287 1281 1281 1278 1278 1277 1277 1175 1175 1190 1190 1204 1204 1205 1205 1203 1203 1190 1190 1205 1205 1190 1190 1203 1203 1191 1191 1190 1190 1047 1047 1289 1289 1290 1290 1289 1289 1047 1047 1290 1290 1048 1048 1291 1291 1048 1048 1290 1290 1047 1047 1292 1292 1112 1112 1290 1290 1291 1291 1292 1292 1290 1290 1048 1048 1292 1292 1291 1291 1048 1048 1049 1049 1292 1292 1290 1290 1112 1112 1293 1293 1293 1293 1112 1112 1204 1204 1289 1289 1290 1290 1293 1293 1289 1289 1293 1293 1190 1190 1190 1190 1293 1293 1204 1204 1292 1292 1094 1094 1112 1112 1204 1204 1280 1280 1201 1201 1192 1192 1202 1202 1194 1194 1191 1191 1202 1202 1192 1192 1201 1201 1196 1196 1195 1195 1201 1201 1195 1195 1194 1194 1185 1185 1297 1297 1294 1294 1295 1295 1294 1294 1296 1296 1296 1296 1294 1294 1297 1297 1295 1295 1195 1195 1294 1294 1195 1195 1295 1295 1296 1296 1296 1296 1193 1193 1195 1195 1193 1193 1296 1296 1297 1297 1297 1297 1298 1298 1193 1193 1297 1297 1185 1185 1298 1298 1298 1298 1187 1187 1299 1299 1298 1298 1185 1185 1187 1187 1300 1300 1299 1299 1187 1187 1300 1300 1298 1298 1299 1299 1298 1298 1300 1300 1301 1301 1301 1301 1302 1302 1298 1298 1193 1193 1298 1298 1302 1302 1188 1188 1193 1193 1302 1302 1301 1301 1188 1188 1302 1302 1187 1187 1301 1301 1300 1300 1190 1190 1045 1045 1047 1047 1189 1189 1303 1303 1304 1304 1044 1044 1189 1189 1304 1304 1189 1189 1044 1044 1045 1045 1044 1044 1304 1304 1043 1043 1307 1307 1305 1305 1306 1306 1307 1307 1304 1304 1305 1305 1162 1162 1307 1307 1306 1306 1159 1159 1304 1304 1307 1307 1306 1306 1166 1166 1162 1162 1306 1306 1168 1168 1166 1166 1306 1306 1311 1311 1168 1168 1311 1311 1305 1305 1310 1310 1306 1306 1305 1305 1311 1311 1168 1168 1311 1311 1173 1173 1311 1311 1308 1308 1312 1312 1311 1311 1310 1310 1308 1308 1182 1182 1312 1312 1308 1308 1186 1186 1308 1308 1309 1309 1182 1182 1308 1308 1186 1186 1308 1308 1310 1310 1309 1309 1188 1188 1186 1186 1309 1309 1188 1188 1309 1309 1310 1310 1188 1188 1310 1310 1189 1189 1189 1189 1310 1310 1303 1303 1312 1312 1182 1182 1180 1180 1180 1180 1313 1313 1312 1312 1313 1313 1311 1311 1312 1312 1314 1314 1311 1311 1313 1313 1313 1313 1179 1179 1314 1314 1314 1314 1179 1179 1174 1174 1179 1179 1177 1177 1174 1174 1314 1314 1174 1174 1173 1173 1173 1173 1311 1311 1314 1314 1303 1303 1310 1310 1305 1305 1303 1303 1305 1305 1304 1304 1182 1182 1186 1186 1183 1183 1170 1170 1168 1168 1277 1277 1277 1277 1168 1168 1174 1174 1227 1227 1163 1163 1164 1164 1158 1158 1156 1156 1157 1157 1239 1239 1131 1131 1132 1132 1128 1128 1127 1127 1133 1133 1128 1128 1133 1133 1134 1134 1116 1116 1122 1122 1117 1117 1120 1120 1119 1119 1118 1118 1112 1112 1315 1315 1115 1115 1115 1115 1315 1315 1114 1114 1112 1112 1111 1111 1315 1315 1106 1106 1315 1315 1111 1111 1028 1028 1043 1043 1304 1304 1316 1316 1028 1028 1343 1343 1343 1343 1317 1317 1316 1316 1316 1316 1318 1318 1028 1028 1033 1033 1028 1028 1318 1318 1318 1318 1316 1316 1341 1341 1318 1318 1319 1319 1033 1033 1320 1320 1321 1321 1319 1319 1321 1321 1033 1033 1319 1319 1319 1319 1322 1322 1320 1320 1320 1320 1087 1087 1039 1039 1321 1321 1320 1320 1039 1039 1322 1322 1087 1087 1320 1320 1039 1039 1087 1087 1323 1323 1323 1323 1324 1324 1325 1325 1323 1323 1325 1325 1326 1326 1325 1325 1324 1324 1327 1327 1325 1325 1327 1327 1026 1026 1328 1328 1026 1026 1327 1327 1084 1084 1328 1328 1327 1327 1084 1084 1085 1085 1328 1328 1328 1328 1085 1085 1329 1329 1329 1329 1022 1022 1328 1328 1085 1085 995 995 1329 1329 1329 1329 1021 1021 1022 1022 1330 1330 1021 1021 1329 1329 1329 1329 995 995 1330 1330 1331 1331 1021 1021 1330 1330 1333 1333 1331 1331 1330 1330 1016 1016 1021 1021 1331 1331 1018 1018 1021 1021 1016 1016 1016 1016 1331 1331 1332 1332 1336 1336 1332 1332 1333 1333 1333 1333 1332 1332 1331 1331 1334 1334 998 998 1333 1333 1333 1333 1330 1330 1334 1334 995 995 998 998 1334 1334 995 995 1334 1334 1330 1330 1336 1336 1333 1333 998 998 1336 1336 998 998 1335 1335 1335 1335 1006 1006 1336 1336 1006 1006 1337 1337 1336 1336 1339 1339 1337 1337 1006 1006 1017 1017 1337 1337 1339 1339 1337 1337 1017 1017 1016 1016 1015 1015 1017 1017 1338 1338 1015 1015 1338 1338 1339 1339 1338 1338 1017 1017 1339 1339 1015 1015 1339 1339 1009 1009 1337 1337 1016 1016 1332 1332 1336 1336 1337 1337 1332 1332 1006 1006 1340 1340 994 994 1335 1335 1340 1340 1006 1006 998 998 994 994 1340 1340 998 998 1340 1340 1335 1335 1084 1084 1327 1327 1324 1324 1323 1323 1326 1326 1039 1039 1326 1326 1040 1040 1039 1039 1026 1026 1040 1040 1326 1326 1326 1326 1325 1325 1026 1026 1324 1324 1087 1087 1086 1086 1324 1324 1323 1323 1087 1087 1319 1319 1318 1318 1322 1322 1322 1322 1088 1088 1087 1087 1318 1318 1341 1341 1322 1322 1341 1341 1088 1088 1322 1322 1341 1341 1089 1089 1088 1088 1090 1090 1092 1092 1341 1341 1089 1089 1341 1341 1092 1092 1316 1316 1090 1090 1341 1341 1317 1317 1090 1090 1316 1316 1317 1317 1343 1343 1342 1342 1096 1096 1343 1343 1098 1098 1343 1343 1095 1095 1342 1342 1343 1343 1096 1096 1095 1095 1342 1342 1095 1095 1091 1091 1342 1342 1091 1091 1317 1317 1317 1317 1091 1091 1090 1090 1094 1094 1080 1080 1093 1093 1092 1092 1093 1093 1080 1080 1092 1092 1080 1080 1089 1089 1089 1089 1074 1074 1088 1088 1089 1089 1080 1080 1074 1074 1088 1088 1074 1074 1344 1344 1344 1344 1074 1074 1076 1076 1344 1344 1086 1086 1088 1088 1076 1076 1086 1086 1344 1344 1345 1345 1397 1397 1346 1346 1346 1346 1067 1067 1345 1345 1346 1346 1397 1397 1068 1068 1346 1346 1068 1068 1067 1067 1345 1345 1067 1067 1066 1066 1345 1345 1079 1079 1397 1397 1066 1066 1079 1079 1345 1345 1065 1065 1079 1079 1066 1066 1065 1065 1347 1347 1079 1079 1064 1064 1347 1347 1065 1065 1064 1064 1348 1348 1347 1347 1348 1348 1077 1077 1347 1347 1349 1349 1348 1348 1064 1064 1351 1351 1348 1348 1349 1349 1349 1349 1350 1350 1351 1351 1350 1350 1075 1075 1351 1351 1352 1352 1075 1075 1350 1350 1350 1350 1353 1353 1352 1352 1352 1352 1353 1353 1354 1354 1354 1354 1357 1357 1352 1352 1354 1354 1356 1356 1357 1357 1354 1354 1355 1355 1356 1356 1356 1356 1355 1355 1357 1357 1358 1358 1357 1357 1355 1355 1358 1358 1355 1355 1360 1360 1358 1358 1359 1359 1357 1357 1360 1360 1355 1355 1362 1362 1362 1362 1361 1361 1384 1384 1355 1355 1361 1361 1362 1362 1384 1384 1380 1380 1362 1362 1362 1362 1380 1380 1363 1363 1380 1380 1371 1371 1365 1365 1365 1365 1363 1363 1380 1380 1371 1371 989 989 1365 1365 1365 1365 989 989 1364 1364 1364 1364 989 989 1366 1366 989 989 990 990 1366 1366 1366 1366 990 990 991 991 1366 1366 1367 1367 1364 1364 1364 1364 1367 1367 1081 1081 995 995 1081 1081 1367 1367 1368 1368 1367 1367 1366 1366 995 995 1367 1367 997 997 1368 1368 997 997 1367 1367 991 991 1368 1368 1366 1366 993 993 997 997 1368 1368 991 991 993 993 1368 1368 1364 1364 1081 1081 1365 1365 1365 1365 1081 1081 1369 1369 1369 1369 1081 1081 1370 1370 1369 1369 1363 1363 1365 1365 1370 1370 1363 1363 1369 1369 1360 1360 1362 1362 1370 1370 1363 1363 1370 1370 1362 1362 1370 1370 1081 1081 1360 1360 1081 1081 1082 1082 1360 1360 989 989 1371 1371 1372 1372 1372 1372 1371 1371 1373 1373 1373 1373 1371 1371 1379 1379 1373 1373 1034 1034 1374 1374 1372 1372 1373 1373 1374 1374 1034 1034 1014 1014 1374 1374 1374 1374 1014 1014 1375 1375 1374 1374 1375 1375 1376 1376 1376 1376 1375 1375 1378 1378 1376 1376 1377 1377 1374 1374 989 989 1372 1372 1377 1377 1376 1376 989 989 1377 1377 1374 1374 1377 1377 1372 1372 1378 1378 1011 1011 988 988 1376 1376 1378 1378 988 988 1375 1375 1014 1014 1378 1378 1378 1378 1014 1014 1011 1011 1379 1379 1371 1371 1380 1380 1380 1380 1381 1381 1379 1379 1380 1380 1382 1382 1381 1381 1379 1379 1381 1381 1382 1382 1384 1384 1382 1382 1380 1380 1382 1382 1383 1383 1379 1379 1384 1384 1385 1385 1382 1382 1385 1385 1037 1037 1382 1382 1386 1386 1387 1387 1385 1385 1387 1387 1037 1037 1385 1385 1384 1384 1361 1361 1386 1386 1386 1386 1385 1385 1384 1384 1388 1388 1386 1386 1361 1361 1387 1387 1386 1386 1388 1388 1388 1388 1062 1062 1389 1389 1390 1390 1391 1391 1389 1389 1391 1391 1396 1396 1388 1388 1388 1388 1389 1389 1391 1391 1390 1390 1035 1035 1391 1391 1391 1391 1035 1035 1396 1396 1390 1390 1393 1393 1035 1035 1390 1390 1392 1392 1393 1393 1390 1390 1062 1062 1392 1392 1392 1392 1394 1394 1393 1393 1392 1392 1062 1062 1394 1394 1393 1393 1394 1394 1061 1061 1062 1062 1061 1061 1394 1394 1061 1061 1395 1395 1393 1393 1061 1061 1060 1060 1395 1395 1395 1395 1035 1035 1393 1393 1060 1060 1032 1032 1395 1395 1395 1395 1032 1032 1035 1035 1396 1396 1035 1035 1036 1036 1396 1396 1036 1036 1387 1387 1388 1388 1396 1396 1387 1387 1390 1390 1389 1389 1062 1062 1361 1361 1355 1355 1388 1388 1062 1062 1388 1388 1355 1355 1387 1387 1036 1036 1037 1037 1382 1382 1037 1037 1383 1383 1383 1383 1037 1037 1038 1038 1383 1383 1038 1038 1379 1379 1379 1379 1038 1038 1373 1373 1373 1373 1038 1038 1034 1034 1360 1360 1082 1082 1358 1358 1358 1358 1082 1082 1359 1359 1359 1359 1082 1082 1357 1357 1355 1355 1354 1354 1062 1062 1357 1357 1075 1075 1352 1352 1357 1357 1082 1082 1075 1075 1062 1062 1354 1354 1353 1353 1062 1062 1353 1353 1349 1349 1350 1350 1349 1349 1353 1353 1351 1351 1075 1075 1077 1077 1351 1351 1077 1077 1348 1348 1064 1064 1062 1062 1349 1349 1068 1068 1397 1397 1070 1070 1049 1049 1072 1072 1292 1292 1071 1071 1070 1070 1072 1072 1058 1058 1057 1057 1061 1061 1059 1059 1061 1061 1057 1057 1057 1057 1030 1030 1059 1059 1056 1056 1031 1031 1030 1030 1046 1046 1029 1029 1054 1054 1054 1054 1029 1029 1031 1031 1053 1053 1029 1029 1046 1046 1042 1042 1041 1041 1053 1053 1042 1042 1053 1053 1046 1046 1014 1014 1025 1025 1019 1019 1019 1019 1025 1025 1398 1398 1398 1398 1020 1020 1019 1019 1398 1398 1025 1025 1023 1023 1398 1398 1023 1023 1020 1020 1019 1019 1021 1021 1018 1018 1009 1009 1010 1010 1015 1015 1399 1399 1012 1012 1008 1008 1007 1007 1400 1400 1008 1008 1008 1008 1400 1400 1004 1004 1399 1399 1008 1008 1004 1004 1005 1005 1004 1004 1400 1400 1399 1399 1003 1003 1401 1401 1401 1401 1012 1012 1399 1399 1399 1399 1004 1004 1003 1003 1011 1011 1012 1012 1402 1402 1403 1403 1402 1402 1012 1012 1403 1403 1012 1012 1401 1401 1403 1403 1401 1401 1404 1404 1401 1401 1405 1405 1404 1404 1405 1405 1406 1406 1404 1404 1404 1404 1406 1406 1407 1407 1407 1407 1406 1406 1408 1408 1404 1404 1407 1407 1408 1408 1408 1408 1406 1406 1409 1409 1410 1410 1409 1409 1406 1406 1410 1410 999 999 1409 1409 1410 1410 1406 1406 1001 1001 1001 1001 999 999 1410 1410 1409 1409 999 999 1411 1411 1411 1411 999 999 1433 1433 1411 1411 1412 1412 1409 1409 1433 1433 1431 1431 1411 1411 1413 1413 1411 1411 1431 1431 1415 1415 1412 1412 1411 1411 1415 1415 1411 1411 1413 1413 1416 1416 1415 1415 1413 1413 1414 1414 1416 1416 1413 1413 1416 1416 1417 1417 1402 1402 1416 1416 1402 1402 1418 1418 1418 1418 1402 1402 1403 1403 1418 1418 1404 1404 1408 1408 1418 1418 1408 1408 1416 1416 1403 1403 1404 1404 1418 1418 1011 1011 1417 1417 987 987 1011 1011 1402 1402 1417 1417 987 987 1417 1417 1419 1419 1416 1416 1419 1419 1417 1417 987 987 1419 1419 1420 1420 1414 1414 1419 1419 1416 1416 986 986 987 987 1420 1420 1420 1420 1419 1419 1421 1421 1421 1421 1419 1419 1422 1422 1423 1423 1424 1424 1422 1422 1423 1423 1425 1425 1441 1441 1422 1422 1425 1425 1423 1423 1426 1426 1425 1425 1422 1422 1426 1426 1413 1413 1425 1425 1413 1413 1427 1427 1425 1425 1425 1425 1427 1427 1441 1441 1441 1441 1427 1427 1428 1428 1429 1429 1427 1427 1430 1430 1431 1431 1432 1432 1430 1430 1430 1430 1432 1432 1429 1429 1433 1433 1434 1434 1432 1432 1432 1432 1434 1434 982 982 1432 1432 982 982 1435 1435 980 980 1435 1435 982 982 1437 1437 1432 1432 1436 1436 1432 1432 1435 1435 1436 1436 1437 1437 1427 1427 1429 1429 1429 1429 1432 1432 1437 1437 1436 1436 1438 1438 1437 1437 1440 1440 1439 1439 1438 1438 1424 1424 1438 1438 1439 1439 1441 1441 1438 1438 1424 1424 1441 1441 1428 1428 1438 1438 1423 1423 1441 1441 1424 1424 1424 1424 1442 1442 1443 1443 1442 1442 1446 1446 1443 1443 1444 1444 1443 1443 1445 1445 1443 1443 1446 1446 1445 1445 1442 1442 1462 1462 1446 1446 1445 1445 1446 1446 1448 1448 1446 1446 1452 1452 1449 1449 1449 1449 1448 1448 1446 1446 1447 1447 1450 1450 1446 1446 1446 1446 1450 1450 1452 1452 1449 1449 1452 1452 1451 1451 1452 1452 1455 1455 1453 1453 1452 1452 1454 1454 1451 1451 1452 1452 1450 1450 1455 1455 1447 1447 1455 1455 1450 1450 1446 1446 1456 1456 1455 1455 1446 1446 1455 1455 1447 1447 1456 1456 1457 1457 1455 1455 1458 1458 1455 1455 1457 1457 1453 1453 1455 1455 1458 1458 1459 1459 1453 1453 1458 1458 1460 1460 1459 1459 1458 1458 1442 1442 1461 1461 1462 1462 1459 1459 1462 1462 1461 1461 1460 1460 1462 1462 1459 1459 1463 1463 1462 1462 1460 1460 1460 1460 1458 1458 1463 1463 1456 1456 1462 1462 1463 1463 1463 1463 1458 1458 1457 1457 1463 1463 1457 1457 1456 1456 1442 1442 1464 1464 1461 1461 1442 1442 1467 1467 1464 1464 1464 1464 1453 1453 1461 1461 1464 1464 1465 1465 1453 1453 1453 1453 1459 1459 1461 1461 1466 1466 1453 1453 1465 1465 1466 1466 1493 1493 1453 1453 1464 1464 1466 1466 1465 1465 1467 1467 1466 1466 1464 1464 1468 1468 1469 1469 1467 1467 1468 1468 1472 1472 1470 1470 1469 1469 1468 1468 1470 1470 1467 1467 1472 1472 1468 1468 1467 1467 1471 1471 1472 1472 1472 1472 1471 1471 1473 1473 1473 1473 1474 1474 1472 1472 1438 1438 1436 1436 1473 1473 1473 1473 1440 1440 1438 1438 1473 1473 1436 1436 1474 1474 1436 1436 1475 1475 1474 1474 979 979 1476 1476 1475 1475 979 979 1475 1475 1477 1477 1474 1474 1475 1475 1476 1476 1436 1436 1477 1477 1475 1475 1436 1436 1435 1435 1477 1477 979 979 1477 1477 1435 1435 1474 1474 1476 1476 1478 1478 1472 1472 1474 1474 1478 1478 1478 1478 1479 1479 1481 1481 1478 1478 1476 1476 1479 1479 1481 1481 1479 1479 1482 1482 1483 1483 1478 1478 1481 1481 1483 1483 1481 1481 1484 1484 1483 1483 1484 1484 1485 1485 1484 1484 1506 1506 1485 1485 1488 1488 1485 1485 1486 1486 1486 1486 1485 1485 1487 1487 1487 1487 1485 1485 1506 1506 1485 1485 1488 1488 1490 1490 1489 1489 1490 1490 1488 1488 1490 1490 1489 1489 1748 1748 1751 1751 1472 1472 1490 1490 1751 1751 1490 1490 1748 1748 1749 1749 1751 1751 1748 1748 1748 1748 1491 1491 1749 1749 1748 1748 1492 1492 1491 1491 1493 1493 1492 1492 1494 1494 1492 1492 1493 1493 1491 1491 1495 1495 1493 1493 1494 1494 1495 1495 1494 1494 1498 1498 1494 1494 1492 1492 1496 1496 1497 1497 1498 1498 1502 1502 1500 1500 1498 1498 1497 1497 1498 1498 1499 1499 1495 1495 1499 1499 1498 1498 1500 1500 1501 1501 1502 1502 1498 1498 1503 1503 1497 1497 1502 1502 1504 1504 1503 1503 1502 1502 1504 1504 1502 1502 1505 1505 1507 1507 1504 1504 1505 1505 1486 1486 1487 1487 1505 1505 1505 1505 1506 1506 1507 1507 1487 1487 1506 1506 1505 1505 1507 1507 1506 1506 1508 1508 1508 1508 1511 1511 1507 1507 1507 1507 1511 1511 1504 1504 1511 1511 1503 1503 1504 1504 1508 1508 1510 1510 1511 1511 1509 1509 1510 1510 1508 1508 1509 1509 1512 1512 1510 1510 1513 1513 1512 1512 1509 1509 1513 1513 1639 1639 1512 1512 1639 1639 1514 1514 1512 1512 1515 1515 1514 1514 1639 1639 1516 1516 1517 1517 1515 1515 1515 1515 1517 1517 1514 1514 1517 1517 1519 1519 1514 1514 1517 1517 1520 1520 1519 1519 1518 1518 1520 1520 1517 1517 1519 1519 1520 1520 1521 1521 1522 1522 1521 1521 1523 1523 1524 1524 1523 1523 1521 1521 1521 1521 1522 1522 1495 1495 1495 1495 1499 1499 1521 1521 1741 1741 1521 1521 1499 1499 1524 1524 1521 1521 1520 1520 1518 1518 1524 1524 1520 1520 1524 1524 1518 1518 1526 1526 1525 1525 1526 1526 1518 1518 1526 1526 1523 1523 1524 1524 1525 1525 1527 1527 1526 1526 1528 1528 1526 1526 1527 1527 1523 1523 1526 1526 1528 1528 1527 1527 1529 1529 1528 1528 1527 1527 1636 1636 1529 1529 1527 1527 1525 1525 1636 1636 1533 1533 1636 1636 1530 1530 1529 1529 1636 1636 1533 1533 1530 1530 1636 1636 1608 1608 1531 1531 1533 1533 1530 1530 1530 1530 1608 1608 1531 1531 1531 1531 1532 1532 1533 1533 1532 1532 1564 1564 1533 1533 1532 1532 1534 1534 1564 1564 1536 1536 1540 1540 1534 1534 1536 1536 1535 1535 1537 1537 1537 1537 1538 1538 1536 1536 1536 1536 1538 1538 1540 1540 1539 1539 1540 1540 1538 1538 1539 1539 1552 1552 1540 1540 1546 1546 1534 1534 1540 1540 1540 1540 1552 1552 1546 1546 1541 1541 1552 1552 1553 1553 1543 1543 1552 1552 1554 1554 1542 1542 1552 1552 1539 1539 1551 1551 1552 1552 1541 1541 1544 1544 1552 1552 1543 1543 1545 1545 1552 1552 1547 1547 1548 1548 1552 1552 1544 1544 1546 1546 1552 1552 1549 1549 1550 1550 1552 1552 1548 1548 1549 1549 1552 1552 1551 1551 1553 1553 1552 1552 1550 1550 1554 1554 1552 1552 1545 1545 1545 1545 1555 1555 1554 1554 1556 1556 1555 1555 1545 1545 1555 1555 1557 1557 1554 1554 1559 1559 1557 1557 1555 1555 1555 1555 1558 1558 1559 1559 1559 1559 1558 1558 1452 1452 1559 1559 1452 1452 1453 1453 1559 1559 1493 1493 1495 1495 1453 1453 1493 1493 1559 1559 1559 1559 1560 1560 1557 1557 1561 1561 1560 1560 1559 1559 1559 1559 1495 1495 1561 1561 1495 1495 1565 1565 1561 1561 1562 1562 1565 1565 1495 1495 1562 1562 1495 1495 1522 1522 1544 1544 1565 1565 1562 1562 1544 1544 1562 1562 1522 1522 1548 1548 1522 1522 1523 1523 1550 1550 1523 1523 1563 1563 1548 1548 1523 1523 1550 1550 1550 1550 1563 1563 1541 1541 1541 1541 1563 1563 1528 1528 1550 1550 1541 1541 1553 1553 1541 1541 1529 1529 1564 1564 1541 1541 1528 1528 1529 1529 1541 1541 1564 1564 1551 1551 1529 1529 1533 1533 1564 1564 1528 1528 1563 1563 1523 1523 1544 1544 1522 1522 1548 1548 1543 1543 1561 1561 1565 1565 1543 1543 1565 1565 1544 1544 1554 1554 1560 1560 1543 1543 1543 1543 1560 1560 1561 1561 1554 1554 1557 1557 1560 1560 1558 1558 1566 1566 1567 1567 1567 1567 1568 1568 1558 1558 1537 1537 1571 1571 1568 1568 1568 1568 1452 1452 1558 1558 1568 1568 1571 1571 1452 1452 1568 1568 1569 1569 1537 1537 1567 1567 1569 1569 1568 1568 1542 1542 1538 1538 1537 1537 1542 1542 1537 1537 1569 1569 1542 1542 1569 1569 1570 1570 1552 1552 1570 1570 1566 1566 1542 1542 1570 1570 1552 1552 1570 1570 1569 1569 1566 1566 1566 1566 1558 1558 1547 1547 1552 1552 1566 1566 1547 1547 1547 1547 1555 1555 1556 1556 1545 1545 1547 1547 1556 1556 1547 1547 1558 1558 1555 1555 1567 1567 1566 1566 1569 1569 1537 1537 1572 1572 1571 1571 1454 1454 1452 1452 1571 1571 1454 1454 1571 1571 1716 1716 1716 1716 1571 1571 1718 1718 1573 1573 1718 1718 1571 1571 1572 1572 1573 1573 1571 1571 1572 1572 1574 1574 1573 1573 1575 1575 1573 1573 1580 1580 1580 1580 1573 1573 1574 1574 1577 1577 1573 1573 1575 1575 1577 1577 1575 1575 1576 1576 1576 1576 1578 1578 1577 1577 1711 1711 1713 1713 1578 1578 1711 1711 1578 1578 1710 1710 1710 1710 1578 1578 1579 1579 1580 1580 1579 1579 1578 1578 1581 1581 1579 1579 1580 1580 1581 1581 1580 1580 1582 1582 1580 1580 1574 1574 1582 1582 1582 1582 1583 1583 1584 1584 1581 1581 1584 1584 1585 1585 1581 1581 1582 1582 1584 1584 1588 1588 1586 1586 1587 1587 1709 1709 1588 1588 1587 1587 1589 1589 1709 1709 1587 1587 1590 1590 1589 1589 1587 1587 1592 1592 1589 1589 1590 1590 1592 1592 1709 1709 1589 1589 1592 1592 1594 1594 1709 1709 1593 1593 971 971 1592 1592 1591 1591 1593 1593 1592 1592 1592 1592 971 971 1594 1594 1617 1617 971 971 1593 1593 1595 1595 971 971 1596 1596 1596 1596 1601 1601 1597 1597 1601 1601 1596 1596 1599 1599 1596 1596 1597 1597 1598 1598 1596 1596 1598 1598 1595 1595 1600 1600 1596 1596 971 971 1599 1599 1596 1596 1600 1600 1600 1600 1601 1601 1599 1599 1601 1601 1600 1600 1602 1602 1603 1603 1601 1601 1602 1602 1597 1597 1601 1601 1604 1604 1603 1603 1604 1604 1601 1601 1605 1605 1604 1604 1603 1603 1603 1603 1606 1606 1605 1605 1607 1607 1604 1604 1605 1605 1605 1605 1606 1606 1607 1607 1607 1607 1609 1609 1518 1518 1606 1606 1609 1609 1607 1607 1607 1607 1518 1518 1637 1637 1637 1637 1518 1518 1517 1517 1603 1603 1609 1609 1606 1606 1609 1609 1610 1610 1608 1608 1624 1624 1610 1610 1609 1609 1624 1624 1609 1609 1611 1611 1611 1611 1612 1612 1624 1624 1613 1613 1612 1612 1611 1611 1614 1614 1613 1613 1611 1611 1616 1616 1614 1614 1611 1611 1616 1616 1611 1611 1615 1615 1609 1609 1615 1615 1611 1611 1602 1602 1615 1615 1609 1609 1602 1602 1600 1600 1615 1615 1617 1617 1616 1616 1615 1615 1615 1615 1600 1600 1617 1617 1617 1617 1593 1593 1591 1591 1591 1591 1614 1614 1617 1617 1617 1617 1614 1614 1616 1616 1591 1591 1592 1592 1614 1614 1618 1618 1614 1614 1592 1592 1592 1592 1619 1619 1618 1618 1614 1614 1618 1618 1613 1613 1618 1618 1620 1620 1613 1613 1618 1618 1621 1621 1620 1620 1620 1620 1535 1535 1622 1622 1621 1621 1535 1535 1620 1620 1535 1535 1536 1536 1622 1622 1613 1613 1622 1622 1536 1536 1620 1620 1622 1622 1613 1613 1613 1613 1532 1532 1623 1623 1612 1612 1613 1613 1623 1623 1536 1536 1532 1532 1613 1613 1623 1623 1532 1532 1624 1624 1612 1612 1623 1623 1624 1624 1610 1610 1624 1624 1531 1531 1624 1624 1532 1532 1531 1531 1625 1625 1535 1535 1621 1621 1625 1625 1621 1621 1618 1618 1619 1619 1625 1625 1618 1618 1626 1626 1625 1625 1619 1619 1626 1626 1629 1629 1625 1625 1628 1628 1627 1627 1626 1626 1627 1627 1629 1629 1626 1626 1586 1586 1627 1627 1628 1628 1587 1587 1586 1586 1628 1628 1587 1587 1628 1628 1590 1590 1590 1590 1628 1628 1626 1626 1627 1627 1630 1630 1629 1629 1631 1631 1572 1572 1630 1630 1630 1630 1572 1572 1537 1537 1631 1631 1630 1630 1627 1627 1535 1535 1629 1629 1630 1630 1630 1630 1537 1537 1535 1535 1572 1572 1631 1631 1633 1633 1632 1632 1633 1633 1631 1631 1583 1583 1633 1633 1632 1632 1583 1583 1632 1632 1585 1585 1585 1585 1632 1632 1634 1634 1584 1584 1583 1583 1585 1585 1634 1634 1632 1632 1627 1627 1585 1585 1634 1634 1586 1586 1586 1586 1634 1634 1627 1627 1582 1582 1635 1635 1633 1633 1582 1582 1633 1633 1583 1583 1635 1635 1574 1574 1633 1633 1574 1574 1635 1635 1582 1582 1632 1632 1631 1631 1627 1627 1572 1572 1633 1633 1574 1574 1629 1629 1535 1535 1625 1625 1590 1590 1626 1626 1619 1619 1590 1590 1619 1619 1592 1592 1610 1610 1531 1531 1608 1608 1603 1603 1602 1602 1609 1609 1608 1608 1636 1636 1609 1609 1525 1525 1609 1609 1636 1636 1525 1525 1518 1518 1609 1609 1637 1637 1517 1517 1516 1516 1638 1638 1637 1637 1516 1516 1597 1597 1638 1638 1639 1639 1515 1515 1639 1639 1638 1638 1515 1515 1638 1638 1516 1516 1597 1597 1639 1639 1513 1513 1597 1597 1513 1513 1642 1642 1642 1642 1513 1513 1640 1640 1484 1484 1640 1640 1506 1506 1641 1641 1640 1640 1513 1513 1506 1506 1640 1640 1641 1641 1509 1509 1641 1641 1513 1513 1508 1508 1506 1506 1641 1641 1508 1508 1641 1641 1509 1509 1481 1481 1640 1640 1484 1484 1481 1481 1643 1643 1640 1640 1643 1643 1642 1642 1640 1640 1643 1643 1481 1481 1644 1644 1644 1644 1642 1642 1643 1643 1644 1644 1645 1645 1642 1642 1645 1645 1644 1644 1646 1646 1646 1646 1689 1689 1679 1679 1644 1644 1689 1689 1646 1646 1646 1646 1679 1679 1660 1660 1646 1646 1660 1660 1647 1647 1646 1646 1647 1647 1648 1648 1648 1648 1705 1705 1646 1646 1648 1648 1649 1649 1650 1650 1650 1650 1652 1652 1651 1651 1653 1653 1652 1652 1650 1650 1653 1653 1650 1650 1649 1649 1654 1654 1653 1653 1658 1658 1653 1653 1649 1649 1658 1658 1653 1653 1691 1691 1652 1652 1655 1655 1691 1691 1653 1653 1691 1691 1655 1655 1692 1692 1692 1692 960 960 959 959 1655 1655 960 960 1692 1692 1655 1655 1656 1656 960 960 1656 1656 1655 1655 1657 1657 1653 1653 1657 1657 1655 1655 1654 1654 1657 1657 1653 1653 1658 1658 1661 1661 1657 1657 1658 1658 1657 1657 1654 1654 1661 1661 1658 1658 1647 1647 1647 1647 1658 1658 1659 1659 1658 1658 1649 1649 1659 1659 1648 1648 1659 1659 1649 1649 1647 1647 1659 1659 1648 1648 1661 1661 1647 1647 1660 1660 1660 1660 1662 1662 1661 1661 1661 1661 1662 1662 1656 1656 1661 1661 1656 1656 1657 1657 1662 1662 960 960 1656 1656 1662 1662 962 962 960 960 962 962 1662 1662 1667 1667 1667 1667 1662 1662 1663 1663 962 962 1667 1667 1664 1664 961 961 1664 1664 1666 1666 961 961 962 962 1664 1664 1664 1664 1665 1665 1666 1666 1669 1669 1665 1665 1664 1664 1667 1667 1669 1669 1664 1664 1668 1668 1669 1669 965 965 1667 1667 965 965 1669 1669 1670 1670 1669 1669 1668 1668 1669 1669 1670 1670 1665 1665 965 965 1671 1671 1670 1670 1670 1670 963 963 1666 1666 1670 1670 1671 1671 963 963 1665 1665 1670 1670 1666 1666 1668 1668 965 965 1670 1670 1667 1667 1672 1672 1673 1673 966 966 1667 1667 1673 1673 1674 1674 1673 1673 1672 1672 1674 1674 1672 1672 1675 1675 1672 1672 1676 1676 1675 1675 1675 1675 1676 1676 1663 1663 1675 1675 1663 1663 1677 1677 1667 1667 1676 1676 1672 1672 1667 1667 1663 1663 1676 1676 1660 1660 1677 1677 1662 1662 1660 1660 1678 1678 1677 1677 1675 1675 1677 1677 1678 1678 1679 1679 1678 1678 1660 1660 1679 1679 1680 1680 1678 1678 1679 1679 1689 1689 1680 1680 1680 1680 1689 1689 1678 1678 1681 1681 1678 1678 1689 1689 1683 1683 966 966 1681 1681 1682 1682 967 967 1683 1683 1683 1683 967 967 966 966 1686 1686 967 967 1682 1682 1684 1684 1686 1686 1682 1682 1684 1684 1685 1685 1686 1686 976 976 977 977 1686 1686 1686 1686 1685 1685 976 976 1685 1685 1482 1482 976 976 976 976 1482 1482 1479 1479 976 976 1479 1479 977 977 977 977 1479 1479 1476 1476 1685 1685 1687 1687 1482 1482 1481 1481 1482 1482 1687 1687 1481 1481 1687 1687 1644 1644 1688 1688 1687 1687 1685 1685 1688 1688 1689 1689 1687 1687 1644 1644 1687 1687 1689 1689 1684 1684 1688 1688 1685 1685 1682 1682 1688 1688 1684 1684 1682 1682 1689 1689 1688 1688 1683 1683 1681 1681 1689 1689 1683 1683 1689 1689 1682 1682 1681 1681 1690 1690 1678 1678 1681 1681 1673 1673 1690 1690 1681 1681 966 966 1673 1673 1675 1675 1690 1690 1674 1674 1675 1675 1678 1678 1690 1690 1690 1690 1673 1673 1674 1674 1663 1663 1662 1662 1677 1677 961 961 1666 1666 963 963 1693 1693 1691 1691 1692 1692 1692 1692 1695 1695 1693 1693 1692 1692 959 959 1694 1694 958 958 1694 1694 959 959 958 958 1692 1692 1694 1694 1692 1692 957 957 1695 1695 1693 1693 1696 1696 1691 1691 1697 1697 1696 1696 1693 1693 1698 1698 1697 1697 1695 1695 1695 1695 1697 1697 1693 1693 1699 1699 1697 1697 1698 1698 1698 1698 1700 1700 1701 1701 1695 1695 957 957 1700 1700 1698 1698 1695 1695 1700 1700 1700 1700 1702 1702 1701 1701 1702 1702 1700 1700 957 957 957 957 958 958 1702 1702 962 962 1703 1703 1702 1702 962 962 1702 1702 958 958 1701 1701 1702 1702 1703 1703 1698 1698 1703 1703 1699 1699 1698 1698 1701 1701 1703 1703 1704 1704 1703 1703 970 970 962 962 970 970 1703 1703 1699 1699 1703 1703 1704 1704 1704 1704 970 970 1595 1595 1704 1704 1705 1705 1699 1699 1699 1699 1696 1696 1697 1697 1699 1699 1705 1705 1696 1696 1704 1704 1706 1706 1705 1705 1705 1705 1706 1706 1598 1598 1595 1595 1706 1706 1704 1704 1706 1706 1595 1595 1598 1598 1646 1646 1598 1598 1645 1645 1646 1646 1705 1705 1598 1598 1696 1696 1705 1705 1707 1707 1648 1648 1707 1707 1705 1705 1648 1648 1650 1650 1707 1707 1651 1651 1707 1707 1650 1650 1691 1691 1696 1696 1707 1707 1691 1691 1707 1707 1651 1651 957 957 1692 1692 958 958 1691 1691 1651 1651 1652 1652 1645 1645 1597 1597 1642 1642 1645 1645 1598 1598 1597 1597 1637 1637 1638 1638 1708 1708 1597 1597 1708 1708 1638 1638 1637 1637 1708 1708 1607 1607 1597 1597 1604 1604 1708 1708 1607 1607 1708 1708 1604 1604 1600 1600 971 971 1617 1617 1595 1595 970 970 971 971 973 973 1594 1594 971 971 973 973 1709 1709 1594 1594 1710 1710 1579 1579 1709 1709 1710 1710 1709 1709 973 973 973 973 1711 1711 1710 1710 1711 1711 973 973 1712 1712 1712 1712 1713 1713 1711 1711 1712 1712 1722 1722 1713 1713 1714 1714 1713 1713 1715 1715 1714 1714 1715 1715 1716 1716 1577 1577 1717 1717 1714 1714 1714 1714 1718 1718 1577 1577 1714 1714 1716 1716 1718 1718 1577 1577 1718 1718 1573 1573 1578 1578 1713 1713 1717 1717 1577 1577 1578 1578 1717 1717 1717 1717 1713 1713 1714 1714 1715 1715 1454 1454 1716 1716 1719 1719 1720 1720 1715 1715 1720 1720 1454 1454 1715 1715 1451 1451 1454 1454 1720 1720 1721 1721 1451 1451 1720 1720 1721 1721 1720 1720 1719 1719 1449 1449 1451 1451 1721 1721 1448 1448 1449 1449 1713 1713 1713 1713 1722 1722 1448 1448 1722 1722 1444 1444 1448 1448 1444 1444 1445 1445 1448 1448 1722 1722 1712 1712 1723 1723 1736 1736 1723 1723 1712 1712 1722 1722 1723 1723 1444 1444 1725 1725 1723 1723 1724 1724 1725 1725 1422 1422 1723 1723 1724 1724 1723 1723 1736 1736 1444 1444 1723 1723 1443 1443 1443 1443 1723 1723 1424 1424 1723 1723 1422 1422 1424 1424 1726 1726 1727 1727 1725 1725 1726 1726 1728 1728 1727 1727 1729 1729 1727 1727 1728 1728 1728 1728 985 985 1729 1729 986 986 1420 1420 1729 1729 1729 1729 1420 1420 1421 1421 1729 1729 985 985 986 986 1729 1729 1421 1421 1727 1727 1726 1726 1730 1730 1728 1728 1725 1725 1730 1730 1726 1726 1731 1731 1730 1730 1725 1725 1731 1731 978 978 1730 1730 977 977 1731 1731 1733 1733 978 978 1731 1731 977 977 1731 1731 1725 1725 1732 1732 1733 1733 1731 1731 1732 1732 1734 1734 1733 1733 1732 1732 1735 1735 1733 1733 1734 1734 1732 1732 1736 1736 1734 1734 1725 1725 1724 1724 1732 1732 1732 1732 1724 1724 1736 1736 1736 1736 1737 1737 1734 1734 1736 1736 1712 1712 1737 1737 1737 1737 973 973 972 972 1737 1737 1712 1712 973 973 1737 1737 972 972 975 975 1735 1735 1737 1737 975 975 1735 1735 1734 1734 1737 1737 975 975 1733 1733 1735 1735 1730 1730 978 978 980 980 980 980 1728 1728 1730 1730 1727 1727 1421 1421 1725 1725 1421 1421 1422 1422 1725 1725 1713 1713 1449 1449 1738 1738 1721 1721 1738 1738 1449 1449 1713 1713 1738 1738 1719 1719 1719 1719 1738 1738 1721 1721 1713 1713 1719 1719 1715 1715 1709 1709 1581 1581 1739 1739 1579 1579 1581 1581 1709 1709 1709 1709 1739 1739 1588 1588 1586 1586 1588 1588 1739 1739 1585 1585 1739 1739 1581 1581 1586 1586 1739 1739 1585 1585 1576 1576 1575 1575 1580 1580 1580 1580 1578 1578 1576 1576 1551 1551 1564 1564 1549 1549 1549 1549 1534 1534 1546 1546 1549 1549 1564 1564 1534 1534 1539 1539 1538 1538 1542 1542 1536 1536 1534 1534 1532 1532 1519 1519 1521 1521 1741 1741 1514 1514 1519 1519 1741 1741 1514 1514 1741 1741 1740 1740 1740 1740 1741 1741 1512 1512 1514 1514 1740 1740 1512 1512 1741 1741 1743 1743 1742 1742 1741 1741 1499 1499 1743 1743 1499 1499 1742 1742 1743 1743 1741 1741 1742 1742 1744 1744 1742 1742 1500 1500 1744 1744 1499 1499 1500 1500 1742 1742 1510 1510 1741 1741 1744 1744 1510 1510 1744 1744 1511 1511 1744 1744 1500 1500 1497 1497 1744 1744 1497 1497 1503 1503 1511 1511 1744 1744 1503 1503 1512 1512 1741 1741 1510 1510 1486 1486 1501 1501 1745 1745 1746 1746 1488 1488 1745 1745 1745 1745 1488 1488 1486 1486 1501 1501 1494 1494 1745 1745 1746 1746 1745 1745 1496 1496 1745 1745 1494 1494 1496 1496 1496 1496 1747 1747 1748 1748 1748 1748 1747 1747 1492 1492 1747 1747 1496 1496 1492 1492 1748 1748 1489 1489 1496 1496 1496 1496 1488 1488 1746 1746 1496 1496 1489 1489 1488 1488 1501 1501 1486 1486 1505 1505 1501 1501 1505 1505 1502 1502 1494 1494 1501 1501 1498 1498 1491 1491 1493 1493 1749 1749 1749 1749 1493 1493 1750 1750 1751 1751 1749 1749 1750 1750 1750 1750 1470 1470 1751 1751 1469 1469 1470 1470 1750 1750 1470 1470 1472 1472 1751 1751 1750 1750 1493 1493 1469 1469 1478 1478 1490 1490 1472 1472 1480 1480 1490 1490 1478 1478 1480 1480 1485 1485 1490 1490 1483 1483 1485 1485 1480 1480 1480 1480 1478 1478 1483 1483 978 978 1476 1476 979 979 977 977 1476 1476 978 978 1473 1473 1439 1439 1440 1440 1473 1473 1471 1471 1439 1439 1467 1467 1439 1439 1471 1471 1469 1469 1493 1493 1467 1467 1467 1467 1493 1493 1466 1466 1467 1467 1442 1442 1439 1439 1446 1446 1462 1462 1456 1456 1424 1424 1439 1439 1442 1442 1437 1437 1438 1438 1428 1428 1437 1437 1428 1428 1427 1427 979 979 1435 1435 980 980 982 982 1434 1434 983 983 1433 1433 997 997 1434 1434 983 983 1434 1434 997 997 1431 1431 1433 1433 1432 1432 999 999 997 997 1433 1433 1430 1430 1427 1427 1752 1752 1430 1430 1752 1752 1431 1431 1413 1413 1431 1431 1752 1752 1413 1413 1752 1752 1427 1427 1422 1422 1419 1419 1426 1426 1426 1426 1419 1419 1414 1414 1414 1414 1413 1413 1426 1426 1416 1416 1408 1408 1415 1415 1408 1408 1412 1412 1415 1415 1412 1412 1408 1408 1409 1409 1001 1001 1406 1406 1002 1002 1405 1405 1002 1002 1406 1406 1401 1401 1002 1002 1405 1405 988 988 1011 1011 987 987 1005 1005 1400 1400 1006 1006 1006 1006 994 994 996 996 992 992 993 993 991 991 981 981 1728 1728 980 980 972 972 968 968 974 974 969 969 968 968 972 972 964 964 970 970 961 961 961 961 970 970 962 962 963 963 1671 1671 965 965 964 964 961 961 963 963</p></triangles><triangles count="5502" material="Material_009-material"><input offset="0" semantic="VERTEX" source="#thigh_001-mesh-slim-pos-vertices"/><input offset="1" semantic="NORMAL" source="#thigh_001-mesh-slim-nrm"/><p>1754 1754 1834 1834 1755 1755 2360 2360 1756 1756 1757 1757 1757 1757 1756 1756 1833 1833 1756 1756 1755 1755 1758 1758 1786 1786 1761 1761 1758 1758 1761 1761 1786 1786 1783 1783 1783 1783 1785 1785 1784 1784 2231 2231 1785 1785 1760 1760 1784 1784 1785 1785 2231 2231 1783 1783 1786 1786 1785 1785 1786 1786 1759 1759 1764 1764 1764 1764 1759 1759 2232 2232 1788 1788 1765 1765 1914 1914 1787 1787 1765 1765 1788 1788 1767 1767 1763 1763 1766 1766 1770 1770 1789 1789 1766 1766 1771 1771 1790 1790 1770 1770 2059 2059 1773 1773 1771 1771 1777 1777 1794 1794 2059 2059 1794 1794 1775 1775 1795 1795 1795 1795 1775 1775 1796 1796 1776 1776 1796 1796 1828 1828 1795 1795 1796 1796 1776 1776 1778 1778 1831 1831 2342 2342 1782 1782 1778 1778 1781 1781 1779 1779 1778 1778 1782 1782 1831 1831 1779 1779 1780 1780 1779 1779 1831 1831 1778 1778 1778 1778 2342 2342 1777 1777 1775 1775 1794 1794 1777 1777 1775 1775 1777 1777 1774 1774 1774 1774 1777 1777 2342 2342 2059 2059 1794 1794 1772 1772 1773 1773 2059 2059 1793 1793 1793 1793 2059 2059 1772 1772 1771 1771 1773 1773 2326 2326 1771 1771 2326 2326 1792 1792 1771 1771 1792 1792 2222 2222 1790 1790 1771 1771 1791 1791 1791 1791 1771 1771 2222 2222 2315 2315 1789 1789 1770 1770 2315 2315 1770 1770 1790 1790 1766 1766 1789 1789 1769 1769 1767 1767 1766 1766 1769 1769 1763 1763 1767 1767 1768 1768 1763 1763 1768 1768 1765 1765 1765 1765 1787 1787 1763 1763 1763 1763 1787 1787 2232 2232 2232 2232 1759 1759 1763 1763 1758 1758 1761 1761 1762 1762 1786 1786 1758 1758 1759 1759 1756 1756 1758 1758 1762 1762 1756 1756 2360 2360 1755 1755 1755 1755 2360 2360 1753 1753 1754 1754 1755 1755 1753 1753 1754 1754 1835 1835 1834 1834 1801 1801 1801 1801 1801 1801 1801 1801 1801 1801 1801 1801 1801 1801 1801 1801 1801 1801 1801 1801 1801 1801 1801 1801 1800 1800 1800 1800 1801 1801 1799 1799 1799 1799 1800 1800 1799 1799 1799 1799 1798 1798 1798 1798 1798 1798 1797 1797 1798 1798 1799 1799 1798 1798 1800 1800 1799 1799 1800 1800 1801 1801 1800 1800 1801 1801 1801 1801 1801 1801 1801 1801 1801 1801 1801 1801 1801 1801 1801 1801 1801 1801 1801 1801 1801 1801 1801 1801 1801 1801 2377 2377 2365 2365 2363 2363 2377 2377 2364 2364 1917 1917 1835 1835 1754 1754 1918 1918 1918 1918 1928 1928 1910 1910 2369 2369 1918 1918 1910 1910 1913 1913 1907 1907 2369 2369 2369 2369 1907 1907 2378 2378 2369 2369 2378 2378 2366 2366 2374 2374 1895 1895 1905 1905 1896 1896 1905 1905 1895 1895 1944 1944 1894 1894 1901 1901 2990 2990 2549 2549 2548 2548 2996 2996 2847 2847 2997 2997 3002 3002 2842 2842 3003 3003 3003 3003 2842 2842 3001 3001 2998 2998 3003 3003 3001 3001 3003 3003 2998 2998 3002 3002 2848 2848 3002 3002 2998 2998 2848 2848 2998 2998 3000 3000 3000 3000 2998 2998 3001 3001 3000 3000 3001 3001 2999 2999 3001 3001 3000 3000 2999 2999 2847 2847 3000 3000 2997 2997 2997 2997 3000 3000 3001 3001 1903 1903 1944 1944 1901 1901 2004 2004 1946 1946 1899 1899 2609 2609 2748 2748 2608 2608 2609 2609 2846 2846 2571 2571 2609 2609 2571 2571 2570 2570 2572 2572 2570 2570 2571 2571 2570 2570 1888 1888 1887 1887 1886 1886 1887 1887 1888 1888 1946 1946 2004 2004 2165 2165 2165 2165 2004 2004 2005 2005 1899 1899 1946 1946 1887 1887 1886 1886 1899 1899 1887 1887 1900 1900 1886 1886 1888 1888 1900 1900 1888 1888 1903 1903 1945 1945 1903 1903 1888 1888 1944 1944 1903 1903 1945 1945 2570 2570 2382 2382 1888 1888 1888 1888 2382 2382 1945 1945 2498 2498 2383 2383 1945 1945 2573 2573 2570 2570 2572 2572 2570 2570 2573 2573 2382 2382 2573 2573 1945 1945 2382 2382 2498 2498 1945 1945 2573 2573 2573 2573 2572 2572 2498 2498 2571 2571 2498 2498 2572 2572 2883 2883 2498 2498 2890 2890 2498 2498 2571 2571 2890 2890 2992 2992 2890 2890 2846 2846 2571 2571 2846 2846 2890 2890 2992 2992 2991 2991 2883 2883 2992 2992 2883 2883 2890 2890 2996 2996 2994 2994 2846 2846 2994 2994 2992 2992 2846 2846 2993 2993 2994 2994 2996 2996 2993 2993 2992 2992 2994 2994 2997 2997 2995 2995 2996 2996 2996 2996 2995 2995 2993 2993 2992 2992 2993 2993 2995 2995 2995 2995 2991 2991 2992 2992 2547 2547 2995 2995 2997 2997 2549 2549 2547 2547 2997 2997 2549 2549 2997 2997 3001 3001 2549 2549 3001 3001 2842 2842 2549 2549 2990 2990 2547 2547 2990 2990 2995 2995 2547 2547 2989 2989 2548 2548 2988 2988 2987 2987 2548 2548 2989 2989 2990 2990 2991 2991 2995 2995 2991 2991 2990 2990 2548 2548 2987 2987 2991 2991 2548 2548 2987 2987 2574 2574 2991 2991 2883 2883 2991 2991 2574 2574 2987 2987 2989 2989 2574 2574 2383 2383 2498 2498 2574 2574 2574 2574 2498 2498 2883 2883 1944 1944 2574 2574 1893 1893 2383 2383 2574 2574 1944 1944 1945 1945 2383 2383 1944 1944 1894 1894 1944 1944 1893 1893 2376 2376 1893 1893 2375 2375 1893 1893 1896 1896 2375 2375 1896 1896 1906 1906 1905 1905 1895 1895 2374 2374 1896 1896 1821 1821 1905 1905 1920 1920 2374 2374 1905 1905 1821 1821 1896 1896 2374 2374 2375 2375 2374 2374 1821 1821 2375 2375 1916 1916 1924 1924 1922 1922 1924 1924 1926 1926 1925 1925 1922 1922 1924 1924 1923 1923 1916 1916 1922 1922 1921 1921 1838 1838 1821 1821 1920 1920 1838 1838 1916 1916 1822 1822 1822 1822 1821 1821 1838 1838 1821 1821 1822 1822 1823 1823 2375 2375 1821 1821 1823 1823 2375 2375 1823 1823 2376 2376 1823 1823 1824 1824 1897 1897 2376 2376 1823 1823 1897 1897 2376 2376 1897 1897 1893 1893 1894 1894 1893 1893 1897 1897 1898 1898 1897 1897 1824 1824 1898 1898 1894 1894 1897 1897 1898 1898 1901 1901 1894 1894 1901 1901 1898 1898 1902 1902 1898 1898 1826 1826 1902 1902 1826 1826 1898 1898 1824 1824 1826 1826 1901 1901 1902 1902 1901 1901 1826 1826 2366 2366 1802 1802 2366 2366 1826 1826 1901 1901 2367 2367 1903 1903 2366 2366 2367 2367 1901 1901 2368 2368 2366 2366 2378 2378 2367 2367 2366 2366 2368 2368 2367 2367 2368 2368 1903 1903 1900 1900 1903 1903 2368 2368 1899 1899 1900 1900 2368 2368 1899 1899 1886 1886 1900 1900 2378 2378 1899 1899 2368 2368 1904 1904 1908 1908 1899 1899 1899 1899 2378 2378 1904 1904 2378 2378 1907 1907 1908 1908 2378 2378 1908 1908 1904 1904 1908 1908 1909 1909 1899 1899 1908 1908 2202 2202 1912 1912 1907 1907 1911 1911 1908 1908 1911 1911 1913 1913 2369 2369 1911 1911 2369 2369 1910 1910 1913 1913 1911 1911 1907 1907 1910 1910 1928 1928 1825 1825 2274 2274 1910 1910 1825 1825 1825 1825 2370 2370 2274 2274 2274 2274 2370 2370 2371 2371 2274 2274 1908 1908 1911 1911 2274 2274 1911 1911 1910 1910 1908 1908 2373 2373 2202 2202 1908 1908 2274 2274 2373 2373 2373 2373 2274 2274 2371 2371 2273 2273 2247 2247 2373 2373 1930 1930 2246 2246 2272 2272 2273 2273 2372 2372 2272 2272 2246 2246 2247 2247 2272 2272 2272 2272 2247 2247 2273 2273 2372 2372 2273 2273 2373 2373 1919 1919 2272 2272 2372 2372 2372 2372 2373 2373 1919 1919 1919 1919 2373 2373 2371 2371 2371 2371 1929 1929 1919 1919 2371 2371 2370 2370 1929 1929 1929 1929 2272 2272 1919 1919 1929 1929 1754 1754 2272 2272 2272 2272 1754 1754 1930 1930 1835 1835 1918 1918 1838 1838 1918 1918 1754 1754 1929 1929 1918 1918 1929 1929 2370 2370 1918 1918 2370 2370 1825 1825 1918 1918 1825 1825 1928 1928 2369 2369 2366 2366 1918 1918 1838 1838 1918 1918 1917 1917 1838 1838 1917 1917 1916 1916 1916 1916 1917 1917 1924 1924 1924 1924 1917 1917 1926 1926 1926 1926 1917 1917 1927 1927 2377 2377 1917 1917 1918 1918 2364 2364 2377 2377 2363 2363 2377 2377 1918 1918 2366 2366 1916 1916 2365 2365 1822 1822 2377 2377 2366 2366 2365 2365 2365 2365 2366 2366 1802 1802 2365 2365 1802 1802 1822 1822 1824 1824 1802 1802 1826 1826 1824 1824 1822 1822 1802 1802 1823 1823 1822 1822 1824 1824 1993 1993 2148 2148 1994 1994 1964 1964 2148 2148 1993 1993 2326 2326 2220 2220 2324 2324 2326 2326 2324 2324 1792 1792 2324 2324 2220 2220 1792 1792 2221 2221 1792 1792 2220 2220 2220 2220 2326 2326 2325 2325 2327 2327 2326 2326 1773 1773 2328 2328 2325 2325 2326 2326 2328 2328 2326 2326 2327 2327 2325 2325 2328 2328 2220 2220 2225 2225 2331 2331 2224 2224 1878 1878 1879 1879 1960 1960 1879 1879 1880 1880 2238 2238 1879 1879 2237 2237 1880 1880 1880 1880 2237 2237 2238 2238 2331 2331 2329 2329 2237 2237 2225 2225 2329 2329 2331 2331 2328 2328 2329 2329 2225 2225 2329 2329 2328 2328 2327 2327 2327 2327 2330 2330 2329 2329 2330 2330 2327 2327 1931 1931 1931 1931 2327 2327 1773 1773 2330 2330 1931 1931 2329 2329 1931 1931 1773 1773 1793 1793 1931 1931 2237 2237 2329 2329 1931 1931 1793 1793 1772 1772 1931 1931 1772 1772 2332 2332 1776 1776 1772 1772 1794 1794 1776 1776 1794 1794 1795 1795 2239 2239 1772 1772 1776 1776 2239 2239 2332 2332 1772 1772 1931 1931 2332 2332 2237 2237 2332 2332 2238 2238 2237 2237 2332 2332 2239 2239 2238 2238 2238 2238 2239 2239 1879 1879 1776 1776 2218 2218 2239 2239 1960 1960 2239 2239 1827 1827 1804 1804 1775 1775 1774 1774 2212 2212 1830 1830 2335 2335 1831 1831 1780 1780 2211 2211 2211 2211 1829 1829 1831 1831 1829 1829 2211 2211 2333 2333 2335 2335 2333 2333 2211 2211 1801 1801 2338 2338 1801 1801 1801 1801 2338 2338 1801 1801 1801 1801 2338 2338 1801 1801 1801 1801 2338 2338 1800 1800 2340 2340 2338 2338 2337 2337 2079 2079 1957 1957 1955 1955 2078 2078 2079 2079 1992 1992 1955 1955 1957 1957 1881 1881 2341 2341 1955 1955 1881 1881 2341 2341 2339 2339 2337 2337 2340 2340 2337 2337 2339 2339 2337 2337 2213 2213 2341 2341 1955 1955 2341 2341 2213 2213 2213 2213 2336 2336 2212 2212 2336 2336 2213 2213 2337 2337 2333 2333 2335 2335 2334 2334 2212 2212 2336 2336 2337 2337 2335 2335 1830 1830 2334 2334 1830 1830 1829 1829 2333 2333 1830 1830 2333 2333 2334 2334 2212 2212 2337 2337 1830 1830 1831 1831 1829 1829 1830 1830 1830 1830 2342 2342 1831 1831 2337 2337 2338 2338 1797 1797 1797 1797 2338 2338 1801 1801 1800 1800 2338 2338 1797 1797 1797 1797 1801 1801 1801 1801 1797 1797 1801 1801 1801 1801 1797 1797 1801 1801 1801 1801 1797 1797 1801 1801 1800 1800 1797 1797 1800 1800 1799 1799 1800 1800 1797 1797 1799 1799 1797 1797 1799 1799 1798 1798 1799 1799 1797 1797 1798 1798 1797 1797 2338 2338 2340 2340 1830 1830 2337 2337 1797 1797 1797 1797 2342 2342 1830 1830 2342 2342 1797 1797 2340 2340 2341 2341 1804 1804 2342 2342 2342 2342 2339 2339 2341 2341 2339 2339 2342 2342 2340 2340 1774 1774 2342 2342 1804 1804 1796 1796 1775 1775 1828 1828 1827 1827 1828 1828 1775 1775 1827 1827 1775 1775 1804 1804 2239 2239 1960 1960 1879 1879 1960 1960 1827 1827 2236 2236 1959 1959 1960 1960 2236 2236 1878 1878 1960 1960 1962 1962 1879 1879 1878 1878 1962 1962 1962 1962 1961 1961 1879 1879 1961 1961 1963 1963 1879 1879 2237 2237 1879 1879 1963 1963 2331 2331 2237 2237 2219 2219 2224 2224 2331 2331 2219 2219 1963 1963 2219 2219 2237 2237 2224 2224 1964 1964 1993 1993 2219 2219 1963 1963 2224 2224 1965 1965 1964 1964 2224 2224 1961 1961 1965 1965 2224 2224 2224 2224 1963 1963 1961 1961 1965 1965 1961 1961 1962 1962 1958 1958 1957 1957 1882 1882 1881 1881 1957 1957 1958 1958 1882 1882 1962 1962 1960 1960 1962 1962 1882 1882 1965 1965 1965 1965 1882 1882 1956 1956 1883 1883 1958 1958 1882 1882 1882 1882 1960 1960 1883 1883 1960 1960 1958 1958 1883 1883 1805 1805 1960 1960 1959 1959 1805 1805 1958 1958 1960 1960 1805 1805 1881 1881 1958 1958 2341 2341 1881 1881 1805 1805 2341 2341 1805 1805 2236 2236 1959 1959 2236 2236 1805 1805 1803 1803 1804 1804 2341 2341 1803 1803 2341 2341 2236 2236 1803 1803 2236 2236 1827 1827 1803 1803 1827 1827 1804 1804 2279 2279 2234 2234 2280 2280 2280 2280 1756 1756 1762 1762 1939 1939 1937 1937 1892 1892 1933 1933 1937 1937 1932 1932 1785 1785 2292 2292 1760 1760 1764 1764 2292 2292 1786 1786 2292 2292 1785 1785 1786 1786 2287 2287 1934 1934 1935 1935 1934 1934 2011 2011 2119 2119 2011 2011 1934 1934 2287 2287 1934 1934 1932 1932 1935 1935 1935 1935 2228 2228 2287 2287 2241 2241 2290 2290 1935 1935 2290 2290 2242 2242 1935 1935 2228 2228 1935 1935 2242 2242 2242 2242 2290 2290 2228 2228 2290 2290 2287 2287 2228 2228 2289 2289 2287 2287 2290 2290 1914 1914 2283 2283 1788 1788 2229 2229 2283 2283 1914 1914 1787 1787 1788 1788 2283 2283 2284 2284 1787 1787 2283 2283 1787 1787 2284 2284 2285 2285 2284 2284 2283 2283 2229 2229 2284 2284 2230 2230 2285 2285 2287 2287 2288 2288 2230 2230 2286 2286 2289 2289 2290 2290 2289 2289 2288 2288 2287 2287 2289 2289 2286 2286 2288 2288 2285 2285 2230 2230 2286 2286 2286 2286 2230 2230 2288 2288 2285 2285 2286 2286 2291 2291 2291 2291 2232 2232 2285 2285 2285 2285 2232 2232 1787 1787 2290 2290 2291 2291 2286 2286 2291 2291 2290 2290 2232 2232 2232 2232 2292 2292 1764 1764 2292 2292 2290 2290 1856 1856 2290 2290 2292 2292 2232 2232 2241 2241 1856 1856 2290 2290 1935 1935 1936 1936 2241 2241 1932 1932 1936 1936 1935 1935 1938 1938 1936 1936 1932 1932 1933 1933 1932 1932 1934 1934 1932 1932 1937 1937 1938 1938 1891 1891 1933 1933 1943 1943 1933 1933 1891 1891 1937 1937 1936 1936 1938 1938 1937 1937 1937 1937 1939 1939 1936 1936 1892 1892 1937 1937 1891 1891 1891 1891 1943 1943 1892 1892 1941 1941 1892 1892 1943 1943 1942 1942 1890 1890 1943 1943 1942 1942 2208 2208 1999 1999 1942 1942 1999 1999 1854 1854 1890 1890 1942 1942 1854 1854 1941 1941 1943 1943 1890 1890 1890 1890 1892 1892 1941 1941 1892 1892 1890 1890 1806 1806 2275 2275 1806 1806 1890 1890 1806 1806 1855 1855 1892 1892 1889 1889 1892 1892 1855 1855 1855 1855 1940 1940 1889 1889 1940 1940 2292 2292 1856 1856 2292 2292 1940 1940 2231 2231 1940 1940 1856 1856 2241 2241 1940 1940 1892 1892 1889 1889 1939 1939 1892 1892 1940 1940 1936 1936 1939 1939 1940 1940 1936 1936 1940 1940 2241 2241 1940 1940 1855 1855 2231 2231 2276 2276 1855 1855 2275 2275 1784 1784 2231 2231 1855 1855 1784 1784 1761 1761 1783 1783 1784 1784 1855 1855 1761 1761 1855 1855 2276 2276 1761 1761 2276 2276 1762 1762 1761 1761 1832 1832 2282 2282 1833 1833 1756 1756 1832 1832 1833 1833 1832 1832 2235 2235 2282 2282 1832 1832 2281 2281 2235 2235 2235 2235 2281 2281 2234 2234 2234 2234 2279 2279 2278 2278 2234 2234 2281 2281 2280 2280 2280 2280 2281 2281 1832 1832 2280 2280 1832 1832 1756 1756 2280 2280 1762 1762 1808 1808 1808 1808 2279 2279 2280 2280 2277 2277 2279 2279 1807 1807 1808 1808 1762 1762 2279 2279 1762 1762 1807 1807 2279 2279 2279 2279 2233 2233 2278 2278 2279 2279 2277 2277 2233 2233 2233 2233 2277 2277 1854 1854 1854 1854 2275 2275 1890 1890 1854 1854 2277 2277 1807 1807 2276 2276 2275 2275 1762 1762 2275 2275 1855 1855 1806 1806 2275 2275 1807 1807 1762 1762 1807 1807 2275 2275 1854 1854 2121 2121 1948 1948 2393 2393 2120 2120 2271 2271 1867 1867 1867 1867 1868 1868 2120 2120 1809 1809 1868 1868 1867 1867 2128 2128 1868 1868 1809 1809 2139 2139 2138 2138 2398 2398 2139 2139 2391 2391 2389 2389 2797 2797 2446 2446 2448 2448 2602 2602 3035 3035 2446 2446 2732 2732 3037 3037 3036 3036 2734 2734 3038 3038 3037 3037 2663 2663 3039 3039 3038 3038 2791 2791 3039 3039 2663 2663 2696 2696 3039 3039 2791 2791 2689 2689 3040 3040 2696 2696 3031 3031 3040 3040 2691 2691 2820 2820 2691 2691 2816 2816 2702 2702 2698 2698 2701 2701 2747 2747 2748 2748 2609 2609 1887 1887 2091 2091 2392 2392 2388 2388 1834 1834 2387 2387 1755 1755 1981 1981 2105 2105 1849 1849 1862 1862 1859 1859 2146 2146 1851 1851 1846 1846 1846 1846 1850 1850 2146 2146 2115 2115 2135 2135 2118 2118 1933 1933 1934 1934 1865 1865 1866 1866 1933 1933 1865 1865 1933 1933 1942 1942 1943 1943 1814 1814 2101 2101 2099 2099 2203 2203 1987 1987 1986 1986 1987 1987 2203 2203 1982 1982 2207 2207 2204 2204 2203 2203 2207 2207 2203 2203 1986 1986 2205 2205 2207 2207 2208 2208 2205 2205 2204 2204 2207 2207 2095 2095 2205 2205 2093 2093 2099 2099 2096 2096 2095 2095 2206 2206 2205 2205 2095 2095 2206 2206 2095 2095 2094 2094 2094 2094 2101 2101 2100 2100 2095 2095 2101 2101 2094 2094 2096 2096 2101 2101 2095 2095 2099 2099 2101 2101 2096 2096 1814 1814 2099 2099 1866 1866 1866 1866 2099 2099 2208 2208 2095 2095 2093 2093 2099 2099 2208 2208 2099 2099 2093 2093 2093 2093 2205 2205 2208 2208 2208 2208 1942 1942 1866 1866 1866 1866 1942 1942 1933 1933 1969 1969 2132 2132 1979 1979 2163 2163 1770 1770 2036 2036 2172 2172 2171 2171 2173 2173 2113 2113 2114 2114 2168 2168 1759 1759 2107 2107 1763 1763 1763 1763 2107 2107 2175 2175 2108 2108 2116 2116 2113 2113 2112 2112 2116 2116 2110 2110 2113 2113 2116 2116 2114 2114 2110 2110 2116 2116 2108 2108 2107 2107 2110 2110 2108 2108 2175 2175 2107 2107 2168 2168 2168 2168 2170 2170 2175 2175 2168 2168 2107 2107 2108 2108 2168 2168 2108 2108 2113 2113 2116 2116 2168 2168 2114 2114 2170 2170 2168 2168 2178 2178 2175 2175 2170 2170 2178 2178 2176 2176 2178 2178 2184 2184 2175 2175 2178 2178 2176 2176 1763 1763 2175 2175 2172 2172 2172 2172 2175 2175 2176 2176 2176 2176 2171 2171 2172 2172 1763 1763 2172 2172 1766 1766 1864 1864 1844 1844 1845 1845 2144 2144 1842 1842 1864 1864 2258 2258 1842 1842 2144 2144 2258 2258 2144 2144 2259 2259 1845 1845 2144 2144 1864 1864 1841 1841 2144 2144 1845 1845 1845 1845 2261 2261 1841 1841 2260 2260 1841 1841 2261 2261 2262 2262 2033 2033 2029 2029 2145 2145 2131 2131 2264 2264 2264 2264 2131 2131 2259 2259 2264 2264 2259 2259 2144 2144 2264 2264 2144 2144 1841 1841 2264 2264 1841 1841 2260 2260 2265 2265 2145 2145 2264 2264 2262 2262 2264 2264 2260 2260 2021 2021 2265 2265 2264 2264 2021 2021 2028 2028 2022 2022 2021 2021 2022 2022 1980 1980 2262 2262 2029 2029 2264 2264 2021 2021 2264 2264 2029 2029 2033 2033 2028 2028 2029 2029 2021 2021 2029 2029 2028 2028 2024 2024 2022 2022 2028 2028 2025 2025 2030 2030 2023 2023 2030 2030 2025 2025 2024 2024 2024 2024 2026 2026 2030 2030 2028 2028 2026 2026 2024 2024 2030 2030 2181 2181 2023 2023 2027 2027 2031 2031 2030 2030 2030 2030 2026 2026 2027 2027 2026 2026 2028 2028 2027 2027 2031 2031 2027 2027 2028 2028 1766 1766 2172 2172 2031 2031 2031 2031 2172 2172 2173 2173 2031 2031 2173 2173 2181 2181 2031 2031 2181 2181 2030 2030 1766 1766 2031 2031 2032 2032 2033 2033 2031 2031 2028 2028 2033 2033 2262 2262 2263 2263 2263 2263 2260 2260 2261 2261 2262 2262 2260 2260 2263 2263 1845 1845 2263 2263 2261 2261 2034 2034 2263 2263 1845 1845 2033 2033 2263 2263 2034 2034 2034 2034 1845 1845 1843 1843 1845 1845 1844 1844 2037 2037 1843 1843 1845 1845 2037 2037 1843 1843 2037 2037 2033 2033 1843 1843 2033 2033 2034 2034 2031 2031 2033 2033 2032 2032 2033 2033 2037 2037 2032 2032 1766 1766 2032 2032 2037 2037 2037 2037 1863 1863 2035 2035 1863 1863 2037 2037 1844 1844 1863 1863 1844 1844 1864 1864 2038 2038 1864 1864 1842 1842 1842 1842 2045 2045 2038 2038 2043 2043 2046 2046 2040 2040 2043 2043 2040 2040 2044 2044 2044 2044 1842 1842 2132 2132 1842 1842 2044 2044 2045 2045 2041 2041 1863 1863 2038 2038 2038 2038 1863 1863 1864 1864 2045 2045 2041 2041 2038 2038 2041 2041 2045 2045 2044 2044 2044 2044 2040 2040 2041 2041 2040 2040 2042 2042 2041 2041 2039 2039 2042 2042 2040 2040 2039 2039 2040 2040 2046 2046 2036 2036 2039 2039 2046 2046 2039 2039 2041 2041 2042 2042 2041 2041 2035 2035 1863 1863 2035 2035 2041 2041 2039 2039 1766 1766 2037 2037 2035 2035 1766 1766 2035 2035 1770 1770 2035 2035 2039 2039 1770 1770 1770 1770 2039 2039 2036 2036 1770 1770 2163 2163 1771 1771 2155 2155 2154 2154 2161 2161 2160 2160 2154 2154 2162 2162 1771 1771 2069 2069 2059 2059 2055 2055 2270 2270 2068 2068 1839 1839 1840 1840 2268 2268 2268 2268 1840 1840 1812 1812 2142 2142 1812 1812 1840 1840 2269 2269 1813 1813 1812 1812 1812 1812 2142 2142 2269 2269 2058 2058 2063 2063 2064 2064 2141 2141 2060 2060 2140 2140 2141 2141 2140 2140 1813 1813 2141 2141 1813 1813 2269 2269 2060 2060 2141 2141 2142 2142 2142 2142 2061 2061 2060 2060 2061 2061 2058 2058 2060 2060 2141 2141 2269 2269 2142 2142 2061 2061 2142 2142 2062 2062 2061 2061 2062 2062 2058 2058 2063 2063 2058 2058 2062 2062 2062 2062 2143 2143 2063 2063 2143 2143 2062 2062 2142 2142 2063 2063 2143 2143 2070 2070 2142 2142 1840 1840 2070 2070 2142 2142 2070 2070 2143 2143 1839 1839 2070 2070 1840 1840 2070 2070 1839 1839 2268 2268 2065 2065 2070 2070 2268 2268 2063 2063 2065 2065 2064 2064 2070 2070 2065 2065 2063 2063 2072 2072 2067 2067 2066 2066 1777 1777 2064 2064 2065 2065 1777 1777 2065 2065 2066 2066 1777 1777 2066 2066 2067 2067 2072 2072 2077 2077 2067 2067 1777 1777 2067 2067 2077 2077 1777 1777 2077 2077 1778 1778 1778 1778 2077 2077 2196 2196 1778 1778 2196 2196 2190 2190 1778 1778 2190 2190 2197 2197 2197 2197 2198 2198 2191 2191 2197 2197 2193 2193 2198 2198 2190 2190 2193 2193 2197 2197 2190 2190 2194 2194 2193 2193 2190 2190 2200 2200 2194 2194 2196 2196 2200 2200 2190 2190 2193 2193 2194 2194 2200 2200 2200 2200 2186 2186 2193 2193 2196 2196 2186 2186 2200 2200 1956 1956 2079 2079 2137 2137 2049 2049 1965 1965 1956 1956 2048 2048 2051 2051 2049 2049 2055 2055 2056 2056 2051 2051 2047 2047 2055 2055 2051 2051 2051 2051 2048 2048 2047 2047 2049 2049 1956 1956 2137 2137 2079 2079 2076 2076 2266 2266 2079 2079 1956 1956 1882 1882 2079 2079 1882 1882 1957 1957 2077 2077 2186 2186 2196 2196 2186 2186 2078 2078 2193 2193 2077 2077 2078 2078 2186 2186 2078 2078 2076 2076 2079 2079 2073 2073 2078 2078 2077 2077 2075 2075 2073 2073 2077 2077 2073 2073 2076 2076 2078 2078 2073 2073 2075 2075 2076 2076 2077 2077 2072 2072 2076 2076 2077 2077 2076 2076 2075 2075 2076 2076 2072 2072 2074 2074 2074 2074 2072 2072 2066 2066 2066 2066 2065 2065 2074 2074 2074 2074 2065 2065 2071 2071 2071 2071 2065 2065 2268 2268 2080 2080 2074 2074 2071 2071 2080 2080 2071 2071 2268 2268 2080 2080 2076 2076 2074 2074 2076 2076 2080 2080 2266 2266 2266 2266 2080 2080 2268 2268 2266 2266 2268 2268 2267 2267 2267 2267 2268 2268 1812 1812 2136 2136 2267 2267 1812 1812 1812 1812 1813 1813 2136 2136 2270 2270 2136 2136 1813 1813 2270 2270 2048 2048 2136 2136 1813 1813 2140 2140 2270 2270 2047 2047 2048 2048 2270 2270 2060 2060 2068 2068 2140 2140 2068 2068 2270 2270 2140 2140 2047 2047 2270 2270 2055 2055 2068 2068 2060 2060 2055 2055 2056 2056 2055 2055 2052 2052 2057 2057 2052 2052 2055 2055 2057 2057 2055 2055 2060 2060 2060 2060 2058 2058 2059 2059 2060 2060 2059 2059 2057 2057 1777 1777 2059 2059 2064 2064 2059 2059 2058 2058 2064 2064 2069 2069 2057 2057 2059 2059 2069 2069 2157 2157 2164 2164 2057 2057 2069 2069 2164 2164 2164 2164 2052 2052 2057 2057 2164 2164 2056 2056 2052 2052 2164 2164 2157 2157 2054 2054 2054 2054 2056 2056 2164 2164 2056 2056 2054 2054 2051 2051 2053 2053 2051 2051 2054 2054 2050 2050 2051 2051 2053 2053 2053 2053 2149 2149 2050 2050 2149 2149 2049 2049 2051 2051 2149 2149 2051 2051 2050 2050 1965 1965 2049 2049 2149 2149 1965 1965 2149 2149 1964 1964 1964 1964 2149 2149 2148 2148 2053 2053 2157 2157 2149 2149 2157 2157 2148 2148 2149 2149 2054 2054 2157 2157 2053 2053 2157 2157 2158 2158 2148 2148 1771 1771 2161 2161 2159 2159 1771 1771 2159 2159 2069 2069 2069 2069 2159 2159 2157 2157 2159 2159 2158 2158 2157 2157 2161 2161 2153 2153 2159 2159 2159 2159 2148 2148 2158 2158 2160 2160 2148 2148 2159 2159 2159 2159 2153 2153 2160 2160 2153 2153 2154 2154 2160 2160 2161 2161 2154 2154 2153 2153 1771 1771 2155 2155 2161 2161 1771 1771 2163 2163 2155 2155 2154 2154 2155 2155 2162 2162 2162 2162 2155 2155 2156 2156 2155 2155 2163 2163 2156 2156 2148 2148 2160 2160 2156 2156 2156 2156 2160 2160 2162 2162 2152 2152 2156 2156 2163 2163 2046 2046 2152 2152 2036 2036 2036 2036 2152 2152 2163 2163 2151 2151 2152 2152 2046 2046 2151 2151 2046 2046 2043 2043 2156 2156 2152 2152 2150 2150 2150 2150 2152 2152 2151 2151 2132 2132 2150 2150 2044 2044 2044 2044 2150 2150 2043 2043 2151 2151 2043 2043 2150 2150 2132 2132 1969 1969 2150 2150 2150 2150 1969 1969 1970 1970 1979 1979 2132 2132 2133 2133 1980 1980 1979 1979 2133 2133 2182 2182 2022 2022 2024 2024 2022 2022 2182 2182 1980 1980 2025 2025 2023 2023 2182 2182 2025 2025 2182 2182 2024 2024 2023 2023 2181 2181 2182 2182 2181 2181 2169 2169 2182 2182 2182 2182 2169 2169 2013 2013 2173 2173 2169 2169 2181 2181 2173 2173 2185 2185 2169 2169 2171 2171 2185 2185 2173 2173 2171 2171 2174 2174 2185 2185 2176 2176 2174 2174 2171 2171 2176 2176 2179 2179 2174 2174 2176 2176 2180 2180 2179 2179 2176 2176 2184 2184 2180 2180 2174 2174 2013 2013 2185 2185 2013 2013 2174 2174 2179 2179 2013 2013 2169 2169 2185 2185 2179 2179 2180 2180 2184 2184 2184 2184 2178 2178 2179 2179 2179 2179 2178 2178 2177 2177 2177 2177 2178 2178 2183 2183 2168 2168 2183 2183 2178 2178 2183 2183 2168 2168 2177 2177 2177 2177 2168 2168 2116 2116 2119 2119 2177 2177 2116 2116 2118 2118 2119 2119 2116 2116 2119 2119 2135 2135 1934 1934 2118 2118 2135 2135 2119 2119 2115 2115 2116 2116 2112 2112 2116 2116 2115 2115 2118 2118 2112 2112 2110 2110 2111 2111 2112 2112 2117 2117 2115 2115 2115 2115 2117 2117 2135 2135 1816 1816 2117 2117 2112 2112 1816 1816 2135 2135 2117 2117 1816 1816 2134 2134 2135 2135 1816 1816 1817 1817 1818 1818 1846 1846 1851 1851 1847 1847 2146 2146 1865 1865 1851 1851 1851 1851 1865 1865 1817 1817 1817 1817 1865 1865 1818 1818 1818 1818 1865 1865 1816 1816 1816 1816 1865 1865 2134 2134 1815 1815 1865 1865 2146 2146 1814 1814 1815 1815 2146 2146 1814 1814 2146 2146 2098 2098 2098 2098 2101 2101 1814 1814 2104 2104 2101 2101 2097 2097 2097 2097 2101 2101 2098 2098 2104 2104 2097 2097 2098 2098 2146 2146 2257 2257 2098 2098 2257 2257 2147 2147 2098 2098 2256 2256 2257 2257 2146 2146 2147 2147 2257 2257 2256 2256 1850 1850 2256 2256 2146 2146 2147 2147 2256 2256 1850 1850 1846 1846 2147 2147 1850 1850 2147 2147 2106 2106 2104 2104 2147 2147 2104 2104 2098 2098 2106 2106 2147 2147 1846 1846 2106 2106 1859 1859 2109 2109 1846 1846 1859 1859 2106 2106 1859 1859 1846 1846 1849 1849 1862 1862 1846 1846 1847 1847 1849 1849 1846 1846 1862 1862 1860 1860 1862 1862 1848 1848 1848 1848 1847 1847 1851 1851 1862 1862 1847 1847 1848 1848 1851 1851 1817 1817 1848 1848 1861 1861 1817 1817 1816 1816 1861 1861 1816 1816 2112 2112 1861 1861 1848 1848 1817 1817 2112 2112 2111 2111 1861 1861 2111 2111 1860 1860 1861 1861 1860 1860 1848 1848 1861 1861 2107 2107 2111 2111 2110 2110 1860 1860 2111 2111 2107 2107 1759 1759 2103 2103 2107 2107 2103 2103 1860 1860 2107 2107 1862 1862 1860 1860 2103 2103 1862 1862 2103 2103 2102 2102 2102 2102 1859 1859 1862 1862 2102 2102 2109 2109 1859 1859 1759 1759 2102 2102 2103 2103 1759 1759 2109 2109 2102 2102 2105 2105 2109 2109 1759 1759 2104 2104 2106 2106 2109 2109 2105 2105 2100 2100 2101 2101 2105 2105 2101 2101 2104 2104 2104 2104 2109 2109 2105 2105 1758 1758 2105 2105 1759 1759 2105 2105 2204 2204 2205 2205 2105 2105 2205 2205 2206 2206 2105 2105 2206 2206 2094 2094 2100 2100 2105 2105 2094 2094 1755 1755 2105 2105 1758 1758 2105 2105 1981 1981 2204 2204 2204 2204 1981 1981 2203 2203 2203 2203 1981 1981 1982 1982 1834 1834 1981 1981 1755 1755 1981 1981 1834 1834 1983 1983 2386 2386 1837 1837 2395 2395 2394 2394 2766 2766 2392 2392 2826 2826 2817 2817 2827 2827 2820 2820 2817 2817 2826 2826 2756 2756 2827 2827 2751 2751 2752 2752 2483 2483 2481 2481 2415 2415 2766 2766 2481 2481 2768 2768 2752 2752 2481 2481 2766 2766 2768 2768 2481 2481 3034 3034 2767 2767 2768 2768 2768 2768 2767 2767 2752 2752 2767 2767 2754 2754 2752 2752 2757 2757 2754 2754 2767 2767 2827 2827 2818 2818 2751 2751 2751 2751 2755 2755 2756 2756 2755 2755 2754 2754 2756 2756 2749 2749 2754 2754 2755 2755 2749 2749 2755 2755 2751 2751 2751 2751 2750 2750 2749 2749 2750 2750 2746 2746 2753 2753 2753 2753 2746 2746 2747 2747 2753 2753 2754 2754 2749 2749 2753 2753 2749 2749 2750 2750 2753 2753 2752 2752 2754 2754 2753 2753 2483 2483 2752 2752 2753 2753 2747 2747 2482 2482 2482 2482 2483 2483 2753 2753 2483 2483 2415 2415 2481 2481 2482 2482 2916 2916 2483 2483 2916 2916 2415 2415 2483 2483 2768 2768 2766 2766 3043 3043 2392 2392 2766 2766 2415 2415 2392 2392 2253 2253 2252 2252 2083 2083 2089 2089 2165 2165 2089 2089 2092 2092 2254 2254 2087 2087 2088 2088 2090 2090 1853 1853 1819 1819 2252 2252 1820 1820 1819 1819 1853 1853 1820 1820 1853 1853 2381 2381 1819 1819 1820 1820 2394 2394 2379 2379 2394 2394 1820 1820 2381 2381 2379 2379 1820 1820 2380 2380 2379 2379 2381 2381 2081 2081 2380 2380 2381 2381 2082 2082 2388 2388 2380 2380 2087 2087 2090 2090 2082 2082 2086 2086 2087 2087 2082 2082 2087 2087 2086 2086 2083 2083 2087 2087 2083 2083 2088 2088 2083 2083 2086 2086 2085 2085 2085 2085 2089 2089 2083 2083 2085 2085 2086 2086 2082 2082 2082 2082 2380 2380 2085 2085 2085 2085 2380 2380 2081 2081 2084 2084 2085 2085 2081 2081 2089 2089 2085 2085 2084 2084 2081 2081 2381 2381 2084 2084 2089 2089 2084 2084 2092 2092 1852 1852 2381 2381 1853 1853 2084 2084 2381 2381 1852 1852 1852 1852 2092 2092 2084 2084 2092 2092 1852 1852 1853 1853 2092 2092 1853 1853 2255 2255 2255 2255 1853 1853 2252 2252 2253 2253 2255 2255 2252 2252 2392 2392 2252 2252 1819 1819 2766 2766 2394 2394 3043 3043 2392 2392 1819 1819 2394 2394 2394 2394 3044 3044 3043 3043 2768 2768 3044 3044 3034 3034 2768 2768 3043 3043 3044 3044 2394 2394 2379 2379 3034 3034 2394 2394 3034 3034 3044 3044 3032 3032 3034 3034 2379 2379 2379 2379 2380 2380 3032 3032 3032 3032 2767 2767 3034 3034 3032 3032 2380 2380 2386 2386 2767 2767 3032 3032 2386 2386 3031 3031 2767 2767 2386 2386 3040 3040 3031 3031 2395 2395 2395 2395 3031 3031 2386 2386 2387 2387 1837 1837 2386 2386 2386 2386 2380 2380 2387 2387 2387 2387 2380 2380 2388 2388 2090 2090 2388 2388 2082 2082 1983 1983 1834 1834 2388 2388 1983 1983 2388 2388 2090 2090 1983 1983 2090 2090 1985 1985 2090 2090 2167 2167 1985 1985 2167 2167 2166 2166 1985 1985 2166 2166 2165 2165 1984 1984 2166 2166 2167 2167 2165 2165 2088 2088 2167 2167 2090 2090 2167 2167 2088 2088 2083 2083 2167 2167 2083 2083 2165 2165 2165 2165 2091 2091 1946 1946 2165 2165 2089 2089 2091 2091 2091 2091 2089 2089 2254 2254 1946 1946 2091 2091 1887 1887 1887 1887 2392 2392 2570 2570 2747 2747 2609 2609 2570 2570 2747 2747 2570 2570 2392 2392 2748 2748 2746 2746 2750 2750 2746 2746 2748 2748 2747 2747 2751 2751 2818 2818 2748 2748 2751 2751 2748 2748 2750 2750 2818 2818 2823 2823 2748 2748 2823 2823 2828 2828 2748 2748 2827 2827 2823 2823 2818 2818 2827 2827 2828 2828 2823 2823 2827 2827 2829 2829 2828 2828 2817 2817 2829 2829 2827 2827 2829 2829 2817 2817 2828 2828 2817 2817 2825 2825 2828 2828 2820 2820 2822 2822 2817 2817 2822 2822 2825 2825 2817 2817 2825 2825 2822 2822 2820 2820 2819 2819 2815 2815 2821 2821 2821 2821 2824 2824 2825 2825 2824 2824 2821 2821 2815 2815 2678 2678 2585 2585 2601 2601 2694 2694 2791 2791 2789 2789 2792 2792 2785 2785 2787 2787 2793 2793 2787 2787 2788 2788 2674 2674 2675 2675 2760 2760 2776 2776 2461 2461 2662 2662 2811 2811 2807 2807 2805 2805 2745 2745 2554 2554 2839 2839 2421 2421 2424 2424 2423 2423 2464 2464 2468 2468 2467 2467 2737 2737 2777 2777 2730 2730 2834 2834 2838 2838 2718 2718 2479 2479 2838 2838 2562 2562 2717 2717 2479 2479 2716 2716 2727 2727 2721 2721 2726 2726 2722 2722 2721 2721 2727 2727 2724 2724 2721 2721 2722 2722 2480 2480 2724 2724 2719 2719 2716 2716 2480 2480 2717 2717 2717 2717 2480 2480 2719 2719 2479 2479 2562 2562 2478 2478 2480 2480 2716 2716 2479 2479 2718 2718 2838 2838 2479 2479 2718 2718 2479 2479 2717 2717 2717 2717 2719 2719 2718 2718 2603 2603 2835 2835 2833 2833 2833 2833 2837 2837 2836 2836 2837 2837 2833 2833 2835 2835 2607 2607 2836 2836 2835 2835 2835 2835 2836 2836 2837 2837 2836 2836 2838 2838 2833 2833 2834 2834 2718 2718 2719 2719 2720 2720 2719 2719 2724 2724 2833 2833 2838 2838 2834 2834 2732 2732 2833 2833 2834 2834 2720 2720 2834 2834 2719 2719 2725 2725 2720 2720 2724 2724 2724 2724 2722 2722 2725 2725 2725 2725 2722 2722 2723 2723 2732 2732 2834 2834 2720 2720 2725 2725 2732 2732 2720 2720 2723 2723 2727 2727 2725 2725 2727 2727 2723 2723 2722 2722 2727 2727 2729 2729 2733 2733 2727 2727 2728 2728 2729 2729 2728 2728 2727 2727 2726 2726 2777 2777 2728 2728 2726 2726 2728 2728 2777 2777 2729 2729 2737 2737 2729 2729 2777 2777 2467 2467 2465 2465 2464 2464 2730 2730 2463 2463 2467 2467 2730 2730 2467 2467 2468 2468 2468 2468 2464 2464 2475 2475 2729 2729 2737 2737 2730 2730 2729 2729 2730 2730 2468 2468 2733 2733 2729 2729 2468 2468 2468 2468 2731 2731 2734 2734 2475 2475 2731 2731 2468 2468 2731 2731 2475 2475 2474 2474 2740 2740 2731 2731 2422 2422 2422 2422 2731 2731 2474 2474 2474 2474 2475 2475 2422 2422 2422 2422 2475 2475 2424 2424 2475 2475 2464 2464 2424 2424 2423 2423 2761 2761 2421 2421 2462 2462 2424 2424 2464 2464 2424 2424 2462 2462 2423 2423 2464 2464 2465 2465 2462 2462 2419 2419 2465 2465 2467 2467 2463 2463 2466 2466 2467 2467 2467 2467 2466 2466 2419 2419 2466 2466 2730 2730 2777 2777 2730 2730 2466 2466 2463 2463 2840 2840 2466 2466 2777 2777 2840 2840 2777 2777 2726 2726 2721 2721 2840 2840 2726 2726 2840 2840 2721 2721 2418 2418 2418 2418 2721 2721 2724 2724 2418 2418 2724 2724 2480 2480 2419 2419 2840 2840 2420 2420 2466 2466 2840 2840 2419 2419 2419 2419 2477 2477 2465 2465 2465 2465 2477 2477 2462 2462 2462 2462 2477 2477 2423 2423 2423 2423 2477 2477 2761 2761 2421 2421 2904 2904 2424 2424 2421 2421 2762 2762 2904 2904 2904 2904 2422 2422 2424 2424 2904 2904 2762 2762 2422 2422 2839 2839 2422 2422 2762 2762 2839 2839 2762 2762 2745 2745 2554 2554 2745 2745 2555 2555 2800 2800 2813 2813 2806 2806 2831 2831 2813 2813 2801 2801 2810 2810 2801 2801 2813 2813 2807 2807 2799 2799 2803 2803 2809 2809 2801 2801 2803 2803 2808 2808 2803 2803 2801 2801 2831 2831 2801 2801 2809 2809 2831 2831 2806 2806 2813 2813 2803 2803 2799 2799 2809 2809 2799 2799 2830 2830 2809 2809 2839 2839 2554 2554 2742 2742 2742 2742 2554 2554 2744 2744 2742 2742 2744 2744 2743 2743 2743 2743 2839 2839 2742 2742 2739 2739 2741 2741 2743 2743 2839 2839 2743 2743 2741 2741 2839 2839 2738 2738 2422 2422 2738 2738 2839 2839 2741 2741 2422 2422 2738 2738 2740 2740 2738 2738 2731 2731 2740 2740 2738 2738 2741 2741 2731 2731 2741 2741 2739 2739 2731 2731 2735 2735 2731 2731 2739 2739 2739 2739 2736 2736 2735 2735 2743 2743 2802 2802 2739 2739 2739 2739 2802 2802 2736 2736 2744 2744 2802 2802 2743 2743 2554 2554 2802 2802 2744 2744 2554 2554 2830 2830 2804 2804 2804 2804 2802 2802 2554 2554 2799 2799 2804 2804 2830 2830 2802 2802 2804 2804 2807 2807 2807 2807 2804 2804 2799 2799 2807 2807 2803 2803 2808 2808 2805 2805 2807 2807 2808 2808 2808 2808 2801 2801 2805 2805 2805 2805 2801 2801 2810 2810 2811 2811 2805 2805 2810 2810 2811 2811 2813 2813 2800 2800 2810 2810 2813 2813 2811 2811 2800 2800 2806 2806 2814 2814 2590 2590 2760 2760 2600 2600 2668 2668 2673 2673 2781 2781 2781 2781 2673 2673 2782 2782 2780 2780 2792 2792 2782 2782 2782 2782 2673 2673 2780 2780 2780 2780 2673 2673 2671 2671 2760 2760 2590 2590 2780 2780 2780 2780 2590 2590 2589 2589 2600 2600 2760 2760 2758 2758 2646 2646 2600 2600 2758 2758 2905 2905 2759 2759 2760 2760 2905 2905 2675 2675 2774 2774 2905 2905 2774 2774 2759 2759 2459 2459 2774 2774 2460 2460 2906 2906 2774 2774 2459 2459 2459 2459 2458 2458 2906 2906 2458 2458 2908 2908 2906 2906 2907 2907 2649 2649 2906 2906 2907 2907 2775 2775 2649 2649 2650 2650 2758 2758 2910 2910 2910 2910 2758 2758 2759 2759 2910 2910 2759 2759 2774 2774 2910 2910 2774 2774 2906 2906 2910 2910 2906 2906 2649 2649 2910 2910 2909 2909 2650 2650 2649 2649 2909 2909 2910 2910 2653 2653 2909 2909 2648 2648 2648 2648 2909 2909 2649 2649 2649 2649 2775 2775 2656 2656 2907 2907 2656 2656 2775 2775 2648 2648 2649 2649 2656 2656 2656 2656 2653 2653 2648 2648 2652 2652 2814 2814 2651 2651 2645 2645 2651 2651 2814 2814 2651 2651 2645 2645 2653 2653 2909 2909 2653 2653 2645 2645 2909 2909 2645 2645 2646 2646 2647 2647 2645 2645 2814 2814 2645 2645 2647 2647 2646 2646 2647 2647 2814 2814 2806 2806 2800 2800 2814 2814 2812 2812 2652 2652 2812 2812 2814 2814 2812 2812 2652 2652 2651 2651 2651 2651 2655 2655 2812 2812 2651 2651 2653 2653 2655 2655 2654 2654 2812 2812 2655 2655 2655 2655 2653 2653 2654 2654 2660 2660 2654 2654 2653 2653 2660 2660 2653 2653 2656 2656 2907 2907 2660 2660 2656 2656 2660 2660 2907 2907 2776 2776 2660 2660 2776 2776 2666 2666 2908 2908 2776 2776 2907 2907 2908 2908 2907 2907 2906 2906 2461 2461 2458 2458 2459 2459 2461 2461 2908 2908 2458 2458 2908 2908 2461 2461 2776 2776 2660 2660 2662 2662 2661 2661 2666 2666 2662 2662 2660 2660 2662 2662 2666 2666 2776 2776 2461 2461 2664 2664 2662 2662 2657 2657 2662 2662 2664 2664 2664 2664 2476 2476 2657 2657 2460 2460 2664 2664 2459 2459 2459 2459 2664 2664 2461 2461 2664 2664 2460 2460 2476 2476 2665 2665 2657 2657 2476 2476 2460 2460 2774 2774 2476 2476 2476 2476 2774 2774 2669 2669 2675 2675 2669 2669 2774 2774 2669 2669 2665 2665 2476 2476 2675 2675 2674 2674 2669 2669 2669 2669 2674 2674 2672 2672 2674 2674 2669 2669 2672 2672 2760 2760 2780 2780 2674 2674 2674 2674 2780 2780 2671 2671 2674 2674 2671 2671 2673 2673 2668 2668 2674 2674 2673 2673 2674 2674 2670 2670 2669 2669 2667 2667 2669 2669 2670 2670 2674 2674 2667 2667 2670 2670 2668 2668 2667 2667 2674 2674 2781 2781 2667 2667 2668 2668 2667 2667 2658 2658 2669 2669 2667 2667 2781 2781 2658 2658 2669 2669 2658 2658 2665 2665 2665 2665 2658 2658 2657 2657 2791 2791 2794 2794 2786 2786 2794 2794 2657 2657 2783 2783 2783 2783 2657 2657 2658 2658 2783 2783 2658 2658 2781 2781 2783 2783 2781 2781 2782 2782 2782 2782 2788 2788 2783 2783 2792 2792 2793 2793 2782 2782 2793 2793 2788 2788 2782 2782 2794 2794 2783 2783 2788 2788 2787 2787 2794 2794 2788 2788 2786 2786 2794 2794 2787 2787 2778 2778 2795 2795 3135 3135 2792 2792 2787 2787 2793 2793 2785 2785 2786 2786 2787 2787 3135 3135 2785 2785 2792 2792 2795 2795 2785 2785 3135 3135 2784 2784 2786 2786 2785 2785 2791 2791 2786 2786 2784 2784 2795 2795 2784 2784 2785 2785 2685 2685 2915 2915 2695 2695 2690 2690 2773 2773 2454 2454 2457 2457 2692 2692 2454 2454 2454 2454 2692 2692 2690 2690 2689 2689 2692 2692 2691 2691 2690 2690 2692 2692 2689 2689 2688 2688 2771 2771 2773 2773 2915 2915 2417 2417 2416 2416 2912 2912 2416 2416 2417 2417 2772 2772 2770 2770 2416 2416 2772 2772 2416 2416 2912 2912 2772 2772 2771 2771 2695 2695 2771 2771 2688 2688 2695 2695 2773 2773 2689 2689 2696 2696 2688 2688 2773 2773 2696 2696 2773 2773 2771 2771 2772 2772 2773 2773 2912 2912 2913 2913 2772 2772 2912 2912 2773 2773 2689 2689 2773 2773 2690 2690 2914 2914 2454 2454 2773 2773 2773 2773 2913 2913 2914 2914 2457 2457 2454 2454 2914 2914 2457 2457 2914 2914 2453 2453 2453 2453 2914 2914 2455 2455 2417 2417 2913 2913 2912 2912 2913 2913 2455 2455 2914 2914 2417 2417 2769 2769 2913 2913 2913 2913 2769 2769 2455 2455 2453 2453 2455 2455 2457 2457 2911 2911 2455 2455 2769 2769 2692 2692 2457 2457 2456 2456 2457 2457 2455 2455 2456 2456 2692 2692 2456 2456 2706 2706 2699 2699 2692 2692 2706 2706 2704 2704 2706 2706 2703 2703 2703 2703 2706 2706 2705 2705 2911 2911 2706 2706 2456 2456 2911 2911 2456 2456 2455 2455 2764 2764 2911 2911 2769 2769 2763 2763 2764 2764 2769 2769 2763 2763 2769 2769 2417 2417 2915 2915 2763 2763 2417 2417 2915 2915 2677 2677 2763 2763 2416 2416 2770 2770 2915 2915 2676 2676 2677 2677 2915 2915 2677 2677 2683 2683 2678 2678 2683 2683 2677 2677 2676 2676 2772 2772 2695 2695 2770 2770 2695 2695 2915 2915 2770 2770 2676 2676 2915 2915 2685 2685 2686 2686 2685 2685 2695 2695 2676 2676 2685 2685 2679 2679 2676 2676 2679 2679 2683 2683 2679 2679 2685 2685 2684 2684 2685 2685 2682 2682 2684 2684 2682 2682 2679 2679 2684 2684 2682 2682 2685 2685 2686 2686 2695 2695 2687 2687 2686 2686 2686 2686 2687 2687 2682 2682 2688 2688 2696 2696 2687 2687 2695 2695 2688 2688 2687 2687 2791 2791 2784 2784 2789 2789 2682 2682 2687 2687 2694 2694 2682 2682 2694 2694 2789 2789 2790 2790 2784 2784 2795 2795 2789 2789 2784 2784 2790 2790 2789 2789 2790 2790 2681 2681 2681 2681 2682 2682 2789 2789 2682 2682 2681 2681 2679 2679 2681 2681 2680 2680 2679 2679 2683 2683 2679 2679 2680 2680 2779 2779 2683 2683 2680 2680 2779 2779 2678 2678 2683 2683 2680 2680 2681 2681 2778 2778 2680 2680 2778 2778 2779 2779 2778 2778 2790 2790 2795 2795 2681 2681 2790 2790 2778 2778 2585 2585 2779 2779 2778 2778 2585 2585 2678 2678 2779 2779 2678 2678 2601 2601 2765 2765 2601 2601 2576 2576 2765 2765 2576 2576 2703 2703 2705 2705 2702 2702 2700 2700 2703 2703 2701 2701 2700 2700 2702 2702 2701 2701 2704 2704 2703 2703 2703 2703 2700 2700 2701 2701 2704 2704 2697 2697 2706 2706 2697 2697 2704 2704 2701 2701 2706 2706 2697 2697 2699 2699 2697 2697 2701 2701 2699 2699 2701 2701 2698 2698 2699 2699 2691 2691 2699 2699 2698 2698 2698 2698 2693 2693 2691 2691 2698 2698 2816 2816 2693 2693 2703 2703 2816 2816 2702 2702 2702 2702 2816 2816 2698 2698 2815 2815 2703 2703 2824 2824 2815 2815 2816 2816 2703 2703 2816 2816 2815 2815 2819 2819 2820 2820 2816 2816 2819 2819 2819 2819 2821 2821 2820 2820 2820 2820 2821 2821 2825 2825 2816 2816 2691 2691 2693 2693 2699 2699 2691 2691 2692 2692 3031 3031 2691 2691 2820 2820 3031 3031 2820 2820 2826 2826 3031 3031 2826 2826 2827 2827 3031 3031 2827 2827 2756 2756 2757 2757 3031 3031 2754 2754 2754 2754 3031 3031 2756 2756 3031 3031 2757 2757 2767 2767 2691 2691 3040 3040 2689 2689 2696 2696 3040 3040 3039 3039 2696 2696 2791 2791 2694 2694 2694 2694 2687 2687 2696 2696 2791 2791 2663 2663 2794 2794 2794 2794 2663 2663 2657 2657 2663 2663 2662 2662 2657 2657 2663 2663 2661 2661 2662 2662 2663 2663 3038 3038 2661 2661 2661 2661 3038 3038 2660 2660 2660 2660 3038 3038 2659 2659 2659 2659 2807 2807 2811 2811 2659 2659 2811 2811 2800 2800 2659 2659 2800 2800 2812 2812 2659 2659 2812 2812 2654 2654 2659 2659 2654 2654 2660 2660 2659 2659 3038 3038 2735 2735 2659 2659 2735 2735 2807 2807 2807 2807 2735 2735 2802 2802 2802 2802 2735 2735 2736 2736 2735 2735 3038 3038 2734 2734 2734 2734 2731 2731 2735 2735 2734 2734 3037 3037 2468 2468 2468 2468 3037 3037 2733 2733 2733 2733 3037 3037 2727 2727 2727 2727 3037 3037 2732 2732 2732 2732 2603 2603 2833 2833 2725 2725 2727 2727 2732 2732 2732 2732 3036 3036 2603 2603 2603 2603 3036 3036 2602 2602 2602 2602 3036 3036 3035 3035 2602 2602 2446 2446 2605 2605 2832 2832 2604 2604 2606 2606 2832 2832 2798 2798 2710 2710 2714 2714 2710 2710 2713 2713 2715 2715 2427 2427 2900 2900 2427 2427 2715 2715 2711 2711 2714 2714 2709 2709 2707 2707 2714 2714 2712 2712 2709 2709 2709 2709 2712 2712 2797 2797 2713 2713 2797 2797 2714 2714 2797 2797 2712 2712 2714 2714 2713 2713 2710 2710 2797 2797 2832 2832 2796 2796 2798 2798 2606 2606 2796 2796 2832 2832 2605 2605 2796 2796 2606 2606 2798 2798 2796 2796 2605 2605 2605 2605 2446 2446 2797 2797 2605 2605 2797 2797 2798 2798 2797 2797 2710 2710 2798 2798 2797 2797 2448 2448 3030 3030 3030 3030 2709 2709 2797 2797 1781 1781 2390 2390 2391 2391 1781 1781 2391 2391 2449 2449 2449 2449 2391 2391 2448 2448 2129 2129 2391 2391 2390 2390 2389 2389 2391 2391 2129 2129 2389 2389 2129 2129 2139 2139 2129 2129 2138 2138 2139 2139 2138 2138 2129 2129 1809 1809 2129 2129 2128 2128 1809 1809 2129 2129 2390 2390 2130 2130 2129 2129 2126 2126 2128 2128 2129 2129 2130 2130 2126 2126 2127 2127 2126 2126 2123 2123 2120 2120 2126 2126 2127 2127 2120 2120 1868 1868 2128 2128 2120 2120 2128 2128 2126 2126 2120 2120 2127 2127 2125 2125 2125 2125 2124 2124 2120 2120 2125 2125 2127 2127 2123 2123 2123 2123 2126 2126 2130 2130 2192 2192 2125 2125 2123 2123 1781 1781 2123 2123 2390 2390 2123 2123 2130 2130 2390 2390 1778 1778 2197 2197 2191 2191 1778 1778 2187 2187 2192 2192 1778 1778 2192 2192 2123 2123 1778 1778 2123 2123 1781 1781 1778 1778 2191 2191 2187 2187 2195 2195 2191 2191 2198 2198 2187 2187 2191 2191 2195 2195 2201 2201 2195 2195 2198 2198 2187 2187 2195 2195 2201 2201 2198 2198 2199 2199 2201 2201 2187 2187 2201 2201 2199 2199 2188 2188 2199 2199 2198 2198 2187 2187 2199 2199 2188 2188 2192 2192 2187 2187 2188 2188 2192 2192 2188 2188 2125 2125 2188 2188 2189 2189 2125 2125 2122 2122 2189 2189 2188 2188 2124 2124 2125 2125 2189 2189 2198 2198 2122 2122 2188 2188 2124 2124 2189 2189 2122 2122 2124 2124 2122 2122 2120 2120 2121 2121 2122 2122 1947 1947 2121 2121 1947 1947 1948 1948 2120 2120 2122 2122 2121 2121 2120 2120 2121 2121 2271 2271 2393 2393 1948 1948 2385 2385 2385 2385 2569 2569 2393 2393 2711 2711 2832 2832 2710 2710 2710 2710 2714 2714 2711 2711 2832 2832 2711 2711 2569 2569 2569 2569 2711 2711 2903 2903 2707 2707 2711 2711 2714 2714 2711 2711 2901 2901 2903 2903 2711 2711 2715 2715 2901 2901 2902 2902 2903 2903 2470 2470 2903 2903 2901 2901 2900 2900 2715 2715 2900 2900 2901 2901 2900 2900 2426 2426 2469 2469 2903 2903 2469 2469 2470 2470 2903 2903 2900 2900 2469 2469 2470 2470 2469 2469 2428 2428 2469 2469 3041 3041 2428 2428 3041 3041 2469 2469 2426 2426 3028 3028 3041 3041 3027 3027 2425 2425 2426 2426 2900 2900 2425 2425 2900 2900 2427 2427 2426 2426 2425 2425 3041 3041 2425 2425 2708 2708 3041 3041 2708 2708 3028 3028 3027 3027 2708 2708 3027 3027 3041 3041 2708 2708 2425 2425 2427 2427 2708 2708 2427 2427 2711 2711 2707 2707 2708 2708 2711 2711 2709 2709 3030 3030 3029 3029 2709 2709 3029 3029 2707 2707 2707 2707 3029 3029 2708 2708 2708 2708 3029 3029 3030 3030 2448 2448 3025 3025 3030 3030 3025 3025 2708 2708 3030 3030 3028 3028 2708 2708 3025 3025 2391 2391 3025 3025 2448 2448 3025 3025 2391 2391 3026 3026 3028 3028 3025 3025 3026 3026 2391 2391 2139 2139 3042 3042 2391 2391 3042 3042 3026 3026 3042 3042 3028 3028 3026 3026 3028 3028 2139 2139 2397 2397 3042 3042 2139 2139 3028 3028 3028 3028 3033 3033 3041 3041 2397 2397 3041 3041 3033 3033 2397 2397 3033 3033 3028 3028 2139 2139 1811 1811 2397 2397 2398 2398 1811 1811 2139 2139 1811 1811 2393 2393 2397 2397 2393 2393 2902 2902 2470 2470 2393 2393 2470 2470 2428 2428 2393 2393 2428 2428 3041 3041 2393 2393 3041 3041 2397 2397 1810 1810 2271 2271 2393 2393 1810 1810 2393 2393 1811 1811 1867 1867 1810 1810 1809 1809 1811 1811 2138 2138 1809 1809 2138 2138 1811 1811 2398 2398 1811 1811 1809 1809 1810 1810 1870 1870 2010 2010 1765 1765 1870 1870 1765 1765 1768 1768 1835 1835 2387 2387 1834 1834 2387 2387 1836 1836 1837 1837 1836 1836 2387 2387 1838 1838 2387 2387 1835 1835 1838 1838 1836 1836 1920 1920 1837 1837 1836 1836 1838 1838 1920 1920 1789 1789 2296 2296 2301 2301 2315 2315 2296 2296 1789 1789 1789 1789 2294 2294 2226 2226 1979 1979 1877 1877 1969 1969 2321 2321 1791 1791 2222 2222 2323 2323 1791 1791 2321 2321 2321 2321 2322 2322 2323 2323 1791 1791 2323 2323 2322 2322 1790 1790 2317 2317 2315 2315 1790 1790 2319 2319 2317 2317 2319 2319 1790 1790 1791 1791 2320 2320 2322 2322 2321 2321 2322 2322 2320 2320 1791 1791 2321 2321 2223 2223 2320 2320 2320 2320 2319 2319 1791 1791 2319 2319 2320 2320 2318 2318 2318 2318 2320 2320 2223 2223 2318 2318 1967 1967 2315 2315 2317 2317 2319 2319 2318 2318 2317 2317 2318 2318 2315 2315 2223 2223 1967 1967 2318 2318 1970 1970 1966 1966 1997 1997 2150 2150 1970 1970 1997 1997 2150 2150 1997 1997 1995 1995 1997 1997 1966 1966 1967 1967 1966 1966 1972 1972 1967 1967 2240 2240 1967 1967 1972 1972 1967 1967 2240 2240 2314 2314 2240 2240 1972 1972 2314 2314 1858 1858 2314 2314 1972 1972 1966 1966 1968 1968 1972 1972 1973 1973 1972 1972 1971 1971 1972 1972 1968 1968 1971 1971 1971 1971 1974 1974 1973 1973 1969 1969 1968 1968 1966 1966 1969 1969 1966 1966 1970 1970 2017 2017 1978 1978 1980 1980 2227 2227 1977 1977 2020 2020 1875 1875 2020 2020 1977 1977 1876 1876 1875 1875 1977 1977 2019 2019 2016 2016 2020 2020 2015 2015 2182 2182 2013 2013 2017 2017 2182 2182 2015 2015 1870 1870 2013 2013 2179 2179 2009 2009 2179 2179 2177 2177 2011 2011 2177 2177 2119 2119 2009 2009 2177 2177 2011 2011 1870 1870 2179 2179 2009 2009 1869 1869 1767 1767 1872 1872 1870 1870 1767 1767 1869 1869 1768 1768 1767 1767 1870 1870 1871 1871 2013 2013 1870 1870 1870 1870 1869 1869 1871 1871 1873 1873 1874 1874 1872 1872 1869 1869 1872 1872 1874 1874 1869 1869 1874 1874 1871 1871 1871 1871 2012 2012 2013 2013 1871 1871 1874 1874 2012 2012 2012 2012 2014 2014 2013 2013 2015 2015 2013 2013 2014 2014 2014 2014 2016 2016 2015 2015 2016 2016 2018 2018 2017 2017 2015 2015 2016 2016 2017 2017 2018 2018 2016 2016 2019 2019 2020 2020 2018 2018 2019 2019 1875 1875 1978 1978 2020 2020 2020 2020 1978 1978 2018 2018 2017 2017 2018 2018 1978 1978 2017 2017 1980 1980 2182 2182 1875 1875 1980 1980 1978 1978 1875 1875 1979 1979 1980 1980 1875 1875 1876 1876 1979 1979 1877 1877 1979 1979 1876 1876 1969 1969 1877 1877 1974 1974 1969 1969 1974 1974 1968 1968 1974 1974 1971 1971 1968 1968 1974 1974 1877 1877 1973 1973 1973 1973 1877 1877 1976 1976 1876 1876 1976 1976 1877 1877 1876 1876 1977 1977 1976 1976 2227 2227 1976 1976 1977 1977 1975 1975 1973 1973 1976 1976 2227 2227 2226 2226 1976 1976 1976 1976 2226 2226 1975 1975 1975 1975 2226 2226 2294 2294 1975 1975 2294 2294 1973 1973 2296 2296 2306 2306 2297 2297 2301 2301 2296 2296 2297 2297 2297 2297 2306 2306 2301 2301 2300 2300 2294 2294 1789 1789 2300 2300 1789 1789 2301 2301 2301 2301 2306 2306 2300 2300 2308 2308 2302 2302 2307 2307 2308 2308 2305 2305 2302 2302 2302 2302 2305 2305 2295 2295 2295 2295 2307 2307 2302 2302 2307 2307 2295 2295 2300 2300 2295 2295 2294 2294 2300 2300 2294 2294 2295 2295 2298 2298 2298 2298 2295 2295 2299 2299 2295 2295 2305 2305 2299 2299 2299 2299 2305 2305 2298 2298 2298 2298 2305 2305 2311 2311 2310 2310 2294 2294 2311 2311 2294 2294 2298 2298 2311 2311 2303 2303 2294 2294 2304 2304 2310 2310 2309 2309 2304 2304 2310 2310 2304 2304 2294 2294 2309 2309 2303 2303 2304 2304 2294 2294 2303 2303 2293 2293 2312 2312 2313 2313 2303 2303 2303 2303 2313 2313 2293 2293 2316 2316 2296 2296 2315 2315 2316 2316 2313 2313 2312 2312 2316 2316 2312 2312 2303 2303 2316 2316 2303 2303 2309 2309 2316 2316 2309 2309 2310 2310 2316 2316 2310 2310 2311 2311 2316 2316 2311 2311 2305 2305 2316 2316 2305 2305 2308 2308 2316 2316 2308 2308 2307 2307 2316 2316 2307 2307 2300 2300 2316 2316 2300 2300 2306 2306 2316 2316 2306 2306 2296 2296 2316 2316 1967 1967 2314 2314 2315 2315 1967 1967 2316 2316 2313 2313 2316 2316 2314 2314 2293 2293 2313 2313 1857 1857 2294 2294 2293 2293 1857 1857 1973 1973 2294 2294 1857 1857 2314 2314 1857 1857 2313 2313 1858 1858 1857 1857 2314 2314 1858 1858 1972 1972 1973 1973 1973 1973 1857 1857 1858 1858 2134 2134 1934 1934 2135 2135 1865 1865 1934 1934 2134 2134 1866 1866 1865 1865 1815 1815 1866 1866 1815 1815 1814 1814 1984 1984 1985 1985 2166 2166 1984 1984 1983 1983 1985 1985 2002 2002 1983 1983 1984 1984 2003 2003 2002 2002 2005 2005 2003 2003 2005 2005 2004 2004 1983 1983 2244 2244 1981 1981 1981 1981 2244 2244 2243 2243 1981 1981 2243 2243 2249 2249 1998 1998 2001 2001 2000 2000 1998 1998 2000 2000 1999 1999 2249 2249 2001 2001 1998 1998 1982 1982 1998 1998 1986 1986 1982 1982 1986 1986 1987 1987 1981 1981 1998 1998 1982 1982 1998 1998 1981 1981 2249 2249 2244 2244 1983 1983 2248 2248 2248 2248 1983 1983 2002 2002 2564 2564 1952 1952 2384 2384 1779 1779 2358 2358 2356 2356 2358 2358 1779 1779 2359 2359 2357 2357 1779 1779 2355 2355 2349 2349 1779 1779 1782 1782 2343 2343 2344 2344 2345 2345 2343 2343 1954 1954 2347 2347 2343 2343 2347 2347 2344 2344 2344 2344 2347 2347 2346 2346 2348 2348 1782 1782 2347 2347 2347 2347 1782 1782 2346 2346 1782 1782 2348 2348 2349 2349 2359 2359 1779 1779 2357 2357 1779 1779 2356 2356 2209 2209 2359 2359 2356 2356 2358 2358 2356 2356 2359 2359 2357 2357 2355 2355 2356 2356 2357 2357 2356 2356 2355 2355 2217 2217 2217 2217 2355 2355 2210 2210 2216 2216 2210 2210 2354 2354 2354 2354 2210 2210 2355 2355 2354 2354 2355 2355 1779 1779 2350 2350 2354 2354 1779 1779 1779 1779 2349 2349 2350 2350 2350 2350 2352 2352 2353 2353 2215 2215 2216 2216 2354 2354 2354 2354 2350 2350 2215 2215 2215 2215 2350 2350 2353 2353 2352 2352 2215 2215 2353 2353 2214 2214 2215 2215 2352 2352 2214 2214 2352 2352 2351 2351 2350 2350 2349 2349 2352 2352 2349 2349 2348 2348 2352 2352 2348 2348 2351 2351 2352 2352 1884 1884 2351 2351 2348 2348 2348 2348 2347 2347 1954 1954 2348 2348 1954 1954 1884 1884 1954 1954 1950 1950 1884 1884 1954 1954 1953 1953 1885 1885 1952 1952 1953 1953 1954 1954 2429 2429 2430 2430 2405 2405 2451 2451 2405 2405 3021 3021 3011 3011 2405 2405 2531 2531 2527 2527 3010 3010 2526 2526 2527 2527 2537 2537 2536 2536 2537 2537 2450 2450 2452 2452 2529 2529 2530 2530 2898 2898 3007 3007 3005 3005 3008 3008 3008 3008 3005 3005 2877 2877 2877 2877 3006 3006 2627 2627 2877 2877 2627 2627 3008 3008 3009 3009 2524 2524 2523 2523 3007 3007 3009 3009 2523 2523 3009 3009 2629 2629 2524 2524 3008 3008 2629 2629 3009 3009 3008 3008 3009 3009 3007 3007 3007 3007 2523 2523 3005 3005 3005 3005 3006 3006 2877 2877 2899 2899 3004 3004 3005 3005 3004 3004 3006 3006 3005 3005 3004 3004 2530 2530 3006 3006 2898 2898 2530 2530 3004 3004 2529 2529 2452 2452 2530 2530 2537 2537 2452 2452 2529 2529 2528 2528 2537 2537 2893 2893 2509 2509 2515 2515 2517 2517 2517 2517 2515 2515 2516 2516 2432 2432 2527 2527 2433 2433 3015 3015 2432 2432 2513 2513 2527 2527 2432 2432 3015 3015 2515 2515 2509 2509 3015 3015 3015 3015 2509 2509 2511 2511 2511 2511 3022 3022 3014 3014 2527 2527 3015 3015 2511 2511 2624 2624 2569 2569 2508 2508 2385 2385 2568 2568 2569 2569 2569 2569 2568 2568 2508 2508 2569 2569 2624 2624 2832 2832 2832 2832 2624 2624 2625 2625 2568 2568 2499 2499 2508 2508 3012 3012 2563 2563 2507 2507 3012 3012 2507 2507 2434 2434 3012 3012 2434 2434 3014 3014 3013 3013 3014 3014 3022 3022 3012 3012 3014 3014 3013 3013 2563 2563 3012 3012 3013 3013 2499 2499 2505 2505 2508 2508 2505 2505 2499 2499 2563 2563 3013 3013 2505 2505 2563 2563 3013 3013 3022 3022 2505 2505 2505 2505 3022 3022 3023 3023 3023 3023 3022 3022 2511 2511 3023 3023 2511 2511 2512 2512 2509 2509 2512 2512 2511 2511 3023 3023 2512 2512 2505 2505 2505 2505 2512 2512 2508 2508 2512 2512 2891 2891 2514 2514 2512 2512 2510 2510 2513 2513 2509 2509 2510 2510 2512 2512 2516 2516 2510 2510 2517 2517 2510 2510 2516 2516 2515 2515 2510 2510 2515 2515 3015 3015 2510 2510 3015 3015 2513 2513 2517 2517 2510 2510 2509 2509 3017 3017 2513 2513 2432 2432 3017 3017 2432 2432 2433 2433 3018 3018 2920 2920 2528 2528 2920 2920 3017 3017 3016 3016 2920 2920 3016 3016 2528 2528 2920 2920 2512 2512 2513 2513 2920 2920 2513 2513 3017 3017 2512 2512 2920 2920 2891 2891 2891 2891 2920 2920 3018 3018 2891 2891 3018 3018 2919 2919 2528 2528 3019 3019 3018 3018 3019 3019 2919 2919 3018 3018 3019 3019 2528 2528 2917 2917 2918 2918 3019 3019 2917 2917 2919 2919 3019 3019 2918 2918 2918 2918 2891 2891 2919 2919 2918 2918 2917 2917 2893 2893 2528 2528 2893 2893 2917 2917 3016 3016 2536 2536 2528 2528 3017 3017 2536 2536 3016 3016 2536 2536 2537 2537 2528 2528 2527 2527 2536 2536 3017 3017 2527 2527 3017 3017 2433 2433 2511 2511 3014 3014 2527 2527 2534 2534 2526 2526 2535 2535 2532 2532 2534 2534 2533 2533 2535 2535 2526 2526 3010 3010 3010 3010 2527 2527 3011 3011 2527 2527 3014 3014 2434 2434 2405 2405 3011 3011 2527 2527 2434 2434 2429 2429 2405 2405 2434 2434 2405 2405 2527 2527 2531 2531 2405 2405 2525 2525 2525 2525 2526 2526 2534 2534 2525 2525 2534 2534 2532 2532 2525 2525 2532 2532 2531 2531 2450 2450 2537 2537 2451 2451 2451 2451 2537 2537 2527 2527 2451 2451 2527 2527 2526 2526 2451 2451 2526 2526 2525 2525 2451 2451 2525 2525 2405 2405 3021 3021 2405 2405 2430 2430 3020 3020 3021 3021 2430 2430 3021 3021 3020 3020 2503 2503 3020 3020 2396 2396 2503 2503 3020 3020 2430 2430 2406 2406 2504 2504 3020 3020 2406 2406 2431 2431 2429 2429 2434 2434 2430 2430 2429 2429 2431 2431 2430 2430 2431 2431 2406 2406 2434 2434 3024 3024 2431 2431 2504 2504 2406 2406 3024 3024 3024 3024 2406 2406 2431 2431 3024 3024 2434 2434 2506 2506 3024 3024 2506 2506 2504 2504 2507 2507 2506 2506 2434 2434 2507 2507 2504 2504 2506 2506 2384 2384 1952 1952 1954 1954 2564 2564 2504 2504 2507 2507 2504 2504 2564 2564 2384 2384 2563 2563 2564 2564 2507 2507 2567 2567 2564 2564 2563 2563 2568 2568 2567 2567 2499 2499 2499 2499 2567 2567 2563 2563 2564 2564 2567 2567 2565 2565 2565 2565 1952 1952 2564 2564 2566 2566 2567 2567 2568 2568 2565 2565 2567 2567 2566 2566 1952 1952 2565 2565 2566 2566 2566 2566 2568 2568 2385 2385 2566 2566 2385 2385 1952 1952 1949 1949 2385 2385 1948 1948 1989 1989 2122 2122 1988 1988 1947 1947 2122 2122 1989 1989 1947 1947 1989 1989 2214 2214 2385 2385 1949 1949 1952 1952 1885 1885 1953 1953 1952 1952 1952 1952 1949 1949 1885 1885 1949 1949 1954 1954 1885 1885 1949 1949 1948 1948 1951 1951 1951 1951 1954 1954 1949 1949 1951 1951 1950 1950 1954 1954 1950 1950 1948 1948 1947 1947 1951 1951 1948 1948 1950 1950 1950 1950 1947 1947 2214 2214 2351 2351 1950 1950 2214 2214 1950 1950 2351 2351 1884 1884 2361 2361 2008 2008 1915 1915 1757 1757 2006 2006 2362 2362 2362 2362 2360 2360 1757 1757 2362 2362 2008 2008 2361 2361 2360 2360 2362 2362 2361 2361 2360 2360 2361 2361 2245 2245 2361 2361 1915 1915 2245 2245 1990 1990 1991 1991 1992 1992 1990 1990 1992 1992 2079 2079 1988 1988 1990 1990 1989 1989 1990 1990 1988 1988 1991 1991 1996 1996 1994 1994 1995 1995 1997 1997 1996 1996 1995 1995 1996 1996 1993 1993 1994 1994 2006 2006 1915 1915 2362 2362 2245 2245 1915 1915 2007 2007 2007 2007 1915 1915 2006 2006 2362 2362 1915 1915 2008 2008 1870 1870 2009 2009 2010 2010 2010 2010 2009 2009 2011 2011 2131 2131 2133 2133 2132 2132 2259 2259 2132 2132 2258 2258 2258 2258 2132 2132 1842 1842 2131 2131 2132 2132 2259 2259 2133 2133 2131 2131 2145 2145 2133 2133 2145 2145 2265 2265 2133 2133 2265 2265 1980 1980 1980 1980 2265 2265 2021 2021 2048 2048 2049 2049 2136 2136 2049 2049 2137 2137 2136 2136 2136 2136 2137 2137 2267 2267 2267 2267 2137 2137 2266 2266 2266 2266 2137 2137 2079 2079 1995 1995 2148 2148 2156 2156 2148 2148 1995 1995 1994 1994 1995 1995 2156 2156 2150 2150 2198 2198 1988 1988 2122 2122 2193 2193 1991 1991 2198 2198 2193 2193 1992 1992 1991 1991 1992 1992 2193 2193 2078 2078 2198 2198 1991 1991 1988 1988 2003 2003 1912 1912 2202 2202 2004 2004 1908 1908 1912 1912 1899 1899 1909 1909 2004 2004 2004 2004 1909 1909 1908 1908 2004 2004 1912 1912 2003 2003 2005 2005 1984 1984 2165 2165 2005 2005 2002 2002 1984 1984 2207 2207 1999 1999 2208 2208 1986 1986 1998 1998 2207 2207 2207 2207 1998 1998 1999 1999 2209 2209 1780 1780 1779 1779 2356 2356 2211 2211 2209 2209 2210 2210 1990 1990 2335 2335 2216 2216 1990 1990 2210 2210 1989 1989 2215 2215 2214 2214 1990 1990 2215 2215 1989 1989 2215 2215 1990 1990 2216 2216 2212 2212 2079 2079 2213 2213 2213 2213 2079 2079 1955 1955 2212 2212 1990 1990 2079 2079 2335 2335 1990 1990 2212 2212 2210 2210 2335 2335 2217 2217 2217 2217 2335 2335 2211 2211 2217 2217 2211 2211 2356 2356 2209 2209 2211 2211 1780 1780 1828 1828 2218 2218 1776 1776 2218 2218 1827 1827 2239 2239 1827 1827 2218 2218 1828 1828 1993 1993 2225 2225 2224 2224 2220 2220 1993 1993 1996 1996 2321 2321 1996 1996 2223 2223 2223 2223 1996 1996 1967 1967 1967 1967 1996 1996 1997 1997 2220 2220 1996 1996 2321 2321 2220 2220 2321 2321 2222 2222 2220 2220 2222 2222 2221 2221 2221 2221 2222 2222 1792 1792 1993 1993 2220 2220 2328 2328 1993 1993 2328 2328 2225 2225 1872 1872 1874 1874 1873 1873 1872 1872 2012 2012 1874 1874 1872 1872 2014 2014 2012 2012 1767 1767 2016 2016 2014 2014 1769 1769 2020 2020 2016 2016 2227 2227 1769 1769 2226 2226 2226 2226 1769 1769 1789 1789 1769 1769 2227 2227 2020 2020 1769 1769 2016 2016 1767 1767 1767 1767 2014 2014 1872 1872 2230 2230 2011 2011 2287 2287 2010 2010 2230 2230 2284 2284 2230 2230 2010 2010 2011 2011 2010 2010 2284 2284 2229 2229 2010 2010 2229 2229 1914 1914 2010 2010 1914 1914 1765 1765 2231 2231 1760 1760 2292 2292 2006 2006 2000 2000 2007 2007 2000 2000 2234 2234 2278 2278 1999 1999 2278 2278 2233 2233 1999 1999 2233 2233 1854 1854 2000 2000 2278 2278 1999 1999 2006 2006 2234 2234 2000 2000 2234 2234 2006 2006 2235 2235 2235 2235 2006 2006 2282 2282 2282 2282 1757 1757 1833 1833 2282 2282 2006 2006 1757 1757 2007 2007 2000 2000 2001 2001 2202 2202 2002 2002 2003 2003 2002 2002 2202 2202 2373 2373 2248 2248 2373 2373 2247 2247 2248 2248 2247 2247 2246 2246 2002 2002 2373 2373 2248 2248 2360 2360 2251 2251 1753 1753 2360 2360 2250 2250 2251 2251 2245 2245 2249 2249 2250 2250 2245 2245 2007 2007 2001 2001 2245 2245 2001 2001 2249 2249 2245 2245 2250 2250 2360 2360 2249 2249 2251 2251 2250 2250 2243 2243 2251 2251 2249 2249 2246 2246 1930 1930 2248 2248 2248 2248 1930 1930 2244 2244 1753 1753 2251 2251 2243 2243 2244 2244 1753 1753 2243 2243 1753 1753 2244 2244 1930 1930 1753 1753 1930 1930 1754 1754 2364 2364 1927 1927 1917 1917 1925 1925 2364 2364 2363 2363 1925 1925 2363 2363 1924 1924 1924 1924 2363 2363 2365 2365 1921 1921 2365 2365 1916 1916 1922 1922 2365 2365 1921 1921 1923 1923 2365 2365 1922 1922 1924 1924 2365 2365 1923 1923 1926 1926 2364 2364 1925 1925 1927 1927 2364 2364 1926 1926 2255 2255 2254 2254 2092 2092 2253 2253 2091 2091 2254 2254 2392 2392 2091 2091 2253 2253 2392 2392 2415 2415 2747 2747 2747 2747 2415 2415 2916 2916 2747 2747 2916 2916 2482 2482 2253 2253 2254 2254 2255 2255 2393 2393 2569 2569 2902 2902 2902 2902 2569 2569 2903 2903 2393 2393 2271 2271 2121 2121 2271 2271 1810 1810 1867 1867 1896 1896 2988 2988 1906 1906 1893 1893 2989 2989 2988 2988 2989 2989 1893 1893 2574 2574 1893 1893 2988 2988 1896 1896 2384 2384 2345 2345 2396 2396 2504 2504 2384 2384 3020 3020 3020 3020 2384 2384 2396 2396 2384 2384 1954 1954 2343 2343 2384 2384 2343 2343 2345 2345 2404 2404 2404 2404 2404 2404 2404 2404 2404 2404 2404 2404 2404 2404 2404 2404 2404 2404 2403 2403 2404 2404 2404 2404 2402 2402 2402 2402 2403 2403 2401 2401 2401 2401 2402 2402 2401 2401 2401 2401 2400 2400 2400 2400 2400 2400 2399 2399 2400 2400 2401 2401 2400 2400 2402 2402 2401 2401 2402 2402 2403 2403 2402 2402 2404 2404 2404 2404 2404 2404 2404 2404 2404 2404 2404 2404 2404 2404 2404 2404 2404 2404 2404 2404 2404 2404 2404 2404 2404 2404 2601 2601 2496 2496 2576 2576 2614 2614 2778 2778 2615 2615 2585 2585 2778 2778 2614 2614 2541 2541 2545 2545 2974 2974 2544 2544 2545 2545 2543 2543 2850 2850 2543 2543 2976 2976 2973 2973 2975 2975 2850 2850 2986 2986 2985 2985 2849 2849 2580 2580 2437 2437 2985 2985 2580 2580 2985 2985 2436 2436 2436 2436 2985 2985 2986 2986 2546 2546 2409 2409 2986 2986 2979 2979 2980 2980 2399 2399 2576 2576 2575 2575 2703 2703 2703 2703 2575 2575 2613 2613 2983 2983 2981 2981 2984 2984 2979 2979 2441 2441 2978 2978 2438 2438 2439 2439 2440 2440 2439 2439 2438 2438 2841 2841 2843 2843 2439 2439 2841 2841 2977 2977 2439 2439 2843 2843 2440 2440 2439 2439 2441 2441 2978 2978 2441 2441 2439 2439 2439 2439 2977 2977 2978 2978 2977 2977 2844 2844 2978 2978 2844 2844 2845 2845 2978 2978 2981 2981 2979 2979 2845 2845 2983 2983 2979 2979 2981 2981 2979 2979 2983 2983 2984 2984 2982 2982 2979 2979 2984 2984 2978 2978 2845 2845 2979 2979 2982 2982 2980 2980 2979 2979 2404 2404 2980 2980 2404 2404 2404 2404 2980 2980 2404 2404 2404 2404 2980 2980 2403 2403 2403 2403 2980 2980 2402 2402 2399 2399 2980 2980 2404 2404 2402 2402 2980 2980 2399 2399 2399 2399 2404 2404 2404 2404 2399 2399 2404 2404 2404 2404 2399 2399 2404 2404 2404 2404 2399 2399 2404 2404 2402 2402 2399 2399 2402 2402 2401 2401 2402 2402 2399 2399 2401 2401 2399 2399 2401 2401 2400 2400 2401 2401 2399 2399 2400 2400 2399 2399 2980 2980 2982 2982 2979 2979 2399 2399 2441 2441 2984 2984 2408 2408 2982 2982 2409 2409 2546 2546 2982 2982 2982 2982 2546 2546 2399 2399 2399 2399 2546 2546 2441 2441 2441 2441 2546 2546 2440 2440 2982 2982 2986 2986 2409 2409 2982 2982 2436 2436 2986 2986 2973 2973 2580 2580 2493 2493 2578 2578 2494 2494 2580 2580 2975 2975 2543 2543 2850 2850 2962 2962 2963 2963 2855 2855 2964 2964 2855 2855 2963 2963 2962 2962 2541 2541 2963 2963 2963 2963 2862 2862 2964 2964 2963 2963 2965 2965 2862 2862 2862 2862 2965 2965 2967 2967 2862 2862 2967 2967 2861 2861 2967 2967 2965 2965 2966 2966 2963 2963 2966 2966 2965 2965 2966 2966 2963 2963 2541 2541 2966 2966 2541 2541 2542 2542 2967 2967 2966 2966 2542 2542 2541 2541 2962 2962 2545 2545 2974 2974 2545 2545 2544 2544 2974 2974 2544 2544 2543 2543 2974 2974 2543 2543 2975 2975 2974 2974 2975 2975 2973 2973 2541 2541 2974 2974 2542 2542 2974 2974 2971 2971 2972 2972 2542 2542 2974 2974 2968 2968 2968 2968 2967 2967 2542 2542 2968 2968 2969 2969 2967 2967 2968 2968 2860 2860 2969 2969 2968 2968 2970 2970 2860 2860 2968 2968 2972 2972 2970 2970 2968 2968 2974 2974 2972 2972 2860 2860 2970 2970 2972 2972 2860 2860 2972 2972 2859 2859 2884 2884 2971 2971 2974 2974 2971 2971 2884 2884 2972 2972 2974 2974 2973 2973 2884 2884 2492 2492 2884 2884 2973 2973 2492 2492 2973 2973 2493 2493 2580 2580 2494 2494 2492 2492 2580 2580 2492 2492 2493 2493 2582 2582 2492 2492 2494 2494 2492 2492 2582 2582 2884 2884 2582 2582 2584 2584 2884 2884 2972 2972 2884 2884 2854 2854 2859 2859 2972 2972 2854 2854 2584 2584 2854 2854 2884 2884 2859 2859 2585 2585 2614 2614 2859 2859 2584 2584 2582 2582 2859 2859 2582 2582 2581 2581 2854 2854 2584 2584 2859 2859 2581 2581 2583 2583 2859 2859 2583 2583 2585 2585 2859 2859 2494 2494 2583 2583 2582 2582 2581 2581 2582 2582 2583 2583 2575 2575 2576 2576 2496 2496 2496 2496 2495 2495 2984 2984 2496 2496 2984 2984 2575 2575 2583 2583 2494 2494 2497 2497 2497 2497 2494 2494 2579 2579 2583 2583 2497 2497 2585 2585 2585 2585 2497 2497 2601 2601 2497 2497 2496 2496 2601 2601 2579 2579 2496 2496 2497 2497 2496 2496 2579 2579 2495 2495 2577 2577 2494 2494 2578 2578 2579 2579 2494 2494 2577 2577 2577 2577 2495 2495 2579 2579 2984 2984 2495 2495 2577 2577 2984 2984 2577 2577 2408 2408 2577 2577 2578 2578 2408 2408 2407 2407 2436 2436 2982 2982 2982 2982 2408 2408 2407 2407 2407 2407 2578 2578 2580 2580 2407 2407 2580 2580 2436 2436 2408 2408 2578 2578 2407 2407 2880 2880 2922 2922 2413 2413 2443 2443 2925 2925 2882 2882 2552 2552 2442 2442 2550 2550 2875 2875 2550 2550 2444 2444 2921 2921 2550 2550 2875 2875 2875 2875 2889 2889 2921 2921 2559 2559 2889 2889 2940 2940 2478 2478 2558 2558 2553 2553 2471 2471 2561 2561 2562 2562 2562 2562 2838 2838 2618 2618 2562 2562 2618 2618 2471 2471 2412 2412 2410 2410 2471 2471 2562 2562 2561 2561 2478 2478 2478 2478 2553 2553 2555 2555 2555 2555 2553 2553 2632 2632 2888 2888 2873 2873 2937 2937 2939 2939 2874 2874 2941 2941 2939 2939 2940 2940 2874 2874 2940 2940 2937 2937 2873 2873 2937 2937 2940 2940 2939 2939 2937 2937 2939 2939 2941 2941 2941 2941 2876 2876 2938 2938 2930 2930 2521 2521 2929 2929 2927 2927 2520 2520 2519 2519 2518 2518 2519 2519 2520 2520 2868 2868 2928 2928 2519 2519 2928 2928 2927 2927 2519 2519 2927 2927 2928 2928 2868 2868 2520 2520 2927 2927 2522 2522 2520 2520 2522 2522 2521 2521 2520 2520 2521 2521 2876 2876 2521 2521 2522 2522 2927 2927 2929 2929 2927 2927 2868 2868 2927 2927 2929 2929 2521 2521 2929 2929 2867 2867 2930 2930 2930 2930 2867 2867 2931 2931 2867 2867 2933 2933 2931 2931 2869 2869 2934 2934 2867 2867 2934 2934 2933 2933 2867 2867 2933 2933 2934 2934 2869 2869 2931 2931 2933 2933 2932 2932 2935 2935 2938 2938 2933 2933 2931 2931 2932 2932 2938 2938 2938 2938 2932 2932 2933 2933 2930 2930 2931 2931 2938 2938 2930 2930 2938 2938 2521 2521 2938 2938 2876 2876 2521 2521 2937 2937 2886 2886 2888 2888 2937 2937 2941 2941 2938 2938 2938 2938 2936 2936 2937 2937 2938 2938 2935 2935 2936 2936 2886 2886 2937 2937 2936 2936 2936 2936 2935 2935 2933 2933 2933 2933 2869 2869 2936 2936 2936 2936 2887 2887 2886 2886 2554 2554 2632 2632 2633 2633 2555 2555 2632 2632 2554 2554 2556 2556 2887 2887 2936 2936 2556 2556 2632 2632 2553 2553 2936 2936 2632 2632 2556 2556 2558 2558 2556 2556 2553 2553 2556 2556 2888 2888 2886 2886 2887 2887 2556 2556 2886 2886 2888 2888 2556 2556 2557 2557 2558 2558 2557 2557 2556 2556 2888 2888 2557 2557 2873 2873 2502 2502 2557 2557 2558 2558 2558 2558 2478 2478 2502 2502 2502 2502 2478 2478 2561 2561 2502 2502 2561 2561 2560 2560 2502 2502 2560 2560 2500 2500 2561 2561 2501 2501 2560 2560 2501 2501 2471 2471 2410 2410 2471 2471 2501 2501 2561 2561 2501 2501 2500 2500 2560 2560 2472 2472 2501 2501 2410 2410 2472 2472 2559 2559 2501 2501 2502 2502 2500 2500 2501 2501 2873 2873 2559 2559 2940 2940 2502 2502 2501 2501 2559 2559 2557 2557 2502 2502 2559 2559 2557 2557 2559 2559 2873 2873 2559 2559 2472 2472 2889 2889 2472 2472 2921 2921 2889 2889 2921 2921 2472 2472 2552 2552 2921 2921 2552 2552 2550 2550 2879 2879 2443 2443 2926 2926 2443 2443 2879 2879 2925 2925 2925 2925 2879 2879 2551 2551 2551 2551 2879 2879 2442 2442 2551 2551 2924 2924 2925 2925 2443 2443 2882 2882 2926 2926 2925 2925 2924 2924 2882 2882 2882 2882 2924 2924 2881 2881 2881 2881 2923 2923 2878 2878 2881 2881 2924 2924 2923 2923 2923 2923 2924 2924 2551 2551 2411 2411 2923 2923 2551 2551 2442 2442 2552 2552 2411 2411 2442 2442 2411 2411 2551 2551 2411 2411 2552 2552 2414 2414 2922 2922 2923 2923 2413 2413 2414 2414 2552 2552 2923 2923 2552 2552 2413 2413 2923 2923 2411 2411 2414 2414 2923 2923 2923 2923 2880 2880 2878 2878 2923 2923 2922 2922 2880 2880 2880 2880 2413 2413 2471 2471 2413 2413 2412 2412 2471 2471 2472 2472 2413 2413 2552 2552 2472 2472 2410 2410 2413 2413 2412 2412 2413 2413 2410 2410 2630 2630 2866 2866 2485 2485 2866 2866 2435 2435 2485 2485 2448 2448 2447 2447 2450 2450 2451 2451 2448 2448 2450 2450 2448 2448 2451 2451 2449 2449 2446 2446 2447 2447 2448 2448 2445 2445 2446 2446 3035 3035 2450 2450 2446 2446 2452 2452 2452 2452 2446 2446 2445 2445 2450 2450 2447 2447 2446 2446 2943 2943 2945 2945 2951 2951 2865 2865 2943 2943 2950 2950 2865 2865 2950 2950 2949 2949 2863 2863 2865 2865 2596 2596 2600 2600 2491 2491 2590 2590 2593 2593 2591 2591 2587 2587 2592 2592 2587 2587 2591 2591 2780 2780 2853 2853 2616 2616 2780 2780 2589 2589 2853 2853 2853 2853 2589 2589 2586 2586 2587 2587 2592 2592 2589 2589 2589 2589 2592 2592 2885 2885 2589 2589 2885 2885 2586 2586 2588 2588 2589 2589 2590 2590 2587 2587 2589 2589 2588 2588 2642 2642 2599 2599 2646 2646 2863 2863 2597 2597 2490 2490 2598 2598 2489 2489 2490 2490 2598 2598 2490 2490 2597 2597 2599 2599 2641 2641 2643 2643 2485 2485 2831 2831 2809 2809 2636 2636 2806 2806 2831 2831 2639 2639 2647 2647 2806 2806 2642 2642 2647 2647 2639 2639 2633 2633 2809 2809 2830 2830 2633 2633 2830 2830 2554 2554 2485 2485 2809 2809 2633 2633 2484 2484 2485 2485 2486 2486 2486 2486 2485 2485 2435 2435 2634 2634 2486 2486 2435 2435 2635 2635 2486 2486 2634 2634 2487 2487 2486 2486 2635 2635 2486 2486 2487 2487 2637 2637 2486 2486 2637 2637 2484 2484 2484 2484 2637 2637 2485 2485 2831 2831 2485 2485 2636 2636 2637 2637 2488 2488 2636 2636 2637 2637 2636 2636 2485 2485 2639 2639 2806 2806 2638 2638 2638 2638 2806 2806 2636 2636 2638 2638 2642 2642 2639 2639 2640 2640 2638 2638 2636 2636 2644 2644 2638 2638 2641 2641 2644 2644 2599 2599 2642 2642 2599 2599 2644 2644 2641 2641 2638 2638 2644 2644 2642 2642 2643 2643 2641 2641 2490 2490 2489 2489 2599 2599 2490 2490 2490 2490 2599 2599 2643 2643 2642 2642 2646 2646 2647 2647 2489 2489 2646 2646 2599 2599 2489 2489 2600 2600 2646 2646 2489 2489 2598 2598 2600 2600 2491 2491 2600 2600 2598 2598 2590 2590 2491 2491 2594 2594 2590 2590 2594 2594 2588 2588 2594 2594 2593 2593 2587 2587 2594 2594 2587 2587 2588 2588 2594 2594 2491 2491 2593 2593 2593 2593 2491 2491 2596 2596 2598 2598 2596 2596 2491 2491 2598 2598 2597 2597 2596 2596 2863 2863 2596 2596 2597 2597 2596 2596 2865 2865 2595 2595 2595 2595 2593 2593 2596 2596 2595 2595 2865 2865 2593 2593 2593 2593 2865 2865 2473 2473 2870 2870 2872 2872 2864 2864 2943 2943 2865 2865 2872 2872 2943 2943 2872 2872 2945 2945 2945 2945 2872 2872 2951 2951 2951 2951 2872 2872 2946 2946 2539 2539 2871 2871 2870 2870 2871 2871 2539 2539 2953 2953 2870 2870 2947 2947 2872 2872 2870 2870 2871 2871 2947 2947 2947 2947 2944 2944 2872 2872 2872 2872 2944 2944 2946 2946 2947 2947 2948 2948 2944 2944 2946 2946 2944 2944 2948 2948 2947 2947 2871 2871 2953 2953 2540 2540 2953 2953 2539 2539 2852 2852 2958 2958 2857 2857 2857 2857 2958 2958 2856 2856 2960 2960 2856 2856 2958 2958 2959 2959 2960 2960 2958 2958 2856 2856 2960 2960 2851 2851 2959 2959 2540 2540 2960 2960 2961 2961 2851 2851 2540 2540 2540 2540 2851 2851 2960 2960 2540 2540 2538 2538 2953 2953 2538 2538 2540 2540 2959 2959 2959 2959 2957 2957 2538 2538 2956 2956 2538 2538 2957 2957 2955 2955 2959 2959 2958 2958 2959 2959 2955 2955 2957 2957 2958 2958 2852 2852 2955 2955 2955 2955 2956 2956 2957 2957 2956 2956 2955 2955 2954 2954 2858 2858 2954 2954 2955 2955 2858 2858 2955 2955 2852 2852 2586 2586 2954 2954 2858 2858 2885 2885 2954 2954 2586 2586 2952 2952 2956 2956 2954 2954 2538 2538 2956 2956 2952 2952 2952 2952 2953 2953 2538 2538 2953 2953 2954 2954 2885 2885 2954 2954 2953 2953 2952 2952 2953 2953 2948 2948 2947 2947 2948 2948 2953 2953 2946 2946 2953 2953 2949 2949 2950 2950 2953 2953 2950 2950 2943 2943 2953 2953 2943 2943 2951 2951 2953 2953 2951 2951 2946 2946 2953 2953 2885 2885 2949 2949 2885 2885 2942 2942 2949 2949 2865 2865 2949 2949 2942 2942 2473 2473 2865 2865 2942 2942 2942 2942 2592 2592 2473 2473 2592 2592 2593 2593 2473 2473 2885 2885 2592 2592 2942 2942 2593 2593 2592 2592 2591 2591 2480 2480 2840 2840 2418 2418 2555 2555 2745 2745 2478 2478 2421 2421 2745 2745 2762 2762 2761 2761 2745 2745 2421 2421 2478 2478 2745 2745 2761 2761 2478 2478 2761 2761 2477 2477 2478 2478 2480 2480 2479 2479 2480 2480 2478 2478 2477 2477 2480 2480 2477 2477 2419 2419 2480 2480 2419 2419 2420 2420 2480 2480 2420 2420 2840 2840 2604 2604 2605 2605 2606 2606 2622 2622 2605 2605 2604 2604 2623 2623 2622 2622 2625 2625 2623 2623 2625 2625 2624 2624 2605 2605 2621 2621 2602 2602 2617 2617 2620 2620 2619 2619 2617 2617 2619 2619 2618 2618 2895 2895 2620 2620 2617 2617 2603 2603 2617 2617 2607 2607 2835 2835 2603 2603 2607 2607 2602 2602 2617 2617 2603 2603 2617 2617 2602 2602 2895 2895 2621 2621 2605 2605 2626 2626 2626 2626 2605 2605 2622 2622 2612 2612 2611 2611 2613 2613 2612 2612 2613 2613 2575 2575 2610 2610 2611 2611 2612 2612 2608 2608 2610 2610 2609 2609 2610 2610 2608 2608 2611 2611 2853 2853 2615 2615 2616 2616 2853 2853 2614 2614 2615 2615 2627 2627 2524 2524 3008 3008 2523 2523 2524 2524 2628 2628 2628 2628 2524 2524 2627 2627 3008 3008 2524 2524 2629 2629 2630 2630 2633 2633 2631 2631 2631 2631 2633 2633 2632 2632 2485 2485 2633 2633 2630 2630 2905 2905 2760 2760 2675 2675 2758 2758 2760 2760 2759 2759 2758 2758 2650 2650 2646 2646 2646 2646 2650 2650 2909 2909 2911 2911 2705 2705 2706 2706 2677 2677 2678 2678 2763 2763 2678 2678 2765 2765 2763 2763 2763 2763 2765 2765 2764 2764 2764 2764 2765 2765 2705 2705 2705 2705 2765 2765 2576 2576 2764 2764 2705 2705 2911 2911 2616 2616 3135 3135 2792 2792 3135 3135 2615 2615 2778 2778 3135 3135 2616 2616 2615 2615 2616 2616 2792 2792 2780 2780 2828 2828 2608 2608 2748 2748 2825 2825 2611 2611 2828 2828 2824 2824 2611 2611 2825 2825 2824 2824 2613 2613 2611 2611 2613 2613 2824 2824 2703 2703 2828 2828 2611 2611 2608 2608 2623 2623 2514 2514 2891 2891 2624 2624 2512 2512 2514 2514 2624 2624 2508 2508 2512 2512 2624 2624 2514 2514 2623 2623 2625 2625 2604 2604 2832 2832 2625 2625 2622 2622 2604 2604 2836 2836 2617 2617 2838 2838 2607 2607 2617 2617 2836 2836 2838 2838 2617 2617 2618 2618 3002 3002 2438 2438 2842 2842 3000 3000 2977 2977 2848 2848 3000 3000 2610 2610 2977 2977 2847 2847 2610 2610 3000 3000 2609 2609 2996 2996 2846 2846 2610 2610 2996 2996 2609 2609 2996 2996 2610 2610 2847 2847 2977 2977 2610 2610 2612 2612 2844 2844 2612 2612 2845 2845 2981 2981 2575 2575 2984 2984 2845 2845 2575 2575 2981 2981 2845 2845 2612 2612 2575 2575 2977 2977 2612 2612 2844 2844 2848 2848 2977 2977 2843 2843 2848 2848 2843 2843 3002 3002 3002 3002 2843 2843 2841 2841 3002 3002 2841 2841 2438 2438 2985 2985 2976 2976 2849 2849 2437 2437 2850 2850 2985 2985 2850 2850 2580 2580 2973 2973 2580 2580 2850 2850 2437 2437 2985 2985 2850 2850 2976 2976 2614 2614 2860 2860 2859 2859 2853 2853 2967 2967 2614 2614 2967 2967 2857 2857 2861 2861 2862 2862 2857 2857 2856 2856 2964 2964 2856 2856 2851 2851 2964 2964 2851 2851 2961 2961 2964 2964 2961 2961 2855 2855 2862 2862 2856 2856 2964 2964 2861 2861 2857 2857 2862 2862 2967 2967 2853 2853 2857 2857 2857 2857 2853 2853 2852 2852 2852 2852 2853 2853 2858 2858 2858 2858 2853 2853 2586 2586 2614 2614 2967 2967 2969 2969 2614 2614 2969 2969 2860 2860 2487 2487 2488 2488 2637 2637 2487 2487 2636 2636 2488 2488 2635 2635 2640 2640 2487 2487 2635 2635 2490 2490 2640 2640 2638 2638 2490 2490 2641 2641 2864 2864 2863 2863 2635 2635 2863 2863 2872 2872 2865 2865 2863 2863 2864 2864 2872 2872 2635 2635 2863 2863 2490 2490 2640 2640 2490 2490 2638 2638 2487 2487 2640 2640 2636 2636 2866 2866 2519 2519 2518 2518 2631 2631 2929 2929 2630 2630 2867 2867 2632 2632 2869 2869 2869 2869 2632 2632 2936 2936 2631 2631 2867 2867 2929 2929 2867 2867 2631 2631 2632 2632 2630 2630 2929 2929 2868 2868 2630 2630 2868 2868 2519 2519 2630 2630 2519 2519 2866 2866 2874 2874 2875 2875 2444 2444 2940 2940 2889 2889 2875 2875 2940 2940 2875 2875 2874 2874 2627 2627 2619 2619 2628 2628 2619 2619 2881 2881 2878 2878 2618 2618 2878 2878 2880 2880 2618 2618 2880 2880 2471 2471 2619 2619 2878 2878 2618 2618 2627 2627 2881 2881 2619 2619 2881 2881 2627 2627 2882 2882 2882 2882 2627 2627 2926 2926 2926 2926 3006 3006 2879 2879 2926 2926 2627 2627 3006 3006 2628 2628 2619 2619 2620 2620 2899 2899 2898 2898 3004 3004 2537 2537 2529 2529 2893 2893 2529 2529 2892 2892 2893 2893 2891 2891 2626 2626 2622 2622 2918 2918 2894 2894 2891 2891 2918 2918 2892 2892 2894 2894 2892 2892 2918 2918 2893 2893 2623 2623 2891 2891 2622 2622 2891 2891 2894 2894 2626 2626 2894 2894 2892 2892 2626 2626 2626 2626 2892 2892 2529 2529 2899 2899 2896 2896 2898 2898 2896 2896 2899 2899 3005 3005 2895 2895 2628 2628 2620 2620 2628 2628 2895 2895 2523 2523 2897 2897 2523 2523 2895 2895 2897 2897 3005 3005 2523 2523 2896 2896 3005 3005 2897 2897 2529 2529 2898 2898 2896 2896 2529 2529 2896 2896 2626 2626 2895 2895 2896 2896 2897 2897 2602 2602 2896 2896 2895 2895 2621 2621 2896 2896 2602 2602 2626 2626 2896 2896 2621 2621 2535 2535 3011 3011 2534 2534 2532 2532 3011 3011 2531 2531 2533 2533 3011 3011 2532 2532 2534 2534 3011 3011 2533 2533 3011 3011 2535 2535 3010 3010 3087 3087 3046 3046 3045 3045 3045 3045 3046 3046 3047 3047 3047 3047 3048 3048 3045 3045 3048 3048 3049 3049 3050 3050 3048 3048 3050 3050 3045 3045 3051 3051 3050 3050 3049 3049 3051 3051 3049 3049 3052 3052 3048 3048 3052 3052 3049 3049 3048 3048 3053 3053 3052 3052 3052 3052 3053 3053 3055 3055 3052 3052 3055 3055 3051 3051 3054 3054 3053 3053 3047 3047 3047 3047 3053 3053 3048 3048 3054 3054 3056 3056 3055 3055 3054 3054 3552 3552 3056 3056 3059 3059 3054 3054 3066 3066 3054 3054 3057 3057 3061 3061 3047 3047 3057 3057 3054 3054 3054 3054 3055 3055 3053 3053 3054 3054 3058 3058 3552 3552 3054 3054 3060 3060 3058 3058 3059 3059 3060 3060 3054 3054 3066 3066 3054 3054 3061 3061 3057 3057 3065 3065 3061 3061 3063 3063 3065 3065 3062 3062 3066 3066 3063 3063 3064 3064 3066 3066 3065 3065 3063 3063 3066 3066 3064 3064 3067 3067 3059 3059 3067 3067 3068 3068 3067 3067 3070 3070 3068 3068 3070 3070 3067 3067 3069 3069 3069 3069 3067 3067 3071 3071 3071 3071 3072 3072 3447 3447 3069 3069 3071 3071 3447 3447 3072 3072 3071 3071 3075 3075 3075 3075 3073 3073 3072 3072 3076 3076 3075 3075 3074 3074 3076 3076 3079 3079 3077 3077 3077 3077 3079 3079 3078 3078 3080 3080 3078 3078 3079 3079 3074 3074 3080 3080 3079 3079 3074 3074 3081 3081 3080 3080 3074 3074 3079 3079 3076 3076 3082 3082 3081 3081 3074 3074 3082 3082 3063 3063 3081 3081 3353 3353 3083 3083 3084 3084 3083 3083 2156 2156 3084 3084 3353 3353 3084 3084 2156 2156 3062 3062 3057 3057 3083 3083 3057 3057 2156 2156 3083 3083 3046 3046 2156 2156 3057 3057 3046 3046 2148 2148 2156 2156 2156 2156 2148 2148 3353 3353 2148 2148 3046 3046 3085 3085 3353 3353 2148 2148 3086 3086 3085 3085 3086 3086 2148 2148 3086 3086 3085 3085 3087 3087 3050 3050 3086 3086 3087 3087 3087 3087 3045 3045 3050 3050 3046 3046 3087 3087 3085 3085 3051 3051 3088 3088 3086 3086 3086 3086 3050 3050 3051 3051 3051 3051 3090 3090 3088 3088 3088 3088 3089 3089 3354 3354 3088 3088 3090 3090 3089 3089 3092 3092 3091 3091 3090 3090 3092 3092 3094 3094 3093 3093 3091 3091 3092 3092 3093 3093 3094 3094 3359 3359 3093 3093 3095 3095 3055 3055 3094 3094 3055 3055 3056 3056 3094 3094 3095 3095 3094 3094 3092 3092 3094 3094 3097 3097 3359 3359 3094 3094 3096 3096 3097 3097 3094 3094 3056 3056 3096 3096 3098 3098 3096 3096 3056 3056 3101 3101 3549 3549 3102 3102 3101 3101 3099 3099 3549 3549 3104 3104 3101 3101 3103 3103 3103 3103 3106 3106 3104 3104 3105 3105 3106 3106 3103 3103 3108 3108 3104 3104 3106 3106 3106 3106 3107 3107 3108 3108 3106 3106 3105 3105 3107 3107 3362 3362 3107 3107 3105 3105 3362 3362 3105 3105 3109 3109 3109 3109 3105 3105 3110 3110 3102 3102 3110 3110 3105 3105 3110 3110 3102 3102 3111 3111 3111 3111 3109 3109 3110 3110 3102 3102 3545 3545 3111 3111 3112 3112 3111 3111 3545 3545 3113 3113 3111 3111 3112 3112 3111 3111 3113 3113 3109 3109 3115 3115 3109 3109 3113 3113 3114 3114 3115 3115 3113 3113 3112 3112 3114 3114 3113 3113 3116 3116 3115 3115 3513 3513 3513 3513 3115 3115 3114 3114 3115 3115 3117 3117 3109 3109 3117 3117 3118 3118 3109 3109 3118 3118 3117 3117 3117 3117 3119 3119 3117 3117 3116 3116 3119 3119 3117 3117 3117 3117 3116 3116 3117 3117 3115 3115 3119 3119 3118 3118 3117 3117 3120 3120 3118 3118 3119 3119 3119 3119 3116 3116 3120 3120 3116 3116 3121 3121 3338 3338 3513 3513 3121 3121 3116 3116 3123 3123 3122 3122 3121 3121 3123 3123 3124 3124 3122 3122 3125 3125 3126 3126 3124 3124 3126 3126 3506 3506 3127 3127 3128 3128 3127 3127 3129 3129 3130 3130 3127 3127 3128 3128 3130 3130 3124 3124 3127 3127 3127 3127 3124 3124 3126 3126 3463 3463 3129 3129 3131 3131 3129 3129 3132 3132 3131 3131 3132 3132 2792 2792 3131 3131 3131 3131 2792 2792 3133 3133 2792 2792 3135 3135 3133 3133 3475 3475 2792 2792 3132 3132 3134 3134 2792 2792 3475 3475 3135 3135 3136 3136 3137 3137 3133 3133 3135 3135 3137 3137 3136 3136 3138 3138 3555 3555 3139 3139 3555 3555 3138 3138 3138 3138 3136 3136 3135 3135 3135 3135 3139 3139 3138 3138 3555 3555 3139 3139 3141 3141 3141 3141 3139 3139 3140 3140 3141 3141 3143 3143 3555 3555 3468 3468 3145 3145 3144 3144 3555 3555 3145 3145 3136 3136 3144 3144 3145 3145 3555 3555 3146 3146 3136 3136 3145 3145 3146 3146 3148 3148 3150 3150 3146 3146 3145 3145 3147 3147 3148 3148 3146 3146 3147 3147 3148 3148 3147 3147 3149 3149 3149 3149 3151 3151 3148 3148 3150 3150 3148 3148 3151 3151 3147 3147 3152 3152 3149 3149 3145 3145 3152 3152 3147 3147 3145 3145 3154 3154 3152 3152 3154 3154 3145 3145 3153 3153 3155 3155 3152 3152 3154 3154 3155 3155 3154 3154 3153 3153 3153 3153 3156 3156 3155 3155 3187 3187 3155 3155 3156 3156 3156 3156 3153 3153 3157 3157 3158 3158 3157 3157 3153 3153 3157 3157 3158 3158 3160 3160 3159 3159 3162 3162 3160 3160 3157 3157 3160 3160 3161 3161 3160 3160 3162 3162 3161 3161 3162 3162 3163 3163 3164 3164 3159 3159 3163 3163 3162 3162 3165 3165 3162 3162 3164 3164 3161 3161 3162 3162 3167 3167 3165 3165 3167 3167 3162 3162 3165 3165 3164 3164 3455 3455 3165 3165 3166 3166 3167 3167 3169 3169 3180 3180 3168 3168 3169 3169 3168 3168 3170 3170 3168 3168 3167 3167 3170 3170 3170 3170 3167 3167 3171 3171 3171 3171 3166 3166 3172 3172 3172 3172 3174 3174 3171 3171 3173 3173 3171 3171 3174 3174 3175 3175 3171 3171 3173 3173 3175 3175 3170 3170 3171 3171 3176 3176 3170 3170 3175 3175 3175 3175 3177 3177 3176 3176 3199 3199 3177 3177 3175 3175 3177 3177 3199 3199 3178 3178 3179 3179 3176 3176 3177 3177 3177 3177 3178 3178 3179 3179 3179 3179 3180 3180 3169 3169 3179 3179 3178 3178 3180 3180 3169 3169 3176 3176 3179 3179 3182 3182 3180 3180 3178 3178 3178 3178 3181 3181 3182 3182 3188 3188 3183 3183 3182 3182 3182 3182 3183 3183 3180 3180 3168 3168 3184 3184 3186 3186 3168 3168 3183 3183 3184 3184 3184 3184 3151 3151 3185 3185 3184 3184 3185 3185 3186 3186 3186 3186 3185 3185 3155 3155 3185 3185 3149 3149 3155 3155 3187 3187 3186 3186 3155 3155 3161 3161 3186 3186 3187 3187 3183 3183 3150 3150 3184 3184 3150 3150 3151 3151 3184 3184 3161 3161 3168 3168 3186 3186 3149 3149 3185 3185 3151 3151 3150 3150 3183 3183 3188 3188 3168 3168 3180 3180 3183 3183 3146 3146 3150 3150 3188 3188 3182 3182 3189 3189 3188 3188 3459 3459 3188 3188 3189 3189 3189 3189 3192 3192 3190 3190 3459 3459 3189 3189 3190 3190 3128 3128 3190 3190 3192 3192 3130 3130 3128 3128 3191 3191 3192 3192 3181 3181 3194 3194 3194 3194 3191 3191 3128 3128 3194 3194 3128 3128 3192 3192 3193 3193 3197 3197 3194 3194 3195 3195 3197 3197 3193 3193 3130 3130 3191 3191 3197 3197 3194 3194 3197 3197 3191 3191 3195 3195 3196 3196 3197 3197 3200 3200 3195 3195 3199 3199 3195 3195 3193 3193 3199 3199 3201 3201 3198 3198 3195 3195 3195 3195 3200 3200 3201 3201 3198 3198 3201 3201 3202 3202 3201 3201 3200 3200 3202 3202 3198 3198 3202 3202 3205 3205 3203 3203 3205 3205 3202 3202 3203 3203 3202 3202 3207 3207 3202 3202 3204 3204 3206 3206 3202 3202 3206 3206 3207 3207 3203 3203 3207 3207 3209 3209 3207 3207 3206 3206 3208 3208 3207 3207 3208 3208 3209 3209 3209 3209 3208 3208 3453 3453 3211 3211 3210 3210 3453 3453 3210 3210 3212 3212 3453 3453 3453 3453 3212 3212 3209 3209 3209 3209 3212 3212 3330 3330 3210 3210 3213 3213 3212 3212 3210 3210 3163 3163 3213 3213 3214 3214 3213 3213 3163 3163 3217 3217 3216 3216 3214 3214 3217 3217 3219 3219 3216 3216 3219 3219 3217 3217 3218 3218 3218 3218 3222 3222 3219 3219 3220 3220 3222 3222 3221 3221 3224 3224 3222 3222 3223 3223 3225 3225 3222 3222 3224 3224 3225 3225 3221 3221 3222 3222 3228 3228 3225 3225 3224 3224 3226 3226 3227 3227 3228 3228 3228 3228 3229 3229 3226 3226 3224 3224 3229 3229 3228 3228 3229 3229 3230 3230 3231 3231 3226 3226 3229 3229 3231 3231 3231 3231 3233 3233 3232 3232 3231 3231 3232 3232 3226 3226 3233 3233 3231 3231 3230 3230 3234 3234 3233 3233 3230 3230 3236 3236 3234 3234 3235 3235 3235 3235 3234 3234 3230 3230 3235 3235 3237 3237 3236 3236 3236 3236 3237 3237 3244 3244 3238 3238 3242 3242 3237 3237 3242 3242 3239 3239 3237 3237 3243 3243 3242 3242 3238 3238 3240 3240 3242 3242 3241 3241 3241 3241 3242 3242 3251 3251 3242 3242 3243 3243 3251 3251 3251 3251 3446 3446 3241 3241 3249 3249 3446 3446 3251 3251 3241 3241 3446 3446 3240 3240 3446 3446 3244 3244 3240 3240 3240 3240 3244 3244 3242 3242 3242 3242 3244 3244 3239 3239 3239 3239 3244 3244 3237 3237 3280 3280 3446 3446 3249 3249 3249 3249 3245 3245 3246 3246 3249 3249 3246 3246 3247 3247 3249 3249 3247 3247 3280 3280 3249 3249 3250 3250 3248 3248 3259 3259 3245 3245 3249 3249 3250 3250 3249 3249 3251 3251 3252 3252 3243 3243 3250 3250 3251 3251 3243 3243 3252 3252 3251 3251 3252 3252 3250 3250 3243 3243 3255 3255 3250 3250 3253 3253 3250 3250 3255 3255 3258 3258 3254 3254 3255 3255 3266 3266 3255 3255 3254 3254 3253 3253 3255 3255 3248 3248 3258 3258 3255 3255 3243 3243 3248 3248 3255 3255 3256 3256 3256 3256 3255 3255 3257 3257 3257 3257 3255 3255 3249 3249 3249 3249 3255 3255 3259 3259 3258 3258 3243 3243 3260 3260 3261 3261 3254 3254 3258 3258 3261 3261 3224 3224 3223 3223 3262 3262 3254 3254 3261 3261 3217 3217 3262 3262 3261 3261 3261 3261 3258 3258 3224 3224 3217 3217 3261 3261 3223 3223 3223 3223 3218 3218 3217 3217 3223 3223 3222 3222 3218 3218 3263 3263 3254 3254 3262 3262 3217 3217 3263 3263 3262 3262 3263 3263 3068 3068 3254 3254 3217 3217 3264 3264 3263 3263 3264 3264 3059 3059 3263 3263 3263 3263 3059 3059 3068 3068 3264 3264 3214 3214 3163 3163 3163 3163 3059 3059 3264 3264 3217 3217 3214 3214 3264 3264 3224 3224 3258 3258 3265 3265 3260 3260 3265 3265 3258 3258 3260 3260 3235 3235 3265 3265 3238 3238 3235 3235 3260 3260 3243 3243 3238 3238 3260 3260 3229 3229 3265 3265 3235 3235 3265 3265 3229 3229 3224 3224 3257 3257 3249 3249 3256 3256 3256 3256 3249 3249 3248 3248 3245 3245 3259 3259 3266 3266 3245 3245 3266 3266 3267 3267 3266 3266 3254 3254 3267 3267 3267 3267 3254 3254 3268 3268 3269 3269 3267 3267 3268 3268 3268 3268 3270 3270 3269 3269 3245 3245 3267 3267 3269 3269 3269 3269 3270 3270 3245 3245 3245 3245 3270 3270 3272 3272 3268 3268 3271 3271 3270 3270 3070 3070 3270 3270 3271 3271 3070 3070 3272 3272 3270 3270 3070 3070 3072 3072 3273 3273 3273 3273 3272 3272 3070 3070 3273 3273 3275 3275 3276 3276 3274 3274 3273 3273 3277 3277 3277 3277 3273 3273 3276 3276 3247 3247 3277 3277 3276 3276 3246 3246 3277 3277 3247 3247 3246 3246 3272 3272 3277 3277 3274 3274 3277 3277 3272 3272 3279 3279 3276 3276 3275 3275 3278 3278 3276 3276 3279 3279 3281 3281 3276 3276 3278 3278 3247 3247 3276 3276 3280 3280 3280 3280 3276 3276 3281 3281 3282 3282 3278 3278 3279 3279 3282 3282 3283 3283 3278 3278 3076 3076 3283 3283 3282 3282 3282 3282 3279 3279 3076 3076 3283 3283 3076 3076 3077 3077 3309 3309 3283 3283 3077 3077 3283 3283 3394 3394 3284 3284 3285 3285 3278 3278 3283 3283 3283 3283 3286 3286 3285 3285 3283 3283 3287 3287 3286 3286 3283 3283 3299 3299 3287 3287 3283 3283 3289 3289 3288 3288 3283 3283 3300 3300 3289 3289 3283 3283 3301 3301 3290 3290 3283 3283 3284 3284 3301 3301 3283 3283 3302 3302 3390 3390 3283 3283 3303 3303 3302 3302 3283 3283 3291 3291 3303 3303 3283 3283 3292 3292 3291 3291 3283 3283 3304 3304 3292 3292 3283 3283 3293 3293 3304 3304 3283 3283 3305 3305 3293 3293 3283 3283 3295 3295 3294 3294 3283 3283 3378 3378 3295 3295 3283 3283 3379 3379 3378 3378 3283 3283 3297 3297 3296 3296 3283 3283 3298 3298 3297 3297 3283 3283 3307 3307 3298 3298 3283 3283 3308 3308 3307 3307 3283 3283 3288 3288 3299 3299 3283 3283 3290 3290 3300 3300 3283 3283 3390 3390 3394 3394 3283 3283 3294 3294 3305 3305 3283 3283 3306 3306 3379 3379 3283 3283 3296 3296 3306 3306 3283 3283 3309 3309 3308 3308 3309 3309 3077 3077 3445 3445 3372 3372 3309 3309 3227 3227 3310 3310 3227 3227 3309 3309 3445 3445 3310 3310 3309 3309 3310 3310 3445 3445 3311 3311 3314 3314 3227 3227 3310 3310 3314 3314 3312 3312 3313 3313 3314 3314 3313 3313 3228 3228 3314 3314 3228 3228 3227 3227 3317 3317 3314 3314 3315 3315 3317 3317 3316 3316 3318 3318 3314 3314 3317 3317 3318 3318 3318 3318 3319 3319 3314 3314 3316 3316 3320 3320 3318 3318 3316 3316 3321 3321 3320 3320 3338 3338 3321 3321 3316 3316 3321 3321 3124 3124 3130 3130 3124 3124 3321 3321 3338 3338 3321 3321 3130 3130 3322 3322 3321 3321 3196 3196 3323 3323 3333 3333 3196 3196 3324 3324 3333 3333 3323 3323 3196 3196 3326 3326 3323 3323 3333 3333 3326 3326 3312 3312 3323 3323 3319 3319 3323 3323 3312 3312 3319 3319 3312 3312 3314 3314 3312 3312 3326 3326 3325 3325 3326 3326 3219 3219 3325 3325 3215 3215 3219 3219 3326 3326 3328 3328 3326 3326 3327 3327 3326 3326 3328 3328 3335 3335 3328 3328 3213 3213 3335 3335 3329 3329 3328 3328 3327 3327 3329 3329 3330 3330 3328 3328 3332 3332 3331 3331 3330 3330 3330 3330 3329 3329 3332 3332 3332 3332 3333 3333 3331 3331 3332 3332 3327 3327 3326 3326 3332 3332 3326 3326 3333 3333 3327 3327 3332 3332 3329 3329 3324 3324 3334 3334 3331 3331 3324 3324 3331 3331 3333 3333 3334 3334 3209 3209 3331 3331 3324 3324 3203 3203 3334 3334 3203 3203 3209 3209 3334 3334 3205 3205 3203 3203 3324 3324 3328 3328 3330 3330 3212 3212 3213 3213 3328 3328 3212 3212 3330 3330 3331 3331 3209 3209 3215 3215 3335 3335 3214 3214 3213 3213 3214 3214 3335 3335 3215 3215 3326 3326 3335 3335 3220 3220 3325 3325 3222 3222 3325 3325 3219 3219 3222 3222 3220 3220 3312 3312 3325 3325 3198 3198 3205 3205 3324 3324 3198 3198 3324 3324 3195 3195 3196 3196 3195 3195 3324 3324 3320 3320 3321 3321 3323 3323 3319 3319 3320 3320 3323 3323 3318 3318 3320 3320 3319 3319 3196 3196 3321 3321 3322 3322 3338 3338 3336 3336 3337 3337 3338 3338 3350 3350 3336 3336 3124 3124 3338 3338 3122 3122 3338 3338 3316 3316 3350 3350 3120 3120 3116 3116 3338 3338 3120 3120 3338 3338 3339 3339 3339 3339 3338 3338 3337 3337 3337 3337 3340 3340 3343 3343 3340 3340 3341 3341 3343 3343 3340 3340 3342 3342 3341 3341 3340 3340 3336 3336 3342 3342 3337 3337 3336 3336 3340 3340 3345 3345 3344 3344 3343 3343 3341 3341 3345 3345 3343 3343 3342 3342 3345 3345 3341 3341 3346 3346 3344 3344 3345 3345 3336 3336 3346 3346 3345 3345 3336 3336 3345 3345 3342 3342 3346 3346 3348 3348 3347 3347 3348 3348 3346 3346 3336 3336 3336 3336 3350 3350 3348 3348 3348 3348 3350 3350 3347 3347 3349 3349 3311 3311 3347 3347 3349 3349 3310 3310 3311 3311 3350 3350 3310 3310 3349 3349 3350 3350 3315 3315 3310 3310 3350 3350 3316 3316 3351 3351 3350 3350 3351 3351 3352 3352 3315 3315 3350 3350 3352 3352 3352 3352 3351 3351 3317 3317 3317 3317 3315 3315 3352 3352 3317 3317 3351 3351 3316 3316 3347 3347 3350 3350 3349 3349 3347 3347 3311 3311 3353 3353 3346 3346 3347 3347 3353 3353 3346 3346 3086 3086 3344 3344 3353 3353 3086 3086 3346 3346 3354 3354 3343 3343 3344 3344 3337 3337 3343 3343 3354 3354 3355 3355 3337 3337 3354 3354 3354 3354 3356 3356 3355 3355 3356 3356 3358 3358 3355 3355 3356 3356 3357 3357 3358 3358 3371 3371 3358 3358 3357 3357 3371 3371 3359 3359 3358 3358 3361 3361 3359 3359 3097 3097 3358 3358 3359 3359 3361 3361 3361 3361 3097 3097 3360 3360 3355 3355 3358 3358 3361 3361 3355 3355 3361 3361 3362 3362 3362 3362 3361 3361 3360 3360 3362 3362 3360 3360 3107 3107 3108 3108 3107 3107 3360 3360 3363 3363 3355 3355 3362 3362 3363 3363 3365 3365 3355 3355 3362 3362 3364 3364 3363 3363 3363 3363 3364 3364 3365 3365 3355 3355 3365 3365 3337 3337 3339 3339 3337 3337 3365 3365 3339 3339 3365 3365 3364 3364 3118 3118 3364 3364 3362 3362 3339 3339 3364 3364 3120 3120 3120 3120 3364 3364 3118 3118 3364 3364 3118 3118 3118 3118 3120 3120 3118 3118 3118 3118 3108 3108 3360 3360 3366 3366 3366 3366 3360 3360 3097 3097 3104 3104 3366 3366 3101 3101 3368 3368 3101 3101 3366 3366 3366 3366 3097 3097 3368 3368 3097 3097 3096 3096 3368 3368 3096 3096 3098 3098 3367 3367 3096 3096 3367 3367 3368 3368 3367 3367 3101 3101 3368 3368 3101 3101 3367 3367 3369 3369 3367 3367 3098 3098 3369 3369 3101 3101 3369 3369 3099 3099 3369 3369 3100 3100 3099 3099 3369 3369 3098 3098 3100 3100 3366 3366 3104 3104 3108 3108 3359 3359 3371 3371 3370 3370 3370 3370 3371 3371 3090 3090 3090 3090 3371 3371 3089 3089 3357 3357 3089 3089 3371 3371 3357 3357 3354 3354 3089 3089 3370 3370 3091 3091 3093 3093 3370 3370 3090 3090 3091 3091 3093 3093 3359 3359 3370 3370 3354 3354 3357 3357 3356 3356 3322 3322 3197 3197 3196 3196 3197 3197 3322 3322 3130 3130 3315 3315 3314 3314 3310 3310 3313 3313 3220 3220 3221 3221 3225 3225 3228 3228 3313 3313 3313 3313 3221 3221 3225 3225 3312 3312 3220 3220 3313 3313 3311 3311 3445 3445 3080 3080 3080 3080 3445 3445 3078 3078 3311 3311 3080 3080 3353 3353 3374 3374 3383 3383 3372 3372 3372 3372 3383 3383 3373 3373 3372 3372 3373 3373 3375 3375 3309 3309 3372 3372 3375 3375 3383 3383 3308 3308 3373 3373 3373 3373 3309 3309 3375 3375 3372 3372 3376 3376 3374 3374 3294 3294 3374 3374 3376 3376 3377 3377 3374 3374 3380 3380 3374 3374 3294 3294 3295 3295 3374 3374 3295 3295 3378 3378 3374 3374 3378 3378 3379 3379 3374 3374 3379 3379 3380 3380 3381 3381 3374 3374 3377 3377 3382 3382 3374 3374 3381 3381 3383 3383 3374 3374 3382 3382 3382 3382 3307 3307 3383 3383 3382 3382 3298 3298 3307 3307 3381 3381 3298 3298 3382 3382 3381 3381 3297 3297 3298 3298 3377 3377 3296 3296 3297 3297 3377 3377 3297 3297 3381 3381 3379 3379 3306 3306 3380 3380 3294 3294 3376 3376 3305 3305 3305 3305 3376 3376 3384 3384 3384 3384 3293 3293 3305 3305 3384 3384 3304 3304 3293 3293 3385 3385 3304 3304 3384 3384 3376 3376 3385 3385 3384 3384 3385 3385 3292 3292 3304 3304 3386 3386 3292 3292 3385 3385 3376 3376 3386 3386 3385 3385 3386 3386 3291 3291 3292 3292 3387 3387 3291 3291 3386 3386 3376 3376 3387 3387 3386 3386 3387 3387 3303 3303 3291 3291 3388 3388 3303 3303 3387 3387 3376 3376 3388 3388 3387 3387 3388 3388 3302 3302 3303 3303 3389 3389 3302 3302 3388 3388 3376 3376 3389 3389 3388 3388 3389 3389 3390 3390 3302 3302 3376 3376 3390 3390 3389 3389 3390 3390 3391 3391 3394 3394 3390 3390 3376 3376 3391 3391 3391 3391 3392 3392 3400 3400 3376 3376 3392 3392 3391 3391 3391 3391 3398 3398 3393 3393 3394 3394 3391 3391 3393 3393 3391 3391 3397 3397 3395 3395 3396 3396 3391 3391 3400 3400 3391 3391 3396 3396 3397 3397 3391 3391 3399 3399 3398 3398 3391 3391 3395 3395 3399 3399 3392 3392 3404 3404 3400 3400 3400 3400 3415 3415 3401 3401 3400 3400 3401 3401 3402 3402 3400 3400 3406 3406 3403 3403 3415 3415 3400 3400 3404 3404 3408 3408 3400 3400 3409 3409 3400 3400 3402 3402 3405 3405 3400 3400 3405 3405 3406 3406 3400 3400 3403 3403 3407 3407 3400 3400 3407 3407 3409 3409 3396 3396 3400 3400 3408 3408 3405 3405 3411 3411 3406 3406 3405 3405 3410 3410 3411 3411 3278 3278 3411 3411 3410 3410 3406 3406 3411 3411 3412 3412 3278 3278 3412 3412 3411 3411 3406 3406 3412 3412 3403 3403 3403 3403 3412 3412 3407 3407 3278 3278 3407 3407 3412 3412 3278 3278 3285 3285 3407 3407 3407 3407 3285 3285 3409 3409 3402 3402 3413 3413 3410 3410 3278 3278 3410 3410 3413 3413 3402 3402 3410 3410 3405 3405 3401 3401 3414 3414 3413 3413 3278 3278 3413 3413 3414 3414 3401 3401 3413 3413 3402 3402 3278 3278 3414 3414 3415 3415 3415 3415 3414 3414 3401 3401 3278 3278 3415 3415 3416 3416 3415 3415 3404 3404 3416 3416 3416 3416 3404 3404 3417 3417 3417 3417 3418 3418 3416 3416 3278 3278 3416 3416 3418 3418 3420 3420 3419 3419 3418 3418 3278 3278 3418 3418 3419 3419 3420 3420 3418 3418 3417 3417 3404 3404 3420 3420 3417 3417 3404 3404 3422 3422 3420 3420 3422 3422 3419 3419 3420 3420 3422 3422 3421 3421 3419 3419 3404 3404 3423 3423 3422 3422 3423 3423 3421 3421 3422 3422 3423 3423 3424 3424 3421 3421 3278 3278 3421 3421 3424 3424 3426 3426 3425 3425 3424 3424 3278 3278 3424 3424 3425 3425 3426 3426 3424 3424 3423 3423 3404 3404 3426 3426 3423 3423 3404 3404 3427 3427 3426 3426 3427 3427 3425 3425 3426 3426 3278 3278 3425 3425 3427 3427 3278 3278 3427 3427 3428 3428 3404 3404 3428 3428 3427 3427 3404 3404 3430 3430 3428 3428 3430 3430 3431 3431 3428 3428 3430 3430 3404 3404 3429 3429 3278 3278 3431 3431 3432 3432 3432 3432 3431 3431 3430 3430 3432 3432 3429 3429 3433 3433 3430 3430 3429 3429 3432 3432 3278 3278 3432 3432 3433 3433 3278 3278 3433 3433 3434 3434 3429 3429 3434 3434 3433 3433 3429 3429 3435 3435 3434 3434 3278 3278 3434 3434 3435 3435 3429 3429 3436 3436 3435 3435 3278 3278 3435 3435 3436 3436 3429 3429 3438 3438 3436 3436 3438 3438 3429 3429 3437 3437 3278 3278 3438 3438 3439 3439 3438 3438 3437 3437 3439 3439 3278 3278 3439 3439 3440 3440 3437 3437 3440 3440 3439 3439 3437 3437 3441 3441 3440 3440 3278 3278 3440 3440 3441 3441 3437 3437 3442 3442 3441 3441 3278 3278 3441 3441 3442 3442 3278 3278 3442 3442 3443 3443 3437 3437 3443 3443 3442 3442 3443 3443 3437 3437 3444 3444 3278 3278 3443 3443 3281 3281 3443 3443 3444 3444 3281 3281 3280 3280 3444 3444 3234 3234 3280 3280 3281 3281 3444 3444 3444 3444 3392 3392 3234 3234 3429 3429 3392 3392 3444 3444 3429 3429 3444 3444 3437 3437 3234 3234 3392 3392 3233 3233 3278 3278 3436 3436 3438 3438 3392 3392 3429 3429 3404 3404 3278 3278 3428 3428 3431 3431 3278 3278 3419 3419 3421 3421 3408 3408 3287 3287 3396 3396 3408 3408 3286 3286 3287 3287 3409 3409 3286 3286 3408 3408 3409 3409 3285 3285 3286 3286 3395 3395 3300 3300 3399 3399 3395 3395 3289 3289 3300 3300 3399 3399 3290 3290 3398 3398 3399 3399 3300 3300 3290 3290 3397 3397 3299 3299 3288 3288 3397 3397 3288 3288 3395 3395 3396 3396 3299 3299 3397 3397 3396 3396 3287 3287 3299 3299 3395 3395 3288 3288 3289 3289 3393 3393 3284 3284 3394 3394 3393 3393 3301 3301 3284 3284 3398 3398 3301 3301 3393 3393 3398 3398 3290 3290 3301 3301 3372 3372 3233 3233 3392 3392 3372 3372 3392 3392 3376 3376 3380 3380 3296 3296 3377 3377 3380 3380 3306 3306 3296 3296 3373 3373 3308 3308 3309 3309 3383 3383 3307 3307 3308 3308 3372 3372 3227 3227 3232 3232 3232 3232 3233 3233 3372 3372 3077 3077 3078 3078 3445 3445 3076 3076 3279 3279 3075 3075 3075 3075 3279 3279 3073 3073 3279 3279 3275 3275 3073 3073 3280 3280 3236 3236 3446 3446 3236 3236 3280 3280 3234 3234 3446 3446 3236 3236 3244 3244 3273 3273 3073 3073 3275 3275 3072 3072 3073 3073 3273 3273 3274 3274 3272 3272 3273 3273 3070 3070 3447 3447 3072 3072 3069 3069 3447 3447 3070 3070 3245 3245 3272 3272 3246 3246 3254 3254 3271 3271 3268 3268 3254 3254 3068 3068 3271 3271 3068 3068 3070 3070 3271 3271 3266 3266 3259 3259 3255 3255 3253 3253 3248 3248 3250 3250 3237 3237 3235 3235 3238 3238 3230 3230 3229 3229 3235 3235 3232 3232 3227 3227 3226 3226 3219 3219 3215 3215 3214 3214 3219 3219 3214 3214 3216 3216 3211 3211 3453 3453 3448 3448 3451 3451 3452 3452 3449 3449 3449 3449 3450 3450 3451 3451 3451 3451 3202 3202 3452 3452 3202 3202 3451 3451 3450 3450 3200 3200 3199 3199 3452 3452 3452 3452 3202 3202 3200 3200 3173 3173 3452 3452 3199 3199 3173 3173 3199 3199 3175 3175 3202 3202 3450 3450 3204 3204 3450 3450 3206 3206 3204 3204 3208 3208 3450 3450 3449 3449 3450 3450 3208 3208 3206 3206 3208 3208 3449 3449 3453 3453 3453 3453 3449 3449 3448 3448 3173 3173 3455 3455 3452 3452 3452 3452 3455 3455 3454 3454 3448 3448 3454 3454 3455 3455 3211 3211 3455 3455 3164 3164 3211 3211 3448 3448 3455 3455 3211 3211 3164 3164 3210 3210 3164 3164 3163 3163 3210 3210 3454 3454 3449 3449 3452 3452 3454 3454 3448 3448 3449 3449 3456 3456 3455 3455 3173 3173 3457 3457 3165 3165 3455 3455 3455 3455 3456 3456 3457 3457 3165 3165 3456 3456 3174 3174 3165 3165 3457 3457 3456 3456 3173 3173 3174 3174 3456 3456 3199 3199 3194 3194 3181 3181 3199 3199 3193 3193 3194 3194 3192 3192 3189 3189 3181 3181 3182 3182 3181 3181 3189 3189 3128 3128 3458 3458 3190 3190 3459 3459 3190 3190 3458 3458 3459 3459 3458 3458 3461 3461 3458 3458 3460 3460 3461 3461 3460 3460 3137 3137 3461 3461 3461 3461 3137 3137 3136 3136 3462 3462 3464 3464 3137 3137 3462 3462 3137 3137 3460 3460 3458 3458 3462 3462 3460 3460 3128 3128 3462 3462 3458 3458 3128 3128 3129 3129 3462 3462 3463 3463 3464 3464 3462 3462 3462 3462 3129 3129 3463 3463 3464 3464 3463 3463 3131 3131 3133 3133 3464 3464 3131 3131 3133 3133 3137 3137 3464 3464 3461 3461 3136 3136 3459 3459 3146 3146 3459 3459 3136 3136 3146 3146 3188 3188 3459 3459 3181 3181 3178 3178 3199 3199 3176 3176 3169 3169 3170 3170 3172 3172 3165 3165 3174 3174 3166 3166 3165 3165 3172 3172 3166 3166 3171 3171 3167 3167 3161 3161 3167 3167 3168 3168 3159 3159 3059 3059 3163 3163 3157 3157 3161 3161 3187 3187 3159 3159 3160 3160 3466 3466 3465 3465 3466 3466 3160 3160 3159 3159 3466 3466 3140 3140 3466 3466 3143 3143 3141 3141 3466 3466 3465 3465 3467 3467 3466 3466 3467 3467 3143 3143 3143 3143 3467 3467 3142 3142 3468 3468 3142 3142 3467 3467 3467 3467 3465 3465 3468 3468 3468 3468 3144 3144 3142 3142 3465 3465 3160 3160 3468 3468 3160 3160 3158 3158 3468 3468 3140 3140 3466 3466 3141 3141 3159 3159 3470 3470 3469 3469 3471 3471 3159 3159 3469 3469 3139 3139 3159 3159 3140 3140 3139 3139 3470 3470 3159 3159 3060 3060 3059 3059 3159 3159 3060 3060 3159 3159 3471 3471 3471 3471 3469 3469 3472 3472 3474 3474 3473 3473 3470 3470 3475 3475 3473 3473 3474 3474 3476 3476 3475 3475 3474 3474 3475 3475 3476 3476 3134 3134 3474 3474 3470 3470 3476 3476 3139 3139 2792 2792 3476 3476 3470 3470 3139 3139 3476 3476 3476 3476 2792 2792 3134 3134 3477 3477 3478 3478 3475 3475 3478 3478 3477 3477 3479 3479 3479 3479 3477 3477 3480 3480 3480 3480 3477 3477 3504 3504 3480 3480 3481 3481 3487 3487 3480 3480 3482 3482 3481 3481 3483 3483 3484 3484 3482 3482 3481 3481 3482 3482 3484 3484 3490 3490 3484 3484 3483 3483 3487 3487 3484 3484 3485 3485 3486 3486 3485 3485 3484 3484 3481 3481 3484 3484 3487 3487 3486 3486 3484 3484 3490 3490 3490 3490 3483 3483 3488 3488 3489 3489 3486 3486 3490 3490 3490 3490 3488 3488 3491 3491 3491 3491 3532 3532 3490 3490 3491 3491 3495 3495 3532 3532 3492 3492 3495 3495 3491 3491 3492 3492 3494 3494 3495 3495 3494 3494 3492 3492 3493 3493 3496 3496 3493 3493 3492 3492 3497 3497 3496 3496 3483 3483 3483 3483 3496 3496 3488 3488 3496 3496 3492 3492 3488 3488 3497 3497 3498 3498 3496 3496 3507 3507 3499 3499 3498 3498 3496 3496 3498 3498 3499 3499 3498 3498 3497 3497 3505 3505 3505 3505 3497 3497 3500 3500 3505 3505 3500 3500 3501 3501 3504 3504 3501 3501 3502 3502 3480 3480 3504 3504 3502 3502 3500 3500 3502 3502 3501 3501 3502 3502 3503 3503 3480 3480 3502 3502 3483 3483 3482 3482 3482 3482 3503 3503 3502 3502 3497 3497 3483 3483 3500 3500 3500 3500 3483 3483 3502 3502 3482 3482 3480 3480 3503 3503 3505 3505 3501 3501 3504 3504 3504 3504 3132 3132 3129 3129 3504 3504 3129 3129 3505 3505 3127 3127 3505 3505 3129 3129 3127 3127 3506 3506 3505 3505 3507 3507 3498 3498 3506 3506 3505 3505 3506 3506 3498 3498 3507 3507 3508 3508 3511 3511 3126 3126 3507 3507 3506 3506 3126 3126 3508 3508 3507 3507 3508 3508 3509 3509 3511 3511 3125 3125 3508 3508 3126 3126 3125 3125 3509 3509 3508 3508 3509 3509 3510 3510 3511 3511 3124 3124 3509 3509 3125 3125 3510 3510 3514 3514 3511 3511 3512 3512 3510 3510 3546 3546 3514 3514 3510 3510 3512 3512 3510 3510 3513 3513 3546 3546 3121 3121 3513 3513 3510 3510 3121 3121 3510 3510 3123 3123 3515 3515 3514 3514 3512 3512 3514 3514 3515 3515 3518 3518 3518 3518 3515 3515 3517 3517 3515 3515 3512 3512 3516 3516 3516 3516 3517 3517 3515 3515 3517 3517 3519 3519 3518 3518 3519 3519 3517 3517 3516 3516 3519 3519 3520 3520 3518 3518 3519 3519 3522 3522 3520 3520 3519 3519 3521 3521 3522 3522 3522 3522 3523 3523 3520 3520 3522 3522 3525 3525 3523 3523 3524 3524 3525 3525 3522 3522 3522 3522 3521 3521 3524 3524 3526 3526 3525 3525 3527 3527 3526 3526 3529 3529 3525 3525 3525 3525 3535 3535 3523 3523 3535 3535 3525 3525 3529 3529 3527 3527 3525 3525 3524 3524 3526 3526 3528 3528 3529 3529 3535 3535 3529 3529 3489 3489 3489 3489 3529 3529 3528 3528 3530 3530 3489 3489 3528 3528 3528 3528 3058 3058 3530 3530 3489 3489 3530 3530 3486 3486 3530 3530 3058 3058 3486 3486 3531 3531 3490 3490 3532 3532 3490 3490 3531 3531 3489 3489 3533 3533 3532 3532 3495 3495 3514 3514 3532 3532 3533 3533 3494 3494 3533 3533 3495 3495 3507 3507 3533 3533 3499 3499 3533 3533 3494 3494 3499 3499 3533 3533 3507 3507 3511 3511 3514 3514 3533 3533 3511 3511 3534 3534 3532 3532 3514 3514 3535 3535 3514 3514 3518 3518 3514 3514 3535 3535 3534 3534 3535 3535 3489 3489 3536 3536 3535 3535 3536 3536 3534 3534 3489 3489 3534 3534 3536 3536 3535 3535 3518 3518 3520 3520 3523 3523 3535 3535 3520 3520 3534 3534 3489 3489 3531 3531 3532 3532 3534 3534 3531 3531 3552 3552 3058 3058 3528 3528 3552 3552 3528 3528 3526 3526 3537 3537 3526 3526 3527 3527 3527 3527 3524 3524 3538 3538 3540 3540 3543 3543 3538 3538 3524 3524 3540 3540 3538 3538 3539 3539 3540 3540 3524 3524 3540 3540 3541 3541 3543 3543 3545 3545 3541 3541 3542 3542 3541 3541 3544 3544 3542 3542 3545 3545 3543 3543 3541 3541 3541 3541 3540 3540 3544 3544 3539 3539 3544 3544 3540 3540 3545 3545 3544 3544 3539 3539 3545 3545 3542 3542 3544 3544 3547 3547 3545 3545 3539 3539 3547 3547 3539 3539 3524 3524 3547 3547 3546 3546 3545 3545 3547 3547 3524 3524 3548 3548 3546 3546 3547 3547 3548 3548 3548 3548 3524 3524 3521 3521 3516 3516 3512 3512 3548 3548 3548 3548 3521 3521 3516 3516 3546 3546 3548 3548 3512 3512 3114 3114 3545 3545 3546 3546 3114 3114 3112 3112 3545 3545 3102 3102 3549 3549 3543 3543 3527 3527 3543 3543 3549 3549 3527 3527 3549 3549 3550 3550 3550 3550 3537 3537 3527 3527 3537 3537 3550 3550 3551 3551 3537 3537 3552 3552 3526 3526 3537 3537 3551 3551 3552 3552 3552 3552 3551 3551 3100 3100 3098 3098 3552 3552 3100 3100 3549 3549 3099 3099 3551 3551 3099 3099 3100 3100 3551 3551 3550 3550 3549 3549 3551 3551 3538 3538 3543 3543 3527 3527 3543 3543 3545 3545 3102 3102 3516 3516 3521 3521 3519 3519 3546 3546 3513 3513 3114 3114 3124 3124 3510 3510 3509 3509 3123 3123 3510 3510 3124 3124 3499 3499 3494 3494 3493 3493 3499 3499 3493 3493 3496 3496 3488 3488 3492 3492 3491 3491 3487 3487 3485 3485 3058 3058 3479 3479 3480 3480 3478 3478 3487 3487 3478 3478 3480 3480 3487 3487 3553 3553 3478 3478 3487 3487 3554 3554 3553 3553 3554 3554 3487 3487 3060 3060 3554 3554 3471 3471 3472 3472 3554 3554 3060 3060 3471 3471 3553 3553 3554 3554 3473 3473 3473 3473 3478 3478 3553 3553 3475 3475 3478 3478 3473 3473 3472 3472 3473 3473 3554 3554 3060 3060 3487 3487 3058 3058 3486 3486 3058 3058 3485 3485 3132 3132 3504 3504 3477 3477 3475 3475 3132 3132 3477 3477 3469 3469 3470 3470 3473 3473 3469 3469 3473 3473 3472 3472 3157 3157 3187 3187 3156 3156 3153 3153 3468 3468 3158 3158 3468 3468 3153 3153 3145 3145 3155 3155 3149 3149 3152 3152 3144 3144 3555 3555 3143 3143 3142 3142 3144 3144 3143 3143 3139 3139 3135 3135 2792 2792 3122 3122 3338 3338 3121 3121 3109 3109 3118 3118 3362 3362 3103 3103 3102 3102 3105 3105 3101 3101 3102 3102 3103 3103 3098 3098 3056 3056 3552 3552 3055 3055 3095 3095 3051 3051 3095 3095 3556 3556 3051 3051 3557 3557 3051 3051 3556 3556 3556 3556 3095 3095 3557 3557 3557 3557 3558 3558 3090 3090 3090 3090 3051 3051 3557 3557 3557 3557 3095 3095 3558 3558 3095 3095 3559 3559 3558 3558 3559 3559 3090 3090 3558 3558 3092 3092 3090 3090 3559 3559 3092 3092 3559 3559 3095 3095 3354 3354 3344 3344 3088 3088 3088 3088 3344 3344 3086 3086 3083 3083 3353 3353 3062 3062 3081 3081 3062 3062 3353 3353 3057 3057 3062 3062 3065 3065 3353 3353 3080 3080 3081 3081 3071 3071 3082 3082 3074 3074 3071 3071 3074 3074 3560 3560 3071 3071 3560 3560 3075 3075 3075 3075 3560 3560 3074 3074 3063 3063 3082 3082 3064 3064 3082 3082 3067 3067 3064 3064 3082 3082 3071 3071 3067 3067 3081 3081 3063 3063 3062 3062 3066 3066 3067 3067 3059 3059 3066 3066 3061 3061 3065 3065 3046 3046 3057 3057 3047 3047 3562 3562 3561 3561 3563 3563 3564 3564 3563 3563 3561 3561 3564 3564 3567 3567 3566 3566 3564 3564 3568 3568 3567 3567 3568 3568 3569 3569 3567 3567 3568 3568 4155 4155 3569 3569 3571 3571 3569 3569 3570 3570 3572 3572 3569 3569 3571 3571 3575 3575 3573 3573 4096 4096 3575 3575 3576 3576 3572 3572 3575 3575 3572 3572 3573 3573 3572 3572 3567 3567 3569 3569 3576 3576 3567 3567 3572 3572 3576 3576 3577 3577 3567 3567 4132 4132 3576 3576 3575 3575 3567 3567 3577 3577 3578 3578 3566 3566 3567 3567 3578 3578 3566 3566 3578 3578 3582 3582 3579 3579 3566 3566 3582 3582 3579 3579 3580 3580 3566 3566 3581 3581 3585 3585 3582 3582 3581 3581 3583 3583 3585 3585 3579 3579 3585 3585 3584 3584 3582 3582 3585 3585 3579 3579 3579 3579 3584 3584 3586 3586 3586 3586 3565 3565 3579 3579 3584 3584 3565 3565 3586 3586 3562 3562 3587 3587 3588 3588 3588 3588 3589 3589 3590 3590 3588 3588 3587 3587 3589 3589 3590 3590 3589 3589 3596 3596 4187 4187 3590 3590 3592 3592 3592 3592 3590 3590 3591 3591 4187 4187 3592 3592 3593 3593 3592 3592 3591 3591 3594 3594 3594 3594 3591 3591 3595 3595 3596 3596 3597 3597 3594 3594 3596 3596 3594 3594 3595 3595 3599 3599 3594 3594 3597 3597 3600 3600 3599 3599 3597 3597 3602 3602 3603 3603 3601 3601 3602 3602 3604 3604 3603 3603 3602 3602 4147 4147 3604 3604 4147 4147 3605 3605 3604 3604 3604 3604 3605 3605 3609 3609 3608 3608 3607 3607 4091 4091 3608 3608 3606 3606 3607 3607 3609 3609 3605 3605 3608 3608 3603 3603 3609 3609 4387 4387 3610 3610 3603 3603 4387 4387 3610 3610 3611 3611 3612 3612 3615 3615 3612 3612 3613 3613 3612 3612 3611 3611 3613 3613 3612 3612 3615 3615 3614 3614 3616 3616 3615 3615 4395 4395 3613 3613 4395 4395 3615 3615 3598 3598 3599 3599 3615 3615 3598 3598 3615 3615 3592 3592 3594 3594 3598 3598 3592 3592 3592 3592 3617 3617 3593 3593 3593 3593 3617 3617 3618 3618 3617 3617 3619 3619 3620 3620 3620 3620 3593 3593 3618 3618 3617 3617 3620 3620 3618 3618 3621 3621 3620 3620 3619 3619 3619 3619 3622 3622 3621 3621 3622 3622 4036 4036 3623 3623 4046 4046 3622 3622 4048 4048 4048 4048 3622 3622 3623 3623 3624 3624 3625 3625 3626 3626 3626 3626 4036 4036 3624 3624 3626 3626 3625 3625 3627 3627 3625 3625 3628 3628 3627 3627 3632 3632 3629 3629 3631 3631 3630 3630 3631 3631 3629 3629 3631 3631 3630 3630 3633 3633 4390 4390 3634 3634 3633 3633 3633 3633 3635 3635 3631 3631 3634 3634 3635 3635 3633 3633 3641 3641 3638 3638 3637 3637 3626 3626 3638 3638 3641 3641 3641 3641 3639 3639 3626 3626 3626 3626 3627 3627 3638 3638 4036 4036 3626 3626 3639 3639 3640 3640 4036 4036 3639 3639 3640 3640 3639 3639 3641 3641 3641 3641 3642 3642 3644 3644 3644 3644 3642 3642 3643 3643 3644 3644 3643 3643 3645 3645 3646 3646 3645 3645 3647 3647 3647 3647 3643 3643 3646 3646 3647 3647 3645 3645 3643 3643 3646 3646 3643 3643 3648 3648 3646 3646 3651 3651 3645 3645 3646 3646 3648 3648 3649 3649 3650 3650 3651 3651 3646 3646 3646 3646 3649 3649 3650 3650 3649 3649 3651 3651 3650 3650 3648 3648 3651 3651 3649 3649 4408 4408 3651 3651 3648 3648 4479 4479 3651 3651 3652 3652 3654 3654 3652 3652 3653 3653 3652 3652 3655 3655 3653 3653 3657 3657 3652 3652 3656 3656 3652 3652 3654 3654 3656 3656 3658 3658 3657 3657 3656 3656 3658 3658 3656 3656 3660 3660 3659 3659 3658 3658 4411 4411 3658 3658 3660 3660 4411 4411 3662 3662 3322 3322 3661 3661 3662 3662 3321 3321 3322 3322 3322 3322 3321 3321 3661 3661 3321 3321 3659 3659 3661 3661 3982 3982 3659 3659 3321 3321 3321 3321 3663 3663 3982 3982 3321 3321 3316 3316 3663 3663 3321 3321 3665 3665 3316 3316 3321 3321 3664 3664 3665 3665 3662 3662 3664 3664 3321 3321 3665 3665 3668 3668 3347 3347 3667 3667 3665 3665 3347 3347 3665 3665 3336 3336 3348 3348 3665 3665 3341 3341 3336 3336 3665 3665 3664 3664 3341 3341 3316 3316 3665 3665 3666 3666 3666 3666 3665 3665 3667 3667 3348 3348 3669 3669 3665 3665 3665 3665 3669 3669 3668 3668 3671 3671 3991 3991 3670 3670 3671 3671 3670 3670 3768 3768 3673 3673 3769 3769 3768 3768 3670 3670 3672 3672 3768 3768 3768 3768 3672 3672 3673 3673 3675 3675 3769 3769 3673 3673 3673 3673 3677 3677 3676 3676 3677 3677 3673 3673 3681 3681 3673 3673 3679 3679 3681 3681 3673 3673 3672 3672 3679 3679 3678 3678 3681 3681 3679 3679 3681 3681 3678 3678 3680 3680 3684 3684 3680 3680 3682 3682 3682 3682 3683 3683 3684 3684 3896 3896 3683 3683 3682 3682 3680 3680 3685 3685 3686 3686 3686 3686 3682 3682 3680 3680 3685 3685 3687 3687 3686 3686 3687 3687 3688 3688 3686 3686 4456 4456 3689 3689 3687 3687 3690 3690 3691 3691 3689 3689 4458 4458 3693 3693 3692 3692 4458 4458 3692 3692 3690 3690 3693 3693 4458 4458 3694 3694 3694 3694 4458 4458 4449 4449 4449 4449 3696 3696 3694 3694 3696 3696 3697 3697 3694 3694 3341 3341 3697 3697 3696 3696 3697 3697 3698 3698 3699 3699 3697 3697 3664 3664 3698 3698 3341 3341 3664 3664 3697 3697 3699 3699 3692 3692 3700 3700 3700 3700 3692 3692 3697 3697 3697 3697 3699 3699 3700 3700 3692 3692 3702 3702 3701 3701 3702 3702 3692 3692 3699 3699 3702 3702 3699 3699 3698 3698 3702 3702 3703 3703 3705 3705 3703 3703 3704 3704 3705 3705 3664 3664 3704 3704 3703 3703 3710 3710 3706 3706 3704 3704 3707 3707 3706 3706 3708 3708 3709 3709 3708 3708 3706 3706 3710 3710 3662 3662 3463 3463 3710 3710 3711 3711 3939 3939 3710 3710 3463 3463 3711 3711 3664 3664 3662 3662 3710 3710 3711 3711 3463 3463 3956 3956 3463 3463 3712 3712 3715 3715 4428 4428 3463 3463 4426 4426 3463 3463 4428 4428 3712 3712 3715 3715 3716 3716 3718 3718 3715 3715 3712 3712 3716 3716 3715 3715 3718 3718 3717 3717 3717 3717 3718 3718 3719 3719 3719 3719 3720 3720 3717 3717 3721 3721 3956 3956 3719 3719 3721 3721 3722 3722 3956 3956 3723 3723 3957 3957 3721 3721 3719 3719 3723 3723 3721 3721 3719 3719 3724 3724 3723 3723 3724 3724 3957 3957 3723 3723 3724 3724 3960 3960 3957 3957 4432 4432 3725 3725 3960 3960 3724 3724 4432 4432 3960 3960 3728 3728 3727 3727 3726 3726 3730 3730 3729 3729 3731 3731 3731 3731 3729 3729 3732 3732 3732 3732 3729 3729 4437 4437 3735 3735 3731 3731 3732 3732 3735 3735 3732 3732 3733 3733 3732 3732 4437 4437 3733 3733 3735 3735 3733 3733 3734 3734 3735 3735 3734 3734 3738 3738 3734 3734 3737 3737 3736 3736 3738 3738 3734 3734 3736 3736 3738 3738 3736 3736 3739 3739 3738 3738 3739 3739 3653 3653 3653 3653 3739 3739 3740 3740 3740 3740 3656 3656 3653 3653 3656 3656 3654 3654 3653 3653 3747 3747 3738 3738 3653 3653 3741 3741 3653 3653 3743 3743 3741 3741 3747 3747 3653 3653 3653 3653 3742 3742 3743 3743 3655 3655 3742 3742 3653 3653 3742 3742 3655 3655 3652 3652 3652 3652 3744 3744 3742 3742 3744 3744 3743 3743 3742 3742 3746 3746 3743 3743 3744 3744 3750 3750 3749 3749 3741 3741 3741 3741 3749 3749 3748 3748 3741 3741 3743 3743 3750 3750 3636 3636 3750 3750 3743 3743 3751 3751 3749 3749 3752 3752 3750 3750 3752 3752 3749 3749 3750 3750 3631 3631 3752 3752 3635 3635 3752 3752 3631 3631 3753 3753 3755 3755 3754 3754 3755 3755 3753 3753 3752 3752 3755 3755 3752 3752 3756 3756 3634 3634 3755 3755 3756 3756 3756 3756 3635 3635 3634 3634 3635 3635 3756 3756 3752 3752 3840 3840 4389 4389 3794 3794 3794 3794 4389 4389 3793 3793 4389 4389 3759 3759 3793 3793 3759 3759 3790 3790 3793 3793 3760 3760 3762 3762 3761 3761 3762 3762 3763 3763 3764 3764 3764 3764 3767 3767 3765 3765 3767 3767 3768 3768 3766 3766 3768 3768 3967 3967 3671 3671 3768 3768 3769 3769 3766 3766 3769 3769 3770 3770 3766 3766 3771 3771 3770 3770 3769 3769 3674 3674 3770 3770 3771 3771 3674 3674 3771 3771 3769 3769 3772 3772 3776 3776 3674 3674 3774 3774 3772 3772 3674 3674 3774 3774 3775 3775 3776 3776 3774 3774 3776 3776 3772 3772 3764 3764 3765 3765 3776 3776 3777 3777 3764 3764 3776 3776 3777 3777 3776 3776 3775 3775 3762 3762 3764 3764 3777 3777 3778 3778 3762 3762 3777 3777 3761 3761 3762 3762 3778 3778 3786 3786 3792 3792 3778 3778 3779 3779 3778 3778 3783 3783 3783 3783 3777 3777 3780 3780 3777 3777 3775 3775 3780 3780 3784 3784 3780 3780 3781 3781 3783 3783 3780 3780 3784 3784 3798 3798 3783 3783 3784 3784 3798 3798 3784 3784 3913 3913 3913 3913 3784 3784 3781 3781 3800 3800 3798 3798 3913 3913 3785 3785 3779 3779 3783 3783 3785 3785 3783 3783 3798 3798 3786 3786 3778 3778 3785 3785 3785 3785 3778 3778 3779 3779 3787 3787 3786 3786 3785 3785 3965 3965 3786 3786 3787 3787 3965 3965 3788 3788 3786 3786 3788 3788 3789 3789 3786 3786 3793 3793 3790 3790 3789 3789 3790 3790 3792 3792 3789 3789 3789 3789 3792 3792 3791 3791 3791 3791 3792 3792 3786 3786 3792 3792 3760 3760 3778 3778 3790 3790 3760 3760 3792 3792 3789 3789 3791 3791 3786 3786 3795 3795 3793 3793 3789 3789 3794 3794 3793 3793 3795 3795 3797 3797 3757 3757 3811 3811 3757 3757 3795 3795 3811 3811 3811 3811 3795 3795 3796 3796 3796 3796 3798 3798 3810 3810 3810 3810 3798 3798 3799 3799 3799 3799 3798 3798 3800 3800 3809 3809 3801 3801 3804 3804 3809 3809 3800 3800 3801 3801 3803 3803 3809 3809 3804 3804 3805 3805 3806 3806 3803 3803 3806 3806 3809 3809 3803 3803 3815 3815 3806 3806 3805 3805 3807 3807 3808 3808 3806 3806 3808 3808 3809 3809 3806 3806 3810 3810 3799 3799 3809 3809 3811 3811 3796 3796 3809 3809 3808 3808 3811 3811 3809 3809 3809 3809 3796 3796 3810 3810 3808 3808 3812 3812 3811 3811 3797 3797 3811 3811 3812 3812 3813 3813 3797 3797 3812 3812 3824 3824 3812 3812 3814 3814 3814 3814 3812 3812 3808 3808 3814 3814 3808 3808 3821 3821 3730 3730 3821 3821 3807 3807 3821 3821 3808 3808 3807 3807 3807 3807 3806 3806 3817 3817 3806 3806 3815 3815 3817 3817 3844 3844 3817 3817 3816 3816 3817 3817 3815 3815 3816 3816 3844 3844 3819 3819 3817 3817 3819 3819 3844 3844 3727 3727 3818 3818 3819 3819 3727 3727 3818 3818 3817 3817 3819 3819 3817 3817 3818 3818 3807 3807 3730 3730 3807 3807 3818 3818 3820 3820 3821 3821 3730 3730 3822 3822 3820 3820 3730 3730 3821 3821 3820 3820 3822 3822 3730 3730 3731 3731 3822 3822 3823 3823 3731 3731 3825 3825 3823 3823 3822 3822 3731 3731 3828 3828 3824 3824 3825 3825 3823 3823 3825 3825 3824 3824 3825 3825 3826 3826 3828 3828 3826 3826 3829 3829 3828 3828 3829 3829 3826 3826 3735 3735 3829 3829 3735 3735 3748 3748 3748 3748 3830 3830 3829 3829 3832 3832 3831 3831 3830 3830 3833 3833 3832 3832 3830 3830 3831 3831 3832 3832 3833 3833 3833 3833 3834 3834 3831 3831 3835 3835 3841 3841 3834 3834 3834 3834 3833 3833 3835 3835 3835 3835 3833 3833 3837 3837 3836 3836 3751 3751 3835 3835 3835 3835 3837 3837 3836 3836 3837 3837 3833 3833 3838 3838 3839 3839 3838 3838 3833 3833 3749 3749 3838 3838 3839 3839 3749 3749 3837 3837 3838 3838 3836 3836 3837 3837 3749 3749 3749 3749 3751 3751 3836 3836 3833 3833 3830 3830 3839 3839 3748 3748 3839 3839 3830 3830 3748 3748 3749 3749 3839 3839 3748 3748 3747 3747 3741 3741 3748 3748 3738 3738 3747 3747 3753 3753 3754 3754 3835 3835 3752 3752 3835 3835 3751 3751 3835 3835 3752 3752 3753 3753 3835 3835 3754 3754 3841 3841 3754 3754 3755 3755 3841 3841 3755 3755 3757 3757 3841 3841 3757 3757 3840 3840 3795 3795 3757 3757 3758 3758 3840 3840 3840 3840 3794 3794 3795 3795 3841 3841 3757 3757 3797 3797 3830 3830 3834 3834 3841 3841 3842 3842 3830 3830 3841 3841 3842 3842 3841 3841 3843 3843 3828 3828 3843 3843 3827 3827 3827 3827 3843 3843 3813 3813 3841 3841 3797 3797 3843 3843 3843 3843 3797 3797 3813 3813 3843 3843 3829 3829 3842 3842 3828 3828 3829 3829 3843 3843 3842 3842 3829 3829 3830 3830 3831 3831 3834 3834 3830 3830 3748 3748 3735 3735 3738 3738 3828 3828 3827 3827 3813 3813 3824 3824 3828 3828 3813 3813 3826 3826 3825 3825 3735 3735 3825 3825 3731 3731 3735 3735 3823 3823 3814 3814 3822 3822 3823 3823 3824 3824 3814 3814 3821 3821 3822 3822 3814 3814 3730 3730 3818 3818 3729 3729 3818 3818 3727 3727 3729 3729 3727 3727 3844 3844 3726 3726 3844 3844 3845 3845 3726 3726 3845 3845 3844 3844 3846 3846 3847 3847 3846 3846 3844 3844 3849 3849 3847 3847 3844 3844 3850 3850 3846 3846 3847 3847 3848 3848 3850 3850 3847 3847 3851 3851 3850 3850 3848 3848 3851 3851 3855 3855 3850 3850 3852 3852 3854 3854 3851 3851 3897 3897 3854 3854 3852 3852 3853 3853 3851 3851 3854 3854 3857 3857 3851 3851 3853 3853 3857 3857 3855 3855 3851 3851 3856 3856 3855 3855 3857 3857 3858 3858 3857 3857 3864 3864 3936 3936 3858 3858 3864 3864 3936 3936 3864 3864 3860 3860 3861 3861 3936 3936 3860 3860 3862 3862 3861 3861 3865 3865 3861 3861 3863 3863 3865 3865 3861 3861 3864 3864 3863 3863 3860 3860 3864 3864 3861 3861 3865 3865 3863 3863 3866 3866 3865 3865 3866 3866 3867 3867 3889 3889 3868 3868 3866 3866 3867 3867 3866 3866 3868 3868 3867 3867 3861 3861 3862 3862 3869 3869 3867 3867 3868 3868 3869 3869 3861 3861 3867 3867 3869 3869 3870 3870 3861 3861 3936 3936 3861 3861 3870 3870 3871 3871 3936 3936 3870 3870 3873 3873 3871 3871 3872 3872 3874 3874 3873 3873 3872 3872 3872 3872 3876 3876 3874 3874 3876 3876 3872 3872 3875 3875 3877 3877 3884 3884 3880 3880 3880 3880 3878 3878 3877 3877 3881 3881 3878 3878 3880 3880 3874 3874 3878 3878 3881 3881 3873 3873 3874 3874 3881 3881 3883 3883 3882 3882 3890 3890 3890 3890 3881 3881 3883 3883 3881 3881 3880 3880 3883 3883 3884 3884 3883 3883 3880 3880 3886 3886 3883 3883 3884 3884 3886 3886 3882 3882 3883 3883 3886 3886 3889 3889 3885 3885 3886 3886 3885 3885 3882 3882 3887 3887 3885 3885 3888 3888 3888 3888 3885 3885 3889 3889 3889 3889 3863 3863 3888 3888 3888 3888 3863 3863 3859 3859 3863 3863 3889 3889 3866 3866 3859 3859 3863 3863 3864 3864 3888 3888 3859 3859 3892 3892 3892 3892 3890 3890 3891 3891 3892 3892 3859 3859 3890 3890 3891 3891 3890 3890 3885 3885 3892 3892 3891 3891 3885 3885 3888 3888 3892 3892 3887 3887 3885 3885 3887 3887 3892 3892 3885 3885 3890 3890 3882 3882 3893 3893 3890 3890 3859 3859 3859 3859 3688 3688 3893 3893 3854 3854 3688 3688 3853 3853 3895 3895 3688 3688 3859 3859 3688 3688 3854 3854 3894 3894 3853 3853 3688 3688 3895 3895 3895 3895 3857 3857 3853 3853 3859 3859 3857 3857 3895 3895 3688 3688 3894 3894 3686 3686 3896 3896 3686 3686 3894 3894 3894 3894 3854 3854 3897 3897 3899 3899 3898 3898 3852 3852 3852 3852 3898 3898 3897 3897 3899 3899 3900 3900 3898 3898 3920 3920 3901 3901 3900 3900 3901 3901 3903 3903 3900 3900 3902 3902 3901 3901 3920 3920 3902 3902 3904 3904 3901 3901 3904 3904 3903 3903 3901 3901 3898 3898 3900 3900 3903 3903 3903 3903 3897 3897 3898 3898 3903 3903 3896 3896 3897 3897 3683 3683 3896 3896 3903 3903 3903 3903 3904 3904 3683 3683 3904 3904 3905 3905 3684 3684 3904 3904 3684 3684 3683 3683 3902 3902 3905 3905 3904 3904 3906 3906 3782 3782 3781 3781 3782 3782 3906 3906 3902 3902 3780 3780 3906 3906 3781 3781 3906 3906 3907 3907 3902 3902 3907 3907 3676 3676 3905 3905 3902 3902 3907 3907 3905 3905 3681 3681 3676 3676 3677 3677 3908 3908 3675 3675 3676 3676 3907 3907 3908 3908 3676 3676 3908 3908 3773 3773 3675 3675 3769 3769 3773 3773 3674 3674 3773 3773 3769 3769 3675 3675 3674 3674 3773 3773 3774 3774 3906 3906 3908 3908 3907 3907 3773 3773 3908 3908 3906 3906 3676 3676 3675 3675 3673 3673 3905 3905 3676 3676 3909 3909 3681 3681 3909 3909 3676 3676 3905 3905 3909 3909 3684 3684 3680 3680 3909 3909 3681 3681 3684 3684 3909 3909 3680 3680 3910 3910 3773 3773 3906 3906 3775 3775 3774 3774 3910 3910 3773 3773 3910 3910 3774 3774 3906 3906 3780 3780 3910 3910 3910 3910 3780 3780 3775 3775 3911 3911 3902 3902 3920 3920 3902 3902 3911 3911 3782 3782 3781 3781 3782 3782 3911 3911 3781 3781 3911 3911 3912 3912 3913 3913 3781 3781 3912 3912 3913 3913 3912 3912 3911 3911 3913 3913 3911 3911 3914 3914 3914 3914 3915 3915 3923 3923 3915 3915 3916 3916 3923 3923 3923 3923 3916 3916 3917 3917 3917 3917 3916 3916 3848 3848 3848 3848 3916 3916 3918 3918 3851 3851 3918 3918 3916 3916 3918 3918 3851 3851 3848 3848 3919 3919 3851 3851 3916 3916 3921 3921 3919 3919 3916 3916 3915 3915 3921 3921 3916 3916 3914 3914 3920 3920 3915 3915 3920 3920 3921 3921 3915 3915 3911 3911 3920 3920 3914 3914 3921 3921 3900 3900 3919 3919 3920 3920 3900 3900 3921 3921 3922 3922 3919 3919 3900 3900 3922 3922 3900 3900 3899 3899 3899 3899 3852 3852 3922 3922 3852 3852 3919 3919 3922 3922 3919 3919 3852 3852 3851 3851 3923 3923 3917 3917 3924 3924 3925 3925 3844 3844 3816 3816 3849 3849 3844 3844 3925 3925 3926 3926 3927 3927 3816 3816 3816 3816 3927 3927 3925 3925 3923 3923 3924 3924 3927 3927 3927 3927 3804 3804 3923 3923 3927 3927 3924 3924 3925 3925 3801 3801 3923 3923 3804 3804 3928 3928 3923 3923 3801 3801 3914 3914 3923 3923 3928 3928 3928 3928 3801 3801 3914 3914 3803 3803 3927 3927 3926 3926 3804 3804 3927 3927 3802 3802 3802 3802 3927 3927 3803 3803 3802 3802 3803 3803 3804 3804 3926 3926 3816 3816 3803 3803 3816 3816 3805 3805 3803 3803 3816 3816 3815 3815 3805 3805 3849 3849 3925 3925 3924 3924 3847 3847 3924 3924 3917 3917 3924 3924 3847 3847 3849 3849 3847 3847 3917 3917 3848 3848 3801 3801 3800 3800 3914 3914 3914 3914 3800 3800 3913 3913 3896 3896 3894 3894 3897 3897 3688 3688 3689 3689 3893 3893 3687 3687 3689 3689 3688 3688 3689 3689 3890 3890 3893 3893 3929 3929 3890 3890 3689 3689 3691 3691 3929 3929 3689 3689 3701 3701 3929 3929 3691 3691 3701 3701 3705 3705 3929 3929 3705 3705 3881 3881 3929 3929 3929 3929 3881 3881 3890 3890 3705 3705 3873 3873 3881 3881 3884 3884 3879 3879 3886 3886 3886 3886 3930 3930 3889 3889 3886 3886 3879 3879 3930 3930 3889 3889 3930 3930 3868 3868 3884 3884 3930 3930 3879 3879 3868 3868 3930 3930 3884 3884 3868 3868 3931 3931 3932 3932 3884 3884 3931 3931 3868 3868 3868 3868 3932 3932 3933 3933 3933 3933 3871 3871 3934 3934 3868 3868 3934 3934 3869 3869 3934 3934 3868 3868 3933 3933 3934 3934 3871 3871 3870 3870 3869 3869 3934 3934 3870 3870 3933 3933 3932 3932 3875 3875 3872 3872 3933 3933 3875 3875 3933 3933 3872 3872 3871 3871 3875 3875 3932 3932 3876 3876 3877 3877 3876 3876 3932 3932 3884 3884 3932 3932 3931 3931 3877 3877 3932 3932 3884 3884 3874 3874 3878 3878 3874 3874 3873 3873 3874 3874 3874 3874 3874 3874 3877 3877 3878 3878 3874 3874 3876 3876 3877 3877 3705 3705 3871 3871 3873 3873 3936 3936 3871 3871 3935 3935 3707 3707 3937 3937 3936 3936 3708 3708 3937 3937 3707 3707 3936 3936 3937 3937 3708 3708 3938 3938 3936 3936 3708 3708 3709 3709 3938 3938 3708 3708 3939 3939 3938 3938 3709 3709 3940 3940 3938 3938 3939 3939 3940 3940 3939 3939 3963 3963 3940 3940 3963 3963 3941 3941 3963 3963 3964 3964 3941 3941 3941 3941 3942 3942 3940 3940 3940 3940 3942 3942 3943 3943 3943 3943 3944 3944 3938 3938 3940 3940 3943 3943 3938 3938 3943 3943 3858 3858 3944 3944 3944 3944 3858 3858 3936 3936 3938 3938 3944 3944 3936 3936 3942 3942 3858 3858 3943 3943 3942 3942 3856 3856 3858 3858 3858 3858 3856 3856 3857 3857 3945 3945 3856 3856 3942 3942 3964 3964 3946 3946 3856 3856 3964 3964 3856 3856 3945 3945 3946 3946 3947 3947 3856 3856 3946 3946 3850 3850 3947 3947 3856 3856 3947 3947 3855 3855 3947 3947 3850 3850 3855 3855 3725 3725 3845 3845 3946 3946 3946 3946 3845 3845 3850 3850 3950 3950 3946 3946 3948 3948 3951 3951 3950 3950 3964 3964 3950 3950 3951 3951 3953 3953 3952 3952 3953 3953 3951 3951 3711 3711 3953 3953 3952 3952 3711 3711 3954 3954 3953 3953 3954 3954 3711 3711 3961 3961 3711 3711 3959 3959 3961 3961 3955 3955 3959 3959 3711 3711 3711 3711 3956 3956 3955 3955 3956 3956 3722 3722 3955 3955 3955 3955 3957 3957 3959 3959 3958 3958 3957 3957 3955 3955 3721 3721 3957 3957 3958 3958 3722 3722 3721 3721 3958 3958 3958 3958 3955 3955 3722 3722 3959 3959 3960 3960 3950 3950 3957 3957 3960 3960 3959 3959 3959 3959 3950 3950 3961 3961 3954 3954 3961 3961 3950 3950 3960 3960 3949 3949 3950 3950 3954 3954 3950 3950 3953 3953 3952 3952 3962 3962 3711 3711 3939 3939 3711 3711 3962 3962 3963 3963 3962 3962 3952 3952 3939 3939 3962 3962 3963 3963 3963 3963 3951 3951 3964 3964 3952 3952 3951 3951 3963 3963 3964 3964 3945 3945 3942 3942 3950 3950 3948 3948 3964 3964 3960 3960 3725 3725 3949 3949 3949 3949 3725 3725 3950 3950 3948 3948 3946 3946 3964 3964 3725 3725 3946 3946 3950 3950 3964 3964 3942 3942 3941 3941 3709 3709 3710 3710 3939 3939 3707 3707 3936 3936 3935 3935 3706 3706 3707 3707 3935 3935 3706 3706 3935 3935 3704 3704 3871 3871 3704 3704 3935 3935 3704 3704 3871 3871 3705 3705 3867 3867 3862 3862 3865 3865 3857 3857 3859 3859 3864 3864 3846 3846 3850 3850 3845 3845 3725 3725 3726 3726 3845 3845 3813 3813 3812 3812 3824 3824 3809 3809 3799 3799 3800 3800 3796 3796 3787 3787 3798 3798 3965 3965 3787 3787 3796 3796 3795 3795 3965 3965 3796 3796 3795 3795 3788 3788 3965 3965 3795 3795 3789 3789 3788 3788 3787 3787 3785 3785 3798 3798 3778 3778 3777 3777 3783 3783 3760 3760 3761 3761 3778 3778 3765 3765 3674 3674 3776 3776 3765 3765 3770 3770 3674 3674 3765 3765 3766 3766 3770 3770 3967 3967 3768 3768 4020 4020 3969 3969 3967 3967 3968 3968 3967 3967 3969 3969 3970 3970 3966 3966 3968 3968 3967 3967 3970 3970 3969 3969 3971 3971 3971 3971 3987 3987 3970 3970 3987 3987 3971 3971 3972 3972 3973 3973 3972 3972 3971 3971 3972 3972 3973 3973 3974 3974 3971 3971 3975 3975 3973 3973 3976 3976 3975 3975 3971 3971 3975 3975 3976 3976 4003 4003 3977 3977 3975 3975 4003 4003 3996 3996 3975 3975 3977 3977 3977 3977 4001 4001 3978 3978 3979 3979 3980 3980 3658 3658 3658 3658 3980 3980 3657 3657 3978 3978 3980 3980 3979 3979 3980 3980 3652 3652 3657 3657 3980 3980 3978 3978 3652 3652 3981 3981 3979 3979 3658 3658 3318 3318 3983 3983 3982 3982 3318 3318 3982 3982 3663 3663 3663 3663 3316 3316 3318 3318 3316 3316 3983 3983 3318 3318 3985 3985 3984 3984 3983 3983 3984 3984 3993 3993 3982 3982 3982 3982 3983 3983 3984 3984 3985 3985 3983 3983 3986 3986 3316 3316 3986 3986 3983 3983 3986 3986 3972 3972 3974 3974 3351 3351 3972 3972 3986 3986 3666 3666 3972 3972 3351 3351 3351 3351 3986 3986 3316 3316 3316 3316 3666 3666 3351 3351 3666 3666 3350 3350 3972 3972 3972 3972 3350 3350 3987 3987 3350 3350 3988 3988 3987 3987 3667 3667 3988 3988 3350 3350 3347 3347 3988 3988 3667 3667 3989 3989 3988 3988 3668 3668 3988 3988 3347 3347 3668 3668 3989 3989 3990 3990 3988 3988 3989 3989 3991 3991 3990 3990 3668 3668 3991 3991 3989 3989 3669 3669 3991 3991 3668 3668 3671 3671 3990 3990 3991 3991 3988 3988 3990 3990 3970 3970 3970 3970 3990 3990 3671 3671 3988 3988 3970 3970 3987 3987 3666 3666 3667 3667 3350 3350 3974 3974 3992 3992 3985 3985 3986 3986 3974 3974 3985 3985 3973 3973 3985 3985 3992 3992 3973 3973 3992 3992 3974 3974 3985 3985 3973 3973 3993 3993 3985 3985 3993 3993 3984 3984 3994 3994 3993 3993 3975 3975 3975 3975 3993 3993 3973 3973 3993 3993 3994 3994 3995 3995 3994 3994 3978 3978 3995 3995 3995 3995 3978 3978 3979 3979 3993 3993 3995 3995 3979 3979 3981 3981 3993 3993 3979 3979 3994 3994 3975 3975 3996 3996 3996 3996 3978 3978 3994 3994 3982 3982 3993 3993 3981 3981 3981 3981 3997 3997 3982 3982 3659 3659 3982 3982 3997 3997 3997 3997 3981 3981 3659 3659 3658 3658 3659 3659 3981 3981 4001 4001 3999 3999 3978 3978 3999 3999 3644 3644 3978 3978 3999 3999 3998 3998 3644 3644 4000 4000 3999 3999 4001 4001 4000 4000 4002 4002 3999 3999 3977 3977 4003 4003 4000 4000 4000 4000 4003 4003 4004 4004 4004 4004 4003 4003 3976 3976 4000 4000 4004 4004 4375 4375 4380 4380 4004 4004 4005 4005 4005 4005 4004 4004 3976 3976 4008 4008 4380 4380 4005 4005 4006 4006 4007 4007 4005 4005 4008 4008 4005 4005 4007 4007 4007 4007 4009 4009 4008 4008 4009 4009 4007 4007 4010 4010 4010 4010 4398 4398 4009 4009 4010 4010 4011 4011 4398 4398 4011 4011 4010 4010 4012 4012 4012 4012 4013 4013 4014 4014 4016 4016 4014 4014 4013 4013 4013 4013 4015 4015 4016 4016 3976 3976 4016 4016 4015 4015 4016 4016 3976 3976 3969 3969 4014 4014 4016 4016 4017 4017 4017 4017 4018 4018 4014 4014 4018 4018 4019 4019 3764 3764 4019 4019 4020 4020 3767 3767 3764 3764 4019 4019 3767 3767 4020 4020 4019 4019 3967 3967 3967 3967 4019 4019 4018 4018 3967 3967 4018 4018 3966 3966 3768 3768 3767 3767 4020 4020 4022 4022 4018 4018 3763 3763 3763 3763 4018 4018 3764 3764 4022 4022 4401 4401 4018 4018 3762 3762 4022 4022 3763 3763 4021 4021 4022 4022 3762 3762 3760 3760 4021 4021 3762 3762 4023 4023 4021 4021 4400 4400 4023 4023 4027 4027 4024 4024 4024 4024 4008 4008 4009 4009 4024 4024 4025 4025 4008 4008 3609 3609 4029 4029 4028 4028 4089 4089 4031 4031 4384 4384 4384 4384 4031 4031 4087 4087 4087 4087 4032 4032 4384 4384 4032 4032 4033 4033 4383 4383 4034 4034 4036 4036 4035 4035 4037 4037 4036 4036 4034 4034 4048 4048 4037 4037 4034 4034 4048 4048 3623 3623 4037 4037 4037 4037 3623 3623 4036 4036 4084 4084 4039 4039 4038 4038 4039 4039 4048 4048 4038 4038 4040 4040 4039 4039 4084 4084 4040 4040 4045 4045 4039 4039 4045 4045 4040 4040 4041 4041 4043 4043 4041 4041 4040 4040 4042 4042 4043 4043 4040 4040 4044 4044 4045 4045 4043 4043 4043 4043 4045 4045 4041 4041 4044 4044 4065 4065 4045 4045 4065 4065 4046 4046 4045 4045 4045 4045 4046 4046 4047 4047 4045 4045 4047 4047 4048 4048 4047 4047 4046 4046 4048 4048 4045 4045 4048 4048 4039 4039 4049 4049 3621 3621 4046 4046 4046 4046 3621 3621 3622 3622 4050 4050 4049 4049 4046 4046 4065 4065 4050 4050 4046 4046 4051 4051 4055 4055 4050 4050 4050 4050 4055 4055 4049 4049 4055 4055 4052 4052 4049 4049 4049 4049 4052 4052 3621 3621 4052 4052 4053 4053 3620 3620 4052 4052 3620 3620 3621 3621 4053 4053 4054 4054 3620 3620 4054 4054 4053 4053 4052 4052 4055 4055 4054 4054 4052 4052 4057 4057 4056 4056 4055 4055 4057 4057 4055 4055 4051 4051 4058 4058 4057 4057 4051 4051 4060 4060 4059 4059 4058 4058 4061 4061 4059 4059 4060 4060 4058 4058 4062 4062 4060 4060 4063 4063 4060 4060 4062 4062 4063 4063 4062 4062 4076 4076 4062 4062 4064 4064 4076 4076 4077 4077 4063 4063 4076 4076 4062 4062 4067 4067 4064 4064 4064 4064 4065 4065 4076 4076 4068 4068 4065 4065 4064 4064 4066 4066 4064 4064 4067 4067 4068 4068 4064 4064 4066 4066 4068 4068 4062 4062 4058 4058 4066 4066 4062 4062 4068 4068 4065 4065 4068 4068 4058 4058 4062 4062 4070 4070 4067 4067 4069 4069 4067 4067 4069 4069 4069 4069 4067 4067 4069 4069 4066 4066 4067 4067 4070 4070 4071 4071 4067 4067 4070 4070 4072 4072 4067 4067 4071 4071 4072 4072 4067 4067 4072 4072 4069 4069 4067 4067 4072 4072 4069 4069 4067 4067 4069 4069 4070 4070 4067 4067 4069 4069 4070 4070 4072 4072 4073 4073 4070 4070 4069 4069 4072 4072 4070 4070 4070 4070 4066 4066 4070 4070 4071 4071 4070 4070 4070 4070 4072 4072 4071 4071 4070 4070 4072 4072 4072 4072 4070 4070 4069 4069 4072 4072 4070 4070 4069 4069 4069 4069 4069 4069 4069 4069 4070 4070 4062 4062 4070 4070 4070 4070 4066 4066 4070 4070 4062 4062 4070 4070 4070 4070 4070 4070 4070 4070 4070 4070 4070 4070 4070 4070 4070 4070 4070 4070 4062 4062 4070 4070 4070 4070 4062 4062 4070 4070 4070 4070 4070 4070 4070 4070 4070 4070 4062 4062 4070 4070 4070 4070 4074 4074 4070 4070 4070 4070 4071 4071 4070 4070 4074 4074 4073 4073 4072 4072 4075 4075 4069 4069 4069 4069 4069 4069 4058 4058 4051 4051 4065 4065 4065 4065 4051 4051 4050 4050 4076 4076 4044 4044 4077 4077 4065 4065 4044 4044 4076 4076 4079 4079 4063 4063 4077 4077 4079 4079 4078 4078 4063 4063 4093 4093 4080 4080 3606 3606 4080 4080 4079 4079 4092 4092 3606 3606 4080 4080 4081 4081 4080 4080 4092 4092 4082 4082 4081 4081 4080 4080 3607 3607 3607 3607 4080 4080 4089 4089 4080 4080 4082 4082 4089 4089 4089 4089 4082 4082 4083 4083 4082 4082 4084 4084 4083 4083 4085 4085 4083 4083 4084 4084 4038 4038 4086 4086 4085 4085 4086 4086 4038 4038 4032 4032 4087 4087 4086 4086 4032 4032 4087 4087 4031 4031 4086 4086 4083 4083 4085 4085 4031 4031 4086 4086 4031 4031 4085 4085 4084 4084 4038 4038 4085 4085 4084 4084 4082 4082 4040 4040 4082 4082 4088 4088 4040 4040 4082 4082 4042 4042 4088 4088 4042 4042 4040 4040 4088 4088 4089 4089 4083 4083 4031 4031 4091 4091 3607 3607 4090 4090 3608 3608 4091 4091 3609 3609 3609 3609 4091 4091 4029 4029 4091 4091 4090 4090 4029 4029 4029 4029 4090 4090 4030 4030 4090 4090 3607 3607 4030 4030 3607 3607 4089 4089 4030 4030 4042 4042 4082 4082 4092 4092 3606 3606 4081 4081 3607 3607 4042 4042 4092 4092 4043 4043 4077 4077 4043 4043 4092 4092 4092 4092 4079 4079 4077 4077 4093 4093 3606 3606 3608 3608 4094 4094 4093 4093 3608 3608 4097 4097 4095 4095 4093 4093 4097 4097 4093 4093 4094 4094 4095 4095 4080 4080 4093 4093 4095 4095 3572 3572 4080 4080 3572 3572 4079 4079 4080 4080 4097 4097 3573 3573 4095 4095 3573 3573 3572 3572 4095 4095 3574 3574 4096 4096 4097 4097 4096 4096 3573 3573 4097 4097 4098 4098 4097 4097 4146 4146 4098 4098 3574 3574 4097 4097 4099 4099 3574 3574 4098 4098 4101 4101 4096 4096 4099 4099 4099 4099 4096 4096 3574 3574 4101 4101 3575 3575 4096 4096 4100 4100 4101 4101 4099 4099 4101 4101 4102 4102 3575 3575 4102 4102 4132 4132 3575 3575 4105 4105 3577 3577 4103 4103 3576 3576 4103 4103 3577 3577 4104 4104 4103 4103 3576 3576 4105 4105 3578 3578 3577 3577 4105 4105 4143 4143 3578 3578 4105 4105 4106 4106 4143 4143 4107 4107 4106 4106 4105 4105 4105 4105 4103 4103 4107 4107 4152 4152 4107 4107 4109 4109 4109 4109 4107 4107 4108 4108 4107 4107 4152 4152 4106 4106 4109 4109 4110 4110 4111 4111 4109 4109 4111 4111 4113 4113 4112 4112 4109 4109 4113 4113 4152 4152 4109 4109 4112 4112 4113 4113 4114 4114 4112 4112 4113 4113 4111 4111 4114 4114 4112 4112 4114 4114 4115 4115 4112 4112 4115 4115 4152 4152 4152 4152 4115 4115 4116 4116 4114 4114 4136 4136 4115 4115 4136 4136 4119 4119 4115 4115 4115 4115 4119 4119 4116 4116 4116 4116 4119 4119 4139 4139 4100 4100 4118 4118 4101 4101 4100 4100 4122 4122 4118 4118 4120 4120 4122 4122 4100 4100 4120 4120 4100 4100 4119 4119 4139 4139 4119 4119 4100 4100 4120 4120 4121 4121 4122 4122 4122 4122 4121 4121 4123 4123 4137 4137 4134 4134 4123 4123 4134 4134 4124 4124 4123 4123 4126 4126 4125 4125 4124 4124 4126 4126 4124 4124 4108 4108 4125 4125 4126 4126 4127 4127 4129 4129 4130 4130 4131 4131 4104 4104 4130 4130 4103 4103 4131 4131 4130 4130 4104 4104 4123 4123 4131 4131 4132 4132 4132 4132 4131 4131 4104 4104 4123 4123 4128 4128 4131 4131 4131 4131 4128 4128 4129 4129 4123 4123 4132 4132 4133 4133 4101 4101 4133 4133 4102 4102 4133 4133 4132 4132 4102 4102 4118 4118 4133 4133 4101 4101 4118 4118 4122 4122 4133 4133 4122 4122 4123 4123 4133 4133 4129 4129 4107 4107 4130 4130 4107 4107 4103 4103 4130 4130 4129 4129 4108 4108 4107 4107 4128 4128 4108 4108 4129 4129 4123 4123 4126 4126 4128 4128 4126 4126 4108 4108 4128 4128 4126 4126 4123 4123 4127 4127 4123 4123 4125 4125 4127 4127 4134 4134 4135 4135 4124 4124 4110 4110 4124 4124 4135 4135 4108 4108 4124 4124 4110 4110 4109 4109 4108 4108 4110 4110 4110 4110 4135 4135 4111 4111 4111 4111 4135 4135 4114 4114 4114 4114 4135 4135 4136 4136 4119 4119 4136 4136 4120 4120 4121 4121 4120 4120 4136 4136 4135 4135 4121 4121 4136 4136 4121 4121 4137 4137 4138 4138 4123 4123 4138 4138 4137 4137 4123 4123 4121 4121 4138 4138 4121 4121 4135 4135 4137 4137 4134 4134 4137 4137 4135 4135 4124 4124 4125 4125 4123 4123 4141 4141 4139 4139 4140 4140 4139 4139 4100 4100 4140 4140 4117 4117 4141 4141 4106 4106 4141 4141 4117 4117 4116 4116 4106 4106 4152 4152 4117 4117 4106 4106 4141 4141 4142 4142 4143 4143 4106 4106 4142 4142 4143 4143 4142 4142 3581 3581 3581 3581 4142 4142 4144 4144 3583 3583 3581 3581 4144 4144 4142 4142 3583 3583 4144 4144 4141 4141 4140 4140 3583 3583 4141 4141 3583 3583 4142 4142 4140 4140 4100 4100 4099 4099 4140 4140 4099 4099 3583 3583 3583 3583 4098 4098 3585 3585 3583 3583 4099 4099 4098 4098 3585 3585 4098 4098 4146 4146 4146 4146 4097 4097 4094 4094 4147 4147 4146 4146 3605 3605 4146 4146 4094 4094 3605 3605 4149 4149 4146 4146 4147 4147 4149 4149 4147 4147 3602 3602 4151 4151 4149 4149 4148 4148 4150 4150 4148 4148 3596 3596 3596 3596 3589 3589 4150 4150 4150 4150 4151 4151 4148 4148 4151 4151 4150 4150 4145 4145 3589 3589 4145 4145 4150 4150 4145 4145 3589 3589 3585 3585 3589 3589 3584 3584 3585 3585 4151 4151 4145 4145 4149 4149 4145 4145 3585 3585 4149 4149 4148 4148 3597 3597 3596 3596 3600 3600 3597 3597 4148 4148 3600 3600 4148 4148 3601 3601 4149 4149 3602 3602 4148 4148 3602 3602 3601 3601 4148 4148 3585 3585 4146 4146 4149 4149 3578 3578 4143 4143 3581 3581 4141 4141 4116 4116 4139 4139 4116 4116 4117 4117 4152 4152 4132 4132 4104 4104 3576 3576 3605 3605 4094 4094 3608 3608 3572 3572 3571 3571 4079 4079 4078 4078 4079 4079 3571 3571 4078 4078 3571 3571 4153 4153 4061 4061 4153 4153 3571 3571 4063 4063 4078 4078 4153 4153 4153 4153 4061 4061 4060 4060 4063 4063 4153 4153 4060 4060 4061 4061 3571 3571 4059 4059 4059 4059 3571 3571 4154 4154 4154 4154 3571 3571 3570 3570 4156 4156 4059 4059 4154 4154 4156 4156 4154 4154 3570 3570 3569 3569 4155 4155 4156 4156 3570 3570 3569 3569 4156 4156 4155 4155 4157 4157 4156 4156 4158 4158 4157 4157 3561 3561 3561 3561 4157 4157 4159 4159 4158 4158 4160 4160 4191 4191 3561 3561 4160 4160 4158 4158 4162 4162 4161 4161 4160 4160 3561 3561 4163 4163 4162 4162 4162 4162 4163 4163 4164 4164 3562 3562 4163 4163 3561 3561 3562 3562 3563 3563 3587 3587 4164 4164 4163 4163 3588 3588 4164 4164 4165 4165 4167 4167 4166 4166 4168 4168 4162 4162 4166 4166 4162 4162 4167 4167 4168 4168 4169 4169 4160 4160 4168 4168 4160 4160 4161 4161 4166 4166 4169 4169 4168 4168 4170 4170 4169 4169 4166 4166 4172 4172 4170 4170 4171 4171 4171 4171 4170 4170 4166 4166 4173 4173 4172 4172 4175 4175 4182 4182 4174 4174 4172 4172 4172 4172 4174 4174 4175 4175 4175 4175 4176 4176 4203 4203 4176 4176 4175 4175 4174 4174 4175 4175 4203 4203 4173 4173 4203 4203 4176 4176 4178 4178 4178 4178 4176 4176 4177 4177 4178 4178 4179 4179 4181 4181 4178 4178 4177 4177 4179 4179 4180 4180 4179 4179 4177 4177 4179 4179 4180 4180 4183 4183 4165 4165 4179 4179 4183 4183 4165 4165 4181 4181 4179 4179 4182 4182 4183 4183 4180 4180 4183 4183 4182 4182 4167 4167 4172 4172 4184 4184 4182 4182 4182 4182 4184 4184 4167 4167 4171 4171 4166 4166 4184 4184 4172 4172 4171 4171 4184 4184 4167 4167 4184 4184 4166 4166 4185 4185 4182 4182 4180 4180 4177 4177 4186 4186 4185 4185 4180 4180 4177 4177 4185 4185 4182 4182 4185 4185 4186 4186 4174 4174 4182 4182 4186 4186 4186 4186 4176 4176 4174 4174 4186 4186 4177 4177 4176 4176 4181 4181 4165 4165 4164 4164 3590 3590 4181 4181 3588 3588 4181 4181 4164 4164 3588 3588 4167 4167 4165 4165 4183 4183 4178 4178 4181 4181 3590 3590 4187 4187 4178 4178 3590 3590 4056 4056 4187 4187 4054 4054 4055 4055 4056 4056 4054 4054 4188 4188 4056 4056 4189 4189 4057 4057 4189 4189 4056 4056 4189 4189 4190 4190 4188 4188 4191 4191 4193 4193 4189 4189 4193 4193 4190 4190 4189 4189 4059 4059 4191 4191 4192 4192 4191 4191 4189 4189 4192 4192 4059 4059 4192 4192 4058 4058 4192 4192 4057 4057 4058 4058 4192 4192 4189 4189 4057 4057 4157 4157 4059 4059 4156 4156 4157 4157 4191 4191 4059 4059 4160 4160 4194 4194 4193 4193 4160 4160 4193 4193 4191 4191 4195 4195 4196 4196 4198 4198 4195 4195 4198 4198 4194 4194 4196 4196 4197 4197 4198 4198 4194 4194 4198 4198 4193 4193 4197 4197 4199 4199 4198 4198 4198 4198 4187 4187 4056 4056 4198 4198 4199 4199 4187 4187 4198 4198 4056 4056 4188 4188 4190 4190 4198 4198 4188 4188 4193 4193 4198 4198 4190 4190 4199 4199 4178 4178 4187 4187 4199 4199 4203 4203 4178 4178 4197 4197 4200 4200 4199 4199 4200 4200 4203 4203 4199 4199 4201 4201 4200 4200 4197 4197 4202 4202 4203 4203 4200 4200 4204 4204 4203 4203 4202 4202 4206 4206 4202 4202 4205 4205 4206 4206 4204 4204 4202 4202 4356 4356 4206 4206 4205 4205 4208 4208 4207 4207 4356 4356 4207 4207 4206 4206 4356 4356 4209 4209 4208 4208 4234 4234 4208 4208 4356 4356 4234 4234 4211 4211 4208 4208 4209 4209 4211 4211 4209 4209 4210 4210 4210 4210 4215 4215 4211 4211 4212 4212 4211 4211 4215 4215 4212 4212 4215 4215 4172 4172 4213 4213 4212 4212 4172 4172 4211 4211 4212 4212 4208 4208 4213 4213 4208 4208 4212 4212 4213 4213 4207 4207 4208 4208 4213 4213 4206 4206 4207 4207 4214 4214 4206 4206 4213 4213 4204 4204 4206 4206 4214 4214 4214 4214 4213 4213 4172 4172 4214 4214 4172 4172 4173 4173 4204 4204 4214 4214 4173 4173 4216 4216 4215 4215 4210 4210 4216 4216 4218 4218 4217 4217 4216 4216 4217 4217 4215 4215 4170 4170 4172 4172 4217 4217 4172 4172 4215 4215 4217 4217 4216 4216 4219 4219 4218 4218 4216 4216 4220 4220 4219 4219 4220 4220 4221 4221 4219 4219 4222 4222 4223 4223 4219 4219 4219 4219 4221 4221 4222 4222 4225 4225 4223 4223 4222 4222 4216 4216 4210 4210 4225 4225 4225 4225 4221 4221 4220 4220 4220 4220 4216 4216 4225 4225 4225 4225 4222 4222 4221 4221 4210 4210 4209 4209 4225 4225 4225 4225 4209 4209 4223 4223 4209 4209 4224 4224 4223 4223 4227 4227 4226 4226 4229 4229 4228 4228 4229 4229 4226 4226 4230 4230 4358 4358 4229 4229 4358 4358 4357 4357 4229 4229 4366 4366 4231 4231 4357 4357 4233 4233 4366 4366 4357 4357 4233 4233 4234 4234 4366 4366 4232 4232 4366 4366 4234 4234 4234 4234 4235 4235 4232 4232 4235 4235 4236 4236 4238 4238 4235 4235 4237 4237 4239 4239 4237 4237 4235 4235 4238 4238 4235 4235 4239 4239 4232 4232 4240 4240 4241 4241 4237 4237 4241 4241 4335 4335 4324 4324 4324 4324 4242 4242 4241 4241 4241 4241 4242 4242 4239 4239 4328 4328 4243 4243 4242 4242 4366 4366 4330 4330 4244 4244 4246 4246 4244 4244 4245 4245 4231 4231 4244 4244 4246 4246 4231 4231 4246 4246 4247 4247 4231 4231 4247 4247 4257 4257 4257 4257 4247 4247 4248 4248 4249 4249 4250 4250 4247 4247 4250 4250 4251 4251 4247 4247 4326 4326 4252 4252 4251 4251 4251 4251 4252 4252 4248 4248 4247 4247 4251 4251 4248 4248 4254 4254 4255 4255 4253 4253 4258 4258 4256 4256 4255 4255 4257 4257 4253 4253 4255 4255 4257 4257 4255 4255 4256 4256 4256 4256 4258 4258 4259 4259 4327 4327 4260 4260 4259 4259 4256 4256 4259 4259 4260 4260 4256 4256 4260 4260 4261 4261 4263 4263 4264 4264 4262 4262 4262 4262 4264 4264 4261 4261 4261 4261 4264 4264 4265 4265 4265 4265 4264 4264 4266 4266 4266 4266 4195 4195 4265 4265 4265 4265 4195 4195 4256 4256 4195 4195 4270 4270 4267 4267 4195 4195 4268 4268 4269 4269 4195 4195 4267 4267 4271 4271 4195 4195 4272 4272 4268 4268 4195 4195 4266 4266 4270 4270 4195 4195 4271 4271 4272 4272 4277 4277 4273 4273 4274 4274 4276 4276 4273 4273 4280 4280 4277 4277 4280 4280 4273 4273 4271 4271 4273 4273 4275 4275 4275 4275 4273 4273 4276 4276 4280 4280 4277 4277 4278 4278 4277 4277 4279 4279 4278 4278 4280 4280 4279 4279 4269 4269 4268 4268 4280 4280 4269 4269 4268 4268 4272 4272 4280 4280 4276 4276 4280 4280 4272 4272 4275 4275 4276 4276 4272 4272 4281 4281 4278 4278 4279 4279 4279 4279 4280 4280 4281 4281 4280 4280 4278 4278 4281 4281 4196 4196 4279 4279 4282 4282 4279 4279 4196 4196 4269 4269 4196 4196 4282 4282 4283 4283 4277 4277 4283 4283 4282 4282 4283 4283 4284 4284 4288 4288 4285 4285 4284 4284 4274 4274 4283 4283 4274 4274 4284 4284 4285 4285 4274 4274 4286 4286 4361 4361 4287 4287 4284 4284 4196 4196 4288 4288 4284 4284 4196 4196 4284 4284 4287 4287 4196 4196 4283 4283 4288 4288 4196 4196 4287 4287 4289 4289 4287 4287 4285 4285 4289 4289 4289 4289 4285 4285 4290 4290 4196 4196 4289 4289 4290 4290 4196 4196 4290 4290 4291 4291 4291 4291 4197 4197 4196 4196 4292 4292 4291 4291 4290 4290 4292 4292 4293 4293 4360 4360 4290 4290 4293 4293 4292 4292 4285 4285 4286 4286 4293 4293 4293 4293 4290 4290 4285 4285 4286 4286 4294 4294 4293 4293 4293 4293 4294 4294 4360 4360 4360 4360 4294 4294 4321 4321 4296 4296 4197 4197 4295 4295 4298 4298 4297 4297 4296 4296 4298 4298 4299 4299 4297 4297 4201 4201 4301 4301 4299 4299 4300 4300 4201 4201 4299 4299 4301 4301 4297 4297 4299 4299 4201 4201 4297 4297 4301 4301 4299 4299 4302 4302 4300 4300 4302 4302 4303 4303 4300 4300 4300 4300 4303 4303 4304 4304 4306 4306 4305 4305 4303 4303 4306 4306 4303 4303 4302 4302 4303 4303 4305 4305 4307 4307 4309 4309 4307 4307 4308 4308 4309 4309 4308 4308 4310 4310 4200 4200 4309 4309 4310 4310 4312 4312 4308 4308 4311 4311 4312 4312 4311 4311 4307 4307 4307 4307 4311 4311 4308 4308 4312 4312 4313 4313 4308 4308 4313 4313 4312 4312 4314 4314 4315 4315 4313 4313 4314 4314 4314 4314 4316 4316 4317 4317 4307 4307 4316 4316 4314 4314 4314 4314 4312 4312 4307 4307 4316 4316 4305 4305 4317 4317 4317 4317 4306 4306 4314 4314 4317 4317 4305 4305 4306 4306 4314 4314 4306 4306 4318 4318 4318 4318 4306 4306 4302 4302 4318 4318 4302 4302 4299 4299 4314 4314 4318 4318 4319 4319 4318 4318 4299 4299 4319 4319 4319 4319 4299 4299 4298 4298 4319 4319 4298 4298 4320 4320 4319 4319 4320 4320 4321 4321 4320 4320 4298 4298 4296 4296 4320 4320 4296 4296 4295 4295 4321 4321 4320 4320 4295 4295 4319 4319 4321 4321 4286 4286 4286 4286 4321 4321 4294 4294 4286 4286 4322 4322 4319 4319 4319 4319 4315 4315 4314 4314 4319 4319 4322 4322 4315 4315 4273 4273 4315 4315 4322 4322 4286 4286 4273 4273 4322 4322 4274 4274 4273 4273 4286 4286 4316 4316 4307 4307 4305 4305 4331 4331 4315 4315 4323 4323 4315 4315 4273 4273 4323 4323 4251 4251 4323 4323 4326 4326 4323 4323 4249 4249 4324 4324 4249 4249 4323 4323 4250 4250 4250 4250 4323 4323 4251 4251 4323 4323 4262 4262 4326 4326 4325 4325 4326 4326 4262 4262 4325 4325 4259 4259 4258 4258 4325 4325 4258 4258 4255 4255 4254 4254 4325 4325 4255 4255 4253 4253 4325 4325 4254 4254 4325 4325 4262 4262 4259 4259 4259 4259 4262 4262 4327 4327 4262 4262 4260 4260 4327 4327 4262 4262 4261 4261 4260 4260 4325 4325 4253 4253 4326 4326 4326 4326 4253 4253 4252 4252 4323 4323 4324 4324 4335 4335 4328 4328 4324 4324 4243 4243 4243 4243 4324 4324 4330 4330 4324 4324 4249 4249 4329 4329 4329 4329 4249 4249 4330 4330 4330 4330 4246 4246 4245 4245 4330 4330 4249 4249 4246 4246 4329 4329 4330 4330 4324 4324 4249 4249 4247 4247 4246 4246 4324 4324 4328 4328 4242 4242 4273 4273 4262 4262 4323 4323 4323 4323 4335 4335 4331 4331 4334 4334 4331 4331 4332 4332 4332 4332 4331 4331 4353 4353 4331 4331 4333 4333 4353 4353 4331 4331 4335 4335 4333 4333 4335 4335 4336 4336 4333 4333 4335 4335 4241 4241 4336 4336 4337 4337 4238 4238 4338 4338 4338 4338 4238 4238 4340 4340 4339 4339 4338 4338 4340 4340 4341 4341 4339 4339 4340 4340 4340 4340 4205 4205 4342 4342 4236 4236 4340 4340 4238 4238 4340 4340 4236 4236 4205 4205 4205 4205 4200 4200 4342 4342 4345 4345 4342 4342 4343 4343 4350 4350 4342 4342 4200 4200 4344 4344 4342 4342 4350 4350 4343 4343 4342 4342 4344 4344 4343 4343 4344 4344 4345 4345 4346 4346 4345 4345 4344 4344 4346 4346 4315 4315 4347 4347 4347 4347 4315 4315 4348 4348 4348 4348 4346 4346 4347 4347 4345 4345 4348 4348 4315 4315 4348 4348 4345 4345 4346 4346 4331 4331 4345 4345 4315 4315 4349 4349 4315 4315 4346 4346 4313 4313 4315 4315 4349 4349 4349 4349 4346 4346 4313 4313 4346 4346 4344 4344 4313 4313 4308 4308 4344 4344 4350 4350 4313 4313 4344 4344 4308 4308 4200 4200 4310 4310 4350 4350 4310 4310 4308 4308 4350 4350 4331 4331 4334 4334 4345 4345 4334 4334 4351 4351 4345 4345 4352 4352 4342 4342 4351 4351 4351 4351 4342 4342 4345 4345 4355 4355 4342 4342 4352 4352 4334 4334 4332 4332 4352 4352 4353 4353 4352 4352 4332 4332 4352 4352 4353 4353 4354 4354 4353 4353 4340 4340 4354 4354 4353 4353 4341 4341 4340 4340 4352 4352 4354 4354 4355 4355 4355 4355 4354 4354 4340 4340 4340 4340 4342 4342 4355 4355 4333 4333 4341 4341 4353 4353 4341 4341 4333 4333 4339 4339 4351 4351 4334 4334 4352 4352 4236 4236 4356 4356 4205 4205 4356 4356 4236 4236 4235 4235 4356 4356 4235 4235 4234 4234 4234 4234 4233 4233 4357 4357 4234 4234 4357 4357 4358 4358 4234 4234 4358 4358 4230 4230 4333 4333 4336 4336 4339 4339 4339 4339 4336 4336 4338 4338 4237 4237 4238 4238 4337 4337 4337 4337 4240 4240 4237 4237 4337 4337 4338 4338 4240 4240 4336 4336 4240 4240 4338 4338 4336 4336 4241 4241 4240 4240 4304 4304 4307 4307 4309 4309 4200 4200 4304 4304 4309 4309 4304 4304 4303 4303 4307 4307 4304 4304 4200 4200 4300 4300 4300 4300 4200 4200 4201 4201 4197 4197 4297 4297 4201 4201 4297 4297 4197 4197 4296 4296 4359 4359 4321 4321 4295 4295 4295 4295 4197 4197 4359 4359 4359 4359 4360 4360 4321 4321 4359 4359 4197 4197 4360 4360 4360 4360 4197 4197 4291 4291 4292 4292 4360 4360 4291 4291 4284 4284 4285 4285 4361 4361 4285 4285 4287 4287 4361 4361 4277 4277 4274 4274 4283 4283 4279 4279 4277 4277 4282 4282 4275 4275 4272 4272 4271 4271 4273 4273 4263 4263 4262 4262 4273 4273 4271 4271 4362 4362 4267 4267 4270 4270 4362 4362 4363 4363 4270 4270 4266 4266 4266 4266 4263 4263 4363 4363 4263 4263 4270 4270 4363 4363 4273 4273 4362 4362 4263 4263 4263 4263 4362 4362 4270 4270 4364 4364 4263 4263 4266 4266 4266 4266 4264 4264 4364 4364 4264 4264 4263 4263 4364 4364 4267 4267 4362 4362 4271 4271 4269 4269 4196 4196 4195 4195 4218 4218 4256 4256 4365 4365 4219 4219 4256 4256 4218 4218 4365 4365 4256 4256 4169 4169 4169 4169 4256 4256 4194 4194 4169 4169 4217 4217 4365 4365 4217 4217 4218 4218 4365 4365 4256 4256 4195 4195 4194 4194 4265 4265 4256 4256 4261 4261 4219 4219 4257 4257 4256 4256 4257 4257 4227 4227 4231 4231 4226 4226 4227 4227 4257 4257 4257 4257 4223 4223 4226 4226 4219 4219 4223 4223 4257 4257 4257 4257 4248 4248 4253 4253 4252 4252 4253 4253 4248 4248 4245 4245 4244 4244 4330 4330 4244 4244 4231 4231 4366 4366 4366 4366 4243 4243 4330 4330 4366 4366 4232 4232 4243 4243 4232 4232 4367 4367 4243 4243 4367 4367 4242 4242 4243 4243 4232 4232 4239 4239 4367 4367 4367 4367 4239 4239 4242 4242 4241 4241 4239 4239 4237 4237 4231 4231 4227 4227 4357 4357 4227 4227 4229 4229 4357 4357 4234 4234 4230 4230 4209 4209 4209 4209 4230 4230 4229 4229 4209 4209 4229 4229 4228 4228 4209 4209 4228 4228 4226 4226 4223 4223 4224 4224 4226 4226 4224 4224 4209 4209 4226 4226 4170 4170 4217 4217 4169 4169 4200 4200 4205 4205 4202 4202 4203 4203 4204 4204 4173 4173 4169 4169 4194 4194 4160 4160 4168 4168 4161 4161 4162 4162 3562 3562 3588 3588 4163 4163 4164 4164 4167 4167 4162 4162 3561 3561 4162 4162 4160 4160 4191 4191 4157 4157 4158 4158 3568 3568 4159 4159 4157 4157 3568 3568 3564 3564 4159 4159 3561 3561 4159 4159 3564 3564 4157 4157 4155 4155 3568 3568 4044 4044 4043 4043 4077 4077 4054 4054 4187 4187 3620 3620 4038 4038 4033 4033 4032 4032 4038 4038 4048 4048 4033 4033 4033 4033 4048 4048 4034 4034 4033 4033 4034 4034 3640 3640 3640 3640 4034 4034 4035 4035 4383 4383 4033 4033 4368 4368 4369 4369 4383 4383 4368 4368 4368 4368 4371 4371 4369 4369 4372 4372 4373 4373 4371 4371 4371 4371 4378 4378 4370 4370 4372 4372 4371 4371 4368 4368 4368 4368 4373 4373 4372 4372 4373 4373 4368 4368 4374 4374 4368 4368 4033 4033 4374 4374 4375 4375 4376 4376 4374 4374 4377 4377 4374 4374 4376 4376 4376 4376 4025 4025 4377 4377 4378 4378 4377 4377 4025 4025 4378 4378 4025 4025 4024 4024 4379 4379 4025 4025 4376 4376 4380 4380 4008 4008 4379 4379 4379 4379 4376 4376 4380 4380 4376 4376 4375 4375 4380 4380 4008 4008 4025 4025 4379 4379 4027 4027 4378 4378 4024 4024 4027 4027 4370 4370 4378 4378 4027 4027 4384 4384 4370 4370 4030 4030 4089 4089 4027 4027 4030 4030 4027 4027 4026 4026 4089 4089 4384 4384 4027 4027 4371 4371 4370 4370 4384 4384 4371 4371 4384 4384 4382 4382 4384 4384 4381 4381 4382 4382 4382 4382 4369 4369 4371 4371 4381 4381 4383 4383 4382 4382 4383 4383 4369 4369 4382 4382 4381 4381 4032 4032 4383 4383 4032 4032 4381 4381 4384 4384 4378 4378 4371 4371 4377 4377 4377 4377 4371 4371 4373 4373 4374 4374 4377 4377 4373 4373 4000 4000 4375 4375 4002 4002 4375 4375 3999 3999 4002 4002 3999 3999 4375 4375 4385 4385 4385 4385 4375 4375 4374 4374 4374 4374 4033 4033 4385 4385 3999 3999 4385 4385 3640 3640 4033 4033 3640 3640 4385 4385 4004 4004 4380 4380 4375 4375 4035 4035 4036 4036 3640 3640 4029 4029 4030 4030 4026 4026 4387 4387 3609 3609 4386 4386 4387 4387 4386 4386 3758 3758 4386 4386 3840 3840 3758 3758 4386 4386 3609 3609 3840 3840 3840 3840 4028 4028 4388 4388 3609 3609 4028 4028 3840 3840 4028 4028 4029 4029 4388 4388 4388 4388 4029 4029 4389 4389 3840 3840 4388 4388 4389 4389 4029 4029 4026 4026 4389 4389 4389 4389 4026 4026 4023 4023 4387 4387 3758 3758 3757 3757 4390 4390 4387 4387 3757 3757 3634 3634 4390 4390 3755 3755 4390 4390 3757 3757 3755 3755 4391 4391 4387 4387 4390 4390 3633 3633 4391 4391 4390 4390 4392 4392 4391 4391 3633 3633 4392 4392 3629 3629 4393 4393 4394 4394 4395 4395 4393 4393 3628 3628 3616 3616 4395 4395 3628 3628 4395 4395 4394 4394 4394 4394 4393 4393 3632 3632 3628 3628 4394 4394 3632 3632 4393 4393 4395 4395 4397 4397 4395 4395 4396 4396 3610 3610 3611 3611 3610 3610 4396 4396 4396 4396 4395 4395 3611 3611 4397 4397 4392 4392 4393 4393 4397 4397 4395 4395 3610 3610 3610 3610 4391 4391 4397 4397 4397 4397 4391 4391 4392 4392 3632 3632 4393 4393 3629 3629 4392 4392 3630 3630 3629 3629 3633 3633 3630 3630 4392 4392 3610 3610 4387 4387 4391 4391 4026 4026 4027 4027 4023 4023 4024 4024 4009 4009 4398 4398 4021 4021 4398 4398 4022 4022 4024 4024 4398 4398 4021 4021 4023 4023 4024 4024 4021 4021 4389 4389 4400 4400 4399 4399 4389 4389 4023 4023 4400 4400 4399 4399 4400 4400 3790 3790 3790 3790 4400 4400 3760 3760 4400 4400 4021 4021 3760 3760 3759 3759 4399 4399 3790 3790 4389 4389 4399 4399 3759 3759 4398 4398 4011 4011 4022 4022 4022 4022 4402 4402 4401 4401 4022 4022 4011 4011 4402 4402 4401 4401 4402 4402 4018 4018 4402 4402 4014 4014 4018 4018 4402 4402 4011 4011 4014 4014 4017 4017 3966 3966 4018 4018 4017 4017 4016 4016 3966 3966 4016 4016 3968 3968 3966 3966 4016 4016 3969 3969 3968 3968 4405 4405 3976 3976 4015 4015 4013 4013 4405 4405 4015 4015 4014 4014 4011 4011 4012 4012 4404 4404 4403 4403 4013 4013 4013 4013 4010 4010 4404 4404 4010 4010 4013 4013 4012 4012 4403 4403 4404 4404 4010 4010 4403 4403 4010 4010 4405 4405 4405 4405 4013 4013 4403 4403 4005 4005 4405 4405 4006 4006 4010 4010 4006 4006 4405 4405 4006 4006 4010 4010 4007 4007 4405 4405 4005 4005 3976 3976 4000 4000 4001 4001 4406 4406 3977 3977 4000 4000 4406 4406 4001 4001 3977 3977 4406 4406 3999 3999 3640 3640 3998 3998 3644 3644 3998 3998 3641 3641 3640 3640 3641 3641 3998 3998 3978 3978 3644 3644 4479 4479 3978 3978 4479 4479 3652 3652 3978 3978 3996 3996 3977 3977 3976 3976 3971 3971 3969 3969 3967 3967 3970 3970 3671 3671 3767 3767 3766 3766 3765 3765 3637 3637 3636 3636 3743 3743 3746 3746 3637 3637 3743 3743 3637 3637 4407 4407 3745 3745 3637 3637 3745 3745 4408 4408 3648 3648 3637 3637 4408 4408 3648 3648 3643 3643 3637 3637 3744 3744 4408 4408 3745 3745 3745 3745 4407 4407 3744 3744 3746 3746 4407 4407 3637 3637 3744 3744 4407 4407 3746 3746 3739 3739 3660 3660 3740 3740 3740 3740 3660 3660 3656 3656 3739 3739 3736 3736 4409 4409 4411 4411 4409 4409 4410 4410 4411 4411 4410 4410 3661 3661 3661 3661 4410 4410 3662 3662 3662 3662 4410 4410 3191 3191 3191 3191 4410 4410 4413 4413 4412 4412 4413 4413 4410 4410 4415 4415 4443 4443 4413 4413 4413 4413 4414 4414 4415 4415 3737 3737 4416 4416 4415 4415 3737 3737 4415 4415 4414 4414 3734 3734 4416 4416 3737 3737 4415 4415 4417 4417 4418 4418 3733 3733 4417 4417 4415 4415 4416 4416 3733 3733 4415 4415 3733 3733 4437 4437 4417 4417 4418 4418 4417 4417 4441 4441 4417 4417 4419 4419 4441 4441 4417 4417 4420 4420 4419 4419 4419 4419 4420 4420 4421 4421 4423 4423 4422 4422 4421 4421 3460 3460 4423 4423 4421 4421 4426 4426 3460 3460 4425 4425 4425 4425 4427 4427 4426 4426 4426 4426 4427 4427 4428 4428 4428 4428 4427 4427 4435 4435 3714 3714 4429 4429 3713 3713 4429 4429 4430 4430 3713 3713 4435 4435 4429 4429 3714 3714 3713 3713 4430 4430 3724 3724 4430 4430 4431 4431 3724 3724 4429 4429 4431 4431 4430 4430 4431 4431 4432 4432 3724 3724 4429 4429 4432 4432 4431 4431 4434 4434 4432 4432 4429 4429 4429 4429 4436 4436 4434 4434 4434 4434 4433 4433 4432 4432 4434 4434 3728 3728 4433 4433 4435 4435 4436 4436 4429 4429 4436 4436 4435 4435 4425 4425 4425 4425 4435 4435 4427 4427 4420 4420 4425 4425 4421 4421 4420 4420 4436 4436 4425 4425 4421 4421 4425 4425 3460 3460 4434 4434 4436 4436 4420 4420 4437 4437 3727 3727 4434 4434 4437 4437 4434 4434 4420 4420 4417 4417 4437 4437 4420 4420 3727 3727 3728 3728 4434 4434 4433 4433 3725 3725 4432 4432 3728 3728 3725 3725 4433 4433 4428 4428 4435 4435 3714 3714 4428 4428 3714 3714 3713 3713 4426 4426 3462 3462 3460 3460 3462 3462 4426 4426 3463 3463 3463 3463 3662 3662 3462 3462 3462 3462 4424 4424 3460 3460 3462 3462 3128 3128 4424 4424 3462 3462 3662 3662 3128 3128 4424 4424 3128 3128 4438 4438 4438 4438 3128 3128 3190 3190 3128 3128 4439 4439 3190 3190 4415 4415 4440 4440 4439 4439 4440 4440 4441 4441 4439 4439 3458 3458 4441 4441 4442 4442 4438 4438 4441 4441 3458 3458 4442 4442 4419 4419 4422 4422 4441 4441 4419 4419 4442 4442 3458 3458 4442 4442 4424 4424 4424 4424 4438 4438 3458 3458 4442 4442 4422 4422 4423 4423 4424 4424 4442 4442 4423 4423 3190 3190 4439 4439 4441 4441 3190 3190 4441 4441 4438 4438 4439 4439 4443 4443 4415 4415 3128 3128 4443 4443 4439 4439 3128 3128 4413 4413 4443 4443 4415 4415 4418 4418 4440 4440 4418 4418 4441 4441 4440 4440 3128 3128 3662 3662 3191 3191 3128 3128 3191 3191 4413 4413 3460 3460 4424 4424 4423 4423 4422 4422 4419 4419 4421 4421 3734 3734 3733 3733 4416 4416 3736 3736 4414 4414 4444 4444 3736 3736 3737 3737 4414 4414 4444 4444 4409 4409 3736 3736 4414 4414 4445 4445 4444 4444 4444 4444 4445 4445 4409 4409 4410 4410 4445 4445 4446 4446 4410 4410 4409 4409 4445 4445 4413 4413 4412 4412 4446 4446 4410 4410 4446 4446 4412 4412 4445 4445 4414 4414 4446 4446 4446 4446 4414 4414 4413 4413 3739 3739 4409 4409 3660 3660 4411 4411 3660 3660 4409 4409 3729 3729 3727 3727 4437 4437 3726 3726 3725 3725 3728 3728 3713 3713 3724 3724 3716 3716 3718 3718 3716 3716 3724 3724 3719 3719 3718 3718 3724 3724 3956 3956 3463 3463 3719 3719 3719 3719 3463 3463 3720 3720 3720 3720 3463 3463 3717 3717 3717 3717 3463 3463 3715 3715 3712 3712 3713 3713 3716 3716 3713 3713 3712 3712 4428 4428 3706 3706 3710 3710 3709 3709 3704 3704 3664 3664 3710 3710 3702 3702 3664 3664 3703 3703 3702 3702 3705 3705 3701 3701 3702 3702 3698 3698 3664 3664 3692 3692 3701 3701 3690 3690 3690 3690 3701 3701 3691 3691 3697 3697 3692 3692 3693 3693 3694 3694 3697 3697 3693 3693 3696 3696 4449 4449 4447 4447 4447 4447 4448 4448 4476 4476 4476 4476 3696 3696 4447 4447 4449 4449 4448 4448 4447 4447 4450 4450 4448 4448 4451 4451 4451 4451 4453 4453 4452 4452 4452 4452 4453 4453 4454 4454 4454 4454 4453 4453 4455 4455 3687 3687 3685 3685 4455 4455 4453 4453 4456 4456 4455 4455 4455 4455 4456 4456 3687 3687 4453 4453 3689 3689 4456 4456 4457 4457 3689 3689 4453 4453 4458 4458 3690 3690 4457 4457 4457 4457 3690 3690 3689 3689 4449 4449 4458 4458 3695 3695 3695 3695 4458 4458 4457 4457 4448 4448 3695 3695 4451 4451 3695 3695 4457 4457 4451 4451 4451 4451 4457 4457 4453 4453 4455 4455 4459 4459 4473 4473 4459 4459 4455 4455 3685 3685 4454 4454 4455 4455 4473 4473 4460 4460 4473 4473 4459 4459 4461 4461 4460 4460 4459 4459 3679 3679 4461 4461 4459 4459 3672 3672 4461 4461 3679 3679 4463 4463 4472 4472 4461 4461 4463 4463 4461 4461 3672 3672 3670 3670 4463 4463 3672 3672 4462 4462 4463 4463 3670 3670 4463 4463 3991 3991 4464 4464 4462 4462 3991 3991 4463 4463 4464 4464 3669 3669 4465 4465 4465 4465 4463 4463 4464 4464 4464 4464 3991 3991 3669 3669 4466 4466 4465 4465 4467 4467 4465 4465 4472 4472 4463 4463 4465 4465 4466 4466 4472 4472 3669 3669 4467 4467 4465 4465 3336 3336 4467 4467 3669 3669 4468 4468 4467 4467 3336 3336 4467 4467 4468 4468 4469 4469 4467 4467 4469 4469 4470 4470 4470 4470 4466 4466 4467 4467 4470 4470 4471 4471 4466 4466 4466 4466 4471 4471 4472 4472 4471 4471 4473 4473 4472 4472 4472 4472 4473 4473 4460 4460 4471 4471 4451 4451 4473 4473 4451 4451 4452 4452 4473 4473 4473 4473 4452 4452 4454 4454 4450 4450 4451 4451 4471 4471 4472 4472 4460 4460 4461 4461 4471 4471 4470 4470 4474 4474 4450 4450 4471 4471 4474 4474 3341 3341 4474 4474 4469 4469 3341 3341 4475 4475 4474 4474 4476 4476 4474 4474 4475 4475 4476 4476 4477 4477 4474 4474 4448 4448 4477 4477 4476 4476 4477 4477 4448 4448 4474 4474 3341 3341 3696 3696 4476 4476 3341 3341 4476 4476 4475 4475 4448 4448 4450 4450 4474 4474 4469 4469 4474 4474 4470 4470 4469 4469 4468 4468 3341 3341 3336 3336 3341 3341 4468 4468 3670 3670 3991 3991 4462 4462 4459 4459 3685 3685 3678 3678 3679 3679 4459 4459 3678 3678 3695 3695 4448 4448 4449 4449 3682 3682 3686 3686 3896 3896 3678 3678 3685 3685 3680 3680 3336 3336 3669 3669 3348 3348 4411 4411 3661 3661 3659 3659 3652 3652 4408 4408 3744 3744 3651 3651 4408 4408 3652 3652 3645 3645 3651 3651 4478 4478 4478 4478 3651 3651 4479 4479 4478 4478 3644 3644 3645 3645 4478 4478 4479 4479 3644 3644 3642 3642 3637 3637 3643 3643 3641 3641 3637 3637 3642 3642 3627 3627 3636 3636 3638 3638 3638 3638 3636 3636 3637 3637 3628 3628 3632 3632 3636 3636 3627 3627 3628 3628 3636 3636 3636 3636 3632 3632 3750 3750 3632 3632 3631 3631 3750 3750 3628 3628 3615 3615 3616 3616 4480 4480 3628 3628 3625 3625 3624 3624 3619 3619 4480 4480 3619 3619 3628 3628 4480 4480 3624 3624 4480 4480 3625 3625 3628 3628 3592 3592 3615 3615 3619 3619 3617 3617 3628 3628 3617 3617 3592 3592 3628 3628 3622 3622 3624 3624 4036 4036 3622 3622 3619 3619 3624 3624 3620 3620 4187 4187 3593 3593 4395 4395 3613 3613 3611 3611 3599 3599 3614 3614 3615 3615 3614 3614 4481 4481 3612 3612 3614 3614 3599 3599 3600 3600 3600 3600 4481 4481 3614 3614 4481 4481 3600 3600 3601 3601 3601 3601 3612 3612 4481 4481 3612 3612 3601 3601 3610 3610 3601 3601 3603 3603 3610 3610 3603 3603 3604 3604 3609 3609 3598 3598 3594 3594 3599 3599 3591 3591 3596 3596 3595 3595 3590 3590 3596 3596 3591 3591 3584 3584 3589 3589 3587 3587 3564 3564 3587 3587 3563 3563 3584 3584 3587 3587 3564 3564 3564 3564 3565 3565 3584 3584 3579 3579 3565 3565 3580 3580 3581 3581 3582 3582 3578 3578 3580 3580 3565 3565 3566 3566 3566 3566 3565 3565 3564 3564</p></triangles></mesh>
    </geometry>
  </library_geometries>
  <library_visual_scenes>
    <visual_scene id="Scene" name="Scene">
      <node id="thigh_FL0815" name="thigh.FL0815" type="NODE">
        <matrix sid="transform">1 0 0 0 0 -1.62921e-7 -1 0 0 1 -1.62921e-7 0 0 0 0 1</matrix>
        <instance_geometry url="#thigh_001-mesh" name="thigh.FL0815">
          <bind_material>
            <technique_common>
              <instance_material symbol="&#28145;&#33394;&#27233;&#33014;_003-material" target="#&#28145;&#33394;&#27233;&#33014;_003-material">
                <bind_vertex_input semantic="UVMap" input_semantic="TEXCOORD" input_set="0"/>
              </instance_material>
              <instance_material symbol="Material_009-material" target="#Material_009-material">
                <bind_vertex_input semantic="UVMap" input_semantic="TEXCOORD" input_set="0"/>
              </instance_material>
            </technique_common>
          </bind_material>
        </instance_geometry>
      </node>
    </visual_scene>
  </library_visual_scenes>
  <scene><instance_visual_scene url="#Scene"/></scene></COLLADA>
