<COLLADA xmlns="http://www.collada.org/2005/11/COLLADASchema" xmlns:xsi="http://www.w3.org/2001/XMLSchema-instance" version="1.4.1">
  <asset><contributor>
      <author>Blender User</author>
      <authoring_tool>Blender 3.4.0 commit date:2022-12-06, commit time:18:46, hash:a95bf1ac01be</authoring_tool>
    </contributor>
    <created>2023-08-31T16:02:09</created><modified>2023-08-31T16:02:09</modified><unit name="meter" meter="1.0"/><up_axis>Z_UP</up_axis></asset><library_effects>
    <effect id="&#28145;&#33394;&#27233;&#33014;_012-effect" name="&#28145;&#33394;&#27233;&#33014;_012-effect">
      <profile_COMMON>
        <technique sid="common">
          <lambert>
            <emission><color>0.0 0.0 0.0 1.0</color></emission><diffuse><color>0.6717055 0.6924257 0.7742702 1.0</color></diffuse><reflectivity><float>0.5</float></reflectivity><transparency><float>1.0</float></transparency></lambert>
        </technique>
      <extra><technique profile="GOOGLEEARTH"><double_sided>0</double_sided></technique></extra></profile_COMMON>
    </effect>
    <effect id="Material_011-effect" name="Material_011-effect">
      <profile_COMMON>
        <technique sid="common">
          <lambert>
            <emission><color>0.0 0.0 0.0 1.0</color></emission><diffuse><color>0.9 0.95 0.95 1.0</color></diffuse><reflectivity><float>0.5</float></reflectivity><transparency><float>1.0</float></transparency></lambert>
        </technique>
      <extra><technique profile="GOOGLEEARTH"><double_sided>0</double_sided></technique></extra></profile_COMMON>
    </effect>
  </library_effects>
  <library_materials>
    <material id="&#28145;&#33394;&#27233;&#33014;_012-material" name="&#28145;&#33394;&#27233;&#33014;.012">
      <instance_effect url="#&#28145;&#33394;&#27233;&#33014;_012-effect"/>
    </material>
    <material id="Material_011-material" name="Material.011">
      <instance_effect url="#Material_011-effect"/>
    </material>
  </library_materials>
  <library_geometries>
    <geometry id="thigh_003-mesh" name="thigh.003">
      <mesh>
        <source id="thigh_003-mesh-slim-nrm"><float_array count="13464" id="thigh_003-mesh-slim-nrm-array">-0.0024 0.9236 -0.3833 0.0039 0.9998 0.0177 0.2551 0.8878 -0.383 0.4762 0.3759 -0.7949 0.1744 0.3317 -0.9271 0.0092 0.3747 -0.9271 0.0051 0.8871 -0.4616 -0.2697 0.9548 -0.1253 -0.1061 0.9824 0.1536 -0.8115 0.5844 0.0005 -0.9192 0.3936 -0.0121 -0.5106 0.8054 0.301 -0.8708 0.3511 0.3441 -0.6765 0.0792 0.7321 -0.2435 0.0542 0.9684 -0.9691 0.2449 -0.0289 -0.9654 0.2012 0.1658 -0.903 0.3793 0.2019 -0.864 0.4047 -0.2994 -0.9086 0.4162 -0.0352 -0.8331 0.5391 -0.1238 -0.1011 0.0455 -0.9938 -0.4304 0.2322 -0.8723 0.4783 -0.2577 -0.8395 0.1753 -0.114 -0.9779 -0.1161 0.0699 -0.9908 -0.4452 0.3389 -0.8288 -0.8315 0.5555 -0.0026 -0.8056 0.581 0.1161 -0.7313 0.6687 -0.1344 -0.7146 0.6993 0.016 -0.4649 0.5062 -0.7263 0.3778 -0.3221 -0.868 0.1389 -0.156 -0.9779 0.3155 -0.2357 -0.9192 0.8099 -0.5687 -0.1441 0.7073 -0.7064 -0.0273 0.8709 -0.4899 -0.0388 0.8709 -0.4907 -0.0286 0.7125 -0.5751 -0.402 0.8481 -0.5299 0.0002 0.8937 -0.4473 0.0356 0.9243 -0.3806 -0.0291 0.884 -0.0267 -0.4668 0.9792 -0.1922 0.0648 0.9296 -0.144 0.3392 0.9992 0.0283 0.0284 0.9219 -0.3834 -0.0556 0.9081 -0.41 -0.0852 0.9104 -0.4074 -0.0727 0.9087 -0.329 -0.2568 0.8645 -0.3069 -0.3981 0.877 -0.4176 -0.2375 0.8585 -0.4761 0.1906 0.8785 -0.4462 -0.171 0.8331 -0.3752 -0.4064 0.8923 -0.4479 0.0558 0.8654 -0.4263 -0.2635 0.7714 -0.3744 0.5147 0.2539 -0.1072 0.9613 -0.4945 0.2133 0.8426 -0.8467 0.2879 0.4474 -0.357 0.2804 0.891 -0.7187 0.5709 0.397 -0.5089 0.5774 0.6385 -0.5572 0.753 0.35 -0.5381 0.8325 0.132 -0.5149 0.8572 0.0118 -0.3535 0.7651 -0.5382 -0.3254 0.9281 -0.1812 -0.3328 0.9354 0.1194 -0.1302 0.5398 0.8316 -0.2075 0.9269 0.3127 -0.1389 0.9433 0.3014 -0.1225 0.9923 0.0167 0.1018 0.9948 -0.0015 -0.0649 0.9869 0.1476 0.0862 0.9955 0.0399 0.1304 0.9891 -0.0681 0.2578 0.9658 0.0286 0.3714 0.9191 0.1314 0.4854 0.8609 -0.1522 0.1895 0.8973 -0.3988 0.2824 0.8967 -0.3409 0.0855 0.8496 -0.5204 0.0267 0.3469 -0.9375 0.003 0.1202 -0.9927 -0.039 -0.1218 -0.9918 -0.0943 -0.1411 -0.9855 -0.1873 -0.3298 -0.9253 0.2696 0.509 -0.8175 0.1038 0.127 -0.9865 -0.0749 -0.1047 -0.9917 0.0204 0.0685 -0.9974 -0.2059 -0.5898 -0.7808 -0.0414 0.1665 -0.9852 0.0313 0.0566 -0.9979 -0.0371 -0.1988 -0.9793 0.0034 -0.0998 -0.995 0.0763 0.076 -0.9942 0.1146 0.0765 -0.9905 0.0757 0.0358 -0.9965 0.5057 0.2864 -0.8137 0.7746 0.4571 -0.437 0.8885 0.4583 -0.0239 0.8129 0.3261 -0.4826 0.9647 0.2335 -0.1217 0.8763 0.213 -0.4322 0.9677 0.1685 -0.1876 0.2157 0.0463 -0.9754 0.7424 0.0973 -0.6628 0.9221 0.361 -0.1395 0.2045 0.9096 -0.3616 0.4904 0.8636 -0.1168 0.5262 0.8503 -0.0014 0.9194 0.3709 0.1306 0.9563 0.2925 0.0001 0.914 0.222 0.3396 0.4561 0.0285 0.8895 0.8851 0.1164 0.4507 0.9791 0.2031 0.0072 0.8952 0.2684 0.3558 0.3411 0.1255 0.9316 0.3775 0.1844 0.9075 0.9295 0.3359 0.1523 0.7771 0.3774 0.5037 0.6633 0.3899 0.6388 0.7272 0.5534 0.4062 0.815 0.5762 -0.0606 0.7904 0.6039 -0.1028 0.7492 0.5083 -0.4247 0.589 0.504 -0.6318 0.3392 0.2982 -0.8922 0.7098 0.6983 0.0927 0.6151 0.707 -0.3491 0.3749 0.3999 -0.8364 0.4283 0.6504 -0.6273 0.6124 0.7896 -0.0395 0.3949 0.8474 -0.3549 0.124 0.3051 -0.9442 0.0874 0.35 -0.9327 0.5704 0.8144 -0.1064 0.4853 0.8417 0.2368 0.3719 0.8456 0.383 0.4693 0.8823 0.0369 0.3474 0.8493 0.3975 0.2173 0.5653 0.7957 0.2956 0.9456 -0.1359 -0.0494 -0.1588 0.9861 0.1782 0.3512 0.9192 0.1489 0.2108 0.9661 0.5553 0.6117 0.5634 0.3633 0.3618 0.8586 0.5149 0.506 0.692 0.646 0.7589 0.0821 0.5954 0.7288 0.3382 0.1421 0.1205 0.9825 0.1288 0.0873 0.9878 -0.3395 -0.4387 0.8321 -0.0938 -0.1671 0.9815 -0.1992 -0.1795 0.9634 -0.3615 -0.3651 0.8579 -0.1072 -0.1242 0.9865 -0.6683 -0.6206 0.4101 -0.6087 -0.6623 0.4368 -0.6279 -0.7608 0.1639 -0.6276 -0.6641 -0.4063 -0.5936 -0.6982 -0.4002 -0.321 -0.3349 -0.8859 -0.7769 -0.6003 0.1899 -0.6823 -0.608 -0.4059 -0.7703 -0.6156 -0.1666 -0.8647 -0.5018 -0.023 -0.5356 -0.4292 0.7273 -0.6583 -0.451 0.6027 -0.7929 -0.4676 0.3908 -0.1082 -0.0786 0.991 -0.6993 -0.326 0.6362 -0.3242 -0.1717 0.9303 -0.8033 -0.4459 0.3949 -0.9023 -0.4308 0.0167 -0.8756 -0.3988 -0.2726 -0.8843 -0.4612 -0.0728 -0.8951 -0.3896 -0.2167 -0.7544 -0.1493 -0.6392 -0.8914 -0.4207 -0.1686 -0.89 -0.4476 -0.087 -0.931 -0.2763 -0.2384 -0.9723 -0.0272 -0.2322 -0.9339 -0.3545 -0.046 -0.8594 -0.5112 -0.0037 -0.9432 -0.3312 0.0256 -0.9146 -0.4014 0.049 -0.8936 -0.4392 0.0928 -0.8629 -0.5049 0.0214 -0.876 -0.4763 0.0761 -0.9092 -0.308 0.2801 -0.8747 -0.4828 0.0429 -0.7983 -0.5883 -0.1285 -0.7061 -0.439 -0.5556 -0.124 -0.0984 -0.9874 -0.1724 -0.1157 -0.9782 -0.6418 -0.458 -0.615 -0.2923 -0.2724 -0.9167 -0.3584 -0.4568 -0.8142 -0.4406 -0.6867 -0.5782 -0.411 -0.7764 -0.4778 -0.4192 -0.7401 0.5259 -0.3517 -0.5475 0.7593 -0.0959 -0.1692 0.9809 -0.2043 -0.4368 0.8761 -0.3828 -0.8416 0.3811 -0.3803 -0.8335 -0.4009 -0.0866 -0.4735 0.8765 -0.0127 -0.0509 0.9986 -0.1912 -0.7145 0.673 -0.2339 -0.9629 0.1348 -0.2934 -0.9069 0.3024 -0.2531 -0.9445 -0.2093 -0.1846 -0.9634 0.1941 -0.1563 -0.7088 -0.6879 -0.2458 -0.7386 -0.6277 -0.3477 -0.8982 -0.269 -0.047 -0.1813 -0.9823 -0.1347 -0.9317 -0.3373 -0.1877 -0.9673 -0.1706 -0.0805 -0.7519 -0.6543 -0.0067 -0.567 -0.8237 -0.0303 -0.9213 -0.3877 0.0434 -0.9281 -0.3698 -0.0148 -0.9569 0.29 0.1086 -0.9792 -0.1715 0.0807 -0.6638 -0.7435 0.0688 -0.3606 -0.9302 0.1517 -0.5551 -0.8179 -0.0638 0.0939 -0.9935 0.282 -0.7869 -0.5489 0.2666 -0.9393 -0.2159 0.4065 -0.8914 -0.2004 0.2703 -0.773 0.5739 0.087 -0.2124 0.9733 -0.062 0.1155 0.9914 -0.0057 -0.0778 0.9969 0.1244 -0.1865 0.9746 -0.4205 0.615 0.6671 -0.4327 0.823 0.368 -0.1524 0.3242 0.9336 -0.3138 0.7265 0.6113 -0.034 0.1268 0.9913 -0.0132 0.0917 0.9957 -0.0381 0.365 0.9302 -0.0363 0.9326 0.359 0.0247 0.2726 0.9618 0.0262 0.1095 0.9936 0.0978 0.8257 0.5556 -0.0932 0.1211 0.9883 0.3083 -0.2888 0.9064 0.6819 -0.7272 0.0785 0.6466 -0.6522 0.3956 -0.2193 0.231 0.9479 0.1354 -0.0772 0.9878 0.2471 -0.1119 0.9625 0.5855 -0.4673 0.6624 0.7964 -0.5852 0.1527 0.7943 -0.4946 0.3528 0.8933 -0.4063 -0.1921 0.8927 -0.3921 -0.222 0.4736 -0.3309 0.8162 0.7385 -0.6459 0.1937 0.6801 -0.6441 -0.3502 0.6245 -0.7645 0.1598 0.5646 -0.6166 -0.5487 0.5659 -0.8013 -0.1941 0.5748 -0.7141 -0.3995 0.3309 -0.4677 -0.8196 0.262 -0.4038 -0.8765 0.0828 -0.2139 -0.9733 0.3979 -0.7478 -0.5316 0.5133 -0.8468 0.1395 0.487 -0.7923 -0.3677 0.5553 -0.8239 0.1128 0.4487 -0.6914 0.5662 0.2359 -0.2745 0.9322 0.3642 -0.6807 0.6356 0.4795 -0.8045 0.3505 0.4301 -0.8905 0.1486 0.2801 -0.6597 -0.6974 0.2039 -0.4162 -0.8861 0.321 -0.7698 0.5517 0.5402 -0.6407 0.5456 -0.0958 0.0839 -0.9919 -0.446 0.5123 -0.7339 -0.5954 0.7818 -0.1851 -0.5462 0.783 -0.2977 -0.1736 0.2842 -0.9429 -0.2054 0.4893 -0.8476 -0.2232 0.8123 -0.5389 -0.1497 0.7944 -0.5887 -0.2477 0.9595 -0.134 -0.0837 0.7492 -0.657 0.0167 0.9811 -0.1927 0.0742 0.9966 0.0349 -0.0835 0.0172 0.9964 -0.5948 0.3237 0.7358 0.0333 -0.2338 0.9717 -0.0082 -0.5134 0.8581 -0.1043 -0.8944 0.4349 -0.135 -0.9069 0.399 -0.0665 -0.995 0.074 -0.0496 -0.9807 -0.1889 -0.1059 -0.9825 -0.1532 -0.0158 -0.4684 0.8834 0.0606 -0.7959 0.6024 0.2097 -0.9775 -0.0243 0.141 -0.8854 0.4428 0.1334 -0.541 0.8304 0.1042 -0.3914 0.9143 0.2146 -0.8841 0.4152 0.1751 -0.8972 -0.4054 -0.2691 -0.695 0.6668 -0.5344 -0.7609 0.3681 -0.5862 -0.779 -0.2224 -0.1064 -0.0389 -0.9936 -0.3557 -0.1735 -0.9184 -0.7979 -0.3211 -0.5101 -0.9269 -0.3367 -0.1661 -0.562 -0.1533 -0.8128 -0.1015 -0.0198 -0.9946 -0.9256 -0.2643 -0.2709 -0.9293 -0.3536 0.1067 -0.9461 -0.317 0.0662 -0.8141 -0.4646 0.3483 -0.9007 -0.3605 0.2426 -0.6318 -0.413 0.656 0.2041 -0.1434 0.9684 -0.3129 -0.2708 0.9104 -0.8543 -0.3888 0.345 -0.7266 -0.3499 0.5913 -0.9092 -0.4161 -0.015 -0.576 -0.2275 0.7851 -0.2412 -0.0967 0.9656 -0.1539 -0.046 0.987 -0.7457 -0.0386 0.6652 -0.6167 -0.6066 0.5017 0.2082 -0.0707 0.9755 0.565 -0.1753 0.8062 0.7023 -0.0922 0.7059 0.1794 -0.6178 0.7656 0.1923 -0.8022 0.5653 0.7371 -0.6241 0.2593 0.95 -0.2128 0.2285 0.7143 -0.5967 -0.3657 0.9251 -0.3571 -0.1288 0.8864 -0.2609 -0.3824 0.876 -0.3327 0.3491 0.9508 -0.036 0.3077 0.702 -0.3838 0.5999 -0.5579 -0.6855 0.4679 0.059 -0.9816 0.1817 -0.8702 -0.4358 0.2299 -0.5019 -0.5366 0.6783 0.1143 -0.4848 0.8671 -0.1617 -0.501 0.8502 0.3327 -0.2151 0.9182 -0.1374 -0.4101 0.9016 0.8033 -0.1311 0.581 -0.8036 -0.5575 0.2083 -0.9313 -0.3569 -0.0728 -0.8577 -0.5063 -0.0899 -0.903 -0.2082 0.3758 -0.5902 -0.1738 0.7884 -0.1164 -0.0234 0.9929 -0.4433 -0.0865 0.8922 -0.9188 -0.1427 0.368 -0.9087 -0.1113 0.4023 -0.9677 -0.1541 -0.1994 -0.5481 -0.0969 -0.8308 0.3404 0.1318 -0.931 -0.0061 0.1278 -0.9918 -0.8656 -0.0752 -0.4951 -0.3832 0.1212 -0.9157 0.0853 0.9791 -0.1844 -0.9537 0.0567 -0.2952 -0.817 0.3914 -0.4234 -0.349 0.7324 -0.5846 -0.1878 0.9645 -0.1858 0.0015 0.993 -0.1177 0.0018 0.8605 -0.5095 0.1897 0.4562 -0.8694 0.0069 0.4117 -0.9113 -0.0061 0.5244 -0.8515 0.6143 0.4573 -0.643 -0.0021 0.8679 0.4967 0.006 0.9588 0.2841 0.0737 0.9845 0.1589 0.4632 0.8795 0.109 0.3832 0.6971 0.606 0.5133 -0.2342 0.8256 0.04 0.5594 0.8279 -0.0894 0.3398 0.9363 -0.0027 0.454 0.891 -0.0287 0.0486 0.9984 -0.4974 0.2706 0.8243 -0.781 0.4403 0.443 -0.8834 0.4667 0.0428 -0.9616 0.0174 0.274 -0.8555 -0.078 0.5119 -0.4812 -0.0513 0.8751 -0.385 0.9229 0.0028 -0.8961 0.4437 -0.0083 -0.3755 0.9083 0.1843 -0.1164 0.8528 0.5092 -0.143 0.9096 0.3901 -0.3888 0.4926 0.7786 0.3406 0.0744 0.9373 -0.2455 -0.0946 0.9648 -0.8201 -0.3064 0.4833 -0.8936 -0.4005 0.2028 -0.8989 -0.3974 -0.1845 -0.6822 -0.4072 -0.6073 -0.8895 -0.388 -0.2414 -0.9131 -0.3627 -0.186 -0.2476 -0.3597 -0.8996 -0.3563 -0.4379 -0.8254 0.3536 -0.1902 -0.9158 0.2341 -0.1624 -0.9585 0.3642 -0.0064 -0.9313 0.18 -0.6213 -0.7626 -0.2868 -0.2626 -0.9213 -0.1883 -0.2067 -0.9601 -0.3711 -0.2264 -0.9006 -0.2125 -0.2128 -0.9537 -0.2644 -0.2664 -0.9269 0.1277 -0.1581 -0.9791 -0.6001 -0.3702 -0.7091 -0.7073 -0.382 -0.5948 -0.8036 -0.3851 -0.4537 -0.3649 -0.1806 -0.9134 -0.8248 -0.3847 -0.4144 -0.3469 -0.0043 -0.9379 -0.6083 -0.6179 -0.4981 -0.9509 -0.2675 -0.156 -0.5792 -0.6117 -0.5388 0.2575 -0.5915 -0.764 -0.5014 -0.6077 0.6159 0.1297 -0.8551 -0.502 -0.3235 -0.8302 0.4541 -0.9947 -0.1002 -0.0212 -0.9276 -0.1099 0.3571 -0.8777 -0.231 0.4199 -0.9155 -0.0771 0.3948 -0.9433 -0.3076 0.125 -0.9364 -0.3474 0.0487 -0.9317 -0.2454 0.2678 -0.8278 -0.0928 0.5533 -0.8223 -0.1996 0.5329 -0.8319 -0.2784 0.4801 -0.8698 -0.3324 0.3645 -0.8732 -0.4309 0.2278 -0.3934 0.1042 0.9134 -0.7323 -0.2849 0.6185 -0.8744 -0.4138 0.2534 -0.8118 -0.4182 -0.4075 -0.4353 -0.2288 -0.8707 -0.8859 -0.4518 0.1051 -0.4922 -0.0329 -0.8699 -0.8909 -0.3283 -0.3139 -0.8972 -0.0174 -0.4412 0.7066 -0.0781 -0.7033 0.3086 -0.4613 -0.8318 0.577 -0.6728 -0.463 -0.5222 -0.6584 -0.542 -0.9457 -0.3156 -0.0782 -0.8754 -0.3923 -0.2826 -0.8806 -0.3051 0.3626 0.7108 -0.2119 -0.6707 0.5409 -0.211 -0.8142 -0.2032 -0.1816 0.9622 -0.9225 -0.363 0.1314 -0.1717 0.0415 0.9843 0.4733 -0.0868 0.8766 0.8847 -0.2604 0.3867 0.9347 -0.3515 -0.0524 0.7245 -0.4371 -0.5329 0.9185 -0.385 -0.0904 0.4937 -0.1923 -0.8481 0.1193 -0.0404 -0.992 -0.3765 -0.0328 -0.9258 0.3386 -0.2277 -0.913 0.3525 0.0943 -0.9311 0.9482 -0.184 -0.2589 0.9867 0.1533 0.0534 0.5434 -0.4871 -0.6837 0.2544 -0.6007 -0.7579 -0.0244 -0.5956 -0.8029 -0.4891 -0.0295 -0.8717 -0.4529 -0.1765 -0.8739 -0.649 -0.0232 -0.7604 -0.3956 -0.1241 -0.91 -0.0882 -0.2887 -0.9534 -0.2546 -0.0939 -0.9625 0.2607 -0.3306 -0.907 0.6531 -0.3981 -0.6441 0.8797 -0.3864 -0.2771 0.215 -0.2187 -0.9518 0.5384 -0.347 -0.7679 0.8513 -0.4109 -0.3264 0.3815 -0.2655 -0.8854 0.3313 -0.2727 -0.9033 0.469 -0.3179 -0.824 0.3943 -0.3182 -0.8621 0.9417 -0.3328 -0.0487 0.897 -0.3735 -0.2363 0.6215 -0.4575 -0.636 0.2122 -0.3918 -0.8952 -0.3933 -0.2646 -0.8805 -0.1524 -0.6842 -0.7132 0.6036 -0.7949 0.061 0.7999 -0.5752 -0.1711 0.8495 -0.4177 -0.3223 0.9241 -0.3811 -0.0282 0.7616 -0.6299 0.1523 0.9375 -0.2924 -0.1884 0.4734 -0.6272 0.6185 -0.439 -0.2589 0.8604 -0.0174 -0.3816 0.9242 -0.4883 -0.041 0.8717 -0.6082 -0.1094 0.7862 -0.6832 -0.0813 0.7257 -0.8599 -0.0486 0.5082 -0.901 -0.0186 0.4334 -0.8368 -0.4802 0.2631 -0.4811 -0.5957 0.6432 -0.6435 -0.6196 0.4496 -0.2159 -0.5147 0.8297 0.1137 -0.3014 0.9467 0.4839 -0.0131 0.875 -0.3085 -0.0316 0.9507 0.2214 -0.2077 0.9528 0.3935 -0.3015 0.8685 -0.079 -0.1715 0.982 0.0089 -0.2497 0.9683 0.6105 -0.3794 0.6953 0.8159 -0.4019 0.4158 0.6387 -0.4299 0.6382 0.5265 -0.3406 0.7789 0.837 -0.3852 0.3886 0.9431 -0.3199 0.0907 0.939 -0.3046 -0.1596 0.5344 -0.0939 -0.84 0.9583 -0.1914 -0.2119 0.9056 -0.2219 -0.3614 0.4121 -0.0574 -0.9093 0.9287 -0.0988 -0.3576 0.1621 -0.0402 -0.986 0.001 0.1254 -0.9921 0.8374 0.0737 -0.5416 0.9637 -0.1715 -0.2048 0.9985 -0.0276 0.0466 0.9313 0.3612 0.0472 0.9831 -0.0797 0.1649 0.9041 -0.1081 0.4133 0.9621 -0.1688 -0.2143 0.9643 -0.1768 0.1971 0.7842 -0.018 0.6202 0.3156 0.0955 0.9441 0.6624 0.5032 0.5549 0.1374 0.8886 0.4376 0.1013 0.3863 0.9168 -0.006 0.7067 0.7075 -0.3488 0.1924 0.9172 -0.2794 0.6527 0.7042 0.2953 0.9431 0.1528 0.5782 0.8159 0.0022 0.7307 0.68 0.0617 0.9872 0.0637 0.1462 0.8991 0.4373 -0.0177 0.6127 0.7903 0.0074 0.7739 0.528 -0.3497 0.8315 -0.2181 0.511 0.8481 -0.0475 -0.5277 0.004 0.5115 -0.8593 -0.2266 0.304 -0.9253 -0.4564 -0.1822 -0.8709 -0.9651 0.0938 -0.2447 -0.8553 0.2697 -0.4423 -0.167 0.0207 -0.9857 -0.495 0.1592 -0.8542 0.2441 -0.093 -0.9653 0.672 -0.2063 -0.7112 0.7547 -0.3291 -0.5676 0.9158 -0.3414 -0.2115 0.8961 -0.4038 0.1844 0.616 -0.3319 0.7144 0.0176 -0.1739 0.9846 0.3748 -0.2286 0.8985 0.8398 -0.4027 0.3641 0.3127 -0.288 0.9051 0.523 -0.38 0.7629 0.9367 -0.3336 0.1062 0.9266 -0.3669 0.0825 0.1646 -0.1696 0.9717 0.62 -0.2765 0.7343 0.1907 -0.076 0.9787 0.8709 -0.4082 0.2737 0.8963 -0.4154 0.1554 0.8953 -0.4257 0.1315 0.865 -0.4246 0.2673 0.8994 -0.3227 0.2948 0.5527 -0.0817 0.8294 0.6867 -0.0871 0.7217 0.8866 -0.3757 0.2699 0.898 -0.3805 0.2212 0.8545 -0.4903 -0.1714 0.9066 -0.3916 0.1572 0.8911 -0.4511 0.0502 0.9731 -0.1987 0.1165 0.703 -0.4487 -0.5518 0.8351 -0.4222 -0.3527 0.7299 -0.276 0.6254 0.3754 -0.4767 0.7949 0.0027 -0.8443 0.5358 -0.1569 -0.9582 0.2394 -0.5811 -0.4971 -0.6443 0.0182 -0.9835 -0.1799 0.6927 -0.6862 0.2219 -0.5658 -0.8243 -0.0196 -0.9808 -0.195 0.0059 -0.7167 -0.5694 -0.4026 -0.759 -0.252 -0.6004 -0.7791 -0.0419 -0.6255 -0.8905 -0.2971 -0.3445 -0.9597 -0.2754 0.0555 -0.5896 -0.7124 -0.3805 -0.9105 -0.3527 0.2157 -0.6677 -0.539 0.5134 -0.5455 -0.4542 -0.7044 -0.2681 -0.6554 -0.7061 0.6469 -0.7141 0.2676 0.9459 -0.2658 0.186 0.5417 -0.8205 -0.1825 0.3973 -0.8755 -0.275 -0.4705 0.0873 -0.8781 -0.9542 0.2986 -0.0178 -0.645 0.6717 -0.3644 -0.0721 0.8382 -0.5406 0.9547 -0.2968 0.0228 0.5713 -0.0678 -0.8179 0.5072 -0.1871 0.8413 0.3089 0.93 0.1991 -0.0718 0.963 0.2597 -0.5375 0.7754 0.3313 -0.6514 0.5868 0.481 0.4079 0.8264 0.3881 0.1339 0.4835 0.865 0.0548 0.511 0.8578 -0.7245 0.2175 0.6541 0.2324 0.7662 0.5992 -0.9066 0.1547 0.3926 0.199 0.9567 0.2124 0.1067 0.9726 0.2066 -0.3402 0.8872 0.3115 -0.638 0.7449 0.195 -0.7436 0.6027 0.2894 0.346 0.7404 0.5763 -0.98 0.0333 0.196 -0.8294 0.0799 0.553 -0.6019 0.7845 0.1493 -0.7935 0.5972 0.117 -0.7774 0.3742 0.5056 0.146 0.8585 0.4916 -0.0539 0.8633 0.5018 -0.2 0.7931 0.5753 -0.3455 0.7949 0.4988 -0.4544 0.7123 0.535 -0.7094 0.3927 0.5853 0.3412 0.607 0.7177 0.1262 0.6685 0.7329 -0.0129 0.6914 0.7223 -0.2859 0.6189 0.7316 -0.4507 0.5477 0.705 -0.5427 0.515 0.6635 -0.5969 0.4475 0.6659 -0.7778 0.2715 0.5669 0.0055 0.4979 0.8672 -0.1385 0.5597 0.8171 -0.1181 0.653 0.7481 -0.5184 0.3955 0.7581 -0.0339 0.8952 0.4444 -0.1021 0.9106 0.4006 -0.4238 0.69 0.5868 -0.5496 0.5336 0.6428 -0.8029 0.5097 0.3092 -0.8649 0.3419 0.3675 0.372 0.4267 0.8243 -0.2959 0.9483 0.1147 0.2646 0.8873 0.3777 0.122 0.991 -0.0547 -0.3743 0.9049 0.2027 -0.6484 0.6229 0.4377 -0.8208 0.4553 0.3449 -0.925 0.2921 0.243 -0.9965 0.0039 0.0834 -0.9432 0.0276 0.3312 -0.8192 0.1703 0.5477 -0.8959 0.3161 0.3123 -0.9707 0.134 0.1992 -0.9761 0.0423 0.213 -0.79 0.108 0.6036 -0.5226 0.8075 0.2737 -0.9099 0.3634 0.2003 -0.2897 0.7128 -0.6388 -0.7775 0.6219 0.0938 -0.652 0.399 -0.6448 -0.7554 0.1826 -0.6293 0.4412 0.8935 0.0832 0.3219 0.9459 0.0404 0.0763 0.7893 -0.6092 -0.0467 0.7571 -0.6516 -0.165 0.9799 0.1118 -0.4876 0.8645 0.1221 -0.7334 0.6715 0.1055 -0.8255 0.5364 0.1755 -0.6861 0.2998 -0.6629 -0.7622 0.1122 -0.6375 -0.2677 -0.1806 -0.9464 -0.4154 -0.1938 -0.8887 0.9422 -0.2455 -0.2279 0.8628 -0.3474 -0.3674 0.8645 -0.4344 -0.2528 0.7158 -0.6627 -0.2203 0.5749 -0.7368 -0.3558 0.1328 -0.8975 -0.4206 -0.4149 -0.8359 -0.3593 -0.5568 -0.6661 -0.4963 -0.8717 -0.4252 -0.2434 0.6359 -0.2787 -0.7197 0.3552 -0.1926 -0.9147 0.1179 -0.1709 -0.9782 0.1791 -0.7489 -0.638 0.1216 -0.9692 -0.2142 -0.7837 -0.5451 -0.2978 -0.0014 -0.948 -0.3182 0.5786 -0.3055 -0.7562 0.3873 -0.3399 -0.857 0.2037 -0.3527 -0.9133 0.1238 -0.4012 -0.9076 -0.0251 -0.3879 -0.9213 -0.1769 -0.3723 -0.9111 -0.3579 -0.3485 -0.8663 -0.6384 -0.3393 -0.6909 0.7234 -0.5209 -0.4531 0.6138 -0.5866 -0.5284 0.4102 -0.7036 -0.5803 0.1449 -0.6618 -0.7356 -0.138 -0.81 -0.5699 -0.3078 -0.6373 -0.7064 -0.7092 -0.5618 -0.426 0.8276 -0.2454 -0.5049 0.933 -0.3398 -0.1182 0.332 -0.634 -0.6984 -0.2675 -0.8491 -0.4555 0.0467 0.034 -0.9983 -0.0416 0.017 -0.999 0.4137 -0.8049 -0.4256 -0.1342 -0.091 -0.9868 0.4147 -0.5728 -0.707 -0.099 -0.1811 -0.9785 0.1949 -0.1135 -0.9742 0.6451 -0.1574 -0.7477 0.8831 -0.144 -0.4465 0.9624 -0.0944 -0.2546 0.9867 -0.1185 -0.1115 0.9827 -0.1456 -0.114 0.1694 -0.7006 -0.6931 0.0794 -0.7384 -0.6697 0.1715 -0.7464 -0.643 0.5034 -0.5858 -0.6352 0.5899 -0.7931 -0.1519 0.7018 -0.7095 -0.0647 0.9868 -0.151 -0.058 0.0983 -0.0045 -0.9951 0.3143 -0.0374 -0.9486 0.0144 -0.107 -0.9942 0.9654 -0.1854 -0.1831 0.2836 0.2826 0.9164 0.7155 -0.3194 0.6213 -0.5157 0.2615 0.8159 -0.2894 0.2537 0.923 -0.1107 0.2982 0.9481 0.0762 0.4432 0.8932 -0.7756 0.4276 0.4643 -0.4886 0.7187 0.4947 -0.1729 0.9176 0.358 0.0578 0.9524 0.2994 -0.9335 0.2373 0.2687 0.0829 0.245 0.966 0.1969 0.1481 0.9692 -0.9363 0.2408 0.2556 0.8399 -0.2419 0.4859 0.9458 -0.0932 0.3111 0.675 0.7372 0.0318 0.9883 -0.1294 0.081 0.4922 0.2541 0.8326 -0.797 0.3291 0.5065 -0.5447 0.3908 0.742 -0.3038 0.4678 0.83 -0.0692 0.5117 0.8563 0.3155 0.4675 0.8258 0.6339 0.4338 0.6403 -0.2544 0.7593 0.599 0.0539 0.7793 0.6243 0.3177 0.7454 0.586 0.5396 0.7181 0.4395 0.7749 0.5772 0.2575 0.5518 -0.4577 0.6971 0.0696 0.0895 0.9936 -0.0369 0.1513 0.9878 -0.1404 0.1403 0.9801 -0.7356 0.1868 0.6511 -0.6753 -0.6186 0.4016 0.0389 -0.0397 0.9985 -0.2166 -0.6791 0.7014 0.643 -0.384 0.6627 -0.9352 0.2854 0.2096 0.0096 0.0045 0.9999 -0.13 0.0277 0.9911 -0.3775 0.1011 0.9205 -0.4891 -0.6205 0.613 0.0125 -0.0638 0.9979 -0.7604 -0.6215 0.1887 0.0206 -0.7104 0.7035 -0.0762 -0.6984 0.7116 0.3578 -0.73 0.5823 -0.9703 -0.0267 0.2404 -0.976 -0.0089 0.2178 -0.9248 0.1022 0.3664 -0.9001 0.0045 0.4357 -0.6007 -0.7863 0.1444 -0.6147 -0.7742 -0.151 -0.6567 -0.3083 -0.6882 -0.9402 -0.1491 0.3061 -0.9819 -0.0946 0.1639 -0.9989 -0.0003 0.0475 -0.9977 0.0069 0.0675 0.7197 -0.6576 -0.2229 0.7547 -0.6257 -0.1973 0.6974 -0.5887 -0.4087 0.6026 -0.4456 -0.662 0.6408 -0.0381 -0.7667 -0.8722 -0.3645 -0.3261 -0.6232 -0.6258 -0.469 -0.5159 -0.2832 -0.8085 -0.7187 -0.238 -0.6534 0.0815 -0.7364 -0.6716 -0.7535 -0.1206 -0.6462 -0.2192 -0.9011 -0.3742 -0.3303 -0.4888 -0.8074 -0.188 -0.3708 -0.9095 -0.0523 -0.7086 -0.7037 -0.4214 -0.898 -0.1266 -0.6272 -0.167 -0.7607 -0.5442 -0.4481 -0.7092 -0.6837 -0.3593 -0.6351 -0.3193 -0.4165 -0.8512 -0.3962 -0.7377 -0.5467 -0.8046 -0.4843 -0.3435 -0.7012 -0.6604 -0.2686 -0.6005 -0.7453 -0.2897 -0.4913 -0.7274 -0.4791 0.7884 0.4571 0.4117 0.4131 0.8491 0.3292 0.5224 0.2873 0.8028 0.4275 0.3509 0.8332 0.8153 -0.3826 0.4347 0.5774 0.6943 0.4297 0.9066 -0.1335 0.4004 0.4275 0.6185 -0.6593 0.7672 0.6239 0.1485 0.7583 0.5513 0.3481 0.6829 0.7084 0.1783 0.9344 -0.2837 0.2152 0.8407 -0.3981 0.367 0.9955 -0.0915 -0.0227 0.7061 0.1676 0.688 0.6676 0.427 0.6099 0.5533 0.4758 -0.6837 -0.2724 -0.5868 -0.7625 -0.0858 -0.6548 -0.751 -0.01 -0.6362 -0.7714 0.2734 -0.6261 -0.7302 0.5183 -0.4538 -0.7249 0.6961 0.0003 -0.7179 0.9762 0.0929 -0.1961 0.6851 -0.0025 -0.7284 0.0932 -0.866 -0.4912 -0.4551 -0.4634 -0.7604 -0.3293 -0.5899 -0.7373 -0.1905 -0.6212 -0.7602 0.175 -0.6409 -0.7474 0.4012 -0.525 -0.7506 0.5719 -0.3153 -0.7573 0.7575 0.0601 -0.6501 0.6956 0.0004 -0.7185 0.3053 0.6748 -0.6719 0.1219 0.7377 -0.664 -0.158 0.715 -0.681 -0.5206 0.4771 -0.708 -0.7068 -0.0028 -0.7074 0.7672 0.0687 -0.6377 -0.3858 0.6108 -0.6914 -0.4903 0.5722 -0.6575 0.464 0.5531 -0.6919 0.1013 0.1767 -0.979 0.9563 0.0261 -0.2912 0.9855 -0.0267 -0.1674 0.9192 -0.1564 -0.3615 0.9556 -0.016 -0.2942 0.8791 -0.0532 -0.4736 0.6001 -0.2221 -0.7684 0.1191 -0.9901 -0.0745 0.3369 -0.9321 -0.1332 0.46 -0.8804 -0.115 0.6401 -0.7511 -0.1617 0.7867 -0.602 -0.137 0.9246 -0.3249 -0.1987 0.5966 -0.0944 -0.797 -0.2387 -0.8476 -0.4739 0.733 -0.2561 -0.6302 -0.1902 -0.5183 -0.8338 0.7502 -0.1863 -0.6345 0.8427 -0.2597 -0.4716 -0.0301 -0.6081 -0.7933 -0.0128 -0.7863 -0.6177 0.3195 -0.8088 -0.4937 0.8181 -0.4448 -0.3645 -0.0377 -0.9399 -0.3395 0.2457 -0.8889 -0.3866 0.5141 -0.7645 -0.3889 0.712 -0.5371 -0.4522 0.8364 -0.4002 -0.3744 -0.0907 -0.7281 -0.6795 0.1487 -0.6714 -0.726 0.3325 -0.7076 -0.6235 0.5527 -0.5991 -0.5793 0.8717 -0.1608 -0.4628 0.3479 -0.5398 -0.7665 0.5612 -0.4138 -0.7168 0.026 -0.6959 -0.7177 0.219 -0.5934 -0.7745 0.5124 -0.6449 -0.567 0.6324 -0.3823 -0.6738 -0.1564 -0.5917 -0.7908 -0.3478 -0.8491 -0.3976 -0.2252 -0.97 -0.0912 -0.0002 -0.9412 -0.3377 0.0072 -0.4359 -0.9 0.0162 -0.1175 -0.9929 0.1726 -0.5257 -0.833 0.7213 -0.0926 -0.6864 0.729 -0.1283 -0.6723 0.969 -0.2428 -0.0467 0.9305 -0.2715 -0.2458 0.973 -0.2298 0.0235 0.9686 -0.2373 0.0747 0.6339 -0.1665 -0.7553 0.1447 -0.0369 -0.9888 -0.6414 0.1915 -0.7429 -0.2003 0.0729 -0.977 0.1201 -0.0388 -0.992 0.8973 -0.4119 -0.1586 0.9099 -0.4132 0.0359 0.9151 -0.3789 0.1381 0.8221 -0.5431 0.1708 0.7123 -0.4448 0.5429 0.3936 -0.3279 0.8588 0.7318 -0.6769 0.0791 0.6319 -0.5457 0.5504 0.4776 -0.5575 0.6791 0.1348 -0.1718 0.9759 0.6139 -0.7877 0.0519 0.6185 -0.7855 -0.0226 0.6268 -0.7779 -0.0443 0.0997 -0.111 -0.9888 0.434 -0.6771 -0.5944 0.4746 -0.8333 -0.2833 0.466 -0.8188 0.3353 0.4142 -0.6653 0.6211 0.0482 -0.0452 0.9978 -0.0367 0.1082 0.9934 0.0047 0.1411 0.99 -0.0181 0.114 0.9933 -0.1313 0.1867 0.9736 -0.2685 0.4605 0.8461 -0.4083 0.7949 0.4488 -0.3887 0.8545 0.3447 -0.4035 0.8196 -0.4068 -0.376 0.8454 -0.3793 -0.3131 0.8784 0.3611 -0.193 0.4638 0.8646 -0.229 0.8599 0.4563 -0.2151 0.9723 0.0916 -0.1796 0.9815 -0.0659 -0.2742 0.8651 -0.42 -0.1689 0.5995 -0.7823 -0.0741 0.3629 -0.9289 0.1101 -0.194 -0.9748 -0.0615 0.1867 -0.9805 -0.0835 0.5368 -0.8396 -0.0246 0.2329 -0.9722 -0.006 0.1758 -0.9844 -0.1078 0.9804 -0.1651 -0.0523 0.8277 -0.5588 0.0178 0.6759 -0.7368 0.0054 0.1579 -0.9874 0.0883 0.9165 -0.3901 -0.0029 0.9755 -0.2198 0.0392 0.909 0.415 0.1142 0.9027 0.4148 0.2196 0.9099 -0.3519 0.0232 0.1214 -0.9923 0.1056 0.4377 -0.8929 0.0482 0.183 -0.9819 0.0366 0.0894 -0.9953 0.0636 0.0892 -0.994 -0.086 -0.1254 -0.9884 0.1013 0.168 -0.9806 -0.0183 -0.1009 -0.9947 -0.0072 -0.1395 -0.9902 0.0187 -0.118 -0.9928 0.0552 -0.1618 -0.9853 0.217 0.5812 -0.7843 -0.1176 -0.1255 -0.9851 -0.1268 -0.0863 -0.9882 -0.4367 -0.2788 -0.8553 -0.0172 -0.0224 -0.9996 -0.9031 -0.3029 -0.3042 -0.9585 -0.2848 -0.0134 -0.7595 -0.4438 0.4756 -0.7931 -0.6077 0.0405 -0.713 -0.6841 -0.1537 -0.7122 -0.6729 0.2 -0.8148 -0.5631 -0.1375 -0.891 -0.4538 -0.0106 -0.7761 -0.4446 -0.4471 -0.5455 -0.4402 -0.7132 -0.5651 -0.4861 -0.6666 -0.275 -0.3255 -0.9047 -0.3852 -0.4258 -0.8187 -0.631 -0.7714 0.0823 -0.0865 -0.149 -0.985 -0.5469 -0.7674 -0.3346 -0.3701 -0.7243 -0.5817 -0.5122 -0.858 -0.0383 -0.3319 -0.9422 0.0452 -0.501 -0.8647 -0.0355 -0.2892 -0.9555 0.0584 -0.2504 -0.5418 0.8023 -0.4156 -0.7383 0.5312 -0.4774 -0.8778 -0.0399 -0.5593 -0.8289 -0.0034 -0.5937 -0.5939 0.543 -0.3834 -0.4151 0.825 -0.6422 -0.5471 0.5369 -0.1545 -0.1086 0.982 0.0505 0.1383 0.9891 -0.0976 -0.1216 0.9878 0.2211 0.6442 0.7322 -0.1723 -0.1557 0.9727 0.0845 0.1068 0.9907 -0.0803 -0.1746 0.9814 0.0496 0.1631 0.9854 0.0842 0.1491 0.9852 0.0129 -0.1133 0.9935 -0.3187 -0.4148 0.8523 -0.0237 -0.1487 0.9886 -0.0112 -0.1979 0.9802 0.0403 -0.1628 0.9858 0.0269 0.1114 0.9934 0.07 0.4994 0.8636 0.006 0.1115 0.9937 0.1979 0.6569 0.7275 0.1575 0.6203 0.7684 0.347 0.9001 0.2633 0.3945 0.8622 0.3178 0.3993 0.7339 0.5494 0.3666 0.6128 0.7001 0.5328 0.7796 0.3293 0.2913 0.4195 0.8598 0.506 0.6203 0.5993 0.3756 0.3761 0.847 0.6447 0.6991 0.3092 0.6718 0.597 0.4386 0.7073 0.69 0.1539 0.1875 0.1724 -0.967 0.3258 0.2045 -0.9231 0.5241 0.5769 -0.6265 0.5438 0.4463 -0.7107 0.7765 0.6125 -0.1482 0.7167 0.6621 -0.2192 0.8491 0.5282 -0.002 0.7702 0.6214 0.1441 0.7393 0.5607 0.373 0.875 0.4838 -0.0162 0.1958 0.1735 0.9652 -0.1 -0.0637 0.993 0.3695 0.2873 0.8837 0.6693 0.4378 0.6003 0.8111 0.5756 0.1034 0.7959 0.4552 0.3992 0.3207 0.1607 0.9335 0.8661 0.4396 0.238 0.4597 0.2235 0.8595 0.8474 0.3187 0.4247 0.4904 0.1782 0.8531 0.1445 0.0639 0.9874 0.9169 0.3905 0.0821 0.8395 0.38 -0.3883 0.5386 0.2827 -0.7937 0.3569 0.0767 -0.931 0.4232 0.0287 -0.9056 0.6606 0.0527 -0.7489 0.9196 0.112 -0.3764 0.9997 0.0223 0.0108 0.4876 0.0222 0.8728 0.8534 0.2933 0.431 0.4961 -0.0278 0.8678 0.6323 0.062 0.7722 0.525 0.2406 0.8164 0.8138 0.1993 0.5458 0.8767 0.4274 0.2208 0.8948 0.3373 0.2924 0.9139 0.2613 0.3107 0.8983 0.3908 0.2007 0.8739 0.4809 0.0712 0.8719 0.4862 0.0581 0.9149 0.3787 0.14 0.929 0.2645 0.2587 0.9427 0.3075 0.1294 0.9302 0.3636 0.0501 0.897 0.4403 0.0401 0.9816 -0.1901 -0.0164 0.9646 0.1849 -0.1882 0.9378 0.3401 -0.0697 0.9076 0.3725 -0.1936 0.8888 0.4258 -0.1696 0.8824 0.4232 -0.2058 0.8196 0.3 -0.4882 0.8509 0.2907 -0.4376 0.8858 0.1733 -0.4305 0.8717 0.222 -0.4369 0.8949 0.4405 -0.0711 0.8723 0.4875 0.0375 0.8831 0.0189 0.4688 0.7465 0.5204 -0.4147 0.0698 0.047 -0.9965 0.3992 0.2247 -0.8889 0.073 0.0132 -0.9972 0.8144 0.3833 -0.4357 0.5523 0.2384 -0.7988 0.8745 0.3361 -0.3498 0.4558 0.1598 -0.8756 0.8242 0.4178 0.3824 0.9305 0.3493 0.11 0.9075 0.3761 0.1869 0.419 0.4399 0.7943 0.9595 0.2808 0.0236 0.8796 0.2617 -0.3973 0.9291 0.3601 0.0846 0.953 0.2527 0.1669 0.8787 0.1348 -0.4579 0.3883 0.059 -0.9196 0.9249 0.1048 0.3655 0.9926 -0.1215 0.0076 0.7869 -0.6171 -0.0037 0.9254 -0.2252 -0.3049 0.6535 -0.4396 -0.6161 0.534 -0.0703 -0.8425 0.4429 -0.8502 -0.2847 0.1134 -0.7674 -0.631 -0.0018 -0.4868 -0.8735 0.1074 -0.9887 -0.105 -0.1034 -0.9946 -0.0002 -0.1972 -0.9035 -0.3805 0.0057 -0.8701 -0.4929 -0.3365 -0.3808 -0.8612 -0.7178 -0.5025 -0.4819 -0.9009 -0.2377 -0.3632 -0.8797 -0.4755 0.0018 -0.9003 -0.1299 -0.4153 -0.9528 -0.2423 0.1832 -0.9874 -0.1582 -0.0039 -0.8585 -0.4835 0.1707 -0.7343 -0.3861 0.5583 -0.198 -0.7802 0.5933 -0.2099 -0.9715 0.1099 -0.0097 -0.8909 0.4541 0.0069 -0.9122 0.4097 -0.1782 -0.2901 0.9403 -0.1441 -0.0253 0.9892 -0.6689 -0.083 0.7387 0.3007 0.0322 0.9532 -0.96 -0.147 0.2381 -0.97 -0.2148 0.1138 -0.5044 -0.1913 0.842 0.3675 0.0979 0.9249 0.8453 0.1561 0.511 0.8636 0.2838 0.4168 0.9466 0.317 -0.0589 0.8278 0.4669 -0.3111 0.8251 0.5222 -0.2156 0.6996 0.5971 -0.3924 -0.201 0.9785 0.0458 -0.6064 0.5011 -0.6174 -0.2573 0.7797 0.5709 0.2573 0.8778 0.4042 -0.7752 0.3933 0.4944 -0.4773 0.3428 0.8091 -0.8283 0.0133 0.5602 -0.0544 0.4085 0.9112 -0.5798 0.0911 0.8097 -0.406 -0.0111 0.9138 -0.1631 0.6264 0.7623 -0.7979 0.0219 0.6024 0.5538 0.6289 0.5457 0.1439 0.0478 0.9884 -0.0743 -0.0253 0.9969 0.6644 0.3334 0.6689 0.7195 0.3718 0.5866 0.5496 0.3497 0.7587 0.8663 0.3977 0.3021 0.1819 0.3048 0.9349 0.5676 0.609 0.5541 0.3801 0.9106 -0.162 0.907 0.4197 -0.0354 -0.0865 0.498 0.8629 0.8841 0.3638 0.2932 0.9107 0.4105 0.045 0.0243 0.5368 0.8433 0.853 0.3875 0.3496 0.7199 0.2395 0.6515 0.844 0.4529 -0.2873 0.8816 0.4483 0.1475 0.8718 0.3011 0.3863 0.7442 0.6193 -0.2502 -0.4018 -0.0259 -0.9154 -0.4057 0.0165 -0.9138 -0.5513 0.0926 -0.8292 -0.0736 0.6336 -0.7702 -0.6432 0.2078 -0.737 -0.5384 0.7743 -0.3326 -0.9534 0.1161 -0.2784 -0.7187 0.624 -0.3067 -0.6996 0.6638 0.2645 -0.8424 0.4659 0.2706 -0.8884 0.103 0.4473 0.0491 0.586 -0.8088 0.8602 0.4091 -0.3044 -0.496 0.1233 -0.8595 0.0993 0.3911 -0.915 0.1552 0.3097 -0.9381 0.836 0.411 -0.3636 0.8735 0.3789 -0.3057 0.3556 0.3165 -0.8794 0.892 0.3933 -0.223 0.7235 0.3862 -0.5721 0.4886 0.3447 -0.8016 0.2239 0.2343 -0.946 0.2438 0.2184 -0.9449 0.3121 0.2085 -0.9269 0.3244 0.2639 -0.9083 0.1545 0.2038 -0.9668 -0.1674 0.1288 -0.9774 -0.3363 0.1131 -0.9349 0.4003 0.2176 -0.8902 0.7659 0.3805 -0.5183 0.6459 0.3563 -0.6752 0.8753 0.4037 -0.2661 0.3883 0.0463 0.9204 -0.0129 -0.1362 0.9906 0.2453 -0.2115 0.9461 0.5572 0.038 0.8295 0.274 -0.4926 0.826 0.1097 -0.87 0.4807 -0.0235 -0.4931 0.8696 0.7413 -0.623 0.2498 0.1742 -0.9068 0.3839 0.9446 -0.1688 0.2815 -0.8734 -0.3413 0.3474 -0.1487 -0.0645 0.9868 -0.6891 -0.3757 0.6196 -0.4651 -0.2076 0.8606 -0.4607 -0.8875 -0.0055 -0.4418 -0.8258 0.3505 -0.5824 -0.8089 0.081 -0.6716 -0.7409 0.0003 -0.5503 -0.8349 0.0042 -0.4051 -0.8974 -0.1748 -0.7443 -0.6605 -0.0987 -0.9469 -0.3154 -0.0633 -0.9063 -0.2246 -0.3581 -0.4309 -0.1436 -0.8909 -0.5544 -0.1345 -0.8213 -0.0971 -0.0277 -0.9949 0.2058 0.0479 -0.9774 0.8196 0.1601 -0.5501 -0.3132 -0.0696 -0.9472 0.1688 -0.249 -0.9537 -0.0012 -0.1298 -0.9915 -0.0085 -0.2386 -0.9711 -0.367 -0.0421 -0.9293 0.5395 0.0487 -0.8406 0.5217 0.5887 -0.6175 0.5596 0.7322 -0.3883 0.2957 0.4013 -0.8669 0.5167 0.7258 -0.4541 0.4457 0.72 -0.5319 0.3858 0.7214 -0.5751 0.1512 0.3223 -0.9345 0.299 0.7693 -0.5646 0.15 0.4427 -0.884 0.3053 0.9264 -0.2203 0.2621 0.9438 0.2012 0.1775 0.9819 0.0659 0.1637 0.9574 -0.238 0.1884 0.9003 0.3923 0.0489 0.5347 0.8436 -0.0133 0.4839 0.875 -0.0112 0.1292 0.9916 -0.031 0.9236 0.3821 -0.0734 0.989 0.1287 -0.1122 0.9615 0.2509 -0.06 0.5544 0.8301 -0.1027 0.4287 0.8976 -0.1575 0.9149 0.3717 -0.2162 0.9483 0.2323 -0.1396 0.9569 -0.2548 -0.195 0.896 -0.3988 -0.1159 0.4531 0.8839 0.1957 0.7147 -0.6715 0.112 0.3936 -0.9124 0.4969 0.8471 -0.1882 0.5513 0.8182 -0.1631 0.6424 0.7583 -0.1108 0.0891 0.1674 0.9818 0.2693 0.5671 0.7784 -0.4597 -0.5876 0.6659 -0.2805 -0.7628 0.5826 -0.1768 -0.7318 0.6582 -0.1997 -0.9342 0.2955 -0.0757 -0.2344 0.9692 -0.0836 -0.9885 0.1263 -0.1471 -0.818 0.5561 -0.0932 -0.7032 0.7049 0.0492 -0.9974 0.0535 -0.1271 -0.9916 0.0232 0.0006 -0.7775 0.6288 0.0256 -0.4461 0.8946 0.056 -0.4934 0.868 0.0752 -0.917 0.3917 0.1685 -0.9823 0.0813 0.353 -0.9348 0.0392 0.2292 -0.9532 0.1974 0.2777 -0.8085 0.5188 0.3924 -0.893 0.2205 0.2718 -0.6788 0.6822 0.0464 -0.0987 0.994 0.2429 -0.4638 0.852 0.196 -0.4485 0.872 0.0998 -0.5553 0.8256 0.1752 -0.8704 0.4601 0.3339 -0.9279 -0.1658 0.3118 -0.9446 -0.1028 0.211 -0.8072 -0.5512 0.1679 -0.6825 -0.7113 0.2612 -0.6668 -0.698 0.0529 -0.1066 -0.9929 0.2506 -0.4938 -0.8327 0.3876 -0.8404 -0.3788 0.4111 -0.8983 -0.1548 0.237 -0.4137 -0.879 0.1438 -0.9147 -0.3777 0.1969 -0.9638 -0.1795 0.1786 -0.9771 -0.1158 0.0744 -0.9684 -0.2379 0.0763 -0.4756 -0.8764 0.031 -0.7243 -0.6888 -0.0298 -0.9857 -0.1661 -0.0223 -0.4385 -0.8984 0.0207 -0.6481 -0.7613 -0.142 -0.9389 -0.3134 -0.0765 -0.9971 -0.0044 -0.0749 -0.6529 -0.7537 -0.1981 -0.9033 -0.3805 -0.2285 -0.9731 -0.029 -0.2756 -0.9431 -0.1858 -0.0648 -0.3515 -0.9339 -0.1059 -0.5048 -0.8567 -0.0685 -0.195 -0.9784 -0.2642 -0.6625 -0.7009 -0.2295 -0.6662 -0.7096 -0.3607 -0.8931 -0.2688 -0.2986 -0.6341 -0.7132 -0.8862 -0.4631 -0.0134 0.0971 0.5929 -0.7994 0.0399 0.4941 -0.8685 -0.1918 0.4687 -0.8623 -0.3361 0.8671 -0.3676 -0.3337 0.9343 -0.1252 -0.0789 0.1268 -0.9888 -0.1629 0.3274 -0.9307 -0.256 0.4488 -0.8562 -0.4621 0.8098 -0.3616 -0.5562 0.8128 -0.1731 -0.4561 0.7313 -0.5072 -0.5031 0.8359 0.2194 -0.5672 0.8204 0.0721 -0.2523 0.4067 0.878 -0.3583 0.4524 0.8167 -0.487 0.7171 0.4986 -0.5898 0.8007 0.1053 -0.5943 0.7305 0.3364 -0.6029 0.7757 -0.1865 -0.6441 0.7475 -0.1622 -0.4609 0.542 -0.7027 -0.4441 0.5951 -0.6698 -0.2746 0.4179 -0.866 -0.1156 0.1494 -0.982 -0.1207 0.135 -0.9835 0.2591 -0.2579 -0.9308 -0.2899 0.2552 -0.9224 -0.1106 0.0877 -0.99 -0.4339 0.3344 -0.8366 -0.7318 0.6657 -0.1458 -0.6139 0.5974 -0.516 -0.3687 0.3831 -0.8469 -0.6742 0.7089 -0.2073 -0.677 0.714 0.1786 -0.7188 0.6791 0.1487 -0.5278 0.6015 0.5997 -0.1598 0.1547 0.9749 0.1355 -0.1423 0.9805 0.2151 -0.1692 0.9618 -0.1372 0.1136 0.984 -0.1094 0.0711 0.9914 -0.5495 0.512 0.6602 -0.5626 0.4807 0.6726 -0.7717 0.6101 0.1797 -0.7132 0.5938 -0.3725 -0.7912 0.5992 -0.1227 -0.7848 0.5373 -0.3089 -0.4152 0.3135 -0.854 -0.8463 0.5326 0.0007 -0.8895 0.4495 0.0818 -0.9308 0.2772 0.2384 -0.897 0.4066 0.1736 -0.978 0.2079 -0.0177 -0.9045 0.0371 0.4249 -0.8603 0.2268 0.4566 -0.9508 0.017 0.3092 -0.9128 0.4039 0.0599 -0.9765 0.1777 0.1223 -0.9648 0.2611 0.0303 -0.9808 0.16 0.1112 -0.893 0.4497 0.016 -0.8764 0.4815 0.0095 -0.8784 0.477 -0.0284 -0.85 0.5262 -0.0237 -0.9008 0.4307 -0.0554 -0.9299 0.0846 -0.3579 -0.9597 0.1325 -0.2477 -0.8958 0.4336 -0.0978 -0.897 0.1795 -0.4039 -0.8946 0.419 -0.1553 -0.8278 0.5383 0.1582 -0.7375 0.4335 0.5179 -0.6997 0.4825 0.5269 -0.4555 0.3673 0.811 0.0573 -0.0659 0.9962 -0.3464 0.1847 0.9197 0.2096 -0.1009 0.9726 -0.3625 0.183 0.9138 -0.1782 0.0557 0.9824 0.1333 -0.0584 0.9894 -0.7848 0.3407 0.5177 -0.913 0.4071 0.0254 -0.9046 0.4011 -0.1441 -0.8849 0.4348 0.1672 -0.8133 0.4379 0.383 -0.8894 0.4459 -0.1007 -0.8811 0.4673 -0.0726 -0.8742 0.36 -0.3258 -0.8891 0.3266 -0.3208 -0.5947 0.057 -0.8019 -0.6905 -0.0559 -0.7212 -0.3994 0.1549 -0.9036 -0.0986 -0.1382 -0.9855 -0.0323 0.1176 -0.9925 -0.169 0.0688 -0.9832 0.2649 0.0493 -0.963 -0.107 0.1682 -0.9799 -0.6904 0.335 -0.6412 -0.1496 0.1339 -0.9796 -0.475 0.2845 -0.8327 -0.7197 0.3815 -0.58 -0.8203 0.4011 -0.4077 -0.8685 0.4246 -0.2558 -0.9091 0.3918 -0.1413 -0.9249 0.3716 -0.0803 -0.8658 0.4 -0.3008 -0.6829 0.3788 -0.6246 -0.8753 0.3935 -0.2811 -0.3808 0.3254 -0.8655 -0.7205 0.4057 -0.5624 -0.7909 0.4151 -0.4497 -0.4129 0.3831 -0.8263 -0.7368 0.4257 -0.5254 -0.1932 0.3966 -0.8974 0.4556 0.134 -0.88 0.4751 0.189 -0.8594 0.4305 0.1121 -0.8956 0.4234 0.0197 -0.9057 0.2536 0.1975 -0.947 -0.1941 0.4158 -0.8885 0.1664 0.1607 -0.9729 0.5133 0.1395 -0.8468 0.4597 0.3075 -0.8331 0.7782 0.1043 -0.6192 0.7324 0.3923 -0.5565 0.8642 0.4063 -0.2967 0.9141 -0.0001 -0.4055 0.9526 0.1455 -0.2672 0.8971 0.4253 0.12 0.9269 0.3444 -0.1492 0.8661 0.4893 -0.1025 0.8115 -0.3049 0.4984 0.8414 0.1867 0.5071 0.7003 0.6963 0.1574 0.4697 0.7126 0.5211 0.4828 0.2476 0.84 0.3649 0.7406 0.5642 0.4662 0.0226 0.8844 0.1538 0.4887 0.8588 0.2515 0.8628 0.4386 0.2023 0.9686 0.1445 -0.207 0.8035 0.5582 0.3508 0.9154 -0.1973 -0.0967 0.9896 -0.1062 -0.0434 0.9178 -0.3946 -0.3686 0.889 0.2716 0.4131 0.9089 0.0562 0.1507 0.9251 -0.3486 -0.6981 0.7115 -0.0805 -0.0106 0.9999 0.012 -0.7658 0.593 -0.2488 -0.5089 0.8546 0.1035 -0.9009 0.4339 -0.0144 -0.785 0.393 -0.4788 -0.9999 0.0064 -0.0118 -0.5046 0.3968 -0.7667 0.0897 0.5721 -0.8152 0.3988 0.5412 -0.7403 0.4336 0.7382 -0.5168 0.4406 0.8893 -0.1222 0.905 0.409 -0.1169 -0.4097 0.7988 -0.4405 -0.8136 0.4259 0.3957 -0.7414 0.279 0.6103 -0.501 0.2214 0.8367 -0.5158 0.0281 0.8563 -0.0334 0.4548 0.8899 0.0076 0.9606 0.2777 -0.4094 0.677 0.6116 -0.1363 0.0571 0.989 -0.0739 0.0905 0.9932 -0.1336 0.1392 0.9812 -0.3926 0.2379 0.8884 -0.6977 0.3498 0.6252 -0.634 0.2761 0.7224 -0.8895 0.4103 0.2011 -0.89 0.4365 -0.1321 -0.845 0.3798 -0.3764 -0.9196 0.3873 0.0662 -0.8719 0.4043 0.2764 -0.8377 0.4041 0.3673 -0.3183 0.2448 0.9158 -0.3936 0.3137 0.8641 -0.0942 0.1734 0.9803 -0.6979 0.3901 0.6007 -0.5624 0.3968 0.7255 -0.8658 0.3922 0.3108 -0.9308 0.3522 0.0982 -0.7709 0.402 0.494 -0.9356 0.3374 -0.1038 -0.5672 0.3994 0.7203 -0.8951 0.3715 0.2467 -0.9423 0.2882 -0.1705 -0.8274 0.2159 -0.5184 -0.9441 0.3154 0.096 -0.9697 0.209 -0.1264 -0.9465 0.3219 -0.0212 -0.8993 0.2485 0.3599 -0.9146 0.1664 0.3686 -0.8638 0.4969 0.0831 -0.6336 0.7692 -0.0831 -0.4764 0.8635 0.1655 -0.8993 0.3975 -0.1822 -0.4522 0.5397 -0.71 0.0333 0.8109 -0.5842 -0.1069 0.5276 -0.8428 0.5182 0.5596 -0.6468 0.1201 0.9775 -0.1736 0.9051 0.2886 0.3122 0.3456 0.7593 0.5514 0.475 0.3905 0.7886 -0.053 0.5133 0.8566 -0.5142 0.7058 0.4873 -0.9024 0.3993 0.1618 -0.5886 0.5757 0.5676 -0.8984 0.3834 0.2139 -0.509 0.4666 0.7233 0.2828 0.2353 0.9299 0.8151 0.0142 0.5791 0.7244 0.0732 0.6855 0.9102 0.082 0.4059 0.6024 0.0715 0.795 -0.3564 0.3785 0.8542 0.0848 0.1763 0.9807 -0.1268 0.2877 0.9493 0.3216 0.0243 0.9466 -0.374 0.2915 0.8804 -0.176 0.1975 0.9644 -0.1364 0.1524 0.9789 0.0379 0.1327 0.9904 0.0688 0.1449 0.987 -0.8078 0.4382 -0.3943 -0.9414 0.3272 -0.0824 -0.9339 0.3456 -0.092 -0.9344 0.3471 -0.0802 -0.928 0.3314 0.1705 -0.5493 0.2104 0.8087 -0.8176 0.2605 0.5135 -0.4928 0.1292 0.8605 -0.7034 0.1553 0.6936 -0.5997 0.0751 0.7967 -0.2029 0.0418 0.9783 0.1113 -0.0212 0.9936 0.0666 -0.0048 0.9978 -0.0052 -0.1767 0.9842 -0.1773 -0.1431 0.9737 -0.4037 0.0334 0.9143 -0.8922 0.118 0.4359 -0.7778 -0.1363 0.6135 -0.8168 0.029 0.5762 -0.9291 -0.3163 0.1915 -0.2445 -0.9425 0.228 -0.4901 -0.5935 0.6384 -0.8301 -0.5577 -0.0017 -0.6379 -0.7639 0.0979 -0.2255 -0.9742 0.0033 0.0006 -0.9885 0.1509 -0.0281 -0.7119 0.7017 -0.3828 0.0425 0.9229 0.0025 -0.5655 0.8248 -0.0058 -0.9564 0.2919 0.1024 -0.9811 -0.1639 0.2337 -0.8947 -0.3806 0.6622 -0.7389 -0.1247 0.3646 -0.9311 0.0133 0.6803 -0.7329 -0.002 0.8836 -0.4683 -0.0036 0.8143 -0.3659 -0.4506 0.4721 -0.2851 -0.8342 0.8603 -0.4257 0.2806 0.9788 -0.1161 0.1686 0.6583 -0.7147 0.2363 0.5391 -0.5061 0.6732 0.195 -0.9648 0.1766 0.4372 -0.8993 -0.0086 0.1762 -0.5777 0.797 0.2094 -0.1011 0.9726 0.4423 -0.0482 0.8956 0.9128 -0.1508 0.3796 0.9142 -0.3298 0.2354 0.8731 -0.2949 0.3882 0.6415 -0.2092 0.7381 0.3433 -0.1599 0.9255 0.331 -0.0753 0.9406 0.8349 -0.1222 0.5367 -0.9743 -0.2251 -0.006 -0.6157 -0.788 0.0002 -0.9535 -0.2955 -0.0592 -0.7569 -0.5649 -0.3286 -0.9783 -0.0925 -0.1854 -0.9799 0.0522 -0.1928 -0.7697 0.0717 -0.6343 -0.4252 0.0154 -0.905 -0.882 -0.1844 -0.4337 -0.7437 -0.153 -0.6508 -0.3472 -0.3117 -0.8845 -0.0706 -0.5581 -0.8267 -0.1704 0.0173 -0.9852 -0.1915 0.0232 -0.9812 -0.391 0.0687 -0.9178 -0.8181 0.1318 -0.5598 -0.9765 0.1316 -0.1706 -0.9888 0.0915 0.1179 -0.9946 -0.0296 0.0997 -0.8352 0.2867 -0.4693 -0.7532 0.3022 -0.5842 -0.4705 0.2314 -0.8515 -0.118 0.0675 -0.9907 -0.8113 0.4412 -0.3835 -0.8122 0.2992 0.5007 -0.5682 0.1407 0.8108 -0.8529 0.3987 0.337 -0.8913 0.4309 0.1412 -0.8813 0.461 0.1034 -0.6833 0.0816 0.7256 -0.854 0.3046 0.4218 -0.8753 0.4769 0.0806 -0.8793 0.4663 0.0973 -0.8554 0.5032 -0.1224 -0.7507 0.4542 -0.4798 -0.3124 0.1992 -0.9288 0.3154 -0.186 -0.9305 0.1208 -0.1032 -0.9873 0.3595 -0.3069 -0.8812 0.5871 -0.4597 -0.6664 0.6808 -0.6266 -0.3794 0.6343 -0.7091 -0.3081 0.7038 -0.7091 -0.042 0.8208 -0.5693 0.0464 0.9044 -0.3236 0.2781 0.881 -0.4715 -0.0383 0.7462 -0.4202 -0.5164 0.7238 -0.4905 -0.4853 0.0993 -0.0542 -0.9936 0.65 -0.2655 -0.7121 -0.9236 0.3733 0.0871 -0.009 0.1916 -0.9814 -0.0089 0.2527 -0.9675 -0.3675 0.2843 -0.8855 -0.323 0.3001 -0.8976 -0.3974 0.2903 -0.8705 0.0518 0.1244 -0.9909 -0.8453 0.3964 -0.3584 -0.5856 0.2044 -0.7844 -0.843 0.3732 -0.3873 -0.6525 0.2015 -0.7305 -0.904 0.2297 -0.3607 -0.8728 0.2479 -0.4204 -0.8794 0.4708 -0.071 0.0339 -0.557 -0.8298 -0.021 -0.6494 0.7601 -0.027 -0.6676 -0.744 0.308 -0.5995 -0.7388 -0.3369 -0.8265 -0.4511 -0.1992 -0.6905 0.6953 -0.3856 -0.8726 -0.2999 -0.8315 -0.4124 -0.3721 -0.441 -0.7998 -0.4073 -0.7428 -0.4436 -0.5015 -0.2729 -0.781 -0.5618 -0.4103 -0.505 0.7593 -0.2018 -0.6767 -0.7081 -0.5276 -0.3659 0.7667 -0.5258 -0.2966 -0.7972 -0.396 -0.5909 -0.7028 -0.819 -0.1007 0.5649 -0.6551 -0.0921 0.7499 -0.8699 0.075 -0.4876 -0.672 0.0366 0.7396 -0.5794 0.2156 0.786 -0.8551 0.4611 -0.2372 -0.7373 0.2586 -0.6241 -0.5867 0.338 0.7359 -0.6355 0.4786 -0.6059 -0.4698 0.4829 0.739 -0.3205 0.4178 0.8501 0.1206 -0.721 0.6824 -0.4763 -0.6549 -0.5867 0.295 -0.7638 -0.574 -0.3734 -0.8723 -0.3158 -0.154 -0.7204 -0.6762 -0.2931 -0.9231 -0.2488 -0.9192 -0.0244 -0.393 -0.7882 -0.2605 -0.5575 -0.6972 -0.1853 -0.6925 -0.7973 -0.2416 -0.5532 -0.9065 0.0219 -0.4217 -0.6415 0.194 -0.7422 -0.7422 0.3968 -0.5401 -0.8782 0.2164 -0.4265 -0.1648 -0.0344 -0.9857 0 0 0 0 0 -0 -0.2553 0.4393 0.8613 -0.3456 0.8693 -0.3534 0.39 -0.8664 -0.3119 0.344 -0.3062 -0.8876 0.7352 -0.5923 -0.3297 -0.9276 0.0487 -0.3704 -0.6716 0.1119 -0.7324 -0.888 0.2863 -0.36 -0.7876 0.2237 -0.5741 -0.533 -0.4143 -0.7378 -0.9934 -0.0132 -0.114 -0.3145 -0.6919 -0.6499 -0.7483 -0.4526 0.485 -0.2218 -0.8335 0.506 -0.2402 -0.7753 0.5842 -0.1105 -0.2598 0.9593 0.932 0.1838 0.3123 0.443 0.2915 0.8478 0.2568 0.4806 0.8385 -0.6237 0.3356 0.706 -0.446 -0.1269 0.886 -0.8194 -0.2168 0.5306 0.4565 -0.6849 -0.5679 0.2684 -0.1724 -0.9478 0.2238 -0.53 -0.8179 0.4611 -0.5611 -0.6875 0.3356 -0.6053 -0.7218 0.3644 -0.0208 -0.931 -0.7118 0.0264 -0.7019 -0.7659 0.1677 -0.6207 -0.2229 0.7281 -0.6482 0.6539 -0.4184 -0.6304 0.8397 -0.1985 0.5056 0.2039 -0.0875 0.9751 0.6219 -0.3221 -0.7138 0.053 -0.3606 0.9312 0.5228 -0.566 -0.6375 0.5773 0.5253 0.6252 0.8818 0.1614 0.4431 0.0562 0.4169 0.9072 0.8009 0.3772 0.4651 0.0567 0.9347 0.3509 0.3999 0.5987 0.694 -0.2335 0.6742 0.7007 0.834 0.5506 0.0357 0.0798 0.7132 0.6964 0.5842 0.5447 0.6017 -0.152 0.8082 0.5689 0.3347 0.0441 0.9413 -0.0665 0.0672 0.9955 0.4446 0.8729 0.201 -0.868 0.4709 0.1575 -0.5125 0.6641 0.5443 -0.9923 -0.1081 0.0606 -0.7252 -0.1793 0.6648 -0.2098 0.4249 0.8806 -0.6282 0.5515 -0.5488 -0.6674 -0.7322 -0.1357 -0.4069 -0.9102 0.0775 -0.6644 -0.6413 -0.3838 -0.7682 -0.6293 -0.1182 0.2022 0.6444 0.7375 -0.3811 0.9167 0.1203 0.4218 0.9053 -0.0506 0.3464 0.8452 0.407 0.4724 0.879 0.0651 -0.8727 -0.4766 0.1059 0.2912 -0.9453 0.1472 -0.591 -0.7739 0.2276 -0.5524 -0.7328 0.3972 0.0997 -0.3007 -0.9485 0.5791 -0.5751 -0.5778 -0.1527 -0.3732 -0.9151 0.2734 -0.4367 -0.8571 0.1136 -0.3527 -0.9288 0.2477 0.4499 0.858 -0.5593 0.8036 -0.2033 -0.7188 0.622 -0.3104 -0.1575 0.261 -0.9524 -0.7317 0.556 -0.3943 -0.3426 0.6647 -0.6639 -0.3426 0.1674 -0.9245 -0.4743 -0.4929 -0.7295 -0.7105 -0.6871 -0.1517 -0.9314 -0.2028 -0.3022 -0.2989 -0.0931 -0.9497 0.706 0.6292 -0.325 0.053 0.4798 -0.8758 0.8973 -0.073 -0.4353 0.5447 -0.117 -0.8304 -0.421 -0.5002 -0.7567 -0.5188 -0.8331 -0.1918 -0.846 -0.0514 -0.5308 0.4748 -0.3418 -0.811 0.5908 0.6469 -0.4821 0.5287 -0.8416 -0.1108 0.3828 0.1919 -0.9037 -0.183 -0.9419 -0.2817 0.9858 0.0413 -0.1626 0.7684 -0.6185 -0.1644 0.7938 -0.598 -0.1107 0.9031 0.3357 -0.2678 0.3582 0.4239 -0.8319 0.5557 -0.5424 -0.6301 0.7455 0.0018 -0.6665 0.8702 -0.2675 -0.4137 0.7199 0.1333 -0.6811 0.2838 -0.7376 -0.6127 0.8226 -0.316 -0.4728 0.5318 -0.0531 -0.8452 -0.3796 0.1009 -0.9196 -0.6897 -0.1758 -0.7024 0.2911 -0.8789 -0.3779 0.141 0.2319 -0.9625 0.1494 -0.0561 -0.9872 0.3497 0.2323 -0.9076 0.1216 -0.0551 -0.991 0.2408 -0.1599 -0.9573 0.6658 -0.4106 -0.623 0.6137 -0.4622 -0.6401 0.114 -0.4974 -0.86 -0.1537 -0.1558 -0.9758 -0.2225 0.0781 -0.9718 0.2643 -0.5453 -0.7955 0.5335 -0.3965 -0.7471 0.9887 0.0049 -0.15 0.6709 0.4254 -0.6074 -0.0637 -0.8467 -0.5282 -0.1932 -0.425 -0.8844 -0.3591 -0.9118 -0.1993 -0.4074 0.1251 -0.9046 -0.1791 0.9532 -0.2438 -0.28 0.7038 -0.6529 0.7841 -0.4586 -0.4181 0.2983 -0.4858 -0.8216 0.971 -0.2205 -0.0927 0.4527 -0.8507 -0.2671 0.396 0.9182 0.0001 0.2382 0.7421 -0.6266 0.7535 -0.3215 -0.5734 0.2667 0.1042 -0.9581 0.5847 0.4267 -0.69 0.3142 0.6009 -0.735 0.0395 0.9123 -0.4077 0.3035 -0.8502 -0.4301 -0.9075 0.15 -0.3925 -0.3823 0.0753 -0.9209 -0.933 0.3187 -0.1673 0.0804 0.3867 -0.9187 0.0298 0.9296 -0.3674 0.5828 0.7653 -0.2734 0.7418 0.2874 -0.6059 0.5983 -0.7312 -0.3276 0.1178 -0.6008 -0.7907 0.5477 -0.7221 -0.4226 -0.2086 -0.8799 -0.4269 -0.7469 -0.4371 -0.5011 -0.1806 -0.5139 -0.8386 -0.0512 -0.8548 -0.5165 -0.219 0.0858 -0.972 -0.5828 -0.2305 -0.7792 -0.7817 -0.2787 -0.5579 -0.6562 0.0221 -0.7543 -0.962 0.1658 -0.2169 -0.3407 0.6641 -0.6655 0.3552 0.7822 -0.5119 0.5656 -0.4133 -0.7136 -0.7115 0.4254 0.5593 0.3408 0.8465 -0.4091 0.4732 0.814 -0.3369 -0.5473 0.2774 0.7896 0.7323 -0.2201 -0.6444 0.9592 0.0487 -0.2787 0.5328 -0.655 -0.5358 0.6278 -0.4267 -0.651 0.4669 -0.448 -0.7624 -0.0926 -0.8252 -0.5571 -0.1053 -0.599 -0.7938 0.671 0.482 -0.5635 0.6961 0.0444 -0.7166 0.7508 -0.0229 -0.6602 0.7248 -0.4393 -0.5308 -0.4001 0.6094 -0.6845 0.07 0.8369 -0.5429 0.0655 0.6825 -0.7279 0.4311 0.6661 -0.6087 -0.7514 0.4877 -0.4443 0.0117 0.7809 -0.6246 0.7881 0.5973 -0.1492 0.3648 0.7646 -0.5314 0.1635 0.7695 -0.6174 -0.2737 -0.3493 -0.8961 -0.4401 -0.5972 -0.6705 0.7614 0.0256 -0.6478 0.4918 0.7141 -0.4982 0.8422 -0.0062 -0.5392 -0.459 -0.4874 -0.7428 -0.2681 -0.1757 -0.9472 0.5283 0.4836 -0.6978 -0.6716 -0.4808 -0.5637 -0.0506 0.768 -0.6384 -0.6041 0.5875 -0.5385 -0.5876 -0.2268 -0.7767 -0.599 0.2714 -0.7533 0.8735 -0.4425 0.2031 0.9524 0.2282 0.2019 0.7167 -0.6972 -0.0193 0.3753 -0.0256 0.9266 0.8809 -0.046 0.4711 0.447 -0.5236 0.7253 0.5488 -0.7453 0.3786 0.1756 -0.2268 0.958 0.6519 -0.7582 -0.0155 0.8777 -0.2956 0.3771 0.268 0.9625 0.0428 -0.1262 0.8113 0.5708 0.3296 -0.0883 0.94 0.4167 0.3131 0.8534 0.5108 0.8533 0.1045 -0.0078 0.0587 0.9982 -0.2512 0.8933 0.3727 -0.0845 0.6774 0.7307 0.2863 0.9029 0.3208 -0.0184 0.9028 0.4296 0.139 0.2655 0.954 0.6823 0.7141 0.1564 -0.0971 0.9795 0.1767 0.6354 0.4624 0.6184 0.9807 0.1479 -0.1276 0.1724 0.9152 0.3643 -0.2347 0.9093 0.3437 -0.1863 -0.9776 0.098 0.199 -0.9161 0.3482 0.3015 -0.9497 0.0849 0.8836 -0.4611 0.0813 0.9028 -0.3889 0.1836 0.5277 -0.231 0.8174 -0.0356 -0.3819 0.9235 -0.1809 -0.8671 0.4641 0.4346 -0.6715 0.6002 -0.373 -0.7498 0.5466 0.3771 -0.105 0.9202 0.3915 0.0226 0.9199 0.8162 -0.217 0.5355 0.2121 -0.1029 0.9718 0.9272 -0.3485 -0.1374 0.7863 0.6179 0.004 0.2965 0.4861 0.8221 -0.0315 -0.2655 0.9636 0.1258 -0.9361 0.3284 0.7231 -0.5979 0.3458 0.5317 0.8218 0.205 0.7557 0.192 0.6261 0.6105 0.5987 0.5185 0.6794 0.7168 0.1569 0.8841 -0.3603 0.2977 0.4097 -0.0704 0.9095 0.9906 0.0684 0.1186 0.963 -0.2044 -0.1755 0.6335 -0.7685 -0.0897 0.4671 0.791 0.3951 -0.9705 -0.223 0.0915 -0.8542 -0.197 0.4811 -0.5427 0.1178 0.8316 -0.9565 0.0153 0.2913 -0.7525 -0.0509 0.6566 -0.9773 -0.1734 0.1218 -0.2621 0.2615 0.9289 -0.8717 0.4375 0.2206 -0.6632 0.7014 0.2614 -0.35 0.7185 0.601 -0.5028 0.7936 0.3425 -0.7879 0.467 0.4014 0.4646 0.8743 0.1403 0.2782 0.8609 0.426 0.5661 0.4668 0.6794 0.9904 -0.0572 0.1257 0.7183 -0.116 0.686 0.9874 -0.1252 0.0972 0.5103 0.6762 -0.5314 0.8946 0.3879 0.2219 0.5589 0.3561 0.7489 0.7987 -0.1269 0.5882 0.7611 0.3845 0.5224 -0.1069 0.7345 0.6702 0.2028 0.0313 0.9787 -0.2022 -0.5225 0.8283 -0.3004 0.2739 0.9136 -0.6292 0.3436 0.6972 -0.6459 0.574 0.5033 -0.0643 0.2438 0.9677 -0.0037 0.9797 0.2006 -0.0997 0.7589 0.6435 -0.743 0.6409 0.1927 0.315 0.743 0.5905 0.2394 0.9708 -0.0139 0.208 0.9632 0.1702 -0.0143 -0.9968 0.0784 0.3843 -0.7318 0.5628 -0.2479 -0.8177 0.5195 -0.8216 -0.5144 0.2457 -0.1496 -0.3526 0.9237 -0.6106 -0.339 0.7157 0.7065 0.2138 0.6746 0.7837 -0.0999 -0.6131 0.711 -0.2682 0.65 0.6508 0.2658 0.7112 0.8549 0.4689 0.2219 0.7909 0.3191 0.5221 0.2402 0.6816 0.6912 0.1412 0.5309 0.8356 0.64 -0.2581 0.7237 0.3977 -0.2685 0.8773 0.5573 -0.0525 0.8286 0.8733 -0.3787 0.3065 -0.2026 -0.9689 0.1421 0.4226 -0.1316 0.8967 0.6084 -0.7912 0.061 0.4853 -0.8662 0.1191 -0.3128 0.3492 0.8833 0.9261 0.3455 0.1513 0.48 0.0589 0.8753 0.8009 0.2551 0.5417 0.7402 -0.0017 0.6724 0.7315 -0.0073 0.6818 0.6019 -0.0045 0.7985 0.8403 -0.0091 0.5421 0.1849 0.0052 0.9828 0.7957 0.2451 -0.5538 0.4241 0.0033 0.9056 0.9646 0.0104 0.2635 0.6475 0.0149 0.7619 0.8847 -0.3813 0.2682 -0.0842 0.7292 0.6791 -0.2395 0.9114 0.3346 -0.0638 0.2126 0.9751 -0.1863 0.9533 -0.2378 0.4966 0.6049 0.6225 0.3133 0.4724 0.8238 0.4662 0.7764 0.424 0.5104 0.5876 0.6279 0.6523 0.6803 0.3342 0.5967 0.3125 0.7391 0.1111 0.1428 0.9835 0.1505 0.161 0.9754 0.0485 0.0417 0.998 0.4712 0.8672 -0.161 0.7569 0.5722 0.3156 0.5663 0.5282 0.6327 0.5464 0.7934 0.2682 0.3491 0.2713 0.897 0.3325 0.204 0.9208 0.7329 0.6052 0.3108 0.779 0.4869 0.3951 0.4162 -0.465 0.7814 0.5595 -0.1719 0.8108 0.1534 -0.4376 0.886 0.3775 -0.883 0.2789 0.6217 0.3259 0.7122 0.3317 -0.2756 0.9022 0.3404 -0.3614 0.868 0.7239 -0.5407 0.4285 0.5742 -0.648 -0.5004 0.5611 -0.7851 0.262 0.3326 -0.2342 0.9135 0.6649 -0.6187 0.4186 0.2066 -0.2965 0.9324 0.5595 -0.7727 0.2998 0.7949 -0.5034 0.3387 0.4532 -0.7355 0.5036 0.9311 0.3477 -0.1105 0.5372 0.648 -0.5399 0.6291 0.4176 -0.6557 0.6027 -0.7563 -0.2545 0.5813 -0.4874 -0.6515 0.9729 0.0924 -0.2121 0.124 0.8948 0.4289 0.0446 0.5878 0.8078 0.1466 0.6527 0.7433 0.19 0.3677 0.9103 -0.5913 0.5671 -0.5733 0.1213 0.7697 -0.6268 -0.6265 0.7173 0.3049 0.0984 0.9709 -0.2182 0.1662 0.9847 -0.0514 -0.4959 -0.8678 0.0298 0.5492 0.598 -0.5837 0.8447 0.5279 -0.0883 0.0709 0.3883 -0.9188 -0.4379 0.3502 -0.828 -0.344 0.3634 -0.8658 0.064 0.1583 -0.9853 -0.0201 0.9077 -0.4192 -0.4355 -0.1826 -0.8815 -0.7324 0.2097 -0.6478 -0.3629 0.3042 -0.8808 -0.5257 0.0697 -0.8478 -0.5012 -0.2321 -0.8336 -0.4772 0.4385 -0.7616 -0.9379 -0.0254 -0.346 0.4811 -0.8746 -0.0598 -0.4377 0.1108 -0.8923 -0.3999 -0.3112 -0.8621 0.6312 -0.5543 -0.5425 -0.4257 -0.9047 -0.0158 -0.0775 -0.122 -0.9895 -0.2659 -0.417 -0.8691 -0.7885 -0 -0.6151 -0.3663 -0.3394 -0.8664 0.046 -0.448 -0.8929 0.2798 -0.3242 -0.9036 -0.1313 0.9814 -0.1401 -0.8069 0.5906 -0.0126 -0.0004 -0.9787 -0.2051 0.1101 -0.9932 -0.0379 -0.95 -0.1351 -0.2814 -0.6877 -0.0607 -0.7235 0.3499 0.1683 -0.9215 -0.7675 -0.1835 -0.6142 -0.4509 0.6155 -0.6464 0.4123 -0.0258 -0.9107 0.4303 -0.21 -0.8779 0.4656 0.7639 -0.4469 -0.956 0.0472 -0.2896 -0.3544 0.16 -0.9213 -0.3806 0.4678 0.7977 -0.4907 0.8252 0.2798 0.8139 -0.0513 0.5788 0.9705 -0.1902 0.1478 0.3632 0.2623 0.894 0.5857 -0.02 0.8103 0.5602 -0.4785 0.6762 0.9755 -0.1088 0.1911 0.3253 -0.5857 0.7424 0.5838 -0.0265 0.8115 0.7691 0.6053 0.2052 0.1927 0.335 0.9223 0.0909 -0.6404 0.7627 0.6322 -0.1784 0.754 0.1293 -0.9873 0.0925 0.8985 -0.4143 0.1452 0.5166 -0.6594 0.5462 0.0139 -0.3255 0.9454 0.3858 -0.2363 0.8918 0.3486 -0.0994 0.932 0.6941 -0.2307 -0.6819 -0.0741 -0.2767 -0.9581 0.0382 -0.5341 -0.8446 0.1673 -0.7814 -0.6011 -0.3705 -0.5693 -0.7339 -0.5147 -0.6808 -0.5212 -0.4347 -0.879 -0.1957 -0.704 -0.1955 -0.6827 -0.8288 0.1708 -0.5328 -0.3038 -0.6311 -0.7138 -0.1904 -0.5955 -0.7805 0.1667 -0.1735 -0.9706 0.0356 -0.6161 -0.7869 -0.8419 -0.1627 -0.5145 -0.6858 0.2834 -0.6703 -0.2965 -0.1789 -0.9381 -0.3232 -0.718 -0.6164 -0.6236 -0.5179 -0.5855 -0.0295 -0.2003 -0.9793 0.1245 -0.7183 -0.6845 0.2206 -0.2223 -0.9497 0.6119 -0.6871 -0.3918 0.2765 -0.6843 -0.6747 -0.3782 -0.914 -0.1464 -0.8184 -0.1282 -0.5602 -0.6135 -0.2815 -0.7379 -0.8176 -0.1409 -0.5584 -0.59 -0.1796 -0.7872 -0.5878 -0.163 -0.7924 -0.7175 -0.1993 -0.6675 -0.52 -0.3079 -0.7967 -0.47 -0.1585 -0.8683 -0.8459 -0.3236 -0.4239 -0.5745 -0.3284 -0.7497 -0.4593 -0.3017 -0.8355 -0.4975 -0.1888 -0.8467 -0.5021 -0.3361 -0.7968 -0.5733 -0.2874 -0.7673 -0.6812 -0.3677 -0.633 -0.6306 -0.3494 -0.693 -0.6107 -0.339 -0.7156 -0.7336 -0.3321 -0.5929 -0.75 -0.6019 -0.2743 -0.1793 -0.6214 -0.7627 -0.3004 -0.3308 -0.8946 -0.2483 -0.4068 -0.8791 -0.552 -0.6643 -0.504 -0.6341 -0.1516 -0.7583 -0.6462 0.0647 -0.7605 -0.889 -0.0282 -0.4571 -0.9312 0.267 -0.2481 -0.1598 -0.7068 -0.6892 -0.501 -0.2959 -0.8133 -0.8056 -0.1904 -0.5611 -0.4649 0.1251 -0.8765 -0.6628 0.0918 -0.7431 -0.6549 0.502 -0.5649 -0.2346 0.7829 -0.5762 -0.2794 0.2101 -0.9369 -0.8032 0.5407 -0.2503 -0.4219 0.8195 -0.3878 -0.1085 0.4137 -0.9039 -0.5664 0.383 -0.7297 -0.7692 0.4617 -0.4418 0.0208 0.7529 -0.6578 -0.4222 0.7854 -0.4526 -0.8488 0.1624 -0.5032 -0.2744 0.3335 -0.9019 -0.1996 0.298 -0.9335 -0.5235 0.3647 -0.77 -0.8293 0.3233 -0.4558 -0.1561 -0.3959 -0.9049 -0.5764 0.133 -0.8063 -0.5994 -0.2752 -0.7516 -0.7414 -0.4691 -0.4799 -0.1282 0.7389 -0.6615 0.2289 0.8953 -0.3821 -0.0254 0.8308 -0.556 -0.193 0.9085 -0.3707 -0.0773 0.7691 -0.6345 0.5102 0.797 -0.3232 -0.1158 0.4752 -0.8722 0.1644 0.3039 -0.9384 0.2092 0.3722 -0.9043 -0.129 0.449 -0.8842 0.6338 0.5278 -0.5654 -0.8567 0.2871 -0.4285 -0.407 0.4562 -0.7914 -0.6414 0.4769 -0.601 -0.424 0.2219 -0.878 -0.9259 0.1211 -0.3578 -0.7284 -0.1983 -0.6559 -0.4676 -0.0871 -0.8796 -0.5065 -0.4343 -0.7449 -0.3657 0.0606 -0.9288 -0.5067 -0.0775 -0.8586 -0.707 -0.687 -0.1678 -0.6032 -0.6342 -0.4837 0.6071 -0.3959 -0.689 0.6679 -0.3793 -0.6404 0.6259 -0.5739 -0.528 0.9673 -0.1737 -0.1847 0.9273 -0.3254 -0.1851 0.6847 -0.2236 -0.6937 0.1722 -0.5047 -0.846 0.1684 -0.6748 -0.7186 0.047 -0.3422 -0.9384 0.1367 -0.6702 -0.7295 -0.0624 -0.3537 -0.9333 -0.0415 -0.145 -0.9886 0.6687 -0.163 -0.7254 0.7759 0.1573 -0.6109 0.8917 -0.1867 -0.4122 0.6246 -0.3075 -0.7179 0.9325 0.1743 -0.3164 0.4014 -0.8983 0.1789 0.4137 -0.9013 -0.1288 -0.6253 0.7748 0.0926 -0.9122 0.3936 0.1141 -0.9245 0.0287 0.38 0.0644 -0.1512 -0.9864 -0.5054 0.7167 -0.4805 -0.5169 0.243 0.8209 -0.2898 0.8761 0.3853 -0.0717 0.1294 0.989 -0.2716 -0.0411 0.9615 -0.497 -0.5924 0.6341 -0.1086 -0.0897 0.99 -0.0072 -0.6152 0.7883 -0.2801 0.6779 0.6797 0.2868 -0.6991 0.655 -0.4053 0.0748 0.9111 -0.2475 0.0999 0.9637 -0.101 0.0649 -0.9928 0.222 -0.7423 -0.6322 -0.2676 0.643 -0.7176 0.2281 0.3267 -0.9172 -0.8538 0.4086 0.3226 -0.2771 0.6483 0.7092 -0.3789 -0.3264 0.866 -0.4499 -0.7669 0.4577 0.0895 0.0348 -0.9954 0 0 0 0 0 0 0.1867 -0.3872 0.9029 0.8831 -0.3035 -0.3579 0.1336 0.3205 -0.9378 -0.4795 0.8467 -0.2305 -0.5648 0.7838 -0.2583 0.7988 -0.4946 -0.3424 0.5132 0.0641 -0.8559 0.9207 0.3751 -0.1082 0.3338 0.0986 -0.9375 0.8706 -0.0332 -0.4909 0.9399 -0.2687 -0.2106 0.5268 0.3247 0.7855 0.188 0.8002 0.5694 0.2527 0.9402 0.2283 0.2221 0.7554 0.6164 0.1061 0.2703 0.9569 -0.8214 -0.4275 0.3776 -0.2643 -0.371 0.8902 -0.2195 -0.6106 0.7609 0.8181 -0.4976 0.2881 0.7512 -0.2251 0.6205 0.4793 -0.0019 0.8777 0.921 0.1446 0.3618 0.7455 0.2517 0.6172 -0.1738 0.3073 -0.9356 -0.4457 0.8849 -0.1355 -0.2317 0.2681 -0.9351 -0.22 0.6102 -0.7611 -0.4129 0.0155 -0.9106 0.8343 -0.2175 -0.5065 -0.4635 -0.6512 -0.6009 -0.2114 -0.1974 -0.9573 -0.4535 0.1405 -0.8801 -0.8298 0.1109 -0.5469 -0.2612 0.0462 -0.9642 0.463 -0.0297 -0.8859 0.4855 0.6175 -0.6189 0.1606 -0.1443 -0.9764 0.0861 0.4145 0.906 0.1701 0.1173 0.9784 0.8004 0.5497 0.2391 -0.1578 0.6443 -0.7483 -0.7638 -0.1635 0.6244 -0.1578 0.9625 0.2205 0.117 0.911 -0.3954 0.5152 0.2732 -0.8124 -0.3654 -0.3328 0.8693 -0.7199 -0.5911 0.3639 -0.8287 -0.3639 0.4252 -0.31 -0.5283 0.7904 0.1123 -0.6942 0.7109 -0.6301 -0.7436 0.2237 -0.2889 -0.3104 0.9056 0.0991 -0.8336 0.5433 -0.6475 -0.6625 0.3768 0.4451 -0.554 0.7035 0.0875 -0.1905 0.9778 -0.2554 -0.9146 0.3135 -0.8611 -0.4887 0.1403 0.4298 0.0803 0.8994 0.624 0.7671 -0.1487 0.8018 0.3214 -0.5039 0.6065 0.6869 -0.4004 0.2975 0.9215 -0.2498 0.9666 -0.1264 -0.223 0.8243 0.5588 -0.0911 0.4786 0.7321 -0.4848 0.4474 0.8762 -0.1792 -0.1206 -0.7912 0.5995 -0.5517 -0.7557 -0.3528 0.6699 -0.7284 0.1437 -0.6018 -0.7928 0.0968 -0.3511 -0.8361 0.4214 -0.4925 -0.8703 -0.008 -0.4272 -0.8272 0.3649 0.5398 0.8238 0.1732 0.7426 0.581 -0.3332 -0.2473 0.3311 -0.9106 -0.0243 0.1731 -0.9846 -0.178 0.3965 -0.9006 -0.0901 0.7208 -0.6873 -0.2414 -0.4109 0.8792 0.4941 -0.6058 -0.6236 0.1625 -0.2293 -0.9597 0.7158 -0.4982 -0.4893 -0.0625 -0.8213 -0.5671 0.1556 -0.4442 -0.8823 0.6292 0.646 -0.4321 0.943 0.069 -0.3254 -0.7636 -0.5727 -0.2983 -0.1325 -0.3862 -0.9128 -0.2598 -0.9481 -0.1835 -0.752 -0.0998 -0.6516 0.4135 0.8323 -0.3691 0.2596 0.4502 -0.8544 0.3799 0.0933 -0.9203 -0.3562 0.021 -0.9342 -0.8571 0.3913 -0.3352 -0.5234 0.7568 -0.3916 -0.4105 0.8943 -0.1782 -0.9768 0.1086 -0.1844 -0.9009 0.3758 -0.217 -0.7559 0.6465 -0.1037 -0.5474 0.5725 -0.6104 -0.7593 -0.0001 -0.6507 -0.8702 0.2374 -0.4316 -0.7628 -0.187 -0.6191 -0.6685 0.3616 -0.6499 -0.3095 -0.2425 -0.9195 -0.6057 0.1069 -0.7885 0.4673 -0.5183 -0.7163 0.3699 -0.4063 -0.8356 0.357 -0.1643 -0.9196 0.1297 -0.128 -0.9833 0.6681 -0.4335 -0.6048 -0.3604 0.8866 -0.2899 -0.226 0.1042 -0.9685 -0.106 -0.4099 -0.906 -0.1024 0.037 -0.9941 -0.166 0.118 -0.979 -0.5644 0.3048 -0.7672 -0.6421 0.3966 -0.6561 -0.4948 0.3162 -0.8094 -0.574 0.4111 -0.7082 -0.1268 0.3336 -0.9342 -0.2972 -0.0761 -0.9518 -0.0927 -0.0804 -0.9924 -0.0148 -0.0911 -0.9957 0.3402 -0.0439 -0.9393 0.3298 -0.3107 -0.8914 0.0662 0.1255 -0.9899 -0.037 0.4507 -0.8919 0.3257 0.2512 -0.9115 0.0229 -0.209 -0.9777 0.0098 0.0043 -0.9999 0.1347 0.1352 -0.9816 -0.0404 -0.3016 -0.9526 -0.1186 -0.6156 -0.7791 0.0024 0.0046 -1 -0.4254 0.6673 -0.6113 -0.1575 0.1672 -0.9733 -0.7532 -0.3206 -0.5744 -0.6906 0.7118 -0.128 0.1322 0.7126 -0.689 0.2614 0.5571 -0.7883 0.3485 0.7649 -0.5417 0.9036 -0.1946 -0.3816 0.4757 -0.1196 -0.8714 0.4773 -0.8137 -0.3318 0.0118 -0.7085 -0.7056 -0.7835 0.4342 -0.4445 -0.1769 0.3102 -0.934 -0.2598 0.0331 -0.9651 -0.3804 -0.1826 -0.9066 -0.7922 -0.5879 -0.1633 -0.1118 -0.7039 -0.7015 -0.9526 0.251 -0.1718 -0.7245 0.3484 -0.5947 -0.6367 -0.3697 -0.6767 -0.1925 -0.082 -0.9779 0.2057 -0.724 -0.6584 -0.0777 -0.9281 -0.3642 0.3385 0.8345 -0.4347 0.3796 0.2099 -0.901 -0.3489 0.7084 -0.6136 0.8973 -0.22 -0.3828 0.5047 -0.1067 -0.8567 0.3152 -0.1297 -0.9401 0.8503 -0.3599 -0.3841 -0.1507 -0.9548 -0.2562 -0.0977 -0.5879 -0.803 0.4784 -0.8743 -0.082 -0.7499 -0.284 -0.5975 -0.5642 0.7319 -0.3822 0.2297 0.8567 -0.4619 0.1638 0.5807 -0.7975 -0.0317 0.195 -0.9803 -0.8498 0.4779 -0.2226 -0.7163 0.1905 -0.6712 0.6523 0.3202 -0.687 0.2084 -0.0805 -0.9747 0.6356 0.2224 -0.7393 0.6498 0.0273 -0.7596 0.9594 -0.1661 -0.2281 0.6743 -0.525 -0.5193 0.5596 -0.8068 -0.1897 -0.3327 -0.6891 -0.6437 0.7097 -0.433 0.5558 -0.3521 -0.8542 -0.3826 -0.4591 -0.8636 -0.2084 0.5774 -0.7671 -0.2795 0.5164 -0.4257 0.743 -0 0 0 -0.8479 0.406 -0.341 -0.5185 0.6295 -0.5787 0.0476 0.9564 -0.2882 -0.433 0.3543 -0.8289 -0.3372 0.8548 -0.3945 -0.6287 -0.7483 -0.2116 -0.6666 -0.4539 -0.5913 -0.7494 0.0142 -0.6619 -0.6746 0.4614 -0.5762 -0.0266 -0.6659 -0.7456 0.3849 -0.7242 -0.5721 0.7503 -0.5986 -0.2804 -0.1396 -0.729 -0.6701 -0.4193 -0.6308 -0.6529 0.7514 -0.4548 -0.4782 -0.3769 -0.7822 -0.496 0.0015 -0.8133 -0.5818 -0.1673 -0.8044 -0.5701 0.2507 0.3399 -0.9065 0.4313 0.602 -0.672 0.635 0.5845 -0.5051 -0.393 -0.5358 -0.7473 -0.8154 -0.159 -0.5567 -0.8225 0.0273 -0.5682 -0.2615 0.3931 -0.8815 -0.3067 0.299 -0.9036 -0.4434 0.4327 -0.785 -0.6157 0.6087 -0.5004 -0.3993 0.4106 -0.8197 0.1393 0.4816 -0.8653 0.1622 0.1305 -0.9781 0.5172 0.4143 -0.7489 0.4609 0.2652 -0.8469 -0.4975 -0.3794 -0.7801 0.6327 -0.6248 -0.4574 0.7685 0.1125 -0.6299 0.7168 -0.1201 -0.6869 0.4891 -0.4894 -0.722 -0.88 0.4661 0.0912 -0.3933 -0.9193 -0.0136 -0.9544 0.2724 -0.1218 -0.4043 0.9079 -0.1106 -0.3794 -0.0325 0.9247 -0.8395 -0.32 0.4392 -0.9413 0.0572 0.3326 -0.5288 0.8464 -0.0625 -0.4377 0.5398 0.7191 -0.4745 0.2865 0.8323 -0.5214 0.7854 0.3336 -0.9999 -0.0124 -0.0063 -0.5253 -0.318 0.7893 -0.4912 -0.871 -0.0058 -0.1406 -0.4957 0.857 -0.0968 0.1098 0.9892 -0.2902 0.1515 0.9449 0.0296 -0.0581 0.9979 0.1848 -0.9447 0.271 0.1186 -0.2629 0.9575 -0.433 0.6538 0.6206 -0.8156 0.3991 0.4189 0.4375 -0.3737 0.8179 0.1231 -0.8428 0.5239 -0.6086 -0.4241 0.6706 -0.7863 -0.5945 0.1681 0.0545 -0.9597 0.2756 -0.6775 -0.6397 0.3632 -0.956 -0.2814 -0.0827 0.1999 -0.9798 0.0031 -0.0436 -0.9722 0.2302 0.2579 0.9464 0.1945 -0.165 0.917 0.3632 -0.8853 0.4583 0.0786 -0.245 0.7316 0.6362 -0.9012 -0.1417 0.4097 -0.3446 0.3562 0.8685 -0.6322 -0.1981 0.749 -0.3365 0.9037 0.2647 0.2124 0.965 0.1536 0.1031 0.402 0.9098 -0.7708 0.2121 0.6008 -0.8343 -0.2302 0.5009 -0.0294 0.1033 0.9942 -0.7129 0.2817 0.6422 -0.1696 0.0714 0.9829 -0.7231 -0.6906 -0.0148 -0.0687 -0.0613 0.9958 0.0131 0.7971 0.6037 -0.6031 0.6332 0.4851 -0.3018 -0.4744 0.8269 -0.9012 -0.3362 0.2736 -0.5606 -0.7894 0.25 -0.7463 0.1402 0.6506 -0.9378 -0.2559 -0.2346 -0.868 0.4929 -0.0595 -0.4263 -0.7873 0.4455 0.9641 0.0292 0.2641 0.9169 0.2546 0.3073 0.2659 0.0533 0.9625 0.469 0.116 0.8756 0.6714 0.217 0.7086 0.5863 -0.3731 0.7191 0.9457 0.14 0.2933 0.8574 -0.4855 0.1708 0.4417 -0.8058 0.3944 0.1843 -0.9531 -0.2399 -0.4235 -0.8967 -0.1286 0.4927 -0.8164 0.3013 0.9772 -0.0927 0.1908 -0.4144 -0.9101 0 -0.3985 -0.9172 -0.0036 -0.7048 -0.7017 -0.1041 -0.5364 -0.8427 -0.0469 -0.1947 -0.4462 0.8735 -0.5465 -0.7209 0.4262 -0.9776 -0.1968 -0.075 -0.4972 -0.0986 0.862 -0.9155 0.3978 0.0608 -0.8162 -0.4565 0.3541 -0.9345 0.0834 0.3461 -0.7321 0.2394 0.6378 -0.5429 -0.0559 0.8379 0.3217 -0.379 0.8677 -0.0729 -0.0069 0.9973 -0.735 -0.648 0.1996 -0.3302 -0.3683 0.8691 -0.005 -0.1456 0.9893 -0.0681 -0.1056 0.9921 0.8876 -0.334 0.3171 0.5964 -0.6791 0.428 -0.0309 -0.1861 0.982 0.7668 -0.6145 0.1856 0.2627 -0.6054 0.7513 -0.3193 -0.7763 0.5436 -0.3458 -0.9286 -0.1346 0.1799 -0.239 0.9542 0.1479 -0.9701 0.1925 -0.3084 -0.947 0.0894 0.7849 -0.6079 -0.1198 0.0537 0.9811 0.1858 -0.501 0.8603 0.0941 -0.4044 0.7295 0.5516 0.0155 0.3067 0.9517 -0.2729 0.8272 0.4911 0.0587 0.8021 0.5943 0.5144 0.405 0.7559 0.8258 0.5513 0.1187 0.8509 0.5222 0.0573 -0.6537 -0.2071 0.7278 -0.2854 -0.18 0.9414 -0.3386 -0.3894 0.8566 -0.3297 -0.6688 0.6664 -0.8648 -0.4852 0.1294 0.0295 -0.5589 0.8287 0.2421 -0.8887 0.3894 -0.4762 0.3211 0.8186 -0.4679 0.8834 0.0262 -0.8569 0.3664 0.3626 0.7397 0.6375 0.2155 0.4848 0.8488 0.2112 -0.0045 -0.0456 0.999 -0.5126 0.1317 0.8484 -0.5269 0.7289 0.4371 -0.7314 -0.0729 0.678 -0.6227 0.7824 -0.0086 -0.5811 0.4648 0.668 -0.6856 -0.0858 0.7229 -0.1407 -0.4628 0.8752 -0.9927 -0.0651 0.102 -0.8962 0.4435 -0.0124 -0.1793 -0.2463 0.9525 -0.7834 -0.2023 0.5876 -0.418 0.0064 0.9084 -0.9158 -0.0696 0.3957 -0.9634 -0.0165 0.2676 -0.1867 0.0028 0.9824 -0.7957 0.0616 0.6026 -0.4643 -0.0029 0.8856 -0.7529 0.0119 0.658 -0.2973 0.0075 0.9548 -0.9255 -0.0018 0.3787 -0.2151 -0.0017 0.9766 -0.7496 -0.0259 0.6614 -0.9831 0.0421 -0.1779 -0.8937 0.3907 0.2208 -0.2598 0.0203 -0.9655 0.0093 -0.0282 -0.9996 0.2054 -0.3567 0.9113 0.049 -0.2041 0.9777 0.0146 -0.5096 0.8603 0.203 -0.8032 0.56 0.2686 -0.8561 0.4415 -0.3839 -0.6549 0.6509 -0.4498 -0.6522 0.6101 -0.61 -0.4075 0.6796 -0.6749 -0.664 0.3218 -0.5243 -0.2845 0.8026 -0.0833 -0.1432 0.9862 -0.125 -0.1588 0.9794 -0.0806 -0.0973 0.992 -0.1071 -0.0717 0.9917 -0.5163 -0.7607 -0.3934 -0.5683 -0.6582 -0.4938 -0.3922 -0.4566 0.7985 -0.3417 -0.2808 0.8969 -0.7016 -0.6108 0.3669 -0.765 -0.5102 0.393 -0.803 -0.5485 -0.2332 -0.5316 -0.7081 0.4648 -0.5796 0.3891 0.7161 -0.366 0.3153 0.8756 -0.338 0.3358 0.8792 -0.7306 0.5594 0.3916 -0.7235 0.3891 0.5702 -0.4307 -0.1899 0.8823 -0.5643 0.5935 -0.5739 -0.5816 0.627 0.5183 -0.1427 0.1056 0.9841 -0.6623 0.4305 -0.6132 -0.641 0.5369 0.5485 -0.2755 0.3434 0.8979 -0.3207 0.4726 0.8209 -0.5595 0.7927 0.2421 -0.5712 0.7934 -0.2104 -0.1337 -0.6975 0.7041 -0.1046 -0.8117 0.5746 -0.1838 -0.9685 0.1678 -0.3189 -0.9037 -0.2857 -0.069 -0.7246 -0.6857 -0.5753 -0.7912 -0.2073 -0.9674 0.1479 0.2055 -0.1814 -0.3253 -0.9281 0.2205 0.2346 -0.9467 -0.0528 -0.3631 -0.9302 0.293 -0.3664 -0.8831 0.4419 -0.109 -0.8904 0.3797 -0.1753 -0.9084 -0.8363 -0.4892 -0.2477 0.0975 -0.6053 -0.79 0.2461 -0.3896 -0.8875 -0.0612 0.4374 -0.8972 -0.3353 -0.4126 -0.847 0.1598 0.9693 -0.1871 0.4193 0.1263 -0.899 0.2692 0.403 -0.8747 0.1983 -0.2477 -0.9483 0.2396 0.5097 -0.8263 0.0626 0.4224 -0.9042 0.3847 0.3386 -0.8587 0.5293 -0.1164 -0.8404 0.4304 -0.5096 -0.745 0.0025 0.0028 -1 -0.4474 0.426 -0.7864 0.3782 0.2911 -0.8788 -0.1826 0.3417 -0.9219 0.3251 -0.0127 -0.9456 0.4163 -0.6612 -0.6241 0.7255 -0.2169 -0.6532 -0.1236 0.3461 -0.93 -0.1337 0.256 -0.9574 0.1735 0.0636 -0.9828 0.7177 0.6831 -0.1353 0.6042 -0.0014 -0.7968 -0.4632 -0.1864 -0.8664 0.4123 0.1436 -0.8997 0.0309 0.5179 -0.8549 -0.3331 0.6207 -0.7098 -0.0075 -0.9846 -0.1745 0.1068 0.9894 -0.0989 -0.7817 0.5447 -0.3037 0.2204 0.9265 -0.3051 -0.1165 0.9895 -0.0855 -0.7117 -0.4921 -0.5013 -0.1035 -0.3063 -0.9463 0.471 -0.6206 -0.6269 -0.5043 0.077 -0.8601 -0.4571 -0.787 -0.4143 -0.3883 -0.1836 -0.9031 0.3918 -0.1648 -0.9052 0.7823 -0.0773 -0.6181 0.1687 -0.11 -0.9795 0.781 0.1912 -0.5946 0.5109 -0.0196 -0.8594 0.8563 0.1251 0.501 0.3586 -0.6284 0.6903 0.0889 0.0165 0.9959 -0.8368 0.1601 0.5235 0.2213 -0.8879 0.4033 0.0852 -0.3425 0.9356 -0.5934 -0.0234 0.8046 -0.9923 0.0234 0.1213 -0.242 0.353 0.9038 -0.7253 0.2096 0.6557 -0.7933 -0.5982 0.1133 -0.2221 -0.3317 0.9169 -0.3267 0.7052 0.6292 -0.0722 0.9827 0.1707 -0.6972 0.5869 0.4117 0.2619 0.8725 0.4124 0.0344 0.4353 0.8996 -0.1377 0.4047 0.904 -0.5243 0.1611 -0.8362 0.022 0.0589 -0.998 0.0737 0.4725 -0.8782 -0.0586 0.3861 -0.9206 0.5939 0.1288 -0.7942 0.2886 0.143 -0.9467 0.0371 0.0074 -0.9993 0.674 0.234 -0.7007 0.2728 0.6921 -0.6682 -0.0655 0.6826 -0.7279 -0.1199 0.1892 -0.9746 0.8274 0.1091 -0.5509 0.4186 -0.1304 -0.8988 0.5449 0.4356 -0.7165 0.2748 0.5923 -0.7574 0.2057 0.8557 -0.4748 -0.3699 0.7145 -0.5939 -0.9353 0.3279 -0.133 -0.2589 0.3838 -0.8864 0.0369 0.5343 -0.8445 0.3812 0.8514 -0.3603 -0.181 0.6221 -0.7617 -0.2845 0.3715 -0.8838 0.9021 0.1585 -0.4013 0.4896 -0.3481 -0.7994 0.8389 -0.2113 -0.5016 0.777 0.2409 -0.5817 0.6335 0.2759 -0.7229 0.4226 -0.3164 -0.8493 0.4373 -0.3082 -0.8449 0.6896 0.2963 -0.6608 0.5913 0.1494 -0.7925 0.5252 -0.0791 -0.8473 0.2211 0.6458 -0.7308 0.5481 0.3929 -0.7383 0.0893 0.9372 -0.3372 0.286 0.155 -0.9456 0.4193 0.5391 -0.7304 0.4998 0.047 -0.8648 0.76 0.1418 -0.6342 0.6693 0.0259 -0.7425 0.4171 -0.094 -0.904 0.13 -0.4919 -0.8609 -0.2119 -0.638 -0.7403 -0.178 -0.3019 -0.9366 0.3683 0.6689 -0.6457 0.1412 0.6425 -0.7532 0.2964 0.084 -0.9513 0.7472 -0.3648 -0.5556 0.2782 0.0047 -0.9605 0.701 -0.2065 -0.6826 0.5226 0.0302 -0.852 0.3394 -0.6374 -0.6918 0.2406 -0.2183 -0.9458 0.4993 -0.7484 -0.4366 0.2666 -0.8047 -0.5304 0.3642 -0.4783 -0.7991 0.8134 -0.4956 -0.3045 0.05 -0.2631 -0.9635 0.1704 -0.4135 -0.8944 0.2692 -0.7239 -0.6352 0.5845 -0.6598 -0.4722 0.1211 -0.6977 -0.7061 0.8713 -0.4867 0.0625 0.6478 -0.1617 -0.7445 0 0 0 0.4056 0.129 -0.9049 0.7474 0.4086 -0.5238 0.7122 0.6188 -0.3314 0.6487 0.2408 -0.7219 0.4507 0.2708 -0.8506 -0.0675 -0.5679 -0.8203 -0.2441 -0.4952 -0.8338 -0.39 0.1505 -0.9084 -0.1158 -0.8387 -0.5322 -0.5616 -0.672 -0.4828 -0.257 -0.6054 -0.7533 -0.3298 -0.5579 -0.7616 -0.0414 -0.2437 -0.969 0.1261 -0.5143 -0.8483 0.3804 -0.7337 -0.563 0.3627 -0.3101 -0.8788 0.3562 -0.239 -0.9033 0.2773 -0.1522 -0.9487 0.5248 -0.1455 -0.8387 0.7648 0.5236 -0.3755 0.3343 0.1761 -0.9259 0.384 -0.2068 -0.8999 0.5993 -0.1969 -0.7759 0.8744 -0.1279 -0.468 0.6172 0.0069 -0.7868 0.3664 -0.0278 -0.93 0.5477 0.0043 -0.8366 0.501 0.0802 -0.8617 -0.1489 0.1176 -0.9818 -0.6875 0.3819 -0.6176 -0.5919 0.7883 -0.1681 -0.9851 0.1616 -0.0595 -0.5196 0.3474 -0.7806 -0.7255 0.4569 -0.5147 -0.423 0.5717 -0.703 -0.9146 0.2326 -0.3309 -0.0771 0.3369 -0.9384 -0.179 0.7207 -0.6698 0.0506 0.331 -0.9423 0.0419 0.1726 -0.9841 -0.5647 0.5251 -0.6368 -0.6003 0.2065 -0.7727 -0.8309 0.2441 -0.4999 -0.7239 0.4631 -0.5114 -0.4248 0.1832 -0.8866 -0.241 0.7722 -0.5879 -0.9641 0.0155 -0.265 -0.9369 -0.0383 -0.3476 -0.9793 -0.0219 -0.2013 -0.3932 0.9084 -0.1417 0.6289 -0.7391 0.2413 0.8472 -0.5255 0.0781 0.2578 -0.7031 0.6628 -0.1381 0.1385 0.9807 0.4513 -0.038 0.8915 0.3686 0.4108 0.8339 -0.0015 0.6229 0.7823 0.1532 0.0319 0.9877 0.4203 0.7169 0.5562 -0.0031 -0.0112 0.9999 -0.0095 -0.0006 1 -0.003 -0.0006 1 0.0012 0.0001 1 -0.031 0.0366 0.9988 0.2499 -0.6968 0.6724 0.0506 0.7996 0.5983 0.725 -0.0724 -0.6849 0.5487 -0.5755 -0.6064 0.0117 -0.1937 -0.981 0.5275 -0.5031 -0.6846 0.2853 -0.7766 -0.5617 0.8216 -0.3695 -0.434 0.338 -0.4511 -0.826 0.7241 0.0493 -0.6879 0.0169 -0.6232 -0.7819 0.9434 -0.058 -0.3266 -0.6407 -0.1889 -0.7442 0.3572 0.4791 -0.8018 0.6286 -0.1017 -0.7711 -0.3155 -0.4412 -0.8401 0.2713 -0.6057 -0.748 0.6249 0.4637 -0.6281 0.4942 0.8124 -0.3094 0.1127 0.2751 -0.9548 0.2331 0.6832 -0.692 0.1093 0.5187 -0.8479 0.4527 0.697 -0.5561 0.7804 0.5435 -0.3092 0.5937 0.3271 -0.7352 0.9599 0.18 -0.215 0.9994 0.0171 0.0301 0.6958 -0.4165 -0.5851 0.3224 -0.4715 -0.8208 0.693 -0.3482 -0.6312 0.8396 -0.5227 0.1479 0.992 0.1095 -0.0632 0.7089 0.5419 -0.4514 0.595 0.3921 -0.7016 0.0901 0.8448 -0.5275 -0.5101 -0.369 -0.7769 -0.9365 -0.3092 -0.1657 0.0636 -0.8163 -0.5741 -0.0665 -0.1438 -0.9874 0.6601 -0.4551 -0.5976 0.7183 -0.0454 -0.6943 0.7721 0.3866 -0.5044 -0.8499 0.4428 -0.2858 0.1642 0.9765 -0.1394 0.8358 0.3519 -0.4214 0.3481 -0.8513 -0.3927 -0.2687 -0.6962 -0.6657 -0.9322 0.2477 -0.2638 0.6567 0.7408 -0.1417 0.6575 0.7534 -0.0055 0.5222 0.3691 -0.7688 0.5803 0.4658 -0.668 0.5157 0.4008 -0.7572 0.6316 0.1902 -0.7516 0.6421 -0.3477 -0.6832 -0.3332 -0.5206 -0.7861 -0.2196 -0.9754 -0.0177 0.0973 -0.3422 -0.9346 -0.1881 -0.8554 -0.4825 0.1653 -0.1644 -0.9724 -0.1215 -0.6603 -0.7411 0.7226 -0.6911 0.0138 0.8145 -0.4379 -0.3805 0.9177 -0.2715 -0.29 0.2379 0.8147 -0.5289 0.556 -0.5194 -0.6489 -0.169 0.9306 -0.3246 -0.3245 0.8247 -0.4632 -0.4868 0.8334 -0.2615 -0.818 -0.2992 -0.4913 -0.849 0.3687 -0.3784 0.0514 0.7087 0.7036 -0.3032 0.9529 0.0006 -0.1468 0.9889 -0.0218 -0.1051 0.7631 0.6377 -0.1128 0.9936 0.0077 -0.4526 0.8917 0.0033 -0.4409 0.6023 -0.6654 -0.3233 0.6431 0.6942 -0.2526 0.8151 0.5214 0.0946 0.9955 0.0115 0.0595 0.7304 0.6804 0.2146 0.6909 0.6904 0.3951 0.7547 0.5237 0.4575 0.6207 0.6368 0.5906 0.4335 -0.6806 0.5494 0.4827 0.682 0.6105 -0.7605 -0.2212 0.4282 -0.901 -0.0694 0.6431 0.3345 0.6888 0.9801 0.1985 -0.0005 0.4475 -0.7346 -0.51 0.6943 -0.6402 -0.3286 -0.8431 0.3242 -0.429 -0.6551 -0.4448 -0.6107 -0.685 0.3942 -0.6127 -0.3987 0.5656 -0.7219 -0.4235 0.8453 -0.3257 -0.7854 0.0518 -0.6168 -0.0042 0.0895 -0.996 0.9124 -0.2601 -0.3159 0.7885 0.3043 -0.5345 0.6284 -0.1865 -0.7552 0.8805 -0.4739 0.0132 -0.2728 0.9167 -0.2919 -0.655 0.7536 0.0561 -0.5176 0.53 -0.6717 -0.7759 -0.3937 -0.493 -0.2176 -0.1924 -0.9569 -0.6728 -0.3739 -0.6384 -0.4443 0.8061 -0.3909 -0.8277 -0.5611 0.0027 -0.5006 -0.4606 -0.733 -0.6873 -0.3699 -0.6252 -0.7122 -0.3047 -0.6324 -0.5774 0.2227 -0.7855 -0.5762 -0.2019 -0.792 0.0042 0.6255 -0.7802 0.3178 0.6045 -0.7305 -0.2796 0.6106 -0.7409 0.0812 0.9132 -0.3994 0.7765 0.6292 -0.034 0.0907 0.9959 0.0063 0.3235 0.556 -0.7656 -0.4808 0.5607 -0.6741 0.0789 0.7818 -0.6185 0.7363 0.6501 -0.1878 0.6091 0.7929 0.0185 0.2786 0.4886 -0.8268 -0.5453 0.7262 -0.4187 -0.8273 0.4316 -0.3595 -0.2301 -0.8003 -0.5537 -0.4447 0.8947 -0.0417 -0.4385 0.4416 -0.7828 0.4307 -0.5908 -0.6823 -0.4837 0.4671 -0.7402 -0.5232 0.3006 -0.7975 -0.62 0.3864 -0.6829 -0.7567 0.0888 -0.6477 0.5541 -0.4879 -0.6745 0.7351 -0.6779 0.0094 0.4687 -0.8101 0.3521 0.6559 -0.5554 0.5112 0.2184 -0.3535 0.9096 0.3345 -0.9094 0.2471 0.3405 -0.9402 0.0062 0.1139 -0.8386 0.5327 -0.0494 -0.997 0.0596 0.2198 -0.9747 0.0398 0.1153 -0.7163 -0.6882 0.3129 -0.9496 -0.0169 0.4367 -0.8996 -0.009 0.6309 -0.5073 -0.587 0.7311 -0.4238 -0.5346 -0.092 0.6807 -0.7268 0.4524 0.8458 -0.2827 0.0694 0.7851 -0.6154 -0.108 0.5253 -0.844 -0.0439 0.7305 -0.6815 -0.3265 0.9449 -0.0222 -0.5089 0.591 -0.6259 -0.6973 0.2031 -0.6874 -0.4817 0.3444 -0.8058 0.593 0.1943 -0.7814 0.96 0.2799 -0.0019 0.7155 0.0726 -0.6949 0.4671 0.4266 -0.7745 0.4765 0.6023 -0.6404 -0.0145 0.3761 -0.9265 -0.2001 0.9122 -0.3576 -0.1719 0.9851 -0.005 -0.3445 0.5182 -0.7828 0.6129 0.5573 -0.5602 0.5699 0.8206 -0.0436 0.828 0.411 -0.3814 0.3787 0.493 -0.7833 0.3681 0.6396 -0.6748 0.6423 0.7548 -0.1333 -0.4045 0.0514 -0.9131 0.2281 0.7556 -0.614 -0.5398 -0.4962 -0.68 0.7981 0.594 -0.1009 -0.0214 0.9776 -0.2094 -0.0219 0.6648 -0.7467 -0.1758 0.9844 -0.0053 -0.5896 0.5195 -0.6185 0.0976 0.1044 -0.9897 -0.7194 0.2604 -0.6439 0.2057 0.7629 -0.613 0.7304 0.6829 -0.0136 0.7627 0.1983 -0.6156 0.6065 -0.4873 -0.6283 0.9816 0.1893 0.0266 0.6247 0.7807 0.015 0.6165 0.7856 0.0525 0.8878 0.4602 0.0046 0.6543 0.7558 -0.024 0.1057 0.9943 0.0109 0.1729 0.9837 0.0486 0.6699 0.7423 -0.0164 0.1891 0.6101 -0.7694 -0.1102 0.618 -0.7784 -0.377 0.4786 -0.793 -0.0701 0.9975 -0.0057 0.476 0.8794 -0.0067 0.6298 0.7765 -0.0177 0.6256 0.7798 0.0245 0.7494 0.6622 0 0.6178 0.7862 0.0123 0.5615 0.3097 -0.7673 0.9359 0.3523 -0.0022 0.6458 0.7632 0.0209 0.5981 0.8014 -0.0014 -0.4628 0.5385 -0.7042 -0.3236 0.553 -0.7678 -0.1273 0.7755 -0.6184 -0.0289 0.6407 -0.7672 0.1868 0.648 -0.7384 0.5699 -0.0881 -0.817 0.9276 -0.3732 0.0174 0.7795 0.1247 -0.6139 0.7122 0.702 -0.0051 0.7622 0.647 -0.0226 0.5172 0.4769 -0.7106 0.4236 0.5254 -0.7379 0.6261 -0.0035 -0.7798 0.6129 0.2145 -0.7605 0.5508 -0.3119 -0.7742 0.5077 -0.8608 0.0336 0.0752 -0.7104 -0.6998 0.847 -0.5295 -0.0475 0.0496 -0.5844 -0.8099 0.3166 -0.5227 -0.7915 0.6027 0.3941 -0.6939 -0.55 0.2852 -0.7849 0.5482 0.4554 -0.7015 0.6455 -0.4717 -0.6007 0.8282 0.5603 -0.0056 0.9467 0.3184 -0.05 0.014 0.9999 -0.0065 0.013 0.9999 0 0.0675 0.9977 -0.0001 0.0653 0.9979 -0 0.0692 0.9976 0.0075 0.066 0.9978 -0.0022 0.0653 0.9979 0 0.0646 0.9979 -0.0011 0.1218 0.9712 0.2049 0.0678 0.9977 0 0.0678 0.9977 0 -0.3367 0.9147 -0.2235 0.013 0.9999 0 0.013 0.9999 0 0.0114 0.9999 -0.0035 0.0653 0.9979 0 0.7721 0.6354 -0.0054 0.0484 0.9988 -0.0072 -0.6842 0.0213 -0.729 0.7516 0.6594 -0.0143 0.0679 0.9977 -0.0005 0.0678 0.9977 0 0.2814 0.5434 -0.7909 -0.7311 0.0928 -0.6759 -0.7694 -0.6386 -0.0113 -0.5948 -0.8036 -0.0206 -0.4305 -0.9026 -0.0016 -0.636 -0.6119 0.4702 -0.4436 -0.7389 0.5071 -0.251 -0.9675 0.031 -0.2443 -0.9697 0.0067 0.0324 -0.9848 -0.1706 -0.2004 -0.8669 0.4564 -0.5562 -0.829 -0.0579 -0.0973 -0.7433 -0.6619 -0.7231 -0.3925 -0.5684 -0.3454 -0.9232 -0.1685 -0.1615 0.9081 -0.3863 0.7518 -0.4766 -0.4557 0.5882 0.2068 -0.7818 0.7997 0.5958 0.0742 0.8928 0.311 -0.3259 0.1438 0.9895 -0.0172 0.6285 0.4759 -0.6152 0.2118 0.7051 -0.6768 -0.1022 0.6871 -0.7193 -0.4231 0.8698 -0.2537 0.0509 0.6804 -0.7311 -0.0188 -0.729 -0.6842 -0.8113 -0.0015 0.5846 -0.7773 -0.6285 0.0285 -0.5794 0.4398 0.6862 -0.4921 0.6709 0.5547 -0.5756 0.6094 0.5453 -0.7146 0.3753 0.5904 -0.4595 0.173 0.8712 -0.9975 0.0537 -0.0463 -0.3827 0 0.9239 -0.9423 0.3348 -0.0044 -0.9308 0.005 0.3655 -0.9094 0.169 0.3799 -0.8923 -0.0712 0.4457 -0.8102 -0.0007 0.5862 -0.9614 -0.2722 -0.0401 -0.8438 -0.3506 0.4063 -0.91 -0.3037 -0.2823 -0.7893 -0.4806 0.382 -0.6082 -0.7746 -0.1736 -0.9869 -0.1611 -0.0118 -0.5852 0.4334 -0.6853 -0.7913 -0.2158 -0.572 0.4547 -0.4374 -0.7758 0.4115 -0.8341 -0.3674 0.8556 -0.4438 -0.2664 0.7909 -0.6119 0.0068 0.4859 -0.5474 -0.6814 0.4611 -0.5005 -0.7327 0.2919 -0.4768 -0.8291 -0.5075 0.5162 -0.6899 0.4957 -0.8675 -0.0404 -0.4463 -0.5864 -0.676 0.0263 -0.7832 -0.6213 -0.3877 -0.5595 -0.7325 0.7739 0.0494 -0.6313 0.9705 0.1968 -0.1396 0.2146 -0.7999 -0.5605 0.0408 0.9992 0.0008 0.7371 0.6758 0.0024 0.0338 0.8155 -0.5778 0.026 0.9996 0.005 0.6803 0.7329 -0.0073 0.043 0.999 0.0116 0.7794 0.6265 0.0011 0.7795 0.6263 -0.0079 0.0536 0.9986 0 0.0536 0.9986 0 0.0536 0.9986 0 0.7546 0.653 0.064 0.0355 0.9994 -0.0034 0.0513 0.9987 0 0.0513 0.9987 0 0.1399 0.9897 0.0289 0.7753 0.6316 -0.0043 0.7807 0.6249 -0.0074 0.6522 0.7581 -0.0032 0.2949 0.9555 0.0039 0.0513 0.9987 0 0.0546 0.9985 -0.0099 -0.001 1 0 -0.001 1 0 0.0513 0.9987 0 0.0501 0.9987 0.0026 0.7758 0.6309 -0.0026 0.6537 0.7568 0.0008 0.6493 0.7606 0.0019 0.0015 1 0.0078 -0.001 1 0 -0.001 1 0 -0.001 1 0 -0.0003 1 -0.0042 0.7605 0.6492 -0.0122 -0.001 1 0 -0.001 1 0 0.0132 0.9999 0 0.0132 0.9999 0 0.032 0.9993 0.0213 0.0132 0.9999 0 0.0132 0.9999 0 0.0132 0.9999 0 -0.001 1 0 0.0135 0.9999 -0.0019 0.767 0.6415 0.0118 0.0016 0.9999 0.0127 0.7702 0.6378 -0.0078 0.0202 0.9997 0.0134 0.0172 0.9998 0.0029 0.7746 0.6325 -0.0014 0.7161 0.6977 -0.0228 -0.0008 1 -0.0033 0.0164 0.9999 0.0047 -0.001 1 -0 0.0074 1 -0.0027 0.0392 0.9991 -0.0134 0.6957 0.7182 0.0104 -0 1 -0.0009 0.7719 0.6357 -0.0079 0.7805 0.6252 0.0033 0.78 0.6258 -0.0009 0.7804 0.6253 0 0.7804 0.6253 0 0.7728 0.6346 -0.0016 0.7692 0.639 0 0.7692 0.639 0 0.7692 0.639 0 0.7692 0.639 0 0.7689 0.6394 0.0024 0.2174 0.7624 -0.6095 0.7685 0.6399 -0.0002 -0.7366 0.6763 -0.0054 -0.3892 0.6721 -0.6299 -0.8585 0.4703 -0.2043 -0.7002 0.6443 -0.3074 -0.1672 0.0956 -0.9813 0.006 0.9974 -0.0717 -0.0796 0.8175 -0.5704 0.1607 -0.9382 -0.3064 -0.3474 0.6316 -0.6931 0.3845 0.5699 -0.7262 0.6201 -0.7845 0.0045 0.8423 -0.5387 -0.0187 0.8131 -0.4596 0.3573 0.9593 -0.279 -0.0436 0.9588 -0.2839 0.0033 0.9804 -0.1968 -0.0063 0.9945 -0.021 -0.1028 0.8677 0.1754 0.4651 -0.5888 0.8081 0.0154 -0.5184 0.7806 -0.3491 -0.2341 0.389 -0.891 -0.8995 0.2651 -0.3473 -0.3128 -0.6976 -0.6446 -0.4154 -0.8925 -0.1758 0.8478 0.4377 -0.2993 -0.6619 0.4634 -0.5892 0.8744 0.146 -0.4628 0.144 -0.8521 -0.5032 -0.5894 -0.1118 -0.8001 -0.7888 0.518 -0.331 -0.6799 0.3231 -0.6583 -0.755 -0.1404 -0.6405 -0.5699 0.1554 -0.8069 0.1115 -0.5858 -0.8028 -0.4307 -0.5858 -0.6865 0.3196 -0.9475 -0.0039 0.0574 -0.7817 -0.6211 0.2996 -0.9541 -0.0065 -0.5549 -0.7101 -0.4335 -0.9943 -0.0857 -0.063 -0.683 -0.3101 -0.6613 -0.4456 -0.8946 -0.0349 -0.5912 -0.8065 -0.0009 -0.5664 -0.4747 -0.6737 -0.4554 -0.4987 -0.7375 0.6473 0.7623 -0.0039 0.4917 0.5412 -0.6822 -0.2799 -0.692 -0.6654 0.7549 -0.328 -0.5679 -0.904 -0.3489 -0.247 -0.9164 -0.4001 -0.0091 0.46 0.8879 -0.0028 0.5625 0.8266 -0.0192 0.9228 0.2595 -0.2846 0.3044 0.9525 0.0084 0.68 0.452 -0.5773 0.0256 0.7308 -0.6821 0.4754 -0.8268 -0.3008 0.6632 -0.2976 -0.6867 0.0274 -0.714 -0.6996 -0.2922 -0.9223 -0.2529 -0.8893 -0.4307 0.1538 -0.2628 -0.6979 -0.6663 -0.0167 -0.99 0.1402 -0.6785 -0.3879 -0.6238 -0.6164 -0.194 -0.7631 0.4769 -0.3447 -0.8085 -0.9298 -0.368 -0.0034 -0.4666 -0.4491 -0.7619 -0.3186 -0.6052 -0.7296 -0.1868 -0.6496 -0.7369 0.2283 -0.3784 -0.897 0.1358 -0.8586 -0.4944 0.204 0.9394 -0.2755 -0.1975 0.7869 -0.5846 -0.095 -0.2263 -0.9694 -0.7706 -0.3286 -0.546 -0.4976 -0.6677 -0.5537 0.0351 -0.7355 -0.6766 0.6934 -0.2002 -0.6921 0.4966 -0.5998 -0.6273 0.8646 -0.5001 0.0491 0.3957 -0.9183 -0.0123 -0.0047 -0.9582 -0.2862 -0.4486 -0.8403 -0.3043 -0.0938 -0.783 -0.6149 0.0884 -0.5967 -0.7976 0.0357 -0.6838 -0.7288 -0.7138 0.5803 -0.392 -0.1579 -0.3567 -0.9208 0.643 -0.611 -0.4617 0.9055 -0.4243 0.0024 -0.8345 0.3679 -0.4102 -0.7272 -0.0857 -0.681 -0.4037 -0.835 -0.3739 -0.6302 -0.3689 -0.6832 -0.0758 -0.6311 -0.772 0.8349 -0.004 -0.5505 0.6656 0.3695 -0.6484 0.6594 0.1357 -0.7394 0.3149 -0.1539 -0.9366 0.86 -0.3676 -0.3541 0.4437 -0.8166 0.3691 0.4979 -0.8605 0.1083 -0.4344 -0.8974 -0.0771 -0.521 -0.7929 -0.3161 -0.9193 -0.247 0.3065 -0.9793 -0.2017 0.014 -0.981 -0.1939 -0.0003 -0.9527 -0.1657 0.2549 -0.7016 -0.1285 0.7009 -0.965 -0.08 0.2498 -0.7292 -0.0069 0.6843 -0.1202 0.0907 0.9886 -0.3356 0.0064 0.942 -0.0752 0.0071 0.9971 -0.674 -0.2941 0.6777 -0.7472 -0.4276 -0.5088 -0.9265 -0.3625 -0.1007 -0.6964 -0.4652 -0.5465 0.7675 -0.0114 -0.6409 0.2928 -0.5065 -0.811 0.949 -0.2656 -0.17 0.9983 0.0069 0.0575 0.9495 0.1872 0.2518 0.7142 -0.3527 -0.6045 0.9774 -0.1247 -0.1706 0.9294 -0.2631 0.259 0.936 -0.3513 0.022 0.8691 0.3585 -0.341 0.9906 0.1307 -0.0409 0.7723 0.2084 -0.6001 0.3495 0.2073 -0.9137 0.9687 0.0815 -0.2344 0.8389 0.1767 -0.5148 0.9974 0.0711 0.0145 0.9972 -0.0173 -0.0726 1 -0.0022 0.0096 0.9965 -0.0209 -0.0814 0.97 0.0718 -0.2322 0.9995 -0.0302 0.003 0.995 -0.0805 0.0591 0.9493 -0.0413 0.3118 0.7204 0.0793 0.689 0.0606 0.0578 0.9965 -0.0527 -0.0577 0.9969 0.0811 0.0031 0.9967 0.2773 -0.0134 0.9607 0.667 -0.0219 0.7447 0.916 -0.1102 0.3856 0.5725 -0.0742 0.8165 0.8051 -0.4224 0.4164 0.9947 -0.0998 -0.0238 0.9762 -0.079 -0.2018 0.9974 -0.0605 -0.039 0.8189 -0.0351 -0.5728 0.7282 0.1136 -0.6758 0.4278 0.0593 -0.9019 0.1465 0.094 -0.9847 0.1016 0.219 -0.9704 0.3854 0.2162 -0.8971 -0.0101 0.1033 -0.9946 -0.0495 0.0205 -0.9986 -0.1088 0.0253 -0.9937 -0.0335 0.0074 -0.9994 -0.3358 0.0041 -0.9419 -0.014 0.0086 -0.9999 -0.3185 -0.0128 -0.9478 -0.1231 0.006 -0.9924 0.0368 0.0075 -0.9993 0.1471 -0.0088 -0.9891 0.1419 -0.0099 -0.9898 0.4214 -0.0517 -0.9054 0.8472 -0.1535 -0.5087 0.9824 -0.1372 -0.1266 0.9838 -0.1404 -0.1119 0.6242 -0.1696 -0.7626 0.9871 -0.155 -0.0395 0.974 -0.2168 -0.0661 0.9649 -0.1805 0.1907 0.9513 -0.2225 0.2133 0.9748 -0.2179 0.0474 0.9389 -0.2088 -0.2736 0.2655 -0.0622 -0.9621 0.7041 -0.1269 -0.6987 0.3829 -0.0614 -0.9218 0.1246 -0.0079 -0.9922 0.0149 0.0114 -0.9998 0.1332 -0.0081 -0.9911 -0.1634 -0.0012 -0.9866 -0.0779 -0.0265 -0.9966 -0.1525 -0.0879 -0.9844 -0.0249 -0.0816 -0.9964 0.0061 -0.2224 -0.9749 0.0471 0.0079 -0.9989 0.0124 -0.0314 -0.9994 0.0346 -0.0188 -0.9992 0.0412 0.0028 -0.9991 0.0614 -0.0279 -0.9977 0.0361 -0.0942 -0.9949 0.0372 -0.7252 -0.6875 0.0318 -0.7258 -0.6872 0.0771 -0.0286 -0.9966 0.071 -0.1639 -0.9839 0.0694 -0.1162 -0.9908 0.0743 -0.2879 -0.9548 0.067 -0.2216 -0.9728 0.0093 -0.4854 -0.8742 -0.0385 -0.7512 -0.659 0.1056 -0.7493 -0.6538 0.0125 -0.9466 -0.3223 0.0664 -0.9944 -0.0828 0.0843 -0.3668 -0.9265 0.1191 -0.9273 -0.3548 -0.095 -0.9883 -0.1192 -0.1634 -0.8328 -0.5289 -0.1026 -0.3574 -0.9283 -0.0589 -0.9482 -0.3123 -0.4889 -0.0148 -0.8722 -0.9818 -0.0047 -0.1898 -0.916 -0.0608 0.3966 -0.8651 0.1277 0.4851 -0.9492 -0.0009 0.3146 -0.9459 0.2185 0.2399 -0.7464 0.2415 0.6201 -0.9182 0.3187 0.2353 -0.9403 0.3215 0.1116 -0.8754 0.4727 0.1013 -0.7504 0.6416 0.1586 -0.8378 0.4679 0.2812 -0.7212 0.6387 0.268 -0.6035 0.4275 0.6731 -0.5984 0.7949 0.1005 -0.4221 0.8946 0.1467 -0.3305 0.8873 0.3216 -0.2374 0.9641 0.1194 -0.5965 0.794 0.1174 -0.5677 0.6243 0.5367 -0.3984 0.7346 0.5492 -0.2143 0.61 0.7629 -0.1705 0.5263 0.833 -0.315 0.5983 0.7368 -0.5325 0.7578 0.377 -0.6101 0.6751 -0.4148 -0.6576 0.6509 0.3794 -0.6256 0.4917 -0.6057 -0.4038 0.6167 -0.6757 -0.1793 0.3474 -0.9204 -0.3559 0.8798 -0.3149 -0.3956 0.8317 0.3895 -0.2451 0.8262 0.5072 -0.2111 0.7983 -0.564 -0.0512 0.9262 0.3735 0.0519 0.9874 0.1497 -0.0052 0.9859 0.1675 -0.0638 0.6916 -0.7195 0.0559 0.784 -0.6182 0.1245 0.9071 0.4021 0.2021 0.9344 -0.2934 0.1072 0.3843 -0.917 0.3134 0.7196 -0.6197 0.3004 0.4297 -0.8515 0.9972 0.075 0.0025 0.9539 0.0585 -0.2942 0.9239 -0.0048 -0.3827 0.8726 0.0188 0.4881 0.9766 -0.0002 0.215 0.8663 0.0725 0.4943 0.8034 0.2987 0.515 0.972 0.2349 -0.009 0.2305 0.1152 -0.9662 0.8687 0.3498 -0.3507 0.6483 0.4103 -0.6414 0.7681 0.621 -0.1561 0.7223 0.3672 0.5861 0.7381 0.4984 0.4547 0.5586 0.1133 0.8217 0.4612 0.0976 0.8819 0.4924 0.2071 0.8454 0.8454 0.3025 0.4403 0.7609 0.1857 0.6217 0.7897 0.0351 0.6125 0.6261 -0.0029 0.7798 0.8551 -0.1181 0.5048 0.9079 -0.3471 0.2351 0.8861 -0.3738 0.2742 0.6945 -0.1823 0.696 0.771 -0.4281 0.4715 0.7366 -0.5678 0.3674 0.857 -0.5145 -0.0276 0.8242 -0.4024 -0.3985 0.5337 -0.4182 -0.735 0.5749 -0.6159 -0.5386 0.6287 -0.7596 -0.1666 0.2473 -0.5983 -0.7622 0.178 -0.3199 -0.9306 0.0719 -0.5478 -0.8335 0.0253 -0.4212 -0.9066 0.3301 -0.2598 -0.9075 0.191 -0.1899 -0.963 0.262 -0.1144 -0.9583 0.1424 -0.0897 -0.9857 0.1202 -0.0392 -0.992 0.8114 -0.218 -0.5423 0.7975 -0.2234 -0.5604 0.5182 -0.1488 -0.8422 0.9649 -0.2498 -0.0812 0.9633 -0.2455 0.1091 0.8306 -0.2015 0.5192 0.4328 -0.1123 0.8945 0.1704 -0.0323 0.9848 -0.007 -0.0026 1 -0.0564 0.0221 0.9982 0.0187 -0.0216 0.9996 -0.0126 -0.0186 0.9997 -0.1201 -0.0304 0.9923 -0.4303 0.0081 0.9027 -0.7924 0.0309 0.6092 -0.8894 0.1382 0.4357 -0.9869 0.1606 -0.0125 -0.997 0.0774 0.006 -0.991 0.1212 -0.0574 -0.9938 0.08 0.0769 -0.9828 0.1845 0.005 -0.9716 0.211 0.1069 -0.9701 0.236 0.0569 -0.9286 0.2643 0.2605 -0.9242 0.2501 0.2886 -0.7651 0.2391 0.5979 -0.5635 0.1154 0.818 -0.195 -0.02 0.9806 -0.1149 -0.0191 0.9932 -0.0536 -0.0673 0.9963 -0.298 0.0986 0.9495 -0.3258 0.3043 0.8951 -0.1449 0.0762 0.9865 -0.0664 0.1213 0.9904 -0.0107 0.056 0.9984 0.0492 -0.0187 0.9986 -0.0191 -0.0371 0.9991 0.0454 -0.0713 0.9964 0.1054 -0.0557 0.9929 -0.0003 -0.0465 0.9989 -0.0421 -0.0477 0.998 0.2238 0.1117 0.9682 0.1804 -0.0543 0.9821 0.1829 -0.0317 0.9826 0.2131 -0.0787 0.9739 0.2314 -0.0936 0.9683 0.4954 -0.1687 0.8521 0.3917 -0.1436 0.9088 0.1271 -0.0814 0.9885 0.0966 -0.078 0.9923 0.1558 -0.0569 0.9861 0.1451 0.0128 0.9893 0.2836 0.0432 0.958 0.4317 -0.0586 0.9001 0.6984 0.0942 0.7095 0.8889 0.1291 0.4396 0.8158 -0.0165 0.5781 0.9987 -0.0362 -0.0371 0.9807 -0.1169 0.1566 0.5904 -0.1476 0.7935 0.8823 -0.2091 0.4217 0.7298 -0.287 0.6205 0.9068 -0.3208 0.2735 0.9165 -0.3579 0.1785 0.9594 -0.2621 0.1043 0.9755 -0.1663 0.1443 0.9682 -0.1791 0.1745 0.9973 -0.0506 0.0541 0.9885 0.1105 0.1036 0.9612 0.0857 0.262 0.971 -0.0531 0.2333 0.976 -0.2174 0.0097 0.9259 -0.3402 0.1642 0.9474 -0.3088 0.0845 0.9308 -0.356 0.083 0.9439 -0.3278 0.0398 0.9316 -0.3624 0.0271 0.9172 -0.396 -0.0434 0.9353 -0.3372 -0.1072 0.7837 -0.2583 -0.5649 0.9552 -0.296 0.0045 0.9578 -0.2873 0.0074 0.9559 -0.2672 0.122 0.9465 -0.2775 -0.1649 0.7747 -0.239 0.5854 0.9662 -0.2576 -0.0059 0.962 -0.2548 0.0979 0.95 -0.2747 -0.1487 0.9555 -0.2539 -0.1504 0.6261 -0.1654 0.762 0.1885 -0.0462 0.981 0.9238 -0.3215 0.2081 0.9435 -0.328 0.0467 0.9208 -0.359 0.1527 0.9234 0.3694 0.1042 0.7884 0.5419 0.2911 0.5701 0.711 0.4117 0.5799 0.8067 0.1136 0.2826 0.9282 0.2421 0.0775 0.7737 0.6288 0.3403 0.6693 0.6605 0.1608 0.4004 0.9021 0.1339 0.5287 0.8382 0.1339 0.5392 0.8315 -0.0547 0.5082 0.8595 -0.826 0.3521 0.4402 -0.2939 0.0612 0.9539 -0.9626 0.244 0.1176 -0.2486 0.519 0.8179 -0.6271 0.2468 0.7388 -0.6857 0.5878 0.4293 0.0367 0.8161 0.5767 -0.4018 0.7602 0.5105 -0.061 0.1707 0.9834 -0.233 0.4127 0.8805 0.0759 0.5786 0.8121 0.004 0.5653 0.8249 -0.0296 0.6008 0.7988 0.4667 0.3262 0.8221 -0.0717 0.2543 0.9645 0.1496 0.0601 0.9869 -0.0101 0.0372 0.9993 -0.0114 0.0206 0.9997 0.3936 0.1117 0.9125 0.3428 0.0891 0.9352 0.4914 0.6284 0.6031 0.7249 0.207 0.6571 0.5846 0.2803 0.7614 0.11 0.5013 0.8582 0.0086 0.4825 0.8758 0.5366 0.6632 0.5217 0.8142 0.5286 0.2399 0.5227 0.7482 -0.4086 0.0217 0.9987 0.0462 -0.2635 0.7563 0.5988 -0.0597 0.281 0.9578 0.0184 0.4491 0.8933 0.0423 0.5113 0.8584 0.1009 0.8256 0.5551 -0.0563 0.5568 0.8287 -0.1192 0.7479 0.653 -0.0391 0.9416 0.3343 -0.1041 0.9722 0.2098 0.0573 0.9886 0.1394 0.0476 0.7187 0.6937 0.0032 0.4107 0.9118 -0.11 0.926 0.3611 -0.2393 0.7954 0.5568 -0.4461 0.6807 0.5811 -0.18 0.4119 0.8933 -0.5438 0.433 0.7189 -0.7545 0.4792 0.4486 -0.8621 0.3576 0.3591 -0.6311 0.6829 0.3678 -0.3966 0.2441 0.8849 -0.5093 0.249 0.8238 -0.01 0.2203 0.9754 -0.0813 0.2264 0.9706 -0.1596 0.1805 0.9705 0.089 0.1624 0.9827 0.2058 0.174 0.963 0.3611 0.3351 0.8703 0.8166 0.4832 0.3156 0.6058 0.5528 0.5723 0.6614 0.7129 0.2331 0.4485 0.8416 0.301 0.3385 0.644 0.6861 0.1737 0.4036 0.8983 0.3605 0.9279 0.0954 0.2027 0.91 0.3617 0.8931 0.3297 0.3061 0.7991 0.2299 0.5555 0.9675 0.2372 0.0872 0.8879 0.1428 0.4374 0.9348 0.1598 0.3172 0.9375 0.2615 0.2298 0.8416 0.1914 0.5051 0.6093 0.2921 0.7372 0.4766 0.1289 0.8696 0.0437 0.0544 0.9976 -0.0214 0.9784 0.2057 -0.0034 0.0168 0.9999 0.0015 0.1611 0.9869 -0.0597 0.1486 0.9871 0 0.0003 1 0.0708 0.9307 0.3589 0.1801 0.8647 0.4689 0.34 0.94 0.0284 0.2652 0.8452 0.4641 0.4778 0.7931 -0.3778 0.4098 0.8848 0.2219 0.467 0.7235 0.5084 0.3393 0.6987 0.6298 0.2215 0.486 0.8454 0.3062 0.4579 0.8346 0.401 0.3876 0.83 0.5892 0.464 0.6615 0.4308 0.3898 0.8139 0.3615 0.2541 0.8971 0.3369 0.4718 0.8148 0.5541 0.6783 0.4826 0.5968 0.7482 -0.2898 0.6685 0.7206 0.184 0.6649 0.6471 -0.373 0.508 0.3973 -0.7643 0.7521 0.61 0.2496 0.7995 0.5785 0.1618 0.4736 0.3117 0.8237 0.6043 0.5705 0.5562 0.4707 0.859 0.2017 0.1024 -0.0671 0.9925 -0.9982 0.0178 0.0573 -0.9998 -0.0033 0.0214 -0.9938 -0.0812 -0.0754 -0.9144 -0.3385 -0.2222 -0.7144 -0.6966 -0.0665 -0.7515 -0.5752 -0.3231 -0.6589 -0.4218 -0.6228 -0.9597 -0.1174 -0.2555 -0.579 -0.25 -0.7761 -0.5859 -0.1265 -0.8005 -0.081 -0.2462 -0.9658 -0.2302 -0.2556 -0.939 -0.2048 -0.6589 -0.7238 -0.0945 -0.442 -0.892 -0.0995 -0.3928 -0.9142 -0.2145 -0.95 -0.227 -0.1928 -0.9254 -0.3263 -0.3844 -0.9005 -0.2034 -0.4043 -0.8881 -0.2186 -0.3452 -0.5631 -0.7508 -0.4941 -0.763 -0.4168 -0.3206 -0.7418 -0.589 -0.6035 -0.7447 -0.285 -0.6624 -0.6191 -0.4217 -0.7787 -0.4799 -0.4041 -0.813 -0.4046 -0.4188 -0.9745 -0.1963 0.1086 -0.9698 -0.1628 -0.1815 -0.5677 -0.6521 -0.5025 -0.1346 -0.3999 -0.9066 -0.348 -0.4942 -0.7967 -0.196 -0.1753 -0.9648 -0.2844 -0.0835 -0.9551 -0.5645 -0.0551 -0.8236 -0.3829 -0.1287 -0.9148 -0.8451 -0.0933 -0.5264 -0.9813 -0.0683 -0.18 -0.995 -0.0654 -0.076 -0.9907 -0.0531 -0.1252 -0.9985 -0.0547 0.0094 -0.9697 -0.0462 0.24 -0.9956 -0.0493 0.0798 -0.9351 -0.0391 0.3523 -0.996 -0.0503 0.0743 -0.9428 -0.0332 0.3318 -0.9891 -0.0581 0.1353 -0.9942 -0.0493 0.0953 -0.9986 -0.0451 0.0273 -0.9988 -0.0492 0.0055 -0.9988 -0.0484 0.0111 -0.9999 -0.0102 0.0085 -0.979 -0.0499 0.1975 -0.955 -0.0242 0.2958 -0.9969 0.0651 0.0442 -0.7118 -0.0198 0.7021 -0.3174 -0.0387 0.9475 -0.7069 -0.0292 0.7067 -0.2115 -0.0188 0.9772 -0.1151 -0.0025 0.9933 -0.2001 -0.003 0.9798 -0.4072 -0.0185 0.9132 -0.485 -0.0189 0.8743 -0.7611 -0.0258 0.6482 -0.9657 -0.0491 0.2551 -0.1865 0.0029 0.9824 -0.1958 0.0045 0.9806 0.0731 -0.0051 0.9973 -0.0267 0.0078 0.9996 -0.3608 0.0319 0.9321 -0.5941 -0.0203 0.8042 -0.9941 -0.0642 0.0877 -0.9781 -0.0545 -0.2008 -0.966 -0.0351 -0.2561 -0.8046 -0.0327 -0.5929 -0.2464 0.0111 -0.9691 -0.0722 0.0147 -0.9973 -0.481 -0.0169 -0.8766 -0.9819 -0.0664 -0.1774 -0.8391 -0.0614 -0.5405 -0.9919 -0.0599 -0.1121 -0.8623 -0.0506 -0.5038 -0.9951 -0.0718 0.0678 -0.9966 -0.0822 -0.0027 -0.997 -0.0728 -0.0265 -0.9736 -0.0603 -0.2202 -0.5673 -0.0194 -0.8233 -0.7748 -0.0127 -0.6321 -0.802 0.0325 -0.5964 -0.3195 0.1182 -0.9402 -0.1321 0.2106 -0.9686 -0.1847 0.136 -0.9733 -0.4564 0.111 -0.8828 -0.0897 0.1705 -0.9813 -0.9619 -0.0673 -0.2649 -0.9911 -0.1238 -0.0489 -0.9959 -0.0905 -0.0038 -0.9958 -0.0915 -0.0038 -0.9811 -0.0483 -0.1872 -0.9961 -0.0807 -0.0359 -0.967 -0.0382 -0.252 -0.9765 -0.1246 0.1758 -0.9738 -0.0452 -0.2228 -0.9954 -0.0804 -0.0529 -0.9944 -0.0921 -0.0525 -0.9651 -0.1484 0.2155 -0.9127 -0.1646 0.374 0.2298 0.1978 -0.9529 -0.6126 0.1386 -0.7781 0.3264 0.2324 -0.9162 0.8602 0.1633 -0.4831 1 0 0 -0.9966 -0.082 -0.0025 -0.9949 -0.077 0.0644 -0.3777 0.0484 0.9247 -0.9454 -0.049 0.3222 -0.6963 -0.0019 0.7178 -0.9471 -0.0524 0.3167 -0.995 -0.0701 0.0709 -0.9982 -0.0591 -0.0052 -0.9672 -0.0685 -0.2444 -0.9983 -0.0549 0.0194 -0.9951 -0.0546 0.0827 -0.9962 -0.0564 0.0665 -0.2191 0.0034 0.9757 -0.0165 0.0095 0.9998 -0.9952 -0.0727 0.0657 -0.2697 0.0124 0.9629 -0.1437 0.0833 0.9861 0.0687 0.131 0.989 -0.3452 0.0821 0.9349 0.0018 0.1411 0.99 0.1791 0.1843 0.9664 0.4346 0.1365 0.8902 0.136 0.1137 0.9842 0.4463 0.0911 0.8902 0.1653 0.0891 0.9822 0.3216 0.2016 0.9252 -0.2755 -0.0859 0.9575 -0.343 -0.2558 0.9038 -0.5858 -0.4761 0.6559 -0.7046 -0.691 0.1614 -0.7899 -0.5852 0.183 -0.5257 -0.5986 -0.6045 0.0407 -0.0591 -0.9974 0.666 0.337 -0.6655 -0.4881 -0.8577 -0.1616 0.7883 -0.3158 -0.5281 -0.1121 -0.8274 -0.5503 0.7938 0.0511 -0.606 0.2328 -0.8401 0.4898 0.3959 -0.7259 -0.5625 0.5741 -0.6029 0.554 0.8807 0.0575 0.4702 0.2611 -0.1873 0.947 0.7461 -0.2683 0.6094 0.7271 0.2456 0.6411 0.4094 0.1766 0.8951 0.1182 -0.0017 0.993 0.48 0.008 0.8773 0.3524 -0.0898 0.9315 0.0578 -0.1715 0.9835 -0.3255 -0.367 0.8714 -0.0896 -0.2986 0.9502 -0.3143 -0.4704 0.8246 -0.3065 -0.4416 0.8433 -0.4463 -0.3683 0.8156 -0.5334 -0.7194 0.4449 -0.4889 -0.5808 0.6509 -0.5659 -0.7802 0.2665 -0.536 -0.7261 0.4308 -0.0921 -0.1127 0.9894 -0.0367 0.0013 0.9993 -0.3167 -0.5968 0.7372 0.0751 -0.5186 0.8517 -0.1578 -0.8501 0.5025 0.0031 -0.2249 0.9744 -0.0602 -0.2747 0.9596 0.6792 0.2462 0.6914 0.8543 0.4127 0.3161 0.9232 0.384 0.0177 0.86 0.4143 0.2979 0.8718 0.2922 -0.3932 0.6374 0.2428 -0.7313 0.7456 0.1733 0.6435 0.8131 0.1892 -0.5505 0.346 0.1609 0.9243 0.3466 0.0655 0.9357 0.9984 0.0532 0.0192 0.9974 0.0672 0.0261 0.9426 0.1182 0.3122 0.9837 0.1296 0.1244 0.97 0.0544 0.237 0.9994 -0.0262 0.0203 -0.9946 -0.0914 0.0496 -0.9934 -0.1141 0.008 -0.993 -0.1165 0.0212 -0.9895 -0.1444 -0.0012 -0.9898 -0.1419 0.0098 -0.7041 -0.1718 -0.689 -0.9204 -0.2535 -0.2977 -0.6963 -0.3004 -0.6519 -0.6431 -0.689 0.3342 -0.7368 -0.4534 0.5016 0.3408 -0.5788 0.7408 0.1889 -0.3974 0.898 0.072 0.0115 0.9973 0.0433 -0.0808 0.9958 -0.8205 -0.3788 0.4281 -0.759 -0.4332 0.486 -0.0002 0.0009 1 0.0019 -0.0026 1 0.6965 0.3208 0.6419 0.6639 0.3308 0.6707 0.6395 0.3302 0.6942 0.887 0.4487 -0.1091 0.879 0.3906 -0.2734 0.808 0.3076 -0.5025 0.9037 0.3867 -0.1838 0.8795 0.0249 0.4752 0.9343 0.3096 -0.1766 0.4291 0.1594 0.8891 0.636 0.1824 0.7498 0.0001 0.0002 1 0.0045 -0.004 1 0.6819 0.2905 0.6713 0.4909 0.2235 0.842 0.0768 0.1131 -0.9906 -0.0423 0.2102 -0.9767 -0.1277 0.031 -0.9913 -0.3959 -0.0266 -0.9179 -0.778 -0.0448 -0.6267 -0.9592 -0.1705 -0.2257 -0.3404 -0.1405 -0.9297 -0.1249 -0.0374 -0.9915 -0.015 0.0657 -0.9977 0.1734 0.1297 -0.9763 0.1261 0.0707 -0.9895 0.4396 0.2147 -0.8721 -0.0229 0.002 -0.9997 0.725 -0.0617 -0.6859 0.3278 0.1061 -0.9388 0.7623 0.1945 -0.6173 0.9141 0.0741 0.3986 0.6931 -0.1474 -0.7056 0.3778 -0.3252 -0.8669 0.5807 -0.6152 -0.5332 0.2293 -0.7564 -0.6126 -0.1812 -0.7588 -0.6256 0.0988 -0.9849 -0.1422 -0.3915 -0.7507 0.5321 -0.1066 -0.8726 0.4766 0.2837 -0.7914 0.5415 0.5957 -0.6036 0.5299 0.8437 -0.3331 0.4209 -0.4374 -0.7197 0.5392 -0.6317 -0.6911 -0.3512 -0.5185 -0.743 -0.4233 -0.589 -0.6052 0.5355 -0.2239 -0.8909 -0.3952 -0.5784 -0.5518 -0.6009 -0.5316 -0.5654 -0.6306 -0.5383 -0.6167 -0.5744 -0.4653 -0.2632 -0.8451 -0.5043 -0.4862 -0.7136 -0.269 -0.6354 -0.7238 -0.4391 -0.74 -0.5095 -0.4419 -0.6456 -0.6228 -0.2365 -0.5508 -0.8004 -0.2496 -0.4397 -0.8628 -0.1591 -0.3934 -0.9055 -0.1043 -0.2834 -0.9533 -0.0715 -0.3225 -0.9439 -0.0474 -0.2759 -0.96 0.0042 -0.0584 -0.9983 0.0676 -0.1747 -0.9823 -0.0199 -0.2101 -0.9775 0.1342 -0.253 -0.9581 0.104 -0.0981 -0.9897 0.2313 -0.1071 -0.967 0.2123 -0.0883 -0.9732 0.1452 -0.2452 -0.9585 -0.1866 0.246 -0.9512 -0.6155 0.7421 -0.2653 -0.3593 0.5066 -0.7837 -0.3795 0.8083 -0.4501 -0.2336 0.5679 -0.7892 -0.0616 0.2471 -0.967 -0.1339 0.4611 -0.8772 -0.1574 0.9515 -0.2643 -0.0591 0.7401 -0.6699 0.0119 -0.0685 -0.9976 0.007 0.5216 -0.8531 0.0493 0.273 -0.9607 0.0217 0.0063 -0.9997 0.162 0.6789 -0.7161 0.4508 0.8678 -0.2092 0.5982 0.7368 -0.3152 0.1685 0.2321 -0.958 0.3949 0.4182 -0.818 0.5893 0.5888 -0.5532 -0.2959 -0.3686 -0.8812 -0.3288 -0.2475 -0.9114 -0.0504 -0.1095 -0.9927 -0.0068 0.0663 -0.9978 0.3316 0.171 -0.9278 0.711 0.4891 -0.5052 0.0141 -0.0395 -0.9991 0.8737 0.2538 -0.415 0.6156 0.3585 -0.7018 0.7226 -0.0085 -0.6912 0.2737 0.0167 -0.9617 0.657 0.1284 -0.7429 0.5875 0.0097 -0.8091 -0.2084 -0.0422 -0.9771 0.1462 -0.0739 -0.9865 0.0674 -0.0597 -0.9959 0.1305 -0.0973 -0.9867 0.0063 -0.0563 -0.9984 0.4447 -0.1317 -0.886 0.532 -0.188 -0.8256 0.8779 -0.1103 -0.4659 0.5786 -0.5388 -0.6123 0.927 -0.3622 -0.0974 0.6922 -0.7143 -0.1033 0.3454 -0.3176 -0.8831 0.5626 -0.3897 -0.7291 0.7828 -0.4421 -0.438 0.834 -0.4945 -0.2447 0.4801 -0.3922 -0.7846 0.1214 -0.1672 -0.9784 0.4129 -0.4468 -0.7937 0.5466 -0.8107 -0.2098 0.5158 -0.8351 -0.1909 0.4293 -0.8701 -0.2421 0.278 -0.9169 -0.2865 0.0164 -0.7284 -0.6849 0.1207 -0.1983 -0.9727 0.2265 -0.4837 -0.8454 0.1417 -0.5619 -0.815 0.0547 -0.0473 -0.9974 0.0183 -0.9494 -0.3136 0.0667 -0.3655 -0.9284 0.096 -0.6743 -0.7322 -0.0396 -0.9989 0.0267 0.0328 -0.1738 -0.9842 -0.0704 -0.6473 -0.759 -0.1782 -0.7598 -0.6252 0.0168 -0.1708 -0.9852 0.0574 -0.1189 -0.9913 -0.1913 -0.5251 -0.8292 -0.4406 -0.78 -0.4444 -0.1525 -0.3509 -0.9239 -0.2436 -0.3536 -0.9031 0.2011 0.0683 -0.9772 -0.3553 -0.2963 -0.8866 -0.7991 -0.5924 0.1025 -0.3077 -0.2295 -0.9234 -0.3449 -0.2002 -0.917 0.1197 0.035 -0.9922 0.136 0.0193 -0.9905 -0.3504 -0.1358 -0.9267 -0.775 -0.3069 -0.5524 -0.7205 -0.1955 -0.6653 -0.9417 -0.3348 -0.0344 -0.7835 -0.1975 -0.5892 -0.4231 -0.6151 -0.6653 -0.0045 -0.0005 -1 -0.7575 -0.4597 -0.4635 -0.9275 -0.3628 0.0901 -0.7098 -0.5818 -0.3972 -0.2094 -0.2226 -0.9522 -0.2756 -0.3598 -0.8914 -0.6278 -0.7539 -0.1937 -0.4499 -0.8924 -0.0344 -0.2775 -0.9096 -0.3093 -0.3535 -0.9009 -0.2519 -0.3642 -0.7121 -0.6003 -0.2201 -0.93 -0.2945 0.0002 0 -1 0.0049 0.7048 -0.7094 0.347 0.6245 -0.6997 0.1996 0.905 -0.3756 0.4833 0.5248 -0.7007 0.5925 0.7835 -0.1871 0.7608 0.6331 -0.1426 0.2976 0.3379 -0.8929 0.6758 0.5099 -0.5324 0.8669 0.4636 -0.183 -0.2405 0.9388 -0.2466 0.0327 0.9974 -0.0635 0.0187 0.9674 -0.2525 -0.3421 0.8951 -0.2858 -0.7023 0.1319 -0.6996 -0.6207 0.3512 -0.701 -0.8756 0.4825 -0.0218 -0.7982 0.536 -0.2749 -0.6951 0.571 -0.4367 -0.6597 0.6618 -0.356 -0.3941 0.6882 -0.6092 -0.5465 0.6184 -0.5647 -0.4899 0.4704 -0.7339 -0.2302 0.2809 -0.9317 -0.0172 0.05 -0.9986 0.4287 -0.6308 -0.6468 -0.2887 0.2401 -0.9268 -0.1949 0.16 -0.9677 0.1051 -0.0242 -0.9942 0.3325 0.0376 -0.9423 0.4572 -0.0089 -0.8893 0.3432 0.0511 -0.9379 0.1185 0.0165 -0.9928 0.1607 0.0152 -0.9869 -0.6202 0.0535 -0.7826 -0.4434 0.012 -0.8963 -0.8862 -0.0022 -0.4633 -0.9824 -0.1464 -0.1162 -0.8844 -0.0252 -0.466 -0.9736 0.011 -0.2279 -0.843 0.1122 -0.5261 -0.7155 -0.151 -0.6821 -0.1927 -0.031 -0.9808 0.1418 0.0185 -0.9897 -0.4301 0.1119 -0.8958 -0.1736 0.028 -0.9844 0.0793 0.0098 -0.9968 -0.4552 0.1757 -0.8729 -0.8225 0.2923 -0.488 -0.4098 0.243 -0.8792 -0.8372 0.3776 -0.3956 0.1818 -0.0543 -0.9818 -0.6243 0.4543 -0.6355 -0.8286 0.2074 -0.52 0.032 -0.4054 -0.9136 -0.0342 -0.2751 -0.9608 0.0745 -0.0343 -0.9966 0.6667 -0.0385 -0.7443 0.9682 0.0324 -0.2479 0.9945 -0.0532 -0.0897 0.962 0.1469 -0.2304 -0.7557 -0.592 -0.2801 -0.6163 -0.3956 -0.681 0.0479 -0.0462 -0.9978 0.1108 -0.177 -0.978 -0.5633 0.0172 -0.826 -0.9765 -0.0381 -0.2123 -0.9988 -0.0482 -0.0083 -0.8268 -0.0429 0.5609 -0.9911 -0.0537 0.1216 -0.9599 -0.0716 0.2711 -0.9937 -0.0367 -0.1055 -0.999 -0.0446 -0.0037 -0.9526 -0.0829 -0.2928 -0.9909 -0.0479 -0.1255 -0.8358 -0.0227 -0.5486 -0.8659 -0.072 -0.495 -0.9811 -0.0456 -0.1879 -0.9988 -0.0478 -0.0107 -0.995 -0.0508 0.0856 -0.8658 -0.0269 0.4997 -0.999 -0.0436 -0.0034 -0.9982 -0.0472 0.037 -0.9132 -0.0538 0.4039 -0.9941 -0.0501 0.0961 -0.9983 -0.0494 -0.0303 -0.9947 -0.0516 0.0894 -0.9947 -0.039 0.0951 -0.443 -0.0212 -0.8963 0.2347 -0.0305 0.9716 0.5006 -0.0982 0.8601 0.0573 -0.0007 0.9984 0.0022 0.002 1 -0.0663 0.0019 0.9978 0.7894 -0.1676 0.5906 0.8887 -0.1421 0.4359 0.9842 -0.1631 0.0689 0.9669 -0.1409 -0.2126 0.9886 -0.1338 0.0692 0.9918 -0.122 -0.0378 0.9702 -0.0981 -0.2215 0.776 -0.0975 -0.6232 -0.0609 -0.0218 0.9979 -0.1167 -0.008 0.9931 -0.9114 -0.071 0.4054 -0.9398 -0.0427 0.3391 -0.3022 -0.2707 -0.914 0.0953 0.0007 -0.9954 0.0899 -0.7065 -0.702 0.2406 -0.851 -0.4667 0.1553 -0.9775 -0.1428 0.2087 -0.8862 -0.4136 0.2873 -0.8685 -0.4039 0.4362 -0.8085 -0.3949 0.4211 -0.9067 -0.0259 0.5363 -0.844 0.0072 0.542 -0.8358 -0.0879 0.5899 -0.8055 0.0565 0.605 -0.727 0.3249 0.5982 -0.5788 0.5542 0.579 -0.5016 0.6428 0.6038 -0.422 0.6763 0.6672 -0.616 0.4188 0.7393 -0.4829 0.4694 0.5732 -0.3136 0.757 0.7263 -0.3353 0.6001 0.823 -0.2962 0.4846 0.8402 -0.5306 0.1117 0.8682 -0.4475 -0.2146 0.8207 -0.3578 -0.4454 0.9776 -0.1509 -0.1464 0.991 -0.0245 0.1319 0.8463 0.005 0.5326 0.9918 -0.0041 -0.128 0.8632 -0.0135 0.5047 0.949 -0.0012 0.3152 0.6592 0.0023 0.7519 0.5213 -0.0145 0.8532 0.5995 -0.0066 0.8003 0.8855 0.0846 0.4568 0.5472 0.0534 0.8353 0.4992 0.1442 0.8544 0.5019 -0.0236 0.8646 0.7834 -0.0691 0.6176 0.9247 -0.0597 0.376 0.5508 -0.0921 0.8295 0.324 -0.2407 -0.9149 0.663 -0.696 -0.2757 0.6333 -0.7213 0.2805 0.7469 -0.659 0.0885 0.7226 -0.5825 -0.3723 0.7762 -0.5127 -0.367 0.4068 -0.6331 -0.6586 0.358 -0.8768 -0.3209 0.3839 -0.7751 -0.5018 0.3618 -0.9013 -0.2382 0.4011 -0.8814 -0.2495 -0.7582 0.4288 -0.4912 -0.8073 0.4536 0.3776 -0.6966 0.483 0.5305 -0.8055 0.5816 0.1139 -0.8417 0.3473 0.4134 -0.5041 0.4358 0.7456 -0.3378 0.5055 0.794 -0.4435 0.3593 0.8211 -0.4288 0.4202 0.7998 -0.3915 0.5043 0.7696 -0.2316 0.4665 0.8537 -0.436 0.6224 0.6501 -0.5101 0.3478 0.7867 -0.5158 0.1911 0.8351 -0.677 0.1846 0.7125 -0.7437 0.0916 0.6622 -0.7776 0.0653 0.6253 -0.6943 0.1439 0.7051 -0.8107 0.0329 0.5845 -0.9051 0.0134 0.425 -0.985 -0.0027 0.1727 -0.925 0.0814 -0.3712 -0.7071 0 -0.7071 -0.9919 0.0535 0.1154 -0.8929 0.0395 0.4485 -0.9278 0.1976 0.3166 -0.6536 0.3189 0.6864 -0.9234 0.3711 0.0981 -0.6903 0.2202 -0.6892 -0.8545 0.4019 -0.329 0.0066 -0.0948 -0.9955 0.4166 -0.0365 -0.9084 0.9959 -0.0859 0.0293</float_array><technique_common><accessor count="4488" source="#thigh_003-mesh-slim-nrm-array" stride="3"><param type="float" name="X"/><param type="float" name="Y"/><param type="float" name="Z"/></accessor></technique_common></source><source id="thigh_003-mesh-slim-pos"><float_array count="13464" id="thigh_003-mesh-slim-pos-array">0.04468 -0.000458 -0.056466 0.048122 -0.000403 -0.056292 0.048102 -0.000412 -0.056457 0.048186 -0.000712 -0.056723 0.048067 -0.000737 -0.056779 0.044024 -0.000754 -0.056762 0.040084 -0.000446 -0.056545 0.037277 -0.0004 -0.056366 0.037457 -0.000379 -0.048995 0.037093 -0.000517 -0.053595 0.037031 -0.000617 -0.055544 0.037187 -0.00046 -0.048832 0.037024 -0.000661 -0.048847 0.036621 -0.005471 -0.048685 0.036069 -0.008888 -0.048539 0.035976 -0.008027 -0.049137 0.035996 -0.007939 -0.056076 0.034149 -0.013584 -0.049109 0.033697 -0.014662 -0.056472 0.033823 -0.01437 -0.055901 0.031347 -0.019086 -0.056472 0.033748 -0.015715 -0.056795 0.033137 -0.016433 -0.056727 0.042479 -0.022219 -0.05673 0.041325 -0.023751 -0.056795 0.031508 -0.019633 -0.056795 0.030123 -0.021015 -0.05666 0.03105 -0.019451 -0.053486 0.031019 -0.019474 -0.049018 0.026624 -0.025053 -0.056392 0.026458 -0.025153 -0.049959 0.026258 -0.025569 -0.056655 0.036157 -0.031257 -0.056757 0.032347 -0.034751 -0.056795 0.038431 -0.028443 -0.05675 0.039579 -0.027322 -0.05629 0.038617 -0.028621 -0.056295 0.041043 -0.025128 -0.051453 0.040889 -0.025369 -0.051956 0.038556 -0.028663 -0.056517 0.040891 -0.025367 -0.053406 0.040846 -0.025433 -0.053087 0.040823 -0.025463 -0.052458 0.041226 -0.024736 -0.051196 0.040852 -0.02537 -0.053026 0.041199 -0.024776 -0.054065 0.040822 -0.025407 -0.052591 0.040862 -0.025351 -0.052201 0.041011 -0.025161 -0.05161 0.041132 -0.024961 -0.051337 0.041481 -0.024304 -0.050825 0.041919 -0.023525 -0.050394 0.042392 -0.022844 -0.050009 0.042669 -0.022349 -0.048995 0.042974 -0.021767 -0.04976 0.043264 -0.02118 -0.049746 0.043341 -0.021076 -0.049013 0.044392 -0.018828 -0.049674 0.04383 -0.02004 -0.048706 0.044777 -0.017065 -0.048509 0.034378 -0.013635 -0.04856 0.034894 -0.011834 -0.048773 0.029589 -0.021831 -0.04858 0.028313 -0.023182 -0.048813 0.024411 -0.027256 -0.048647 0.023576 -0.027784 -0.049155 0.020131 -0.030309 -0.049014 0.019627 -0.030608 -0.05615 0.016669 -0.032319 -0.056493 0.012805 -0.033963 -0.056353 0.012804 -0.033952 -0.04898 0.009459 -0.035191 -0.048593 0.008454 -0.03525 -0.048796 0.005024 -0.035849 -0.048822 0.005469 -0.035741 -0.052649 -0.004033 -0.035874 -0.052182 0.002098 -0.036082 -0.048995 -0.003484 -0.03594 -0.048995 -0.004045 -0.035887 -0.056251 -0.008579 -0.035065 -0.050238 -0.008915 -0.034973 -0.048996 -0.017534 -0.031551 -0.055985 -0.007998 -0.03529 -0.05655 -0.011402 -0.034292 -0.056482 -0.003491 -0.036007 -0.056545 -0.003159 -0.036282 -0.056757 0.00145 -0.036669 -0.056795 -0.015828 -0.044345 -0.056795 -0.02727 -0.03841 -0.056795 -0.023384 -0.041108 -0.05677 -0.017376 -0.03191 -0.056731 -0.022043 -0.029245 -0.056795 -0.024146 -0.040434 -0.056795 -0.015502 -0.033153 -0.056795 -0.016656 -0.044389 -0.05672 0.007794 -0.035879 -0.056795 0.012213 -0.034663 -0.056795 -0.008824 -0.046261 -0.056795 0.000335 -0.047129 -0.056795 -0.025731 -0.026127 -0.056795 -0.029951 -0.021287 -0.056795 -0.032834 -0.016545 -0.056795 -0.031938 -0.017758 -0.056724 -0.031704 -0.017726 -0.056503 -0.032048 -0.016825 -0.054866 -0.034028 -0.012814 -0.056511 -0.035372 -0.008601 -0.056247 -0.035296 -0.009298 -0.056655 -0.03596 -0.006079 -0.056515 -0.036307 -0.005845 -0.056776 -0.036312 -0.004121 -0.056601 -0.036527 -0.000663 -0.056212 -0.036809 -0.000422 -0.056455 -0.036715 -0.000432 -0.056328 -0.036697 -0.000428 -0.052644 -0.036532 -0.000651 -0.049087 -0.036483 -0.000859 -0.052645 -0.03658 -0.000618 -0.048808 -0.036768 -0.000915 -0.048565 -0.036026 -0.005658 -0.048788 -0.035421 -0.00827 -0.049747 -0.035066 -0.009725 -0.04884 -0.035128 -0.010493 -0.048526 -0.033458 -0.014646 -0.048541 -0.033985 -0.012826 -0.048951 -0.032454 -0.016327 -0.0487 -0.031095 -0.018753 -0.048664 -0.029604 -0.020972 -0.048688 -0.030016 -0.020502 -0.049085 -0.028727 -0.022029 -0.056162 -0.030617 -0.019497 -0.05655 -0.028514 -0.022471 -0.056635 -0.027436 -0.023955 -0.056727 -0.025646 -0.025517 -0.056321 -0.024233 -0.026906 -0.056484 -0.024776 -0.026658 -0.056727 -0.021146 -0.029403 -0.056636 -0.022709 -0.028085 -0.055544 -0.014456 -0.033191 -0.056585 -0.012672 -0.034161 -0.056763 -0.008228 -0.035458 -0.056759 -0.01983 -0.030225 -0.048953 -0.018757 -0.03092 -0.048797 -0.015175 -0.0328 -0.048776 -0.015985 -0.032354 -0.048995 -0.01361 -0.03348 -0.048765 -0.012294 -0.034069 -0.048613 -0.008767 -0.035092 -0.048767 -0.015828 -0.044345 -0.048495 -0.015528 -0.032856 -0.048553 -0.02118 -0.029701 -0.048543 -0.025511 -0.025795 -0.04863 -0.026075 -0.025367 -0.048581 -0.025951 -0.02519 -0.048941 -0.023379 -0.02757 -0.049089 -0.023011 -0.02794 -0.048747 -0.028105 -0.023378 -0.048517 -0.032037 -0.018077 -0.048495 -0.028942 -0.037484 -0.048541 -0.024146 -0.040434 -0.048495 -0.035677 -0.030967 -0.048495 -0.033257 -0.033769 -0.048549 -0.029657 -0.036685 -0.048495 -0.035241 -0.032047 -0.048803 -0.032121 -0.035155 -0.048786 -0.031265 -0.03594 -0.049 -0.033165 -0.034244 -0.056499 -0.031711 -0.035477 -0.056545 -0.033259 -0.033768 -0.056741 -0.037642 -0.029271 -0.04896 -0.035679 -0.031595 -0.05647 -0.03706 -0.029988 -0.056295 -0.040379 -0.025423 -0.052052 -0.037287 -0.029501 -0.048621 -0.040128 -0.0257 -0.048626 -0.040918 -0.024505 -0.048787 -0.039927 -0.025203 -0.048495 -0.043346 -0.01985 -0.048607 -0.040661 -0.02437 -0.048514 -0.042325 -0.022076 -0.048811 -0.043197 -0.020481 -0.049311 -0.041903 -0.022874 -0.050014 -0.042294 -0.022164 -0.049789 -0.041382 -0.023776 -0.050388 -0.041461 -0.023579 -0.050334 -0.040914 -0.02456 -0.050908 -0.040586 -0.025092 -0.051458 -0.040605 -0.025033 -0.051462 -0.040497 -0.025176 -0.051747 -0.040388 -0.025375 -0.052212 -0.040326 -0.025505 -0.052738 -0.040353 -0.025448 -0.052736 -0.040394 -0.025384 -0.053153 -0.040532 -0.025182 -0.053706 -0.040703 -0.024913 -0.054107 -0.040972 -0.024474 -0.054508 -0.040857 -0.024639 -0.054305 -0.041475 -0.023636 -0.055052 -0.039418 -0.026824 -0.056474 -0.040966 -0.024386 -0.05662 -0.037822 -0.028215 -0.056795 -0.040451 -0.024438 -0.056795 -0.038745 -0.027674 -0.056669 -0.034326 -0.032619 -0.05678 -0.029048 -0.037421 -0.056738 -0.026523 -0.039452 -0.056634 -0.022692 -0.041794 -0.056571 -0.023506 -0.041343 -0.048714 -0.025529 -0.039987 -0.048609 -0.021135 -0.042104 -0.048495 -0.02032 -0.042762 -0.048561 -0.020098 -0.043127 -0.048795 -0.019387 -0.043431 -0.056478 -0.008423 -0.046572 -0.048515 -0.008824 -0.046261 -0.048495 -0.011612 -0.046059 -0.048642 -0.010746 -0.046362 -0.048995 -0.014135 -0.045439 -0.048874 -0.011719 -0.04615 -0.056324 -0.009761 -0.046592 -0.049003 -0.010846 -0.046234 -0.056646 -0.013955 -0.045335 -0.056673 -0.017298 -0.044308 -0.056454 -0.011367 -0.045705 -0.056795 -0.006759 -0.047089 -0.056487 -0.008919 -0.046752 -0.056295 -0.004861 -0.047242 -0.056693 8.5e-05 -0.047455 -0.056734 -0.00058 -0.047561 -0.056548 0.001746 -0.047624 -0.056465 -0.000452 -0.047673 -0.049041 0.005732 -0.047315 -0.056298 0.006198 -0.047108 -0.056705 0.008207 -0.04665 -0.056776 0.013015 -0.045696 -0.056737 0.022442 -0.029307 -0.056795 0.016257 -0.044797 -0.056633 0.01314 -0.045897 -0.056284 0.01998 -0.04343 -0.056298 0.016136 -0.044854 -0.048637 0.018072 -0.043759 -0.048495 0.019122 -0.0315 -0.048495 0.000335 -0.047129 -0.048495 0.027143 -0.038889 -0.048495 0.020649 -0.030108 -0.048639 0.017032 -0.032133 -0.048787 0.016491 -0.032696 -0.048536 0.013913 -0.033627 -0.048654 0.010564 -0.035221 -0.048495 0.005914 -0.036194 -0.048495 0.003507 -0.036313 -0.048533 0.000973 -0.036233 -0.048771 -0.001266 -0.036407 -0.048533 -0.008239 -0.035722 -0.048495 -0.005888 -0.035804 -0.048627 0.023978 -0.028173 -0.048495 0.034416 -0.033044 -0.048508 0.03376 -0.034084 -0.048994 0.034153 -0.033679 -0.048787 0.027431 -0.024561 -0.048524 0.040489 -0.0251 -0.048495 0.043819 -0.019257 -0.048507 0.037997 -0.029295 -0.048648 0.038657 -0.028569 -0.048992 0.040979 -0.025233 -0.048865 0.041532 -0.024331 -0.050696 0.041822 -0.023839 -0.050412 0.040071 -0.026233 -0.048559 0.036997 -0.03064 -0.048995 0.035345 -0.03247 -0.056473 0.030962 -0.03661 -0.049012 0.032906 -0.03481 -0.056612 0.028154 -0.038733 -0.056295 0.029928 -0.037384 -0.056511 0.028604 -0.038157 -0.056727 0.025184 -0.040344 -0.056779 0.018001 -0.043777 -0.056795 0.023531 -0.041538 -0.056627 0.025053 -0.040758 -0.048995 0.025482 -0.040525 -0.056424 0.02804 -0.038815 -0.048992 0.027677 -0.038987 -0.048675 0.031007 -0.03611 -0.04851 0.023278 -0.041686 -0.048622 0.02437 -0.041092 -0.048745 0.020988 -0.042939 -0.048995 0.019395 -0.04352 -0.056663 0.021686 -0.04232 -0.056729 0.019342 -0.043609 -0.048665 0.031062 -0.036412 -0.048745 0.027656 -0.024734 -0.056795 0.023727 -0.027865 -0.05668 0.022881 -0.028324 -0.056295 0.02086 -0.02985 -0.056495 0.018987 -0.031389 -0.056757 0.013428 -0.033889 -0.05671 0.010073 -0.03487 -0.056608 0.006865 -0.035645 -0.056624 0.007385 -0.035431 -0.056293 0.002706 -0.036255 -0.056677 8.2e-05 -0.036195 -0.056502 -0.001359 -0.036097 -0.056293 0.03296 -0.017177 -0.048495 0.032018 -0.018137 -0.048581 0.006069 -0.046807 -0.048495 0.000675 -0.047325 -0.048521 -0.004608 -0.047383 -0.048783 -0.007043 -0.047009 -0.048745 -0.00341 -0.047491 -0.048995 -0.002242 -0.047565 -0.056295 -0.00341 -0.047491 -0.056295 -0.002959 -0.047233 -0.048526 0.003185 -0.047449 -0.048612 0.008611 -0.046906 -0.049008 0.008297 -0.046977 -0.048806 0.010243 -0.046312 -0.048549 0.012999 -0.045581 -0.048523 0.011743 -0.046234 -0.048822 0.009616 -0.046693 -0.056494 -0.016592 -0.044445 -0.048604 -0.027622 -0.038768 -0.048826 -0.028363 -0.038252 -0.056284 -0.045364 -0.013541 -0.056795 -0.043433 -0.019159 -0.056772 -0.044254 -0.017988 -0.056547 -0.044884 -0.01647 -0.056295 -0.046047 -0.01248 -0.056729 -0.046076 -0.011036 -0.056795 -0.046169 -0.012621 -0.056468 -0.045557 -0.014575 -0.054795 -0.045737 -0.014021 -0.054595 -0.046068 -0.01291 -0.05401 -0.045778 -0.013858 -0.054461 -0.045283 -0.015252 -0.054867 -0.044912 -0.015709 -0.054945 -0.04443 -0.017297 -0.055284 -0.044477 -0.017491 -0.055438 -0.043697 -0.01922 -0.055549 -0.043878 -0.019019 -0.056039 -0.042988 -0.020644 -0.055524 -0.043248 -0.020031 -0.055523 -0.043263 -0.019391 -0.055496 -0.041212 -0.017495 -0.054731 -0.041291 -0.007379 -0.054617 -0.044368 -0.017054 -0.055262 -0.045622 -0.013352 -0.054172 -0.045395 -0.013963 -0.054465 -0.043744 -0.0074 -0.055373 -0.044408 -0.007379 -0.054336 -0.0453 -0.002179 -0.053191 -0.045769 -0.007379 -0.053242 -0.045631 -0.007497 -0.051608 -0.046089 -0.011689 -0.052548 -0.046009 -0.011802 -0.052142 -0.046055 -0.011742 -0.052993 -0.046007 -0.011745 -0.053147 -0.046007 -0.01222 -0.053475 -0.04626 -0.012025 -0.053309 -0.046206 -0.011747 -0.052807 -0.046316 -0.012035 -0.053394 -0.045975 -0.013009 -0.054027 -0.045925 -0.012582 -0.053717 -0.045822 -0.013181 -0.05404 -0.045381 -0.014332 -0.054528 -0.045696 -0.013715 -0.054291 -0.045852 -0.0124 -0.05369 -0.046379 -0.011784 -0.053036 -0.046361 -0.011883 -0.052007 -0.046401 -0.011679 -0.052575 -0.046498 -0.011343 -0.048794 -0.045983 -0.012738 -0.048565 -0.046291 -0.010211 -0.048495 -0.046957 -0.008037 -0.048533 -0.047403 -0.006946 -0.048816 -0.047618 -0.005294 -0.048785 -0.047401 -0.00725 -0.056272 -0.047168 -0.007355 -0.056745 -0.03476 -0.011718 -0.056773 -0.044862 -0.000879 -0.056795 -0.047825 -0.0028 -0.056607 -0.047698 -0.000908 -0.056764 -0.047548 -0.000479 -0.056593 -0.047966 -0.000887 -0.056451 -0.047899 -0.000679 -0.056536 -0.047674 -0.000466 -0.056618 -0.04758 -0.000412 -0.05648 -0.041579 -0.000379 -0.056295 -0.039609 -0.000446 -0.056545 -0.036854 -0.000676 -0.056756 -0.042236 -0.000629 -0.056729 -0.044862 -0.000629 -0.056729 -0.036681 -0.000628 -0.056652 -0.044862 -0.000446 -0.048745 -0.042892 -0.000412 -0.04887 -0.036982 -0.000379 -0.048995 -0.036745 -0.000429 -0.048968 -0.036758 -0.000493 -0.048699 -0.036732 -0.000869 -0.048563 -0.03717 -0.000548 -0.048574 -0.047478 -0.000689 -0.048527 -0.042236 -0.000629 -0.048562 -0.047564 -0.000896 -0.048493 -0.047741 -0.000755 -0.048557 -0.047914 -0.000647 -0.048765 -0.047945 -0.000668 -0.04896 -0.048001 -0.000964 -0.048907 -0.047665 -0.004572 -0.048745 -0.047483 -0.004552 -0.048562 -0.047744 -0.000449 -0.051732 -0.047973 -0.000649 -0.055388 -0.047689 -0.000424 -0.048874 -0.047562 -0.000445 -0.048756 -0.047609 -0.000437 -0.048783 -0.047489 -0.000628 -0.048562 -0.036084 -0.006812 -0.048523 -0.044442 -0.01645 -0.048495 -0.044721 -0.016878 -0.048797 -0.043879 -0.018918 -0.048995 -0.044275 -0.017994 -0.04976 -0.045228 -0.015401 -0.050364 -0.044896 -0.016434 -0.050029 -0.045199 -0.015609 -0.050222 -0.045225 -0.01513 -0.050504 -0.045557 -0.014294 -0.050765 -0.045347 -0.014398 -0.050723 -0.044962 -0.015609 -0.050376 -0.044674 -0.016199 -0.050201 -0.043856 -0.007404 -0.049971 -0.044347 -0.017106 -0.050031 -0.043968 -0.018097 -0.049895 -0.043855 -0.018662 -0.049829 -0.044056 -0.018126 -0.049899 -0.04457 -0.016954 -0.050066 -0.044551 -0.016608 -0.050127 -0.044815 -0.016463 -0.050135 -0.04437 -0.017682 -0.049875 -0.043927 -0.018749 -0.049748 -0.043078 -0.020389 -0.049767 -0.042966 -0.020839 -0.04968 -0.042448 -0.020545 -0.04982 -0.041141 -0.007379 -0.050775 -0.041039 -0.007378 -0.051912 -0.041897 -0.002179 -0.051282 -0.043774 -0.002179 -0.050735 -0.041706 -0.002179 -0.054202 -0.043762 -0.007379 -0.050781 -0.041954 -0.007379 -0.054093 -0.040359 -0.025398 -0.052645 -0.040755 -0.024731 -0.054099 -0.04107 -0.02418 -0.054538 -0.040707 -0.024854 -0.05402 -0.040508 -0.025163 -0.053576 -0.040397 -0.025336 -0.053106 -0.040604 -0.025039 -0.053823 -0.040998 -0.02436 -0.054458 -0.041279 -0.023904 -0.054764 -0.041651 -0.023139 -0.055046 -0.041574 -0.023434 -0.055036 -0.042062 -0.022576 -0.05534 -0.042035 -0.022387 -0.055281 -0.042284 -0.022105 -0.055382 -0.043023 -0.020747 -0.055644 -0.042607 -0.021531 -0.05647 -0.04166 -0.022817 -0.056729 -0.042619 -0.02155 -0.055607 -0.042278 -0.021947 -0.049894 -0.041412 -0.023566 -0.050425 -0.040767 -0.024704 -0.051158 -0.045488 -0.013627 -0.05094 -0.045965 -0.012654 -0.051543 -0.046097 -0.011893 -0.052172 -0.046256 -0.01208 -0.051928 -0.046067 -0.012945 -0.051178 -0.045841 -0.013673 -0.050895 -0.04563 -0.014284 -0.048794 -0.045813 -0.012535 -0.051476 -0.045664 -0.013212 -0.051159 -0.043638 -0.019032 -0.055481 -0.045084 -0.015937 -0.055189 0.036772 -0.0068 -0.048495 0.047519 -0.007604 -0.048528 0.046153 -0.014169 -0.048797 0.045698 -0.015548 -0.050201 0.044407 -0.018753 -0.049726 0.044781 -0.017913 -0.049778 0.04359 -0.020283 -0.049778 0.043887 -0.019368 -0.049791 0.04515 -0.016193 -0.050199 0.044554 -0.017813 -0.049926 0.042531 -0.022316 -0.049987 0.04101 -0.007671 -0.051878 0.040979 -0.007564 -0.052418 0.042002 -0.007454 -0.050489 0.042942 -0.007424 -0.05004 0.043657 -0.007429 -0.049918 0.045296 -0.014213 -0.050289 0.044931 -0.007624 -0.050114 0.045591 -0.014868 -0.050529 0.045474 -0.015384 -0.050412 0.045557 -0.015412 -0.050427 0.045058 -0.016629 -0.050131 0.045539 -0.015626 -0.050354 0.045611 -0.015659 -0.050291 0.045749 -0.015387 -0.050295 0.044781 -0.017529 -0.049969 0.044331 -0.018764 -0.049787 0.045214 -0.016828 -0.049979 0.044352 -0.018568 -0.049844 0.044923 -0.016831 -0.050075 0.044741 -0.017322 -0.049994 0.045098 -0.016341 -0.050168 0.045996 -0.014682 -0.050455 0.046302 -0.013718 -0.050866 0.046122 -0.014125 -0.050788 0.046004 -0.014246 -0.050784 0.045928 -0.01411 -0.050837 0.046563 -0.012133 -0.051868 0.04683 -0.011701 -0.052676 0.046811 -0.011902 -0.05209 0.046618 -0.012654 -0.051399 0.046914 -0.011598 -0.052562 0.046876 -0.011689 -0.052842 0.046805 -0.011955 -0.053305 0.046737 -0.012098 -0.053409 0.046055 -0.013515 -0.054247 0.046113 -0.013695 -0.054296 0.045305 -0.014788 -0.054985 0.045965 -0.013651 -0.054353 0.045754 -0.008241 -0.054812 0.046199 -0.012795 -0.053973 0.046338 -0.012278 -0.053659 0.046317 -0.00745 -0.053531 0.045426 -0.007485 -0.054821 0.045808 -0.007392 -0.0543 0.044582 -0.007426 -0.055214 0.043552 -0.007496 -0.055398 0.042311 -0.01946 -0.055117 0.04515 -0.016195 -0.055092 0.044615 -0.017653 -0.055344 0.044802 -0.017159 -0.055271 0.045219 -0.016231 -0.055066 0.04553 -0.015501 -0.054881 0.045574 -0.015757 -0.055018 0.045702 -0.015504 -0.054999 0.046021 -0.01444 -0.054605 0.046219 -0.013811 -0.054374 0.046297 -0.013727 -0.054415 0.046529 -0.012974 -0.05408 0.046209 -0.014045 -0.056293 0.04743 -0.008361 -0.056745 0.047652 -0.008318 -0.056295 0.047107 -0.01079 -0.056458 0.047824 -0.005528 -0.056749 0.048205 -0.004627 -0.056458 0.046588 -0.010877 -0.056795 0.041397 -0.000879 -0.056795 0.048403 -0.000893 -0.056558 0.048457 -0.000872 -0.056388 0.048464 -0.00089 -0.056295 0.048447 -0.000731 -0.049021 0.048368 -0.002778 -0.048995 0.048057 -0.005649 -0.048803 0.047663 -0.008261 -0.056295 0.047663 -0.008261 -0.048995 0.048373 -0.001161 -0.048663 0.048136 -0.000886 -0.048519 0.048327 -0.000615 -0.048695 0.048028 -0.000407 -0.048808 0.047965 -0.000702 -0.048519 0.041397 -0.000538 -0.048653 0.037313 -0.000836 -0.04852 0.037306 -0.000516 -0.048658 0.048118 -0.000398 -0.048922 0.048223 -0.000442 -0.050873 0.048266 -0.000476 -0.048997 0.048459 -0.000875 -0.04891 0.048437 -0.000643 -0.056138 0.048214 -0.000446 -0.056295 0.048379 -0.000636 -0.056454 0.047063 -0.011044 -0.048798 0.048332 -0.002232 -0.056602 0.040084 -0.000629 -0.056729 0.037412 -0.000688 -0.056756 0.037156 -0.000803 -0.056679 0.037002 -0.001376 -0.056194 0.035504 -0.009921 -0.056496 0.03662 -0.007032 -0.056776 0.035094 -0.011712 -0.056739 0.044698 -0.017007 -0.056795 0.046195 -0.013686 -0.056663 0.044454 -0.018525 -0.056614 0.045409 -0.016353 -0.056293 0.045022 -0.017331 -0.05544 0.044706 -0.017969 -0.055432 0.044773 -0.01738 -0.0553 0.044279 -0.018818 -0.055474 0.045408 -0.016303 -0.055201 0.044948 -0.017211 -0.055278 0.045398 -0.016184 -0.055098 0.045926 -0.014891 -0.054903 0.045336 -0.016532 -0.055327 0.044234 -0.018647 -0.055451 0.043858 -0.019874 -0.055559 0.043757 -0.019503 -0.055495 0.044585 -0.018373 -0.055553 0.044232 -0.019187 -0.055647 0.04351 -0.02073 -0.055694 0.042813 -0.022069 -0.055471 0.041458 -0.024333 -0.054436 0.042624 -0.022323 -0.055362 0.042254 -0.022888 -0.05515 0.042137 -0.023294 -0.055124 0.041473 -0.024414 -0.0545 0.042097 -0.023381 -0.056301 0.041197 -0.024868 -0.054111 0.041026 -0.025142 -0.053754 0.040857 -0.02539 -0.053074 0.041127 -0.024881 -0.056595 0.043291 -0.021128 -0.05646 0.041594 -0.007611 -0.054547 0.042103 -0.007445 -0.054832 0.043642 -0.007396 -0.055331 0.044768 -0.007379 -0.054999 0.045636 -0.007379 -0.050765 0.043405 -0.007379 -0.050091 0.041262 -0.007393 -0.053603 0.046395 -0.00739 -0.052646 0.046487 -0.007577 -0.052645 0.046146 -0.007445 -0.05127 0.046398 -0.012151 -0.051766 0.046167 -0.012974 -0.05125 0.0465 -0.011727 -0.052221 0.046536 -0.011607 -0.052722 0.046632 -0.011768 -0.052338 0.046594 -0.011724 -0.052812 0.046555 -0.011923 -0.053198 0.045314 -0.007401 -0.050497 0.044839 -0.007475 -0.050135 0.041396 -0.007375 -0.05398 0.041033 -0.007454 -0.053001 0.041139 -0.007403 -0.051953 0.041904 -0.007378 -0.05074 0.036539 -0.006532 -0.056728 0.037027 -0.000697 -0.056491 0.037154 -0.000477 -0.056484 0.037457 -0.000446 -0.056545 0.046869 -0.011765 -0.053208 0.042512 -0.022494 -0.050027 0.045543 -0.015404 -0.048537 0.017738 0.04697 -0.011506 -0.002456 0.049749 -0.012027 -0.026734 0.04053 -0.010852 -0.034906 0.031894 -0.007794 0.022947 0.044109 -0.008865 0.012229 0.041656 -0.003062 0.005304 0.0356 0.000513 -0.04212 0.010171 -0.001922 0.010889 0.032275 0.001765 -0.046035 0.010149 -0.007496 0.012463 0.048594 -0.01184 -0.00015 0.050073 -0.014649 -0.016867 0.04602 -0.011243 -0.032441 0.038285 -0.017182 -0.037477 0.031216 -0.01211 0.018781 0.028642 0.00178 -0.047412 0.007349 -0.012691 -0.04425 0.002502 -0.003079 -0.023576 0.026625 0.003693 -0.031321 0.019063 0.002946 -0.036691 0.011312 0.00265 0.010864 0.047509 -0.008116 -0.001355 0.048056 -0.007886 -0.01151 0.045557 -0.006759 -0.017358 0.044089 -0.007777 -0.024341 0.039778 -0.006481 -0.040649 0.020879 -0.005096 0.022146 0.041882 -0.00553 0.010635 0.045114 -0.005276 0.000267 0.045994 -0.005146 -0.019641 0.040095 -0.004093 -0.027664 0.034761 -0.003943 -0.031659 0.032139 -0.004912 -0.039096 0.022507 -0.00472 -0.043296 0.013936 -0.004792 0.000378 0.042819 -0.002971 -0.011915 0.040637 -0.002656 -0.010731 0.03301 0.001784 -0.034545 0.021396 -0.000516 -0.000822 0.03354 0.002377 -0.006783 0.033219 0.002123 -0.021733 0.028139 0.002409 -0.029654 0.021436 0.002286 -0.040621 0.026058 -0.010858 -0.044501 0.017505 -0.009211 0.023028 0.037975 -0.003575 -0.015167 0.048131 -0.018052 0.010468 0.031457 0.006044 0.005911 0.033001 0.002582 -0.015883 0.03066 0.003944 -0.028659 0.02106 0.006604 -0.035808 0.011772 0.004848 -0.03939 0.00295 0.003244 -0.048382 0.006044 -0.018812 -0.046173 0.004933 -0.007303 -0.040285 0.001128 0.002187 -0.039127 0.001829 0.00584 -0.047684 0.011734 -0.014785 -0.046749 0.003743 -0.008989 -0.042448 0.001814 -0.00052 -0.028936 0.041214 -0.018228 -0.046357 0.019085 -0.016687 -0.019913 0.046597 -0.02171 -0.039787 0.030869 -0.018797 -0.042893 0.026893 -0.021769 -0.048041 0.015655 -0.021728 0.022677 0.045365 -0.015239 0.015294 0.048349 -0.018779 0.004841 0.050611 -0.021689 -0.003739 0.050612 -0.021761 -0.007295 0.049998 -0.018375 -0.023889 0.044529 -0.018678 -0.036596 0.034622 -0.018741 -0.041623 0.028356 -0.018902 -0.046425 0.019981 -0.021755 -0.048473 0.013366 -0.021765 0.018759 0.011492 0.011319 0.024332 0.008708 0.009768 -0.036413 0.003159 0.005002 -0.034978 0.007656 0.005143 -0.034368 0.009456 0.004381 -0.028205 0.019187 0.002371 -0.022257 0.023797 0.005488 -0.006968 0.030165 0.005802 0.015198 0.027086 0.005327 0.019606 0.023852 0.006104 0.027569 0.013965 0.004628 -0.034121 0.005124 0.007279 -0.027289 0.008897 0.010307 -0.012605 0.013132 0.01279 0.026901 0.007381 0.008607 -0.004645 0.031222 0.001243 0.024261 0.020211 0.000372 0.029225 0.009839 0.005125 -0.031243 0.010028 0.00791 -0.024765 0.016271 0.009235 -0.015352 0.020752 0.01066 -0.010459 0.023385 0.010292 0.001153 0.023517 0.010973 0.011917 0.022153 0.010337 0.018582 0.01945 0.009534 0.025829 0.014306 0.007552 -0.030149 0.015698 0.005498 -0.026375 0.019656 0.006185 -0.019649 0.025001 0.00679 -0.008083 0.028413 0.00776 0.006018 0.029402 0.006799 0.014448 0.025946 0.007401 0.023727 0.020054 0.005578 -0.036086 0.002896 0.006097 -0.037511 -8.1e-05 0.00385 0.023893 0.00425 0.010747 0.010933 0.02963 0.001557 -0.010575 -0.011089 0.013625 0.00306 -0.004485 0.014041 -0.038627 -0.017341 0.007487 0.011596 0.008288 0.013266 0.02128 0.001451 0.011802 0.00855 0.013231 0.012833 -0.020993 0.00555 0.012547 -0.036117 -0.001601 0.00763 -0.038614 -0.007295 0.005794 -0.039938 -0.014349 0.004663 -0.039582 -0.010736 0.002332 -0.039523 -0.010378 0.003857 0.001766 -0.016265 0.013255 -0.008869 -0.017558 0.013465 -0.030443 -0.017347 0.011231 0.008346 -0.012229 0.013348 -0.040198 -0.017353 0.004636 -0.040244 -0.017343 0.00049 -0.03872 -0.005677 0.003449 -0.015185 -0.001543 0.013698 -0.030816 -0.008706 0.011082 -0.003564 0.009435 0.013885 -0.038608 -0.005156 0.004267 0.017303 0.018814 0.012874 0.026256 0.006715 0.012079 -0.032133 0.009992 0.010513 -0.022194 0.016215 0.012961 -0.011592 0.020958 0.013719 0.003743 0.026019 0.012682 -0.033273 0.014993 0.00656 -0.022048 0.026542 0.007282 -0.009486 0.032145 0.006052 0.002338 0.032867 0.006097 -0.040206 6.1e-05 0.002745 0.007125 0.01937 0.014382 0.014868 0.012632 0.014846 -0.039646 0.000989 0.005424 0.029185 0.009799 0.009393 0.030793 0.011547 0.006984 0.021897 0.026003 0.00288 0.031319 0.012066 0.002412 0.02575 0.01358 0.010935 -0.036656 0.00758 0.007399 -0.030213 0.015337 0.009689 -0.018936 0.023712 0.011357 -0.004384 0.027258 0.011953 0.016751 0.02401 0.011115 0.026038 0.018369 0.008767 -0.013522 0.029902 0.008282 0.002175 0.031724 0.008526 0.014628 0.028775 0.008117 0.020167 0.026701 0.006802 0.026049 0.021388 0.005192 0.014784 -0.005416 0.015686 0.007785 0.009109 0.016065 -0.006666 0.013858 0.015624 -0.015433 0.012015 0.015131 -0.037825 0.001742 0.008495 -0.041851 -0.017335 0.007346 0.003511 -0.014056 0.015869 -0.031639 -0.017354 0.013434 0.022781 0.003032 0.013784 -0.040141 2.7e-05 0.004331 0.000526 -0.000379 0.016702 -0.019821 -0.002819 0.015849 -0.03129 -0.001276 0.013272 -0.039761 -0.017308 0.009825 -0.002273 -0.013778 0.016054 -0.042819 -0.01734 0.004973 -0.008829 -0.01742 0.01581 -0.019228 -0.017344 0.015254 0.003675 -0.015813 0.015769 -0.043081 -0.013207 -0.001833 -0.047705 -0.003856 -0.012007 -0.04133 -0.0038 0.001951 -0.045255 -0.00022 -0.004428 -0.043038 -0.017337 -0.003884 -0.047584 -0.017343 -0.018084 -0.048374 -0.013843 -0.021698 -0.047003 -0.011678 -0.011039 -0.048107 -0.011503 -0.015156 -0.048372 -0.006485 -0.018665 -0.048378 0.003613 -0.0188 -0.044403 -0.01736 -0.016648 -0.040842 -0.017354 -0.006082 -0.04486 -0.016938 -0.018808 -0.045293 -0.015779 -0.020558 -0.045864 -0.012356 -0.021808 0.026818 0.016603 -0.001468 0.020476 0.024486 0.000761 0.024202 0.028146 -0.003708 0.026867 0.020737 -0.003728 0.040372 0.021706 -0.015869 0.041549 0.023644 -0.017145 0.029825 0.010477 -0.00438 0.018686 0.029053 -0.001745 0.019571 0.033466 -0.003726 0.033182 0.014021 -0.010263 0.022092 0.04278 -0.014039 0.030348 0.025562 -0.007671 0.026693 0.036159 -0.007567 0.033218 0.031619 -0.011396 0.021889 0.035764 -0.005144 0.021634 0.041575 -0.008913 0.038379 0.029192 -0.016511 0.03346 0.034716 -0.015353 0.027364 0.039426 -0.012213 0.017629 0.026627 0.000986 0.026028 0.021921 0.000959 0.019065 0.028439 0.002109 0.026434 0.031815 -0.002935 0.021905 0.02847 0.000312 0.041521 0.02284 -0.013621 0.027522 0.041411 -0.009164 0.043206 0.024747 -0.015191 0.029291 0.041696 -0.021757 0.040296 0.031313 -0.017879 0.03879 0.031883 -0.014635 0.034526 0.037188 -0.015726 0.031801 0.01264 -0.002948 0.034805 0.015737 -0.008094 0.044031 0.025545 -0.017715 0.029607 0.02263 -0.00338 0.033299 0.034868 -0.009188 0.038378 0.033706 -0.021822 0.040682 0.026409 -0.021504 0.00709 0.047953 -0.021686 0.00077 0.048289 -0.021808 -0.020003 0.043578 -0.021808 -0.037101 0.030296 -0.021808 -0.045875 -0.001199 -0.021808 -0.045656 -0.009431 -0.014896 -0.045863 -0.009139 -0.021808 0.042245 0.023762 -0.01823 0.034692 0.034331 -0.021803 0.02324 0.042372 -0.021807 0.014759 0.046116 -0.021782 -0.012865 0.04635 -0.021808 -0.028749 0.038561 -0.021808 -0.042492 0.022204 -0.021807 -0.045884 0.011763 -0.021808 -0.045876 -0.004357 -0.021808 0.022002 0.045951 -0.021802 0.009579 0.050008 -0.021794 -0.00943 0.04972 -0.021808 -0.035207 0.036044 -0.021808 -0.04838 0.00439 -0.021808 0.042912 0.027549 -0.021163 -0.024735 0.044016 -0.021808 -0.033529 0.037812 -0.021773 0.033231 0.038568 -0.021808 0.004071 0.050469 -0.021808 -0.040736 -0.011415 -0.002145 -0.045355 -0.00127 -0.013798 -0.038352 -0.00195 0.001485 -0.044391 0.000757 -0.009174 -0.042819 0.00146 -0.005284 -0.038261 0.000494 0.000831 -0.004984 0.047977 -0.018398 -0.014906 0.045563 -0.018143 -0.0224 0.042474 -0.018745 -0.029477 0.037788 -0.018584 -0.038101 0.029269 -0.018603 -0.044479 0.017807 -0.018554 -0.04606 0.014065 -0.021695 0.015204 0.044194 -0.009016 -0.04167 0.01099 -0.005276 0.015869 0.039977 -0.005622 -0.038488 0.003936 -0.000221 -0.036578 0.004907 0.001854 0.006647 0.030831 0.000986 -0.001111 0.031769 0.000456 -0.014919 0.029124 0.001254 -0.033597 0.011616 0.001942 0.003703 0.046882 -0.011041 -0.011495 0.044967 -0.010935 -0.024797 0.038837 -0.010976 -0.035659 0.027666 -0.009169 -0.041626 0.018513 -0.010735 0.007087 0.044567 -0.007717 -0.009217 0.04222 -0.006214 -0.018456 0.040099 -0.007342 -0.029926 0.032046 -0.00718 -0.043384 0.010505 -0.007266 -0.023483 0.033548 -0.004406 -0.033346 0.02386 -0.004126 0.000317 0.043924 -0.006642 -0.015304 0.03063 -0.000502 -0.023538 0.024262 0.000891 -0.033462 0.014316 0.000267 0.010076 0.032151 -0.001057 -0.047668 0.001674 -0.056474 -0.047603 0.001629 -0.056301 -0.043549 0.001671 -0.056483 -0.043549 0.001871 -0.056729 -0.044862 0.002121 -0.056796 -0.036901 0.001828 -0.056731 -0.036162 0.006563 -0.056643 -0.03593 0.007534 -0.056386 -0.03651 0.002019 -0.056188 -0.035343 0.010115 -0.056364 -0.035522 0.009149 -0.049873 -0.036508 0.002002 -0.049138 -0.035646 0.009758 -0.056728 -0.036297 0.008041 -0.056796 -0.04588 0.014286 -0.056691 -0.044827 0.016491 -0.056796 -0.034755 0.013481 -0.056796 -0.033262 0.015755 -0.056279 -0.033062 0.015995 -0.050457 -0.033665 0.014842 -0.049087 -0.030261 0.021154 -0.049044 -0.031819 0.01893 -0.04866 -0.029762 0.022199 -0.048566 -0.026885 0.025383 -0.049362 -0.027217 0.025188 -0.048688 -0.023925 0.028472 -0.048685 -0.021991 0.030339 -0.048521 -0.022458 0.029581 -0.048986 -0.022573 0.029427 -0.054678 -0.022043 0.029896 -0.056394 -0.023574 0.029082 -0.056774 -0.020434 0.031192 -0.056595 -0.017552 0.032768 -0.056348 -0.017449 0.032908 -0.048779 -0.020157 0.031361 -0.04864 -0.022714 0.02996 -0.048496 -0.015842 0.045607 -0.048496 0.00014 0.048371 -0.048496 -0.007171 0.047793 -0.048496 -0.028204 0.039118 -0.048496 -0.023542 0.042325 -0.048561 -0.021722 0.043552 -0.048769 -0.019642 0.044591 -0.048847 -0.02081 0.044004 -0.056504 -0.019286 0.044726 -0.056475 -0.01625 0.045941 -0.048813 -0.017726 0.045164 -0.04853 -0.013386 0.046875 -0.048784 -0.013451 0.046897 -0.049008 -0.009061 0.047967 -0.056296 -0.014057 0.046673 -0.056505 -0.011865 0.047171 -0.056692 -0.010363 0.047367 -0.05677 -0.020413 0.031642 -0.056796 -0.015825 0.045625 -0.056796 -0.00783 0.047911 -0.056752 -0.004783 0.048162 -0.056796 0.00014 0.048371 -0.056796 -0.005247 0.048558 -0.056296 -0.003453 0.048663 -0.056616 0.000941 0.048727 -0.056677 0.00278 0.048312 -0.056796 0.004571 0.04864 -0.056513 0.000412 0.048897 -0.056325 0.002476 0.048802 -0.048791 0.006211 0.048477 -0.048816 0.011206 0.047539 -0.056546 0.009299 0.047503 -0.056796 0.011323 0.04729 -0.056749 0.013737 0.046435 -0.056796 0.016303 0.045587 -0.056796 0.027745 0.039652 -0.056796 0.022516 0.030488 -0.056796 0.024621 0.041676 -0.056796 0.006604 0.037383 -0.056796 0.001033 0.037873 -0.056796 -0.004502 0.037618 -0.056796 -0.010781 0.036237 -0.056796 0.016353 0.045889 -0.056739 0.026203 0.027373 -0.056796 0.030427 0.022527 -0.056796 0.031892 0.019832 -0.056726 0.033309 0.017787 -0.056796 0.035025 0.012628 -0.056509 0.035322 0.011395 -0.053166 0.031734 0.019738 -0.048704 0.029201 0.023283 -0.049225 0.026379 0.02656 -0.056526 0.02553 0.027317 -0.049023 0.029935 0.022278 -0.056235 0.033039 0.017245 -0.055899 0.032118 0.019007 -0.056511 0.029704 0.022828 -0.056653 0.027973 0.024845 -0.056602 0.023514 0.029219 -0.056636 0.025916 0.027116 -0.056653 0.024224 0.028428 -0.049684 0.018526 0.03311 -0.056788 0.021245 0.030899 -0.056596 0.017209 0.033289 -0.056605 0.018165 0.032702 -0.056296 0.012635 0.035247 -0.056142 0.018543 0.032459 -0.055695 0.011122 0.035788 -0.049193 0.015889 0.034071 -0.04861 0.018158 0.032815 -0.048694 0.019748 0.031764 -0.048996 0.019512 0.031933 -0.049169 0.025763 0.027255 -0.04867 0.025842 0.027331 -0.048563 0.028912 0.023731 -0.0487 0.030956 0.021733 -0.048496 0.016303 0.045587 -0.048496 0.024018 0.029307 -0.048496 0.016576 0.045879 -0.048605 0.027316 0.026038 -0.048518 0.027745 0.039652 -0.048496 0.017701 0.033536 -0.048496 0.013737 0.046435 -0.048496 0.024621 0.041676 -0.048496 -0.00379 0.037684 -0.048496 0.02157 0.030782 -0.048563 0.006604 0.037383 -0.048496 0.001033 0.037873 -0.048496 -0.0101 0.03646 -0.048496 0.009299 0.047503 -0.048496 0.008668 0.047849 -0.048538 0.003847 0.048235 -0.048496 0.01343 0.046876 -0.048614 0.011476 0.047383 -0.048593 0.01733 0.04573 -0.048848 0.020652 0.044319 -0.048813 0.023133 0.043021 -0.048678 0.025198 0.041764 -0.048624 0.027258 0.040629 -0.048888 0.027281 0.040263 -0.048548 0.030987 0.037715 -0.048642 0.033753 0.035035 -0.04854 0.033119 0.035906 -0.048808 0.036254 0.032696 -0.048782 0.035065 0.034014 -0.048996 0.034393 0.034163 -0.056796 0.040245 0.027048 -0.05677 0.033191 0.035774 -0.056682 0.037312 0.031327 -0.056659 0.037535 0.03123 -0.056296 0.036093 0.032939 -0.05627 0.040805 0.026743 -0.052864 0.037535 0.03123 -0.048996 0.03881 0.029566 -0.048813 0.040839 0.026684 -0.052227 0.036211 0.032164 -0.048496 0.035547 0.012522 -0.048496 0.037424 0.030922 -0.048542 0.040768 0.026679 -0.048628 0.039787 0.02826 -0.048996 0.041625 0.025389 -0.048806 0.041184 0.025574 -0.048525 0.043644 0.02181 -0.048979 0.0436 0.021325 -0.048554 0.045061 0.018359 -0.048744 0.044949 0.018142 -0.048562 0.044571 0.018544 -0.048496 0.044695 0.01948 -0.04915 0.043665 0.02163 -0.049663 0.044027 0.020668 -0.04977 0.043218 0.022349 -0.049813 0.042751 0.021942 -0.049892 0.042297 0.024036 -0.050151 0.041226 0.025975 -0.051197 0.040833 0.026641 -0.052648 0.042323 0.020956 -0.055127 0.041926 0.024734 -0.054894 0.042339 0.023959 -0.055171 0.042198 0.02431 -0.055095 0.043296 0.022198 -0.055512 0.04186 0.024957 -0.054865 0.042626 0.02365 -0.055381 0.04159 0.025345 -0.054581 0.041394 0.025691 -0.054341 0.041567 0.025513 -0.054619 0.041938 0.024891 -0.054995 0.041424 0.025753 -0.054464 0.041071 0.026314 -0.053823 0.041164 0.026127 -0.053994 0.040948 0.026462 -0.053477 0.040842 0.02667 -0.052965 0.040892 0.026602 -0.053319 0.040834 0.026669 -0.052468 0.040911 0.026537 -0.051972 0.040843 0.026625 -0.052408 0.041248 0.026023 -0.05113 0.041729 0.025243 -0.050486 0.042312 0.024226 -0.050067 0.042581 0.023702 -0.049973 0.041993 0.024631 -0.050341 0.041523 0.02546 -0.050784 0.041641 0.025329 -0.050635 0.041051 0.026346 -0.051509 0.041061 0.026341 -0.053877 0.041229 0.025974 -0.054095 0.040138 0.027707 -0.056522 0.040824 0.025792 -0.056796 0.042583 0.023178 -0.056758 0.043897 0.019958 -0.056796 0.043524 0.021868 -0.056488 0.044383 0.019557 -0.05675 0.045101 0.018338 -0.056456 0.045857 0.015577 -0.056729 0.045775 0.016523 -0.054928 0.046068 0.015706 -0.054727 0.046459 0.014448 -0.054198 0.046197 0.015054 -0.054356 0.046657 0.01379 -0.053887 0.04632 0.014894 -0.05649 0.046814 0.013201 -0.053358 0.046813 0.013516 -0.049061 0.047915 0.007738 -0.056583 0.047722 0.007637 -0.056729 0.048201 0.005922 -0.048855 0.048464 0.002137 -0.052646 0.048356 0.001833 -0.052418 0.048497 0.002085 -0.05644 0.048331 0.001926 -0.056611 0.048216 0.002128 -0.056728 0.048152 0.001672 -0.056454 0.047984 0.001708 -0.056582 0.045337 0.001871 -0.056729 0.047964 0.001621 -0.056296 0.037457 0.001621 -0.052646 0.037347 0.00165 -0.056465 0.040084 0.001688 -0.056546 0.037285 0.001904 -0.056734 0.037082 0.001871 -0.056512 0.037014 0.001969 -0.056469 0.037023 0.001871 -0.053077 0.036672 0.005907 -0.056513 0.03557 0.010727 -0.049073 0.036477 0.004687 -0.052666 0.037044 0.001826 -0.048944 0.037073 0.001902 -0.048693 0.037371 0.001732 -0.048672 0.037316 0.001635 -0.049004 0.045337 0.001688 -0.048746 0.042054 0.0017 -0.048825 0.037419 0.001941 -0.048523 0.037111 0.00612 -0.048496 0.036829 0.005519 -0.048624 0.04755 0.008344 -0.048517 0.03662 0.005803 -0.048996 0.036209 0.008363 -0.0488 0.035553 0.011479 -0.04859 0.046344 0.013825 -0.048529 0.047694 0.008706 -0.048636 0.046577 0.0141 -0.048812 0.046462 0.014455 -0.051044 0.046682 0.013667 -0.051565 0.046792 0.013245 -0.051945 0.046664 0.013375 -0.051917 0.046745 0.012928 -0.052665 0.04658 0.013137 -0.05219 0.046677 0.013003 -0.052792 0.046822 0.013047 -0.052985 0.046496 0.013329 -0.053356 0.046345 0.013834 -0.053745 0.046155 0.014289 -0.054059 0.046078 0.014973 -0.054294 0.045873 0.015275 -0.054474 0.045207 0.017281 -0.055067 0.044217 0.00865 -0.055378 0.046029 0.014655 -0.054251 0.041766 0.008621 -0.054617 0.043832 0.020941 -0.05551 0.043953 0.020431 -0.055513 0.044505 0.019597 -0.05545 0.044425 0.019905 -0.055516 0.044746 0.018925 -0.055351 0.045215 0.018067 -0.055319 0.045517 0.016854 -0.054931 0.046684 0.013497 -0.053535 0.046825 0.012962 -0.052581 0.0469 0.012882 -0.05256 0.046483 0.013857 -0.053729 0.04451 0.019806 -0.05559 0.044378 0.020218 -0.055797 0.043283 0.022163 -0.055484 0.043002 0.022941 -0.055507 0.042748 0.023272 -0.055357 0.043014 0.023025 -0.056351 0.042273 0.024299 -0.055215 0.041799 0.025107 -0.054834 0.040978 0.008621 -0.051907 0.045149 0.017441 -0.050201 0.04443 0.012824 -0.049865 0.045754 0.015579 -0.050682 0.04395 0.00862 -0.049703 0.0463 0.013861 -0.051459 0.046548 0.012997 -0.052308 0.046503 0.012995 -0.052185 0.046174 0.008876 -0.052153 0.046208 0.008668 -0.053586 0.046549 0.012934 -0.052831 0.046369 0.013346 -0.053582 0.046474 0.013845 -0.051576 0.046325 0.014887 -0.050901 0.045756 0.015912 -0.050652 0.045983 0.015464 -0.050828 0.045606 0.016534 -0.050474 0.045923 0.016121 -0.050469 0.045311 0.017818 -0.050026 0.045358 0.017362 -0.050253 0.045135 0.018277 -0.04992 0.045028 0.018464 -0.049951 0.044977 0.018461 -0.049996 0.044869 0.018571 -0.049999 0.044442 0.01934 -0.049895 0.044404 0.0197 -0.049851 0.044635 0.018845 -0.049957 0.044822 0.018349 -0.050031 0.044927 0.01811 -0.05008 0.045301 0.017133 -0.050292 0.043739 0.021188 -0.049777 0.044331 0.020108 -0.04976 0.044659 0.01933 -0.049846 0.044667 0.019418 -0.049755 0.04785 0.006068 -0.048522 0.045337 0.002121 -0.048496 0.048072 0.002009 -0.048519 0.048121 0.003957 -0.048562 0.048124 0.001875 -0.048591 0.04803 0.001724 -0.048694 0.045337 0.001871 -0.048562 0.048323 0.001733 -0.048873 0.048125 0.001638 -0.048933 0.048392 0.001976 -0.048732 0.034459 0.014159 -0.048789 0.033727 0.017002 -0.048496 0.032851 0.017748 -0.048676 0.034354 0.01494 -0.048563 0.037236 0.00167 -0.052332 0.037241 0.001688 -0.048871 0.037156 0.001718 -0.048997 0.037087 0.001782 -0.050512 0.037162 0.001713 -0.055975 0.037258 0.001662 -0.05637 0.037104 0.001754 -0.056284 0.035805 0.009867 -0.056296 0.035956 0.009469 -0.056474 0.034751 0.014002 -0.056736 0.036137 0.009576 -0.056729 0.036107 0.010711 -0.056796 0.046983 0.010574 -0.056796 0.047465 0.010288 -0.056617 0.036723 0.007246 -0.056774 0.048018 0.002072 -0.056796 0.045337 0.002121 -0.056796 0.041397 0.002121 -0.056796 0.03705 0.004756 -0.056753 0.048073 0.004693 -0.056729 0.032066 0.036769 -0.05666 0.02997 0.038578 -0.056509 0.028045 0.039753 -0.056741 0.027994 0.040006 -0.056546 0.02643 0.041063 -0.056546 0.023329 0.042891 -0.056642 0.020897 0.043908 -0.056759 0.019741 0.044781 -0.056524 0.019689 0.044731 -0.056544 0.015155 0.046544 -0.056297 0.01307 0.047146 -0.048969 0.009394 0.047994 -0.048996 0.008416 0.048205 -0.056353 0.009895 0.04788 -0.04878 0.004071 0.048476 -0.048552 -0.001357 0.048597 -0.048546 -0.002752 0.048286 -0.048496 -0.001518 0.04883 -0.048794 -0.002574 0.048794 -0.048995 -0.005338 0.048549 -0.048996 -0.00612 0.048187 -0.048549 -0.009677 0.047546 -0.048532 -0.008304 0.048091 -0.048752 -0.009938 0.047785 -0.048912 -0.0067 0.048376 -0.056292 -0.010426 0.047703 -0.056478 -0.012437 0.046885 -0.048542 0.013821 0.046795 -0.056643 0.014671 0.0464 -0.056729 0.024877 0.042106 -0.056296 0.026979 0.040806 -0.056289 0.030966 0.03782 -0.056296 0.021614 0.043345 -0.048496 0.02126 0.043894 -0.04862 0.023807 0.029033 -0.048619 0.011986 0.035572 -0.048664 0.008562 0.036547 -0.048655 0.009365 0.036222 -0.048997 0.011922 0.035848 -0.048528 0.003762 0.037241 -0.049007 0.007729 0.0366 -0.048996 0.00488 0.037227 -0.048631 -0.001185 0.037361 -0.049305 0.003981 0.03718 -0.049747 0.000329 0.037506 -0.048678 -0.000531 0.037624 -0.048563 -0.003551 0.037427 -0.048563 -0.002762 0.037291 -0.048809 -0.005916 0.036791 -0.049511 -0.012595 0.035035 -0.049884 -0.008338 0.036365 -0.048972 -0.010887 0.035795 -0.04867 -0.013433 0.034745 -0.049011 -0.013387 0.03493 -0.048619 -0.016083 0.03414 -0.048496 -0.016915 0.033417 -0.048564 -0.010928 0.035896 -0.048563 -0.006199 0.037066 -0.048565 -0.00635 0.036859 -0.048744 -0.012619 0.035049 -0.056296 -0.010705 0.035741 -0.056493 -0.009605 0.03611 -0.056609 -0.00793 0.036606 -0.056671 -0.013224 0.034984 -0.056671 -0.016083 0.03414 -0.056796 -0.016915 0.033417 -0.056728 -0.014383 0.034411 -0.056546 -0.01416 0.034436 -0.056295 -0.019472 0.031935 -0.056729 -0.005299 0.036992 -0.056504 -0.007202 0.03661 -0.056296 -0.006408 0.036765 -0.056296 -0.002762 0.037291 -0.056483 -0.005401 0.037189 -0.056729 -0.00144 0.037473 -0.056637 0.001126 0.03737 -0.056279 0.002139 0.037572 -0.056729 1.8e-05 0.037573 -0.056691 0.004791 0.037131 -0.056481 0.002712 0.03732 -0.054895 0.004698 0.037264 -0.056674 0.008543 0.03647 -0.056496 0.009196 0.036263 -0.055544 0.010852 0.035808 -0.05629 0.005906 0.037184 -0.056729 0.00778 0.036844 -0.056729 0.011857 0.035907 -0.056774 0.013353 0.035101 -0.056661 0.011332 0.035804 -0.056655 0.014086 0.034721 -0.056525 0.015736 0.034087 -0.056652 0.03303 0.017211 -0.056296 0.008431 0.047999 -0.056716 0.003866 0.048484 -0.056729 -0.017665 0.045164 -0.056742 -0.017329 0.04553 -0.056493 -0.016209 0.045982 -0.056296 -0.024321 0.041572 -0.056796 -0.020903 0.043626 -0.056772 -0.023543 0.042325 -0.05673 -0.023702 0.042489 -0.056488 -0.026914 0.04052 -0.056299 -0.026113 0.040961 -0.056546 -0.025259 0.041598 -0.049008 -0.027399 0.040172 -0.048996 -0.026012 0.040807 -0.048562 -0.028869 0.03882 -0.048564 -0.026991 0.04041 -0.048733 -0.027679 0.039975 -0.048996 -0.030005 0.038202 -0.048831 -0.029179 0.038867 -0.056296 -0.031291 0.037159 -0.056275 -0.03121 0.037056 -0.056656 -0.02825 0.039424 -0.056641 -0.026662 0.040386 -0.056728 -0.027421 0.03958 -0.056796 -0.031887 0.03598 -0.056796 -0.02613 0.026679 -0.056766 -0.034995 0.033169 -0.056757 -0.036923 0.030643 -0.056796 -0.037433 0.030383 -0.056728 -0.03505 0.033554 -0.056297 -0.034693 0.033838 -0.056551 -0.033202 0.035057 -0.056729 -0.03317 0.035435 -0.056296 -0.033286 0.035325 -0.048995 -0.034694 0.033905 -0.048996 -0.031909 0.036475 -0.048647 -0.034446 0.033688 -0.048516 -0.02502 0.028016 -0.048496 -0.027749 0.024943 -0.04852 -0.036286 0.031392 -0.048496 -0.038978 0.027896 -0.048496 -0.034655 0.033775 -0.048613 -0.036588 0.03163 -0.048639 -0.037199 0.031096 -0.049029 -0.037269 0.030929 -0.056485 -0.038142 0.029863 -0.056296 -0.039516 0.027977 -0.056455 -0.038936 0.028483 -0.056717 -0.040382 0.026663 -0.05329 -0.040607 0.026302 -0.053885 -0.040636 0.026223 -0.053892 -0.040927 0.025775 -0.0544 -0.040357 0.026649 -0.052644 -0.040751 0.025976 -0.054098 -0.041282 0.025045 -0.054767 -0.040478 0.026475 -0.053521 -0.040421 0.026594 -0.05333 -0.040446 0.026494 -0.053364 -0.040368 0.026626 -0.052908 -0.040372 0.026652 -0.052972 -0.040334 0.026734 -0.052746 -0.040353 0.026704 -0.052312 -0.040427 0.026574 -0.051966 -0.040568 0.02637 -0.051453 -0.040379 0.026631 -0.052263 -0.040735 0.026003 -0.051216 -0.040524 0.026378 -0.051664 -0.040667 0.026206 -0.05128 -0.040781 0.025984 -0.051133 -0.041056 0.025574 -0.0507 -0.040449 0.026598 -0.049016 -0.041324 0.024998 -0.048746 -0.039448 0.02795 -0.048655 -0.038688 0.028835 -0.048567 -0.029366 0.023231 -0.048496 -0.041829 0.023601 -0.04852 -0.032422 0.018333 -0.048512 -0.042581 0.022155 -0.048519 -0.045052 0.015884 -0.048496 -0.034429 0.014282 -0.048496 -0.043963 0.019857 -0.048745 -0.043996 0.020004 -0.049275 -0.044113 0.019623 -0.049676 -0.043137 0.021757 -0.048996 -0.042208 0.023525 -0.048829 -0.042643 0.02275 -0.049671 -0.041984 0.023976 -0.049921 -0.04152 0.024778 -0.050261 -0.041328 0.024967 -0.050495 -0.041799 0.024115 -0.050161 -0.041368 0.024028 -0.050362 -0.042837 0.021976 -0.049812 -0.042548 0.021639 -0.049804 -0.043771 0.019833 -0.049843 -0.043264 0.02103 -0.049789 -0.044675 0.017436 -0.050199 -0.044079 0.019056 -0.049926 -0.043521 0.020815 -0.049741 -0.043688 0.020136 -0.049818 -0.044031 0.019571 -0.04985 -0.044372 0.018881 -0.0499 -0.044198 0.019389 -0.049778 -0.043891 0.020116 -0.049684 -0.044321 0.019131 -0.049734 -0.044693 0.018214 -0.049876 -0.044618 0.018377 -0.049908 -0.044712 0.018027 -0.050045 -0.045102 0.017102 -0.05018 -0.044736 0.017842 -0.050112 -0.045038 0.01717 -0.05023 -0.045457 0.016045 -0.050513 -0.045241 0.01641 -0.05048 -0.045611 0.015575 -0.050678 -0.045487 0.015545 -0.050772 -0.045257 0.015819 -0.050651 -0.045517 0.01507 -0.050945 -0.045066 0.016428 -0.05047 -0.044714 0.015262 -0.050239 -0.04395 0.008819 -0.049983 -0.042698 0.008744 -0.049924 -0.0448 0.017327 -0.050258 -0.044638 0.008819 -0.050264 -0.045754 0.014292 -0.051289 -0.045684 0.014192 -0.051242 -0.045547 0.008777 -0.051057 -0.045818 0.008738 -0.051644 -0.045819 0.013689 -0.051522 -0.046007 0.012932 -0.052157 -0.046016 0.008804 -0.052992 -0.046045 0.012942 -0.052328 -0.046065 0.012892 -0.052579 -0.045644 0.008819 -0.054021 -0.045691 0.008746 -0.054041 -0.045743 0.008649 -0.053657 -0.045136 0.008648 -0.054519 -0.044645 0.008838 -0.055083 -0.044624 0.00872 -0.055003 -0.044663 0.014761 -0.055072 -0.043836 0.008664 -0.055297 -0.044297 0.008621 -0.054997 -0.045298 0.008621 -0.054203 -0.04219 0.008623 -0.055086 -0.045563 0.00863 -0.051384 -0.041652 0.008621 -0.050644 -0.042866 0.008634 -0.050028 -0.041022 0.00863 -0.054013 -0.045817 0.008621 -0.052979 -0.04455 0.00862 -0.050398 -0.040632 0.008619 -0.052395 -0.042231 0.008621 -0.054998 -0.040701 0.008659 -0.051815 -0.04058 0.008662 -0.052829 -0.040474 0.008734 -0.052689 -0.040883 0.008794 -0.05122 -0.040461 0.014761 -0.052646 -0.041703 0.008742 -0.050375 -0.043697 0.008688 -0.049958 -0.044624 0.00872 -0.050288 -0.044839 0.008643 -0.050497 -0.045828 0.008648 -0.051984 -0.045961 0.008681 -0.052336 -0.041604 0.008645 -0.050557 -0.040767 0.008749 -0.053841 -0.041337 0.00872 -0.054571 -0.041862 0.008892 -0.055086 -0.041871 0.021368 -0.055112 -0.043181 0.008708 -0.05539 -0.043263 0.008648 -0.055295 -0.041601 0.008644 -0.05473 -0.043281 0.020689 -0.055496 -0.043421 0.020675 -0.055498 -0.043747 0.020056 -0.055463 -0.043726 0.020223 -0.055491 -0.043788 0.020258 -0.055544 -0.043227 0.021448 -0.055554 -0.043757 0.020428 -0.055641 -0.043137 0.021757 -0.056296 -0.043762 0.020373 -0.056489 -0.044357 0.019058 -0.055561 -0.044262 0.019255 -0.05552 -0.044591 0.018428 -0.055375 -0.04412 0.019298 -0.055393 -0.044587 0.018238 -0.055254 -0.044345 0.018703 -0.055311 -0.04465 0.018212 -0.055293 -0.045011 0.017204 -0.055052 -0.045044 0.017258 -0.055148 -0.045237 0.016752 -0.055081 -0.04535 0.016362 -0.054872 -0.04523 0.016769 -0.056296 -0.045271 0.016509 -0.054882 -0.045613 0.015633 -0.054685 -0.045735 0.015283 -0.056294 -0.046604 0.011989 -0.056605 -0.046051 0.014242 -0.054149 -0.046852 0.01116 -0.056286 -0.046445 0.012827 -0.052492 -0.046242 0.013526 -0.048834 -0.047135 0.009695 -0.048788 -0.046401 0.012939 -0.052877 -0.046373 0.012945 -0.052558 -0.046324 0.012992 -0.05282 -0.046283 0.013399 -0.051748 -0.045972 0.014287 -0.051277 -0.046235 0.013218 -0.052074 -0.04589 0.014284 -0.051318 -0.046058 0.013171 -0.052056 -0.046234 0.012973 -0.052555 -0.046035 0.012926 -0.053003 -0.046163 0.013078 -0.053016 -0.045869 0.013859 -0.05378 -0.045971 0.013941 -0.053796 -0.04626 0.01324 -0.053251 -0.046318 0.013262 -0.053403 -0.04612 0.013862 -0.053798 -0.045873 0.014809 -0.054356 -0.045628 0.015346 -0.054469 -0.045362 0.015656 -0.054561 -0.045669 0.014432 -0.054115 -0.045643 0.014369 -0.054132 -0.045863 0.01352 -0.053659 -0.045255 0.015643 -0.054636 -0.045266 0.016252 -0.054751 -0.044763 0.017418 -0.055054 -0.045013 0.016847 -0.054907 -0.044675 0.017437 -0.055092 -0.044327 0.018401 -0.055271 -0.04414 0.018895 -0.055344 -0.043848 0.019643 -0.055431 -0.044295 0.018655 -0.055299 -0.044392 0.01834 -0.055248 -0.045915 0.014618 -0.051059 -0.045989 0.01445 -0.051037 -0.045507 0.015977 -0.050429 -0.045223 0.016791 -0.050201 -0.045244 0.01673 -0.048996 -0.044678 0.017677 -0.048564 -0.045527 0.01571 -0.048743 -0.046322 0.012322 -0.048561 -0.04687 0.010582 -0.048667 -0.047242 0.007671 -0.048562 -0.04667 0.009671 -0.048496 -0.036627 0.005965 -0.048496 -0.03631 0.007823 -0.048496 -0.044862 0.002121 -0.048496 -0.047582 0.002116 -0.048501 -0.047534 0.005037 -0.048539 -0.047668 0.006224 -0.048779 -0.047884 0.002119 -0.048683 -0.047911 0.002328 -0.048705 -0.047972 0.001977 -0.04894 -0.047632 0.001647 -0.048874 -0.047749 0.001789 -0.048667 -0.047909 0.001824 -0.049755 -0.047791 0.001718 -0.048998 -0.047582 0.001628 -0.053019 -0.044862 0.001621 -0.048996 -0.047362 0.001733 -0.048659 -0.04768 0.002117 -0.04853 -0.040922 0.001871 -0.048562 -0.040266 0.001654 -0.048871 -0.036982 0.001621 -0.056296 -0.036829 0.00167 -0.056483 -0.036641 0.001738 -0.05627 -0.036738 0.001685 -0.055544 -0.036647 0.001772 -0.052646 -0.036551 0.001866 -0.056296 -0.036576 0.001923 -0.056521 -0.036775 0.001917 -0.056712 -0.036582 0.001812 -0.048964 -0.03629 0.004843 -0.048942 -0.036652 0.001767 -0.04884 -0.036695 0.001824 -0.048657 -0.036925 0.001627 -0.048978 -0.036738 0.001685 -0.049747 -0.036956 0.001805 -0.048571 -0.03705 0.002122 -0.048496 -0.0365 0.005108 -0.048564 -0.035977 0.00717 -0.048791 -0.034927 0.0113 -0.048996 -0.035035 0.011192 -0.048778 -0.03446 0.013287 -0.048613 -0.033107 0.016657 -0.048563 -0.035798 0.009297 -0.048532 -0.03655 0.002104 -0.048746 -0.047988 0.002014 -0.052646 -0.047771 0.001697 -0.055394 -0.047973 0.001978 -0.056275 -0.047881 0.001834 -0.056441 -0.047982 0.002115 -0.056388 -0.047975 0.002621 -0.05636 -0.047702 0.005046 -0.056636 -0.047697 0.002682 -0.056748 -0.047922 0.002135 -0.056545 -0.047878 0.002113 -0.056614 -0.047658 0.001968 -0.056754 -0.047489 0.001871 -0.056729 -0.047394 0.003985 -0.056796 -0.047228 0.005824 -0.056796 -0.046833 0.009785 -0.056774 -0.047423 0.007698 -0.056546 -0.047538 0.00747 -0.056321 -0.047842 0.004827 -0.049024 -0.047989 0.002131 -0.048997 -0.04525 0.01655 -0.056555 -0.044612 0.018248 -0.056611 -0.042823 0.021843 -0.056741 -0.041767 0.023377 -0.056796 -0.0422 0.023543 -0.056461 -0.041911 0.02405 -0.055227 -0.042332 0.023086 -0.055372 -0.042453 0.023092 -0.055501 -0.043033 0.021976 -0.055694 -0.041928 0.024077 -0.055336 -0.04182 0.024039 -0.055142 -0.041419 0.024922 -0.0549 -0.041125 0.025457 -0.054663 -0.041486 0.024855 -0.055051 -0.041382 0.025032 -0.056296 -0.040871 0.025778 -0.056543 -0.040544 0.025855 -0.056764 -0.031633 0.019562 -0.056768 -0.02891 0.023833 -0.056796 -0.028001 0.02453 -0.056729 -0.028971 0.023176 -0.056661 -0.026482 0.025905 -0.056487 -0.024617 0.027741 -0.056477 -0.025244 0.027102 -0.056296 -0.029668 0.022063 -0.055937 -0.02931 0.022478 -0.056296 -0.032046 0.018181 -0.056296 -0.031508 0.019262 -0.056515 -0.030145 0.021416 -0.056546 -0.03286 0.017735 -0.056796 -0.033618 0.015299 -0.056656 -0.044864 0.017766 -0.055325 -0.044591 0.01794 -0.050124 -0.045082 0.016654 -0.050427 -0.044448 0.018074 -0.050075 -0.044624 0.017583 -0.050168 -0.044266 0.018565 -0.049994 -0.044221 0.018846 -0.049964 -0.042969 0.022048 -0.049707 -0.042638 0.02257 -0.04982 -0.042355 0.023257 -0.049841 -0.042208 0.023435 -0.049949 -0.040984 0.025573 -0.050858 -0.041089 0.02546 -0.050713 -0.041492 0.024844 -0.050244 0.003714 -0.041038 -0.047085 -0.000117 -0.041188 -0.04839 -0.002822 -0.041002 -0.046906 -0.000825 -0.041137 -0.045605 0.00184 -0.04104 -0.046853 -0.011245 -0.039461 -0.048396 -0.018231 -0.03676 -0.046725 -0.014436 -0.03842 -0.045453 -0.013096 -0.038887 -0.046725 -0.027802 -0.03032 -0.046832 -0.019061 -0.036358 -0.046791 -0.027435 -0.030793 -0.048395 -0.030038 -0.028074 -0.045573 -0.034815 -0.021958 -0.048396 -0.036335 -0.019491 -0.047396 -0.031137 -0.026849 -0.047087 -0.039098 -0.013229 -0.048204 -0.04052 -0.008171 -0.048396 -0.041422 -0.00149 -0.046715 -0.041559 0.002039 -0.048401 -0.038772 0.015751 -0.04846 -0.039093 0.014473 -0.046626 -0.03654 0.020617 -0.046874 -0.036801 0.019904 -0.048501 -0.027965 0.03138 -0.046762 -0.029183 0.030356 -0.048392 -0.020627 0.03672 -0.048396 0.010062 -0.040011 -0.048032 0.001344 -0.041059 -0.045994 -0.001759 -0.041025 -0.046692 -0.013518 -0.038739 -0.046651 -0.016964 -0.037386 -0.045564 -0.017883 -0.03693 -0.046656 -0.03928 -0.012649 -0.046795 -0.039371 -0.012401 -0.046735 -0.040222 -0.009835 -0.046978 -0.041443 0.001786 -0.045626 -0.041411 0.003104 -0.046805 -0.039988 0.011809 -0.046976 -0.038956 0.015233 -0.04568 -0.037649 0.018204 -0.046209 -0.037154 0.021958 -0.046896 -0.037155 0.021956 -0.046896 -0.037157 0.021955 -0.046896 -0.037159 0.021954 -0.046896 -0.03716 0.021953 -0.046895 0.013647 -0.03938 -0.046772 0.013044 -0.039592 -0.04688 0.014087 -0.039132 -0.046665 -0.037635 0.019887 -0.045939 -0.037103 0.019768 -0.046612 -0.037104 0.019196 -0.046725 -0.03766 0.019404 -0.046156 -0.012309 -0.039697 -0.046506 -0.012607 -0.04049 -0.045396 -0.011329 -0.039624 -0.047 -0.019625 0.042223 -0.045398 -0.043194 0.015972 -0.045333 -0.044526 0.016539 -0.045355 -0.044254 0.016638 -0.04521 -0.015466 -0.044425 -0.045551 -0.015658 -0.044643 -0.045288 -0.015833 -0.04473 -0.045194 -0.019565 -0.041008 -0.045271 0.015704 -0.042552 -0.045216 0.015943 -0.043685 -0.04537 0.013886 -0.039277 -0.046816 0.014053 -0.038912 -0.046899 0.013746 -0.039293 -0.046848 0.012349 -0.041192 -0.046893 0.012061 -0.041413 -0.046865 -0.033826 -0.031346 -0.046874 -0.037819 0.018788 -0.046154 -0.038036 0.018619 -0.045412 -0.030033 0.029378 -0.045671 -0.001362 -0.043189 -0.046309 0.011728 -0.039073 -0.047396 0.012862 -0.039699 -0.048513 0.011779 -0.03872 -0.046896 0.010757 -0.04045 -0.048233 0.011473 -0.039406 -0.046957 -0.040421 0.019795 -0.045299 -0.039805 0.018627 -0.04547 -0.042039 -0.014768 -0.045203 -0.039965 -0.016042 -0.045364 -0.042167 -0.014448 -0.045502 -0.040841 -0.015134 -0.045199 -0.043142 -0.014858 -0.045249 -0.040126 -0.015546 -0.046528 -0.016942 -0.039499 -0.045233 -0.015537 -0.040345 -0.045296 -0.017736 -0.039506 -0.045316 -0.015152 -0.041469 -0.045219 -0.018659 -0.040223 -0.045196 -0.016441 -0.03955 -0.045595 -0.019637 -0.040938 -0.046372 -0.018841 -0.039936 -0.045332 0.015966 -0.043991 -0.045601 0.016139 -0.043847 -0.045251 0.016444 -0.044659 -0.045196 -0.013388 -0.043355 -0.045374 -0.012805 -0.040011 -0.044196 -0.013216 -0.039696 -0.045396 -0.012746 -0.039971 -0.045738 -0.040439 -0.012389 -0.044542 -0.016586 -0.039423 -0.048183 -0.018453 -0.039608 -0.046988 -0.041305 -0.014673 -0.047796 -0.018228 -0.043956 -0.045046 -0.014974 -0.045145 -0.045067 -0.020009 0.043022 -0.045442 -0.021136 0.043807 -0.04512 -0.020452 0.043555 -0.047617 -0.020429 0.043546 -0.045511 -0.034593 -0.030295 -0.04693 -0.034426 -0.030047 -0.047 -0.035057 -0.030207 -0.046953 -0.034559 -0.02991 -0.047357 -0.03475 -0.030009 -0.047396 0.007674 -0.045569 -0.048523 -0.040868 -0.020712 -0.044165 -0.039114 -0.019081 -0.043873 -0.041006 -0.020371 -0.043714 -0.040197 0.013906 -0.044012 -0.040657 0.013657 -0.043806 -0.040352 0.014334 -0.043735 -0.038134 0.020581 -0.043759 -0.037958 0.020703 -0.044562 -0.037757 0.020039 -0.044081 -0.038041 0.020118 -0.043721 -0.019954 0.039018 -0.044036 -0.019212 0.038817 -0.043747 0.013132 -0.040738 -0.043878 0.013293 -0.040606 -0.043739 -0.013057 -0.03997 -0.043768 -0.013216 -0.039696 -0.044196 -0.012618 -0.04059 -0.043851 0.014767 -0.038901 -0.045539 0.014251 -0.038066 -0.046585 0.014082 -0.039242 -0.046285 0.014946 -0.03801 -0.045466 0.013831 -0.039646 -0.045396 0.013002 -0.040439 -0.045707 0.013228 -0.039796 -0.046108 0.01339 -0.039895 -0.044905 0.012912 -0.040833 -0.04616 0.014763 -0.037719 -0.045396 0.012582 -0.041722 -0.046359 0.012893 -0.04214 -0.04555 0.012774 -0.041306 -0.046379 0.012883 -0.042045 -0.045407 0.012301 -0.04185 -0.046398 0.01262 -0.041466 -0.046473 0.012641 -0.041453 -0.046464 -0.02885 -0.031553 -0.04679 -0.028487 -0.029649 -0.045438 0.002087 -0.043891 -0.046896 0.012971 -0.039602 -0.046896 0.012641 -0.040171 -0.046896 0.013918 -0.038029 -0.046869 0.012939 -0.039678 -0.046896 0.012905 -0.039752 -0.046896 0.012827 -0.039898 -0.046896 0.012714 -0.040075 -0.046896 0.006636 -0.040837 -0.046955 -0.04108 -0.010812 -0.046865 -0.028532 0.033078 -0.046873 -0.019496 -0.037625 -0.04375 -0.019813 -0.037858 -0.043748 -0.021837 -0.042285 -0.044007 -0.021796 -0.042388 -0.043862 -0.01909 -0.037379 -0.043904 -0.017374 -0.038337 -0.043727 -0.016027 -0.038644 -0.044196 -0.012784 -0.040822 -0.043777 -0.014531 -0.045313 -0.043878 -0.014538 -0.045262 -0.043712 0.013259 -0.040107 -0.043948 0.013639 -0.040009 -0.043765 0.013075 -0.040419 -0.044996 0.013602 -0.039831 -0.044094 0.014871 -0.045389 -0.044983 0.01514 -0.045307 -0.043732 -0.021796 0.04355 -0.043851 -0.0201 0.040089 -0.043722 -0.019888 0.039145 -0.043836 -0.019549 0.038984 -0.043708 -0.01917 0.038571 -0.04397 -0.042699 0.022635 -0.043862 -0.037761 0.019827 -0.044016 -0.038047 0.019852 -0.04372 -0.037973 0.019191 -0.045308 -0.041161 0.013792 -0.043715 -0.041048 0.013474 -0.043987 -0.044162 0.014608 -0.045382 -0.04569 0.015422 -0.043776 -0.044119 -0.013236 -0.04513 -0.041325 -0.012588 -0.043728 -0.045702 -0.014135 -0.043887 -0.040578 -0.012349 -0.043998 -0.040202 -0.012765 -0.043897 -0.040588 -0.012566 -0.043729 -0.041862 -0.012154 -0.045111 -0.038799 -0.017808 -0.043695 -0.038652 -0.01703 -0.043758 -0.039316 -0.015122 -0.043882 -0.03848 -0.017633 -0.0438 -0.038255 -0.01781 -0.044136 -0.04116 -0.020726 -0.04385 -0.042727 -0.021473 -0.043949 -0.042903 0.022254 -0.043694 0.00253 -0.045812 -0.048224 0.007568 -0.04552 -0.046896 0.007887 -0.047173 -0.047028 0.001759 -0.04725 -0.048391 -0.021418 0.042116 -0.046896 -0.021207 0.041938 -0.045396 -0.030175 0.036094 -0.045396 -0.03732 0.028123 -0.045396 -0.034778 0.031482 -0.046896 -0.040151 0.021911 -0.045354 -0.04108 0.022065 -0.046896 -0.044188 0.014662 -0.046896 -0.044313 -0.011586 -0.046896 -0.044313 -0.011586 -0.045396 -0.044108 -0.013418 -0.046896 -0.013779 -0.044197 -0.046896 -0.006873 -0.045383 -0.045396 0.000237 -0.045929 -0.046896 0.007277 -0.045403 -0.046397 0.001932 -0.045934 -0.046855 0.005387 -0.045646 -0.048147 0.014289 -0.043757 -0.045396 0.014289 -0.043757 -0.046896 0.00653 -0.045501 -0.047873 0.001487 -0.043911 -0.045396 0.001511 -0.043911 -0.045396 -0.033537 -0.031413 -0.045398 -0.02792 -0.036448 -0.045396 -0.021207 -0.040696 -0.045896 -0.035075 -0.029967 -0.047267 -0.038855 -0.025125 -0.047164 -0.03489 -0.032435 -0.046852 -0.037011 -0.027599 -0.047353 -0.041753 -0.021112 -0.046895 -0.04135 -0.02099 -0.046958 -0.041027 -0.021356 -0.047381 -0.041056 -0.021039 -0.047299 -0.042876 -0.020385 -0.047777 -0.042877 -0.020653 -0.045218 -0.040442 -0.018651 -0.046228 -0.04259 -0.020854 -0.048368 -0.04287 -0.020755 -0.048105 -0.042574 -0.020394 -0.048208 -0.042133 -0.019596 -0.047479 -0.040681 -0.019891 -0.048342 -0.042169 -0.019542 -0.046887 -0.039928 -0.018038 -0.047743 -0.041933 -0.014457 -0.048014 -0.042535 -0.014182 -0.048275 -0.039509 -0.018166 -0.048299 -0.040127 -0.015318 -0.048273 -0.040718 -0.015016 -0.047844 -0.041415 -0.013865 -0.048391 -0.042897 -0.01449 -0.048042 -0.044784 -0.015067 -0.048236 -0.045178 -0.015165 -0.048016 -0.04487 -0.015223 -0.048042 -0.045 -0.014762 -0.048394 -0.045331 -0.015121 -0.047907 -0.044735 -0.015282 -0.047797 -0.045342 -0.014912 -0.048209 -0.045761 -0.014104 -0.047085 -0.044856 -0.015292 -0.045469 -0.044581 -0.015266 -0.045439 -0.044721 0.016518 -0.045579 -0.044863 0.016542 -0.045463 -0.045074 0.016493 -0.047829 -0.045381 0.01626 -0.045072 -0.045494 0.016075 -0.047991 -0.045208 0.01597 -0.048353 -0.044938 0.01607 -0.048394 -0.044866 0.016457 -0.048078 -0.045182 0.016316 -0.048207 -0.044555 0.016346 -0.047956 -0.045195 0.015721 -0.048407 -0.0394 0.018788 -0.048162 -0.039754 0.018618 -0.047948 -0.040495 0.016014 -0.048356 -0.03993 0.017323 -0.047895 -0.040129 0.019522 -0.046588 -0.042066 0.021486 -0.048219 -0.043263 0.015508 -0.048345 -0.041748 0.015682 -0.048152 -0.040433 0.016418 -0.048122 -0.042068 0.020886 -0.047382 -0.042815 0.021911 -0.048095 -0.042652 0.021411 -0.047956 -0.042572 0.021161 -0.047495 -0.042706 0.022817 -0.04801 -0.042536 0.02235 -0.048357 -0.042902 0.021945 -0.047844 -0.042716 0.022638 -0.0479 -0.042636 0.022509 -0.045409 -0.041591 0.020616 -0.045418 0.015408 -0.042433 -0.045814 0.015384 -0.042895 -0.047792 0.015518 -0.044622 -0.048279 0.015947 -0.044308 -0.047777 0.015783 -0.044324 -0.048026 0.015966 -0.043991 -0.047399 0.015119 -0.044978 -0.04836 0.015859 -0.044693 -0.047745 0.015574 -0.04506 -0.04796 0.015123 -0.045129 -0.048274 0.015833 -0.04473 -0.04534 0.015913 -0.044621 -0.045413 -0.014772 -0.04524 -0.047899 -0.014551 -0.045273 -0.048123 -0.014987 -0.044997 -0.048218 -0.015459 -0.04427 -0.047772 -0.015263 -0.044243 -0.04812 -0.015178 -0.042916 -0.046507 -0.015133 -0.044987 -0.047844 -0.015359 -0.044751 -0.047795 -0.014842 -0.044722 -0.048366 -0.014746 -0.042786 -0.048009 -0.014982 -0.040776 -0.047979 -0.017754 -0.039217 -0.048209 -0.014073 -0.041756 -0.048359 -0.015942 -0.037964 -0.048494 -0.019668 -0.039865 -0.048315 -0.020288 -0.04131 -0.048227 -0.020524 -0.042205 -0.047974 -0.021282 -0.042021 -0.048398 -0.021131 -0.042531 -0.047892 -0.021139 -0.042423 -0.048214 -0.02036 -0.042237 -0.047542 -0.02169 -0.042254 -0.048223 -0.021595 -0.042405 -0.045768 -0.02106 -0.042498 -0.045204 -0.021095 0.043749 -0.047842 -0.021573 0.04357 -0.048174 -0.020994 0.043708 -0.048119 -0.020198 0.043262 -0.047572 -0.021157 0.04341 -0.048358 -0.02035 0.042975 -0.048063 -0.043251 -0.01993 -0.045196 -0.045799 -0.014289 -0.043816 -0.042804 -0.020095 -0.045466 -0.044998 -0.015371 -0.045317 -0.045251 -0.015145 -0.045153 -0.044942 -0.016321 -0.045114 -0.020513 -0.042773 -0.045196 -0.020719 -0.042549 -0.045308 -0.045024 0.0169 -0.045196 -0.04502 0.016783 -0.045226 -0.042853 0.021543 -0.045395 -0.043116 0.021801 -0.045046 -0.018106 0.040689 -0.045918 -0.04324 0.021157 -0.045196 -0.04074 0.016241 -0.045596 -0.041305 -0.019292 -0.045596 -0.02005 -0.042218 -0.045233 -0.014996 -0.040937 -0.045794 -0.045637 -0.013147 -0.048329 -0.045516 -0.014519 -0.048195 -0.045904 -0.011632 -0.048276 -0.045832 0.003291 -0.04826 -0.045686 0.012193 -0.048375 -0.045894 0.014004 -0.048191 -0.045513 0.005198 -0.048396 -0.046041 0.015267 -0.047048 -0.045684 -0.002049 -0.048317 -0.046013 -0.000142 -0.047896 -0.045792 -0.006245 -0.048254 -0.04552 0.016003 -0.047944 0.009989 -0.046543 -0.048232 0.012195 -0.046111 -0.048059 0.01245 -0.045549 -0.048396 0.014931 -0.045372 -0.047214 -0.030145 -0.036761 -0.048221 -0.026155 -0.039576 -0.048335 -0.025317 -0.040214 -0.048213 -0.031155 -0.035897 -0.04824 -0.033379 -0.03395 -0.048106 -0.042477 -0.021625 -0.048279 -0.028015 -0.037904 -0.048396 -0.032367 -0.034314 -0.048396 -0.038948 -0.026677 -0.048396 -0.021913 -0.042346 -0.04718 -0.038364 -0.028316 -0.048062 -0.034978 -0.03223 -0.048268 -0.027932 -0.03857 -0.04791 -0.037847 -0.028582 -0.048366 -0.040498 -0.024674 -0.04836 -0.036497 -0.030613 -0.048089 -0.040668 -0.024933 -0.048082 -0.030424 0.037606 -0.048332 -0.042539 0.022502 -0.048326 -0.021511 0.043402 -0.048351 -0.021758 0.043586 -0.047961 -0.042418 0.022132 -0.048392 -0.036942 0.030916 -0.048362 -0.033469 0.034735 -0.048379 -0.038081 0.029916 -0.048077 -0.031925 0.036774 -0.047277 -0.027203 0.04028 -0.048084 -0.039178 0.027934 -0.048365 -0.035157 0.033399 -0.048088 -0.026365 0.040467 -0.04838 -0.029406 0.038687 -0.048065 -0.039638 0.027724 -0.048096 -0.024986 0.04168 -0.048194 -0.042935 -0.021108 -0.047376 -0.02925 -0.037793 -0.046951 -0.039936 -0.026199 -0.046925 -0.021921 0.043588 -0.046885 -0.037417 0.030976 -0.046898 0.013067 -0.040762 -0.045446 -0.006513 -0.047087 -0.048146 -0.003806 -0.047259 -0.048337 -0.008742 -0.046595 -0.048333 -0.014588 -0.045029 -0.048357 0.001877 -0.047724 -0.04699 -0.006785 -0.047205 -0.04699 0.001847 -0.047863 -0.047913 -0.014459 -0.045438 -0.046947 -0.021676 -0.042366 -0.047183 -0.038265 0.020896 -0.045396 -0.020555 0.039796 -0.045674 -0.019924 0.038955 -0.045398 -0.031919 0.030884 -0.045403 -0.038739 0.022264 -0.045401 -0.021575 0.039634 -0.045402 -0.039567 0.01489 -0.045396 -0.041581 0.01351 -0.045395 -0.042295 0.002439 -0.045399 -0.041459 -0.000552 -0.04547 -0.042065 -0.00097 -0.045396 -0.042323 -0.001585 -0.045396 -0.042345 -0.011276 -0.045403 -0.040436 -0.020397 -0.047427 -0.03952 -0.013694 -0.047336 -0.019685 -0.037341 -0.044752 -0.02993 -0.031409 -0.045439 -0.029635 -0.032592 -0.045405 -0.020568 -0.03853 -0.045397 -0.018846 -0.037331 -0.045478 -0.024801 -0.034399 -0.046896 -0.012124 -0.042245 -0.045431 -0.012764 -0.041331 -0.045468 -0.012589 -0.041725 -0.045396 -0.002068 -0.043992 -0.045441 -0.001164 -0.043601 -0.04548 -0.019011 0.03857 -0.045378 -0.040326 0.013718 -0.045389 -0.041004 -0.012214 -0.045396 -0.019298 -0.037317 -0.045066 -0.039895 -0.013012 -0.046134 -0.038499 -0.017387 -0.047418 0.006454 -0.042058 -0.047185 0.002096 -0.043881 -0.046908 0.001607 -0.045945 -0.045444 0.00674 -0.041888 -0.046906 0.007507 -0.043283 -0.045519 0.006719 -0.04547 -0.047707 0.002482 -0.044724 -0.047509 0.002492 -0.043823 -0.047445 0.016018 -0.044683 -0.045299 -0.020435 -0.0423 -0.045524 -0.014976 -0.041845 -0.045271 -0.015269 -0.043338 -0.045507 -0.045008 -0.01556 -0.045229 -0.039833 -0.01698 -0.045173 -0.040529 -0.018655 -0.045259 -0.039739 -0.017067 -0.045394 -0.042443 -0.019725 -0.045321 -0.043018 0.021475 -0.045266 -0.042627 0.021212 -0.045533 -0.0417 0.02043 -0.045223 -0.041931 0.015973 -0.045237 -0.039988 0.017506 -0.045195 -0.041752 0.015699 -0.046245 -0.03995 0.017258 -0.045599 -0.040717 0.016292 -0.045439 -0.020432 0.043981 -0.045226 -0.020686 0.04371 -0.045395 0.012748 -0.038423 -0.048396 0.006942 -0.04277 -0.046646 0.007757 -0.042215 -0.046859 0.008152 -0.042338 -0.046825 0.010239 -0.042141 -0.04662 -0.014325 -0.038784 -0.045626 -0.013356 -0.039416 -0.046171 -0.013471 -0.039609 -0.045477 -0.012315 -0.041442 -0.046451 -0.012245 -0.041222 -0.046438 -0.011751 -0.041975 -0.046484 -0.002292 -0.043106 -0.046695 -0.002379 -0.042652 -0.046879 -0.002108 -0.043244 -0.046668 -0.029681 -0.03197 -0.046165 -0.029429 -0.031387 -0.046435 -0.028697 -0.031956 -0.046843 -0.021359 -0.037915 -0.046525 -0.029403 -0.032436 -0.046247 -0.021211 -0.037049 -0.046864 -0.020886 -0.038035 -0.046467 -0.020684 -0.037288 -0.046751 -0.02021 -0.037888 -0.04607 -0.019504 -0.036923 -0.046445 -0.018302 -0.037771 -0.045506 -0.039876 -0.01269 -0.046226 -0.039682 -0.012564 -0.04649 -0.039898 -0.012675 -0.046196 -0.039594 -0.012513 -0.046577 -0.039535 -0.012489 -0.046624 -0.039765 -0.01261 -0.046395 -0.039599 -0.012526 -0.046571 -0.039431 -0.01243 -0.046699 -0.03993 -0.012675 -0.046149 -0.039661 -0.012542 -0.046515 -0.039503 -0.012464 -0.04665 -0.039463 -0.012445 -0.046678 -0.039579 -0.0125 -0.046592 -0.03962 -0.012521 -0.046555 -0.039802 -0.012617 -0.046351 -0.039736 -0.012578 -0.046436 -0.039694 -0.012559 -0.046482 -0.03984 -0.012633 -0.046299 -0.040279 -0.012401 -0.045944 -0.040458 -0.011886 -0.046595 -0.039896 -0.01186 -0.046695 -0.041508 -0.011639 -0.046517 -0.041804 -0.011843 -0.046266 -0.04182 -0.01107 -0.046593 -0.041785 -0.001815 -0.046582 -0.042138 -0.001577 -0.046189 -0.041425 -0.00105 -0.046415 -0.041692 0.00228 -0.046296 -0.0418 0.002802 -0.046493 -0.042096 0.00287 -0.046303 -0.042373 0.01251 -0.045528 -0.041682 0.012253 -0.046625 -0.041916 0.0129 -0.04627 -0.041323 0.013103 -0.046363 -0.041307 0.012259 -0.04684 -0.040101 0.013995 -0.04563 -0.040462 0.013515 -0.045788 -0.040421 0.012662 -0.04678 -0.039751 0.013621 -0.046547 -0.039833 0.014134 -0.046168 -0.032111 0.030474 -0.046398 -0.030331 0.029108 -0.046619 -0.03267 0.030118 -0.046368 -0.032948 0.030557 -0.045431 -0.032364 0.029562 -0.046824 -0.035479 0.026247 -0.046674 -0.038485 0.022242 -0.046146 -0.037754 0.021822 -0.046794 -0.038157 0.022093 -0.046606 -0.03861 0.02136 -0.046129 -0.037725 0.020538 -0.046025 -0.018092 0.038069 -0.04669 -0.017286 0.038455 -0.046173 -0.017551 0.038331 -0.046466 -0.018088 0.038923 -0.045556 -0.018869 0.038262 -0.046355 -0.019771 0.03863 -0.045751 -0.019455 0.037369 -0.046851 -0.020139 0.037951 -0.04678 -0.020809 0.038607 -0.046781 -0.021235 0.038699 -0.046796 -0.02018 0.038952 -0.046199 -0.021355 0.03918 -0.046368 -0.021333 0.039704 -0.045536 -0.02946 0.03368 -0.046318 -0.029767 0.033714 -0.045449 -0.029605 0.033339 -0.046191 -0.029545 0.032804 -0.046451 -0.029764 0.032304 -0.045442 -0.029311 0.03263 -0.046495 0.001941 -0.041522 -0.046907 0.001788 -0.043632 -0.046816 0.001514 -0.043906 -0.046491 0.001558 -0.0439 -0.046604 0.012731 -0.040051 -0.046893 0.012859 -0.039843 -0.046887 0.01315 -0.039654 -0.046682 0.012773 -0.040578 -0.046583 0.012853 -0.04009 -0.04678 0.012679 -0.040932 -0.046816 0.012019 -0.041418 -0.04688 0.011597 -0.0416 -0.046805 0.008391 -0.042219 -0.04689 0.008796 -0.042305 -0.046776 0.008017 -0.042235 -0.046881 0.00769 -0.042046 -0.04689 0.01417 -0.038838 -0.046864 0.014277 -0.03823 -0.046635 0.014371 -0.038777 -0.046432 0.012872 -0.039982 -0.046848 0.012804 -0.0408 -0.046361 0.013459 -0.039469 -0.046447 0.013869 -0.039349 -0.046311 0.016172 -0.039937 -0.045939 0.015452 -0.040946 -0.047381 0.015316 -0.041823 -0.045432 0.014796 -0.039722 -0.043708 -0.01303 0.041127 -0.043915 0.015227 -0.040921 -0.048126 0.017004 -0.039428 -0.048199 0.015713 -0.039518 -0.048394 0.014661 -0.042816 -0.048342 -0.019503 0.04127 -0.048052 -0.020358 0.040954 -0.048392 -0.017752 0.040517 -0.048238 0.018681 -0.043907 -0.045174 -0.020304 0.044274 -0.04518 0.015572 -0.041628 -0.045223 -0.012267 0.040396 -0.048396 0.015927 -0.037258 -0.045396 0.016501 -0.038644 -0.045396 -0.015979 0.039776 -0.045363 -0.017056 0.03856 -0.045396 0.015669 -0.040617 -0.045414 0.016647 -0.039844 -0.045227 -0.018867 0.041412 -0.045206 -0.018537 0.040867 -0.045332 0.037627 -0.020716 -0.046896 0.037629 -0.020714 -0.046896 0.037631 -0.020713 -0.046896 0.037633 -0.020712 -0.046896 0.037633 -0.020711 -0.046895 0.037634 -0.020711 -0.046895 -0.01347 0.040504 -0.046696 -0.013599 0.040505 -0.046279 0.038088 -0.018687 -0.04597 0.037563 -0.018673 -0.046684 0.038189 -0.018905 -0.045396 0.036978 -0.017574 -0.046896 0.012795 0.041879 -0.046341 0.013023 0.041866 -0.045353 0.020047 -0.041018 -0.04526 0.043668 -0.01473 -0.045332 0.045018 -0.015241 -0.045477 0.045 -0.015297 -0.045355 0.044722 -0.015394 -0.04521 0.015902 0.045734 -0.045537 0.016223 0.045938 -0.045223 0.016248 0.045978 -0.045196 0.020179 0.042408 -0.045375 -0.015054 0.042354 -0.045264 -0.015084 0.042989 -0.045198 -0.014932 0.043555 -0.045422 -0.015284 0.044335 -0.04531 -0.013193 0.040512 -0.046875 -0.013249 0.040609 -0.046691 -0.011873 0.042436 -0.046893 -0.011542 0.04271 -0.046817 0.034211 0.03244 -0.046883 0.038104 -0.018464 -0.046109 0.032312 -0.028726 -0.046672 0.031107 -0.02636 -0.046896 0.002232 0.04385 -0.046692 0.001737 0.043931 -0.046257 0.001958 0.041583 -0.046414 0.013704 0.039344 -0.046794 0.01468 0.040463 -0.045632 0.014763 0.038961 -0.045396 -0.01008 0.04146 -0.048194 -0.008618 0.040653 -0.048396 -0.009605 0.040422 -0.047396 -0.010768 0.040837 -0.046896 -0.011204 0.040715 -0.047558 -0.010279 0.040909 -0.047396 -0.01012 0.04089 -0.046972 -0.009605 0.040422 -0.046896 0.040942 -0.018422 -0.045249 0.040809 -0.018537 -0.045437 0.040497 0.017244 -0.045412 0.04148 0.01629 -0.045183 0.04292 0.015808 -0.045305 0.04108 0.016319 -0.045672 0.016092 0.041666 -0.045233 0.018006 0.040695 -0.045261 0.015953 0.041563 -0.045396 0.019399 0.041361 -0.045244 0.01859 0.041107 -0.045194 0.017185 0.040658 -0.045619 0.015654 0.041852 -0.045713 -0.015673 0.045128 -0.045249 0.013429 0.04106 -0.045403 0.013228 0.04149 -0.043888 0.013457 0.041084 -0.044049 0.019233 0.038642 -0.044196 0.040521 0.01393 -0.045963 0.04064 0.013917 -0.044693 0.04094 0.013674 -0.043901 0.040845 0.013683 -0.045396 0.017524 0.040527 -0.048152 0.016884 0.04081 -0.047896 0.019699 0.041391 -0.046225 0.041474 0.016056 -0.047776 0.018701 0.045198 -0.045046 0.015139 0.046512 -0.045046 0.015444 0.046373 -0.045082 0.021137 -0.042411 -0.047656 0.02079 -0.042178 -0.045596 0.034771 0.031345 -0.046928 0.034939 0.03168 -0.046896 0.03513 0.031218 -0.047396 0.035212 0.031339 -0.047102 -0.007127 0.046687 -0.048439 0.041302 0.021767 -0.043847 0.041484 0.021617 -0.043714 0.040741 -0.012631 -0.043899 0.041155 -0.012327 -0.043932 0.041066 -0.012579 -0.043727 0.03848 -0.019421 -0.043923 0.038195 -0.018822 -0.044025 0.020418 -0.037771 -0.044018 0.019724 -0.037633 -0.04372 0.019911 -0.037242 -0.045241 -0.012723 0.042034 -0.043816 0.013722 0.040942 -0.044037 0.013834 0.041151 -0.043762 0.013425 0.04167 -0.043709 -0.014363 0.039676 -0.045396 -0.013851 0.040159 -0.046413 -0.013865 0.040613 -0.04558 -0.0133 0.04091 -0.045397 -0.012496 0.041796 -0.045285 -0.012451 0.041229 -0.046604 -0.01276 0.041276 -0.044976 -0.012108 0.042964 -0.046359 -0.012419 0.043382 -0.045548 -0.012297 0.042557 -0.046381 -0.012409 0.043287 -0.045406 -0.012145 0.04271 -0.046474 -0.012155 0.042703 -0.046469 -0.012208 0.042661 -0.046439 0.027981 0.030806 -0.04642 0.028331 0.030483 -0.045396 0.029324 0.032794 -0.04679 0.027218 0.031491 -0.046896 0.029871 0.032469 -0.046331 -0.001613 0.045133 -0.046896 -0.013568 0.039964 -0.046896 -0.012497 0.040844 -0.046896 -0.012167 0.041413 -0.046896 -0.013444 0.04027 -0.046897 -0.012424 0.041009 -0.046896 -0.012353 0.041141 -0.046896 -0.012265 0.04128 -0.046896 -0.012257 0.041294 -0.046893 -0.011531 0.042617 -0.046889 -0.006184 0.042557 -0.046896 -0.005984 0.041909 -0.046896 -0.005784 0.041734 -0.046896 0.041796 0.0032 -0.046835 0.039179 0.013443 -0.046929 0.040823 0.012044 -0.046896 0.041188 -0.001379 -0.046695 0.037823 -0.019891 -0.046744 0.032687 -0.028139 -0.046878 0.034305 -0.022189 -0.046896 0.027218 -0.030249 -0.046896 0.018502 -0.036086 -0.046896 0.01929 -0.036529 -0.046748 0.008132 0.04051 -0.046896 0.020067 0.038759 -0.043836 0.019934 0.039139 -0.043694 0.022237 0.043557 -0.043829 0.020216 0.038765 -0.044195 0.019419 0.038742 -0.043812 0.01785 0.039578 -0.043727 0.016538 0.039794 -0.045351 0.01318 0.042217 -0.043988 0.013422 0.042168 -0.043739 0.01496 0.04657 -0.044028 0.015347 0.04648 -0.043702 -0.012783 0.041368 -0.043936 -0.013406 0.041213 -0.043717 -0.012917 0.041637 -0.043742 -0.013317 0.043 -0.043724 -0.013751 0.045014 -0.045365 -0.014875 0.046479 -0.043701 0.022276 -0.041923 -0.04534 0.022158 -0.042365 -0.043769 0.020423 -0.037972 -0.043811 0.020551 -0.03879 -0.043722 0.019496 -0.037454 -0.043842 0.019683 -0.03733 -0.043975 0.041008 -0.020524 -0.043946 0.038562 -0.019124 -0.043714 0.043255 -0.021255 -0.04374 0.038259 -0.018624 -0.043946 0.038446 -0.018605 -0.043761 0.039567 -0.016311 -0.043715 0.038585 -0.01778 -0.04402 0.042227 -0.012125 -0.045041 0.041801 -0.012594 -0.043724 0.040952 -0.01235 -0.044388 0.046164 -0.01418 -0.043774 0.044509 0.014389 -0.045124 0.041436 0.013509 -0.043864 0.041364 0.01364 -0.04378 0.041673 0.013995 -0.043696 0.046191 0.015327 -0.044196 0.046122 0.015549 -0.043732 0.040559 0.014316 -0.043789 0.039273 0.01905 -0.043695 0.039146 0.018216 -0.043777 0.038954 0.018877 -0.0438 0.038729 0.019052 -0.044138 0.039089 0.019505 -0.043866 0.04139 0.022001 -0.044202 0.043181 0.022644 -0.043778 -0.002041 0.047057 -0.048199 -0.007093 0.046761 -0.046896 -0.007415 0.048479 -0.047307 -0.001405 0.04908 -0.047428 -0.001303 0.048502 -0.048395 -0.001386 0.048776 -0.048145 0.02189 -0.040874 -0.046896 0.030651 -0.03485 -0.045396 0.041694 -0.021015 -0.045388 0.035252 -0.03024 -0.046896 0.041554 -0.020822 -0.046896 0.044636 -0.013366 -0.045382 0.044662 -0.01342 -0.046896 0.044787 0.012828 -0.045396 0.044632 0.014661 -0.046896 0.004447 0.047056 -0.046896 0.014289 0.044999 -0.046896 0.014289 0.044999 -0.045396 0.007346 0.046625 -0.045396 -0.006804 0.046645 -0.046397 -0.00146 0.047175 -0.046855 -0.013816 0.044999 -0.046896 -0.005546 0.046822 -0.047969 -0.006132 0.046734 -0.047822 -0.001013 0.045154 -0.045396 -0.001037 0.045153 -0.045396 -0.00114 0.045113 -0.046641 0.028393 0.03769 -0.046896 0.034203 0.032953 -0.045395 0.02168 0.041938 -0.045896 0.034966 0.031074 -0.047354 0.031107 0.027602 -0.046962 0.030359 0.028435 -0.046896 0.031228 0.027464 -0.047146 0.031272 0.027413 -0.047396 0.035565 0.031207 -0.047251 0.041128 0.02437 -0.04692 0.038077 0.028066 -0.047365 0.040474 0.024696 -0.047029 0.03722 0.031521 -0.04682 0.041783 0.022166 -0.046943 0.041502 0.022598 -0.047381 0.041531 0.022284 -0.047297 0.041164 0.021809 -0.047372 0.043238 0.021438 -0.047718 0.043155 0.022887 -0.044776 0.043349 0.02182 -0.047797 0.042562 0.020884 -0.046129 0.042978 0.022336 -0.048367 0.04319 0.022427 -0.048176 0.043416 0.022043 -0.047928 0.04267 0.020774 -0.046779 0.042933 0.021484 -0.048141 0.043039 0.021828 -0.048284 0.04287 0.021079 -0.047666 0.040177 0.018645 -0.048043 0.040546 0.016783 -0.048284 0.041688 0.015824 -0.048035 0.042358 0.015427 -0.048308 0.040466 0.021227 -0.048397 0.040081 0.019876 -0.048283 0.042611 0.015023 -0.048396 0.043342 0.015758 -0.047977 0.045345 0.015983 -0.048367 0.04136 0.020548 -0.04794 0.040548 0.019562 -0.047771 0.045348 0.0162 -0.048328 0.045361 0.016436 -0.04813 0.045787 0.016103 -0.048274 0.045878 0.016239 -0.047899 0.045203 0.016537 -0.047813 0.045818 0.016233 -0.04808 0.04621 0.015355 -0.047066 0.044701 0.016467 -0.046109 0.042671 0.015651 -0.045624 0.044086 -0.014959 -0.047454 0.045337 -0.0153 -0.045463 0.045855 -0.015016 -0.045071 0.045669 -0.015077 -0.048191 0.045895 -0.014811 -0.048132 0.045679 -0.014726 -0.048369 0.045725 -0.014747 -0.048332 0.045627 -0.015255 -0.047904 0.045094 -0.015264 -0.047884 0.045365 -0.014793 -0.048351 0.040251 -0.016246 -0.048198 0.040348 -0.018101 -0.048018 0.041894 -0.013866 -0.048391 0.040512 -0.016182 -0.045293 0.039937 -0.0159 -0.048396 0.040765 -0.018717 -0.047505 0.039992 -0.019705 -0.048399 0.042537 -0.014306 -0.048189 0.040967 -0.015042 -0.048229 0.042623 -0.020261 -0.048215 0.04339 -0.020341 -0.047906 0.04291 -0.019821 -0.047544 0.043157 -0.021174 -0.048241 0.043309 -0.020322 -0.047741 0.043183 -0.021511 -0.047795 0.042066 -0.019375 -0.045419 -0.015405 0.045654 -0.047918 -0.015262 0.044804 -0.047532 -0.014743 0.045807 -0.048368 -0.014504 0.044306 -0.048234 -0.015262 0.045511 -0.048052 -0.015046 0.046109 -0.048262 -0.015494 0.045375 -0.047465 -0.015365 0.045996 -0.047777 -0.014737 0.046438 -0.04811 -0.014478 0.046589 -0.047292 -0.01431 0.046739 -0.044692 -0.015207 0.04615 -0.045218 -0.015503 0.045534 -0.04563 0.015139 0.046512 -0.045758 0.015139 0.046512 -0.046471 0.015139 0.046512 -0.047183 0.015396 0.046406 -0.047792 0.015085 0.046287 -0.048346 0.015436 0.046406 -0.04809 0.015885 0.045725 -0.047853 0.015489 0.045919 -0.048342 0.015925 0.045163 -0.047525 0.01576 0.046152 -0.047881 0.015922 0.045357 -0.047778 0.015505 0.044698 -0.048072 0.014971 0.042929 -0.0482 0.020146 0.04114 -0.04826 0.014807 0.045923 -0.048402 0.015841 0.041613 -0.047712 0.015662 0.041451 -0.048285 0.017671 0.039948 -0.048394 0.020029 0.040354 -0.048396 0.020267 0.04218 -0.047686 0.02097 0.043417 -0.047959 0.021738 0.043246 -0.048389 0.020677 0.043296 -0.047512 0.021488 0.043621 -0.048281 0.022057 0.043593 -0.048133 0.022064 0.043648 -0.047896 0.021574 0.043411 -0.048348 0.021504 0.043812 -0.04787 0.021755 0.043749 -0.045095 0.020662 0.043307 -0.045532 0.021572 -0.042511 -0.047855 0.021823 -0.042501 -0.045071 0.022936 -0.04195 -0.048209 0.021858 -0.042086 -0.048383 0.022042 -0.042331 -0.048177 0.021695 -0.042417 -0.048197 0.02112 -0.04202 -0.048201 0.020596 -0.041829 -0.047693 0.020278 -0.041185 -0.047386 0.043663 0.021308 -0.045196 0.045489 0.016923 -0.045196 0.045498 0.016709 -0.045257 0.045376 0.016566 -0.045419 0.045854 0.016342 -0.045127 0.021055 0.043781 -0.045338 0.021123 0.043653 -0.045457 0.045505 -0.015555 -0.045219 0.043178 -0.0214 -0.045104 0.04359 -0.020558 -0.045046 0.019938 -0.040646 -0.045548 0.018862 -0.039592 -0.04617 0.042767 -0.019269 -0.045196 0.043475 -0.020272 -0.045262 0.041213 -0.014999 -0.045596 0.040334 -0.017248 -0.045222 0.041779 0.020534 -0.045596 0.040762 0.019683 -0.045255 0.015545 0.04271 -0.045226 0.020779 0.044104 -0.045195 0.015373 0.043022 -0.046447 0.045964 -0.014777 -0.046896 0.045654 0.015964 -0.048368 0.046087 0.015287 -0.048234 0.04618 0.012736 -0.048368 0.0464 0.014012 -0.048082 0.046453 -0.006245 -0.048021 0.045987 -0.011585 -0.048396 0.046337 -0.012642 -0.048244 0.046237 -0.007008 -0.048329 0.046328 0.00024 -0.048237 0.046112 -0.000905 -0.048362 0.04642 0.002147 -0.048146 0.045987 0.005198 -0.048396 0.046374 0.00825 -0.048192 0.04636 -0.014093 -0.046979 0.045957 -0.0148 -0.047896 0.046348 0.0152 -0.046895 0.046477 -0.012153 -0.046895 -0.014618 0.046203 -0.048372 -0.010921 0.047049 -0.048396 -0.009403 0.047592 -0.04836 -0.010563 0.047592 -0.048191 -0.014144 0.046671 -0.048127 0.024565 0.042183 -0.04824 0.027535 0.040294 -0.048253 0.039563 0.028275 -0.048319 0.033848 0.035196 -0.048105 0.042431 0.023637 -0.048328 0.024512 0.04175 -0.048396 0.028495 0.039141 -0.048396 0.032841 0.035556 -0.048396 0.038871 0.028714 -0.048396 0.024587 0.042428 -0.047283 0.031323 0.037705 -0.047309 0.033316 0.035452 -0.048335 0.037197 0.031194 -0.048357 0.036986 0.031887 -0.048075 0.041446 0.02569 -0.048085 0.043326 0.023135 -0.046959 0.029676 0.038815 -0.048103 0.0407 -0.025376 -0.0483 0.037947 -0.029077 -0.048329 0.034362 -0.033147 -0.04834 0.038798 -0.028317 -0.048116 0.041341 -0.024519 -0.048146 0.042899 -0.020935 -0.048394 0.033866 -0.034399 -0.046986 0.033587 -0.034225 -0.048077 0.038194 -0.028424 -0.048396 0.040503 -0.026134 -0.047014 0.036328 -0.031327 -0.048183 0.029656 -0.037299 -0.048371 0.025571 -0.040077 -0.048381 0.029584 -0.037698 -0.048059 0.022397 -0.04233 -0.047215 0.009228 0.047835 -0.048333 0.005993 0.048472 -0.048199 0.0122 0.047364 -0.047896 0.014955 0.0468 -0.046961 0.005456 0.048588 -0.046896 0.022323 0.043531 -0.046894 0.015973 0.045382 -0.045534 0.030335 -0.027216 -0.046029 0.03054 -0.031636 -0.045446 0.032202 -0.029535 -0.045421 0.033496 -0.029239 -0.0454 0.039288 -0.020948 -0.045431 0.039193 -0.020057 -0.045396 0.020674 -0.038177 -0.045431 0.038706 -0.013553 -0.046045 0.03936 -0.013967 -0.045396 0.038467 -0.017063 -0.045398 0.041217 0.001871 -0.045396 0.041312 0.013439 -0.045319 0.042869 -0.00159 -0.045575 0.042075 -0.000614 -0.045428 0.042559 0.002099 -0.045428 0.042497 0.013323 -0.045509 0.042717 -0.001261 -0.045396 0.042494 -0.000922 -0.045396 0.038716 0.019111 -0.047396 0.03906 0.013803 -0.047396 0.035822 0.020984 -0.047396 0.030098 0.028715 -0.045396 0.03011 0.033834 -0.045405 0.021525 0.039758 -0.045406 0.039271 0.013366 -0.046889 0.039081 0.013739 -0.047146 0.039896 0.014399 -0.047301 0.017665 0.038773 -0.045497 0.018432 0.037362 -0.046896 0.028983 0.033068 -0.046879 -0.001013 0.045154 -0.046296 -0.001063 0.0416 -0.045958 0.001484 0.044423 -0.04544 0.013157 0.043107 -0.045463 0.002598 0.045229 -0.045404 0.0021 0.044836 -0.046205 0.041442 -0.012213 -0.045401 0.019746 0.038575 -0.045396 0.020762 0.039348 -0.045054 0.018876 0.038743 -0.045709 0.019684 0.038547 -0.0445 0.020314 -0.037606 -0.045396 -0.002356 0.045846 -0.047645 -0.001108 0.047181 -0.045501 -0.006356 0.043399 -0.046834 -0.00625 0.046709 -0.047698 -0.00602 0.044084 -0.047327 -0.001999 0.044957 -0.047424 -0.001846 0.045051 -0.047324 -0.001565 0.042211 -0.046896 -0.001622 0.045123 -0.046913 -0.001465 0.042997 -0.046897 -0.015551 0.04534 -0.045408 -0.015634 0.045991 -0.045229 -0.015908 0.045227 -0.045196 0.015588 0.044062 -0.045351 0.045004 0.016516 -0.045396 0.044933 0.016691 -0.04522 0.040306 0.018223 -0.045173 0.040211 0.01831 -0.045397 0.042988 0.020936 -0.045255 0.04328 0.021338 -0.045466 0.043102 -0.01997 -0.045533 0.04189 -0.019008 -0.04521 0.041837 -0.014762 -0.045244 0.042411 -0.014534 -0.045743 0.040936 -0.01534 -0.045467 0.02112 -0.042413 -0.045457 0.020933 -0.04264 -0.045286 0.020727 -0.042893 -0.045192 -0.006689 0.044434 -0.046221 -0.007187 0.043225 -0.046893 -0.007464 0.043538 -0.046842 -0.007921 0.043494 -0.046885 0.013949 0.039978 -0.04671 0.012347 0.041232 -0.046803 0.012636 0.040562 -0.046778 0.012789 0.042684 -0.046451 0.012225 0.043217 -0.046485 0.002651 0.04473 -0.04645 0.002854 0.043895 -0.046879 0.030106 0.033145 -0.046281 0.030391 0.032578 -0.045428 0.029693 0.033569 -0.046541 0.021819 0.039098 -0.046521 0.021549 0.039445 -0.046186 0.021051 0.039288 -0.04632 0.020688 0.039173 -0.045967 0.02083 0.038508 -0.046732 0.019528 0.038044 -0.046625 0.019081 0.038491 -0.046146 0.018468 0.03835 -0.046595 0.017292 0.037904 -0.045908 0.040013 0.015116 -0.047027 0.040289 0.014222 -0.046224 0.039804 0.014027 -0.046771 0.040301 0.013882 -0.046309 0.040155 0.013811 -0.04649 0.039579 0.013595 -0.046855 0.039631 0.013564 -0.046833 0.040245 0.013854 -0.046385 0.040026 0.013745 -0.046611 0.039944 0.013685 -0.046678 0.041103 0.013129 -0.046455 0.040265 0.013659 -0.046479 0.041718 0.013363 -0.045964 0.041848 0.012211 -0.046809 0.042085 0.012904 -0.046495 0.042807 0.012525 -0.0454 0.042411 0.01234 -0.046441 0.042172 0.002941 -0.046661 0.042868 0.002829 -0.045575 0.041964 0.001875 -0.045799 0.041485 0.002674 -0.046733 0.041166 0.002996 -0.046795 0.042063 -0.001035 -0.046384 0.041214 -0.000729 -0.045771 0.041822 -0.001921 -0.046833 0.042397 -0.001725 -0.046432 0.041717 -0.010348 -0.046855 0.042414 -0.011106 -0.046439 0.042829 -0.011362 -0.045431 0.042476 -0.011955 -0.045844 0.041781 -0.011016 -0.046839 0.040738 -0.012419 -0.045957 0.041569 -0.012056 -0.046161 0.040431 -0.011911 -0.046595 0.040364 -0.013241 -0.045511 0.039083 -0.012493 -0.046896 0.039575 -0.013059 -0.046695 0.039634 -0.013542 -0.046401 0.033058 -0.029219 -0.046165 0.032866 -0.029092 -0.046513 0.036314 -0.025172 -0.046146 0.038669 -0.020935 -0.046601 0.039083 -0.021022 -0.045882 0.038228 -0.020579 -0.046794 0.038974 -0.020053 -0.046105 0.03839 -0.019381 -0.045711 0.038102 -0.017304 -0.046465 0.037519 -0.016434 -0.045907 0.017938 -0.03755 -0.045897 0.018094 -0.036283 -0.046795 0.017076 -0.036761 -0.045396 0.019639 -0.036966 -0.04634 0.020436 -0.037447 -0.046145 0.020823 -0.036973 -0.046763 0.021149 -0.038249 -0.046163 0.021597 -0.037096 -0.046871 0.021809 -0.037524 -0.046737 0.021842 -0.038204 -0.04606 0.022127 -0.038406 -0.045513 0.030152 -0.032482 -0.045725 0.029025 -0.031844 -0.046867 0.029722 -0.031789 -0.046665 0.030156 -0.031279 -0.045994 0.027981 -0.029564 -0.04642 -0.001589 0.041579 -0.046846 -0.001318 0.042145 -0.046815 -0.001094 0.042331 -0.04663 -0.001232 0.042961 -0.046777 -0.001424 0.042502 -0.046882 -0.001254 0.043785 -0.046786 -0.001314 0.044874 -0.046816 -0.012516 0.040841 -0.046891 -0.012379 0.041097 -0.046886 -0.012766 0.040862 -0.046352 -0.012307 0.041736 -0.046545 -0.011963 0.042416 -0.046858 -0.012196 0.042193 -0.046775 -0.011861 0.042567 -0.046811 -0.012262 0.042136 -0.046666 -0.009482 0.043145 -0.046886 -0.009907 0.043282 -0.046697 -0.00754 0.043491 -0.046875 -0.007223 0.043343 -0.046881 -0.013546 0.040412 -0.046835 -0.013669 0.039928 -0.046869 -0.013742 0.039902 -0.046796 -0.012476 0.041003 -0.046846 -0.012367 0.041205 -0.046866 -0.011726 0.043117 -0.046398 -0.012318 0.042101 -0.046417 -0.01233 0.042042 -0.046361 -0.012407 0.041999 -0.046179 -0.013269 0.040613 -0.046411 -0.015549 0.041257 -0.045594 -0.015117 0.041786 -0.047369 -0.015673 0.041 -0.048231 -0.012166 0.041548 -0.048516 -0.014468 0.042946 -0.048223 0.019734 -0.039715 -0.048208 0.018161 -0.039182 -0.048283 0.020753 -0.039676 -0.048396 0.019135 -0.040034 -0.045212 0.010172 0.040217 -0.048396 0.03461 0.018873 -0.048396 0.038971 -0.011263 -0.048396 0.031074 -0.02613 -0.048396 0.019284 -0.035487 -0.048396 -0.016051 0.041112 -0.045235 0.017993 -0.039492 -0.045338 -0.044513 0.012579 -0.035196 -0.043838 0.01563 -0.035199 -0.042443 0.016268 -0.043697 -0.041071 0.016618 -0.04366 -0.041859 0.016071 -0.043589 -0.040572 0.01729 -0.04348 -0.041311 0.016076 -0.035196 -0.044513 -0.011337 -0.035196 -0.017946 0.040941 -0.035196 -0.044334 -0.013469 -0.043595 0.040642 0.018416 -0.035196 -0.041142 -0.015022 -0.035196 -0.040097 0.018647 -0.035196 0.041711 0.016089 -0.035196 -0.01636 0.041421 -0.035196 -0.044101 -0.013867 -0.035196 -0.043506 -0.014548 -0.043346 -0.043649 -0.014753 -0.043694 -0.042266 -0.01473 -0.035196 -0.042763 -0.014805 -0.043599 -0.041339 -0.014863 -0.043465 -0.040917 -0.015367 -0.043396 -0.040917 -0.015367 -0.035196 -0.039847 -0.017522 -0.041694 -0.039032 -0.019688 -0.040071 -0.039018 -0.019899 -0.041696 -0.041379 -0.020198 -0.041696 -0.041533 -0.019271 -0.041696 -0.041555 -0.019448 -0.043382 -0.041733 -0.020889 -0.041696 -0.041783 -0.021059 -0.043551 -0.040807 -0.022962 -0.046896 -0.042027 -0.021229 -0.046788 -0.042814 -0.02106 -0.043752 -0.045761 -0.014082 -0.043312 -0.045418 -0.01396 -0.043696 -0.045864 -0.013959 -0.046894 -0.044329 -0.01344 -0.04687 -0.044453 0.013816 -0.046896 -0.04427 0.014689 -0.046825 -0.045721 0.015206 -0.043617 -0.045698 0.015318 -0.046696 -0.044433 0.0148 -0.043718 -0.043385 0.015853 -0.043515 -0.041919 0.02232 -0.043729 -0.04267 0.022717 -0.043452 -0.040534 0.019654 -0.043396 -0.040534 0.019654 -0.040321 -0.040978 0.019946 -0.043576 -0.04085 0.019911 -0.035196 -0.040269 0.019418 -0.035196 -0.040157 0.019195 -0.035196 -0.040635 0.023458 -0.035196 -0.018517 0.041095 -0.035196 -0.018224 0.041033 -0.039296 -0.01804 0.04122 -0.043697 -0.018217 0.040964 -0.043566 -0.015591 0.042857 -0.043709 -0.020085 0.042315 -0.043546 -0.021282 0.04212 -0.043396 -0.021222 0.042245 -0.04354 -0.021282 0.04212 -0.046696 -0.021932 0.043479 -0.046816 -0.021393 0.042066 -0.046819 -0.021838 0.043453 -0.043596 -0.019145 0.044829 -0.043388 -0.014469 0.046576 -0.043396 -0.014054 0.045794 -0.04385 -0.014469 0.046576 -0.046696 -0.014409 0.046594 -0.046758 -0.014409 0.046594 -0.041046 -0.007076 0.048314 -0.041046 -0.007112 0.048269 -0.021042 -0.005865 0.04851 -0.035196 -0.021386 0.043755 -0.041045 -0.027628 0.040031 -0.046893 -0.021388 0.043645 -0.020761 -0.01441 0.046594 -0.021196 0.004783 0.048737 -0.035196 0.00419 0.048629 -0.020832 0.015566 0.04627 -0.020799 0.022212 0.043576 -0.021196 0.028637 0.039584 -0.021044 0.039307 0.028953 -0.046892 0.036034 0.032988 -0.020857 0.031354 -0.035984 -0.020734 0.018596 -0.043778 -0.020652 0.04364 0.021604 -0.020791 0.0462 0.015296 -0.040617 0.046193 -0.014003 -0.046821 0.045869 -0.01389 -0.04379 0.044688 -0.013677 -0.043461 0.044832 -0.013438 -0.046877 0.044776 -0.013549 -0.035196 0.042699 -0.014749 -0.035196 0.043854 -0.014601 -0.043375 0.040488 -0.01737 -0.043578 0.042379 -0.015395 -0.04372 0.04323 -0.02147 -0.043601 0.043084 -0.021565 -0.046846 0.043011 -0.021705 -0.046896 0.043011 -0.021705 -0.041046 0.041736 -0.020898 -0.046696 0.041736 -0.020898 -0.043396 0.041682 -0.021009 -0.046819 0.041819 -0.019116 -0.043491 0.041843 -0.018761 -0.043695 0.041611 -0.018949 -0.035196 0.041861 -0.020838 -0.04354 0.04085 -0.018284 -0.040321 0.040951 -0.018366 -0.035196 0.040643 -0.017863 -0.043561 0.044773 0.014886 -0.035196 0.040648 -0.016817 -0.035196 0.04063 -0.017953 -0.035196 0.01842 -0.039699 -0.035196 -0.015751 -0.040532 -0.035196 0.016829 -0.040181 -0.035196 0.018539 -0.039667 -0.043409 0.019142 -0.039992 -0.041346 0.01842 -0.039699 -0.039296 0.019029 -0.039892 -0.035196 0.030024 -0.03557 -0.035196 0.02045 -0.04111 -0.035196 0.019631 -0.040573 -0.043388 0.01927 -0.04015 -0.040321 0.019871 -0.040987 -0.043617 0.021665 -0.041006 -0.043543 0.021756 -0.040878 -0.046696 0.022405 -0.042237 -0.046816 0.021867 -0.040824 -0.041007 0.022115 -0.04083 -0.046932 0.027987 -0.038875 -0.046893 0.033294 -0.032436 -0.046896 0.041434 -0.022077 -0.046992 0.04111 -0.022216 -0.035196 0.04188 -0.020497 -0.035196 0.036648 -0.03126 -0.046896 0.036448 -0.031478 -0.0238 0.024798 -0.041068 -0.021326 0.037007 -0.030724 -0.021174 0.024837 -0.040347 -0.020695 0.016745 -0.044808 -0.021115 0.014956 -0.045333 -0.035377 0.008366 -0.046873 -0.021047 -0.003078 -0.047651 -0.023186 0.010962 -0.046565 -0.023188 0.007962 -0.047027 -0.046892 0.014884 -0.045352 -0.041046 0.02186 -0.042513 -0.041046 0.015615 -0.044988 -0.04425 0.014902 -0.045357 -0.046805 0.007325 -0.045589 -0.046896 0.014365 -0.043939 -0.046696 0.014248 -0.04398 -0.046819 0.013539 -0.044369 -0.047149 0.002958 -0.046164 -0.035196 0.014248 -0.04398 -0.041007 0.01495 -0.043597 -0.035196 0.015593 -0.041966 -0.035196 0.015843 -0.040796 -0.035196 -0.015155 -0.041178 -0.035196 -0.015123 -0.041911 -0.039296 -0.015134 -0.041667 -0.035196 -0.015406 -0.040757 -0.035196 -0.015617 -0.040656 -0.043628 -0.017998 -0.04 -0.043696 -0.018215 -0.039642 -0.043381 -0.018236 -0.039766 -0.039296 -0.019206 -0.040714 -0.043603 -0.021019 -0.041209 -0.043575 -0.021282 -0.040878 -0.043396 -0.021282 -0.040878 -0.046696 -0.021649 -0.040825 -0.046941 -0.024243 -0.039501 -0.035195 -0.02907 -0.03592 -0.03673 -0.025333 -0.039822 -0.046896 -0.034518 -0.030646 -0.046896 -0.033881 -0.033497 -0.046896 -0.033291 -0.031896 -0.041696 -0.034518 -0.030646 -0.041696 -0.034533 -0.030649 -0.046896 -0.034533 -0.030649 -0.041046 -0.033852 -0.030222 -0.035196 -0.033545 -0.030232 -0.041696 -0.033578 -0.028843 -0.041696 -0.032955 -0.028564 -0.041696 -0.03275 -0.028723 -0.040984 -0.032409 -0.029097 -0.041696 -0.032566 -0.029637 -0.041696 -0.032433 -0.02917 -0.040071 -0.03277 -0.028702 -0.040426 -0.03275 -0.028723 -0.039969 -0.03252 -0.029003 -0.039258 -0.03275 -0.028723 -0.039004 -0.032972 -0.028579 -0.038446 -0.03293 -0.028636 -0.039893 -0.03277 -0.028702 -0.040984 -0.032972 -0.028579 -0.035196 -0.033207 -0.028562 -0.035196 -0.033424 -0.028656 -0.035196 -0.033093 -0.028625 -0.037075 -0.03277 -0.028702 -0.037531 -0.03277 -0.028702 -0.036515 -0.03275 -0.028723 -0.038014 -0.03275 -0.028723 -0.038547 -0.03277 -0.028702 -0.038471 -0.032549 -0.028948 -0.035196 -0.032465 -0.02924 -0.036821 -0.03275 -0.028723 -0.037328 -0.03277 -0.028702 -0.036821 -0.018796 -0.04015 -0.035196 -0.018459 -0.039832 -0.035196 -0.01999 -0.0411 -0.035197 -0.018014 -0.039701 -0.035196 -0.017558 -0.039784 -0.035196 -0.03242 -0.029412 -0.035196 -0.032439 -0.029421 -0.039258 -0.03357 -0.031406 -0.035196 -0.03277 -0.028702 -0.036059 -0.03275 -0.028723 -0.035551 -0.03275 -0.028723 -0.035196 -0.03277 -0.028702 -0.035196 -0.039032 -0.019688 -0.035196 -0.039086 -0.019451 -0.035196 -0.039096 -0.019923 -0.035196 -0.039179 -0.020011 -0.039665 -0.040096 -0.020063 -0.041696 -0.039105 -0.01985 -0.036821 -0.039493 -0.020177 -0.035196 -0.039262 -0.0201 -0.035196 -0.038809 -0.025985 -0.035196 -0.033578 -0.028843 -0.035196 -0.035552 -0.030219 -0.035196 -0.041557 -0.019992 -0.035196 -0.03881 -0.025986 -0.041046 -0.041564 -0.021407 -0.038446 -0.035555 -0.030222 -0.041046 -0.035555 -0.030222 -0.041365 -0.035556 -0.030222 -0.041868 -0.035556 -0.030222 -0.042005 -0.035556 -0.030222 -0.042371 -0.035556 -0.030222 -0.043102 -0.035556 -0.030222 -0.043285 -0.035556 -0.030222 -0.043467 -0.035556 -0.030223 -0.043677 -0.035557 -0.030223 -0.046118 -0.035557 -0.030223 -0.046392 -0.035557 -0.030223 -0.046575 -0.035555 -0.030222 -0.041182 -0.035555 -0.030222 -0.041548 -0.035555 -0.030222 -0.041777 -0.035556 -0.030222 -0.042188 -0.035553 -0.03022 -0.045159 -0.035556 -0.030223 -0.045293 -0.035768 -0.030415 -0.046896 -0.035555 -0.030221 -0.044862 -0.035557 -0.030223 -0.045478 -0.035557 -0.030223 -0.045753 -0.035239 -0.030553 -0.046896 -0.042417 -0.021629 -0.046927 -0.036602 -0.030769 -0.032862 -0.028104 -0.038416 -0.040925 -0.021496 -0.042457 -0.028196 -0.035394 -0.032068 -0.021174 -0.024702 -0.040769 -0.021178 -0.01663 -0.044387 -0.020766 -0.012042 -0.046076 -0.042822 0.002498 -0.047324 -0.020745 -0.010192 -0.046482 -0.021182 -0.014485 -0.045342 -0.043388 -0.007467 -0.04701 -0.046896 -0.014393 -0.045362 -0.046816 -0.021835 -0.042314 -0.043421 -0.013974 -0.044154 -0.043855 -0.021777 -0.042098 -0.043696 -0.015289 -0.042292 -0.043666 -0.014585 -0.043492 -0.043398 -0.015155 -0.041178 -0.043396 -0.006851 -0.045589 -0.041046 -0.014852 -0.043372 -0.035196 -0.012363 -0.044551 -0.035195 -0.013702 -0.044003 -0.046896 -0.013891 -0.043939 -0.046696 -0.003312 -0.046074 -0.046896 -0.001011 -0.047646 -0.046896 -0.045513 0.000621 -0.020696 -0.038501 -0.027587 -0.020682 -0.037697 0.030358 -0.020835 -0.027835 0.039864 -0.021196 -0.033602 0.035016 -0.021196 -0.042341 0.023097 -0.020992 -0.045016 0.015859 -0.020696 -0.045513 0.012828 -0.020696 -0.045513 0.006724 -0.020696 -0.04549 0.016019 -0.041046 -0.046013 0.003672 -0.021196 -0.045893 0.014452 -0.02121 -0.046013 -0.011586 -0.021196 -0.045513 -0.005482 -0.020696 -0.045111 -0.015032 -0.02071 -0.044897 -0.017007 -0.021248 -0.042645 -0.021476 -0.04357 -0.039516 -0.02683 -0.021145 -0.030014 -0.036609 -0.020712 -0.045751 -0.013181 -0.033446 -0.038541 0.029331 -0.046896 -0.042606 0.022821 -0.046868 -0.041214 0.0225 -0.046933 -0.041262 0.02214 -0.046696 -0.041262 0.02214 -0.043396 -0.03745 0.028284 -0.041046 -0.030741 0.03583 -0.035196 -0.030776 0.035766 -0.046896 -0.022432 0.041819 -0.047101 -0.033599 0.035018 -0.046896 -0.021393 0.042066 -0.041007 -0.019054 0.041707 -0.035196 -0.020381 0.042386 -0.035196 -0.019241 0.041962 -0.043549 -0.041487 0.021144 -0.035196 -0.041446 0.021207 -0.04339 -0.021933 -0.042239 -0.046816 -0.035551 -0.030217 -0.046758 -0.035424 -0.030373 -0.045433 -0.035551 -0.030217 -0.046896 -0.035551 -0.030217 -0.046507 -0.035424 -0.030373 -0.043971 -0.035551 -0.030217 -0.045342 -0.035553 -0.03022 -0.044336 -0.035552 -0.030218 -0.044725 -0.035551 -0.030217 -0.045661 -0.035551 -0.030217 -0.045935 -0.035551 -0.030217 -0.04621 -0.035552 -0.030218 -0.043691 -0.035551 -0.030217 -0.043559 -0.035551 -0.030217 -0.043376 -0.035551 -0.030217 -0.043193 -0.035551 -0.030217 -0.04301 -0.035555 -0.030221 -0.042874 -0.035553 -0.030219 -0.042713 -0.035424 -0.030373 -0.042508 -0.035012 -0.030621 -0.041046 -0.035551 -0.030217 -0.042279 -0.035551 -0.030217 -0.042462 -0.035551 -0.030217 -0.041457 -0.035551 -0.030217 -0.041639 -0.035551 -0.030217 -0.042096 -0.035551 -0.030217 -0.041868 -0.035553 -0.030219 -0.042576 -0.035424 -0.030373 -0.041046 -0.035424 -0.030373 -0.039583 -0.035551 -0.030217 -0.041091 -0.035551 -0.030217 -0.040268 -0.035551 -0.030217 -0.040085 -0.035551 -0.030217 -0.040634 -0.035551 -0.030217 -0.040817 -0.035553 -0.030219 -0.040954 -0.035551 -0.030217 -0.041274 -0.035551 -0.030217 -0.040451 -0.035555 -0.030222 -0.040542 -0.035555 -0.030222 -0.040725 -0.035555 -0.030222 -0.040863 -0.035555 -0.030222 -0.04036 -0.035555 -0.030222 -0.040177 -0.035555 -0.030222 -0.039994 -0.035551 -0.030217 -0.039903 -0.035555 -0.030222 -0.039811 -0.035554 -0.030221 -0.039628 -0.035551 -0.030217 -0.03972 -0.035554 -0.030221 -0.039446 -0.035551 -0.030217 -0.039263 -0.035555 -0.030222 -0.039263 -0.035554 -0.030221 -0.03908 -0.035554 -0.030221 -0.038897 -0.035551 -0.030217 -0.038806 -0.035555 -0.030222 -0.038714 -0.035551 -0.030217 -0.038623 -0.035555 -0.030222 -0.038486 -0.035555 -0.030221 -0.038361 -0.035424 -0.030373 -0.038121 -0.035551 -0.030217 -0.038437 -0.035552 -0.030218 -0.038257 -0.035553 -0.030219 -0.038041 -0.035552 -0.030219 -0.037755 -0.035552 -0.030219 -0.037458 -0.035552 -0.030219 -0.037183 -0.035552 -0.030219 -0.036864 -0.035552 -0.030219 -0.036589 -0.035552 -0.030219 -0.036292 -0.035552 -0.030219 -0.035995 -0.035552 -0.030219 -0.035744 -0.035552 -0.030219 -0.035561 -0.035175 -0.03064 -0.035196 -0.035553 -0.03022 -0.035355 -0.033536 -0.028792 -0.038852 -0.033424 -0.028656 -0.041696 0.015653 -0.04103 -0.043357 0.015682 -0.04099 -0.043403 0.015854 -0.042292 -0.043697 0.014365 -0.043939 -0.043396 0.014873 -0.044126 -0.043716 0.022311 -0.042252 -0.043614 0.016522 -0.040492 -0.043654 0.018938 -0.039997 -0.043638 0.028346 -0.038598 -0.035366 0.040674 -0.024923 -0.020689 0.041757 -0.024154 -0.021289 0.045816 -0.01495 -0.020761 0.045964 -0.014777 -0.0282 0.046336 -0.013507 -0.039838 0.046237 -0.003956 -0.020946 0.046375 0.014708 -0.021171 0.041846 -0.014879 -0.039296 0.041838 -0.01483 -0.043403 0.042001 -0.015092 -0.043698 0.044842 0.01476 -0.043757 0.0437 0.015897 -0.035196 0.044136 0.01568 -0.043483 0.046217 0.015205 -0.043595 0.044785 0.014682 -0.046869 0.043292 0.022352 -0.043621 0.042326 0.022398 -0.043834 0.041956 0.021124 -0.043523 0.041645 0.020332 -0.043396 0.041651 0.020349 -0.035196 0.041901 0.021641 -0.035196 0.040562 0.018997 -0.035196 0.018488 0.040943 -0.035196 0.027901 0.038308 -0.035196 0.01871 0.041008 -0.039296 0.020521 0.042283 -0.035196 0.020067 0.042124 -0.043346 0.021645 0.042277 -0.043552 0.021614 0.042352 -0.04553 0.021935 0.042031 -0.046896 0.021867 0.042066 -0.041007 0.027901 0.038308 -0.041046 0.036082 0.030861 -0.035196 0.031249 0.035766 -0.046896 0.031701 0.037414 -0.03866 0.032724 0.036427 -0.046896 0.041682 0.02251 -0.046942 0.042934 0.022699 -0.046782 0.041736 0.02214 -0.043396 0.041682 0.022251 -0.041007 0.022217 0.043545 -0.035203 0.02863 0.039632 -0.035196 0.014944 0.046568 -0.043517 0.015261 0.046472 -0.035196 0.014824 0.046919 -0.04688 0.002498 0.048903 -0.046896 0.014365 0.045181 -0.046696 0.014747 0.045755 -0.043786 0.014248 0.045222 -0.046819 0.014365 0.045181 -0.043396 0.015357 0.044449 -0.043358 0.013126 0.045711 -0.035196 0.007325 0.046831 -0.041046 0.015508 0.044123 -0.035196 0.015629 0.04242 -0.035196 -0.01537 0.042038 -0.035196 0.015629 0.04242 -0.039296 0.01588 0.042 -0.035196 0.016225 0.041775 -0.035196 0.018032 0.041026 -0.035196 0.01954 0.04201 -0.043697 0.018628 0.040989 -0.043365 0.022329 0.043538 -0.043509 0.022406 0.043481 -0.046816 0.016333 0.042054 -0.043696 0.015722 0.042474 -0.043578 0.016129 0.041855 -0.043597 -0.002484 0.047406 -0.035196 -0.015121 0.043206 -0.035196 -0.014425 0.044915 -0.035196 -0.014941 0.044384 -0.042269 -0.013775 0.045222 -0.041007 -0.013891 0.045181 -0.043396 -0.013891 0.045181 -0.046696 -0.013775 0.045222 -0.046819 -0.013055 0.045612 -0.047151 -0.003312 0.047316 -0.046896 -0.014294 0.047082 -0.046959 0.013895 0.045718 -0.046939 -0.015368 0.041969 -0.043378 -0.015259 0.042242 -0.039296 0.040601 0.019181 -0.04341 0.040626 0.018702 -0.043618 0.041811 0.016106 -0.043465 0.041465 0.016586 -0.043615 0.04224 0.016147 -0.043626 -0.040106 0.018804 -0.043489 -0.040293 0.019366 -0.04355 -0.040274 -0.017307 -0.043661 -0.040508 -0.017976 -0.043696 -0.040173 -0.017987 -0.043413 -0.021076 -0.192399 -0.009095 -0.021286 -0.192098 -0.007696 -0.028 -0.196211 -0.000196 -0.027709 -0.19717 0.005265 -0.027799 -0.196624 0.008664 -0.029632 -0.18907 0.006611 -0.029706 -0.188593 0.002325 -0.029832 -0.187703 0.008767 -0.028293 -0.187594 0.011799 -0.031658 -0.173309 0.007745 -0.03027 -0.173521 0.010491 -0.020346 -0.174991 0.014295 -0.024749 -0.181664 0.014082 -0.016654 -0.184055 0.015215 -0.024153 -0.202621 0.011693 -0.023552 -0.208095 0.007393 -0.027159 -0.19901 0.007082 -0.027275 -0.198662 0.007017 0.003423 -0.181836 0.007149 -0.005189 -0.185345 0.006517 0.002863 -0.179633 0.005805 0.002942 -0.179337 0.005024 0.002205 -0.176994 0.008612 0.003107 -0.179168 -0.000196 0.003013 -0.178055 -0.0002 0.002783 -0.178722 -0.009294 0.002838 -0.17823 -0.008284 0.001598 -0.174791 -0.012322 0.001474 -0.167116 -0.003721 0.001037 -0.175812 -0.014319 -0.003807 -0.171887 -0.01694 -0.000161 -0.154096 -0.007708 -0.000281 -0.162387 -0.011292 0.00024 -0.157678 -0.000369 0.000211 -0.151037 -0.004851 0.000212 -0.152298 -0.003196 0.000383 -0.145372 -0.003356 0.000147 -0.145254 -0.005447 0.00028 -0.148695 -0.00308 0.000733 -0.139485 0.002775 0.000368 -0.141021 0.004962 -0.001645 -0.151152 0.008388 -0.012927 -0.146525 0.011352 -0.019959 -0.143524 0.011302 -0.010423 -0.110065 0.01077 -0.005454 -0.121972 0.009996 -0.001362 -0.136846 0.007716 0.002257 -0.120689 0.004827 0.000736 -0.113397 0.007723 0.002263 -0.123036 0.002758 0.001488 -0.13028 -0.003196 0.000659 -0.138521 -0.005048 0.000787 -0.138568 -0.003155 -0.000523 -0.142912 -0.007237 -0.001349 -0.148088 -0.008347 -0.004737 -0.145191 -0.01036 -0.009021 -0.146872 -0.011553 -0.010642 -0.152453 -0.012807 -0.004553 -0.153275 -0.011751 -0.016842 -0.148483 -0.012129 -0.023345 -0.147953 -0.012009 -0.023702 -0.14505 -0.011864 -0.01954 -0.132911 -0.011981 -0.029095 -0.14479 -0.010748 -0.019182 -0.123544 -0.01192 -0.030121 -0.129447 -0.0107 -0.025003 -0.121354 -0.011676 -0.0123 -0.113422 -0.011746 -0.006769 -0.116032 -0.011358 -0.004768 -0.102817 -0.011188 -0.000522 -0.108904 -0.010073 0.004305 -0.105518 -0.006718 0.004018 -0.109997 -0.005076 0.003232 -0.115078 -0.005103 0.004513 -0.102071 -0.007358 0.004276 -0.108659 -0.002962 0.005922 -0.100535 -0.003252 0.005042 -0.104388 0.003903 0.006528 -0.09746 0.003973 0.00694 -0.096048 0.00272 0.008553 -0.088889 -0.004881 0.005856 -0.068997 -0.009789 0.006095 -0.093919 -0.007369 0.001689 -0.096041 -0.009941 -0.002634 -0.086943 -0.011021 -0.01001 -0.080493 -0.011406 -0.004026 -0.097868 -0.011132 -0.027666 -0.071377 -0.010541 -0.015195 -0.066388 -0.011194 -0.028782 -0.06229 -0.010377 -0.014857 -0.062281 -0.011363 -0.005728 -0.057636 -0.011943 -0.008356 -0.07421 -0.011248 -0.00865 -0.064995 -0.011219 -0.005886 -0.067668 -0.011117 -0.007469 -0.067668 -0.01117 -0.003495 -0.067668 -0.010996 -0.004584 -0.061668 -0.01139 -0.004292 -0.067668 -0.011043 -0.005089 -0.067668 -0.011082 -0.002015 -0.06768 -0.010895 0.001066 -0.060579 -0.011262 -0.000468 -0.061907 -0.011144 0.002903 -0.056368 -0.012095 0.003008 -0.058269 -0.011573 -0.001424 -0.051889 -0.013949 -0.002169 -0.048856 -0.016416 0.003039 -0.051035 -0.014348 -0.00056 -0.047999 -0.017998 0.002076 -0.04764 -0.019302 0.012013 -0.045653 -0.020696 0.004118 -0.047484 -0.020327 -0.003763 -0.047208 -0.020728 -0.00908 -0.046663 -0.02041 -0.015328 -0.04452 -0.020696 -0.002656 -0.047551 -0.020195 -0.045513 -0.011585 -0.020696 -0.046098 -0.00441 -0.019985 -0.044075 -0.012829 -0.013709 -0.040078 -0.002613 -0.008743 -0.041308 -0.014008 -0.008588 -0.03814 -9.5e-05 -0.005485 -0.037688 0.007962 -0.008505 -0.036204 0.006584 -0.004849 -0.036014 0.006677 0.003135 -0.033789 0.011802 0.002235 -0.029116 0.01866 0.002754 -0.033309 0.013133 -0.005309 -0.029365 0.018669 -0.005317 -0.033312 0.017123 -0.008564 -0.022759 0.024954 0.002733 -0.017032 0.028391 0.002713 -0.014203 0.029761 -0.005463 -0.010904 0.030389 0.002622 -0.022701 0.024931 -0.003158 -0.02528 0.02421 -0.007494 -0.019683 0.028369 -0.007688 -0.016076 0.03371 -0.011305 -0.017497 0.041991 -0.016043 -0.022755 0.041382 -0.017016 -0.027919 0.03974 -0.018658 -0.031515 0.037036 -0.020171 -0.034255 0.034182 -0.018266 -0.037811 0.030289 -0.020443 -0.027416 0.04015 -0.020519 -0.019355 0.044295 -0.020696 -0.018886 0.04498 -0.020182 -0.019987 0.0444 -0.018773 -0.014872 0.046221 -0.01835 -0.011221 0.047447 -0.020406 -0.002283 0.048694 -0.018846 -0.0056 0.04849 -0.018873 0.000763 0.048876 -0.019242 -0.004478 0.048478 -0.020587 0.003542 0.048742 -0.020424 0.006177 0.048443 -0.018859 0.011113 0.047714 -0.020141 0.012013 0.046896 -0.020696 0.019262 0.044917 -0.020431 0.028221 0.039556 -0.020698 0.045987 0.012828 -0.020696 0.046535 0.012734 -0.020097 0.046487 0.006725 -0.020196 0.046299 0.008043 -0.018591 0.046439 0.00505 -0.019059 0.046265 0.013801 -0.018608 0.045493 0.016934 -0.018631 0.04624 0.015788 -0.019461 0.044094 0.019507 -0.020696 0.045125 0.018941 -0.020186 0.04036 0.02747 -0.020495 0.03927 0.028849 -0.020395 0.043074 0.021811 -0.017913 0.040062 0.027617 -0.018547 0.043975 0.014782 -0.01674 0.041069 0.014201 -0.015128 0.034483 0.016044 -0.012126 0.03046 0.010386 -0.006369 0.032909 0.009062 -0.008979 0.034768 -0.001042 -0.00977 0.037881 -0.002359 -0.01286 0.033281 -0.015249 -0.008785 0.028669 -0.028785 -0.005778 0.030881 -0.027201 -0.010366 0.035095 -0.018091 -0.011887 0.030259 -0.029581 -0.011742 0.027219 -0.036193 -0.013786 0.024244 -0.040029 -0.010679 0.018494 -0.052498 -0.007264 0.015768 -0.053224 -0.009999 0.017717 -0.047376 -0.012839 0.020186 -0.044371 -0.014599 0.010936 -0.05009 -0.013959 0.007545 -0.056563 -0.011529 0.006109 -0.050596 -0.014331 0.004234 -0.053733 -0.012941 0.011006 -0.058543 -0.010058 0.007562 -0.062312 -0.010057 0.007191 -0.065552 -0.009676 0.002777 -0.064632 -0.010488 -0.000396 -0.067592 -0.01075 0.012049 -0.07325 -0.005659 0.009961 -0.081847 -0.005509 0.010362 -0.07025 -0.007812 0.010144 -0.082998 -0.003202 0.009668 -0.084888 0.002808 0.008838 -0.085766 0.005367 0.007925 -0.076105 0.007958 -0.001618 -0.083815 0.010191 -0.015298 -0.07114 0.010816 -0.02017 -0.069874 0.010622 -0.005089 -0.05907 0.010788 -0.011397 -0.050817 0.010971 -0.024015 -0.036579 0.010607 -0.03503 -0.014565 0.009162 -0.039588 -0.017557 0.005958 -0.039393 -0.008697 0.004776 -0.039345 -0.007502 0.003347 -0.040229 -0.013895 0.003194 -0.040211 -0.01379 0.003154 -0.04025 -0.014543 -0.002659 -0.038725 -0.004204 0.002404 -0.038319 -0.002229 0.003336 -0.037725 0.000563 0.002783 -0.037311 0.0014 0.00416 -0.036515 0.003493 0.004751 -0.03599 0.003606 0.005977 -0.034763 -0.002677 0.008596 -0.026616 -0.013456 0.011311 -0.01925 -0.008213 0.012597 -0.011268 -0.017007 0.012563 -0.028818 0.000712 0.010705 -0.022643 0.017283 0.00954 -0.01784 0.004389 0.012707 -0.009073 0.009984 0.012915 -0.004314 0.00547 0.013564 0.003774 -0.002269 0.013497 -0.0055 -0.005894 0.013484 0.003776 -0.023135 0.011926 0.004502 -0.034809 0.011073 -0.008732 -0.035745 0.011371 -0.015702 -0.030699 0.011494 -0.000483 -0.046945 0.010825 0.006738 -0.055327 0.009954 0.006808 -0.049248 0.010118 0.010341 -0.048305 0.009627 0.020057 -0.016741 0.01064 0.020164 -0.044624 0.006289 0.01448 -0.050686 0.008139 0.012831 -0.028161 0.01075 0.009852 -0.019434 0.011847 0.015729 -0.007859 0.012126 0.015179 -0.000569 0.012458 0.021247 0.001451 0.011296 0.026046 -0.011216 0.009371 0.029845 0.00212 0.006625 0.031816 -0.003879 0.004062 0.031197 -0.007041 0.00596 0.031906 -0.004033 0.003435 0.031435 -0.013696 0.003811 0.028443 -0.020383 0.006765 0.029791 -0.022125 0.004957 0.023111 -0.039395 0.005592 0.027779 -0.029443 0.003791 0.025427 -0.035861 0.003311 0.02951 -0.024075 0.003606 0.030886 -0.017392 0.003335 0.030708 -0.018457 -0.004002 0.031672 -0.010157 0.002339 0.031853 0.0002 0.00232 0.031909 -0.001225 -0.004565 0.031982 -0.008512 -0.004499 0.029884 -0.022478 -0.000197 0.028673 -0.027064 -0.003223 0.0285 -0.027556 -0.00297 0.026566 -0.032949 -0.003177 0.027802 -0.029563 0.003005 0.024226 -0.038983 0.002768 0.020121 -0.049911 -0.004965 0.017872 -0.055475 -0.005108 0.013908 -0.065987 -0.005811 0.016698 -0.059171 -0.003196 0.016417 -0.060085 -0.003196 0.014928 -0.065158 0.002774 0.01455 -0.066368 -0.003796 0.015699 -0.059852 0.005336 0.012224 -0.074948 0.001006 0.012138 -0.075335 0.0028 0.010361 -0.082068 -0.003694 0.012158 -0.075175 -0.003729 0.0135 -0.065231 0.006081 0.002043 -0.069223 0.010018 0.017078 -0.057522 0.004 0.018007 -0.055092 0.0027 0.021931 -0.044812 0.002778 0.029065 0.011648 -0.002897 0.024764 0.019924 -0.004687 0.02002 0.025889 -0.005758 0.018993 0.025704 -0.00298 0.010568 0.030085 -0.004407 0.003483 0.033299 -0.008122 0.016537 0.030913 -0.009234 0.015494 0.037343 -0.013686 0.011076 0.037336 -0.012895 0.011692 0.045228 -0.016935 0.004666 0.046094 -0.016778 0.003955 0.04628 -0.017214 0.003616 0.04558 -0.017359 0.003821 0.044477 -0.016346 0.003726 0.043467 -0.015615 0.003523 0.044501 -0.017317 0.002829 0.042841 -0.017102 0.000212 0.041507 -0.017189 0.002016 0.042286 -0.017359 0.003203 0.044672 -0.017396 0.004144 0.046845 -0.01735 0.004511 0.047165 -0.017465 6e-05 0.047621 -0.017587 -0.004156 0.047298 -0.017559 -0.003549 0.046731 -0.017359 -0.003617 0.047051 -0.017412 -0.002957 0.045364 -0.01738 -0.003141 0.046873 -0.017396 -0.001613 0.044838 -0.017396 -0.003028 0.045269 -0.017347 -0.003122 0.045256 -0.017289 -0.002262 0.042871 -0.017354 -0.003116 0.044771 -0.017265 -0.003573 0.046598 -0.017302 -0.003987 0.046445 -0.016985 -0.004022 0.044021 -0.015714 -0.003141 0.043438 -0.015632 -0.002956 0.043515 -0.016516 -0.00102 0.041837 -0.015238 -6.1e-05 0.041537 -0.014917 0.002377 0.042174 -0.014995 0.001784 0.041369 -0.014426 0.003658 0.041038 -0.014265 -0.001507 0.04142 -0.014461 -0.00026 0.041486 -0.014621 -0.004777 0.038397 -0.012817 -0.006796 0.034265 -0.009618 -0.003308 0.032454 -0.006021 -0.003389 0.031589 -0.003019 0.002172 0.03158 0.002786 0.002592 0.029755 0.007286 0.00077 0.025456 0.009827 -0.006223 0.031053 0.004659 -0.012821 0.029121 0.005851 -0.020767 0.025224 0.006218 -0.014695 0.022795 0.00976 -0.028878 0.015942 0.00687 -0.031568 0.014602 0.00525 -0.03552 0.007368 0.004414 -0.023361 0.023933 0.004799 -0.029084 0.010297 0.008705 -0.030539 0.009491 0.008219 -0.002572 0.01843 0.011894 -0.010117 0.01818 0.01157 -0.015923 0.015438 0.011387 0.007845 0.014542 0.012339 0.014744 0.014858 0.011251 0.019035 0.019377 0.009033 0.025998 0.017443 0.004552 0.021963 0.02203 0.005768 0.021521 0.023452 0.004172 0.015454 0.02778 0.004512 0.014893 0.026451 0.00679 0.011204 0.02387 0.009388 0.012578 0.029229 0.002804 0.006211 0.03088 0.004772 0.029213 0.010529 0.004376 0.02938 0.007974 0.005409 0.030266 0.007667 0.002486 0.030807 0.002006 0.005194 0.031142 0.001175 0.004738 0.030786 0.002875 0.004901 0.030199 0.004292 0.005694 0.025793 0.01364 0.007397 0.025582 0.006058 0.009227 0.007026 0.003252 0.013196 -0.006243 0.048643 -0.018685 0.001907 0.044631 -0.017396 0.000237 0.047034 -0.017396 0.003887 0.046857 -0.017396 -0.001256 0.046376 -0.017396 0.004106 0.048681 -0.018986 0.010227 0.047523 -0.018505 0.016252 0.046167 -0.019322 0.015232 0.046423 -0.01879 0.02518 0.041942 -0.020184 0.020421 0.044419 -0.019026 0.025078 0.041801 -0.018765 0.020958 0.043782 -0.018328 0.019897 0.041279 -0.016217 0.021606 0.03206 -0.01243 0.027179 0.027067 -0.012254 0.026231 0.022999 -0.009205 0.034148 0.030798 -0.016257 0.035804 0.024484 -0.014943 0.02779 0.037649 -0.016828 0.030597 0.038003 -0.018513 0.030004 0.038712 -0.020089 0.03191 0.036932 -0.018903 0.035372 0.033838 -0.020081 0.037917 0.030453 -0.020559 0.037985 0.030641 -0.019055 0.039207 0.028909 -0.01886 0.038596 0.02596 -0.01671 0.035112 0.033819 -0.018829 0.024188 0.042502 -0.019153 0.010401 -0.036445 0.010419 -0.040666 -0.020692 0.003117 -0.040627 -0.023951 -0.002313 -0.040485 -0.029686 -0.00702 -0.038898 -0.028873 -0.014839 -0.038966 -0.027509 -0.019401 -0.035761 -0.031624 -0.018987 -0.035637 -0.036474 -0.015111 -0.039991 -0.038824 -0.006755 -0.034735 -0.042579 -0.012851 -0.036165 -0.055553 -0.009155 -0.021517 -0.053375 -0.012558 -0.030477 -0.050038 -0.012434 -0.014913 -0.046579 -0.016447 -0.015297 -0.049828 -0.014282 -0.011603 -0.053284 -0.013156 -0.011039 -0.046308 -0.019387 -0.011302 -0.046673 -0.018122 -0.017753 -0.044246 -0.020193 -0.021229 -0.042589 -0.019396 -0.023704 -0.041104 -0.020542 -0.026196 -0.039864 -0.018558 -0.021409 -0.043216 -0.017324 -0.030502 -0.03654 -0.020098 -0.033876 -0.033426 -0.019866 -0.039642 -0.026807 -0.020172 -0.043387 -0.020107 -0.020152 -0.041298 -0.021558 -0.0111 -0.045923 -0.013945 -0.019944 -0.032879 -0.035141 -0.018127 -0.026911 -0.044926 -0.014732 -0.027673 -0.041411 -0.01618 -0.030896 -0.056877 -0.0108 -0.032292 -0.063833 -0.009425 -0.035549 -0.066359 -0.007985 -0.034539 -0.055743 -0.009935 -0.038721 -0.049213 -0.007553 -0.038981 -0.059144 -0.004718 -0.039307 -0.054428 -0.004565 -0.038522 -0.067184 -0.003614 -0.03883 -0.061574 -0.003194 -0.038529 -0.065842 0.003896 -0.039169 -0.054802 0.002807 -0.038893 -0.055757 0.004215 -0.039392 -0.050338 0.002791 -0.03966 -0.041775 0.003996 -0.039595 -0.046078 0.003139 -0.040063 -0.036408 0.003199 -0.039344 -0.051313 -0.00317 -0.039778 -0.042492 -0.003198 -0.039879 -0.040377 -0.003089 -0.040634 -0.024534 -0.000384 -0.040426 -0.027993 0.003588 -0.040563 -0.022685 0.004103 -0.040606 -0.019263 0.003269 -0.038583 -0.042506 0.005793 -0.03292 -0.031649 0.009247 -0.037885 -0.052348 0.00605 -0.029874 -0.049292 0.009565 -0.025735 -0.064449 0.010177 -0.029168 -0.067339 0.009709 -0.034439 -0.048772 0.008324 -0.034431 -0.080346 0.007999 -0.037301 -0.068851 0.006015 -0.038298 -0.070272 0.003911 -0.027823 -0.08643 0.009955 -0.026943 -0.10219 0.010278 -0.008933 -0.096185 0.010673 -0.018229 -0.102299 0.01086 -0.028328 -0.108292 0.009985 -0.03372 -0.116943 0.007744 -0.036286 -0.11355 0.002803 -0.036405 -0.110675 -0.005171 -0.036587 -0.104715 -0.005549 -0.035469 -0.107359 -0.007849 -0.030777 -0.105847 -0.010593 -0.023495 -0.107474 -0.01167 -0.033177 -0.108013 -0.009794 -0.035312 -0.12866 -0.004688 -0.034029 -0.131793 -0.007875 -0.034706 -0.139371 -0.003191 -0.033387 -0.140352 -0.007886 -0.034351 -0.144378 0.002804 -0.033548 -0.154909 -0.000245 -0.033973 -0.149569 -0.003206 -0.034184 -0.144988 -0.004929 -0.031014 -0.148606 -0.009695 -0.032226 -0.151081 -0.008652 -0.030903 -0.170208 -0.01172 -0.02742 -0.153638 -0.011806 -0.019207 -0.157198 -0.013704 -0.021522 -0.174853 -0.01727 -0.026619 -0.17268 -0.015431 -0.017536 -0.172298 -0.01724 -0.031307 -0.17621 -0.010537 -0.031094 -0.179526 -0.008795 -0.032717 -0.164558 -0.001682 -0.0326 -0.165728 -0.003196 -0.033331 -0.156959 -0.005801 -0.032866 -0.162861 -0.005243 -0.032447 -0.164445 -0.008091 -0.032846 -0.163078 -0.005287 -0.032856 -0.162971 -0.005265 -0.03282 -0.163368 -0.005348 -0.032126 -0.170588 -0.006948 -0.032853 -0.162997 -0.00527 -0.032852 -0.163011 -0.005273 -0.032853 -0.163 -0.005271 -0.032853 -0.162998 -0.00527 -0.032853 -0.163002 -0.005271 -0.032852 -0.163008 -0.005272 -0.032853 -0.162999 -0.005271 -0.033348 -0.157332 0.002486 -0.033275 -0.158276 0.00357 -0.027603 -0.151464 0.010488 -0.033254 -0.15412 0.005842 -0.032226 -0.150456 0.007795 -0.034387 -0.139134 0.005238 -0.03512 -0.133154 0.002797 -0.035273 -0.130708 -0.000196 -0.035961 -0.118692 -0.005088 -0.035897 -0.120439 -0.000154 -0.035627 -0.124995 0.002808 -0.034436 -0.143192 0.002805 -0.027068 -0.121356 0.010424 -0.016691 -0.115873 0.011028 -0.034012 -0.149004 0.00287 -0.026624 -0.144153 0.010627 -0.022099 -0.157201 0.012036 -0.011528 -0.154878 0.012168 -0.026796 -0.162666 0.011784 -0.011377 -0.167062 0.013972 -0.006248 -0.169785 0.014141 -0.002152 -0.174161 0.01366 -0.006376 -0.173227 0.014859 0.001165 -0.186603 0.013522 -0.001518 -0.194859 0.014985 0.002506 -0.196311 0.014288 -0.020772 -0.19661 0.014301 -0.011696 -0.215225 0.014122 -0.015565 -0.216661 0.0114 -0.014727 -0.219085 0.009353 -0.018408 -0.215168 0.008973 -0.013186 -0.221126 0.007304 -0.003795 -0.187361 0.007304 0.013007 -0.204509 0.007304 -0.008551 -0.224681 0.007988 0.014523 -0.217842 0.007311 -0.002142 -0.227374 0.007314 0.015063 -0.210194 0.007304 0.004604 -0.225829 0.011073 0.007259 -0.225785 0.007302 0.009448 -0.222768 0.01165 0.014563 -0.210903 0.009943 0.005952 -0.217607 0.015319 0.013057 -0.217474 0.011544 0.012549 -0.207099 0.011473 0.008401 -0.206811 0.014217 0.004021 -0.213253 0.015943 0.009791 -0.212655 0.014241 0.007386 -0.215103 0.015066 0.002864 -0.217944 0.015646 -0.00743 -0.220474 0.013862 -0.002669 -0.220077 0.015116 -0.006024 -0.2216 0.013806 -0.006682 -0.221337 0.0137 -0.008975 -0.221561 0.012531 -0.01055 -0.221632 0.01122 -0.010371 -0.221403 0.011746 -0.012809 -0.220986 0.009021 -0.011846 -0.220608 0.011139 -0.005504 -0.215229 0.015584 -0.004009 -0.209892 0.015729 -0.005151 -0.222739 0.013471 0.001586 -0.222807 0.014219 -0.002187 -0.226337 0.010719 0.000505 -0.219723 0.015342 -0.001449 -0.220032 0.015184 0.004626 -0.190538 0.011756 0.008732 -0.196847 0.009268 0.007463 -0.193648 0.007941 0.012559 -0.204022 0.008826 0.014643 -0.207758 0.007454 0.007083 -0.192667 0.007304 -0.000142 -0.173577 0.012063 0.004272 -0.184478 0.007621 -0.004589 -0.157026 0.011481 -0.004841 -0.146687 0.009951 0.000214 -0.158503 0.005565 0.00025 -0.159206 0.004091 0.00027 -0.165666 0.008533 0.000553 -0.166468 0.007618 -6e-06 -0.154741 0.005955 0.000298 -0.148285 0.003078 -0.032524 -0.166539 0.004513 -0.032331 -0.168499 0.002804 -0.031344 -0.177582 0.003672 -0.030654 -0.182895 -0.002529 -0.030709 -0.182362 -0.000196 -0.027278 -0.192889 -0.014909 -0.028169 -0.194986 -0.012471 -0.024072 -0.202626 -0.014798 -0.027958 -0.196364 -0.009735 -0.027098 -0.199006 -0.01114 -0.006251 -0.184924 -0.010196 -0.004 -0.18461 -0.010882 0.003545 -0.182427 -0.011254 -0.009688 -0.190085 -0.011256 -0.024222 -0.206139 -0.011269 -0.022634 -0.209623 -0.011292 0.003141 -0.207095 -0.011254 0.008837 -0.203828 -0.011254 0.012996 -0.204596 -0.011259 0.009747 -0.198412 -0.011259 0.011682 -0.202182 -0.011254 0.009744 -0.198426 -0.01134 0.012981 -0.204745 -0.011753 0.00563 -0.191102 -0.014006 0.007012 -0.192416 -0.01132 0.003363 -0.181597 -0.011249 0.004663 -0.18612 -0.011306 0.006523 -0.191204 -0.011269 0.004589 -0.185893 -0.011265 0.002434 -0.193567 -0.011269 -0.015001 -0.199024 -0.011269 0.007015 -0.192409 -0.011269 0.008956 -0.196773 -0.011262 -0.008353 -0.176629 -0.018373 -0.014877 -0.168189 -0.016682 -0.019573 -0.184412 -0.018498 -0.024716 -0.186274 -0.017441 -0.029113 -0.18404 -0.014396 -0.029618 -0.18896 -0.011733 -0.020231 -0.200623 -0.017366 -0.011911 -0.203445 -0.018736 -0.003741 -0.204698 -0.019232 0.001286 -0.199934 -0.018499 -0.002991 -0.192754 -0.018375 0.004649 -0.196986 -0.017073 -0.015222 -0.184082 -0.018669 0.011225 -0.209807 -0.016689 0.006934 -0.210059 -0.018521 0.012649 -0.207594 -0.014944 0.015372 -0.210671 -0.011411 0.012091 -0.215934 -0.016068 0.007401 -0.219582 -0.017916 0.009553 -0.222814 -0.01463 0.004306 -0.225278 -0.015565 -0.002675 -0.225366 -0.015358 -0.00099 -0.227382 -0.011325 -0.00691 -0.225408 -0.01125 -0.001913 -0.227495 -0.011266 0.004933 -0.22658 -0.011253 0.011413 -0.222664 -0.011249 0.014386 -0.21855 -0.011317 -0.009644 -0.223864 -0.011254 -0.012388 -0.221153 -0.012856 -0.010871 -0.221526 -0.014406 -0.014646 -0.219732 -0.011331 -0.014568 -0.219122 -0.012848 -0.014305 -0.218354 -0.014591 -0.011601 -0.220553 -0.014841 -0.011183 -0.221138 -0.014653 -0.008537 -0.221486 -0.016172 -0.009572 -0.221623 -0.015428 -0.007739 -0.22164 -0.016462 -0.01043 -0.2215 -0.014881 -0.009106 -0.222045 -0.015469 -0.005817 -0.221392 -0.017306 -0.005923 -0.221072 -0.017476 -0.003753 -0.221017 -0.017965 -0.002292 -0.219884 -0.018549 -0.001492 -0.220315 -0.018481 -0.000666 -0.220116 -0.018582 0.001083 -0.218444 -0.019011 0.002057 -0.218439 -0.018963 0.000428 -0.21936 -0.018822 0.002212 -0.218648 -0.018912 0.003847 -0.217347 -0.01897 0.005759 -0.216255 -0.018769 0.005622 -0.216043 -0.018818 0.003429 -0.217581 -0.018988 0.003256 -0.217602 -0.018966 0.003883 -0.217165 -0.018934 0.003766 -0.217279 -0.01897 0.003043 -0.217695 -0.018948 0.002589 -0.217933 -0.018984 0.001602 -0.218276 -0.019 0.002063 -0.218131 -0.018995 0.001191 -0.218321 -0.018972 0.000661 -0.218398 -0.018995 0.00024 -0.218485 -0.019015 0.000238 -0.218424 -0.019 -0.000482 -0.218398 -0.019014 -0.001324 -0.218267 -0.019023 -0.001266 -0.218221 -0.019002 -0.002648 -0.217707 -0.019027 -0.00275 -0.217591 -0.018977 -0.002718 -0.217682 -0.019046 -0.003645 -0.217015 -0.019064 -0.003728 -0.216904 -0.019039 -0.007484 -0.219174 -0.017936 -0.010628 -0.215288 -0.018172 -0.003976 -0.216861 -0.019088 -0.004047 -0.216667 -0.01909 -0.004885 -0.215601 -0.019151 -0.004694 -0.215849 -0.019117 -0.005384 -0.214699 -0.019203 -0.005474 -0.21435 -0.0192 -0.004825 -0.215534 -0.01821 -0.005763 -0.212377 -0.018196 -0.005547 -0.214151 -0.019231 -0.005666 -0.213609 -0.019243 -0.005768 -0.212996 -0.019275 -0.010512 -0.208477 -0.018787 -0.005797 -0.211558 -0.01936 -0.00535 -0.209968 -0.019416 -0.004691 -0.208823 -0.019442 -0.005859 -0.212995 -0.019295 -0.005726 -0.211428 -0.019348 -0.005586 -0.210852 -0.019361 -0.00574 -0.211743 -0.0193 -0.00431 -0.208134 -0.018194 -0.005231 -0.20992 -0.01932 -0.003973 -0.208079 -0.019358 -0.00415 -0.20821 -0.019446 -0.004755 -0.208988 -0.019421 -0.005066 -0.20949 -0.019401 -0.004953 -0.20938 -0.019334 -0.004651 -0.208899 -0.019345 -0.003524 -0.207619 -0.019446 -0.00347 -0.207624 -0.019428 -0.003091 -0.20739 -0.019349 -0.002749 -0.207147 -0.019418 -0.002598 -0.20707 -0.01934 -0.001222 -0.206544 -0.019315 0.000237 -0.206378 -0.018196 -0.001876 -0.2067 -0.019414 -0.00253 -0.207009 -0.01943 -0.000926 -0.206448 -0.019367 -0.000721 -0.206333 -0.019378 0.000246 -0.206361 -0.019264 0.000247 -0.206316 -0.01932 -0.000182 -0.206361 -0.019327 0.000336 -0.20636 -0.019199 0.000795 -0.206325 -0.019287 0.001464 -0.206469 -0.019221 0.002128 -0.206664 -0.019146 0.002254 -0.206641 -0.019175 0.003222 -0.207067 -0.019086 0.002956 -0.206976 -0.0191 0.0034 -0.207264 -0.019021 0.003823 -0.207511 -0.01902 0.004348 -0.207935 -0.018966 0.004793 -0.207992 -0.01892 0.00528 -0.209068 -0.018847 0.005 -0.208716 -0.018835 0.005468 -0.209381 -0.018827 0.00579 -0.209961 -0.018808 0.005533 -0.209297 -0.018842 0.005975 -0.210247 -0.018799 0.006054 -0.210688 -0.018784 0.005783 -0.210076 -0.018754 0.006026 -0.210728 -0.018748 0.005984 -0.210637 -0.018722 0.006183 -0.210889 -0.018242 0.003673 -0.207389 -0.01819 0.002743 -0.212237 -0.018196 0.005595 -0.209658 -0.018786 0.0057 -0.209908 -0.018717 0.0049 -0.208574 -0.018825 0.005068 -0.208724 -0.018886 0.00466 -0.208265 -0.018913 0.004073 -0.207765 -0.018885 0.003235 -0.207185 -0.01898 0.002168 -0.206702 -0.01908 0.00273 -0.206924 -0.019037 0.002894 -0.206994 -0.019056 0.00156 -0.206527 -0.019132 0.000237 -0.209378 -0.018196 0.000181 -0.218358 -0.018198 -0.002763 -0.217574 -0.018196 -0.000813 -0.218301 -0.01897 -0.003761 -0.216852 -0.018196 -0.003446 -0.217123 -0.018967 -0.004271 -0.216351 -0.019024 -0.004125 -0.216547 -0.01908 -0.004286 -0.216345 -0.019069 -0.004946 -0.21541 -0.019063 0.001766 -0.218185 -0.018909 4e-05 -0.218388 -0.018908 0.000238 -0.218388 -0.018957 0.002532 -0.217918 -0.0189 0.006184 -0.21329 -0.018759 0.005462 -0.215304 -0.018201 0.005616 -0.215027 -0.018769 0.00535 -0.215516 -0.018802 0.004994 -0.216044 -0.018855 0.004641 -0.216456 -0.018849 0.003269 -0.217556 -0.018418 0.00434 -0.216783 -0.018913 0.004779 -0.216354 -0.018912 0.004397 -0.216789 -0.018948 0.004918 -0.216277 -0.018929 0.004402 -0.216866 -0.018954 0.005187 -0.215878 -0.018904 0.005543 -0.215336 -0.018885 0.005341 -0.215753 -0.0189 0.008415 -0.212662 -0.018146 0.009266 -0.213915 -0.017932 0.007922 -0.211791 -0.018297 0.006345 -0.21292 -0.018786 0.006322 -0.211636 -0.018773 0.006256 -0.212768 -0.01877 0.006294 -0.212378 -0.018775 0.006247 -0.212375 -0.018725 0.006167 -0.211422 -0.018712 0.006237 -0.211986 -0.018734 0.006237 -0.212377 -0.018681 0.006224 -0.212768 -0.018688 0.006179 -0.21139 -0.018746 0.006277 -0.211627 -0.018774 0.006161 -0.210842 -0.018783 0.006189 -0.213507 -0.018802 0.006264 -0.213166 -0.018795 0.006125 -0.213939 -0.018823 0.005984 -0.214273 -0.018824 0.005925 -0.214305 -0.018781 0.00573 -0.214915 -0.018854 0.00571 -0.214858 -0.018804 0.005882 -0.214757 -0.018852 0.005262 -0.215691 -0.018866 0.006089 -0.213747 -0.018759 0.000921 -0.221057 -0.018381 -0.000487 -0.220138 -0.01858 0.001203 -0.206344 -0.019261 -0.005794 -0.212432 -0.0193 -0.005768 -0.212623 -0.019254 -0.005749 -0.211986 -0.019243 -0.005711 -0.213159 -0.019187 -0.017108 -0.216503 -0.01254 -0.018835 -0.211996 -0.014905 0.001916 -0.21826 -0.019005 0.002823 -0.217925 -0.018995 -0.035141 -0.086634 -0.008195 -0.03686 -0.100662 -0.005105 -0.037086 -0.09799 -0.000475 -0.036386 -0.09526 0.00583 -0.03731 -0.093332 0.002778 -0.037275 -0.089242 0.004415 -0.037573 -0.0874 -0.003195 -0.037748 -0.083656 6e-05 -0.037613 -0.082155 -0.004723 -0.03762 -0.086354 -0.003198 -0.037076 -0.081704 -0.006116 -0.038085 -0.0662 -0.00539 -0.037945 -0.077729 -0.004306 -0.037904 -0.080328 -0.000196 -0.037857 -0.0813 0.002805 -0.03701 -0.088281 0.00539 -0.038168 -0.074872 0.000408 -0.038466 -0.068852 0.002804 -0.035679 -0.116053 0.005436 -0.036725 -0.105259 0.002803 -0.036758 -0.104611 -0.003196 -0.036625 -0.107196 0.002805 -0.037581 -0.087242 0.002804 -0.034158 -0.074255 -0.008638 -0.003609 -0.102846 0.009905 0.002606 -0.100827 0.007842 -0.007534 -0.085761 0.01064 -0.014037 -0.082664 0.010796 -0.020565 -0.076393 0.010608 0.004742 -0.101794 0.005768 0.003378 -0.112199 0.005033 0.003924 -0.111026 0.002808 0.002758 -0.11837 -0.005164 0.003048 -0.116928 0.002803 0.002156 -0.123915 -0.003213 0.001547 -0.127336 -0.005491 0.001385 -0.121424 -0.007525 -0.018477 -0.045191 0.010824 -0.025433 -0.048093 0.01026 -0.039261 -0.043757 0.004621 -0.039826 -0.038724 0.003803 -0.03256 -0.055926 -0.01059 -0.002202 -0.074199 -0.010921 0.008346 -0.048025 -0.016414 0.012303 -0.046741 -0.017159 0.010119 -0.046654 -0.019427 0.012141 -0.046204 -0.020167 0.015934 -0.044898 -0.020399 0.023304 -0.041757 -0.020196 0.020303 -0.043296 -0.019474 0.024025 -0.041409 -0.019265 0.022278 -0.042421 -0.016937 0.028965 -0.038153 -0.019327 0.02687 -0.038947 -0.017166 0.032538 -0.033808 -0.017069 0.032718 -0.03089 -0.015182 0.036473 -0.028866 -0.016803 0.035309 -0.032189 -0.018356 0.040373 -0.025726 -0.018394 0.040172 -0.02341 -0.016974 0.043631 -0.019272 -0.018041 0.045191 -0.016246 -0.018357 0.040845 -0.025486 -0.019497 0.043424 -0.021069 -0.020061 0.04442 -0.018404 -0.020484 0.046404 -0.013474 -0.019983 0.046487 -0.011577 -0.019394 0.046099 -0.005978 -0.018352 0.046531 -0.001023 -0.020119 0.046301 0.005069 -0.018721 0.04641 0.000675 -0.018943 0.045415 0.004792 -0.017609 0.043886 5.8e-05 -0.016554 0.044624 -0.000405 -0.017033 0.046022 0.002181 -0.018302 0.038396 0.005844 -0.013456 0.039504 -0.001444 -0.014018 0.040686 -0.011102 -0.014814 0.046084 -0.012202 -0.018342 0.046208 -0.012233 -0.018598 0.043423 -0.01301 -0.016428 0.038045 -0.028544 -0.020696 0.032212 -0.0355 -0.020333 0.031372 -0.036179 -0.018756 0.036522 -0.031271 -0.019461 0.037596 -0.029988 -0.02019 0.040779 -0.02554 -0.020196 0.027148 -0.039278 -0.020529 0.016114 -0.045401 -0.017605 0.015652 -0.046884 -0.0152 0.017683 -0.044436 -0.018645 0.01856 -0.04433 -0.017883 -0.041633 0.024661 -0.020204 -0.041887 0.023801 -0.018134 -0.039197 0.02733 -0.017487 -0.039837 0.027496 -0.019396 -0.044015 0.018938 -0.017965 -0.036069 0.028413 -0.015426 -0.024995 0.029516 -0.011162 -0.034947 0.023344 -0.012448 -0.031504 0.023301 -0.010815 -0.029621 0.035089 -0.015777 -0.023091 0.034211 -0.013247 -0.033534 0.034465 -0.018063 -0.036339 0.017774 -0.01096 -0.038466 0.014895 -0.011199 -0.041763 0.012538 -0.012814 -0.04249 0.00911 -0.01299 -0.04284 0.005007 -0.013005 -0.040009 0.00441 -0.01002 -0.042134 0.000622 -0.011779 -0.044785 0.000716 -0.015758 -0.046013 0.006512 -0.019434 -0.046013 0.012828 -0.020196 -0.045513 0.006725 -0.020696 -0.046013 0.012828 -0.019396 -0.045309 0.009931 -0.017008 -0.04568 0.014836 -0.018172 -0.041706 0.019273 -0.015026 -0.044332 0.019106 -0.019396 -0.045021 0.016972 -0.020597 -0.044057 0.019756 -0.020196 -0.007921 -0.062039 -0.011423 -0.004026 -0.132363 -0.010399 0.00128 -0.132534 0.002759</float_array><technique_common><accessor count="4488" source="#thigh_003-mesh-slim-pos-array" stride="3"><param type="float" name="X"/><param type="float" name="Y"/><param type="float" name="Z"/></accessor></technique_common></source><vertices id="thigh_003-mesh-slim-pos-vertices">
          <input semantic="POSITION" source="#thigh_003-mesh-slim-pos"/>
        </vertices>
        <triangles count="3496" material="&#28145;&#33394;&#27233;&#33014;_012-material"><input offset="0" semantic="VERTEX" source="#thigh_003-mesh-slim-pos-vertices"/><input offset="1" semantic="NORMAL" source="#thigh_003-mesh-slim-nrm"/><p>3 3 4 4 2 2 0 0 2 2 4 4 5 5 6 6 0 0 8 8 572 572 0 0 0 0 7 7 8 8 6 6 7 7 0 0 9 9 8 8 7 7 9 9 7 7 10 10 9 9 11 11 8 8 9 9 12 12 11 11 13 13 12 12 15 15 15 15 16 16 19 19 17 17 15 15 19 19 18 18 587 587 22 22 20 20 18 18 22 22 23 23 24 24 588 588 21 21 588 588 24 24 25 25 21 21 24 24 26 26 22 22 25 25 22 22 21 21 25 25 26 26 25 25 290 290 26 26 20 20 22 22 20 20 27 27 19 19 26 26 29 29 20 20 27 27 20 20 29 29 29 29 30 30 27 27 290 290 32 32 33 33 39 39 35 35 36 36 39 39 36 36 263 263 37 37 263 263 36 36 36 36 38 38 37 37 36 36 42 42 38 38 36 36 35 35 615 615 36 36 615 615 40 40 36 36 40 40 41 41 36 36 41 41 42 42 46 46 47 47 42 42 46 46 44 44 45 45 42 42 44 44 46 46 48 48 47 47 46 46 38 38 42 42 47 47 48 48 38 38 47 47 48 48 37 37 38 38 48 48 49 49 37 37 48 48 46 46 49 49 43 43 49 49 46 46 43 43 50 50 49 49 265 265 49 49 50 50 51 51 50 50 43 43 266 266 50 50 51 51 52 52 266 266 51 51 56 56 52 52 54 54 56 56 53 53 52 52 54 54 55 55 56 56 55 55 57 57 58 58 55 55 58 58 56 56 261 261 59 59 14 14 261 261 14 14 60 60 60 60 61 61 17 17 303 303 60 60 17 17 303 303 17 17 27 27 27 27 28 28 303 303 62 62 303 303 28 28 62 62 28 28 63 63 30 30 64 64 63 63 66 66 65 65 30 30 66 66 30 30 67 67 67 67 30 30 293 293 69 69 67 67 68 68 70 70 67 67 69 69 245 245 67 67 70 70 72 72 71 71 70 70 70 70 74 74 72 72 74 74 70 70 69 69 73 73 72 72 74 74 74 74 297 297 75 75 74 74 75 75 76 76 77 77 251 251 75 75 77 77 75 75 79 79 78 78 79 79 75 75 146 146 80 80 79 79 79 79 80 80 147 147 138 138 79 79 83 83 81 81 79 79 138 138 79 79 82 82 83 83 84 84 82 82 78 78 82 82 84 84 85 85 87 87 85 85 86 86 87 87 100 100 99 99 87 87 91 91 90 90 87 87 92 92 88 88 87 87 88 88 100 100 87 87 99 99 91 91 87 87 94 94 89 89 87 87 89 89 92 92 87 87 93 93 139 139 87 87 90 90 93 93 87 87 139 139 140 140 87 87 140 140 85 85 223 223 94 94 87 87 87 87 86 86 95 95 87 87 95 95 96 96 96 96 98 98 87 87 98 98 97 97 87 87 97 97 223 223 87 87 102 102 100 100 101 101 88 88 101 101 100 100 103 103 130 130 102 102 103 103 105 105 104 104 105 105 106 106 104 104 121 121 104 104 106 106 107 107 108 108 106 106 108 108 107 107 110 110 108 108 110 110 111 111 110 110 391 391 111 111 391 391 112 112 113 113 391 391 113 113 111 111 395 395 115 115 114 114 114 114 116 116 111 111 114 114 111 111 113 113 114 114 115 115 116 116 118 118 115 115 117 117 118 118 119 119 115 115 120 120 115 115 119 119 119 119 121 121 120 120 121 121 122 122 123 123 123 123 125 125 124 124 121 121 123 123 124 124 124 124 104 104 121 121 124 124 125 125 104 104 125 125 128 128 104 104 125 125 126 126 128 128 126 126 127 127 128 128 128 128 129 129 104 104 103 103 104 104 129 129 130 130 131 131 102 102 131 131 130 130 129 129 130 130 103 103 129 129 131 131 134 134 132 132 129 129 133 133 131 131 134 134 131 131 133 133 132 132 135 135 99 99 134 134 135 135 132 132 134 134 136 136 135 135 136 136 134 134 137 137 136 136 137 137 81 81 90 90 136 136 81 81 138 138 90 90 81 81 138 138 139 139 90 90 138 138 83 83 139 139 83 83 82 82 139 139 82 82 140 140 139 139 90 90 139 139 93 93 136 136 90 90 91 91 81 81 137 137 154 154 154 154 141 141 81 81 142 142 81 81 141 141 149 149 143 143 142 142 143 143 144 144 142 142 142 142 144 144 81 81 144 144 143 143 81 81 143 143 79 79 81 81 143 143 145 145 79 79 145 145 146 146 79 79 254 254 147 147 146 146 147 147 80 80 146 146 253 253 146 146 148 148 254 254 146 146 253 253 146 146 149 149 148 148 149 149 150 150 148 148 150 150 152 152 148 148 150 150 151 151 152 152 152 152 151 151 153 153 152 152 153 153 128 128 153 153 154 154 128 128 128 128 154 154 133 133 151 151 155 155 154 154 151 151 154 154 153 153 155 155 151 151 150 150 155 155 142 142 141 141 142 142 155 155 150 150 155 155 141 141 154 154 152 152 128 128 127 127 127 127 156 156 152 152 156 156 157 157 148 148 127 127 157 157 156 156 157 157 162 162 148 148 127 127 126 126 157 157 157 157 123 123 162 162 123 123 160 160 162 162 162 162 158 158 159 159 162 162 159 159 148 148 161 161 162 162 160 160 161 161 163 163 164 164 158 158 161 161 164 164 168 168 167 167 166 166 164 164 170 170 166 166 164 164 163 163 170 170 163 163 169 169 170 170 171 171 170 170 169 169 202 202 170 170 171 171 192 192 202 202 171 171 169 169 190 190 171 171 190 190 192 192 171 171 169 169 172 172 190 190 173 173 174 174 169 169 174 174 178 178 175 175 178 178 174 174 176 176 178 178 177 177 175 175 123 123 415 415 178 178 123 123 178 178 176 176 177 177 179 179 175 175 182 182 181 181 179 179 175 175 179 179 181 181 175 175 181 181 183 183 185 185 183 183 184 184 175 175 183 183 185 185 174 174 175 175 185 185 174 174 185 185 186 186 169 169 174 174 186 186 189 189 172 172 186 186 169 169 186 186 172 172 189 189 186 186 188 188 186 186 187 187 188 188 467 467 447 447 188 188 447 447 189 189 188 188 190 190 189 189 191 191 191 191 189 189 447 447 190 190 191 191 192 192 193 193 192 192 451 451 192 192 193 193 202 202 193 193 194 194 202 202 194 194 195 195 202 202 196 196 195 195 194 194 195 195 197 197 198 198 197 197 195 195 457 457 197 197 199 199 198 198 202 202 199 199 200 200 199 199 201 201 200 200 199 199 202 202 198 198 203 203 202 202 200 200 88 88 203 203 377 377 203 203 200 200 377 377 204 204 168 168 203 203 88 88 204 204 203 203 204 204 205 205 167 167 204 204 88 88 205 205 92 92 205 205 88 88 89 89 205 205 92 92 89 89 206 206 205 205 208 208 207 207 209 209 208 208 209 209 159 159 207 207 210 210 209 209 210 210 207 207 211 211 206 206 212 212 211 211 206 206 211 211 207 207 212 212 222 222 211 211 211 211 217 217 319 319 217 217 211 211 222 222 319 319 217 217 215 215 319 319 215 215 213 213 319 319 213 213 148 148 148 148 213 213 214 214 215 215 217 217 216 216 215 215 216 216 219 219 218 218 219 219 216 216 220 220 218 218 221 221 220 220 221 221 223 223 221 221 94 94 223 223 94 94 221 221 218 218 94 94 218 218 222 222 222 222 218 218 217 217 94 94 222 222 212 212 226 226 220 220 97 97 220 220 223 223 97 97 226 226 224 224 220 220 220 220 224 224 225 225 227 227 228 228 226 226 228 228 227 227 229 229 229 229 232 232 231 231 232 232 229 229 227 227 233 233 234 234 318 318 233 233 318 318 232 232 276 276 234 234 233 233 235 235 276 276 233 233 236 236 234 234 276 276 234 234 236 236 237 237 239 239 237 237 236 236 288 288 239 239 238 238 239 239 236 236 238 238 244 244 241 241 255 255 64 64 244 244 255 255 242 242 304 304 255 255 304 304 240 240 255 255 242 242 255 255 241 241 240 240 243 243 255 255 244 244 64 64 65 65 244 244 65 65 66 66 245 245 244 244 66 66 245 245 246 246 244 244 244 244 246 246 241 241 242 242 241 241 246 246 71 71 247 247 70 70 247 247 245 245 70 70 245 245 247 247 246 246 247 247 71 71 248 248 247 247 248 248 246 246 242 242 246 246 248 248 148 148 242 242 248 248 71 71 249 249 248 248 248 248 249 249 148 148 71 71 250 250 249 249 249 249 250 250 148 148 251 251 76 76 75 75 251 251 252 252 250 250 250 250 252 252 148 148 254 254 253 253 252 252 252 252 253 253 148 148 254 254 79 79 147 147 251 251 254 254 252 252 254 254 251 251 77 77 254 254 77 77 79 79 73 73 251 251 250 250 251 251 73 73 76 76 72 72 73 73 71 71 73 73 250 250 71 71 64 64 30 30 65 65 282 282 256 256 255 255 262 262 256 256 258 258 256 256 62 62 259 259 256 256 303 303 62 62 256 256 260 260 303 303 260 260 261 261 303 303 267 267 260 260 256 256 267 267 262 262 264 264 262 262 263 263 264 264 37 37 264 264 263 263 37 37 49 49 264 264 49 49 265 265 264 264 265 265 266 266 264 264 266 266 265 265 50 50 266 266 52 52 264 264 58 58 264 264 53 53 52 52 53 53 264 264 267 267 264 264 58 58 267 267 58 58 261 261 267 267 261 261 260 260 262 262 268 268 263 263 269 269 268 268 258 258 262 262 258 258 268 268 269 269 39 39 268 268 32 32 39 39 269 269 269 269 258 258 257 257 271 271 269 269 257 257 273 273 271 271 270 270 271 271 257 257 270 270 274 274 271 271 273 273 235 235 275 275 276 276 274 274 277 277 275 275 279 279 281 281 278 278 279 279 280 280 281 281 279 279 272 272 280 280 273 273 272 272 279 279 281 281 282 282 243 243 283 283 281 281 243 243 283 283 284 284 281 281 284 284 278 278 281 281 284 284 283 283 278 278 279 279 278 278 283 283 238 238 283 283 285 285 238 238 279 279 283 283 277 277 279 279 238 238 286 286 277 277 238 238 285 285 288 288 238 238 236 236 286 286 238 238 287 287 286 286 276 276 287 287 276 276 275 275 287 287 277 277 286 286 287 287 275 275 277 277 286 286 236 236 276 276 283 283 288 288 285 285 288 288 240 240 239 239 288 288 283 283 240 240 240 240 283 283 243 243 282 282 281 281 289 289 256 256 282 282 289 289 289 289 281 281 270 270 258 258 289 289 270 270 256 256 289 289 258 258 281 281 280 280 270 270 272 272 270 270 280 280 274 274 279 279 277 277 274 274 273 273 279 279 235 235 33 33 275 275 274 274 275 275 33 33 235 235 290 290 33 33 271 271 274 274 33 33 291 291 290 290 235 235 291 291 31 31 290 290 291 291 293 293 292 292 31 31 291 291 292 292 293 293 291 291 294 294 294 294 291 291 235 235 68 68 293 293 294 294 294 294 235 235 98 98 295 295 294 294 98 98 68 68 294 294 295 295 296 296 295 295 96 96 295 295 296 296 69 69 297 297 298 298 296 296 74 74 298 298 297 297 296 296 298 298 74 74 299 299 300 300 75 75 299 299 75 75 297 297 85 85 299 299 86 86 300 300 299 299 85 85 84 84 300 300 85 85 300 300 84 84 78 78 300 300 78 78 301 301 300 300 301 301 75 75 75 75 301 301 78 78 299 299 95 95 86 86 299 299 297 297 95 95 297 297 96 96 95 95 297 297 296 296 96 96 296 296 74 74 69 69 68 68 295 295 69 69 96 96 295 295 98 98 293 293 68 68 67 67 30 30 292 292 293 293 30 30 29 29 292 292 31 31 292 292 29 29 271 271 32 32 269 269 32 32 271 271 33 33 272 272 273 273 270 270 258 258 270 270 257 257 39 39 263 263 268 268 262 262 267 267 256 256 261 261 302 302 303 303 303 303 302 302 60 60 261 261 60 60 302 302 63 63 259 259 62 62 259 259 64 64 255 255 63 63 64 64 259 259 256 256 259 259 255 255 243 243 282 282 255 255 148 148 214 214 242 242 214 214 305 305 242 242 242 242 305 305 304 304 305 305 311 311 306 306 305 305 306 306 312 312 311 311 213 213 306 306 213 213 307 307 306 306 307 307 215 215 219 219 213 213 215 215 307 307 307 307 219 219 306 306 224 224 308 308 306 306 306 306 218 218 225 225 225 225 224 224 306 306 224 224 230 230 308 308 306 306 308 308 230 230 310 310 309 309 230 230 224 224 226 226 230 230 226 226 310 310 230 230 309 309 310 310 226 226 230 230 309 309 229 229 228 228 229 229 309 309 226 226 228 228 309 309 306 306 219 219 218 218 214 214 311 311 305 305 213 213 311 311 214 214 312 312 306 306 230 230 312 312 304 304 305 305 229 229 231 231 314 314 229 229 314 314 312 312 229 229 312 312 230 230 313 313 314 314 231 231 314 314 313 313 317 317 312 312 315 315 304 304 315 315 312 312 314 314 304 304 315 315 316 316 304 304 316 316 240 240 316 316 239 239 240 240 239 239 316 316 317 317 316 316 314 314 317 317 316 316 315 315 314 314 318 318 237 237 317 317 318 318 234 234 237 237 231 231 318 318 317 317 232 232 318 318 231 231 239 239 317 317 237 237 317 317 313 313 231 231 235 235 233 233 98 98 233 233 232 232 98 98 227 227 98 98 232 232 227 227 226 226 97 97 98 98 227 227 97 97 220 220 225 225 218 218 218 218 216 216 217 217 319 319 210 210 211 211 210 210 319 319 209 209 209 209 319 319 148 148 94 94 212 212 206 206 94 94 206 206 89 89 159 159 209 209 148 148 208 208 158 158 320 320 208 208 159 159 158 158 321 321 205 205 320 320 167 167 205 205 321 321 167 167 321 321 166 166 166 166 321 321 165 165 321 321 320 320 165 165 205 205 206 206 207 207 205 205 207 207 320 320 164 164 165 165 320 320 208 208 320 320 207 207 158 158 164 164 320 320 168 168 204 204 167 167 201 201 323 323 377 377 200 200 201 201 377 377 323 323 322 322 377 377 323 323 463 463 324 324 326 326 323 323 324 324 324 324 338 338 325 325 326 326 324 324 328 328 326 326 322 322 323 323 326 326 327 327 322 322 328 328 331 331 359 359 328 328 329 329 330 330 328 328 330 330 332 332 328 328 332 332 331 331 333 333 360 360 332 332 333 333 335 335 334 334 333 333 336 336 335 335 336 336 337 337 335 335 337 337 336 336 338 338 340 340 337 337 339 339 342 342 341 341 340 340 343 343 347 347 342 342 342 342 347 347 341 341 341 341 347 347 344 344 334 334 344 344 347 347 334 334 335 335 344 344 347 347 363 363 334 334 345 345 363 363 346 346 347 347 346 346 363 363 345 345 346 346 347 347 347 347 350 350 345 345 350 350 347 347 348 348 349 349 350 350 348 348 475 475 351 351 427 427 427 427 351 351 350 350 352 352 354 354 351 351 353 353 352 352 351 351 358 358 354 354 352 352 358 358 356 356 354 354 470 470 358 358 352 352 366 366 357 357 358 358 368 368 366 366 358 358 366 366 359 359 357 357 359 359 331 331 360 360 359 359 360 360 357 357 357 357 361 361 358 358 358 358 361 361 356 356 357 357 345 345 361 361 357 357 362 362 345 345 362 362 363 363 345 345 364 364 363 363 362 362 360 360 364 364 362 362 331 331 332 332 360 360 364 364 333 333 363 363 360 360 333 333 364 364 334 334 363 363 333 333 360 360 362 362 357 357 361 361 345 345 356 356 356 356 365 365 354 354 365 365 356 356 345 345 350 350 365 365 345 345 350 350 355 355 365 365 354 354 365 365 355 355 367 367 369 369 375 375 372 372 370 370 371 371 122 122 414 414 371 371 414 414 372 372 371 371 372 372 374 374 373 373 370 370 373 373 369 369 372 372 373 373 370 370 373 373 374 374 409 409 373 373 409 409 375 375 376 376 328 328 375 375 326 326 328 328 376 376 326 326 376 376 327 327 376 376 109 109 377 377 327 327 376 376 377 377 376 376 378 378 109 109 379 379 380 380 376 376 376 376 380 380 378 378 380 380 383 383 384 384 381 381 384 384 385 385 386 386 385 385 408 408 408 408 393 393 386 386 393 393 114 114 386 386 387 387 385 385 386 386 389 389 387 387 388 388 385 385 387 387 389 389 390 390 389 389 378 378 390 390 385 385 389 389 385 385 390 390 381 381 384 384 381 381 390 390 390 390 378 378 384 384 389 389 388 388 109 109 378 378 389 389 109 109 110 110 109 109 388 388 110 110 388 388 391 391 388 388 387 387 391 391 387 387 112 112 391 391 387 387 386 386 112 112 113 113 112 112 386 386 114 114 113 113 386 386 393 393 394 394 114 114 393 393 398 398 394 394 396 396 395 395 394 394 396 396 394 394 398 398 396 396 117 117 395 395 115 115 395 395 117 117 396 396 397 397 117 117 396 396 118 118 397 397 398 398 118 118 396 396 398 398 393 393 400 400 400 400 392 392 399 399 400 400 393 393 392 392 414 414 398 398 400 400 400 400 399 399 372 372 414 414 400 400 372 372 399 399 401 401 372 372 401 401 399 399 402 402 403 403 404 404 405 405 374 374 405 405 409 409 406 406 405 405 374 374 406 406 403 403 405 405 402 402 403 403 406 406 407 407 402 402 406 406 372 372 407 407 406 406 372 372 406 406 374 374 402 402 407 407 401 401 407 407 372 372 401 401 404 404 409 409 405 405 409 409 404 404 408 408 383 383 382 382 409 409 383 383 409 409 384 384 409 409 408 408 385 385 409 409 385 385 384 384 379 379 409 409 382 382 409 409 379 379 375 375 408 408 404 404 410 410 403 403 410 410 404 404 392 392 410 410 411 411 403 403 412 412 410 410 392 392 393 393 410 410 411 411 410 410 412 412 408 408 410 410 393 393 413 413 411 411 412 412 412 412 399 399 413 413 412 412 402 402 399 399 399 399 392 392 413 413 392 392 411 411 413 413 402 402 412 412 403 403 414 414 118 118 398 398 119 119 118 118 414 414 121 121 119 119 414 414 121 121 414 414 122 122 118 118 117 117 397 397 114 114 394 394 395 395 379 379 382 382 383 383 380 380 379 379 383 383 378 378 380 380 384 384 379 379 376 376 375 375 107 107 377 377 109 109 110 110 107 107 109 109 369 369 373 373 375 375 370 370 415 415 371 371 122 122 371 371 415 415 123 123 122 122 415 415 177 177 415 415 370 370 177 177 416 416 179 179 179 179 416 416 417 417 417 417 416 416 418 418 416 416 420 420 418 418 420 420 419 419 434 434 420 420 421 421 419 419 419 419 423 423 422 422 423 423 424 424 422 422 425 425 422 422 424 424 433 433 425 425 426 426 426 426 425 425 427 427 426 426 427 427 439 439 429 429 426 426 439 439 428 428 433 433 426 426 429 429 428 428 426 426 430 430 431 431 429 429 439 439 430 430 429 429 429 429 431 431 428 428 432 432 433 433 431 431 433 433 428 428 431 431 434 434 422 422 425 425 434 434 425 425 432 432 419 419 422 422 434 434 432 432 425 425 433 433 435 435 434 434 432 432 435 435 432 432 431 431 418 418 420 420 435 435 420 420 434 434 435 435 435 435 431 431 436 436 436 436 418 418 435 435 436 436 431 431 430 430 436 436 430 430 437 437 438 438 436 436 437 437 438 438 180 180 436 436 417 417 436 436 180 180 417 417 418 418 436 436 438 438 437 437 465 465 439 439 437 437 430 430 440 440 467 467 439 439 465 465 439 439 467 467 465 465 437 437 439 439 442 442 444 444 441 441 349 349 444 444 442 442 443 443 349 349 442 442 445 445 350 350 443 443 350 350 349 349 443 443 350 350 445 445 427 427 427 427 445 445 441 441 441 441 445 445 443 443 440 440 427 427 441 441 427 427 440 440 439 439 348 348 446 446 444 444 348 348 444 444 349 349 446 446 348 348 347 347 446 446 347 347 343 343 441 441 446 446 343 343 446 446 441 441 444 444 441 441 443 443 442 442 441 441 447 447 440 440 447 447 441 441 342 342 441 441 343 343 342 342 447 447 467 467 440 440 447 447 342 342 448 448 448 448 342 342 459 459 459 459 449 449 448 448 451 451 447 447 448 448 451 451 452 452 447 447 451 451 192 192 452 452 452 452 192 192 447 447 447 447 192 192 191 191 451 451 453 453 193 193 193 193 453 453 196 196 450 450 196 196 453 453 453 453 451 451 450 450 196 196 194 194 193 193 450 450 451 451 448 448 196 196 448 448 454 454 196 196 450 450 448 448 454 454 448 448 449 449 195 195 196 196 455 455 455 455 196 196 454 454 455 455 454 454 449 449 455 455 449 449 456 456 457 457 455 455 456 456 458 458 457 457 456 456 460 460 458 458 456 456 460 460 456 456 459 459 339 339 461 461 460 460 339 339 460 460 459 459 461 461 339 339 337 337 337 337 338 338 461 461 461 461 338 338 462 462 324 324 462 462 338 338 463 463 199 199 462 462 463 463 462 462 324 324 199 199 463 463 201 201 462 462 199 199 458 458 462 462 458 458 464 464 462 462 464 464 461 461 460 460 461 461 464 464 458 458 460 460 464 464 199 199 197 197 458 458 457 457 458 458 197 197 339 339 459 459 342 342 459 459 456 456 449 449 457 457 195 195 455 455 181 181 465 465 184 184 183 183 181 181 184 184 467 467 466 466 465 465 184 184 465 465 466 466 184 184 466 466 467 467 185 185 184 184 467 467 181 181 438 438 465 465 181 181 182 182 438 438 180 180 438 438 182 182 425 425 424 424 427 427 424 424 468 468 427 427 468 468 475 475 427 427 475 475 468 468 476 476 424 424 469 469 476 476 471 471 358 358 470 470 367 367 368 368 471 471 471 471 368 368 358 358 471 471 473 473 472 472 471 471 472 472 367 367 469 469 473 473 471 471 473 473 469 469 423 423 472 472 473 473 474 474 472 472 474 474 369 369 473 473 416 416 474 474 473 473 421 421 416 416 370 370 369 369 474 474 177 177 474 474 416 416 370 370 474 474 177 177 421 421 473 473 419 419 473 473 423 423 419 419 367 367 472 472 369 369 471 471 470 470 469 469 475 475 469 469 470 470 469 469 475 475 476 476 470 470 353 353 475 475 470 470 352 352 353 353 423 423 469 469 424 424 476 476 468 468 424 424 421 421 420 420 416 416 179 179 417 417 180 180 375 375 328 328 359 359 375 375 359 359 366 366 375 375 366 366 368 368 375 375 368 368 367 367 350 350 354 354 355 355 350 350 351 351 354 354 353 353 351 351 475 475 335 335 477 477 344 344 344 344 477 477 341 341 337 337 340 340 477 477 477 477 340 340 341 341 335 335 337 337 477 477 339 339 342 342 340 340 336 336 325 325 338 338 336 336 478 478 325 325 336 336 333 333 478 478 328 328 325 325 478 478 328 328 478 478 329 329 333 333 329 329 478 478 333 333 332 332 329 329 332 332 330 330 329 329 325 325 328 328 324 324 322 322 327 327 377 377 463 463 323 323 201 201 102 102 101 101 377 377 88 88 377 377 101 101 107 107 106 106 377 377 106 106 105 105 377 377 105 105 102 102 377 377 202 202 203 203 170 170 203 203 168 168 166 166 203 203 166 166 170 170 195 195 198 198 202 202 189 189 190 190 172 172 467 467 188 188 187 187 187 187 185 185 467 467 186 186 185 185 187 187 179 179 180 180 182 182 177 177 178 178 415 415 176 176 174 174 160 160 123 123 176 176 160 160 174 174 173 173 160 160 161 161 173 173 163 163 173 173 161 161 160 160 163 163 173 173 169 169 165 165 164 164 166 166 161 161 158 158 162 162 125 125 123 123 157 157 126 126 125 125 157 157 152 152 156 156 148 148 149 149 142 142 150 150 145 145 149 149 146 146 145 145 143 143 149 149 137 137 133 133 154 154 133 133 137 137 134 134 135 135 136 136 91 91 135 135 91 91 99 99 133 133 129 129 128 128 131 131 132 132 100 100 132 132 99 99 100 100 102 102 131 131 100 100 106 106 116 116 120 120 106 106 120 120 121 121 116 116 115 115 120 120 106 106 111 111 116 116 108 108 111 111 106 106 105 105 103 103 102 102 82 82 85 85 140 140 78 78 82 82 79 79 76 76 73 73 74 74 245 245 66 66 67 67 63 63 28 28 30 30 61 61 15 15 17 17 61 61 60 60 14 14 13 13 61 61 14 14 61 61 13 13 15 15 648 648 480 480 479 479 480 480 568 568 479 479 480 480 481 481 579 579 480 480 648 648 481 481 579 579 481 481 482 482 648 648 58 58 481 481 506 506 481 481 58 58 506 506 482 482 481 481 506 506 484 484 483 483 483 483 484 484 57 57 483 483 57 57 505 505 57 57 485 485 505 505 486 486 507 507 505 505 505 505 485 485 486 486 487 487 488 488 486 486 489 489 486 486 485 485 492 492 489 489 43 43 492 492 486 486 489 489 489 489 55 55 647 647 490 490 492 492 43 43 46 46 490 490 43 43 490 490 491 491 640 640 490 490 640 640 492 492 492 492 493 493 486 486 641 641 493 493 492 492 493 493 494 494 486 486 494 494 496 496 495 495 495 495 486 486 494 494 486 486 495 495 487 487 498 498 487 487 495 495 495 495 497 497 498 498 514 514 499 499 498 498 498 498 500 500 487 487 501 501 500 500 498 498 499 499 501 501 498 498 502 502 504 504 501 501 501 501 504 504 500 500 506 506 505 505 504 504 506 506 483 483 505 505 505 505 507 507 504 504 504 504 507 507 486 486 504 504 486 486 488 488 502 502 506 506 504 504 503 503 506 506 502 502 503 503 482 482 506 506 500 500 504 504 509 509 500 500 509 509 508 508 508 508 509 509 488 488 504 504 488 488 509 509 500 500 508 508 510 510 487 487 510 510 508 508 487 487 508 508 488 488 500 500 510 510 487 487 503 503 511 511 482 482 579 579 482 482 511 511 579 579 511 511 512 512 503 503 512 512 511 511 512 512 503 503 513 513 513 513 501 501 514 514 503 503 502 502 513 513 513 513 502 502 501 501 515 515 514 514 498 498 516 516 515 515 630 630 516 516 514 514 515 515 516 516 518 518 519 519 579 579 519 519 518 518 579 579 512 512 519 519 519 519 512 512 516 516 579 579 518 518 520 520 517 517 520 520 518 518 520 520 517 517 521 521 517 517 635 635 523 523 517 517 523 523 522 522 523 523 635 635 525 525 524 524 527 527 525 525 528 528 526 526 527 527 529 529 527 527 524 524 527 527 529 529 528 528 529 529 530 530 528 528 528 528 531 531 532 532 533 533 532 532 531 531 528 528 532 532 534 534 533 533 534 534 532 532 528 528 535 535 526 526 535 535 528 528 534 534 537 537 526 526 535 535 535 535 619 619 536 536 537 537 535 535 603 603 535 535 536 536 603 603 538 538 537 537 603 603 526 526 537 537 540 540 538 538 539 539 537 537 539 539 594 594 537 537 594 594 540 540 537 537 598 598 541 541 540 540 542 542 541 541 598 598 542 542 543 543 541 541 543 543 544 544 541 541 546 546 545 545 544 544 547 547 546 546 548 548 547 547 548 548 551 551 589 589 551 551 548 548 549 549 551 551 589 589 551 551 549 549 550 550 552 552 553 553 549 549 5 5 552 552 549 549 586 586 549 549 554 554 586 586 555 555 549 549 555 555 5 5 549 549 0 0 4 4 5 5 5 5 4 4 552 552 580 580 552 552 4 4 557 557 558 558 556 556 556 556 558 558 553 553 580 580 556 556 553 553 553 553 558 558 576 576 576 576 559 559 560 560 553 553 576 576 561 561 576 576 560 560 561 561 562 562 553 553 561 561 562 562 561 561 563 563 564 564 480 480 561 561 564 564 561 561 560 560 566 566 565 565 564 564 566 566 567 567 568 568 566 566 568 568 565 565 569 569 567 567 8 8 568 568 567 567 569 569 569 569 570 570 568 568 569 569 571 571 570 570 13 13 479 479 570 570 13 13 570 570 12 12 571 571 12 12 570 570 8 8 11 11 571 571 569 569 8 8 571 571 568 568 570 570 479 479 480 480 564 564 565 565 480 480 565 565 568 568 566 566 572 572 567 567 8 8 567 567 572 572 573 573 572 572 574 574 572 572 566 566 574 574 573 573 574 574 566 566 559 559 573 573 566 566 566 566 575 575 559 559 560 560 575 575 564 564 559 559 575 575 560 560 564 564 575 575 566 566 576 576 1 1 573 573 573 573 1 1 2 2 573 573 2 2 572 572 576 576 573 573 559 559 576 576 577 577 1 1 557 557 578 578 576 576 557 557 556 556 578 578 3 3 578 578 556 556 2 2 578 578 3 3 578 578 2 2 576 576 2 2 577 577 576 576 2 2 1 1 577 577 576 576 558 558 557 557 561 561 579 579 563 563 550 550 563 563 579 579 550 550 562 562 563 563 480 480 579 579 561 561 551 551 550 550 579 579 549 549 562 562 550 550 549 549 553 553 562 562 552 552 580 580 553 553 580 580 3 3 556 556 580 580 4 4 3 3 581 581 5 5 555 555 581 581 6 6 5 5 6 6 581 581 582 582 581 581 555 555 582 582 586 586 582 582 555 555 584 584 583 583 582 582 15 15 584 584 16 16 16 16 585 585 19 19 585 585 586 586 587 587 587 587 586 586 588 588 586 586 554 554 588 588 589 589 588 588 554 554 589 589 590 590 588 588 592 592 590 590 591 591 592 592 604 604 590 590 604 604 592 592 593 593 604 604 593 593 595 595 593 593 594 594 595 595 596 596 597 597 593 593 593 593 597 597 594 594 596 596 598 598 597 597 596 596 542 542 598 598 596 596 543 543 542 542 599 599 543 543 591 591 546 546 599 599 591 591 544 544 599 599 546 546 544 544 543 543 599 599 596 596 600 600 543 543 591 591 543 543 600 600 591 591 600 600 592 592 596 596 592 592 600 600 594 594 539 539 538 538 594 594 538 538 601 601 603 603 601 601 538 538 595 595 594 594 601 601 602 602 601 601 603 603 602 602 595 595 601 601 602 602 603 603 609 609 604 604 595 595 602 602 605 605 604 604 602 602 605 605 606 606 618 618 605 605 618 618 590 590 604 604 605 605 590 590 602 602 606 606 605 605 602 602 607 607 606 606 607 607 602 602 609 609 610 610 609 609 536 536 610 610 536 536 45 45 45 45 608 608 610 610 611 611 609 609 610 610 612 612 611 611 610 610 613 613 611 611 612 612 613 613 612 612 614 614 612 612 608 608 45 45 614 614 612 612 45 45 615 615 41 41 40 40 41 41 615 615 616 616 42 42 616 616 44 44 41 41 616 616 42 42 616 616 615 615 44 44 615 615 45 45 44 44 615 615 614 614 45 45 617 617 614 614 615 615 35 35 617 617 615 615 617 617 613 613 614 614 39 39 617 617 35 35 34 34 617 617 39 39 617 617 34 34 24 24 23 23 617 617 24 24 617 617 618 618 613 613 23 23 618 618 617 617 23 23 590 590 618 618 607 607 613 613 618 618 606 606 607 607 618 618 612 612 610 610 608 608 613 613 607 607 611 611 611 611 607 607 609 609 619 619 45 45 536 536 490 490 46 46 45 45 490 490 45 45 619 619 491 491 490 490 619 619 619 619 535 535 620 620 621 621 620 620 535 535 622 622 621 621 534 534 621 621 535 535 534 534 621 621 622 622 638 638 626 626 623 623 638 638 624 624 641 641 638 638 622 622 533 533 638 638 623 623 624 624 638 638 533 533 626 626 638 638 626 626 533 533 531 531 627 627 626 626 531 531 626 626 627 627 628 628 628 628 627 627 631 631 628 628 631 631 629 629 628 628 629 629 630 630 629 629 516 516 630 630 630 630 495 495 496 496 629 629 633 633 516 516 633 633 629 629 631 631 633 633 631 631 632 632 633 633 632 632 634 634 633 633 634 634 635 635 635 635 634 634 632 632 635 635 530 530 529 529 525 525 635 635 529 529 635 635 528 528 530 530 635 635 632 632 528 528 528 528 632 632 627 627 627 627 632 632 631 631 517 517 516 516 633 633 517 517 633 633 635 635 496 496 628 628 630 630 628 628 496 496 637 637 636 636 628 628 637 637 636 636 623 623 628 628 626 626 628 628 623 623 494 494 636 636 637 637 496 496 494 494 637 637 624 624 494 494 493 493 623 623 636 636 494 494 624 624 623 623 494 494 528 528 627 627 531 531 638 638 625 625 619 619 638 638 619 619 620 620 625 625 639 639 619 619 491 491 619 619 639 639 491 491 639 639 640 640 640 640 639 639 625 625 638 638 640 640 625 625 638 638 641 641 640 640 640 640 641 641 492 492 624 624 493 493 641 641 621 621 638 638 620 620 622 622 534 534 533 533 609 609 603 603 536 536 598 598 540 540 597 597 597 597 540 540 594 594 592 592 596 596 593 593 589 589 548 548 591 591 590 590 589 589 591 591 546 546 591 591 548 548 590 590 23 23 588 588 21 21 587 587 588 588 22 22 587 587 21 21 585 585 642 642 586 586 642 642 582 582 586 586 584 584 582 582 642 642 585 585 584 584 642 642 585 585 587 587 19 19 584 584 585 585 16 16 9 9 584 584 12 12 15 15 12 12 584 584 644 644 584 584 10 10 9 9 10 10 584 584 644 644 643 643 584 584 7 7 644 644 10 10 645 645 644 644 7 7 6 6 645 645 7 7 6 6 582 582 645 645 644 644 645 645 582 582 644 644 583 583 643 643 644 644 582 582 583 583 583 583 584 584 643 643 549 549 589 589 554 554 551 551 579 579 520 520 520 520 646 646 551 551 646 646 547 547 551 551 523 523 547 547 646 646 522 522 523 523 646 646 522 522 646 646 521 521 521 521 646 646 520 520 521 521 521 521 520 520 522 522 521 521 521 521 547 547 523 523 546 546 546 546 523 523 525 525 545 545 546 546 525 525 525 525 544 544 545 545 544 544 525 525 541 541 541 541 527 527 526 526 525 525 527 527 541 541 541 541 526 526 540 540 524 524 525 525 529 529 521 521 517 517 522 522 517 517 518 518 516 516 516 516 513 513 514 514 512 512 513 513 516 516 630 630 515 515 495 495 515 515 498 498 497 497 515 515 497 497 495 495 501 501 499 499 514 514 55 55 54 54 647 647 52 52 51 51 647 647 647 647 51 51 489 489 54 54 52 52 647 647 485 485 55 55 489 489 489 489 51 51 43 43 57 57 55 55 485 485 484 484 506 506 58 58 57 57 484 484 58 58 59 59 58 58 648 648 59 59 648 648 479 479 13 13 14 14 479 479 59 59 479 479 14 14 59 59 261 261 58 58 53 53 56 56 58 58 34 34 39 39 32 32 25 25 24 24 34 34 25 25 34 34 32 32 290 290 25 25 32 32 31 31 26 26 290 290 29 29 26 26 31 31 27 27 30 30 28 28 19 19 27 27 17 17 19 19 18 18 20 20 587 587 18 18 19 19 571 571 11 11 12 12 572 572 2 2 0 0 807 807 811 811 810 810 790 790 812 812 811 811 808 808 813 813 812 812 880 880 875 875 885 885 877 877 880 880 912 912 912 912 880 880 886 886 878 878 909 909 886 886 878 878 883 883 909 909 878 878 876 876 883 883 879 879 878 878 886 886 876 876 878 878 879 879 876 876 879 879 885 885 880 880 879 879 886 886 879 879 880 880 885 885 880 880 877 877 875 875 676 676 875 875 653 653 654 654 694 694 676 676 676 676 694 694 875 875 885 885 875 875 694 694 885 885 694 694 872 872 876 876 885 885 872 872 873 873 694 694 664 664 694 694 873 873 872 872 872 872 873 873 870 870 876 876 872 872 884 884 874 874 876 876 884 884 884 884 872 872 870 870 884 884 882 882 874 874 884 884 881 881 882 882 884 884 870 870 881 881 881 881 870 870 802 802 799 799 800 800 803 803 721 721 907 907 713 713 680 680 687 687 690 690 663 663 692 692 652 652 692 692 675 675 652 652 692 692 693 693 675 675 652 652 675 675 682 682 693 693 683 683 675 675 675 675 683 683 656 656 675 675 656 656 687 687 687 687 691 691 690 690 679 679 680 680 690 690 682 682 675 675 687 687 687 687 652 652 682 682 681 681 652 652 687 687 681 681 687 687 680 680 652 652 681 681 680 680 674 674 652 652 680 680 652 652 662 662 663 663 710 710 692 692 663 663 710 710 693 693 692 692 693 693 710 710 706 706 665 665 844 844 835 835 835 835 707 707 658 658 835 835 658 658 665 665 706 706 665 665 658 658 706 706 658 658 693 693 693 693 658 658 683 683 683 683 658 658 656 656 835 835 703 703 707 707 658 658 707 707 703 703 835 835 837 837 703 703 658 658 703 703 837 837 666 666 656 656 658 658 837 837 666 666 658 658 708 708 656 656 666 666 704 704 656 656 708 708 704 704 701 701 669 669 656 656 704 704 669 669 656 656 669 669 687 687 687 687 669 669 691 691 691 691 669 669 668 668 669 669 700 700 668 668 668 668 699 699 667 667 691 691 668 668 667 667 690 690 691 691 667 667 690 690 667 667 698 698 689 689 793 793 688 688 655 655 689 689 688 688 686 686 690 690 698 698 686 686 698 698 689 689 686 686 689 689 655 655 695 695 906 906 711 711 717 717 913 913 718 718 719 719 650 650 660 660 718 718 719 719 660 660 660 660 717 717 718 718 719 719 718 718 906 906 695 695 719 719 906 906 910 910 720 720 711 711 650 650 719 719 695 695 695 695 661 661 650 650 711 711 720 720 695 695 720 720 661 661 695 695 650 650 661 661 672 672 671 671 672 672 678 678 650 650 672 672 671 671 685 685 690 690 686 686 685 685 679 679 690 690 684 684 685 685 686 686 678 678 685 685 684 684 678 678 672 672 685 685 685 685 672 672 679 679 672 672 673 673 679 679 661 661 673 673 672 672 674 674 680 680 679 679 673 673 674 674 679 679 661 661 674 674 673 673 661 661 651 651 674 674 720 720 651 651 661 661 651 651 652 652 674 674 662 662 652 652 651 651 651 651 720 720 662 662 709 709 662 662 720 720 709 709 720 720 911 911 720 720 910 910 911 911 911 911 662 662 709 709 721 721 911 911 907 907 911 911 721 721 662 662 721 721 663 663 662 662 712 712 721 721 713 713 721 721 712 712 663 663 722 722 712 712 713 713 712 712 722 722 663 663 722 722 710 710 663 663 722 722 713 713 710 710 710 710 713 713 723 723 723 723 714 714 710 710 724 724 706 706 710 710 710 710 714 714 724 724 706 706 724 724 702 702 908 908 702 702 724 724 665 665 702 702 844 844 706 706 702 702 665 665 908 908 844 844 702 702 843 843 844 844 908 908 835 835 844 844 843 843 843 843 908 908 840 840 843 843 842 842 835 835 843 843 840 840 842 842 840 840 839 839 842 842 841 841 842 842 839 839 841 841 839 839 838 838 835 835 842 842 841 841 837 837 835 835 841 841 834 834 841 841 838 838 829 829 831 831 833 833 833 833 821 821 829 829 829 829 821 821 815 815 815 815 821 821 833 833 831 831 829 829 825 825 815 815 825 825 829 829 825 825 826 826 831 831 826 826 832 832 831 831 819 819 804 804 705 705 787 787 804 804 819 819 787 787 819 819 827 827 788 788 787 787 827 827 826 826 822 822 832 832 826 826 827 827 822 822 819 819 828 828 827 827 827 827 828 828 822 822 819 819 820 820 828 828 838 838 830 830 834 834 837 837 841 841 834 834 666 666 837 837 708 708 836 836 837 837 834 834 830 830 836 836 834 834 704 704 708 708 836 836 837 837 836 836 708 708 830 830 824 824 836 836 820 820 819 819 824 824 824 824 830 830 820 820 819 819 798 798 824 824 705 705 798 798 819 819 836 836 795 795 704 704 701 701 704 704 795 795 795 795 836 836 824 824 705 705 701 701 795 795 824 824 798 798 705 705 705 705 795 795 824 824 705 705 804 804 701 701 804 804 669 669 701 701 804 804 700 700 669 669 791 791 668 668 700 700 805 805 791 791 700 700 804 804 805 805 700 700 787 787 805 805 804 804 787 787 788 788 805 805 668 668 791 791 699 699 805 805 699 699 791 791 792 792 667 667 699 699 806 806 792 792 699 699 805 805 806 806 699 699 788 788 789 789 806 806 788 788 806 806 805 805 788 788 827 827 818 818 818 818 827 827 826 826 789 789 788 788 818 818 817 817 818 818 826 826 817 817 826 826 825 825 789 789 818 818 817 817 816 816 817 817 825 825 817 817 790 790 789 789 797 797 796 796 816 816 796 796 817 817 816 816 817 817 796 796 790 790 797 797 785 785 796 796 816 816 825 825 815 815 797 797 816 816 815 815 797 797 815 815 823 823 797 797 823 823 786 786 797 797 786 786 785 785 786 786 799 799 803 803 785 785 786 786 803 803 803 803 800 800 809 809 785 785 809 809 808 808 785 785 803 803 809 809 870 870 814 814 802 802 814 814 809 809 800 800 800 800 802 802 814 814 813 813 809 809 814 814 808 808 809 809 813 813 796 796 785 785 808 808 790 790 808 808 812 812 796 796 808 808 790 790 807 807 790 790 811 811 789 789 790 790 807 807 789 789 807 807 806 806 806 806 807 807 810 810 806 806 810 810 792 792 667 667 792 792 698 698 810 810 698 698 792 792 810 810 793 793 698 698 793 793 689 689 698 698 810 810 811 811 793 793 688 688 793 793 794 794 811 811 794 794 793 793 794 794 697 697 688 688 811 811 696 696 794 794 811 811 812 812 696 696 813 813 664 664 696 696 812 812 813 813 696 696 801 801 814 814 870 870 801 801 813 813 814 814 873 873 871 871 870 870 870 870 871 871 801 801 813 813 801 801 871 871 664 664 871 871 873 873 664 664 813 813 871 871 657 657 696 696 664 664 696 696 657 657 697 697 697 697 794 794 696 696 657 657 688 688 697 697 664 664 694 694 657 657 655 655 688 688 657 657 694 694 655 655 657 657 694 694 654 654 655 655 654 654 686 686 655 655 684 684 686 686 654 654 678 678 684 684 654 654 677 677 678 678 654 654 676 676 677 677 654 654 653 653 670 670 676 676 649 649 670 670 653 653 670 670 677 677 676 676 670 670 678 678 677 677 670 670 671 671 678 678 650 650 671 671 670 670 659 659 650 650 670 670 649 649 659 659 670 670 650 650 905 905 660 660 650 650 659 659 905 905 717 717 660 660 905 905 716 716 905 905 659 659 905 905 716 716 904 904 659 659 904 904 716 716 715 715 904 904 659 659 649 649 715 715 659 659 875 875 877 877 715 715 877 877 904 904 715 715 875 875 715 715 653 653 649 649 653 653 715 715 944 944 939 939 938 938 943 943 938 938 937 937 948 948 937 937 936 936 902 902 926 926 893 893 846 846 845 845 893 893 845 845 847 847 893 893 893 893 847 847 848 848 848 848 849 849 893 893 849 849 894 894 893 893 893 893 894 894 903 903 903 903 892 892 893 893 893 893 892 892 902 902 925 925 926 926 901 901 940 940 926 926 925 925 939 939 940 940 925 925 901 901 924 924 925 925 901 901 891 891 924 924 939 939 925 925 924 924 891 891 900 900 924 924 938 938 939 939 924 924 900 900 923 923 924 924 938 938 924 924 923 923 900 900 922 922 923 923 900 900 890 890 922 922 899 899 921 921 922 922 922 922 890 890 899 899 938 938 923 923 922 922 921 921 938 938 922 922 899 899 920 920 921 921 899 899 889 889 920 920 889 889 888 888 920 920 860 860 898 898 897 897 854 854 866 866 855 855 896 896 887 887 895 895 895 895 855 855 866 866 866 866 896 896 895 895 855 855 895 895 854 854 928 928 930 930 918 918 935 935 930 930 951 951 737 737 769 769 736 736 782 782 764 764 769 769 775 775 762 762 763 763 774 774 775 775 763 763 777 777 774 774 763 763 763 763 781 781 783 783 763 763 762 762 781 781 762 762 775 775 781 781 781 781 782 782 768 768 775 775 782 782 781 781 775 775 776 776 782 782 782 782 776 776 764 764 764 764 778 778 771 771 764 764 771 771 770 770 764 764 770 770 769 769 770 770 771 771 784 784 758 758 770 770 784 784 770 770 758 758 769 769 782 782 769 769 737 737 768 768 782 782 737 737 783 783 781 781 768 768 768 768 737 737 738 738 783 783 768 768 738 738 765 765 783 783 767 767 763 763 783 783 765 765 777 777 763 763 765 765 766 766 777 777 765 765 725 725 760 760 765 765 760 760 766 766 765 765 726 726 739 739 760 760 725 725 726 726 760 760 856 856 742 742 850 850 734 734 757 757 749 749 733 733 734 734 756 756 733 733 756 756 755 755 732 732 755 755 754 754 950 950 731 731 730 730 751 751 730 730 752 752 731 731 752 752 730 730 752 752 731 731 753 753 732 732 753 753 934 934 753 753 731 731 950 950 950 950 934 934 753 753 753 753 732 732 754 754 753 753 754 754 746 746 934 934 740 740 732 732 732 732 740 740 933 933 933 933 755 755 732 732 755 755 933 933 761 761 932 932 761 761 933 933 932 932 933 933 952 952 761 761 932 932 952 952 857 857 761 761 952 952 733 733 755 755 761 761 857 857 869 869 761 761 869 869 733 733 761 761 869 869 857 857 851 851 733 733 869 869 851 851 757 757 734 734 851 851 734 734 733 733 851 851 757 757 741 741 850 850 851 851 741 741 757 757 735 735 850 850 742 742 735 735 757 757 850 850 750 750 735 735 742 742 735 735 750 750 757 757 750 750 742 742 739 739 726 726 750 750 739 739 750 750 726 726 725 725 757 757 750 750 749 749 749 749 750 750 725 725 749 749 725 725 765 765 756 756 734 734 749 749 756 756 749 749 748 748 748 748 749 749 765 765 765 765 767 767 748 748 755 755 756 756 748 748 747 747 748 748 767 767 747 747 767 767 783 783 755 755 748 748 747 747 747 747 783 783 738 738 754 754 755 755 747 747 754 754 747 747 746 746 746 746 747 747 745 745 745 745 747 747 738 738 753 753 746 746 745 745 753 753 745 745 744 744 744 744 752 752 753 753 744 744 745 745 738 738 738 738 737 737 744 744 751 751 752 752 744 744 743 743 744 744 737 737 743 743 737 737 736 736 751 751 744 744 743 743 758 758 736 736 769 769 758 758 743 743 736 736 728 728 758 758 727 727 728 728 743 743 758 758 729 729 751 751 728 728 728 728 751 751 743 743 935 935 730 730 751 751 751 751 729 729 935 935 730 730 935 935 951 951 951 951 930 930 928 928 951 951 928 928 947 947 730 730 951 951 950 950 950 950 951 951 947 947 950 950 947 947 946 946 934 934 950 950 949 949 949 949 950 950 946 946 740 740 949 949 933 933 740 740 934 934 949 949 949 949 946 946 942 942 933 933 949 949 942 942 933 933 942 942 948 948 933 933 948 948 952 952 952 952 948 948 929 929 952 952 929 929 857 857 929 929 858 858 857 857 929 929 864 864 858 858 857 857 858 858 864 864 857 857 864 864 852 852 852 852 851 851 857 857 853 853 852 852 861 861 851 851 852 852 853 853 741 741 851 851 853 853 850 850 741 741 853 853 859 859 850 850 853 853 859 859 856 856 850 850 853 853 861 861 854 854 859 859 853 853 854 854 861 861 863 863 854 854 863 863 867 867 866 866 854 854 863 863 866 866 896 896 866 866 867 867 868 868 897 897 896 896 860 860 897 897 868 868 868 868 896 896 867 867 863 863 868 868 867 867 862 862 868 868 863 863 861 861 862 862 863 863 852 852 864 864 862 862 852 852 862 862 861 861 862 862 864 864 929 929 862 862 929 929 865 865 865 865 860 860 868 868 868 868 862 862 865 865 927 927 888 888 898 898 927 927 860 860 865 865 927 927 898 898 860 860 927 927 865 865 929 929 936 936 920 920 888 888 927 927 936 936 888 888 929 929 948 948 941 941 929 929 941 941 927 927 927 927 941 941 936 936 941 941 948 948 936 936 937 937 921 921 920 920 936 936 937 937 920 920 948 948 942 942 937 937 937 937 938 938 921 921 942 942 943 943 937 937 942 942 946 946 943 943 946 946 944 944 943 943 943 943 944 944 938 938 946 946 947 947 944 944 947 947 939 939 944 944 947 947 945 945 939 939 947 947 928 928 945 945 939 939 945 945 940 940 940 940 945 945 926 926 945 945 915 915 926 926 893 893 926 926 915 915 945 945 928 928 917 917 945 945 917 917 915 915 893 893 915 915 917 917 928 928 918 918 917 917 914 914 917 917 918 918 914 914 893 893 917 917 846 846 893 893 914 914 779 779 846 846 914 914 771 771 778 778 779 779 771 771 779 779 772 772 914 914 772 772 779 779 771 771 772 772 773 773 771 771 773 773 784 784 784 784 773 773 780 780 772 772 780 780 773 773 784 784 780 780 916 916 780 780 772 772 916 916 772 772 914 914 916 916 916 916 918 918 930 930 914 914 918 918 916 916 916 916 930 930 919 919 931 931 935 935 729 729 919 919 930 930 931 931 935 935 931 931 930 930 916 916 919 919 931 931 931 931 729 729 916 916 728 728 916 916 729 729 728 728 727 727 916 916 758 758 916 916 727 727 759 759 784 784 916 916 759 759 758 758 784 784 758 758 759 759 916 916 774 774 777 777 833 833 815 815 833 833 777 777 766 766 823 823 815 815 760 760 786 786 823 823 739 739 742 742 799 799 742 742 800 800 799 799 742 742 802 802 800 800 742 742 856 856 802 802 856 856 881 881 802 802 859 859 882 882 881 881 859 859 874 874 882 882 854 854 876 876 874 874 883 883 854 854 895 895 909 909 895 895 887 887 887 887 886 886 909 909 877 877 912 912 896 896 904 904 877 877 897 897 904 904 897 897 898 898 717 717 905 905 889 889 906 906 718 718 889 889 889 889 899 899 906 906 899 899 711 711 906 906 899 899 890 890 910 910 900 900 911 911 910 910 713 713 907 907 891 891 714 714 723 723 926 926 902 902 892 892 908 908 894 894 840 840 908 908 849 849 848 848 840 840 848 848 839 839 840 840 847 847 845 845 839 839 839 839 845 845 846 846 838 838 846 846 779 779 830 830 838 838 779 779 779 779 778 778 830 830 778 778 764 764 820 820 764 764 828 828 820 820 764 764 822 822 828 828 776 776 832 832 822 822 775 775 831 831 832 832 776 776 775 775 832 832 764 764 776 776 822 822 778 778 820 820 830 830 838 838 839 839 846 846 839 839 848 848 847 847 894 894 849 849 840 840 903 903 894 894 908 908 892 892 903 903 908 908 902 902 908 908 724 724 926 926 902 902 724 724 724 724 714 714 926 926 723 723 901 901 926 926 901 901 723 723 713 713 891 891 901 901 713 713 900 900 891 891 907 907 900 900 907 907 911 911 890 890 900 900 910 910 899 899 910 910 711 711 718 718 913 913 889 889 913 913 717 717 889 889 905 905 888 888 889 889 905 905 898 898 888 888 905 905 904 904 898 898 877 877 896 896 897 897 912 912 886 886 896 896 886 886 887 887 896 896 895 895 909 909 883 883 854 854 883 883 876 876 859 859 854 854 874 874 856 856 859 859 881 881 739 739 799 799 786 786 760 760 739 739 786 786 766 766 760 760 823 823 777 777 766 766 815 815 775 775 774 774 833 833 833 833 831 831 775 775 1659 1659 954 954 955 955 955 955 954 954 953 953 958 958 955 955 956 956 959 959 958 958 966 966 966 966 958 958 956 956 959 959 1672 1672 958 958 965 965 959 959 966 966 959 959 960 960 1672 1672 962 962 961 961 960 960 964 964 961 961 962 962 963 963 964 964 962 962 960 960 959 959 965 965 966 966 1703 1703 968 968 969 969 966 966 968 968 967 967 968 968 1703 1703 1738 1738 965 965 969 969 962 962 965 965 1738 1738 1738 1738 970 970 962 962 963 963 962 962 971 971 972 972 963 963 971 971 962 962 970 970 971 971 974 974 972 972 971 971 974 974 971 971 973 973 975 975 974 974 973 973 975 975 973 973 977 977 977 977 973 973 976 976 978 978 977 977 976 976 980 980 976 976 981 981 981 981 976 976 1730 1730 981 981 1730 1730 982 982 984 984 981 981 982 982 985 985 981 981 984 984 986 986 985 985 1361 1361 986 986 981 981 985 985 980 980 986 986 987 987 986 986 980 980 981 981 978 978 987 987 979 979 987 987 978 978 980 980 991 991 989 989 979 979 999 999 992 992 979 979 989 989 999 999 979 979 990 990 991 991 979 979 992 992 988 988 979 979 993 993 992 992 999 999 993 993 999 999 994 994 997 997 996 996 995 995 995 995 1407 1407 997 997 995 995 998 998 1407 1407 999 999 995 995 994 994 999 999 998 998 995 995 999 999 1000 1000 998 998 1000 1000 1001 1001 998 998 1002 1002 1001 1001 1000 1000 1002 1002 1337 1337 1001 1001 1001 1001 1337 1337 1003 1003 1004 1004 1003 1003 1337 1337 1004 1004 1005 1005 1007 1007 1006 1006 1007 1007 1009 1009 1004 1004 1007 1007 1406 1406 1007 1007 1005 1005 1009 1009 1005 1005 1008 1008 1009 1009 1006 1006 1009 1009 1010 1010 1012 1012 1009 1009 1008 1008 1013 1013 1012 1012 1016 1016 1012 1012 1013 1013 1009 1009 1013 1013 1010 1010 1009 1009 1013 1013 1014 1014 1010 1010 1015 1015 1013 1013 1016 1016 1016 1016 1329 1329 1017 1017 1015 1015 1016 1016 1017 1017 1324 1324 1015 1015 1017 1017 1324 1324 1017 1017 1018 1018 1019 1019 1404 1404 1324 1324 1010 1010 1014 1014 1020 1020 1014 1014 1404 1404 1020 1020 1020 1020 1021 1021 1022 1022 1404 1404 1021 1021 1020 1020 1020 1020 1022 1022 1023 1023 1010 1010 1020 1020 1023 1023 1023 1023 1026 1026 1024 1024 1023 1023 1024 1024 1033 1033 1023 1023 1033 1033 1032 1032 1023 1023 1025 1025 1050 1050 1023 1023 1031 1031 1026 1026 1023 1023 1032 1032 1025 1025 1023 1023 1050 1050 1398 1398 1030 1030 1010 1010 1023 1023 1023 1023 1398 1398 1027 1027 1023 1023 1027 1027 1028 1028 1023 1023 1028 1028 1029 1029 1023 1023 1029 1029 1030 1030 1031 1031 1023 1023 1022 1022 1034 1034 1033 1033 1035 1035 1024 1024 1035 1035 1033 1033 1024 1024 1301 1301 1035 1035 1301 1301 1034 1034 1035 1035 1301 1301 1036 1036 1043 1043 1036 1036 1037 1037 1043 1043 1043 1043 1037 1037 1038 1038 1038 1038 1039 1039 1043 1043 1290 1290 1038 1038 1037 1037 1038 1038 1063 1063 1039 1039 1039 1039 1041 1041 1040 1040 1039 1039 1063 1063 1041 1041 1040 1040 1042 1042 1039 1039 1039 1039 1042 1042 1043 1043 1045 1045 1044 1044 1043 1043 1045 1045 1043 1043 1042 1042 1044 1044 1045 1045 1034 1034 1045 1045 1042 1042 1046 1046 1040 1040 1046 1046 1042 1042 1048 1048 1046 1046 1040 1040 1047 1047 1048 1048 1040 1040 1046 1046 1048 1048 1032 1032 1045 1045 1046 1046 1032 1032 1047 1047 1040 1040 1051 1051 1049 1049 1051 1051 1040 1040 1051 1051 1049 1049 1055 1055 1047 1047 1051 1051 1050 1050 1051 1051 1052 1052 1050 1050 1052 1052 1051 1051 1053 1053 1055 1055 1052 1052 1053 1053 1056 1056 1054 1054 1052 1052 1052 1052 1055 1055 1056 1056 1058 1058 1057 1057 1056 1056 1058 1058 1056 1056 1055 1055 1059 1059 1058 1058 1060 1060 1058 1058 1055 1055 1060 1060 1049 1049 1060 1060 1055 1055 1040 1040 1041 1041 1049 1049 1049 1049 1041 1041 1061 1061 1063 1063 1061 1061 1041 1041 1063 1063 1068 1068 1061 1061 1068 1068 1064 1064 1065 1065 1063 1063 1064 1064 1068 1068 1074 1074 1066 1066 1065 1065 1344 1344 1067 1067 1065 1065 1072 1072 1344 1344 1065 1065 1066 1066 1068 1068 1065 1065 1075 1075 1350 1350 1065 1065 1067 1067 1071 1071 1065 1065 1065 1065 1071 1071 1078 1078 1350 1350 1070 1070 1065 1065 1069 1069 1072 1072 1065 1065 1064 1064 1069 1069 1065 1065 1077 1077 1073 1073 1065 1065 1070 1070 1074 1074 1065 1065 1073 1073 1076 1076 1065 1065 1065 1065 1078 1078 990 990 1065 1065 990 990 1077 1077 1076 1076 1075 1075 1065 1065 1079 1079 1078 1078 1082 1082 1078 1078 1080 1080 990 990 1078 1078 1079 1079 1080 1080 1071 1071 1082 1082 1078 1078 1081 1081 1082 1082 1071 1071 1067 1067 1081 1081 1071 1071 1081 1081 1067 1067 1322 1322 1083 1083 1322 1322 1067 1067 1322 1322 1083 1083 1319 1319 1319 1319 1083 1083 1084 1084 1067 1067 1084 1084 1083 1083 1319 1319 1084 1084 1085 1085 1345 1345 1085 1085 1084 1084 1086 1086 1087 1087 1085 1085 1088 1088 1087 1087 1086 1086 1088 1088 1089 1089 1087 1087 1090 1090 1091 1091 1089 1089 1090 1090 1089 1089 1069 1069 1090 1090 1092 1092 1091 1091 1091 1091 1093 1093 1099 1099 1092 1092 1093 1093 1091 1091 1091 1091 1099 1099 1096 1096 1091 1091 1096 1096 1312 1312 1312 1312 1096 1096 1094 1094 1094 1094 1095 1095 1301 1301 1024 1024 1094 1094 1301 1301 1097 1097 1094 1094 1096 1096 1097 1097 1098 1098 1154 1154 1140 1140 1154 1154 1098 1098 1099 1099 1098 1098 1097 1097 1101 1101 1098 1098 1099 1099 1101 1101 1100 1100 1098 1098 1100 1100 1140 1140 1098 1098 1101 1101 1102 1102 1103 1103 1092 1092 1102 1102 1101 1101 1101 1101 1103 1103 1100 1100 1099 1099 1092 1092 1101 1101 1093 1093 1092 1092 1099 1099 1105 1105 1104 1104 1069 1069 1104 1104 1090 1090 1069 1069 1106 1106 1090 1090 1104 1104 1090 1090 1106 1106 1092 1092 1106 1106 1107 1107 1102 1102 1106 1106 1102 1102 1092 1092 1107 1107 1106 1106 1104 1104 1107 1107 1108 1108 1102 1102 1107 1107 1110 1110 1109 1109 1110 1110 1112 1112 1111 1111 1110 1110 1111 1111 1109 1109 1112 1112 1114 1114 1113 1113 1114 1114 1112 1112 1115 1115 1105 1105 1115 1115 1112 1112 1113 1113 1116 1116 1111 1111 1112 1112 1113 1113 1111 1111 1117 1117 1274 1274 1119 1119 1117 1117 1118 1118 1274 1274 1274 1274 1120 1120 1119 1119 1121 1121 1147 1147 1120 1120 1147 1147 1119 1119 1120 1120 1121 1121 1120 1120 1122 1122 1153 1153 1124 1124 1126 1126 1126 1126 1124 1124 1128 1128 1126 1126 1131 1131 1153 1153 1126 1126 1125 1125 1131 1131 1127 1127 1125 1125 1126 1126 1130 1130 1129 1129 1127 1127 1127 1127 1129 1129 1125 1125 1129 1129 1131 1131 1125 1125 1243 1243 1131 1131 1129 1129 1133 1133 1132 1132 1131 1131 1243 1243 1133 1133 1131 1131 1134 1134 1133 1133 1243 1243 1133 1133 1134 1134 1154 1154 1135 1135 1133 1133 1154 1154 1135 1135 1137 1137 1133 1133 1137 1137 1152 1152 1136 1136 1136 1136 1138 1138 1137 1137 1153 1153 1137 1137 1138 1138 1138 1138 1123 1123 1153 1153 1139 1139 1123 1123 1138 1138 1139 1139 1141 1141 1123 1123 1141 1141 1143 1143 1123 1123 1139 1139 1103 1103 1141 1141 1103 1103 1142 1142 1141 1141 1142 1142 1103 1103 1151 1151 1123 1123 1143 1143 1142 1142 1141 1141 1142 1142 1143 1143 1122 1122 1142 1142 1151 1151 1122 1122 1123 1123 1142 1142 1151 1151 1144 1144 1122 1122 1107 1107 1109 1109 1145 1145 1107 1107 1145 1145 1144 1144 1146 1146 1145 1145 1109 1109 1147 1147 1146 1146 1109 1109 1111 1111 1117 1117 1147 1147 1147 1147 1109 1109 1111 1111 1148 1148 1147 1147 1121 1121 1146 1146 1147 1147 1148 1148 1149 1149 1148 1148 1121 1121 1150 1150 1148 1148 1149 1149 1150 1150 1149 1149 1122 1122 1122 1122 1149 1149 1121 1121 1144 1144 1150 1150 1122 1122 1145 1145 1150 1150 1144 1144 1145 1145 1148 1148 1150 1150 1145 1145 1146 1146 1148 1148 1117 1117 1119 1119 1147 1147 1107 1107 1144 1144 1151 1151 1102 1102 1108 1108 1151 1151 1108 1108 1107 1107 1151 1151 1102 1102 1151 1151 1103 1103 1103 1103 1139 1139 1100 1100 1139 1139 1140 1140 1100 1100 1140 1140 1139 1139 1138 1138 1152 1152 1140 1140 1138 1138 1152 1152 1138 1138 1136 1136 1152 1152 1135 1135 1154 1154 1137 1137 1135 1135 1152 1152 1140 1140 1152 1152 1154 1154 1133 1133 1137 1137 1132 1132 1132 1132 1137 1137 1153 1153 1134 1134 1241 1241 1154 1154 1095 1095 1097 1097 1154 1154 1155 1155 1156 1156 1301 1301 1095 1095 1155 1155 1301 1301 1156 1156 1157 1157 1301 1301 1156 1156 1158 1158 1159 1159 1156 1156 1159 1159 1157 1157 1159 1159 1160 1160 1167 1167 1161 1161 1159 1159 1167 1167 1167 1167 1160 1160 1162 1162 1167 1167 1162 1162 1163 1163 1163 1163 1162 1162 1164 1164 1167 1167 1163 1163 1164 1164 1167 1167 1164 1164 1166 1166 1164 1164 1168 1168 1166 1166 1167 1167 1166 1166 1168 1168 1305 1305 1167 1167 1168 1168 1169 1169 1170 1170 1305 1305 1305 1305 1168 1168 1234 1234 1305 1305 1234 1234 1169 1169 1173 1173 1175 1175 1170 1170 1172 1172 1173 1173 1170 1170 1174 1174 1175 1175 1173 1173 1174 1174 1178 1178 1175 1175 1176 1176 1175 1175 1178 1178 1176 1176 1178 1178 1179 1179 1180 1180 1179 1179 1184 1184 1179 1179 1178 1178 1181 1181 1184 1184 1179 1179 1181 1181 1286 1286 1197 1197 1181 1181 1197 1197 1182 1182 1181 1181 1182 1182 1184 1184 1181 1181 1182 1182 1183 1183 1184 1184 1184 1184 1183 1183 1185 1185 1185 1185 1186 1186 1187 1187 1183 1183 1186 1186 1185 1185 1189 1189 1187 1187 1191 1191 1188 1188 1191 1191 1187 1187 1037 1037 1300 1300 1189 1189 1189 1189 1191 1191 1037 1037 1037 1037 1191 1191 1190 1190 1188 1188 1192 1192 1191 1191 1188 1188 1295 1295 1192 1192 1194 1194 1193 1193 1192 1192 1194 1194 1195 1195 1197 1197 1197 1197 1195 1195 1182 1182 1198 1198 1194 1194 1197 1197 1199 1199 1198 1198 1279 1279 1197 1197 1279 1279 1198 1198 1199 1199 1279 1279 1201 1201 1200 1200 1202 1202 1192 1192 1200 1200 1203 1203 1202 1202 1203 1203 1200 1200 1204 1204 1204 1204 1200 1200 1199 1199 1105 1105 1204 1204 1205 1205 1105 1105 1205 1205 1115 1115 1204 1204 1201 1201 1205 1205 1206 1206 1205 1205 1201 1201 1205 1205 1206 1206 1207 1207 1209 1209 1208 1208 1169 1169 1210 1210 1209 1209 1169 1169 1208 1208 1207 1207 1169 1169 1210 1210 1212 1212 1211 1211 1210 1210 1233 1233 1212 1212 1214 1214 1254 1254 1212 1212 1212 1212 1216 1216 1214 1214 1217 1217 1220 1220 1218 1218 1217 1217 1219 1219 1220 1220 1222 1222 1220 1220 1221 1221 1222 1222 1223 1223 1220 1220 1218 1218 1223 1223 1222 1222 1222 1222 1224 1224 1244 1244 1224 1224 1222 1222 1124 1124 1224 1224 1124 1124 1153 1153 1124 1124 1222 1222 1226 1226 1226 1226 1222 1222 1221 1221 1124 1124 1226 1226 1225 1225 1229 1229 1225 1225 1226 1226 1229 1229 1227 1227 1225 1225 1227 1227 1228 1228 1225 1225 1236 1236 1228 1228 1227 1227 1229 1229 1230 1230 1236 1236 1236 1236 1227 1227 1229 1229 1236 1236 1230 1230 1160 1160 1160 1160 1230 1230 1162 1162 1162 1162 1230 1230 1229 1229 1162 1162 1229 1229 1231 1231 1231 1231 1165 1165 1162 1162 1165 1165 1231 1231 1219 1219 1164 1164 1162 1162 1165 1165 1232 1232 1165 1165 1235 1235 1164 1164 1165 1165 1232 1232 1168 1168 1164 1164 1232 1232 1168 1168 1232 1232 1215 1215 1233 1233 1215 1215 1212 1212 1234 1234 1215 1215 1233 1233 1215 1215 1234 1234 1168 1168 1210 1210 1234 1234 1233 1233 1234 1234 1210 1210 1169 1169 1232 1232 1235 1235 1212 1212 1215 1215 1232 1232 1212 1212 1235 1235 1217 1217 1216 1216 1212 1212 1235 1235 1216 1216 1235 1235 1165 1165 1219 1219 1235 1235 1219 1219 1217 1217 1221 1221 1220 1220 1231 1231 1219 1219 1231 1231 1220 1220 1231 1231 1229 1229 1226 1226 1231 1231 1226 1226 1221 1221 1236 1236 1160 1160 1237 1237 1228 1228 1237 1237 1128 1128 1237 1237 1228 1228 1236 1236 1128 1128 1238 1238 1225 1225 1237 1237 1239 1239 1128 1128 1240 1240 1127 1127 1126 1126 1239 1239 1127 1127 1240 1240 1240 1240 1126 1126 1128 1128 1239 1239 1240 1240 1128 1128 1239 1239 1130 1130 1127 1127 1242 1242 1130 1130 1241 1241 1130 1130 1239 1239 1241 1241 1241 1241 1239 1239 1237 1237 1158 1158 1241 1241 1237 1237 1156 1156 1154 1154 1241 1241 1156 1156 1241 1241 1158 1158 1241 1241 1134 1134 1242 1242 1242 1242 1243 1243 1129 1129 1243 1243 1242 1242 1134 1134 1242 1242 1129 1129 1130 1130 1124 1124 1238 1238 1128 1128 1225 1225 1238 1238 1124 1124 1128 1128 1225 1225 1228 1228 1159 1159 1237 1237 1160 1160 1159 1159 1158 1158 1237 1237 1244 1244 1224 1224 1153 1153 1244 1244 1123 1123 1122 1122 1123 1123 1244 1244 1153 1153 1248 1248 1244 1244 1120 1120 1244 1244 1122 1122 1120 1120 1248 1248 1120 1120 1246 1246 1245 1245 1246 1246 1120 1120 1245 1245 1273 1273 1246 1246 1273 1273 1247 1247 1246 1246 1247 1247 1249 1249 1246 1246 1249 1249 1248 1248 1246 1246 1249 1249 1247 1247 1259 1259 1256 1256 1249 1249 1259 1259 1249 1249 1256 1256 1213 1213 1213 1213 1250 1250 1249 1249 1213 1213 1212 1212 1250 1250 1250 1250 1251 1251 1249 1249 1251 1251 1252 1252 1249 1249 1253 1253 1252 1252 1251 1251 1251 1251 1254 1254 1253 1253 1250 1250 1254 1254 1251 1251 1254 1254 1216 1216 1255 1255 1214 1214 1216 1216 1254 1254 1216 1216 1217 1217 1255 1255 1253 1253 1254 1254 1255 1255 1253 1253 1255 1255 1218 1218 1217 1217 1218 1218 1255 1255 1252 1252 1253 1253 1244 1244 1253 1253 1222 1222 1244 1244 1222 1222 1253 1253 1218 1218 1249 1249 1252 1252 1248 1248 1248 1248 1252 1252 1244 1244 1212 1212 1254 1254 1250 1250 1212 1212 1213 1213 1256 1256 1212 1212 1256 1256 1211 1211 1256 1256 1210 1210 1211 1211 1209 1209 1210 1210 1256 1256 1256 1256 1257 1257 1209 1209 1257 1257 1256 1256 1259 1259 1259 1259 1258 1258 1260 1260 1261 1261 1259 1259 1260 1260 1262 1262 1261 1261 1260 1260 1113 1113 1207 1207 1116 1116 1261 1261 1116 1116 1207 1207 1261 1261 1262 1262 1116 1116 1264 1264 1262 1262 1265 1265 1262 1262 1263 1263 1265 1265 1116 1116 1262 1262 1264 1264 1120 1120 1269 1269 1268 1268 1269 1269 1270 1270 1268 1268 1268 1268 1270 1270 1271 1271 1268 1268 1271 1271 1245 1245 1268 1268 1245 1245 1120 1120 1271 1271 1272 1272 1245 1245 1272 1272 1271 1271 1270 1270 1267 1267 1272 1272 1269 1269 1269 1269 1272 1272 1270 1270 1267 1267 1263 1263 1272 1272 1266 1266 1263 1263 1267 1267 1262 1262 1260 1260 1263 1263 1263 1263 1273 1273 1272 1272 1272 1272 1273 1273 1245 1245 1263 1263 1260 1260 1273 1273 1260 1260 1258 1258 1247 1247 1260 1260 1247 1247 1273 1273 1258 1258 1259 1259 1247 1247 1118 1118 1269 1269 1274 1274 1120 1120 1274 1274 1269 1269 1275 1275 1269 1269 1118 1118 1275 1275 1276 1276 1269 1269 1276 1276 1266 1266 1267 1267 1276 1276 1267 1267 1269 1269 1265 1265 1266 1266 1276 1276 1277 1277 1276 1276 1275 1275 1277 1277 1264 1264 1276 1276 1264 1264 1265 1265 1276 1276 1264 1264 1277 1277 1116 1116 1277 1277 1275 1275 1111 1111 1277 1277 1111 1111 1116 1116 1275 1275 1117 1117 1111 1111 1117 1117 1275 1275 1118 1118 1265 1265 1263 1263 1266 1266 1257 1257 1261 1261 1207 1207 1208 1208 1257 1257 1207 1207 1261 1261 1257 1257 1259 1259 1209 1209 1257 1257 1208 1208 1218 1218 1220 1220 1223 1223 1114 1114 1207 1207 1113 1113 1114 1114 1205 1205 1207 1207 1207 1207 1206 1206 1169 1169 1206 1206 1172 1172 1169 1169 1201 1201 1278 1278 1172 1172 1201 1201 1172 1172 1206 1206 1279 1279 1278 1278 1201 1201 1279 1279 1280 1280 1278 1278 1281 1281 1278 1278 1280 1280 1287 1287 1280 1280 1282 1282 1282 1282 1285 1285 1287 1287 1282 1282 1283 1283 1285 1285 1196 1196 1285 1285 1283 1283 1284 1284 1283 1283 1280 1280 1197 1197 1284 1284 1279 1279 1284 1284 1280 1280 1279 1279 1284 1284 1196 1196 1283 1283 1197 1197 1196 1196 1284 1284 1283 1283 1282 1282 1280 1280 1286 1286 1174 1174 1285 1285 1174 1174 1286 1286 1181 1181 1174 1174 1181 1181 1178 1178 1174 1174 1173 1173 1285 1285 1287 1287 1285 1285 1172 1172 1172 1172 1285 1285 1173 1173 1281 1281 1287 1287 1172 1172 1196 1196 1197 1197 1286 1286 1196 1196 1286 1286 1285 1285 1281 1281 1280 1280 1287 1287 1278 1278 1281 1281 1172 1172 1205 1205 1114 1114 1115 1115 1203 1203 1204 1204 1190 1190 1203 1203 1190 1190 1191 1191 1204 1204 1288 1288 1190 1190 1288 1288 1037 1037 1190 1190 1288 1288 1290 1290 1037 1037 1290 1290 1289 1289 1064 1064 1038 1038 1290 1290 1064 1064 1289 1289 1105 1105 1069 1069 1291 1291 1105 1105 1289 1289 1290 1290 1291 1291 1289 1289 1291 1291 1204 1204 1105 1105 1288 1288 1291 1291 1290 1290 1288 1288 1204 1204 1291 1291 1064 1064 1289 1289 1069 1069 1204 1204 1199 1199 1201 1201 1202 1202 1203 1203 1191 1191 1191 1191 1192 1192 1202 1202 1200 1200 1192 1192 1193 1193 1200 1200 1198 1198 1199 1199 1200 1200 1193 1193 1198 1198 1194 1194 1198 1198 1193 1193 1182 1182 1195 1195 1292 1292 1293 1293 1294 1294 1195 1195 1194 1194 1293 1293 1195 1195 1293 1293 1192 1192 1294 1294 1293 1293 1194 1194 1192 1192 1295 1295 1294 1294 1192 1192 1294 1294 1295 1295 1195 1195 1292 1292 1195 1195 1295 1295 1188 1188 1292 1292 1295 1295 1292 1292 1188 1188 1296 1296 1292 1292 1296 1296 1297 1297 1292 1292 1297 1297 1182 1182 1297 1297 1183 1183 1182 1182 1298 1298 1297 1297 1296 1296 1186 1186 1297 1297 1298 1298 1298 1298 1296 1296 1188 1188 1186 1186 1298 1298 1187 1187 1188 1188 1187 1187 1298 1298 1183 1183 1297 1297 1186 1186 1037 1037 1299 1299 1300 1300 1300 1300 1301 1301 1302 1302 1189 1189 1300 1300 1302 1302 1300 1300 1036 1036 1301 1301 1299 1299 1036 1036 1300 1300 1159 1159 1304 1304 1303 1303 1159 1159 1303 1303 1301 1301 1161 1161 1304 1304 1159 1159 1157 1157 1159 1159 1301 1301 1305 1305 1161 1161 1167 1167 1161 1161 1305 1305 1304 1304 1304 1304 1306 1306 1303 1303 1305 1305 1170 1170 1304 1304 1171 1171 1307 1307 1304 1304 1304 1304 1307 1307 1308 1308 1304 1304 1308 1308 1309 1309 1304 1304 1309 1309 1306 1306 1170 1170 1171 1171 1304 1304 1180 1180 1184 1184 1309 1309 1180 1180 1309 1309 1308 1308 1184 1184 1185 1185 1309 1309 1309 1309 1185 1185 1310 1310 1309 1309 1310 1310 1306 1306 1187 1187 1310 1310 1185 1185 1189 1189 1306 1306 1310 1310 1187 1187 1189 1189 1310 1310 1189 1189 1302 1302 1306 1306 1180 1180 1308 1308 1307 1307 1307 1307 1179 1179 1180 1180 1176 1176 1179 1179 1307 1307 1311 1311 1177 1177 1307 1307 1176 1176 1307 1307 1177 1177 1176 1176 1177 1177 1311 1311 1311 1311 1175 1175 1176 1176 1311 1311 1170 1170 1175 1175 1311 1311 1171 1171 1170 1170 1171 1171 1311 1311 1307 1307 1302 1302 1303 1303 1306 1306 1302 1302 1301 1301 1303 1303 1036 1036 1299 1299 1037 1037 1169 1169 1172 1172 1170 1170 1156 1156 1095 1095 1154 1154 1095 1095 1156 1156 1155 1155 1131 1131 1132 1132 1153 1153 1105 1105 1112 1112 1110 1110 1105 1105 1110 1110 1104 1104 1107 1107 1104 1104 1110 1110 1097 1097 1095 1095 1094 1094 1097 1097 1096 1096 1099 1099 1024 1024 1312 1312 1094 1094 1314 1314 1312 1312 1024 1024 1312 1312 1314 1314 1313 1313 1314 1314 1315 1315 1313 1313 1026 1026 1314 1314 1024 1024 1314 1314 1316 1316 1315 1315 1317 1317 1314 1314 1026 1026 1314 1314 1317 1317 1316 1316 1317 1317 1026 1026 1318 1318 1031 1031 1318 1318 1026 1026 1317 1317 1318 1318 1319 1319 1318 1318 1320 1320 1319 1319 1318 1318 1031 1031 1320 1320 1320 1320 1031 1031 1321 1321 1320 1320 1321 1321 1319 1319 1031 1031 1339 1339 1321 1321 1321 1321 1325 1325 1322 1322 1082 1082 1322 1322 1325 1325 1323 1323 1325 1325 1324 1324 1321 1321 1324 1324 1325 1325 1019 1019 1324 1324 1321 1321 1325 1325 1323 1323 1018 1018 1018 1018 1323 1323 1324 1324 1326 1326 1079 1079 1325 1325 1326 1326 1325 1325 1018 1018 1326 1326 1018 1018 1017 1017 1327 1327 1326 1326 1017 1017 1326 1326 1327 1327 1080 1080 1080 1080 1327 1327 990 990 1327 1327 1017 1017 1329 1329 1327 1327 1328 1328 990 990 1016 1016 1330 1330 1329 1329 1016 1016 1012 1012 1330 1330 1012 1012 1331 1331 1330 1330 1329 1329 1330 1330 1331 1331 1012 1012 1011 1011 1331 1331 1334 1334 1329 1329 1331 1331 1332 1332 1329 1329 1334 1334 1332 1332 1327 1327 1329 1329 1327 1327 1332 1332 1328 1328 1328 1328 1332 1332 991 991 990 990 1328 1328 991 991 1332 1332 1333 1333 991 991 1333 1333 1332 1332 1334 1334 1334 1334 1335 1335 1000 1000 1002 1002 1000 1000 1335 1335 1336 1336 1002 1002 1335 1335 1335 1335 1011 1011 1336 1336 1012 1012 1337 1337 1336 1336 1012 1012 1336 1336 1011 1011 1008 1008 1337 1337 1012 1012 1337 1337 1002 1002 1336 1336 1008 1008 1005 1005 1337 1337 1005 1005 1004 1004 1337 1337 1335 1335 1331 1331 1011 1011 1334 1334 1331 1331 1335 1335 1338 1338 1334 1334 1000 1000 1338 1338 1333 1333 1334 1334 1338 1338 999 999 989 989 999 999 1338 1338 1000 1000 1333 1333 1338 1338 989 989 991 991 1333 1333 989 989 1079 1079 1326 1326 1080 1080 1079 1079 1082 1082 1325 1325 1031 1031 1340 1340 1339 1339 1339 1339 1340 1340 1022 1022 1031 1031 1022 1022 1340 1340 1021 1021 1339 1339 1022 1022 1021 1021 1404 1404 1019 1019 1021 1021 1019 1019 1339 1339 1339 1339 1019 1019 1321 1321 1322 1322 1319 1319 1321 1321 1082 1082 1081 1081 1322 1322 1317 1317 1319 1319 1085 1085 1341 1341 1317 1317 1085 1085 1317 1317 1341 1341 1342 1342 1342 1342 1341 1341 1087 1087 1341 1341 1085 1085 1087 1087 1316 1316 1317 1317 1342 1342 1315 1315 1316 1316 1342 1342 1313 1313 1315 1315 1342 1342 1313 1313 1343 1343 1312 1312 1312 1312 1343 1343 1089 1089 1312 1312 1089 1089 1091 1091 1343 1343 1313 1313 1089 1089 1313 1313 1342 1342 1087 1087 1313 1313 1087 1087 1089 1089 1089 1089 1088 1088 1069 1069 1069 1069 1088 1088 1072 1072 1088 1088 1086 1086 1072 1072 1086 1086 1344 1344 1072 1072 1086 1086 1085 1085 1344 1344 1085 1085 1345 1345 1344 1344 1345 1345 1067 1067 1344 1344 1067 1067 1345 1345 1084 1084 1346 1346 1066 1066 1074 1074 1346 1346 1074 1074 1060 1060 1061 1061 1346 1346 1049 1049 1346 1346 1060 1060 1049 1049 1074 1074 1058 1058 1059 1059 1074 1074 1059 1059 1060 1060 1058 1058 1074 1074 1070 1070 1057 1057 1058 1058 1070 1070 1057 1057 1070 1070 1350 1350 1347 1347 1057 1057 1350 1350 1057 1057 1347 1347 1056 1056 1348 1348 1056 1056 1347 1347 1350 1350 1348 1348 1347 1347 1348 1348 1349 1349 1056 1056 1348 1348 1350 1350 1075 1075 1353 1353 1348 1348 1075 1075 1348 1348 1353 1353 1352 1352 1353 1353 1351 1351 1352 1352 1353 1353 1356 1356 1351 1351 1351 1351 1354 1354 1355 1355 1356 1356 1354 1354 1351 1351 1356 1356 1357 1357 1358 1358 1359 1359 1356 1356 1358 1358 1356 1356 1359 1359 1354 1354 1359 1359 1360 1360 1354 1354 1361 1361 1360 1360 1362 1362 1363 1363 1364 1364 1361 1361 1363 1363 1361 1361 1362 1362 1363 1363 1365 1365 1364 1364 986 986 1365 1365 1367 1367 1365 1365 986 986 1364 1364 1367 1367 1365 1365 1366 1366 1365 1365 1077 1077 1366 1366 990 990 1366 1366 1077 1077 990 990 979 979 1366 1366 1367 1367 1366 1366 979 979 987 987 1367 1367 979 979 986 986 1367 1367 987 987 1363 1363 1368 1368 1365 1365 1365 1365 1368 1368 1077 1077 1368 1368 1363 1363 1077 1077 1370 1370 1369 1369 1363 1363 1363 1363 1369 1369 1077 1077 1370 1370 1363 1363 1362 1362 1370 1370 1362 1362 1360 1360 1370 1370 1360 1360 1359 1359 1370 1370 1359 1359 1369 1369 1369 1369 1358 1358 1073 1073 1359 1359 1358 1358 1369 1369 1369 1369 1073 1073 1077 1077 1361 1361 1364 1364 986 986 1373 1373 1360 1360 1361 1361 1361 1361 1372 1372 1373 1373 1361 1361 1371 1371 1372 1372 1374 1374 1373 1373 1030 1030 1373 1373 1375 1375 1030 1030 1372 1372 1375 1375 1373 1373 1375 1375 1376 1376 1030 1030 1030 1030 1376 1376 1010 1010 1375 1375 1377 1377 1376 1376 1378 1378 1377 1377 1375 1375 1378 1378 985 985 1377 1377 1378 1378 1379 1379 985 985 1378 1378 1375 1375 1379 1379 1361 1361 1379 1379 1371 1371 1375 1375 1371 1371 1379 1379 985 985 1379 1379 1361 1361 984 984 1380 1380 1377 1377 985 985 984 984 1377 1377 1377 1377 1006 1006 1376 1376 1377 1377 1380 1380 1006 1006 1380 1380 984 984 1006 1006 1376 1376 1006 1006 1010 1010 1375 1375 1372 1372 1371 1371 1374 1374 1381 1381 1383 1383 1374 1374 1382 1382 1373 1373 1383 1383 1382 1382 1374 1374 1382 1382 1383 1383 1360 1360 1360 1360 1383 1383 1381 1381 1360 1360 1381 1381 1384 1384 1354 1354 1360 1360 1384 1384 1384 1384 1385 1385 1386 1386 1384 1384 1381 1381 1385 1385 1386 1386 1387 1387 1384 1384 1389 1389 1386 1386 1029 1029 1389 1389 1029 1029 1028 1028 1388 1388 1389 1389 1028 1028 1390 1390 1389 1389 1388 1388 1386 1386 1389 1389 1387 1387 1389 1389 1390 1390 1387 1387 1391 1391 1387 1387 1390 1390 1392 1392 1393 1393 1390 1390 1390 1390 1394 1394 1391 1391 1390 1390 1393 1393 1394 1394 1054 1054 1394 1394 1395 1395 1394 1394 1054 1054 1056 1056 1391 1391 1394 1394 1056 1056 1394 1394 1393 1393 1395 1395 1393 1393 1392 1392 1396 1396 1393 1393 1396 1396 1397 1397 1398 1398 1397 1397 1027 1027 1393 1393 1397 1397 1398 1398 1397 1397 1396 1396 1027 1027 1393 1393 1398 1398 1400 1400 1399 1399 1400 1400 1398 1398 1393 1393 1400 1400 1395 1395 1399 1399 1395 1395 1400 1400 1399 1399 1401 1401 1395 1395 1054 1054 1395 1395 1401 1401 1401 1401 1402 1402 1054 1054 1401 1401 1399 1399 1402 1402 1402 1402 1399 1399 1398 1398 1052 1052 1402 1402 1050 1050 1402 1402 1398 1398 1050 1050 1396 1396 1392 1392 1027 1027 1392 1392 1388 1388 1027 1027 1390 1390 1388 1388 1392 1392 1056 1056 1355 1355 1391 1391 1391 1391 1355 1355 1354 1354 1388 1388 1028 1028 1027 1027 1384 1384 1387 1387 1391 1391 1386 1386 1385 1385 1029 1029 1385 1385 1374 1374 1029 1029 1381 1381 1374 1374 1385 1385 1384 1384 1391 1391 1354 1354 1373 1373 1382 1382 1360 1360 1374 1374 1030 1030 1029 1029 1358 1358 1357 1357 1073 1073 1357 1357 1076 1076 1073 1073 1357 1357 1356 1356 1076 1076 1355 1355 1056 1056 1351 1351 1356 1356 1353 1353 1075 1075 1356 1356 1075 1075 1076 1076 1056 1056 1352 1352 1351 1351 1056 1056 1349 1349 1352 1352 1348 1348 1352 1352 1349 1349 1346 1346 1062 1062 1066 1066 1061 1061 1062 1062 1346 1346 1062 1062 1068 1068 1066 1066 1062 1062 1061 1061 1068 1068 1063 1063 1038 1038 1064 1064 1402 1402 1052 1052 1054 1054 1051 1051 1055 1055 1053 1053 1047 1047 1050 1050 1025 1025 1048 1048 1047 1047 1025 1025 1048 1048 1025 1025 1032 1032 1045 1045 1032 1032 1033 1033 1034 1034 1045 1045 1033 1033 1301 1301 1044 1044 1034 1034 1044 1044 1301 1301 1403 1403 1044 1044 1403 1403 1043 1043 1301 1301 1043 1043 1403 1403 1013 1013 1405 1405 1014 1014 1405 1405 1404 1404 1014 1014 1405 1405 1013 1013 1015 1015 1404 1404 1405 1405 1015 1015 1404 1404 1015 1015 1324 1324 1004 1004 1406 1406 1003 1003 1406 1406 1407 1407 1003 1003 1003 1003 1407 1407 1408 1408 1406 1406 997 997 1407 1407 998 998 1003 1003 1408 1408 998 998 1408 1408 1407 1407 1406 1406 1007 1007 1410 1410 1406 1406 1410 1410 996 996 1406 1406 996 996 997 997 1006 1006 1409 1409 1410 1410 1006 1006 1410 1410 1007 1007 1411 1411 1410 1410 1409 1409 1410 1410 1411 1411 996 996 1411 1411 1412 1412 996 996 1412 1412 1413 1413 1415 1415 1412 1412 1414 1414 1413 1413 1419 1419 1415 1415 1416 1416 1413 1413 1416 1416 1415 1415 1418 1418 1417 1417 1419 1419 1417 1417 1418 1418 992 992 1417 1417 993 993 1419 1419 993 993 1417 1417 992 992 1419 1419 1420 1420 1421 1421 1418 1418 1419 1419 1421 1421 1413 1413 1422 1422 1421 1421 1413 1413 1421 1421 1420 1420 1422 1422 1423 1423 1421 1421 1424 1424 1423 1423 1422 1422 1425 1425 1424 1424 1422 1422 1425 1425 1422 1422 1413 1413 1425 1425 1426 1426 1427 1427 1424 1424 1425 1425 1427 1427 1411 1411 1409 1409 1427 1427 1426 1426 1411 1411 1427 1427 1426 1426 1414 1414 1412 1412 1411 1411 1426 1426 1412 1412 1006 1006 983 983 1427 1427 1006 1006 1427 1427 1409 1409 983 983 1428 1428 1427 1427 1424 1424 1427 1427 1428 1428 984 984 1429 1429 983 983 983 983 1429 1429 1428 1428 1429 1429 1430 1430 1428 1428 1429 1429 1431 1431 1430 1430 1432 1432 1430 1430 1431 1431 1430 1430 1432 1432 1434 1434 1435 1435 1430 1430 1434 1434 1435 1435 1434 1434 1424 1424 1424 1424 1434 1434 1436 1436 1434 1434 1433 1433 1436 1436 1423 1423 1436 1436 1437 1437 1436 1436 1433 1433 1437 1437 1436 1436 1423 1423 1424 1424 1445 1445 1437 1437 1438 1438 1433 1433 1438 1438 1437 1437 1445 1445 1439 1439 1437 1437 1440 1440 1439 1439 1445 1445 1439 1439 1440 1440 992 992 992 992 1440 1440 1441 1441 977 977 978 978 1441 1441 977 977 1441 1441 1442 1442 1440 1440 1442 1442 1441 1441 1440 1440 1443 1443 1442 1442 1443 1443 1444 1444 1442 1442 1445 1445 1443 1443 1440 1440 1445 1445 1446 1446 1443 1443 1477 1477 1446 1446 1447 1447 1433 1433 1448 1448 1447 1447 1433 1433 1447 1447 1438 1438 1434 1434 1448 1448 1433 1433 1448 1448 1450 1450 1449 1449 1432 1432 1450 1450 1448 1448 1432 1432 1448 1448 1434 1434 1432 1432 1451 1451 1450 1450 1449 1449 1450 1450 1453 1453 1450 1450 1455 1455 1453 1453 1449 1449 1453 1453 1452 1452 1450 1450 1720 1720 1455 1455 1453 1453 1455 1455 1454 1454 1454 1454 1455 1455 1457 1457 1457 1457 1456 1456 1461 1461 1457 1457 1458 1458 1718 1718 1461 1461 1459 1459 1457 1457 1457 1457 1459 1459 1454 1454 1453 1453 1454 1454 1459 1459 1460 1460 1453 1453 1459 1459 1459 1459 1461 1461 1462 1462 1463 1463 1459 1459 1462 1462 1456 1456 1462 1462 1461 1461 1456 1456 1463 1463 1462 1462 1464 1464 1456 1456 1465 1465 1464 1464 1463 1463 1456 1456 1449 1449 1464 1464 1465 1465 1449 1449 1452 1452 1464 1464 1460 1460 1464 1464 1452 1452 1464 1464 1460 1460 1463 1463 1460 1460 1459 1459 1463 1463 1449 1449 1465 1465 1466 1466 1465 1465 1468 1468 1466 1466 1449 1449 1466 1466 1467 1467 1468 1468 1465 1465 1456 1456 1466 1466 1468 1468 1456 1456 1470 1470 1466 1466 1456 1456 1470 1470 1456 1456 1469 1469 1471 1471 1466 1466 1470 1470 1466 1466 1471 1471 1467 1467 1473 1473 1471 1471 1472 1472 1471 1471 1470 1470 1472 1472 1471 1471 1473 1473 1474 1474 1467 1467 1471 1471 1474 1474 1475 1475 1476 1476 1474 1474 1446 1446 1477 1477 1444 1444 1444 1444 1480 1480 975 975 1444 1444 975 975 1478 1478 1444 1444 1478 1478 1442 1442 975 975 1442 1442 1478 1478 1444 1444 1479 1479 1480 1480 1479 1479 1481 1481 1480 1480 1444 1444 1477 1477 1479 1479 1476 1476 1479 1479 1477 1477 1481 1481 1482 1482 1480 1480 1482 1482 1483 1483 1480 1480 1640 1640 1482 1482 1481 1481 1484 1484 1487 1487 1485 1485 1484 1484 1488 1488 1487 1487 1489 1489 1485 1485 1487 1487 1489 1489 1487 1487 1488 1488 1488 1488 1490 1490 1489 1489 1475 1475 1474 1474 1488 1488 1490 1490 1488 1488 1474 1474 1491 1491 1492 1492 1493 1493 1469 1469 1494 1494 1493 1493 1493 1493 1492 1492 1469 1469 1494 1494 1498 1498 1495 1495 1494 1494 1495 1495 1747 1747 1494 1494 1496 1496 1498 1498 1497 1497 1502 1502 1496 1496 1500 1500 1497 1497 1496 1496 1496 1496 1502 1502 1498 1498 1499 1499 1500 1500 1496 1496 1501 1501 1498 1498 1502 1502 1503 1503 1501 1501 1502 1502 1504 1504 1505 1505 1503 1503 1506 1506 1505 1505 1486 1486 1505 1505 1507 1507 1486 1486 1505 1505 1508 1508 1507 1507 1507 1507 1508 1508 1485 1485 1486 1486 1507 1507 1485 1485 1505 1505 1509 1509 1508 1508 1509 1509 1505 1505 1504 1504 1509 1509 1504 1504 1510 1510 1511 1511 1509 1509 1510 1510 1512 1512 1740 1740 1524 1524 1513 1513 1510 1510 1512 1512 1511 1511 1513 1513 1514 1514 1511 1511 1510 1510 1513 1513 1514 1514 1513 1513 1512 1512 1516 1516 1514 1514 1515 1515 1514 1514 1512 1512 1515 1515 1635 1635 1516 1516 1517 1517 1516 1516 1515 1515 1517 1517 1517 1517 1520 1520 1518 1518 1519 1519 1517 1517 1518 1518 1521 1521 1518 1518 1520 1520 1522 1522 1525 1525 1521 1521 1523 1523 1522 1522 1521 1521 1519 1519 1521 1521 1525 1525 1521 1521 1496 1496 1523 1523 1496 1496 1521 1521 1499 1499 1521 1521 1520 1520 1524 1524 1524 1524 1499 1499 1521 1521 1519 1519 1518 1518 1521 1521 1519 1519 1527 1527 1526 1526 1527 1527 1519 1519 1525 1525 1525 1525 1528 1528 1527 1527 1528 1528 1529 1529 1531 1531 1528 1528 1530 1530 1527 1527 1528 1528 1531 1531 1530 1530 1532 1532 1534 1534 1531 1531 1529 1529 1532 1532 1531 1531 1534 1534 1533 1533 1531 1531 1612 1612 1534 1534 1532 1532 1612 1612 1532 1532 1535 1535 1535 1535 1532 1532 1536 1536 1537 1537 1538 1538 1536 1536 1538 1538 1540 1540 1536 1536 1539 1539 1535 1535 1536 1536 1539 1539 1536 1536 1540 1540 1539 1539 1541 1541 1623 1623 1539 1539 1570 1570 1541 1541 1570 1570 1539 1539 1542 1542 1539 1539 1540 1540 1542 1542 1543 1543 1542 1542 1538 1538 1538 1538 1542 1542 1540 1540 1544 1544 1543 1543 1538 1538 1553 1553 1545 1545 1544 1544 1546 1546 1551 1551 1544 1544 1547 1547 1552 1552 1544 1544 1545 1545 1543 1543 1544 1544 1550 1550 1546 1546 1544 1544 1548 1548 1547 1547 1544 1544 1552 1552 1549 1549 1544 1544 1551 1551 1548 1548 1544 1544 1549 1549 1553 1553 1544 1544 1555 1555 1552 1552 1554 1554 1555 1555 1556 1556 1566 1566 1556 1556 1555 1555 1554 1554 1556 1556 1558 1558 1566 1566 1557 1557 1558 1558 1556 1556 1456 1456 1558 1558 1557 1557 1558 1558 1457 1457 1566 1566 1558 1558 1456 1456 1457 1457 1557 1557 1496 1496 1494 1494 1456 1456 1557 1557 1494 1494 1557 1557 1556 1556 1554 1554 1557 1557 1559 1559 1496 1496 1559 1559 1523 1523 1496 1496 1548 1548 1560 1560 1523 1523 1522 1522 1523 1523 1560 1560 1525 1525 1522 1522 1560 1560 1525 1525 1560 1560 1561 1561 1562 1562 1561 1561 1560 1560 1551 1551 1562 1562 1560 1560 1562 1562 1546 1546 1528 1528 1562 1562 1528 1528 1561 1561 1551 1551 1546 1546 1562 1562 1546 1546 1563 1563 1529 1529 1546 1546 1529 1529 1528 1528 1563 1563 1564 1564 1529 1529 1546 1546 1550 1550 1563 1563 1550 1550 1564 1564 1563 1563 1564 1564 1550 1550 1537 1537 1532 1532 1529 1529 1564 1564 1564 1564 1537 1537 1536 1536 1532 1532 1564 1564 1536 1536 1528 1528 1525 1525 1561 1561 1548 1548 1551 1551 1560 1560 1565 1565 1548 1548 1523 1523 1565 1565 1523 1523 1559 1559 1547 1547 1548 1548 1565 1565 1547 1547 1565 1565 1554 1554 1554 1554 1565 1565 1557 1557 1565 1565 1559 1559 1557 1557 1566 1566 1568 1568 1567 1567 1568 1568 1566 1566 1569 1569 1569 1569 1566 1566 1457 1457 1570 1570 1568 1568 1569 1569 1568 1568 1570 1570 1545 1545 1571 1571 1570 1570 1542 1542 1571 1571 1545 1545 1570 1570 1545 1545 1571 1571 1542 1542 1553 1553 1572 1572 1545 1545 1572 1572 1567 1567 1545 1545 1572 1572 1549 1549 1566 1566 1572 1572 1566 1566 1567 1567 1553 1553 1549 1549 1572 1572 1549 1549 1555 1555 1566 1566 1552 1552 1555 1555 1549 1549 1568 1568 1545 1545 1567 1567 1570 1570 1569 1569 1573 1573 1718 1718 1569 1569 1457 1457 1718 1718 1714 1714 1569 1569 1578 1578 1573 1573 1569 1569 1574 1574 1573 1573 1578 1578 1576 1576 1575 1575 1574 1574 1578 1578 1576 1576 1574 1574 1577 1577 1576 1576 1578 1578 1579 1579 1577 1577 1578 1578 1582 1582 1579 1579 1581 1581 1579 1579 1580 1580 1581 1581 1582 1582 1581 1581 1709 1709 1584 1584 1583 1583 1582 1582 1583 1583 1584 1584 1577 1577 1584 1584 1585 1585 1577 1577 1577 1577 1585 1585 1576 1576 1585 1585 1586 1586 1587 1587 1588 1588 1586 1586 1585 1585 1584 1584 1588 1588 1585 1585 1584 1584 1590 1590 1588 1588 1588 1588 1589 1589 1586 1586 1590 1590 1589 1589 1588 1588 1590 1590 1592 1592 1589 1589 1592 1592 1590 1590 1591 1591 1595 1595 1591 1591 1593 1593 1592 1592 1591 1591 1595 1595 1595 1595 1620 1620 1592 1592 1595 1595 1593 1593 1596 1596 1619 1619 1595 1595 1596 1596 1598 1598 1596 1596 1597 1597 967 967 1597 1597 1596 1596 1598 1598 1619 1619 1596 1596 1708 1708 967 967 1596 1596 1703 1703 1597 1597 967 967 1599 1599 1601 1601 1600 1600 1600 1600 1603 1603 1599 1599 1599 1599 1602 1602 1601 1601 1617 1617 1597 1597 1599 1599 1603 1603 1617 1617 1599 1599 1600 1600 1604 1604 1603 1603 1605 1605 1603 1603 1604 1604 1603 1603 1605 1605 1617 1617 1601 1601 1606 1606 1600 1600 1604 1604 1600 1600 1606 1606 1604 1604 1606 1606 1608 1608 1607 1607 1608 1608 1606 1606 1611 1611 1608 1608 1610 1610 1608 1608 1526 1526 1610 1610 1607 1607 1609 1609 1608 1608 1608 1608 1609 1609 1526 1526 1609 1609 1519 1519 1526 1526 1609 1609 1517 1517 1519 1519 1607 1607 1517 1517 1609 1609 1604 1604 1608 1608 1611 1611 1611 1611 1610 1610 1534 1534 1604 1604 1611 1611 1613 1613 1612 1612 1613 1613 1611 1611 1534 1534 1612 1612 1611 1611 1613 1613 1612 1612 1614 1614 1615 1615 1613 1613 1614 1614 1618 1618 1616 1616 1615 1615 1616 1616 1613 1613 1615 1615 1605 1605 1613 1613 1616 1616 1605 1605 1616 1616 1617 1617 1617 1617 1616 1616 1618 1618 1617 1617 1618 1618 1598 1598 1618 1618 1619 1619 1598 1598 1595 1595 1619 1619 1620 1620 1619 1619 1618 1618 1620 1620 1620 1620 1618 1618 1615 1615 1620 1620 1615 1615 1621 1621 1626 1626 1620 1620 1621 1621 1615 1615 1614 1614 1621 1621 1621 1621 1614 1614 1622 1622 1621 1621 1622 1622 1625 1625 1625 1625 1623 1623 1541 1541 1623 1623 1625 1625 1622 1622 1623 1623 1624 1624 1535 1535 1614 1614 1624 1624 1623 1623 1622 1622 1614 1614 1623 1623 1614 1614 1612 1612 1624 1624 1624 1624 1612 1612 1535 1535 1628 1628 1625 1625 1627 1627 1627 1627 1625 1625 1541 1541 1628 1628 1621 1621 1625 1625 1626 1626 1621 1621 1628 1628 1589 1589 1628 1628 1627 1627 1589 1589 1594 1594 1628 1628 1594 1594 1626 1626 1628 1628 1634 1634 1627 1627 1629 1629 1631 1631 1629 1629 1573 1573 1629 1629 1570 1570 1573 1573 1631 1631 1630 1630 1629 1629 1630 1630 1634 1634 1629 1629 1541 1541 1629 1629 1627 1627 1629 1629 1541 1541 1570 1570 1573 1573 1632 1632 1631 1631 1633 1633 1631 1631 1632 1632 1633 1633 1630 1630 1631 1631 1585 1585 1633 1633 1632 1632 1587 1587 1633 1633 1585 1585 1587 1587 1634 1634 1633 1633 1586 1586 1634 1634 1587 1587 1586 1586 1589 1589 1634 1634 1589 1589 1627 1627 1634 1634 1575 1575 1585 1585 1632 1632 1575 1575 1632 1632 1574 1574 1576 1576 1585 1585 1575 1575 1633 1633 1634 1634 1630 1630 1573 1573 1574 1574 1632 1632 1594 1594 1592 1592 1626 1626 1592 1592 1620 1620 1626 1626 1604 1604 1613 1613 1605 1605 1534 1534 1610 1610 1533 1533 1533 1533 1610 1610 1531 1531 1610 1610 1530 1530 1531 1531 1610 1610 1526 1526 1527 1527 1610 1610 1527 1527 1530 1530 1606 1606 1635 1635 1607 1607 1607 1607 1635 1635 1517 1517 1516 1516 1635 1635 1637 1637 1635 1635 1636 1636 1637 1637 1601 1601 1637 1637 1636 1636 1511 1511 1514 1514 1637 1637 1514 1514 1516 1516 1637 1637 1511 1511 1637 1637 1638 1638 1601 1601 1638 1638 1637 1637 1601 1601 1639 1639 1638 1638 1641 1641 1484 1484 1639 1639 1484 1484 1485 1485 1639 1639 1508 1508 1639 1639 1485 1485 1508 1508 1638 1638 1639 1639 1511 1511 1638 1638 1508 1508 1509 1509 1511 1511 1508 1508 1640 1640 1484 1484 1641 1641 1641 1641 1639 1639 1601 1601 1642 1642 1641 1641 1601 1601 1642 1642 1640 1640 1641 1641 1640 1640 1642 1642 1482 1482 1642 1642 1645 1645 1482 1482 1642 1642 1643 1643 1645 1645 1642 1642 1601 1601 1643 1643 1643 1643 1644 1644 1645 1645 1644 1644 1650 1650 1645 1645 1645 1645 1680 1680 1646 1646 1645 1645 1646 1646 1647 1647 1645 1645 1648 1648 1680 1680 1645 1645 1650 1650 1648 1648 1650 1650 1649 1649 1648 1648 1650 1650 1653 1653 1649 1649 1650 1650 1651 1651 1653 1653 1653 1653 1654 1654 1652 1652 1656 1656 1652 1652 1654 1654 1656 1656 1654 1654 1658 1658 1657 1657 1658 1658 1654 1654 1657 1657 1659 1659 1658 1658 1657 1657 1690 1690 1659 1659 1690 1690 954 954 1659 1659 1659 1659 1655 1655 1658 1658 1660 1660 1655 1655 1659 1659 1661 1661 1655 1655 1660 1660 1656 1656 1655 1655 1661 1661 1661 1661 1649 1649 1656 1656 1656 1656 1649 1649 1662 1662 1656 1656 1662 1662 1652 1652 1653 1653 1652 1652 1662 1662 1649 1649 1653 1653 1662 1662 1661 1661 1663 1663 1648 1648 1661 1661 1648 1648 1649 1649 1663 1663 1661 1661 1664 1664 1661 1661 1660 1660 1664 1664 1664 1664 1660 1660 1659 1659 1664 1664 1659 1659 955 955 955 955 1677 1677 1664 1664 1669 1669 1677 1677 1665 1665 955 955 1665 1665 1677 1677 958 958 1666 1666 1665 1665 958 958 1665 1665 955 955 1665 1665 1666 1666 1667 1667 1668 1668 1665 1665 1667 1667 1669 1669 1665 1665 1668 1668 1669 1669 1668 1668 1667 1667 1670 1670 961 961 1667 1667 1669 1669 1667 1667 961 961 1670 1670 1667 1667 1666 1666 1670 1670 1666 1666 1671 1671 1671 1671 961 961 1670 1670 1666 1666 1672 1672 1671 1671 960 960 1671 1671 1672 1672 960 960 961 961 1671 1671 1672 1672 1666 1666 958 958 1669 1669 961 961 964 964 1669 1669 964 964 1673 1673 1674 1674 964 964 963 963 1675 1675 1673 1673 964 964 1675 1675 1676 1676 1677 1677 1675 1675 1677 1677 1673 1673 1673 1673 1677 1677 1678 1678 1669 1669 1673 1673 1678 1678 1669 1669 1678 1678 1677 1677 1676 1676 1679 1679 1677 1677 1664 1664 1677 1677 1679 1679 1663 1663 1664 1664 1679 1679 1663 1663 1679 1679 1680 1680 1681 1681 1646 1646 1680 1680 1681 1681 1680 1680 1679 1679 1676 1676 1682 1682 1681 1681 1681 1681 1679 1679 1676 1676 1682 1682 1676 1676 1674 1674 963 963 1682 1682 1674 1674 1684 1684 1682 1682 963 963 1683 1683 1684 1684 963 963 972 972 1683 1683 963 963 1684 1684 1683 1683 972 972 1685 1685 1684 1684 972 972 974 974 1685 1685 972 972 1685 1685 1686 1686 1483 1483 974 974 1686 1686 1685 1685 1686 1686 974 974 1480 1480 1686 1686 1480 1480 1483 1483 1685 1685 1483 1483 1687 1687 1482 1482 1687 1687 1483 1483 1482 1482 1645 1645 1687 1687 1645 1645 1647 1647 1687 1687 1684 1684 1685 1685 1687 1687 1681 1681 1687 1687 1646 1646 1682 1682 1687 1687 1681 1681 1682 1682 1684 1684 1687 1687 1687 1687 1647 1647 1646 1646 1676 1676 1688 1688 1674 1674 1676 1676 1675 1675 1688 1688 1675 1675 964 964 1688 1688 1688 1688 964 964 1674 1674 1663 1663 1680 1680 1648 1648 1656 1656 1658 1658 1655 1655 1689 1689 1690 1690 1657 1657 1691 1691 1690 1690 1689 1689 1690 1690 1691 1691 1692 1692 1690 1690 1692 1692 953 953 1690 1690 953 953 954 954 1692 1692 1691 1691 1693 1693 1691 1691 1694 1694 1693 1693 1694 1694 1691 1691 1689 1689 1705 1705 1694 1694 1689 1689 1695 1695 1694 1694 1705 1705 1695 1695 1696 1696 1698 1698 1695 1695 1697 1697 1694 1694 1698 1698 1697 1697 1695 1695 1693 1693 1698 1698 1692 1692 1697 1697 1698 1698 1693 1693 1696 1696 1699 1699 1698 1698 1699 1699 1692 1692 1698 1698 953 953 1692 1692 1699 1699 1699 1699 1700 1700 953 953 956 956 1700 1700 1699 1699 956 956 955 955 1700 1700 955 955 953 953 1700 1700 956 956 1699 1699 957 957 957 957 1699 1699 1701 1701 1701 1701 1699 1699 1696 1696 1695 1695 1702 1702 1701 1701 957 957 1701 1701 1702 1702 1696 1696 1695 1695 1701 1701 957 957 1702 1702 1703 1703 1695 1695 1703 1703 1702 1702 1703 1703 1704 1704 1597 1597 1703 1703 1695 1695 1704 1704 1597 1597 1704 1704 1705 1705 1704 1704 1695 1695 1705 1705 1705 1705 1689 1689 1651 1651 1689 1689 1706 1706 1651 1651 1705 1705 1651 1651 1602 1602 1599 1599 1705 1705 1602 1602 1644 1644 1643 1643 1602 1602 1650 1650 1602 1602 1651 1651 1650 1650 1644 1644 1602 1602 1706 1706 1707 1707 1653 1653 1651 1651 1706 1706 1653 1653 1689 1689 1707 1707 1706 1706 1657 1657 1707 1707 1689 1689 1657 1657 1654 1654 1707 1707 1653 1653 1707 1707 1654 1654 1597 1597 1705 1705 1599 1599 1694 1694 1697 1697 1693 1693 1643 1643 1601 1601 1602 1602 1635 1635 1606 1606 1636 1636 1601 1601 1636 1636 1606 1606 1617 1617 1598 1598 1597 1597 1708 1708 1596 1596 1593 1593 1593 1593 1709 1709 1708 1708 1709 1709 967 967 1708 1708 1709 1709 1710 1710 968 968 967 967 1709 1709 968 968 1710 1710 1709 1709 1581 1581 1710 1710 1581 1581 1712 1712 1712 1712 1581 1581 1580 1580 1710 1710 1712 1712 1723 1723 1716 1716 1712 1712 1580 1580 1716 1716 1715 1715 1712 1712 1715 1715 1714 1714 1713 1713 1578 1578 1715 1715 1716 1716 1715 1715 1578 1578 1714 1714 1714 1714 1578 1578 1569 1569 1579 1579 1716 1716 1580 1580 1578 1578 1716 1716 1579 1579 1713 1713 1714 1714 1718 1718 1713 1713 1717 1717 1715 1715 1719 1719 1713 1713 1458 1458 1713 1713 1718 1718 1458 1458 1455 1455 1719 1719 1458 1458 1720 1720 1719 1719 1455 1455 1719 1719 1720 1720 1721 1721 1722 1722 1721 1721 1720 1720 1450 1450 1722 1722 1720 1720 1723 1723 1722 1722 1450 1450 1722 1722 1712 1712 1721 1721 1712 1712 1722 1722 1723 1723 1724 1724 1723 1723 1451 1451 1451 1451 1723 1723 1450 1450 1724 1724 1710 1710 1723 1723 1710 1710 1724 1724 1711 1711 1725 1725 1724 1724 1451 1451 1725 1725 1711 1711 1724 1724 1725 1725 1451 1451 1431 1431 1726 1726 1725 1725 1431 1431 1451 1451 1432 1432 1431 1431 1728 1728 1725 1725 1726 1726 1727 1727 1728 1728 1726 1726 1729 1729 1728 1728 1727 1727 1728 1728 1729 1729 1732 1732 1732 1732 1729 1729 976 976 976 976 1729 1729 1731 1731 1730 1730 1731 1731 1729 1729 976 976 1731 1731 1730 1730 982 982 1730 1730 1429 1429 1730 1730 1729 1729 1429 1429 1728 1728 1732 1732 1733 1733 1734 1734 1732 1732 971 971 973 973 971 971 1732 1732 1732 1732 1735 1735 1733 1733 1734 1734 1735 1735 1732 1732 1736 1736 1735 1735 1725 1725 1736 1736 1725 1725 1728 1728 1736 1736 1728 1728 1733 1733 1736 1736 1733 1733 1735 1735 1725 1725 1737 1737 1711 1711 1725 1725 1738 1738 1737 1737 1737 1737 969 969 968 968 1738 1738 969 969 1737 1737 1737 1737 968 968 1711 1711 1735 1735 1738 1738 1725 1725 1738 1738 1735 1735 970 970 1735 1735 1734 1734 970 970 971 971 970 970 1734 1734 1732 1732 976 976 973 973 1729 1729 1727 1727 1429 1429 1727 1727 1726 1726 1429 1429 1429 1429 1726 1726 1431 1431 1712 1712 1717 1717 1721 1721 1719 1719 1721 1721 1717 1717 1713 1713 1719 1719 1717 1717 1712 1712 1715 1715 1717 1717 968 968 1710 1710 1711 1711 1592 1592 1594 1594 1589 1589 1593 1593 1739 1739 1582 1582 1709 1709 1593 1593 1582 1582 1593 1593 1591 1591 1739 1739 1590 1590 1739 1739 1591 1591 1584 1584 1582 1582 1739 1739 1590 1590 1584 1584 1739 1739 1579 1579 1583 1583 1577 1577 1583 1583 1579 1579 1582 1582 1552 1552 1547 1547 1554 1554 1550 1550 1544 1544 1537 1537 1544 1544 1538 1538 1537 1537 1543 1543 1545 1545 1542 1542 1623 1623 1535 1535 1539 1539 1524 1524 1740 1740 1499 1499 1741 1741 1524 1524 1520 1520 1515 1515 1512 1512 1524 1524 1515 1515 1524 1524 1741 1741 1517 1517 1741 1741 1520 1520 1515 1515 1741 1741 1517 1517 1740 1740 1742 1742 1743 1743 1740 1740 1743 1743 1499 1499 1499 1499 1743 1743 1742 1742 1740 1740 1744 1744 1742 1742 1742 1742 1744 1744 1500 1500 1499 1499 1742 1742 1500 1500 1740 1740 1745 1745 1744 1744 1745 1745 1500 1500 1744 1744 1740 1740 1512 1512 1745 1745 1745 1745 1497 1497 1500 1500 1745 1745 1502 1502 1497 1497 1512 1512 1503 1503 1745 1745 1503 1503 1502 1502 1745 1745 1510 1510 1503 1503 1512 1512 1510 1510 1504 1504 1503 1503 1501 1501 1506 1506 1485 1485 1501 1501 1505 1505 1506 1506 1506 1506 1486 1486 1485 1485 1746 1746 1501 1501 1485 1485 1501 1501 1746 1746 1747 1747 1501 1501 1747 1747 1498 1498 1747 1747 1495 1495 1498 1498 1746 1746 1748 1748 1747 1747 1748 1748 1749 1749 1747 1747 1748 1748 1493 1493 1749 1749 1749 1749 1494 1494 1747 1747 1749 1749 1493 1493 1494 1494 1748 1748 1491 1491 1493 1493 1748 1748 1489 1489 1490 1490 1491 1491 1748 1748 1490 1490 1748 1748 1746 1746 1489 1489 1746 1746 1485 1485 1489 1489 1501 1501 1503 1503 1505 1505 1456 1456 1494 1494 1469 1469 1492 1492 1750 1750 1469 1469 1751 1751 1750 1750 1492 1492 1491 1491 1751 1751 1492 1492 1491 1491 1473 1473 1751 1751 1491 1491 1752 1752 1473 1473 1491 1491 1490 1490 1752 1752 1752 1752 1490 1490 1474 1474 1473 1473 1752 1752 1474 1474 1751 1751 1472 1472 1469 1469 1473 1473 1472 1472 1751 1751 1751 1751 1469 1469 1750 1750 1479 1479 1475 1475 1488 1488 1481 1481 1479 1479 1488 1488 1481 1481 1488 1488 1484 1484 1640 1640 1481 1481 1484 1484 1479 1479 1476 1476 1475 1475 974 974 975 975 1480 1480 1467 1467 1476 1476 1447 1447 1467 1467 1474 1474 1476 1476 1447 1447 1476 1476 1477 1477 1472 1472 1470 1470 1469 1469 1467 1467 1447 1447 1449 1449 1453 1453 1460 1460 1452 1452 1455 1455 1458 1458 1457 1457 1448 1448 1449 1449 1447 1447 1446 1446 1438 1438 1447 1447 1446 1446 1444 1444 1443 1443 1446 1446 1445 1445 1438 1438 978 978 979 979 1441 1441 992 992 1441 1441 988 988 979 979 988 988 1441 1441 1418 1418 1439 1439 992 992 1439 1439 1418 1418 1421 1421 1423 1423 1439 1439 1421 1421 1423 1423 1437 1437 1439 1439 1430 1430 1435 1435 1428 1428 1435 1435 1424 1424 1428 1428 982 982 1429 1429 984 984 1426 1426 1425 1425 1414 1414 1414 1414 1425 1425 1413 1413 1416 1416 1420 1420 1419 1419 1420 1420 1416 1416 1413 1413 1419 1419 994 994 1415 1415 993 993 994 994 1419 1419 1412 1412 1415 1415 994 994 1412 1412 994 994 995 995 996 996 1412 1412 995 995 984 984 983 983 1006 1006 998 998 1001 1001 1003 1003 980 980 978 978 976 976 977 977 1442 1442 975 975 962 962 960 960 965 965 965 965 966 966 969 969 966 966 956 956 1703 1703 956 956 957 957 1703 1703</p></triangles><triangles count="5501" material="Material_011-material"><input offset="0" semantic="VERTEX" source="#thigh_003-mesh-slim-pos-vertices"/><input offset="1" semantic="NORMAL" source="#thigh_003-mesh-slim-nrm"/><p>1780 1780 1917 1917 1753 1753 1753 1753 1754 1754 1780 1780 1757 1757 1782 1782 1755 1755 1757 1757 1781 1781 1782 1782 1781 1781 1756 1756 1782 1782 1755 1755 1758 1758 1754 1754 1785 1785 1758 1758 1761 1761 1761 1761 1783 1783 1785 1785 1783 1783 2246 2246 1784 1784 2246 2246 1760 1760 1784 1784 1783 1783 1784 1784 1785 1785 1785 1785 1759 1759 2083 2083 1763 1763 1762 1762 1764 1764 1762 1762 1908 1908 1765 1765 1768 1768 1766 1766 1764 1764 1767 1767 1769 1769 1766 1766 1769 1769 1787 1787 1788 1788 1769 1769 1786 1786 1787 1787 1772 1772 1770 1770 1788 1788 1773 1773 1772 1772 1791 1791 1776 1776 1773 1773 1774 1774 1774 1774 1793 1793 1804 1804 1774 1774 1792 1792 1793 1793 1778 1778 1775 1775 2307 2307 2323 2323 1779 1779 1778 1778 1777 1777 2323 2323 1778 1778 2307 2307 1827 1827 1777 1777 1777 1777 1778 1778 2307 2307 1778 1778 1776 1776 1775 1775 1804 1804 1776 1776 1774 1774 1804 1804 1775 1775 1776 1776 1791 1791 2304 2304 1774 1774 1791 1791 1774 1774 1773 1773 1772 1772 1790 1790 1791 1791 1772 1772 1789 1789 1790 1790 1772 1772 2191 2191 1789 1789 1788 1788 1771 1771 1772 1772 1771 1771 2292 2292 1772 1772 2292 2292 2191 2191 1772 1772 1788 1788 1770 1770 1769 1769 1768 1768 1767 1767 1766 1766 1764 1764 1765 1765 1768 1768 1765 1765 1764 1764 1762 1762 1763 1763 1764 1764 2083 2083 2083 2083 1759 1759 1763 1763 1758 1758 1808 1808 1761 1761 1785 1785 2083 2083 1758 1758 1755 1755 1808 1808 1758 1758 1755 1755 1754 1754 1757 1757 1754 1754 1753 1753 1757 1757 1798 1798 1798 1798 1798 1798 1798 1798 1798 1798 1798 1798 1798 1798 1798 1798 1798 1798 1798 1798 1798 1798 1798 1798 1797 1797 1798 1798 1797 1797 1796 1796 1797 1797 1796 1796 1796 1796 1795 1795 1796 1796 1795 1795 1794 1794 1795 1795 1795 1795 1795 1795 1796 1796 1797 1797 1797 1797 1796 1796 1798 1798 1798 1798 1797 1797 1798 1798 1798 1798 1798 1798 1798 1798 1798 1798 1798 1798 1798 1798 1798 1798 1798 1798 1798 1798 1798 1798 1798 1798 2355 2355 1911 1911 2340 2340 2355 2355 1822 1822 1911 1911 2242 2242 2243 2243 2244 2244 1902 1902 1906 1906 1905 1905 1823 1823 2346 2346 1822 1822 2345 2345 1823 1823 1822 1822 2345 2345 1904 1904 1823 1823 1905 1905 2345 2345 1902 1902 1898 1898 1902 1902 2345 2345 2343 2343 2345 2345 2344 2344 1819 1819 1892 1892 2358 2358 1833 1833 1820 1820 1800 1800 2353 2353 1912 1912 1891 1891 1893 1893 1891 1891 1912 1912 2965 2965 2810 2810 2964 2964 2964 2964 2963 2963 2965 2965 2963 2963 2962 2962 2965 2965 2962 2962 2521 2521 2965 2965 2958 2958 2957 2957 2962 2962 2521 2521 2962 2962 2957 2957 2961 2961 2962 2962 2963 2963 2958 2958 2962 2962 2961 2961 2963 2963 2964 2964 2810 2810 2961 2961 2963 2963 2810 2810 2960 2960 2958 2958 2961 2961 2960 2960 2956 2956 2959 2959 2955 2955 2956 2956 2954 2954 1897 1897 1932 1932 1896 1896 1897 1897 1930 1930 1932 1932 1886 1886 1932 1932 1930 1930 1886 1886 1885 1885 1932 1932 1985 1985 2172 2172 1934 1934 2542 2542 2579 2579 2801 2801 2815 2815 2544 2544 2475 2475 2542 2542 2544 2544 2815 2815 2542 2542 2543 2543 2544 2544 2545 2545 2544 2544 2543 2543 2545 2545 2543 2543 1935 1935 1886 1886 1935 1935 1885 1885 1934 1934 1885 1885 1935 1935 1934 1934 2133 2133 1985 1985 2133 2133 1986 1986 1985 1985 2172 2172 1885 1885 1934 1934 1930 1930 1931 1931 1886 1886 1935 1935 1886 1886 2362 2362 2362 2362 1886 1886 1931 1931 2546 2546 2362 2362 1931 1931 1935 1935 2476 2476 2545 2545 2476 2476 2544 2544 2545 2545 1935 1935 2362 2362 2476 2476 2546 2546 2476 2476 2362 2362 2547 2547 2476 2476 2546 2546 2544 2544 2476 2476 2547 2547 2475 2475 2544 2544 2547 2547 2815 2815 2475 2475 2477 2477 2547 2547 2477 2477 2475 2475 2477 2477 2850 2850 2815 2815 2954 2954 2815 2815 2850 2850 2954 2954 2477 2477 2953 2953 2954 2954 2850 2850 2477 2477 2954 2954 2956 2956 2815 2815 2960 2960 2959 2959 2958 2958 2958 2958 2959 2959 2956 2956 2956 2956 2957 2957 2958 2958 2955 2955 2957 2957 2956 2956 2955 2955 2954 2954 2953 2953 2522 2522 2957 2957 2955 2955 2522 2522 2521 2521 2957 2957 2522 2522 2955 2955 2523 2523 2523 2523 2955 2955 2953 2953 2951 2951 2522 2522 2523 2523 2950 2950 2952 2952 2951 2951 2950 2950 2951 2951 2523 2523 2950 2950 2523 2523 2953 2953 2950 2950 2953 2953 2477 2477 1931 1931 2547 2547 2546 2546 2547 2547 2376 2376 2477 2477 1933 1933 2547 2547 1931 1931 1933 1933 1931 1931 1930 1930 1897 1897 1933 1933 1930 1930 1894 1894 2547 2547 1933 1933 1894 1894 2376 2376 2547 2547 2353 2353 2354 2354 2352 2352 1890 1890 2354 2354 2353 2353 1893 1893 1890 1890 2353 2353 1893 1893 1912 1912 1899 1899 2353 2353 1891 1891 1893 1893 1912 1912 2353 2353 2352 2352 2352 2352 1820 1820 1912 1912 2352 2352 1819 1819 1820 1820 1831 1831 1912 1912 1820 1820 1910 1910 1914 1914 1915 1915 1915 1915 2340 2340 1916 1916 1914 1914 2341 2341 1915 1915 1910 1910 1913 1913 1914 1914 1833 1833 1831 1831 1820 1820 1833 1833 1800 1800 1910 1910 1800 1800 1820 1820 1821 1821 1821 1821 1820 1820 1819 1819 1890 1890 1801 1801 2354 2354 2352 2352 1801 1801 1819 1819 2352 2352 2354 2354 1801 1801 1801 1801 1892 1892 1819 1819 1801 1801 1890 1890 1892 1892 2358 2358 1894 1894 1933 1933 1890 1890 1894 1894 2358 2358 1892 1892 1890 1890 2358 2358 1933 1933 2357 2357 2358 2358 2342 2342 2358 2358 2357 2357 2344 2344 2357 2357 1896 1896 1896 1896 2357 2357 1897 1897 2357 2357 1933 1933 1897 1897 2357 2357 2344 2344 2342 2342 1896 1896 1932 1932 2344 2344 1895 1895 2343 2343 2344 2344 2344 2344 1932 1932 1895 1895 2172 2172 2343 2343 1895 1895 2172 2172 1932 1932 1885 1885 1895 1895 1932 1932 2172 2172 2356 2356 2343 2343 2172 2172 2356 2356 1898 1898 2345 2345 2345 2345 2343 2343 2356 2356 2172 2172 1898 1898 2356 2356 1901 1901 1902 1902 1898 1898 1898 1898 1903 1903 1901 1901 1898 1898 2172 2172 1903 1903 1901 1901 1904 1904 1900 1900 1902 1902 1901 1901 1900 1900 1900 1900 1905 1905 1906 1906 1900 1900 2345 2345 1905 1905 1900 1900 1904 1904 2345 2345 1906 1906 1902 1902 1900 1900 1823 1823 1904 1904 2347 2347 1823 1823 2347 2347 2346 2346 2346 2346 2347 2347 2349 2349 1904 1904 2245 2245 2347 2347 2245 2245 2349 2349 2347 2347 2245 2245 1904 1904 1901 1901 2243 2243 2350 2350 2244 2244 1901 1901 2218 2218 2242 2242 1901 1901 2242 2242 2245 2245 2242 2242 2349 2349 2245 2245 2242 2242 2244 2244 2349 2349 2217 2217 2351 2351 2242 2242 2242 2242 2351 2351 2243 2243 2350 2350 2243 2243 2351 2351 2348 2348 2350 2350 2351 2351 2350 2350 2348 2348 2244 2244 2349 2349 2244 2244 2348 2348 2346 2346 2349 2349 2348 2348 1917 1917 2346 2346 2348 2348 2348 2348 2351 2351 1917 1917 2351 2351 2217 2217 1917 1917 1917 1917 1833 1833 1822 1822 1822 1822 2346 2346 1917 1917 2345 2345 2355 2355 2344 2344 2345 2345 1822 1822 2355 2355 1833 1833 1911 1911 1822 1822 1833 1833 1910 1910 1911 1911 1910 1910 1915 1915 1911 1911 1915 1915 1916 1916 1911 1911 2340 2340 2341 2341 2355 2355 1800 1800 2355 2355 2341 2341 2355 2355 2342 2342 2344 2344 2355 2355 1800 1800 2342 2342 1799 1799 1819 1819 2358 2358 2358 2358 2342 2342 1799 1799 1799 1799 2342 2342 1800 1800 1821 1821 1819 1819 1799 1799 1821 1821 1799 1799 1800 1800 1947 1947 1975 1975 2125 2125 1948 1948 1947 1947 2125 2125 1947 1947 1946 1946 2189 2189 2303 2303 2304 2304 1791 1791 2297 2297 1790 1790 2296 2296 1790 1790 2293 2293 2294 2294 1789 1789 2190 2190 2293 2293 1790 1790 1789 1789 2293 2293 2293 2293 2295 2295 2294 2294 2190 2190 2295 2295 2293 2293 2295 2295 1790 1790 2294 2294 2296 2296 1790 1790 2295 2295 2295 2295 2190 2190 2296 2296 2296 2296 2189 2189 2298 2298 1878 1878 1876 1876 1877 1877 2209 2209 2302 2302 1876 1876 2302 2302 1877 1877 1876 1876 2189 2189 2302 2302 2298 2298 2298 2298 2302 2302 2299 2299 2298 2298 2297 2297 2296 2296 2298 2298 2299 2299 2300 2300 2297 2297 2298 2298 2300 2300 2300 2300 1790 1790 2297 2297 2300 2300 1791 1791 1790 1790 1791 1791 2300 2300 2303 2303 2302 2302 2303 2303 2299 2299 2303 2303 2300 2300 2299 2299 2305 2305 1792 1792 1774 1774 2305 2305 1774 1774 2304 2304 2303 2303 2302 2302 2301 2301 2304 2304 2303 2303 2301 2301 2301 2301 2302 2302 2209 2209 1876 1876 2301 2301 2209 2209 1792 1792 2301 2301 2188 2188 1792 1792 2305 2305 2301 2301 2304 2304 2301 2301 2305 2305 2311 2311 2310 2310 1775 1775 2311 2311 2309 2309 2310 2310 1827 1827 2307 2307 2306 2306 2306 2306 2185 2185 1827 1827 2309 2309 2185 2185 2306 2306 2312 2312 2186 2186 2309 2309 1798 1798 1798 1798 2313 2313 1798 1798 1798 1798 2313 2313 1798 1798 1798 1798 2313 2313 1798 1798 1797 1797 2313 2313 2315 2315 2314 2314 2313 2313 1941 1941 2056 2056 1973 1973 2056 2056 1974 1974 1973 1973 1973 1973 1880 1880 1941 1941 1880 1880 1973 1973 2182 2182 1880 1880 2182 2182 2316 2316 2316 2316 2182 2182 1973 1973 1973 1973 2315 2315 2316 2316 2312 2312 2314 2314 2315 2315 2315 2315 2186 2186 2312 2312 2306 2306 2308 2308 2309 2309 2309 2309 2311 2311 2312 2312 2311 2311 2314 2314 2312 2312 2309 2309 2308 2308 2310 2310 2310 2310 2308 2308 2306 2306 2307 2307 2310 2310 2306 2306 2310 2310 2307 2307 1775 1775 2314 2314 1794 1794 2313 2313 1794 1794 1798 1798 2313 2313 1797 1797 1794 1794 2313 2313 1794 1794 1798 1798 1798 1798 1794 1794 1798 1798 1798 1798 1794 1794 1798 1798 1798 1798 1794 1794 1797 1797 1798 1798 1794 1794 1796 1796 1797 1797 1797 1797 1796 1796 1794 1794 1794 1794 1795 1795 1796 1796 1796 1796 1795 1795 1794 1794 1794 1794 2315 2315 2313 2313 2311 2311 1794 1794 2314 2314 1794 1794 2311 2311 1775 1775 1775 1775 2315 2315 1794 1794 1775 1775 2316 2316 2315 2315 1804 1804 1803 1803 1775 1775 1803 1803 2316 2316 1775 1775 1805 1805 1804 1804 1793 1793 1793 1793 1826 1826 1825 1825 1825 1825 1805 1805 1793 1793 1825 1825 1944 1944 1805 1805 1825 1825 1826 1826 1944 1944 2301 2301 1876 1876 1944 1944 1944 1944 1876 1876 1942 1942 1876 1876 1878 1878 1942 1942 1943 1943 1878 1878 1945 1945 1877 1877 1945 1945 1878 1878 1877 1877 2302 2302 1946 1946 2302 2302 2189 2189 1946 1946 1946 1946 1947 1947 1948 1948 1945 1945 1946 1946 1948 1948 1946 1946 1945 1945 1877 1877 1880 1880 1879 1879 1941 1941 1945 1945 1879 1879 1943 1943 1945 1945 1948 1948 1879 1879 1948 1948 1963 1963 1879 1879 1879 1879 1963 1963 1941 1941 1879 1879 1882 1882 1943 1943 1943 1943 1942 1942 1878 1878 1882 1882 1942 1942 1943 1943 1882 1882 1881 1881 1942 1942 1881 1881 1882 1882 1879 1879 1880 1880 1881 1881 1879 1879 1880 1880 2316 2316 1881 1881 1802 1802 1944 1944 1942 1942 1942 1942 1881 1881 1802 1802 1802 1802 1803 1803 1804 1804 1804 1804 1805 1805 1802 1802 1803 1803 1802 1802 2316 2316 1802 1802 1805 1805 1944 1944 2316 2316 1802 1802 1881 1881 1759 1759 1785 1785 2265 2265 2265 2265 1785 1785 1784 1784 2265 2265 1763 1763 1759 1759 1762 1762 1763 1763 2260 2260 1992 1992 2200 2200 1922 1922 1923 1923 1922 1922 1921 1921 1922 1922 2143 2143 1992 1992 1922 1922 2200 2200 1921 1921 1921 1921 2200 2200 2197 2197 2264 2264 2211 2211 2263 2263 2197 2197 2263 2263 2211 2211 2263 2263 2197 2197 2200 2200 2258 2258 2200 2200 2199 2199 2199 2199 2198 2198 2255 2255 1908 1908 1762 1762 2256 2256 2198 2198 1908 1908 2256 2256 2255 2255 2198 2198 2256 2256 2256 2256 1762 1762 1907 1907 1762 1762 2257 2257 1907 1907 2257 2257 2202 2202 2258 2258 2257 2257 2256 2256 1907 1907 2257 2257 2255 2255 2256 2256 2257 2257 2259 2259 2255 2255 2257 2257 2258 2258 2259 2259 2259 2259 2199 2199 2255 2255 2199 2199 2259 2259 2258 2258 2200 2200 2258 2258 2261 2261 2261 2261 2263 2263 2200 2200 2264 2264 2263 2263 2261 2261 2261 2261 2262 2262 2264 2264 2258 2258 2260 2260 2261 2261 2260 2260 2262 2262 2261 2261 2258 2258 2202 2202 2260 2260 2260 2260 2202 2202 1762 1762 2202 2202 2257 2257 1762 1762 2264 2264 2260 2260 1763 1763 2264 2264 2262 2262 2260 2260 2264 2264 1763 1763 2265 2265 2264 2264 2265 2265 2201 2201 2211 2211 2264 2264 2201 2201 2211 2211 2201 2201 1924 1924 2211 2211 1924 1924 2197 2197 2197 2197 1924 1924 1920 1920 1921 1921 2197 2197 1920 1920 1925 1925 1921 1921 1920 1920 1923 1923 1921 1921 1925 1925 1925 1925 1929 1929 1923 1923 1924 1924 1925 1925 1920 1920 1925 1925 1887 1887 1929 1929 1927 1927 1887 1887 1889 1889 1887 1887 1927 1927 1929 1929 1929 1929 1927 1927 1928 1928 1928 1928 1853 1853 2180 2180 1853 1853 1979 1979 2180 2180 1928 1928 1889 1889 1853 1853 1927 1927 1889 1889 1928 1928 1889 1889 1807 1807 1853 1853 1854 1854 1889 1889 1887 1887 1889 1889 1856 1856 1807 1807 1889 1889 1854 1854 1856 1856 1887 1887 1856 1856 1854 1854 1888 1888 1856 1856 1887 1887 1888 1888 1855 1855 1856 1856 2248 2248 1855 1855 1888 1888 2248 2248 1888 1888 1926 1926 2201 2201 2265 2265 1926 1926 1926 1926 1888 1888 1887 1887 1925 1925 1926 1926 1887 1887 1924 1924 1926 1926 1925 1925 1924 1924 2201 2201 1926 1926 1926 1926 2265 2265 2248 2248 2248 2248 1856 1856 1855 1855 2246 2246 1761 1761 2247 2247 2246 2246 1783 1783 1761 1761 2246 2246 2247 2247 2248 2248 2247 2247 1806 1806 2248 2248 2247 2247 1761 1761 1806 1806 1806 1806 1856 1856 2248 2248 1806 1806 1761 1761 1808 1808 1756 1756 2207 2207 1828 1828 1756 1756 1828 1828 1782 1782 1828 1828 2253 2253 1782 1782 2253 2253 1755 1755 1782 1782 2254 2254 2253 2253 1828 1828 2252 2252 2253 2253 2254 2254 1828 1828 2207 2207 2254 2254 2206 2206 2254 2254 2207 2207 2252 2252 2254 2254 2206 2206 2206 2206 2203 2203 2251 2251 2251 2251 2252 2252 2206 2206 2251 2251 2253 2253 2252 2252 1808 1808 2253 2253 2251 2251 1755 1755 2253 2253 1808 1808 2249 2249 1808 1808 2251 2251 1806 1806 1808 1808 2250 2250 2249 2249 2250 2250 1808 1808 2251 2251 2203 2203 2249 2249 2205 2205 2249 2249 2203 2203 2205 2205 2204 2204 2249 2249 2204 2204 1853 1853 1807 1807 2204 2204 2250 2250 2249 2249 2250 2250 2204 2204 1806 1806 1807 1807 1856 1856 1806 1806 1806 1806 2204 2204 1807 1807 1864 1864 2372 2372 1936 1936 2154 2154 1864 1864 2170 2170 2369 2369 2153 2153 2163 2163 1866 1866 1864 1864 1865 1865 1865 1865 2097 2097 1866 1866 2097 2097 1863 1863 1866 1866 2097 2097 1809 1809 1863 1863 2382 2382 1809 1809 2112 2112 2766 2766 2998 2998 2424 2424 2573 2573 2424 2424 2425 2425 2704 2704 3004 3004 3005 3005 2757 2757 2629 2629 3005 3005 2662 2662 2757 2757 3006 3006 2664 2664 2662 2662 3006 3006 2664 2664 3006 3006 3007 3007 3002 3002 2664 2664 3007 3007 2718 2718 2542 2542 2801 2801 2371 2371 1935 1935 2543 2543 1935 1935 2371 2371 1934 1934 2367 2367 1830 1830 1832 1832 1754 1754 2082 2082 1964 1964 1843 1843 1842 1842 1845 1845 1842 1842 1846 1846 1816 1816 1862 1862 1861 1861 1929 1929 1967 1967 2174 2174 2179 2179 2177 2177 2179 2179 2178 2178 2179 2179 2174 2174 2173 2173 2173 2173 2178 2178 2179 2179 2175 2175 2173 2173 2174 2174 2178 2178 2173 2173 2175 2175 2180 2180 2175 2175 2071 2071 2076 2076 2072 2072 2077 2077 2072 2072 2071 2071 2176 2176 2180 2180 2178 2178 2175 2175 2176 2176 2071 2071 2175 2175 2176 2176 2074 2074 2072 2072 2176 2176 2078 2078 2074 2074 2077 2077 2072 2072 2073 2073 2073 2073 2072 2072 2074 2074 2073 2073 2075 2075 2077 2077 1813 1813 1862 1862 2077 2077 1862 1862 2070 2070 2077 2077 2070 2070 2076 2076 2077 2077 2076 2076 2070 2070 2072 2072 2072 2072 2070 2070 2071 2071 2071 2071 2070 2070 2180 2180 1862 1862 2180 2180 2070 2070 2180 2180 1862 1862 1928 1928 1862 1862 1929 1929 1928 1928 1861 1861 1923 1923 1929 1929 2120 2120 2021 2021 2016 2016 2083 2083 1764 1764 2084 2084 1764 1764 2141 2141 2084 2084 2141 2141 2140 2140 2084 2084 2088 2088 2086 2086 2089 2089 2087 2087 2089 2089 2085 2085 2089 2089 2086 2086 2085 2085 2084 2084 2087 2087 2085 2085 2140 2140 2135 2135 2084 2084 2135 2135 2087 2087 2084 2084 2091 2091 2087 2087 2135 2135 2091 2091 2089 2089 2087 2087 2091 2091 2143 2143 2089 2089 2143 2143 2088 2088 2089 2089 2135 2135 2136 2136 2091 2091 2140 2140 2134 2134 2135 2135 2140 2140 2137 2137 2134 2134 2140 2140 2141 2141 2137 2137 2141 2141 2145 2145 2137 2137 2141 2141 2147 2147 2145 2145 1764 1764 2147 2147 2141 2141 1764 1764 1766 1766 2147 2147 2142 2142 2148 2148 2147 2147 2026 2026 2103 2103 2226 2226 2015 2015 1838 1838 1841 1841 2015 2015 1860 1860 1838 1838 1838 1838 1860 1860 2011 2011 1839 1839 1841 1841 1838 1838 1838 1838 1836 1836 1839 1839 1836 1836 1838 1838 1840 1840 2226 2226 1840 1840 1838 1838 2027 2027 2226 2226 1838 1838 2026 2026 2226 2226 2027 2027 2226 2226 1836 1836 1840 1840 2228 2228 1839 1839 1836 1836 2228 2228 2227 2227 1839 1839 2228 2228 2230 2230 2115 2115 2100 2100 2226 2226 2105 2105 2100 2100 1836 1836 2226 2226 2100 2100 2228 2228 1836 1836 2230 2230 2100 2100 2102 2102 2228 2228 2100 2100 2230 2230 2009 2009 2002 2002 2001 2001 2102 2102 2115 2115 2230 2230 2009 2009 2003 2003 2102 2102 2102 2102 2003 2003 2115 2115 2228 2228 2115 2115 2003 2003 2007 2007 2009 2009 2001 2001 2001 2001 2167 2167 2005 2005 2006 2006 2005 2005 2004 2004 2001 2001 2005 2005 2006 2006 2001 2001 2006 2006 2007 2007 2008 2008 2004 2004 2139 2139 2006 2006 2004 2004 2008 2008 2008 2008 2007 2007 2006 2006 1766 1766 2008 2008 2147 2147 2008 2008 2142 2142 2147 2147 2008 2008 2148 2148 2142 2142 2008 2008 2139 2139 2148 2148 1766 1766 2013 2013 2008 2008 1766 1766 1769 1769 2013 2013 2009 2009 2007 2007 2010 2010 2007 2007 2008 2008 2010 2010 2008 2008 2013 2013 2010 2010 2003 2003 2009 2009 2010 2010 2010 2010 2229 2229 2003 2003 2229 2229 2228 2228 2003 2003 2228 2228 2229 2229 2227 2227 2227 2227 2229 2229 1837 1837 1839 1839 1837 1837 1841 1841 1837 1837 1839 1839 2227 2227 2010 2010 1841 1841 2229 2229 1837 1837 2229 2229 1841 1841 1841 1841 2010 2010 2014 2014 2010 2010 2013 2013 2014 2014 1769 1769 2014 2014 2013 2013 1860 1860 2015 2015 2014 2014 2014 2014 2015 2015 1841 1841 1860 1860 2014 2014 2011 2011 1838 1838 2011 2011 2017 2017 2023 2023 2027 2027 1838 1838 2119 2119 2024 2024 2021 2021 2024 2024 2018 2018 2021 2021 2022 2022 2019 2019 2024 2024 2022 2022 2104 2104 2026 2026 2026 2026 2023 2023 2022 2022 2026 2026 2027 2027 2023 2023 2023 2023 1838 1838 2017 2017 2022 2022 2023 2023 2020 2020 2019 2019 2020 2020 2024 2024 2024 2024 2020 2020 2018 2018 2020 2020 2019 2019 2022 2022 2020 2020 2023 2023 2018 2018 2018 2018 2023 2023 2017 2017 2018 2018 2017 2017 2012 2012 2017 2017 2011 2011 2012 2012 2014 2014 2012 2012 2011 2011 1769 1769 2016 2016 2014 2014 2016 2016 2012 2012 2014 2014 1769 1769 1770 1770 2016 2016 2018 2018 2012 2012 2021 2021 2016 2016 2021 2021 2012 2012 1770 1770 2128 2128 2016 2016 1770 1770 1772 1772 2128 2128 2124 2124 2122 2122 2121 2121 1773 1773 2045 2045 2122 2122 2237 2237 2238 2238 2114 2114 2232 2232 2233 2233 2057 2057 1834 1834 2057 2057 2233 2233 2235 2235 1834 1834 2233 2233 2235 2235 2233 2233 2113 2113 2109 2109 2235 2235 2113 2113 2109 2109 1812 1812 2235 2235 2234 2234 1812 1812 1810 1810 1812 1812 2234 2234 2235 2235 1812 1812 1811 1811 1810 1810 2236 2236 2234 2234 1810 1810 2046 2046 2114 2114 2236 2236 2114 2114 2046 2046 2237 2237 2237 2237 2046 2046 2047 2047 2238 2238 2236 2236 2114 2114 2238 2238 2235 2235 2234 2234 2236 2236 2238 2238 2234 2234 2237 2237 2047 2047 2042 2042 2040 2040 2042 2042 2039 2039 2039 2039 2042 2042 2047 2047 2042 2042 2040 2040 2237 2237 2238 2238 2237 2237 2235 2235 2040 2040 1835 1835 2237 2237 2235 2235 2237 2237 1835 1835 1834 1834 2235 2235 1835 1835 2043 2043 1834 1834 1835 1835 2040 2040 2043 2043 1835 1835 2043 2043 2048 2048 1834 1834 2048 2048 2057 2057 1834 1834 2044 2044 2048 2048 2039 2039 2048 2048 2043 2043 2039 2039 2043 2043 2040 2040 2039 2039 1776 1776 2044 2044 2039 2039 1773 1773 1776 1776 2039 2039 2155 2155 2053 2053 2044 2044 1776 1776 2155 2155 2044 2044 2053 2053 2155 2155 2152 2152 1776 1776 2161 2161 2155 2155 1776 1776 1778 1778 2161 2161 2155 2155 2161 2161 2152 2152 1778 1778 2156 2156 2161 2161 1778 1778 2157 2157 2156 2156 2156 2156 2157 2157 2162 2162 2158 2158 2162 2162 2171 2171 2156 2156 2162 2162 2158 2158 2161 2161 2156 2156 2158 2158 2052 2052 2165 2165 2171 2171 2171 2171 2165 2165 2158 2158 2161 2161 2158 2158 2165 2165 2052 2052 2171 2171 2056 2056 1963 1963 2111 2111 2056 2056 2031 2031 1963 1963 1948 1948 2029 2029 2031 2031 2030 2030 2030 2030 2036 2036 2035 2035 2030 2030 2032 2032 2036 2036 2031 2031 2111 2111 1963 1963 1941 1941 1963 1963 2056 2056 2161 2161 2165 2165 2052 2052 2152 2152 2161 2161 2052 2052 2055 2055 2052 2052 2056 2056 2055 2055 2056 2056 2054 2054 2053 2053 2152 2152 2052 2052 2055 2055 2054 2054 2052 2052 2052 2052 2054 2054 2049 2049 2049 2049 2053 2053 2052 2052 2049 2049 2050 2050 2044 2044 2053 2053 2049 2049 2044 2044 2054 2054 2050 2050 2049 2049 2050 2050 2048 2048 2044 2044 2051 2051 2048 2048 2050 2050 2232 2232 2057 2057 2048 2048 2232 2232 2048 2048 2051 2051 2050 2050 2054 2054 2051 2051 2051 2051 2054 2054 2232 2232 2054 2054 2056 2056 2232 2232 2232 2232 2231 2231 2233 2233 2231 2231 2232 2232 2110 2110 2231 2231 2113 2113 2233 2233 2108 2108 2109 2109 2113 2113 1811 1811 1812 1812 2109 2109 2109 2109 2029 2029 1811 1811 2028 2028 1811 1811 2029 2029 1811 1811 2028 2028 1810 1810 2030 2030 2028 2028 2029 2029 2236 2236 1810 1810 2028 2028 2236 2236 2030 2030 2035 2035 2030 2030 2236 2236 2028 2028 2236 2236 2037 2037 2046 2046 2037 2037 2236 2236 2035 2035 2034 2034 2035 2035 2036 2036 2034 2034 2037 2037 2035 2035 2045 2045 2037 2037 2034 2034 2037 2037 2045 2045 2046 2046 2047 2047 2041 2041 2039 2039 2046 2046 2041 2041 2047 2047 1773 1773 2039 2039 2041 2041 1773 1773 2041 2041 2046 2046 2045 2045 1773 1773 2046 2046 2045 2045 2038 2038 2122 2122 2038 2038 2045 2045 2034 2034 2033 2033 2038 2038 2034 2034 2129 2129 2038 2038 2033 2033 2034 2034 2036 2036 2033 2033 2033 2033 2036 2036 2032 2032 2129 2129 2030 2030 2031 2031 2129 2129 2032 2032 2030 2030 1948 1948 2129 2129 2031 2031 1948 1948 2125 2125 2129 2129 2033 2033 2032 2032 2129 2129 2129 2129 2123 2123 2038 2038 2123 2123 2129 2129 2125 2125 2123 2123 2122 2122 2038 2038 1772 1772 1773 1773 2124 2124 1773 1773 2122 2122 2124 2124 2122 2122 2125 2125 2121 2121 2123 2123 2125 2125 2122 2122 2125 2125 2127 2127 2121 2121 1772 1772 2124 2124 2126 2126 2126 2126 2124 2124 2121 2121 1772 1772 2126 2126 2128 2128 2128 2128 2120 2120 2016 2016 2127 2127 2126 2126 2121 2121 2127 2127 2128 2128 2126 2126 2125 2125 3047 3047 2127 2127 3047 3047 2128 2128 2127 2127 3047 3047 2120 2120 2128 2128 2120 2120 2119 2119 2118 2118 2119 2119 2021 2021 2118 2118 2021 2021 2120 2120 2118 2118 2025 2025 2120 2120 3047 3047 2120 2120 2025 2025 2119 2119 2104 2104 2022 2022 2025 2025 2119 2119 2025 2025 2024 2024 2024 2024 2025 2025 2022 2022 2025 2025 2101 2101 2104 2104 2025 2025 1951 1951 2101 2101 1962 1962 2105 2105 2101 2101 2001 2001 2002 2002 1962 1962 2002 2002 2100 2100 1962 1962 2001 2001 1962 1962 2167 2167 2139 2139 2005 2005 2167 2167 2005 2005 2139 2139 2004 2004 2167 2167 2150 2150 2139 2139 2167 2167 2169 2169 2150 2150 2148 2148 2139 2139 2150 2150 2147 2147 2148 2148 2150 2150 2150 2150 2169 2169 2144 2144 2147 2147 2150 2150 2144 2144 2147 2147 2144 2144 2149 2149 2147 2147 2149 2149 2145 2145 2137 2137 2145 2145 2138 2138 2168 2168 2137 2137 2138 2138 1995 1995 2138 2138 2145 2145 1995 1995 2168 2168 2138 2138 2144 2144 2169 2169 1995 1995 1995 1995 2149 2149 2144 2144 1995 1995 2145 2145 2149 2149 2168 2168 2134 2134 2137 2137 2146 2146 2134 2134 2168 2168 2146 2146 2135 2135 2134 2134 2146 2146 2136 2136 2135 2135 2168 2168 2136 2136 2146 2146 2168 2168 2143 2143 2136 2136 2143 2143 2091 2091 2136 2136 2088 2088 2143 2143 2181 2181 1922 1922 2092 2092 2143 2143 2092 2092 2181 2181 2143 2143 1922 1922 1923 1923 2092 2092 2092 2092 1923 1923 2093 2093 2088 2088 2181 2181 2092 2092 2088 2088 2092 2092 2093 2093 2086 2086 2088 2088 2090 2090 2090 2090 2088 2088 2223 2223 2088 2088 2093 2093 2223 2223 2116 2116 2223 2223 2107 2107 2116 2116 2107 2107 2106 2106 1849 1849 1816 1816 1846 1846 1849 1849 1846 1846 1842 1842 1844 1844 1849 1849 1842 1842 2224 2224 1845 1845 1842 1842 2224 2224 1842 1842 1815 1815 1842 1842 1816 1816 1815 1815 1816 1816 2116 2116 1815 1815 2116 2116 2106 2106 1815 1815 1814 1814 2224 2224 1815 1815 2077 2077 2075 2075 1813 1813 2079 2079 2075 2075 2074 2074 2074 2074 2075 2075 2073 2073 2225 2225 1814 1814 1813 1813 1813 1813 2075 2075 2225 2225 2224 2224 1814 1814 2225 2225 1843 1843 1845 1845 2224 2224 2224 2224 2225 2225 2117 2117 2117 2117 2225 2225 2075 2075 2117 2117 1843 1843 2224 2224 2117 2117 2080 2080 1858 1858 1858 1858 1847 1847 2117 2117 1843 1843 2117 2117 1847 1847 1847 1847 1842 1842 1843 1843 1842 1842 1859 1859 1844 1844 1859 1859 2085 2085 1849 1849 1844 1844 1859 1859 1849 1849 2223 2223 2116 2116 1848 1848 1816 1816 1848 1848 2116 2116 1849 1849 2085 2085 1848 1848 1848 1848 1816 1816 1849 1849 2223 2223 1848 1848 2090 2090 2090 2090 1848 1848 2086 2086 2086 2086 1848 1848 2085 2085 2085 2085 1859 1859 2084 2084 2083 2083 2084 2084 2081 2081 1859 1859 2081 2081 2084 2084 1859 1859 1858 1858 2081 2081 1842 1842 1858 1858 1859 1859 1858 1858 1842 1842 1847 1847 2083 2083 2081 2081 1858 1858 2083 2083 1858 1858 2080 2080 2117 2117 2075 2075 2080 2080 2075 2075 2079 2079 2080 2080 2074 2074 2078 2078 2079 2079 2083 2083 2080 2080 2082 2082 2079 2079 2082 2082 2080 2080 1758 1758 2083 2083 2082 2082 2082 2082 2175 2175 2174 2174 2082 2082 2176 2176 2175 2175 2082 2082 2078 2078 2176 2176 2078 2078 2082 2082 2079 2079 1754 1754 1758 1758 2082 2082 2082 2082 2174 2174 1964 1964 2174 2174 1967 1967 1964 1964 1780 1780 1754 1754 1964 1964 1832 1832 1780 1780 1964 1964 1964 1964 1872 1872 1832 1832 2366 2366 3008 3008 2241 2241 2365 2365 2359 2359 3010 3010 2380 2380 2371 2371 2397 2397 2720 2720 2719 2719 2799 2799 2461 2461 2723 2723 2724 2724 2724 2724 2725 2725 2461 2461 2725 2725 2736 2736 2461 2461 2397 2397 2877 2877 2736 2736 2736 2736 2725 2725 2737 2737 2737 2737 2725 2725 3000 3000 2725 2725 2724 2724 3000 3000 2720 2720 2723 2723 2722 2722 2461 2461 2722 2722 2723 2723 2722 2722 2721 2721 2720 2720 2719 2719 2720 2720 2721 2721 2717 2717 2801 2801 2722 2722 2461 2461 2718 2718 2717 2717 2461 2461 2717 2717 2722 2722 2461 2461 2876 2876 2718 2718 2461 2461 2462 2462 2876 2876 2736 2736 2876 2876 2462 2462 2736 2736 2462 2462 2461 2461 2876 2876 2736 2736 2877 2877 2878 2878 2877 2877 2397 2397 2736 2736 3003 3003 2397 2397 2371 2371 2878 2878 2397 2397 2058 2058 1818 1818 2361 2361 1851 1851 1852 1852 1817 1817 1818 1818 1851 1851 1817 1817 2361 2361 1818 1818 1817 1817 1817 1817 2373 2373 2361 2361 2058 2058 2361 2361 2360 2360 2373 2373 2379 2379 2361 2361 2359 2359 2361 2361 2379 2379 2360 2360 2361 2361 2359 2359 2059 2059 2360 2360 2364 2364 2059 2059 2058 2058 2360 2360 2364 2364 2367 2367 2059 2059 2062 2062 2059 2059 2367 2367 2367 2367 2060 2060 2062 2062 2367 2367 2064 2064 2060 2060 2066 2066 2062 2062 2060 2060 2064 2064 2066 2066 2060 2060 2065 2065 2061 2061 2066 2066 2066 2066 2061 2061 2062 2062 2062 2062 2061 2061 2059 2059 2061 2061 2063 2063 2059 2059 2063 2063 2058 2058 2059 2059 2065 2065 2063 2063 2061 2061 1850 1850 1818 1818 2058 2058 2063 2063 1850 1850 2058 2058 2222 2222 1818 1818 1850 1850 2222 2222 1850 1850 2069 2069 2069 2069 2063 2063 2065 2065 2069 2069 1850 1850 2063 2063 2065 2065 2068 2068 2069 2069 2222 2222 1851 1851 1818 1818 2222 2222 1852 1852 1851 1851 2371 2371 1817 1817 1852 1852 2397 2397 3003 3003 2380 2380 2371 2371 2380 2380 1817 1817 2380 2380 2373 2373 1817 1817 2379 2379 2373 2373 2380 2380 3010 3010 2380 2380 3003 3003 3010 3010 2736 2736 2737 2737 2736 2736 3010 3010 3003 3003 3010 3010 2359 2359 2380 2380 2379 2379 2380 2380 2359 2359 2360 2360 2365 2365 2364 2364 2360 2360 2359 2359 2365 2365 2365 2365 3010 3010 3001 3001 2737 2737 3000 3000 3001 3001 3001 3001 3010 3010 2737 2737 2366 2366 2365 2365 3001 3001 2365 2365 2366 2366 2364 2364 3007 3007 3008 3008 3000 3000 3008 3008 3001 3001 3000 3000 3008 3008 2366 2366 3001 3001 1830 1830 2366 2366 2241 2241 1830 1830 2367 2367 2364 2364 2366 2366 1830 1830 2364 2364 2132 2132 2064 2064 2367 2367 1872 1872 2367 2367 1832 1832 1872 1872 2132 2132 2367 2367 2132 2132 1872 1872 2130 2130 1872 1872 1966 1966 2130 2130 2131 2131 1966 1966 2133 2133 2131 2131 2130 2130 1966 1966 2067 2067 2130 2130 2131 2131 2132 2132 2130 2130 2067 2067 2064 2064 2132 2132 2067 2067 2067 2067 2066 2066 2064 2064 2133 2133 2067 2067 2131 2131 2065 2065 2066 2066 2133 2133 2067 2067 2133 2133 2066 2066 2133 2133 1934 1934 2065 2065 1934 1934 2068 2068 2065 2065 2718 2718 2543 2543 2542 2542 2718 2718 2371 2371 2543 2543 2722 2722 2801 2801 2721 2721 2717 2717 2718 2718 2801 2801 2721 2721 2801 2801 2719 2719 2798 2798 2799 2799 2719 2719 2793 2793 2800 2800 2801 2801 2800 2800 2719 2719 2801 2801 2798 2798 2719 2719 2800 2800 2794 2794 2800 2800 2793 2793 2798 2798 2800 2800 2794 2794 2789 2789 2798 2798 2794 2794 2797 2797 2794 2794 2793 2793 2789 2789 2794 2794 2797 2797 2795 2795 2797 2797 2788 2788 2788 2788 2797 2797 2790 2790 2793 2793 2790 2790 2797 2797 2796 2796 2790 2790 2793 2793 2650 2650 2550 2550 2558 2558 2660 2660 2753 2753 2755 2755 2754 2754 2752 2752 2755 2755 2759 2759 2760 2760 2634 2634 2643 2643 2730 2730 2646 2646 2455 2455 2454 2454 2443 2443 2702 2702 2444 2444 2746 2746 2692 2692 2689 2689 2805 2805 2459 2459 2534 2534 2805 2805 2527 2527 2535 2535 2458 2458 2688 2688 2687 2687 2459 2459 2696 2696 2693 2693 2697 2697 2693 2693 2696 2696 2692 2692 2460 2460 2690 2690 2696 2696 2687 2687 2688 2688 2460 2460 2688 2688 2690 2690 2460 2460 2459 2459 2535 2535 2534 2534 2459 2459 2458 2458 2535 2535 2460 2460 2459 2459 2687 2687 2689 2689 2459 2459 2805 2805 2689 2689 2688 2688 2459 2459 2688 2688 2689 2689 2690 2690 2577 2577 2802 2802 2803 2803 2577 2577 2803 2803 2576 2576 2578 2578 2577 2577 2576 2576 2576 2576 2803 2803 2806 2806 2806 2806 2803 2803 2805 2805 2805 2805 2803 2803 2802 2802 2804 2804 2805 2805 2802 2802 2805 2805 2804 2804 2692 2692 2696 2696 2690 2690 2692 2692 2689 2689 2692 2692 2690 2690 2804 2804 2802 2802 2692 2692 2691 2691 2692 2692 2802 2802 2701 2701 2691 2691 2802 2802 2691 2691 2694 2694 2692 2692 2693 2693 2692 2692 2694 2694 2693 2693 2694 2694 2697 2697 2698 2698 2697 2697 2694 2694 2701 2701 2694 2694 2691 2691 2698 2698 2694 2694 2701 2701 2698 2698 2695 2695 2697 2697 2746 2746 2698 2698 2699 2699 2746 2746 2864 2864 2698 2698 2699 2699 2702 2702 2746 2746 2699 2699 2703 2703 2702 2702 2440 2440 2444 2444 2443 2443 2443 2443 2439 2439 2438 2438 2440 2440 2443 2443 2438 2438 2455 2455 2443 2443 2444 2444 2444 2444 2702 2702 2455 2455 2443 2443 2456 2456 2439 2439 2703 2703 2454 2454 2702 2702 2454 2454 2455 2455 2702 2702 2704 2704 2454 2454 2703 2703 2456 2456 2443 2443 2700 2700 2443 2443 2454 2454 2700 2700 2706 2706 2456 2456 2700 2700 2709 2709 2716 2716 2456 2456 2706 2706 2709 2709 2456 2456 2456 2456 2441 2441 2439 2439 2716 2716 2405 2405 2456 2456 2456 2456 2405 2405 2441 2441 2439 2439 2441 2441 2442 2442 2744 2744 2439 2439 2442 2442 2744 2744 2438 2438 2439 2439 2440 2440 2438 2438 2744 2744 2746 2746 2444 2444 2744 2744 2444 2444 2440 2440 2744 2744 2864 2864 2746 2746 2744 2744 2808 2808 2698 2698 2864 2864 2696 2696 2697 2697 2808 2808 2697 2697 2695 2695 2808 2808 2695 2695 2698 2698 2808 2808 2808 2808 2402 2402 2696 2696 2402 2402 2460 2460 2696 2696 2402 2402 2808 2808 2403 2403 2864 2864 2744 2744 2403 2403 2864 2864 2403 2403 2808 2808 2404 2404 2460 2460 2403 2403 2744 2744 2442 2442 2403 2403 2442 2442 2441 2441 2403 2403 2441 2441 2745 2745 2403 2403 2731 2731 2745 2745 2441 2441 2731 2731 2441 2441 2405 2405 2731 2731 2405 2405 2716 2716 2731 2731 2716 2716 2732 2732 2716 2716 2709 2709 2714 2714 2714 2714 2732 2732 2716 2716 2714 2714 2715 2715 2732 2732 2714 2714 2807 2807 2715 2715 2807 2807 2527 2527 2715 2715 2771 2771 2780 2780 2779 2779 2785 2785 2783 2783 2772 2772 2782 2782 2772 2772 2783 2783 2781 2781 2782 2782 2783 2783 2781 2781 2783 2783 2773 2773 2781 2781 2780 2780 2786 2786 2771 2771 2781 2781 2786 2786 2776 2776 2781 2781 2771 2771 2781 2781 2773 2773 2780 2780 2612 2612 2773 2773 2783 2783 2612 2612 2780 2780 2773 2773 2783 2783 2785 2785 2612 2612 2780 2780 2771 2771 2786 2786 2714 2714 2779 2779 2807 2807 2714 2714 2712 2712 2779 2779 2779 2779 2712 2712 2711 2711 2711 2711 2712 2712 2714 2714 2711 2711 2714 2714 2710 2710 2714 2714 2709 2709 2710 2710 2707 2707 2710 2710 2709 2709 2700 2700 2707 2707 2706 2706 2707 2707 2709 2709 2706 2706 2710 2710 2707 2707 2713 2713 2707 2707 2700 2700 2713 2713 2713 2713 2700 2700 2708 2708 2713 2713 2708 2708 2710 2710 2711 2711 2710 2710 2770 2770 2708 2708 2775 2775 2770 2770 2710 2710 2708 2708 2770 2770 2779 2779 2711 2711 2770 2770 2770 2770 2771 2771 2779 2779 2775 2775 2771 2771 2770 2770 2775 2775 2776 2776 2771 2771 2776 2776 2777 2777 2781 2781 2777 2777 2782 2782 2781 2781 2778 2778 2782 2782 2777 2777 2778 2778 2772 2772 2782 2782 2785 2785 2772 2772 2784 2784 2623 2623 2618 2618 2785 2785 2564 2564 2572 2572 2730 2730 2641 2641 2636 2636 2748 2748 2749 2749 2641 2641 2748 2748 2645 2645 2751 2751 2763 2763 2645 2645 2749 2749 2751 2751 2749 2749 2645 2645 2641 2641 2641 2641 2645 2645 2642 2642 2730 2730 2645 2645 2564 2564 2645 2645 2563 2563 2564 2564 2618 2618 2730 2730 2572 2572 2865 2865 2866 2866 2436 2436 2646 2646 2729 2729 2865 2865 2729 2729 2866 2866 2865 2865 2729 2729 2728 2728 2866 2866 2728 2728 2727 2727 2866 2866 2866 2866 2435 2435 2436 2436 2743 2743 2867 2867 2435 2435 2743 2743 2869 2869 2742 2742 2726 2726 2869 2869 2727 2727 2869 2869 2866 2866 2727 2727 2869 2869 2435 2435 2866 2866 2869 2869 2743 2743 2435 2435 2869 2869 2726 2726 2870 2870 2870 2870 2742 2742 2869 2869 2624 2624 2620 2620 2870 2870 2870 2870 2620 2620 2742 2742 2743 2743 2620 2620 2637 2637 2743 2743 2742 2742 2620 2620 2637 2637 2620 2620 2624 2624 2627 2627 2624 2624 2617 2617 2623 2623 2622 2622 2621 2621 2617 2617 2619 2619 2623 2623 2624 2624 2619 2619 2617 2617 2624 2624 2618 2618 2619 2619 2619 2619 2618 2618 2623 2623 2785 2785 2784 2784 2623 2623 2623 2623 2784 2784 2774 2774 2622 2622 2623 2623 2774 2774 2772 2772 2774 2774 2784 2784 2621 2621 2622 2622 2774 2774 2626 2626 2623 2623 2621 2621 2623 2623 2626 2626 2625 2625 2617 2617 2623 2623 2625 2625 2617 2617 2625 2625 2627 2627 2632 2632 2621 2621 2774 2774 2625 2625 2626 2626 2632 2632 2626 2626 2621 2621 2632 2632 2637 2637 2627 2627 2625 2625 2637 2637 2624 2624 2627 2627 2637 2637 2633 2633 2638 2638 2743 2743 2637 2637 2638 2638 2638 2638 2868 2868 2743 2743 2743 2743 2868 2868 2867 2867 2867 2867 2868 2868 2434 2434 2435 2435 2434 2434 2437 2437 2434 2434 2435 2435 2867 2867 2638 2638 2434 2434 2868 2868 2629 2629 2437 2437 2434 2434 2434 2434 2628 2628 2629 2629 2638 2638 2633 2633 2628 2628 2628 2628 2434 2434 2638 2638 2628 2628 2633 2633 2629 2629 2437 2437 2629 2629 2457 2457 2630 2630 2457 2457 2629 2629 2457 2457 2647 2647 2437 2437 2647 2647 2457 2457 2630 2630 2436 2436 2435 2435 2647 2647 2435 2435 2437 2437 2647 2647 2647 2647 2630 2630 2635 2635 2436 2436 2647 2647 2865 2865 2865 2865 2647 2647 2646 2646 2635 2635 2646 2646 2647 2647 2643 2643 2646 2646 2635 2635 2730 2730 2643 2643 2642 2642 2730 2730 2642 2642 2645 2645 2642 2642 2644 2644 2641 2641 2644 2644 2640 2640 2641 2641 2640 2640 2642 2642 2643 2643 2642 2642 2640 2640 2644 2644 2636 2636 2641 2641 2639 2639 2641 2641 2640 2640 2639 2639 2639 2639 2640 2640 2643 2643 2639 2639 2643 2643 2636 2636 2643 2643 2635 2635 2636 2636 2631 2631 2634 2634 2636 2636 2631 2631 2636 2636 2635 2635 2635 2635 2630 2630 2631 2631 2629 2629 2631 2631 2630 2630 2629 2629 2634 2634 2631 2631 2759 2759 2634 2634 2629 2629 2760 2760 2759 2759 2756 2756 2760 2760 2750 2750 2634 2634 2750 2750 2636 2636 2634 2634 2750 2750 2748 2748 2636 2636 2748 2748 2750 2750 2749 2749 2750 2750 2751 2751 2749 2749 2751 2751 2750 2750 2760 2760 2763 2763 2751 2751 2760 2760 2758 2758 2760 2760 2756 2756 2763 2763 2760 2760 2758 2758 2764 2764 2763 2763 2758 2758 2752 2752 2761 2761 2764 2764 2758 2758 2756 2756 2764 2764 2756 2756 2752 2752 2764 2764 2752 2752 2756 2756 2757 2757 2761 2761 2752 2752 2754 2754 2755 2755 2752 2752 2757 2757 2660 2660 2666 2666 2665 2665 2659 2659 2663 2663 2741 2741 2668 2668 2663 2663 2667 2667 2659 2659 2667 2667 2663 2663 2873 2873 2401 2401 2398 2398 2401 2401 2400 2400 2398 2398 2874 2874 2873 2873 2398 2398 2665 2665 2740 2740 2874 2874 2740 2740 2665 2665 2875 2875 2875 2875 2665 2665 2666 2666 2658 2658 2661 2661 2666 2666 2875 2875 2666 2666 2661 2661 2875 2875 2874 2874 2740 2740 2874 2874 2875 2875 2873 2873 2875 2875 2661 2661 2873 2873 2741 2741 2658 2658 2659 2659 2658 2658 2741 2741 2661 2661 2663 2663 2433 2433 2741 2741 2433 2433 2432 2432 2741 2741 2432 2432 2872 2872 2741 2741 2873 2873 2661 2661 2741 2741 2733 2733 2401 2401 2741 2741 2401 2401 2873 2873 2741 2741 2733 2733 2741 2741 2738 2738 2741 2741 2872 2872 2738 2738 2432 2432 2433 2433 2872 2872 2871 2871 2872 2872 2673 2673 2433 2433 2673 2673 2872 2872 2663 2663 2673 2673 2433 2433 2663 2663 2669 2669 2673 2673 2871 2871 2673 2673 2669 2669 2871 2871 2669 2669 2671 2671 2671 2671 2734 2734 2871 2871 2871 2871 2739 2739 2872 2872 2739 2739 2738 2738 2872 2872 2733 2733 2738 2738 2739 2739 2400 2400 2401 2401 2733 2733 2733 2733 2649 2649 2400 2400 2399 2399 2400 2400 2649 2649 2400 2400 2399 2399 2398 2398 2649 2649 2648 2648 2399 2399 2655 2655 2648 2648 2649 2649 2649 2649 2650 2650 2655 2655 2398 2398 2399 2399 2648 2648 2874 2874 2398 2398 2648 2648 2655 2655 2656 2656 2648 2648 2665 2665 2874 2874 2648 2648 2654 2654 2657 2657 2651 2651 2654 2654 2653 2653 2657 2657 2657 2657 2655 2655 2651 2651 2657 2657 2656 2656 2655 2655 2657 2657 2648 2648 2656 2656 2648 2648 2657 2657 2665 2665 2657 2657 2660 2660 2665 2665 2660 2660 2657 2657 2753 2753 2657 2657 2653 2653 2753 2753 2753 2753 2754 2754 2755 2755 2753 2753 2653 2653 2754 2754 2654 2654 2652 2652 2653 2653 2654 2654 2651 2651 2652 2652 2655 2655 2652 2652 2651 2651 2652 2652 2655 2655 2762 2762 2762 2762 2655 2655 2650 2650 2652 2652 2762 2762 2653 2653 2762 2762 2761 2761 2754 2754 2653 2653 2762 2762 2754 2754 2762 2762 2747 2747 2761 2761 2558 2558 2761 2761 2747 2747 2558 2558 2747 2747 2650 2650 2747 2747 2762 2762 2650 2650 2650 2650 2735 2735 2550 2550 2550 2550 2735 2735 2734 2734 2671 2671 2668 2668 2672 2672 2672 2672 2734 2734 2671 2671 2672 2672 2668 2668 2670 2670 2668 2668 2671 2671 2669 2669 2668 2668 2669 2669 2663 2663 2792 2792 2670 2670 2667 2667 2670 2670 2668 2668 2667 2667 2670 2670 2792 2792 2787 2787 2670 2670 2787 2787 2672 2672 2796 2796 2672 2672 2791 2791 2787 2787 2791 2791 2672 2672 2796 2796 2787 2787 2790 2790 2796 2796 2791 2791 2787 2787 2787 2787 2788 2788 2790 2790 2795 2795 2788 2788 2787 2787 2792 2792 2795 2795 2787 2787 2799 2799 2798 2798 2795 2795 2798 2798 2789 2789 2795 2795 2795 2795 2789 2789 2797 2797 2795 2795 2792 2792 2664 2664 2664 2664 2792 2792 2667 2667 3007 3007 3000 3000 3002 3002 3002 3002 2795 2795 2664 2664 3002 3002 2799 2799 2795 2795 3002 3002 2720 2720 2799 2799 2724 2724 2723 2723 3002 3002 2723 2723 2720 2720 3002 3002 3002 3002 3000 3000 2724 2724 2664 2664 2667 2667 2659 2659 2662 2662 2660 2660 2755 2755 2662 2662 2659 2659 2658 2658 2662 2662 2664 2664 2659 2659 2662 2662 2658 2658 2666 2666 2660 2660 2662 2662 2666 2666 2757 2757 3005 3005 3006 3006 2662 2662 2755 2755 2757 2757 2759 2759 2757 2757 2756 2756 2757 2757 2759 2759 2629 2629 2629 2629 2633 2633 3005 3005 2633 2633 2632 2632 3005 3005 2632 2632 2778 2778 2777 2777 2632 2632 2772 2772 2778 2778 2632 2632 2774 2774 2772 2772 2637 2637 2625 2625 2632 2632 2632 2632 2633 2633 2637 2637 2632 2632 2700 2700 3005 3005 2632 2632 2777 2777 2700 2700 2777 2777 2776 2776 2700 2700 2776 2776 2775 2775 2700 2700 2775 2775 2708 2708 2700 2700 2700 2700 2705 2705 3005 3005 2705 2705 2704 2704 3005 3005 2704 2704 2700 2700 2454 2454 2704 2704 2705 2705 2700 2700 2704 2704 2703 2703 3004 3004 2703 2703 2699 2699 3004 3004 2699 2699 2701 2701 3004 3004 2701 2701 2577 2577 2573 2573 2701 2701 2802 2802 2577 2577 2698 2698 2701 2701 2699 2699 2701 2701 2573 2573 3004 3004 2573 2573 2425 2425 3004 3004 2573 2573 2467 2467 2424 2424 2769 2769 2575 2575 2683 2683 2769 2769 2768 2768 2575 2575 2686 2686 2409 2409 2675 2675 2686 2686 2675 2675 2680 2680 2674 2674 2678 2678 2679 2679 2677 2677 2679 2679 2678 2678 2676 2676 2765 2765 2679 2679 2679 2679 2677 2677 2676 2676 2769 2769 2679 2679 2765 2765 2769 2769 2682 2682 2679 2679 2769 2769 2765 2765 2768 2768 2575 2575 2768 2768 2767 2767 2467 2467 2575 2575 2767 2767 2467 2467 2766 2766 2424 2424 2467 2467 2767 2767 2766 2766 2766 2766 2768 2768 2765 2765 2766 2766 2767 2767 2768 2768 2766 2766 2765 2765 2998 2998 2765 2765 2676 2676 2998 2998 2998 2998 2676 2676 2677 2677 2677 2677 2999 2999 2998 2998 1779 1779 2374 2374 2370 2370 2374 2374 2998 2998 2370 2370 2112 2112 2368 2368 2370 2370 2112 2112 1809 1809 2368 2368 2368 2368 1809 1809 2097 2097 2368 2368 2097 2097 2099 2099 2099 2099 2097 2097 1865 1865 2099 2099 1865 1865 2096 2096 2098 2098 2099 2099 2096 2096 2096 2096 2095 2095 2098 2098 2094 2094 2096 2096 1865 1865 1865 1865 1864 1864 2094 2094 2094 2094 2154 2154 2096 2096 2153 2153 2098 2098 2095 2095 2369 2369 2098 2098 2153 2153 2369 2369 2099 2099 2098 2098 1779 1779 2370 2370 2369 2369 2369 2369 2370 2370 2368 2368 2369 2369 2368 2368 2099 2099 2157 2157 2163 2163 2151 2151 1778 1778 2163 2163 2157 2157 1778 1778 2369 2369 2163 2163 1778 1778 1779 1779 2369 2369 2157 2157 2151 2151 2162 2162 2151 2151 2159 2159 2162 2162 2162 2162 2159 2159 2171 2171 2151 2151 2164 2164 2159 2159 2151 2151 2160 2160 2164 2164 2151 2151 2163 2163 2160 2160 2163 2163 2166 2166 2160 2160 2163 2163 2153 2153 2166 2166 2095 2095 2154 2154 2153 2153 2153 2153 2154 2154 2166 2166 2164 2164 2160 2160 2170 2170 2170 2170 2159 2159 2164 2164 2160 2160 2166 2166 2170 2170 2170 2170 2166 2166 2154 2154 2096 2096 2154 2154 2095 2095 1864 1864 1936 1936 2170 2170 2094 2094 1864 1864 2154 2154 2372 2372 2541 2541 1936 1936 2541 2541 2372 2372 2684 2684 2769 2769 2683 2683 2682 2682 2682 2682 2681 2681 2679 2679 2682 2682 2683 2683 2681 2681 2683 2683 2684 2684 2681 2681 2684 2684 2685 2685 2681 2681 2681 2681 2674 2674 2679 2679 2681 2681 2675 2675 2674 2674 2681 2681 2680 2680 2675 2675 2681 2681 2685 2685 2686 2686 2686 2686 2680 2680 2681 2681 2862 2862 2861 2861 2686 2686 2409 2409 2686 2686 2861 2861 2862 2862 2863 2863 2445 2445 2862 2862 2445 2445 2861 2861 2409 2409 2861 2861 2445 2445 2445 2445 2863 2863 2409 2409 2409 2409 2863 2863 2407 2407 2408 2408 2409 2409 2407 2407 2407 2407 2406 2406 2408 2408 2408 2408 2675 2675 2409 2409 2408 2408 2406 2406 2996 2996 2996 2996 2406 2406 2995 2995 2996 2996 2675 2675 2408 2408 2999 2999 2677 2677 2675 2675 2678 2678 2675 2675 2677 2677 2678 2678 2674 2674 2675 2675 2675 2675 2996 2996 2999 2999 2998 2998 2999 2999 2997 2997 2996 2996 2997 2997 2999 2999 2998 2998 2997 2997 2370 2370 2997 2997 2996 2996 2370 2370 2370 2370 2995 2995 2112 2112 2370 2370 2996 2996 2995 2995 2406 2406 3009 3009 2995 2995 2382 2382 2112 2112 3009 3009 2112 2112 2995 2995 3009 3009 2406 2406 2407 2407 3009 3009 2382 2382 3009 3009 2381 2381 2372 2372 2381 2381 3009 3009 2372 2372 2863 2863 2862 2862 2372 2372 2407 2407 2863 2863 2372 2372 3009 3009 2407 2407 2240 2240 1866 1866 2239 2239 1866 1866 1863 1863 2239 2239 1809 1809 2381 2381 2372 2372 2372 2372 2239 2239 1809 1809 2382 2382 2381 2381 1809 1809 1809 1809 2239 2239 1863 1863 1824 1824 1765 1765 1990 1990 1824 1824 1768 1768 1765 1765 1830 1830 2241 2241 1829 1829 2241 2241 1831 1831 1829 1829 1830 1830 1829 1829 1833 1833 1833 1833 1832 1832 1830 1830 1780 1780 1833 1833 1917 1917 1780 1780 1832 1832 1833 1833 1829 1829 1831 1831 1833 1833 2273 2273 1787 1787 1786 1786 2290 2290 1788 1788 1918 1918 2290 2290 1771 1771 1788 1788 2193 2193 2192 2192 2291 2291 2192 2192 2191 2191 2291 2291 2291 2291 2191 2191 2292 2292 1771 1771 2291 2291 2292 2292 1771 1771 2290 2290 2291 2291 2288 2288 2287 2287 2285 2285 2289 2289 2285 2285 2287 2287 1918 1918 2285 2285 2289 2289 1788 1788 2285 2285 1918 1918 2289 2289 2290 2290 1918 1918 2291 2291 2290 2290 2193 2193 2289 2289 2194 2194 2193 2193 2193 2193 2290 2290 2289 2289 2287 2287 2288 2288 2289 2289 2288 2288 2194 2194 2289 2289 1955 1955 2194 2194 2288 2288 2285 2285 1955 1955 2288 2288 2210 2210 1955 1955 2285 2285 2025 2025 1949 1949 1951 1951 2025 2025 1978 1978 1949 1949 1952 1952 2210 2210 2285 2285 1955 1955 2210 2210 1952 1952 2285 2285 1857 1857 1952 1952 2285 2285 2284 2284 1857 1857 1955 1955 1952 1952 1954 1954 1952 1952 1953 1953 1954 1954 1954 1954 1953 1953 1958 1958 1950 1950 1955 1955 1954 1954 1955 1955 1950 1950 1949 1949 1951 1951 1949 1949 1950 1950 2101 2101 1951 1951 1950 1950 1875 1875 1962 1962 2101 2101 1962 1962 1875 1875 1961 1961 1997 1997 1962 1962 1873 1873 2213 2213 2195 2195 1960 1960 1873 1873 1960 1960 2195 2195 1874 1874 1960 1960 1873 1873 1997 1997 2169 2169 2167 2167 1824 1824 2168 2168 1995 1995 1992 1992 2143 2143 2168 2168 1824 1824 1992 1992 2168 2168 1870 1870 1768 1768 1868 1868 1870 1870 1868 1868 1867 1867 1768 1768 1867 1867 1868 1868 1867 1867 1768 1768 1824 1824 1869 1869 1824 1824 1995 1995 1869 1869 1867 1867 1824 1824 1871 1871 1870 1870 1869 1869 1867 1867 1869 1869 1870 1870 1993 1993 1871 1871 1869 1869 1993 1993 1994 1994 1996 1996 1869 1869 1995 1995 1994 1994 1993 1993 1869 1869 1994 1994 1997 1997 1995 1995 2169 2169 1995 1995 1997 1997 1994 1994 1997 1997 1998 1998 1994 1994 1998 1998 1999 1999 1994 1994 1999 1999 1998 1998 2000 2000 1998 1998 2195 2195 2000 2000 2195 2195 1998 1998 1873 1873 1997 1997 1873 1873 1998 1998 1997 1997 2167 2167 1962 1962 1961 1961 1873 1873 1962 1962 1874 1874 1873 1873 1961 1961 1961 1961 1875 1875 1874 1874 2101 2101 1956 1956 1875 1875 2101 2101 1950 1950 1956 1956 1950 1950 1954 1954 1956 1956 1956 1956 1954 1954 1958 1958 1874 1874 1875 1875 1956 1956 1957 1957 1956 1956 1958 1958 1956 1956 1957 1957 1959 1959 1874 1874 1956 1956 1959 1959 1960 1960 1874 1874 1959 1959 1957 1957 1960 1960 1959 1959 1960 1960 1957 1957 1958 1958 1960 1960 1958 1958 2213 2213 2213 2213 2212 2212 2196 2196 1958 1958 2212 2212 2213 2213 1958 1958 1953 1953 2212 2212 1786 1786 2196 2196 2212 2212 1786 1786 1769 1769 2196 2196 1786 1786 2277 2277 2273 2273 1786 1786 2270 2270 2277 2277 2270 2270 1786 1786 2212 2212 2277 2277 2270 2270 2276 2276 2278 2278 2276 2276 2270 2270 2278 2278 2270 2270 2269 2269 2278 2278 2269 2269 2279 2279 2279 2279 2272 2272 2275 2275 2269 2269 2272 2272 2279 2279 2272 2272 2269 2269 2270 2270 2272 2272 2270 2270 2212 2212 2267 2267 2275 2275 2272 2272 2212 2212 2267 2267 2272 2272 2275 2275 2267 2267 2282 2282 2267 2267 2271 2271 2282 2282 2281 2281 2282 2282 2271 2271 2280 2280 2281 2281 2271 2271 2212 2212 2271 2271 2267 2267 2280 2280 2271 2271 2266 2266 2212 2212 2266 2266 2271 2271 2280 2280 2266 2266 2283 2283 2266 2266 2268 2268 2283 2283 2274 2274 2283 2283 2268 2268 2286 2286 1787 1787 2273 2273 2286 2286 1788 1788 1787 1787 2286 2286 2285 2285 1788 1788 2286 2286 2283 2283 2274 2274 2286 2286 2280 2280 2283 2283 2286 2286 2281 2281 2280 2280 2286 2286 2282 2282 2281 2281 2286 2286 2275 2275 2282 2282 2286 2286 2279 2279 2275 2275 2286 2286 2278 2278 2279 2279 2286 2286 2276 2276 2278 2278 2286 2286 2277 2277 2276 2276 2286 2286 2273 2273 2277 2277 2286 2286 2284 2284 2285 2285 2274 2274 2284 2284 2286 2286 2274 2274 2268 2268 2266 2266 2266 2266 2212 2212 2274 2274 2284 2284 2274 2274 1953 1953 2274 2274 2212 2212 1953 1953 1857 1857 2284 2284 1953 1953 1952 1952 1857 1857 1953 1953 2106 2106 2093 2093 1923 1923 2107 2107 2223 2223 2093 2093 2106 2106 2107 2107 2093 2093 1861 1861 2106 2106 1923 1923 1861 1861 1815 1815 2106 2106 1862 1862 1815 1815 1861 1861 1862 1862 1814 1814 1815 1815 1862 1862 1813 1813 1814 1814 1965 1965 1966 1966 1872 1872 1982 1982 1985 1985 1986 1986 1982 1982 1965 1965 1872 1872 1872 1872 1964 1964 1984 1984 1979 1979 1980 1980 2216 2216 1979 1979 1853 1853 1980 1980 1981 1981 1979 1979 2216 2216 1983 1983 1981 1981 2216 2216 1967 1967 2179 2179 2177 2177 2177 2177 1983 1983 1967 1967 1964 1964 1967 1967 1983 1983 1984 1984 1987 1987 1872 1872 1987 1987 2219 2219 1872 1872 2219 2219 1982 1982 1872 1872 2541 2541 2539 2539 2537 2537 1777 1777 2334 2334 2335 2335 2324 2324 2323 2323 1777 1777 2378 2378 2318 2318 2320 2320 2320 2320 2319 2319 2317 2317 2320 2320 2318 2318 2319 2319 2320 2320 2317 2317 2321 2321 2324 2324 2321 2321 2323 2323 2321 2321 2317 2317 2323 2323 2335 2335 1919 1919 1777 1777 2334 2334 2331 2331 2333 2333 2331 2331 2332 2332 2333 2333 2334 2334 2333 2333 2335 2335 2333 2333 1919 1919 2335 2335 2333 2333 2332 2332 2330 2330 2332 2332 2331 2331 2330 2330 2330 2330 1919 1919 2333 2333 2187 2187 2330 2330 2331 2331 2326 2326 1919 1919 2330 2330 2326 2326 1777 1777 1919 1919 1777 1777 2326 2326 2324 2324 2326 2326 2183 2183 2325 2325 2326 2326 2328 2328 2183 2183 2329 2329 2330 2330 2187 2187 2330 2330 2329 2329 2326 2326 2329 2329 2328 2328 2326 2326 2183 2183 2328 2328 2329 2329 2183 2183 2327 2327 2325 2325 2327 2327 2324 2324 2325 2325 2326 2326 2325 2325 2324 2324 2327 2327 2183 2183 2184 2184 2324 2324 2327 2327 2322 2322 2321 2321 2324 2324 2322 2322 2321 2321 2322 2322 2208 2208 2320 2320 2208 2208 1940 1940 2321 2321 2208 2208 2320 2320 2208 2208 2322 2322 1940 1940 1940 1940 1884 1884 2363 2363 2985 2985 2987 2987 2483 2483 2427 2427 2502 2502 2973 2973 2989 2989 2504 2504 2509 2509 2989 2989 2412 2412 2504 2504 2412 2412 2510 2510 2512 2512 2512 2512 2431 2431 2430 2430 2513 2513 2858 2858 2966 2966 2860 2860 2969 2969 2970 2970 2969 2969 2971 2971 2968 2968 2839 2839 2597 2597 2840 2840 2840 2840 2968 2968 2839 2839 2972 2972 2859 2859 2501 2501 2971 2971 2859 2859 2972 2972 2972 2972 2501 2501 2599 2599 2599 2599 2839 2839 2968 2968 2971 2971 2972 2972 2599 2599 2599 2599 2968 2968 2971 2971 2859 2859 2971 2971 2969 2969 2969 2969 2860 2860 2859 2859 2968 2968 2970 2970 2969 2969 2970 2970 2968 2968 2967 2967 2967 2967 2968 2968 2840 2840 2967 2967 2840 2840 2966 2966 2970 2970 2967 2967 2966 2966 2858 2858 2970 2970 2966 2966 2513 2513 2966 2966 2431 2431 2512 2512 2513 2513 2431 2431 2981 2981 2880 2880 2512 2512 2491 2491 2495 2495 2493 2493 2495 2495 2494 2494 2493 2493 2413 2413 2510 2510 2412 2412 2412 2412 2979 2979 2413 2413 2977 2977 2979 2979 2412 2412 2493 2493 2977 2977 2491 2491 2991 2991 2491 2491 2980 2980 2977 2977 2980 2980 2491 2491 2978 2978 2980 2980 2977 2977 2541 2541 2684 2684 2539 2539 2478 2478 2539 2539 2684 2684 2486 2486 2478 2478 2684 2684 2540 2540 2486 2486 2684 2684 2684 2684 2683 2683 2540 2540 2683 2683 2594 2594 2540 2540 2487 2487 2975 2975 2488 2488 2978 2978 2988 2988 2980 2980 2976 2976 2980 2980 2988 2988 2487 2487 2988 2988 2975 2975 2487 2487 2976 2976 2988 2988 2488 2488 2976 2976 2487 2487 2486 2486 2993 2993 2976 2976 2976 2976 2488 2488 2486 2486 2992 2992 2976 2976 2993 2993 2992 2992 2991 2991 2980 2980 2980 2980 2976 2976 2992 2992 2992 2992 2993 2993 2991 2991 2991 2991 2993 2993 2491 2491 2490 2490 2491 2491 2993 2993 2993 2993 2492 2492 2490 2490 2993 2993 2486 2486 2492 2492 2490 2490 2990 2990 2489 2489 2491 2491 2490 2490 2489 2489 2494 2494 2495 2495 2489 2489 2489 2489 2493 2493 2494 2494 2489 2489 2977 2977 2493 2493 2495 2495 2491 2491 2489 2489 2990 2990 2977 2977 2489 2489 2977 2977 2990 2990 2979 2979 2990 2990 2413 2413 2979 2979 2413 2413 2982 2982 2510 2510 2981 2981 2510 2510 2982 2982 2981 2981 2982 2982 2882 2882 2982 2982 2990 2990 2490 2490 2982 2982 2413 2413 2990 2990 2490 2490 2879 2879 2982 2982 2879 2879 2882 2882 2982 2982 2881 2881 2882 2882 2879 2879 2983 2983 2882 2882 2881 2881 2983 2983 2881 2881 2984 2984 2984 2984 2880 2880 2882 2882 2882 2882 2983 2983 2984 2984 2853 2853 2984 2984 2881 2881 2853 2853 2881 2881 2879 2879 2984 2984 2853 2853 2880 2880 2880 2880 2853 2853 2511 2511 2981 2981 2882 2882 2880 2880 2880 2880 2511 2511 2512 2512 2510 2510 2981 2981 2512 2512 2978 2978 2977 2977 2989 2989 2977 2977 2412 2412 2989 2989 2507 2507 2508 2508 2504 2504 2507 2507 2509 2509 2508 2508 2508 2508 2509 2509 2504 2504 2509 2509 2974 2974 2989 2989 2989 2989 2988 2988 2978 2978 2973 2973 2989 2989 2974 2974 2988 2988 2989 2989 2973 2973 2503 2503 2507 2507 2504 2504 2503 2503 2506 2506 2507 2507 2503 2503 2973 2973 2506 2506 2430 2430 2427 2427 2512 2512 2427 2427 2412 2412 2512 2512 2427 2427 2504 2504 2412 2412 2427 2427 2503 2503 2504 2504 2427 2427 2973 2973 2503 2503 2502 2502 2505 2505 2973 2973 2505 2505 2410 2410 2973 2973 2973 2973 2410 2410 2985 2985 2988 2988 2973 2973 2985 2985 2985 2985 2411 2411 2988 2988 2410 2410 2505 2505 2985 2985 2985 2985 2502 2502 2986 2986 2985 2985 2505 2505 2502 2502 2985 2985 2986 2986 2987 2987 2987 2987 2482 2482 2483 2483 2484 2484 2483 2483 2482 2482 2390 2390 2389 2389 2985 2985 2985 2985 2483 2483 2390 2390 2390 2390 2483 2483 2484 2484 2411 2411 2389 2389 2390 2390 2985 2985 2389 2389 2411 2411 2994 2994 2988 2988 2411 2411 2411 2411 2390 2390 2994 2994 2994 2994 2390 2390 2975 2975 2484 2484 2975 2975 2390 2390 2994 2994 2975 2975 2988 2988 2485 2485 2975 2975 2484 2484 2975 2975 2485 2485 2488 2488 1940 1940 2377 2377 2320 2320 2363 2363 2377 2377 1940 1940 2485 2485 2377 2377 2363 2363 2488 2488 2485 2485 2363 2363 2488 2488 2363 2363 2536 2536 2536 2536 2486 2486 2488 2488 2478 2478 2486 2486 2536 2536 2478 2478 2536 2536 2538 2538 2536 2536 2363 2363 2538 2538 2537 2537 2363 2363 1884 1884 2537 2537 2538 2538 2363 2363 2478 2478 2538 2538 2537 2537 2539 2539 2478 2478 2537 2537 2537 2537 1884 1884 2541 2541 1937 1937 1936 1936 2541 2541 1969 1969 1968 1968 2170 2170 1936 1936 1969 1969 2170 2170 1936 1936 2183 2183 1969 1969 1936 1936 1883 1883 2183 2183 2541 2541 1939 1939 1937 1937 2541 2541 1884 1884 1939 1939 1938 1938 1939 1939 1884 1884 1938 1938 1884 1884 1940 1940 1938 1938 1936 1936 1937 1937 1939 1939 1938 1938 1937 1937 1938 1938 1883 1883 1936 1936 1883 1883 1938 1938 1940 1940 2184 2184 2183 2183 1883 1883 2322 2322 2327 2327 2184 2184 2184 2184 1883 1883 2322 2322 1940 1940 2322 2322 1883 1883 2337 2337 1909 1909 2339 2339 1757 1757 2339 2339 1781 1781 1757 1757 2336 2336 2339 2339 1781 1781 2338 2338 1988 1988 2338 2338 1781 1781 2339 2339 2339 2339 2336 2336 2337 2337 2336 2336 2215 2215 2337 2337 2337 2337 2215 2215 1909 1909 1971 1971 1974 1974 1972 1972 1971 1971 1973 1973 1974 1974 1970 1970 1971 1971 1972 1972 1968 1968 1969 1969 1970 1970 1970 1970 1972 1972 1968 1968 1977 1977 1976 1976 1975 1975 1949 1949 1978 1978 1976 1976 1949 1949 1976 1976 1977 1977 1977 1977 1975 1975 1947 1947 1988 1988 2338 2338 1909 1909 2215 2215 1989 1989 1909 1909 1989 1989 1988 1988 1909 1909 2338 2338 2339 2339 1909 1909 1990 1990 1991 1991 1824 1824 1991 1991 1992 1992 1824 1824 2002 2002 2009 2009 2102 2102 2100 2100 2002 2002 2102 2102 2105 2105 2104 2104 2101 2101 2226 2226 2103 2103 2104 2104 2103 2103 2026 2026 2104 2104 2105 2105 2226 2226 2104 2104 2105 2105 1962 1962 2100 2100 2110 2110 2232 2232 2056 2056 2231 2231 2056 2056 2111 2111 2031 2031 2109 2109 2108 2108 2031 2031 2029 2029 2109 2109 2031 2031 2108 2108 2111 2111 2108 2108 2113 2113 2111 2111 2113 2113 2231 2231 2111 2111 2231 2231 2110 2110 2056 2056 1976 1976 1978 1978 2025 2025 1976 1976 3047 3047 2125 2125 2125 2125 1975 1975 1976 1976 1976 1976 2025 2025 3047 3047 2159 2159 2170 2170 1968 1968 2171 2171 2159 2159 1972 1972 2171 2171 1972 1972 1974 1974 1974 1974 2056 2056 2171 2171 2159 2159 1968 1968 1972 1972 1982 1982 2218 2218 1901 1901 1985 1985 1901 1901 1903 1903 2172 2172 1985 1985 1903 1903 1985 1985 1982 1982 1901 1901 1965 1965 1982 1982 1986 1986 1986 1986 2133 2133 1966 1966 1986 1986 1966 1966 1965 1965 2178 2178 2180 2180 1979 1979 2177 2177 2178 2178 1981 1981 1983 1983 2177 2177 1981 1981 2178 2178 1979 1979 1981 1981 2334 2334 1777 1777 1827 1827 2331 2331 2309 2309 1970 1970 2187 2187 2331 2331 1970 1970 1969 1969 2329 2329 2187 2187 1969 1969 2183 2183 2329 2329 1970 1970 1969 1969 2187 2187 2309 2309 1971 1971 1970 1970 2309 2309 2186 2186 1971 1971 2186 2186 2315 2315 1973 1973 2186 2186 1973 1973 1971 1971 2331 2331 2185 2185 2309 2309 2331 2331 2334 2334 2185 2185 2334 2334 1827 1827 2185 2185 1826 1826 1793 1793 1792 1792 1826 1826 1792 1792 2188 2188 2188 2188 2301 2301 1944 1944 1944 1944 1826 1826 2188 2188 2190 2190 1977 1977 1947 1947 2193 2193 2194 2194 1977 1977 2194 2194 1955 1955 1977 1977 1955 1955 1949 1949 1977 1977 2190 2190 2193 2193 1977 1977 2190 2190 2192 2192 2193 2193 2190 2190 1789 1789 2191 2191 2190 2190 2191 2191 2192 2192 1947 1947 2296 2296 2190 2190 1947 1947 2189 2189 2296 2296 1870 1870 1993 1993 1996 1996 1768 1768 1996 1996 1994 1994 1767 1767 1994 1994 2195 2195 1999 1999 2000 2000 2195 2195 2213 2213 1769 1769 1767 1767 2213 2213 2196 2196 1769 1769 1767 1767 2195 2195 2213 2213 1994 1994 1999 1999 2195 2195 1767 1767 1768 1768 1994 1994 1768 1768 1870 1870 1996 1996 1870 1870 1871 1871 1993 1993 1990 1990 1908 1908 2198 2198 1991 1991 1990 1990 2199 2199 1991 1991 2199 2199 2200 2200 2200 2200 1992 1992 1991 1991 1990 1990 2198 2198 2199 2199 1990 1990 1765 1765 1908 1908 2265 2265 2246 2246 2248 2248 2265 2265 1760 1760 2246 2246 2265 2265 1784 1784 1760 1760 1988 1988 1989 1989 1980 1980 1980 1980 2203 2203 2206 2206 1853 1853 2205 2205 2203 2203 1853 1853 2204 2204 2205 2205 1980 1980 1853 1853 2203 2203 1988 1988 1980 1980 2206 2206 2206 2206 2207 2207 1988 1988 2207 2207 1756 1756 1988 1988 1756 1756 1781 1781 1988 1988 1989 1989 2216 2216 1980 1980 2219 2219 2217 2217 2242 2242 1982 1982 2219 2219 2218 2218 2218 2218 2219 2219 2242 2242 2215 2215 2336 2336 2220 2220 1983 1983 2216 2216 2220 2220 1989 1989 2215 2215 2216 2216 1964 1964 1983 1983 2220 2220 2216 2216 2215 2215 2220 2220 2220 2220 2336 2336 2221 2221 1964 1964 2220 2220 2221 2221 1984 1984 1964 1964 2221 2221 2219 2219 1987 1987 2214 2214 2214 2214 1753 1753 1917 1917 2217 2217 2219 2219 2214 2214 1917 1917 2217 2217 2214 2214 1753 1753 1984 1984 2221 2221 1753 1753 2221 2221 2336 2336 1987 1987 1984 1984 1753 1753 1753 1753 2214 2214 1987 1987 1753 1753 2336 2336 1757 1757 2340 2340 1911 1911 1916 1916 2340 2340 1915 1915 2341 2341 1914 1914 1800 1800 2341 2341 1913 1913 1910 1910 1800 1800 1914 1914 1913 1913 1800 1800 2222 2222 2068 2068 1934 1934 2371 2371 1852 1852 1934 1934 2371 2371 2718 2718 2878 2878 2718 2718 2877 2877 2878 2878 2718 2718 2876 2876 2877 2877 1852 1852 2222 2222 1934 1934 2222 2222 2069 2069 2068 2068 1864 1864 1866 1866 2240 2240 2372 2372 2862 2862 2684 2684 2862 2862 2686 2686 2685 2685 2862 2862 2685 2685 2684 2684 2372 2372 1864 1864 2239 2239 1864 1864 2240 2240 2239 2239 1893 1893 1899 1899 2375 2375 2376 2376 2375 2375 2950 2950 2950 2950 2477 2477 2376 2376 2376 2376 1894 1894 1890 1890 1890 1890 1893 1893 2376 2376 2375 2375 2952 2952 2950 2950 1893 1893 2375 2375 2376 2376 2485 2485 2484 2484 2377 2377 2484 2484 2482 2482 2377 2377 2482 2482 2378 2378 2377 2377 2377 2377 2378 2378 2320 2320 2388 2388 2388 2388 2388 2388 2388 2388 2388 2388 2388 2388 2388 2388 2388 2388 2388 2388 2387 2387 2388 2388 2388 2388 2386 2386 2387 2387 2386 2386 2385 2385 2386 2386 2385 2385 2385 2385 2384 2384 2385 2385 2384 2384 2383 2383 2384 2384 2384 2384 2384 2384 2385 2385 2386 2386 2386 2386 2385 2385 2387 2387 2388 2388 2386 2386 2388 2388 2388 2388 2388 2388 2388 2388 2388 2388 2388 2388 2388 2388 2388 2388 2388 2388 2388 2388 2388 2388 2388 2388 2473 2473 2549 2549 2550 2550 2558 2558 2550 2550 2549 2549 2584 2584 2585 2585 2761 2761 2558 2558 2584 2584 2761 2761 2557 2557 2555 2555 2471 2471 2939 2939 2936 2936 2817 2817 2939 2939 2817 2817 2816 2816 2939 2939 2935 2935 2936 2936 2948 2948 2394 2394 2949 2949 2948 2948 2949 2949 2818 2818 2948 2948 2415 2415 2394 2394 2520 2520 2394 2394 2392 2392 2943 2943 2383 2383 2945 2945 2734 2734 2581 2581 2548 2548 2550 2550 2734 2734 2548 2548 2734 2734 2672 2672 2581 2581 2672 2672 2583 2583 2581 2581 2581 2581 2473 2473 2548 2548 2473 2473 2581 2581 2947 2947 2946 2946 2947 2947 2814 2814 2943 2943 2813 2813 2812 2812 2943 2943 2941 2941 2519 2519 2812 2812 2811 2811 2940 2940 2941 2941 2811 2811 2809 2809 2416 2416 2941 2941 2809 2809 2940 2940 2811 2811 2941 2941 2809 2809 2519 2519 2416 2416 2809 2809 2417 2417 2519 2519 2416 2416 2519 2519 2941 2941 2941 2941 2943 2943 2942 2942 2812 2812 2940 2940 2941 2941 2941 2941 2942 2942 2812 2812 2812 2812 2942 2942 2943 2943 2943 2943 2944 2944 2813 2813 2813 2813 2944 2944 2943 2943 2814 2814 2813 2813 2946 2946 2946 2946 2813 2813 2943 2943 2946 2946 2518 2518 2947 2947 2518 2518 2946 2946 2943 2943 2518 2518 2943 2943 2945 2945 2388 2388 2388 2388 2945 2945 2388 2388 2388 2388 2945 2945 2388 2388 2387 2387 2945 2945 2387 2387 2386 2386 2945 2945 2383 2383 2388 2388 2945 2945 2386 2386 2383 2383 2945 2945 2383 2383 2388 2388 2388 2388 2383 2383 2388 2388 2388 2388 2383 2383 2388 2388 2388 2388 2383 2383 2386 2386 2388 2388 2383 2383 2385 2385 2386 2386 2386 2386 2385 2385 2383 2383 2383 2383 2384 2384 2385 2385 2385 2385 2384 2384 2383 2383 2383 2383 2518 2518 2945 2945 2943 2943 2519 2519 2383 2383 2947 2947 2518 2518 2392 2392 2392 2392 2518 2518 2520 2520 2518 2518 2383 2383 2520 2520 2383 2383 2519 2519 2520 2520 2519 2519 2417 2417 2520 2520 2392 2392 2394 2394 2415 2415 2948 2948 2818 2818 2415 2415 2554 2554 2415 2415 2936 2936 2939 2939 2938 2938 2935 2935 2933 2933 2936 2936 2935 2935 2939 2939 2816 2816 2937 2937 2938 2938 2939 2939 2937 2937 2938 2938 2937 2937 2935 2935 2826 2826 2821 2821 2924 2924 2517 2517 2925 2925 2924 2924 2822 2822 2924 2924 2925 2925 2517 2517 2924 2924 2926 2926 2826 2826 2924 2924 2822 2822 2924 2924 2821 2821 2927 2927 2826 2826 2825 2825 2821 2821 2926 2926 2927 2927 2821 2821 2924 2924 2927 2927 2926 2926 2821 2821 2928 2928 2926 2926 2928 2928 2937 2937 2517 2517 2517 2517 2926 2926 2928 2928 2935 2935 2937 2937 2928 2928 2935 2935 2928 2928 2932 2932 2935 2935 2932 2932 2934 2934 2932 2932 2928 2928 2929 2929 2929 2929 2928 2928 2821 2821 2929 2929 2821 2821 2930 2930 2929 2929 2930 2930 2931 2931 2929 2929 2931 2931 2932 2932 2931 2931 2934 2934 2932 2932 2931 2931 2555 2555 2934 2934 2935 2935 2934 2934 2933 2933 2934 2934 2845 2845 2557 2557 2934 2934 2557 2557 2933 2933 2470 2470 2936 2936 2933 2933 2933 2933 2557 2557 2470 2470 2554 2554 2936 2936 2470 2470 2472 2472 2553 2553 2554 2554 2470 2470 2472 2472 2554 2554 2471 2471 2472 2472 2470 2470 2557 2557 2471 2471 2470 2470 2555 2555 2845 2845 2934 2934 2845 2845 2555 2555 2557 2557 2555 2555 2584 2584 2558 2558 2555 2555 2472 2472 2471 2471 2555 2555 2556 2556 2472 2472 2556 2556 2555 2555 2558 2558 2553 2553 2472 2472 2556 2556 2473 2473 2550 2550 2548 2548 2556 2556 2549 2549 2553 2553 2556 2556 2558 2558 2549 2549 2552 2552 2554 2554 2553 2553 2552 2552 2553 2553 2549 2549 2554 2554 2552 2552 2551 2551 2549 2549 2551 2551 2552 2552 2474 2474 2554 2554 2551 2551 2549 2549 2474 2474 2551 2551 2474 2474 2549 2549 2473 2473 2392 2392 2393 2393 2947 2947 2474 2474 2473 2473 2393 2393 2473 2473 2947 2947 2393 2393 2391 2391 2415 2415 2554 2554 2554 2554 2474 2474 2391 2391 2474 2474 2393 2393 2391 2391 2391 2391 2392 2392 2415 2415 2392 2392 2391 2391 2393 2393 2422 2422 2423 2423 2421 2421 2883 2883 2422 2422 2421 2421 2535 2535 2526 2526 2530 2530 2590 2590 2589 2589 2805 2805 2534 2534 2590 2590 2805 2805 2534 2534 2396 2396 2590 2590 2534 2534 2532 2532 2396 2396 2532 2532 2533 2533 2481 2481 2534 2534 2535 2535 2533 2533 2533 2533 2532 2532 2534 2534 2535 2535 2527 2527 2526 2526 2846 2846 2848 2848 2849 2849 2848 2848 2449 2449 2849 2849 2900 2900 2837 2837 2901 2901 2836 2836 2900 2900 2901 2901 2836 2836 2848 2848 2900 2900 2900 2900 2848 2848 2899 2899 2899 2899 2898 2898 2900 2900 2898 2898 2837 2837 2900 2900 2837 2837 2898 2898 2499 2499 2894 2894 2832 2832 2893 2893 2893 2893 2832 2832 2831 2831 2831 2831 2891 2891 2890 2890 2500 2500 2891 2891 2497 2497 2497 2497 2496 2496 2500 2500 2890 2890 2891 2891 2500 2500 2890 2890 2500 2500 2498 2498 2496 2496 2498 2498 2500 2500 2496 2496 2838 2838 2498 2498 2496 2496 2499 2499 2838 2838 2892 2892 2890 2890 2498 2498 2498 2498 2838 2838 2892 2892 2892 2892 2831 2831 2890 2890 2831 2831 2892 2892 2893 2893 2832 2832 2894 2894 2895 2895 2895 2895 2894 2894 2893 2893 2893 2893 2897 2897 2895 2895 2892 2892 2897 2897 2893 2893 2892 2892 2838 2838 2897 2897 2897 2897 2838 2838 2499 2499 2898 2898 2897 2897 2499 2499 2848 2848 2898 2898 2899 2899 2898 2898 2848 2848 2846 2846 2846 2846 2897 2897 2898 2898 2846 2846 2849 2849 2897 2897 2897 2897 2896 2896 2895 2895 2896 2896 2832 2832 2895 2895 2897 2897 2849 2849 2847 2847 2847 2847 2896 2896 2897 2897 2528 2528 2847 2847 2849 2849 2896 2896 2847 2847 2832 2832 2527 2527 2807 2807 2602 2602 2602 2602 2847 2847 2527 2527 2525 2525 2847 2847 2528 2528 2525 2525 2527 2527 2847 2847 2525 2525 2526 2526 2527 2527 2525 2525 2528 2528 2849 2849 2525 2525 2849 2849 2449 2449 2530 2530 2526 2526 2529 2529 2526 2526 2525 2525 2529 2529 2449 2449 2529 2529 2525 2525 2530 2530 2481 2481 2535 2535 2481 2481 2533 2533 2535 2535 2480 2480 2481 2481 2530 2530 2481 2481 2480 2480 2447 2447 2532 2532 2481 2481 2447 2447 2396 2396 2532 2532 2447 2447 2447 2447 2448 2448 2446 2446 2530 2530 2479 2479 2480 2480 2479 2479 2448 2448 2447 2447 2480 2480 2479 2479 2447 2447 2531 2531 2449 2449 2848 2848 2530 2530 2531 2531 2479 2479 2529 2529 2531 2531 2530 2530 2529 2529 2449 2449 2531 2531 2446 2446 2479 2479 2531 2531 2479 2479 2446 2446 2448 2448 2884 2884 2446 2446 2422 2422 2422 2422 2883 2883 2884 2884 2883 2883 2885 2885 2884 2884 2883 2883 2421 2421 2885 2885 2421 2421 2524 2524 2885 2885 2420 2420 2841 2841 2419 2419 2419 2419 2418 2418 2420 2420 2418 2418 2889 2889 2420 2420 2889 2889 2524 2524 2420 2420 2844 2844 2889 2889 2418 2418 2888 2888 2889 2889 2844 2844 2419 2419 2841 2841 2844 2844 2418 2418 2419 2419 2844 2844 2844 2844 2843 2843 2888 2888 2843 2843 2842 2842 2887 2887 2843 2843 2887 2887 2888 2888 2887 2887 2889 2889 2888 2888 2884 2884 2889 2889 2887 2887 2524 2524 2884 2884 2885 2885 2524 2524 2889 2889 2884 2884 2886 2886 2884 2884 2887 2887 2886 2886 2395 2395 2884 2884 2887 2887 2842 2842 2886 2886 2842 2842 2395 2395 2886 2886 2884 2884 2395 2395 2446 2446 2395 2395 2447 2447 2446 2446 2396 2396 2447 2447 2395 2395 2395 2395 2842 2842 2396 2396 2830 2830 2601 2601 2414 2414 2830 2830 2414 2414 2605 2605 2998 2998 2430 2430 2429 2429 2427 2427 2430 2430 2998 2998 2998 2998 2428 2428 2427 2427 2998 2998 2374 2374 2428 2428 2424 2424 2998 2998 2429 2429 2426 2426 2425 2425 2424 2424 2430 2430 2431 2431 2424 2424 2431 2431 2426 2426 2424 2424 2430 2430 2424 2424 2429 2429 2905 2905 2450 2450 2913 2913 2923 2923 2833 2833 2516 2516 2911 2911 2904 2904 2910 2910 2909 2909 2913 2913 2906 2906 2910 2910 2906 2906 2913 2913 2903 2903 2909 2909 2906 2906 2903 2903 2905 2905 2909 2909 2827 2827 2569 2569 2902 2902 2562 2562 2561 2561 2565 2565 2565 2565 2561 2561 2452 2452 2452 2452 2820 2820 2453 2453 2561 2561 2820 2820 2452 2452 2560 2560 2820 2820 2561 2561 2560 2560 2559 2559 2820 2820 2645 2645 2587 2587 2559 2559 2645 2645 2559 2559 2563 2563 2564 2564 2559 2559 2560 2560 2564 2564 2563 2563 2559 2559 2562 2562 2564 2564 2560 2560 2561 2561 2562 2562 2560 2560 2469 2469 2572 2572 2564 2564 2613 2613 2618 2618 2571 2571 2571 2571 2827 2827 2616 2616 2571 2571 2569 2569 2827 2827 2570 2570 2571 2571 2468 2468 2570 2570 2569 2569 2571 2571 2604 2604 2463 2463 2603 2603 2414 2414 2780 2780 2612 2612 2613 2613 2609 2609 2785 2785 2600 2600 2779 2779 2780 2780 2602 2602 2807 2807 2779 2779 2600 2600 2602 2602 2779 2779 2414 2414 2600 2600 2780 2780 2464 2464 2463 2463 2414 2414 2463 2463 2605 2605 2414 2414 2604 2604 2605 2605 2463 2463 2606 2606 2604 2604 2603 2603 2603 2603 2607 2607 2606 2606 2465 2465 2603 2603 2466 2466 2603 2603 2463 2463 2466 2466 2463 2463 2464 2464 2466 2466 2612 2612 2464 2464 2414 2414 2464 2464 2612 2612 2466 2466 2612 2612 2608 2608 2466 2466 2608 2608 2609 2609 2610 2610 2608 2608 2612 2612 2609 2609 2609 2609 2612 2612 2785 2785 2609 2609 2611 2611 2610 2610 2614 2614 2610 2610 2611 2611 2609 2609 2614 2614 2611 2611 2609 2609 2613 2613 2615 2615 2614 2614 2609 2609 2615 2615 2613 2613 2616 2616 2615 2615 2616 2616 2613 2613 2571 2571 2613 2613 2785 2785 2618 2618 2572 2572 2571 2571 2618 2618 2468 2468 2571 2571 2572 2572 2572 2572 2469 2469 2468 2468 2564 2564 2566 2566 2469 2469 2564 2564 2562 2562 2566 2566 2562 2562 2565 2565 2566 2566 2566 2566 2565 2565 2567 2567 2468 2468 2566 2566 2570 2570 2468 2468 2469 2469 2566 2566 2566 2566 2567 2567 2568 2568 2570 2570 2566 2566 2568 2568 2569 2569 2570 2570 2568 2568 2567 2567 2569 2569 2568 2568 2569 2569 2565 2565 2902 2902 2565 2565 2569 2569 2567 2567 2902 2902 2903 2903 2904 2904 2835 2835 2902 2902 2904 2904 2834 2834 2828 2828 2835 2835 2906 2906 2904 2904 2903 2903 2906 2906 2910 2910 2904 2904 2835 2835 2515 2515 2834 2834 2908 2908 2833 2833 2907 2907 2835 2835 2907 2907 2515 2515 2515 2515 2907 2907 2833 2833 2835 2835 2904 2904 2907 2907 2907 2907 2904 2904 2911 2911 2908 2908 2907 2907 2911 2911 2923 2923 2515 2515 2833 2833 2919 2919 2920 2920 2823 2823 2919 2919 2823 2823 2921 2921 2920 2920 2919 2919 2514 2514 2919 2919 2921 2921 2922 2922 2922 2922 2514 2514 2919 2919 2819 2819 2923 2923 2921 2921 2923 2923 2922 2922 2921 2921 2923 2923 2514 2514 2922 2922 2923 2923 2516 2516 2514 2514 2516 2516 2915 2915 2514 2514 2918 2918 2915 2915 2916 2916 2514 2514 2915 2915 2920 2920 2920 2920 2915 2915 2918 2918 2917 2917 2920 2920 2918 2918 2918 2918 2916 2916 2824 2824 2824 2824 2917 2917 2918 2918 2914 2914 2820 2820 2824 2824 2914 2914 2824 2824 2916 2916 2912 2912 2915 2915 2516 2516 2912 2912 2916 2916 2915 2915 2912 2912 2914 2914 2916 2916 2912 2912 2820 2820 2914 2914 2908 2908 2911 2911 2913 2913 2913 2913 2833 2833 2908 2908 2913 2913 2516 2516 2833 2833 2913 2913 2912 2912 2516 2516 2913 2913 2911 2911 2910 2910 2912 2912 2913 2913 2820 2820 2913 2913 2453 2453 2820 2820 2913 2913 2909 2909 2905 2905 2450 2450 2905 2905 2903 2903 2450 2450 2903 2903 2902 2902 2450 2450 2902 2902 2565 2565 2913 2913 2451 2451 2453 2453 2913 2913 2450 2450 2451 2451 2452 2452 2453 2453 2451 2451 2451 2451 2565 2565 2452 2452 2565 2565 2451 2451 2450 2450 2404 2404 2403 2403 2458 2458 2527 2527 2458 2458 2715 2715 2731 2731 2732 2732 2715 2715 2745 2745 2731 2731 2715 2715 2458 2458 2745 2745 2715 2715 2458 2458 2403 2403 2745 2745 2458 2458 2459 2459 2460 2460 2460 2460 2404 2404 2458 2458 2460 2460 2402 2402 2403 2403 2574 2574 2575 2575 2467 2467 2592 2592 2540 2540 2594 2594 2592 2592 2574 2574 2467 2467 2467 2467 2573 2573 2595 2595 2588 2588 2591 2591 2852 2852 2589 2589 2590 2590 2591 2591 2588 2588 2589 2589 2591 2591 2593 2593 2588 2588 2852 2852 2577 2577 2578 2578 2576 2576 2576 2576 2593 2593 2577 2577 2573 2573 2577 2577 2593 2593 2595 2595 2596 2596 2467 2467 2596 2596 2854 2854 2467 2467 2854 2854 2592 2592 2467 2467 2581 2581 2583 2583 2582 2582 2580 2580 2581 2581 2582 2582 2579 2579 2542 2542 2580 2580 2580 2580 2582 2582 2579 2579 2586 2586 2587 2587 2585 2585 2559 2559 2587 2587 2586 2586 2586 2586 2585 2585 2584 2584 2597 2597 2839 2839 2501 2501 2859 2859 2598 2598 2501 2501 2598 2598 2597 2597 2501 2501 2839 2839 2599 2599 2501 2501 2414 2414 2601 2601 2600 2600 2601 2601 2602 2602 2600 2600 2618 2618 2624 2624 2870 2870 2726 2726 2618 2618 2870 2870 2728 2728 2729 2729 2730 2730 2729 2729 2646 2646 2730 2730 2727 2727 2728 2728 2730 2730 2730 2730 2726 2726 2727 2727 2730 2730 2618 2618 2726 2726 2739 2739 2871 2871 2734 2734 2650 2650 2649 2649 2733 2733 2650 2650 2733 2733 2735 2735 2733 2733 2739 2739 2735 2735 2739 2739 2734 2734 2735 2735 2587 2587 2763 2763 2764 2764 2764 2764 2761 2761 2585 2585 2764 2764 2585 2585 2587 2587 2587 2587 2645 2645 2763 2763 2793 2793 2801 2801 2579 2579 2796 2796 2793 2793 2582 2582 2796 2796 2582 2582 2583 2583 2583 2583 2672 2672 2796 2796 2793 2793 2579 2579 2582 2582 2592 2592 2879 2879 2490 2490 2540 2540 2490 2490 2492 2492 2486 2486 2540 2540 2492 2492 2540 2540 2592 2592 2490 2490 2574 2574 2592 2592 2594 2594 2594 2594 2683 2683 2575 2575 2594 2594 2575 2575 2574 2574 2806 2806 2805 2805 2588 2588 2576 2576 2806 2806 2588 2588 2593 2593 2576 2576 2588 2588 2805 2805 2589 2589 2588 2588 2810 2810 2965 2965 2809 2809 2961 2961 2810 2810 2812 2812 2961 2961 2812 2812 2580 2580 2960 2960 2961 2961 2580 2580 2542 2542 2956 2956 2960 2960 2542 2542 2815 2815 2956 2956 2580 2580 2542 2542 2960 2960 2812 2812 2581 2581 2580 2580 2812 2812 2813 2813 2581 2581 2813 2813 2814 2814 2581 2581 2814 2814 2947 2947 2581 2581 2810 2810 2811 2811 2812 2812 2810 2810 2809 2809 2811 2811 2818 2818 2949 2949 2816 2816 2818 2818 2817 2817 2936 2936 2415 2415 2818 2818 2936 2936 2818 2818 2816 2816 2817 2817 2584 2584 2555 2555 2931 2931 2586 2586 2584 2584 2821 2821 2821 2821 2825 2825 2920 2920 2825 2825 2823 2823 2920 2920 2822 2822 2921 2921 2823 2823 2822 2822 2819 2819 2921 2921 2822 2822 2925 2925 2819 2819 2826 2826 2822 2822 2823 2823 2825 2825 2826 2826 2823 2823 2821 2821 2920 2920 2586 2586 2920 2920 2917 2917 2586 2586 2917 2917 2824 2824 2586 2586 2824 2824 2820 2820 2559 2559 2824 2824 2559 2559 2586 2586 2584 2584 2930 2930 2821 2821 2584 2584 2931 2931 2930 2930 2465 2465 2466 2466 2608 2608 2607 2607 2603 2603 2610 2610 2829 2829 2610 2610 2827 2827 2614 2614 2616 2616 2827 2827 2614 2614 2615 2615 2616 2616 2828 2828 2829 2829 2827 2827 2827 2827 2902 2902 2835 2835 2827 2827 2835 2835 2828 2828 2610 2610 2614 2614 2827 2827 2829 2829 2607 2607 2610 2610 2603 2603 2608 2608 2610 2610 2603 2603 2465 2465 2608 2608 2830 2830 2497 2497 2891 2891 2832 2832 2847 2847 2602 2602 2601 2601 2831 2831 2832 2832 2832 2832 2602 2602 2601 2601 2601 2601 2891 2891 2831 2831 2601 2601 2830 2830 2891 2891 2901 2901 2423 2423 2422 2422 2531 2531 2422 2422 2446 2446 2531 2531 2848 2848 2836 2836 2531 2531 2836 2836 2422 2422 2836 2836 2901 2901 2422 2422 2597 2597 2598 2598 2591 2591 2591 2591 2842 2842 2843 2843 2590 2590 2396 2396 2842 2842 2591 2591 2590 2590 2842 2842 2597 2597 2591 2591 2843 2843 2843 2843 2844 2844 2597 2597 2844 2844 2841 2841 2597 2597 2841 2841 2420 2420 2840 2840 2841 2841 2840 2840 2597 2597 2598 2598 2852 2852 2591 2591 2512 2512 2855 2855 2513 2513 2595 2595 2855 2855 2596 2596 2854 2854 2511 2511 2853 2853 2854 2854 2853 2853 2879 2879 2592 2592 2854 2854 2879 2879 2854 2854 2596 2596 2855 2855 2595 2595 2513 2513 2855 2855 2511 2511 2854 2854 2855 2855 2512 2512 2511 2511 2855 2855 2513 2513 2595 2595 2858 2858 2858 2858 2860 2860 2970 2970 2859 2859 2860 2860 2857 2857 2593 2593 2852 2852 2857 2857 2598 2598 2859 2859 2852 2852 2573 2573 2593 2593 2857 2857 2857 2857 2852 2852 2859 2859 2860 2860 2858 2858 2856 2856 2857 2857 2860 2860 2856 2856 2573 2573 2857 2857 2856 2856 2858 2858 2851 2851 2856 2856 2851 2851 2573 2573 2856 2856 2595 2595 2851 2851 2858 2858 2851 2851 2595 2595 2573 2573 2509 2509 2507 2507 2974 2974 2506 2506 2973 2973 2974 2974 2507 2507 2506 2506 2974 2974 3012 3012 3011 3011 3049 3049 3011 3011 3012 3012 3017 3017 3017 3017 3012 3012 3015 3015 3054 3054 3015 3015 3012 3012 3013 3013 3015 3015 3054 3054 3017 3017 3015 3015 3014 3014 3017 3017 3014 3014 3016 3016 3018 3018 3011 3011 3017 3017 3018 3018 3023 3023 3019 3019 3018 3018 3019 3019 3025 3025 3022 3022 3029 3029 3018 3018 3018 3018 3026 3026 3020 3020 3011 3011 3018 3018 3020 3020 3018 3018 3017 3017 3023 3023 3018 3018 3025 3025 3021 3021 3018 3018 3021 3021 3024 3024 3022 3022 3018 3018 3024 3024 3029 3029 3026 3026 3018 3018 3028 3028 3027 3027 3030 3030 3031 3031 3027 3027 3029 3029 3031 3031 3030 3030 3027 3027 3034 3034 3032 3032 3031 3031 3022 3022 3033 3033 3034 3034 3034 3034 3033 3033 3239 3239 3031 3031 3022 3022 3034 3034 3035 3035 3036 3036 3034 3034 3036 3036 3238 3238 3034 3034 3238 3238 3038 3038 3034 3034 3238 3238 3037 3037 3038 3038 3037 3037 3040 3040 3038 3038 3041 3041 3039 3039 3038 3038 3038 3038 3040 3040 3041 3041 3040 3040 3042 3042 3041 3041 3042 3042 3043 3043 3041 3041 3313 3313 3041 3041 3043 3043 3044 3044 3041 3041 3313 3313 3039 3039 3041 3041 3044 3044 3505 3505 3044 3044 3028 3028 3048 3048 3046 3046 3045 3045 3045 3045 3047 3047 3048 3048 3046 3046 3044 3044 3045 3045 3049 3049 3048 3048 3047 3047 3049 3049 3020 3020 3048 3048 3049 3049 3047 3047 2125 2125 3047 3047 3045 3045 2125 2125 2125 2125 3050 3050 3049 3049 3045 3045 3051 3051 2125 2125 3052 3052 3050 3050 2125 2125 3052 3052 2125 2125 3051 3051 3050 3050 3052 3052 3051 3051 3050 3050 3051 3051 3053 3053 3054 3054 3053 3053 3051 3051 3053 3053 3054 3054 3012 3012 3049 3049 3050 3050 3053 3053 3012 3012 3049 3049 3053 3053 3013 3013 3054 3054 3051 3051 3013 3013 3051 3051 3059 3059 3056 3056 3055 3055 3051 3051 3051 3051 3055 3055 3059 3059 3014 3014 3013 3013 3059 3059 3058 3058 3057 3057 3059 3059 3060 3060 3059 3059 3331 3331 3059 3059 3060 3060 3058 3058 3061 3061 3058 3058 3060 3060 3062 3062 3061 3061 3063 3063 3503 3503 3062 3062 3023 3023 3023 3023 3062 3062 3019 3019 3503 3503 3061 3061 3062 3062 3062 3062 3063 3063 3323 3323 3062 3062 3323 3323 3064 3064 3062 3062 3064 3064 3019 3019 3065 3065 3019 3019 3064 3064 3067 3067 3330 3330 3066 3066 3330 3330 3078 3078 3068 3068 3330 3330 3068 3068 3066 3066 3069 3069 3071 3071 3075 3075 3071 3071 3070 3070 3072 3072 3075 3075 3071 3071 3072 3072 3074 3074 3072 3072 3070 3070 3072 3072 3074 3074 3073 3073 3072 3072 3073 3073 3075 3075 3086 3086 3075 3075 3073 3073 3086 3086 3085 3085 3075 3075 3085 3085 3076 3076 3075 3075 3078 3078 3075 3075 3076 3076 3076 3076 3077 3077 3078 3078 3077 3077 3076 3076 3085 3085 3078 3078 3077 3077 3079 3079 3080 3080 3079 3079 3077 3077 3081 3081 3080 3080 3077 3077 3077 3077 3085 3085 3081 3081 3088 3088 3081 3081 3085 3085 3082 3082 3081 3081 3088 3088 3080 3080 3081 3081 3082 3082 3084 3084 3082 3082 3088 3088 3087 3087 3085 3085 3086 3086 3088 3088 3087 3087 3083 3083 3089 3089 3083 3083 3090 3090 3089 3089 3090 3090 3091 3091 3092 3092 3091 3091 3093 3093 3096 3096 3098 3098 3095 3095 3097 3097 3096 3096 3095 3095 3097 3097 3095 3095 3091 3091 3095 3095 3093 3093 3091 3091 3668 3668 3423 3423 3098 3098 3098 3098 3423 3423 3099 3099 2763 2763 3430 3430 2764 2764 2764 2764 3101 3101 3100 3100 2764 2764 3421 3421 3101 3101 3430 3430 3421 3421 2764 2764 2764 2764 3100 3100 3103 3103 3101 3101 3102 3102 3103 3103 3103 3103 3100 3100 3101 3101 3102 3102 3104 3104 3103 3103 3105 3105 3104 3104 3102 3102 3106 3106 3105 3105 3102 3102 3108 3108 3101 3101 3109 3109 3108 3108 3109 3109 3117 3117 3421 3421 3109 3109 3101 3101 3109 3109 3110 3110 3113 3113 3111 3111 3110 3110 3109 3109 3112 3112 3111 3111 3109 3109 3109 3109 3421 3421 3112 3112 3113 3113 3114 3114 3119 3119 3114 3114 3113 3113 3115 3115 3110 3110 3115 3115 3113 3113 3113 3113 3119 3119 3109 3109 3109 3109 3119 3119 3116 3116 3109 3109 3116 3116 3117 3117 3119 3119 3118 3118 3116 3116 3120 3120 3116 3116 3118 3118 3121 3121 3120 3120 3118 3118 3122 3122 3117 3117 3116 3116 3120 3120 3122 3122 3116 3116 3107 3107 3122 3122 3120 3120 3107 3107 3108 3108 3122 3122 3123 3123 3124 3124 3126 3126 3107 3107 3125 3125 3124 3124 3124 3124 3125 3125 3126 3126 3126 3126 3128 3128 3127 3127 3123 3123 3126 3126 3127 3127 3131 3131 3128 3128 3126 3126 3125 3125 3132 3132 3126 3126 3131 3131 3126 3126 3132 3132 3131 3131 3130 3130 3129 3129 3141 3141 3134 3134 3133 3133 3133 3133 3134 3134 3132 3132 3134 3134 3141 3141 3138 3138 3131 3131 3132 3132 3134 3134 3134 3134 3136 3136 3131 3131 3136 3136 3134 3134 3135 3135 3137 3137 3135 3135 3134 3134 3137 3137 3134 3134 3138 3138 3413 3413 3138 3138 3139 3139 3139 3139 3140 3140 3413 3413 3142 3142 3139 3139 3138 3138 3139 3139 3142 3142 3140 3140 3142 3142 3141 3141 3133 3133 3141 3141 3142 3142 3138 3138 3143 3143 3140 3140 3142 3142 3148 3148 3143 3143 3142 3142 3148 3148 3142 3142 3144 3144 3144 3144 3142 3142 3133 3133 3148 3148 3144 3144 3145 3145 3133 3133 3146 3146 3145 3145 3133 3133 3145 3145 3144 3144 3145 3145 3146 3146 3115 3115 3146 3146 3147 3147 3119 3119 3146 3146 3119 3119 3114 3114 3121 3121 3147 3147 3146 3146 3121 3121 3118 3118 3147 3147 3147 3147 3118 3118 3119 3119 3125 3125 3121 3121 3146 3146 3110 3110 3145 3145 3115 3115 3125 3125 3146 3146 3133 3133 3114 3114 3115 3115 3146 3146 3110 3110 3111 3111 3145 3145 3111 3111 3148 3148 3145 3145 3112 3112 3148 3148 3111 3111 3148 3148 3112 3112 3149 3149 3151 3151 3149 3149 3418 3418 3150 3150 3149 3149 3096 3096 3149 3149 3151 3151 3096 3096 3097 3097 3152 3152 3096 3096 3152 3152 3150 3150 3096 3096 3157 3157 3150 3150 3153 3153 3153 3153 3152 3152 3097 3097 3153 3153 3150 3150 3152 3152 3157 3157 3154 3154 3150 3150 3157 3157 3153 3153 3155 3155 3156 3156 3157 3157 3279 3279 3157 3157 3155 3155 3279 3279 3158 3158 3159 3159 3157 3157 3159 3159 3154 3154 3157 3157 3161 3161 3160 3160 3159 3159 3159 3159 3160 3160 3154 3154 3161 3161 3159 3159 3158 3158 3158 3158 3162 3162 3161 3161 3163 3163 3162 3162 3158 3158 3163 3163 3166 3166 3162 3162 3162 3162 3165 3165 3164 3164 3162 3162 3166 3166 3165 3165 3163 3163 3167 3167 3166 3166 3166 3166 3168 3168 3165 3165 3166 3166 3167 3167 3168 3168 3170 3170 3169 3169 3167 3167 3167 3167 3169 3169 3168 3168 3408 3408 3170 3170 3171 3171 3171 3171 3170 3170 3172 3172 3170 3170 3167 3167 3172 3172 3167 3167 3292 3292 3172 3172 3292 3292 3174 3174 3172 3172 3171 3171 3172 3172 3175 3175 3172 3172 3174 3174 3173 3173 3173 3173 3175 3175 3172 3172 3171 3171 3175 3175 3127 3127 3176 3176 3127 3127 3175 3175 3173 3173 3176 3176 3175 3175 3176 3176 3178 3178 3179 3179 3178 3178 3176 3176 3177 3177 3178 3178 3177 3177 3180 3180 3181 3181 3180 3180 3176 3176 3224 3224 3178 3178 3180 3180 3224 3224 3180 3180 3181 3181 3224 3224 3181 3181 3182 3182 3183 3183 3182 3182 3181 3181 3182 3182 3183 3183 3184 3184 3182 3182 3184 3184 3185 3185 3185 3185 3224 3224 3182 3182 3186 3186 3185 3185 3184 3184 3184 3184 3187 3187 3186 3186 3188 3188 3187 3187 3189 3189 3187 3187 3188 3188 3190 3190 3186 3186 3187 3187 3190 3190 3190 3190 3191 3191 3195 3195 3188 3188 3191 3191 3190 3190 3191 3191 3192 3192 3193 3193 3191 3191 3188 3188 3192 3192 3193 3193 3195 3195 3191 3191 3194 3194 3195 3195 3193 3193 3195 3195 3196 3196 3199 3199 3194 3194 3196 3196 3195 3195 3196 3196 3197 3197 3199 3199 3198 3198 3199 3199 3197 3197 3201 3201 3199 3199 3204 3204 3204 3204 3199 3199 3198 3198 3198 3198 3202 3202 3204 3204 3202 3202 3203 3203 3204 3204 3205 3205 3207 3207 3206 3206 3205 3205 3204 3204 3207 3207 3197 3197 3207 3207 3202 3202 3202 3202 3208 3208 3197 3197 3198 3198 3208 3208 3202 3202 3198 3198 3197 3197 3208 3208 3203 3203 3202 3202 3207 3207 3406 3406 3206 3206 3207 3207 3212 3212 3206 3206 3406 3406 3212 3212 3210 3210 3209 3209 3212 3212 3211 3211 3210 3210 3214 3214 3212 3212 3209 3209 3217 3217 3206 3206 3212 3212 3214 3214 3221 3221 3212 3212 3215 3215 3217 3217 3212 3212 3204 3204 3216 3216 3215 3215 3215 3215 3216 3216 3217 3217 3205 3205 3216 3216 3204 3204 3216 3216 3205 3205 3217 3217 3205 3205 3206 3206 3217 3217 3219 3219 3204 3204 3215 3215 3231 3231 3218 3218 3219 3219 3215 3215 3220 3220 3219 3219 3220 3220 3221 3221 3219 3219 3219 3219 3221 3221 3214 3214 3219 3219 3218 3218 3227 3227 3219 3219 3228 3228 3204 3204 3222 3222 3227 3227 3218 3218 3222 3222 3224 3224 3185 3185 3223 3223 3222 3222 3218 3218 3179 3179 3222 3222 3223 3223 3222 3222 3185 3185 3227 3227 3179 3179 3224 3224 3222 3222 3178 3178 3224 3224 3179 3179 3225 3225 3223 3223 3218 3218 3179 3179 3223 3223 3225 3225 3225 3225 3218 3218 3033 3033 3179 3179 3225 3225 3226 3226 3226 3226 3225 3225 3022 3022 3225 3225 3033 3033 3022 3022 3226 3226 3127 3127 3176 3176 3127 3127 3226 3226 3022 3022 3179 3179 3226 3226 3176 3176 3185 3185 3229 3229 3227 3227 3228 3228 3219 3219 3227 3227 3228 3228 3227 3227 3195 3195 3195 3195 3200 3200 3228 3228 3228 3228 3200 3200 3199 3199 3201 3201 3228 3228 3199 3199 3204 3204 3228 3228 3201 3201 3195 3195 3227 3227 3229 3229 3190 3190 3195 3195 3229 3229 3229 3229 3185 3185 3186 3186 3190 3190 3229 3229 3186 3186 3221 3221 3220 3220 3212 3212 3220 3220 3213 3213 3212 3212 3220 3220 3215 3215 3213 3213 3231 3231 3219 3219 3230 3230 3209 3209 3230 3230 3214 3214 3219 3219 3214 3214 3230 3230 3209 3209 3233 3233 3230 3230 3231 3231 3230 3230 3233 3233 3231 3231 3232 3232 3218 3218 3233 3233 3232 3232 3231 3231 3232 3232 3233 3233 3234 3234 3233 3233 3209 3209 3234 3234 3209 3209 3236 3236 3234 3234 3232 3232 3234 3234 3235 3235 3239 3239 3235 3235 3234 3234 3239 3239 3234 3234 3236 3236 3239 3239 3035 3035 3034 3034 3239 3239 3237 3237 3035 3035 3237 3237 3239 3239 3238 3238 3239 3239 3245 3245 3238 3238 3239 3239 3240 3240 3245 3245 3241 3241 3240 3240 3239 3239 3211 3211 3240 3240 3241 3241 3210 3210 3211 3211 3241 3241 3210 3210 3241 3241 3236 3236 3239 3239 3236 3236 3241 3241 3242 3242 3245 3245 3240 3240 3244 3244 3242 3242 3240 3240 3211 3211 3243 3243 3240 3240 3243 3243 3244 3244 3240 3240 3245 3245 3247 3247 3040 3040 3247 3247 3245 3245 3242 3242 3247 3247 3242 3242 3246 3246 3040 3040 3247 3247 3246 3246 3246 3246 3042 3042 3040 3040 3266 3266 3042 3042 3246 3246 3246 3246 3351 3351 3350 3350 3248 3248 3246 3246 3242 3242 3246 3246 3248 3248 3260 3260 3246 3246 3260 3260 3249 3249 3246 3246 3249 3249 3261 3261 3246 3246 3262 3262 3250 3250 3246 3246 3250 3250 3251 3251 3246 3246 3263 3263 3252 3252 3246 3246 3252 3252 3360 3360 3246 3246 3360 3360 3351 3351 3246 3246 3350 3350 3253 3253 3246 3246 3253 3253 3254 3254 3246 3246 3254 3254 3255 3255 3246 3246 3255 3255 3256 3256 3246 3246 3256 3256 3345 3345 3246 3246 3345 3345 3340 3340 3246 3246 3340 3340 3341 3341 3246 3246 3341 3341 3267 3267 3246 3246 3267 3267 3264 3264 3246 3246 3268 3268 3269 3269 3246 3246 3269 3269 3257 3257 3246 3246 3257 3257 3258 3258 3246 3246 3258 3258 3259 3259 3246 3246 3261 3261 3262 3262 3246 3246 3251 3251 3263 3263 3246 3246 3264 3264 3265 3265 3246 3246 3265 3265 3268 3268 3246 3246 3259 3259 3266 3266 3266 3266 3271 3271 3042 3042 3270 3270 3189 3189 3266 3266 3272 3272 3266 3266 3189 3189 3271 3271 3266 3266 3272 3272 3272 3272 3313 3313 3271 3271 3273 3273 3272 3272 3189 3189 3273 3273 3333 3333 3284 3284 3273 3273 3187 3187 3333 3333 3273 3273 3189 3189 3187 3187 3274 3274 3273 3273 3284 3284 3273 3273 3274 3274 3276 3276 3275 3275 3273 3273 3315 3315 3273 3273 3276 3276 3315 3315 3276 3276 3277 3277 3315 3315 3277 3277 3276 3276 3274 3274 3277 3277 3274 3274 3278 3278 3315 3315 3277 3277 3620 3620 3087 3087 3315 3315 3620 3620 3620 3620 3097 3097 3091 3091 3091 3091 3087 3087 3620 3620 3620 3620 3279 3279 3097 3097 3280 3280 3278 3278 3156 3156 3156 3156 3620 3620 3280 3280 3156 3156 3278 3278 3296 3296 3296 3296 3278 3278 3282 3282 3283 3283 3282 3282 3278 3278 3281 3281 3283 3283 3278 3278 3281 3281 3278 3278 3284 3284 3274 3274 3284 3284 3278 3278 3281 3281 3284 3284 3286 3286 3286 3286 3285 3285 3281 3281 3287 3287 3285 3285 3286 3286 3176 3176 3287 3287 3286 3286 3176 3176 3286 3286 3181 3181 3288 3288 3287 3287 3173 3173 3287 3287 3289 3289 3173 3173 3285 3285 3288 3288 3292 3292 3288 3288 3291 3291 3292 3292 3293 3293 3292 3292 3290 3290 3292 3292 3293 3293 3285 3285 3294 3294 3293 3293 3283 3283 3293 3293 3294 3294 3285 3285 3294 3294 3281 3281 3285 3285 3294 3294 3283 3283 3281 3281 3287 3287 3288 3288 3285 3285 3282 3282 3293 3293 3295 3295 3282 3282 3283 3283 3293 3293 3290 3290 3295 3295 3293 3293 3296 3296 3282 3282 3295 3295 3295 3295 3290 3290 3167 3167 3296 3296 3295 3295 3163 3163 3163 3163 3295 3295 3167 3167 3158 3158 3296 3296 3163 3163 3292 3292 3291 3291 3174 3174 3173 3173 3174 3174 3291 3291 3291 3291 3288 3288 3173 3173 3292 3292 3167 3167 3290 3290 3287 3287 3176 3176 3289 3289 3173 3173 3289 3289 3176 3176 3183 3183 3181 3181 3286 3286 3183 3183 3286 3286 3284 3284 3158 3158 3157 3157 3296 3296 3156 3156 3296 3296 3157 3157 3280 3280 3620 3620 3277 3277 3280 3280 3277 3277 3278 3278 3156 3156 3279 3279 3620 3620 3087 3087 3299 3299 3297 3297 3087 3087 3297 3297 3298 3298 3091 3091 3090 3090 3087 3087 3087 3087 3298 3298 3315 3315 3300 3300 3299 3299 3087 3087 3300 3300 3301 3301 3299 3299 3299 3299 3302 3302 3303 3303 3303 3303 3308 3308 3304 3304 3303 3303 3304 3304 3305 3305 3303 3303 3305 3305 3297 3297 3299 3299 3303 3303 3297 3297 3302 3302 3308 3308 3303 3303 3304 3304 3308 3308 3307 3307 3305 3305 3304 3304 3307 3307 3316 3316 3307 3307 3308 3308 3316 3316 3309 3309 3307 3307 3297 3297 3307 3307 3309 3309 3297 3297 3305 3305 3307 3307 3309 3309 3311 3311 3310 3310 3310 3310 3297 3297 3309 3309 3297 3297 3310 3310 3298 3298 3310 3310 3311 3311 3298 3298 3311 3311 3309 3309 3312 3312 3312 3312 3309 3309 3316 3316 3312 3312 3313 3313 3272 3272 3314 3314 3312 3312 3272 3272 3275 3275 3314 3314 3272 3272 3298 3298 3314 3314 3275 3275 3275 3275 3315 3315 3298 3298 3312 3312 3314 3314 3298 3298 3312 3312 3316 3316 3313 3313 3313 3313 3316 3316 3045 3045 3312 3312 3298 3298 3311 3311 3316 3316 3308 3308 3051 3051 3045 3045 3316 3316 3051 3051 3051 3051 3308 3308 3306 3306 3056 3056 3306 3306 3308 3308 3056 3056 3308 3308 3302 3302 3299 3299 3056 3056 3302 3302 3299 3299 3317 3317 3056 3056 3056 3056 3317 3317 3318 3318 3318 3318 3317 3317 3319 3319 3318 3318 3319 3319 3320 3320 3321 3321 3320 3320 3319 3319 3321 3321 3319 3319 3063 3063 3322 3322 3063 3063 3319 3319 3323 3323 3063 3063 3322 3322 3324 3324 3323 3323 3322 3322 3319 3319 3324 3324 3322 3322 3324 3324 3325 3325 3323 3323 3317 3317 3324 3324 3319 3319 3317 3317 3326 3326 3324 3324 3326 3326 3086 3086 3324 3324 3086 3086 3325 3325 3324 3324 3086 3086 3073 3073 3325 3325 3074 3074 3325 3325 3073 3073 3301 3301 3326 3326 3317 3317 3301 3301 3300 3300 3326 3326 3086 3086 3300 3300 3087 3087 3074 3074 3327 3327 3325 3325 3327 3327 3323 3323 3325 3325 3070 3070 3071 3071 3327 3327 3329 3329 3327 3327 3071 3071 3327 3327 3329 3329 3323 3323 3323 3323 3329 3329 3328 3328 3323 3323 3328 3328 3064 3064 3328 3328 3065 3065 3064 3064 3328 3328 3329 3329 3069 3069 3069 3069 3330 3330 3328 3328 3329 3329 3071 3071 3069 3069 3328 3328 3330 3330 3065 3065 3330 3330 3067 3067 3065 3065 3327 3327 3074 3074 3070 3070 3063 3063 3331 3331 3321 3321 3331 3331 3332 3332 3321 3321 3059 3059 3332 3332 3331 3331 3055 3055 3332 3332 3059 3059 3055 3055 3321 3321 3332 3332 3320 3320 3321 3321 3055 3055 3061 3061 3060 3060 3331 3331 3061 3061 3331 3331 3063 3063 3320 3320 3055 3055 3056 3056 3056 3056 3318 3318 3320 3320 3299 3299 3301 3301 3317 3317 3279 3279 3155 3155 3097 3097 3153 3153 3097 3097 3155 3155 3275 3275 3272 3272 3273 3273 3333 3333 3184 3184 3183 3183 3184 3184 3333 3333 3187 3187 3284 3284 3333 3333 3183 3183 3313 3313 3043 3043 3271 3271 3335 3335 3270 3270 3337 3337 3270 3270 3334 3334 3337 3337 3270 3270 3336 3336 3334 3334 3266 3266 3336 3336 3270 3270 3337 3337 3334 3334 3259 3259 3334 3334 3336 3336 3266 3266 3270 3270 3335 3335 3338 3338 3340 3340 3338 3338 3335 3335 3342 3342 3339 3339 3335 3335 3335 3335 3341 3341 3340 3340 3335 3335 3264 3264 3267 3267 3335 3335 3267 3267 3341 3341 3335 3335 3339 3339 3264 3264 3343 3343 3342 3342 3335 3335 3344 3344 3343 3343 3335 3335 3337 3337 3344 3344 3335 3335 3344 3344 3337 3337 3258 3258 3344 3344 3258 3258 3257 3257 3343 3343 3344 3344 3257 3257 3343 3343 3257 3257 3269 3269 3342 3342 3269 3269 3268 3268 3342 3342 3343 3343 3269 3269 3264 3264 3339 3339 3265 3265 3340 3340 3345 3345 3338 3338 3346 3346 3345 3345 3256 3256 3338 3338 3345 3345 3346 3346 3346 3346 3256 3256 3255 3255 3347 3347 3346 3346 3255 3255 3338 3338 3346 3346 3347 3347 3347 3347 3255 3255 3254 3254 3348 3348 3347 3347 3254 3254 3338 3338 3347 3347 3348 3348 3348 3348 3254 3254 3253 3253 3349 3349 3348 3348 3253 3253 3338 3338 3348 3348 3349 3349 3349 3349 3253 3253 3350 3350 3338 3338 3349 3349 3350 3350 3350 3350 3351 3351 3352 3352 3350 3350 3352 3352 3338 3338 3352 3352 3361 3361 3353 3353 3338 3338 3352 3352 3353 3353 3352 3352 3355 3355 3354 3354 3360 3360 3355 3355 3352 3352 3352 3352 3359 3359 3357 3357 3356 3356 3361 3361 3352 3352 3352 3352 3357 3357 3356 3356 3352 3352 3354 3354 3358 3358 3352 3352 3358 3358 3359 3359 3351 3351 3360 3360 3352 3352 3353 3353 3361 3361 3362 3362 3361 3361 3365 3365 3377 3377 3361 3361 3364 3364 3365 3365 3361 3361 3367 3367 3366 3366 3377 3377 3362 3362 3361 3361 3369 3369 3363 3363 3361 3361 3361 3361 3370 3370 3364 3364 3361 3361 3366 3366 3370 3370 3361 3361 3368 3368 3367 3367 3361 3361 3363 3363 3368 3368 3356 3356 3369 3369 3361 3361 3370 3370 3366 3366 3371 3371 3370 3370 3371 3371 3374 3374 3242 3242 3374 3374 3371 3371 3366 3366 3372 3372 3371 3371 3242 3242 3371 3371 3372 3372 3366 3366 3367 3367 3372 3372 3367 3367 3373 3373 3372 3372 3242 3242 3372 3372 3373 3373 3242 3242 3373 3373 3368 3368 3367 3367 3368 3368 3373 3373 3363 3363 3248 3248 3368 3368 3242 3242 3368 3368 3248 3248 3364 3364 3374 3374 3375 3375 3242 3242 3375 3375 3374 3374 3364 3364 3370 3370 3374 3374 3365 3365 3375 3375 3376 3376 3242 3242 3376 3376 3375 3375 3365 3365 3364 3364 3375 3375 3377 3377 3376 3376 3378 3378 3242 3242 3378 3378 3376 3376 3377 3377 3365 3365 3376 3376 3380 3380 3378 3378 3379 3379 3242 3242 3379 3379 3378 3378 3380 3380 3377 3377 3378 3378 3377 3377 3380 3380 3362 3362 3380 3380 3379 3379 3362 3362 3242 3242 3381 3381 3379 3379 3362 3362 3379 3379 3381 3381 3362 3362 3381 3381 3382 3382 3382 3382 3381 3381 3383 3383 3382 3382 3383 3383 3384 3384 3362 3362 3382 3382 3384 3384 3242 3242 3385 3385 3384 3384 3362 3362 3384 3384 3385 3385 3362 3362 3385 3385 3386 3386 3386 3386 3385 3385 3387 3387 3242 3242 3387 3387 3385 3385 3388 3388 3387 3387 3389 3389 3242 3242 3389 3389 3387 3387 3388 3388 3386 3386 3387 3387 3362 3362 3386 3386 3388 3388 3362 3362 3388 3388 3392 3392 3392 3392 3388 3388 3389 3389 3392 3392 3391 3391 3362 3362 3392 3392 3389 3389 3390 3390 3392 3392 3393 3393 3391 3391 3393 3393 3392 3392 3390 3390 3242 3242 3393 3393 3390 3390 3242 3242 3394 3394 3393 3393 3393 3393 3394 3394 3391 3391 3242 3242 3395 3395 3394 3394 3391 3391 3394 3394 3395 3395 3391 3391 3395 3395 3396 3396 3242 3242 3396 3396 3395 3395 3391 3391 3396 3396 3397 3397 3242 3242 3397 3397 3396 3396 3391 3391 3397 3397 3398 3398 3398 3398 3404 3404 3391 3391 3242 3242 3399 3399 3398 3398 3398 3398 3399 3399 3404 3404 3242 3242 3400 3400 3399 3399 3404 3404 3399 3399 3400 3400 3404 3404 3400 3400 3401 3401 3242 3242 3401 3401 3400 3400 3404 3404 3401 3401 3402 3402 3242 3242 3402 3402 3401 3401 3242 3242 3403 3403 3402 3402 3404 3404 3402 3402 3403 3403 3403 3403 3405 3405 3404 3404 3405 3405 3244 3244 3404 3404 3242 3242 3405 3405 3403 3403 3242 3242 3244 3244 3405 3405 3243 3243 3404 3404 3244 3244 3243 3243 3194 3194 3404 3404 3391 3391 3404 3404 3353 3353 3404 3404 3194 3194 3193 3193 3404 3404 3193 3193 3353 3353 3242 3242 3398 3398 3397 3397 3353 3353 3362 3362 3391 3391 3242 3242 3390 3390 3389 3389 3242 3242 3384 3384 3383 3383 3242 3242 3383 3383 3381 3381 3369 3369 3356 3356 3249 3249 3369 3369 3249 3249 3260 3260 3363 3363 3369 3369 3260 3260 3363 3363 3260 3260 3248 3248 3359 3359 3358 3358 3251 3251 3359 3359 3251 3251 3250 3250 3358 3358 3354 3354 3263 3263 3358 3358 3263 3263 3251 3251 3357 3357 3262 3262 3261 3261 3357 3357 3359 3359 3262 3262 3356 3356 3357 3357 3261 3261 3356 3356 3261 3261 3249 3249 3359 3359 3250 3250 3262 3262 3355 3355 3360 3360 3252 3252 3354 3354 3355 3355 3252 3252 3354 3354 3252 3252 3263 3263 3270 3270 3353 3353 3193 3193 3270 3270 3338 3338 3353 3353 3339 3339 3342 3342 3268 3268 3339 3339 3268 3268 3265 3265 3334 3334 3266 3266 3259 3259 3337 3337 3259 3259 3258 3258 3270 3270 3192 3192 3189 3189 3192 3192 3270 3270 3193 3193 3042 3042 3271 3271 3043 3043 3245 3245 3040 3040 3037 3037 3245 3245 3037 3037 3238 3238 3212 3212 3243 3243 3211 3211 3212 3212 3406 3406 3243 3243 3194 3194 3243 3243 3406 3406 3407 3407 3196 3196 3406 3406 3406 3406 3196 3196 3194 3194 3406 3406 3207 3207 3407 3407 3207 3207 3197 3197 3407 3407 3196 3196 3407 3407 3197 3197 3237 3237 3238 3238 3036 3036 3035 3035 3237 3237 3036 3036 3209 3209 3210 3210 3236 3236 3218 3218 3232 3232 3235 3235 3218 3218 3235 3235 3033 3033 3033 3033 3235 3235 3239 3239 3215 3215 3212 3212 3213 3213 3204 3204 3203 3203 3207 3207 3199 3199 3200 3200 3195 3195 3192 3192 3188 3188 3189 3189 3180 3180 3177 3177 3176 3176 3412 3412 3408 3408 3410 3410 3169 3169 3412 3412 3411 3411 3162 3162 3411 3411 3412 3412 3161 3161 3412 3412 3413 3413 3412 3412 3161 3161 3162 3162 3413 3413 3412 3412 3410 3410 3137 3137 3413 3413 3410 3410 3137 3137 3138 3138 3413 3413 3161 3161 3413 3413 3160 3160 3162 3162 3164 3164 3411 3411 3411 3411 3164 3164 3165 3165 3168 3168 3169 3169 3411 3411 3411 3411 3165 3165 3168 3168 3169 3169 3170 3170 3412 3412 3170 3170 3408 3408 3412 3412 3137 3137 3410 3410 3414 3414 3409 3409 3414 3414 3410 3410 3131 3131 3129 3129 3414 3414 3131 3131 3414 3414 3128 3128 3408 3408 3128 3128 3414 3414 3408 3408 3414 3414 3409 3409 3408 3408 3171 3171 3128 3128 3128 3128 3171 3171 3127 3127 3410 3410 3408 3408 3409 3409 3415 3415 3137 3137 3414 3414 3415 3415 3414 3414 3129 3129 3135 3135 3137 3137 3415 3415 3136 3136 3135 3135 3415 3415 3130 3130 3415 3415 3129 3129 3136 3136 3415 3415 3130 3130 3143 3143 3160 3160 3413 3413 3160 3160 3143 3143 3150 3150 3160 3160 3150 3150 3154 3154 3143 3143 3416 3416 3150 3150 3150 3150 3416 3416 3149 3149 3148 3148 3149 3149 3416 3416 3143 3143 3148 3148 3416 3416 3151 3151 3417 3417 3096 3096 3151 3151 3418 3418 3417 3417 3417 3417 3418 3418 3419 3419 3421 3421 3419 3419 3420 3420 3418 3418 3420 3420 3419 3419 3422 3422 3419 3419 3421 3421 3417 3417 3419 3419 3422 3422 3096 3096 3417 3417 3422 3422 3096 3096 3422 3422 3098 3098 3422 3422 3668 3668 3098 3098 3668 3668 3422 3422 3423 3423 3099 3099 3423 3423 3422 3422 3430 3430 3099 3099 3422 3422 3430 3430 3422 3422 3421 3421 3421 3421 3420 3420 3418 3418 3112 3112 3421 3421 3418 3418 3112 3112 3418 3418 3149 3149 3143 3143 3413 3413 3140 3140 3136 3136 3130 3130 3131 3131 3125 3125 3133 3133 3132 3132 3123 3123 3127 3127 3022 3022 3107 3107 3121 3121 3125 3125 3123 3123 3105 3105 3124 3124 3424 3424 3107 3107 3124 3124 3424 3424 3124 3124 3105 3105 3123 3123 3104 3104 3105 3105 3424 3424 3105 3105 3425 3425 3425 3425 3106 3106 3426 3426 3105 3105 3106 3106 3425 3425 3426 3426 3107 3107 3425 3425 3106 3106 3108 3108 3426 3426 3107 3107 3426 3426 3108 3108 3424 3424 3425 3425 3107 3107 3103 3103 3104 3104 3123 3123 3103 3103 3123 3123 3427 3427 3024 3024 3123 3123 3022 3022 3024 3024 3428 3428 3123 3123 3123 3123 3428 3428 3429 3429 3430 3430 3427 3427 3429 3429 3431 3431 3427 3427 3430 3430 3430 3430 2763 2763 3431 3431 3103 3103 3431 3431 2763 2763 3427 3427 3431 3431 3103 3103 3432 3432 3430 3430 3501 3501 3434 3434 3433 3433 3432 3432 3434 3434 3435 3435 3436 3436 3432 3432 3435 3435 3434 3434 3436 3436 3435 3435 3498 3498 3449 3449 3437 3437 3436 3436 3449 3449 3436 3436 3438 3438 3498 3498 3438 3438 3436 3436 3442 3442 3449 3449 3438 3438 3439 3439 3442 3442 3438 3438 3442 3442 3440 3440 3449 3449 3441 3441 3442 3442 3439 3439 3441 3441 3443 3443 3442 3442 3442 3442 3443 3443 3444 3444 3447 3447 3442 3442 3444 3444 3447 3447 3444 3444 3445 3445 3445 3445 3446 3446 3447 3447 3448 3448 3447 3447 3446 3446 3450 3450 3449 3449 3448 3448 3449 3449 3440 3440 3448 3448 3448 3448 3440 3440 3447 3447 3446 3446 3450 3450 3448 3448 3450 3450 3446 3446 3452 3452 3451 3451 3452 3452 3480 3480 3446 3446 3480 3480 3452 3452 3452 3452 3094 3094 3450 3450 3094 3094 3453 3453 3450 3450 3094 3094 3454 3454 3453 3453 3433 3433 3455 3455 3454 3454 3454 3454 3432 3432 3433 3433 3434 3434 3455 3455 3433 3433 3453 3453 3454 3454 3455 3455 3456 3456 3453 3453 3455 3455 3455 3455 3434 3434 3456 3456 3456 3456 3437 3437 3449 3449 3437 3437 3456 3456 3434 3434 3450 3450 3453 3453 3449 3449 3453 3453 3456 3456 3449 3449 3436 3436 3437 3437 3434 3434 3094 3094 3432 3432 3454 3454 3432 3432 3098 3098 3099 3099 3432 3432 3094 3094 3098 3098 3094 3094 3452 3452 3451 3451 3095 3095 3451 3451 3458 3458 3094 3094 3451 3451 3095 3095 3458 3458 3451 3451 3457 3457 3093 3093 3095 3095 3458 3458 3093 3093 3458 3458 3457 3457 3457 3457 3459 3459 3460 3460 3092 3092 3093 3093 3457 3457 3092 3092 3457 3457 3460 3460 3460 3460 3459 3459 3461 3461 3460 3460 3461 3461 3089 3089 3091 3091 3092 3092 3460 3460 3461 3461 3462 3462 3089 3089 3089 3089 3462 3462 3084 3084 3463 3463 3461 3461 3459 3459 3459 3459 3464 3464 3463 3463 3464 3464 3466 3466 3463 3463 3463 3463 3465 3465 3461 3461 3465 3465 3463 3463 3466 3466 3466 3466 3464 3464 3467 3467 3466 3466 3467 3467 3468 3468 3468 3468 3465 3465 3466 3466 3468 3468 3470 3470 3471 3471 3484 3484 3468 3468 3471 3471 3468 3468 3484 3484 3469 3469 3472 3472 3485 3485 3471 3471 3472 3472 3471 3471 3474 3474 3471 3471 3470 3470 3473 3473 3473 3473 3474 3474 3471 3471 3485 3485 3484 3484 3471 3471 3472 3472 3474 3474 3475 3475 3473 3473 3483 3483 3474 3474 3483 3483 3475 3475 3474 3474 3483 3483 3478 3478 3476 3476 3476 3476 3475 3475 3483 3483 3475 3475 3476 3476 3021 3021 3441 3441 3439 3439 3476 3476 3476 3476 3439 3439 3021 3021 3441 3441 3476 3476 3478 3478 3478 3478 3483 3483 3477 3477 3441 3441 3478 3478 3443 3443 3477 3477 3443 3443 3478 3478 3464 3464 3479 3479 3477 3477 3444 3444 3443 3443 3477 3477 3479 3479 3444 3444 3477 3477 3445 3445 3444 3444 3479 3479 3451 3451 3480 3480 3479 3479 3479 3479 3480 3480 3445 3445 3479 3479 3457 3457 3451 3451 3459 3459 3457 3457 3479 3479 3459 3459 3479 3479 3464 3464 3481 3481 3464 3464 3477 3477 3467 3467 3473 3473 3470 3470 3467 3467 3482 3482 3473 3473 3464 3464 3482 3482 3467 3467 3481 3481 3482 3482 3464 3464 3473 3473 3482 3482 3483 3483 3481 3481 3483 3483 3482 3482 3467 3467 3470 3470 3468 3468 3477 3477 3483 3483 3481 3481 3025 3025 3475 3475 3021 3021 3025 3025 3472 3472 3475 3475 3497 3497 3485 3485 3472 3472 3485 3485 3486 3486 3484 3484 3488 3488 3486 3486 3487 3487 3484 3484 3486 3486 3488 3488 3492 3492 3484 3484 3488 3488 3488 3488 3487 3487 3489 3489 3079 3079 3490 3490 3489 3489 3489 3489 3490 3490 3491 3491 3079 3079 3489 3489 3078 3078 3487 3487 3078 3078 3489 3489 3489 3489 3491 3491 3488 3488 3492 3492 3488 3488 3491 3491 3494 3494 3492 3492 3491 3491 3494 3494 3491 3491 3490 3490 3493 3493 3492 3492 3494 3494 3493 3493 3484 3484 3492 3492 3494 3494 3462 3462 3493 3493 3493 3493 3495 3495 3484 3484 3462 3462 3495 3495 3493 3493 3495 3495 3469 3469 3484 3484 3465 3465 3495 3495 3461 3461 3495 3495 3465 3465 3469 3469 3462 3462 3461 3461 3495 3495 3082 3082 3462 3462 3494 3494 3490 3490 3079 3079 3494 3494 3079 3079 3080 3080 3494 3494 3082 3082 3494 3494 3080 3080 3068 3068 3078 3078 3496 3496 3487 3487 3496 3496 3078 3078 3487 3487 3485 3485 3496 3496 3497 3497 3496 3496 3485 3485 3497 3497 3472 3472 3025 3025 3497 3497 3025 3025 3496 3496 3065 3065 3496 3496 3025 3025 3065 3065 3067 3067 3496 3496 3066 3066 3068 3068 3067 3067 3068 3068 3496 3496 3067 3067 3486 3486 3485 3485 3487 3487 3465 3465 3468 3468 3469 3469 3462 3462 3082 3082 3084 3084 3091 3091 3460 3460 3089 3089 3480 3480 3446 3446 3445 3445 3440 3440 3442 3442 3447 3447 3438 3438 3499 3499 3021 3021 3438 3438 3498 3498 3499 3499 3435 3435 3432 3432 3499 3499 3498 3498 3435 3435 3499 3499 3501 3501 3499 3499 3432 3432 3501 3501 3024 3024 3499 3499 3500 3500 3024 3024 3501 3501 3500 3500 3428 3428 3024 3024 3500 3500 3502 3502 3428 3428 3502 3502 3500 3500 3501 3501 3430 3430 3502 3502 3501 3501 3429 3429 3502 3502 3430 3430 3428 3428 3502 3502 3429 3429 3024 3024 3021 3021 3499 3499 3439 3439 3438 3438 3021 3021 3099 3099 3430 3430 3432 3432 3427 3427 3123 3123 3429 3429 3107 3107 3120 3120 3121 3121 3117 3117 3122 3122 3108 3108 3106 3106 3101 3101 3108 3108 3106 3106 3102 3102 3101 3101 3103 3103 2763 2763 2764 2764 3094 3094 3095 3095 3098 3098 3083 3083 3089 3089 3084 3084 3090 3090 3083 3083 3087 3087 3069 3069 3075 3075 3078 3078 3330 3330 3069 3069 3078 3078 3065 3065 3025 3025 3019 3019 3061 3061 3503 3503 3504 3504 3023 3023 3016 3016 3503 3503 3016 3016 3014 3014 3503 3503 3504 3504 3503 3503 3014 3014 3504 3504 3059 3059 3057 3057 3059 3059 3504 3504 3014 3014 3504 3504 3057 3057 3058 3058 3061 3061 3504 3504 3058 3058 3056 3056 3051 3051 3306 3306 3027 3027 3028 3028 3020 3020 3048 3048 3020 3020 3046 3046 3044 3044 3020 3020 3028 3028 3044 3044 3046 3046 3020 3020 3020 3020 3026 3026 3027 3027 3045 3045 3044 3044 3313 3313 3505 3505 3506 3506 3044 3044 3507 3507 3505 3505 3034 3034 3507 3507 3506 3506 3505 3505 3034 3034 3038 3038 3507 3507 3044 3044 3507 3507 3039 3039 3044 3044 3506 3506 3507 3507 3038 3038 3039 3039 3507 3507 3028 3028 3030 3030 3505 3505 3030 3030 3031 3031 3505 3505 3505 3505 3031 3031 3032 3032 3034 3034 3505 3505 3032 3032 3031 3031 3029 3029 3022 3022 3026 3026 3029 3029 3027 3027 3023 3023 3017 3017 3016 3016 3049 3049 3011 3011 3020 3020 3015 3015 3013 3013 3014 3014 3508 3508 3509 3509 4121 4121 3510 3510 4121 4121 3509 3509 3511 3511 3525 3525 3512 3512 3510 3510 3511 3511 3512 3512 3515 3515 3513 3513 3512 3512 3514 3514 3512 3512 3513 3513 4115 4115 3515 3515 3517 3517 3516 3516 3517 3517 3515 3515 3516 3516 3518 3518 3517 3517 3520 3520 3518 3518 3516 3516 3521 3521 3519 3519 3520 3520 4091 4091 3521 3521 3520 3520 4091 4091 3520 3520 4057 4057 4057 4057 3516 3516 3522 3522 4057 4057 3520 3520 3516 3516 3522 3522 3516 3516 3515 3515 3522 3522 3515 3515 3512 3512 3522 3522 3512 3512 3523 3523 4058 4058 4057 4057 3522 3522 3524 3524 3523 3523 3512 3512 3523 3523 3524 3524 3525 3525 3525 3525 3524 3524 3512 3512 3527 3527 3526 3526 3525 3525 3527 3527 3525 3525 3511 3511 3528 3528 3527 3527 3511 3511 3526 3526 3527 3527 3528 3528 3528 3528 3529 3529 3530 3530 3526 3526 3530 3530 4104 4104 3530 3530 3526 3526 3528 3528 3529 3529 3528 3528 3531 3531 3529 3529 3531 3531 3532 3532 3532 3532 3536 3536 3530 3530 3530 3530 3529 3529 3532 3532 3534 3534 3533 3533 3535 3535 3534 3534 3535 3535 3536 3536 3536 3536 3535 3535 3537 3537 3538 3538 3540 3540 3537 3537 3538 3538 3566 3566 3540 3540 3566 3566 3562 3562 3540 3540 3562 3562 3539 3539 3540 3540 3541 3541 3539 3539 3542 3542 3542 3542 3546 3546 3543 3543 3546 3546 3542 3542 3544 3544 3542 3542 3545 3545 3544 3544 3547 3547 3546 3546 3544 3544 3546 3546 3547 3547 3548 3548 4111 4111 3548 3548 3554 3554 3549 3549 3554 3554 4106 4106 4106 4106 3553 3553 3550 3550 3550 3550 4043 4043 3551 3551 3553 3553 3552 3552 3550 3550 3554 3554 3556 3556 3553 3553 3555 3555 3556 3556 3554 3554 3557 3557 3555 3555 3558 3558 3560 3560 3555 3555 4487 4487 3555 3555 3559 3559 3558 3558 3555 3555 3560 3560 3559 3559 3559 3559 3560 3560 3544 3544 3561 3561 4398 4398 3559 3559 3561 3561 3559 3559 3544 3544 3545 3545 3561 3561 3544 3544 3539 3539 3562 3562 3545 3545 3545 3545 3562 3562 3561 3561 3561 3561 3562 3562 3563 3563 3562 3562 3566 3566 3563 3563 3566 3566 3564 3564 3563 3563 3567 3567 3564 3564 3565 3565 3565 3565 3564 3564 3566 3566 3567 3567 3568 3568 3569 3569 3567 3567 3569 3569 3570 3570 3569 3569 3572 3572 3570 3570 3569 3569 3574 3574 3572 3572 3571 3571 3573 3573 3569 3569 3573 3573 3574 3574 3569 3569 3572 3572 3575 3575 3567 3567 3576 3576 3578 3578 4486 4486 3572 3572 3995 3995 3575 3575 3575 3575 3577 3577 3576 3576 3576 3576 3577 3577 3578 3578 3579 3579 3580 3580 3581 3581 3579 3579 3583 3583 3580 3580 3584 3584 3583 3583 3579 3579 3583 3583 3586 3586 3585 3585 3586 3586 3583 3583 3587 3587 3587 3587 3583 3583 3584 3584 3588 3588 3587 3587 3584 3584 3591 3591 3589 3589 3590 3590 3592 3592 3589 3589 3591 3591 3593 3593 3592 3592 3594 3594 3995 3995 3593 3593 3575 3575 3575 3575 3593 3593 3577 3577 3593 3593 3594 3594 3577 3577 3995 3995 3595 3595 3593 3593 3596 3596 3593 3593 3595 3595 3595 3595 3597 3597 3598 3598 3598 3598 3596 3596 3595 3595 3593 3593 3596 3596 3598 3598 3598 3598 3600 3600 3593 3593 3598 3598 3601 3601 3600 3600 3602 3602 3603 3603 3601 3601 3603 3603 3602 3602 3600 3600 3601 3601 3603 3603 3600 3600 3602 3602 3604 3604 3600 3600 3602 3602 3601 3601 3605 3605 3602 3602 3606 3606 3604 3604 3607 3607 3602 3602 3605 3605 3602 3602 3607 3607 3606 3606 3606 3606 3607 3607 3605 3605 3604 3604 3606 3606 3605 3605 3608 3608 3604 3604 3605 3605 3599 3599 3609 3609 3605 3605 3610 3610 3605 3605 3609 3609 3599 3599 3611 3611 3612 3612 3599 3599 3612 3612 3609 3609 3599 3599 3613 3613 3611 3611 3614 3614 3615 3615 3613 3613 3936 3936 3616 3616 3614 3614 3618 3618 3619 3619 3279 3279 3618 3618 3279 3279 3620 3620 3620 3620 3279 3279 3619 3619 3620 3620 3621 3621 3622 3622 3620 3620 3622 3622 3939 3939 3620 3620 3939 3939 3624 3624 3620 3620 3624 3624 3661 3661 3618 3618 3620 3620 3661 3661 3620 3620 3623 3623 3621 3621 3624 3624 3311 3311 3947 3947 3624 3624 3310 3310 3297 3297 3624 3624 3297 3297 3304 3304 3624 3624 3304 3304 3661 3661 3939 3939 3298 3298 3624 3624 3298 3298 3311 3311 3624 3624 3310 3310 3624 3624 3625 3625 3624 3624 3947 3947 3625 3625 3628 3628 3627 3627 3626 3626 3728 3728 3627 3627 3628 3628 3728 3728 3629 3629 3627 3627 3629 3629 3631 3631 3630 3630 3729 3729 3631 3631 3629 3629 3632 3632 3633 3633 3631 3631 3731 3731 3632 3632 3631 3631 3633 3633 3635 3635 3631 3631 3633 3633 3634 3634 3635 3635 3630 3630 3635 3635 3637 3637 3630 3630 3631 3631 3635 3635 3637 3637 3635 3635 3636 3636 3634 3634 3636 3636 3635 3635 3638 3638 3642 3642 3636 3636 3634 3634 3638 3638 3636 3636 3638 3638 3639 3639 3642 3642 3639 3639 3641 3641 3640 3640 3639 3639 3640 3640 3642 3642 3642 3642 3644 3644 3643 3643 3644 3644 3642 3642 3640 3640 3643 3643 3644 3644 4461 4461 3645 3645 4461 4461 3644 3644 3644 3644 3640 3640 3645 3645 3647 3647 3645 3645 3646 3646 3648 3648 3647 3647 3655 3655 3652 3652 3649 3649 3648 3648 3648 3648 3649 3649 3650 3650 3650 3650 3649 3649 3651 3651 3304 3304 4483 4483 3651 3651 3304 3304 3651 3651 3652 3652 3652 3652 3653 3653 3661 3661 3304 3304 3652 3652 3661 3661 3653 3653 3657 3657 3661 3661 3653 3653 3654 3654 3657 3657 3653 3653 3652 3652 3654 3654 3655 3655 3654 3654 3652 3652 3648 3648 3655 3655 3652 3652 3657 3657 3656 3656 3889 3889 3655 3655 3656 3656 3654 3654 3656 3656 3657 3657 3654 3654 3659 3659 3661 3661 3657 3657 3889 3889 3659 3659 3657 3657 3660 3660 3659 3659 3658 3658 3661 3661 3659 3659 3660 3660 3662 3662 3661 3661 3660 3660 3660 3660 3894 3894 3662 3662 3894 3894 3663 3663 3662 3662 3663 3663 3664 3664 3662 3662 3665 3665 3668 3668 3618 3618 3664 3664 3666 3666 3665 3665 3661 3661 3662 3662 3665 3665 3664 3664 3665 3665 3662 3662 3665 3665 3666 3666 3667 3667 3665 3665 3667 3667 3668 3668 3661 3661 3665 3665 3618 3618 3668 3668 3669 3669 3670 3670 3667 3667 3678 3678 3668 3668 3668 3668 3670 3670 4431 4431 4432 4432 3672 3672 3671 3671 3669 3669 3671 3671 3672 3672 3675 3675 3674 3674 3673 3673 3673 3673 3669 3669 3675 3675 3677 3677 3676 3676 3678 3678 3677 3677 3678 3678 3681 3681 3677 3677 3681 3681 3680 3680 3680 3680 3675 3675 3677 3677 3674 3674 3680 3680 3682 3682 3682 3682 3680 3680 3683 3683 3683 3683 3680 3680 3684 3684 3687 3687 3684 3684 3686 3686 3689 3689 3688 3688 3687 3687 3689 3689 3692 3692 3688 3688 3690 3690 3689 3689 3775 3775 3690 3690 3692 3692 3689 3689 3690 3690 3691 3691 3692 3692 3691 3691 3693 3693 3692 3692 3690 3690 3693 3693 3691 3691 3695 3695 3693 3693 3690 3690 3695 3695 3694 3694 3693 3693 3696 3696 3695 3695 3786 3786 3696 3696 3697 3697 3695 3695 3697 3697 3698 3698 3695 3695 3698 3698 3699 3699 3695 3695 3697 3697 3700 3700 3698 3698 3697 3697 3701 3701 3700 3700 3701 3701 3702 3702 3700 3700 3701 3701 3703 3703 3702 3702 3613 3613 3703 3703 3701 3701 3613 3613 3701 3701 3611 3611 3702 3702 3703 3703 3613 3613 3704 3704 3701 3701 3697 3697 3705 3705 3701 3701 3704 3704 3701 3701 3705 3705 3609 3609 3609 3609 3705 3705 3707 3707 3610 3610 3609 3609 3707 3707 3610 3610 3707 3707 3708 3708 3707 3707 3706 3706 3589 3589 3589 3589 3706 3706 3711 3711 3711 3711 3706 3706 3705 3705 3711 3711 3705 3705 3704 3704 3711 3711 3709 3709 3710 3710 3711 3711 3710 3710 3588 3588 3712 3712 3588 3588 3710 3710 3590 3590 3588 3588 3579 3579 3590 3590 3711 3711 3588 3588 3588 3588 3713 3713 3587 3587 3713 3713 3588 3588 3712 3712 3714 3714 3587 3587 3713 3713 3587 3587 3714 3714 3586 3586 4389 4389 3716 3716 3717 3717 3716 3716 3720 3720 3717 3717 3716 3716 3719 3719 3720 3720 3724 3724 3725 3725 3726 3726 3727 3727 3726 3726 3725 3725 3728 3728 3729 3729 3629 3629 3728 3728 3727 3727 3729 3729 3729 3729 3725 3725 3730 3730 3730 3730 3631 3631 3729 3729 3731 3731 3631 3631 3730 3730 3732 3732 3731 3731 3730 3730 3732 3732 3730 3730 3724 3724 3732 3732 3724 3724 3733 3733 3733 3733 3731 3731 3732 3732 3724 3724 3734 3734 3733 3733 3723 3723 3734 3734 3724 3724 3735 3735 3734 3734 3723 3723 3722 3722 3735 3735 3723 3723 3736 3736 3722 3722 3975 3975 3737 3737 3736 3736 3721 3721 3721 3721 3736 3736 3975 3975 3748 3748 3738 3738 3737 3737 3748 3748 3737 3737 3749 3749 3745 3745 3741 3741 3737 3737 3738 3738 3745 3745 3737 3737 3737 3737 3741 3741 3739 3739 3722 3722 3739 3739 3735 3735 3740 3740 3739 3739 3741 3741 3745 3745 3743 3743 3741 3741 3743 3743 3742 3742 3741 3741 3744 3744 3743 3743 3745 3745 3751 3751 3747 3747 3745 3745 3746 3746 3745 3745 3747 3747 4400 4400 3749 3749 3721 3721 3749 3749 3737 3737 3721 3721 3720 3720 3749 3749 4400 4400 3748 3748 3749 3749 3720 3720 3750 3750 3751 3751 3748 3748 3751 3751 3745 3745 3748 3748 3750 3750 3748 3748 3719 3719 3719 3719 3748 3748 3720 3720 3799 3799 3751 3751 3750 3750 3756 3756 3753 3753 3751 3751 3751 3751 3753 3753 3752 3752 3756 3756 3754 3754 3753 3753 3793 3793 3755 3755 3756 3756 3755 3755 3770 3770 3756 3756 3757 3757 3754 3754 3758 3758 3758 3758 3759 3759 3744 3744 3754 3754 3759 3759 3758 3758 3759 3759 3760 3760 3744 3744 3761 3761 3760 3760 3759 3759 3762 3762 3887 3887 3761 3761 3763 3763 3887 3887 3762 3762 3763 3763 3765 3765 3882 3882 3765 3765 3763 3763 3762 3762 3766 3766 3764 3764 3765 3765 3767 3767 3766 3766 3765 3765 3767 3767 3765 3765 3769 3769 3768 3768 3765 3765 3762 3762 3769 3769 3765 3765 3768 3768 3762 3762 3761 3761 3754 3754 3754 3754 3761 3761 3759 3759 3756 3756 3762 3762 3754 3754 3768 3768 3762 3762 3756 3756 3770 3770 3768 3768 3756 3756 3769 3769 3768 3768 3770 3770 3771 3771 3769 3769 3770 3770 3772 3772 3771 3771 3770 3770 3771 3771 3773 3773 3769 3769 3774 3774 3767 3767 3773 3773 3775 3775 3776 3776 3774 3774 3776 3776 3767 3767 3774 3774 3767 3767 3776 3776 3777 3777 3777 3777 3776 3776 3778 3778 3779 3779 3687 3687 3778 3778 3776 3776 3779 3779 3778 3778 3776 3776 3775 3775 3779 3779 3780 3780 3690 3690 3775 3775 3780 3780 3775 3775 3774 3774 3780 3780 3781 3781 3690 3690 3781 3781 3780 3780 3773 3773 3782 3782 3781 3781 3773 3773 3690 3690 3782 3782 3783 3783 3781 3781 3782 3782 3690 3690 3783 3783 3784 3784 3772 3772 3785 3785 3783 3783 3772 3772 3783 3783 3786 3786 3690 3690 3785 3785 3786 3786 3783 3783 3785 3785 3787 3787 3786 3786 3787 3787 3696 3696 3786 3786 3787 3787 3788 3788 3696 3696 3787 3787 3789 3789 3790 3790 3801 3801 3789 3789 3787 3787 3788 3788 3787 3787 3792 3792 3787 3787 3790 3790 3792 3792 3791 3791 3794 3794 3792 3792 3795 3795 3791 3791 3793 3793 3791 3791 3795 3795 3794 3794 3795 3795 3793 3793 3714 3714 3794 3794 3795 3795 3713 3713 3714 3714 3713 3713 3795 3795 3794 3794 3712 3712 3796 3796 3794 3794 3796 3796 3797 3797 3709 3709 3792 3792 3797 3797 3709 3709 3797 3797 3796 3796 3710 3710 3709 3709 3796 3796 3710 3710 3796 3796 3712 3712 3794 3794 3797 3797 3792 3792 3792 3792 3709 3709 3788 3788 3711 3711 3788 3788 3709 3709 3788 3788 3711 3711 3704 3704 3788 3788 3704 3704 3697 3697 3794 3794 3713 3713 3712 3712 3793 3793 3798 3798 3714 3714 3714 3714 3798 3798 3715 3715 3798 3798 3756 3756 3715 3715 3715 3715 3756 3756 3751 3751 3715 3715 3751 3751 3799 3799 3715 3715 3799 3799 3716 3716 3799 3799 3750 3750 3716 3716 3798 3798 3793 3793 3756 3756 3793 3793 3791 3791 3800 3800 3792 3792 3800 3800 3791 3791 3792 3792 3801 3801 3800 3800 3801 3801 3770 3770 3800 3800 3787 3787 3802 3802 3801 3801 3770 3770 3801 3801 3802 3802 3800 3800 3770 3770 3793 3793 3770 3770 3755 3755 3793 3793 3801 3801 3792 3792 3790 3790 3801 3801 3790 3790 3789 3789 3788 3788 3697 3697 3696 3696 3787 3787 3785 3785 3802 3802 3786 3786 3695 3695 3690 3690 3772 3772 3802 3802 3785 3785 3771 3771 3784 3784 3773 3773 3782 3782 3773 3773 3784 3784 3783 3783 3782 3782 3784 3784 3784 3784 3771 3771 3772 3772 3780 3780 3774 3774 3773 3773 3775 3775 3689 3689 3779 3779 3779 3779 3689 3689 3687 3687 3685 3685 3778 3778 3686 3686 3687 3687 3686 3686 3778 3778 3685 3685 3803 3803 3778 3778 3871 3871 3803 3803 3804 3804 3805 3805 3806 3806 3804 3804 3807 3807 3806 3806 3805 3805 3850 3850 3807 3807 3808 3808 3811 3811 3808 3808 3809 3809 3809 3809 3808 3808 3807 3807 3809 3809 3807 3807 3805 3805 3903 3903 3811 3811 3809 3809 3903 3903 3810 3810 3811 3811 3902 3902 3811 3811 3810 3810 3812 3812 3811 3811 3902 3902 3812 3812 3845 3845 3811 3811 3812 3812 3813 3813 3845 3845 3824 3824 3823 3823 3813 3813 3815 3815 3814 3814 3823 3823 3814 3814 3816 3816 3817 3817 3818 3818 3816 3816 3814 3814 3816 3816 3818 3818 3819 3819 3820 3820 3819 3819 3821 3821 3818 3818 3821 3821 3819 3819 3815 3815 3822 3822 3818 3818 3824 3824 3892 3892 3823 3823 3825 3825 3826 3826 3828 3828 3827 3827 3828 3828 3826 3826 3828 3828 3827 3827 3829 3829 3829 3829 3830 3830 3828 3828 3830 3830 3834 3834 3831 3831 3834 3834 3830 3830 3829 3829 3835 3835 3834 3834 3829 3829 3835 3835 3832 3832 3833 3833 3835 3835 3829 3829 3832 3832 3836 3836 3835 3835 3833 3833 3827 3827 3836 3836 3833 3833 3837 3837 3836 3836 3827 3827 3826 3826 3837 3837 3827 3827 3839 3839 3837 3837 3838 3838 3839 3839 3840 3840 3836 3836 3837 3837 3839 3839 3836 3836 3840 3840 3835 3835 3836 3836 3834 3834 3835 3835 3840 3840 3820 3820 3834 3834 3840 3840 3820 3820 3841 3841 3842 3842 3840 3840 3841 3841 3820 3820 3841 3841 3840 3840 3839 3839 3841 3841 3839 3839 3842 3842 3839 3839 3847 3847 3842 3842 3820 3820 3842 3842 3843 3843 3843 3843 3817 3817 3816 3816 3843 3843 3819 3819 3820 3820 3816 3816 3819 3819 3843 3843 3845 3845 3817 3817 3843 3843 3845 3845 3813 3813 3817 3817 3844 3844 3845 3845 3843 3843 3846 3846 3845 3845 3847 3847 3846 3846 3847 3847 3839 3839 3843 3843 3842 3842 3847 3847 3838 3838 3846 3846 3839 3839 3847 3847 3845 3845 3844 3844 3847 3847 3844 3844 3843 3843 3846 3846 3848 3848 3845 3845 3850 3850 3808 3808 3849 3849 3645 3645 3850 3850 3849 3849 3645 3645 3849 3849 3848 3848 3808 3808 3848 3848 3849 3849 3848 3848 3808 3808 3811 3811 3645 3645 3640 3640 3850 3850 3852 3852 3850 3850 3851 3851 3878 3878 3807 3807 3852 3852 3807 3807 3850 3850 3852 3852 3853 3853 3878 3878 3855 3855 3858 3858 3854 3854 3853 3853 3858 3858 3853 3853 3856 3856 3856 3856 3853 3853 3855 3855 3852 3852 3855 3855 3878 3878 3855 3855 3852 3852 3851 3851 3855 3855 3851 3851 3641 3641 3641 3641 3639 3639 3856 3856 3856 3856 3855 3855 3641 3641 3639 3639 3857 3857 3856 3856 3858 3858 3856 3856 3857 3857 3740 3740 3858 3858 3857 3857 3864 3864 3740 3740 3859 3859 3859 3859 3857 3857 3860 3860 3740 3740 3857 3857 3859 3859 3634 3634 3633 3633 3860 3860 3633 3633 3861 3861 3860 3860 3731 3731 3861 3861 3632 3632 3731 3731 3733 3733 3861 3861 3734 3734 3861 3861 3733 3733 3860 3860 3861 3861 3734 3734 3864 3864 3859 3859 3860 3860 3734 3734 3864 3864 3860 3860 3633 3633 3632 3632 3861 3861 3857 3857 3862 3862 3860 3860 3634 3634 3860 3860 3862 3862 3638 3638 3634 3634 3862 3862 3864 3864 3863 3863 3740 3740 3734 3734 3735 3735 3864 3864 3863 3863 3864 3864 3739 3739 3864 3864 3735 3735 3739 3739 3740 3740 3863 3863 3739 3739 3866 3866 3865 3865 3854 3854 3866 3866 3854 3854 3858 3858 3858 3858 3867 3867 3866 3866 3741 3741 3866 3866 3867 3867 3866 3866 3741 3741 3742 3742 3740 3740 3867 3867 3858 3858 3741 3741 3867 3867 3740 3740 3865 3865 3866 3866 3742 3742 3865 3865 3742 3742 3743 3743 3865 3865 3743 3743 3868 3868 3744 3744 3868 3868 3743 3743 3870 3870 3886 3886 3872 3872 3886 3886 3871 3871 3872 3872 3873 3873 3872 3872 3871 3871 3804 3804 3873 3873 3871 3871 3806 3806 3874 3874 3873 3873 3873 3873 3804 3804 3806 3806 3875 3875 3873 3873 3874 3874 3875 3875 3872 3872 3873 3873 3870 3870 3872 3872 3875 3875 3876 3876 3870 3870 3875 3875 3870 3870 3876 3876 3869 3869 3876 3876 3854 3854 3868 3868 3868 3868 3869 3869 3876 3876 3854 3854 3876 3876 3853 3853 3876 3876 3875 3875 3853 3853 3853 3853 3874 3874 3878 3878 3853 3853 3875 3875 3874 3874 3874 3874 3877 3877 3878 3878 3807 3807 3878 3878 3877 3877 3807 3807 3877 3877 3874 3874 3874 3874 3806 3806 3807 3807 3886 3886 3879 3879 3871 3871 3886 3886 3880 3880 3879 3879 3777 3777 3881 3881 3879 3879 3881 3881 3777 3777 3778 3778 3881 3881 3778 3778 3803 3803 3777 3777 3882 3882 3883 3883 3777 3777 3884 3884 3882 3882 3884 3884 3777 3777 3885 3885 3777 3777 3879 3879 3885 3885 3880 3880 3885 3885 3879 3879 3886 3886 3885 3885 3880 3880 3887 3887 3885 3885 3886 3886 3870 3870 3887 3887 3886 3886 3869 3869 3887 3887 3870 3870 3887 3887 3869 3869 3761 3761 3869 3869 3868 3868 3761 3761 3763 3763 3884 3884 3885 3885 3887 3887 3763 3763 3885 3885 3763 3763 3882 3882 3884 3884 3765 3765 3764 3764 3777 3777 3765 3765 3777 3777 3883 3883 3883 3883 3882 3882 3765 3765 3777 3777 3764 3764 3766 3766 3879 3879 3803 3803 3871 3871 3881 3881 3803 3803 3879 3879 3761 3761 3868 3868 3760 3760 3760 3760 3868 3868 3888 3888 3760 3760 3888 3888 3744 3744 3888 3888 3868 3868 3744 3744 3865 3865 3868 3868 3854 3854 3638 3638 3862 3862 3857 3857 3639 3639 3638 3638 3857 3857 3641 3641 3850 3850 3640 3640 3851 3851 3850 3850 3641 3641 3645 3645 3848 3848 3646 3646 3656 3656 3646 3646 3848 3848 3655 3655 3646 3646 3656 3656 3656 3656 3848 3848 3889 3889 3889 3889 3848 3848 3838 3838 3889 3889 3837 3837 3826 3826 3837 3837 3889 3889 3838 3838 3659 3659 3889 3889 3826 3826 3848 3848 3846 3846 3838 3838 3811 3811 3845 3845 3848 3848 3834 3834 3820 3820 3821 3821 3821 3821 3818 3818 3890 3890 3821 3821 3890 3890 3891 3891 3834 3834 3821 3821 3891 3891 3818 3818 3822 3822 3890 3890 3891 3891 3892 3892 3824 3824 3825 3825 3891 3891 3824 3824 3815 3815 3892 3892 3890 3890 3892 3892 3891 3891 3890 3890 3893 3893 3891 3891 3830 3830 3891 3891 3893 3893 3831 3831 3828 3828 3830 3830 3891 3891 3891 3891 3825 3825 3828 3828 3831 3831 3893 3893 3830 3830 3822 3822 3815 3815 3890 3890 3834 3834 3891 3891 3831 3831 3827 3827 3827 3827 3833 3833 3826 3826 3827 3827 3827 3827 3827 3827 3833 3833 3832 3832 3827 3827 3832 3832 3829 3829 3659 3659 3826 3826 3825 3825 3663 3663 3825 3825 3824 3824 3813 3813 3663 3663 3824 3824 3663 3663 3894 3894 3825 3825 3895 3895 3663 3663 3813 3813 3897 3897 3663 3663 3895 3895 3664 3664 3663 3663 3897 3897 3896 3896 3664 3664 3897 3897 3666 3666 3664 3664 3896 3896 3899 3899 3896 3896 3897 3897 3896 3896 3899 3899 3666 3666 3666 3666 3898 3898 3667 3667 3898 3898 3666 3666 3918 3918 3666 3666 3899 3899 3918 3918 3918 3918 3899 3899 3901 3901 3918 3918 3901 3901 3900 3900 3901 3901 3899 3899 3897 3897 3901 3901 3897 3897 3812 3812 3897 3897 3895 3895 3812 3812 3901 3901 3812 3812 3902 3902 3902 3902 3810 3810 3903 3903 3684 3684 3904 3904 3905 3905 3904 3904 3903 3903 3905 3905 3905 3905 3805 3805 3804 3804 3903 3903 3809 3809 3905 3905 3905 3905 3809 3809 3805 3805 3684 3684 3905 3905 3686 3686 3686 3686 3905 3905 3685 3685 3905 3905 3804 3804 3685 3685 3684 3684 3906 3906 3904 3904 3909 3909 3908 3908 3906 3906 3910 3910 3909 3909 3911 3911 3910 3910 3912 3912 3667 3667 3912 3912 3913 3913 3667 3667 3914 3914 3913 3913 3912 3912 3667 3667 3913 3913 3678 3678 3913 3913 3679 3679 3678 3678 3915 3915 3678 3678 3914 3914 3678 3678 3915 3915 3681 3681 3679 3679 3914 3914 3678 3678 3914 3914 3679 3679 3913 3913 3915 3915 3914 3914 3681 3681 3681 3681 3906 3906 3916 3916 3681 3681 3909 3909 3906 3906 3681 3681 3914 3914 3917 3917 3917 3917 3909 3909 3681 3681 3912 3912 3917 3917 3914 3914 3912 3912 3911 3911 3917 3917 3909 3909 3917 3917 3911 3911 3681 3681 3916 3916 3680 3680 3916 3916 3907 3907 3680 3680 3916 3916 3906 3906 3907 3907 3912 3912 3910 3910 3911 3911 3667 3667 3898 3898 3910 3910 3918 3918 3910 3910 3898 3898 3910 3910 3918 3918 3909 3909 3918 3918 3900 3900 3909 3909 3909 3909 3901 3901 3908 3908 3900 3900 3901 3901 3909 3909 3908 3908 3902 3902 3903 3903 3901 3901 3902 3902 3908 3908 3908 3908 3903 3903 3906 3906 3680 3680 3907 3907 3684 3684 3907 3907 3906 3906 3684 3684 3906 3906 3903 3903 3904 3904 3895 3895 3813 3813 3812 3812 3894 3894 3658 3658 3825 3825 3660 3660 3658 3658 3894 3894 3658 3658 3659 3659 3825 3825 3823 3823 3892 3892 3815 3815 3818 3818 3814 3814 3815 3815 3814 3814 3817 3817 3823 3823 3813 3813 3823 3823 3817 3817 3803 3803 3685 3685 3804 3804 3777 3777 3766 3766 3767 3767 3773 3773 3767 3767 3769 3769 3802 3802 3772 3772 3770 3770 3758 3758 3744 3744 3746 3746 3747 3747 3758 3758 3746 3746 3757 3757 3758 3758 3747 3747 3919 3919 3757 3757 3747 3747 3754 3754 3757 3757 3919 3919 3753 3753 3919 3919 3747 3747 3753 3753 3754 3754 3919 3919 3752 3752 3753 3753 3747 3747 3752 3752 3747 3747 3751 3751 3750 3750 3719 3719 3716 3716 3746 3746 3744 3744 3745 3745 3745 3745 3738 3738 3748 3748 3737 3737 3739 3739 3736 3736 3736 3736 3739 3739 3722 3722 3730 3730 3725 3725 3724 3724 3725 3725 3729 3729 3727 3727 3728 3728 3921 3921 3920 3920 3946 3946 3921 3921 3728 3728 3921 3921 3946 3946 3922 3922 3922 3922 3946 3946 3923 3923 3927 3927 3922 3922 3923 3923 3927 3927 3923 3923 3926 3926 3924 3924 3925 3925 3923 3923 3926 3926 3923 3923 3925 3925 3925 3925 3948 3948 3926 3926 3927 3927 3926 3926 3928 3928 3955 3955 3927 3927 3928 3928 3928 3928 3929 3929 3955 3955 3931 3931 3929 3929 3928 3928 3931 3931 3930 3930 3951 3951 3932 3932 3614 3614 3933 3933 3930 3930 3933 3933 3934 3934 3934 3934 3599 3599 3930 3930 3933 3933 3599 3599 3934 3934 3614 3614 3613 3613 3933 3933 3933 3933 3613 3613 3599 3599 3936 3936 3614 3614 3932 3932 3935 3935 3936 3936 3937 3937 3936 3936 3938 3938 3937 3937 3277 3277 3622 3622 3937 3937 3622 3622 3277 3277 3939 3939 3939 3939 3277 3277 3937 3937 3939 3939 3938 3938 3941 3941 3938 3938 3939 3939 3937 3937 3939 3939 3941 3941 3940 3940 3940 3940 3942 3942 3939 3939 3315 3315 3939 3939 3942 3942 3948 3948 3925 3925 3943 3943 3944 3944 3943 3943 3925 3925 3943 3943 3944 3944 3298 3298 3298 3298 3315 3315 3943 3943 3939 3939 3315 3315 3298 3298 3315 3315 3942 3942 3943 3943 3925 3925 3924 3924 3944 3944 3311 3311 3298 3298 3944 3944 3311 3311 3944 3944 3945 3945 3945 3945 3947 3947 3311 3311 3947 3947 3946 3946 3626 3626 3626 3626 3625 3625 3947 3947 3628 3628 3626 3626 3946 3946 3944 3944 3923 3923 3946 3946 3947 3947 3945 3945 3946 3946 3945 3945 3944 3944 3946 3946 3944 3944 3924 3924 3923 3923 3943 3943 3942 3942 3948 3948 3942 3942 3940 3940 3948 3948 3926 3926 3948 3948 3940 3940 3940 3940 3950 3950 3926 3926 3928 3928 3926 3926 3950 3950 3940 3940 3941 3941 3950 3950 3950 3950 3941 3941 3949 3949 3949 3949 3930 3930 3931 3931 3949 3949 3933 3933 3930 3930 3941 3941 3933 3933 3949 3949 3941 3941 3932 3932 3933 3933 3936 3936 3932 3932 3941 3941 3950 3950 3949 3949 3931 3931 3950 3950 3931 3931 3928 3928 3938 3938 3936 3936 3941 3941 3622 3622 3621 3621 3937 3937 3935 3935 3937 3937 3621 3621 3621 3621 3616 3616 3935 3935 3936 3936 3935 3935 3616 3616 3597 3597 3951 3951 3930 3930 3951 3951 3597 3597 3952 3952 3951 3951 3952 3952 3954 3954 3952 3952 3953 3953 3954 3954 3929 3929 3954 3954 3953 3953 3931 3931 3954 3954 3929 3929 3953 3953 3955 3955 3929 3929 4374 4374 3956 3956 3955 3955 3957 3957 3955 3955 3956 3956 3958 3958 3959 3959 3956 3956 3959 3959 3958 3958 3960 3960 3958 3958 4380 4380 3960 3960 3961 3961 3960 3960 3962 3962 3963 3963 3961 3961 3962 3962 3963 3963 3962 3962 3964 3964 3964 3964 3965 3965 3963 3963 3968 3968 3967 3967 3965 3965 3966 3966 3968 3968 3965 3965 3969 3969 3968 3968 3966 3966 3927 3927 3968 3968 3922 3922 3969 3969 3922 3922 3968 3968 3922 3922 3969 3969 3970 3970 3966 3966 3970 3970 3969 3969 3970 3970 3966 3966 3971 3971 3972 3972 3970 3970 3971 3971 3723 3723 3724 3724 3972 3972 3972 3972 3724 3724 3973 3973 3973 3973 3726 3726 3727 3727 3724 3724 3726 3726 3973 3973 3920 3920 3973 3973 3727 3727 3972 3972 3973 3973 3920 3920 3727 3727 3728 3728 3920 3920 3974 3974 3723 3723 3972 3972 3722 3722 3723 3723 3974 3974 3975 3975 3722 3722 3974 3974 3980 3980 3975 3975 3974 3974 3977 3977 3975 3975 3980 3980 3980 3980 3974 3974 3976 3976 3978 3978 3977 3977 3980 3980 3979 3979 3978 3978 3980 3980 3979 3979 3980 3980 3981 3981 3981 3981 3980 3980 3982 3982 3982 3982 3962 3962 3960 3960 3982 3982 3960 3960 3983 3983 3985 3985 3987 3987 3984 3984 3552 3552 3986 3986 3987 3987 3988 3988 3985 3985 3989 3989 4039 4039 3991 3991 3993 3993 3991 3991 3992 3992 3993 3993 3994 3994 3995 3995 3574 3574 3574 3574 3995 3995 3572 3572 3996 3996 3994 3994 3574 3574 3573 3573 3996 3996 3574 3574 4005 4005 3996 3996 3573 3573 3998 3998 3996 3996 4005 4005 3999 3999 3997 3997 3998 3998 4004 4004 3999 3999 4000 4000 3999 3999 3998 3998 4000 4000 3999 3999 4004 4004 4003 4003 4045 4045 3999 3999 4003 4003 4001 4001 3999 3999 4045 4045 4002 4002 4045 4045 4003 4003 4006 4006 4000 4000 4005 4005 4000 4000 3998 3998 4005 4005 4005 4005 3573 3573 3571 3571 4008 4008 3571 3571 3569 3569 4005 4005 3571 3571 4008 4008 4008 4008 3569 3569 3568 3568 4006 4006 4005 4005 4008 4008 4008 4008 3568 3568 3567 3567 4008 4008 3567 3567 4009 4009 4009 4009 3567 3567 4147 4147 3565 3565 4147 4147 3567 3567 4008 4008 4009 4009 4147 4147 4010 4010 4008 4008 4147 4147 4011 4011 4008 4008 4010 4010 4010 4010 4147 4147 4012 4012 4007 4007 4006 4006 4011 4011 4023 4023 4015 4015 4016 4016 4015 4015 4017 4017 4016 4016 4016 4016 4017 4017 4018 4018 4016 4016 4018 4018 4021 4021 4018 4018 4017 4017 4019 4019 4022 4022 4018 4018 4019 4019 4020 4020 4021 4021 4018 4018 4022 4022 4020 4020 4018 4018 4022 4022 4023 4023 4016 4016 4020 4020 4022 4022 4016 4016 4019 4019 4023 4023 4022 4022 4023 4023 4019 4019 4013 4013 4016 4016 4021 4021 4025 4025 4024 4024 4024 4024 4021 4021 4024 4024 4024 4024 4021 4021 4020 4020 4025 4025 4021 4021 4026 4026 4025 4025 4021 4021 4027 4027 4026 4026 4021 4021 4027 4027 4027 4027 4021 4021 4024 4024 4027 4027 4021 4021 4024 4024 4024 4024 4021 4021 4025 4025 4024 4024 4021 4021 4025 4025 4028 4028 4027 4027 4025 4025 4027 4027 4024 4024 4025 4025 4020 4020 4025 4025 4025 4025 4025 4025 4026 4026 4025 4025 4026 4026 4027 4027 4025 4025 4027 4027 4027 4027 4025 4025 4027 4027 4024 4024 4025 4025 4024 4024 4024 4024 4024 4024 4025 4025 4024 4024 4016 4016 4025 4025 4025 4025 4020 4020 4016 4016 4025 4025 4025 4025 4025 4025 4025 4025 4025 4025 4025 4025 4025 4025 4025 4025 4025 4025 4025 4025 4016 4016 4025 4025 4025 4025 4016 4016 4025 4025 4025 4025 4025 4025 4025 4025 4025 4025 4016 4016 4025 4025 4025 4025 4029 4029 4025 4025 4025 4025 4026 4026 4029 4029 4025 4025 4028 4028 4030 4030 4027 4027 4024 4024 4024 4024 4024 4024 4019 4019 4017 4017 4006 4006 4013 4013 4019 4019 4007 4007 4019 4019 4006 4006 4007 4007 4017 4017 4004 4004 4006 4006 4003 4003 4004 4004 4017 4017 4017 4017 4015 4015 4002 4002 4002 4002 4003 4003 4017 4017 4002 4002 4015 4015 4031 4031 4032 4032 4031 4031 4015 4015 4032 4032 3517 3517 4034 4034 4035 4035 4034 4034 3517 3517 4033 4033 4046 4046 4035 4035 4035 4035 4036 4036 4034 4034 4046 4046 3989 3989 4035 4035 4035 4035 3989 3989 4036 4036 4036 4036 4041 4041 4037 4037 4038 4038 4037 4037 4039 4039 4039 4039 4037 4037 4041 4041 4040 4040 3991 3991 4039 4039 4040 4040 3990 3990 3991 3991 4381 4381 3990 3990 4040 4040 4040 4040 4041 4041 4381 4381 4040 4040 4039 4039 4041 4041 4041 4041 4036 4036 4381 4381 4038 4038 4039 4039 3997 3997 3999 3999 4038 4038 3997 3997 4038 4038 3999 3999 4037 4037 3999 3999 4036 4036 4037 4037 3999 3999 4042 4042 4036 4036 4036 4036 4042 4042 4001 4001 4001 4001 4042 4042 3999 3999 3989 3989 4381 4381 4036 4036 4046 4046 4043 4043 3989 3989 3550 3550 4044 4044 4043 4043 3552 3552 4044 4044 3550 3550 3552 3552 3987 3987 4044 4044 4044 4044 3987 3987 4043 4043 3987 3987 3985 3985 4043 4043 4043 4043 3988 3988 3989 3989 3985 3985 3988 3988 4043 4043 3551 3551 4043 4043 4046 4046 4045 4045 4034 4034 4036 4036 4001 4001 4045 4045 4036 4036 4034 4034 4045 4045 4032 4032 4032 4032 4045 4045 4031 4031 4050 4050 4046 4046 4047 4047 4047 4047 4046 4046 4033 4033 4048 4048 4046 4046 4050 4050 4047 4047 4033 4033 4049 4049 4049 4049 4033 4033 4035 4035 3518 3518 4035 4035 3517 3517 4049 4049 4035 4035 3518 3518 3519 3519 4049 4049 3520 3520 3520 3520 4049 4049 3518 3518 3519 3519 4047 4047 4049 4049 4050 4050 4047 4047 3519 3519 4053 4053 4050 4050 3519 3519 4052 4052 4051 4051 4053 4053 4053 4053 4051 4051 4050 4050 4054 4054 4052 4052 4053 4053 4054 4054 4053 4053 4055 4055 4055 4055 4053 4053 3521 3521 4055 4055 3521 3521 4091 4091 4059 4059 4061 4061 4060 4060 3522 3522 3523 3523 4061 4061 4059 4059 3522 3522 4061 4061 3523 3523 4062 4062 4061 4061 3523 3523 3525 3525 4063 4063 3523 3523 4063 4063 4102 4102 3523 3523 4102 4102 4064 4064 4062 4062 3523 3523 4064 4064 4066 4066 4067 4067 4062 4062 4068 4068 4066 4066 4062 4062 4067 4067 4065 4065 4062 4062 4062 4062 4064 4064 4068 4068 4067 4067 4069 4069 4094 4094 4067 4067 4070 4070 4069 4069 4066 4066 4070 4070 4067 4067 4070 4070 4066 4066 4071 4071 4070 4070 4071 4071 4069 4069 4066 4066 4074 4074 4071 4071 4066 4066 4072 4072 4074 4074 4071 4071 4074 4074 4073 4073 4073 4073 4074 4074 4078 4078 4074 4074 4072 4072 4078 4078 4072 4072 4101 4101 4075 4075 4072 4072 4075 4075 4078 4078 4075 4075 4056 4056 4076 4076 4076 4076 4056 4056 4055 4055 4076 4076 4055 4055 4077 4077 4078 4078 4076 4076 4077 4077 4075 4075 4076 4076 4078 4078 4078 4078 4077 4077 4079 4079 4079 4079 4077 4077 4080 4080 4080 4080 4077 4077 4082 4082 4082 4082 4081 4081 4084 4084 4084 4084 4083 4083 4082 4082 4082 4082 4083 4083 4092 4092 4083 4083 4085 4085 4065 4065 4083 4083 4065 4065 4092 4092 4083 4083 4084 4084 4085 4085 4084 4084 4087 4087 4085 4085 4085 4085 4087 4087 4086 4086 4088 4088 4086 4086 4087 4087 4088 4088 4087 4087 4060 4060 4087 4087 4089 4089 4060 4060 4089 4089 4059 4059 4060 4060 4081 4081 4059 4059 4089 4089 4081 4081 4089 4089 4087 4087 4081 4081 4058 4058 4059 4059 4090 4090 4058 4058 4081 4081 4082 4082 4090 4090 4081 4081 4091 4091 4057 4057 4090 4090 4090 4090 4057 4057 4058 4058 4091 4091 4090 4090 4082 4082 4077 4077 4091 4091 4082 4082 4088 4088 4060 4060 4061 4061 4062 4062 4088 4088 4061 4061 4086 4086 4088 4088 4062 4062 4086 4086 4062 4062 4065 4065 4081 4081 4087 4087 4084 4084 4085 4085 4086 4086 4065 4065 4094 4094 4093 4093 4092 4092 4065 4065 4094 4094 4092 4092 4067 4067 4094 4094 4065 4065 4094 4094 4069 4069 4093 4093 4069 4069 4071 4071 4093 4093 4071 4071 4073 4073 4093 4093 4079 4079 4080 4080 4073 4073 4079 4079 4073 4073 4078 4078 4073 4073 4095 4095 4093 4093 4073 4073 4080 4080 4095 4095 4080 4080 4096 4096 4095 4095 4082 4082 4096 4096 4080 4080 4096 4096 4093 4093 4095 4095 4092 4092 4093 4093 4096 4096 4092 4092 4096 4096 4082 4082 4077 4077 4055 4055 4091 4091 4100 4100 4098 4098 4075 4075 4098 4098 4097 4097 4075 4075 4075 4075 4097 4097 4056 4056 4100 4100 4099 4099 4098 4098 4100 4100 4064 4064 4099 4099 4101 4101 4064 4064 4100 4100 4064 4064 4101 4101 4068 4068 4064 4064 4102 4102 4099 4099 4063 4063 4104 4104 4102 4102 4102 4102 4104 4104 4099 4099 4104 4104 4103 4103 4097 4097 4099 4099 4104 4104 4098 4098 4098 4098 4104 4104 4097 4097 4097 4097 4055 4055 4056 4056 4097 4097 4054 4054 4055 4055 4097 4097 4103 4103 4052 4052 4104 4104 3530 3530 4103 4103 3530 3530 4109 4109 4103 4103 4103 4103 4105 4105 4052 4052 4052 4052 4105 4105 4051 4051 4051 4051 4105 4105 4050 4050 4105 4105 4048 4048 4050 4050 4105 4105 4106 4106 3550 3550 4105 4105 3550 3550 4048 4048 3549 3549 4106 4106 4105 4105 4107 4107 4108 4108 4111 4111 3541 3541 4111 4111 4108 4108 4108 4108 4107 4107 4110 4110 4110 4110 3536 3536 4108 4108 3536 3536 4110 4110 3530 3530 4110 4110 4109 4109 3530 3530 4109 4109 4111 4111 3549 3549 4109 4109 4110 4110 4111 4111 4109 4109 3549 3549 4103 4103 4107 4107 4111 4111 4110 4110 3541 3541 4108 4108 3536 3536 4111 4111 3546 3546 4112 4112 4111 4111 3541 3541 3543 3543 3546 3546 4111 4111 3543 3543 3546 3546 3548 3548 4112 4112 4111 4111 4112 4112 3548 3548 4103 4103 3549 3549 4105 4105 4097 4097 4052 4052 4054 4054 4063 4063 3526 3526 4104 4104 4100 4100 4075 4075 4101 4101 4072 4072 4068 4068 4101 4101 4066 4066 4068 4068 4072 4072 3526 3526 4063 4063 3525 3525 4058 4058 3522 3522 4059 4059 3521 3521 4053 4053 3519 3519 4048 4048 3550 3550 4046 4046 3550 3550 3551 3551 4046 4046 3517 3517 4032 4032 4113 4113 3517 3517 4113 4113 4114 4114 3517 3517 4114 4114 4023 4023 4015 4015 4114 4114 4113 4113 4114 4114 4015 4015 4023 4023 3517 3517 4023 4023 4115 4115 4116 4116 4023 4023 4014 4014 4117 4117 4115 4115 4116 4116 4115 4115 4023 4023 4116 4116 3515 3515 4117 4117 4116 4116 4117 4117 3515 3515 4115 4115 4151 4151 3514 3514 4116 4116 4119 4119 4121 4121 4151 4151 4119 4119 4118 4118 4120 4120 4122 4122 4121 4121 4119 4119 3508 3508 4121 4121 4124 4124 4121 4121 4122 4122 4124 4124 3508 3508 4124 4124 4123 4123 3533 3533 3508 3508 4123 4123 3508 3508 3533 3533 3509 3509 3533 3533 3534 3534 3509 3509 4124 4124 4138 4138 4123 4123 4124 4124 4125 4125 4138 4138 4124 4124 4122 4122 4126 4126 4126 4126 4122 4122 4143 4143 4122 4122 4127 4127 4143 4143 4127 4127 4122 4122 4119 4119 4127 4127 4119 4119 4128 4128 4128 4128 4119 4119 4120 4120 4129 4129 4130 4130 4128 4128 4130 4130 4127 4127 4128 4128 4170 4170 4129 4129 4128 4128 4131 4131 4133 4133 4130 4130 4130 4130 4133 4133 4132 4132 4133 4133 4135 4135 4134 4134 4134 4134 4132 4132 4133 4133 4133 4133 4131 4131 4135 4135 4135 4135 4136 4136 4134 4134 4136 4136 4137 4137 4134 4134 4136 4136 4138 4138 4139 4139 3537 3537 4138 4138 4136 4136 4136 4136 4139 4139 4137 4137 4140 4140 4137 4137 4139 4139 4139 4139 4141 4141 4140 4140 4125 4125 4141 4141 4139 4139 4125 4125 4139 4139 4138 4138 4142 4142 4140 4140 4141 4141 4141 4141 4126 4126 4142 4142 4141 4141 4124 4124 4126 4126 4130 4130 4142 4142 4143 4143 4142 4142 4126 4126 4143 4143 4130 4130 4143 4143 4127 4127 4144 4144 4140 4140 4142 4142 4142 4142 4130 4130 4144 4144 4137 4137 4144 4144 4145 4145 4140 4140 4144 4144 4137 4137 4130 4130 4145 4145 4144 4144 4132 4132 4145 4145 4130 4130 4145 4145 4132 4132 4134 4134 4145 4145 4134 4134 4137 4137 4124 4124 4141 4141 4125 4125 3538 3538 3537 3537 4136 4136 4147 4147 3565 3565 4146 4146 4146 4146 3565 3565 3538 3538 4012 4012 4147 4147 4146 4146 4148 4148 4010 4010 4146 4146 4010 4010 4012 4012 4146 4146 4149 4149 4011 4011 4010 4010 4149 4149 4010 4010 4148 4148 4151 4151 4013 4013 4150 4150 4013 4013 4007 4007 4150 4150 4150 4150 4007 4007 4011 4011 4150 4150 4011 4011 4149 4149 4014 4014 4013 4013 4151 4151 4119 4119 4151 4151 4150 4150 4116 4116 4014 4014 4151 4151 4118 4118 4150 4150 4149 4149 4118 4118 4149 4149 4152 4152 4152 4152 4149 4149 4148 4148 4152 4152 4148 4148 4153 4153 4154 4154 4156 4156 4155 4155 4153 4153 4148 4148 4154 4154 4148 4148 4156 4156 4154 4154 4156 4156 4146 4146 3538 3538 4156 4156 3538 3538 4157 4157 4158 4158 4146 4146 4156 4156 4148 4148 4158 4158 4156 4156 4157 4157 3538 3538 4136 4136 4157 4157 4155 4155 4156 4156 4161 4161 4159 4159 4157 4157 4159 4159 4160 4160 4157 4157 4160 4160 4273 4273 4157 4157 4273 4273 4155 4155 4157 4157 4161 4161 4157 4157 4136 4136 4162 4162 4161 4161 4135 4135 4135 4135 4161 4161 4136 4136 4163 4163 4328 4328 4162 4162 4328 4328 4161 4161 4162 4162 4164 4164 4328 4328 4163 4163 4164 4164 4163 4163 4173 4173 4162 4162 4173 4173 4163 4163 4166 4166 4164 4164 4165 4165 4165 4165 4164 4164 4173 4173 4167 4167 4352 4352 4166 4166 4166 4166 4352 4352 4164 4164 4168 4168 4167 4167 4166 4166 4170 4170 4169 4169 4167 4167 4167 4167 4168 4168 4170 4170 4171 4171 4172 4172 4170 4170 4171 4171 4170 4170 4168 4168 4168 4168 4166 4166 4171 4171 4172 4172 4171 4171 4166 4166 4172 4172 4166 4166 4165 4165 4172 4172 4165 4165 4173 4173 4173 4173 4129 4129 4172 4172 4173 4173 4130 4130 4129 4129 4162 4162 4130 4130 4173 4173 4172 4172 4129 4129 4170 4170 4170 4170 4128 4128 4174 4174 4169 4169 4170 4170 4174 4174 4175 4175 4176 4176 4174 4174 4177 4177 4175 4175 4174 4174 4177 4177 4359 4359 4178 4178 4177 4177 4178 4178 4179 4179 4128 4128 4177 4177 4174 4174 4177 4177 4179 4179 4180 4180 4177 4177 4180 4180 4181 4181 4183 4183 4181 4181 4182 4182 4181 4181 4183 4183 4185 4185 4183 4183 4182 4182 4184 4184 4186 4186 4183 4183 4184 4184 4183 4183 4186 4186 4176 4176 4176 4176 4186 4186 4174 4174 4176 4176 4185 4185 4183 4183 4174 4174 4186 4186 4167 4167 4169 4169 4174 4174 4167 4167 4186 4186 4184 4184 4187 4187 4190 4190 4191 4191 4189 4189 4192 4192 4191 4191 4195 4195 4190 4190 4195 4195 4191 4191 4195 4195 4190 4190 4193 4193 4193 4193 4194 4194 4195 4195 4194 4194 4196 4196 4195 4195 4196 4196 4194 4194 4197 4197 4197 4197 4199 4199 4198 4198 4197 4197 4200 4200 4203 4203 4203 4203 4199 4199 4197 4197 4197 4197 4194 4194 4200 4200 4203 4203 4200 4200 4201 4201 4203 4203 4201 4201 4204 4204 4318 4318 4202 4202 4203 4203 4318 4318 4203 4203 4204 4204 4207 4207 4206 4206 4208 4208 4206 4206 4209 4209 4208 4208 4193 4193 4210 4210 4209 4209 4193 4193 4209 4209 4206 4206 4211 4211 4209 4209 4210 4210 4211 4211 4210 4210 4212 4212 4190 4190 4212 4212 4210 4210 4214 4214 4212 4212 4213 4213 4190 4190 4213 4213 4212 4212 4213 4213 4217 4217 4215 4215 4190 4190 4217 4217 4213 4213 4214 4214 4213 4213 4215 4215 4222 4222 4218 4218 4217 4217 4222 4222 4220 4220 4221 4221 4190 4190 4220 4220 4222 4222 4222 4222 4305 4305 4223 4223 4221 4221 4224 4224 4222 4222 4224 4224 4225 4225 4222 4222 4221 4221 4226 4226 4224 4224 4228 4228 4227 4227 4229 4229 4227 4227 4230 4230 4231 4231 4227 4227 4226 4226 4230 4230 4237 4237 4231 4231 4230 4230 4237 4237 4232 4232 4231 4231 4237 4237 4221 4221 4233 4233 4233 4233 4236 4236 4235 4235 4153 4153 4233 4233 4221 4221 4233 4233 4153 4153 4154 4154 4233 4233 4154 4154 4236 4236 4233 4233 4239 4239 4234 4234 4233 4233 4235 4235 4239 4239 4233 4233 4234 4234 4237 4237 4239 4239 4235 4235 4246 4246 4229 4229 4240 4240 4239 4239 4241 4241 4229 4229 4239 4239 4239 4239 4240 4240 4238 4238 4242 4242 4247 4247 4241 4241 4243 4243 4241 4241 4247 4247 4239 4239 4242 4242 4241 4241 4243 4243 4236 4236 4244 4244 4243 4243 4245 4245 4236 4236 4236 4236 4245 4245 4246 4246 4235 4235 4236 4236 4246 4246 4247 4247 4242 4242 4246 4246 4248 4248 4246 4246 4245 4245 4248 4248 4247 4247 4246 4246 4247 4247 4248 4248 4243 4243 4248 4248 4245 4245 4243 4243 4154 4154 4244 4244 4236 4236 4154 4154 4249 4249 4244 4244 4243 4243 4249 4249 4250 4250 4251 4251 4243 4243 4250 4250 4251 4251 4250 4250 4249 4249 4253 4253 4251 4251 4249 4249 4253 4253 4249 4249 4252 4252 4254 4254 4241 4241 4253 4253 4251 4251 4253 4253 4241 4241 4254 4254 4255 4255 4241 4241 4254 4254 4256 4256 4258 4258 4257 4257 4256 4256 4254 4254 4257 4257 4252 4252 4249 4249 4154 4154 4257 4257 4249 4249 4154 4154 4259 4259 4256 4256 4154 4154 4256 4256 4257 4257 4259 4259 4258 4258 4256 4256 4254 4254 4258 4258 4263 4263 4259 4259 4262 4262 4258 4258 4259 4259 4261 4261 4262 4262 4259 4259 4154 4154 4155 4155 4261 4261 4259 4259 4155 4155 4261 4261 4260 4260 4262 4262 4260 4260 4263 4263 4262 4262 4254 4254 4263 4263 4255 4255 4263 4263 4258 4258 4262 4262 4263 4263 4260 4260 4265 4265 4260 4260 4264 4264 4265 4265 4265 4265 4267 4267 4266 4266 4268 4268 4267 4267 4155 4155 4268 4268 4269 4269 4267 4267 4269 4269 4268 4268 4270 4270 4270 4270 4268 4268 4271 4271 4273 4273 4272 4272 4271 4271 4272 4272 4273 4273 4291 4291 4273 4273 4290 4290 4291 4291 4275 4275 4290 4290 4274 4274 4276 4276 4277 4277 4287 4287 4278 4278 4277 4277 4276 4276 4278 4278 4279 4279 4277 4277 4160 4160 4279 4279 4278 4278 4279 4279 4280 4280 4277 4277 4277 4277 4280 4280 4282 4282 4281 4281 4277 4277 4282 4282 4283 4283 4288 4288 4282 4282 4288 4288 4281 4281 4282 4282 4284 4284 4288 4288 4283 4283 4286 4286 4285 4285 4284 4284 4284 4284 4285 4285 4289 4289 4284 4284 4287 4287 4288 4288 4284 4284 4289 4289 4287 4287 4288 4288 4287 4287 4281 4281 4287 4287 4289 4289 4276 4276 4289 4289 4274 4274 4276 4276 4289 4289 4275 4275 4274 4274 4289 4289 4290 4290 4275 4275 4289 4289 4291 4291 4290 4290 4289 4289 4292 4292 4291 4291 4292 4292 4272 4272 4291 4291 4285 4285 4292 4292 4289 4289 4285 4285 4270 4270 4292 4292 4292 4292 4270 4270 4271 4271 4292 4292 4271 4271 4272 4272 4285 4285 4293 4293 4270 4270 4285 4285 4295 4295 4293 4293 4293 4293 4295 4295 4270 4270 4285 4285 4294 4294 4295 4295 4295 4295 4296 4296 4270 4270 4295 4295 4269 4269 4296 4296 4296 4296 4269 4269 4270 4270 4295 4295 4266 4266 4269 4269 4294 4294 4266 4266 4295 4295 4285 4285 4297 4297 4294 4294 4294 4294 4297 4297 4266 4266 4285 4285 4255 4255 4297 4297 4297 4297 4263 4263 4265 4265 4255 4255 4263 4263 4297 4297 4297 4297 4265 4265 4266 4266 4255 4255 4285 4285 4298 4298 4298 4298 4285 4285 4286 4286 4241 4241 4298 4298 4286 4286 4255 4255 4298 4298 4241 4241 4299 4299 4300 4300 4228 4228 4299 4299 4228 4228 4241 4241 4286 4286 4299 4299 4241 4241 4215 4215 4216 4216 4300 4300 4302 4302 4300 4300 4216 4216 4300 4300 4299 4299 4301 4301 4300 4300 4301 4301 4214 4214 4214 4214 4215 4215 4300 4300 4228 4228 4300 4300 4302 4302 4303 4303 4304 4304 4302 4302 4304 4304 4228 4228 4302 4302 4216 4216 4303 4303 4302 4302 4304 4304 4305 4305 4306 4306 4304 4304 4306 4306 4225 4225 4306 4306 4222 4222 4225 4225 4306 4306 4305 4305 4222 4222 4304 4304 4303 4303 4305 4305 4303 4303 4219 4219 4305 4305 4218 4218 4223 4223 4305 4305 4219 4219 4218 4218 4305 4305 4304 4304 4307 4307 4228 4228 4307 4307 4304 4304 4225 4225 4307 4307 4225 4225 4224 4224 4228 4228 4307 4307 4227 4227 4307 4307 4224 4224 4227 4227 4303 4303 4216 4216 4217 4217 4303 4303 4217 4217 4218 4218 4216 4216 4215 4215 4217 4217 4303 4303 4218 4218 4219 4219 4299 4299 4318 4318 4308 4308 4299 4299 4309 4309 4301 4301 4309 4309 4212 4212 4301 4301 4310 4310 4211 4211 4212 4212 4309 4309 4310 4310 4212 4212 4310 4310 4309 4309 4209 4209 4211 4211 4310 4310 4209 4209 4301 4301 4212 4212 4214 4214 4309 4309 4299 4299 4209 4209 4299 4299 4308 4308 4208 4208 4299 4299 4208 4208 4209 4209 4308 4308 4207 4207 4208 4208 4318 4318 4311 4311 4308 4308 4308 4308 4311 4311 4207 4207 4311 4311 4205 4205 4207 4207 4311 4311 4204 4204 4205 4205 4318 4318 4204 4204 4311 4311 4299 4299 4286 4286 4313 4313 4299 4299 4313 4313 4318 4318 4286 4286 4284 4284 4313 4313 4313 4313 4284 4284 4312 4312 4314 4314 4315 4315 4313 4313 4313 4313 4315 4315 4316 4316 4313 4313 4316 4316 4317 4317 4318 4318 4313 4313 4317 4317 4318 4318 4317 4317 4319 4319 4318 4318 4319 4319 4202 4202 4317 4317 4320 4320 4319 4319 4320 4320 4321 4321 4319 4319 4320 4320 4322 4322 4321 4321 4323 4323 4321 4321 4322 4322 4323 4323 4322 4322 4199 4199 4326 4326 4324 4324 4325 4325 4326 4326 4322 4322 4324 4324 4325 4325 4324 4324 4350 4350 4199 4199 4326 4326 4325 4325 4325 4325 4327 4327 4328 4328 4198 4198 4199 4199 4325 4325 4325 4325 4328 4328 4198 4198 4159 4159 4328 4328 4327 4327 4159 4159 4327 4327 4329 4329 4330 4330 4329 4329 4327 4327 4331 4331 4160 4160 4329 4329 4159 4159 4329 4329 4160 4160 4330 4330 4331 4331 4329 4329 4331 4331 4330 4330 4333 4333 4330 4330 4332 4332 4333 4333 4331 4331 4333 4333 4340 4340 4336 4336 4340 4340 4333 4333 4334 4334 4333 4333 4332 4332 4336 4336 4333 4333 4334 4334 4336 4336 4337 4337 4284 4284 4335 4335 4336 4336 4284 4284 4337 4337 4336 4336 4334 4334 4284 4284 4337 4337 4338 4338 4332 4332 4338 4338 4337 4337 4337 4337 4334 4334 4332 4332 4284 4284 4338 4338 4312 4312 4312 4312 4338 4338 4332 4332 4283 4283 4335 4335 4284 4284 4335 4335 4283 4283 4339 4339 4283 4283 4282 4282 4339 4339 4339 4339 4340 4340 4336 4336 4282 4282 4340 4340 4339 4339 4335 4335 4339 4339 4336 4336 4280 4280 4340 4340 4282 4282 4341 4341 4340 4340 4280 4280 4341 4341 4331 4331 4340 4340 4331 4331 4341 4341 4160 4160 4160 4160 4341 4341 4279 4279 4279 4279 4341 4341 4280 4280 4332 4332 4343 4343 4312 4312 4312 4312 4342 4342 4351 4351 4312 4312 4343 4343 4342 4342 4330 4330 4343 4343 4332 4332 4330 4330 4342 4342 4343 4343 4330 4330 4344 4344 4342 4342 4344 4344 4330 4330 4327 4327 4349 4349 4344 4344 4327 4327 4349 4349 4345 4345 4344 4344 4346 4346 4345 4345 4348 4348 4345 4345 4347 4347 4348 4348 4313 4313 4346 4346 4348 4348 4314 4314 4313 4313 4348 4348 4348 4348 4347 4347 4315 4315 4315 4315 4314 4314 4348 4348 4347 4347 4325 4325 4315 4315 4349 4349 4347 4347 4345 4345 4349 4349 4325 4325 4347 4347 4325 4325 4349 4349 4327 4327 4315 4315 4325 4325 4350 4350 4316 4316 4315 4315 4350 4350 4313 4313 4351 4351 4346 4346 4351 4351 4345 4345 4346 4346 4342 4342 4345 4345 4351 4351 4342 4342 4344 4344 4345 4345 4313 4313 4312 4312 4351 4351 4198 4198 4328 4328 4164 4164 4164 4164 4197 4197 4198 4198 4164 4164 4352 4352 4197 4197 4352 4352 4196 4196 4197 4197 4352 4352 4195 4195 4196 4196 4352 4352 4353 4353 4195 4195 4353 4353 4192 4192 4195 4195 4353 4353 4191 4191 4192 4192 4352 4352 4191 4191 4353 4353 4352 4352 4189 4189 4191 4191 4322 4322 4326 4326 4199 4199 4350 4350 4324 4324 4316 4316 4316 4316 4324 4324 4317 4317 4324 4324 4320 4320 4317 4317 4324 4324 4322 4322 4320 4320 4203 4203 4323 4323 4199 4199 4323 4323 4203 4203 4321 4321 4319 4319 4321 4321 4203 4203 4319 4319 4203 4203 4202 4202 4287 4287 4277 4277 4281 4281 4160 4160 4278 4278 4290 4290 4278 4278 4276 4276 4274 4274 4290 4290 4278 4278 4274 4274 4290 4290 4273 4273 4160 4160 4155 4155 4273 4273 4271 4271 4271 4271 4268 4268 4155 4155 4266 4266 4267 4267 4269 4269 4354 4354 4267 4267 4265 4265 4267 4267 4354 4354 4155 4155 4354 4354 4265 4265 4264 4264 4354 4354 4264 4264 4155 4155 4264 4264 4261 4261 4155 4155 4261 4261 4264 4264 4260 4260 4253 4253 4252 4252 4257 4257 4253 4253 4257 4257 4254 4254 4243 4243 4251 4251 4241 4241 4244 4244 4249 4249 4243 4243 4242 4242 4239 4239 4246 4246 4241 4241 4228 4228 4229 4229 4240 4240 4234 4234 4238 4238 4355 4355 4234 4234 4240 4240 4237 4237 4234 4234 4355 4355 4237 4237 4355 4355 4232 4232 4356 4356 4232 4232 4355 4355 4229 4229 4356 4356 4357 4357 4357 4357 4356 4356 4355 4355 4229 4229 4357 4357 4240 4240 4357 4357 4355 4355 4240 4240 4358 4358 4356 4356 4229 4229 4356 4356 4358 4358 4232 4232 4227 4227 4358 4358 4229 4229 4358 4358 4227 4227 4231 4231 4358 4358 4231 4231 4232 4232 4234 4234 4239 4239 4238 4238 4179 4179 4221 4221 4220 4220 4180 4180 4179 4179 4220 4220 4179 4179 4360 4360 4221 4221 4359 4359 4360 4360 4179 4179 4178 4178 4359 4359 4179 4179 4359 4359 4128 4128 4360 4360 4128 4128 4120 4120 4360 4360 4360 4360 4120 4120 4152 4152 4360 4360 4152 4152 4221 4221 4221 4221 4152 4152 4153 4153 4237 4237 4230 4230 4221 4221 4221 4221 4230 4230 4226 4226 4224 4224 4226 4226 4227 4227 4222 4222 4223 4223 4218 4218 4188 4188 4220 4220 4190 4190 4181 4181 4220 4220 4188 4188 4181 4181 4180 4180 4220 4220 4181 4181 4188 4188 4182 4182 4190 4190 4222 4222 4217 4217 4210 4210 4193 4193 4190 4190 4361 4361 4193 4193 4206 4206 4193 4193 4361 4361 4194 4194 4194 4194 4361 4361 4207 4207 4361 4361 4206 4206 4207 4207 4194 4194 4207 4207 4362 4362 4362 4362 4207 4207 4205 4205 4200 4200 4362 4362 4205 4205 4194 4194 4362 4362 4200 4200 4200 4200 4205 4205 4204 4204 4201 4201 4200 4200 4204 4204 4188 4188 4190 4190 4189 4189 4352 4352 4167 4167 4189 4189 4188 4188 4189 4189 4187 4187 4167 4167 4187 4187 4189 4189 4182 4182 4188 4188 4184 4184 4188 4188 4187 4187 4184 4184 4186 4186 4187 4187 4167 4167 4176 4176 4181 4181 4185 4185 4176 4176 4175 4175 4181 4181 4175 4175 4177 4177 4181 4181 4177 4177 4128 4128 4359 4359 4159 4159 4161 4161 4328 4328 4135 4135 4131 4131 4162 4162 4130 4130 4162 4162 4131 4131 4120 4120 4118 4118 4152 4152 4119 4119 4150 4150 4118 4118 4146 4146 4158 4158 4148 4148 3537 3537 3535 3535 4138 4138 4138 4138 3533 3533 4123 4123 3533 3533 4138 4138 3535 3535 3514 3514 4151 4151 3510 3510 4121 4121 3510 3510 4151 4151 4116 4116 3514 3514 3513 3513 4116 4116 3513 3513 3515 3515 4015 4015 4113 4113 4032 4032 4002 4002 4031 4031 4045 4045 4023 4023 4013 4013 4014 4014 4006 4006 4008 4008 4011 4011 4000 4000 4006 4006 4004 4004 3997 3997 4039 4039 3993 3993 3997 3997 3993 3993 3998 3998 3998 3998 3993 3993 3996 3996 3996 3996 3993 3993 4363 4363 4363 4363 3595 3595 3996 3996 3595 3595 3994 3994 3996 3996 3992 3992 4364 4364 3993 3993 4364 4364 4373 4373 3993 3993 4373 4373 4363 4363 3993 3993 4368 4368 4385 4385 4367 4367 4369 4369 4367 4367 4385 4385 4367 4367 4366 4366 4378 4378 4369 4369 4365 4365 4367 4367 4378 4378 4368 4368 4367 4367 4365 4365 4369 4369 4364 4364 4364 4364 4369 4369 4373 4373 4373 4373 4369 4369 4372 4372 4369 4369 4370 4370 4372 4372 4372 4372 4371 4371 4373 4373 4371 4371 4375 4375 4373 4373 4374 4374 4373 4373 4375 4375 4375 4375 4376 4376 4379 4379 4370 4370 4376 4376 4375 4375 4371 4371 4372 4372 4375 4375 4370 4370 4375 4375 4372 4372 4376 4376 4370 4370 4377 4377 3982 3982 3983 3983 4378 4378 3983 3983 4377 4377 4378 4378 4377 4377 3983 3983 4379 4379 4375 4375 4379 4379 4380 4380 4380 4380 4379 4379 3983 3983 4380 4380 3958 3958 4375 4375 4375 4375 3958 3958 4374 4374 3981 3981 3982 3982 4378 4378 3981 3981 4378 4378 4366 4366 3981 3981 4366 4366 4381 4381 3985 3985 3981 3981 3989 3989 3985 3985 3984 3984 3981 3981 3989 3989 3981 3981 4381 4381 4367 4367 4381 4381 4366 4366 4381 4381 4367 4367 4382 4382 4365 4365 4382 4382 4367 4367 4383 4383 4382 4382 4365 4365 3991 3991 4383 4383 3992 3992 4382 4382 4383 4383 3991 3991 3992 3992 4383 4383 4364 4364 4365 4365 4364 4364 4383 4383 4382 4382 3991 3991 4384 4384 3991 3991 3990 3990 4384 4384 4381 4381 4384 4384 3990 3990 4382 4382 4384 4384 4381 4381 4385 4385 4368 4368 4378 4378 4378 4378 4377 4377 4385 4385 4370 4370 4385 4385 4377 4377 4370 4370 4369 4369 4385 4385 4379 4379 4376 4376 4377 4377 4374 4374 3953 3953 4373 4373 3953 3953 4374 4374 3955 3955 4386 4386 4373 4373 3953 3953 4373 4373 4386 4386 4363 4363 4386 4386 3953 3953 3952 3952 3952 3952 3595 3595 4386 4386 4363 4363 4386 4386 3595 3595 3956 3956 4374 4374 3958 3958 3994 3994 3595 3595 3995 3995 3553 3553 4387 4387 3552 3552 3556 3556 4387 4387 3553 3553 3556 3556 4388 4388 4387 4387 4387 4387 3986 3986 3552 3552 4388 4388 3716 3716 4387 4387 4387 4387 3716 3716 4389 4389 4387 4387 4389 4389 3986 3986 4389 4389 4390 4390 3987 3987 3986 3986 4389 4389 3987 3987 4390 4390 4391 4391 3987 3987 4390 4390 3717 3717 4391 4391 4389 4389 3717 3717 4390 4390 3987 3987 4391 4391 3984 3984 3717 3717 3718 3718 4391 4391 4391 4391 3718 3718 3979 3979 4391 4391 3979 3979 3984 3984 4388 4388 3715 3715 3716 3716 4392 4392 3715 3715 4388 4388 3585 3585 3586 3586 4392 4392 3586 3586 3714 3714 4392 4392 4392 4392 3714 3714 3715 3715 4393 4393 3585 3585 4392 4392 4393 4393 4392 4392 4388 4388 4396 4396 4394 4394 4393 4393 4393 4393 4394 4394 3585 3585 3583 3583 3585 3585 4394 4394 3583 3583 4395 4395 3581 3581 4397 4397 4395 4395 3583 3583 3583 3583 4396 4396 4397 4397 4397 4397 4398 4398 4395 4395 4399 4399 4395 4395 4398 4398 3561 3561 4399 4399 4398 4398 4486 4486 4399 4399 3561 3561 4399 4399 3579 3579 4395 4395 3578 3578 3579 3579 4399 4399 4486 4486 3578 3578 4399 4399 4396 4396 3557 3557 4397 4397 3558 3558 4397 4397 3557 3557 4397 4397 3558 3558 4398 4398 3557 3557 4396 4396 4393 4393 3579 3579 3581 3581 4395 4395 3583 3583 4394 4394 4396 4396 3583 3583 3581 3581 3580 3580 3557 3557 4393 4393 3555 3555 3555 3555 4393 4393 3556 3556 4393 4393 4388 4388 3556 3556 3984 3984 3979 3979 3981 3981 4380 4380 3983 3983 3960 3960 3980 3980 3976 3976 3982 3982 3982 3982 3976 3976 3962 3962 3976 3976 3964 3964 3962 3962 3718 3718 3978 3978 3979 3979 3717 3717 4400 4400 3978 3978 4400 4400 4401 4401 3978 3978 3978 3978 4401 4401 3977 3977 3718 3718 3717 3717 3978 3978 4400 4400 3721 3721 4401 4401 4401 4401 3975 3975 3977 3977 3721 3721 3975 3975 4401 4401 3717 3717 3720 3720 4400 4400 3976 3976 3974 3974 4402 4402 3976 3976 4402 4402 3964 3964 4402 4402 3974 3974 4403 4403 4402 4402 4403 4403 3964 3964 3974 3974 3971 3971 4403 4403 4403 4403 3971 3971 3966 3966 3964 3964 4403 4403 3965 3965 4403 4403 3966 3966 3965 3965 3974 3974 3972 3972 3971 3971 3970 3970 3972 3972 3921 3921 3921 3921 3972 3972 3920 3920 3970 3970 3921 3921 3922 3922 3967 3967 3927 3927 3957 3957 3967 3967 3968 3968 3927 3927 3963 3963 3965 3965 3967 3967 3956 3956 3959 3959 3967 3967 3963 3963 3967 3967 3959 3959 3967 3967 3957 3957 3956 3956 3963 3963 3959 3959 3961 3961 3959 3959 3960 3960 3961 3961 3957 3957 3927 3927 3955 3955 3954 3954 4404 4404 3951 3951 3931 3931 4404 4404 3954 3954 3951 3951 4404 4404 3931 3931 3952 3952 3597 3597 3595 3595 3930 3930 3598 3598 3597 3597 3930 3930 3599 3599 3598 3598 3728 3728 3628 3628 3946 3946 3579 3579 3588 3588 3584 3584 3711 3711 3590 3590 3589 3589 3592 3592 4405 4405 3589 3589 3708 3708 3589 3589 4405 4405 3600 3600 4405 4405 3592 3592 4405 4405 3608 3608 3708 3708 3604 3604 3608 3608 4405 4405 3604 3604 4405 4405 3600 3600 3610 3610 3708 3708 3608 3608 3707 3707 3589 3589 3708 3708 3705 3705 3706 3706 3707 3707 3609 3609 3612 3612 3701 3701 3612 3612 3611 3611 3701 3701 3702 3702 3613 3613 3615 3615 3702 3702 4406 4406 4407 4407 3702 3702 4407 4407 3700 3700 4408 4408 4407 4407 3616 3616 3616 3616 4407 4407 4406 4406 4408 4408 4451 4451 4407 4407 3616 3616 3617 3617 4408 4408 3619 3619 4408 4408 3617 3617 4408 4408 3619 3619 4409 4409 3619 3619 3618 3618 4409 4409 3618 3618 4410 4410 4409 4409 4412 4412 4409 4409 4410 4410 4412 4412 4410 4410 3097 3097 4412 4412 3097 3097 4411 4411 4411 4411 4413 4413 4412 4412 4413 4413 4416 4416 4414 4414 4416 4416 4413 4413 4415 4415 3699 3699 4416 4416 3694 3694 3699 3699 4414 4414 4416 4416 3695 3695 3699 3699 3694 3694 4416 4416 4420 4420 4417 4417 3694 3694 4416 4416 4417 4417 3694 3694 4417 4417 4418 4418 3694 3694 4418 4418 3693 3693 3693 3693 4418 4418 4419 4419 4417 4417 4419 4419 4418 4418 4417 4417 4420 4420 4419 4419 4420 4420 4421 4421 4419 4419 4419 4419 4421 4421 4422 4422 4422 4422 4421 4421 4423 4423 4426 4426 4423 4423 4421 4421 4426 4426 4424 4424 4423 4423 4421 4421 4425 4425 4426 4426 3417 3417 4427 4427 4426 4426 4427 4427 4424 4424 4426 4426 3419 3419 4428 4428 4427 4427 4427 4427 4428 4428 4424 4424 4431 4431 4428 4428 3419 3419 4429 4429 4428 4428 4431 4431 4429 4429 4430 4430 4441 4441 4430 4430 4429 4429 4431 4431 4431 4431 4433 4433 4430 4430 4433 4433 4432 4432 4434 4434 4437 4437 4433 4433 4434 4434 4433 4433 4437 4437 4430 4430 4435 4435 4436 4436 4434 4434 4432 4432 3671 3671 4434 4434 4436 4436 4437 4437 4434 4434 4434 4434 3682 3682 3683 3683 3671 3671 3682 3682 4434 4434 4434 4434 3683 3683 4438 4438 4435 4435 4434 4434 4438 4438 4438 4438 3683 3683 3684 3684 3688 3688 4436 4436 4439 4439 4435 4435 4439 4439 4436 4436 3688 3688 4439 4439 4438 4438 4438 4438 4439 4439 4435 4435 4440 4440 4436 4436 3688 3688 4440 4440 4443 4443 4436 4436 4436 4436 4441 4441 4430 4430 4443 4443 4441 4441 4436 4436 4424 4424 4441 4441 4443 4443 4424 4424 4442 4442 4441 4441 4428 4428 4442 4442 4424 4424 4429 4429 4441 4441 4442 4442 4442 4442 4428 4428 4429 4429 3692 3692 4443 4443 4440 4440 4423 4423 4424 4424 4443 4443 3692 3692 4422 4422 4443 4443 4422 4422 4423 4423 4443 4443 4419 4419 4422 4422 3692 3692 3692 3692 4440 4440 3688 3688 4437 4437 4436 4436 4430 4430 3688 3688 4438 4438 3687 3687 3687 3687 4438 4438 3684 3684 4433 4433 3672 3672 4432 4432 4431 4431 3672 3672 4433 4433 4431 4431 3419 3419 3422 3422 3422 3422 3668 3668 4431 4431 3668 3668 3422 3422 3618 3618 3422 3422 3419 3419 3417 3417 3422 3422 3417 3417 3096 3096 3422 3422 3096 3096 3618 3618 3417 3417 4444 4444 3096 3096 3096 3096 4445 4445 4450 4450 3096 3096 4450 4450 3618 3618 4446 4446 4415 4415 4445 4445 4445 4445 4447 4447 4446 4446 4415 4415 4446 4446 4416 4416 4447 4447 4420 4420 4446 4446 4447 4447 4445 4445 4448 4448 4425 4425 4447 4447 4448 4448 3417 3417 4449 4449 4448 4448 4425 4425 4448 4448 4449 4449 4444 4444 3417 3417 4448 4448 4447 4447 4425 4425 4421 4421 4449 4449 4426 4426 4425 4425 3417 3417 4426 4426 4449 4449 4447 4447 4421 4421 4420 4420 3096 3096 4448 4448 4445 4445 3096 3096 4444 4444 4448 4448 4415 4415 4450 4450 4445 4445 4450 4450 4415 4415 4413 4413 4411 4411 4450 4450 4413 4413 4416 4416 4446 4446 4420 4420 4450 4450 3097 3097 3618 3618 4450 4450 4411 4411 3097 3097 3419 3419 4427 4427 3417 3417 3693 3693 4419 4419 3692 3692 3699 3699 4452 4452 4451 4451 3699 3699 4451 4451 4454 4454 4454 4454 4414 4414 3699 3699 3698 3698 4452 4452 3699 3699 4452 4452 4407 4407 4451 4451 4407 4407 4452 4452 3700 3700 3698 3698 3700 3700 4452 4452 4409 4409 4453 4453 4454 4454 4409 4409 4454 4454 4451 4451 4413 4413 4453 4453 4412 4412 4413 4413 4454 4454 4453 4453 4409 4409 4412 4412 4453 4453 4454 4454 4413 4413 4414 4414 3097 3097 4410 4410 3618 3618 4451 4451 4408 4408 4409 4409 3702 3702 3614 3614 4406 4406 3616 3616 4406 4406 3614 3614 3702 3702 3615 3615 3614 3614 3671 3671 3673 3673 3682 3682 3673 3673 3674 3674 3682 3682 3675 3675 3680 3680 3674 3674 3678 3678 3676 3676 3668 3668 3676 3676 3677 3677 3668 3668 3677 3677 3669 3669 3668 3668 3669 3669 3677 3677 3675 3675 3669 3669 3673 3673 3671 3671 3672 3672 3670 3670 3669 3669 4431 4431 3670 3670 3672 3672 3647 3647 3646 3646 3655 3655 3649 3649 3652 3652 3651 3651 4455 4455 3651 3651 4483 4483 4458 4458 4456 4456 4457 4457 4456 4456 4458 4458 4455 4455 4456 4456 4460 4460 4457 4457 4460 4460 4461 4461 4464 4464 4460 4460 4463 4463 4461 4461 4460 4460 4462 4462 4463 4463 3643 3643 4461 4461 4463 4463 4464 4464 4461 4461 4465 4465 4465 4465 4461 4461 3645 3645 3647 3647 4465 4465 3645 3645 4464 4464 4465 4465 3647 3647 4466 4466 3650 3650 4464 4464 4466 4466 4464 4464 3648 3648 3648 3648 4464 4464 3647 3647 3650 3650 4466 4466 3648 3648 3651 3651 4457 4457 3650 3650 4457 4457 4460 4460 3650 3650 4460 4460 4464 4464 3650 3650 3637 3637 3643 3643 4463 4463 4467 4467 4463 4463 4462 4462 3637 3637 4463 4463 4467 4467 4467 4467 4468 4468 3637 3637 3637 3637 4468 4468 4469 4469 3630 3630 3637 3637 4469 4469 4470 4470 3630 3630 4469 4469 4471 4471 3630 3630 4470 4470 4471 4471 4472 4472 3630 3630 3627 3627 4472 4472 4471 4471 4473 4473 3627 3627 4471 4471 4471 4471 4474 4474 3626 3626 4473 4473 4471 4471 3626 3626 4474 4474 3625 3625 3626 3626 4474 4474 4475 4475 3625 3625 4475 4475 4474 4474 4479 4479 4474 4474 4471 4471 4479 4479 4479 4479 4471 4471 4470 4470 4475 4475 4476 4476 3625 3625 3297 3297 3625 3625 4476 4476 4477 4477 3297 3297 4476 4476 4476 4476 4475 4475 4478 4478 4479 4479 4478 4478 4475 4475 4478 4478 4479 4479 4480 4480 4479 4479 4469 4469 4480 4480 4480 4480 4469 4469 4481 4481 4481 4481 4468 4468 4467 4467 4469 4469 4468 4468 4481 4481 4456 4456 4481 4481 4460 4460 4481 4481 4467 4467 4462 4462 4481 4481 4462 4462 4460 4460 4459 4459 4481 4481 4456 4456 4480 4480 4481 4481 4459 4459 4479 4479 4470 4470 4469 4469 4459 4459 4482 4482 4480 4480 4483 4483 4480 4480 4482 4482 3304 3304 4476 4476 4483 4483 4483 4483 4476 4476 4480 4480 4484 4484 4483 4483 4482 4482 4456 4456 4455 4455 4484 4484 4484 4484 4482 4482 4456 4456 4483 4483 4484 4484 4455 4455 4456 4456 4482 4482 4459 4459 4476 4476 4478 4478 4480 4480 4476 4476 3304 3304 4477 4477 3297 3297 4477 4477 3304 3304 3627 3627 4473 4473 3626 3626 3630 3630 4472 4472 3627 3627 3637 3637 3636 3636 3643 3643 3651 3651 4458 4458 4457 4457 4458 4458 3651 3651 4455 4455 3643 3643 3636 3636 3642 3642 3627 3627 3629 3629 3630 3630 3297 3297 3310 3310 3625 3625 3616 3616 3621 3621 3623 3623 3617 3617 3616 3616 3623 3623 3620 3620 3619 3619 3623 3623 3617 3617 3623 3623 3619 3619 3605 3605 3610 3610 3608 3608 3605 3605 4485 4485 3599 3599 3601 3601 4485 4485 3605 3605 4485 4485 3601 3601 3598 3598 4485 4485 3598 3598 3599 3599 3593 3593 3600 3600 3592 3592 3577 3577 3594 3594 3591 3591 3594 3594 3592 3592 3591 3591 3578 3578 3591 3591 3579 3579 3591 3591 3582 3582 3579 3579 3577 3577 3591 3591 3578 3578 3591 3591 3590 3590 3582 3582 3582 3582 3590 3590 3579 3579 3564 3564 3576 3576 4486 4486 3567 3567 3575 3575 3564 3564 3575 3575 3576 3576 3564 3564 3564 3564 4486 4486 3563 3563 3563 3563 4486 4486 3561 3561 3570 3570 3572 3572 3567 3567 3565 3565 3566 3566 3538 3538 4398 4398 3558 3558 3559 3559 3560 3560 3547 3547 3544 3544 3560 3560 4487 4487 3547 3547 3548 3548 3547 3547 4487 4487 4487 4487 3555 3555 3548 3548 3548 3548 3555 3555 3554 3554 3554 3554 3553 3553 4106 4106 4111 4111 3554 3554 3549 3549 3545 3545 3542 3542 3539 3539 3542 3542 3543 3543 3541 3541 3539 3539 3541 3541 3536 3536 3540 3540 3539 3539 3536 3536 3536 3536 3537 3537 3540 3540 3510 3510 3509 3509 3534 3534 3532 3532 3510 3510 3534 3534 3536 3536 3532 3532 3534 3534 3510 3510 3532 3532 3531 3531 3528 3528 3511 3511 3531 3531 3512 3512 3514 3514 3510 3510 3511 3511 3510 3510 3531 3531 3084 3084 3088 3088 3083 3083 3087 3087 3088 3088 3085 3085 3086 3086 3326 3326 3300 3300</p></triangles></mesh>
    </geometry>
  </library_geometries>
  <library_visual_scenes>
    <visual_scene id="Scene" name="Scene">
      <node id="thigh_FR0815" name="thigh.FR0815" type="NODE">
        <matrix sid="transform">1 0 0 0 0 -1.62921e-7 -1 0 0 1 -1.62921e-7 0 0 0 0 1</matrix>
        <instance_geometry url="#thigh_003-mesh" name="thigh.FR0815">
          <bind_material>
            <technique_common>
              <instance_material symbol="&#28145;&#33394;&#27233;&#33014;_012-material" target="#&#28145;&#33394;&#27233;&#33014;_012-material">
                <bind_vertex_input semantic="UVMap" input_semantic="TEXCOORD" input_set="0"/>
              </instance_material>
              <instance_material symbol="Material_011-material" target="#Material_011-material">
                <bind_vertex_input semantic="UVMap" input_semantic="TEXCOORD" input_set="0"/>
              </instance_material>
            </technique_common>
          </bind_material>
        </instance_geometry>
      </node>
    </visual_scene>
  </library_visual_scenes>
  <scene><instance_visual_scene url="#Scene"/></scene></COLLADA>
